i,Ebeam,x,y,z,Q2,pT,obs,Nacc,stat_sivers,stat_collins,stat_pretzelosity,systrel,systabs,target,hadron,Experiment
0,11.0,0.090370,0.623394,0.321984,1.160397,0.163881,AUT,19821342.872253,0.002454,0.002292,0.002298,0.070207,0.001121,neutron,pi+,solid
1,11.0,0.107380,0.593182,0.322856,1.314333,0.152995,AUT,19382442.712782,0.002269,0.002224,0.002220,0.070207,0.001148,neutron,pi+,solid
2,11.0,0.118953,0.576223,0.323056,1.414576,0.147257,AUT,19286921.132267,0.002236,0.002226,0.002226,0.070207,0.001166,neutron,pi+,solid
3,11.0,0.128695,0.560547,0.323154,1.488830,0.142368,AUT,19660488.772876,0.002223,0.002223,0.002223,0.070207,0.001183,neutron,pi+,solid
4,11.0,0.137418,0.543863,0.323367,1.542493,0.138100,AUT,19077114.797436,0.002282,0.002286,0.002289,0.070207,0.001198,neutron,pi+,solid
5,11.0,0.145836,0.527000,0.323525,1.586207,0.133302,AUT,19369302.819195,0.002320,0.002307,0.002306,0.070207,0.001214,neutron,pi+,solid
6,11.0,0.154462,0.509317,0.323566,1.623632,0.128999,AUT,19342195.372070,0.002380,0.002356,0.002358,0.070207,0.001229,neutron,pi+,solid
7,11.0,0.163426,0.491072,0.323709,1.656323,0.124678,AUT,18840916.691339,0.002512,0.002448,0.002443,0.070207,0.001246,neutron,pi+,solid
8,11.0,0.173153,0.472527,0.323852,1.688555,0.120694,AUT,18997325.325228,0.002593,0.002505,0.002509,0.070207,0.001264,neutron,pi+,solid
9,11.0,0.183975,0.451489,0.323997,1.714155,0.116118,AUT,18502631.694388,0.002760,0.002624,0.002623,0.070207,0.001284,neutron,pi+,solid
10,11.0,0.197231,0.427663,0.323925,1.740413,0.112314,AUT,19711910.245149,0.002808,0.002628,0.002626,0.070207,0.001308,neutron,pi+,solid
11,11.0,0.214839,0.398781,0.323996,1.767350,0.110467,AUT,18792973.931915,0.002865,0.002730,0.002719,0.070207,0.001341,neutron,pi+,solid
12,11.0,0.240488,0.362577,0.323975,1.797503,0.115579,AUT,18651885.840486,0.002722,0.002723,0.002725,0.070207,0.001387,neutron,pi+,solid
13,11.0,0.275492,0.326014,0.323936,1.852234,0.128594,AUT,9823584.029528,0.004187,0.004233,0.004245,0.070207,0.001449,neutron,pi+,solid
14,11.0,0.065264,0.793748,0.321593,1.067498,0.338228,AUT,19788658.309250,0.002122,0.002078,0.002078,0.070207,0.001084,neutron,pi+,solid
15,11.0,0.072440,0.742481,0.322319,1.109986,0.324276,AUT,18574629.149822,0.002140,0.002128,0.002127,0.070207,0.001095,neutron,pi+,solid
16,11.0,0.076803,0.717346,0.322612,1.137110,0.319363,AUT,18496989.237142,0.002134,0.002140,0.002140,0.070207,0.001101,neutron,pi+,solid
17,11.0,0.080598,0.698167,0.322810,1.161423,0.316536,AUT,20423930.817588,0.002037,0.002041,0.002035,0.070207,0.001107,neutron,pi+,solid
18,11.0,0.083962,0.682719,0.323011,1.183196,0.313720,AUT,19075595.022433,0.002119,0.002119,0.002121,0.070207,0.001112,neutron,pi+,solid
19,11.0,0.087107,0.675440,0.323078,1.214454,0.311971,AUT,20095238.556770,0.002073,0.002075,0.002075,0.070207,0.001117,neutron,pi+,solid
20,11.0,0.090195,0.669230,0.323151,1.245942,0.310527,AUT,19127343.686649,0.002141,0.002138,0.002137,0.070207,0.001121,neutron,pi+,solid
21,11.0,0.093152,0.662817,0.323238,1.274469,0.308472,AUT,18787742.008520,0.002173,0.002167,0.002165,0.070207,0.001126,neutron,pi+,solid
22,11.0,0.096048,0.658071,0.323288,1.304680,0.307755,AUT,18720964.190332,0.002197,0.002184,0.002182,0.070207,0.001130,neutron,pi+,solid
23,11.0,0.099000,0.652315,0.323366,1.333006,0.306118,AUT,19358744.434488,0.002171,0.002161,0.002159,0.070207,0.001135,neutron,pi+,solid
24,11.0,0.101996,0.647136,0.323454,1.362451,0.304720,AUT,19146381.065937,0.002198,0.002180,0.002187,0.070207,0.001139,neutron,pi+,solid
25,11.0,0.104941,0.642640,0.323468,1.392060,0.304010,AUT,18294132.903438,0.002267,0.002251,0.002246,0.070207,0.001144,neutron,pi+,solid
26,11.0,0.107945,0.637907,0.323476,1.421358,0.302666,AUT,19235738.534436,0.002239,0.002209,0.002212,0.070207,0.001149,neutron,pi+,solid
27,11.0,0.111003,0.632624,0.323689,1.449509,0.301597,AUT,18332756.958891,0.002315,0.002279,0.002278,0.070207,0.001154,neutron,pi+,solid
28,11.0,0.114093,0.627411,0.323627,1.477595,0.300641,AUT,19142960.840145,0.002296,0.002250,0.002251,0.070207,0.001159,neutron,pi+,solid
29,11.0,0.117338,0.623132,0.323720,1.509259,0.299851,AUT,19253105.152507,0.002314,0.002265,0.002262,0.070207,0.001164,neutron,pi+,solid
30,11.0,0.120696,0.617527,0.323717,1.538475,0.298960,AUT,19431858.992763,0.002341,0.002279,0.002276,0.070207,0.001170,neutron,pi+,solid
31,11.0,0.124141,0.613140,0.323738,1.571144,0.297897,AUT,19364836.659645,0.002379,0.002304,0.002306,0.070207,0.001176,neutron,pi+,solid
32,11.0,0.127633,0.606477,0.323898,1.597775,0.297188,AUT,18489687.768956,0.002484,0.002390,0.002395,0.070207,0.001182,neutron,pi+,solid
33,11.0,0.131178,0.596673,0.323941,1.615599,0.295905,AUT,18023645.794900,0.002586,0.002460,0.002467,0.070207,0.001188,neutron,pi+,solid
34,11.0,0.135067,0.585110,0.323910,1.631239,0.294780,AUT,19347947.696719,0.002593,0.002426,0.002431,0.070207,0.001195,neutron,pi+,solid
35,11.0,0.139452,0.573189,0.324093,1.649849,0.292975,AUT,19100882.274838,0.002736,0.002517,0.002510,0.070207,0.001203,neutron,pi+,solid
36,11.0,0.144340,0.558655,0.324103,1.664363,0.291404,AUT,19234480.514241,0.002899,0.002596,0.002597,0.070207,0.001212,neutron,pi+,solid
37,11.0,0.149924,0.542959,0.324164,1.680127,0.290047,AUT,19079979.910038,0.003157,0.002736,0.002744,0.070207,0.001222,neutron,pi+,solid
38,11.0,0.156386,0.523512,0.324123,1.689717,0.288846,AUT,18613022.171317,0.003589,0.002990,0.002987,0.070207,0.001233,neutron,pi+,solid
39,11.0,0.164229,0.502223,0.324337,1.702200,0.288838,AUT,18874773.766133,0.004186,0.003313,0.003315,0.070207,0.001248,neutron,pi+,solid
40,11.0,0.174229,0.477209,0.324138,1.715698,0.289786,AUT,18906206.352172,0.004933,0.003789,0.003795,0.070207,0.001266,neutron,pi+,solid
41,11.0,0.187390,0.447518,0.324152,1.730234,0.291496,AUT,19016207.848762,0.004997,0.003973,0.003975,0.070207,0.001290,neutron,pi+,solid
42,11.0,0.205738,0.413618,0.324170,1.755148,0.291930,AUT,18580637.101274,0.004216,0.003829,0.003828,0.070207,0.001324,neutron,pi+,solid
43,11.0,0.233619,0.370971,0.324168,1.786031,0.292017,AUT,18774035.498486,0.003278,0.003920,0.003923,0.070207,0.001375,neutron,pi+,solid
44,11.0,0.272516,0.328150,0.324309,1.843565,0.291734,AUT,11408820.908097,0.003550,0.005965,0.005953,0.070207,0.001443,neutron,pi+,solid
45,11.0,0.061212,0.831609,0.322891,1.049864,0.501096,AUT,19969027.195445,0.002029,0.002021,0.002015,0.070207,0.001078,neutron,pi+,solid
46,11.0,0.066935,0.790918,0.323392,1.092558,0.497309,AUT,19448411.621868,0.002085,0.002069,0.002067,0.070207,0.001087,neutron,pi+,solid
47,11.0,0.070992,0.766298,0.323500,1.122814,0.494008,AUT,18983449.956161,0.002148,0.002111,0.002110,0.070207,0.001093,neutron,pi+,solid
48,11.0,0.074617,0.748236,0.323760,1.152361,0.491394,AUT,20129704.335839,0.002107,0.002076,0.002075,0.070207,0.001098,neutron,pi+,solid
49,11.0,0.078001,0.734284,0.323870,1.182193,0.490626,AUT,18544370.669474,0.002230,0.002182,0.002182,0.070207,0.001103,neutron,pi+,solid
50,11.0,0.081262,0.720400,0.323954,1.208326,0.489417,AUT,19111820.635240,0.002232,0.002173,0.002170,0.070207,0.001108,neutron,pi+,solid
51,11.0,0.084594,0.708729,0.324106,1.237519,0.488607,AUT,19650165.661334,0.002220,0.002153,0.002156,0.070207,0.001113,neutron,pi+,solid
52,11.0,0.087992,0.701438,0.324076,1.274001,0.488540,AUT,18913117.496288,0.002302,0.002218,0.002219,0.070207,0.001118,neutron,pi+,solid
53,11.0,0.091483,0.694047,0.324140,1.310594,0.488020,AUT,19126424.622970,0.002310,0.002222,0.002224,0.070207,0.001123,neutron,pi+,solid
54,11.0,0.095222,0.686052,0.324107,1.348438,0.488007,AUT,19832539.280980,0.002294,0.002204,0.002206,0.070207,0.001129,neutron,pi+,solid
55,11.0,0.099231,0.678067,0.324180,1.388837,0.487481,AUT,19676304.328611,0.002342,0.002237,0.002239,0.070207,0.001135,neutron,pi+,solid
56,11.0,0.103478,0.669790,0.324102,1.430600,0.487316,AUT,19790542.985760,0.002348,0.002249,0.002248,0.070207,0.001142,neutron,pi+,solid
57,11.0,0.108017,0.660672,0.324202,1.473001,0.486608,AUT,19747974.291147,0.002383,0.002268,0.002267,0.070207,0.001149,neutron,pi+,solid
58,11.0,0.112932,0.649966,0.324252,1.515064,0.486782,AUT,19616179.665310,0.002407,0.002291,0.002299,0.070207,0.001157,neutron,pi+,solid
59,11.0,0.118126,0.640367,0.324311,1.561351,0.486403,AUT,18902417.450251,0.002490,0.002372,0.002366,0.070207,0.001166,neutron,pi+,solid
60,11.0,0.123650,0.628475,0.324210,1.603987,0.486964,AUT,18931027.546869,0.002505,0.002390,0.002387,0.070207,0.001175,neutron,pi+,solid
61,11.0,0.129805,0.609116,0.324127,1.631791,0.487634,AUT,18961860.913725,0.002512,0.002415,0.002410,0.070207,0.001186,neutron,pi+,solid
62,11.0,0.137269,0.579286,0.324093,1.640942,0.488726,AUT,19524820.536305,0.002451,0.002385,0.002391,0.070207,0.001199,neutron,pi+,solid
63,11.0,0.146764,0.546189,0.324086,1.654053,0.489994,AUT,18820590.146247,0.002424,0.002430,0.002437,0.070207,0.001216,neutron,pi+,solid
64,11.0,0.159267,0.509594,0.323974,1.674354,0.491019,AUT,19442565.324421,0.002346,0.002454,0.002457,0.070207,0.001238,neutron,pi+,solid
65,11.0,0.176429,0.467714,0.323960,1.701804,0.491739,AUT,18623643.417351,0.002512,0.002691,0.002696,0.070207,0.001270,neutron,pi+,solid
66,11.0,0.202378,0.418056,0.324029,1.743119,0.491472,AUT,19303402.251340,0.002980,0.003080,0.003077,0.070207,0.001318,neutron,pi+,solid
67,11.0,0.250681,0.351669,0.324362,1.810161,0.489271,AUT,17696784.476996,0.004991,0.004325,0.004322,0.070207,0.001404,neutron,pi+,solid
68,11.0,0.064902,0.812633,0.326192,1.086438,0.668443,AUT,18845505.617614,0.002090,0.002085,0.002085,0.070207,0.001084,neutron,pi+,solid
69,11.0,0.077475,0.748224,0.326409,1.195530,0.666786,AUT,19296657.128603,0.002089,0.002088,0.002091,0.070207,0.001103,neutron,pi+,solid
70,11.0,0.089798,0.708904,0.326458,1.313332,0.665545,AUT,18526708.555536,0.002195,0.002186,0.002186,0.070207,0.001121,neutron,pi+,solid
71,11.0,0.104333,0.677108,0.326524,1.457381,0.664890,AUT,18954146.750947,0.002294,0.002252,0.002241,0.070207,0.001144,neutron,pi+,solid
72,11.0,0.123204,0.638688,0.326689,1.622280,0.663879,AUT,18759241.689763,0.002558,0.002426,0.002431,0.070207,0.001175,neutron,pi+,solid
73,11.0,0.159567,0.531660,0.328009,1.731651,0.654430,AUT,19182402.075661,0.004124,0.003298,0.003291,0.070207,0.001239,neutron,pi+,solid
74,11.0,0.232506,0.387318,0.332755,1.848552,0.631889,AUT,2024172.335044,0.043878,0.026306,0.026393,0.070207,0.001375,neutron,pi+,solid
75,11.0,0.099154,0.597229,0.372500,1.219277,0.159271,AUT,19824406.842186,0.002402,0.002279,0.002281,0.070207,0.001140,neutron,pi+,solid
76,11.0,0.120674,0.565533,0.373195,1.408159,0.146200,AUT,18834933.861922,0.002282,0.002265,0.002265,0.070207,0.001176,neutron,pi+,solid
77,11.0,0.134691,0.544370,0.373177,1.512994,0.139157,AUT,19106991.670539,0.002283,0.002280,0.002290,0.070207,0.001201,neutron,pi+,solid
78,11.0,0.147014,0.521787,0.373372,1.582989,0.133254,AUT,18968340.263647,0.002358,0.002346,0.002349,0.070207,0.001224,neutron,pi+,solid
79,11.0,0.159128,0.496907,0.373643,1.631671,0.127687,AUT,19025463.714236,0.002440,0.002408,0.002409,0.070207,0.001246,neutron,pi+,solid
80,11.0,0.172142,0.472008,0.373699,1.676569,0.122908,AUT,19211001.756483,0.002531,0.002474,0.002469,0.070207,0.001271,neutron,pi+,solid
81,11.0,0.186888,0.445163,0.373865,1.716533,0.118008,AUT,18776780.656933,0.002678,0.002589,0.002589,0.070207,0.001299,neutron,pi+,solid
82,11.0,0.205823,0.412947,0.374019,1.752987,0.114095,AUT,19212702.286098,0.002743,0.002641,0.002645,0.070207,0.001335,neutron,pi+,solid
83,11.0,0.235313,0.369845,0.373887,1.792946,0.118368,AUT,19085023.456367,0.002685,0.002672,0.002668,0.070207,0.001390,neutron,pi+,solid
84,11.0,0.274673,0.326662,0.373504,1.850291,0.134865,AUT,7481804.344929,0.005025,0.004909,0.004922,0.070207,0.001461,neutron,pi+,solid
85,11.0,0.070101,0.753333,0.371836,1.087318,0.338269,AUT,20248689.080629,0.002216,0.002132,0.002132,0.070207,0.001095,neutron,pi+,solid
86,11.0,0.079178,0.697405,0.372653,1.139447,0.322658,AUT,19269969.063083,0.002149,0.002126,0.002124,0.070207,0.001109,neutron,pi+,solid
87,11.0,0.084788,0.671701,0.372931,1.175473,0.318116,AUT,19278693.802632,0.002133,0.002126,0.002126,0.070207,0.001118,neutron,pi+,solid
88,11.0,0.089562,0.661133,0.373046,1.222192,0.315302,AUT,18117637.105888,0.002201,0.002200,0.002201,0.070207,0.001125,neutron,pi+,solid
89,11.0,0.094115,0.652288,0.373165,1.267160,0.313257,AUT,19342928.540249,0.002145,0.002144,0.002143,0.070207,0.001132,neutron,pi+,solid
90,11.0,0.098609,0.643720,0.373159,1.310219,0.310844,AUT,18994927.728496,0.002171,0.002176,0.002169,0.070207,0.001139,neutron,pi+,solid
91,11.0,0.102950,0.636248,0.373366,1.352026,0.309582,AUT,18659296.983903,0.002212,0.002208,0.002208,0.070207,0.001146,neutron,pi+,solid
92,11.0,0.107298,0.629200,0.373395,1.393519,0.307200,AUT,18935953.816708,0.002218,0.002211,0.002214,0.070207,0.001153,neutron,pi+,solid
93,11.0,0.111800,0.621769,0.373410,1.434829,0.305841,AUT,19649333.796426,0.002200,0.002194,0.002193,0.070207,0.001161,neutron,pi+,solid
94,11.0,0.116296,0.615069,0.373571,1.476470,0.304213,AUT,18490592.025025,0.002299,0.002284,0.002283,0.070207,0.001169,neutron,pi+,solid
95,11.0,0.120897,0.608022,0.373646,1.517288,0.302186,AUT,19715871.421829,0.002258,0.002234,0.002238,0.070207,0.001177,neutron,pi+,solid
96,11.0,0.125790,0.600876,0.373760,1.560132,0.301148,AUT,20132742.316202,0.002283,0.002241,0.002247,0.070207,0.001186,neutron,pi+,solid
97,11.0,0.130773,0.589335,0.373818,1.590751,0.299057,AUT,19006427.566318,0.002419,0.002353,0.002352,0.070207,0.001195,neutron,pi+,solid
98,11.0,0.135999,0.576567,0.373857,1.618459,0.297128,AUT,19122454.164549,0.002490,0.002396,0.002399,0.070207,0.001204,neutron,pi+,solid
99,11.0,0.141737,0.561929,0.374099,1.643895,0.295262,AUT,18630820.809255,0.002649,0.002499,0.002499,0.070207,0.001215,neutron,pi+,solid
100,11.0,0.148300,0.544952,0.374083,1.667969,0.293276,AUT,19302910.089554,0.002787,0.002558,0.002558,0.070207,0.001227,neutron,pi+,solid
101,11.0,0.156317,0.523167,0.374155,1.687730,0.290711,AUT,19678137.600964,0.003124,0.002721,0.002726,0.070207,0.001242,neutron,pi+,solid
102,11.0,0.166328,0.497674,0.374185,1.708142,0.289202,AUT,18797510.154562,0.003863,0.003143,0.003149,0.070207,0.001261,neutron,pi+,solid
103,11.0,0.179556,0.465230,0.374266,1.723347,0.289841,AUT,18824883.145204,0.005023,0.003831,0.003831,0.070207,0.001286,neutron,pi+,solid
104,11.0,0.198876,0.425523,0.374155,1.745041,0.291490,AUT,18977085.530970,0.005054,0.004054,0.004052,0.070207,0.001322,neutron,pi+,solid
105,11.0,0.230965,0.375014,0.374152,1.783618,0.291770,AUT,19136202.320098,0.003493,0.003728,0.003727,0.070207,0.001382,neutron,pi+,solid
106,11.0,0.273783,0.326962,0.374272,1.845596,0.289149,AUT,9094914.895361,0.004030,0.005987,0.005992,0.070207,0.001460,neutron,pi+,solid
107,11.0,0.063028,0.817044,0.372928,1.061597,0.503021,AUT,19004429.052689,0.002077,0.002076,0.002075,0.070207,0.001084,neutron,pi+,solid
108,11.0,0.070392,0.765719,0.373262,1.112250,0.499346,AUT,19729295.558726,0.002084,0.002069,0.002067,0.070207,0.001096,neutron,pi+,solid
109,11.0,0.075586,0.737537,0.373474,1.150553,0.495603,AUT,19175008.512059,0.002154,0.002124,0.002123,0.070207,0.001103,neutron,pi+,solid
110,11.0,0.080117,0.716446,0.373674,1.184695,0.493286,AUT,19246096.869589,0.002211,0.002156,0.002157,0.070207,0.001110,neutron,pi+,solid
111,11.0,0.084393,0.701051,0.373831,1.221185,0.492054,AUT,18817034.225635,0.002288,0.002217,0.002214,0.070207,0.001117,neutron,pi+,solid
112,11.0,0.088780,0.692419,0.373895,1.268860,0.491006,AUT,19828972.017340,0.002271,0.002187,0.002185,0.070207,0.001124,neutron,pi+,solid
113,11.0,0.093431,0.683256,0.373983,1.317643,0.490172,AUT,19382686.906045,0.002362,0.002250,0.002246,0.070207,0.001131,neutron,pi+,solid
114,11.0,0.098320,0.674761,0.373967,1.369349,0.489235,AUT,19919703.244940,0.002386,0.002253,0.002258,0.070207,0.001139,neutron,pi+,solid
115,11.0,0.103464,0.664967,0.374001,1.420098,0.489113,AUT,18898465.453298,0.002524,0.002355,0.002359,0.070207,0.001147,neutron,pi+,solid
116,11.0,0.108859,0.656321,0.374176,1.474712,0.488519,AUT,18809407.248233,0.002592,0.002402,0.002401,0.070207,0.001156,neutron,pi+,solid
117,11.0,0.114763,0.645122,0.374190,1.528157,0.487931,AUT,19112045.585513,0.002656,0.002440,0.002440,0.070207,0.001167,neutron,pi+,solid
118,11.0,0.121199,0.633936,0.374227,1.585824,0.487275,AUT,18783443.486090,0.002766,0.002519,0.002519,0.070207,0.001178,neutron,pi+,solid
119,11.0,0.128482,0.615787,0.374183,1.632744,0.486798,AUT,19543732.603323,0.002846,0.002563,0.002558,0.070207,0.001191,neutron,pi+,solid
120,11.0,0.137514,0.581404,0.374242,1.649649,0.486864,AUT,19584463.051972,0.003094,0.002723,0.002718,0.070207,0.001207,neutron,pi+,solid
121,11.0,0.149527,0.539521,0.374248,1.664197,0.488649,AUT,18436008.370233,0.003256,0.002911,0.002913,0.070207,0.001229,neutron,pi+,solid
122,11.0,0.166998,0.490566,0.374059,1.689044,0.490479,AUT,18843858.982800,0.002839,0.002830,0.002825,0.070207,0.001262,neutron,pi+,solid
123,11.0,0.196545,0.428146,0.373899,1.732073,0.491861,AUT,19393621.121215,0.002502,0.002995,0.002992,0.070207,0.001317,neutron,pi+,solid
124,11.0,0.249488,0.352392,0.373706,1.804771,0.493969,AUT,14485650.537671,0.003861,0.004483,0.004486,0.070207,0.001415,neutron,pi+,solid
125,11.0,0.064556,0.811760,0.374675,1.079708,0.679176,AUT,18971467.027449,0.002091,0.002084,0.002082,0.070207,0.001087,neutron,pi+,solid
126,11.0,0.075554,0.753327,0.375078,1.174094,0.676143,AUT,19097484.700140,0.002138,0.002116,0.002122,0.070207,0.001103,neutron,pi+,solid
127,11.0,0.085596,0.714007,0.375204,1.261040,0.675899,AUT,18553725.274313,0.002181,0.002170,0.002172,0.070207,0.001119,neutron,pi+,solid
128,11.0,0.096701,0.685208,0.375197,1.367136,0.675836,AUT,19110560.840505,0.002169,0.002171,0.002164,0.070207,0.001136,neutron,pi+,solid
129,11.0,0.110189,0.654910,0.375210,1.488726,0.676486,AUT,18921349.305658,0.002214,0.002223,0.002223,0.070207,0.001159,neutron,pi+,solid
130,11.0,0.127411,0.613225,0.375049,1.610659,0.676624,AUT,19058776.541024,0.002301,0.002300,0.002302,0.070207,0.001189,neutron,pi+,solid
131,11.0,0.155477,0.525716,0.375251,1.679754,0.674112,AUT,19232475.092170,0.002907,0.002706,0.002702,0.070207,0.001240,neutron,pi+,solid
132,11.0,0.212096,0.410713,0.376288,1.778479,0.661276,AUT,11629326.944232,0.007968,0.005825,0.005829,0.070207,0.001346,neutron,pi+,solid
133,11.0,0.097789,0.715621,0.378774,1.400005,0.858084,AUT,16927402.000559,0.002674,0.002501,0.002492,0.070207,0.001139,neutron,pi+,solid
134,11.0,0.107984,0.575873,0.422777,1.279712,0.154133,AUT,19186959.802607,0.002377,0.002291,0.002294,0.070207,0.001159,neutron,pi+,solid
135,11.0,0.134292,0.539276,0.423407,1.493924,0.138894,AUT,19593362.769503,0.002264,0.002267,0.002270,0.070207,0.001206,neutron,pi+,solid
136,11.0,0.152342,0.507820,0.423503,1.595915,0.131042,AUT,18914850.520652,0.002399,0.002387,0.002383,0.070207,0.001240,neutron,pi+,solid
137,11.0,0.169615,0.474844,0.423743,1.661501,0.125100,AUT,18996710.374622,0.002508,0.002466,0.002470,0.070207,0.001274,neutron,pi+,solid
138,11.0,0.189234,0.440244,0.423935,1.718240,0.120450,AUT,19093070.136534,0.002623,0.002556,0.002562,0.070207,0.001312,neutron,pi+,solid
139,11.0,0.216734,0.396073,0.423837,1.768684,0.118230,AUT,18766722.505596,0.002710,0.002669,0.002668,0.070207,0.001365,neutron,pi+,solid
140,11.0,0.259210,0.342467,0.423520,1.826996,0.132123,AUT,11387186.788843,0.003679,0.003642,0.003656,0.070207,0.001444,neutron,pi+,solid
141,11.0,0.074985,0.713735,0.422170,1.101613,0.335659,AUT,19028309.296629,0.002362,0.002245,0.002250,0.070207,0.001105,neutron,pi+,solid
142,11.0,0.085890,0.661174,0.422901,1.171921,0.320716,AUT,19326947.431511,0.002171,0.002153,0.002154,0.070207,0.001123,neutron,pi+,solid
143,11.0,0.093552,0.645374,0.423069,1.246111,0.316960,AUT,19127395.495892,0.002172,0.002170,0.002170,0.070207,0.001135,neutron,pi+,solid
144,11.0,0.100415,0.633162,0.423149,1.312269,0.314397,AUT,18849372.839672,0.002199,0.002203,0.002197,0.070207,0.001146,neutron,pi+,solid
145,11.0,0.107005,0.621558,0.423327,1.372776,0.311625,AUT,19389488.495630,0.002184,0.002192,0.002188,0.070207,0.001157,neutron,pi+,solid
146,11.0,0.113547,0.611076,0.423509,1.432146,0.308431,AUT,19224566.430504,0.002218,0.002220,0.002220,0.070207,0.001169,neutron,pi+,solid
147,11.0,0.120038,0.601253,0.423526,1.489697,0.306085,AUT,19182902.357347,0.002262,0.002255,0.002254,0.070207,0.001180,neutron,pi+,solid
148,11.0,0.126579,0.591328,0.423637,1.544916,0.303930,AUT,19008430.700875,0.002317,0.002297,0.002297,0.070207,0.001192,neutron,pi+,solid
149,11.0,0.133350,0.576032,0.423647,1.585397,0.301088,AUT,19164831.849943,0.002378,0.002341,0.002338,0.070207,0.001205,neutron,pi+,solid
150,11.0,0.140673,0.558793,0.423808,1.622357,0.298647,AUT,18768153.018388,0.002514,0.002438,0.002426,0.070207,0.001219,neutron,pi+,solid
151,11.0,0.149028,0.539203,0.423869,1.658367,0.295587,AUT,19054478.780645,0.002659,0.002512,0.002514,0.070207,0.001235,neutron,pi+,solid
152,11.0,0.159187,0.514041,0.424107,1.688587,0.292796,AUT,19080014.854192,0.003026,0.002709,0.002708,0.070207,0.001254,neutron,pi+,solid
153,11.0,0.172787,0.481520,0.424210,1.716339,0.290657,AUT,19181929.594476,0.003874,0.003151,0.003156,0.070207,0.001281,neutron,pi+,solid
154,11.0,0.193254,0.436826,0.424154,1.740266,0.291322,AUT,19118683.614103,0.005182,0.003991,0.004000,0.070207,0.001320,neutron,pi+,solid
155,11.0,0.229950,0.376364,0.424165,1.780431,0.291191,AUT,18996097.493519,0.003422,0.003452,0.003448,0.070207,0.001390,neutron,pi+,solid
156,11.0,0.276413,0.324780,0.424425,1.851397,0.287323,AUT,6794822.667805,0.004789,0.006106,0.006088,0.070207,0.001476,neutron,pi+,solid
157,11.0,0.065627,0.796657,0.422987,1.077016,0.506200,AUT,19161838.966060,0.002071,0.002073,0.002075,0.070207,0.001091,neutron,pi+,solid
158,11.0,0.074649,0.737860,0.423449,1.136515,0.500581,AUT,19054233.413160,0.002118,0.002114,0.002116,0.070207,0.001105,neutron,pi+,solid
159,11.0,0.081058,0.706125,0.423710,1.181216,0.496562,AUT,19502337.447780,0.002145,0.002118,0.002124,0.070207,0.001115,neutron,pi+,solid
160,11.0,0.086933,0.687360,0.423774,1.233336,0.493958,AUT,19896873.636689,0.002182,0.002142,0.002142,0.070207,0.001124,neutron,pi+,solid
161,11.0,0.092842,0.676436,0.424052,1.296237,0.492405,AUT,19000519.418721,0.002296,0.002223,0.002232,0.070207,0.001134,neutron,pi+,solid
162,11.0,0.098816,0.666248,0.424033,1.358880,0.491470,AUT,18820659.968450,0.002372,0.002285,0.002289,0.070207,0.001144,neutron,pi+,solid
163,11.0,0.105300,0.656053,0.424037,1.425873,0.490498,AUT,19632748.574838,0.002417,0.002286,0.002289,0.070207,0.001155,neutron,pi+,solid
164,11.0,0.112431,0.644284,0.424113,1.495133,0.489913,AUT,19421380.234571,0.002525,0.002367,0.002367,0.070207,0.001167,neutron,pi+,solid
165,11.0,0.120176,0.632416,0.424165,1.568621,0.488915,AUT,19134292.740224,0.002681,0.002459,0.002463,0.070207,0.001181,neutron,pi+,solid
166,11.0,0.128642,0.614587,0.424261,1.631551,0.488098,AUT,18376862.085714,0.002921,0.002627,0.002618,0.070207,0.001197,neutron,pi+,solid
167,11.0,0.138992,0.578623,0.424378,1.659209,0.486485,AUT,18522725.194782,0.003432,0.002908,0.002903,0.070207,0.001216,neutron,pi+,solid
168,11.0,0.154203,0.528049,0.424269,1.678803,0.487403,AUT,18852654.899403,0.004219,0.003407,0.003419,0.070207,0.001245,neutron,pi+,solid
169,11.0,0.180748,0.460466,0.424256,1.713157,0.488934,AUT,19060974.487821,0.003451,0.003300,0.003303,0.070207,0.001296,neutron,pi+,solid
170,11.0,0.236394,0.370493,0.424091,1.791482,0.489570,AUT,16339785.095767,0.002886,0.004114,0.004116,0.070207,0.001400,neutron,pi+,solid
171,11.0,0.065851,0.800961,0.424112,1.086260,0.689083,AUT,19158179.171800,0.002115,0.002093,0.002094,0.070207,0.001091,neutron,pi+,solid
172,11.0,0.077574,0.739381,0.424451,1.183135,0.684901,AUT,18992062.787379,0.002218,0.002173,0.002171,0.070207,0.001110,neutron,pi+,solid
173,11.0,0.088322,0.703051,0.424557,1.281241,0.683753,AUT,19130195.723665,0.002269,0.002208,0.002209,0.070207,0.001127,neutron,pi+,solid
174,11.0,0.100608,0.674403,0.424558,1.399872,0.683292,AUT,19094373.232456,0.002321,0.002258,0.002258,0.070207,0.001147,neutron,pi+,solid
175,11.0,0.115807,0.640870,0.424602,1.530889,0.683654,AUT,18945168.288065,0.002368,0.002314,0.002318,0.070207,0.001173,neutron,pi+,solid
176,11.0,0.136740,0.578638,0.424383,1.628905,0.685108,AUT,18970391.610952,0.002331,0.002365,0.002361,0.070207,0.001212,neutron,pi+,solid
177,11.0,0.180246,0.463082,0.424579,1.705495,0.684508,AUT,19165528.532554,0.002901,0.002849,0.002847,0.070207,0.001294,neutron,pi+,solid
178,11.0,0.243957,0.362790,0.423543,1.823272,0.664956,AUT,3220960.060289,0.015038,0.011975,0.011916,0.070207,0.001416,neutron,pi+,solid
179,11.0,0.082616,0.739759,0.426417,1.246483,0.868652,AUT,19231146.559086,0.002128,0.002130,0.002123,0.070207,0.001118,neutron,pi+,solid
180,11.0,0.140802,0.585375,0.427128,1.664652,0.862021,AUT,11481156.411378,0.003985,0.003512,0.003505,0.070207,0.001219,neutron,pi+,solid
181,11.0,0.117438,0.556811,0.473106,1.344646,0.148530,AUT,19209021.116096,0.002323,0.002285,0.002287,0.070207,0.001180,neutron,pi+,solid
182,11.0,0.148787,0.511616,0.473463,1.569382,0.132813,AUT,19040503.920764,0.002379,0.002366,0.002365,0.070207,0.001239,neutron,pi+,solid
183,11.0,0.172917,0.467341,0.473730,1.666251,0.125681,AUT,18793320.449901,0.002529,0.002503,0.002495,0.070207,0.001287,neutron,pi+,solid
184,11.0,0.202011,0.418827,0.473854,1.742960,0.121158,AUT,19253352.303806,0.002627,0.002590,0.002590,0.070207,0.001345,neutron,pi+,solid
185,11.0,0.248109,0.355693,0.473676,1.813119,0.129443,AUT,12391825.042125,0.003406,0.003399,0.003412,0.070207,0.001433,neutron,pi+,solid
186,11.0,0.080458,0.677156,0.472631,1.121152,0.331729,AUT,19157254.563241,0.002359,0.002255,0.002255,0.070207,0.001117,neutron,pi+,solid
187,11.0,0.094278,0.636809,0.473117,1.238888,0.319467,AUT,18994457.386856,0.002229,0.002203,0.002205,0.070207,0.001140,neutron,pi+,solid
188,11.0,0.104730,0.618367,0.473289,1.336539,0.315064,AUT,19039264.525585,0.002220,0.002214,0.002213,0.070207,0.001157,neutron,pi+,solid
189,11.0,0.114320,0.602682,0.473463,1.421978,0.311490,AUT,19096533.072750,0.002239,0.002237,0.002240,0.070207,0.001175,neutron,pi+,solid
190,11.0,0.123567,0.588786,0.473589,1.501570,0.307774,AUT,18921549.782457,0.002291,0.002284,0.002282,0.070207,0.001192,neutron,pi+,solid
191,11.0,0.132796,0.571025,0.473669,1.564920,0.304035,AUT,19132611.190245,0.002347,0.002323,0.002321,0.070207,0.001209,neutron,pi+,solid
192,11.0,0.142801,0.547915,0.473782,1.614687,0.300101,AUT,19103315.828630,0.002468,0.002407,0.002412,0.070207,0.001229,neutron,pi+,solid
193,11.0,0.154620,0.522172,0.473960,1.665919,0.296720,AUT,19188639.228359,0.002699,0.002543,0.002547,0.070207,0.001252,neutron,pi+,solid
194,11.0,0.170184,0.486682,0.474116,1.708306,0.292398,AUT,19065829.200459,0.003338,0.002893,0.002893,0.070207,0.001282,neutron,pi+,solid
195,11.0,0.194877,0.434086,0.474195,1.742508,0.291449,AUT,18963246.555647,0.004679,0.003706,0.003711,0.070207,0.001331,neutron,pi+,solid
196,11.0,0.246390,0.356955,0.474277,1.803237,0.289445,AUT,18837786.038818,0.002866,0.003079,0.003072,0.070207,0.001430,neutron,pi+,solid
197,11.0,0.308655,0.311452,0.474318,1.984324,0.291816,AUT,42044.473935,0.080965,0.084907,0.084344,0.070207,0.001549,neutron,pi+,solid
198,11.0,0.068818,0.772148,0.473088,1.093753,0.509156,AUT,19269541.282814,0.002107,0.002091,0.002097,0.070207,0.001098,neutron,pi+,solid
199,11.0,0.079880,0.706120,0.473527,1.163671,0.501489,AUT,19277841.558685,0.002122,0.002121,0.002113,0.070207,0.001116,neutron,pi+,solid
200,11.0,0.087842,0.678362,0.473682,1.229834,0.497344,AUT,19332096.536584,0.002161,0.002147,0.002147,0.070207,0.001129,neutron,pi+,solid
201,11.0,0.095764,0.663402,0.473791,1.311189,0.495272,AUT,20015875.775746,0.002188,0.002158,0.002149,0.070207,0.001142,neutron,pi+,solid
202,11.0,0.103941,0.650175,0.474037,1.394834,0.493443,AUT,18905267.739992,0.002332,0.002275,0.002276,0.070207,0.001156,neutron,pi+,solid
203,11.0,0.112515,0.637367,0.474010,1.480098,0.492247,AUT,18845868.570534,0.002458,0.002351,0.002357,0.070207,0.001172,neutron,pi+,solid
204,11.0,0.122149,0.623521,0.474113,1.571872,0.491224,AUT,19226574.744678,0.002567,0.002420,0.002414,0.070207,0.001190,neutron,pi+,solid
205,11.0,0.133223,0.596044,0.474367,1.638335,0.488898,AUT,18803970.927099,0.002898,0.002607,0.002614,0.070207,0.001211,neutron,pi+,solid
206,11.0,0.148452,0.548028,0.474354,1.677306,0.487234,AUT,18982614.096710,0.003799,0.003099,0.003104,0.070207,0.001240,neutron,pi+,solid
207,11.0,0.175837,0.472692,0.474305,1.709913,0.489183,AUT,18700620.797348,0.004621,0.003798,0.003790,0.070207,0.001293,neutron,pi+,solid
208,11.0,0.232753,0.375631,0.474048,1.787890,0.488074,AUT,14291994.229487,0.003328,0.004419,0.004418,0.070207,0.001403,neutron,pi+,solid
209,11.0,0.067703,0.786771,0.473878,1.096284,0.693323,AUT,18472616.841572,0.002177,0.002150,0.002148,0.070207,0.001096,neutron,pi+,solid
210,11.0,0.081154,0.719078,0.474309,1.203652,0.687883,AUT,19222680.160814,0.002289,0.002208,0.002208,0.070207,0.001118,neutron,pi+,solid
211,11.0,0.093930,0.687516,0.474387,1.332356,0.686553,AUT,19088547.485864,0.002448,0.002310,0.002312,0.070207,0.001139,neutron,pi+,solid
212,11.0,0.109350,0.656094,0.474629,1.479786,0.685835,AUT,19241657.559274,0.002591,0.002411,0.002409,0.070207,0.001166,neutron,pi+,solid
213,11.0,0.130199,0.602810,0.474498,1.616136,0.685882,AUT,18841855.436575,0.002770,0.002581,0.002584,0.070207,0.001205,neutron,pi+,solid
214,11.0,0.174240,0.476336,0.474311,1.692522,0.689292,AUT,19076009.127679,0.002457,0.002677,0.002681,0.070207,0.001289,neutron,pi+,solid
215,11.0,0.239274,0.370934,0.472665,1.829348,0.667990,AUT,2244020.762230,0.011310,0.012588,0.012584,0.070207,0.001417,neutron,pi+,solid
216,11.0,0.077833,0.750636,0.475630,1.195648,0.875531,AUT,19450044.369600,0.002115,0.002111,0.002105,0.070207,0.001113,neutron,pi+,solid
217,11.0,0.127515,0.606593,0.475645,1.568793,0.874028,AUT,19098699.607471,0.002393,0.002354,0.002346,0.070207,0.001199,neutron,pi+,solid
218,11.0,0.197945,0.442976,0.475252,1.806167,0.855946,AUT,1609658.150685,0.020541,0.015427,0.015442,0.070207,0.001338,neutron,pi+,solid
219,11.0,0.097690,0.712575,0.478020,1.395304,1.067869,AUT,5611546.687244,0.004563,0.004288,0.004301,0.070207,0.001146,neutron,pi+,solid
220,11.0,0.127602,0.539449,0.523295,1.414226,0.143004,AUT,19367668.903813,0.002304,0.002287,0.002287,0.070207,0.001204,neutron,pi+,solid
221,11.0,0.166187,0.477775,0.523719,1.635705,0.127952,AUT,18774365.749498,0.002495,0.002478,0.002478,0.070207,0.001281,neutron,pi+,solid
222,11.0,0.204769,0.414622,0.523774,1.746052,0.123598,AUT,19009146.320587,0.002632,0.002615,0.002618,0.070207,0.001359,neutron,pi+,solid
223,11.0,0.256812,0.345614,0.523582,1.826548,0.133966,AUT,5929149.579456,0.005163,0.005100,0.005113,0.070207,0.001461,neutron,pi+,solid
224,11.0,0.085949,0.650869,0.522888,1.151364,0.329219,AUT,18610658.497394,0.002388,0.002297,0.002290,0.070207,0.001129,neutron,pi+,solid
225,11.0,0.103949,0.614345,0.523310,1.317526,0.317170,AUT,19170051.133401,0.002240,0.002219,0.002223,0.070207,0.001160,neutron,pi+,solid
226,11.0,0.118042,0.591696,0.523488,1.441276,0.312028,AUT,18993661.346199,0.002263,0.002265,0.002265,0.070207,0.001186,neutron,pi+,solid
227,11.0,0.131086,0.569373,0.523726,1.540052,0.306778,AUT,19212137.064563,0.002310,0.002308,0.002305,0.070207,0.001212,neutron,pi+,solid
228,11.0,0.144852,0.539480,0.523845,1.612253,0.301717,AUT,19253655.530896,0.002449,0.002405,0.002403,0.070207,0.001239,neutron,pi+,solid
229,11.0,0.161670,0.503645,0.523945,1.679387,0.296626,AUT,19084715.174353,0.002792,0.002612,0.002607,0.070207,0.001273,neutron,pi+,solid
230,11.0,0.187062,0.449495,0.524071,1.731601,0.292222,AUT,19141545.374303,0.003956,0.003259,0.003266,0.070207,0.001324,neutron,pi+,solid
231,11.0,0.241492,0.363701,0.524262,1.798189,0.290482,AUT,18195687.642033,0.002921,0.002993,0.002989,0.070207,0.001431,neutron,pi+,solid
232,11.0,0.072444,0.745637,0.523143,1.110926,0.511601,AUT,19151765.890818,0.002158,0.002128,0.002133,0.070207,0.001106,neutron,pi+,solid
233,11.0,0.085612,0.678674,0.523692,1.198803,0.501894,AUT,19007248.456917,0.002158,0.002155,0.002154,0.070207,0.001128,neutron,pi+,solid
234,11.0,0.095984,0.656747,0.523875,1.300884,0.498601,AUT,19350604.331080,0.002188,0.002179,0.002180,0.070207,0.001146,neutron,pi+,solid
235,11.0,0.106508,0.638920,0.523961,1.404374,0.495508,AUT,19021533.732002,0.002294,0.002257,0.002259,0.070207,0.001165,neutron,pi+,solid
236,11.0,0.117863,0.622293,0.524092,1.513673,0.493626,AUT,19056278.785036,0.002413,0.002341,0.002341,0.070207,0.001187,neutron,pi+,solid
237,11.0,0.130802,0.599041,0.524102,1.616557,0.491831,AUT,18970985.814145,0.002644,0.002489,0.002491,0.070207,0.001212,neutron,pi+,solid
238,11.0,0.148364,0.548212,0.524328,1.676315,0.488258,AUT,18936760.746266,0.003420,0.002904,0.002903,0.070207,0.001247,neutron,pi+,solid
239,11.0,0.183267,0.457480,0.524214,1.720059,0.489457,AUT,18871528.578985,0.004837,0.003915,0.003918,0.070207,0.001316,neutron,pi+,solid
240,11.0,0.243100,0.361570,0.523577,1.806067,0.484004,AUT,7182304.074312,0.004891,0.006733,0.006730,0.070207,0.001434,neutron,pi+,solid
241,11.0,0.070374,0.768889,0.523920,1.112415,0.694819,AUT,19376210.754607,0.002129,0.002112,0.002107,0.070207,0.001103,neutron,pi+,solid
242,11.0,0.086193,0.699066,0.524344,1.242960,0.688906,AUT,18756966.294049,0.002370,0.002270,0.002270,0.070207,0.001130,neutron,pi+,solid
243,11.0,0.101779,0.669165,0.524453,1.404953,0.687153,AUT,18864985.816538,0.002592,0.002405,0.002405,0.070207,0.001157,neutron,pi+,solid
244,11.0,0.122147,0.629166,0.524564,1.583902,0.685928,AUT,19261418.651328,0.002900,0.002596,0.002594,0.070207,0.001195,neutron,pi+,solid
245,11.0,0.162125,0.507943,0.524446,1.679268,0.687430,AUT,19238459.825772,0.002969,0.002895,0.002893,0.070207,0.001273,neutron,pi+,solid
246,11.0,0.224772,0.391535,0.522940,1.813114,0.670500,AUT,2620575.909334,0.007335,0.010997,0.011000,0.070207,0.001399,neutron,pi+,solid
247,11.0,0.076630,0.750712,0.524815,1.178597,0.882748,AUT,18738719.548382,0.002197,0.002172,0.002173,0.070207,0.001113,neutron,pi+,solid
248,11.0,0.118286,0.627698,0.524886,1.516310,0.881672,AUT,19193408.511464,0.002273,0.002278,0.002282,0.070207,0.001188,neutron,pi+,solid
249,11.0,0.175733,0.480618,0.523963,1.735721,0.871929,AUT,4163246.371831,0.006669,0.006461,0.006452,0.070207,0.001301,neutron,pi+,solid
250,11.0,0.098426,0.700681,0.526700,1.380792,1.085467,AUT,9896822.030065,0.003173,0.003105,0.003108,0.070207,0.001151,neutron,pi+,solid
251,11.0,0.137674,0.521265,0.573556,1.471782,0.138253,AUT,19128331.601266,0.002346,0.002340,0.002342,0.070207,0.001230,neutron,pi+,solid
252,11.0,0.188423,0.439745,0.573755,1.703112,0.126384,AUT,18822033.485122,0.002586,0.002571,0.002575,0.070207,0.001336,neutron,pi+,solid
253,11.0,0.242905,0.362604,0.573657,1.808903,0.129945,AUT,7516725.876054,0.004402,0.004403,0.004392,0.070207,0.001446,neutron,pi+,solid
254,11.0,0.092204,0.629841,0.573120,1.195116,0.326336,AUT,18697623.484010,0.002407,0.002309,0.002308,0.070207,0.001144,neutron,pi+,solid
255,11.0,0.115403,0.590860,0.573433,1.406533,0.314939,AUT,19231300.226880,0.002266,0.002261,0.002262,0.070207,0.001187,neutron,pi+,solid
256,11.0,0.133866,0.559827,0.573631,1.545824,0.308210,AUT,18921357.836214,0.002350,0.002340,0.002345,0.070207,0.001224,neutron,pi+,solid
257,11.0,0.153170,0.518645,0.573831,1.638111,0.301240,AUT,19018805.606314,0.002559,0.002492,0.002486,0.070207,0.001263,neutron,pi+,solid
258,11.0,0.180761,0.461886,0.574103,1.718685,0.294113,AUT,19108801.345827,0.003344,0.002936,0.002936,0.070207,0.001321,neutron,pi+,solid
259,11.0,0.236271,0.370615,0.573828,1.792354,0.290076,AUT,15895684.745706,0.003131,0.003126,0.003138,0.070207,0.001432,neutron,pi+,solid
260,11.0,0.076745,0.715900,0.573195,1.129109,0.511683,AUT,19070217.723645,0.002192,0.002166,0.002168,0.070207,0.001117,neutron,pi+,solid
261,11.0,0.092874,0.657195,0.573691,1.259259,0.502498,AUT,19043484.226996,0.002180,0.002179,0.002185,0.070207,0.001145,neutron,pi+,solid
262,11.0,0.106677,0.632583,0.573897,1.392387,0.498072,AUT,19252923.756148,0.002239,0.002235,0.002235,0.070207,0.001171,neutron,pi+,solid
263,11.0,0.121557,0.610354,0.573968,1.530860,0.495307,AUT,19432199.194193,0.002391,0.002329,0.002325,0.070207,0.001200,neutron,pi+,solid
264,11.0,0.139385,0.571430,0.574154,1.642167,0.492025,AUT,18974636.786883,0.002791,0.002581,0.002575,0.070207,0.001236,neutron,pi+,solid
265,11.0,0.170502,0.487797,0.574251,1.707084,0.489537,AUT,19015435.739676,0.004596,0.003592,0.003587,0.070207,0.001299,neutron,pi+,solid
266,11.0,0.225724,0.386167,0.573438,1.790257,0.484778,AUT,7754735.814307,0.005673,0.006030,0.006029,0.070207,0.001412,neutron,pi+,solid
267,11.0,0.072749,0.752506,0.573899,1.124411,0.696008,AUT,18737682.569353,0.002152,0.002143,0.002148,0.070207,0.001110,neutron,pi+,solid
268,11.0,0.091289,0.681966,0.574332,1.284140,0.690170,AUT,19205233.119167,0.002334,0.002251,0.002252,0.070207,0.001143,neutron,pi+,solid
269,11.0,0.111430,0.648261,0.574418,1.489546,0.688213,AUT,19128587.138556,0.002650,0.002444,0.002441,0.070207,0.001180,neutron,pi+,solid
270,11.0,0.142354,0.567591,0.574572,1.655639,0.687023,AUT,19096531.604895,0.003520,0.002991,0.002992,0.070207,0.001242,neutron,pi+,solid
271,11.0,0.194504,0.439226,0.573549,1.754758,0.680265,AUT,6309902.346501,0.005456,0.006154,0.006156,0.070207,0.001349,neutron,pi+,solid
272,11.0,0.078553,0.741384,0.574655,1.192637,0.886956,AUT,19093524.303537,0.002263,0.002195,0.002196,0.070207,0.001120,neutron,pi+,solid
273,11.0,0.125239,0.610665,0.574514,1.554102,0.884325,AUT,18885085.823515,0.002479,0.002435,0.002442,0.070207,0.001207,neutron,pi+,solid
274,11.0,0.191549,0.468302,0.571538,1.849634,0.859310,AUT,708534.604254,0.013586,0.017152,0.017056,0.070207,0.001344,neutron,pi+,solid
275,11.0,0.096028,0.705164,0.575841,1.361848,1.100703,AUT,13457870.742541,0.002616,0.002620,0.002616,0.070207,0.001152,neutron,pi+,solid
276,11.0,0.149166,0.500980,0.623580,1.527832,0.135087,AUT,19340604.875060,0.002387,0.002389,0.002384,0.070207,0.001262,neutron,pi+,solid
277,11.0,0.214652,0.401176,0.623456,1.761965,0.127310,AUT,13235944.079274,0.003207,0.003207,0.003207,0.070207,0.001401,neutron,pi+,solid
278,11.0,0.099549,0.610786,0.623253,1.250534,0.323603,AUT,18879010.352739,0.002373,0.002308,0.002305,0.070207,0.001162,neutron,pi+,solid
279,11.0,0.129058,0.564490,0.623608,1.501880,0.311443,AUT,19142231.496059,0.002325,0.002320,0.002327,0.070207,0.001222,neutron,pi+,solid
280,11.0,0.155369,0.511573,0.623785,1.637671,0.302102,AUT,19209729.878008,0.002569,0.002499,0.002502,0.070207,0.001277,neutron,pi+,solid
281,11.0,0.197107,0.430470,0.624037,1.738976,0.292634,AUT,18908244.929888,0.003289,0.002962,0.002963,0.070207,0.001365,neutron,pi+,solid
282,11.0,0.252080,0.353908,0.620857,1.839219,0.284267,AUT,3601415.287089,0.006501,0.006696,0.006716,0.070207,0.001480,neutron,pi+,solid
283,11.0,0.081549,0.689628,0.623327,1.155446,0.511737,AUT,18862032.610996,0.002238,0.002203,0.002203,0.070207,0.001129,neutron,pi+,solid
284,11.0,0.101883,0.635360,0.623715,1.335223,0.502436,AUT,18913898.233160,0.002235,0.002228,0.002234,0.070207,0.001167,neutron,pi+,solid
285,11.0,0.120710,0.605436,0.623964,1.507582,0.497063,AUT,19218222.264052,0.002341,0.002321,0.002318,0.070207,0.001205,neutron,pi+,solid
286,11.0,0.143597,0.556642,0.624196,1.646590,0.492724,AUT,18906981.362965,0.002812,0.002608,0.002611,0.070207,0.001253,neutron,pi+,solid
287,11.0,0.188806,0.451268,0.623685,1.739228,0.487345,AUT,16340549.308506,0.005099,0.004095,0.004089,0.070207,0.001347,neutron,pi+,solid
288,11.0,0.076200,0.731952,0.623873,1.144334,0.697863,AUT,19005143.347003,0.002142,0.002138,0.002141,0.070207,0.001120,neutron,pi+,solid
289,11.0,0.098704,0.662562,0.624256,1.348533,0.691743,AUT,19108487.816354,0.002365,0.002291,0.002293,0.070207,0.001162,neutron,pi+,solid
290,11.0,0.125364,0.615472,0.624465,1.588340,0.689045,AUT,19074026.697858,0.002881,0.002597,0.002599,0.070207,0.001216,neutron,pi+,solid
291,11.0,0.168349,0.498151,0.623768,1.716011,0.682939,AUT,10826832.184272,0.005968,0.004929,0.004940,0.070207,0.001305,neutron,pi+,solid
292,11.0,0.081260,0.728587,0.624484,1.211696,0.889035,AUT,19046498.513992,0.002327,0.002237,0.002236,0.070207,0.001129,neutron,pi+,solid
293,11.0,0.127502,0.612174,0.624231,1.590861,0.882506,AUT,14969234.750170,0.003287,0.003013,0.003018,0.070207,0.001219,neutron,pi+,solid
294,11.0,0.092412,0.716795,0.624926,1.339657,1.111487,AUT,15009163.489744,0.002497,0.002489,0.002484,0.070207,0.001150,neutron,pi+,solid
295,11.0,0.162565,0.478634,0.673695,1.582564,0.132995,AUT,18990512.755387,0.002483,0.002484,0.002481,0.070207,0.001301,neutron,pi+,solid
296,11.0,0.227847,0.385465,0.671686,1.809382,0.123907,AUT,3677910.069715,0.006328,0.006301,0.006297,0.070207,0.001446,neutron,pi+,solid
297,11.0,0.107856,0.592978,0.673291,1.313913,0.320859,AUT,19058221.122740,0.002351,0.002306,0.002309,0.070207,0.001185,neutron,pi+,solid
298,11.0,0.146358,0.527435,0.673702,1.588862,0.306355,AUT,19254552.592604,0.002435,0.002425,0.002423,0.070207,0.001268,neutron,pi+,solid
299,11.0,0.194054,0.438726,0.672992,1.742754,0.292464,AUT,17447749.242278,0.003225,0.002984,0.002983,0.070207,0.001372,neutron,pi+,solid
300,11.0,0.087299,0.666025,0.673357,1.194261,0.510619,AUT,19216275.333760,0.002237,0.002210,0.002208,0.070207,0.001145,neutron,pi+,solid
301,11.0,0.114062,0.610585,0.673742,1.435926,0.501049,AUT,19245472.362140,0.002281,0.002277,0.002276,0.070207,0.001199,neutron,pi+,solid
302,11.0,0.142118,0.556543,0.673972,1.628108,0.494715,AUT,18953919.452877,0.002685,0.002545,0.002547,0.070207,0.001260,neutron,pi+,solid
303,11.0,0.183390,0.464632,0.672859,1.748798,0.485497,AUT,10335539.769701,0.006744,0.005198,0.005201,0.070207,0.001349,neutron,pi+,solid
304,11.0,0.080202,0.711703,0.673900,1.170062,0.699231,AUT,18883153.790190,0.002168,0.002167,0.002169,0.070207,0.001132,neutron,pi+,solid
305,11.0,0.108426,0.642234,0.674145,1.435096,0.692351,AUT,19178088.451697,0.002420,0.002342,0.002342,0.070207,0.001188,neutron,pi+,solid
306,11.0,0.147096,0.559958,0.673562,1.684000,0.684921,AUT,15663533.197728,0.003917,0.003298,0.003309,0.070207,0.001270,neutron,pi+,solid
307,11.0,0.084345,0.716464,0.674387,1.235538,0.890040,AUT,18951478.131147,0.002345,0.002263,0.002263,0.070207,0.001140,neutron,pi+,solid
308,11.0,0.127661,0.625033,0.673704,1.636358,0.880078,AUT,9933998.186336,0.004540,0.003917,0.003923,0.070207,0.001229,neutron,pi+,solid
309,11.0,0.088430,0.735134,0.674154,1.323244,1.117749,AUT,13462034.222555,0.002777,0.002700,0.002691,0.070207,0.001148,neutron,pi+,solid
310,11.0,0.157149,0.661083,0.322936,2.139442,0.151188,AUT,10824521.053338,0.003259,0.003209,0.003212,0.070207,0.001238,neutron,pi+,solid
311,11.0,0.177017,0.607950,0.323276,2.220578,0.138067,AUT,11368391.894559,0.003149,0.003141,0.003146,0.070207,0.001275,neutron,pi+,solid
312,11.0,0.189671,0.580189,0.323511,2.271104,0.132469,AUT,11365120.637905,0.003230,0.003224,0.003223,0.070207,0.001298,neutron,pi+,solid
313,11.0,0.200094,0.560210,0.323656,2.313540,0.128462,AUT,11366027.301091,0.003334,0.003286,0.003300,0.070207,0.001317,neutron,pi+,solid
314,11.0,0.209402,0.544633,0.323660,2.353932,0.125049,AUT,11058543.346598,0.003467,0.003399,0.003405,0.070207,0.001335,neutron,pi+,solid
315,11.0,0.218111,0.532062,0.323684,2.395279,0.122936,AUT,11049649.378816,0.003554,0.003462,0.003466,0.070207,0.001351,neutron,pi+,solid
316,11.0,0.226702,0.518596,0.323702,2.426604,0.120122,AUT,11059562.033692,0.003621,0.003519,0.003524,0.070207,0.001366,neutron,pi+,solid
317,11.0,0.235434,0.504624,0.323784,2.452165,0.117957,AUT,11063059.478020,0.003696,0.003572,0.003574,0.070207,0.001382,neutron,pi+,solid
318,11.0,0.244642,0.488510,0.323793,2.466626,0.116236,AUT,11262651.595771,0.003731,0.003602,0.003596,0.070207,0.001398,neutron,pi+,solid
319,11.0,0.254651,0.471395,0.323893,2.477567,0.115041,AUT,11094831.764041,0.003819,0.003675,0.003674,0.070207,0.001416,neutron,pi+,solid
320,11.0,0.265755,0.453024,0.324050,2.484770,0.114748,AUT,10942292.529989,0.003830,0.003716,0.003723,0.070207,0.001436,neutron,pi+,solid
321,11.0,0.278570,0.433281,0.323793,2.490982,0.115982,AUT,11046884.047555,0.003779,0.003719,0.003723,0.070207,0.001458,neutron,pi+,solid
322,11.0,0.293843,0.411702,0.323787,2.496532,0.119373,AUT,11123097.616794,0.003709,0.003736,0.003730,0.070207,0.001484,neutron,pi+,solid
323,11.0,0.313012,0.389620,0.323867,2.516719,0.125821,AUT,11025452.503105,0.003837,0.003870,0.003867,0.070207,0.001517,neutron,pi+,solid
324,11.0,0.347419,0.374059,0.323587,2.680455,0.135146,AUT,10785428.472909,0.004528,0.004397,0.004402,0.070207,0.001578,neutron,pi+,solid
325,11.0,0.140414,0.716861,0.323164,2.076042,0.309134,AUT,10857665.362236,0.003042,0.003054,0.003049,0.070207,0.001207,neutron,pi+,solid
326,11.0,0.152351,0.679858,0.323609,2.137619,0.304136,AUT,11423472.766371,0.003068,0.003052,0.003051,0.070207,0.001229,neutron,pi+,solid
327,11.0,0.160817,0.657721,0.323721,2.183100,0.299326,AUT,10879111.758963,0.003274,0.003206,0.003209,0.070207,0.001245,neutron,pi+,solid
328,11.0,0.168170,0.639711,0.323903,2.220473,0.295595,AUT,10972945.529199,0.003394,0.003279,0.003297,0.070207,0.001258,neutron,pi+,solid
329,11.0,0.175165,0.624748,0.323992,2.258767,0.292943,AUT,11072995.877618,0.003572,0.003387,0.003386,0.070207,0.001272,neutron,pi+,solid
330,11.0,0.182053,0.610981,0.324078,2.295875,0.290777,AUT,11094076.837834,0.003807,0.003512,0.003515,0.070207,0.001284,neutron,pi+,solid
331,11.0,0.188949,0.597851,0.324143,2.331640,0.289647,AUT,10991761.384548,0.004091,0.003681,0.003676,0.070207,0.001297,neutron,pi+,solid
332,11.0,0.195973,0.585957,0.324272,2.370191,0.288887,AUT,11123909.457478,0.004415,0.003840,0.003845,0.070207,0.001310,neutron,pi+,solid
333,11.0,0.203255,0.573386,0.324236,2.405537,0.288548,AUT,10968324.995196,0.004843,0.004083,0.004088,0.070207,0.001324,neutron,pi+,solid
334,11.0,0.210971,0.560277,0.324219,2.439745,0.288500,AUT,11292616.359177,0.005155,0.004239,0.004245,0.070207,0.001338,neutron,pi+,solid
335,11.0,0.219203,0.546829,0.324166,2.474078,0.288481,AUT,11163501.139482,0.005589,0.004511,0.004499,0.070207,0.001353,neutron,pi+,solid
336,11.0,0.228058,0.529744,0.324240,2.493493,0.289133,AUT,11194115.636538,0.006164,0.004864,0.004863,0.070207,0.001369,neutron,pi+,solid
337,11.0,0.237977,0.508303,0.324174,2.496512,0.289613,AUT,11275198.852258,0.006715,0.005270,0.005267,0.070207,0.001387,neutron,pi+,solid
338,11.0,0.249231,0.483706,0.324204,2.487987,0.290101,AUT,10901293.011497,0.006798,0.005520,0.005549,0.070207,0.001407,neutron,pi+,solid
339,11.0,0.262297,0.458960,0.324147,2.484326,0.290766,AUT,10854590.614891,0.006021,0.005345,0.005317,0.070207,0.001430,neutron,pi+,solid
340,11.0,0.277775,0.432036,0.324155,2.476414,0.290742,AUT,10888138.476741,0.005133,0.005183,0.005183,0.070207,0.001456,neutron,pi+,solid
341,11.0,0.296173,0.405156,0.324218,2.476029,0.290341,AUT,11010417.447732,0.004387,0.005195,0.005209,0.070207,0.001488,neutron,pi+,solid
342,11.0,0.319211,0.382004,0.324308,2.516448,0.289789,AUT,10958837.386614,0.003975,0.005540,0.005538,0.070207,0.001528,neutron,pi+,solid
343,11.0,0.355669,0.369099,0.324407,2.708530,0.287454,AUT,8430143.159499,0.004606,0.006794,0.006803,0.070207,0.001593,neutron,pi+,solid
344,11.0,0.142745,0.711874,0.324331,2.094883,0.482863,AUT,11189616.249279,0.003823,0.003427,0.003428,0.070207,0.001212,neutron,pi+,solid
345,11.0,0.160136,0.662668,0.324433,2.189436,0.485291,AUT,10696689.093563,0.004665,0.003961,0.003952,0.070207,0.001244,neutron,pi+,solid
346,11.0,0.174930,0.626251,0.324021,2.260495,0.487399,AUT,10742866.180950,0.004513,0.003948,0.003941,0.070207,0.001271,neutron,pi+,solid
347,11.0,0.189676,0.594253,0.324033,2.325906,0.487976,AUT,11149399.323832,0.004126,0.003801,0.003811,0.070207,0.001299,neutron,pi+,solid
348,11.0,0.204869,0.564885,0.324047,2.388046,0.489162,AUT,10902079.952499,0.003866,0.003812,0.003803,0.070207,0.001327,neutron,pi+,solid
349,11.0,0.221097,0.535544,0.323790,2.443213,0.489774,AUT,11084884.366027,0.003626,0.003809,0.003816,0.070207,0.001356,neutron,pi+,solid
350,11.0,0.239353,0.499740,0.323788,2.467687,0.490341,AUT,10959664.406681,0.003516,0.003967,0.003969,0.070207,0.001389,neutron,pi+,solid
351,11.0,0.261957,0.455852,0.323747,2.462914,0.491477,AUT,11125121.363800,0.003653,0.004278,0.004279,0.070207,0.001429,neutron,pi+,solid
352,11.0,0.291561,0.408784,0.323821,2.457426,0.491796,AUT,11037531.704071,0.004465,0.004960,0.004967,0.070207,0.001480,neutron,pi+,solid
353,11.0,0.336297,0.374175,0.323719,2.594961,0.492736,AUT,10054658.327002,0.006259,0.006445,0.006456,0.070207,0.001557,neutron,pi+,solid
354,11.0,0.160062,0.664735,0.325584,2.185474,0.671667,AUT,11029209.429290,0.003357,0.003286,0.003286,0.070207,0.001243,neutron,pi+,solid
355,11.0,0.204270,0.571564,0.326036,2.404203,0.668062,AUT,11114444.805136,0.004809,0.004209,0.004196,0.070207,0.001326,neutron,pi+,solid
356,11.0,0.265058,0.470330,0.327124,2.551250,0.657970,AUT,11124472.051275,0.008577,0.006241,0.006252,0.070207,0.001434,neutron,pi+,solid
357,11.0,0.346200,0.388019,0.327151,2.770980,0.638774,AUT,897752.701071,0.063335,0.039987,0.040056,0.070207,0.001578,neutron,pi+,solid
358,11.0,0.164777,0.638466,0.372885,2.165315,0.146952,AUT,10974640.832188,0.003230,0.003196,0.003206,0.070207,0.001261,neutron,pi+,solid
359,11.0,0.187958,0.581602,0.373482,2.255490,0.133217,AUT,11370610.274764,0.003240,0.003230,0.003228,0.070207,0.001305,neutron,pi+,solid
360,11.0,0.202560,0.553485,0.373607,2.313739,0.128251,AUT,10909538.184268,0.003425,0.003391,0.003393,0.070207,0.001333,neutron,pi+,solid
361,11.0,0.214906,0.533659,0.373530,2.366984,0.124807,AUT,11020339.039504,0.003502,0.003452,0.003442,0.070207,0.001356,neutron,pi+,solid
362,11.0,0.226642,0.516117,0.373731,2.414204,0.122009,AUT,11065186.241098,0.003580,0.003521,0.003519,0.070207,0.001378,neutron,pi+,solid
363,11.0,0.238488,0.497491,0.373646,2.448671,0.120141,AUT,11142622.974618,0.003644,0.003569,0.003567,0.070207,0.001400,neutron,pi+,solid
364,11.0,0.251167,0.476375,0.373798,2.469317,0.118709,AUT,11118391.466384,0.003706,0.003630,0.003626,0.070207,0.001423,neutron,pi+,solid
365,11.0,0.265444,0.454318,0.373708,2.488720,0.118781,AUT,10948956.112853,0.003770,0.003708,0.003704,0.070207,0.001449,neutron,pi+,solid
366,11.0,0.282738,0.427863,0.373869,2.496188,0.120824,AUT,11111744.201914,0.003721,0.003718,0.003715,0.070207,0.001480,neutron,pi+,solid
367,11.0,0.305540,0.398956,0.373534,2.514799,0.127335,AUT,10907342.294912,0.003854,0.003850,0.003851,0.070207,0.001520,neutron,pi+,solid
368,11.0,0.342898,0.376533,0.373307,2.662679,0.138159,AUT,8640354.413109,0.005099,0.004905,0.004904,0.070207,0.001588,neutron,pi+,solid
369,11.0,0.144354,0.703658,0.373082,2.094070,0.310966,AUT,11135488.963206,0.003043,0.003052,0.003047,0.070207,0.001223,neutron,pi+,solid
370,11.0,0.159078,0.660023,0.373475,2.166717,0.306236,AUT,11314116.178904,0.003114,0.003108,0.003112,0.070207,0.001250,neutron,pi+,solid
371,11.0,0.169497,0.634279,0.373719,2.218839,0.301245,AUT,11141934.703615,0.003267,0.003220,0.003224,0.070207,0.001270,neutron,pi+,solid
372,11.0,0.178672,0.615103,0.373822,2.268308,0.296806,AUT,11169429.258871,0.003436,0.003325,0.003324,0.070207,0.001288,neutron,pi+,solid
373,11.0,0.187364,0.598499,0.373957,2.314508,0.294090,AUT,10899084.408561,0.003711,0.003503,0.003506,0.070207,0.001305,neutron,pi+,solid
374,11.0,0.196028,0.583615,0.374064,2.361316,0.292229,AUT,11154950.341781,0.003976,0.003632,0.003632,0.070207,0.001321,neutron,pi+,solid
375,11.0,0.205102,0.568798,0.374127,2.407864,0.291097,AUT,11113409.708022,0.004369,0.003852,0.003856,0.070207,0.001339,neutron,pi+,solid
376,11.0,0.214643,0.553834,0.374190,2.453619,0.290024,AUT,10916819.694144,0.004806,0.004119,0.004115,0.070207,0.001357,neutron,pi+,solid
377,11.0,0.224770,0.536783,0.374226,2.490135,0.289670,AUT,10714968.690868,0.005418,0.004471,0.004482,0.070207,0.001376,neutron,pi+,solid
378,11.0,0.236093,0.513139,0.374213,2.500181,0.289787,AUT,11050090.454825,0.006107,0.004890,0.004877,0.070207,0.001396,neutron,pi+,solid
379,11.0,0.249615,0.483676,0.374143,2.491315,0.289731,AUT,11041239.937614,0.006631,0.005334,0.005316,0.070207,0.001421,neutron,pi+,solid
380,11.0,0.266266,0.451492,0.374187,2.480497,0.290963,AUT,10988894.642726,0.005787,0.005120,0.005096,0.070207,0.001451,neutron,pi+,solid
381,11.0,0.286649,0.417812,0.374208,2.470894,0.289968,AUT,11117969.781625,0.004607,0.004773,0.004779,0.070207,0.001487,neutron,pi+,solid
382,11.0,0.311808,0.386505,0.374311,2.486517,0.288333,AUT,10897205.311073,0.003955,0.004803,0.004789,0.070207,0.001531,neutron,pi+,solid
383,11.0,0.350494,0.370499,0.374364,2.678930,0.286092,AUT,9233263.742557,0.004486,0.005589,0.005582,0.070207,0.001602,neutron,pi+,solid
384,11.0,0.144243,0.706870,0.374190,2.101663,0.484845,AUT,10841819.139105,0.003586,0.003336,0.003330,0.070207,0.001223,neutron,pi+,solid
385,11.0,0.163594,0.654913,0.374506,2.210222,0.483229,AUT,11259129.159912,0.004935,0.004045,0.004051,0.070207,0.001259,neutron,pi+,solid
386,11.0,0.181342,0.614213,0.374444,2.297956,0.484881,AUT,11051424.741182,0.006200,0.004818,0.004819,0.070207,0.001293,neutron,pi+,solid
387,11.0,0.199328,0.577612,0.374331,2.375499,0.486494,AUT,10675582.820408,0.006145,0.004960,0.004983,0.070207,0.001328,neutron,pi+,solid
388,11.0,0.218868,0.541909,0.374153,2.446903,0.487355,AUT,11057618.915693,0.005190,0.004613,0.004628,0.070207,0.001364,neutron,pi+,solid
389,11.0,0.242493,0.495160,0.374090,2.475957,0.487954,AUT,11284441.503316,0.004290,0.004486,0.004485,0.070207,0.001408,neutron,pi+,solid
390,11.0,0.274178,0.436744,0.374139,2.467887,0.489001,AUT,10875618.764288,0.003752,0.004911,0.004914,0.070207,0.001464,neutron,pi+,solid
391,11.0,0.324314,0.381694,0.374029,2.550432,0.488692,AUT,10979727.529869,0.004286,0.006190,0.006182,0.070207,0.001553,neutron,pi+,solid
392,11.0,0.392074,0.361244,0.374136,2.923538,0.483085,AUT,164815.759613,0.048490,0.072414,0.072994,0.070207,0.001685,neutron,pi+,solid
393,11.0,0.160657,0.661832,0.374384,2.183372,0.682409,AUT,10886207.965997,0.003207,0.003215,0.003215,0.070207,0.001253,neutron,pi+,solid
394,11.0,0.204874,0.564182,0.374360,2.379836,0.683052,AUT,10970664.021136,0.003575,0.003658,0.003661,0.070207,0.001338,neutron,pi+,solid
395,11.0,0.257554,0.468039,0.374655,2.474933,0.678589,AUT,11078542.900173,0.005438,0.004829,0.004827,0.070207,0.001434,neutron,pi+,solid
396,11.0,0.320413,0.400142,0.373780,2.643476,0.662228,AUT,2945415.370952,0.017851,0.014002,0.013968,0.070207,0.001547,neutron,pi+,solid
397,11.0,0.197744,0.600856,0.378477,2.395770,0.857572,AUT,5042657.764879,0.009135,0.007108,0.007148,0.070207,0.001321,neutron,pi+,solid
398,11.0,0.172983,0.615726,0.423154,2.190762,0.142272,AUT,11129671.300793,0.003222,0.003209,0.003212,0.070207,0.001285,neutron,pi+,solid
399,11.0,0.199571,0.556850,0.423461,2.292764,0.129458,AUT,11095719.113259,0.003378,0.003368,0.003355,0.070207,0.001337,neutron,pi+,solid
400,11.0,0.217160,0.527419,0.423705,2.363525,0.125820,AUT,11043652.945107,0.003500,0.003467,0.003469,0.070207,0.001371,neutron,pi+,solid
401,11.0,0.233200,0.503599,0.423797,2.423515,0.123181,AUT,11162924.621556,0.003582,0.003543,0.003532,0.070207,0.001402,neutron,pi+,solid
402,11.0,0.249703,0.477839,0.423775,2.462138,0.121676,AUT,10960762.592815,0.003699,0.003645,0.003651,0.070207,0.001432,neutron,pi+,solid
403,11.0,0.268816,0.449225,0.423846,2.491585,0.122068,AUT,10873862.047608,0.003758,0.003724,0.003732,0.070207,0.001468,neutron,pi+,solid
404,11.0,0.294582,0.413708,0.423604,2.513441,0.126510,AUT,10904137.959990,0.003817,0.003821,0.003819,0.070207,0.001514,neutron,pi+,solid
405,11.0,0.335824,0.380535,0.423232,2.634745,0.138592,AUT,7576539.458317,0.005347,0.005131,0.005137,0.070207,0.001590,neutron,pi+,solid
406,11.0,0.148627,0.690186,0.423231,2.113701,0.311579,AUT,10959381.076935,0.003112,0.003115,0.003115,0.070207,0.001238,neutron,pi+,solid
407,11.0,0.166790,0.638801,0.423470,2.198446,0.306340,AUT,11270465.813894,0.003175,0.003167,0.003175,0.070207,0.001273,neutron,pi+,solid
408,11.0,0.179509,0.610114,0.423704,2.260253,0.300669,AUT,10947837.183818,0.003390,0.003337,0.003330,0.070207,0.001298,neutron,pi+,solid
409,11.0,0.190858,0.589144,0.423836,2.320686,0.296817,AUT,10960012.910576,0.003623,0.003474,0.003479,0.070207,0.001320,neutron,pi+,solid
410,11.0,0.202072,0.570997,0.423942,2.381380,0.294524,AUT,11034937.858932,0.003946,0.003658,0.003664,0.070207,0.001342,neutron,pi+,solid
411,11.0,0.213767,0.553242,0.424048,2.440879,0.292915,AUT,10978348.971577,0.004400,0.003919,0.003915,0.070207,0.001365,neutron,pi+,solid
412,11.0,0.226448,0.532084,0.424015,2.486535,0.290997,AUT,11005749.070036,0.004963,0.004226,0.004229,0.070207,0.001389,neutron,pi+,solid
413,11.0,0.241117,0.501968,0.424073,2.497341,0.290153,AUT,11151431.693751,0.005788,0.004722,0.004721,0.070207,0.001417,neutron,pi+,solid
414,11.0,0.259355,0.464523,0.424248,2.485481,0.290558,AUT,10954864.124046,0.005827,0.004948,0.004945,0.070207,0.001450,neutron,pi+,solid
415,11.0,0.282815,0.423325,0.424211,2.469437,0.289276,AUT,11062670.715647,0.004476,0.004401,0.004406,0.070207,0.001493,neutron,pi+,solid
416,11.0,0.312674,0.385988,0.424218,2.489657,0.287702,AUT,11127429.027317,0.003870,0.004358,0.004352,0.070207,0.001547,neutron,pi+,solid
417,11.0,0.353884,0.369335,0.424160,2.696618,0.288041,AUT,6657058.063581,0.005625,0.006296,0.006287,0.070207,0.001625,neutron,pi+,solid
418,11.0,0.147008,0.698265,0.424103,2.115173,0.489429,AUT,11086773.032043,0.003305,0.003196,0.003190,0.070207,0.001235,neutron,pi+,solid
419,11.0,0.168823,0.642191,0.424386,2.236319,0.484349,AUT,11196289.340909,0.004474,0.003826,0.003829,0.070207,0.001277,neutron,pi+,solid
420,11.0,0.189076,0.599111,0.424405,2.336793,0.485016,AUT,10907614.682236,0.006317,0.004866,0.004870,0.070207,0.001317,neutron,pi+,solid
421,11.0,0.211165,0.557007,0.424340,2.426212,0.486852,AUT,11061986.140588,0.007098,0.005470,0.005461,0.070207,0.001360,neutron,pi+,solid
422,11.0,0.237239,0.506854,0.424342,2.479097,0.487815,AUT,10885730.647181,0.005865,0.005163,0.005169,0.070207,0.001409,neutron,pi+,solid
423,11.0,0.274076,0.438324,0.424144,2.473884,0.488156,AUT,11177648.999577,0.004253,0.005093,0.005091,0.070207,0.001477,neutron,pi+,solid
424,11.0,0.328749,0.380276,0.424130,2.576396,0.486308,AUT,8013547.415856,0.004666,0.007599,0.007582,0.070207,0.001577,neutron,pi+,solid
425,11.0,0.163699,0.654926,0.424426,2.198570,0.684880,AUT,10994304.871019,0.003985,0.003649,0.003650,0.070207,0.001267,neutron,pi+,solid
426,11.0,0.216466,0.541317,0.424163,2.409105,0.687163,AUT,11016281.537417,0.003451,0.003770,0.003769,0.070207,0.001369,neutron,pi+,solid
427,11.0,0.280895,0.437598,0.423817,2.523822,0.680293,AUT,8068576.099060,0.005408,0.005925,0.005918,0.070207,0.001488,neutron,pi+,solid
428,11.0,0.200690,0.587927,0.426200,2.377916,0.879883,AUT,8545504.607966,0.005122,0.004546,0.004541,0.070207,0.001335,neutron,pi+,solid
429,11.0,0.180743,0.596323,0.473275,2.215707,0.138248,AUT,10844377.258306,0.003309,0.003314,0.003304,0.070207,0.001308,neutron,pi+,solid
430,11.0,0.211751,0.534013,0.473618,2.332591,0.127470,AUT,11105267.429205,0.003476,0.003447,0.003447,0.070207,0.001370,neutron,pi+,solid
431,11.0,0.234126,0.500486,0.473658,2.417562,0.124895,AUT,10989732.107935,0.003608,0.003576,0.003583,0.070207,0.001414,neutron,pi+,solid
432,11.0,0.257397,0.466021,0.473671,2.474499,0.123749,AUT,11057979.634186,0.003705,0.003677,0.003678,0.070207,0.001458,neutron,pi+,solid
433,11.0,0.288875,0.422509,0.473612,2.515831,0.126848,AUT,10948237.676215,0.003813,0.003804,0.003819,0.070207,0.001517,neutron,pi+,solid
434,11.0,0.335055,0.382037,0.473332,2.639075,0.140215,AUT,5139067.895597,0.006586,0.006292,0.006297,0.070207,0.001604,neutron,pi+,solid
435,11.0,0.153886,0.674084,0.473279,2.135843,0.311778,AUT,11236585.679393,0.003124,0.003121,0.003123,0.070207,0.001255,neutron,pi+,solid
436,11.0,0.175661,0.616261,0.473640,2.233493,0.305292,AUT,10807661.578971,0.003323,0.003308,0.003306,0.070207,0.001299,neutron,pi+,solid
437,11.0,0.191146,0.585725,0.473913,2.310393,0.300004,AUT,10948647.144375,0.003533,0.003447,0.003447,0.070207,0.001330,neutron,pi+,solid
438,11.0,0.205934,0.561943,0.473875,2.388187,0.295732,AUT,11060699.857780,0.003879,0.003643,0.003644,0.070207,0.001359,neutron,pi+,solid
439,11.0,0.221508,0.538999,0.473987,2.463773,0.293479,AUT,11113288.216480,0.004386,0.003931,0.003927,0.070207,0.001390,neutron,pi+,solid
440,11.0,0.239309,0.505228,0.474116,2.494334,0.291212,AUT,11081285.411032,0.005155,0.004387,0.004403,0.070207,0.001424,neutron,pi+,solid
441,11.0,0.261969,0.459045,0.474149,2.480074,0.290264,AUT,11150669.967151,0.005055,0.004466,0.004469,0.070207,0.001467,neutron,pi+,solid
442,11.0,0.291954,0.409538,0.474166,2.465390,0.289350,AUT,10928836.092422,0.004027,0.004125,0.004128,0.070207,0.001522,neutron,pi+,solid
443,11.0,0.337006,0.374623,0.474032,2.603422,0.290475,AUT,10663395.966877,0.004281,0.004584,0.004582,0.070207,0.001608,neutron,pi+,solid
444,11.0,0.150503,0.687453,0.473938,2.130916,0.493899,AUT,11219522.945757,0.003216,0.003160,0.003165,0.070207,0.001248,neutron,pi+,solid
445,11.0,0.175478,0.627464,0.474345,2.270923,0.486317,AUT,11007231.241160,0.004238,0.003744,0.003747,0.070207,0.001299,neutron,pi+,solid
446,11.0,0.199633,0.579651,0.474429,2.386515,0.485846,AUT,11143353.010378,0.006159,0.004792,0.004785,0.070207,0.001347,neutron,pi+,solid
447,11.0,0.228092,0.525662,0.474219,2.471293,0.488110,AUT,11031493.007870,0.007248,0.005644,0.005627,0.070207,0.001403,neutron,pi+,solid
448,11.0,0.268380,0.448399,0.474261,2.476601,0.488587,AUT,10885619.890133,0.005094,0.005226,0.005222,0.070207,0.001478,neutron,pi+,solid
449,11.0,0.325875,0.384257,0.473868,2.580169,0.482377,AUT,6817309.557509,0.005081,0.007901,0.007899,0.070207,0.001586,neutron,pi+,solid
450,11.0,0.166525,0.649596,0.474714,2.215675,0.683346,AUT,11084976.797773,0.005107,0.004244,0.004242,0.070207,0.001280,neutron,pi+,solid
451,11.0,0.230463,0.516838,0.474266,2.441333,0.686170,AUT,10938881.132546,0.003904,0.004262,0.004264,0.070207,0.001406,neutron,pi+,solid
452,11.0,0.297447,0.426011,0.473486,2.611286,0.671719,AUT,3072370.469667,0.007556,0.011276,0.011272,0.070207,0.001533,neutron,pi+,solid
453,11.0,0.198026,0.589731,0.475064,2.357190,0.902672,AUT,9613347.297862,0.003894,0.003866,0.003859,0.070207,0.001339,neutron,pi+,solid
454,11.0,0.189410,0.576220,0.523524,2.241988,0.134797,AUT,11070568.978751,0.003332,0.003335,0.003328,0.070207,0.001334,neutron,pi+,solid
455,11.0,0.226503,0.510331,0.523660,2.383743,0.127057,AUT,11089294.046345,0.003548,0.003537,0.003537,0.070207,0.001410,neutron,pi+,solid
456,11.0,0.257883,0.464776,0.523632,2.471142,0.124953,AUT,10933294.721102,0.003742,0.003720,0.003722,0.070207,0.001472,neutron,pi+,solid
457,11.0,0.307074,0.406509,0.523529,2.566978,0.133052,AUT,9902633.103299,0.004188,0.004167,0.004176,0.070207,0.001566,neutron,pi+,solid
458,11.0,0.159726,0.657214,0.523457,2.159685,0.312323,AUT,11027405.589081,0.003201,0.003198,0.003203,0.070207,0.001274,neutron,pi+,solid
459,11.0,0.186240,0.592518,0.523707,2.276389,0.304106,AUT,11203821.961041,0.003387,0.003345,0.003351,0.070207,0.001329,neutron,pi+,solid
460,11.0,0.206458,0.558294,0.523847,2.378242,0.298012,AUT,11318011.043531,0.003758,0.003580,0.003573,0.070207,0.001371,neutron,pi+,solid
461,11.0,0.227098,0.526959,0.524018,2.468813,0.294954,AUT,11132608.069303,0.004400,0.003957,0.003967,0.070207,0.001412,neutron,pi+,solid
462,11.0,0.251579,0.478908,0.524124,2.484244,0.291018,AUT,11005315.484088,0.004895,0.004320,0.004326,0.070207,0.001460,neutron,pi+,solid
463,11.0,0.284916,0.419756,0.523975,2.464772,0.290388,AUT,10920343.141549,0.004058,0.004037,0.004036,0.070207,0.001523,neutron,pi+,solid
464,11.0,0.333889,0.376578,0.523943,2.592261,0.294394,AUT,9413633.246531,0.004622,0.004776,0.004784,0.070207,0.001618,neutron,pi+,solid
465,11.0,0.154520,0.675547,0.523929,2.148489,0.495742,AUT,11084617.678722,0.003238,0.003198,0.003195,0.070207,0.001264,neutron,pi+,solid
466,11.0,0.183565,0.610115,0.524316,2.309469,0.488227,AUT,10892575.638896,0.004229,0.003794,0.003789,0.070207,0.001324,neutron,pi+,solid
467,11.0,0.213272,0.555312,0.524309,2.441312,0.487890,AUT,11057046.273039,0.006366,0.004966,0.004955,0.070207,0.001385,neutron,pi+,solid
468,11.0,0.254034,0.474121,0.524329,2.477330,0.489594,AUT,10976715.909833,0.006294,0.005436,0.005445,0.070207,0.001464,neutron,pi+,solid
469,11.0,0.313274,0.398550,0.523382,2.571007,0.480095,AUT,6773422.560256,0.005394,0.007148,0.007159,0.070207,0.001578,neutron,pi+,solid
470,11.0,0.168494,0.645986,0.524773,2.227564,0.684169,AUT,11105888.436468,0.005017,0.004147,0.004151,0.070207,0.001292,neutron,pi+,solid
471,11.0,0.244328,0.500337,0.524066,2.495922,0.682423,AUT,10648928.335353,0.004637,0.004856,0.004855,0.070207,0.001443,neutron,pi+,solid
472,11.0,0.193199,0.600019,0.524581,2.346801,0.920563,AUT,9088534.880106,0.003694,0.003852,0.003865,0.070207,0.001340,neutron,pi+,solid
473,11.0,0.198215,0.558164,0.573573,2.270891,0.132723,AUT,10823928.453385,0.003450,0.003448,0.003449,0.070207,0.001363,neutron,pi+,solid
474,11.0,0.244097,0.483866,0.573615,2.433634,0.127044,AUT,10974298.485474,0.003694,0.003676,0.003678,0.070207,0.001458,neutron,pi+,solid
475,11.0,0.298502,0.416737,0.573516,2.555800,0.132366,AUT,9013489.954087,0.004367,0.004346,0.004340,0.070207,0.001566,neutron,pi+,solid
476,11.0,0.166258,0.639407,0.573496,2.184802,0.311416,AUT,11015333.432705,0.003251,0.003253,0.003250,0.070207,0.001297,neutron,pi+,solid
477,11.0,0.197884,0.569625,0.573815,2.324814,0.302216,AUT,10993416.080531,0.003580,0.003510,0.003500,0.070207,0.001364,neutron,pi+,solid
478,11.0,0.223533,0.530161,0.573891,2.444343,0.296429,AUT,10780936.003252,0.004187,0.003894,0.003890,0.070207,0.001418,neutron,pi+,solid
479,11.0,0.253571,0.474605,0.574102,2.479924,0.291735,AUT,10951982.425028,0.004512,0.004141,0.004141,0.070207,0.001478,neutron,pi+,solid
480,11.0,0.298399,0.405030,0.573702,2.489024,0.292720,AUT,10994819.131294,0.003935,0.004004,0.004010,0.070207,0.001565,neutron,pi+,solid
481,11.0,0.351131,0.375533,0.571831,2.720605,0.291904,AUT,2681690.796036,0.009797,0.009652,0.009682,0.070207,0.001674,neutron,pi+,solid
482,11.0,0.159467,0.661938,0.573822,2.170636,0.497126,AUT,11111413.888215,0.003257,0.003241,0.003235,0.070207,0.001283,neutron,pi+,solid
483,11.0,0.194595,0.588694,0.574224,2.361208,0.489498,AUT,10991039.343251,0.004435,0.003915,0.003926,0.070207,0.001358,neutron,pi+,solid
484,11.0,0.234244,0.514288,0.574220,2.478078,0.489400,AUT,11110558.967014,0.006816,0.005345,0.005344,0.070207,0.001439,neutron,pi+,solid
485,11.0,0.292579,0.425623,0.573087,2.562494,0.482094,AUT,7140657.588787,0.006108,0.006510,0.006511,0.070207,0.001554,neutron,pi+,solid
486,11.0,0.171006,0.640952,0.574555,2.242009,0.685599,AUT,10920613.055004,0.004689,0.003980,0.003995,0.070207,0.001307,neutron,pi+,solid
487,11.0,0.242468,0.506394,0.573807,2.516478,0.681919,AUT,7718092.610461,0.006846,0.006332,0.006316,0.070207,0.001454,neutron,pi+,solid
488,11.0,0.187391,0.614507,0.574371,2.337772,0.927050,AUT,8000535.142851,0.004446,0.004387,0.004386,0.070207,0.001339,neutron,pi+,solid
489,11.0,0.208210,0.540734,0.623591,2.307394,0.131257,AUT,10934267.938237,0.003521,0.003513,0.003521,0.070207,0.001397,neutron,pi+,solid
490,11.0,0.276134,0.444398,0.623337,2.516948,0.129330,AUT,10876318.177355,0.003880,0.003874,0.003884,0.070207,0.001538,neutron,pi+,solid
491,11.0,0.173695,0.620835,0.623616,2.213572,0.310793,AUT,11013331.101549,0.003316,0.003318,0.003312,0.070207,0.001324,neutron,pi+,solid
492,11.0,0.212518,0.544259,0.623862,2.384630,0.300062,AUT,11117220.796805,0.003802,0.003660,0.003658,0.070207,0.001409,neutron,pi+,solid
493,11.0,0.249357,0.481986,0.624033,2.474978,0.293748,AUT,10979702.876618,0.004330,0.004040,0.004041,0.070207,0.001485,neutron,pi+,solid
494,11.0,0.300703,0.415031,0.622371,2.570837,0.290922,AUT,8160868.294499,0.004638,0.004671,0.004677,0.070207,0.001589,neutron,pi+,solid
495,11.0,0.165356,0.647057,0.623811,2.197800,0.498210,AUT,11012748.949747,0.003339,0.003317,0.003310,0.070207,0.001306,neutron,pi+,solid
496,11.0,0.208337,0.564329,0.624144,2.421150,0.490966,AUT,10974613.666182,0.004812,0.004166,0.004172,0.070207,0.001400,neutron,pi+,solid
497,11.0,0.263961,0.470294,0.623092,2.548978,0.485052,AUT,8870003.186314,0.007023,0.005972,0.005981,0.070207,0.001514,neutron,pi+,solid
498,11.0,0.176058,0.630104,0.624390,2.265485,0.688008,AUT,11081333.868454,0.004436,0.003879,0.003876,0.070207,0.001329,neutron,pi+,solid
499,11.0,0.243201,0.513701,0.623030,2.570367,0.679101,AUT,4377946.747674,0.011247,0.009304,0.009302,0.070207,0.001473,neutron,pi+,solid
500,11.0,0.180391,0.632126,0.624063,2.322154,0.923865,AUT,6686059.348782,0.006234,0.005425,0.005417,0.070207,0.001337,neutron,pi+,solid
501,11.0,0.220540,0.520436,0.673687,2.346152,0.130850,AUT,11025722.743947,0.003612,0.003602,0.003603,0.070207,0.001438,neutron,pi+,solid
502,11.0,0.287141,0.440092,0.672174,2.604079,0.126706,AUT,3848337.024627,0.006730,0.006729,0.006715,0.070207,0.001583,neutron,pi+,solid
503,11.0,0.182664,0.600206,0.673469,2.247192,0.309193,AUT,11130002.667961,0.003395,0.003385,0.003387,0.070207,0.001356,neutron,pi+,solid
504,11.0,0.231622,0.511965,0.673814,2.441564,0.297479,AUT,10995757.245378,0.004093,0.003890,0.003891,0.070207,0.001465,neutron,pi+,solid
505,11.0,0.281029,0.450415,0.671464,2.608110,0.288744,AUT,6043312.521023,0.005621,0.005477,0.005472,0.070207,0.001570,neutron,pi+,solid
506,11.0,0.172345,0.630894,0.673801,2.230271,0.498440,AUT,10947885.139446,0.003427,0.003394,0.003402,0.070207,0.001334,neutron,pi+,solid
507,11.0,0.230334,0.529449,0.673380,2.503580,0.488507,AUT,10975291.166500,0.005585,0.004650,0.004637,0.070207,0.001462,neutron,pi+,solid
508,11.0,0.296987,0.460538,0.667477,2.821933,0.464155,AUT,459334.130970,0.028728,0.025869,0.025863,0.070207,0.001605,neutron,pi+,solid
509,11.0,0.183373,0.619003,0.674034,2.313601,0.687206,AUT,10986538.138479,0.004465,0.003928,0.003926,0.070207,0.001357,neutron,pi+,solid
510,11.0,0.254136,0.525289,0.670229,2.752940,0.667870,AUT,875446.987553,0.032363,0.024059,0.024068,0.070207,0.001516,neutron,pi+,solid
511,11.0,0.172912,0.651062,0.673368,2.300811,0.912817,AUT,4943017.816339,0.008348,0.006741,0.006728,0.070207,0.001335,neutron,pi+,solid
512,11.0,0.248882,0.618671,0.323588,3.175426,0.129279,AUT,4938020.007250,0.005359,0.005311,0.005326,0.070207,0.001409,neutron,pi+,solid
513,11.0,0.270015,0.590414,0.323620,3.290280,0.125048,AUT,4956501.549771,0.005560,0.005496,0.005482,0.070207,0.001447,neutron,pi+,solid
514,11.0,0.284437,0.572895,0.323801,3.363169,0.121772,AUT,5020031.878921,0.005723,0.005590,0.005593,0.070207,0.001472,neutron,pi+,solid
515,11.0,0.298004,0.547704,0.323929,3.368513,0.118349,AUT,4888069.693537,0.005964,0.005795,0.005798,0.070207,0.001496,neutron,pi+,solid
516,11.0,0.312550,0.521030,0.323846,3.360829,0.115962,AUT,4981898.536663,0.006038,0.005854,0.005847,0.070207,0.001521,neutron,pi+,solid
517,11.0,0.328590,0.497543,0.323766,3.374087,0.115600,AUT,5044823.225785,0.006046,0.005890,0.005888,0.070207,0.001548,neutron,pi+,solid
518,11.0,0.346410,0.477829,0.323742,3.416163,0.117688,AUT,5007076.052686,0.005995,0.005944,0.005939,0.070207,0.001580,neutron,pi+,solid
519,11.0,0.366604,0.458514,0.323794,3.468974,0.122440,AUT,5045890.147531,0.005991,0.006000,0.006006,0.070207,0.001617,neutron,pi+,solid
520,11.0,0.392043,0.433106,0.323468,3.503386,0.130259,AUT,5013258.066508,0.006390,0.006342,0.006360,0.070207,0.001666,neutron,pi+,solid
521,11.0,0.427445,0.414663,0.323181,3.657747,0.139422,AUT,3240901.618019,0.009761,0.009248,0.009219,0.070207,0.001740,neutron,pi+,solid
522,11.0,0.242897,0.633684,0.324099,3.174876,0.288293,AUT,5108485.503776,0.006509,0.005827,0.005830,0.070207,0.001399,neutron,pi+,solid
523,11.0,0.262978,0.610449,0.324217,3.313356,0.288078,AUT,5012963.170660,0.008131,0.006728,0.006719,0.070207,0.001435,neutron,pi+,solid
524,11.0,0.277486,0.597078,0.324152,3.419668,0.288409,AUT,5006750.876141,0.008864,0.007157,0.007162,0.070207,0.001461,neutron,pi+,solid
525,11.0,0.291249,0.572510,0.324236,3.440969,0.288347,AUT,4993715.414951,0.010086,0.007907,0.007899,0.070207,0.001484,neutron,pi+,solid
526,11.0,0.307642,0.533026,0.324065,3.383690,0.289353,AUT,4873757.039322,0.011344,0.008928,0.008946,0.070207,0.001512,neutron,pi+,solid
527,11.0,0.327102,0.499176,0.324106,3.369420,0.289892,AUT,4948622.505550,0.009626,0.008457,0.008443,0.070207,0.001546,neutron,pi+,solid
528,11.0,0.349075,0.473476,0.324152,3.410748,0.289716,AUT,5015534.023602,0.007917,0.008021,0.007984,0.070207,0.001585,neutron,pi+,solid
529,11.0,0.373190,0.448753,0.324304,3.455736,0.288432,AUT,5014243.756399,0.006765,0.007895,0.007914,0.070207,0.001629,neutron,pi+,solid
530,11.0,0.401546,0.421190,0.324471,3.489894,0.286526,AUT,5056323.296958,0.006256,0.008088,0.008109,0.070207,0.001685,neutron,pi+,solid
531,11.0,0.436387,0.410947,0.324547,3.701354,0.284813,AUT,2716376.342965,0.009247,0.011798,0.011800,0.070207,0.001761,neutron,pi+,solid
532,11.0,0.255168,0.617757,0.324243,3.249375,0.486554,AUT,4973192.007248,0.008190,0.007111,0.007123,0.070207,0.001421,neutron,pi+,solid
533,11.0,0.289102,0.571168,0.324150,3.404996,0.486948,AUT,5037972.462251,0.006921,0.007025,0.007018,0.070207,0.001480,neutron,pi+,solid
534,11.0,0.325913,0.501468,0.323983,3.369361,0.487824,AUT,5024775.852796,0.005865,0.007735,0.007730,0.070207,0.001544,neutron,pi+,solid
535,11.0,0.372396,0.449246,0.324022,3.448382,0.488526,AUT,5037586.413005,0.006287,0.008971,0.008976,0.070207,0.001628,neutron,pi+,solid
536,11.0,0.422427,0.413129,0.324021,3.601514,0.487583,AUT,2470645.389803,0.011735,0.016150,0.016135,0.070207,0.001730,neutron,pi+,solid
537,11.0,0.281332,0.577607,0.324702,3.333533,0.675676,AUT,5064156.674174,0.007290,0.006730,0.006736,0.070207,0.001466,neutron,pi+,solid
538,11.0,0.366223,0.462476,0.324930,3.484145,0.664573,AUT,3303147.461238,0.018484,0.013824,0.013852,0.070207,0.001617,neutron,pi+,solid
539,11.0,0.254387,0.609691,0.373427,3.197682,0.129039,AUT,5003560.685420,0.005389,0.005372,0.005390,0.070207,0.001433,neutron,pi+,solid
540,11.0,0.279365,0.577377,0.373590,3.328785,0.125014,AUT,4964127.010888,0.005644,0.005593,0.005570,0.070207,0.001479,neutron,pi+,solid
541,11.0,0.297998,0.546254,0.373687,3.359030,0.121617,AUT,5015040.635140,0.005790,0.005715,0.005713,0.070207,0.001512,neutron,pi+,solid
542,11.0,0.317925,0.512436,0.373845,3.361811,0.119456,AUT,5007604.968215,0.005949,0.005846,0.005865,0.070207,0.001547,neutron,pi+,solid
543,11.0,0.340567,0.484635,0.373820,3.405942,0.120677,AUT,4995622.185068,0.006031,0.005991,0.005957,0.070207,0.001588,neutron,pi+,solid
544,11.0,0.368064,0.458464,0.373550,3.481504,0.125309,AUT,5058720.178240,0.006056,0.006064,0.006066,0.070207,0.001640,neutron,pi+,solid
545,11.0,0.410230,0.424052,0.373205,3.587434,0.138139,AUT,4500476.540670,0.007548,0.007270,0.007291,0.070207,0.001727,neutron,pi+,solid
546,11.0,0.245660,0.629029,0.373946,3.187099,0.292087,AUT,5047861.390531,0.006032,0.005658,0.005640,0.070207,0.001418,neutron,pi+,solid
547,11.0,0.268041,0.604835,0.374155,3.345983,0.290197,AUT,4975213.891714,0.007328,0.006385,0.006382,0.070207,0.001459,neutron,pi+,solid
548,11.0,0.285228,0.584711,0.374042,3.441600,0.290608,AUT,5027623.558452,0.008421,0.006991,0.006997,0.070207,0.001490,neutron,pi+,solid
549,11.0,0.304586,0.540370,0.374070,3.395510,0.289598,AUT,5105305.928626,0.010192,0.008092,0.008098,0.070207,0.001524,neutron,pi+,solid
550,11.0,0.328931,0.496967,0.374243,3.372710,0.289552,AUT,5007427.251335,0.008987,0.007820,0.007843,0.070207,0.001567,neutron,pi+,solid
551,11.0,0.356158,0.465920,0.374236,3.423932,0.288386,AUT,4988395.842869,0.007011,0.007153,0.007141,0.070207,0.001617,neutron,pi+,solid
552,11.0,0.386096,0.434533,0.374226,3.461207,0.286487,AUT,4976764.701796,0.006278,0.007142,0.007120,0.070207,0.001676,neutron,pi+,solid
553,11.0,0.424682,0.412428,0.374173,3.614740,0.286523,AUT,4224779.843302,0.007534,0.008540,0.008566,0.070207,0.001760,neutron,pi+,solid
554,11.0,0.258959,0.614206,0.374322,3.277879,0.485338,AUT,5043036.423470,0.011802,0.008953,0.008903,0.070207,0.001442,neutron,pi+,solid
555,11.0,0.299504,0.550305,0.374286,3.395826,0.486623,AUT,4954702.949352,0.008786,0.008182,0.008178,0.070207,0.001515,neutron,pi+,solid
556,11.0,0.349115,0.474262,0.374186,3.411740,0.486990,AUT,5075760.143248,0.006485,0.008797,0.008807,0.070207,0.001604,neutron,pi+,solid
557,11.0,0.408487,0.421106,0.374194,3.546919,0.485688,AUT,3444530.048189,0.007929,0.013280,0.013265,0.070207,0.001724,neutron,pi+,solid
558,11.0,0.288375,0.564532,0.374156,3.331243,0.686304,AUT,5049968.917618,0.005680,0.006277,0.006289,0.070207,0.001493,neutron,pi+,solid
559,11.0,0.373893,0.455378,0.373791,3.507927,0.673530,AUT,2092319.995372,0.014993,0.015207,0.015203,0.070207,0.001652,neutron,pi+,solid
560,11.0,0.292233,0.569238,0.377090,3.400525,0.862187,AUT,1281324.961846,0.024394,0.018373,0.018308,0.070207,0.001500,neutron,pi+,solid
561,11.0,0.260786,0.600115,0.423448,3.225422,0.128116,AUT,5028171.079695,0.005479,0.005446,0.005459,0.070207,0.001457,neutron,pi+,solid
562,11.0,0.291290,0.556642,0.423623,3.345028,0.125123,AUT,4967375.228917,0.005741,0.005689,0.005708,0.070207,0.001514,neutron,pi+,solid
563,11.0,0.317696,0.512928,0.423689,3.361825,0.122810,AUT,5032556.240763,0.005920,0.005846,0.005861,0.070207,0.001562,neutron,pi+,solid
564,11.0,0.349216,0.477182,0.423660,3.437660,0.123381,AUT,4985655.454324,0.006121,0.006066,0.006066,0.070207,0.001622,neutron,pi+,solid
565,11.0,0.397826,0.434801,0.423351,3.563931,0.136249,AUT,4640899.952307,0.007018,0.006878,0.006860,0.070207,0.001721,neutron,pi+,solid
566,11.0,0.249450,0.623248,0.423900,3.206083,0.296084,AUT,4990080.062045,0.005877,0.005612,0.005617,0.070207,0.001437,neutron,pi+,solid
567,11.0,0.275330,0.595934,0.423983,3.386182,0.292512,AUT,5024667.570725,0.007089,0.006280,0.006294,0.070207,0.001485,neutron,pi+,solid
568,11.0,0.297351,0.556860,0.424158,3.415566,0.290569,AUT,4986676.536195,0.008829,0.007307,0.007325,0.070207,0.001526,neutron,pi+,solid
569,11.0,0.325454,0.502045,0.424201,3.370227,0.289486,AUT,5012984.367285,0.008401,0.007309,0.007333,0.070207,0.001577,neutron,pi+,solid
570,11.0,0.358397,0.463348,0.424193,3.425752,0.288375,AUT,5033480.843797,0.006530,0.006625,0.006613,0.070207,0.001640,neutron,pi+,solid
571,11.0,0.396311,0.426131,0.424133,3.483391,0.289336,AUT,4971376.425519,0.006483,0.007012,0.007010,0.070207,0.001718,neutron,pi+,solid
572,11.0,0.437036,0.410720,0.424009,3.704869,0.291544,AUT,1788818.798946,0.012935,0.013484,0.013468,0.070207,0.001813,neutron,pi+,solid
573,11.0,0.261977,0.611694,0.424485,3.301807,0.485613,AUT,4966595.798887,0.013009,0.009491,0.009456,0.070207,0.001460,neutron,pi+,solid
574,11.0,0.310959,0.528860,0.424155,3.384954,0.487311,AUT,5026819.572530,0.009564,0.008626,0.008638,0.070207,0.001550,neutron,pi+,solid
575,11.0,0.377495,0.445829,0.424190,3.463350,0.486523,AUT,5063377.913980,0.006572,0.009344,0.009363,0.070207,0.001678,neutron,pi+,solid
576,11.0,0.441032,0.411394,0.424012,3.744922,0.479636,AUT,582642.001392,0.020509,0.035211,0.035221,0.070207,0.001824,neutron,pi+,solid
577,11.0,0.298955,0.549993,0.424314,3.351120,0.684004,AUT,4962686.004329,0.005932,0.006930,0.006925,0.070207,0.001526,neutron,pi+,solid
578,11.0,0.390672,0.448371,0.423639,3.613493,0.661733,AUT,759576.393675,0.018768,0.028762,0.028777,0.070207,0.001706,neutron,pi+,solid
579,11.0,0.289744,0.569432,0.425051,3.375570,0.882791,AUT,1631124.267842,0.014215,0.012810,0.012853,0.070207,0.001510,neutron,pi+,solid
580,11.0,0.267873,0.590333,0.473489,3.257337,0.128198,AUT,5021898.278541,0.005560,0.005516,0.005539,0.070207,0.001483,neutron,pi+,solid
581,11.0,0.307518,0.528406,0.473598,3.350375,0.125609,AUT,5072325.158174,0.005807,0.005778,0.005795,0.070207,0.001558,neutron,pi+,solid
582,11.0,0.350261,0.476980,0.473682,3.444400,0.124837,AUT,5009153.516592,0.006129,0.006099,0.006105,0.070207,0.001641,neutron,pi+,solid
583,11.0,0.404573,0.430014,0.473300,3.586669,0.140425,AUT,2360179.733707,0.010461,0.010114,0.010071,0.070207,0.001757,neutron,pi+,solid
584,11.0,0.254201,0.616079,0.473767,3.228783,0.298131,AUT,4961872.847396,0.005885,0.005666,0.005672,0.070207,0.001458,neutron,pi+,solid
585,11.0,0.284944,0.580189,0.473897,3.410479,0.293482,AUT,4965026.767505,0.007235,0.006451,0.006458,0.070207,0.001517,neutron,pi+,solid
586,11.0,0.316267,0.517757,0.474108,3.376061,0.290372,AUT,4940420.125893,0.008197,0.007093,0.007108,0.070207,0.001575,neutron,pi+,solid
587,11.0,0.355350,0.466526,0.474033,3.418943,0.289872,AUT,4996541.706771,0.006480,0.006459,0.006452,0.070207,0.001651,neutron,pi+,solid
588,11.0,0.403779,0.422890,0.474102,3.521026,0.294345,AUT,4945983.932631,0.006856,0.007125,0.007111,0.070207,0.001755,neutron,pi+,solid
589,11.0,0.454800,0.408849,0.473918,3.838181,0.298763,AUT,359288.649624,0.033778,0.032513,0.032590,0.070207,0.001886,neutron,pi+,solid
590,11.0,0.266201,0.606771,0.474320,3.325851,0.486178,AUT,5092663.294586,0.011048,0.008353,0.008355,0.070207,0.001481,neutron,pi+,solid
591,11.0,0.327306,0.503304,0.474211,3.387910,0.488356,AUT,4965930.941787,0.009281,0.008688,0.008658,0.070207,0.001596,neutron,pi+,solid
592,11.0,0.397999,0.430717,0.473900,3.532380,0.481946,AUT,3066570.841185,0.008423,0.012194,0.012174,0.070207,0.001742,neutron,pi+,solid
593,11.0,0.287896,0.567495,0.474471,3.343806,0.732483,AUT,4999411.339015,0.006408,0.006708,0.006705,0.070207,0.001520,neutron,pi+,solid
594,11.0,0.369818,0.466655,0.473456,3.558548,0.677023,AUT,1144986.908490,0.013093,0.021398,0.021379,0.070207,0.001681,neutron,pi+,solid
595,11.0,0.276469,0.576841,0.523653,3.281465,0.128366,AUT,5017738.254868,0.005647,0.005646,0.005637,0.070207,0.001514,neutron,pi+,solid
596,11.0,0.331465,0.497026,0.523619,3.394055,0.125109,AUT,4955095.044930,0.006127,0.006102,0.006092,0.070207,0.001622,neutron,pi+,solid
597,11.0,0.392975,0.440796,0.523480,3.568570,0.137352,AUT,2378860.126574,0.009841,0.009690,0.009698,0.070207,0.001754,neutron,pi+,solid
598,11.0,0.260052,0.608020,0.523854,3.258913,0.299286,AUT,5040648.424889,0.005912,0.005692,0.005709,0.070207,0.001483,neutron,pi+,solid
599,11.0,0.298797,0.551514,0.524008,3.396107,0.292076,AUT,4963858.438570,0.007434,0.006623,0.006622,0.070207,0.001558,neutron,pi+,solid
600,11.0,0.344146,0.478877,0.523956,3.396975,0.291151,AUT,5003618.832523,0.006583,0.006423,0.006415,0.070207,0.001647,neutron,pi+,solid
601,11.0,0.402676,0.425586,0.523774,3.531798,0.297594,AUT,4732801.326498,0.007187,0.007240,0.007238,0.070207,0.001776,neutron,pi+,solid
602,11.0,0.270288,0.600903,0.524390,3.341442,0.487052,AUT,4987967.454944,0.009740,0.007703,0.007702,0.070207,0.001503,neutron,pi+,solid
603,11.0,0.346949,0.479374,0.524098,3.416023,0.487294,AUT,4900880.045985,0.008318,0.008348,0.008367,0.070207,0.001653,neutron,pi+,solid
604,11.0,0.418117,0.425508,0.521771,3.671294,0.465188,AUT,746539.169020,0.017487,0.023856,0.023832,0.070207,0.001814,neutron,pi+,solid
605,11.0,0.297313,0.557162,0.524109,3.377298,0.722507,AUT,5027544.488379,0.007849,0.007716,0.007704,0.070207,0.001553,neutron,pi+,solid
606,11.0,0.406387,0.459881,0.518553,3.857310,0.631507,AUT,34766.701940,0.084520,0.136121,0.136942,0.070207,0.001785,neutron,pi+,solid
607,11.0,0.286885,0.559705,0.573610,3.297813,0.128906,AUT,5030802.240633,0.005764,0.005767,0.005766,0.070207,0.001551,neutron,pi+,solid
608,11.0,0.363644,0.466823,0.573562,3.489397,0.130725,AUT,3847171.265781,0.007286,0.007263,0.007263,0.070207,0.001711,neutron,pi+,solid
609,11.0,0.266553,0.598622,0.573794,3.286910,0.299757,AUT,4989980.001898,0.006035,0.005830,0.005827,0.070207,0.001511,neutron,pi+,solid
610,11.0,0.317588,0.516732,0.573931,3.378493,0.292330,AUT,5011312.579601,0.006996,0.006524,0.006511,0.070207,0.001614,neutron,pi+,solid
611,11.0,0.384579,0.442600,0.573007,3.504489,0.296130,AUT,4862694.160232,0.006691,0.006775,0.006761,0.070207,0.001758,neutron,pi+,solid
612,11.0,0.276564,0.589440,0.574345,3.347383,0.488739,AUT,5008548.593952,0.008897,0.007339,0.007310,0.070207,0.001531,neutron,pi+,solid
613,11.0,0.357787,0.471643,0.573219,3.472628,0.482520,AUT,3334360.007334,0.009513,0.009793,0.009791,0.070207,0.001698,neutron,pi+,solid
614,11.0,0.289938,0.571045,0.573883,3.383273,0.732135,AUT,4107112.214828,0.010636,0.009292,0.009274,0.070207,0.001557,neutron,pi+,solid
615,11.0,0.301898,0.538777,0.623625,3.328771,0.129104,AUT,5066829.528834,0.005953,0.005922,0.005910,0.070207,0.001601,neutron,pi+,solid
616,11.0,0.382753,0.453532,0.622609,3.578991,0.133776,AUT,1193886.103622,0.013750,0.013653,0.013695,0.070207,0.001782,neutron,pi+,solid
617,11.0,0.274744,0.585164,0.623810,3.307492,0.299488,AUT,5013254.550906,0.006173,0.005967,0.005957,0.070207,0.001546,neutron,pi+,solid
618,11.0,0.344945,0.482581,0.623497,3.423976,0.294366,AUT,4970754.166768,0.006521,0.006444,0.006425,0.070207,0.001694,neutron,pi+,solid
619,11.0,0.408643,0.443855,0.618540,3.743155,0.285712,AUT,491537.478488,0.023012,0.022957,0.022931,0.070207,0.001847,neutron,pi+,solid
620,11.0,0.285441,0.573467,0.624054,3.350495,0.489925,AUT,5038497.002243,0.008454,0.007164,0.007177,0.070207,0.001568,neutron,pi+,solid
621,11.0,0.362897,0.477054,0.621046,3.571857,0.473265,AUT,1115197.118953,0.016574,0.016688,0.016650,0.070207,0.001735,neutron,pi+,solid
622,11.0,0.280709,0.587574,0.623386,3.381060,0.726671,AUT,2997459.166892,0.015892,0.012317,0.012265,0.070207,0.001558,neutron,pi+,solid
623,11.0,0.272297,0.586215,0.673719,3.285925,0.243991,AUT,5005340.238652,0.005979,0.005891,0.005882,0.070207,0.001561,neutron,pi+,solid
624,11.0,0.326851,0.505115,0.673192,3.400918,0.226740,AUT,4988915.802236,0.006461,0.006357,0.006359,0.070207,0.001679,neutron,pi+,solid
625,11.0,0.377755,0.473938,0.668657,3.694473,0.209942,AUT,986683.216435,0.015102,0.015062,0.015099,0.070207,0.001799,neutron,pi+,solid
626,11.0,0.275722,0.591990,0.673481,3.353185,0.547536,AUT,4977808.010046,0.008759,0.007324,0.007315,0.070207,0.001569,neutron,pi+,solid
627,11.0,0.340725,0.508112,0.668540,3.572015,0.478555,AUT,672486.160032,0.026513,0.022856,0.022693,0.070207,0.001710,neutron,pi+,solid
628,11.0,0.310957,0.651924,0.323487,4.182535,0.128066,AUT,2962940.846888,0.007492,0.007446,0.007414,0.070207,0.001521,neutron,pi+,solid
629,11.0,0.336543,0.632663,0.323585,4.394663,0.125556,AUT,3053069.603093,0.007649,0.007570,0.007554,0.070207,0.001566,neutron,pi+,solid
630,11.0,0.358091,0.619627,0.323614,4.579200,0.123511,AUT,3007688.249033,0.007926,0.007810,0.007816,0.070207,0.001606,neutron,pi+,solid
631,11.0,0.383389,0.583228,0.323840,4.613138,0.119463,AUT,2986913.071798,0.008263,0.008118,0.008124,0.070207,0.001654,neutron,pi+,solid
632,11.0,0.420184,0.521215,0.323533,4.514290,0.121414,AUT,2996109.617190,0.008360,0.008362,0.008357,0.070207,0.001729,neutron,pi+,solid
633,11.0,0.469099,0.455961,0.323100,4.411704,0.135923,AUT,1474240.729339,0.013941,0.013504,0.013532,0.070207,0.001844,neutron,pi+,solid
634,11.0,0.305924,0.658518,0.324298,4.157054,0.286761,AUT,3028794.281885,0.009389,0.008316,0.008318,0.070207,0.001512,neutron,pi+,solid
635,11.0,0.328796,0.641088,0.324252,4.350682,0.286612,AUT,3010621.174306,0.011734,0.009601,0.009585,0.070207,0.001553,neutron,pi+,solid
636,11.0,0.349312,0.631831,0.324339,4.555403,0.286983,AUT,3026329.835099,0.013783,0.010761,0.010750,0.070207,0.001590,neutron,pi+,solid
637,11.0,0.374502,0.599215,0.324101,4.629349,0.288864,AUT,2984723.920636,0.017299,0.012964,0.012958,0.070207,0.001637,neutron,pi+,solid
638,11.0,0.414932,0.527133,0.324150,4.507038,0.288125,AUT,2957900.034307,0.011349,0.010609,0.010631,0.070207,0.001718,neutron,pi+,solid
639,11.0,0.468118,0.453612,0.324377,4.379292,0.285153,AUT,2058853.012486,0.010723,0.012962,0.012948,0.070207,0.001843,neutron,pi+,solid
640,11.0,0.321136,0.646730,0.324314,4.283537,0.484724,AUT,2988237.266284,0.013501,0.011066,0.011036,0.070207,0.001539,neutron,pi+,solid
641,11.0,0.374421,0.596105,0.324123,4.594830,0.485458,AUT,2979302.358623,0.011028,0.010922,0.010950,0.070207,0.001637,neutron,pi+,solid
642,11.0,0.450323,0.476251,0.324109,4.413328,0.485709,AUT,1572943.335635,0.011995,0.018607,0.018622,0.070207,0.001798,neutron,pi+,solid
643,11.0,0.356246,0.609523,0.324814,4.445495,0.701642,AUT,2973290.915753,0.009467,0.009328,0.009292,0.070207,0.001602,neutron,pi+,solid
644,11.0,0.461687,0.471251,0.323544,4.489772,0.647595,AUT,134360.660951,0.085003,0.076403,0.076396,0.070207,0.001826,neutron,pi+,solid
645,11.0,0.317374,0.646119,0.373421,4.229985,0.127348,AUT,2985296.599954,0.007588,0.007534,0.007531,0.070207,0.001550,neutron,pi+,solid
646,11.0,0.350670,0.623722,0.373504,4.513789,0.125562,AUT,3005975.819068,0.007865,0.007814,0.007813,0.070207,0.001612,neutron,pi+,solid
647,11.0,0.384881,0.580550,0.373662,4.607744,0.123032,AUT,3020606.769898,0.008198,0.008105,0.008116,0.070207,0.001679,neutron,pi+,solid
648,11.0,0.440705,0.493747,0.373446,4.475605,0.129546,AUT,2596910.499407,0.009371,0.009350,0.009334,0.070207,0.001803,neutron,pi+,solid
649,11.0,0.308725,0.655869,0.373884,4.177922,0.290426,AUT,2971082.625726,0.008645,0.008027,0.008029,0.070207,0.001534,neutron,pi+,solid
650,11.0,0.335405,0.637676,0.374132,4.414447,0.288017,AUT,3011496.141087,0.010277,0.008922,0.008938,0.070207,0.001584,neutron,pi+,solid
651,11.0,0.361590,0.619147,0.374179,4.619238,0.288240,AUT,2962437.218755,0.012972,0.010484,0.010501,0.070207,0.001634,neutron,pi+,solid
652,11.0,0.403163,0.548211,0.374150,4.552435,0.288430,AUT,3039180.888913,0.011555,0.010155,0.010172,0.070207,0.001717,neutron,pi+,solid
653,11.0,0.463307,0.458956,0.374204,4.383111,0.287010,AUT,2046608.550843,0.010909,0.011978,0.012009,0.070207,0.001860,neutron,pi+,solid
654,11.0,0.326214,0.644056,0.374279,4.332455,0.485116,AUT,3017469.459454,0.019044,0.013774,0.013755,0.070207,0.001566,neutron,pi+,solid
655,11.0,0.400544,0.553629,0.374267,4.540609,0.485930,AUT,2960343.615016,0.011281,0.011331,0.011327,0.070207,0.001712,neutron,pi+,solid
656,11.0,0.484529,0.442129,0.374198,4.422194,0.482708,AUT,301292.523171,0.029815,0.052228,0.052157,0.070207,0.001919,neutron,pi+,solid
657,11.0,0.358023,0.607660,0.374626,4.447618,0.721797,AUT,2842492.833543,0.008043,0.009015,0.009022,0.070207,0.001626,neutron,pi+,solid
658,11.0,0.325525,0.640306,0.423452,4.298527,0.127114,AUT,2991376.637294,0.007728,0.007660,0.007663,0.070207,0.001581,neutron,pi+,solid
659,11.0,0.372456,0.598192,0.423482,4.592958,0.126249,AUT,2999976.293754,0.008105,0.008091,0.008091,0.070207,0.001674,neutron,pi+,solid
660,11.0,0.434327,0.504681,0.423430,4.505740,0.129514,AUT,2128385.091075,0.010365,0.010334,0.010338,0.070207,0.001813,neutron,pi+,solid
661,11.0,0.312986,0.652087,0.423856,4.210627,0.294640,AUT,2978065.736529,0.008304,0.007915,0.007914,0.070207,0.001558,neutron,pi+,solid
662,11.0,0.345754,0.632284,0.423963,4.511780,0.290278,AUT,2989588.726461,0.009900,0.008863,0.008840,0.070207,0.001621,neutron,pi+,solid
663,11.0,0.387043,0.576747,0.424105,4.597757,0.289092,AUT,3010574.485421,0.011717,0.010079,0.010059,0.070207,0.001705,neutron,pi+,solid
664,11.0,0.454214,0.470477,0.424098,4.399928,0.290981,AUT,2199075.321507,0.010490,0.010988,0.010996,0.070207,0.001863,neutron,pi+,solid
665,11.0,0.331301,0.640689,0.424347,4.375449,0.485963,AUT,3032264.830471,0.022369,0.015460,0.015451,0.070207,0.001593,neutron,pi+,solid
666,11.0,0.417747,0.527698,0.424206,4.510053,0.486077,AUT,2274811.858080,0.012628,0.013007,0.012971,0.070207,0.001774,neutron,pi+,solid
667,11.0,0.355709,0.611197,0.424506,4.449170,0.733799,AUT,2510431.293180,0.009158,0.009906,0.009942,0.070207,0.001640,neutron,pi+,solid
668,11.0,0.335508,0.633345,0.473520,4.380085,0.127503,AUT,3009283.720897,0.007832,0.007791,0.007797,0.070207,0.001618,neutron,pi+,solid
669,11.0,0.410324,0.541202,0.473494,4.553213,0.129422,AUT,2690035.679351,0.009038,0.009047,0.009016,0.070207,0.001779,neutron,pi+,solid
670,11.0,0.318872,0.647477,0.473793,4.258708,0.297794,AUT,3047250.727936,0.008112,0.007833,0.007826,0.070207,0.001585,neutron,pi+,solid
671,11.0,0.362394,0.614662,0.474117,4.592818,0.291146,AUT,2975764.610446,0.010112,0.009122,0.009106,0.070207,0.001673,neutron,pi+,solid
672,11.0,0.435535,0.498361,0.473996,4.454676,0.293060,AUT,2748050.876366,0.009311,0.009412,0.009406,0.070207,0.001841,neutron,pi+,solid
673,11.0,0.337279,0.634989,0.474286,4.410896,0.486586,AUT,3013186.910501,0.020485,0.014490,0.014468,0.070207,0.001622,neutron,pi+,solid
674,11.0,0.428117,0.510432,0.474011,4.483209,0.483638,AUT,1445789.159186,0.015442,0.016207,0.016231,0.070207,0.001822,neutron,pi+,solid
675,11.0,0.353064,0.615374,0.474495,4.451933,0.738104,AUT,2223386.075056,0.011974,0.011597,0.011611,0.070207,0.001653,neutron,pi+,solid
676,11.0,0.349602,0.618023,0.523490,4.444244,0.128231,AUT,3009223.505373,0.008031,0.008017,0.008013,0.070207,0.001666,neutron,pi+,solid
677,11.0,0.432761,0.507465,0.523567,4.516498,0.132137,AUT,1008477.777486,0.015449,0.015440,0.015414,0.070207,0.001861,neutron,pi+,solid
678,11.0,0.325761,0.643037,0.523784,4.319995,0.299686,AUT,3028042.238374,0.008236,0.007985,0.007983,0.070207,0.001617,neutron,pi+,solid
679,11.0,0.390518,0.569898,0.523936,4.569143,0.292502,AUT,3003044.493331,0.009485,0.009009,0.008970,0.070207,0.001757,neutron,pi+,solid
680,11.0,0.468953,0.453269,0.523458,4.384541,0.299983,AUT,763922.012873,0.020619,0.020375,0.020383,0.070207,0.001963,neutron,pi+,solid
681,11.0,0.345805,0.624310,0.524400,4.435465,0.487244,AUT,2994042.956913,0.016260,0.012319,0.012307,0.070207,0.001659,neutron,pi+,solid
682,11.0,0.440917,0.490210,0.523087,4.451769,0.478444,AUT,654301.435043,0.021240,0.023939,0.023902,0.070207,0.001882,neutron,pi+,solid
683,11.0,0.349594,0.620761,0.524370,4.452851,0.739392,AUT,1918246.383387,0.016708,0.014281,0.014317,0.070207,0.001667,neutron,pi+,solid
684,11.0,0.323567,0.642706,0.573604,4.289002,0.243533,AUT,2977510.252142,0.008106,0.008005,0.007986,0.070207,0.001634,neutron,pi+,solid
685,11.0,0.371717,0.599847,0.573928,4.595088,0.229450,AUT,2988280.924959,0.008788,0.008579,0.008584,0.070207,0.001739,neutron,pi+,solid
686,11.0,0.435338,0.500445,0.573034,4.482050,0.237393,AUT,1869472.346124,0.011568,0.011597,0.011591,0.070207,0.001899,neutron,pi+,solid
687,11.0,0.334591,0.637927,0.574477,4.397746,0.549672,AUT,3000314.078130,0.014754,0.011439,0.011422,0.070207,0.001657,neutron,pi+,solid
688,11.0,0.408068,0.546888,0.573367,4.591676,0.528153,AUT,1108838.871222,0.020933,0.018794,0.018809,0.070207,0.001827,neutron,pi+,solid
689,11.0,0.332430,0.637045,0.623763,4.366082,0.243984,AUT,3013293.320800,0.008229,0.008136,0.008138,0.070207,0.001676,neutron,pi+,solid
690,11.0,0.401374,0.555130,0.623221,4.577332,0.231477,AUT,2527821.115872,0.009776,0.009700,0.009731,0.070207,0.001841,neutron,pi+,solid
691,11.0,0.342648,0.629225,0.623994,4.434600,0.550168,AUT,3003845.639408,0.013664,0.010956,0.010940,0.070207,0.001699,neutron,pi+,solid
692,11.0,0.421899,0.538934,0.620818,4.691114,0.491253,AUT,236345.183679,0.043632,0.039795,0.039839,0.070207,0.001895,neutron,pi+,solid
693,11.0,0.344147,0.625281,0.673608,4.430228,0.243770,AUT,2973149.111654,0.008568,0.008443,0.008436,0.070207,0.001729,neutron,pi+,solid
694,11.0,0.411486,0.548403,0.671747,4.653763,0.222006,AUT,790593.807085,0.018244,0.018038,0.018038,0.070207,0.001902,neutron,pi+,solid
695,11.0,0.340391,0.633815,0.673211,4.438737,0.557579,AUT,2487932.083575,0.013965,0.011535,0.011524,0.070207,0.001721,neutron,pi+,solid
696,11.0,0.387784,0.651688,0.323567,5.213907,0.124997,AUT,2041340.369625,0.009890,0.009784,0.009784,0.070207,0.001665,neutron,pi+,solid
697,11.0,0.418090,0.626697,0.323675,5.407704,0.121846,AUT,2013252.686826,0.010413,0.010271,0.010327,0.070207,0.001728,neutron,pi+,solid
698,11.0,0.442911,0.599297,0.323716,5.477586,0.119508,AUT,1984216.981652,0.010936,0.010715,0.010723,0.070207,0.001784,neutron,pi+,solid
699,11.0,0.474802,0.563135,0.323683,5.516498,0.119417,AUT,1989018.374163,0.011282,0.011145,0.011125,0.070207,0.001865,neutron,pi+,solid
700,11.0,0.522268,0.521908,0.323455,5.621928,0.127289,AUT,1250297.855684,0.014931,0.014959,0.014986,0.070207,0.002006,neutron,pi+,solid
701,11.0,0.385770,0.655198,0.324287,5.214934,0.286478,AUT,2022303.551530,0.016783,0.013364,0.013289,0.070207,0.001661,neutron,pi+,solid
702,11.0,0.418616,0.629111,0.324114,5.435033,0.288077,AUT,2016221.768881,0.021732,0.016274,0.016272,0.070207,0.001729,neutron,pi+,solid
703,11.0,0.449216,0.591856,0.324168,5.485356,0.289213,AUT,1994962.787031,0.019312,0.015612,0.015581,0.070207,0.001800,neutron,pi+,solid
704,11.0,0.494860,0.541858,0.324247,5.529050,0.287605,AUT,2021092.128818,0.013142,0.013244,0.013257,0.070207,0.001922,neutron,pi+,solid
705,11.0,0.545718,0.504947,0.324322,5.687606,0.285321,AUT,491113.748026,0.024762,0.028494,0.028561,0.070207,0.002087,neutron,pi+,solid
706,11.0,0.406565,0.637058,0.324294,5.338498,0.484633,AUT,1991320.968014,0.016793,0.014812,0.014834,0.070207,0.001704,neutron,pi+,solid
707,11.0,0.484418,0.555331,0.324280,5.533323,0.484501,AUT,1788858.589552,0.013296,0.017295,0.017333,0.070207,0.001893,neutron,pi+,solid
708,11.0,0.433796,0.608618,0.324521,5.416724,0.700529,AUT,1513141.113228,0.014158,0.014977,0.014954,0.070207,0.001765,neutron,pi+,solid
709,11.0,0.394773,0.645296,0.373486,5.254555,0.126155,AUT,2030603.311621,0.010076,0.009987,0.009988,0.070207,0.001702,neutron,pi+,solid
710,11.0,0.432710,0.611050,0.373665,5.455773,0.124109,AUT,1998310.414658,0.010699,0.010596,0.010599,0.070207,0.001788,neutron,pi+,solid
711,11.0,0.474372,0.564493,0.373521,5.522004,0.121808,AUT,2004474.246707,0.011336,0.011274,0.011237,0.070207,0.001896,neutron,pi+,solid
712,11.0,0.529527,0.516797,0.373359,5.645847,0.129773,AUT,614619.819243,0.022230,0.022253,0.022193,0.070207,0.002071,neutron,pi+,solid
713,11.0,0.389782,0.651802,0.374087,5.241155,0.287501,AUT,2036119.392076,0.014255,0.012096,0.012102,0.070207,0.001692,neutron,pi+,solid
714,11.0,0.428085,0.618796,0.374133,5.465560,0.288285,AUT,1997817.537279,0.018767,0.014882,0.014866,0.070207,0.001777,neutron,pi+,solid
715,11.0,0.471298,0.565794,0.374148,5.498812,0.288060,AUT,1997374.775396,0.014088,0.012902,0.012919,0.070207,0.001888,neutron,pi+,solid
716,11.0,0.527310,0.516105,0.374131,5.613958,0.287873,AUT,1017779.696297,0.017076,0.018211,0.018163,0.070207,0.002063,neutron,pi+,solid
717,11.0,0.413316,0.629972,0.374334,5.363029,0.485654,AUT,2012455.004709,0.021004,0.016657,0.016693,0.070207,0.001744,neutron,pi+,solid
718,11.0,0.495042,0.544265,0.374329,5.547163,0.484975,AUT,1171848.274811,0.018358,0.022251,0.022187,0.070207,0.001958,neutron,pi+,solid
719,11.0,0.432005,0.610774,0.374402,5.414874,0.714176,AUT,1326444.398362,0.012927,0.015627,0.015681,0.070207,0.001788,neutron,pi+,solid
720,11.0,0.403237,0.637826,0.423554,5.303270,0.127169,AUT,2000131.128190,0.010331,0.010302,0.010283,0.070207,0.001743,neutron,pi+,solid
721,11.0,0.456663,0.583569,0.423597,5.494158,0.124207,AUT,1993695.670441,0.011176,0.011101,0.011149,0.070207,0.001876,neutron,pi+,solid
722,11.0,0.517628,0.526482,0.423479,5.620009,0.128818,AUT,682940.428692,0.020814,0.020851,0.020798,0.070207,0.002066,neutron,pi+,solid
723,11.0,0.394336,0.648193,0.424044,5.272165,0.289550,AUT,1959781.468320,0.013296,0.011795,0.011784,0.070207,0.001724,neutron,pi+,solid
724,11.0,0.441244,0.602378,0.424003,5.481127,0.288678,AUT,1999645.353284,0.015421,0.013244,0.013258,0.070207,0.001835,neutron,pi+,solid
725,11.0,0.504443,0.534889,0.424177,5.558831,0.290702,AUT,1704641.209970,0.013137,0.013264,0.013285,0.070207,0.002022,neutron,pi+,solid
726,11.0,0.421200,0.621069,0.424316,5.381645,0.486429,AUT,1997105.546955,0.022868,0.017560,0.017577,0.070207,0.001786,neutron,pi+,solid
727,11.0,0.508314,0.531740,0.424187,5.570796,0.484361,AUT,676520.864177,0.024474,0.029438,0.029353,0.070207,0.002035,neutron,pi+,solid
728,11.0,0.430023,0.613127,0.424437,5.413275,0.717743,AUT,1158364.694016,0.015706,0.017932,0.017947,0.070207,0.001809,neutron,pi+,solid
729,11.0,0.414014,0.627456,0.473636,5.352569,0.128233,AUT,1989652.607414,0.010617,0.010606,0.010593,0.070207,0.001792,neutron,pi+,solid
730,11.0,0.486494,0.554500,0.473572,5.554411,0.126119,AUT,1286305.916695,0.014666,0.014679,0.014662,0.070207,0.001996,neutron,pi+,solid
731,11.0,0.401306,0.642348,0.473981,5.315352,0.291836,AUT,2005753.467970,0.012517,0.011462,0.011436,0.070207,0.001762,neutron,pi+,solid
732,11.0,0.465255,0.573946,0.474032,5.499460,0.290385,AUT,2008863.824833,0.012887,0.012133,0.012135,0.070207,0.001930,neutron,pi+,solid
733,11.0,0.534213,0.511508,0.473881,5.638375,0.296931,AUT,464729.413379,0.026859,0.027386,0.027430,0.070207,0.002168,neutron,pi+,solid
734,11.0,0.432061,0.609354,0.474271,5.403930,0.487309,AUT,1992254.271540,0.021638,0.017000,0.016999,0.070207,0.001839,neutron,pi+,solid
735,11.0,0.529627,0.515926,0.473365,5.638190,0.475141,AUT,222390.092610,0.040406,0.050633,0.050508,0.070207,0.002149,neutron,pi+,solid
736,11.0,0.426416,0.617552,0.474309,5.410201,0.718252,AUT,980201.803937,0.021749,0.021389,0.021438,0.070207,0.001825,neutron,pi+,solid
737,11.0,0.430278,0.610325,0.523563,5.399559,0.128039,AUT,2016139.963226,0.010955,0.010947,0.010900,0.070207,0.001862,neutron,pi+,solid
738,11.0,0.517367,0.527216,0.523547,5.625234,0.130102,AUT,319355.513899,0.031628,0.031607,0.031623,0.070207,0.002144,neutron,pi+,solid
739,11.0,0.409242,0.634509,0.523992,5.351036,0.293906,AUT,2001269.999869,0.012208,0.011452,0.011447,0.070207,0.001807,neutron,pi+,solid
740,11.0,0.488195,0.551113,0.523887,5.536547,0.294338,AUT,1502407.542640,0.014221,0.014066,0.014045,0.070207,0.002038,neutron,pi+,solid
741,11.0,0.420173,0.622705,0.524379,5.383718,0.546803,AUT,1991199.362119,0.023451,0.017921,0.017889,0.070207,0.001836,neutron,pi+,solid
742,11.0,0.499007,0.542334,0.522928,5.580604,0.500085,AUT,459041.469371,0.030525,0.032217,0.032181,0.070207,0.002075,neutron,pi+,solid
743,11.0,0.403633,0.638817,0.573803,5.316436,0.234786,AUT,1988747.942022,0.011176,0.010959,0.010969,0.070207,0.001822,neutron,pi+,solid
744,11.0,0.465437,0.574240,0.573847,5.505757,0.227425,AUT,2009806.663341,0.012076,0.011925,0.011905,0.070207,0.002000,neutron,pi+,solid
745,11.0,0.530751,0.518339,0.571443,5.677344,0.230485,AUT,266787.080426,0.036754,0.036724,0.036637,0.070207,0.002246,neutron,pi+,solid
746,11.0,0.426709,0.617226,0.573747,5.409689,0.554320,AUT,1984761.476030,0.020676,0.016460,0.016412,0.070207,0.001885,neutron,pi+,solid
747,11.0,0.544150,0.527572,0.556844,5.925811,0.416908,AUT,417.830767,0.976966,1.016205,0.971936,0.070207,0.002292,neutron,pi+,solid
748,11.0,0.413605,0.628575,0.623760,5.356036,0.236911,AUT,2014257.866147,0.011355,0.011184,0.011203,0.070207,0.001881,neutron,pi+,solid
749,11.0,0.479531,0.561551,0.622518,5.552003,0.225155,AUT,988290.538386,0.017784,0.017670,0.017662,0.070207,0.002091,neutron,pi+,solid
750,11.0,0.418408,0.627358,0.623109,5.400018,0.542256,AUT,1377337.137564,0.025583,0.019790,0.019896,0.070207,0.001895,neutron,pi+,solid
751,11.0,0.410637,0.632929,0.673476,5.355860,0.311031,AUT,2003658.174575,0.012110,0.011654,0.011661,0.070207,0.001908,neutron,pi+,solid
752,11.0,0.466587,0.581217,0.669747,5.595078,0.234157,AUT,539209.131919,0.024581,0.024084,0.024095,0.070207,0.002088,neutron,pi+,solid
753,11.0,0.477307,0.643749,0.323685,6.336579,0.122179,AUT,1986768.020833,0.011328,0.011207,0.011192,0.070207,0.001875,neutron,pi+,solid
754,11.0,0.540222,0.601202,0.323682,6.699349,0.120666,AUT,1975719.123229,0.012543,0.012372,0.012374,0.070207,0.002071,neutron,pi+,solid
755,11.0,0.597113,0.585754,0.323562,7.221381,0.122581,AUT,620102.636292,0.024478,0.024409,0.024439,0.070207,0.002301,neutron,pi+,solid
756,11.0,0.481345,0.641644,0.324334,6.367331,0.287909,AUT,2003954.961257,0.023027,0.017557,0.017464,0.070207,0.001887,neutron,pi+,solid
757,11.0,0.559021,0.589988,0.324277,6.802676,0.287398,AUT,1987700.987424,0.015786,0.014838,0.014891,0.070207,0.002142,neutron,pi+,solid
758,11.0,0.625410,0.593626,0.324361,7.663878,0.286559,AUT,81787.277713,0.080029,0.079895,0.079930,0.070207,0.002440,neutron,pi+,solid
759,11.0,0.506332,0.623809,0.324273,6.499933,0.532303,AUT,2005031.812202,0.013321,0.014415,0.014408,0.070207,0.001961,neutron,pi+,solid
760,11.0,0.594437,0.584252,0.324292,7.170746,0.500143,AUT,320708.213765,0.037670,0.050503,0.050562,0.070207,0.002289,neutron,pi+,solid
761,11.0,0.489544,0.634871,0.373608,6.405909,0.124809,AUT,2007304.018299,0.011572,0.011475,0.011473,0.070207,0.001944,neutron,pi+,solid
762,11.0,0.567478,0.591800,0.373546,6.929931,0.123695,AUT,1300874.213113,0.016346,0.016248,0.016289,0.070207,0.002224,neutron,pi+,solid
763,11.0,0.489431,0.635845,0.374134,6.412570,0.288094,AUT,1999997.526701,0.018562,0.015208,0.015236,0.070207,0.001945,neutron,pi+,solid
764,11.0,0.570892,0.584784,0.374098,6.889723,0.287456,AUT,1347368.253423,0.017808,0.017280,0.017269,0.070207,0.002239,neutron,pi+,solid
765,11.0,0.516960,0.619348,0.374290,6.584166,0.538051,AUT,2004321.334213,0.016180,0.016067,0.016061,0.070207,0.002035,neutron,pi+,solid
766,11.0,0.637194,0.598586,0.373959,7.873204,0.475297,AUT,3563.482279,0.486202,0.548671,0.549144,0.070207,0.002574,neutron,pi+,solid
767,11.0,0.508419,0.622514,0.423562,6.514943,0.126473,AUT,2008998.178067,0.012065,0.012036,0.012073,0.070207,0.002041,neutron,pi+,solid
768,11.0,0.596381,0.586783,0.423450,7.225002,0.124470,AUT,315031.200319,0.035944,0.035924,0.035789,0.070207,0.002411,neutron,pi+,solid
769,11.0,0.500980,0.626914,0.424072,6.465891,0.288516,AUT,2009581.657039,0.015571,0.013746,0.013793,0.070207,0.002016,neutron,pi+,solid
770,11.0,0.584944,0.580305,0.423914,7.008513,0.290209,AUT,684411.583708,0.024588,0.024340,0.024375,0.070207,0.002353,neutron,pi+,solid
771,11.0,0.515943,0.620233,0.424118,6.580842,0.538335,AUT,1682813.381697,0.020711,0.018788,0.018823,0.070207,0.002069,neutron,pi+,solid
772,11.0,0.484862,0.638344,0.473822,6.380344,0.218642,AUT,2013874.290127,0.012616,0.012181,0.012187,0.070207,0.001996,neutron,pi+,solid
773,11.0,0.563181,0.591149,0.473660,6.868406,0.221797,AUT,1741618.932810,0.014883,0.014669,0.014710,0.070207,0.002301,neutron,pi+,solid
774,11.0,0.512608,0.623163,0.474034,6.571160,0.537872,AUT,1351394.291550,0.025765,0.021898,0.021866,0.070207,0.002094,neutron,pi+,solid
775,11.0,0.497425,0.629712,0.523801,6.452064,0.224338,AUT,2000890.181140,0.012880,0.012553,0.012570,0.070207,0.002077,neutron,pi+,solid
776,11.0,0.578538,0.585723,0.523499,6.995215,0.227385,AUT,796908.029041,0.022979,0.022839,0.022783,0.070207,0.002433,neutron,pi+,solid
777,11.0,0.505873,0.628558,0.523552,6.545304,0.535422,AUT,1009658.644118,0.032303,0.025997,0.026018,0.070207,0.002110,neutron,pi+,solid
778,11.0,0.497330,0.630591,0.573794,6.460315,0.291668,AUT,2003717.787406,0.013781,0.013157,0.013138,0.070207,0.002121,neutron,pi+,solid
779,11.0,0.575029,0.595516,0.571601,7.069262,0.238519,AUT,501491.224484,0.029811,0.029453,0.029444,0.070207,0.002479,neutron,pi+,solid
780,11.0,0.500258,0.633479,0.622512,6.528373,0.295133,AUT,1651398.560692,0.015399,0.014766,0.014752,0.070207,0.002182,neutron,pi+,solid
781,11.0,0.485190,0.644936,0.671037,6.452186,0.276673,AUT,804474.724115,0.021091,0.020674,0.020671,0.070207,0.002170,neutron,pi+,solid
782,8.8,0.105371,0.648958,0.322839,1.123708,0.152913,AUT,18884152.128820,0.002256,0.002224,0.002230,0.070207,0.001731,neutron,pi+,solid
783,8.8,0.125140,0.581483,0.323456,1.200819,0.137607,AUT,18867636.964130,0.002263,0.002262,0.002260,0.070207,0.001780,neutron,pi+,solid
784,8.8,0.139008,0.549159,0.323700,1.260100,0.129256,AUT,19218685.458094,0.002361,0.002325,0.002321,0.070207,0.001816,neutron,pi+,solid
785,8.8,0.151656,0.525265,0.323859,1.315079,0.122763,AUT,18809524.669001,0.002526,0.002437,0.002432,0.070207,0.001850,neutron,pi+,solid
786,8.8,0.164057,0.505026,0.323858,1.367876,0.118309,AUT,19156472.243184,0.002629,0.002500,0.002491,0.070207,0.001884,neutron,pi+,solid
787,8.8,0.176796,0.485781,0.323963,1.417926,0.115236,AUT,19597576.119748,0.002687,0.002537,0.002536,0.070207,0.001920,neutron,pi+,solid
788,8.8,0.190323,0.472309,0.324205,1.484276,0.113566,AUT,18854542.432880,0.002808,0.002643,0.002650,0.070207,0.001958,neutron,pi+,solid
789,8.8,0.206489,0.459063,0.324086,1.564835,0.111567,AUT,18637394.408270,0.002881,0.002729,0.002728,0.070207,0.002003,neutron,pi+,solid
790,8.8,0.231474,0.435526,0.324035,1.663444,0.110965,AUT,19131822.063871,0.002795,0.002723,0.002716,0.070207,0.002071,neutron,pi+,solid
791,8.8,0.268697,0.408470,0.324086,1.810789,0.117818,AUT,8295043.623476,0.004149,0.004278,0.004274,0.070207,0.002172,neutron,pi+,solid
792,8.8,0.086733,0.745444,0.323229,1.065793,0.310341,AUT,18942920.429026,0.002156,0.002142,0.002145,0.070207,0.001688,neutron,pi+,solid
793,8.8,0.098421,0.692518,0.323728,1.125052,0.300796,AUT,18826411.734860,0.002294,0.002236,0.002236,0.070207,0.001714,neutron,pi+,solid
794,8.8,0.107402,0.660179,0.323917,1.170567,0.295200,AUT,18695817.896070,0.002472,0.002337,0.002339,0.070207,0.001736,neutron,pi+,solid
795,8.8,0.115875,0.634446,0.324029,1.213749,0.292721,AUT,19038684.784402,0.002651,0.002431,0.002434,0.070207,0.001756,neutron,pi+,solid
796,8.8,0.124705,0.611283,0.324191,1.258550,0.291497,AUT,19281388.532655,0.002872,0.002556,0.002556,0.070207,0.001778,neutron,pi+,solid
797,8.8,0.134056,0.588360,0.324096,1.302182,0.290871,AUT,19093778.942985,0.003155,0.002727,0.002722,0.070207,0.001803,neutron,pi+,solid
798,8.8,0.144330,0.564846,0.324148,1.345897,0.291112,AUT,19515448.950394,0.003327,0.002834,0.002832,0.070207,0.001830,neutron,pi+,solid
799,8.8,0.155613,0.539376,0.324160,1.385620,0.291590,AUT,19152837.887548,0.003503,0.002993,0.002993,0.070207,0.001861,neutron,pi+,solid
800,8.8,0.167988,0.513734,0.324117,1.424654,0.292072,AUT,18951947.962399,0.003501,0.003080,0.003089,0.070207,0.001896,neutron,pi+,solid
801,8.8,0.181968,0.487432,0.324092,1.464190,0.293244,AUT,19468824.652607,0.003333,0.003081,0.003087,0.070207,0.001935,neutron,pi+,solid
802,8.8,0.199203,0.466087,0.324063,1.532555,0.294056,AUT,19453786.405578,0.003249,0.003190,0.003181,0.070207,0.001983,neutron,pi+,solid
803,8.8,0.225910,0.438166,0.324105,1.633030,0.293712,AUT,18885505.251039,0.003119,0.003537,0.003537,0.070207,0.002056,neutron,pi+,solid
804,8.8,0.266015,0.408947,0.324164,1.794576,0.293011,AUT,8413056.253505,0.004294,0.006401,0.006415,0.070207,0.002164,neutron,pi+,solid
805,8.8,0.088881,0.739361,0.324729,1.082183,0.481592,AUT,19490763.220661,0.002181,0.002151,0.002148,0.070207,0.001693,neutron,pi+,solid
806,8.8,0.106302,0.666999,0.324485,1.169675,0.483045,AUT,18370027.448141,0.002234,0.002242,0.002234,0.070207,0.001733,neutron,pi+,solid
807,8.8,0.122007,0.616394,0.324629,1.240897,0.482765,AUT,18981295.009807,0.002263,0.002280,0.002273,0.070207,0.001772,neutron,pi+,solid
808,8.8,0.139045,0.573138,0.324688,1.314954,0.481275,AUT,19001079.761786,0.002433,0.002402,0.002413,0.070207,0.001816,neutron,pi+,solid
809,8.8,0.158571,0.532586,0.324777,1.393459,0.479296,AUT,19121818.008224,0.002735,0.002617,0.002616,0.070207,0.001869,neutron,pi+,solid
810,8.8,0.181524,0.493608,0.325004,1.478389,0.476873,AUT,18976906.554860,0.003206,0.002917,0.002930,0.070207,0.001934,neutron,pi+,solid
811,8.8,0.214334,0.455059,0.324998,1.607469,0.478252,AUT,18883567.158599,0.004092,0.003524,0.003520,0.070207,0.002024,neutron,pi+,solid
812,8.8,0.261875,0.412799,0.324953,1.782700,0.480592,AUT,6633923.889266,0.009985,0.007885,0.007889,0.070207,0.002153,neutron,pi+,solid
813,8.8,0.133047,0.650738,0.330849,1.382074,0.638010,AUT,11672182.087468,0.005579,0.004271,0.004294,0.070207,0.001800,neutron,pi+,solid
814,8.8,0.112819,0.617598,0.373105,1.144080,0.147957,AUT,19016805.882564,0.002248,0.002238,0.002235,0.070207,0.001758,neutron,pi+,solid
815,8.8,0.136583,0.548479,0.373664,1.236083,0.131233,AUT,19215925.302846,0.002328,0.002307,0.002308,0.070207,0.001821,neutron,pi+,solid
816,8.8,0.153893,0.515941,0.373805,1.310533,0.123120,AUT,18889930.423535,0.002503,0.002435,0.002433,0.070207,0.001869,neutron,pi+,solid
817,8.8,0.170171,0.491213,0.373855,1.379810,0.118678,AUT,19220905.541798,0.002602,0.002501,0.002503,0.070207,0.001915,neutron,pi+,solid
818,8.8,0.187011,0.471201,0.373945,1.454865,0.116232,AUT,19170582.023699,0.002668,0.002569,0.002573,0.070207,0.001964,neutron,pi+,solid
819,8.8,0.208127,0.455737,0.374043,1.565522,0.114704,AUT,19242111.858820,0.002715,0.002630,0.002630,0.070207,0.002024,neutron,pi+,solid
820,8.8,0.246755,0.423802,0.373931,1.722752,0.118564,AUT,18219360.667901,0.002773,0.002785,0.002782,0.070207,0.002131,neutron,pi+,solid
821,8.8,0.090332,0.726216,0.373247,1.080520,0.311964,AUT,19266354.064360,0.002140,0.002140,0.002139,0.070207,0.001703,neutron,pi+,solid
822,8.8,0.104689,0.665784,0.373687,1.150345,0.302218,AUT,18592452.763972,0.002304,0.002266,0.002269,0.070207,0.001738,neutron,pi+,solid
823,8.8,0.115458,0.632527,0.373955,1.205607,0.296689,AUT,18011875.569365,0.002524,0.002411,0.002405,0.070207,0.001764,neutron,pi+,solid
824,8.8,0.126249,0.604968,0.374094,1.260841,0.293851,AUT,19221855.497547,0.002718,0.002482,0.002482,0.070207,0.001793,neutron,pi+,solid
825,8.8,0.137996,0.578260,0.374253,1.317307,0.292356,AUT,18799863.298460,0.003083,0.002702,0.002693,0.070207,0.001824,neutron,pi+,solid
826,8.8,0.150742,0.550718,0.374142,1.370327,0.291421,AUT,18569022.088273,0.003496,0.002953,0.002941,0.070207,0.001860,neutron,pi+,solid
827,8.8,0.165156,0.521045,0.374204,1.420448,0.291037,AUT,18893773.682719,0.003795,0.003176,0.003171,0.070207,0.001901,neutron,pi+,solid
828,8.8,0.181829,0.489610,0.374167,1.469357,0.291835,AUT,19074564.227246,0.003834,0.003333,0.003322,0.070207,0.001949,neutron,pi+,solid
829,8.8,0.203660,0.461952,0.373999,1.552431,0.292228,AUT,19075248.214076,0.003874,0.003544,0.003556,0.070207,0.002011,neutron,pi+,solid
830,8.8,0.245175,0.423332,0.374178,1.709385,0.292418,AUT,17317058.913684,0.003408,0.003993,0.003989,0.070207,0.002126,neutron,pi+,solid
831,8.8,0.089950,0.734742,0.374425,1.088090,0.487801,AUT,19245972.649790,0.002345,0.002251,0.002239,0.070207,0.001702,neutron,pi+,solid
832,8.8,0.109642,0.655884,0.374300,1.185832,0.489023,AUT,19305040.951891,0.002433,0.002326,0.002329,0.070207,0.001750,neutron,pi+,solid
833,8.8,0.129136,0.594537,0.374141,1.266226,0.491214,AUT,19778561.406564,0.002297,0.002299,0.002300,0.070207,0.001800,neutron,pi+,solid
834,8.8,0.150762,0.539981,0.374169,1.342696,0.491343,AUT,19082136.055129,0.002340,0.002424,0.002417,0.070207,0.001860,neutron,pi+,solid
835,8.8,0.175423,0.490689,0.374230,1.419725,0.490710,AUT,18913886.883131,0.002543,0.002616,0.002613,0.070207,0.001930,neutron,pi+,solid
836,8.8,0.209528,0.450958,0.374083,1.557322,0.491929,AUT,19120356.480115,0.002963,0.003030,0.003031,0.070207,0.002027,neutron,pi+,solid
837,8.8,0.259315,0.412281,0.373826,1.763091,0.494495,AUT,6302033.818371,0.007009,0.006991,0.006995,0.070207,0.002166,neutron,pi+,solid
838,8.8,0.116156,0.656306,0.376975,1.238520,0.661508,AUT,19162872.678224,0.002835,0.002554,0.002551,0.070207,0.001767,neutron,pi+,solid
839,8.8,0.194592,0.519341,0.378014,1.649114,0.651992,AUT,9648641.279926,0.008529,0.006119,0.006142,0.070207,0.001983,neutron,pi+,solid
840,8.8,0.120614,0.589348,0.423234,1.166307,0.142644,AUT,19320303.550339,0.002244,0.002239,0.002241,0.070207,0.001785,neutron,pi+,solid
841,8.8,0.148966,0.520331,0.423818,1.278750,0.126223,AUT,19195348.776158,0.002421,0.002381,0.002378,0.070207,0.001864,neutron,pi+,solid
842,8.8,0.170702,0.486392,0.423835,1.370216,0.120301,AUT,18800216.705129,0.002602,0.002520,0.002519,0.070207,0.001928,neutron,pi+,solid
843,8.8,0.193166,0.465174,0.423989,1.483446,0.118693,AUT,19129777.512327,0.002634,0.002569,0.002572,0.070207,0.001994,neutron,pi+,solid
844,8.8,0.228181,0.438530,0.423835,1.649280,0.119332,AUT,19128967.192784,0.002688,0.002669,0.002671,0.070207,0.002094,neutron,pi+,solid
845,8.8,0.277079,0.403985,0.423746,1.847410,0.130513,AUT,2736007.496644,0.007695,0.007688,0.007682,0.070207,0.002234,neutron,pi+,solid
846,8.8,0.094411,0.705678,0.423255,1.096246,0.313534,AUT,18971918.990906,0.002174,0.002172,0.002177,0.070207,0.001718,neutron,pi+,solid
847,8.8,0.112184,0.637487,0.423823,1.180092,0.302305,AUT,19349102.321634,0.002291,0.002255,0.002250,0.070207,0.001763,neutron,pi+,solid
848,8.8,0.126665,0.600510,0.423972,1.255426,0.296839,AUT,19690730.378610,0.002534,0.002385,0.002391,0.070207,0.001802,neutron,pi+,solid
849,8.8,0.141879,0.568194,0.424203,1.330556,0.293999,AUT,19176693.457653,0.002940,0.002634,0.002631,0.070207,0.001844,neutron,pi+,solid
850,8.8,0.158557,0.534072,0.424091,1.397505,0.291926,AUT,18852757.378443,0.003439,0.002930,0.002928,0.070207,0.001892,neutron,pi+,solid
851,8.8,0.178124,0.496525,0.424189,1.459370,0.291506,AUT,19256459.451355,0.003823,0.003231,0.003233,0.070207,0.001950,neutron,pi+,solid
852,8.8,0.204760,0.460640,0.424074,1.555614,0.291897,AUT,19456372.439867,0.003972,0.003537,0.003542,0.070207,0.002027,neutron,pi+,solid
853,8.8,0.249883,0.419576,0.424191,1.727424,0.291482,AUT,12109388.569393,0.004000,0.004522,0.004532,0.070207,0.002156,neutron,pi+,solid
854,8.8,0.092535,0.722788,0.424159,1.100387,0.490109,AUT,19449603.309910,0.002399,0.002269,0.002271,0.070207,0.001714,neutron,pi+,solid
855,8.8,0.115502,0.637802,0.424269,1.214315,0.489452,AUT,18940753.247442,0.002934,0.002609,0.002610,0.070207,0.001772,neutron,pi+,solid
856,8.8,0.139889,0.567723,0.424080,1.308881,0.491974,AUT,19340064.988919,0.002718,0.002593,0.002582,0.070207,0.001838,neutron,pi+,solid
857,8.8,0.169327,0.500749,0.424027,1.397311,0.492936,AUT,18881576.396500,0.002497,0.002622,0.002622,0.070207,0.001924,neutron,pi+,solid
858,8.8,0.212173,0.447885,0.423804,1.564178,0.492855,AUT,18933016.690472,0.002611,0.003070,0.003064,0.070207,0.002048,neutron,pi+,solid
859,8.8,0.272918,0.405527,0.423750,1.826492,0.489272,AUT,2207427.597885,0.009623,0.013531,0.013487,0.070207,0.002222,neutron,pi+,solid
860,8.8,0.108406,0.666415,0.425358,1.178223,0.675760,AUT,19034542.692322,0.002281,0.002256,0.002254,0.070207,0.001754,neutron,pi+,solid
861,8.8,0.174072,0.524770,0.425511,1.493445,0.669533,AUT,19036188.425085,0.003744,0.003169,0.003175,0.070207,0.001935,neutron,pi+,solid
862,8.8,0.252742,0.439924,0.423491,1.834305,0.652488,AUT,1066111.353022,0.030007,0.022313,0.022352,0.070207,0.002166,neutron,pi+,solid
863,8.8,0.127704,0.565798,0.473495,1.184619,0.138247,AUT,18871646.332923,0.002292,0.002293,0.002298,0.070207,0.001811,neutron,pi+,solid
864,8.8,0.161571,0.495926,0.473712,1.321585,0.123084,AUT,18951976.691214,0.002507,0.002452,0.002459,0.070207,0.001910,neutron,pi+,solid
865,8.8,0.191015,0.464943,0.473884,1.465851,0.120732,AUT,19223969.315508,0.002582,0.002542,0.002542,0.070207,0.001998,neutron,pi+,solid
866,8.8,0.235462,0.433415,0.473942,1.679767,0.123514,AUT,15515311.458955,0.002980,0.002987,0.002983,0.070207,0.002128,neutron,pi+,solid
867,8.8,0.099298,0.682943,0.473425,1.114448,0.313826,AUT,18877996.245337,0.002199,0.002200,0.002199,0.070207,0.001735,neutron,pi+,solid
868,8.8,0.121005,0.608444,0.473763,1.214580,0.301377,AUT,19488475.256222,0.002347,0.002288,0.002293,0.070207,0.001793,neutron,pi+,solid
869,8.8,0.140144,0.568048,0.474083,1.313590,0.296551,AUT,19497017.288594,0.002723,0.002515,0.002512,0.070207,0.001847,neutron,pi+,solid
870,8.8,0.161355,0.527544,0.474191,1.404255,0.293617,AUT,19011857.298021,0.003297,0.002858,0.002859,0.070207,0.001910,neutron,pi+,solid
871,8.8,0.186499,0.484478,0.474221,1.490589,0.292061,AUT,18638627.584238,0.003813,0.003283,0.003281,0.070207,0.001985,neutron,pi+,solid
872,8.8,0.232633,0.433658,0.474243,1.658519,0.291451,AUT,18873794.430537,0.003329,0.003321,0.003321,0.070207,0.002120,neutron,pi+,solid
873,8.8,0.095447,0.709921,0.474135,1.113854,0.492647,AUT,19056666.105792,0.002399,0.002285,0.002284,0.070207,0.001726,neutron,pi+,solid
874,8.8,0.122663,0.618574,0.474366,1.249889,0.487923,AUT,19207511.047961,0.003274,0.002796,0.002793,0.070207,0.001798,neutron,pi+,solid
875,8.8,0.154500,0.536127,0.474126,1.363674,0.491020,AUT,18940002.488137,0.003220,0.002950,0.002946,0.070207,0.001889,neutron,pi+,solid
876,8.8,0.200752,0.463824,0.473931,1.531642,0.489655,AUT,19046536.395434,0.002783,0.003146,0.003146,0.070207,0.002026,neutron,pi+,solid
877,8.8,0.263982,0.412949,0.473491,1.798245,0.481906,AUT,2597202.165025,0.007561,0.012512,0.012494,0.070207,0.002212,neutron,pi+,solid
878,8.8,0.109207,0.661140,0.474556,1.175731,0.684436,AUT,19350123.216303,0.002209,0.002224,0.002218,0.070207,0.001761,neutron,pi+,solid
879,8.8,0.175498,0.517111,0.474128,1.485834,0.680214,AUT,18089475.660021,0.002978,0.002911,0.002900,0.070207,0.001949,neutron,pi+,solid
880,8.8,0.130906,0.640336,0.477186,1.348888,0.864318,AUT,6986528.238190,0.005735,0.004807,0.004825,0.070207,0.001820,neutron,pi+,solid
881,8.8,0.136283,0.542060,0.523575,1.209911,0.134000,AUT,18921932.803583,0.002340,0.002337,0.002334,0.070207,0.001843,neutron,pi+,solid
882,8.8,0.177972,0.473828,0.523840,1.390733,0.123100,AUT,19037996.503721,0.002546,0.002519,0.002527,0.070207,0.001969,neutron,pi+,solid
883,8.8,0.226492,0.440716,0.523784,1.642147,0.125054,AUT,15575535.064772,0.002958,0.002957,0.002947,0.070207,0.002116,neutron,pi+,solid
884,8.8,0.105259,0.657388,0.523451,1.135447,0.313039,AUT,19208686.747608,0.002207,0.002211,0.002209,0.070207,0.001757,neutron,pi+,solid
885,8.8,0.131970,0.579401,0.523923,1.261072,0.300080,AUT,18847822.377528,0.002505,0.002423,0.002419,0.070207,0.001831,neutron,pi+,solid
886,8.8,0.157347,0.532334,0.524020,1.381300,0.295802,AUT,19114492.494305,0.003031,0.002718,0.002713,0.070207,0.001907,neutron,pi+,solid
887,8.8,0.188376,0.481390,0.524143,1.495068,0.292974,AUT,18862715.619696,0.003614,0.003148,0.003148,0.070207,0.002002,neutron,pi+,solid
888,8.8,0.238171,0.428476,0.524216,1.679053,0.290787,AUT,12895069.216902,0.003769,0.003789,0.003789,0.070207,0.002151,neutron,pi+,solid
889,8.8,0.099334,0.693255,0.524070,1.130557,0.494337,AUT,19061638.915541,0.002367,0.002282,0.002281,0.070207,0.001741,neutron,pi+,solid
890,8.8,0.132473,0.592634,0.524314,1.291847,0.489164,AUT,19406045.285412,0.003423,0.002876,0.002882,0.070207,0.001833,neutron,pi+,solid
891,8.8,0.176638,0.501588,0.524066,1.457298,0.488954,AUT,19089983.927251,0.003622,0.003315,0.003318,0.070207,0.001966,neutron,pi+,solid
892,8.8,0.234649,0.441228,0.523218,1.704707,0.480596,AUT,6136952.418650,0.005542,0.006929,0.006940,0.070207,0.002142,neutron,pi+,solid
893,8.8,0.112047,0.651942,0.524391,1.186255,0.688991,AUT,19042214.199716,0.002408,0.002346,0.002343,0.070207,0.001775,neutron,pi+,solid
894,8.8,0.176631,0.522913,0.523609,1.517857,0.683043,AUT,11764728.282335,0.003164,0.003508,0.003501,0.070207,0.001964,neutron,pi+,solid
895,8.8,0.127362,0.641743,0.525620,1.320367,0.884177,AUT,9690707.720719,0.003859,0.003583,0.003583,0.070207,0.001818,neutron,pi+,solid
896,8.8,0.145779,0.520327,0.573669,1.240588,0.131026,AUT,19295316.174460,0.002367,0.002361,0.002358,0.070207,0.001881,neutron,pi+,solid
897,8.8,0.204146,0.454241,0.573830,1.526851,0.124864,AUT,19017916.873629,0.002629,0.002621,0.002610,0.070207,0.002063,neutron,pi+,solid
898,8.8,0.271663,0.408342,0.573534,1.830442,0.133360,AUT,1356810.904710,0.011053,0.010970,0.010988,0.070207,0.002274,neutron,pi+,solid
899,8.8,0.111304,0.634526,0.573607,1.157220,0.311871,AUT,18794784.109672,0.002259,0.002258,0.002263,0.070207,0.001780,neutron,pi+,solid
900,8.8,0.145025,0.550725,0.573994,1.316372,0.299324,AUT,19140750.679161,0.002688,0.002529,0.002528,0.070207,0.001880,neutron,pi+,solid
901,8.8,0.180900,0.491846,0.573942,1.466068,0.293535,AUT,18973346.294314,0.003332,0.002953,0.002944,0.070207,0.001992,neutron,pi+,solid
902,8.8,0.233016,0.435771,0.573381,1.670364,0.287642,AUT,11388365.723374,0.003939,0.003857,0.003865,0.070207,0.002153,neutron,pi+,solid
903,8.8,0.103902,0.675522,0.574037,1.150473,0.495791,AUT,19183764.939365,0.002350,0.002288,0.002292,0.070207,0.001760,neutron,pi+,solid
904,8.8,0.144608,0.564746,0.574181,1.342032,0.489611,AUT,18887985.359015,0.003635,0.003045,0.003043,0.070207,0.001879,neutron,pi+,solid
905,8.8,0.199744,0.488991,0.573238,1.604516,0.484373,AUT,12256113.450234,0.005200,0.004689,0.004687,0.070207,0.002050,neutron,pi+,solid
906,8.8,0.116385,0.643088,0.574250,1.211732,0.688317,AUT,18942528.270677,0.002738,0.002554,0.002545,0.070207,0.001795,neutron,pi+,solid
907,8.8,0.183408,0.535787,0.573064,1.618159,0.678989,AUT,5600752.003558,0.005335,0.005810,0.005826,0.070207,0.002001,neutron,pi+,solid
908,8.8,0.120900,0.655738,0.574488,1.285660,0.899242,AUT,10037937.076528,0.003234,0.003238,0.003227,0.070207,0.001808,neutron,pi+,solid
909,8.8,0.155544,0.504345,0.623529,1.281726,0.129696,AUT,19106306.974964,0.002431,0.002429,0.002429,0.070207,0.001923,neutron,pi+,solid
910,8.8,0.219272,0.454473,0.622687,1.640489,0.124461,AUT,9137656.230966,0.003893,0.003882,0.003888,0.070207,0.002130,neutron,pi+,solid
911,8.8,0.118610,0.610559,0.623718,1.184691,0.310481,AUT,19103520.589016,0.002286,0.002284,0.002281,0.070207,0.001811,neutron,pi+,solid
912,8.8,0.162455,0.521231,0.623708,1.394704,0.297064,AUT,19055620.410011,0.002942,0.002701,0.002698,0.070207,0.001948,neutron,pi+,solid
913,8.8,0.214710,0.471779,0.622523,1.665448,0.287186,AUT,10841601.875753,0.004353,0.003992,0.003988,0.070207,0.002117,neutron,pi+,solid
914,8.8,0.109564,0.655617,0.624052,1.175058,0.497051,AUT,19183843.862086,0.002394,0.002318,0.002323,0.070207,0.001785,neutron,pi+,solid
915,8.8,0.167175,0.541791,0.623557,1.484621,0.486868,AUT,19011331.595762,0.004161,0.003373,0.003374,0.070207,0.001962,neutron,pi+,solid
916,8.8,0.252160,0.459617,0.616207,1.913165,0.451009,AUT,166281.890520,0.044464,0.045453,0.045149,0.070207,0.002238,neutron,pi+,solid
917,8.8,0.124411,0.638540,0.623987,1.283303,0.685707,AUT,18800596.774585,0.003169,0.002784,0.002781,0.070207,0.001828,neutron,pi+,solid
918,8.8,0.211255,0.535872,0.619919,1.867740,0.660050,AUT,435587.763467,0.027471,0.026692,0.026681,0.070207,0.002112,neutron,pi+,solid
919,8.8,0.113403,0.678290,0.623714,1.252548,0.907217,AUT,8154815.064071,0.003517,0.003519,0.003526,0.070207,0.001796,neutron,pi+,solid
920,8.8,0.122695,0.589431,0.673708,1.183203,0.272970,AUT,19140392.874948,0.002311,0.002307,0.002310,0.070207,0.001834,neutron,pi+,solid
921,8.8,0.162116,0.517450,0.673008,1.384182,0.229890,AUT,18984357.552822,0.002658,0.002570,0.002570,0.070207,0.001963,neutron,pi+,solid
922,8.8,0.206659,0.496277,0.671707,1.689327,0.208504,AUT,12296933.556213,0.003610,0.003462,0.003459,0.070207,0.002113,neutron,pi+,solid
923,8.8,0.116653,0.636279,0.673817,1.211194,0.496593,AUT,19243814.985648,0.002453,0.002370,0.002370,0.070207,0.001816,neutron,pi+,solid
924,8.8,0.173471,0.559295,0.672415,1.597352,0.483614,AUT,8172931.189252,0.006806,0.005359,0.005351,0.070207,0.002003,neutron,pi+,solid
925,8.8,0.115392,0.671280,0.673235,1.259249,0.744187,AUT,19374257.053042,0.002900,0.002582,0.002581,0.070207,0.001813,neutron,pi+,solid
926,8.8,0.205102,0.564716,0.665176,1.911849,0.645865,AUT,104176.174272,0.083223,0.061974,0.063236,0.070207,0.002114,neutron,pi+,solid
927,8.8,0.238505,0.545671,0.323975,2.140258,0.114553,AUT,11116121.758634,0.003860,0.003655,0.003654,0.070207,0.002094,neutron,pi+,solid
928,8.8,0.290981,0.488911,0.323937,2.346585,0.114066,AUT,11099193.023549,0.003859,0.003780,0.003777,0.070207,0.002234,neutron,pi+,solid
929,8.8,0.339457,0.453356,0.323783,2.539923,0.123672,AUT,5443245.856307,0.005641,0.005715,0.005737,0.070207,0.002363,neutron,pi+,solid
930,8.8,0.244003,0.539820,0.324198,2.163115,0.291289,AUT,11275276.795255,0.006300,0.005287,0.005289,0.070207,0.002108,neutron,pi+,solid
931,8.8,0.311640,0.470218,0.324055,2.413971,0.291379,AUT,11086120.114020,0.004420,0.005396,0.005406,0.070207,0.002288,neutron,pi+,solid
932,8.8,0.375695,0.446212,0.324244,2.768474,0.289850,AUT,642931.374861,0.016959,0.027293,0.027262,0.070207,0.002465,neutron,pi+,solid
933,8.8,0.262634,0.518149,0.324013,2.228345,0.492044,AUT,10894962.200814,0.004329,0.004435,0.004438,0.070207,0.002156,neutron,pi+,solid
934,8.8,0.336641,0.451433,0.323918,2.508317,0.491713,AUT,3443020.902620,0.011662,0.010823,0.010808,0.070207,0.002355,neutron,pi+,solid
935,8.8,0.247129,0.534700,0.373870,2.170745,0.117020,AUT,11055072.280596,0.003772,0.003661,0.003657,0.070207,0.002136,neutron,pi+,solid
936,8.8,0.314530,0.471385,0.373813,2.442186,0.123883,AUT,9910389.309368,0.004063,0.004075,0.004074,0.070207,0.002321,neutron,pi+,solid
937,8.8,0.251451,0.531178,0.374038,2.190526,0.290771,AUT,11167497.541979,0.006451,0.005310,0.005320,0.070207,0.002147,neutron,pi+,solid
938,8.8,0.323516,0.462014,0.374217,2.463548,0.289801,AUT,7613018.967027,0.005163,0.006196,0.006183,0.070207,0.002345,neutron,pi+,solid
939,8.8,0.260089,0.522146,0.374294,2.225516,0.540656,AUT,11014082.433562,0.003836,0.004082,0.004083,0.070207,0.002170,neutron,pi+,solid
940,8.8,0.331962,0.457608,0.373872,2.506481,0.517804,AUT,3482114.290505,0.008905,0.010005,0.009996,0.070207,0.002369,neutron,pi+,solid
941,8.8,0.257572,0.524156,0.423790,2.215422,0.120359,AUT,10883617.798783,0.003754,0.003696,0.003690,0.070207,0.002182,neutron,pi+,solid
942,8.8,0.326373,0.463105,0.423488,2.492282,0.129360,AUT,4655471.437160,0.006146,0.006136,0.006134,0.070207,0.002376,neutron,pi+,solid
943,8.8,0.259352,0.522994,0.424222,2.221646,0.290783,AUT,10934645.194407,0.005852,0.004976,0.004975,0.070207,0.002186,neutron,pi+,solid
944,8.8,0.333403,0.453160,0.424171,2.492971,0.288584,AUT,4531108.638781,0.006295,0.007357,0.007342,0.070207,0.002396,neutron,pi+,solid
945,8.8,0.269590,0.513105,0.423968,2.261789,0.546652,AUT,11036023.059559,0.003673,0.004234,0.004230,0.070207,0.002213,neutron,pi+,solid
946,8.8,0.355711,0.449846,0.423641,2.641982,0.493530,AUT,818156.260630,0.015806,0.026075,0.026053,0.070207,0.002462,neutron,pi+,solid
947,8.8,0.273035,0.510070,0.473693,2.278656,0.124330,AUT,10997081.254133,0.003742,0.003731,0.003739,0.070207,0.002241,neutron,pi+,solid
948,8.8,0.363320,0.448160,0.473477,2.688694,0.139240,AUT,508488.072639,0.021931,0.021286,0.021170,0.070207,0.002510,neutron,pi+,solid
949,8.8,0.270210,0.510761,0.474236,2.254465,0.289994,AUT,11016138.666915,0.004872,0.004426,0.004424,0.070207,0.002233,neutron,pi+,solid
950,8.8,0.351545,0.447402,0.474123,2.597003,0.289051,AUT,1732255.062794,0.010441,0.011722,0.011739,0.070207,0.002474,neutron,pi+,solid
951,8.8,0.271414,0.515385,0.474099,2.283939,0.551682,AUT,9705599.079428,0.004091,0.004718,0.004717,0.070207,0.002235,neutron,pi+,solid
952,8.8,0.250121,0.531941,0.523958,2.184048,0.212026,AUT,11103611.056109,0.004123,0.003886,0.003876,0.070207,0.002195,neutron,pi+,solid
953,8.8,0.319510,0.466623,0.523848,2.456714,0.225667,AUT,7824442.799184,0.004730,0.004848,0.004835,0.070207,0.002401,neutron,pi+,solid
954,8.8,0.266786,0.522300,0.523646,2.277982,0.545628,AUT,7244358.927054,0.005487,0.005857,0.005865,0.070207,0.002242,neutron,pi+,solid
955,8.8,0.261658,0.519970,0.573835,2.230362,0.218045,AUT,11115588.205917,0.004040,0.003869,0.003870,0.070207,0.002250,neutron,pi+,solid
956,8.8,0.332523,0.459503,0.572666,2.521295,0.225455,AUT,3113445.296768,0.007777,0.007887,0.007896,0.070207,0.002469,neutron,pi+,solid
957,8.8,0.258894,0.534074,0.573082,2.266555,0.537221,AUT,4937219.192850,0.008281,0.007755,0.007770,0.070207,0.002240,neutron,pi+,solid
958,8.8,0.260704,0.526578,0.623231,2.251903,0.272765,AUT,11064320.484965,0.004250,0.004008,0.004024,0.070207,0.002271,neutron,pi+,solid
959,8.8,0.334291,0.479701,0.618681,2.646738,0.215030,AUT,787077.189657,0.015527,0.015703,0.015710,0.070207,0.002508,neutron,pi+,solid
960,8.8,0.252898,0.543495,0.671824,2.259195,0.267516,AUT,6717483.524404,0.005484,0.005160,0.005128,0.070207,0.002273,neutron,pi+,solid
961,8.8,0.359330,0.563085,0.323812,3.335796,0.113950,AUT,5048420.762356,0.006340,0.006148,0.006112,0.070207,0.002423,neutron,pi+,solid
962,8.8,0.425892,0.526368,0.323801,3.699223,0.122710,AUT,1760858.239959,0.010893,0.010973,0.010955,0.070207,0.002627,neutron,pi+,solid
963,8.8,0.371075,0.555792,0.324194,3.396406,0.290450,AUT,4961193.446812,0.008929,0.008639,0.008647,0.070207,0.002457,neutron,pi+,solid
964,8.8,0.445023,0.513605,0.324380,3.774011,0.288405,AUT,594236.056690,0.020186,0.027196,0.027202,0.070207,0.002694,neutron,pi+,solid
965,8.8,0.376626,0.553124,0.324256,3.428023,0.526883,AUT,3866761.141925,0.008148,0.008725,0.008720,0.070207,0.002473,neutron,pi+,solid
966,8.8,0.374751,0.554629,0.373697,3.420710,0.119343,AUT,5006404.299676,0.006270,0.006202,0.006241,0.070207,0.002499,neutron,pi+,solid
967,8.8,0.463487,0.510258,0.373099,3.905403,0.134174,AUT,56140.408638,0.070161,0.069199,0.069585,0.070207,0.002806,neutron,pi+,solid
968,8.8,0.361426,0.561076,0.374208,3.342597,0.358432,AUT,5035226.866768,0.007822,0.007871,0.007880,0.070207,0.002459,neutron,pi+,solid
969,8.8,0.428800,0.522520,0.374184,3.697773,0.353031,AUT,1783521.052169,0.011287,0.014162,0.014124,0.070207,0.002676,neutron,pi+,solid
970,8.8,0.355806,0.564405,0.423814,3.311370,0.201305,AUT,5019860.317782,0.006855,0.006479,0.006484,0.070207,0.002470,neutron,pi+,solid
971,8.8,0.421419,0.528861,0.423903,3.676981,0.214822,AUT,2404616.259272,0.009581,0.009813,0.009844,0.070207,0.002684,neutron,pi+,solid
972,8.8,0.373156,0.556177,0.424060,3.415567,0.540244,AUT,2631926.550275,0.008780,0.011066,0.011067,0.070207,0.002523,neutron,pi+,solid
973,8.8,0.367510,0.558351,0.473912,3.380544,0.208970,AUT,4976101.244305,0.006736,0.006502,0.006521,0.070207,0.002533,neutron,pi+,solid
974,8.8,0.439987,0.516580,0.473731,3.752491,0.229552,AUT,745779.258185,0.017916,0.018505,0.018531,0.070207,0.002790,neutron,pi+,solid
975,8.8,0.371312,0.557656,0.473928,3.408493,0.532641,AUT,2048965.359490,0.011454,0.013550,0.013581,0.070207,0.002545,neutron,pi+,solid
976,8.8,0.367643,0.558711,0.523951,3.384077,0.274623,AUT,5002757.408545,0.006939,0.006729,0.006703,0.070207,0.002564,neutron,pi+,solid
977,8.8,0.440119,0.517985,0.523189,3.763837,0.264717,AUT,608494.271224,0.020072,0.020905,0.020862,0.070207,0.002831,neutron,pi+,solid
978,8.8,0.370643,0.558338,0.573289,3.407333,0.283242,AUT,4204807.425204,0.007520,0.007319,0.007338,0.070207,0.002609,neutron,pi+,solid
979,8.8,0.362444,0.565373,0.622474,3.378027,0.259650,AUT,2546399.426189,0.009796,0.009413,0.009448,0.070207,0.002618,neutron,pi+,solid
980,8.8,0.455226,0.568581,0.323897,4.270284,0.251631,AUT,3009631.456136,0.009014,0.009418,0.009398,0.070207,0.002735,neutron,pi+,solid
981,8.8,0.504714,0.567477,0.323942,4.729966,0.255553,AUT,604141.088773,0.021024,0.022810,0.022740,0.070207,0.002943,neutron,pi+,solid
982,8.8,0.462864,0.569069,0.373941,4.346192,0.273439,AUT,2908035.664687,0.009328,0.009714,0.009687,0.070207,0.002811,neutron,pi+,solid
983,8.8,0.462609,0.569168,0.423780,4.344603,0.278638,AUT,2238968.756399,0.010865,0.011173,0.011154,0.070207,0.002851,neutron,pi+,solid
984,8.8,0.461846,0.569756,0.473808,4.341929,0.277269,AUT,1693178.543498,0.012612,0.012792,0.012769,0.070207,0.002890,neutron,pi+,solid
985,8.8,0.460499,0.570501,0.523371,4.334940,0.267332,AUT,1216603.690687,0.015038,0.015032,0.015068,0.070207,0.002930,neutron,pi+,solid
