Nu	Nd	a	b	c	kt2	Nu_err	Nd_err	a_err	b_err	c_err	kt2_err	chi2	ndof	edm
0.5938711689603362	-0.6703218066854116	1.0795670400547155	2.935676156545418	-0.5028602930720059	0.2507960228124766	0.030179597817265934	0.03459062978793951	0.012692549919095035	0.03053624248440116	0.053044251404872365	0.0009830416341404732	2115.1205921094584	2351	0.018435074840869606
0.40199834092761044	-0.44958052265835863	1.0102162563508539	3.0266812314543206	0.001584969525447549	0.25046991295797155	0.0043323805997352435	0.004749834517187037	0.006776700585662209	0.02777047300559623	0.016372965386790783	0.0009780823150520221	2199.581182805112	2351	3.606577488267937e-06
0.399328032673667	-0.4506537847074446	1.0068754275841514	3.0212499886521353	0.001571875985116561	0.25032157370565883	0.0043027884759652335	0.004758022384036438	0.006774280872615522	0.0277724173468743	0.016367143184869468	0.000977337005661185	2164.002749238262	2351	0.0001213344363371474
0.3981735102918291	-0.4499114558727417	1.0036277356504648	3.0172898584140393	-0.001284829342545928	0.248690287758929	0.004298813404074763	0.004759144826661471	0.0067899410708152285	0.02787434533645728	0.016373366589834484	0.0009759567117848423	2237.2464922826684	2351	9.173945208914766e-05
0.401392629808134	-0.4490326972177439	1.012630447496125	3.046040736941798	0.00020549632490470064	0.24898848794925318	0.004329742678247688	0.004748282086365445	0.006788825616878923	0.027832615573744036	0.01638305569163116	0.0009773490338221183	2051.437967595849	2351	3.9126279192886927e-05
0.39970448721495694	-0.44982017507594213	0.9927387070880819	2.9671287367780446	-0.0011736501987530225	0.2493896484029024	0.0043083361465927885	0.00475153863378978	0.006748499047725438	0.027639053496380413	0.016336230516249925	0.0009765437415491689	2191.992018118904	2351	0.0001978031232045979
0.4010493012031073	-0.4498665886376907	0.9940950654070172	2.9666971046933863	2.083508513044941e-05	0.24981123986431897	0.004318137301606182	0.0047477145403390705	0.0067391595681265916	0.027595204718191078	0.0163294008375282	0.000975091805904578	2086.694499169584	2351	3.5779594360694245e-05
0.2945162066209572	-0.3329118984937732	0.9725276531957681	3.09579440036618	0.5599576124846124	0.2504907958300165	0.05347590042127768	0.06039824486118957	0.027558218954532546	0.029204747293480996	0.3793506625518958	0.0008778549181311217	2172.674733003517	2351	0.004651506452567784
0.4008721509657969	-0.44918327273872427	1.0077814312142455	3.0404751222106237	-0.00044138405688578055	0.24869525962146902	0.004321305513933489	0.0047461729233286305	0.006789399015713168	0.027886855501518253	0.016372000991811523	0.0009738026158699556	2235.3956318719775	2351	0.0001866715435929499
0.40022627287447676	-0.4498113012579284	1.012332960807763	3.0574049896079103	0.0008840695503739358	0.2510404676601948	0.004318483041485043	0.004756633845389838	0.006791426567294794	0.02789026558770327	0.016401745889868726	0.0009787452016287296	2290.63031148353	2351	0.00013762086061847232
0.6473949614027773	-0.7279089820973195	1.0859436325512941	2.8824060855136953	-0.5894307704991076	0.25001112897114997	0.0454897039794042	0.0505894932164003	0.016929512201625127	0.03157505248883281	0.06691073047592278	0.0009886657588725532	2062.0548473870467	2351	0.015262454036200223
0.4003669526906124	-0.44982355178275807	1.0005307364811171	3.005388888901953	-0.00011206942364719652	0.2502180205073083	0.004314612488401379	0.0047507926869733786	0.006771657351594337	0.027795093779696474	0.01635715286659004	0.0009793065531983327	2268.281042605454	2351	0.00010875431107853546
0.39826551226587614	-0.44978896831603665	1.003862165369435	3.0338932325179133	-0.0014328798445764437	0.2486747021736032	0.004297541682276393	0.004755380899019008	0.006785071626447384	0.027877081016669143	0.016376615391239357	0.0009751103985337099	2178.533349584308	2351	1.9141799685724164e-06
0.4000140542428227	-0.450495028483091	1.004737596033236	3.0293607165207486	0.0014401797183837722	0.2511306352526187	0.004308090344825713	0.004754409073097314	0.006765422871028332	0.027780113142728265	0.016371216433346797	0.0009752059774936519	2160.285220685834	2351	6.815384065013835e-06
0.3994685557588619	-0.4510684343738554	0.997258704266256	2.995253395258576	0.0015464987015788856	0.25042565856704296	0.004294887135703022	0.004751700746947134	0.006740843104070394	0.027661720279637033	0.01633282499043403	0.0009757922020928759	2273.106628639718	2351	1.206002476977708e-05
0.3989653596573172	-0.45127800886328046	1.0004542936424499	2.996728387678183	0.0019397453036525828	0.2519109723204346	0.004297295457322298	0.0047622278138733385	0.006756895918425916	0.027720570601662546	0.01635890561888699	0.0009786104011360885	2256.2400448532862	2351	0.00017003950495336612
0.40069888458302627	-0.45009718415638006	1.0117874804765314	3.0528979439422694	0.001809435901077131	0.2507153264835238	0.004316819717262269	0.004752302525879263	0.00678861165424108	0.02787481917494257	0.016383805507182103	0.000977139307849785	2276.3456994856597	2351	4.377800825372299e-06
0.4023501185139911	-0.44918907254270807	0.999824905465219	3.008338877386637	-1.838721710198309e-05	0.25048810034807306	0.004332570046339624	0.004741862573447781	0.0067599916627064495	0.027752062155903645	0.016353968266221125	0.0009767077835248343	2280.9811381252684	2351	0.00011495113044145403
0.40118873782169145	-0.44975611234457435	0.9935804565237926	2.9710224384048347	-0.00024667210586584314	0.2502333223770762	0.004320036195167733	0.004747061762800799	0.006745594429641628	0.02765614178201156	0.016333496588776364	0.0009764298715778458	2284.742497257932	2351	5.343319562212619e-05
0.4000442438911515	-0.45011482238348327	0.9954249770242466	2.987281980339514	-0.00010250590725426088	0.2507899646939054	0.004309790378875902	0.004752208203063945	0.006758311880331163	0.027721328068516054	0.01634928810587921	0.0009778389943918518	2336.0394613153876	2351	9.645748931298147e-05
0.39933461904215595	-0.44981521959243104	1.0003224527670613	3.0158243821817527	-0.0009181091701580284	0.2494590630901411	0.004305338576083732	0.004752148141216536	0.0067765808420106825	0.02783452478764251	0.01636344168428592	0.0009750954118421535	2181.6536091876605	2351	2.373950667586964e-05
0.39972876828874854	-0.45071984449233665	0.9919283658949085	2.966943019136864	0.00047691467092324957	0.2511058077632058	0.004303223166165558	0.004754588153332182	0.006736401799505838	0.027627237498838778	0.01633364200300858	0.0009778209886739163	2207.752684685425	2351	0.0001866338194533132
0.399245890980958	-0.4500566951181976	1.0114324063953808	3.0482605832673073	0.0006230202739449188	0.2506507693954431	0.004309922996666631	0.004760744331461361	0.006798014922810733	0.027903058561682976	0.016399300094637078	0.0009790335314914893	2198.1858788341824	2351	2.2996874199428607e-05
0.3989305783952475	-0.45069722220344416	0.9957738883650722	2.972767518335141	0.0002957466941453101	0.24910010611181943	0.004295143081231831	0.004754570199236271	0.006752699428962239	0.02767092155385221	0.016327626280392884	0.0009751668730397173	2195.423035788024	2351	1.65287577999241e-06
0.4000716896948558	-0.45029778232630624	1.0077538764941878	3.03261265079241	0.001461404596160872	0.25187113019990764	0.0043143191334907745	0.004758838573050037	0.006788145639805886	0.027851427867911067	0.016388634083268978	0.0009796225340585015	2181.553341060379	2351	0.00017202001290188808
0.6023312184463295	-0.6754126567325645	1.0822677638101648	2.949607162653098	-0.5170880242026031	0.25014500345107693	0.030968424319020128	0.03460227776242417	0.010888149250893934	0.036775049074303116	0.052146218086233945	0.0009718443038924088	2311.3655414655514	2351	0.010579857634178973
0.3996375733940897	-0.450130574656395	1.0059101179099237	3.0345296736704856	0.0005748847292820736	0.251687785418994	0.004311235910297628	0.004758391197918433	0.006784597663652178	0.027855319887813857	0.016390609944760458	0.0009801825963848302	2203.442322502733	2351	9.50792953525307e-05
0.40068072185264586	-0.4500723728199992	1.0063808261065286	3.0358512357597283	0.0011685290221363335	0.2504250716598337	0.004314180895720277	0.004749349968076023	0.006771363051274335	0.02781203565353378	0.01636723683487895	0.0009764055006967941	2156.8438783178035	2351	8.336213447125515e-05
0.40060411188120937	-0.4503780137685484	0.9895931183451517	2.9489296414095962	0.0002547482815074233	0.25007871294772716	0.004309493873439628	0.004748297780860052	0.006717736462824976	0.02750641509046281	0.016312194593963995	0.0009764821413303891	2233.530737380604	2351	6.536668795000563e-05
0.40107254098435435	-0.4497787597972691	0.9930118173045163	2.9750572250245946	-0.00029031426507191696	0.2509988875188423	0.00432014611611957	0.004748579762948817	0.006746372260403318	0.02766060968800993	0.016342575226013782	0.000977528411203978	2217.8831539198363	2351	9.6725522042532e-06
0.39857559862636827	-0.450397639487634	1.008996666528244	3.0358902696817998	0.0005909440500938714	0.248959633758025	0.004297194002258406	0.004757813555931259	0.006783054786105933	0.02783060017146586	0.016372568196779486	0.0009762128829988883	2146.698435895383	2351	2.7989719299606718e-08
0.4009216349899548	-0.45007754306525716	0.9933327266576937	2.9781456436414793	0.0002610140964343039	0.2503289134220698	0.004313356810756582	0.004745874240943398	0.0067434374107256745	0.027651957810344827	0.01632994064144762	0.0009755663839775693	2224.8738534436616	2351	3.2071313568865675e-05
0.2817181079333138	-0.319179219295216	0.9481115402672081	3.030686888104633	0.6438540427711683	0.2506409934102645	0.023476771605331744	0.026687619444169818	0.01387287860069713	0.029711081607429822	0.1849969402539856	0.0009760531676135502	2214.1843714227293	2351	0.0027145736075716363
0.3996118303766204	-0.44995059934162845	1.0059227494941951	3.030322132703319	0.00019998268345738308	0.24920216885024596	0.004306513272162435	0.0047517165932432805	0.0067731046656957635	0.027785381149486935	0.016366473576364463	0.0009756327940504862	2145.177395592433	2351	0.00012294333510167002
0.28635675840956776	-0.32341982933543484	0.9511107350300555	3.026442907438487	0.6191205820011237	0.25110003623656485	0.030666919574842886	0.03458617141997956	0.016653176326494108	0.027798110678313608	0.23321098779409555	0.000958434735904937	2197.1184486735488	2351	0.0006924734237579755
0.4001485218566273	-0.45062037845153735	0.9914625165307235	2.9534166150516166	0.000664726675219126	0.2512958971355467	0.004308863729296331	0.004755096594623385	0.00674536737861548	0.02762917100653779	0.016330213295572178	0.0009802167477739466	2254.8321324079243	2351	8.223589482692147e-06
0.40043953359548623	-0.44983001253327365	1.0076386268449968	3.0323109347542294	0.0006893295672634895	0.24902804987628036	0.004313389380254692	0.004748826687392031	0.006780429461185709	0.027817737957191547	0.01636318805294468	0.0009739414340458163	2280.9284962519923	2351	8.077000177208246e-06
0.3989980368753374	-0.4502864054485194	0.9903486760262071	2.958149841400329	-0.0010852625845766746	0.2503218147975996	0.004301831497275959	0.004757016183850742	0.00675218324732763	0.027686517050290422	0.01633789240495653	0.0009786723570269803	2134.282576862078	2351	6.615806042324192e-05
0.6168185880488526	-0.6913156533752857	1.0893310459775059	2.9463858908644154	-0.5391691630970785	0.251709506504364	0.038144618403524524	0.04260194347823502	0.014417267161728961	0.03284294213732043	0.06275760122808423	0.000960718669070182	2242.6654113789637	2351	0.03442179090218892
0.39846826730678525	-0.4509597252308379	1.0122145151249309	3.0488495314358928	0.0020029925928213943	0.25164259638835285	0.004298345791896083	0.004765842896741745	0.00679627972853945	0.02789991613361579	0.016397456851896256	0.0009809052913597987	2270.5551174349202	2351	2.048344177029297e-05
0.29435920211725053	-0.32935525854463543	0.9395732247977828	2.9740276229339635	0.5659048691994607	0.24961854622207416	0.03657587724613918	0.040998599132034956	0.019436491061636033	0.02830900715776163	0.2635677443988605	0.0009892078288299825	2182.6912104033327	2351	0.0009802826887010743
0.3992105759575529	-0.4500770591952927	0.9933630158629537	2.973157427884751	-0.0010665077822921973	0.2490910484202559	0.004301587619836818	0.004752122419441889	0.006752704703540816	0.02769026953756562	0.016333928866083838	0.0009761791275384997	2312.9981173911274	2351	3.245956672645223e-05
0.40225145044286226	-0.44912680937904265	0.9891736315520719	2.9493571624591697	-0.0011569586865650301	0.249037485273517	0.004329470989082665	0.004739212678448206	0.006731903310129765	0.027570697970886102	0.01631191114449439	0.0009748773220996237	2147.4364382607223	2351	3.5621504904008465e-05
0.4011964667786002	-0.4497997797473083	0.9962574456469803	2.9779571041424466	0.000189826058104299	0.24987771717063978	0.00431995741935789	0.004747429648446348	0.006749230438717408	0.02764591879821532	0.016336622322610603	0.0009753639685576741	2144.7539579615805	2351	5.093407295051231e-05
0.40044208965612277	-0.44964305005391425	1.0014109804149192	3.004804694884171	-0.00031610344949836516	0.2491168375916874	0.004314999399908344	0.00474876893594038	0.0067629810404657145	0.027735980775840448	0.01635158701799519	0.0009764034277294896	2244.3205783301846	2351	3.128430342658378e-05
0.3998886077612045	-0.4508963522555814	1.0113319528399445	3.0362775367814767	0.002875765995718163	0.2511880774619146	0.00430686125139159	0.0047586892323296295	0.006779475523695139	0.027802544988347475	0.016375270195459538	0.0009797254073811495	2228.8900449686257	2351	1.886899347260996e-05
0.4006317421701644	-0.4493445666279111	0.9913468987959385	2.9737750384182284	-0.0017041450399554524	0.24854323515954027	0.004313804321442196	0.0047421347959475954	0.006745920405079594	0.027668932183714547	0.016324482701132077	0.0009752464236702281	2284.318670504118	2351	3.812851972893252e-06
0.40249934390737013	-0.4491468209927297	1.0014802360568489	3.001471242854627	0.0002498120227601657	0.24948164756926577	0.004333833719329046	0.004741353291948486	0.006752441718136598	0.02766851646161331	0.01634625484642252	0.0009742363874760815	2158.837149307284	2351	2.870826455551316e-06
0.4005418971164946	-0.44901840764318435	0.9949208106181235	2.9827911584061297	-0.0021177699482275666	0.250007818001728	0.004323759418800391	0.004750919493456563	0.006762646649276173	0.027729245954385445	0.016360661677688293	0.0009787167177858086	2282.09427995225	2351	1.3756111961214338e-07
0.40033116156933934	-0.45000558043461136	1.0018264271377213	3.0143969529965986	0.0004624564953610522	0.25153257546792673	0.0043166211744990165	0.00475534642578375	0.006770967915329939	0.027781258860712275	0.016376501960039317	0.0009781046982126982	2235.936144214586	2351	7.466562386815468e-05
0.39995554559123286	-0.4503949423619056	0.9997618962384511	2.9928113009527872	0.0008588337459852624	0.24952499777466536	0.004305064807725419	0.00475093145031887	0.0067479404028871655	0.027638203940871853	0.016338423012242184	0.0009760177200855197	2226.813106022731	2351	0.0001545625260697557
0.39873923281154394	-0.4499796586987053	1.0111901490882507	3.068139998907668	5.996050240802825e-05	0.2504960563296041	0.0043037795298307945	0.004758693743873438	0.006799877708971435	0.027952832275291627	0.016406717211928042	0.0009774390501140705	2229.456992008316	2351	0.00016786221603775503
0.6364014112883284	-0.7186036488993816	1.0790692229483798	2.8506481909146943	-0.574258915193345	0.2507190066901125	0.03447359776325244	0.03903254938185564	0.01324891657644411	0.03341894362936872	0.0522263605648586	0.0009776304992278732	2136.9443490864396	2351	0.01418906017162455
0.39972443733547136	-0.4500571073562655	1.0060896764856078	3.0275142656721346	0.0004650476587187048	0.25002036432355296	0.004309354794543714	0.0047547362390073095	0.0067744454489366114	0.027799484809136323	0.016372885199729584	0.0009763950328025305	2160.0581678658523	2351	2.0778883125865208e-07
0.399152476101561	-0.4503139780508217	1.0048678689862216	3.0133929230560605	0.0005046357629203537	0.24952202452024813	0.004303689876422744	0.004757630152334655	0.0067777430258499066	0.027790388952231047	0.0163653876547971	0.0009760806069120034	2252.4627471010303	2351	1.3236850266613551e-05
0.4001151168557273	-0.4502787273334512	0.9959621806199548	2.9746778838188996	0.0003303052294786218	0.25032707790295955	0.004310085762402122	0.004753527121137337	0.006746025480589911	0.02763272513211608	0.016340223380693762	0.0009777483752164457	2272.34610523643	2351	4.613364332576122e-06
0.4003146063980829	-0.4502441917760245	0.9961175204782965	2.9883067668089294	0.000426160997272171	0.25098838064756146	0.004311264881490439	0.004752099248908875	0.0067491977631108716	0.027675363119931958	0.0163486548694497	0.0009768734160940785	2089.146365391365	2351	6.186589420527717e-05
0.4000860399695516	-0.44945630132041914	1.002461957671248	3.0126876197029393	-0.0008353792797352111	0.2471588641343298	0.004309104817550923	0.004744398888324489	0.006771896351060548	0.027777236799510437	0.016342065954119453	0.0009706897419178516	2257.7884098672353	2351	1.0567603413880398e-05
0.39926981700730657	-0.45051634125478146	1.003615781083831	3.0186236460091456	0.000801129741964393	0.2509976313265074	0.004303662861013372	0.0047582246828418145	0.0067807157464082795	0.027848908662123178	0.01637089770745045	0.0009787441645133165	2212.23093613399	2351	7.894756903414698e-05
0.40114982587786613	-0.44907101481396877	0.9914286621357433	2.9762416384499977	-0.001954439890031466	0.25061366765544446	0.004326097638721936	0.004747098256751122	0.0067595854463628185	0.02774830768117306	0.01635050093340089	0.000979066844126306	2099.6306015006458	2351	0.00011314903615354237
0.39898635232223617	-0.4500017452787296	1.0009991343565339	3.0142791210906075	-0.0006984215129878532	0.2506817185623614	0.004305771897226838	0.004758458072903293	0.006778342841821753	0.027836046660733846	0.01637772323471125	0.000980147102038397	2236.1769353505383	2351	3.0576882480034005e-06
0.39835123814392753	-0.45110716193368305	1.00055506149928	2.999346043536917	0.0011633585487380122	0.2511020805748806	0.004292594455737898	0.004762374334688945	0.0067688262527203615	0.027768820638381302	0.016359287232635123	0.000979247461450974	2213.777395677529	2351	6.184591668109218e-07
0.4017002675432032	-0.4489057805978504	0.9998159838411735	3.0060830282961675	-0.0011164851987258365	0.24917892997496796	0.004329105269753469	0.00474268050671603	0.006763727530940804	0.027748963538074344	0.016353677438725955	0.0009751377808851899	2217.312252386167	2351	4.322621202369853e-06
0.4001763030913975	-0.4495444028991948	1.0027488859731373	3.003695529513384	-0.0006034771081725879	0.24964502342398795	0.004317969299397741	0.004754016600590083	0.006778226920911036	0.02779499934172485	0.01636607571570601	0.0009782957231804744	2186.3877802677926	2351	0.0001170721632161202
0.3978284177602178	-0.4507311754382678	0.9853199996976056	2.9424037429071292	-0.00147134689819096	0.24930276757201877	0.004285591765114726	0.0047565916987887475	0.006742814367392593	0.027646955896128353	0.016316464323677424	0.000975325812721562	2292.4072733520984	2351	3.5479804591191992e-06
0.4002478436023437	-0.45013002594726753	1.0087940946042304	3.0391981272099304	0.0012343422075656466	0.25007308498803305	0.004311855904769474	0.004752272892080555	0.00677316479254902	0.027797571995514442	0.016372840632728397	0.0009761430079430729	2214.8913279370954	2351	4.792769412360532e-05
0.40099217649989305	-0.4492677141126083	1.000941395236137	3.0040919922296703	-0.000630530035080684	0.2509787001036803	0.004327813728064111	0.004752829507415997	0.006768290940661011	0.027741291286304606	0.016376356151460592	0.0009793941541089719	2259.7051631991953	2351	0.00013771192359310108
0.5626092715151654	-0.6334557981524401	1.063003310515085	2.954742807912265	-0.4489770350166026	0.2504151085946876	0.025442344465105265	0.027904898401851654	0.009940152321495348	0.03295161191406592	0.04891522609485513	0.0009760081838799839	2237.951917890862	2351	0.0019528678775753427
0.4010090299932636	-0.4491709698510937	0.9935164579746637	2.96924956883986	-0.0015811331997710742	0.2493768792408026	0.004323675722445372	0.004747248638199212	0.006756577181668416	0.02769178945441868	0.016339815034959838	0.0009771603482330526	2234.4291439828035	2351	8.951044194427163e-06
0.40005286738240287	-0.45037572974365175	0.99833914992748	3.007360266349091	0.0006313618764710415	0.25084480857593094	0.004306531298701119	0.004751025212464166	0.006757517738674943	0.027759796765121393	0.016353173296645273	0.0009755268815180034	2230.701171922967	2351	7.661984637981022e-05
0.4008183381328921	-0.44964535666823785	1.0124312483960718	3.060989235302077	0.0010366536262156687	0.2498857210214813	0.00431911235160816	0.004748849743411575	0.006787826601333673	0.027871038959153372	0.016385163759954354	0.0009766052764479385	2197.317947057033	2351	8.485927836733855e-05
0.39924964311759	-0.4501219186084582	1.0065383419635965	3.023293953273697	0.00030570908906227035	0.249463497188211	0.004305870085849812	0.004757040743403435	0.00678144936486905	0.027814626465589094	0.016372226163528413	0.0009769405675989266	2166.994800809893	2351	9.070131741548421e-07
0.4011207307183651	-0.4504309099287735	1.0066770965464857	3.0053145765297	0.00244627187003221	0.2506173647533221	0.004318921593936133	0.004753470522397022	0.006759252388334937	0.027667600415045027	0.01635512643780675	0.000977418644500988	2338.108225117623	2351	4.815707871819597e-05
0.39968511339535084	-0.45009763682164383	0.9940938593078701	2.97903822989694	-0.0005850913866583158	0.24988463315481524	0.0043059092236605164	0.004751776353984361	0.006747795381209565	0.02767189977549792	0.016339916308690985	0.0009760629999933385	2142.0710486231237	2351	4.3089416705196906e-05
0.4000719506051853	-0.4495790702922668	0.9994472626414264	2.9850241820768795	-0.0008505569556807489	0.24897163492377208	0.004315186824566664	0.004752571525069346	0.006765839927983214	0.027714966662339188	0.016349700151788583	0.0009774061711257187	2196.8826031023737	2351	9.545929815885973e-06
0.40122286388528555	-0.4492621999389118	1.0061619703212883	3.0255694073541424	-1.9667823570639975e-05	0.2501812923454244	0.004327139280747188	0.004749495890120523	0.006780082261707505	0.02780972385098285	0.016376039006169463	0.00097837672338991	2095.525833190848	2351	9.576888087283307e-05
0.4001588071095568	-0.451045055813859	0.9958562007183835	2.9713076128080123	0.0019620735422281967	0.25169445235835336	0.0043059531394528	0.004756165800169338	0.006736846579170067	0.02759332535092847	0.01633613984177782	0.0009776055410472392	2160.9401830266343	2351	5.13753706947306e-06
0.2837153973630692	-0.3187214797051994	0.9324623910447507	2.964899228756799	0.6412105681609993	0.25004327018455313	0.026256927738043	0.029511853122554315	0.015358323597251504	0.029692060796702974	0.20328930238205234	0.0009864951038259615	2184.869376250279	2351	0.005347804457603345
0.4000165249240994	-0.45041878554641546	1.0020168391997737	2.9835329956873164	0.0011548598325682197	0.24889539385063877	0.004307419548528812	0.004753114187867684	0.006751547561884159	0.027622296223586276	0.01633453711934517	0.0009754609846925515	2253.7055744229706	2351	1.593668237171813e-05
0.40126185111470297	-0.4495087251544769	0.9999526027981905	3.0026753313810923	-6.553412547998385e-05	0.25003356493066703	0.004322952277761974	0.004746885093017407	0.006757152683436662	0.027709027093762398	0.016354356614970852	0.0009759377275022179	2130.727096520345	2351	5.357718346954617e-07
0.28519473655345257	-0.31997529951753156	0.955237968308845	3.037932840896553	0.6339574883238203	0.2492979233196545	0.03813339861854308	0.04277742942856115	0.02044871186348739	0.028634548900678947	0.28858988149789966	0.00096435052547768	2182.1492566534635	2351	0.0016826917679001368
0.400669434561163	-0.44941969393590797	0.9969452306687685	2.997699064913856	-0.0010675977081357972	0.24858975889619708	0.004314724170849381	0.004743560854195629	0.006756749336848451	0.027731028912659057	0.016339367655753095	0.0009735352324524996	2203.220067845709	2351	7.679053026091606e-05
0.3992111106615621	-0.4490044771451043	0.9940567076150771	2.992917081968551	-0.003285401833482159	0.2475910161982156	0.004306758771829381	0.004746889825774196	0.0067741404605624195	0.027819408716299066	0.01634652129820031	0.0009748252893358759	2236.494854132793	2351	2.095780531870593e-05
0.3979343342564321	-0.450332551735663	0.9971255397445479	2.9888026604789615	-0.0010645343263916596	0.24884819382565107	0.004291794341880977	0.0047584028755967315	0.006769825347422271	0.027757855797856397	0.016350347014391583	0.0009748218639789428	2262.6781523202435	2351	8.060217165727043e-05
0.3986653134640292	-0.449906955095973	0.986939603165211	2.9534100461271504	-0.002408607883454592	0.24902288608479625	0.004298125745342335	0.004752800395406177	0.006739749905538204	0.02762989067002677	0.016328198274347214	0.0009768747967799593	2280.700461704289	2351	2.6066029850221523e-06
0.39998405464929754	-0.44969867136117775	0.9942884394073523	2.99018151653379	-0.0012015494777932163	0.24893925942199294	0.004307540951084369	0.004746139208172717	0.00675448993399631	0.027724613005195926	0.016337359323801263	0.0009737532378745096	2173.207589118501	2351	3.3949156326350357e-07
0.4002929486545084	-0.45029450552269235	1.0042342952177907	3.0221698683812765	0.0011445258887296088	0.25152047193334837	0.004313447409681226	0.004755225347026762	0.006777332745161042	0.02783766759004256	0.016373139467225115	0.000979051471514343	2221.7478525457127	2351	0.0001250674143635183
0.4007202024141049	-0.4487847412066122	0.9961615370030432	2.992849454480815	-0.002362590196306705	0.24962043772420325	0.004325357703021355	0.00474831871779846	0.00677307909870169	0.02778610618873078	0.01636286742620415	0.00097862984445673	2210.403716942744	2351	8.99186207034839e-06
0.4015690930222208	-0.44884677192405653	0.994518656530782	2.9969801251288466	-0.0017746858488989772	0.2510885452686743	0.004331669634587219	0.004746179959857161	0.006763675998479386	0.027770876412141196	0.01636707077802579	0.0009786177805306347	2132.8425902318536	2351	9.872584251076072e-07
0.40029643257104824	-0.4500777617694784	1.0049376585118595	3.01739569092033	0.0008431406706173837	0.2501363257830074	0.004313602423915004	0.0047532549642417595	0.006766778283684835	0.027746145291750565	0.016365311861082765	0.0009764027784380516	2236.4951617047564	2351	1.9672520694803116e-07
0.4000390837963856	-0.4501372082055437	1.0111943814161664	3.040918210728759	0.001390001257136397	0.25051272806713404	0.0043139206374128635	0.004757083397274615	0.006778607994670928	0.027795863071181027	0.016386002486883204	0.0009783597388222194	2375.456615646628	2351	3.483384408415184e-05
0.6352412359978286	-0.7152164397659659	1.0893033861365273	2.909599831796747	-0.5706577775427133	0.25059959261865383	0.02017194624337437	0.02298596067060279	0.00917829292590779	0.03258380131837246	0.03032852511248602	0.0009650235873559888	2160.6838415791217	2351	0.024595670004152477
0.3989618435989827	-0.4500971293310189	1.001430308971333	2.998583464199796	-0.00015996237863901222	0.2498655637584192	0.004304644372005849	0.004758637990777523	0.006779059104859594	0.027782825745979286	0.016366030191928334	0.0009779440707331937	2186.9979262789147	2351	5.636996715690119e-05
0.3996610543640543	-0.450144797081107	1.0029528757369326	3.0110683623754246	0.0003215494530888172	0.25025788805648036	0.004308922762266025	0.004755930613971865	0.006766871938473589	0.02775288196396131	0.016366442802368052	0.0009760538324515637	2157.497301670846	2351	4.461145945234993e-05
0.6002421327582778	-0.6742725210322646	1.0793372371454488	2.9382471729888002	-0.5141321725470464	0.24990416684603706	0.038195748164915985	0.0430617193797809	0.013187779254398808	0.034673746606224104	0.06594892474471825	0.0009725715503003781	2169.8245050709584	2351	0.020226020932542728
0.3994476481064283	-0.4495816201741246	0.98735755818019	2.955064879012232	-0.0024892065954648275	0.24948539176197912	0.004307843723128744	0.004751312316057519	0.006740419444580089	0.027635581530564984	0.016333919873860823	0.000977538897614855	2141.2633670745695	2351	1.5084010359916538e-05
0.39976227005067494	-0.44992854471450017	0.9983928199234815	2.992528846271831	-0.00044176574238147194	0.24889290225854643	0.004307120869346863	0.004750601789974002	0.006753005970841657	0.027672627433432267	0.01634395069264756	0.0009740787266047616	2105.932660259433	2351	2.8161084027607884e-05
0.3999773952883047	-0.4496398151911126	0.9914855814450458	2.971882525216046	-0.0016426566036398086	0.2502537086987495	0.004313227922392542	0.004752088446311906	0.006757503339655963	0.027731692421272006	0.016346907584290717	0.000977269692641071	2169.1559924298936	2351	0.00015627309203122074
0.3994418629134775	-0.45002287408304886	1.0009496614536169	3.003008904753735	-0.0002640829310917799	0.2502901319150721	0.004308283330355053	0.004756342748955209	0.006770389222952427	0.027763426265380333	0.016364645815898114	0.0009802044783225716	2313.4633066700085	2351	8.560194478127717e-06
0.40081858761587374	-0.4490698433714601	1.0070806536748718	3.047502456421921	-0.0007017436438471078	0.2496438874182599	0.00432298325530012	0.004747279612214207	0.006777875482196049	0.02783232774038454	0.016384893316295415	0.0009763769309248254	2268.7567760731963	2351	2.5296840126057145e-05
0.3995318464898227	-0.4498821007191093	0.9838832821695445	2.936973625101218	-0.0021599355249889945	0.2488975770778692	0.004303041305236687	0.004748191191921304	0.006734332964381999	0.027614085382706665	0.016309190705918988	0.0009752549965120898	2317.9267827400035	2351	0.00014261525033428882
0.4015354494954276	-0.4491853423495742	1.012242488632273	3.045307612550866	0.0005441579144158556	0.24965578517933282	0.004330840674085981	0.004749228572880787	0.006787973540860808	0.027847874947112484	0.016384865497054892	0.000977177531730761	2354.0096754850865	2351	3.506555244973484e-05
0.4013288380764015	-0.45002986263982336	1.0015787544769648	2.9972069072220875	0.0010793529695564603	0.2508955230984005	0.004322705908943843	0.0047511389669900855	0.006762800417235022	0.027722486418068005	0.016353306555803058	0.000977718400347807	2093.187685128256	2351	1.7654477608646192e-05
0.40027123227339634	-0.4492860418221859	0.9854967914116258	2.9572956956279963	-0.002650023587136148	0.24934800800015494	0.004312876633680038	0.004744575487974276	0.006733288523028706	0.02761706951237483	0.016326324061090757	0.000975248970110504	2251.2123885365413	2351	3.5776014060377625e-06
0.4017074750624282	-0.4494083512436385	0.9911031494757517	2.9629198759967483	-0.0008183865284579845	0.25041515626282623	0.004326753630891652	0.004745118115634726	0.006740408510262605	0.027630884298787316	0.016332554288183802	0.0009772583042818677	2139.50837064161	2351	8.459869213342304e-05
0.40076523356297905	-0.4505087535983452	1.0069734394928027	3.026526728818904	0.0022348280543717605	0.2520191963157313	0.004316606709521216	0.004755475453601509	0.006774439934426343	0.02780637194456238	0.016374362035766137	0.0009792522183649595	2197.81906694132	2351	5.6633044541748915e-05
0.3999657050112259	-0.4498722496562731	0.9859025449448546	2.9400400243759135	-0.0015944691069520386	0.2496234844981162	0.004308773704666096	0.004749590970993663	0.006734676732097229	0.027595072114388417	0.01631739265722377	0.0009776704113834778	2224.154428993023	2351	5.914696733438764e-06
0.39986156257066136	-0.45053973651992185	1.0027362802384567	3.004503674389421	0.0013018333806232585	0.24967481536724864	0.004304364389863261	0.004752609883582327	0.00676223450652243	0.027723629289287944	0.01634604777544743	0.0009748850409830765	2307.437757350389	2351	3.2867422319258424e-06
0.40071790289215387	-0.45028499612885425	1.0105357404295146	3.028934335887068	0.002103921144426108	0.25089275564326746	0.004318445835197928	0.00475602566329771	0.0067746638876576715	0.027773421441414533	0.016375581627148878	0.0009788847740439014	2093.6752952030665	2351	2.5239564092305357e-05
0.4022578711120566	-0.4495847053722244	1.0043843129362358	3.0118209974721935	0.0012319841721937016	0.25143750166894485	0.00433353470027034	0.004748134995598324	0.006770450398200446	0.027763073548484722	0.01636550442292708	0.000980184053399033	2247.106729235121	2351	3.7020500600392466e-06
0.3988586229334713	-0.4499552430668454	1.009576302599547	3.0289095511411936	2.9526366959491678e-05	0.24808964211241663	0.004302736552693662	0.004756326166104975	0.006786917148335442	0.027810152450283714	0.01636994099848729	0.0009755171731554018	2096.8041255350995	2351	0.00016499987360070326
0.40020730167043334	-0.4499178656455736	1.010027339122539	3.0457418740424553	0.0008239327263844718	0.24881278852703828	0.004310334012889379	0.004749009566336411	0.0067785744072577404	0.027829026390317202	0.016367264872277906	0.0009744367766774943	2221.743348602521	2351	0.00012805888708655302
0.39968722512265914	-0.44998452583037624	1.0022816783827642	3.015463468874279	-4.9440848821502995e-05	0.24932440892315494	0.004305924641877355	0.004750628983398913	0.006772163854163351	0.02779308919994571	0.016355564012801412	0.0009763368154202446	2320.253347726989	2351	1.4169232395657127e-05
0.4010656958317285	-0.44856970572562377	0.997294306484222	2.998424384894577	-0.0025263644620638335	0.24821705473203928	0.004325503388886597	0.004742281548017578	0.006767702682420176	0.027776885768496733	0.016350030145857907	0.000975322969379757	2326.902793665678	2351	0.00012068986700847388
0.4015975258650312	-0.4496516021848556	0.995578651703108	2.9678556482407696	0.00013383699965275402	0.2500370428474368	0.004325151898243666	0.004747087992170476	0.006746171766232936	0.0276127149364329	0.01633327619196276	0.000976907999964508	2208.8842465782614	2351	4.018806676972973e-05
0.40170788249886485	-0.4496148475326423	1.003487658208894	3.006943513354614	0.0007894791885670225	0.2504678199446222	0.004327647328548823	0.004748193533726633	0.006768487162207921	0.0277493944777123	0.016358208669296964	0.0009793831032563756	2131.49051516908	2351	1.608631579240682e-05
0.4007323959465695	-0.4502606835190876	0.9940221438361547	2.96687737395044	0.0005726908418954128	0.2498337031732963	0.004311878183161249	0.0047483327222051725	0.006736962412354897	0.027591143424341668	0.01632370167410277	0.0009748289080332341	2285.5792901468294	2351	2.454665366257168e-06
0.5984966553899012	-0.6704561969452405	1.078174869196327	2.9395472663150133	-0.5099018150194377	0.25029886509277255	0.034611429997351444	0.03876425272181124	0.013648364828898602	0.03369517016135813	0.06008305620772318	0.0009764580804417369	2325.8062773717425	2351	0.013345104993326959
0.39888064809621876	-0.4510783527924788	1.0041561510940544	3.0140279227762408	0.00178753001513653	0.2514394758977244	0.004297668287941722	0.004761766080854452	0.006770061927018031	0.02777780916486212	0.016367842345802016	0.0009804025792020477	2257.703350837574	2351	6.343498301333349e-06
0.3991884360066845	-0.44946839284309165	1.00955214327818	3.058408574962216	-0.0009087133539211973	0.2494245185696288	0.0043091517119192	0.004754469648680516	0.006806859942783044	0.027986483655946973	0.016396462128301592	0.0009764080921491017	2137.1772791087033	2351	1.6127244573429654e-05
0.4002574153660671	-0.4493223838179094	0.9908316353073768	2.959963702759904	-0.0020370783977002186	0.2493991804988273	0.004317788377329528	0.004750681609897865	0.006744913679995001	0.02762325736382589	0.016340805594717973	0.0009746124660963476	2200.2486188018447	2351	1.6287111431292956e-05
0.6130025247850696	-0.6917440292842901	1.0875274031907278	2.9549364410149983	-0.5403404563449021	0.2496015184411916	0.03404759884003556	0.03846902465385947	0.013216435467716094	0.03356179104009999	0.05600976207000722	0.0009723144087172906	2133.300823186064	2351	0.012383082739856497
0.5510003220338141	-0.622491564996618	1.0615209583028902	2.9512261688648866	-0.42677649057062383	0.2490678212276946	0.04452442163478873	0.050210596041107405	0.01738073468257272	0.03872951558157206	0.09064592261573116	0.0009752625713413491	2269.6815664708542	2351	0.004080718256288261
0.3990203112953802	-0.45048174740056174	1.0094327073932983	3.0350846940374354	0.0010900714005968497	0.24900888332386098	0.00429916027314912	0.004755734322042058	0.00678822297060288	0.02786258553654378	0.01636572861714132	0.0009759731563071927	2117.4999523721353	2351	8.564413547561985e-05
0.4017248419739647	-0.44931295836900254	1.0054487816001851	3.0231285653243103	0.0003202557879073052	0.24922382843094223	0.004326636679157574	0.004743828337660638	0.006770021359798051	0.027773853833575304	0.01635793291890715	0.0009745042844386635	2215.488342468638	2351	3.571393563649612e-05
0.4006090371013157	-0.44897309366899296	0.9931193895873287	2.9787316178966794	-0.002320503279463762	0.24948843734146137	0.00432205403236185	0.00474775767496134	0.006766140818640356	0.02774716988543573	0.01635047957659727	0.00097759196432336	2177.194333755859	2351	8.635767694932999e-06
0.39908217184233175	-0.4500140987545924	1.004656830086482	3.025132435595469	-0.0001674363783728734	0.2504901610331681	0.0043065889057112144	0.0047585260701594285	0.006778435677988828	0.027809293968455415	0.01638269295792149	0.0009788781817251895	2204.090032556015	2351	0.00018209670437864124
0.3995592332492686	-0.4499844048863736	1.004511549584087	3.0258439091301086	-3.8142492800692575e-05	0.2507689855181942	0.004310505005237501	0.004757158193136812	0.00678436868165409	0.027873763695610378	0.016381278484562983	0.0009784212553805047	2225.522365523502	2351	0.0001436861384171004
0.40077477924196364	-0.4497751870031933	1.0049166429024419	3.020722429344923	0.0004967908925301394	0.25086560279628906	0.004320862488622903	0.004752713331629725	0.006776232793998153	0.02781473429999231	0.01637345068443667	0.0009784600366748383	2128.90967299016	2351	0.00013383917334651479
0.29410021826296706	-0.33413197122986765	0.9533026209325959	3.021894254972613	0.5524049824552665	0.2483782631148085	0.02814545051213423	0.03193016065103364	0.015563772697229689	0.027860318802201155	0.20145925372438897	0.00095832392560197	2148.365300498441	2351	0.0008577259559385713
0.39804683599256563	-0.45087679583792983	0.9920180204338684	2.945716573903522	-0.00029515764997657364	0.24899252411794623	0.004289749950531422	0.004760670541840127	0.006742128705934141	0.0275858844448834	0.01632226431211085	0.0009769851801188904	2139.769239211193	2351	2.252196817902042e-05
0.39938986796030523	-0.4507915241227586	1.0094021485943732	3.025030311586422	0.002099259586795673	0.25119046356936653	0.004306145687938961	0.004762437905951472	0.006782914880963084	0.027812623760020545	0.016379542083957355	0.0009790745040781149	2243.9323404358965	2351	2.605810151020462e-06
0.3991668955512039	-0.4496023451546524	1.0054507635094079	3.0234437904193294	-0.0009499245376641497	0.24941003930297184	0.004310581507994121	0.004757967390983913	0.006791131026626106	0.0278632073821131	0.016383980824132772	0.0009761654623749665	2169.4305287443085	2351	2.522506968663213e-06
0.4016000900481677	-0.44960736839116167	1.0063688604666245	3.022762421925464	0.0010212409255290075	0.25002295592609813	0.004325419825282085	0.004746765134248005	0.006766257155213072	0.027733054015483243	0.01636231165611794	0.0009767441130655054	2289.9582773058264	2351	7.632049004776926e-05
0.4003284723063289	-0.4498965627318782	0.9984178039632496	2.9939195752430146	-9.682260488670214e-05	0.25093160053344465	0.0043161374869111445	0.0047538509479487425	0.006760826668669984	0.027717484313557014	0.016360787185422065	0.000979038532426291	2299.1649012915204	2351	5.47707448063947e-05
0.2917935130050974	-0.32900403073943996	0.9487748554314815	3.0043346884159243	0.5759615112356251	0.25086192101087146	0.03007080599447313	0.03401081246585548	0.01692946402974149	0.030323901610985683	0.22013827012967327	0.0009840580484847075	2108.4809728301043	2351	0.0044515924686636225
0.3985634936963438	-0.450783339583901	0.9989601014145018	2.987386211269601	0.00047038386393169246	0.25011063182294135	0.00429583263355249	0.004760393857255076	0.006763311053012934	0.02772507810524375	0.016350710059130295	0.0009774094394650202	2146.7604763718928	2351	3.1574670245291864e-05
0.4001186933374518	-0.4502861375804225	0.9990899191229007	2.9988163371860033	0.0005977742982984574	0.25162416425122247	0.004312690612684874	0.004756234563792294	0.0067585106731167886	0.027719785924574327	0.01636487264632967	0.0009788262273364543	2207.636499989402	2351	7.026158877818364e-09
0.39819815462416186	-0.4497134347790996	0.9954501149062153	2.990619019086187	-0.0024030199538645045	0.24960417599524537	0.004300584583970272	0.004758760808778612	0.006776172900189775	0.027813310434690416	0.016365675741275332	0.000979317239097536	2091.225763914442	2351	6.691315206306307e-06
0.27999319951640006	-0.31685917768727834	0.9371863226095157	2.985681426943186	0.6563021923799447	0.2494439888113859	0.021240427390056313	0.024313643984853854	0.01283138062142977	0.0280637599403669	0.1700147088537456	0.0009652539914299663	2216.407993223026	2351	0.0015827372784139244
0.4010005292187258	-0.4483428472376793	0.9934753478122866	2.9995440787425283	-0.003404425078971005	0.24869652649138024	0.004325654991865322	0.004740940294739489	0.0067605776094053	0.027769924659321786	0.016355122791213268	0.000975355699443123	2174.5887129091043	2351	3.474284785624648e-05
0.398500472497757	-0.4503858833275304	1.002970510682944	3.019077224441361	-0.00011743708134993098	0.24849647524278737	0.004293119018655342	0.00475387841864448	0.006771441212115211	0.027801564024216532	0.016353333543189144	0.0009741165448335624	2178.351173232286	2351	8.845833957374774e-05
0.39954633177003535	-0.4496095302193002	1.000431267892473	3.0018032673651756	-0.0012800757147988446	0.24943108014783466	0.00431190625061537	0.004755051490974596	0.006772357122373341	0.027777017227912013	0.01636471724326745	0.0009775476341697847	2273.802459480432	2351	2.1503768110127827e-05
0.40164528780212305	-0.44899852109486954	1.00375059820637	3.023721723203855	-0.0005481748269016138	0.2502044020219183	0.004330814196268425	0.0047461608480304646	0.006784484763120256	0.02785809440300879	0.016372928134169202	0.0009784764112814373	2205.339729243298	2351	4.802430496792044e-05
0.39931112690054454	-0.45051579074722625	0.9993399297424009	2.997709269513779	0.0005180760809211148	0.2500311211595909	0.004300424030187043	0.004754256878893213	0.006761993740530667	0.027738730214155575	0.016347263020276455	0.0009771403785188977	2205.963706216344	2351	3.312413958735853e-05
0.4002827197804606	-0.44978108336378575	0.9934287219930403	2.9921839432202915	-0.0009500524213941802	0.24984391660703698	0.004310093326748325	0.004746319422885155	0.006746396392469405	0.027710595781952937	0.016341521639056104	0.0009737895609738505	2089.4252617289776	2351	9.013754737216564e-05
0.40095847770532017	-0.44994345701080096	1.008621396769	3.0279177944489053	0.0014210344888925153	0.25038564384877915	0.0043207779676644196	0.004752391372574362	0.006772866866803468	0.027763520665269496	0.01637251736782513	0.0009770786113101064	2186.7610291590972	2351	4.042855785830341e-06
0.3997862672072695	-0.450725632655553	1.0022239201534486	3.0094031710415763	0.0016266981754690147	0.2511292541175753	0.004304985084714162	0.004755972942494811	0.006763637143979283	0.027738390010743675	0.016359646104857958	0.0009764856589279515	2228.5942504645745	2351	0.00012619156836384706
0.4009186731529895	-0.4501743669331644	0.9981375221116223	2.9746129919653	0.0009286711892132798	0.2504786643450075	0.004317804556323872	0.004751859467436265	0.006748770950118897	0.027630827602441996	0.01633867726382883	0.000979305769019715	2315.137926666258	2351	2.5627401583642236e-06
0.2951017807084245	-0.33239331083199	0.9525822686978378	3.027623547544902	0.5553742548663693	0.24996121724559217	0.026530102376899393	0.02976385476466833	0.01591436610037884	0.030753158910045028	0.1890175524993624	0.0009773898250568832	2128.909873043007	2351	0.0011936629645833384
0.3999561834470852	-0.4504447332047309	0.998993608655008	2.982755545585919	0.0007671357778747564	0.2501678359515378	0.004308078280687833	0.004754650018193556	0.006756034407417759	0.027688193623696653	0.01634208554971196	0.0009786743893460067	2266.3482948905175	2351	0.00012804703423054508
0.4001348085594675	-0.44907720031795184	0.9891266200165405	2.96048288920402	-0.0028139419655889516	0.24976107184385465	0.0043181005181049635	0.004749905325092859	0.006754125699778951	0.02769007369453987	0.016343538638401475	0.000980306900792358	2219.9431515195156	2351	1.744072435748013e-05
0.3992847924173191	-0.45057224998446366	1.005140048723095	3.0226389056190124	0.0011429626314455395	0.24965021273765245	0.004299728901647348	0.004754213607503204	0.006768936593755294	0.027769448558517006	0.016358421617583954	0.0009751596511778595	2271.0748116153595	2351	2.4650827313831364e-05
0.6294165512707739	-0.7105269481764056	1.091095794566067	2.928084866833333	-0.5637001038877584	0.2504731833361568	0.03766067874335946	0.04226228950943209	0.014683465620983072	0.03354042205367487	0.058476223206008676	0.0009786047942493292	2250.8338378835388	2351	0.04502113192907733
0.40035865641240154	-0.4496239094529666	1.0008131902565638	2.998736333632224	-0.00020463643378288338	0.24923572652813203	0.004315003505925273	0.0047495953677528895	0.006768182638946889	0.027742078137267083	0.016352674523783823	0.0009765193588562813	2235.0792902174544	2351	3.9412850552459615e-05
0.6384845472036266	-0.7139055981975204	1.097413108425045	2.9542311147697444	-0.57141116829661	0.2504649007372664	0.056738193506676055	0.06347205490595174	0.01954304205167969	0.040701203556186706	0.086360769016556	0.0009736143636748647	2280.123952436822	2351	0.007895353657852064
0.40048328760249596	-0.44929935463291654	0.9899097145745988	2.967814935534287	-0.0020643791407290745	0.24881409809750624	0.004314090651313008	0.004743696429660152	0.006756485899953687	0.027720412928690267	0.016326336313765552	0.0009757890657116079	2251.121309178273	2351	5.645665194277749e-05
0.4000787827274494	-0.4507268738327523	0.99943995344392	2.977895305295827	0.0016004588084706766	0.25085542366506525	0.004308976465098617	0.004757228700153488	0.0067492047462573155	0.02763010057838901	0.016343900775527328	0.0009785986358824092	2263.122301907646	2351	2.163062556631562e-05
0.40080126027670676	-0.45020981203897936	1.0033269828913445	3.0084164702342564	0.0013863681782968333	0.25069858589471533	0.004315824050850074	0.00475137429152749	0.006767691820321953	0.027746498190306754	0.01635595533569468	0.0009782990344554914	2160.256757254444	2351	2.799153271098194e-05
0.3992333136057474	-0.45006934674714755	1.0010712014369152	2.992296200701651	-0.0004459425140661517	0.2488642687370748	0.00430538713849921	0.004756174316653312	0.00676371105698709	0.027708579110571306	0.0163510729968596	0.0009766467348297963	2174.4175341855225	2351	1.6489999082572323e-05
0.3998325465950815	-0.45021042859475613	1.0050657883809664	3.015916891040446	0.0007860347733826427	0.25002253866724833	0.0043093558591739516	0.004755054778739526	0.006764509814619795	0.027735688690750836	0.01636463865326424	0.0009778935648276877	2293.397751503777	2351	2.4641361088349698e-05
0.40106667409101104	-0.4498966819856597	1.0099955153148927	3.042301667618111	0.0015204997149811737	0.25159425153086235	0.00432373241178173	0.0047537022235378664	0.006790922225727478	0.027876021773281176	0.016388374400558472	0.0009800550892641413	2238.568924245828	2351	1.7050248535576628e-05
0.4001571375538541	-0.45009231286390433	0.9998535080816113	2.9951602916754045	0.00029221211814591495	0.25094017331805274	0.004314403034000403	0.00475578102273994	0.006763460180287298	0.027734889686996285	0.016361832666545055	0.0009782664161520945	2164.0890792465807	2351	6.23039394794504e-06
0.40192692693439225	-0.4491361240391329	1.0018500503525831	3.0166950359391893	-0.00023435995621694952	0.2500699046175285	0.004329704847304993	0.004743022524107529	0.0067707231869596415	0.02779592381790008	0.016359540773846406	0.000977470923433333	2317.830665858968	2351	0.00013554616326913102
0.593442506730039	-0.6677833139000777	1.0767328251852415	2.945120560635323	-0.5061738163465495	0.2503478726667501	0.03806826744961701	0.04265372846657108	0.014625327146755802	0.03274887748536547	0.06660883408265958	0.0009803553659047848	2183.306263650004	2351	0.012144966410542983
0.40108995469186287	-0.4491462535221968	0.9929305939508504	2.980152812973415	-0.0016372587714170528	0.24856307383590692	0.0043192091335937845	0.004741032122193263	0.0067469500295617435	0.027669570606248032	0.01632969389733673	0.0009745198681544644	2214.2775364393115	2351	3.0191931869917345e-07
0.3988955091999248	-0.4501654715596199	0.9975220534930582	2.986079973290717	-0.0007071114353897449	0.24889443659553484	0.004299961863072832	0.004754989765941616	0.006763528132023424	0.027730914577209775	0.016344669751176825	0.0009750710237702526	2115.929141485667	2351	1.2501064607991237e-06
0.39950100254103704	-0.4503518712629455	1.0026057282740888	3.001797728599039	0.0006971637146308255	0.2504073228249818	0.004306890757412228	0.004757629353875016	0.006765301828137943	0.027717396739120763	0.01636179930411688	0.0009792452278000474	2220.357466787429	2351	0.00016139679581582875
0.39774519523984675	-0.4495786838963466	0.9988534009293345	3.0017201027299385	-0.0026740925003184805	0.2481931466096579	0.004297366155548709	0.0047591567624322255	0.006785306415629483	0.027842935458263985	0.01636976231630086	0.0009746172975812268	2299.096199607775	2351	8.120630747029964e-06
0.3990586710265438	-0.449899838489978	1.0011712495121792	3.002735659102702	-0.0008004204794739773	0.2488566463199895	0.004304022671450045	0.0047548488910796865	0.00676895687236768	0.027752902975344915	0.016357590758090543	0.000976767143184123	2184.691183931078	2351	4.921250027843651e-07
0.3994816257248542	-0.4499921982778649	0.9978316797626653	3.0003399423728925	-0.0005943681947720167	0.250708193257336	0.004308078540734397	0.004755381871837664	0.006772499935578019	0.027800296961349228	0.016364606948688933	0.0009784575444505021	2130.0655141306615	2351	2.6424355166602823e-05
0.4026361411366677	-0.4490850003206203	1.0028855950834437	3.012500144266055	0.000326632933130813	0.2507305316948586	0.0043380236539561825	0.0047436539242987266	0.006768924289258507	0.027760363105677182	0.016363068423424113	0.000977555736611922	2089.0800436299246	2351	6.524956535095639e-07
0.39872339414482627	-0.4502371393091909	0.9942156593489776	2.976162951528449	-0.000983430794549137	0.2489131241609968	0.004296815297252727	0.004754099864971013	0.006744935869011566	0.027645647908724355	0.01633612769428903	0.000975505009750722	2207.068668127542	2351	1.5853111673095086e-05
0.4011317876293094	-0.45004919070971505	0.9991420380427981	2.9892513925517252	0.0008063457158063673	0.2506027168934803	0.004319132196356488	0.004749632325244223	0.006755595979126675	0.027704345186120874	0.016344045930425512	0.0009784885341373364	2097.126388596258	2351	0.00019144756248557542
0.400750151754766	-0.4492599441950764	0.9855429984626066	2.946893623372361	-0.0023402498538756425	0.24911091960309328	0.0043170963879264074	0.004743836766427233	0.006737568500875848	0.027621238326016644	0.016318392233190027	0.0009755777354099833	2154.7245675386307	2351	1.690186212465013e-05
0.3995564582095609	-0.45084823711907807	0.994338545132458	2.9677883077241165	0.0010123680606285072	0.250838380773032	0.00430140563571892	0.004755882103649877	0.006747365417698422	0.02763687048658504	0.016333446973027327	0.0009773264658096369	2175.508206297009	2351	0.0001450584185239718
0.3996553514034933	-0.45084881619032674	1.0051348124406303	2.9989808825880706	0.0020086778880071274	0.25076095290625056	0.004306524226636973	0.004760588082249795	0.006770628321308929	0.02773737831989057	0.01635889041009261	0.0009780765089848701	2109.3847821793906	2351	5.197614643900323e-05
0.39932485115209726	-0.4503291943059095	0.9956603904338548	2.981381256656591	-0.00021977436376754677	0.24925692870361255	0.004300642531285292	0.004752290897149569	0.006750365052282483	0.0276765973868861	0.016335301345094488	0.0009749456689577477	2098.070954819713	2351	1.718111230835913e-05
0.40156779530751674	-0.4494029191452861	1.0104493065471423	3.0378514153745524	0.0008288487598432825	0.24900762565655937	0.004326406390709097	0.004746232175877242	0.006785308526212597	0.02784179242113096	0.01636806717084002	0.000974511878947327	2211.7405217158075	2351	0.00013049763010557843
0.6160678729456726	-0.6936267576817348	1.0808137954040493	2.917306701693952	-0.5425641140187669	0.25056710000520394	0.02896918100375026	0.03263326518367991	0.013973928952066	0.023833635550122835	0.04654520747352223	0.0009751468179522003	2093.522575622881	2351	0.01789274831998005
0.4007729655539366	-0.44968646146876995	0.9877341511570393	2.9419862287429264	-0.001223727976473462	0.2500800906470129	0.004318627178805528	0.004749577069786201	0.006735112502700559	0.027584358394111597	0.01632459088217736	0.0009771875805461726	2164.9042701500985	2351	3.473291843617068e-05
0.6081241486175024	-0.6858139490730817	1.0804781784871518	2.935364871562866	-0.5295800851955438	0.2500966391054664	0.050598070568206525	0.057321056493684866	0.018033086045230476	0.04015983399101581	0.08488684178347736	0.000989792785623606	2159.2062377372768	2351	0.005708732339637242
0.40207246236529837	-0.44823528712475574	1.0013389348551611	3.024445107336776	-0.0020187967280593023	0.24919995029371514	0.004336613647335624	0.004739906290078695	0.0067818068762222775	0.027848003922690528	0.016370413692265082	0.0009760082958078359	2076.620138563366	2351	4.041076162328823e-05
0.4007303071068041	-0.44926699566639744	0.9961231427013364	2.9877953902564283	-0.0014033823653248692	0.24921912815694564	0.004319740859193208	0.004746895220245233	0.006761890313560387	0.02773982454573269	0.016346482620255152	0.0009759810198829601	2259.1370711525296	2351	8.16668807551216e-05
0.4007915376364667	-0.44984014125819255	1.010223123080685	3.0349067163311703	0.0012683503119448197	0.24939809667021903	0.00431787266325125	0.0047500080606179725	0.00678103471582679	0.02779791889188249	0.01636815748295535	0.0009760589286143425	2206.866417351549	2351	9.003098751045449e-05
0.28104124576664835	-0.31611051527937684	0.9409800395256334	2.9958101843149536	0.6619845261813672	0.2500068895381824	0.025853923085899237	0.029093066233429003	0.014752564918095096	0.028163586297430033	0.20397350514222604	0.0010305686338730872	2224.307247711955	2351	0.0019048994902954256
0.3989336374138214	-0.45084523487631145	1.0029749742357916	3.0074780905617704	0.0012353054553183775	0.2497078404397579	0.0042960398341750266	0.004757014789009027	0.006759930431286187	0.027719278695206555	0.016351608689002747	0.0009753174000424337	2184.6747257661464	2351	7.604617483971781e-06
0.3983157866070912	-0.4514805139313072	0.9956908878953731	2.9763653005682835	0.0014812403816586428	0.251449490202178	0.0042889596889968545	0.004762346804119406	0.006742973192688404	0.027636068106919633	0.016342277533170465	0.0009786286915394846	2315.1435719740384	2351	5.07943445981296e-05
0.40129482721332566	-0.449318771738295	1.0155291835778353	3.0652739019414526	0.000991159316094986	0.24935561370923243	0.004326214041272412	0.00474828206683303	0.006801912831155659	0.027919376645303022	0.0163898773410438	0.0009760325548797522	2156.4878624920325	2351	2.9642816217304236e-05
0.40084750852756595	-0.4495973292968509	0.9977048243938613	3.0025120858959267	-0.00039193992193523963	0.2502713337779698	0.00431746888350527	0.004746277331702356	0.006757886646116708	0.027728284872688063	0.016351420299773694	0.0009781406612484136	2224.3437169491544	2351	7.598468345978539e-05
0.39850842786112584	-0.4501076367064741	0.9937800533048611	2.9727260664570405	-0.0014181350924165337	0.2490830519100731	0.004297734702626887	0.004756127741905578	0.006755977634467967	0.027688303281745735	0.01634159174560703	0.0009769201911975437	2162.671742825898	2351	6.965669912415489e-05
0.39696294098248364	-0.45091003018752635	1.0067103639515438	3.031087810623278	0.00017434199074081627	0.24876276975644201	0.004280968682240938	0.004763094338197962	0.0067924464764712806	0.02789877035183122	0.016370393446702648	0.0009752978552178549	2082.128264974698	2351	9.012665199594124e-05
0.39903505161143826	-0.44961231030309556	1.0011711414938393	3.013103653405073	-0.0013942283476426765	0.25002243598950497	0.00430910890912801	0.004757796742588435	0.006786921986923293	0.027856899223185305	0.016380528647095355	0.0009777423368983013	2146.913349046269	2351	7.635828917841288e-05
0.4006192475044732	-0.45086666422352784	1.0132395145258193	3.042867003226376	0.0035489379035774818	0.2519646809836248	0.0043142838758790615	0.004758293423360739	0.0067798928118900925	0.027801350536821777	0.016382546241254386	0.0009786042622835706	2096.065200682725	2351	3.991567098649146e-05
0.6010068197392642	-0.6762828163697994	1.0749591530527505	2.9166456911478047	-0.5188294329810031	0.2503794643264673	0.038600383587432785	0.04358895200977648	0.014540607128386772	0.03334221241686532	0.0659764960080089	0.0009707610660179728	2183.7141381457186	2351	0.005819707222627676
0.399753233103114	-0.449496297974934	1.0082523982341642	3.050293275271755	-0.0005297997569581793	0.24984932872973653	0.004313460038698375	0.004753151703497041	0.006783566347299883	0.027867280948868277	0.016390878378589012	0.0009777731336683673	2088.9527181349904	2351	7.681547150448822e-05
0.6144243145735168	-0.6927548122194173	1.0732053974186075	2.8807168841730033	-0.539304720204003	0.2505574414571419	0.054510248584882355	0.06142765890724084	0.01925280439973169	0.038636384111449026	0.08886809131361584	0.000974265804900392	2187.4883264387167	2351	0.00541931378284704
0.4005737732638968	-0.44947547939922333	0.9961537817735338	2.9878076705300733	-0.0011063030573297001	0.24940360206297402	0.004316628424930081	0.004747411720274691	0.006752263408659534	0.027700065332061617	0.01634366675633836	0.0009773986419289254	2196.3701712450443	2351	0.00017221014039921375
0.39901480511829557	-0.4505798666816272	0.9983437796710215	2.997070502981044	0.0002998968103275514	0.2501982103761436	0.00429809757558353	0.004755539699763094	0.006762299105916231	0.02775183705526365	0.01634950083363396	0.0009769553501340633	2241.669983510608	2351	4.70183883611492e-06
0.4003714824185126	-0.44986616985486677	0.999155245739324	3.00078873167578	-0.00017025367295627565	0.24893231720067263	0.0043103947634256295	0.00474676750373645	0.006764868801921584	0.02775800491218685	0.016340501847732974	0.0009737071499516591	2148.9383175435955	2351	5.399620326566754e-06
0.40104787443901757	-0.4507029331888906	0.9963620319980525	2.971312893170335	0.001954843934212734	0.2516590176024256	0.004315369964777992	0.004753187084179913	0.006741665201616036	0.027614287693135075	0.01633629073258451	0.0009790867475427188	2116.2949079439195	2351	1.7452595986636783e-06
0.39854744446684254	-0.45076074898578117	0.9838090929323505	2.939276608298198	-0.0010271051210981076	0.24937235738339197	0.004288189511208833	0.004751694912977945	0.006729519075312391	0.027594860108788127	0.016304103252061358	0.0009745385557933009	2197.311919744294	2351	2.2790534966546976e-05
0.3989765040265386	-0.4508768583892686	1.0062892919864586	3.0248729206102456	0.0016312804519939472	0.25015668279717007	0.004297135302624293	0.004757855072246624	0.006773005912814703	0.027791382409393692	0.016364060306387845	0.0009748495947249674	2243.6596831010147	2351	3.92781764975587e-06
0.4008299957292225	-0.44902101167601727	1.0040968192558433	3.0308841817182266	-0.0010430275217482847	0.25122690004898546	0.004328635728352445	0.004753045155239356	0.006783559745466905	0.027848838714938307	0.01639633601295823	0.000980372205231164	2180.4513052021775	2351	4.2704342014034914e-05
0.5926551931511396	-0.6689516188693796	1.0708011149220273	2.9000029456889616	-0.5041781634652275	0.25024536091150834	0.0428121450578519	0.04846874561807246	0.016209848817337842	0.03369332790427097	0.07566187323777172	0.0009578388722927892	2199.1148982773634	2351	0.01173814318581557
0.40112036966910275	-0.4492379055566266	0.9925616420577231	2.9736168055412073	-0.00147555489799769	0.24966509816340082	0.004323031926055904	0.00474586409650692	0.006750373849401308	0.02767855805685481	0.01634011362966773	0.0009755268711676811	2133.1878660812285	2351	2.1475005018710294e-05
0.39946252484708794	-0.450683344258984	1.0017722152079667	3.001538731754436	0.0011905399643285328	0.2512459535548878	0.004305118148343527	0.004759301012123291	0.006769289781509489	0.027762802246774538	0.016363087042159764	0.0009789769671864773	2311.639639469742	2351	3.2300159587510426e-06
0.3994474637843799	-0.45007264131946184	0.9994553111737158	2.994329249001551	-0.0002906587201807754	0.24971424568210698	0.004306825790664614	0.004755284082601996	0.006761172740595341	0.027713741472433023	0.016355381894776994	0.0009771131033829864	2332.0785300254647	2351	5.243235490544159e-06
0.3998064235983982	-0.44973143163281865	1.006918707777652	3.035159064986072	-2.0477720426731967e-05	0.24923599476795505	0.004310463267216648	0.00475172127290547	0.006781932767159761	0.027828453907227012	0.016373435479852774	0.0009751177278737038	2095.122378240881	2351	0.00013192206677785782
0.28963573394390096	-0.3263186181144529	0.9544848214399495	3.0335964804044693	0.5981036916435106	0.2511042294528779	0.03508830450122887	0.03926366060138541	0.018808795935003255	0.027766339234831797	0.2607275095251382	0.0009860732181721365	2353.409488650547	2351	0.002867659267546779
0.3995320907084894	-0.45056034172103954	0.9971165758788209	2.9869976760401964	0.000542273369554513	0.25047275680345965	0.004303136255188764	0.004755102019763909	0.00674971714932233	0.027673414837864025	0.016345655769619986	0.0009767036495238282	2267.4842049974013	2351	6.98033554202227e-06
0.40109654686645385	-0.4493687679819469	0.9934203422032736	2.9787533382468903	-0.0010954113247388145	0.251016897313808	0.004324677562629739	0.00474916227690598	0.006750105255697747	0.02768268705372259	0.01635283135405575	0.0009779633675428673	2219.881978022069	2351	1.0724602005451924e-05
0.6724276138079426	-0.7551907219944671	1.1125779091666066	2.938819924551918	-0.6241954314200675	0.24994969697862343	0.036671231158333366	0.04132055560412603	0.01313933061290324	0.03495540790055541	0.05061488237326444	0.0009732352758301647	2271.3614271629267	2351	0.05424341609497351
0.39952215704631083	-0.44993827969343303	0.9888949611765401	2.9634587806192587	-0.0015313614669114498	0.24847658370650144	0.004300699570276244	0.004746130754998658	0.006740171911918933	0.027643240402319594	0.016316583606956092	0.0009733711888546044	2150.085754726597	2351	3.4832756166979946e-08
0.39768382554418846	-0.4512719241876329	0.9907163538887739	2.9578591340195897	1.7485873336899915e-05	0.24974289808848468	0.004281624526793421	0.004759412625552823	0.0067451597132440365	0.027663399496694132	0.016321487191638822	0.0009756797186920704	2280.975671562133	2351	9.654823240680009e-05
0.3995009958745689	-0.45047645676863796	1.0023982245454206	3.0062300186071074	0.0007871676830219787	0.2494367668223619	0.0043020443171223185	0.004753423866683243	0.0067609875767059065	0.027730485372022426	0.016348268976789097	0.0009758453180607929	2119.1357241786272	2351	0.00011203983847330152
0.40000328785646644	-0.44963689262411577	1.0080057680519148	3.040102653941631	-7.758611962560062e-05	0.24890870730157155	0.0043119327162417015	0.004750252675147031	0.006786318810458974	0.027869920673627577	0.016372558315756954	0.0009752280840526263	2160.778490093319	2351	3.794428118057139e-05
0.4004006343274468	-0.448880780575509	0.9996614951409601	3.0177501908279085	-0.002157413718828132	0.24879445357037341	0.004318857473122367	0.004745569130749771	0.006782250143448665	0.027871438214194234	0.016364470469324755	0.000976061158390358	2226.1644135564093	2351	5.5894070555075715e-05
0.40106127689971394	-0.44945566580451857	0.9896417404070893	2.9543208929485805	-0.0012823696869403568	0.2491538274779873	0.00431872866057653	0.0047440666952884205	0.006730880969727133	0.027562302054396828	0.016318912549835984	0.0009770619608411866	2155.2086111515932	2351	2.1107168714079106e-06
0.3991897589637324	-0.4502308525352507	1.0013211455672686	3.00177636188926	1.243264560116656e-06	0.24943025691034035	0.004303219642498661	0.004755805069557271	0.006775397045444053	0.027791257438117636	0.016356124011234846	0.0009752985798297045	2269.812092840393	2351	4.244700180598452e-07
0.3991761865136893	-0.44993172585309715	1.0074391137650085	3.033062188098733	-7.86741238026757e-05	0.24887051083185982	0.004304629528958647	0.004754536212134386	0.006779697118717229	0.0278182422874612	0.016372374511123805	0.0009755810564209497	2157.637664260107	2351	1.2650162146083466e-06
0.4005279304838889	-0.4500202159256624	0.9974402982525039	2.9803675699568433	0.00016845858911869674	0.2508310557300148	0.004316861791116181	0.004753744349432848	0.0067580712737463555	0.02770278839349573	0.01634933120610279	0.0009801278652726583	2037.0460894373473	2351	9.096285548800274e-05
0.39908309473569814	-0.4500191112523466	0.9968013669100512	2.9872257656433505	-0.0009339995826608713	0.24968283158657373	0.004304294803671037	0.004756056337818291	0.0067572032658062674	0.027703312048044087	0.01635390783290294	0.0009770611085450022	2153.116666249299	2351	9.716594998728604e-05
0.39915088908231317	-0.45004316586807924	0.9887203487030054	2.959409384930299	-0.0016563902017587573	0.24994501721347523	0.004302523602703001	0.004753479892422169	0.006745310295536284	0.027667999456466006	0.016334005907371062	0.0009782534098171424	2312.6288628796715	2351	0.00010602073398116447
0.6355226353799919	-0.711488402030455	1.0818092764672795	2.879687429789747	-0.567236789678096	0.24987243816810015	0.038765921436058434	0.04248738766770342	0.014175884967796367	0.03336868411039947	0.0587784685768315	0.000964467090614518	2178.886029419931	2351	0.01667318965014257
0.4004594738568736	-0.44990990274872245	1.006662219147904	3.0254491085469586	0.0007188737683245613	0.24987287493540672	0.0043151458673304525	0.004751369659878724	0.006784289206250515	0.02784361747230335	0.01636596481764703	0.0009780352118070458	2270.7175395450386	2351	7.455175202419059e-05
0.40041257410317066	-0.4499809667814065	0.9982690819379415	2.992120275384179	0.00011801251115680001	0.24996019041771173	0.004313222538325575	0.004750584968265329	0.006759760749730713	0.027720477834483677	0.016347381921675692	0.0009750824299888029	2241.329622119394	2351	5.2463493507541335e-06
0.3987895205499844	-0.4502496637549011	1.001564984883537	2.9997777283914444	-0.00023344838115995197	0.24839708814306846	0.004298141082093942	0.004754967241135398	0.006768281092385181	0.027746872988443784	0.01634785863599206	0.0009745610439958442	2321.583270147872	2351	1.6446605484414695e-06
0.39841639176115096	-0.4505685345734361	0.9855947407831568	2.934985446102569	-0.0013841803589326527	0.24939372401598472	0.004292726589238065	0.0047562889532846535	0.006730707892830756	0.027575689556546403	0.016314643872989042	0.0009769771271478402	2247.5478328980553	2351	0.00012460063509713013
0.3991581970399709	-0.45044440949464076	0.9958966342618649	2.974231848803265	-7.688336677821719e-05	0.25067811297623804	0.0043044579633533695	0.00475971962021381	0.006758834827259678	0.027701026531874125	0.01635156692975908	0.0009779544568961826	2227.152419861154	2351	9.239271057572469e-06
0.6209194991154297	-0.7019327944784851	1.077456729739278	2.8852961631459433	-0.5522839592124791	0.2489023415653441	0.040997532013176935	0.046291886530609706	0.014635116894273256	0.03600342932268921	0.06537723388228982	0.0008469622544096682	2108.888100675914	2351	0.01718735494939683
0.3992834823417934	-0.4509075123384869	1.01419892251676	3.0627028011849453	0.002594237138462708	0.2505327574434893	0.00429962470011137	0.004757466638256428	0.0067832210079763165	0.027869166895320558	0.01638309895770491	0.0009763515708468507	2269.6020499166107	2351	7.035062688061803e-05
0.39998311234408546	-0.44946329502539945	0.9939761242366537	2.982104536310764	-0.0016872210937472845	0.24932357921963408	0.0043125458675540174	0.004749375520310648	0.006754446328175259	0.027701642772292506	0.01634570724400972	0.0009768642133211208	2059.1071299861032	2351	7.667225554156398e-06
0.401561120992214	-0.44965922307376355	1.005742189774075	3.012784462904351	0.0009532223594813163	0.24897543899362576	0.0043230779656256504	0.004745342445649639	0.006759706075329032	0.027704015534552522	0.01634788515646854	0.0009751318237040682	2188.78330952108	2351	9.443404348622039e-05
0.40031153344151366	-0.4499741252359469	0.9859606076172155	2.937826268283345	-0.0010893697645879285	0.25051538816111885	0.004312450145762918	0.004750618329956248	0.006734763130675224	0.02758655354107503	0.016320561019488502	0.0009788712853303692	2249.165948905022	2351	4.321360647347656e-06
0.4000412948392965	-0.4495751533920784	0.9971377656910247	2.9938767216685376	-0.0011500427670475596	0.25013039621439964	0.004315082604794448	0.004752564765992938	0.006769197178529612	0.027778042036556778	0.016360285784486776	0.0009764254894335382	2133.4196526718983	2351	8.613945568022872e-06
0.3998073500952534	-0.449546592877247	0.9834373519697375	2.9361720091185775	-0.002622456523075215	0.24966291535426005	0.004310390396766155	0.004749781032462493	0.006741032059811223	0.027635966603279015	0.016322301364309177	0.0009762369565427428	2248.326302778948	2351	4.0443203570923143e-07
0.3993979832382255	-0.45074030619100314	0.9870847078967112	2.944193343759933	-0.00017363361965909218	0.24971967746424165	0.004296666397260627	0.004751332987768629	0.0067317603153168246	0.027602667768040358	0.016307817162046538	0.0009747318581055762	2209.064139862543	2351	0.00018280648963251814
0.40178508690543363	-0.4495425681142328	0.9963704700071611	2.9827890753542783	-1.1148961054551217e-06	0.2497893623859841	0.004324890797034754	0.004743497185530412	0.006748585442731756	0.02766756407359724	0.016334068358196136	0.0009768697592648205	2229.319209470249	2351	8.818480803073107e-05
0.3999475582734064	-0.4507809921569657	1.001560740957169	3.0087523480357827	0.0016837292271438679	0.25231374021790864	0.004308284518112814	0.004758173011362349	0.006762577987719345	0.02775916416063782	0.016367336037844935	0.0009793486281086867	2233.538076584365	2351	6.847185598050184e-05
0.4009642739884901	-0.4497848571859985	1.002891247886652	3.002850051570585	0.0005216733344473395	0.24925885246247534	0.004318355935149615	0.004748119316922531	0.006760039298566385	0.027706301692341492	0.016347377344336698	0.0009759320307153167	2119.6460670554716	2351	4.1179135035064985e-05
0.4006984230104733	-0.4497016206833593	1.0010766578085761	3.001914514270369	-4.166143813805651e-05	0.24944919956768635	0.004317417164834098	0.004749049101804812	0.006774330644848469	0.027791498569525494	0.01635182142819101	0.0009744285061276324	2164.2147932986504	2351	6.063162008491274e-05
0.3989937818507045	-0.450669969206376	1.0100033427874708	3.0356541418173277	0.0016273839714180897	0.2508064703332208	0.0043026980416487745	0.004761932281648281	0.006781986213776425	0.027812020469277225	0.016384692487746308	0.0009791601589269777	2213.4086851491975	2351	8.331273457264116e-05
0.6157177098695749	-0.6929286684964766	1.0760065747463212	2.9067912266954883	-0.5412703759461345	0.25241406696933133	0.03942220093180508	0.04473298181316018	0.014995478127907014	0.033506076441445695	0.06470635776451508	0.0009543612864486769	2248.6893257029433	2351	0.023922678963479597
0.39973663226248424	-0.45033666809512923	1.0058093960480554	3.0346016976058303	0.0009649376429980932	0.24955288366787645	0.004302790679102825	0.004749887530327063	0.00677108445103589	0.027812981916517706	0.01635840295033225	0.0009755343149547748	2284.45981918986	2351	6.513408961385955e-05
0.40110395028884865	-0.45000047876276145	0.9919235453108963	2.954147782619166	7.685861136887557e-05	0.24894486352817044	0.004314345897151617	0.0047443092383952995	0.006731964019324801	0.02756297943629064	0.016308449147100793	0.0009754375252068247	2297.8341588978556	2351	3.773515432615144e-05
0.40181481742381503	-0.44949566161605414	0.9954470616270026	2.97158607585257	-3.6895888708934885e-05	0.25088672469929385	0.004330175387012671	0.004748599174425741	0.006748071893263506	0.027629112862840727	0.01634570191105745	0.0009772840117849041	2152.244436824799	2351	7.568566481048558e-05
0.39980142834457105	-0.4506930978043874	0.9980721623811051	2.9748634351804397	0.0012361261631824083	0.2509271153932021	0.004307252336867858	0.004758055140103945	0.006758851354226516	0.02767628857937205	0.016345196290263844	0.0009781824049934968	2270.68801229328	2351	0.00015140176855343393
0.4001182962758889	-0.4498533653816315	1.0053144973879664	3.0200374467974562	0.0002604101507132457	0.24906809759527349	0.004311640143190153	0.004750808671366761	0.006776356440893981	0.027800576811535395	0.01636017256785794	0.000973896451351081	2206.850565088492	2351	4.880503732617559e-06
0.3995879509938096	-0.4493812594635617	1.0101277728551883	3.056115907393363	-0.0007415088298080255	0.24948533462571146	0.004313549275678942	0.004753967056700173	0.006802863606516097	0.027959067732937132	0.016396021355955078	0.0009775361245198783	2147.9052316573816	2351	3.2895056990346025e-05
0.39976588307843086	-0.4503764679045622	1.0027588750032463	3.0226950812375977	0.0008426013199692432	0.2506215678655842	0.004305499168125836	0.004753113369210327	0.006770414434679853	0.027805028784810545	0.01636432908255989	0.0009759718838506818	2217.9605310410398	2351	1.3587064644506835e-06
0.40165933067256865	-0.44987848847325734	1.0178296871191563	3.06946363209443	0.002634691270925209	0.2518780040597457	0.00433059707057141	0.004754603501395564	0.006806213432349367	0.02794080926429295	0.016406366393084966	0.000979538805600294	2326.7059211132587	2351	1.244057089784852e-06
0.39963391971573464	-0.4496547534695114	1.010976275373856	3.0436380683790962	2.4422213243020095e-05	0.2505226901418023	0.004316932034341049	0.004760052103753691	0.006799480580842898	0.02790162183965745	0.016402214765966153	0.000979458281829359	2163.2645087632845	2351	4.2933150387531366e-06
0.4005386079024528	-0.4502512513172756	0.991683487886692	2.951202297292254	0.00024314858364797616	0.2504114687804235	0.0043134468754749055	0.004752246705720754	0.00672979489154256	0.027531853333281477	0.01632654928312553	0.000976629353256594	2186.637084324033	2351	6.432657402879111e-05
0.4005048238890518	-0.44937086338439636	1.000968786359329	2.99963210869064	-0.0009552354610411111	0.24880294459790908	0.004318487257290116	0.004749201900923417	0.006760289563494368	0.027707187936390477	0.01635294298254362	0.0009761465756123907	2299.798911397967	2351	1.1416383927012575e-05
0.3987890377886413	-0.44971882319940404	1.003363547250488	3.0258329436401197	-0.0012468088428206927	0.2480708115367945	0.004300354676857555	0.004751897923908745	0.006789708817239983	0.02789461826257962	0.016363388302383933	0.000973975483700897	2215.154919202339	2351	3.073795297009688e-05
0.4009428732764159	-0.44890867006321833	0.990268418778876	2.978645882728942	-0.0024703312103199126	0.2495137259447596	0.004322408897205083	0.004743732760460215	0.00675076324778386	0.02769634222189214	0.016344707488403703	0.000973959801746553	2262.0919101789386	2351	4.609166093303388e-05
0.4008955081602317	-0.44955996316966224	0.9992590961560132	2.995722350580369	-0.0003415465091127318	0.24914054005129907	0.004318533759238947	0.004746680147452072	0.006760069384219371	0.027719714100264768	0.016344935726099175	0.0009742638678341183	2247.787080301314	2351	2.269379529637509e-05
0.2849541643633484	-0.32185815583662764	0.9448748926303204	2.998036326486591	0.6249987447118093	0.24877469568342545	0.028151939879936413	0.031794825224471635	0.015732813087417523	0.029027076398142487	0.215263653820988	0.0009543406273181108	2235.4748035184894	2351	0.0052117752104290475
0.29513173498584827	-0.332067264931988	0.9491975317543985	3.015602209651024	0.5552231565023066	0.25015283196874766	0.03214652182356232	0.03599653726302839	0.017531624996051487	0.029722007277155307	0.2293483932881571	0.0009687108499082908	2088.1083284956053	2351	0.0012929076567313581
0.296992652921896	-0.33303852336676754	0.9595595103577627	3.0434214174923424	0.5485172512345784	0.25084340468117916	0.015707758769690057	0.017621707786282168	0.010743295915764239	0.027816261739571874	0.11198042543888473	0.0009538198559566116	2178.9598814281203	2351	0.0014554487426368065
0.40024171372108774	-0.4497778222284386	0.9935835659552381	2.9807899477717625	-0.0009298158649990175	0.24952265345525643	0.004310687556738471	0.0047476100747086344	0.006748082863942609	0.027686142990043766	0.016336079665355274	0.0009762074208093395	2235.370426506135	2351	4.718631151089594e-05
0.40061216647883946	-0.4500508532668491	1.0040343352970673	3.0223793485842214	0.0008619624644535924	0.24952931262340378	0.004311870455598698	0.004747310911005648	0.006762250350460881	0.027762049217964196	0.016352555777371925	0.0009745497035113587	2282.4317463957764	2351	9.875779817715259e-05
0.3992970414282305	-0.45106237186062487	0.9912929503813886	2.9470379597491982	0.0009091655870126235	0.25223204793090426	0.004303024019487833	0.004762741294820917	0.006736477140818333	0.027583719488767113	0.016338438521301575	0.000981644656238919	2247.276738696725	2351	7.348716610717745e-05
0.39999918146987395	-0.45018295128890445	0.9953962367921959	2.9551994295016475	9.437163281087009e-05	0.2492230521936356	0.0043098314729476	0.004753824458734985	0.006741980020148051	0.027562061858079943	0.01632666084389629	0.0009783635804870628	2113.3850849318997	2351	0.00016738889227627061
0.3994323110737885	-0.44986531392883394	1.013558109191173	3.060169734791434	0.0005043680177994753	0.24977369919947964	0.0043102723390760125	0.004757004059376078	0.006796287612776437	0.027908638070995882	0.016396780619653672	0.0009768766882980193	2313.817954468963	2351	1.2751892524247863e-05
0.4013171469448457	-0.4489995485212297	1.001882307208888	3.0219954764696197	-0.0009768161911768206	0.24953286588142154	0.004326062986729439	0.004744283165882988	0.006771900008845341	0.027802331795765682	0.016365983316770267	0.0009758997861821756	2299.7257547797462	2351	5.304274199133406e-06
0.40067407853924353	-0.45042410618505824	1.0062586658386992	3.017278985840518	0.001995990961498276	0.250860835939858	0.004314574660615029	0.004753496262055152	0.006762123255055388	0.027716678358413932	0.016362094134735976	0.000977846865050806	2152.2322377323608	2351	9.511337828106922e-06
0.3987515523639577	-0.4511998351715171	0.9998729003627406	2.9851673753079924	0.0015619839745566193	0.2504260045932072	0.0042938386653393855	0.004760180470070925	0.006758382060319274	0.0276957558342307	0.016342328253671427	0.000978764887206278	2160.785607479962	2351	2.998926975525401e-05
0.40067262821663496	-0.44986877363310535	1.001370744181668	3.0013781244999818	0.00043087270448513126	0.24916236181148405	0.0043140204776826105	0.004747552292226571	0.006763189935624795	0.027719440422605247	0.016343868719168767	0.0009748565188136356	2093.082067774153	2351	0.0001541405832513051
0.4007801749286756	-0.45013467322059625	1.0047169161136331	3.0188253999714654	0.0012690452225908044	0.2504095690848621	0.00431562292059523	0.004750609707905807	0.0067686103354682925	0.02777377384098073	0.01635992226129671	0.0009766695866645727	2110.621849547246	2351	2.706698607560209e-05
0.29190242383704046	-0.32683001360626374	0.9502941325401857	3.0319772678276116	0.585750667527831	0.24940327360425302	0.017610267028647337	0.019425086143520127	0.011831835841566834	0.028273253483725922	0.1280793277190403	0.0009740975876610714	2284.0448424286415	2351	0.000774402080180435
0.3991636543481281	-0.44964346470009325	0.9983061932284871	3.0116358569796082	-0.0018226030856447312	0.25127526430395425	0.004311228003160781	0.0047589116769799905	0.0067834201091310385	0.02788010213226157	0.016385036850145317	0.000980446979507786	2180.2428688508826	2351	5.1972435851095995e-05
0.4004845150502759	-0.44919828384376825	0.9967875464428494	2.995042977671263	-0.0015521622105581737	0.24926319005787723	0.004318008242189001	0.00474702018867531	0.0067644862194829155	0.027743315767327213	0.01635221392759928	0.0009768719863594403	2203.530877672428	2351	0.0001532575567178197
0.39872285565268933	-0.45135772654239015	0.9989885353676515	2.9873836541297174	0.0018690648103531042	0.25046249541333604	0.0042906692917481426	0.004758516062990725	0.006740771032225867	0.027615247097281158	0.01633834585178736	0.0009755249392689812	2139.6439872659466	2351	0.00010850957198371504
0.4020861622884265	-0.44857326627046773	0.9983576533288739	2.9982713709566804	-0.0015674426308310094	0.2502664366986872	0.004338380527262775	0.0047451600556504435	0.006772587906049672	0.027780197431253508	0.01636640607816373	0.0009782171147669537	2183.446137263442	2351	3.754786180453372e-06
0.40022347674875336	-0.45003155780642784	0.9990055141419506	2.998393082521662	9.48942036167691e-05	0.2506488166526004	0.00431299295540506	0.004752787451132335	0.006761309388383101	0.027743953591306228	0.016356677787666574	0.0009778350854499846	2237.7600286707684	2351	7.974783595418778e-05
0.40033456527467637	-0.45005348272988616	1.0099830966511776	3.0435475254559576	0.0013287589423555193	0.25097080412489686	0.0043161400935640935	0.004755345323338906	0.006792321542052902	0.027877380134145455	0.016387583540955864	0.000977479977795416	2244.0588572147776	2351	9.255314001147864e-05
0.5614647052944955	-0.6300920718983414	1.063674904973707	2.9491716608051437	-0.4422705460784497	0.25028738236007475	0.028433152430281532	0.03250140613208584	0.013663370490827078	0.031110255246632888	0.05608272114975665	0.0009841772044813597	2151.028098588455	2351	0.0033624327958631044
0.4012390496565002	-0.44921792381892567	1.0123973967613291	3.06342758210332	0.00046502329910214866	0.25030939304007466	0.0043276084228216685	0.004749144840308934	0.0067938929981894375	0.02789921442504436	0.016397662649077493	0.0009769382891081826	2334.1364500095424	2351	0.00014234926762654335
0.40079726425755	-0.44981686816631067	0.9998656114825027	2.98363929331747	0.000221459432148995	0.24948812745769178	0.004318675336078007	0.00475062976997146	0.00675081870042395	0.027638609022746917	0.016343365604321657	0.0009756792740712038	2136.1066434777968	2351	9.309492920757215e-06
0.39989304376977797	-0.4502001585241514	0.9793880393819038	2.9084653887729215	-0.0015174430994074686	0.24939621774035284	0.004303734770957361	0.004748200516465087	0.0067109367225668725	0.02746210827257739	0.0162912415706897	0.000975047613670524	2204.622139821952	2351	2.3026415551868336e-05
0.4003500670978094	-0.4492403558046867	1.004166329709394	3.034484591765558	-0.0009377833869268644	0.24920828087680702	0.004316641222906146	0.0047473509387281196	0.006783434482759923	0.02786307335815991	0.016372818248464135	0.0009762061332612278	2225.316380656811	2351	5.9975076678815655e-05
0.39896937246637615	-0.450302739603498	1.0007578479995591	3.004640361396418	-1.8030863696585987e-05	0.24883033472031713	0.004298090151404567	0.0047533059339619245	0.006762303604848325	0.027726986801833154	0.01634862623319095	0.0009742676094550313	2249.4964300855872	2351	8.618625541292434e-05
0.39931319979275476	-0.45067674919741146	1.0044584410364854	3.0104061360914884	0.0012803554927147168	0.25050263922950744	0.004302556697715321	0.004758195764838381	0.006772116783479841	0.027779109874350536	0.016360924930623015	0.0009785745438926224	2183.529749118803	2351	6.051146028226285e-05
0.3977426711800323	-0.45111102284122157	1.000648239689306	3.0048054137257965	0.0006436617994973258	0.2496576384293855	0.004284787878223828	0.0047604848128333	0.006761004163139038	0.027747317342229683	0.016352139774906457	0.0009751277419597223	2292.6529730441753	2351	5.033264332316693e-05
0.39934547058725606	-0.45010762854433883	1.0005253925754296	3.0023301101560174	-0.00013979414556548615	0.24936798555312895	0.0043036184172745365	0.004753159969846097	0.006760266711916859	0.027706652199280257	0.016352516262717894	0.0009764290854464851	2217.5788818416204	2351	0.00018613629573663388
0.3996123414009692	-0.44988962986088316	0.9912268125541812	2.9656315327509035	-0.001327674807458568	0.24929321093346055	0.004306253822027307	0.004750888556915271	0.0067499643078009295	0.027673077332237273	0.01633245295331829	0.0009766485226920727	2189.569362905765	2351	2.7080184006901558e-05
0.39995525899853424	-0.4493268942558832	1.0082995413603308	3.0432776381849345	-0.0006417872468106886	0.250019865178663	0.004317726846499305	0.0047538573292890815	0.006793979759745053	0.027887410433221103	0.016392290644775754	0.0009803519854563031	2192.372551361398	2351	0.00011241230706659266
0.40134643680913684	-0.4492266398520368	0.9989849050523227	3.016510445172286	-0.0007283067066440363	0.2501112316163028	0.004323346803364904	0.004743259117929188	0.006764961920713792	0.02778295993389431	0.016359553421790282	0.0009755361561334142	2221.7212112565385	2351	9.708684648336074e-06
0.39908199752359713	-0.45029418699254037	1.0101140917327898	3.0443680780865257	0.0008600491157348642	0.2510166503041026	0.004306631492667715	0.004761390658381413	0.006795437428154255	0.027900538257932046	0.01639549830535176	0.0009796271651042947	2148.2164977164125	2351	7.511060882904301e-06
0.3986579481638292	-0.4508211599294159	1.0027487718801067	3.012479448825819	0.0008821104204404723	0.24996027516156052	0.00429424181785141	0.004757790559478831	0.0067751886492629955	0.027821005943853932	0.016356523935800123	0.0009768575650164798	2194.826355712691	2351	0.00016699402116763438
0.40089175944707717	-0.449834810886586	1.0090502095676592	3.031751287978544	0.0011666082857108363	0.24917041867823975	0.0043177089321636735	0.0047485873906003	0.00676509191537586	0.02772882783270701	0.01636287895787305	0.0009751821877491188	2174.7223485104123	2351	5.789661428826722e-07
0.2913291292160798	-0.3285325176631237	0.9462128650812435	3.0086821581779	0.5778931426188311	0.25003143499542435	0.04066772027160356	0.045852640996176385	0.021446541236611518	0.027797628143560703	0.29800978306231485	0.000992451711294011	2133.2718267693217	2351	0.00093337044643075
0.28102237801980756	-0.3169986719382971	0.9445903799825334	3.0202943312357524	0.6543009447056025	0.24871000441670704	0.02600606006063371	0.029336827268283253	0.014963625348699711	0.030283557005718525	0.20411992112251853	0.0009893610220342035	2093.5317446747977	2351	0.007626838964485165
0.39945851389422316	-0.45039703963728145	0.993957299852517	2.986129399339744	-0.00017112738707558304	0.24869712821520992	0.004295832032486144	0.004746044189036256	0.006745340817727289	0.027683612464737894	0.01632044298545508	0.0009734945932705479	2158.7189485322388	2351	5.408367473793746e-06
0.39918328824313826	-0.4505944585964432	0.9921000556640458	2.963344357274286	-8.295857139612662e-05	0.24963045545565654	0.004297526979507549	0.0047532191524858785	0.006743060261742531	0.027634387123234894	0.016324209532917706	0.0009760298378562311	2220.359663260736	2351	9.607746406430525e-07
0.40063062487704404	-0.44982235026289213	1.0048453365745418	3.018979599001025	0.0005364409175273649	0.250705568821174	0.004319314753121841	0.004753155841639698	0.006768028389375384	0.027758491185462517	0.016372542776558925	0.0009781221499336095	2189.375664831026	2351	9.229735461948322e-06
0.3990322521081889	-0.4504803082892272	1.0060532833504665	3.0243889402584774	0.0008559851524483783	0.2501308230054595	0.004301221497329893	0.004757874270687107	0.00677949630289923	0.02781434024800353	0.016370348562285527	0.000977552696015972	2227.351703019122	2351	3.760167941810396e-05
0.3983566312008828	-0.45085154970421853	1.000909500976951	2.9924878908959145	0.0009435089638396573	0.2497920242245053	0.004292854038226258	0.0047601741766685	0.006773602411337361	0.027760471637157447	0.016351832755164015	0.0009780199826452903	2204.0310961049654	2351	6.211754585149943e-05
0.40012118650741135	-0.44982833562709607	0.9955106053456947	2.9793198919139456	-0.0007029909932828301	0.24967770549265506	0.004312104747343594	0.0047509903960333	0.006753840998207254	0.02768655800213204	0.01634221063691339	0.0009772106319587803	2159.3084829935347	2351	2.2035075416551356e-05
0.6154851888124422	-0.692806582432881	1.0788072773857673	2.9210902175085347	-0.5417589925469394	0.25039670902625216	0.04437394312483573	0.04995722602409876	0.016197639793013724	0.03518429193950846	0.07280869637112124	0.0009690787382270019	2091.065255946086	2351	0.011705858621795679
0.39884777914190106	-0.4504986409826046	0.9964550658352609	2.9961659664437534	-0.00019152275951022496	0.2509966257463751	0.004299257477711611	0.004757736896837922	0.0067626953554783455	0.02776350328263769	0.016359271550356543	0.000978327971939947	2219.2645972430137	2351	1.226517310561016e-05
0.39974863370306124	-0.44970985802032076	0.994203869911365	2.9830506207272633	-0.0013796041593787227	0.2498139683123063	0.004309800343780687	0.004751398963916148	0.006763655069994385	0.027755962893440175	0.01634757178764648	0.0009773673902550583	2268.6004421682346	2351	3.788774960560225e-05
0.3993080268465874	-0.4508019780915236	0.996601237722212	2.9872475466493893	0.0008999532840714871	0.25034086819230245	0.004297625403619447	0.004753981639472305	0.0067465896393947905	0.0276589024547781	0.016338386590143077	0.0009761544953999681	2243.0398318298635	2351	9.388866715922959e-05
0.6234667963344246	-0.701039985825692	1.0883819982589085	2.927237674663597	-0.5537749645558401	0.24986074189126667	0.0402938712152775	0.045592595744260216	0.014716399788412533	0.036129377154937956	0.06385917795937814	0.0009738933367850175	2334.6232031873114	2351	0.029648586660888432
0.39998776568543715	-0.4506916377225832	0.9978807617419411	2.978548367002709	0.0012738178582433089	0.24948861229187305	0.0043026791133005254	0.004750774861754531	0.006737504981414026	0.027591481305781505	0.016324285999279948	0.0009766488771608905	2204.704622754216	2351	5.0754594073523755e-05
0.3995254536598476	-0.44955453177975657	0.9994331448003496	3.004811627988313	-0.0010916044447976767	0.24919176772612797	0.004308973487867557	0.004751450059630962	0.006774429869538055	0.027791669904994428	0.01636150164535682	0.0009755324380006179	2063.3490846328787	2351	4.86149357173285e-05
0.3988658153268821	-0.4506044298079434	0.9928191694242805	2.9680074125231934	-0.0002709306133321832	0.24958452466758538	0.004295343255031749	0.004754588249788554	0.006748517933868953	0.027668907591839667	0.016328785747022144	0.0009763403894983932	2263.7760382326587	2351	2.225547016844785e-05
0.39868591145850335	-0.44909812750919637	0.9970141581384808	3.0157217458511427	-0.0031983981246940497	0.24896911499397226	0.004305725870596217	0.00475265844761381	0.006782783619215401	0.02786805103480763	0.016375727478282188	0.0009769077580159906	2171.56848028485	2351	0.0001289519507750192
0.39931432808505013	-0.44969943037198734	0.996664503808144	2.990630527908772	-0.0014321915985600342	0.2487515703561836	0.004305473147321639	0.004751461823397232	0.006762551950311196	0.027733556743768515	0.016347600401709194	0.0009754469472515668	2215.0818280324456	2351	2.140215855930094e-05
0.28293175410671817	-0.3197710894097191	0.9488109911730641	3.0350375014449034	0.6409554742000064	0.24816986805033442	0.016704687364572264	0.01877930409488907	0.010759452732512716	0.02764044894710005	0.1297005661595991	0.000916042101635878	2225.8245869019956	2351	0.0007099245362933872
0.40013960302357743	-0.45001704939804993	0.9932362113939388	2.9735693330484434	-0.0004906683326260839	0.2507282823854725	0.004311860462019282	0.0047524940155612505	0.006748358833770893	0.02767541596877001	0.016343375627392687	0.0009783872701110937	2076.615191050592	2351	3.6418377426297466e-05
0.3993390948408896	-0.4493730326786702	0.9966814944644866	2.9994592204667745	-0.002176485782957509	0.24993590238012572	0.004311682618022336	0.004754607977032129	0.006772100181530968	0.02780514043046416	0.01637025288098634	0.0009784322898752477	2198.4488695000464	2351	3.603870711275971e-05
0.399792513394557	-0.4506827808766143	1.006861223007478	3.0159088510111407	0.0019164646182017369	0.25114061260529175	0.004308854178264094	0.004759861476276407	0.006771936514236779	0.02775966491538926	0.016371430007339448	0.000979126519603492	2284.57005050966	2351	9.27296242875881e-06
0.6017641064270374	-0.6788465639572839	1.0747479456952163	2.917025668546471	-0.5198527033376634	0.24980137263804408	0.03853092315957581	0.04340416451553353	0.014905412096771091	0.03428194024913717	0.06582846988548688	0.0009782287977798852	2091.4105533044503	2351	0.01686074256596487
0.39831752247476404	-0.4499656409713328	0.9987163316950864	3.0151522990857207	-0.0014545550936920452	0.24957720341943715	0.004296778232092476	0.004755564071085838	0.006781675583177659	0.02786220147012628	0.016368028698551976	0.0009761601014881443	2138.5458786614026	2351	4.969187342254676e-05
0.3992644412540264	-0.4498705661253083	1.0073423372026344	3.0350023073424444	-0.00022317550792460097	0.24985628273317056	0.004308536094875754	0.004757107257165057	0.006785377360928443	0.027863332817625597	0.016383994448913877	0.0009779081958658786	2222.7918837791985	2351	0.00010831509407006787
0.3984487305614496	-0.4497608871213796	0.9968986062453803	3.001626505753621	-0.00200796036048211	0.24883743001931932	0.00429872771284379	0.004754399063264267	0.006775308688214407	0.02782687437042414	0.01635867840354108	0.0009756116714758981	2186.0132630961452	2351	2.092182928479928e-05
0.40094931714721754	-0.44892907763191947	0.9862010602810514	2.9517127679913497	-0.002805593143930045	0.24860711605911365	0.004320083354465085	0.004741379409910656	0.006735439406069318	0.027608206533060137	0.016319546917510294	0.000974651843408588	2154.866074036335	2351	6.701149236745777e-06
0.40009525603089824	-0.4508831917756339	0.9941515068558794	2.9712073989707113	0.0013106190113053545	0.2513147813960716	0.004305031547390838	0.004754049168689604	0.0067447916400057185	0.027667417360622375	0.01633238092908136	0.0009762355201595763	2256.396829462292	2351	0.00017680039100815775
0.4002502129537446	-0.44921256040804003	1.0135210072114456	3.0625511735360513	-0.00017575224681319311	0.24844689604317902	0.004317855194920427	0.0047496826203279625	0.006794789363106285	0.02788703665428591	0.01638954645449742	0.0009760992025286765	2250.685765752258	2351	0.00011421743312458189
0.3994153821600698	-0.4497714584413518	0.9912480753540943	2.9654677542665717	-0.0016960734541210094	0.24935418939069345	0.00430630178818614	0.004752058993737044	0.006750664745705894	0.027669323272947455	0.016336775820563566	0.0009778989811883312	2183.145534144478	2351	2.1341151642110884e-05
0.4005452136965018	-0.44940584760640845	1.0035203125965038	3.0183942145522673	-0.0005804676017141848	0.24969465377293115	0.004319691092397971	0.004750321023514292	0.0067875820407420065	0.027872383550580224	0.016368810131908145	0.000977671536060007	2233.4474644836446	2351	0.00010182656733033414
0.3995783467450882	-0.44943362011055055	0.9949092397231364	2.995146969915818	-0.001981057958022581	0.25073580126448586	0.004313237104727788	0.004754312722452645	0.006780101558430916	0.027849959096025213	0.016369653738981995	0.0009799784199928585	2144.4846714297	2351	1.415377074833914e-05
0.40150571278215375	-0.4494795205415966	1.011031907866682	3.039594789931843	0.001117612712915245	0.25111900788417485	0.004330873883019222	0.004752633829072554	0.006778104201696798	0.027781335088010915	0.016390347650699202	0.000980514765439441	2210.7386465885384	2351	8.030941100379955e-05
0.39885826124344737	-0.45093134752585506	1.008941691772509	3.03572602546849	0.0018595716621621467	0.251016246631744	0.004298821089458876	0.004761717206910894	0.006782713172947451	0.027851876949421223	0.01637990214067202	0.0009779566189240156	2276.112258544749	2351	7.433726276178183e-05
0.39902473711640646	-0.4512396119888652	0.9989333659737346	2.986043518600505	0.0018057293350462816	0.25126491022123487	0.004296739718008827	0.004760581346199341	0.0067542418089298045	0.02768097024034158	0.016348028459675864	0.0009769961845788161	2259.401485134131	2351	1.3517798671547164e-05
0.40040750931423563	-0.4495238447670829	1.0103162465936333	3.0467609671096927	0.00031135524905653926	0.25095357527876566	0.004322216908421928	0.004755801167218222	0.006792979738095803	0.027873586207932947	0.016399472873063547	0.0009805350516195416	2287.594419114682	2351	0.00013670214230142433
0.4003535720168634	-0.44941490141974505	0.9992748751129666	2.9850928197564435	-0.0009651528359394763	0.24977627916472356	0.004320962436961171	0.004754165124964008	0.006766524019352444	0.02771115526878931	0.0163602261009531	0.0009790681951602337	2196.948828547789	2351	2.94563148054789e-05
0.40036786224652077	-0.4500808738995871	0.9988411023702447	2.9975936019636005	0.000330803000855059	0.24975201729218252	0.004310710492143465	0.0047492219651214355	0.0067582383885782015	0.02771788004204951	0.016344836101368786	0.0009745721540214049	2300.520006721681	2351	2.052392981592723e-07
0.6360249957976668	-0.7137691382684436	1.0888149678636316	2.903059837432952	-0.5716311350374438	0.24968278490268037	0.0496118072924553	0.05561868147581555	0.01750152366940847	0.03722665543334324	0.07679509696808827	0.0009654939371520297	2230.0377965315274	2351	0.02359483741304884
0.4000972614181704	-0.45078823782178473	1.002652325499533	2.993407774792053	0.0019986369420822007	0.251889196789104	0.004311629248202628	0.004760610642832029	0.006761194473990168	0.02770065471016897	0.016362395609541454	0.0009807481711825625	2184.0708305537655	2351	1.1358757391567098e-06
0.39941527530204574	-0.4501135509962852	0.9955491480463764	2.9875648011051394	-0.00064744776644669	0.24974822602431765	0.004303875418857667	0.004752783745096524	0.006757029156415989	0.027726279418423597	0.016345553207430506	0.0009762848692784494	2072.857971190838	2351	1.79355113828571e-05
0.4003920599356157	-0.449908909877545	0.9995288001145762	2.9935157627032787	3.209286637034605e-05	0.24881018160382173	0.004311514150596241	0.0047482138474399	0.006755865046013795	0.027692637677501235	0.016339050009902385	0.0009739844885699168	2165.960666968488	2351	4.1515847413491576e-05
0.40173001047003365	-0.4486803892092893	0.999588201248347	3.012889953381067	-0.001505779093630729	0.2486398109836629	0.004328402764796819	0.004739237136174363	0.006767494619226696	0.027776998849761796	0.016352196858246536	0.0009741773541949727	2167.056115099005	2351	1.9728921851403262e-05
0.4012155162852421	-0.4493106593053597	0.9945202854573255	2.987546450149902	-0.0011029831642880939	0.2502721507059236	0.004323255389212259	0.004745622952080188	0.0067554149653872115	0.027728008986184112	0.01634749415688804	0.0009773032307917318	2296.246488142933	2351	6.387847290758026e-05
0.4006785835549947	-0.45012273475547593	1.0057149082246954	3.010632141104915	0.001307860255114195	0.2502265892167325	0.004316964205533395	0.004753090388313687	0.006758177009513433	0.0276865160721754	0.01636012959965602	0.0009781060490495375	2218.1521597916926	2351	4.136289275861673e-06
0.3999212993382077	-0.4505394613153471	0.995307332808215	2.9714111714737528	0.0006304495489068569	0.25006059797482655	0.004305293587614381	0.004753002477833527	0.006741488938727316	0.02762187702477348	0.016331135841667045	0.0009767303528854642	2209.691144012761	2351	2.2059186820552453e-05
0.3997754016836447	-0.4511737150346421	1.011203126545017	3.0464939289424904	0.0033366061766427943	0.25076206472624624	0.004299722729376768	0.004754841988143774	0.006777587361635393	0.027818914255093887	0.01636600250678153	0.0009761392403504244	2034.716233878671	2351	7.798014698857985e-05
0.3978510611190327	-0.4522761957035801	1.01090976066178	3.043506760624418	0.004069788699568107	0.2526408635088421	0.00428313942119794	0.0047692279933434865	0.006781387062494868	0.027861591429447566	0.016382467448370918	0.0009787166623162007	2164.851583631049	2351	0.0001651336299326025
0.2870584323767375	-0.3231737878739136	0.9521538166392775	3.039913020017746	0.6149001825950945	0.25039437626267314	0.028242232273829944	0.03170469911276285	0.015558094254318984	0.027798416215791027	0.21345213898885107	0.0009894273706293362	2205.311391329559	2351	0.00292724090524474
0.40063557056551147	-0.4499510282392672	0.9832016012280146	2.9261296600495372	-0.0011377703743056845	0.2506693206451083	0.004314299259758631	0.004748858883923145	0.006720786398039903	0.02751359794270379	0.016311757529365534	0.0009795761104776752	2264.8068279972604	2351	1.759087524529497e-05
0.40210746186910795	-0.4490664513854745	0.983024552402431	2.9367885658901725	-0.0019358459654516538	0.24927296008225758	0.004326499799283615	0.004736783991445611	0.006718728681943895	0.02752464209188415	0.016302959903116542	0.0009744201506719509	2274.9881837199096	2351	1.3097209697288783e-05
0.401398422956633	-0.4501169231878153	1.0083049586576938	3.0229054855742152	0.0020352117210509163	0.2498782614715995	0.0043197827514324695	0.004748078011037587	0.006764812745859416	0.02773456922890667	0.01635408244014613	0.000977026121844403	2147.2385153478763	2351	6.213229856578912e-05
0.39905118151435787	-0.45061366287424853	1.0077777457664194	3.027236831553501	0.0012924337020123711	0.24954595732936402	0.00429947509435144	0.004757137277414229	0.0067740570980431535	0.027784845549495424	0.01636526129803497	0.0009756555213417266	2138.556477741472	2351	2.268840422013486e-07
0.39960970899159176	-0.44971534944969666	1.0046337877526181	3.0153610582573567	-0.000453360418749769	0.24995513363374702	0.004313721233795593	0.00475745249717307	0.006786209632365361	0.02783706945242478	0.016378484035600726	0.0009780636153029244	2220.570530888652	2351	1.743629348403317e-05
0.3989170641767428	-0.44990764496484986	1.0078629154114211	3.037202474373695	-0.0002709931238657377	0.24956054708370448	0.004305389526710973	0.004758106938720151	0.006787878804973015	0.02786009689923897	0.01638603140613518	0.0009761577445927981	2058.346998752597	2351	2.2113458493795163e-05
0.6152047850526265	-0.6901142272510787	1.0853980964522258	2.9517306011238493	-0.5419757180732038	0.2497893007301092	0.047798681553493504	0.05331722587266797	0.01728617423548055	0.03561129064573773	0.07782358900788248	0.0009963322923282306	2186.8415460511005	2351	0.007151294809556811
0.4000193700427814	-0.45051213116053107	0.9957423846605499	2.976437607133085	0.0007730924044147927	0.2497111367231621	0.004304410415776014	0.0047505492617085894	0.006744043092605182	0.02762143175550398	0.016328412603224297	0.0009757403351154771	2175.172041337174	2351	0.00012386628683784255
0.3984679688831174	-0.45035674544158727	0.9886787300592768	2.9637202087568864	-0.0014755611442852643	0.2502084014962598	0.004295154501654557	0.004756315920837996	0.006754442922289762	0.02771930359771441	0.016338125868195462	0.0009772061980458987	2199.3847548378067	2351	2.0805457918487634e-06
0.400272895710404	-0.4504902119002087	0.9924334524244379	2.972447279195323	0.0005662002934734771	0.2514244549310387	0.004308866638780782	0.004752202511163434	0.006732832479057775	0.027597997203603987	0.016337889273488868	0.0009770855360944875	2187.9658421560553	2351	4.967129131295053e-05
0.39976826773298446	-0.4494149902081881	1.0056872671368187	3.014859839580538	-0.0008033922468664878	0.24836595717963195	0.00431380470633547	0.004752832508403518	0.006773582796060037	0.027747675048707853	0.016366408459437647	0.0009763155166044938	2168.4114365534224	2351	7.624653456229919e-05
0.4009982703038274	-0.4488020121409491	1.0007928649535358	3.0129225499628065	-0.001672022524778947	0.24888594307393178	0.00432513641937389	0.004745142661986125	0.006775273836586215	0.02779727939525362	0.01636354544133262	0.0009758498292022885	2155.057986286496	2351	3.099449793936389e-05
0.39956483246834185	-0.44957258766802777	1.013173274498017	3.0655337449789375	-2.9421889898117877e-05	0.25028752395997006	0.004314616365195212	0.004757347517851457	0.006809613403675147	0.027982777183369455	0.016408350206307314	0.0009773418747414993	2332.7321044625937	2351	1.0397611171478382e-05
0.40029095171820067	-0.4500253084577228	1.0090218082253792	3.0324653913721265	0.0010444320398736132	0.2510720566056922	0.0043178014647143334	0.004757445760568626	0.006787965363600554	0.027857318654221568	0.01638593554486903	0.0009797722524101636	2236.2144898187844	2351	0.00011332645929900259
0.4019320706328713	-0.44899237461259045	0.9927375584502779	2.9832169789020746	-0.0013670938431053416	0.24912326095136542	0.004326409983517241	0.004737798458850246	0.006743560055144377	0.027664967929574753	0.016329980029264585	0.0009748654099285296	2213.848457580567	2351	3.676831616170056e-06
0.401006413437403	-0.44973266776662685	0.9986779375116271	2.994519505941401	0.0001248392560122818	0.24963729715531413	0.00431752998805947	0.004746111462937119	0.0067530125944997715	0.027676080510077652	0.01634190445359633	0.0009768466481409044	2217.247591960106	2351	7.042941052978097e-05
0.4004775215059266	-0.4496322380108536	0.9995005270717884	3.012230926777732	-0.0005173415898177884	0.24995843597298115	0.004314606442769068	0.0047476513600021985	0.006761748349671721	0.0277651372566474	0.01635733281467975	0.0009772499017800332	2197.2925334485767	2351	2.1925833564310147e-05
0.40126387393769986	-0.4491831373061049	1.0021755675496937	3.027303068058025	-0.0006527247823359541	0.24926326042498106	0.004322269310648813	0.004742723718391355	0.00676651460659334	0.02779946870678592	0.016360716304147687	0.0009739741100480292	2223.409895876026	2351	7.172280449909754e-05
0.40001408835187857	-0.45049768254298983	1.002028380709428	3.0031282394423555	0.0012384687462487793	0.250192915174523	0.004307008430813719	0.004753373555535681	0.006759701413545066	0.027719363024978842	0.01635008446665812	0.0009762241324555081	2234.5085295501594	2351	3.253549250676922e-06
0.39850124689789157	-0.4505468106665495	0.9955068760568964	2.992772519152082	-0.0003721022865555039	0.2508423320670636	0.0042961949522044565	0.004758884972405581	0.006767202362195477	0.027779522587067385	0.01635897193035899	0.0009777276650880886	2216.2527577115707	2351	5.8029710340401927e-05
0.4011517137679639	-0.44995667003215206	1.0009473230464192	2.9912980696267324	0.000756529161459539	0.250620570583078	0.004322478177672853	0.004752255376870204	0.006764757676798774	0.02772062829936544	0.016352934216948646	0.0009774421537775775	2168.340996296951	2351	1.4216143665931444e-05
0.4008408302991395	-0.4492985492125038	0.9988713282836126	2.988119895426004	-0.0008912874908628188	0.24930078389892696	0.00432238690489454	0.004749079200930072	0.006761157625963952	0.027695888607730316	0.016351095026830877	0.0009775810438720466	2080.452141669638	2351	2.6930137630643828e-05
0.3999807874135399	-0.44978386658846825	1.0031345055470229	3.0067797825524827	-0.00024606143614361	0.24955221878156703	0.004313611796722204	0.004753890459566107	0.006776772459687778	0.02779598201815403	0.016362504753286877	0.0009785392372189156	2240.3899259871696	2351	0.00018590702904106292
0.40004037508463586	-0.45028272539734443	0.9910644370967466	2.9584608001057098	-0.000165774363112534	0.25126801530163406	0.004310618965622628	0.004755025562139738	0.006743528156667452	0.027628817615954343	0.01633866721613899	0.0009797617523378942	2159.2735889661126	2351	1.7217058096255533e-05
0.40024398186498417	-0.44894592685784795	1.0008338286433942	3.0091170190032637	-0.002035351481766727	0.24750745146572947	0.004316212153437506	0.00474516813503773	0.006777382479985154	0.027819003004557516	0.016351804963744842	0.0009733130200042482	2265.343032315605	2351	0.00017421438923413045
0.3978495397731851	-0.4503338387799149	0.9887803690707161	2.9626161829101374	-0.0019494596787987247	0.24775894973306847	0.004284890126740895	0.004751696761816698	0.0067409853627562735	0.027640154522627195	0.016317148037317753	0.0009727500800889385	2120.048459456798	2351	9.149423566205352e-06
0.39956085866080016	-0.44973476943271035	1.0143199705129096	3.062003097019696	0.0004444968520605515	0.2504090761506476	0.0043149878186713965	0.0047595208019351595	0.006804452974391915	0.027935759013841797	0.016409016675362688	0.0009780967616969663	2246.802424180738	2351	1.6646695250928006e-05
0.39930480430079596	-0.45068880045513554	1.0001820109482593	2.993386235610514	0.0010157852000566093	0.24882161031424124	0.004296509339675157	0.004751786874597742	0.006752549832399036	0.02766782699753273	0.01633194552248183	0.0009751448774825668	2237.833039106321	2351	0.0001103499227358393
0.29007842806041445	-0.32775476627777395	0.9419947644174343	2.986982739138377	0.5859465392851373	0.25009906820371386	0.03399326480675937	0.03834348741840203	0.017089632110703867	0.03034589297829717	0.25068561878828965	0.0009769071038510412	2190.9457836213915	2351	0.0008184232139968449
0.2957492599378443	-0.3331274479621379	0.9527345747115098	3.0326496409983963	0.5500127953218794	0.2506006995268951	0.04573240033512178	0.05150505078829401	0.023213902150502723	0.028853302575651697	0.32626326760544483	0.0009838468020894223	2187.298239836826	2351	0.0004980238204228699
0.3990143557061858	-0.45021739229884955	0.9975233728896488	2.9849383837677976	-0.0004519917697428126	0.24922939910305952	0.004300581550052879	0.004754747235939817	0.006765488312578586	0.02773048336584189	0.016343477758294374	0.0009776740341513072	2137.7232302069287	2351	6.57410393024091e-05
0.6181727283990486	-0.6949114558172738	1.077983987080101	2.9023169082923967	-0.545507211813987	0.2502965504395497	0.07188818355332072	0.08050997276968162	0.025405532230914872	0.04117118461903698	0.1172670500656909	0.0009891203499649347	2144.3019982577316	2351	0.06086311166664279
0.39841082545690887	-0.4503865600566585	0.988165258085959	2.95050665717069	-0.0015231222607835358	0.24826998687179752	0.004290632537230516	0.004752329358709793	0.00673907908251275	0.027625863729309783	0.016312821624508114	0.0009741959742824202	2123.4672236882434	2351	7.929693295470234e-05
0.4005957452636575	-0.44963941625392706	1.0076009228488854	3.033966599957638	0.0003822514994483077	0.25064924813321626	0.004321143014295414	0.00475362064509676	0.00678918432488989	0.027867231980975606	0.016384739502044735	0.0009781912700671414	2255.151210171055	2351	6.412679419901912e-08
0.40012063621918703	-0.4501297548821762	0.991674597925727	2.9695586659137745	-0.0004536031830580649	0.2500052545292019	0.004307720933642398	0.004749199971555989	0.006742659953179377	0.02765064406795007	0.016329268882909722	0.0009765049244993733	2113.2779911262455	2351	4.8940538275214144e-05
0.39848285980427484	-0.44975260240530757	0.9896806300909411	2.972035446810398	-0.002669024024656545	0.249515419096802	0.004299737907510275	0.004755053091996039	0.006756430130343919	0.027734797692761222	0.01634762225565276	0.000976867710445429	2154.9787794194012	2351	3.351520077877416e-05
0.2856570454392675	-0.3227849018575007	0.9512443407276091	3.0314530383883698	0.6213625207687646	0.2511684010331484	0.03782050531308222	0.04270647768393496	0.02053539016432817	0.03110979341641703	0.2878891193561373	0.0009781537579591725	2131.6229771138123	2351	0.0014471521963600844
0.4018196484823001	-0.4492444454863238	0.998337684525363	2.99492659335901	-0.0003445718165653657	0.2498286807602286	0.004328129929168706	0.0047436136499823525	0.006745809107169205	0.0276462885542928	0.01634703962988969	0.0009760870072515756	2143.451122479454	2351	1.9732414751124165e-05
0.40110183705695446	-0.44959645953451194	0.997656861785145	2.9854598297271475	-0.0002756160044674317	0.2503942829010272	0.0043229311798860005	0.004749566461648973	0.006744104626486844	0.02763583878573166	0.01634946641487504	0.0009794817779950442	2377.5531849582176	2351	8.663402724647334e-05
0.399082490639905	-0.450649137107109	0.996317978791007	2.978767031357197	0.00040244874045761966	0.250736273933154	0.004301013442782226	0.004758753826755262	0.0067585581756189	0.027696718721841578	0.016348649890862946	0.0009778874931991248	2276.9537692565254	2351	9.470106790224967e-05
0.4011351636041677	-0.4490720399339611	0.9854917476607761	2.9476142383238173	-0.0024143990574253802	0.25090850653516616	0.004326569269033287	0.004747734808064703	0.006741579122959064	0.027634028066948656	0.016338714439146237	0.0009793116725177013	2144.7211614614325	2351	1.9784602821082706e-05
0.3988889273695863	-0.4502048782805423	0.9992757621834577	3.0067417946695527	-0.00047130256683012444	0.2496866201022671	0.00429962659868376	0.004754834647532424	0.006760369950681593	0.027740702591907015	0.016358471365564946	0.0009761924286986166	2216.3253630275494	2351	1.5682853058946773e-06
0.5554947223325881	-0.6234889435488129	1.06039592844037	2.9601260328437515	-0.43502805085989793	0.24920849412237545	0.044602374721463424	0.04998444160750314	0.017493756466514816	0.0364324395418657	0.08974997777470964	0.000996273952701361	2137.41426529592	2351	0.0030425627215917754
0.2847007973196771	-0.32183498809534933	0.952267261485815	3.0500269202234507	0.6295214665440761	0.25221975019655285	0.03560044609022919	0.04021592805185092	0.019256771213075636	0.028103043655271345	0.2734105742454458	0.0010188304463441252	2165.332805623244	2351	0.0015360365965221862
0.39832961220762186	-0.45062271608564747	1.0025764720406882	3.0216658758247985	0.00029356806197868983	0.24943265292825015	0.00429120438159335	0.004756102717391625	0.00676780415378269	0.027779786885287677	0.01636009265232151	0.0009753598656671996	2203.880585285913	2351	3.0420546253628607e-05
0.39890112666730193	-0.4504127784231621	0.9960806875059965	2.9794129465499037	-0.00025566740205941327	0.24955260572572877	0.0042989123416344605	0.004756069963743135	0.006752544546529934	0.027668927491807493	0.016342235999271888	0.0009767818439250326	2294.8971972890677	2351	0.0001527859770075503
0.39979269264690037	-0.45022384897753037	0.9983062600399054	2.9823599107234124	0.00015757195694189127	0.25029748108959354	0.004309642661946978	0.004756052184192563	0.0067562505252858965	0.027686187135298447	0.016349717253230294	0.000979026022575135	2249.3464592440914	2351	1.6489493379182863e-05
0.40114836626968847	-0.44904841125678613	1.0190803235558674	3.090708424609642	0.0006495569531318438	0.25065730739734815	0.004331015428025938	0.004752215189111726	0.006813480945589311	0.027992258352071888	0.016422114868520646	0.0009787786779554203	2240.7856505192076	2351	0.00018986927768039296
0.4001230262708361	-0.4497579767408271	0.9920560106512122	2.969121757511098	-0.0011690451980243004	0.25055505826961577	0.00431423090013417	0.0047526034760787175	0.006753923810090497	0.027699331128717534	0.016345491470651365	0.000978541662479277	2280.7653721786214	2351	1.3071074322405646e-05
0.39998530956473727	-0.45028562262046085	1.003712100122022	3.004822652610583	0.0008979526566206298	0.2496292721446211	0.004309052639812391	0.004753983461699288	0.006759048490478519	0.027703318647157752	0.016353329916173626	0.0009761448720215244	2280.3705856331408	2351	8.044022075223336e-05
0.39860280754049404	-0.4515201400418677	1.01646334346932	3.0529382673933685	0.0037426418534156087	0.24975853101980633	0.004290246567725239	0.004761116102722785	0.0067795044687048575	0.027785944392810947	0.016371764334603762	0.0009759576663612422	2327.1742022356557	2351	0.00017688933920099255
0.40028620888125654	-0.45094774296750917	1.0127660914993373	3.0485838293401484	0.0033218975834823114	0.2512194782906597	0.004307870689998264	0.004755648476400983	0.0067812340640374565	0.027842143680915348	0.016374561397288344	0.0009772307523933247	2264.4611940179334	2351	6.805418578459826e-05
0.39915230319407985	-0.4498540448724886	0.992318573897769	2.967242442911202	-0.0016580548305699747	0.24988947666856237	0.004306432402156697	0.004755967212551363	0.006753486524645538	0.027687145005306578	0.016346379929238354	0.0009779173936959144	2119.4056648216238	2351	6.656602731380256e-06
0.3980063761129272	-0.45061562232770247	1.0035227127392004	3.016803553097176	0.0001588589513190354	0.24828131701763884	0.004287503982153999	0.0047557044821217144	0.00676989271561228	0.02776649192222157	0.0163509905209257	0.000975114345987189	2263.5363905429062	2351	6.40601239880287e-05
0.4009618665504259	-0.4497073717083173	1.0015886177125954	3.0012006314696786	0.00022299417729040925	0.2499598611098055	0.0043204463359406585	0.00474967973275559	0.006763162329469426	0.027725511382601875	0.016354395096935988	0.0009782386096994875	2345.1494773794975	2351	8.06112010311093e-05
0.3998903412061854	-0.44923231286654663	1.0072106893497528	3.042363848820106	-0.0010136557947863327	0.24926158603807144	0.004316089330148851	0.004751848378636849	0.006788842771136528	0.027869616837124783	0.016387055682309064	0.0009757612265394006	2112.00106310508	2351	5.9056580410083193e-05
0.39921269543929816	-0.4497316124836897	0.9950180820164397	2.9723594689756303	-0.0016761650524510997	0.2478686554870324	0.004303972289129309	0.004751378313862812	0.006756781622810936	0.027692216502955766	0.016332536449077305	0.0009746012042624611	2317.1611982708364	2351	0.000192523533491722
0.28842788934234226	-0.3253389905428338	0.9403463207036995	2.9968068324026227	0.5968266950649939	0.2505473944768962	0.03212060695854085	0.0360867422274795	0.017614559220251447	0.02970445251767911	0.23931591223132662	0.0009839597865728554	2248.607955157049	2351	0.002237753085270667
0.3996392777720564	-0.4500061513975855	1.00596594840905	3.0224961681919766	0.00024904368552867707	0.2498843560969227	0.004310160167133107	0.004756150549025145	0.006775304686060934	0.027795216105602635	0.016373610662746684	0.0009781419419198525	2209.0393051738297	2351	8.282167134547365e-05
0.4007474611357904	-0.4501600194499856	0.9910627516815259	2.971918375133822	8.519175896396987e-05	0.2513925251120111	0.004313891369083745	0.004749208845765517	0.0067416958513115965	0.027657180634803137	0.016337109991588643	0.0009777212077635127	2153.072818170697	2351	3.0531220358564196e-05
0.4001705867809409	-0.449856161461818	0.9984599526795949	2.997575126035044	-0.00032179220021829046	0.25013276514628624	0.004312704953305097	0.004751351109263189	0.006763725436501355	0.027747993128980374	0.016354310359806265	0.000977074510618225	2271.9995963140836	2351	1.9461505343154207e-06
0.3992904698212188	-0.4508933884588627	0.9977644009361827	2.994240681778329	0.001130380229869389	0.24953030223130662	0.004293702076445157	0.004750742929394563	0.006753104617242637	0.02770793433149549	0.016329301488914094	0.0009745893087093646	2170.5243126629603	2351	3.429242723718172e-06
0.4005620395174852	-0.44957736670930326	1.001254692727464	3.015297923301357	-0.00036723442000698365	0.250554857909577	0.0043188534814293635	0.004750754084086415	0.006769264187240106	0.027786856976846627	0.016369693840789554	0.000976904883371727	2273.2874647613644	2351	2.55792700307409e-07
0.40075148479700234	-0.4497020555806603	0.9925010424633065	2.960673663628975	-0.0007820835589271693	0.24946556108689671	0.004317068167252908	0.004748158436708983	0.006741346757571478	0.027612853305754987	0.01632784119607317	0.0009767630654239634	2203.4570077530843	2351	7.481157173522305e-05
0.6600539387183869	-0.7402985929464824	1.0875799500770118	2.881365796934823	-0.6062114893223407	0.25066378825201274	0.023703520931015562	0.026668684469115553	0.009216702751810267	0.03414562652802035	0.03334279943611787	0.0009852845287284446	2174.681798808044	2351	0.013235779745983388
0.40107740013976745	-0.44956581832977316	1.0053038553615545	3.0160608461671354	0.000317288234024394	0.25089905513434	0.00432703648914342	0.0047540332964178525	0.0067788803754147715	0.027810270298935826	0.01637871689086459	0.0009765773842068635	2294.9065382783992	2351	0.00019031585303698776
0.4005465086921498	-0.4494680632037244	0.9997324692180253	3.006840628118347	-0.0007485350580783655	0.2491134650616866	0.004315819220340978	0.00474666386877949	0.006777278394630848	0.027820917359896394	0.016352279402966505	0.0009744726822942231	2206.0264441483814	2351	3.7153246210784665e-07
0.3987082457043815	-0.4501819851840497	0.9888221444435937	2.950661482960329	-0.001602706791750674	0.2486765825656951	0.004296374056850012	0.004753331774830539	0.006749170168746415	0.02765914263761248	0.016321120080216796	0.0009754977451995813	2211.5319239661585	2351	6.973871268488669e-07
0.4000828838170103	-0.45000663460792784	1.0121978880458158	3.0629755451575793	0.0011997357804140753	0.2503097733791517	0.0043117826877079	0.0047526945749411615	0.006793107055862758	0.02790843833576938	0.01638952555890966	0.0009775489909491595	2079.523595499375	2351	4.3067146886758425e-05
0.40068105936088977	-0.45049113528328694	1.00264447833127	2.9944631143019302	0.001790007780313117	0.24961358545556747	0.004311046309691334	0.0047503657044676295	0.00675088383574005	0.0276534441099041	0.01633641175486315	0.0009760324355021279	2138.2117784768943	2351	2.2459034794784556e-05
0.3997461636161145	-0.45036152030562887	0.998468182396857	2.999602317286119	0.0004433842825948243	0.24928775056418673	0.004301762167516054	0.004749156867959077	0.0067530492125057445	0.027701659236077078	0.01633841216852818	0.0009732435563710344	2103.369351242971	2351	5.4415873380422156e-05
0.40015241009720454	-0.44975598601285766	1.0031209943930148	3.0124893222068874	-6.317445730398143e-05	0.24991070018225303	0.00431480092265738	0.0047529311676540965	0.006766564727907987	0.027738416427481438	0.016366823809265903	0.000977544184462788	2253.7735098957664	2351	6.246039314484598e-05
0.3994696582099606	-0.44984222965749987	0.999271325551415	3.001057388762597	-0.000743260522714221	0.2479122746758472	0.004302182768897204	0.004747595658949228	0.006759251656025722	0.02771710571891278	0.01633857440972961	0.0009745764958577124	2135.1533556923596	2351	3.1273150635189303e-06
0.39975738874608013	-0.4508210379039219	0.999981203385337	2.9963517238069755	0.0015445639425520586	0.2504653365922038	0.004301830277225613	0.0047536839653974285	0.0067552052899174245	0.02770075643303486	0.016342381065412227	0.000978250618803572	2295.80840734125	2351	1.2458620430591884e-06
0.40101646768268717	-0.44902207570242375	1.0058073378540417	3.0300874207410446	-0.0006890202174825711	0.2495041373248165	0.004326198192851633	0.0047482610617778365	0.006784350722630324	0.02782941273389608	0.016378368807793815	0.0009754974079301665	2127.704368385873	2351	0.00016333707550856029
0.39839784914609827	-0.449506930243004	1.0069351253223726	3.0408123666702314	-0.0016616163952891641	0.24926755727016303	0.00430491526778026	0.004759185037424639	0.00680295396331248	0.02795095249251039	0.0163955486592718	0.0009781907716282863	2150.9967975503578	2351	3.652963890850916e-05
0.39905999006586845	-0.4506430673336625	0.9970959219670377	2.9903288774258394	0.0003808982269581956	0.2508855852728745	0.004300119180113095	0.004758010284007921	0.006756649110244408	0.027714048772354002	0.01635385929799286	0.000976680047005323	2094.5951922941777	2351	4.737718305107987e-06
0.3993978952799875	-0.45087871771348365	0.9993224106678209	2.9877457748131313	0.0013007479794747878	0.25163754368003155	0.004304130860223414	0.004760988895627518	0.006758289757024147	0.027708249028877217	0.016357363933182253	0.0009791898125698123	2227.1461262798216	2351	5.603090292188776e-05
0.40090364054621763	-0.4497290202891721	0.9968677621600973	2.9910984991165663	-0.00020633446890428998	0.25096592125166167	0.004320425138648839	0.004750276773615341	0.006756778042304698	0.027718448496448476	0.016354837775107548	0.0009789348447164442	2215.4449436945115	2351	1.2493089726419884e-05
0.40156381438706645	-0.4495273854926133	0.9982996368526459	2.984495593849543	6.840430996457954e-06	0.24952691446552366	0.0043248056720354075	0.004745893464277232	0.0067632287555063255	0.027724839444184808	0.0163394835301713	0.0009751814423012066	2204.1176743967562	2351	4.902013149424427e-05
0.3992507343742044	-0.4506787448056767	1.004046395878188	3.019096725092996	0.001264221477728773	0.2503282352119784	0.004299901669795908	0.004755946781250471	0.00676460822561278	0.02775060421682	0.016361211657949466	0.0009757203768660053	2180.6245906839677	2351	5.033407391859999e-05
0.39959403173271035	-0.44976479928540264	0.9915700355626339	2.970848285044084	-0.0015102925332692774	0.24912759296870593	0.004305928371195932	0.004749495557220472	0.006751909113561279	0.02767660725639452	0.016333895094972604	0.0009765009175607616	2213.636089802445	2351	0.00015118271671035166
0.39986392823617634	-0.4500062771053591	0.9998157252868832	3.0012942023667066	-0.00011583997383924023	0.2486252367463526	0.004305493258605216	0.004748354083441367	0.0067548071920215625	0.027704311590854663	0.01634069319784376	0.0009736913394481808	2167.942235065175	2351	0.00011871610503930029
0.40057111420766306	-0.4495307983990086	1.012714533517951	3.060959670690622	0.0005791057381723296	0.2500101144729673	0.004320336278302303	0.004752021255324835	0.006804173872495268	0.027954116672661372	0.016394649941925663	0.0009768095687554105	2193.1218683315137	2351	1.5736364067672649e-06
0.28656200572227464	-0.32179681512000996	0.9398292910286096	2.9898480512286243	0.6232935860865905	0.25142011939624104	0.02752098515891878	0.030878206239149268	0.015355609918970685	0.027934295722993687	0.2089715492712792	0.0009526578754576948	2194.6093096637833	2351	0.0047774860998402
0.40071039219020244	-0.45017515162713034	0.9986466065450809	2.9779200584459398	0.0007829972050492939	0.2507563239731398	0.004317731488442634	0.0047542604898107845	0.0067566447534063295	0.0276785708522008	0.016346808075271495	0.000979101067937729	2263.8435269019674	2351	2.4838263646900293e-05
0.3996843398881967	-0.4502671015696543	0.9947854174704344	2.9733164412828517	-0.00015626630855927984	0.24879389982788422	0.00430225579350897	0.004749635735249019	0.006750159677028505	0.02766464303678206	0.016324090510345207	0.0009752780788021205	2173.477012161373	2351	2.9934799448033022e-06
0.4013885328763285	-0.4489205792860237	1.0106162084402228	3.0482507778026324	-0.00023046680961390248	0.2505537731542541	0.004333905027029192	0.004751554540617571	0.006794439957864907	0.027882620213520937	0.016401155438136725	0.0009780881161519713	2166.2392721758465	2351	2.0976490503619645e-05
0.5962293411809432	-0.6720242073556052	1.0768658604838413	2.9386613245215223	-0.5123108929106074	0.24847650221014833	0.03757130821912134	0.04242430333188559	0.016102741984333233	0.03296766260004487	0.06414531484223564	0.0009705266442651494	2226.044010948286	2351	0.0063620039164969935
0.40149563758555157	-0.4502779787303459	0.9973737488988547	2.9638030882052395	0.001521814486396062	0.25029097764033986	0.004320447476231321	0.004749452791394099	0.006741548987149664	0.02758241599929675	0.016325189382936256	0.0009779985212115723	2308.2623179387974	2351	5.252189056279527e-06
0.40232636440110353	-0.4490481367702235	1.0045361284372698	3.018110719998836	0.00019599990763942855	0.25156672965923926	0.004340096599452788	0.004749023424640922	0.006780351142883708	0.02780832320727838	0.01638206924337459	0.0009795892260779082	2169.831963398021	2351	4.1654258137544006e-05
0.6571289358616872	-0.7382343066453059	1.0864056053758486	2.871304454498609	-0.6035774079631494	0.24979240038394787	0.03166704158793752	0.03568091571463426	0.01188348057866581	0.03203561716260833	0.044689901449400486	0.0009764645603578002	2203.770563450056	2351	0.03614086876051258
0.3999507892807466	-0.4505049942951457	1.0060284417827459	3.012698867734627	0.0015885546946713728	0.25101522868809145	0.004310580226312607	0.004758254556222409	0.006777359060392611	0.027788303413490763	0.016367973965099626	0.0009797853286574246	2144.17295603183	2351	1.4353660665832425e-05
0.6533507780791542	-0.7334759289101829	1.0900649321849594	2.9019691676707278	-0.599220489286646	0.24939116311668535	0.03939325596608147	0.04406852744201342	0.014328079135642255	0.035564712017321164	0.05702162764539929	0.0009628572403026656	2137.4108741384707	2351	0.027892982212866815
0.39846827414498104	-0.4507093781658026	1.0048137999589426	3.0202594994526244	0.0007898986170986362	0.25047362819841346	0.0042965629206059746	0.004761327384572287	0.0067846264080315966	0.027846130344227404	0.016373173495042824	0.0009773820229671247	2244.1640121743776	2351	6.883133336930547e-06
0.3992232601828522	-0.4502508871359159	0.9956616587967853	2.980708621294265	-0.0003719908508462166	0.24938987196733167	0.004300961530835019	0.004753191222435889	0.006759232757213835	0.027700163208364312	0.016338945645641267	0.0009765234337814521	2191.75374361661	2351	0.00018494925411785464
0.3998950926831346	-0.449633141752415	1.0060022608248254	3.0293381375639954	-0.000366084720370904	0.2495891585862501	0.004313665390458019	0.004753211902922688	0.006783487797842049	0.027850468254177512	0.0163760911981083	0.0009777424459221117	2252.1903848433385	2351	9.817952331902246e-05
0.39930969523466003	-0.45040009519365853	0.9929160928678532	2.9701930898702593	-0.0003065513182725576	0.25044129659730247	0.004302655486924975	0.004755500542983813	0.0067489735322064665	0.0276621214973402	0.016340396638409985	0.0009766936608112833	2163.0719734761587	2351	2.5834096848489654e-05
0.3990752906397741	-0.45042057904849997	1.0032060833939938	3.0090712888469495	0.000477845517814055	0.24996000291111256	0.004302372814153066	0.004758168126332945	0.0067765191310751715	0.02779908411428441	0.0163636816870892	0.0009765333358898643	2246.864895871222	2351	7.789206741512464e-06
0.40028384076002455	-0.45023478969665437	1.0021015937530822	3.0032908287879896	0.000985098346216199	0.25002115332875524	0.004310623141176464	0.004751634152382347	0.006759812090156364	0.027699657400929525	0.01635076106268976	0.0009766691115181958	2219.3757014502307	2351	0.00016610386607779693
0.40000196578322356	-0.45014696877640814	0.998651367136616	3.0034484946744677	0.00016321936399552725	0.2509227378817254	0.0043098245171014765	0.004752953478004023	0.0067531654071799445	0.027708783610499083	0.016359151095691696	0.00097832462743839	2162.278683163521	2351	1.6432602271800165e-07
0.4006941993197173	-0.45015096545219174	0.9981738479490057	2.9897320244735663	0.0006168016315548151	0.24967183772638535	0.00431191892228016	0.004747642227215721	0.006745709919073415	0.027657257004769634	0.01633464810165622	0.0009753404722496319	2208.95796141944	2351	9.71198787147997e-05
0.39834177387505515	-0.4507274456379636	0.9957403573655464	2.96689407764383	-5.9683791126738655e-05	0.25066908516576536	0.004297617525686085	0.0047643646340066615	0.006763705741657493	0.027707001462933666	0.0163515832835203	0.000979489027273854	2258.1545824652103	2351	1.734283060973403e-05
0.40099822650370737	-0.45031096901229606	0.9997059000159912	3.000473121552194	0.0013726600601914384	0.2508333714475076	0.0043146259104390764	0.004748717753631273	0.0067522897053180425	0.02769192063768501	0.016345570451925605	0.0009751722436361976	2139.48293205996	2351	0.0001386340348559912
0.39897013400525233	-0.45027113218241027	1.0068344203741957	3.0367469609880087	0.00038701443688921727	0.24916718233498988	0.004299285332307135	0.004754178599989125	0.006785496074842185	0.027871703489880634	0.016368762745023045	0.0009743907143950166	2346.031599382462	2351	5.056628180370158e-06
0.40152772670062653	-0.4496330396380629	0.9994025825477735	2.9978821738833545	0.00024054028447103855	0.25040534520078744	0.004324140350220156	0.004746501503778139	0.006762063457363512	0.027736603159291502	0.016348905287186154	0.000977168910254991	2237.5516654218927	2351	5.809901565518197e-06
0.40135432462977244	-0.4498420538351805	1.0062923743005083	3.0237960532506443	0.0013286098787400962	0.2500923419633261	0.004321716933404003	0.004747900961321268	0.006762400708569426	0.027720240157348575	0.016361953577614368	0.0009752381345177277	2128.455288260044	2351	0.00010596833491164768
0.5961195574342277	-0.6719986240436219	1.0721005259953988	2.8924833526760887	-0.5066051771714568	0.24950176292947102	0.04789316891695963	0.05397924348450563	0.017608705310003903	0.036253852216117696	0.08328864626855609	0.0009737888723159006	2227.2985542821534	2351	0.007581009199390628
0.40013424963101474	-0.4504823345948978	0.9938143326154245	2.960150203698108	0.0005554064803200219	0.25091721726493477	0.004310299742502606	0.004755505129072175	0.006748577105446998	0.027644627209159396	0.01633514636195341	0.0009782921468157524	2193.8444745930497	2351	1.5156308284552846e-05
0.5793807932291726	-0.6501698291479429	1.070068967479818	2.9401593851041885	-0.4752497775606436	0.2515119100506464	0.04432521633924287	0.049774589981844405	0.01754455893071376	0.03276689107410671	0.08210384401786756	0.0009768435785103443	2221.6193533342584	2351	0.0016732016758293374
0.39961754766383195	-0.45044986321197467	1.0104685447541248	3.0326076727733025	0.0016583199366769403	0.2499063017641508	0.0043070713073992024	0.004757500746190693	0.0067858376933854925	0.027824373321243063	0.016373948328440205	0.0009764363710161705	2282.603685128186	2351	1.3675314287249927e-05
0.3998424921069626	-0.45031608227566133	0.9956455629740663	2.9808780086212385	0.00013827784917386194	0.24994113496457598	0.004305795749875286	0.004752140786374182	0.006748691735771697	0.027670001483586323	0.016338304390287398	0.0009747928782973761	2149.328510520298	2351	1.0274637814072613e-05
0.6110595372065916	-0.6860666326709838	1.0770597657901835	2.9193819358670594	-0.5329838478136357	0.2518413449428693	0.051300639929721385	0.057458113138334994	0.018186493997684176	0.039642484238697165	0.08507878694524247	0.0010107013883847399	2269.971947044246	2351	0.00892815833358857
0.40067844521556323	-0.45069999285201234	0.9919926871213779	2.947861980720627	0.0012798366319763648	0.25053570689867094	0.004309165216841952	0.004750449181609609	0.006729590127527309	0.027539488919304144	0.016311395683860898	0.0009789482628978878	2127.4399518524624	2351	3.5661109306490846e-07
0.40160145013348986	-0.4502350870140281	1.0099583339618343	3.028019371235788	0.0026107755967936467	0.25074429242759133	0.004322963651114061	0.004750547327918132	0.006769585704825727	0.02775358369555574	0.016364342996068676	0.0009776603510874915	2129.9830624998895	2351	2.508137629863758e-05
0.4002822403410814	-0.4490519445402887	0.9929438846058101	2.9765298487218055	-0.00239855100828411	0.2495485586733491	0.004320100060005312	0.004750127167898371	0.006753809372954677	0.027684341187655902	0.01635364185314494	0.0009769936450950928	2202.74149183237	2351	2.9235883552726314e-05
0.40007352568903015	-0.4499830472455526	1.0063962724943993	3.043145097699197	0.0005102900800646613	0.2507975151509508	0.004312080089650719	0.004752880038962021	0.006788027498383492	0.027908236459930746	0.016382152203771393	0.0009767364502941225	2202.977533332668	2351	0.00010009587659291904
0.2884321400975642	-0.32369600013690203	0.9550397196325547	3.0412273420471267	0.6119134457246588	0.2499305035293115	0.02307603997235084	0.026494133402301938	0.012555327590824495	0.028885081476537226	0.17752785805097065	0.0009742581548612551	2262.2109100359344	2351	0.006793795726298902
0.4001155582052631	-0.4507449144101209	0.9986057918871343	2.9966379155063727	0.0014653313844542578	0.2515506406346902	0.004307243084419212	0.004754835165396192	0.006749682344780902	0.027694749354813912	0.01635199074623768	0.0009760722988939713	2208.483378873837	2351	5.5316543975104745e-05
0.3994256551122752	-0.4493432024273009	1.0018789868947453	3.02207398749322	-0.0016671252939118337	0.2492936755240471	0.00431056098039038	0.0047521593868970246	0.006781850955422593	0.027851957589023778	0.016373881785054556	0.0009779017630688676	2266.477413243777	2351	8.650047240037921e-07
0.39986727301737657	-0.45080713802138556	1.0152909053900276	3.050865689536526	0.00302743460306126	0.2509480970061479	0.00430787916894837	0.004759111199125845	0.006793130681103698	0.027864992935162362	0.016383914941674217	0.0009804428328206369	2178.1872200062594	2351	3.600715572470863e-06
0.400154096602213	-0.44979962867861056	1.010615258688842	3.0378710694788755	0.0006257010421663767	0.25022201916393194	0.004317828056837104	0.004756706245476024	0.00679573270069571	0.027888282390201198	0.01638780034486315	0.0009773661516084052	2262.656607793038	2351	9.233944143422301e-05
0.39848081149309716	-0.4504154986822295	0.9998416950211174	2.9972107041299894	-0.0005761318424772427	0.2499816093836209	0.004299300933364807	0.00476137023907265	0.006774663794921376	0.02779738478613821	0.016362668431853623	0.0009766601185624126	2266.9545116059753	2351	6.820198259439716e-05
0.40067581396560065	-0.44962435757705166	1.0072493958125592	3.0377916233777036	0.00044644884614046635	0.25033981677494793	0.004319260262570679	0.004750529116866522	0.0067835546532912655	0.027839494225828834	0.016379218245947763	0.000978439721606875	2314.341969202139	2351	0.00018563905201313905
0.39964610759763564	-0.4495478355616443	0.9896861732654294	2.96036514466363	-0.0021759806678380523	0.24829609099254832	0.004307018805962332	0.0047478512520909765	0.006748876216499974	0.027665727257297653	0.01632504966227132	0.0009736921138730914	2171.5241837514263	2351	2.5435447969955756e-06
0.4006728977492094	-0.449822927870536	0.9956646569789374	2.988237550761528	-0.00027575441029657863	0.25141014005588197	0.004318964206324408	0.004752244163371249	0.0067553465567614995	0.027711071851981024	0.016358218768782785	0.0009788014659584756	2137.7887780376723	2351	8.875057626201845e-08
0.3988450224225871	-0.45094823950996465	0.9918233613400091	2.9556921209574067	0.000455452996565419	0.2500301398727423	0.004294184755895267	0.004756995974111785	0.0067400448437406136	0.027596894842404456	0.01632421366721158	0.000975775704549825	2202.44614772713	2351	0.00013484070815249192
0.6769336120979906	-0.7609352884371012	1.1067690863553183	2.908960660221366	-0.626308871035648	0.2530403551389232	0.03732968035324034	0.042259774448801225	0.013486299083056538	0.03457167276201744	0.05075658992608675	0.0009758655511661838	2283.7421414153987	2351	0.06953055092270968
0.3993248182580726	-0.4496719197945881	1.0066973291542216	3.0362994433899084	-0.0006487628425940552	0.24931911296160442	0.004308435809711936	0.004754253403211065	0.006795141159556717	0.027916598886870956	0.01637972130108997	0.0009771161893493377	2143.585901380074	2351	6.777865310594893e-05
0.39910904102867995	-0.45097087848487394	0.9937354918127816	2.962060029404054	0.0008295428606422189	0.25025022759934834	0.004296565151034229	0.004756988838469437	0.006743019355962508	0.0276185161463451	0.016327602633455285	0.0009767905011579048	2194.3900802472413	2351	8.619775781199371e-06
0.3992124594702978	-0.4503289527048899	1.0032210473087937	3.010928500410524	0.0003546615865902795	0.24916565865645612	0.004301292937729771	0.0047543671415661735	0.006771003408901907	0.02777806555681078	0.016354398252329365	0.0009750797742283239	2289.450601450445	2351	5.323246201997468e-05
0.39927912845006397	-0.4504141288360687	1.0060351904254805	3.0070301415288263	0.0009347053474142084	0.24982245347241525	0.0043055673045202	0.0047593688605921	0.006771625799234726	0.02773668484558545	0.016363736553870724	0.00097851558985432	2149.0359851214653	2351	9.305773863447888e-06
0.3978195038392913	-0.4507983281636654	1.0027882075300996	3.001730475747604	0.0003763897406642082	0.24955449972061236	0.004290928086486853	0.004763482754310273	0.006770277625281384	0.02774146403367264	0.016362490739740318	0.0009774131675438608	2136.112833567754	2351	0.00010967473176468805
0.39945466084311804	-0.4497464394527328	0.9898991218597923	2.9638990392109155	-0.00194308273534857	0.2486522964276228	0.004304661529140122	0.004749389463296347	0.006749456174534488	0.027682971564400444	0.01632835537547174	0.0009734209191798331	2128.8104089584704	2351	0.00011633901089596969
0.4011473584017846	-0.4492758257357587	1.0060079322389048	3.017855165603782	-8.280556782372904e-05	0.24919686614977948	0.004325436539795539	0.004748607167176251	0.00677519348910025	0.027770676078307556	0.016365828618688055	0.0009764533522180623	2062.3411296291774	2351	1.8078627126539655e-05
0.4000411906696918	-0.4496987189142435	1.0004816537777794	3.0112031109933453	-0.0005292158926076351	0.251282837984698	0.004316916818443441	0.0047558047859647895	0.006769302468599471	0.027769866615054668	0.016379723609542183	0.0009800874951111794	2199.18896293925	2351	6.224975772229594e-05
0.400196396054642	-0.4501826121667794	1.006465131246854	3.016956059402467	0.001152602322604879	0.24859375696778604	0.0043088187569728376	0.0047501793330061255	0.006763687504278613	0.02771478596030888	0.016349905571652563	0.0009736995755983952	2136.2335163585985	2351	2.552567715864678e-06
0.40113864977202934	-0.45021695994682864	1.004462885384405	3.002379035559192	0.0017699918605385671	0.2505610457452047	0.004320064015683334	0.004752370390465909	0.00676665616396115	0.027719098153381652	0.016355030585248218	0.0009767123134121548	2149.8263665281843	2351	7.857587154338428e-06
0.4005962399679171	-0.44904568543606727	1.0015334203689894	3.014000172717544	-0.0013983619051116726	0.2486885919715408	0.004319607581160842	0.0047459876854620935	0.006778323797197723	0.027812227501387777	0.016359772872713278	0.0009766417329967081	2236.205447539201	2351	1.928903054938001e-05
0.4007522021248505	-0.4499367273654093	0.9934687528522982	2.9705434918242783	-0.00021025595753370232	0.25005201173759467	0.004314963555389027	0.004748208668592886	0.0067494828428477675	0.02767799719635429	0.016331154498606934	0.0009770637645473822	2199.4535993794325	2351	6.35056020688911e-05
0.4007067388454012	-0.44984294363037397	1.0018421229063559	2.997608624866486	0.0003867611945341324	0.24959127334067166	0.004317365776559542	0.0047504647411800915	0.006765104487335472	0.027721115980153234	0.016350318305295493	0.000976843997515854	2182.0491146636605	2351	1.5664348990666422e-06
0.4020999562365206	-0.44979158979670353	0.9980447395227704	2.9744754397142104	0.0009424555848157208	0.24957785836352353	0.004325923409004503	0.00474374604095788	0.006736470769276252	0.027580789609895913	0.01632438684848709	0.0009758597568667877	2199.5000196407327	2351	9.404532414054093e-05
0.39982233962026176	-0.4499146585610722	1.0027627655456832	3.0221402176403163	-0.00011345792497450036	0.2501964306473953	0.004310030990489687	0.004752803722497374	0.0067736832591496635	0.027817185554469888	0.016369511873244307	0.0009770755906689636	2219.363363878252	2351	2.6187271981187255e-05
0.40093847639010954	-0.4496861891854157	1.0050626331097494	3.02425574585166	0.0004880999711794393	0.2509340705457897	0.004322594341025041	0.0047519107128618475	0.006777933697338682	0.027820221152553427	0.016376224378091032	0.0009786232042062921	2143.917754134698	2351	6.4709212901142555e-06
0.39914334948180147	-0.45145620346459137	1.008919885592928	3.0196389112264144	0.0032299279708281367	0.25117086215170914	0.004297077893508173	0.004761977782976153	0.006766702789485007	0.027734986646853643	0.016362618388935993	0.0009792483410794358	2289.8837751137694	2351	2.5175926954898455e-05
0.39891551036805967	-0.45000881984264307	0.9900743993941175	2.965998040066909	-0.0017380535217758094	0.24904123768270134	0.004299392201463559	0.004752468846421298	0.006754858745199587	0.027713460413080353	0.016332846580294623	0.000974543717890282	2289.103916911893	2351	1.218107634748726e-05
0.3996660333443458	-0.4496999324915797	0.9893772158615561	2.9500290439491956	-0.0018303735363007518	0.24827464235578683	0.004306188975346604	0.004748454256547265	0.00674028661048188	0.027602037733644964	0.016317107930424464	0.0009755051901552721	2244.9907977920047	2351	3.7406217764524393e-06
0.39868216885955604	-0.4498753580242191	1.0085152213045225	3.052406610806119	-0.0004460887841056257	0.2486128177518157	0.004299309975278204	0.0047536499161304965	0.006789895802414693	0.027893097512051837	0.016381158901354154	0.0009733068421360816	2215.321561396059	2351	0.0001261357871546582
0.3999275926636043	-0.44994052198035056	0.9995220635885255	2.9970179076532415	-0.00027573450857224343	0.24884557252903272	0.004307591960047654	0.004749554678463447	0.006759856433843634	0.027730180877493567	0.0163421682343717	0.0009755879841574315	2141.218174254601	2351	8.658184774453916e-05
0.39927732453701004	-0.45063106644213696	1.0026732265448415	3.001379909746846	0.0009707597107184121	0.2514400956567399	0.004306385081142118	0.004762320134670823	0.006765681805150236	0.027742695140696834	0.01637052809345972	0.0009801291211203318	2190.781516505238	2351	0.0001545881050595065
0.4021146016833096	-0.4498387584181865	0.9985122666057851	2.9913249677703906	0.0010687792966039352	0.250632632973156	0.004325933149295834	0.004743831187737203	0.006745417492433607	0.02765885924762296	0.016337579605019345	0.0009766141155871943	2146.97390077227	2351	6.86361606250496e-05
0.4005804278110689	-0.4496953677479808	1.0009178952547666	3.005681540478046	-0.00016193142684042583	0.2490936731063175	0.004314599808124208	0.004747212086707372	0.006765004783636788	0.027753779677283194	0.0163480340830487	0.0009746579456624594	2165.30462224802	2351	4.5409298429054463e-05
0.6490025776323102	-0.72760956360401	1.0885764839423675	2.8998952578961896	-0.5895534051635357	0.25053343448798276	0.03151080600056642	0.03529692572311781	0.012175713767806148	0.032393251713268005	0.04633661566944211	0.000977064627829786	2275.0126462686294	2351	0.03305872943089244
0.4008632031721386	-0.45007358508906825	1.0045103811202543	3.0125167788766753	0.0012486343758857865	0.25042858353442926	0.0043179373162475455	0.004751644504663079	0.006762527668551629	0.027720258560331668	0.016360783969994096	0.0009768505389866236	2286.752874551761	2351	6.570035945952829e-05
0.39961928748864317	-0.45013248232957276	1.0054741190463647	3.0117772249839962	0.0005792423162732267	0.25001416491392	0.004310113359726508	0.004757626124845509	0.006776602663972524	0.027766164112669436	0.016369565198675985	0.000977796211852287	2179.3635584238846	2351	0.00010411015492280128
0.39989038737640914	-0.45065864301231956	1.0012058661872512	3.011596080475224	0.0014125250527041316	0.2511091955453754	0.004304631932023451	0.004753609663200127	0.0067512361988496545	0.027700682192534177	0.016356291704794985	0.0009783601671332607	2416.2643648608464	2351	1.5324116799911544e-05
0.40077903684613647	-0.44921785663173097	1.0010916525885232	3.0003237663779654	-0.0009430514723966117	0.2502268288170815	0.004325630378627549	0.004752369932806503	0.006773173993475979	0.02776907598167754	0.01636969542558835	0.000979750352670499	2120.886043194981	2351	1.5933404782333027e-07
0.4001060134654674	-0.45094084646929156	1.0079838691288416	3.013297878480371	0.0028464070592283722	0.2511469065263321	0.004308653264497908	0.004758733671446708	0.0067655816219965035	0.02771132622068989	0.016362647076623413	0.0009789855698143371	2197.4182080136925	2351	1.7296559634605277e-05
