Nu	au	bu	cu	Nd	ad	bd	cd	Nub	Ndb	kt2	Nu_err	au_err	bu_err	cu_err	Nd_err	ad_err	bd_err	cd_err	Nub_err	Ndb_err	kt2_err	chi2	ndof	edm
-0.042134605969862515	0.6487015724072992	3.594539102427615	-0.5677380615058597	0.04267767077792639	0.28504816274273326	4.0044960941393635	2.396453048351026	0.0	0.0	0.1585230333755786	0.004880869911838948	0.03645743048970185	0.7529839003249146	0.7195298736536043	0.00275198393736642	0.05888437267129801	0.21894219569944373	1.192212318496833	nan	nan	0.001592634781154026	2032.5613397992065	2340	0.022444932401417865
-0.029004857603372125	0.595726905960489	5.169362595244325	2.6369863826142868	0.05406559343096906	0.42785577798203533	3.0343692805694875	-0.43400927923408933	0.0	0.0	0.1568589740231168	0.0011920799401460291	0.04085493311619076	0.20783361829147662	0.4956928760717856	0.0009055211226596249	0.018655986647005823	0.1575658515278926	0.12706020037193808	nan	nan	0.0016507057519990903	2112.021487044005	2340	7.97172506387321e-05
-0.021897179590723126	0.46943033473538254	5.482996724755474	6.973480749565728	0.055989158677193895	0.42116144482080714	2.7129535399353037	-0.6398917486404572	0.0	0.0	0.1594803686590522	0.0008665709795910304	0.040164503262852674	0.18121091381663934	0.7519418672119899	0.0009565136550049314	0.018093024364530086	0.15992352014537436	0.11525614536333782	nan	nan	0.0016477990629173156	2029.905474167314	2340	0.00010361398985503859
-0.041712987618131026	0.6256966963958059	3.5344339199604176	-0.5765594403831498	0.05618193037147079	0.40542069819639215	2.6025006912558	-0.6888693781657491	0.0	0.0	0.16084457760510218	0.002054013068957694	0.034968836945626525	0.3546837889368335	0.296854110942926	0.0011373002709190727	0.01886425202972064	0.1842982943043412	0.13542125629087434	nan	nan	0.0016537292182924046	2160.0877405942565	2340	9.89475770789245e-05
-0.04118058517131129	0.6486651835970122	3.703490143982714	-0.47527418596602544	0.04743104382222407	0.3767227430042134	3.7427768072105687	0.843673198923292	0.0	0.0	0.16017949357217753	0.001865054679338285	0.03476219428685373	0.32031303841572534	0.2803253683405104	0.0007096898714178401	0.01982312288976157	0.1264169244540303	0.17429786257731938	nan	nan	0.0016529016198373742	1981.8428422999564	2340	2.1827872596339176e-05
-0.03909515159449095	0.6501440197623406	3.929908701041442	-0.14538893622651924	0.05052694514038558	0.395184020804908	3.3078392056196337	0.15565498781547607	0.0	0.0	0.1598937066203392	0.0018125036227181757	0.0358888421903521	0.3002688186207465	0.3174477057224671	0.0008207788015569539	0.01922988132118214	0.1412643977447572	0.15291345942938958	nan	nan	0.00165807816888007	2100.8126573353784	2340	0.00018250448906177225
-0.04838948442815383	0.6342133597720936	2.5991446285211723	-1.194719545635474	0.04531770917758804	0.26783208773411293	3.565716174130248	1.588722376621193	0.0	0.0	0.1612929302131406	0.008509460759735521	0.06355019365271986	1.2023938609345657	0.6738279925712058	0.0069146762217339175	0.11935677286207677	0.6407622346704744	2.4781810475010877	nan	nan	0.001662739303262467	1952.5910968523494	2340	3.3614288767914623e-05
-0.04180473742001556	0.6802195440394848	3.7451810810097763	-0.5637922483165235	0.0535897545971884	0.4290133070542119	3.083991347523576	-0.3345906886603824	0.0	0.0	0.1605781407426553	0.0020889231340420755	0.03626553863730975	0.35230006446247164	0.2949433076644463	0.0010090757866173528	0.019141701331484434	0.16595475322259756	0.14665032139498807	nan	nan	0.001660485517761004	2085.3984260025036	2340	9.97168822220731e-05
-0.035180586944296044	0.6268788588397142	4.2503375716643745	0.605899963571146	0.05273740046142783	0.3723761402117333	2.790859333759884	-0.29254205539484324	0.0	0.0	0.1602096038483355	0.0015683074218919568	0.03791790494159275	0.25281373123239037	0.369267919113732	0.0008948864383492294	0.01872911065436625	0.1548954662626234	0.13775727129312185	nan	nan	0.0016681989775080286	2131.285753212798	2340	3.691367386200568e-05
-0.022768865371569635	0.49054882964408475	5.787725640864323	6.467126030740962	0.04351581015685335	0.2938401603895059	3.8869735756441504	2.0054847744700806	0.0	0.0	0.1578549904247117	0.0008117930841234355	0.03856748093298032	0.18384420614199382	0.6614228862974211	0.0005049942769990157	0.018251770709171278	0.10227869039370852	0.18369726886496046	nan	nan	0.0016564780585098526	2190.05468021236	2340	5.5283784728720724e-05
-0.04424419430762738	0.6659646955326414	3.221914927377992	-0.8796522155107626	0.04647656124688626	0.3586908454579176	3.6937617100134763	1.054340791987184	0.0	0.0	0.16004358072903474	0.011416688976362332	0.050432469891706466	1.6359451292539062	1.2733379976247086	0.009573360780526174	0.11486451345122434	0.8909980219784686	2.53388609632	nan	nan	0.0016633797669021733	1956.0641944923325	2340	2.4468690390722273e-05
-0.037686940981323636	0.6654524397693491	4.2136945699529536	0.1308537006523404	0.055422909943737775	0.4238817838101266	2.763241039346201	-0.613989343668861	0.0	0.0	0.15916876714622707	0.0018483647521219115	0.037488925037455656	0.29497151985657455	0.3629049689931698	0.001066483917162353	0.01893176527028989	0.17497051149242537	0.13193326171530723	nan	nan	0.001657448589649127	2156.0369379557033	2340	3.33863270405905e-05
-0.039477088317675046	0.6503638997387111	3.8383187011417306	-0.21191768199651778	0.0554807320099544	0.40200685460937347	2.618172135645629	-0.6033485625884375	0.0	0.0	0.16170591556327546	0.01236667278118092	0.054016181433277466	1.6072003203417058	2.09136727273641	0.006369588066571841	0.020310159749981987	0.8340247615959351	0.7929912916712591	nan	nan	0.0016615321433334912	2078.7564651194134	2340	1.2493656085181047e-05
-0.027279702590476296	0.5241466820581551	5.017732433029157	3.4110457469893	0.045358905837811436	0.3280933756467764	3.71118932000776	1.3608407932225768	0.0	0.0	0.1595391246200709	0.005930868141486023	0.1263515650031863	0.3995280529564247	2.99321374692578	0.00782955633974447	0.10987267542549767	0.7067053682302507	2.360302094374997	nan	nan	0.001668539900449434	2051.7616458033153	2340	5.564034950565387e-05
-0.04165098397860523	0.615565213562392	3.4225106501730695	-0.560295015125321	0.04282924365102714	0.3055768260785202	4.100351615185144	2.2824220446751657	0.0	0.0	0.1564420536974448	0.002759295814442786	0.03487214543748096	0.4017388872272636	0.38197289256365946	0.001233438163475098	0.031625560521602814	0.14103144363061992	0.4865958986626812	nan	nan	0.0016263964881324672	2167.5209113038395	2340	0.010675494514679758
-0.05046039771562749	0.6237307118063056	2.358013614711329	-1.3858272382696604	0.04383406330873707	0.321628313796378	3.9545969596156967	1.90399940248916	0.0	0.0	0.16185955534280982	0.002049597467083275	0.03443779726421392	0.3125926620640307	0.13152020039959128	0.0005677293182259069	0.019284176345417486	0.10870744655501441	0.19385700945388065	nan	nan	0.0016520462017746845	2149.6434884382843	2340	2.459031852227047e-05
-0.031297026994926314	0.5771746487814469	4.7120698846850315	1.8613251376497928	0.04647520186209242	0.3298923984789184	3.558100296807691	1.0711083466606772	0.0	0.0	0.1588853776654671	0.0011906087826474288	0.03768882686846159	0.20324505022948047	0.41081533809866055	0.0006092420618697414	0.018960207866733886	0.11478816051299812	0.1664903760122253	nan	nan	0.0016557006500637628	2162.1128847683863	2340	4.540002054919396e-05
-0.03378788375434061	0.6025546589227722	4.627139285455701	1.201744906867551	0.04592071905884354	0.337854936376043	3.728349444319065	1.262907649008512	0.0	0.0	0.1628779935555937	0.001302971635084249	0.03675778832383769	0.2201583939964915	0.37433254592566295	0.000605387733593532	0.019196004050738735	0.11404750881855286	0.17322614045914708	nan	nan	0.0016598680984268727	2182.317782155168	2340	1.1933387232362136e-05
-0.022849773847733457	0.44305485151525437	5.418388405841688	6.518916757995468	0.04222896546462884	0.34466767670539095	4.286212003447121	2.3637088079585293	0.0	0.0	0.16037529959342556	0.001893511533167358	0.0558549378224093	0.2153620588556553	1.5481080217097267	0.002727017155317757	0.0454695118390154	0.22053613052636178	0.9883333871915765	nan	nan	0.0016506113642976439	2192.7532724430775	2340	0.008075212079535302
-0.039460958671098445	0.6416018161555253	3.792555752236954	-0.12731758019882242	0.05500192875758514	0.36791457761478424	2.523268776212884	-0.5376988069330776	0.0	0.0	0.15916493640983898	0.001949776652138635	0.03573880050084699	0.30520744798095767	0.333051542507107	0.0010267645292862948	0.01850798044512486	0.16988771078213283	0.13562374737727406	nan	nan	0.0016451230229680147	2234.230174333061	2340	2.5128852077999928e-05
-0.03753226609811622	0.6503820846428876	4.316740153239714	0.26125190309730995	0.05566185301519888	0.41675816370576896	2.7862774245602484	-0.610036059324178	0.0	0.0	0.15813445589831027	0.00795585400402754	0.06390771904697246	0.9657426607718707	1.6640939427145265	0.011548810701150214	0.02099971969451961	1.5192991679561414	1.468053971273233	nan	nan	0.0016577531751686553	2110.2826261129435	2340	4.966851949119206e-05
-0.03752014307857199	0.6255849130578585	3.988148521582846	0.12770456519524853	0.04228990681212608	0.2538642340202185	3.9227502782370856	2.622796796802948	0.0	0.0	0.15980854122868385	0.0036278148897886386	0.04231224924472937	0.4849903450536246	0.7446336998043256	0.0018462482663569313	0.04267423188576733	0.16605720374600574	0.8453568424317317	nan	nan	0.0016711681776768877	2095.7968970259953	2340	0.005162228006327724
-0.03510493882940924	0.6298882785740496	4.506685643127684	0.7235650059562234	0.05469284505185068	0.39751835038956074	2.7554182511102603	-0.4964771516623163	0.0	0.0	0.15910910196420464	0.0015601354859858807	0.0381136253942464	0.2544721175501632	0.3891626079775085	0.0009621359136539054	0.018532549644122986	0.1627569100288775	0.12968710444048803	nan	nan	0.0016494240073457733	2115.235097160461	2340	2.861866641350401e-05
-0.03892251056397755	0.6909411218752759	4.264436733481229	-0.036138267505123486	0.05550890718831436	0.39552465217768396	2.6111241057293433	-0.6185446908323202	0.0	0.0	0.1597942334412707	0.0019358640348883793	0.03764145948126468	0.3124187961255953	0.3523326615473805	0.0010625115564195653	0.018825813793169693	0.17538815046228318	0.13271628127988758	nan	nan	0.0016557732149010962	2103.8019869882282	2340	8.474383505517257e-06
-0.02811521622921931	0.5928774307893698	5.421225034572186	3.1109283619068164	0.05428111376031919	0.42310940272029657	2.90243725974636	-0.45955373907764	0.0	0.0	0.15971232782622632	0.001152423509680589	0.0413688981207434	0.20728162239728887	0.5313860846529823	0.0009232756951069732	0.018485871962594574	0.15665686453057193	0.12474301862893523	nan	nan	0.0016621742210022883	2070.9762714201847	2340	5.0666417852379236e-05
-0.041625273842955224	0.6071523473580563	3.2875729073031543	-0.5759635848330263	0.051176151348355514	0.381616252262984	3.154221601906685	0.02282248525333385	0.0	0.0	0.16056763530674698	0.0019411393729065196	0.03409732062405113	0.32683539586831745	0.2703064638151591	0.0008644684046541506	0.019240352882651413	0.14852747506733044	0.15514343774385833	nan	nan	0.001660695332018347	2207.465100529043	2340	2.4431629917029434e-05
-0.029766973163155352	0.6014307096065937	5.062861250718712	2.383554015624193	0.0555095111589079	0.41090432421226797	2.6738649217707264	-0.6065828037075476	0.0	0.0	0.1589806832293455	0.0012609489888683045	0.04080359039800552	0.20986163176165107	0.49013853653079675	0.0009816529467957524	0.018434184958023625	0.16344649260236954	0.12105372388878029	nan	nan	0.0016513452178389815	2095.3683734718616	2340	8.666035428411817e-05
-0.04528475317781133	0.7386150209675835	3.7166159289597966	-0.9477800798421887	0.04792590487082804	0.4057609990612414	3.847588570017858	0.7323722270872576	0.0	0.0	0.15999785984987708	0.017422043956092204	0.07438080946731745	2.546603439183788	1.947038744906962	0.019691164897677638	0.1896778004166469	1.8993077424371676	4.576310513554091	nan	nan	0.001666813828121047	2034.3279049860266	2340	5.11757252153889e-05
-0.036267709036966966	0.6618003660961009	4.416863217804217	0.4488860176387266	0.05549986009639185	0.431380482589968	2.8672402692414773	-0.589991270709192	0.0	0.0	0.16001430667190175	0.0017000361888550586	0.03818720609798937	0.2697667029659363	0.37654827412683195	0.001031306218084782	0.01889187406807541	0.1716388459507714	0.1301552607200358	nan	nan	0.0016588657439828292	2117.3476883862463	2340	5.657978990295467e-05
-0.0412863446421845	0.6689000283962345	3.7775285703177115	-0.42186978246765955	0.048260622298151645	0.4070713895008976	3.6932843299923563	0.6251604138715744	0.0	0.0	0.16248844966129167	0.0018974050539928289	0.03494997190293664	0.31459809411854245	0.2841716804307995	0.0007675283052600568	0.019870039235298786	0.13231974223669374	0.168181535024027	nan	nan	0.0016629180040928365	2103.7803912811232	2340	3.205526783817434e-05
-0.035532232221887505	0.6230232257418853	4.297558890645377	0.6068255441562926	0.05556171679444688	0.4230035463648838	2.7610505483312986	-0.6226340330919239	0.0	0.0	0.16152530221086242	0.0016400499446335703	0.03767920025386817	0.25847439801208916	0.38771196008934533	0.0010370703246599389	0.018825773670050117	0.17199828867154787	0.1279252725140945	nan	nan	0.0016667220892750967	2043.3544851362608	2340	1.3128748626232905e-05
-0.0337270170230598	0.6356056962473148	4.804417734870098	1.1381842454042013	0.04865271955466399	0.42561206853341804	3.8085155467094554	0.5588347606944787	0.0	0.0	0.16096003598779424	0.001356059085059147	0.03806148206511051	0.2308185717322968	0.3834811711098576	0.0007270980128756266	0.01953420738113379	0.13028243283433105	0.15511090765489657	nan	nan	0.0016572350097106003	2120.2194510253053	2340	1.3637485641324943e-05
-0.032349830786749356	0.6155741158675803	4.810581724752222	1.480566113550468	0.046197954514229034	0.3684825078622641	3.769880308778184	1.1122438571880557	0.0	0.0	0.16025821726364417	0.0012681643300520573	0.0380974953793059	0.21528148922342538	0.3959975543567406	0.0006349144151160946	0.019321972963891015	0.1170694123080478	0.16760287124944004	nan	nan	0.00165683374022349	2106.452707053251	2340	7.244571424801643e-05
-0.04250609632793134	0.7013768845648953	3.7916638990167986	-0.5989966917443683	0.053361141702671366	0.42250418661060196	2.998093430483923	-0.32499201799399347	0.0	0.0	0.15884786164834055	0.002193786932550179	0.0364214052347287	0.36140489444782276	0.2978942849389736	0.0010211940521428486	0.019051460099838602	0.16496724848732502	0.14747632907511207	nan	nan	0.0016618655672795135	2045.613276105749	2340	2.734275620293339e-05
-0.029969661562518124	0.578553939941669	4.975779687726938	2.2366312197307696	0.041878327677258964	0.2750135588508616	4.045017188382557	2.666772793042311	0.0	0.0	0.15814157395794273	0.0011317727403252764	0.03836818895838251	0.2019520903171963	0.4372482040522698	0.0004863029840346256	0.018164353140409206	0.09887754414953354	0.2043401973047813	nan	nan	0.001647372836295402	2054.682537992493	2340	2.4422869721536723e-05
-0.0422007700811996	0.6562585886610841	3.563865809181865	-0.6299641223380036	0.05530062503980826	0.40488136375404227	2.7291415054322465	-0.5962163210756928	0.0	0.0	0.1585221887072385	0.0022538420456217345	0.035636192792493526	0.375264412421606	0.30799452345444345	0.0010909272789384472	0.019019459781425663	0.18064602802519003	0.139987837685747	nan	nan	0.0016541563762907108	2153.6915460495584	2340	9.992881984095649e-05
-0.04182853322467606	0.6324135557063928	3.3210370879757733	-0.6123252536468631	0.045126951338803956	0.3465908820153262	3.8361129799611806	1.4205704338424425	0.0	0.0	0.1609122293987775	0.007227594926828951	0.03752746838222876	1.0353682489256733	0.9729415042471604	0.008719373845683331	0.12435717202846766	0.7428505880413061	2.6087244884863265	nan	nan	0.0016609515060941327	2185.182788327177	2340	6.008878172937999e-06
-0.033178325418775634	0.6259400531249506	4.820884422373459	1.2916487082714503	0.04470552210903933	0.33772628136696947	3.903107521926877	1.5926182939810576	0.0	0.0	0.16141320377245552	0.0012962114534714186	0.03770619515336637	0.22051230959454493	0.3834299171233812	0.0005802158617583819	0.01926640664135712	0.11113223085701596	0.1812050667440691	nan	nan	0.0016597849182620888	2039.805662815382	2340	5.405690762501646e-05
-0.04223084053982196	0.666851359039262	3.659576425398476	-0.5589846699044114	0.051552236084602354	0.4208568780415461	3.304899285249947	-0.0027080188691088287	0.0	0.0	0.1631676918738612	0.00198970330106224	0.0351722025534138	0.3334812938448113	0.27737371850098885	0.0009084622969955936	0.019319668648382277	0.150545511342141	0.154301534896088	nan	nan	0.001663133959118962	2148.4818966488397	2340	0.0001470992110442932
-0.032130590473534726	0.6561299559113984	5.017610149742099	1.5485400325967251	0.04733531878213704	0.37400358144674645	3.6341671419345123	0.8145827123115731	0.0	0.0	0.1577782320189887	0.0012948281258886585	0.03988784184579275	0.22444901001037643	0.40436452574998494	0.0006674288984415133	0.01935506843860585	0.1221545222885605	0.16058426585499866	nan	nan	0.001654423112717615	2181.273276412414	2340	3.653908750458599e-05
-0.03582276774507487	0.6248424107150004	4.314656243231469	0.49539731024860884	0.04886072021921217	0.37615098417938736	3.4469217463453328	0.45198100303636807	0.0	0.0	0.16022626556406355	0.001510027112311907	0.036886663116940055	0.25450376384220297	0.3495508199933069	0.0007298935340646073	0.01931707749298045	0.13120637172929484	0.15661997196000374	nan	nan	0.0016620945697591732	2088.0187704505556	2340	1.9536030002341063e-05
-0.03826015804334848	0.6744936302305558	4.2719486133436755	0.08986929923171803	0.05265895304819135	0.3789534262349803	2.9425749665674883	-0.20981544649863687	0.0	0.0	0.1587845888015816	0.001739927619343995	0.03701501073262159	0.28533808646386283	0.33449049334482717	0.0008850831951672244	0.018842459935521555	0.1531546815049778	0.14227528085123095	nan	nan	0.0016518339843087093	2220.131748838122	2340	4.992377403829923e-05
-0.03755072723016872	0.6594706266547687	4.416071564549334	0.23862053799075186	0.055458770942954594	0.4509108393650718	3.015301308486047	-0.570675913138373	0.0	0.0	0.1618028200158344	0.001764196784121319	0.03713054726480075	0.28745523354601765	0.3689677791910257	0.0010319455685686707	0.018988162527454222	0.17188363118488414	0.1314445102826297	nan	nan	0.0016603061792460905	2051.056217908642	2340	0.00011694182213068599
-0.03461670906237457	0.6251567596835323	4.5803644509591575	0.9125133778312112	0.05569702026783041	0.4127245595265658	2.754781288005159	-0.6132149497363982	0.0	0.0	0.16229151554297983	0.0015323698516058193	0.03829367607914125	0.2455494202019839	0.40294574102810016	0.0010011825095564975	0.01869626776599692	0.16925940378876336	0.1259415636263854	nan	nan	0.0016557924332252089	2042.0968160219525	2340	3.2171359090214894e-08
-0.03107834354757788	0.6107098149435266	4.9057446018258	1.8631989058443401	0.055221680512054894	0.3925954310468977	2.6192686908010154	-0.5716058635236683	0.0	0.0	0.16371798086853276	0.0013557216362052316	0.04099952722976047	0.22512314834221003	0.46716852828839184	0.0009701664783986486	0.01851000633167646	0.16334362628236954	0.123698725510402	nan	nan	0.0016677062580332386	2132.937661089847	2340	1.576824516917219e-07
-0.032899626375175184	0.627978985555322	4.841168373967707	1.3127961156712709	0.054829899573291874	0.422933094339996	2.900240701306446	-0.5203904044868366	0.0	0.0	0.158305375449197	0.001419719412975251	0.0395510082770299	0.23557079943151393	0.4253435747979028	0.0009584503126760513	0.01876867292195436	0.16371466747883434	0.12717020389239073	nan	nan	0.0016523164937281426	2119.1682072138497	2340	0.00012025082597883452
-0.030401465213796386	0.5944893305347378	4.961742866259485	2.1615312096231967	0.04759847823238372	0.3651178881105504	3.5360994276662403	0.771023036211124	0.0	0.0	0.15784692348316057	0.0011720926068874427	0.03889727376368235	0.20473477285937802	0.43462602732138195	0.0006593964910998062	0.01903495154012244	0.1206261109168143	0.156700808029419	nan	nan	0.0016454255858965455	2200.01488378031	2340	1.2958900941955031e-05
-0.04243938292435234	0.6563887268017154	3.4553067282176864	-0.5970423222126164	0.05042612271126301	0.4169410456503243	3.5051184985643724	0.20792616384051732	0.0	0.0	0.16310760963274828	0.002033877117612326	0.0348753651248398	0.3311678762114545	0.26975158791058523	0.0008510788319940898	0.019656234660339417	0.14477098420331447	0.16046498844387053	nan	nan	0.0016635618351045767	2048.5435635862905	2340	1.9096210888659523e-05
-0.03406352163672888	0.6588285715355998	4.954510656737458	1.028102938537341	0.055372600573093234	0.43229837433300333	2.9408481224970418	-0.5831765469001655	0.0	0.0	0.16049251705469414	0.007948423246474323	0.09530397236781857	0.8436255235209025	2.2042774929911944	0.009400594037104915	0.020926800175311594	1.252968804482693	1.2253657447461388	nan	nan	0.0016607542774674244	2188.7945472116967	2340	0.00013617711106581921
-0.042500578853940096	0.6939552841623678	3.692674183844659	-0.6255594659523831	0.04907779031840964	0.40260428344614324	3.5407631932375283	0.43880828050113313	0.0	0.0	0.16184048052310518	0.0020376564771463213	0.03627120122608807	0.341686187909954	0.271146066143649	0.0008030151269069474	0.019721485939616396	0.13625305939884536	0.16545402772765966	nan	nan	0.0016655552753142289	2119.981691258322	2340	0.00012577089533309468
-0.037136230958719985	0.6404239520855319	4.0759641873367	0.1913512035676141	0.055198508708390825	0.4071344413610679	2.6798918470029287	-0.5946547193561851	0.0	0.0	0.16054206374149457	0.010178984493273036	0.0734740654972259	1.2248395500683062	2.060930591641669	0.008019479447987865	0.020481857100389744	1.052268673013653	1.0149020163645925	nan	nan	0.0016656353355863907	2152.1441787853246	2340	1.3312901077320214e-05
-0.019495050467077446	0.3844479173208898	5.6499185680486965	9.835711769782696	0.04418201417589929	0.3419627664010113	3.9391325105210573	1.693511926294778	0.0	0.0	0.16000956941067102	0.002695297638834415	0.08614571820190917	0.1978184005181527	3.2774719295618726	0.0028983605542226565	0.045315163182535756	0.25414768375292884	0.8949485323786156	nan	nan	0.001658339340195214	2135.0043822021007	2340	0.016202413146495287
-0.041041278875905585	0.6257042060809157	3.4759396457172382	-0.45221191039982556	0.043470319054775164	0.2913968296344671	3.8071989272432702	2.0092701157014194	0.0	0.0	0.15759419257478008	0.006262645090595709	0.04238745334556998	0.7345508095382027	0.9432843732456542	0.0018399964723525564	0.054404793386602396	0.09517216783925031	0.7366107071188531	nan	nan	0.0016468575308748457	2060.1499713072253	2340	0.01040257685908436
-0.04652097160335633	0.6378394637673084	2.938252178934644	-1.1059558001522565	0.0466536564582658	0.3150639079982425	3.4948029357503363	1.0646978430193599	0.0	0.0	0.1581681974410834	0.01561016343691679	0.08677701252624409	2.266618858888501	1.49336258615343	0.01813329582361478	0.22732558144482462	1.741339267542595	5.113286134545286	nan	nan	0.001666085254550892	2061.078813350662	2340	0.00018114271274443744
-0.029255684612848554	0.572780453506124	4.907489792013858	2.470480407178119	0.04535468605928816	0.31362623255195227	3.5335297372558405	1.3138813825670055	0.0	0.0	0.1599754049967565	0.0011188716276465671	0.039068952376365707	0.19907496522584633	0.45057257307817417	0.0005786847133648632	0.018898324170015635	0.11081718608230062	0.1709590177740026	nan	nan	0.0016629847491292649	2132.0996822806233	2340	0.00010455344807421734
-0.0377249473277369	0.6721962851659955	4.40620320669277	0.15274989240536635	0.05553854173518635	0.3989527737441492	2.692930870723421	-0.628968719668561	0.0	0.0	0.15979457969444433	0.0017949976765752051	0.03780970955630747	0.29671101589380333	0.36326519517315237	0.0010262290945461938	0.018904102942521317	0.17496820195865515	0.13060257036165818	nan	nan	0.0016575131302139778	2159.1080491128273	2340	7.10384971456202e-06
-0.02265080922546059	0.458386918068354	5.577384325418395	6.650721404449033	0.044497299035634486	0.34016556312705243	3.999496749180724	1.680563167153428	0.0	0.0	0.16131241688102949	0.001101045633096931	0.04213383649625407	0.1963840665874308	0.8926664268148783	0.0014505333225622863	0.021670489524917264	0.18822161331920828	0.4569115302169547	nan	nan	0.0016512579676241645	1977.3556075805213	2340	0.01038759521262303
-0.034571501765248036	0.6075509706135412	4.526104796907737	0.9046921299510116	0.045036095021252276	0.33484847215964636	3.8342319158597853	1.4819838752994134	0.0	0.0	0.16022173419197086	0.001354514816263197	0.036358178109078265	0.22915878866456252	0.3603388569444371	0.0005901222433485342	0.019320140341013564	0.11260328327357261	0.1802675049931975	nan	nan	0.0016570431790803586	2151.124777139561	2340	5.617631469470254e-05
-0.04151970518190318	0.6910214799517609	3.796766882351696	-0.4861685272631014	0.054416105945371385	0.4141989202051368	2.8426546316122603	-0.4506191646970524	0.0	0.0	0.16103269429246864	0.0021872434023958998	0.03670510115961134	0.3542937816676066	0.3148083118418525	0.0010567217328748546	0.018861589380779892	0.17023720616025972	0.14285020531554352	nan	nan	0.0016582358864498659	2096.8363763116668	2340	0.0001511196683375173
-0.03549810890952898	0.6897388302780809	4.6125509537502545	0.595807877328347	0.0533080913185453	0.41914515883181613	3.0452091252424407	-0.3243472732159247	0.0	0.0	0.1622155715405162	0.0016371605226944697	0.0397569310874773	0.26543067046227575	0.37799085826477785	0.0009337551196721972	0.019021021286562356	0.15893811936145386	0.137797774805635	nan	nan	0.0016622697282618892	2022.9220590877653	2340	6.603620438311548e-05
-0.03559845935380901	0.670144130386443	4.70791362823702	0.5929972962711413	0.05508224372413317	0.405614853707619	2.742685099979014	-0.5705580122680927	0.0	0.0	0.1597554584989535	0.0016451777637638276	0.039319353432766324	0.273059651735597	0.3935641802279754	0.0009967805124295737	0.01881395249934273	0.16886327904903142	0.1291008046545956	nan	nan	0.0016614461362192828	2125.0136534167723	2340	6.550302720973289e-05
-0.04863859039746332	0.6283500052318637	2.556000967182489	-1.2895358485564583	0.04517741657978225	0.3027525321527741	3.581649726791054	1.4274034500887287	0.0	0.0	0.15730177762456155	0.002069288564864713	0.0351221624293413	0.33315848586535224	0.15518164173554813	0.0005952117720824379	0.01924940624917071	0.11223234252018699	0.18545316632515746	nan	nan	0.0016539290428359138	2109.9335761887505	2340	4.17503710844544e-05
-0.0343450111482001	0.6561385770987371	4.760132104126263	0.9425825054917261	0.055323763191611475	0.4306944834664747	2.8421749490425476	-0.5906041168459366	0.0	0.0	0.1596152344264255	0.007294719597224553	0.0858671428369806	0.7698826197667012	1.9342658523752252	0.006163460081392347	0.020718118685408238	0.8136692143613535	0.7804091395176469	nan	nan	0.0016666353228361602	2113.6889061969428	2340	9.562399675812873e-05
-0.04275124004969255	0.6631182790649086	3.5251578560434766	-0.6201875736924206	0.04410126822753235	0.32708259248806487	3.916957674168302	1.767740393209301	0.0	0.0	0.1607748520875668	0.004960132049796395	0.03518879912371353	0.7118288947946103	0.6789614756564817	0.00239429778218625	0.04272136275903063	0.21572641085789446	0.8208553147276468	nan	nan	0.0016672305128589554	2081.5766097956293	2340	0.004989299767918922
-0.0289516103247911	0.5662712492618258	5.064511704382023	2.7304986391192134	0.041481183245524855	0.2623530237230985	3.9726429458675443	2.800731376074408	0.0	0.0	0.1594927338465354	0.001071675123611282	0.03820802443722349	0.19326262779718917	0.4582581927777926	0.00047518162491022586	0.017892353245785864	0.09672327389399515	0.20613403467125047	nan	nan	0.001650905774937178	2176.275728585817	2340	7.793567783338239e-06
-0.034279339115066976	0.6338444291395725	4.515709296375246	0.8318232356904468	0.05494871840251836	0.4066388746649248	2.711989330679865	-0.5783773607891725	0.0	0.0	0.1585327982280912	0.007822037342864574	0.08848404611910732	0.841716159542981	2.0239932566003414	0.012978834502113457	0.020547674736547533	1.6817350513427614	1.6744442627622762	nan	nan	0.0016676608949581367	2122.6455375885384	2340	6.50185492156521e-05
-0.03463654027138463	0.656327094847952	4.608892027697386	0.8266696446720354	0.054955262041939124	0.423167538684821	2.8470619465330884	-0.5381334211467762	0.0	0.0	0.15815459537232474	0.009052220483384166	0.09774435825711902	0.9537778487414146	2.2930042187109194	0.01273657995858235	0.020608691619956154	1.626220693292053	1.665323696742991	nan	nan	0.0016587909265512318	2148.9335304927736	2340	0.00014912842921115699
-0.0422361580462669	0.6769186103287078	3.5864347091737208	-0.535124302411915	0.04931304302706141	0.38065826844937356	3.3833177015584988	0.43131447214805363	0.0	0.0	0.16370861249142232	0.002019946599924216	0.0352359818048098	0.3243356292049149	0.2739355260033961	0.0007932999106872174	0.019535033278248237	0.13495269562452705	0.1640565394600806	nan	nan	0.0016646456934968912	2118.127421427306	2340	3.242085973383446e-05
-0.03292095408699813	0.6502333144026413	4.886934433702717	1.3131695107551564	0.05048606273204248	0.4213100673484924	3.523190648695466	0.1990638272309581	0.0	0.0	0.1589371672113435	0.001367248225325468	0.039613343318156025	0.23253664524378914	0.4020538997152177	0.0007796031324537323	0.01920524493938111	0.13753324913806386	0.14583296177242064	nan	nan	0.0016524292613885466	2123.154126027926	2340	4.148891083632825e-05
-0.037725872544951966	0.677178309579715	4.384133866634742	0.21687666122432325	0.04838280955540952	0.3768027969434378	3.5254113237315865	0.6007885355331027	0.0	0.0	0.1587146168216791	0.0016069580119221771	0.03673901906248345	0.26760011683689333	0.3242163949615685	0.00072396801161001	0.019454632817218293	0.12846045965915565	0.161985080898314	nan	nan	0.0016545052369441732	2107.764724613017	2340	0.00017703807547223553
-0.029406760351585515	0.5803424577754797	5.176435993311976	2.497821042491126	0.044826401686049344	0.34469670578872025	3.9390731621918245	1.5219757066431125	0.0	0.0	0.16017001763519	0.0011066613950797	0.039031278348510834	0.20392762498592232	0.45643504071105867	0.0005729222972140624	0.019138239685945885	0.11122022383782415	0.17589660705333465	nan	nan	0.001657597052019913	2105.461670851384	2340	4.407330759385203e-05
-0.04256216196090801	0.6583081068604071	3.371421453730168	-0.6252943846947644	0.046308613992290804	0.36143001796141455	3.66693953130741	1.0631326590296717	0.0	0.0	0.1587405450899493	0.0068106530614996386	0.03793150860100025	0.9488184592326951	0.877947921258756	0.009371677084247021	0.11300951201818157	0.8556249836720307	2.4601668849319567	nan	nan	0.0016618551039351698	2061.615949971416	2340	4.817655475736923e-05
-0.042777460919491195	0.6660139281466195	3.4814350496471502	-0.6331809543802835	0.045640327618095666	0.3426211123651745	3.7038026617880018	1.2678720734698132	0.0	0.0	0.1592353789443891	0.010815783153255654	0.03841089502413131	1.4986101036671715	1.4127948678801328	0.009362287679560488	0.12582604657372265	0.8294674014016115	2.680457348326701	nan	nan	0.0016663953487563166	2235.5930341278363	2340	0.00010642318232717702
-0.041932234434177595	0.6623104432951453	3.675856733818079	-0.5778863181647392	0.048987317276791176	0.3741056069837847	3.4642174389852265	0.4894141811552977	0.0	0.0	0.16152332239655642	0.0019151139763927127	0.03544537769546502	0.33197437327166335	0.2706810235395928	0.0007641797161379582	0.01957700760132211	0.13339685419136704	0.1657200663458502	nan	nan	0.0016603522417568684	2035.9112303479521	2340	9.210924042023234e-05
-0.03956489454494272	0.6315276606143887	3.8031132333199054	-0.22498141207507977	0.048623393516452396	0.38226893177263427	3.5175904842092507	0.5444145467300452	0.0	0.0	0.15800949642392287	0.0017566445417166454	0.034749391704105126	0.2963146513288555	0.29935271127531937	0.0007492654512564201	0.019497824676970893	0.1310319992328257	0.1636414377690296	nan	nan	0.001651921636879508	2088.1786843589357	2340	5.757502586560773e-05
-0.04192612225396175	0.6435431407605716	3.5647103650988585	-0.6165704919663535	0.051989158175298256	0.4009966691240494	3.102401690837704	-0.12489989269999233	0.0	0.0	0.1604682317807599	0.0020247859512829702	0.03539328806878195	0.35073316477538397	0.2839825728572135	0.0009240273646390351	0.01908539712098306	0.15423360095138205	0.1514548831129655	nan	nan	0.0016634226694463433	2008.5787305324366	2340	1.0517245119096347e-05
-0.0415232868920854	0.6204218441953724	3.3344886877588955	-0.5320923878430313	0.050051618200031234	0.38728986284163625	3.317982053071572	0.24462104288635858	0.0	0.0	0.16061872560311763	0.0019843372123378167	0.03418503582607424	0.324033482777371	0.277415332748514	0.0008262750687022535	0.01934664104497183	0.1403638568112957	0.16008623749363998	nan	nan	0.0016586556146953035	2082.5742573671923	2340	7.093856974571711e-06
-0.04095147006117872	0.6560881041424298	3.6566044786273744	-0.44819210484124694	0.04981261878119292	0.3667258998028858	3.2942989201324946	0.29579692638274435	0.0	0.0	0.16006615898561416	0.0019236254751494597	0.03549381492297615	0.32124065150824177	0.28585609448282473	0.0007877614214267803	0.019375086862057078	0.1380168377154274	0.16063218329042261	nan	nan	0.001660153395565453	2083.5051862022374	2340	0.00011529074441707451
-0.045703612612692956	0.6768423334710024	3.148260283600478	-0.9357264380277897	0.04571405034843057	0.35291654414804297	3.758077689833484	1.2788163120879135	0.0	0.0	0.16238399770130685	0.015322870545394218	0.06459371004162329	2.0926887763550113	1.5720491860701908	0.012498183499942583	0.16443229688938205	1.0735285391156233	3.5255453843883724	nan	nan	0.0016679648267636238	2161.1402903203143	2340	2.9947621630841125e-05
-0.03055015610438716	0.6350921622531593	5.287253202902172	2.260904068246179	0.04594689928641915	0.3859337734784935	3.9905781970273018	1.2206189463901103	0.0	0.0	0.1599928459360173	0.001176481450213207	0.03953568378494865	0.2090726798728184	0.4378270405855758	0.0006221510395802987	0.01946547876078547	0.11711026091901378	0.16800989600238167	nan	nan	0.0016563378944896984	2042.8148292916703	2340	7.311980319394026e-05
-0.040543317237373144	0.6282804783415674	3.5793854648627366	-0.4168601958298198	0.04236293019490911	0.2725717317332722	4.045731636921752	2.537185913662285	0.0	0.0	0.15888014366164863	0.007354011220063572	0.03558854105886278	1.052360435354444	1.1478539789064448	0.0016981843815210285	0.03761620562029913	0.16844108956413262	0.736177134800502	nan	nan	0.0016248046396901972	2093.8666384570697	2340	0.00026456289194223874
-0.03137674098025156	0.6013675710136351	4.920779650562011	1.872697172399577	0.04786675239032556	0.3856510915804615	3.6215485136379955	0.7173176507536251	0.0	0.0	0.1596839386669872	0.001215253331229793	0.038520961176363555	0.2104791253749818	0.4197568613501721	0.0006800803478634876	0.019200486891380764	0.12317174111099916	0.155838187299886	nan	nan	0.0016556997741585672	2088.246838628783	2340	2.1949032004028838e-05
-0.04380341559872514	0.7320872123153664	3.7771720243550684	-0.7418864079745211	0.045273314901630446	0.36492569762792754	3.917905074337856	1.3797449963472452	0.0	0.0	0.16022974113748828	0.0020135704286874945	0.03642454590984395	0.3407757509753182	0.24695677280725256	0.0006569062163503947	0.02008164858522249	0.11829523533885755	0.18825671932446345	nan	nan	0.0016586053700626546	2122.176959744495	2340	2.3877061432510607e-05
-0.034175564280369386	0.6217164802112715	4.518618347035376	0.9230349454556224	0.047421234470489404	0.3813427818107475	3.599905349535538	0.7637591078346958	0.0	0.0	0.16244917123144473	0.0013849898706506103	0.0374888760513411	0.2327263540797353	0.366626315558881	0.0006921452015694607	0.019463558820246418	0.12430147353828702	0.1615428676562591	nan	nan	0.0016674847761992684	2159.5437128539024	2340	2.0030972298027274e-05
-0.0419991713086576	0.6046341415198808	3.076163540668576	-0.5940019365910348	0.05012735041581351	0.3513959246733601	3.0290839178575824	0.2039029193724969	0.0	0.0	0.1616992561087459	0.0020132874265946787	0.03387421977641941	0.3194107073135395	0.26155145797042345	0.0008228422972643701	0.019122470611322467	0.140130123106186	0.15938101362384474	nan	nan	0.0016620922550009964	2192.0951455282748	2340	9.113990940488918e-05
-0.04438830156828466	0.6780672740466256	3.420871420655084	-0.8219525065916335	0.0554588517006962	0.4174468400762713	2.740067708445469	-0.5905274264680773	0.0	0.0	0.16006587538379863	0.0023023321701108324	0.03614407427600619	0.3784864288440448	0.26850986444706954	0.0011132404870457524	0.018870900674254815	0.17865344007346406	0.13906185055765896	nan	nan	0.0016580434904844427	2070.6729100044213	2340	0.00016936709879284223
-0.037992782143892234	0.6499079573222462	4.171958330416105	0.0992873617874357	0.05562892973421496	0.4386332682817296	2.828281822204101	-0.5949309863782447	0.0	0.0	0.16316881700921454	0.0018507362170898656	0.03667348020334121	0.29692508499714987	0.3629937121823123	0.001075363660057449	0.018794148838082197	0.17274722431296707	0.1315599728453244	nan	nan	0.0016649633368400613	2084.5076451133987	2340	3.606215236299544e-05
-0.041776007632052026	0.6243230090123746	3.3665316651392265	-0.5615157232085675	0.04633240146218354	0.3521740297327971	3.758269936715957	1.1004449150360398	0.0	0.0	0.1580779743240971	0.009113255658104724	0.03642794596419735	1.2865376998692224	1.2712488364207084	0.0060606190453658115	0.07761178906091126	0.5822151840271452	1.6679242881276282	nan	nan	0.001660496260297975	2118.778187927459	2340	3.4913941976353055e-05
-0.03602644389841658	0.6576598725925663	4.487017758126463	0.5832402540246107	0.04937388046354685	0.36389568775878844	3.2829064347171197	0.3328089634473696	0.0	0.0	0.1589969542230483	0.0015141123213358587	0.037592501674301615	0.25051537774774335	0.34904571638007487	0.000742575082926189	0.019201940263111394	0.1334417664732137	0.15378070527438806	nan	nan	0.0016682180180028344	2039.8788518701117	2340	9.641474441531571e-05
-0.034652154792689016	0.6663411751961161	4.67885756053775	0.8280421725787994	0.0559265020561901	0.4202370502747409	2.6851427676255923	-0.670068336368408	0.0	0.0	0.15775851387213863	0.001621507342450479	0.03979299078332765	0.25720188762485163	0.4089937839426948	0.0010495897538936871	0.018844572332987003	0.1732088019431055	0.12518681854788558	nan	nan	0.0016534965595697698	2136.225400350106	2340	5.040698755339786e-05
-0.03236108675069371	0.6206871175842401	4.665441038430475	1.3892266224627072	0.0469873544304249	0.37672167084561364	3.6916320125737565	0.8783508058100576	0.0	0.0	0.16050015790029631	0.0013017670207004506	0.038611072309079175	0.21931219570331706	0.39185364673958156	0.0006658172373138482	0.019476709674406317	0.12208401653918388	0.16348869490770657	nan	nan	0.0016670528120046324	2286.9497731921465	2340	4.903974527145087e-05
-0.049391069898751194	0.6628041416066908	2.6799732904497438	-1.3045455019059842	0.044288911325578884	0.34710487953963426	4.058793793272449	1.7386208958970586	0.0	0.0	0.15927008406009768	0.0020999683349450238	0.03580398879572566	0.3367324559503664	0.15344455930861414	0.00059577251783971	0.019611067070366472	0.11214044274084078	0.19165123689006053	nan	nan	0.001649521105616239	2061.2554230668793	2340	7.489931692084291e-06
-0.04276832871915437	0.6791877309008448	3.5823136693906834	-0.6454899817793833	0.05519086305817833	0.3878029541886801	2.5883615418895496	-0.5880753913486666	0.0	0.0	0.1590838585018463	0.009940081169528159	0.0390474706099182	1.4079796215568214	1.3070887904936872	0.005030924742515319	0.02034623222236412	0.6757856143069971	0.6454816011592035	nan	nan	0.0016586123774442046	2056.9523041208995	2340	0.00016750914147338602
-0.03323436794391332	0.6570018312015863	4.849233194851303	1.233588259523418	0.04589840379078747	0.35141532929407954	3.780328163970923	1.2125700511807127	0.0	0.0	0.16088869495328564	0.001339632933323509	0.03885001465035892	0.22629426045218448	0.38153912243060667	0.0006202021745893571	0.0194607443444286	0.11669431032116839	0.17317111520567033	nan	nan	0.0016601620974391884	2046.2114629180878	2340	1.5276754818811016e-05
-0.03855903470480604	0.6585125587141529	4.0480396117576545	0.016608534442559754	0.05130398346822007	0.3974885849307695	3.1230911283258433	-0.0012099308640820957	0.0	0.0	0.16093533526833798	0.0017790077855353026	0.03632458853186615	0.28724832668630107	0.3279161276287369	0.0008696930388938373	0.019071787113073724	0.14586556947203366	0.14844214882685644	nan	nan	0.0016667789311952674	2052.846843619741	2340	7.373513096372059e-05
-0.04154000855895512	0.6535118670812234	3.5808470443727836	-0.5510214788101876	0.048415240312906116	0.3961101684904793	3.6394457831618126	0.5928580645580741	0.0	0.0	0.1612060821437417	0.001936531326516333	0.03505379167011735	0.32839057086556944	0.27446432066990284	0.0007659379185976922	0.019776065441665547	0.1323766724976363	0.16857740576093888	nan	nan	0.0016576297901422787	2048.561368042691	2340	4.912803028724122e-05
-0.03329666372409279	0.581650251432537	4.3921569752289	1.1188334377386082	0.05181013178134686	0.3730778048556343	2.96622521676863	-0.0846046660744053	0.0	0.0	0.16329224840176923	0.0013607912667840116	0.03746028296453929	0.22591102887841918	0.3881700766960142	0.0008206301443638431	0.018617393828922302	0.1434461042924775	0.13879560916132766	nan	nan	0.0016615123344310145	1990.4316042147764	2340	6.26249857116412e-05
-0.042393611643713025	0.6702993756290748	3.5727037846136294	-0.5609891127651239	0.05554932689971914	0.41356405602735646	2.697965648133358	-0.5965503818185974	0.0	0.0	0.16285306237629718	0.0023018795801051928	0.035594409941862026	0.3629319727663678	0.3116462301425952	0.0011338141888639353	0.018870850116430138	0.18037193660946005	0.140503239455385	nan	nan	0.0016661922623566333	2059.350054063974	2340	4.5628742800872315e-05
-0.033371873907089844	0.6015431702023177	4.3736586400309765	1.136202667701367	0.05437653223757777	0.38557483192085007	2.655787255952963	-0.47515452291233656	0.0	0.0	0.15928113983720635	0.001463111039505971	0.0385109649783732	0.22950215321209422	0.4061568863333905	0.0009542807633152739	0.018449506561362516	0.16025148225484642	0.1289793809053052	nan	nan	0.0016538635890168268	2207.188503363434	2340	0.00019087015237914304
-0.04080175895912874	0.6476759149217791	3.6306305888580095	-0.41169349737708993	0.04879380607135064	0.3936537444197772	3.5453374458812044	0.48506394673472564	0.0	0.0	0.16083330563184328	0.0018961457742830423	0.03476534497260808	0.3127680094881238	0.28589937616203487	0.0007781906146208106	0.019682313525580558	0.13462511176336966	0.16536111095213243	nan	nan	0.0016574188776279641	2182.8886214851836	2340	2.3854951774361905e-05
-0.03410722567588509	0.6183869719512065	4.549695913945304	0.9699702479194748	0.04834169449383996	0.37286894619464805	3.5385195455510403	0.6346211437849131	0.0	0.0	0.15940912166027363	0.001387190064619015	0.0376940284194055	0.2346827753088112	0.3735989505637765	0.0006927621828518582	0.019192884113790276	0.1252530486116652	0.15744308192289128	nan	nan	0.0016496356647106025	2215.4436086361366	2340	1.4538398037717356e-05
-0.032190858516188414	0.6466755696799122	4.969152187957699	1.654197712489748	0.04729319678800192	0.37390804406856154	3.673742794073016	0.86270909533933	0.0	0.0	0.16145594891057805	0.0012814496611794346	0.03926912853784442	0.21815625452986742	0.4050321702729189	0.000661673868542989	0.019352789164426787	0.1214036890211061	0.16150757871255622	nan	nan	0.001655614883964887	2268.6049000332805	2340	3.515319949740286e-05
-0.04251644229931184	0.6787003334541472	3.665262488912262	-0.6171522684371076	0.05531457667398132	0.41835908533182276	2.817468124206205	-0.5725314776397218	0.0	0.0	0.16134418431487196	0.002197767599498468	0.03619189152034463	0.3644296207637203	0.29705090020442954	0.0010999787811644124	0.01908541061255209	0.18015034387613582	0.1414697201347235	nan	nan	0.0016586233375922715	1989.9186010554274	2340	9.241312706301691e-05
-0.032901499008472945	0.6104105336662529	4.609589388245498	1.2301463417539171	0.045194323732455244	0.3498419431193944	3.8700302349065336	1.374079244638959	0.0	0.0	0.15864348209905293	0.0013084083867037077	0.037888095306953085	0.22188943328256272	0.38230281029750623	0.0006025590102423095	0.019452176012073635	0.11472193987719148	0.1769644206109684	nan	nan	0.0016570052923712275	2147.4202059187437	2340	6.043705188102511e-06
-0.04194865128915293	0.6345055627288333	3.469480671829671	-0.6076166483248263	0.04971102921225956	0.36135534713508505	3.2499502139754926	0.29524769368487636	0.0	0.0	0.15941114552144633	0.0019607529587023498	0.03476693324772934	0.3356875777262973	0.27194831253637364	0.0007894239595396257	0.01936401592315004	0.13802677643601902	0.1614569094046177	nan	nan	0.001658126541676852	2059.4705246336594	2340	2.804252203225467e-05
-0.04183820589024656	0.6485762216520565	3.502925821164096	-0.6103981546302419	0.050053166351172074	0.39275573991231716	3.3607941193271884	0.24846981152855224	0.0	0.0	0.1594863333954876	0.001977834202249007	0.03539535991464565	0.33766576198125997	0.2717174566037863	0.0008277144068411513	0.01941231388073203	0.14061506531679657	0.1602412945085347	nan	nan	0.001655719786081658	2115.8793669078646	2340	9.585579974420467e-05
-0.032184505550107545	0.5976872839995013	4.7146437437917035	1.5539220556325999	0.05353807383256837	0.396562921855207	2.878248406266568	-0.36044628350606267	0.0	0.0	0.16043118779258364	0.0013410624553086281	0.03900599436195368	0.22207282943925	0.42729714807058977	0.0008950908416065495	0.018618819370697925	0.15486512887449377	0.13073697136024143	nan	nan	0.0016611318570242672	2129.3557442812184	2340	0.00018697912725960564
-0.0393768658294007	0.6371457912891441	3.8633412377221688	-0.16995841539925535	0.04313058729134611	0.2953327742480739	3.98668725902568	2.2034708948764745	0.0	0.0	0.15814030118619524	0.0045193793301526175	0.037733617300614586	0.6356822448664443	0.8124309216764948	0.0008524970006497101	0.023983193959211835	0.1242546131052431	0.30584243847130993	nan	nan	0.0016108722865533637	2197.5394432321705	2340	0.0018599720322400233
-0.0423515486231435	0.6523484065648957	3.4610029633420023	-0.6433345475167583	0.050764938366892	0.3723615676595229	3.153035773859502	0.14342291708675275	0.0	0.0	0.16094606866806843	0.0075450865273042345	0.038641919373682	1.0920677014888536	1.0067406822179505	0.020340489210822654	0.12148304788163253	2.2442367381981665	3.825587385899812	nan	nan	0.0016558827072995358	1986.901519963929	2340	0.00013889780061023777
-0.03512585362154286	0.5889407147471692	4.082441424349238	0.6738903128343186	0.04850539255152286	0.3729497049782237	3.4486709408065575	0.5494217631076199	0.0	0.0	0.16303532944455262	0.0014469544082170716	0.036016018651734705	0.2344716899364525	0.34948400625047576	0.0007192188498463814	0.019228113812525288	0.12780614342506835	0.1581157505739322	nan	nan	0.001663315076977201	2142.245062218496	2340	3.649183068820109e-05
-0.032692555064836704	0.6060747541144181	4.797140911368357	1.460844410910646	0.044432511625090765	0.31083461218503466	3.9027398372003197	1.7784590953363975	0.0	0.0	0.16059779185888332	0.0012491221287601606	0.0373336298579382	0.21384441883318184	0.3888863339794838	0.0005489021997381327	0.01898148598859062	0.10802527718761601	0.18623332819784222	nan	nan	0.0016521390971406813	1995.128493594645	2340	0.00012543967178906427
-0.036982236870337526	0.6606873281460197	4.490426332571389	0.3888513779137761	0.049166587929460936	0.3950083716715956	3.5864246280720984	0.4780418991974761	0.0	0.0	0.16095920314393392	0.0015401819285910112	0.03673055791091279	0.25915298558542865	0.33676571889833795	0.0007404131864765517	0.019386501290832914	0.13145057295397877	0.15705632291015184	nan	nan	0.0016506880297919302	2119.8891389580635	2340	0.00011784294431883174
-0.044523951996962796	0.69267028916058	3.387961378602593	-0.8494939844759077	0.04509529419503533	0.39493884741521196	4.067000653938652	1.4135698463443553	0.0	0.0	0.16401199182494242	0.002072431102456085	0.03562181200392789	0.3434596667847585	0.23224682959840642	0.0006742903114872467	0.020266948628334558	0.11965226043131683	0.1880304549741623	nan	nan	0.0016635435321766812	2201.4951470606084	2340	3.64172174027911e-05
-0.05078487408358767	0.6084783319042708	2.286477998478948	-1.4431323347329212	0.04218855832623647	0.28888212383299966	4.064632440288052	2.4730348463791128	0.0	0.0	0.15922567727407877	0.001973284005230558	0.03401703028440628	0.30511749396163057	0.12196110211690882	0.0005172280882167479	0.018818261766588934	0.10302570308992842	0.20856978199865792	nan	nan	0.0016582100282243606	2210.8927064131167	2340	3.744963459374077e-05
-0.03133522082474682	0.5831166098778211	4.77045846491991	1.7495694116031317	0.04645502885009467	0.3630175620855883	3.780922721702597	1.0672126460509754	0.0	0.0	0.1587831919913048	0.0012066228507706112	0.03814027731566072	0.21078493905242457	0.4122757547801068	0.0006259504409239502	0.01926762414900124	0.11773310814992621	0.16617774771198968	nan	nan	0.0016556823053609365	2118.689809108271	2340	1.5223925057798693e-05
-0.04235420546403612	0.6290401411764905	3.42125603205609	-0.5912797345203492	0.04347370255939231	0.31997685949077176	4.008435462108192	2.0229259719152157	0.0	0.0	0.16043707211631802	0.007063583897142123	0.035248922407734695	0.9993508475185511	1.0095914328941176	0.003390949554174294	0.06390861137903014	0.2573120106228568	1.2457350884781742	nan	nan	0.0016433191337668768	2041.6739944213498	2340	2.251382421767838e-05
-0.027373600896386963	0.5674237238617814	5.385984573450572	3.502819287223836	0.04535530441752811	0.3724587408237329	3.980806908754678	1.359258544848506	0.0	0.0	0.16086689302107746	0.0010199072994013236	0.03944714832292617	0.19465739197805076	0.5086460153983025	0.0005951973800308874	0.019191440577260216	0.11351919810577882	0.1690492340642374	nan	nan	0.0016579269172199707	2198.568805347636	2340	3.117391422383128e-05
-0.03179420544577605	0.5962362703060979	4.8566872523703255	1.735165829873379	0.052758088646250645	0.40260709681331214	3.0839528541736314	-0.2154602000285464	0.0	0.0	0.16029537385362153	0.0012723702459869202	0.038612093269858816	0.21481974361790712	0.4267529721309245	0.0008453277392346248	0.01867835002065299	0.14865305712213805	0.13381788359402041	nan	nan	0.0016564675178908361	2242.6378730884244	2340	7.276586138803371e-05
-0.03717378480512923	0.62213862137332	4.15202316948615	0.24546071138269268	0.05184936127238493	0.3808252245394817	3.0408685247793006	-0.09086922814905123	0.0	0.0	0.1599333516826403	0.0016184404066318936	0.036021382619882414	0.26955944429055	0.34086291997084095	0.0008460302037939238	0.01880002499838196	0.14688664105704952	0.14346478275778232	nan	nan	0.0016544559884599103	2177.745505277372	2340	0.0001001697598414263
-0.042028989890033674	0.6498791740399781	3.487915349800713	-0.5735842574493786	0.042325619355948696	0.2857755046943978	3.9826720355964156	2.43907035446502	0.0	0.0	0.16247973299253393	0.004851674637330661	0.035379060951560404	0.6895143808362616	0.6866886112017836	0.002285584578974431	0.04869258477465063	0.1855377680138255	0.9598222151341718	nan	nan	0.001605500435097884	2038.3795250039052	2340	0.001554468942905937
-0.04185654065556765	0.6497925146855488	3.652651712751118	-0.5700190936119507	0.055307123317659634	0.4103352453716054	2.7906684282692096	-0.6053826628205232	0.0	0.0	0.15817414570654564	0.008941260647173876	0.03729245123062391	1.3148931298700703	1.2915552229296094	0.006518948710200645	0.020712311399384342	0.8915621346102132	0.847881605416543	nan	nan	0.0016578523389982058	2096.171918667943	2340	9.201762044717669e-05
-0.043426028988496235	0.656563678446844	3.3807131559546844	-0.719904281523434	0.047502591073140144	0.35479441415498353	3.4755997748660334	0.8136919270138278	0.0	0.0	0.1603780860431866	0.016117420055502485	0.043671970551556194	2.2183188229898327	2.011404501437497	0.010774034607354932	0.1144056678329955	1.0472105507767062	2.6179772595959387	nan	nan	0.0016625150826443252	2049.9014139918986	2340	4.811537248603881e-05
-0.043026957897609575	0.6781582638666219	3.6461822029534257	-0.6549745242943862	0.055603868323167216	0.4219159963885656	2.747677663143346	-0.5886679307961471	0.0	0.0	0.16006518730249847	0.011349104740557447	0.03904164388945469	1.6224841919545714	1.5078129842290018	0.007867967123065367	0.020352917078338556	1.011774782255944	0.9793019068851079	nan	nan	0.0016584805090560095	2150.9360210399345	2340	6.166243137414289e-05
-0.04197668494796192	0.6449410979898993	3.5444308648776177	-0.5949779644001726	0.04472356722806192	0.3382001064412757	3.880417927612922	1.5791152862854856	0.0	0.0	0.16170941055688584	0.001902784606932273	0.03430938347294238	0.3260828764495136	0.26555765206824344	0.0006164351266935153	0.019758720777920125	0.11387151256574413	0.19149943538421113	nan	nan	0.0016577293110843633	2024.9353848900882	2340	0.00010259407465927644
-0.04146036112934781	0.6377800498694398	3.5333837373774117	-0.5777966159181294	0.048322415923964135	0.4103142403614783	3.7566015799958596	0.5876107632578099	0.0	0.0	0.1575696870620532	0.0019092039577714437	0.03487062346700914	0.33154976391806	0.2725036542408614	0.0007684352667584049	0.019914992647988655	0.13387331391005142	0.16886644451955027	nan	nan	0.001651568454532279	2104.3407215642237	2340	2.4154385673749735e-05
-0.0425675626592702	0.6312595050591103	3.3119381291282735	-0.6354978900901838	0.04344000707014839	0.32117261865914676	4.013821636351728	2.0026104881048132	0.0	0.0	0.1627019574275318	0.006105480380911132	0.03557282073034923	0.8677772204120373	0.8019385784697244	0.0033470289159895916	0.06118650689095667	0.27292457890616095	1.2187660608740316	nan	nan	0.0016604282993238767	2092.4490079956568	2340	0.0003365873594754038
-0.03273604462391133	0.6213127931963954	4.681375772743186	1.3234492053764033	0.04738834098907785	0.37152609962950167	3.5592309138787828	0.7908545063356406	0.0	0.0	0.15925902543747655	0.0013152727698785838	0.038387467826440536	0.2213772717972553	0.38944309756453704	0.0006759132476155116	0.019242112333562877	0.12184669004996795	0.1601647984034805	nan	nan	0.0016523354711445032	2102.412755953749	2340	5.941129330696747e-05
-0.04272517093068573	0.685208406428572	3.7053872079217207	-0.657583704516191	0.05564007188824727	0.4131274528552827	2.7642286798218145	-0.6137074186541318	0.0	0.0	0.1612078765727964	0.010582641277715132	0.03970362630242352	1.5393075354311914	1.4228647608343028	0.008104458649901836	0.02088800188937201	1.0841806164931926	1.0308236682812946	nan	nan	0.0016594032594198088	2127.211410706527	2340	0.00010792860956624062
-0.0304040643840926	0.6044412680393878	5.026452676301947	2.140270141443212	0.044196319396077044	0.32402158840244766	3.8947681904699283	1.7183884210304783	0.0	0.0	0.16141005617994128	0.0011649913034731396	0.038984066711528764	0.20679072052664127	0.43031360218054654	0.0005562940624479484	0.019123158286108083	0.1090769494865298	0.1826689909154048	nan	nan	0.0016660927030560657	2016.042267367264	2340	3.391040498563636e-05
-0.03445375207099266	0.6653104383191644	4.8635556320804865	0.9864251489903495	0.054875999197148806	0.42999282742817097	2.921126903807089	-0.4893323263361517	0.0	0.0	0.15868829655085526	0.0015243059754308508	0.03944502880822709	0.24821670655416828	0.4055981895677891	0.0009760282112559748	0.018657375665100367	0.1623131325630116	0.1288286612545638	nan	nan	0.0016451890857241414	2056.4243600664267	2340	7.08700352060764e-05
-0.04176736707551598	0.6790306424616968	3.7798373639511604	-0.48189078177564637	0.055494988629438025	0.3957232328305446	2.651996688452841	-0.5902469021130434	0.0	0.0	0.15792919308845016	0.0021839589119026503	0.03587099826759438	0.35244497204896486	0.3163848150229169	0.0010699977313490816	0.018798736009728895	0.17606328464135768	0.13615869943420317	nan	nan	0.0016448566521590352	2049.536277622051	2340	0.00017193396064998042
-0.042567298411001375	0.6810769968633804	3.5469805928335205	-0.637376268670445	0.050593060492051256	0.39095389838946515	3.2275002680645635	0.15939196264090497	0.0	0.0	0.16202706926698635	0.002030151117076495	0.03634978713510867	0.33736084847852066	0.26362857716811383	0.0008611843812003084	0.01929939005624612	0.14298437795444263	0.15838817016468498	nan	nan	0.0016616086413834136	2150.2086791544384	2340	0.0001131339092896454
-0.04404451464069503	0.6805410930069079	3.3736807355250353	-0.8496983924582369	0.046181720144249816	0.37105689739811126	3.7625318094828106	1.0685146949808262	0.0	0.0	0.15793549174942695	0.0020361784122469584	0.035880297861526356	0.3455088599754874	0.2336131108165911	0.0006925745901132929	0.02002344078885801	0.12265426744895747	0.1810876169749174	nan	nan	0.0016583381008246634	2066.8241115032997	2340	4.384568289159842e-05
-0.02713782882933402	0.5569231937653366	5.2233910642632795	3.4822543439643496	0.043877193744812804	0.3515353828691144	4.0046029020317455	1.7371916885985272	0.0	0.0	0.16190032276058297	0.0010115001079136765	0.03931492680367149	0.19191883137816168	0.504112411638364	0.0005623778499890264	0.019139779166986698	0.10893631751520272	0.17856964313437804	nan	nan	0.0016661307476703718	2178.604765504894	2340	5.873995058785963e-05
-0.03300656442881389	0.702946697039222	5.290975173455983	1.402480853802051	0.05518136912064775	0.46322516788025614	3.095342862505306	-0.5385463340006463	0.0	0.0	0.15874270746967478	0.0014704125007647395	0.041576679076123724	0.24286245368925075	0.4361836326365271	0.0009916105039152745	0.018960772254844466	0.1660202698186659	0.12735024008006807	nan	nan	0.001652108580303055	2179.7697514449046	2340	4.82047059501003e-05
-0.03499404658699001	0.6233683016185206	4.370540635175049	0.6920110010704397	0.055380048207091415	0.4013080491017029	2.653757893889614	-0.6058274902508483	0.0	0.0	0.16137143959932138	0.008033771595131856	0.08329580490866112	0.8940034598687208	1.9809800077530677	0.014051380537809854	0.021215901686980843	1.8138406973656112	1.7778245156928743	nan	nan	0.0016692743631297885	2007.1870330828929	2340	3.3364360811005105e-05
-0.04222358323309949	0.6840372859815513	3.5641755507406825	-0.6131005755370481	0.055825512102011254	0.4387313073508026	2.844368909518308	-0.6072345652555183	0.0	0.0	0.15847116788274038	0.008789306674949593	0.038800002055558336	1.2304268476277733	1.16384235021795	0.011052724917152257	0.02093904067112104	1.4105977045383704	1.3611873433230193	nan	nan	0.0016560847166234849	2035.0523390151739	2340	7.946726039986966e-06
-0.03987081512457513	0.6369571833145057	3.7369323897818485	-0.3140371724882447	0.05066494248570841	0.379483361526551	3.2341706990102304	0.11444156829256999	0.0	0.0	0.15996382634724413	0.0018490529280095203	0.03525398532984669	0.31159959738670384	0.30167299483076104	0.0008228372788975369	0.019247260535253163	0.14382175832273392	0.15469897952008654	nan	nan	0.0016589599841457109	2102.7052925778908	2340	6.746336123921684e-05
-0.037830696633705196	0.6102137681013213	3.8051726393601526	0.05628963538969728	0.05553477862155409	0.38729232127696106	2.556608693193443	-0.6225094539281253	0.0	0.0	0.15892487650779558	0.008540694935473603	0.058097710428878624	1.063933726206784	1.6387735444051106	0.012697644959193566	0.021340285512106788	1.6583640364252372	1.595957462893439	nan	nan	0.0016574746412580943	2010.77961876152	2340	6.992099527178207e-05
-0.029604886159053212	0.5828796071377889	5.254995166524599	2.558236278114624	0.045954215984842284	0.3537920852768223	3.842184699617157	1.2708631550169736	0.0	0.0	0.162681472991745	0.0011031213298234865	0.03879883571612375	0.20301030013537558	0.4573989038192306	0.0005969026360147511	0.01908647498371463	0.11366931981070749	0.16844698281612608	nan	nan	0.0016558249784585921	2093.2915087489687	2340	6.294246296385188e-06
-0.04225861502992512	0.6766753979430621	3.580168929202972	-0.631588519362878	0.04581116642197358	0.3506735304689377	3.8314065457149193	1.2524668092217108	0.0	0.0	0.15896408525986147	0.012039833567492664	0.03930843652193983	1.6959418824664625	1.6107002292151817	0.008516880389570991	0.11446718328462824	0.7715536351782548	2.449504089118466	nan	nan	0.0016618823782057618	2095.841574458045	2340	0.00016829684202351186
-0.029546564683923582	0.6055617926956145	5.158183550407175	2.5832480431387244	0.04724285143162987	0.38107964625639196	3.670198111961761	0.8796464441804106	0.0	0.0	0.16008707562254948	0.0011313670549367716	0.039312073255242275	0.20025604780409934	0.45403206167652616	0.000656706948225616	0.019123370285983154	0.11936228218887157	0.15799044658272934	nan	nan	0.0016524558083964025	2091.6540679027794	2340	3.554387943135918e-05
-0.04161309008851688	0.6433281413109981	3.4785431036364995	-0.538070575401764	0.046559387889207215	0.3619476974229076	3.654654366281544	1.00411269531586	0.0	0.0	0.1605540592582795	0.0018988299577033518	0.034589367397757864	0.3171013655393926	0.2659326777626447	0.0006950278575345026	0.0198557752811995	0.12277908069465049	0.17867969716770835	nan	nan	0.0016612848778278927	2164.799752156588	2340	7.073394334559412e-05
-0.05285770095017839	0.598882612850668	1.9955888838083458	-1.542504462411983	0.037476556425382945	0.15480632348856654	4.30214890941383	5.658748646891084	0.0	0.0	0.1611514416958342	0.0022272167392591302	0.041135613161116136	0.34910257736696115	0.12105964901654734	0.0007297933588967798	0.02937503675363423	0.12313912611538624	0.5285105690938054	nan	nan	0.0016617595232385624	2128.742375299482	2340	0.0010580541778735049
-0.03877440831664247	0.656057206684169	4.1018204265314795	-0.04815977277471013	0.05567448213881332	0.42692031309683004	2.813973792447041	-0.61399273589473	0.0	0.0	0.1608574739770128	0.011708251243363998	0.06381142351027963	1.5001964871447788	2.167724984821881	0.007416296033233238	0.02071780213909366	0.9805518582718695	0.9292950578414364	nan	nan	0.0016609149390248157	2132.3270010731667	2340	0.00019179687705499964
-0.042121822463549785	0.6611486375955504	3.6775037744613694	-0.5630995410374326	0.04897214986657228	0.3872305714810783	3.5306309402550307	0.5186390861171551	0.0	0.0	0.1610832490077048	0.0018920637038148946	0.034933094633969264	0.3254053726737811	0.26740075168385663	0.0007713596527261224	0.01958247416388731	0.13295000133427703	0.16556410677056138	nan	nan	0.0016528076958791382	1995.3518338993704	2340	8.93527437827545e-05
-0.036098902703993185	0.6459081716044361	4.4461411860545255	0.41539735751657475	0.04770527462234164	0.37407010614330904	3.632499738653731	0.71614598506438	0.0	0.0	0.1572250251321335	0.0015109100205336623	0.03720768440411948	0.26119186570129527	0.34297064578472725	0.0006920919402852999	0.01953712989417619	0.12620978094129431	0.16381989033805866	nan	nan	0.0016548177775591588	2079.3035696411193	2340	0.00015553017340645217
-0.033810392881045925	0.6320612855454619	4.674786738391122	1.126104690894636	0.048244099532097406	0.35549166915132824	3.4256967990546894	0.6513219122358692	0.0	0.0	0.15920162932710819	0.0013489686901049236	0.03798709093694652	0.22751021672741567	0.3739888270450169	0.000682407389834494	0.019139448477030863	0.12391278084064061	0.15771304617678883	nan	nan	0.0016508726118113493	2082.6903046864763	2340	0.00014433289883669951
-0.042143523940844085	0.6801233766542154	3.614002844809636	-0.5954770838552778	0.049488759613398825	0.4004502275725292	3.4736107807256627	0.3678719570919682	0.0	0.0	0.15999264412597144	0.002025201664766385	0.035948125248624396	0.3365841927813602	0.2729355582073829	0.0008140727144619886	0.019610331952446103	0.13774032290511262	0.16324291603224297	nan	nan	0.0016543309310980692	2216.1418197318417	2340	0.00012352629512589694
-0.04249160330613988	0.6882501539449377	3.6914545247150174	-0.6667271670930205	0.04819473498025517	0.3972377473200817	3.68512838395013	0.6288200766073068	0.0	0.0	0.1573001882419845	0.001983020308460537	0.036086871585613745	0.34261089432479963	0.2638171322587133	0.0007602382061859814	0.019856790135090258	0.1317211203607338	0.17002700278648453	nan	nan	0.0016520271773961398	2036.8148129397653	2340	8.88996955120355e-05
-0.041656460994271116	0.6396417906807504	3.5867832924853427	-0.4920188237602877	0.05525716577808204	0.391322461010544	2.6384513352177876	-0.5613483259674384	0.0	0.0	0.16481611848519911	0.002118427454577576	0.03494108341776203	0.3469715073664603	0.3091815684302597	0.0010782928700449057	0.018766875726892507	0.17595207538958135	0.13915949742633432	nan	nan	0.0016605724380255593	2168.6857307771074	2340	0.00013336405760006103
-0.0424957487387112	0.6768469184515543	3.641314261196224	-0.6172294755476895	0.05020547031874267	0.3832700247567449	3.2913581222946213	0.21087518453125265	0.0	0.0	0.15886842235214876	0.0019463234078763159	0.03593578044171314	0.3322595558670103	0.2618039206759038	0.0008272153974226981	0.019385114504030104	0.14149424030862745	0.15952834232760324	nan	nan	0.0016538469441959858	2127.6752853070093	2340	2.6308633189760833e-05
-0.03629452035795444	0.6430962948367552	4.277676643169879	0.4662728239161045	0.05536345054658631	0.3929357845569563	2.572065708936756	-0.6117251586984013	0.0	0.0	0.15950013673250468	0.008331470184838485	0.075265881961121	0.9452307391520887	1.8513618814279826	0.012220010749728227	0.02104531597944484	1.5809890521761338	1.5304376331008878	nan	nan	0.0016664381647921167	2166.5086100015633	2340	5.3538988595332585e-05
-0.038866559360662634	0.6116645576109465	3.78489802146479	-0.09077936192393089	0.040473162908865934	0.2546201653925199	4.1455559191526765	3.2607342100014542	0.0	0.0	0.1573483322844548	0.005177510464482504	0.03891754159890004	0.7021182709807712	0.9146666701566359	0.002081206627038368	0.055676204745314956	0.1566714807302032	1.1084860529841798	nan	nan	0.0015213543488744458	2139.1415972244836	2340	0.004945977496696735
-0.046279671685460655	0.6358068956254794	2.7887107822802237	-1.0678285080122816	0.043258340348257596	0.31333317279028816	3.943849426636381	2.0368623066502205	0.0	0.0	0.1591455797581169	0.002049886888602692	0.03437575316916475	0.32986598962607827	0.18746145117394875	0.000567422250909666	0.019445700786958703	0.10765450600347659	0.20171684309129437	nan	nan	0.0016555422525498242	2151.4313154813844	2340	1.4750026486975136e-05
-0.03711382818251874	0.6267160697829703	4.101221820307231	0.2731674726579509	0.05486171304699394	0.40024677954832255	2.721322934976784	-0.5257187515911609	0.0	0.0	0.15936000961859523	0.0017319755034637119	0.03672219917944003	0.27709480041309487	0.36130105575220756	0.0010055898082438341	0.01863810464569321	0.16715560682885489	0.13226973584593762	nan	nan	0.0016514363390531944	2155.0233821982292	2340	3.3792085634242764e-05
-0.03008110643985007	0.5970815838267605	5.233394711523786	2.420367729464851	0.05547103207748183	0.41419599847145133	2.8024934848684593	-0.6043001810500729	0.0	0.0	0.15798040940639743	0.005964263410521808	0.10672920707761685	0.4823914626376915	2.376049808518313	0.0059871148008422415	0.020849559631475556	0.8142529453026806	0.7727498766018738	nan	nan	0.001656192176152066	2135.272934313958	2340	3.086215978820863e-05
-0.030771856077625004	0.6297399074362652	5.277043784731813	2.1599030351556356	0.043120039656198816	0.3112006266487111	4.0547993867494645	2.198009130904348	0.0	0.0	0.16160890252787913	0.0011696976658198133	0.03902637460511443	0.20875487678060045	0.4301262566814619	0.0005238881363014425	0.018791088365387593	0.10419677845857489	0.19271831738757286	nan	nan	0.0016535795206095855	2172.5747841761113	2340	4.0755137800232486e-05
-0.03258412247804099	0.6436793785138287	4.84562339973707	1.4060870369015657	0.05525979202462605	0.41858031217359154	2.788863586177518	-0.5747619327686064	0.0	0.0	0.16004423731325373	0.0014422529486752822	0.040578193744026436	0.23646242083075064	0.43339929866354987	0.0009883910486839786	0.018728811992606342	0.16610210857632968	0.12576476381957255	nan	nan	0.0016556359906878815	2062.7695717623246	2340	4.1051973340191415e-05
-0.04137408964916356	0.6349720054604335	3.525597890572616	-0.5409035565776379	0.050632039394109984	0.39150031269279184	3.2568821050568717	0.12476966285142797	0.0	0.0	0.15802052035764838	0.0019484489604385535	0.034729209243626324	0.3317959831663657	0.28114216351546983	0.0008485115534231369	0.019314274539780657	0.14439603294074566	0.1564566211572784	nan	nan	0.0016508191835949981	2061.8362240421193	2340	1.305418504171888e-05
-0.031195918341350826	0.6272841880781699	4.982089360775443	1.841676282655416	0.044529131355417695	0.35712793465021614	3.8831910512289776	1.5238181393267838	0.0	0.0	0.16073148679294286	0.0012263635943271511	0.03934185072744356	0.21360345241407241	0.4164435157318111	0.0005945396069266806	0.019368598208880317	0.11164614741969237	0.17663194745788124	nan	nan	0.001665018215001618	2164.8929873632164	2340	1.5822413477262986e-05
-0.04236756571268474	0.6621757431005869	3.532207792405053	-0.6464158855483507	0.05431431569390388	0.4125787409756861	2.8946876887853334	-0.44769025821257336	0.0	0.0	0.16265801165855392	0.0021616782371286503	0.03617018022390206	0.3617963724059443	0.28820645909762455	0.0010507965123383034	0.019025199658411374	0.17259933128678817	0.14529596800920896	nan	nan	0.0016595708124964859	2151.863605543277	2340	2.258512204247522e-06
-0.03739247216930175	0.6431388621936509	4.085634212758476	0.2193188512047282	0.05141870200452425	0.37225897097249716	2.9979228101016813	-0.011939266516515093	0.0	0.0	0.16115730926623706	0.0016583097005828384	0.03643772804334633	0.26662062812552656	0.33243773853896236	0.0008428450373788587	0.01877576535856129	0.14368565781606324	0.14647605408017378	nan	nan	0.0016552439857928786	2067.5818628803645	2340	9.788487382195158e-05
-0.03306437190008671	0.6229309046411191	4.813967274236247	1.406499674846884	0.05558297250165478	0.4442539227018577	2.907292543939099	-0.570935344918518	0.0	0.0	0.16163155649042127	0.0014240043279884484	0.03899613265656671	0.22792179146629854	0.42913278037778296	0.0010012917572702618	0.01863710647561853	0.16493942217008084	0.12463595026798027	nan	nan	0.0016559540632497122	2218.4234282023	2340	3.6291369373135636e-05
-0.042533154924340844	0.6716026891415701	3.4940951735974393	-0.6217336791903976	0.054273704629176356	0.4123281575692378	2.85503584099553	-0.43080345749268056	0.0	0.0	0.16148075067776116	0.002240515482854699	0.035971060138443756	0.3587587944837267	0.29222111662484207	0.0010642948785174466	0.01890435842446958	0.171013452388721	0.14583840449456997	nan	nan	0.0016605057022852088	2078.8379770809797	2340	0.0001500658281420705
-0.042746121057825937	0.6510222298478674	3.36601434225269	-0.6166796308370979	0.05542978520075992	0.4048365784480096	2.7194164967488788	-0.5784647358109987	0.0	0.0	0.1576157753630804	0.0023157803443185077	0.0349478309687723	0.36113729687328444	0.29922599001626354	0.0010905240437261154	0.018896877819008756	0.17836790796311952	0.1394914523213192	nan	nan	0.0016461891099640025	2103.480734723841	2340	9.007502316003146e-05
-0.03506241375188701	0.659293556722105	4.659797505269122	0.8197749178396965	0.05542915840542162	0.4189413664992387	2.7502575046632014	-0.5951946349338494	0.0	0.0	0.1591310543821878	0.007265109495731281	0.08049633358327596	0.7763313261336187	1.8254895833476734	0.01042990090465501	0.020742337363425706	1.347922200044109	1.3110583535511373	nan	nan	0.0016627962352698117	2032.7976933744271	2340	6.986627650276572e-05
-0.035087660514312446	0.6291216473947354	4.455824776718171	0.7756157495893068	0.05530614687362201	0.3908426619816458	2.5596789818154098	-0.6001549261549753	0.0	0.0	0.1581193906730603	0.006055887345373434	0.07010109722538682	0.6566205870890864	1.5132562665218101	0.013318557187907976	0.020631152771806605	1.705357283624387	1.6732146858722157	nan	nan	0.0016581051169632377	2104.832053364171	2340	4.370160804407655e-05
-0.041689990928349574	0.622512588068288	3.2897015277128183	-0.5725335168427312	0.048936975329867405	0.32848435618197097	3.174433885161738	0.4738083933839627	0.0	0.0	0.15598424096066324	0.0019025038287365237	0.03425756120671436	0.31551759294288684	0.25873841753879173	0.0007357996137706824	0.019229770858468	0.13110734942684155	0.1655477552858668	nan	nan	0.001645674588614171	2202.6942943941067	2340	2.230747094463927e-06
-0.02719724041539162	0.5786179007591867	5.439154692983057	3.6458735025045996	0.04496586117034651	0.34415678965578167	3.8067384636181467	1.4367349624353416	0.0	0.0	0.15918216485489806	0.0010088970904482686	0.039586486154391975	0.1943098461551247	0.5090194361140635	0.0005777597210032681	0.019052741629366515	0.11101792847635283	0.17113049668390454	nan	nan	0.0016598594764942742	2082.342789898687	2340	6.994607392962777e-05
-0.0406549461826573	0.6375064793580985	3.510478610762904	-0.3718470306673992	0.05003068083273532	0.3706785112922068	3.0956994964003046	0.22372512468019573	0.0	0.0	0.16063966534219154	0.0019453554265178585	0.03493718910106802	0.310678990956895	0.2918403240545466	0.0008324879374113081	0.019091854299821687	0.13824168459539776	0.15742485634388437	nan	nan	0.0016619859005003595	2016.6692969289927	2340	8.365157571539347e-05
-0.04047012311355558	0.640479271313418	3.6270931742228187	-0.38256544786717284	0.04468447516023244	0.34509037698385503	3.912040335274339	1.5205302047170115	0.0	0.0	0.16229909002825715	0.0018024149248673793	0.03442838105251583	0.3014686425808859	0.2776794478391427	0.0006276920359280513	0.019995971224055276	0.11634503221787407	0.19254433346027428	nan	nan	0.0016695070846860643	1982.3578366183663	2340	0.00011510818432605261
-0.030530904227179634	0.614539413191336	5.083163143287619	2.154438712589343	0.047699929240597294	0.37082247709460636	3.6437728259638935	0.7951489588414796	0.0	0.0	0.15983905100141363	0.001184720851327259	0.039412405059500166	0.20857410172631852	0.4348544680454216	0.0006565379505431013	0.019132028326276446	0.12123492732560415	0.15796657875702408	nan	nan	0.0016503246696178697	2113.3344616337226	2340	1.3591179056214403e-05
-0.032665142997921004	0.6493139052645964	5.026312686208925	1.501727705345588	0.04778258165881266	0.3900356356562529	3.7428926704599985	0.7720985058788767	0.0	0.0	0.15939776303205877	0.0013006714280289766	0.039037846381954844	0.2224952365327426	0.40102191551743444	0.0006769184957532426	0.019335176705573526	0.12358676328626439	0.15905648138175993	nan	nan	0.0016486047530331338	2011.1981968204077	2340	0.00019177848747823349
-0.040248355921739476	0.6277546049070446	3.5782352068118617	-0.30985409493370303	0.05552895178196526	0.385901972351187	2.5654430152078334	-0.62094230677543	0.0	0.0	0.15921706800805915	0.002056198890446337	0.03496744789646539	0.3243013303945279	0.3245489575379221	0.0010823548397350669	0.018747107099308935	0.1782516497648896	0.1360333746088084	nan	nan	0.0016494279667080003	2062.967223961852	2340	2.350396634026838e-05
-0.04368867390847464	0.6624297391474432	3.2278335488634364	-0.8105685778288894	0.04531383314642934	0.3581670107069326	3.8414420509063563	1.3479366052852824	0.0	0.0	0.15885579193133603	0.002038457159410423	0.035079958919650045	0.33587585000497966	0.23391354111851118	0.000655407936009933	0.019909796049553258	0.11731777995898462	0.1870760736022257	nan	nan	0.001649335407505656	2059.2978750945604	2340	7.450160142017349e-05
-0.04187591226576459	0.6454343442602388	3.5395442475186933	-0.5841583712956971	0.051148544087149084	0.37975188215622435	3.120038909571111	0.03086466075178022	0.0	0.0	0.1596236338909393	0.002003666055058473	0.03512811618468781	0.33983112755863387	0.2803526471604784	0.0008653479467063407	0.019054973063583336	0.14651232745072607	0.15463899291759317	nan	nan	0.0016584679130968588	2025.3801166346434	2340	3.5668168372445135e-05
-0.043633788053428546	0.7136218231939606	3.7149906976004305	-0.680133237679529	0.048182050883346816	0.37371278085952503	3.5141869901816025	0.6712257951537004	0.0	0.0	0.15988697005741065	0.01064725480783607	0.04050831969658719	1.482735229616794	1.3463108663501366	0.01125378572464264	0.10832737473782411	1.1179916567940698	2.569163546854273	nan	nan	0.001659452384522045	1986.433242923636	2340	0.00015754393636563136
-0.04217486669414139	0.6203706515156965	3.3594880538397707	-0.6075699336460196	0.055055629500337266	0.37293693516984033	2.559593615416273	-0.5788045923076158	0.0	0.0	0.1625563007056839	0.0021108698320719266	0.034836239690370585	0.3516219764139299	0.288688210551274	0.0010712972309285806	0.018860697295093404	0.17900204072418924	0.14075209485290494	nan	nan	0.0016625892815397142	2099.1233550030165	2340	5.7110128754904335e-05
-0.03234758888724287	0.6140475090426558	4.803873925190428	1.4359048689639897	0.04837337777889772	0.36672963620136456	3.5180434061897237	0.6111931309324585	0.0	0.0	0.16061329754404927	0.0012917443231841297	0.03879370380454117	0.22361532767145098	0.4023764199224179	0.0006813348144055764	0.01913232000507048	0.12529423947428664	0.15583801923247728	nan	nan	0.0016597152542421612	2007.8726316025877	2340	2.175270724669619e-05
-0.04258611899063225	0.6596015407307689	3.3976244819323664	-0.6860715790772874	0.04773883108423793	0.39826883717339356	3.6998726653543064	0.7067913429638039	0.0	0.0	0.159219784819243	0.010533574301438309	0.03979695477160872	1.4923415053234863	1.3494543084059063	0.00878193114527992	0.08570643885041149	0.8686018484156959	2.008898887991857	nan	nan	0.0016657035249338092	2075.9172789019353	2340	8.468606650795239e-05
-0.043312113810489716	0.6576334865337701	3.4002110615482346	-0.6675765975574642	0.04519813729643252	0.3628137701276808	3.844620312053608	1.3807526559042187	0.0	0.0	0.161858317997441	0.001989987235937629	0.03397872031149907	0.3238386296720299	0.2509850439643704	0.000656606215008626	0.019904732683999837	0.11685370721301136	0.18649592852195604	nan	nan	0.001661088386877979	2068.939272341483	2340	3.5243910444849714e-05
-0.04211814156563476	0.6213088452060185	3.292439086094774	-0.6284966147398245	0.0523584296474886	0.39092109267652514	2.9982795612258255	-0.19183084257481853	0.0	0.0	0.1599293251823661	0.0020781874638655107	0.034618613043705615	0.3440966326568784	0.2778517669982679	0.0009416549647681682	0.019073173594622295	0.1582164957497354	0.15096902683461347	nan	nan	0.001658389984720704	2003.3327856813153	2340	0.0001821716769566946
-0.041523738546995426	0.6587284683798026	3.75173149585988	-0.5125866064424914	0.05247769779915301	0.4179032607685521	3.2762836689499086	-0.1486085228274184	0.0	0.0	0.16035473030357403	0.002021799745509867	0.03531720686562323	0.3436938578773372	0.2990919264942965	0.0009140019251607789	0.01922886659276385	0.15637218872866665	0.1498374589886265	nan	nan	0.001649184396396594	2125.902412586649	2340	7.743693302010091e-05
-0.04644190734649378	0.7106315015428529	3.414439124268378	-1.0643836257178492	0.046258902163634597	0.3466813651060843	3.72789030751729	1.1146256770371243	0.0	0.0	0.16001065345637083	0.002060399443796268	0.03679547769366176	0.36074107323367444	0.20685818979120021	0.0006633081214131309	0.019874358273308024	0.12095608620490772	0.18252736244354784	nan	nan	0.0016595985405722102	2112.224449905813	2340	8.835753272421574e-05
-0.03028844033849687	0.5940056078116009	5.163117568387273	2.3305928471299766	0.047163325633134745	0.3536289986342036	3.7357758376644195	0.9702844876043059	0.0	0.0	0.16088354387539325	0.00113970813772174	0.0387048441646104	0.2043398614209413	0.442478022642574	0.0006201598833134314	0.01909321188477439	0.11835206237144047	0.16282145622976468	nan	nan	0.0016510436221972707	2106.265434154697	2340	2.289131083479195e-05
-0.03311402902998861	0.6153275030085038	4.639978894269014	1.2800338246917518	0.0440468506196241	0.3563856052652735	3.959794491552419	1.6835837605729962	0.0	0.0	0.16085961021816528	0.0013014483334578553	0.037422615965199135	0.217556266396429	0.3794171909309356	0.0005897052249168588	0.01945871058760182	0.1109622475265315	0.18237205921172098	nan	nan	0.0016614663705217941	2064.976840691665	2340	6.3460014285713055e-06
-0.0341959353183916	0.6227169630456373	4.387674235520139	0.9337513856727333	0.05552226135070937	0.3777617359970742	2.412578740674572	-0.6264437898639338	0.0	0.0	0.1569872271450684	0.007608559650049973	0.08950911018671681	0.7712898831186408	1.978864227376628	0.03182145338468845	0.027323682945773725	3.5202044941278103	3.8754138147939545	nan	nan	0.0016578069266870443	2183.9435045521172	2340	2.6842165997737e-06
-0.02416904979533585	0.5004310472417061	5.5643839596886915	5.541587763417363	0.038120999831626534	0.22954606460796645	4.4145401252736365	4.474345460030459	0.0	0.0	0.1584080754136169	0.0008469187898854647	0.03733430008387309	0.17548043812479763	0.5979437090565346	0.0004279500248226542	0.016213779903038267	0.08812954441833698	0.23805908203218026	nan	nan	0.0016563935353616083	2067.6354233889233	2340	3.600634054099414e-06
-0.03519249598147922	0.6641207772516036	4.61963060769882	0.7602339623881262	0.04877181727334867	0.4248390107945504	3.6428853708644002	0.46381810975438276	0.0	0.0	0.15881782309648512	0.001482612902540481	0.038031182646145134	0.24366987133005713	0.362477976812417	0.0007627587698111338	0.019503427459112543	0.13218568176639933	0.15506449787783144	nan	nan	0.001661240224649016	2103.3332978914827	2340	3.363581265423212e-05
-0.0290366698050184	0.5900226830026589	5.124481022403891	2.711994232540507	0.055224295715452065	0.422446212989799	2.7980462151957286	-0.5418392645314447	0.0	0.0	0.16050867659734058	0.0012248287599311292	0.04113325135409357	0.20837659754821125	0.5125790675850966	0.0009607359266718962	0.01842252589105059	0.15998405734041876	0.12216838331628666	nan	nan	0.0016493799531898945	2045.6629679644323	2340	2.857809120159127e-05
-0.04177983907091043	0.6449168685717865	3.538016892623191	-0.5328464049315584	0.05552201589992767	0.3810175683312093	2.4847410470695386	-0.6162459205126919	0.0	0.0	0.1599786879276074	0.002188637992325937	0.035152359786619125	0.355561979212381	0.3100658331470208	0.0011161143306355203	0.018657622721737932	0.1789835335508907	0.13791330505592897	nan	nan	0.0016561314526830628	1992.1768186807114	2340	1.4215860853921649e-05
-0.03453251320315209	0.6549265525177217	4.663684095391226	0.776396488620096	0.055445155713133465	0.4218155170789516	2.8147353788680327	-0.6072352986874862	0.0	0.0	0.1585924369781027	0.0015886986765450417	0.039627886907019017	0.26037707192437054	0.40394875438282957	0.0010078519312165524	0.01886393494504729	0.17059341182358523	0.12744596873954356	nan	nan	0.0016524928198477645	2045.2747226745712	2340	2.0754623285883888e-05
-0.04195099275528047	0.6879634715933827	3.809256943020187	-0.5427008579865822	0.05533929913346847	0.44128254274164697	2.990547317119361	-0.5737755597282587	0.0	0.0	0.1581343117182359	0.0022104820759479837	0.03622687600825325	0.3638805634810922	0.31408226068257106	0.001071366242509697	0.019185123659576447	0.1785507923143066	0.138475220237448	nan	nan	0.0016529641546776802	1992.7785701851167	2340	3.7958826839538404e-05
-0.04221237667815925	0.6394893792150473	3.3787922742291854	-0.6120171321177446	0.047177810147364774	0.3811501847775596	3.7251548119699525	0.893390009876143	0.0	0.0	0.16013004915621104	0.001979057578662513	0.033819677239033785	0.32511915214111564	0.26419691940013185	0.0006996634030620452	0.019660817176596124	0.12405076108749125	0.17107048049208054	nan	nan	0.0016499575319186416	2091.5110386170927	2340	0.00016543977731163628
-0.04149752320323752	0.6572056054427844	3.6175623186105343	-0.5196820113342545	0.05121169920829094	0.37718652680273207	3.1637191354213554	0.02459198999920343	0.0	0.0	0.16019443000302716	0.0019506113208275777	0.035230922848942414	0.32754634896529145	0.27934543412348223	0.0008514960150611817	0.019259327600786386	0.148475671498413	0.15475330956647368	nan	nan	0.0016601465765389845	2008.1044023698507	2340	1.651705015584794e-05
-0.0468191988302068	0.6474402060926094	2.928804405548852	-1.1382432017323507	0.045668873437013424	0.3539373138197012	3.8178618850275443	1.2941476759760815	0.0	0.0	0.15877286055129103	0.002075294927340765	0.03539811044948282	0.3514050832727518	0.19011524395220716	0.0006498201466350606	0.019784011157835235	0.11775231534083197	0.1841062607455319	nan	nan	0.0016490949461788057	2068.000641565174	2340	6.534294367132159e-05
-0.03562983430284983	0.6333073399523051	4.546408427392926	0.5961565711007999	0.046269176031838555	0.359346694072875	3.8428599981748586	1.1239940039656242	0.0	0.0	0.1595566712840872	0.0014374479722855105	0.036790021379906834	0.24874706609052266	0.34886160981786124	0.000633549803946476	0.019560153153985238	0.11911895778138604	0.17353302432310458	nan	nan	0.0016599266125936624	2112.9060031386807	2340	0.000183176036884688
-0.04252984959494854	0.7049756052685177	3.8257088987488332	-0.5959819853638644	0.05574879969322977	0.42162988596321005	2.7519407484301506	-0.6082272006149329	0.0	0.0	0.16120844452723299	0.009133064881033659	0.03903305435692467	1.3015634561395995	1.2508355773795614	0.010907324836852528	0.02093283391049483	1.4039235372025158	1.353646257005743	nan	nan	0.0016581246970079483	2133.4417598567743	2340	0.00019751605728621165
-0.0291920386701493	0.5924195703581876	5.330590149691789	2.702065178922691	0.04116446660120254	0.27158676466331827	4.17608086141358	2.9996924131174882	0.0	0.0	0.1603096431413894	0.0010853337677330654	0.0387290508868135	0.1993578619641978	0.46142745353884096	0.00047289003582628997	0.01789667469647449	0.09694785530952821	0.2104890183454946	nan	nan	0.0016562425691152155	2063.02389359334	2340	4.587409862631919e-06
-0.0420092952218577	0.6668821259625021	3.734215893826567	-0.5574029170041586	0.046270721994205344	0.3791459174861494	3.9312426423846376	1.1530173590760324	0.0	0.0	0.15894407114554726	0.009297592775370345	0.037641096291388454	1.3468856399163378	1.3361135555548314	0.010652453932317285	0.1314088131737256	0.9569156189589794	2.873402302447275	nan	nan	0.00165998867583457	2028.4943512485238	2340	7.592217593043633e-05
-0.0295293779124437	0.5823348423961747	5.122242208572647	2.548928972632256	0.04518878998029785	0.3292503947341449	3.797858222513856	1.4448975816640257	0.0	0.0	0.1585006009291967	0.0011046070552932497	0.0387341784930712	0.20024418166060132	0.45152251048230535	0.0005706738295022662	0.01899956427204369	0.11082336114313796	0.17414441110298723	nan	nan	0.0016536441279061814	2119.1999946030237	2340	2.1937684876496827e-05
-0.03768282698541292	0.6362807265339818	4.04822749972265	0.196614928943183	0.05590655146536272	0.4035144500521557	2.625907835095277	-0.6385851387100792	0.0	0.0	0.16199095413177522	0.007606061873638659	0.0595308314604317	0.90888083864365	1.517568547692608	0.009411721344261603	0.02124179345387575	1.2336436909210224	1.1565761922419728	nan	nan	0.0016620400351889386	2157.333018334024	2340	7.736205070892646e-05
-0.04247415185315895	0.6674936900926348	3.5986700108064094	-0.6320214915730894	0.047859763005247524	0.38964722424941567	3.685752798889302	0.7143533043897257	0.0	0.0	0.16315932492697668	0.00631213798521546	0.03880139143890271	0.9292368217845997	0.8540529245069829	0.013164740709855738	0.1281253512923952	1.2998654876639124	3.053821900142425	nan	nan	0.001674697443008591	2070.867021931668	2340	0.00014182001921109137
-0.042310048655554655	0.6425531493926646	3.4930538736588277	-0.5951993090460381	0.042563562599321925	0.28229525874100797	3.9940745273201306	2.433891966202873	0.0	0.0	0.15903216297500894	0.004889166481903073	0.033014049024680636	0.792667693337245	0.7152914030534455	0.001919190509274027	0.04595401288627038	0.16808912337638549	0.8440357605213896	nan	nan	0.0016510317274472663	2078.009648503863	2340	0.020333891932610218
-0.04221318194703838	0.6604026983583073	3.5600425326661043	-0.5996733312258692	0.0540422578016837	0.4073520184066023	2.9029681438316635	-0.42721823117891455	0.0	0.0	0.15830345826050757	0.00203693728809734	0.03588895678857007	0.3429413196349336	0.2773443134141492	0.0010262967216546626	0.019093581655526826	0.17116251512791059	0.14504940658107526	nan	nan	0.0016572879250616734	2021.6945895442022	2340	7.449522412733527e-05
-0.034737145167135774	0.6549404864982937	4.753645466877488	0.9463922121473171	0.04876755846283376	0.378986484395911	3.489794774344613	0.5382471526376045	0.0	0.0	0.1600474604955584	0.0013970979407271211	0.037738492169793914	0.23310747720871872	0.36455778708580894	0.0007144750348732076	0.01919707544517374	0.1277552729326743	0.1554855093490007	nan	nan	0.0016561133368826059	2199.353526672213	2340	0.0001454309414142131
-0.03820062333970786	0.6707281562639913	4.344202655622534	0.09951435005519368	0.05434843447981974	0.3942218171947114	2.823858721595328	-0.4436107905429406	0.0	0.0	0.16084381504636064	0.0017685481109738777	0.03725666840101999	0.293719499064669	0.3475579594687593	0.0009637399545313619	0.018733563857027208	0.1640178011193998	0.13568617657420357	nan	nan	0.0016548835484161	2247.0872246271583	2340	2.3535357209265155e-05
-0.0327026691619865	0.6425255350473834	4.872576398011848	1.426844862873782	0.05491360309608684	0.4270035940535019	2.8582917562265244	-0.5134605610838968	0.0	0.0	0.1612809610380681	0.0014150181819001517	0.039830667750070436	0.22889124129928895	0.4262329827456944	0.000979052689686899	0.018579569557050035	0.1622223281812345	0.126988226187118	nan	nan	0.0016568159133273086	2010.7408252704922	2340	0.00010212312762066829
-0.04860781196317354	0.6151601422921457	2.497886206874598	-1.294902946369726	0.04455056327834961	0.29486689413792744	3.7693969945935546	1.7337936970975092	0.0	0.0	0.15955208240185326	0.0020228167062131264	0.034571497551331154	0.32478362722828	0.1509978568838427	0.0005642803804016827	0.01911225720417195	0.10886088931262772	0.19328746229315988	nan	nan	0.0016495330045532275	2263.0818817659533	2340	4.0821762915417216e-05
-0.03599495068742131	0.7594472172259478	5.15480276360763	0.610172336084828	0.053847403737974364	0.4308950362806456	3.143459352775456	-0.36612499155677874	0.0	0.0	0.15960854531732926	0.0016495100080368696	0.041108562745139465	0.2735881993540925	0.38067859499697904	0.0009346974567111532	0.019157161718519194	0.16148566575926182	0.1363612303563715	nan	nan	0.001655496855544697	2178.2055412251652	2340	0.00011385390061443731
-0.04366163817626556	0.7292206369913206	3.8542091420048887	-0.7246829893947488	0.05555635063383302	0.4559689735618782	3.0366084480205613	-0.5835802754967265	0.0	0.0	0.1597772527657079	0.01459101286184783	0.045281550295500184	2.080141223739132	1.8563495439237698	0.014365272807055463	0.020940461697475127	1.8374306650824708	1.8292003999341666	nan	nan	0.0016608549247611737	2132.8567615226066	2340	0.00018345811621111482
-0.04319407933781094	0.6857006858489291	3.542501862413052	-0.6537464519778108	0.05537342008552848	0.4288053549728016	2.827835114188143	-0.5743276042182234	0.0	0.0	0.16024315308246495	0.011411474655403098	0.039186724569009124	1.568201425024969	1.4547883889342006	0.016239088973899696	0.020487322320432932	2.0349971471204533	2.05833645332955	nan	nan	0.0016615322703744245	2165.0925945519357	2340	8.596183708088196e-05
-0.029578332843068544	0.5780685502434197	5.006665700696612	2.5522323946780645	0.04856208022794428	0.36727676180996827	3.466129625571406	0.6032546416033202	0.0	0.0	0.16111322428304167	0.0011251429582057604	0.03879830775895149	0.19794298204509797	0.45448942998184755	0.0006760446674805021	0.01886823779212718	0.1232872691245881	0.1517323914077889	nan	nan	0.0016466305048746244	2074.9693549690273	2340	5.139296658579372e-05
-0.02222427371524216	0.4447287385248442	5.569900651470034	7.097013882570365	0.04319680760811995	0.33419965539728946	4.107381950828336	2.1240634014776365	0.0	0.0	0.16260036024512953	0.0036107632876162254	0.1078815051970321	0.2068980714867057	3.259707704310846	0.004471925857369885	0.07657957091546003	0.33879661172486797	1.5794857340751887	nan	nan	0.0016650488213615228	2130.144543657961	2340	0.0007768430685379641
-0.03856642901489249	0.6304817344377922	3.9230656467443485	-0.01489941866794563	0.055229428138951375	0.4128522280301237	2.7675250892063823	-0.5805713536000279	0.0	0.0	0.15923740484646776	0.00862949818065295	0.05408118057503625	1.1011355912771996	1.6068094595252653	0.009959260327587871	0.02032749570713821	1.3071616052931279	1.283924088036491	nan	nan	0.0016621512792355103	2027.5497451451874	2340	8.254442781036201e-05
-0.049885893335348874	0.6337813244063897	2.4399630587508407	-1.3499867596544752	0.04530803511020398	0.33998464146588553	3.7561576406155384	1.382614602275221	0.0	0.0	0.16056876266766074	0.006355169157830409	0.05982648760899345	0.9143336024064673	0.4314917594788079	0.0076377770930554645	0.10755743949555349	0.6612590194205183	2.2630055481405833	nan	nan	0.0016687325199472441	2056.6372404388376	2340	0.0001453784788973392
-0.0419315008586566	0.6599365940969486	3.6486443949862886	-0.5511429156291929	0.04822509627434268	0.38887729702953905	3.7042798832093684	0.672310084450411	0.0	0.0	0.16058284533058675	0.0019163958012184401	0.034888832010035675	0.3255269728279584	0.27122841274339976	0.0007427824400723093	0.01980126081657929	0.13065235437560974	0.17051666288918388	nan	nan	0.0016538931253167188	2154.089000730809	2340	7.409269097434736e-06
-0.03763677882248284	0.6943615437829955	4.578354731175543	0.30524692231570677	0.056343143981328225	0.4263713271135622	2.7627592854539507	-0.6660588697968786	0.0	0.0	0.16300909020901277	0.0017906754953732618	0.0381090138767774	0.28349042905007815	0.37205108051092495	0.0010682575231200087	0.01888427150077554	0.17598065449555222	0.12827617607093691	nan	nan	0.0016570647894080526	2048.023306076465	2340	1.3809333929809473e-05
-0.04171781048580958	0.6437750436724069	3.520546466210757	-0.5441328699048181	0.054231775871260046	0.38568792855146256	2.6990864856253265	-0.4611272540652048	0.0	0.0	0.1593570448997277	0.002092735661329115	0.03507543135622698	0.34515763167642044	0.29531867095283126	0.001036113363621749	0.01875945168070503	0.17049830185729453	0.14287653944426967	nan	nan	0.0016586044164373648	2159.9974562685397	2340	5.924028622461894e-05
-0.04163275983764958	0.6689617668113261	3.7743572010161857	-0.48988886912933577	0.04786678362310948	0.384981065751266	3.7061398380259187	0.7460787807137235	0.0	0.0	0.16392182118316684	0.0018959583433236227	0.03498792863332917	0.3215805924541786	0.2782127373879109	0.000732162257084501	0.019842398194812483	0.12894114986692062	0.1720019252201495	nan	nan	0.0016637654891363818	2045.7631533763804	2340	7.11008579793223e-05
-0.0322022085946454	0.6228481457000337	4.908330670750913	1.5395621310228231	0.04518689683784083	0.3588177165507314	3.9849333621134306	1.4184343522407918	0.0	0.0	0.15904214409627562	0.0012490345851640106	0.03837554047633385	0.21729348289384776	0.3967444480588683	0.0005977239467263029	0.01948513344779998	0.11477454768352091	0.17672676686965375	nan	nan	0.0016551871415023955	1929.4579928697033	2340	0.00010629367567527743
-0.042850978061464984	0.6503341067077654	3.2629946251586093	-0.6811032507809939	0.05479086427322244	0.4133186335765815	2.7263932667257533	-0.5198465090106869	0.0	0.0	0.15907903051928235	0.002314247782042367	0.03523752503382982	0.3633942365015015	0.2863938939651108	0.001109409841059561	0.01881600533316599	0.17514685579712808	0.14233183667810573	nan	nan	0.0016580569378987636	2070.298087142408	2340	0.00013376412230518586
-0.05501129381941361	0.5410887425381574	1.5329582160594746	-1.6045309286290865	0.03942085149387187	0.19728595159076234	4.168797436687128	4.229888497852766	0.0	0.0	0.1582307392496995	0.0019512773367368896	0.029059839540292343	0.22204529834946274	0.07377935491141992	0.0004367427343558994	0.0156601617269764	0.08616016663430104	0.23917431898271138	nan	nan	0.0016394166984768782	2215.168644888383	2340	0.00015629180673944757
-0.033451942826396186	0.6538998370088356	4.913070243190246	1.2214760783428276	0.05546817522837655	0.4180833289529366	2.784709013755257	-0.5938440491375645	0.0	0.0	0.15853279520864574	0.0074958023027419385	0.09724917152170165	0.7419601812193566	2.157211342630389	0.0060737836105488885	0.02071750716148632	0.8086083449337527	0.7734531433116125	nan	nan	0.0016545032200561832	2111.8643004525547	2340	6.1131603285651135e-06
-0.03671578331277414	0.6269518657752559	4.1428963560860135	0.31428071072782177	0.05511762928764119	0.38949670705507283	2.6344139629611822	-0.5891003872042443	0.0	0.0	0.16128984566160534	0.0017311009596422955	0.037046109686902806	0.27581187754135983	0.3695638702173705	0.001013284845766016	0.018711590863525168	0.1712518946855508	0.1309027549924846	nan	nan	0.0016638174883967516	2131.899952193008	2340	0.00014878029231384047
-0.042532078407809815	0.6536127738460566	3.450569804186332	-0.595426605580805	0.05254952858164397	0.3708582478622075	2.8602773416053298	-0.19997179344280466	0.0	0.0	0.1590822977465493	0.002103888458799108	0.034807555202210405	0.33905800092473815	0.2793862042921237	0.0009331442955240465	0.018881147671496956	0.15669149424061501	0.14965037920496582	nan	nan	0.0016529594236050632	2127.163235559316	2340	0.00015759283677580863
-0.038144426022990396	0.6479907744559469	4.1263730947328545	0.046086072924929104	0.042946466239572434	0.3183772703227302	4.083916184120358	2.1852483781189678	0.0	0.0	0.1609346730730651	0.0015918513535480017	0.03526923168569451	0.27064018692232783	0.30629301353931554	0.0005584457398513099	0.01944168171252869	0.10749097150395537	0.20454535611550906	nan	nan	0.0016576427878624844	2232.4507976443065	2340	2.9472413171550357e-05
-0.03180372352049399	0.6321418069419558	5.022066433092853	1.5789025214346006	0.054351215863372326	0.42379489081498906	3.0397608133034817	-0.45757024525841855	0.0	0.0	0.1576294664278836	0.0013475897924770663	0.04039167195830973	0.2296704914533132	0.43792700147630614	0.0009157933580812294	0.018828531101150903	0.16102508458194165	0.1288070419812035	nan	nan	0.0016508404460131298	2134.946519425073	2340	1.0102333617934139e-05
-0.030958133946475508	0.583577052169646	4.8830415297292005	1.9997951304072328	0.04288624714739475	0.2796380919760168	3.882387202313598	2.3182712715710165	0.0	0.0	0.16125523557612279	0.0011535085176185844	0.037522853392473854	0.20132652881565027	0.41449992604009883	0.0005050159119907027	0.01832667421429235	0.10059988985618706	0.19640962110287807	nan	nan	0.0016473505044421605	2118.861351022852	2340	4.29393193771986e-06
-0.048844380424493794	0.6695020255317705	2.7982570747581126	-1.2610898969375295	0.04445725482730767	0.33400587153331324	3.8775217621846165	1.6418937215606664	0.0	0.0	0.1606936581801688	0.002066481048317803	0.035671014332375295	0.3353584568998498	0.16061191973599317	0.0006020073223755862	0.019627925326104773	0.11266572280115428	0.19057932953332005	nan	nan	0.0016552182544068705	2015.0624109749417	2340	5.2468812039344275e-05
-0.034708533525443674	0.6454407408732805	4.5406366823101845	0.8063416871612407	0.049236030563387656	0.37649823250773945	3.3686467388180166	0.41318206923539463	0.0	0.0	0.16358906252012612	0.001461240544179454	0.038346725621513644	0.24396302723566166	0.36732388166143465	0.0007388551467494286	0.019194204877178517	0.1308783166380234	0.15351662793792334	nan	nan	0.0016620093963138488	2193.4962663109677	2340	4.594452284694154e-05
-0.029454395827794966	0.590183570904729	5.13610750582756	2.614849022715595	0.049847129984341265	0.3637586761105466	3.2531690749871487	0.3101547256626811	0.0	0.0	0.15835275445554617	0.0011334836180751928	0.0395013605744613	0.20234200612582942	0.4640087749111082	0.0007118188665663494	0.01872179059921747	0.1293655254772048	0.1445063927606007	nan	nan	0.0016483122824100388	1963.7875986675283	2340	3.8678691682300524e-05
-0.04252091176154027	0.6313674108560496	3.2998800953928678	-0.6058016364834811	0.05492856176459826	0.3928224403447796	2.654974909453186	-0.5545763306198921	0.0	0.0	0.15904789881895856	0.0022480791222142527	0.0345658902509971	0.3547487080630849	0.29551894052986377	0.0010942720569000475	0.018817921287471118	0.17817276711558905	0.1425469685676864	nan	nan	0.001660197231233576	2093.4004580388646	2340	5.0583659389874374e-05
-0.030813708914961713	0.6280831505646155	5.284516408463443	2.1291967575984914	0.0461759536269013	0.37064283131207004	3.9149802888348684	1.1805594897991276	0.0	0.0	0.15966436810327667	0.001175556737268213	0.039193988460822116	0.21058782540851118	0.4315348669180887	0.0006160947341509182	0.01934031772967179	0.11684966168263156	0.16796672373339383	nan	nan	0.0016549209598878956	2163.3172069092334	2340	1.1212418791875221e-05
-0.04752747530814827	0.632122147657505	2.6011710186235364	-1.177948568233049	0.04615026622245422	0.3400669743106847	3.6055460368659986	1.11899301729403	0.0	0.0	0.15863903638000038	0.0077248907072270945	0.05784657341115301	1.0993521859072526	0.6278878439371439	0.0072264410558915415	0.09208179552854082	0.6754812275129276	1.9859671823120555	nan	nan	0.0016612910980233764	2039.5191678178016	2340	2.288043907288504e-06
-0.03140289716521205	0.6331420916184879	5.105223427491698	1.7643625911879353	0.055423334849818096	0.43292829120335413	2.9087815622447617	-0.6018817254300607	0.0	0.0	0.15844042089301336	0.006276698015700688	0.09984752146871367	0.5652246271435808	2.1330800521749973	0.007775361988993534	0.0209004911227903	1.0415889041598123	0.9982075225458912	nan	nan	0.0016638141672888213	2135.1989049197546	2340	0.00017855885897273332
-0.030581263773627576	0.5810218109684808	4.9897542229801735	2.2251642096048054	0.05584577692542991	0.4306717785984883	2.7860851785691363	-0.5998545870433911	0.0	0.0	0.1613422390999314	0.005179513236841571	0.09066589597434527	0.4434909891954488	1.9673842754598199	0.004917756023980591	0.020524651896691726	0.6402082626018999	0.6044743101509549	nan	nan	0.0016589391441992202	2081.6824708308704	2340	7.605194697438906e-05
-0.042467580144419204	0.6691669206259285	3.5414814057056714	-0.614719813831769	0.04779234373334207	0.38397547730996007	3.676948607959808	0.7570472044720691	0.0	0.0	0.16202990712844562	0.0019455591431642438	0.03538438517729087	0.3259703553581106	0.2581203507286073	0.0007377514328210655	0.019873485479424857	0.12848704693809698	0.17295730095320946	nan	nan	0.0016552189938845163	2121.8106423572417	2340	0.0001581398130819012
-0.029587255769179532	0.6063660513669773	5.223886270881769	2.5355296673395276	0.04220412239251714	0.3404738153453153	4.157217450814163	2.275552477862913	0.0	0.0	0.15976721490485432	0.00111399828199793	0.038894774146178146	0.20008091806511175	0.4479134966164411	0.0005337749403843128	0.019130301276572947	0.10523250017745145	0.19239037747839596	nan	nan	0.001661342996433765	2119.100989250012	2340	2.076666092200411e-05
-0.04753301519606379	0.6346833859372825	2.7134263466710484	-1.195515148876814	0.04421576607937716	0.3162448936615784	3.874983840462969	1.768900334568601	0.0	0.0	0.1598715098857789	0.0020461738050456257	0.03486787847854439	0.3348262700377893	0.17083464348109786	0.000581788938950667	0.019435086922226258	0.10999705213012412	0.1949254797395664	nan	nan	0.0016527286343391429	2033.0565021548252	2340	1.796098071126303e-08
-0.042689304714329634	0.6827977174210982	3.6430640251756543	-0.62921989842968	0.05456956563581339	0.4065112213447834	2.800006205433548	-0.4883623556629348	0.0	0.0	0.15938147492129356	0.00222184120130714	0.036113516867204654	0.36425094765362576	0.29511468107328975	0.0010676573600357786	0.018946774242103698	0.17427955982251442	0.14373294922921842	nan	nan	0.0016560818592035315	2098.8223160861007	2340	0.00013393765894592152
-0.04200352020454956	0.647567116773687	3.6141320786970037	-0.603241480515894	0.04551151805428222	0.3135444525588743	3.605723697682163	1.3456034183771652	0.0	0.0	0.15981810734682653	0.00624500659079219	0.03789815152519094	0.9438698150379752	0.8872809173963538	0.013241632425813998	0.1904102389112258	1.1778403224887657	4.04648288206816	nan	nan	0.0016628244585916163	2124.443052644676	2340	5.7394443433344446e-05
-0.03984873350095863	0.6460706498783626	3.7369159009254194	-0.27090997224043684	0.045262917590531915	0.31940829264555254	3.655282680749412	1.389634282264515	0.0	0.0	0.1603600882476926	0.0017743574308770604	0.03492990986707173	0.29414279806457966	0.2878676690630874	0.0006208852508641227	0.019645038084159294	0.11493001675906722	0.187635106876337	nan	nan	0.0016592640274949028	2159.463949181635	2340	0.0001290819438976654
-0.03415520602901079	0.6444390687597468	4.661900038389371	0.914532665463019	0.0459205231753026	0.34630831070276963	3.770038510485181	1.2025613500537102	0.0	0.0	0.15716390251843368	0.0013880387102765401	0.03812095099016766	0.23574656718797193	0.36615890407424206	0.0006184547521704831	0.019454361690097205	0.116966510986658	0.17419536323757312	nan	nan	0.0016540057039124284	2177.3574817020553	2340	9.634370715076175e-06
-0.03871261348566524	0.6688924294746614	4.210497752995229	0.038964749706086564	0.05577127784376512	0.4115914233883486	2.736860911896736	-0.640842969205811	0.0	0.0	0.1604533301185143	0.0018676019719484072	0.03679992664400433	0.29864372581036447	0.3508600023582123	0.0010560050766034168	0.01894046965965135	0.17714260618827815	0.13175432596673048	nan	nan	0.0016587843100557692	2192.8589255964757	2340	7.836349602400199e-05
-0.02504051667641105	0.4643213575403118	5.046943391221169	4.688889582013587	0.039571462024014625	0.25668587000034104	4.27645744567528	3.6118906975254417	0.0	0.0	0.15765294146105313	0.0010246240851555788	0.031120752118083683	0.20917769688550525	0.6660752999733596	0.000997418238889547	0.03681294591839032	0.10349833386704432	0.581626284534829	nan	nan	0.001647795850071923	2036.840435238447	2340	0.07672716669471834
-0.04247266394567517	0.6573338027765298	3.5358920451540854	-0.6384212426352045	0.05515702347802387	0.38063923898091173	2.5985771690169117	-0.5710857399317592	0.0	0.0	0.15901877114385912	0.007453266901466804	0.03838272447560748	1.0914401426065845	1.0060099174526616	0.017346358986515154	0.020244514802039676	2.2250048768188906	2.281257549933809	nan	nan	0.0016539642553319578	2181.085363675388	2340	0.00011654649534068553
-0.04170497134034579	0.6247219474131338	3.453901803891444	-0.5401270862163369	0.05538273252397774	0.3677783011696644	2.484097889019999	-0.6195459912340013	0.0	0.0	0.160154564615063	0.002126261469055757	0.03474124858474248	0.3505190669334304	0.3034589721049919	0.0010797339134571704	0.018756219088327586	0.17990567194669538	0.1381592360138728	nan	nan	0.0016533346752587719	2124.9798165265775	2340	1.207095411421269e-06
-0.02820406456736302	0.5591387523303692	5.0846913225010475	3.0959082521471766	0.04114780429734255	0.29021158341242675	4.140390789459664	2.8450196435175257	0.0	0.0	0.15958802056370552	0.0010367345853288246	0.03813271492727216	0.18720043681679321	0.4733700676354972	0.00048453212997956463	0.018260700708302352	0.09864863947796376	0.2051433212201487	nan	nan	0.001648448392973248	2054.1248020164267	2340	0.0001433216038408242
-0.03193261950303283	0.6009446844641952	4.893510378557131	1.6458066433590168	0.0554794758571695	0.4062395212461694	2.6862313827499893	-0.6015328690574508	0.0	0.0	0.1617079961582811	0.005651914538805813	0.08709959809921008	0.5440048033639968	1.8813818294120233	0.013884657671489053	0.021041129116316143	1.786342768889146	1.7544672785720976	nan	nan	0.0016608480035583267	2107.397078071085	2340	9.396369343740352e-05
-0.03255380370333383	0.6083797679768761	4.6392494761336405	1.4111640906856076	0.04725271134621489	0.38099210117103743	3.6541219414607715	0.819637812815599	0.0	0.0	0.16188149815226352	0.0012974648504813224	0.038125555908065545	0.21778456578018446	0.3931907299055575	0.0006752852905761442	0.019398071380085258	0.12260866980321361	0.16106478922766487	nan	nan	0.001666308741786235	2241.326343254549	2340	3.871774652668492e-05
-0.03141751722572694	0.6126269844452656	4.9458481748710446	1.7915497442618094	0.049160643784397884	0.37507346719078244	3.3971714225974243	0.4484443743415936	0.0	0.0	0.16037985997820617	0.0012453972641055522	0.03932284857414148	0.2174033676444096	0.4227216281995461	0.0007092142510262134	0.018965897432614398	0.1277334584921095	0.1496091552512862	nan	nan	0.00165361591930685	2073.2829761144762	2340	2.448278500290097e-05
-0.02899782563198261	0.5851397311943578	5.21373129796674	2.8034303343560927	0.04492371344676016	0.35325295299631104	3.963028448548851	1.5247430901927708	0.0	0.0	0.15832823245932323	0.0010819024421472312	0.038957724261913684	0.1981654072390886	0.4637974728374713	0.0005773181495223323	0.019102526382781537	0.11086284341037511	0.17428284177521355	nan	nan	0.0016431117649286647	2098.9416023929257	2340	7.449964371646924e-05
-0.04226789795435659	0.6302489845287249	3.3038518673085804	-0.6005912484333189	0.05285044427251062	0.36322530066131214	2.7559186240834546	-0.258763401192542	0.0	0.0	0.15864353118305258	0.0020188191419944768	0.03478257101042448	0.3301766435675615	0.26747476784266355	0.0009504960748148994	0.018786941068808932	0.159298805640129	0.14834125694883543	nan	nan	0.0016554055779635923	2210.062941240002	2340	3.525912399902301e-05
-0.03662621553343004	0.6712153840744688	4.584374086013157	0.39545764740885	0.054744528516043944	0.4045238606341136	2.8028289030197975	-0.5157665707128127	0.0	0.0	0.15652045662518904	0.001684188342272186	0.038271165703605226	0.2773473076520805	0.3738817316957679	0.0009787340346759654	0.018696213591336663	0.16612806544382974	0.13144523961938795	nan	nan	0.0016486641803294538	2127.527241511554	2340	0.00011585844510576747
-0.03355591805207492	0.6548634893478579	4.8186584403372255	1.1724447646748928	0.04847136992779655	0.4246867057807036	3.7441023553925756	0.5646606765312864	0.0	0.0	0.16277370795296642	0.0013814285703028228	0.038852189267609916	0.23079920322325087	0.3864486798269404	0.0007358939637091	0.01956301997295512	0.13010418788861222	0.1556669066519821	nan	nan	0.0016638633058301128	2159.8487011031757	2340	1.5214032362240582e-05
-0.03141574747806519	0.5960722120535911	4.680675251539102	1.752430982567042	0.04837650990446285	0.38310934911572586	3.5007884288233893	0.5872914224076451	0.0	0.0	0.15958462231841047	0.0012462603773926162	0.038586819940848116	0.20937509552710543	0.41303660813274384	0.0007010595486213189	0.01911911683778958	0.12545315210460783	0.1534508535020325	nan	nan	0.001653980846685013	2154.545835147644	2340	1.3321728380891233e-05
-0.028080119368568912	0.5812057510358453	5.420851375305124	3.16368168466485	0.044038282505821424	0.34326945390955593	4.028726832737744	1.768496429898933	0.0	0.0	0.15825727215416738	0.0010389164854028299	0.03919324322687834	0.19679111368351432	0.4869714018962871	0.0005539784712494944	0.0190532736172854	0.10852232334438949	0.17976624198697164	nan	nan	0.0016520248068798565	2134.0476379944926	2340	3.3772720018007077e-06
-0.03586076652813275	0.6453056084576256	4.331679083147135	0.5153758234002074	0.0521124376718991	0.3983733687055031	3.079753738464434	-0.13157838214164877	0.0	0.0	0.16166169782366518	0.0015837925876953651	0.03767400365945017	0.25617580775232973	0.35907357177456617	0.0008697929604374321	0.01886574629810525	0.14897431997690114	0.14196989920616135	nan	nan	0.0016602762060219378	1979.0572602141394	2340	7.70429418674797e-05
-0.05020634324210771	0.5857607158936855	2.153878615119742	-1.4239049665212533	0.043978623567695774	0.3242787977209723	3.9939049208188764	1.8133138837393181	0.0	0.0	0.15779243272660182	0.001991205311615396	0.033701482796464566	0.30162939688280765	0.12218550782350612	0.0005686025551457918	0.019279830390638686	0.10995708247370217	0.192672007585492	nan	nan	0.0016543629419750877	2073.960869267226	2340	1.218755253040748e-05
-0.04271522887912971	0.644450375154609	3.4646055209822775	-0.612902365436089	0.055080748906177535	0.3882654703282055	2.6062395516863077	-0.5556844322389025	0.0	0.0	0.16096162044738638	0.0021530627115300405	0.0349993777283783	0.35288918963833416	0.28858239460254304	0.0010934460529805623	0.018772043246432196	0.17692487059155426	0.14109435391133676	nan	nan	0.001660242162328976	2135.705331392237	2340	1.3386552098672766e-05
-0.032337748525181675	0.6139153621107669	4.877311053857937	1.5008438698810407	0.04994084378884556	0.41557740967855605	3.546565401146331	0.2774294791096604	0.0	0.0	0.16094275644142592	0.0012895437475623495	0.03854707425042858	0.22098723282242538	0.4086448890765326	0.000757053073759173	0.019154727653562187	0.13483519596487614	0.14688897846558183	nan	nan	0.0016643596736485022	2206.010387682967	2340	7.921645902116665e-05
-0.04132173841981002	0.6701093590313245	3.6690429610017117	-0.4306537439576117	0.04428026974120969	0.3602933020567601	4.010186179743264	1.6868478628179222	0.0	0.0	0.16139102922066226	0.0018717089873753756	0.03470765481498289	0.3044307300686837	0.27197351743326187	0.0006288487788215225	0.019979330042485283	0.11394185371748522	0.19406943493295922	nan	nan	0.0016551765675540536	2132.9971448712804	2340	2.3684686810067232e-05
-0.04997897056201983	0.5951372118574958	2.2331751737515058	-1.3894255131787965	0.04446152855243035	0.32815959096926545	3.8774470568408055	1.673825834444727	0.0	0.0	0.16067707264155176	0.0020475128095433504	0.03409037845503765	0.3121037821065873	0.13115808578547278	0.0005862207749555148	0.019327959352365365	0.11078079495765492	0.18853695156808428	nan	nan	0.0016518636690047162	2051.086932524408	2340	3.4166439415878e-05
-0.041170048214257515	0.6776729415706713	3.815081079451513	-0.4996324282284807	0.04266565381949605	0.3085499560496931	4.130468118230805	2.30628515673559	0.0	0.0	0.1572415608671	0.008480832699266305	0.039153730209887105	1.1899731310128954	1.287213556844569	0.0013189812445544291	0.028545416800298262	0.14567679799138133	0.5077138107647932	nan	nan	0.0016055994309704114	2194.8660654924884	2340	0.0038848494578701785
-0.04157739249579928	0.6030914472362032	3.305175673144756	-0.5896156057674028	0.05004705597064962	0.36406733457570906	3.219697951823044	0.23642796016754197	0.0	0.0	0.1634185319784121	0.0018957043715810973	0.03421406675872879	0.32671792936399546	0.26645463071139197	0.0008046702058590594	0.019329694240197592	0.14023288227353659	0.1601589575940714	nan	nan	0.0016681543667530774	2223.726179375365	2340	2.3987721978542878e-05
-0.02904035113042791	0.5733223108481608	5.129283474847579	2.6603037361427146	0.05292501871664368	0.38863718090897	2.9276073966510796	-0.2876229608678638	0.0	0.0	0.16096609315743216	0.0011578750338048782	0.04011124470862548	0.20524944236641662	0.49117146198213174	0.000846885570373046	0.018531586465674654	0.14982763913509523	0.13051123226563024	nan	nan	0.0016622897946611814	2055.0461455014447	2340	8.629544402758125e-05
-0.03589788624140555	0.6643533169709817	4.460247556306637	0.5661683916223923	0.04880659469607718	0.3892475337308067	3.486998224882369	0.4971889861991458	0.0	0.0	0.1607842085534636	0.0015381664092408154	0.037738746055532846	0.2504812291069469	0.3505806892118447	0.000742215429748283	0.0193675067766777	0.1303356137377556	0.15703436303156015	nan	nan	0.0016598663810872827	2091.3232496279184	2340	0.00010668514857382855
-0.034120234974834296	0.6247487895529937	4.642710632464565	1.0494015461362556	0.05546130984694675	0.40559488693383083	2.7141952209758644	-0.6002792336495915	0.0	0.0	0.15913715014377625	0.0014975919453218411	0.038640359106292155	0.24031580451510415	0.40976951050241023	0.0009901187223259056	0.01863367476086042	0.16763536866165163	0.12560223182511784	nan	nan	0.0016530339319179854	2017.8399198766597	2340	2.500724742943206e-05
-0.04270198132380987	0.6761550124908837	3.509405394278886	-0.6502957121657594	0.05298139896333365	0.4236664108821412	3.1331207663334886	-0.24334128942562028	0.0	0.0	0.15808063783313417	0.0021614880531365954	0.0357863730483175	0.35178233097443146	0.27853464174499504	0.000985777832858692	0.019183900953314542	0.16207196242038346	0.1503055545981008	nan	nan	0.0016556812753456829	2046.444453611527	2340	0.00016022608624120365
-0.03386905218810077	0.6501792292328111	4.731523068776309	1.1093400277459742	0.04479758913878573	0.3594094471355319	3.9359492337081106	1.4944145360115995	0.0	0.0	0.156902819702176	0.0013549951559277407	0.03794448374981396	0.22567268112991234	0.36988748107390707	0.0006049462989236032	0.019521670241982952	0.11341293574514788	0.1793618316709669	nan	nan	0.001650941349761556	2197.5801707527976	2340	0.00015381321265607776
-0.03152686481312006	0.6064269313109208	4.88717365797895	1.6627575513059223	0.05293740861746321	0.42303348062524293	3.0653408481268625	-0.2739170352203504	0.0	0.0	0.1602047499648615	0.0013155817499915234	0.03967807725939865	0.22389426918586786	0.4389865967754477	0.0008889738172357387	0.01870477649358701	0.15139396642144387	0.1325360973511472	nan	nan	0.0016603493018460536	2085.3851597281264	2340	2.2677619258966646e-05
-0.020542468683656057	0.40737710721121095	5.588859420932573	8.629188024450338	0.045437397789289236	0.3731831114540082	3.9603787875540997	1.3263675275738704	0.0	0.0	0.15947516886464547	0.00158138238733746	0.05542083927567257	0.20851709993004341	1.6756651298186493	0.0025764222759725453	0.03705483572368806	0.2531046456604633	0.7108575592184493	nan	nan	0.0016670152172131442	2095.5128533104985	2340	0.014198873281921409
-0.0345695529878548	0.6146820773707711	4.360194801889979	0.7347447350399697	0.05509302081222689	0.3901272352971549	2.5746293229097668	-0.588736594201611	0.0	0.0	0.15993728286378203	0.007437564239573369	0.08101961937476793	0.8306850619281758	1.8816208369019836	0.005849538038773527	0.020339119570148168	0.7753662425586363	0.7439590947353998	nan	nan	0.0016686151208552824	2043.7885583600241	2340	1.5600806944529754e-05
-0.0318803084701369	0.5906831120416298	4.699818048510589	1.6303885630346433	0.04561328730832148	0.3706064401581251	3.972071976557064	1.331557446202898	0.0	0.0	0.16068675137540958	0.001232055538815724	0.037719892024147605	0.20927833729266299	0.40117683735954396	0.0006111116961047269	0.01939158351755546	0.1151653817581626	0.17274997719878216	nan	nan	0.0016496431740873896	2091.880512786347	2340	1.881879382887763e-05
-0.03979452973095188	0.6577488504277798	3.8147556545242	-0.2392433063265019	0.050674767682484356	0.39914686511111386	3.318258265958068	0.1599074644756791	0.0	0.0	0.1637939843300309	0.0018881277913519456	0.035812941932628906	0.3069337325627204	0.30925151808334483	0.0008356887676722602	0.019252305197208497	0.14185112619421192	0.15440063320701103	nan	nan	0.0016598118738292145	2113.213374719049	2340	5.656793473095372e-05
-0.042452084525968936	0.6785169018321413	3.5987867827744373	-0.5957846994191466	0.0506651519654755	0.40013312730378037	3.29021010785022	0.13792933639656207	0.0	0.0	0.16172882400941627	0.002032025502061219	0.03579511470420771	0.3353114783986699	0.2713134804240496	0.0008653638784015261	0.019407902071924665	0.14492393832267814	0.15806633804130302	nan	nan	0.0016598568484183368	2129.5997785786176	2340	7.882820762205843e-05
-0.040659279989627484	0.656987681087344	3.869122692010658	-0.3194855248017688	0.05090031823584251	0.42105488999164487	3.4189557240173785	0.1154521508416574	0.0	0.0	0.1587206214864022	0.0018882859133749208	0.034978143498825554	0.3134541254382661	0.3029942982577466	0.0008573005210228413	0.019305422175881326	0.14429673626505046	0.15378289038563872	nan	nan	0.0016483007856208653	2073.105902136821	2340	3.347360456089533e-05
-0.031072921527211306	0.6135841953127272	4.955033367324307	1.8448847712944878	0.04558107122191335	0.37815191021328304	3.9596432186869435	1.2771606032563134	0.0	0.0	0.16074200076937553	0.0012130183413783802	0.038983159183172855	0.21218307112411816	0.4181729888226775	0.0006190071165037558	0.019467355224295047	0.11611374671090191	0.17105252587253986	nan	nan	0.001658878620582116	2235.8950574428854	2340	6.094562875006071e-05
-0.03807146468222922	0.6490772614775364	4.138997375146763	0.09097971105070843	0.055130339295445197	0.4149369892912534	2.7617985582273743	-0.5563140327087529	0.0	0.0	0.15913012353399936	0.0018096150415963796	0.0365172293605775	0.29211796528446055	0.3518365567202923	0.0010390301979049665	0.01873352626650926	0.17034897165567608	0.1328158190322329	nan	nan	0.0016527991265143094	2018.9118637273496	2340	0.00012160205916634814
-0.03569487911867453	0.6467981521402566	4.3789957059966405	0.6657242417206026	0.05561748599791727	0.40623455361490773	2.6001699882457183	-0.5991441744456236	0.0	0.0	0.1612830459968295	0.007478229564054584	0.07698710576835788	0.7988722303115976	1.7536531797952382	0.01287133493522874	0.020627056772637847	1.608607936614802	1.5737908145028086	nan	nan	0.0016629182938149162	2072.832204873644	2340	0.00011361476706778945
-0.04303230927148727	0.6698195450469541	3.439670038358358	-0.7116948702179172	0.048400218681987184	0.3817126507311121	3.5652466308550066	0.6025952605734615	0.0	0.0	0.1567049774925076	0.012556681901172095	0.04168907980804515	1.7663266970420382	1.5798705699952824	0.00863360663680457	0.08043278198330064	0.8904689602474158	1.93867312959339	nan	nan	0.0016542105298561899	2096.420275621873	2340	5.305659139503235e-05
-0.031519994443017785	0.6417860283021056	5.126655349333068	1.8251350532642685	0.055988719249501884	0.43854113376897214	2.7950912425309173	-0.6547278908128089	0.0	0.0	0.15619499378908047	0.0013680271734734517	0.04082532677135803	0.2254943218604506	0.46137218168375765	0.0010156714592760574	0.01860828517796731	0.16761713076407259	0.12095923340196058	nan	nan	0.0016487410858260082	2161.520338130115	2340	3.381248422601769e-05
-0.042591961119176625	0.6803573449128371	3.4932212619454237	-0.6608958879085759	0.04892254293194087	0.36304038383679477	3.264820486500838	0.4355106763137646	0.0	0.0	0.1596264063746007	0.0020371178207333474	0.03599663588267388	0.33637384602415343	0.259835906879724	0.0007839623742735835	0.019448703664977196	0.13377937077823332	0.1651001802568196	nan	nan	0.001658125367601626	2098.9106722343176	2340	4.7443472322051495e-06
-0.03304711297562146	0.6211258923778693	4.774807790482106	1.1551634674115596	0.04821147975280882	0.3796988444959582	3.5573154021695568	0.6150578924204538	0.0	0.0	0.1611954892595586	0.001337091149657299	0.038713908454344304	0.2352205691806999	0.39140079788220605	0.0006952332571202868	0.0192889457903693	0.1261698288887536	0.15641613398637583	nan	nan	0.0016610310997316746	2201.942140115426	2340	4.914481944080607e-05
-0.03133079779941217	0.5816280967174754	4.697990827611418	1.785594904294883	0.055315399788042896	0.3860693051484854	2.5908036723150225	-0.6018764868874846	0.0	0.0	0.1585627072111005	0.0013354931915605106	0.039511852685753024	0.2159353530261905	0.4541377639692464	0.0009639142530671885	0.01844192475680126	0.16462119770537353	0.12286122914876883	nan	nan	0.001653230462696692	2106.009004222062	2340	0.00010592088164629674
-0.04265725334311754	0.6711635488304244	3.6574244747492086	-0.5992995218215661	0.05510967224760832	0.39943817011401433	2.6464238248981298	-0.5510976522930221	0.0	0.0	0.16254762988388424	0.002198074263854155	0.03571596366851221	0.361966343181815	0.2995650674762356	0.0011044917097573492	0.01877240783665529	0.17632240268727628	0.14083287957986507	nan	nan	0.0016620933165371055	2083.0764019615267	2340	4.4746283135652925e-05
-0.04195263430571272	0.6122367879658768	3.3130236525823653	-0.6229730448572062	0.050040081501512956	0.36008414748423373	3.2436576135062998	0.2518911349536629	0.0	0.0	0.15893402460024045	0.0019301929201034906	0.03427261552917665	0.33032598815585934	0.26422695020228915	0.0007923515779441059	0.019289440587649365	0.1394907560166201	0.16055822585947646	nan	nan	0.0016549096643864447	2115.9296109390843	2340	0.00017052225117441096
-0.022222436978403648	0.4644840836623869	5.559352003157459	6.858985447280674	0.04692551118122501	0.3691376948069	3.690815324993718	0.9107874464401116	0.0	0.0	0.16085616021182886	0.0008004173046975982	0.038405762595898424	0.17979241900042897	0.6863956863606602	0.0006234685965763598	0.018884211345949087	0.11744606824579096	0.1562126127806933	nan	nan	0.0016643082866288073	2113.1561712684615	2340	2.4244230558681464e-05
-0.033654200693636116	0.6511424206813183	4.837468225133618	1.1331518901283728	0.047546310478971066	0.3961551616292562	3.7804988677712386	0.813609857676574	0.0	0.0	0.1609468957152757	0.0013711978971328587	0.03869538729991856	0.23322060517370202	0.383674918187902	0.0006838042285612911	0.01950648306792868	0.12386862955699574	0.1613382671738969	nan	nan	0.0016526489015336876	2049.7571819276304	2340	0.00015288016971931742
-0.021673074436745488	0.43226724770491315	5.5709745353196025	7.670175771652794	0.043858812855573914	0.32560648683730475	3.9501173796343303	1.8867881334218572	0.0	0.0	0.16239626453459458	0.0020722913869519743	0.06466386414322742	0.19176772168880074	1.9875587021245018	0.002966973505128978	0.04900201448372543	0.25742892108751847	0.998914018451843	nan	nan	0.0016457177383022992	2107.8697000450125	2340	0.007044414759054386
-0.0423659558973416	0.6481212202627366	3.4995306634173557	-0.624632056934127	0.05304199413807198	0.39670890280671695	2.9617272774367285	-0.2889343417624923	0.0	0.0	0.15836734846454475	0.002002375516983179	0.035596759079856766	0.34098003676938116	0.27078227319680287	0.0009702227653660689	0.019048517156479594	0.1627840263679703	0.14816646503964623	nan	nan	0.0016560802907162053	2091.954949954148	2340	4.20759557562144e-05
-0.028776450425299194	0.581358146549336	5.200780005140354	2.868097670247747	0.05548129637018362	0.4204703542675997	2.6915533872993933	-0.5902108490625032	0.0	0.0	0.16015463206090258	0.006128107581664988	0.11787040964849069	0.44476684857977755	2.683360892313739	0.012552321980329628	0.02073949868084929	1.5666189405409603	1.540645114675075	nan	nan	0.001664941086817473	2017.3744408508046	2340	3.911227215161279e-05
-0.03445317041817664	0.6406622428819995	4.48554177345292	0.8317010598178808	0.05290429987516698	0.39540437889398683	2.8980203512317235	-0.2769444599858941	0.0	0.0	0.16154755346050567	0.001518732252159205	0.038707684387397134	0.24512095511342835	0.3841784825239917	0.0009055442960942406	0.0186957090744255	0.15338922181814385	0.13646500204361464	nan	nan	0.0016672871808583317	1993.8234014140694	2340	0.00012092391467594637
-0.03584619698330482	0.6637163876574468	4.6033722115807745	0.6569522835221328	0.05048630501830642	0.38519981025436867	3.2616153981622853	0.1923657421489745	0.0	0.0	0.16280858190275904	0.0015067703213618167	0.03782154935857601	0.24927523764072967	0.35663053133846156	0.0007849896141502999	0.01897837907122532	0.13638535411009944	0.14832530352616077	nan	nan	0.001660672882958139	2071.1151514586554	2340	0.00012836976680381058
-0.042179299742904686	0.626306775265471	3.3492725639323595	-0.5854957444659823	0.05133447812248093	0.3854783373785354	3.0907340606001545	0.006944067602094456	0.0	0.0	0.1583653248241646	0.001967029091500039	0.03433837342000845	0.3259558810134464	0.2667463552787762	0.0008863918410547678	0.019070297212185894	0.14809509164619072	0.15412097838184197	nan	nan	0.0016501013272726128	2118.228220492584	2340	0.00010610986320123006
-0.03859202097870995	0.6748221052409555	4.0865428075539425	0.01598130311417917	0.051316208545653996	0.39066474285680863	3.117295333680514	0.0001313056782725918	0.0	0.0	0.16015222779466956	0.001794310701671742	0.03677356314978153	0.2868297278898253	0.32625920947816983	0.0008612433985997203	0.01910767501758112	0.14623413076321978	0.1490089905126827	nan	nan	0.0016570974988173726	2106.4763908789037	2340	9.28348411237677e-05
-0.04281438174646923	0.6502081604906198	3.4518893448629493	-0.647646670146422	0.054860004731218215	0.3839798594977782	2.603301914056178	-0.5569936868777583	0.0	0.0	0.15760102912331383	0.01038171962183193	0.03811723945513362	1.4745494190698436	1.3714110166727498	0.005944600405292211	0.020082128535916427	0.7944323865555455	0.7820312969842572	nan	nan	0.0016614491297557987	2123.5654532099284	2340	0.00019869699556883023
-0.03662103682468898	0.6456230090574273	4.3778073297220415	0.37940154517210695	0.05551821119984757	0.38085530323171646	2.5189402819537223	-0.6357679272913562	0.0	0.0	0.16184152228122822	0.009656513780491871	0.08023578593286845	1.1492238353661115	2.137691217187899	0.016063877634419965	0.023168109016106858	2.082882785159196	2.019774288674725	nan	nan	0.0016670573791650184	2097.4353484646927	2340	5.962208343519669e-05
-0.049480765413832506	0.6117553408457969	2.4126439612147403	-1.305424731094148	0.04346387993936918	0.30644047508674443	3.903747050054269	2.0322247596323226	0.0	0.0	0.16028737470287452	0.0020367966889352496	0.03369430250683747	0.3138473038240719	0.1439993888188775	0.0005551905159412174	0.019155728810683142	0.1066312481615479	0.19793153411893205	nan	nan	0.001648722083529966	2056.9875236861826	2340	5.655736735195349e-05
-0.04105625731222695	0.6119339312507928	3.397163140010564	-0.5073573851993409	0.05560883941089112	0.37985750082681646	2.4780042052177627	-0.6366825480674949	0.0	0.0	0.1611938806624515	0.0021582078058827725	0.034680783109491964	0.35407192266802423	0.3159663101634153	0.0011139219701561398	0.018688034421905753	0.18014344089605983	0.1370619226673511	nan	nan	0.001659848052762397	2008.6108420179362	2340	3.932672501778775e-05
-0.03779303313808047	0.617194290348726	3.917493843987775	0.07326130661811445	0.0551714363955107	0.36773944507675455	2.467161968391936	-0.6066466202044887	0.0	0.0	0.16089874815919158	0.0017980146342993497	0.036128819861026895	0.29026933829396095	0.34977978904325374	0.0010305524138272126	0.018589738588913274	0.17259906806272274	0.13166316972593042	nan	nan	0.0016640343286234288	2108.053434909175	2340	0.00018182947448447563
-0.039049315327035816	0.6930390162268832	4.284809739254335	-0.1076588110111239	0.05566367378562931	0.4340590019908209	2.841334653624594	-0.6266518442920737	0.0	0.0	0.1595031497284291	0.0019541915658279896	0.037622769698736236	0.322856501709045	0.3515320210125349	0.0010798202195253515	0.019031668401830376	0.17763038815225407	0.1332941985503244	nan	nan	0.0016596765549650866	2164.932068882821	2340	0.00013013914618653421
-0.03545954202813961	0.6388352013311239	4.490667615822586	0.6584212209024891	0.05491233719749	0.3961104184312299	2.693871936921118	-0.5338693972765632	0.0	0.0	0.1621132726369526	0.0016083532957563151	0.03829319060717873	0.26026111194452994	0.38913053075900156	0.0009863637289342364	0.018575542066409212	0.16543135674497922	0.12947121998649053	nan	nan	0.0016614018342162445	2136.4990660965746	2340	4.52890421249836e-06
-0.04241107224895624	0.6459824641536511	3.455169099721158	-0.5946439002431206	0.049278510841308965	0.3772961392749161	3.4392298579970286	0.4197661243400239	0.0	0.0	0.159441054759764	0.0019433397630177485	0.03452574595663538	0.3234527829425011	0.26171761002006494	0.0007792958292134333	0.01957814416450651	0.1359886870655751	0.1646664179675336	nan	nan	0.0016553957421298893	2215.5128531962523	2340	5.28293105257181e-05
-0.037314804734588924	0.6661466249614345	4.412235649296506	0.29665699113519534	0.05226908529582541	0.3918899470757566	3.0506900798098044	-0.14218531628134926	0.0	0.0	0.1577699955396832	0.0016502985976096785	0.03722617616483087	0.27179293416441475	0.34655666392999285	0.0008679063817939037	0.01888304651043604	0.1494312825157933	0.1419301623770013	nan	nan	0.0016509170011719115	2085.0310644919828	2340	0.00011871526468879342
-0.042298126244328604	0.6533241385682085	3.4280670947996796	-0.5981147941599021	0.05261838561006926	0.39466693295145316	2.8971120891427606	-0.22968358225379673	0.0	0.0	0.16187017182544097	0.002161843824585119	0.035282499459720285	0.34745979995589016	0.2869824574683743	0.0009832174714344832	0.018922122563971716	0.15923378369049912	0.1501611820798299	nan	nan	0.0016709237762229517	1959.0435958119278	2340	3.88434939841836e-05
-0.036946200180603794	0.6612715094530239	4.441881033175154	0.333534414657167	0.055566073903489555	0.41102503629516074	2.7474034021674054	-0.6177161665569149	0.0	0.0	0.15981591055994976	0.001728411534119234	0.037829509368422	0.28048280408158455	0.3725585308318021	0.001025996954280961	0.01887736231327225	0.17313312611675813	0.1294995217796705	nan	nan	0.0016558648040066876	2145.9912543774644	2340	1.3221973581551347e-05
-0.03229279494611159	0.6294663953862127	4.870354199885566	1.4765708747990351	0.05463053052395783	0.3843477268632608	2.6454727568693515	-0.5327148996323608	0.0	0.0	0.15984204415090858	0.0014103211507149327	0.04048215973476388	0.23432212715775824	0.4389801662386401	0.0009488375720311248	0.01854241966103043	0.16282504456052105	0.12655667554722153	nan	nan	0.0016629118699983542	2084.0732115624446	2340	3.624900721401776e-05
-0.04205585397880651	0.6412098614824981	3.347168136654377	-0.6389808659141536	0.05272269796339346	0.37971878653437013	2.899226465565957	-0.22910776187729742	0.0	0.0	0.15768843958644138	0.002138238133763737	0.035405056163801574	0.35116960064248737	0.28189409563733375	0.0009472948400667258	0.018934344438969436	0.15891760767557273	0.1495703655534327	nan	nan	0.001648595785338422	2110.8883862602966	2340	3.644652333419342e-05
-0.03187308234952402	0.6181910909155097	4.779214315340331	1.628687350372862	0.0477126713226661	0.39091577805833344	3.6088924502507016	0.7218981182995078	0.0	0.0	0.1601651017115835	0.0012731604658310913	0.03876790782475126	0.21395516069105902	0.40660039179834245	0.0006926426975293332	0.019293760420136002	0.12369976474254418	0.15701734773535375	nan	nan	0.0016551603367985362	2131.044952314051	2340	2.6224410895658012e-05
-0.03325280435043598	0.6126399301577351	4.661305915664956	1.2280964463426394	0.05316946897483765	0.3989510034735851	2.9959426015877466	-0.2732220174093979	0.0	0.0	0.15880237509096334	0.0013904872712632854	0.0385354133473394	0.2302185017684324	0.4044584032129094	0.0008720975147019638	0.018580887817624153	0.15126461820782788	0.1336727412786741	nan	nan	0.0016466774187229166	1950.408770303284	2340	5.587437485339286e-05
-0.027343638697537975	0.5763715272521244	5.21696861194492	3.4114337517596685	0.05559880003882545	0.4306814180997645	2.719608164312764	-0.5954566531992136	0.0	0.0	0.16336783288878406	0.0011513742494539403	0.04159762835342329	0.19995463831609595	0.5550932568171071	0.0009919940007725447	0.01833595230593732	0.16054713277880484	0.11894863148641745	nan	nan	0.0016622165669681194	2097.296029744719	2340	6.159843079278102e-05
-0.031241362421348118	0.6117106374251371	4.954653910842405	1.8688987807814819	0.04627443351316973	0.3583827545840627	3.7079258062717106	1.1082461067145253	0.0	0.0	0.1605265452013813	0.0012116513715711985	0.03888646791346739	0.21221420520719692	0.4173998772365405	0.0006253914703723273	0.01920290766894417	0.11597112570476131	0.16627140370920943	nan	nan	0.0016574581516173997	2177.9848590435176	2340	0.00014782804862779474
-0.04253734572848489	0.6668181305370617	3.6532580132216768	-0.6055797763422526	0.05137019359561679	0.3888773958116372	3.1939187002125493	0.017918190482137837	0.0	0.0	0.15795180896502928	0.0020310823039852433	0.03521015256658189	0.34254156243420053	0.27849011633675397	0.0008683247343244105	0.019152159326484258	0.14798066707192614	0.15427993921112382	nan	nan	0.001650927107129052	2001.5082322279104	2340	4.110019950254175e-05
-0.035191048851480944	0.6368052510736087	4.440295324789206	0.6731568487073468	0.048497025332563615	0.36251109282644794	3.4815833857639964	0.6143687018284025	0.0	0.0	0.16136268673032558	0.0014668365026358487	0.037540954635792045	0.24544812139875738	0.3555705431248306	0.0006973401103255172	0.019227449953063552	0.12623854302239668	0.1593452451261514	nan	nan	0.0016522558106300822	2043.4835091843886	2340	6.1021051802923595e-05
-0.04240258433331823	0.6356225541200051	3.2857798001140743	-0.6193961009474874	0.0553287315680564	0.38325663027820456	2.545602592933884	-0.596401174362788	0.0	0.0	0.16078935700461205	0.00686401748357679	0.037364001508349565	0.9643810735908902	0.8970753474132226	0.0050119404126508504	0.020293230960205827	0.6724262898171957	0.6378509814223549	nan	nan	0.0016617394227329135	2128.360469709811	2340	0.00016313308040913872
-0.04152752791316394	0.6406343984330745	3.571141977377217	-0.5703255761792742	0.0451743971026517	0.3372724464904485	3.874446632778638	1.4906297715478343	0.0	0.0	0.15943223431275777	0.0018233016020594572	0.034548846853987514	0.32022591861346217	0.2614830518296702	0.0006246520103478925	0.019821302425103965	0.11565913039367937	0.1912062466503908	nan	nan	0.0016470763148697248	2095.752568094512	2340	1.394795770562963e-05
-0.04053264409294666	0.6363993527632941	3.704770776173843	-0.4066828829201578	0.05549662453409576	0.4039823821954579	2.7251727322124775	-0.6163091590810259	0.0	0.0	0.16020769459087617	0.002037048939085684	0.03522787667116978	0.3411811682040291	0.32035866066153024	0.0010704758915828227	0.018894879512103058	0.17907128856950694	0.13658541223290532	nan	nan	0.0016574624921079223	2071.2793891301517	2340	7.347259701430803e-05
-0.04101195935870583	0.6859522870924217	3.7811857820809527	-0.4271350135032731	0.05580188163071664	0.4411657538926854	2.8174984569343797	-0.6146047423438291	0.0	0.0	0.16157986040648986	0.002228257920592225	0.036500328618747135	0.3525024544341939	0.3289016411819769	0.0011453102224552314	0.01902002173358963	0.18051160543609845	0.1381214497175009	nan	nan	0.0016611625998007307	2162.0154471822125	2340	0.00011428512378910864
-0.031691064512667455	0.5783580137224167	4.695199085387468	1.6168774611716619	0.04453689597860344	0.30185703819850623	3.7758329554508063	1.669380701807831	0.0	0.0	0.16176180608762053	0.0012140161862204124	0.03767616261944973	0.21094622916056593	0.4027706281494904	0.0005488834226757833	0.01891985548909414	0.10852792664220723	0.18388567690681895	nan	nan	0.001664341479877568	2162.0463676435165	2340	1.0428132475266165e-05
-0.03569246976581908	0.6377609984360175	4.43372570990851	0.6205527678940487	0.05555272147532997	0.4011728204514175	2.7397774448454215	-0.6034379292768948	0.0	0.0	0.15877589840712447	0.007644335765377153	0.07711924527395975	0.8552592767250755	1.8206011803846507	0.025568810179556145	0.022851499008026938	3.141339641863632	3.3262574782243175	nan	nan	0.0016552034066176502	2057.5550617288413	2340	1.1063814054024413e-05
-0.042258388223016086	0.6636848985940313	3.606827499652553	-0.6017467450854286	0.0511494745709995	0.377962113289674	3.144753887021019	0.05248290036475197	0.0	0.0	0.15930783993409564	0.0019579012432991427	0.03562366519939081	0.33432907843005144	0.26814949598147164	0.0008566485652863332	0.01914692949048674	0.14617431520116253	0.1551633327130441	nan	nan	0.0016544192794875762	2135.126062435487	2340	0.00010377095507911029
-0.03593697409144414	0.6395120008917057	4.288837912895359	0.480683330801187	0.054997626443295866	0.39278805897648206	2.650664492463494	-0.5774312964342783	0.0	0.0	0.15929723583732547	0.00806709704434072	0.0748499976374995	0.9250656934680026	1.8251109469726294	0.009753197150555781	0.02037562355173342	1.2913076490213091	1.2711981489136213	nan	nan	0.0016632441920313434	2074.1320612060154	2340	6.804468497275399e-05
-0.042367466880738	0.6532168504055473	3.454438732967672	-0.6010516892471182	0.055190961539180794	0.40687275151687763	2.6782572609219035	-0.5784649382741279	0.0	0.0	0.16217321150371888	0.007317304014388515	0.03751327797291182	1.0357935387299864	0.981005891604357	0.01120734522293687	0.02032896248117111	1.4385117401110834	1.4217616692604527	nan	nan	0.001670720044665161	2111.521838234518	2340	0.00019663116127796354
-0.03615284422997411	0.6677999307410541	4.516429449682127	0.5034047524487375	0.05241544099054485	0.42388298511294514	3.195157995780873	-0.14186074107536994	0.0	0.0	0.15807371289948105	0.001595534849510416	0.03782223632800158	0.25967686105190557	0.36049122697981106	0.000888022605493477	0.018888681682750152	0.1494402859903743	0.14076560705664765	nan	nan	0.0016477975694327712	2170.0016371727697	2340	1.035064826464995e-05
-0.030921085673846993	0.580865113569302	4.844800259501023	1.9839360667405372	0.04296541359809525	0.3066347237031344	3.898410092521602	2.1232257560262093	0.0	0.0	0.16387448099079874	0.0011632356631876561	0.03776262205570857	0.2031457237035772	0.417022228720692	0.0005293085761119976	0.01884574798808003	0.10407388621667413	0.19128257033637683	nan	nan	0.0016649960990490487	2131.119208576768	2340	0.00014256993065514615
-0.04699807367332687	0.6285807851865384	2.7243642714864436	-1.150227215132651	0.04636122513847796	0.3331636630275378	3.629099069511966	1.0940450581649919	0.0	0.0	0.1587025244120898	0.002082671566422556	0.034904652444421314	0.3403304957847286	0.18095664710278636	0.0006487501358949377	0.0195976290590113	0.11971954709407284	0.1797651174862367	nan	nan	0.0016552199410043295	2162.78055880502	2340	1.7913973352201264e-05
-0.03476099276879829	0.670311383690158	4.692250513392805	0.7848161405623046	0.049357021026156245	0.396912154070026	3.5313531774697986	0.3988110107789195	0.0	0.0	0.15969338594901022	0.0014650647623377089	0.038743401164600566	0.2462050971823313	0.36537045116983985	0.000746802685609782	0.01934919277801911	0.13283125729453604	0.1538598250960907	nan	nan	0.0016543369223615406	2098.439824563208	2340	0.00015160874128654773
-0.0370915427673183	0.6070400545071085	3.934909450122647	0.20205925973724786	0.05530251610973558	0.4046096358600258	2.688505765830569	-0.6060698174126802	0.0	0.0	0.1596517241396436	0.0017580958011526038	0.03612955441780752	0.2800360667703956	0.36059223150871766	0.0010372724781514409	0.018761890247939506	0.17299489013471048	0.1310605055360062	nan	nan	0.0016613377046324485	2196.2172918081133	2340	3.484475850554218e-05
-0.04226076126705658	0.6378086824855452	3.4955375463236997	-0.5884805532911325	0.05520925634414109	0.4116272494502512	2.784204811049886	-0.5542958584542841	0.0	0.0	0.15900544093257832	0.002101112267005989	0.03479417252562561	0.3500919229651862	0.2909982983514863	0.001084089894923701	0.018869391398970398	0.17713893616711385	0.14058669023872075	nan	nan	0.0016544260139026296	2144.280704381544	2340	1.4680949151124277e-05
-0.04263418243678463	0.6729203495617978	3.7226674491130307	-0.5829451624588703	0.055732012560312905	0.41924806088302446	2.8130534402735305	-0.5939559077465716	0.0	0.0	0.1629052963090506	0.007053434548243642	0.037571826458662305	1.0244652333688467	0.9829238925594452	0.0188308549434808	0.02118205364968384	2.3751359093131645	2.404144580944332	nan	nan	0.0016605240598663445	2068.32917092949	2340	6.224772473982252e-05
-0.041768311553947224	0.6556806784079363	3.7402121006869082	-0.5398953657551415	0.048263799353956305	0.3922946177519242	3.7261962251029463	0.6678608349855688	0.0	0.0	0.15804838606078003	0.0018614067192646577	0.034840723598518364	0.32589808892089156	0.2725897913759487	0.0007409554537630703	0.01977743760442588	0.1305381595872992	0.1694771235562581	nan	nan	0.001650462016901874	1981.256056206233	2340	3.226571686905354e-05
-0.04163895885129931	0.650573805034363	3.6369200554572867	-0.43587057167188575	0.04625521565035107	0.36005230534872973	3.7965962921694336	1.1721631968637263	0.0	0.0	0.1620119585705169	0.0018511500632537037	0.033868681670024825	0.30355452996446797	0.27169616354953724	0.0006695338581592658	0.01981817642258038	0.12000157117583443	0.18213242806013505	nan	nan	0.0016552850620843301	2065.9471345510465	2340	7.433270542733984e-06
-0.03252974354024796	0.6289882110000762	4.936326497066322	1.4423389368715058	0.05523323169020289	0.3892592411258573	2.623109974435036	-0.6089579955237107	0.0	0.0	0.16022797583806475	0.001414195533854412	0.04026899952186702	0.23716094791234088	0.4399850716929496	0.0009711021916305462	0.018633579309707604	0.16709717623284104	0.12431672959841157	nan	nan	0.0016601669467069674	2073.046862848969	2340	7.095834525483676e-05
-0.04249465262918073	0.6647822011856073	3.5974230912641625	-0.6232913229282173	0.04543993885639197	0.35321319533149137	3.8875280097036664	1.3717674617291025	0.0	0.0	0.15920543580501756	0.009450239592421361	0.03812293468134026	1.3624151461513652	1.2859543141839607	0.005901446131620358	0.08352434929487676	0.5203060521219607	1.7379417579665923	nan	nan	0.0016600427566742654	2207.7586463113553	2340	1.5020428074638544e-07
-0.030765690027982573	0.5876960590468259	4.862349321577272	1.9896166329648508	0.04672334452259275	0.3427051185722656	3.6098093698575937	0.9976310453513678	0.0	0.0	0.1591870005492227	0.0011859465011775927	0.038724614878732244	0.20873838238229636	0.42552601998580786	0.0006199257263453939	0.019100174280350712	0.11714852991550728	0.16422982150425258	nan	nan	0.001651414210924615	2122.410223547895	2340	5.762151805173722e-05
-0.0318835536435742	0.6463109111190801	5.0042046499114505	1.6445408353114814	0.04781810542886289	0.3807728749724266	3.641969004913773	0.7307463382939834	0.0	0.0	0.15770212891238206	0.0012751949668586282	0.03964370931203781	0.22017507211474152	0.4085515431436793	0.0006774469510421044	0.01932690451694577	0.12393769475755478	0.1580428163831855	nan	nan	0.0016536722663701292	2125.964966167666	2340	1.2745479792785032e-05
-0.03125119107808527	0.5901086907488966	4.730330284412431	1.7808142732669079	0.048581501109834724	0.388740159475808	3.5205146246523364	0.5327648829693225	0.0	0.0	0.16011857322878556	0.0012305152308733636	0.03856202338191761	0.20982386782872098	0.416855443364285	0.0007073799791890156	0.01913206016267338	0.1270700973992076	0.15223420090923329	nan	nan	0.0016562624414416388	1967.6658741390042	2340	3.957882872023145e-05
-0.031359642106684404	0.6179003749893923	4.930882066812123	1.7839003020043684	0.05561047780714956	0.3886974108569004	2.512075589874833	-0.6297963080850711	0.0	0.0	0.15967067526304432	0.0061382964349925295	0.09751192886981547	0.5476284684749451	2.0776768728147106	0.013187598201875539	0.021843242996266055	1.690239267933979	1.62061106406412	nan	nan	0.001661575585564526	2047.5705705127054	2340	0.00016679821328857954
-0.02879438583610172	0.5614143547987371	5.020684555656341	2.7740161040608764	0.04225613073641776	0.267835920398258	3.9389095693937914	2.52808019498126	0.0	0.0	0.16025916895168468	0.0010691098871659643	0.03833124149452394	0.19245424600165295	0.4612472152542804	0.0004856191511110053	0.01806984963321212	0.09881674977442167	0.20071023365279783	nan	nan	0.0016551737164645086	2100.108219953884	2340	4.6956929115190305e-05
-0.04082200175844741	0.6465169022494488	3.56330381422403	-0.46378717131119124	0.05514905282933902	0.3989831651896531	2.6366295554340526	-0.6136911279333137	0.0	0.0	0.160170974242343	0.013102318178902561	0.039390696788083324	1.784772708129437	1.9399699019209162	0.006618880571679142	0.02065846102830171	0.8881676024018436	0.8393175690059594	nan	nan	0.0016723292519677524	2136.2644769196995	2340	7.48641654011735e-05
-0.0462850432096481	0.6427936190027608	2.87980594902924	-1.0771747921793775	0.04406371121594388	0.3437055933985901	3.9935415326261587	1.7087004568452333	0.0	0.0	0.16141650104166977	0.011701282109614908	0.06764087844783712	1.681866242670716	1.1017604902053328	0.014507723853269372	0.22517072751289802	1.133304222146556	4.736394368198225	nan	nan	0.0016837352375696085	2165.8884984707147	2340	3.2866949457687027e-06
-0.0411376105126976	0.6500775135373981	3.641078021708527	-0.41775068984028313	0.04577709073379732	0.35767798414986646	3.7779449893895367	1.238073172531603	0.0	0.0	0.1605951804450924	0.016769277575684804	0.043060289838221855	2.2078513653148413	2.5194834130672166	0.00836328575358214	0.10979771261913884	0.7356476781409398	2.3325776872118515	nan	nan	0.001670919841560814	2054.3172932508282	2340	0.00014093330598361002
-0.030911749879199868	0.627798889293515	5.176110736353055	2.0490999418298914	0.0544236318591238	0.42559204866887523	2.921566160538726	-0.4614800800731324	0.0	0.0	0.1619373057472783	0.0013044087844801822	0.0406885769052544	0.22004255815728424	0.4678421182895319	0.000940216731151744	0.01864505521717491	0.15896905232016012	0.1267699336527609	nan	nan	0.001661687422437802	2057.727383422084	2340	0.00010230488229569217
-0.04206834536511339	0.6745917022664627	3.6126474396114903	-0.5954524630405883	0.0512341050424594	0.3986264335664203	3.18223509936782	-0.0032473180098659855	0.0	0.0	0.15909517440299337	0.0020028486695447545	0.0360380284724614	0.3373378248698313	0.27223513656924864	0.000894282242547173	0.019303669346752317	0.1501023054124322	0.15501970445007784	nan	nan	0.0016588801783638668	2137.516030451501	2340	9.502727572666341e-05
-0.03757233359852752	0.6716761947899239	4.331625453268078	0.21246616995430032	0.05537769921409641	0.41256132082041064	2.672208901172808	-0.5858429822554156	0.0	0.0	0.15912077524325446	0.0018208970702536798	0.037768119319470494	0.2908918526109381	0.36809699212072816	0.0010589382916135204	0.018725837477086282	0.17085152886007737	0.13083470415553092	nan	nan	0.0016530344063258595	1940.345365478682	2340	7.711807556648551e-05
-0.03885418102585325	0.6451049683414438	3.936767195772566	-0.07771415099728343	0.05540119194525861	0.4075765793853171	2.6958736733696953	-0.610259178890486	0.0	0.0	0.15827872657243167	0.012379490398877091	0.06299587769510978	1.5731274986941302	2.232438286999044	0.008677518419962227	0.020755163439055868	1.147660980155889	1.0968811992407304	nan	nan	0.0016639613047167018	2094.9065121984368	2340	9.160649861565949e-05
-0.04820875918001344	0.6220491362358038	2.6097661640374636	-1.2365341128254062	0.04477090840563425	0.3185116408970537	3.888299052098513	1.6500773284035284	0.0	0.0	0.16144122989293244	0.002056922432201902	0.03461797424257318	0.333822790153681	0.1637965221003898	0.000586892733054567	0.019441576925827958	0.11196808797309976	0.19214846986611317	nan	nan	0.0016538672159342738	2050.4847493266816	2340	3.7095249298155074e-08
-0.036309796585451526	0.6534566930318546	4.3224806677753165	0.4371013773523493	0.047654599783769847	0.3748922923165097	3.5850855883537083	0.7627245538509262	0.0	0.0	0.16272085362164684	0.0015440863022764262	0.03715191372368265	0.25434983977282677	0.33852991763058216	0.0007019352188166739	0.01950321045452233	0.12479667956556728	0.16483638171394502	nan	nan	0.001661405501514654	2106.7546893688327	2340	8.786254856764486e-05
-0.03151884222561241	0.6030213931459656	4.8716779610115335	1.7749600012043776	0.0534955219055806	0.39176950779649616	2.8811484922073607	-0.3406288069751445	0.0	0.0	0.15910717780218123	0.0012990108471409023	0.03950436140703961	0.21825738443609177	0.43892585485319147	0.0008792692157199022	0.01853524066071155	0.15291309368600858	0.13036798484897888	nan	nan	0.001649929785453419	2104.9437065129837	2340	5.722587763625484e-05
-0.04190933553038989	0.6443190620295949	3.555891528418784	-0.5745761664932272	0.054925169862379386	0.3691345510168499	2.520310431907375	-0.5539854736898262	0.0	0.0	0.1585008167962833	0.011366764756816194	0.03731885516482808	1.6265112277271423	1.61106976782851	0.02183873158189631	0.01991212245653498	2.7014646042410817	2.890728970918263	nan	nan	0.001659363108318171	2075.3239987938487	2340	1.739030882385124e-05
-0.0336798560342092	0.628426183120151	4.728648775100032	1.0720934714510024	0.048775095650750444	0.3794038564026071	3.5265474779767754	0.5014094047529019	0.0	0.0	0.162649831088863	0.0013715466735272352	0.0384493545124347	0.23615162534181433	0.3845572282369733	0.000708615837115123	0.019269370973795552	0.12931700117277667	0.15489169737801745	nan	nan	0.0016647631662713852	2064.34829460371	2340	2.4010740973822897e-05
-0.035395360002626775	0.6232079063737856	4.270668068050289	0.5632892889491651	0.054848786803378013	0.400911346987186	2.670384022589516	-0.5538465140193136	0.0	0.0	0.16081421280585928	0.0077939629467629334	0.07667987117912811	0.8893597859154849	1.8384928612577942	0.010175191927256244	0.020185183415261737	1.3131761592702431	1.3176437002002261	nan	nan	0.0016711779076410416	2233.4035537295285	2340	3.14604911093046e-05
-0.03797601975085696	0.6767105677253122	4.396353641670324	0.12224201168805245	0.05173044559656503	0.43340536995750356	3.3090391769155865	-0.08862104330750155	0.0	0.0	0.15788486949353864	0.0017205898802183928	0.03714459356808264	0.2880580317279273	0.34192107721103987	0.0008892849865806962	0.019216184320434287	0.15036961719610842	0.1453586563114167	nan	nan	0.0016661373313174438	2132.554911796571	2340	2.828039526158548e-05
-0.04865927011324045	0.5685147963625468	2.152966762874762	-1.2983674052929317	0.04280962754371531	0.2941385607396391	3.9221584481521052	2.186621237530566	0.0	0.0	0.15732951734381012	0.002070412034883895	0.032958187042619325	0.3100261363373833	0.14244242464707427	0.00053537415488214	0.018985706622903664	0.10496377121148459	0.2020263173947927	nan	nan	0.00165195773600757	2121.2117503893714	2340	0.00016301604720289235
-0.03424964725604085	0.6290687389099026	4.673639387732609	0.9522183400798078	0.04539619334906253	0.34615976658624126	3.8248054303262347	1.3461548150164995	0.0	0.0	0.1600830523568399	0.0013504185379641376	0.037412949567339704	0.23374767646021644	0.36405424823107785	0.0006069806093637053	0.019381560990951063	0.11442102923498876	0.17696368129096604	nan	nan	0.0016635049006853697	2099.9686912055386	2340	1.5204174834095884e-05
-0.0401780976111632	0.6524624614255718	3.8955147110625674	-0.3012627353382561	0.04171959445825357	0.28611354447747755	4.127859956909324	2.693171282903323	0.0	0.0	0.15878438394305278	0.001735364851954635	0.03445281155242835	0.29756353622591614	0.2857862319459492	0.0005233998768569004	0.019123892266440595	0.10297434245485082	0.22011563953110047	nan	nan	0.001656077604858669	2128.5871876828746	2340	0.00013304287528571453
-0.03317325644668534	0.6223281964628683	4.804167798189565	1.2788789109289775	0.05230008799015984	0.40811163788234117	3.1517235723104515	-0.1405715426296679	0.0	0.0	0.15908282717580943	0.001356759293608123	0.038563678955495284	0.229830700797371	0.4018988590512354	0.0008434283407986465	0.018778273917901878	0.14659641725733374	0.1368516282012941	nan	nan	0.001646819848916542	2126.0244803320475	2340	0.00014306327360915803
-0.02756813375008038	0.5997254942878429	5.577540527993871	3.5840113747879365	0.05542878600768386	0.43289043187880527	2.8466447364195813	-0.559234231513404	0.0	0.0	0.16020635852313353	0.007131487782530754	0.1467714097805106	0.42934293681123403	3.535016870381598	0.009507826548854292	0.02074216911350346	1.208775993231403	1.202967212785481	nan	nan	0.0016578296867005293	2114.1545878087786	2340	0.00010799104071668154
-0.03165228228362538	0.5944047766618136	4.740062164598638	1.6000828520635542	0.05374547931274409	0.41507862446771904	2.952136208944066	-0.3820007771396468	0.0	0.0	0.15876216544655888	0.001323056547587742	0.03939834630079764	0.22292357308814692	0.43375677796546375	0.0009107986806253798	0.018633073471746753	0.15579467286601845	0.12976429085833402	nan	nan	0.0016498728830419002	2118.9285589163546	2340	0.00010785115327565739
-0.035586991434194304	0.6391555994523757	4.301921349722417	0.5548174523699493	0.04906277239905532	0.38430555845432846	3.432002224757281	0.43122458803042024	0.0	0.0	0.16064273691557776	0.0015305559490768617	0.037490509652708726	0.25090453385891776	0.3521344881289617	0.0007463779514476077	0.01932274908822007	0.13181439679568996	0.15567668892704375	nan	nan	0.0016572071069317351	2063.716263547166	2340	4.3294123207848054e-05
-0.036172856930700825	0.6320006992399494	4.2899699974515	0.49801981821009056	0.055364235996348654	0.43201731483567846	2.819362455463368	-0.5847768810576965	0.0	0.0	0.15929468279033238	0.008209793181713942	0.07517812420918973	0.9409995951632211	1.8673992875794534	0.007771484300228448	0.02050370773307214	1.0039906308360833	0.9739559601772393	nan	nan	0.0016672525390713094	1954.7579594273054	2340	5.298784905043246e-05
-0.04248711622467405	0.6393253416990399	3.374956344008023	-0.5880920775378774	0.05620024182994321	0.42343459844607095	2.6591750233975957	-0.6913886541388092	0.0	0.0	0.15702903446873184	0.002164471823660974	0.034440138874126947	0.34513312641769134	0.28811613389626217	0.0011454608891072748	0.01889339479598534	0.1825585716548741	0.13345679213008127	nan	nan	0.0016518311064900315	2104.431299462655	2340	7.764236918991296e-05
-0.042535650509467726	0.6507257776718722	3.428181904936638	-0.6335734586167406	0.047709130989863624	0.3329804355345098	3.425186685292249	0.7989220056325268	0.0	0.0	0.1627358735498238	0.0019376903612416951	0.034714008872865576	0.3239781196806639	0.2547382888502439	0.0006959204066012692	0.019559192934045594	0.12485278393051402	0.17440418649803432	nan	nan	0.0016605988963881435	2048.9115398789113	2340	4.885259085201994e-05
-0.05057849363630096	0.6339122006931501	2.4079522973698984	-1.359461235941627	0.04409613139548241	0.31722810942943097	3.9144465852862353	1.835701218231814	0.0	0.0	0.16067831150704726	0.0020522413307274	0.0343715363736839	0.30983697367366125	0.1335049320109698	0.0005688009812064854	0.019231099327497614	0.10889782132711034	0.1927349692420684	nan	nan	0.0016507427061845242	2179.8718917905	2340	5.626662021899931e-06
-0.040340257852425676	0.6401040941700056	3.694452678219239	-0.381051391472977	0.055706826217761796	0.389256776781126	2.60635437510387	-0.6401203809161241	0.0	0.0	0.15942507648309392	0.002050791901173965	0.03552069408849201	0.3383701073402392	0.322855427985025	0.0010776657521818223	0.018863548427127536	0.1799769013293986	0.1355635499657151	nan	nan	0.001647141770223709	2051.4963237819475	2340	5.606148072719786e-05
-0.03527159451518913	0.6095883112118796	4.267063509900461	0.6530652697266657	0.04836066191533317	0.351199986180167	3.3543282963096392	0.5850145470184647	0.0	0.0	0.16048062288887344	0.001454969637784409	0.03670295122793332	0.24176905213630162	0.3519961952005346	0.0006975512149746121	0.019123637126950727	0.12577239437587284	0.15864973911270086	nan	nan	0.0016575740568438163	2149.084170704311	2340	5.768688674538388e-06
-0.03153183276270566	0.6272681757975338	5.0143101986732805	1.8417910481917739	0.048210463656374936	0.3748630839175834	3.51181809340713	0.654450383515655	0.0	0.0	0.15757821230228417	0.0012413407619251138	0.03928232513220786	0.21559034087680118	0.4191079363691308	0.0006833597195964325	0.01906408742698401	0.12304652635492674	0.1542334334024463	nan	nan	0.001645357627135191	2121.2244154676187	2340	7.567953663008109e-06
-0.03198517068606899	0.6279971138556677	4.849697184625908	1.5416644603579888	0.05487415392234096	0.3952848956407396	2.64406135549037	-0.5585958383863785	0.0	0.0	0.16094797538943784	0.009199976243277619	0.12994483491575437	0.8369037902668692	2.9167921691480316	0.008211631738236691	0.020662882850155467	1.075303853084584	1.0664465667161487	nan	nan	0.0016728339665962877	2098.4508397452473	2340	0.000132210592423044
-0.04314058241752283	0.6955216611744173	3.6776744009410067	-0.649311875114005	0.05489272429122383	0.4102855899390378	2.744459709197318	-0.5107943631066845	0.0	0.0	0.16277438327196564	0.0022310306907445954	0.036697657908703496	0.36507788179824874	0.28962631635792313	0.0011044411268428256	0.01886717174225272	0.17547379724605294	0.1434335591052744	nan	nan	0.0016619366257743795	2097.8291400412145	2340	7.890319788701605e-08
-0.03375776349868953	0.6597601695497466	5.020329596055485	1.2261679803911552	0.048902537438666904	0.3902209148080934	3.5870590795156456	0.5159200519109723	0.0	0.0	0.1599153804553601	0.0013473179408223235	0.038697878380286044	0.2316952325721955	0.38624160545710284	0.0007117454322591588	0.01925376087143374	0.12867859703223572	0.15390135711187836	nan	nan	0.0016555137883720594	2048.7062893984203	2340	6.007357365480605e-05
-0.03225672398978541	0.6250345496786143	4.808065158445615	1.5625534349134256	0.05548049673957922	0.40722987338309335	2.6506945895723044	-0.5998054364516153	0.0	0.0	0.15816280873179533	0.006269406447850179	0.09246795315535111	0.575234425976948	1.9682082022151373	0.01452146339538607	0.020966673406932562	1.834185610510986	1.8081019449274478	nan	nan	0.0016555263865519476	2052.485307829637	2340	4.472901259569762e-05
-0.03592691247097912	0.6562584216497394	4.377464294803779	0.5374390190374275	0.05217683587694144	0.39068124051430375	2.9908604056982933	-0.10798565848188711	0.0	0.0	0.1616567082870194	0.0015964606959449346	0.03805141540976936	0.2566941538417318	0.3606149415585017	0.0008724352939304403	0.018737469576045662	0.14655701777817942	0.14136824993210884	nan	nan	0.0016525713206065606	2007.8103684847815	2340	0.00010994305250089991
-0.05088110731405082	0.5759925926968501	1.9698529437715795	-1.4389555680371577	0.04320607604318427	0.2967573256211135	3.8995104977378325	2.075847050070197	0.0	0.0	0.15844876827681603	0.0020336273439706676	0.032809193742522724	0.2837907117558567	0.11244349080533572	0.0005358778094298744	0.018869266780334237	0.10509746781812623	0.19689227735811968	nan	nan	0.0016508398543363667	2150.7197103042236	2340	4.286363127787163e-05
-0.041230285928169574	0.6314143000753427	3.55952258141261	-0.42866344352995	0.050555044631514834	0.36413249543924064	3.1106314544398384	0.14228450388360592	0.0	0.0	0.15820719774904082	0.0019000387023307974	0.034213584273520725	0.3131595041190989	0.2841872947563579	0.0008223206635209479	0.01907984475328578	0.14147345089119767	0.15568130327349136	nan	nan	0.001654438207653583	2027.593572236456	2340	2.9771065005992227e-05
-0.03465632352100423	0.6138168949913272	4.398763695544218	0.8016008556557284	0.05380052301489413	0.40496521618912507	2.916807713310896	-0.3828765552518202	0.0	0.0	0.16106810007890032	0.0015224619562621	0.03788763458875288	0.2465475671615187	0.38838790038675525	0.000925109025166404	0.01868592306059713	0.1583016481103685	0.13320573739735794	nan	nan	0.0016616770807763998	2076.035044782989	2340	0.00018505134554019624
-0.04227557274574323	0.6321593673546051	3.3446706756930853	-0.6602597179107489	0.04673023050078684	0.3271752895460872	3.554821212073147	1.0468413085376205	0.0	0.0	0.16004443299933638	0.010557501458461405	0.03856235956918197	1.5148688156390713	1.403977709983461	0.012461947166415355	0.15564816101965434	1.1989435995191327	3.442456984164377	nan	nan	0.0016592845178979715	2059.2548065719716	2340	2.6541964204524666e-05
-0.0347096709943322	0.6329240608844354	4.527908984816219	0.8256661551665977	0.055177866129324515	0.40800472288822087	2.7420478269208015	-0.5623499218130031	0.0	0.0	0.16219156464012063	0.007562615761049218	0.08417518196298551	0.8157679913370097	1.937941988982664	0.009744431125192077	0.020354928538934974	1.26959331885691	1.2634897900831359	nan	nan	0.0016639278228306187	2065.16890976476	2340	3.3510228051583615e-05
-0.04261786994019223	0.6512551772902673	3.448858656855304	-0.6041449270143412	0.047820897316528166	0.37878585333413967	3.711325190671548	0.7902240073975847	0.0	0.0	0.15660718673448062	0.005295590157374852	0.037757388322690155	0.7622128653716755	0.7054982714590761	0.020386686754058525	0.2077245660730919	1.961539614041286	4.913864792605086	nan	nan	0.0016508824736711503	2290.7423625638567	2340	7.748318869518732e-06
-0.04192984115479026	0.6114381528530018	3.344806338566678	-0.5935796124734568	0.04606890976557465	0.32571406953295845	3.6494966910622315	1.2387619359197746	0.0	0.0	0.15901772070502357	0.006442761113527706	0.03658210530094219	0.9500414780739574	0.9016017021954721	0.010249961088112491	0.13950302952672253	0.9414999907161197	2.9971064077566156	nan	nan	0.0016595613350609828	2177.25485793324	2340	0.00011910863969561303
-0.04222971124451502	0.6265896704029807	3.2745440456239883	-0.5852744725758132	0.04735123280493503	0.3729424112943362	3.6065384983451625	0.7741586142022606	0.0	0.0	0.15977892081814848	0.0018776058270716378	0.03390933483240938	0.3083653050700941	0.24881637443756105	0.000729384700067004	0.019901304900861838	0.12841248322885335	0.1743218942048477	nan	nan	0.0016656674056099163	2040.8895345258798	2340	2.0900268264391075e-05
-0.030074761731134658	0.580890540623287	5.03100738110752	2.2549920908095964	0.053039332131885164	0.38524489350434304	2.918121336823089	-0.2816237751890679	0.0	0.0	0.15987235276285333	0.0012001699478393357	0.03966959903397882	0.20984825841226007	0.4650419809435553	0.0008458688635221145	0.01844952645516637	0.14925289701068278	0.13081516159103	nan	nan	0.0016539575974647558	2105.6224192424197	2340	5.655007245014952e-05
-0.032959498743459936	0.6299442483905111	4.907297545087329	1.4223790931442282	0.055073562829648814	0.39526813908637604	2.649950244301901	-0.5749671054938454	0.0	0.0	0.15890582241559278	0.0014238895959529096	0.03957490509825318	0.2317621364254827	0.43384811305498944	0.0009724062006599699	0.018517812816727597	0.1645253243036151	0.12485244714739853	nan	nan	0.0016536247285271755	2044.5615219965812	2340	0.00010020762297157478
-0.045539568171027334	0.6511436685762491	3.1071986536115355	-1.0567803652858376	0.04751862932967699	0.34989348288988703	3.5096243966028218	0.7903010958958175	0.0	0.0	0.1589885569417234	0.0020997348360548562	0.03591561383158348	0.3662741474720952	0.21376917930371656	0.0007059297542599818	0.01962255466401247	0.12569748921207302	0.17363539430364416	nan	nan	0.0016534022610153742	2090.7481461336142	2340	8.084722892551204e-05
-0.03303622508484638	0.6271869187948015	4.707200000329973	1.3037782543379295	0.05569613373605797	0.4278434624715754	2.729221787286619	-0.5987104457378833	0.0	0.0	0.16289256420772436	0.006322798046116351	0.0873932162649721	0.6086521564562908	1.8543609524386289	0.007144251292876103	0.020415332287193777	0.9083193383503838	0.8694111826381349	nan	nan	0.0016644631683207234	2123.279146438178	2340	3.416864225340464e-05
-0.03877935347088579	0.6539254679409789	4.047055177707253	-0.04055225581568559	0.05501275399802896	0.38897080009564683	2.6028446357594204	-0.5551073150200106	0.0	0.0	0.16207511202250696	0.001900912594924864	0.036508631555782434	0.30509649131261174	0.3475937627721336	0.0010419035380001551	0.01863094014941455	0.17078450647888554	0.1341668097722018	nan	nan	0.0016602908718083148	2196.882005946047	2340	6.132899109040776e-05
-0.03523339750658905	0.6573864958977108	4.604621252757969	0.7165031523987546	0.05064791879614017	0.4202399710748207	3.458331596205268	0.1725558059588468	0.0	0.0	0.16182933983251327	0.0015129153354466185	0.03840408112505661	0.251104923025685	0.36970175465830146	0.0008040591689637555	0.019170058215579544	0.13889021475611818	0.14746633142788654	nan	nan	0.0016592543359872924	2154.870435250532	2340	6.153715041263756e-06
-0.02481413761857998	0.5452634437529345	5.711290967124616	5.06488464149222	0.05644808059626749	0.4246049665442587	2.6561060052163112	-0.7151980649257942	0.0	0.0	0.16277739781852812	0.001015889656004021	0.041722433096983313	0.19635052184181223	0.6595740343233921	0.0009918402510694646	0.01834531135983511	0.16516564407746248	0.11400118562891194	nan	nan	0.0016619847451680714	2156.8795421729565	2340	0.00010734117072889573
-0.04205576112817533	0.639396192966979	3.3940889088798523	-0.6478514252019165	0.05319241944336417	0.38945056480198126	2.918929872504718	-0.30150312358414577	0.0	0.0	0.15935969668549674	0.002116756072464976	0.035553202497908276	0.3550134849738993	0.2829255810206653	0.0009707688506260803	0.0189435519922192	0.16316242372025513	0.14815249819686335	nan	nan	0.0016515485833070304	2152.5473771196102	2340	1.623981491724978e-05
-0.04240023776954105	0.6513007213499811	3.4372125488674197	-0.5927728141361717	0.05450938458747201	0.43018953543885496	2.923599809700636	-0.46838608370451856	0.0	0.0	0.16149537696799357	0.0021423885909152007	0.03516391537849928	0.3458830219647704	0.28536477456411335	0.0010859677949319746	0.019080254162873345	0.1742481057243741	0.14494832994324003	nan	nan	0.001666548116429939	2183.352899132376	2340	5.342622599327612e-05
-0.036625469800774635	0.6425302224915714	4.271741277863229	0.3594534416275517	0.05522599534214123	0.37200642800845085	2.5190215402990694	-0.5766853798279756	0.0	0.0	0.16043703717374824	0.0017214370361331444	0.03766676497146226	0.27471378322687	0.3722608141250127	0.001004544707902899	0.018503261757130934	0.16842917414085523	0.12985588138907467	nan	nan	0.0016528474490513922	2218.0955234230314	2340	0.00011243686593684475
-0.03380680887859977	0.6140779208669271	4.583356360214419	1.1382340088936316	0.05492471311224301	0.39692078512227175	2.669984427365335	-0.5267741323903206	0.0	0.0	0.16012833984630873	0.0014670763802266396	0.0384027072215416	0.2334741648950951	0.4101241018301472	0.0009749721658028898	0.018404710732483398	0.16212431457329268	0.1267699103830265	nan	nan	0.001659307465220708	2185.1140046706923	2340	0.00013272450030541117
-0.033538234154412705	0.6048737110729111	4.554332779448505	1.0407187799195188	0.04605873699236662	0.3249372976924992	3.6739224878940613	1.2067805449741582	0.0	0.0	0.15919448304125022	0.0013309235621811744	0.03750467128709811	0.22948736964980387	0.37330436278648027	0.0006004432015953576	0.019253842486537498	0.11564168425124866	0.17403688293544592	nan	nan	0.0016519104199562984	2000.0660938574824	2340	2.0984918068152927e-05
-0.03376995255727744	0.6261612152217066	4.682484998838686	1.1697452352595696	0.05554481693013402	0.3976951866875707	2.5892782234552176	-0.6235073795217821	0.0	0.0	0.15831136051817057	0.005684362649542141	0.07682763811720739	0.5700756022138584	1.6038375100678224	0.00654526960993107	0.020567219962142697	0.8655664696016429	0.8114482403691039	nan	nan	0.0016611682080599488	2143.176305279644	2340	5.0564097710719153e-05
-0.036377776367429004	0.6396580243530228	4.3447446704088115	0.40765425061757	0.05045327160942836	0.40003289172835854	3.3343956390556535	0.14846872354941393	0.0	0.0	0.16171377417291466	0.0015744569110457407	0.037058485951527886	0.2632422792585798	0.3507331555919236	0.0008033387160599759	0.019154040793941673	0.1398408955701842	0.1491700076283683	nan	nan	0.0016659343310137242	2229.856727627932	2340	0.00010419046438254533
-0.0420898049235654	0.6709268500568636	3.618620635307753	-0.5901657902538583	0.048948595828241404	0.3848182745542929	3.500877357634992	0.4797517590456876	0.0	0.0	0.1585952286023154	0.001999638463232256	0.035460859396441	0.33530018270451634	0.27383669418670187	0.0007740368873379033	0.019574656308497834	0.13385018592721165	0.16527805923475591	nan	nan	0.0016523155586369714	2003.843864712715	2340	4.597989537135431e-05
-0.042126780872718594	0.6454645794739624	3.49113848519143	-0.6092602245077822	0.04802671147585391	0.3479125172404871	3.468862357354412	0.6868345896770209	0.0	0.0	0.15930230233165993	0.00862757326883934	0.03793535843246609	1.2457927852393782	1.1861570635680183	0.017002513751215975	0.16985781744985343	1.751038533121188	4.107629965784564	nan	nan	0.001661910824171997	2198.9134329325734	2340	6.22048129291002e-05
-0.046830104729352895	0.6430897508005369	2.855680235221408	-1.1331451250805153	0.04496112969073507	0.3440916812896665	3.8614080059299116	1.487053225639036	0.0	0.0	0.1617025570604841	0.0020698530082483013	0.03526314829557475	0.34441976674044805	0.18612609302962876	0.0006261219212697622	0.019741068482507396	0.11473010570298592	0.18877614895522346	nan	nan	0.0016589601270269039	2146.4405941099094	2340	2.083369086171296e-05
-0.03870184002830934	0.6632677307019974	4.107571563648371	-0.03910001044011546	0.05560229209388301	0.4094076903424459	2.731959114903111	-0.6135140254908276	0.0	0.0	0.1588738205646859	0.012921471771125903	0.06894780422436997	1.6297424467529678	2.380713563862833	0.007662051442952067	0.020614984441926998	1.0224575464521104	0.9725292045773819	nan	nan	0.001656886168280386	2109.043527261935	2340	5.7951795251783494e-05
-0.042146589043813965	0.6786992154471475	3.6088248897704274	-0.6548279098715329	0.04428526662494425	0.3266101754129394	3.9048973101838778	1.6897781546370272	0.0	0.0	0.15795211096970693	0.004204128773690308	0.037402113554966476	0.6450299165058937	0.5850683422333484	0.0016835942181405716	0.027846858567809885	0.19458808213139522	0.5546138821350249	nan	nan	0.0016680912234252887	2079.224573820399	2340	0.035469769540695056
-0.033959379151668245	0.6511954807656071	4.761138749797667	1.0088662469639236	0.0466451198694362	0.35251217103873	3.6837515614748058	1.0000646471314625	0.0	0.0	0.15858190354575585	0.0013791917915672025	0.038414622763132344	0.23466683575871716	0.37281054476635095	0.0006391687792487444	0.0194062738004446	0.11946814544080153	0.1685796228254752	nan	nan	0.0016560458593108812	2161.0809820652094	2340	1.696565985076289e-05
-0.04227136398753617	0.6555362961279194	3.656155171125899	-0.5848395248049406	0.04817856237700746	0.36320381776581245	3.509281907296369	0.6836824813073248	0.0	0.0	0.16143460843975652	0.0018809265646289597	0.03490470642999982	0.3266762495672064	0.26453360928215336	0.0007304073947048684	0.019611352127083953	0.12815945854230026	0.17004040314937396	nan	nan	0.0016547320682053224	2053.2565860231475	2340	2.1404018333433625e-05
-0.035377802636083366	0.6632294104515754	4.6212467931618	0.6506734947953531	0.053039529111330586	0.42488005112242117	3.121978533385996	-0.25656942502399055	0.0	0.0	0.1587178462553533	0.0015673102562824837	0.03863938703268888	0.2587405714575395	0.3770873850154399	0.0009091223163508744	0.018893974338701824	0.1539077326709155	0.13730912700162534	nan	nan	0.0016514175989950086	2187.8719885878004	2340	2.01031721776368e-05
-0.031162576087518823	0.5938328270531321	4.922216569964293	1.8464316799214293	0.04237502687753558	0.30783932121561347	4.173816431302861	2.4196685744631137	0.0	0.0	0.16244624148915685	0.0011882337217228311	0.038135954777716086	0.20893448315724727	0.4158297766044889	0.0005135468758553641	0.018797148860739826	0.10354726814039905	0.20021325873334767	nan	nan	0.0016595693185216948	2103.2867535113473	2340	3.4104805954340034e-05
-0.04079354462242657	0.6520852130909476	3.735492499184539	-0.4386111580545861	0.05516008590316446	0.4300840498450263	2.8912005530478897	-0.5420114266228342	0.0	0.0	0.15995786054993727	0.002100697303923149	0.035654415443994836	0.34893783996874506	0.3219265832569887	0.0010756084230401086	0.01893631855993222	0.17522690142972763	0.13904770693821186	nan	nan	0.0016513652184423772	2089.5457740349475	2340	0.00018958192369701587
-0.04210790627628447	0.6920701376789101	3.869417077146673	-0.5688362653786455	0.05086876632203219	0.42238984570449534	3.4653931316264908	0.11702805613969541	0.0	0.0	0.15976095247444688	0.00197906406540993	0.036175498391544436	0.3415367670179259	0.28100219545433186	0.0008654727310094534	0.019532473353211538	0.14671572052062687	0.1568172522848452	nan	nan	0.0016552851290333181	2180.0474923543425	2340	2.952090575032368e-05
-0.03341263957085483	0.5871009677256902	4.445898276645498	1.1715991463597588	0.055415737053710945	0.4084693612634698	2.6549544916999213	-0.595742732459675	0.0	0.0	0.16124975992430013	0.005358115788906326	0.07414239980469006	0.5473052591982386	1.5571158899415276	0.0041167969718548525	0.020236564906912308	0.5436812801004549	0.516302477989137	nan	nan	0.0016703735209613602	2092.3188284639878	2340	8.445624314854925e-05
-0.0399682840337372	0.6543059360592025	3.898969959535208	-0.18249413465696254	0.05545381115203796	0.40285866783552143	2.6918894217395395	-0.5634684741867299	0.0	0.0	0.16219109662302444	0.013750452270634594	0.05743811172314617	1.7552115630568825	2.327642775396118	0.019243087408793658	0.020083927332852497	2.3780973881699934	2.4691602366391425	nan	nan	0.0016564326468921503	2109.6558117640093	2340	0.00018087260949574334
-0.04605046085584408	0.6622940534452477	3.0724118620276206	-1.0374605462090893	0.04694136300612839	0.35648600229569205	3.6226881692798814	0.9590745461831167	0.0	0.0	0.16145108411080294	0.002096753655820127	0.03551774241377148	0.3506570786611942	0.2060040165911571	0.000692292866379618	0.019720068480429787	0.12278613130963767	0.17679175433608418	nan	nan	0.0016534521591053675	1985.866477577585	2340	2.980048022259236e-05
-0.028032954333975235	0.547695630830531	5.14586372633541	3.245673735955866	0.04351722016233528	0.310307153512467	3.9828101533902185	2.058297156382468	0.0	0.0	0.162387139464502	0.0010236432883531377	0.03828741562585347	0.18948200974014862	0.48556624839479257	0.0005224478226064644	0.018603423935581676	0.10380562018519868	0.18680308918693614	nan	nan	0.0016547113446370304	1998.3580019375133	2340	3.878296439544085e-05
-0.03444996501606867	0.6429648060074353	4.61149253772096	0.845793093939274	0.050509731728831	0.3781774969800054	3.2608855081899515	0.1769328948293967	0.0	0.0	0.16017159413225726	0.0014623566278245126	0.03868045250036145	0.24616925276751678	0.3775282123044598	0.0007666159785637561	0.01900434096619183	0.13686044131249409	0.14687618237713404	nan	nan	0.0016520293194039748	2038.0761103762175	2340	0.0001203376427625027
-0.041118230890489826	0.6529955257732346	3.693008163322935	-0.4452676189583607	0.055299512577786425	0.4235587697650363	2.8122654640137608	-0.577482591640105	0.0	0.0	0.15999634989402223	0.002114457650261359	0.03531131672270754	0.34538747010091075	0.31747027088139645	0.0010933750063977232	0.018959853052780334	0.17782510736598045	0.13869949376882393	nan	nan	0.001660793969137278	2161.7182498623247	2340	9.721067095655124e-05
-0.032809603736386084	0.6289252490496711	4.835600071708221	1.4092844664681252	0.05004436084827946	0.4039662131254495	3.430892105320625	0.25622853815854507	0.0	0.0	0.1613463618019883	0.0013283180047471421	0.03876268861694099	0.2236971216170156	0.4018960951342493	0.000762594813781825	0.01909061966124964	0.1347784459703456	0.14670824970584137	nan	nan	0.0016599659248589665	2039.3239453876508	2340	0.00019985149024773094
-0.041178516633892714	0.6636991312321523	3.7631328509349258	-0.45708226421218723	0.05595890732845965	0.4346711901452131	2.8224329167621063	-0.6370377729812084	0.0	0.0	0.15669621649512167	0.0021409467867480325	0.035659466169138676	0.351764023596137	0.3211784107353437	0.0011205587982405785	0.01901993736297572	0.1811520547873069	0.1364006862755393	nan	nan	0.0016499727999071678	2163.673560311325	2340	4.6702780227579635e-05
-0.04210975977598308	0.6610658092258292	3.5425500393225953	-0.5960822580965767	0.051504489824998556	0.41802297880534445	3.349997749875675	0.019808994846665227	0.0	0.0	0.16082565459369097	0.0019678184158989365	0.03557707397937726	0.3321841069329907	0.26724307407427683	0.0008949599921432849	0.01934576934802687	0.14988024835809388	0.15526684865970683	nan	nan	0.0016526399834260602	2010.2446590087636	2340	4.2697213685422494e-05
-0.03213898548900096	0.654642758060162	4.98094730950691	1.5113346304179998	0.04816242140270521	0.40096424137806913	3.6297343077714963	0.607215827190192	0.0	0.0	0.1622423604764291	0.0013142772214059795	0.03999671811752514	0.22633103298238133	0.40730804138000043	0.0007125401690705191	0.01943337028623182	0.12744116299712083	0.1557206275984569	nan	nan	0.0016648120989394138	2061.474273603463	2340	5.6096259981586524e-05
-0.042059948636660405	0.6864233599627001	3.7056982898637174	-0.5810618472543804	0.05384713180228906	0.40421328388834876	2.8574325287036224	-0.4118085691427446	0.0	0.0	0.15629037062476075	0.0021857632242310854	0.03637438711748098	0.3597022114906334	0.3005247791952493	0.0010281541833059293	0.018916616295928362	0.16895546364877267	0.14503600449595042	nan	nan	0.0016521812933363994	1994.326750742538	2340	2.4836442106362645e-05
-0.04136669248213831	0.6627694114664306	3.7712702662848945	-0.49053221446884904	0.050348204618703374	0.40098374390137026	3.371667127419722	0.19807771658450976	0.0	0.0	0.1597504720781706	0.0019417873268056662	0.03545807709024795	0.3322392306706341	0.2890491676044306	0.0008354847998557347	0.01935613925163826	0.14164391458708425	0.15753712660417524	nan	nan	0.0016577183158320574	2126.2727137313695	2340	9.722754561643362e-05
-0.04233969668502646	0.633133191462099	3.5085826156311937	-0.6006074948320319	0.04496614730649706	0.34190432146952104	3.9456870904606847	1.5551211831571126	0.0	0.0	0.1610828020353719	0.005251284075028839	0.036933666923851693	0.7897511477344723	0.7352163547247721	0.008304509839272	0.12540002455811888	0.6942926820471349	2.614626843598785	nan	nan	0.0016655299750169966	2120.770046747767	2340	3.7999713314483544e-05
-0.034828176965209456	0.6459884263867579	4.567046731430774	0.8441788371660467	0.048980085312913424	0.40435998040001636	3.6114634707931255	0.49535727602213875	0.0	0.0	0.16180765385837992	0.0014526210762218494	0.037852438018691426	0.23843194378326382	0.36668099003253934	0.0007382965804613173	0.019311974979406205	0.13010044747890426	0.15520654771283762	nan	nan	0.0016548413521716293	2107.037996730118	2340	0.00019976347683835194
-0.032789080474730836	0.6411900835958784	4.9310310040496885	1.3509165833476395	0.05059021955549903	0.40811924088936646	3.3901006110711185	0.1618987413488798	0.0	0.0	0.16107381379655342	0.0013553345748717471	0.039507188684804684	0.23222674421964307	0.4083063960717522	0.0007807990000029408	0.01902414321116419	0.13706912457691778	0.14431641415294863	nan	nan	0.0016556542098101062	2078.130359852474	2340	0.00011516142493703702
-0.042438298720364975	0.6755099554273851	3.601652981529596	-0.6066745807793961	0.05510797851052085	0.4263551478695736	2.8147545448408318	-0.566733683107483	0.0	0.0	0.15892847733394094	0.0022108499769718515	0.03602564240946171	0.3607474346973003	0.29639529438912193	0.0011206114474957563	0.01910129068837299	0.18006594414373112	0.14212726965538044	nan	nan	0.0016590453250416998	2139.3197231425747	2340	2.8609820093289756e-05
-0.040721722811994265	0.6288243529575029	3.495606390853098	-0.3819927906030572	0.055814594412136875	0.37382629881296514	2.4121116894250894	-0.662152045010976	0.0	0.0	0.15931387015385332	0.0021361850484768463	0.03491717012969636	0.3345309922098352	0.3222952341665565	0.001120844635566054	0.018648965132532475	0.18081482062258192	0.135488488370331	nan	nan	0.0016514526797977158	2074.377363613495	2340	7.962048617750811e-05
-0.035733887573783485	0.6451911397915895	4.460241848100695	0.6558037518647026	0.05340915732587481	0.3879726980937253	2.8855865869671025	-0.31956581375007	0.0	0.0	0.1591330888918884	0.00156820905136279	0.037829206936109305	0.2524701772983575	0.37147498356232855	0.0009013940612749849	0.018672631908647347	0.15542312216476062	0.13563780055089356	nan	nan	0.001655906880091207	2095.1541053730944	2340	0.00011854364504123616
-0.026891867416175774	0.5414953001345371	5.331292304641153	3.7707078611032863	0.04101289171010203	0.27920988014762327	4.2004645078298575	2.999651652740412	0.0	0.0	0.1604615735089027	0.0009748900726358478	0.03829713395906659	0.18538769395583277	0.5155176254550828	0.0004714304137822811	0.017909976015052065	0.09712706250562908	0.207900881646381	nan	nan	0.0016562912303337285	2075.982032455069	2340	0.00014054980173435757
-0.029060242571204875	0.5989743997173498	5.330804113610055	2.740262653625037	0.042436040475296366	0.32085547353767424	4.2286516670599985	2.3636821464684683	0.0	0.0	0.15964131271467635	0.0010866221626960604	0.03903258358794154	0.19886873122503923	0.46212093092559214	0.0005154175322582555	0.018843709893528404	0.10437770269272528	0.1960007881494967	nan	nan	0.0016508747945119667	2158.5406342044244	2340	9.004229213737384e-05
-0.030929752019727808	0.6058203139345468	5.028266589688983	2.001585938384011	0.04349895728263098	0.3337505315739764	4.0829268339927625	1.9613004653849497	0.0	0.0	0.16026251073428308	0.0011783830313384924	0.03856692554138441	0.20836959437314295	0.42201444148082184	0.0005469721052987486	0.01916703348180418	0.1079477711513952	0.18789489004962098	nan	nan	0.0016534400346894657	2083.7302107841706	2340	1.0999979019371737e-05
-0.03157625981771406	0.5948399938603156	4.803308407634147	1.7209138481899506	0.04562854982584841	0.3442578824287719	3.8037213091464306	1.2797634462213006	0.0	0.0	0.16164019352255424	0.0012148363940490126	0.038099568662804506	0.21023217097908464	0.4071076886981106	0.0005998248216388946	0.01928861682734223	0.11499617572456589	0.17305807549660243	nan	nan	0.0016621164730649673	2067.96215038009	2340	0.00010197132924132237
-0.04208822726199468	0.669890891143003	3.612494390958055	-0.6401541272414619	0.044896710686274766	0.3407782103746169	3.945135702941831	1.5575738187988544	0.0	0.0	0.16074591866690094	0.0018772254984231185	0.035352218092978394	0.3278048763274437	0.25451057254302395	0.0006224471628947237	0.01987127866796004	0.11542405265988531	0.19378320313542202	nan	nan	0.001656122403461649	2127.078724753046	2340	0.00010540854107972294
-0.030429929793896582	0.5401238782642324	4.7196967334047875	2.1521300917802995	0.045165515448786	0.3107279038832981	3.800781327988628	1.5479198124070181	0.0	0.0	0.15923480721730002	0.0011218952040122354	0.03714295305527532	0.1967721731199905	0.42769849768171764	0.0005526914062348176	0.018804562686948523	0.10909548506723743	0.17805820551888557	nan	nan	0.001649959457097283	2187.5761736056197	2340	3.8742718920523335e-05
-0.04393881995770921	0.6962073058078957	3.4113123641545933	-0.8025698907499027	0.04745380461112059	0.39586497079665806	3.7789118553721632	0.8170435187514606	0.0	0.0	0.16047258423108873	0.0020719143800301265	0.03607133740676072	0.34123850187877425	0.23806530165604287	0.0007379891854033538	0.019998239893311315	0.12823150863726962	0.1747076778594397	nan	nan	0.0016552519564946439	2084.3653316451782	2340	7.336728491694952e-05
-0.04208768336030544	0.6393194797495185	3.4425231732090955	-0.5687742920033286	0.04789101180805733	0.36691544905513207	3.611276982012157	0.7514840634744255	0.0	0.0	0.15733462229133938	0.008758705444936954	0.036922304779603676	1.2346317884210438	1.2093492567928283	0.014145424465033196	0.1439340316885031	1.413070982337473	3.406580572925649	nan	nan	0.0016536139806728745	2107.255862676211	2340	8.6030639087575e-06
-0.029152975870420983	0.59051308691329	5.073976223903943	2.650791272504056	0.054773166784451766	0.4020766798923294	2.7297553903203307	-0.5142635726660322	0.0	0.0	0.16027822904922345	0.0012110619936176459	0.04072874504560853	0.20491106122339753	0.4983776386960278	0.0009396218189531291	0.01842200762553875	0.15909845275781476	0.12370877903636543	nan	nan	0.0016557268213556325	2046.9122722314282	2340	9.778110562488359e-05
-0.042630943371491425	0.6746760697194465	3.719717450357536	-0.5969790333541573	0.0553076709558149	0.39809550802236027	2.684484948269178	-0.5990258421961896	0.0	0.0	0.16057129327580502	0.0022058688842002128	0.03576317088261566	0.3658101446396609	0.3042958423246095	0.0010899190480009313	0.01901247409062251	0.18060245807829634	0.13982980633886372	nan	nan	0.0016594262983919972	2048.8646228175567	2340	1.0228510722423182e-05
-0.03162356627337448	0.570590198215819	4.684062500203336	1.7012256197460895	0.04401649362593929	0.31572301433321787	3.873225190582969	1.7985635326499707	0.0	0.0	0.1587463578476901	0.001189997965032441	0.03708638803667719	0.20563189484820166	0.4017494087814427	0.0005489706022457908	0.01897736342831055	0.10741509962535178	0.184884956289042	nan	nan	0.0016546401698108448	2154.0098632932645	2340	2.140276152717184e-05
-0.042213184950038674	0.6880282393864272	3.780339277564333	-0.5633239719459645	0.05509278196573564	0.3974419292079412	2.7155601857706695	-0.5422691621402389	0.0	0.0	0.16266705253298563	0.0022228218161775004	0.0362368209425839	0.3649253340495793	0.3105304710722607	0.0010686517166034193	0.01887917007323972	0.1757531288252685	0.14041085712656262	nan	nan	0.001655444400123704	2085.2433835526426	2340	8.382943175370404e-05
-0.03614643415923313	0.6373172890520502	4.299678293998203	0.48556796505190386	0.05542083693410649	0.4285360459828635	2.821757906237293	-0.6031130300834034	0.0	0.0	0.15820468437243504	0.007640688706194831	0.07193881342400016	0.8730559896620997	1.72720184122448	0.005075309273872675	0.020642011299522756	0.6772262254646377	0.638993457391013	nan	nan	0.0016638338138658254	2156.13463479112	2340	0.00013550738634956575
-0.041525987333419945	0.6125270736635651	3.378085210538911	-0.6006063949644851	0.05479052636292603	0.38819990262645515	2.6637274333555574	-0.5437034746541084	0.0	0.0	0.1602031922039157	0.0021125278906774514	0.03488549185366835	0.3594161928654165	0.2989390957780959	0.0010630904549531195	0.018793837146912823	0.17605194420195192	0.14098448727130738	nan	nan	0.001659953659898128	2082.5980613950414	2340	5.126533349449951e-05
-0.03437736778079581	0.6443910660551927	4.60438142676574	0.9530384149889017	0.05412211361975561	0.40250927215553867	2.8028097770519023	-0.409913028673081	0.0	0.0	0.16317710829572812	0.0015223398229382012	0.03895153300288723	0.24292562273088247	0.39739202589544154	0.0009514615380931124	0.018605292498879017	0.15837400838704419	0.13160823072135985	nan	nan	0.0016593252277135873	2130.3645159911293	2340	0.00017084201769909595
-0.04566727356686462	0.639673496555688	2.957783472366393	-1.0200190652588712	0.04702771694316232	0.37044112385280326	3.7524116210074716	0.9577324577049036	0.0	0.0	0.15861218076949027	0.002082539135935091	0.03487738846451449	0.34657826902154776	0.20654213089433526	0.0006958310959578329	0.019755613198170846	0.12357182072529449	0.1768958814973657	nan	nan	0.0016498848753140477	2127.6999649386044	2340	0.00012722752335384447
-0.0333481738794984	0.6020874997044565	4.506943487395672	1.136408221543204	0.05540088430693113	0.40179961923848556	2.660153249018442	-0.6145599436343201	0.0	0.0	0.1602231790786078	0.005460686433924	0.07412464289172233	0.566952338975133	1.5560513653105272	0.012047244355478992	0.021155206475552274	1.5779428414708554	1.5234219090908174	nan	nan	0.0016634573731741514	2055.3228319975924	2340	0.00010835357148092565
-0.048298594343058276	0.6567745511108927	2.8640211541167613	-1.233833247516415	0.04210389491567135	0.23463100438976303	3.8633699623331825	2.7663313577174002	0.0	0.0	0.16078434466262068	0.007102400224952843	0.060918296607907374	1.0977651077762864	0.5964161243585775	0.00584056808883926	0.14290999024083084	0.4141968894425221	2.9950834998473623	nan	nan	0.0016683255800987867	2094.4123726643857	2340	0.0001227379561302193
-0.034584212364514366	0.6564901149492	4.731151240110859	0.8179014480643813	0.05543803772618516	0.4319574954609293	2.8681282057848283	-0.5700043855312164	0.0	0.0	0.15990685012485853	0.0015890784491467969	0.039498354493343046	0.25938267261210557	0.40914343625083566	0.0010070089498607215	0.01874210110416019	0.16738253178731077	0.127431448201124	nan	nan	0.00165271058510294	2160.119130607483	2340	9.887128866429395e-05
-0.03467015180830513	0.6238199605277444	4.58635638034999	0.8771474526732741	0.05345934936388819	0.38562613137251867	2.9116750701530805	-0.32664535882255896	0.0	0.0	0.15864741202543245	0.0014681646586665598	0.037884342196578547	0.24233968040366705	0.3847871368288371	0.0008788246018169854	0.018633482122393824	0.15475366208721963	0.1338164169399628	nan	nan	0.0016505936743213545	2058.0015334933782	2340	0.00017785664427687726
-0.021528173745596457	0.44596539661771645	5.636285090889789	7.642387851118865	0.045835744383299515	0.376462055568698	3.8418541631367953	1.2187815850776018	0.0	0.0	0.15755038482350545	0.002030835178324586	0.06438618550804068	0.19811424530439048	1.9199625299042218	0.0027220054875303212	0.03577445190235812	0.2638251938671128	0.715401557528955	nan	nan	0.0016373965190068507	2208.751444103713	2340	0.019573806567731795
-0.04525706605167379	0.7092606780003498	3.4723106928713507	-0.9158801276759891	0.04317219268362238	0.32110401053954973	4.035162037764624	2.070296562854883	0.0	0.0	0.16141859786696847	0.0020173494186657703	0.03585228134983076	0.34229171290042837	0.21925691284652662	0.0005762971014939833	0.01975367430739458	0.10935042102113113	0.20551022155809834	nan	nan	0.0016596778775015142	2122.6926886059887	2340	3.580752007718027e-05
-0.03498738472555496	0.637769262818169	4.525101964824207	0.783802865946718	0.05353362310266996	0.4241884029462348	3.03595468658194	-0.35753744822023903	0.0	0.0	0.16030171072298374	0.0015300385162350105	0.03810741503203813	0.24810770307686214	0.38307391157554627	0.0009327364773484836	0.018860916238358838	0.1584566534790528	0.13463835507892977	nan	nan	0.001662062789123675	2032.8659640132203	2340	9.388530231227111e-05
-0.04303223469827189	0.6616477850605386	3.4956180069191567	-0.5962422323375207	0.055232951340817626	0.39604583763366324	2.63792205121908	-0.5440124995643009	0.0	0.0	0.16127234293427042	0.002144109419912499	0.03513944584057821	0.3432689528523203	0.2814588546458656	0.0011062814095458284	0.018746257402013827	0.17621280448173415	0.1415825177832676	nan	nan	0.001655708618320581	2128.889722706811	2340	2.107937448594365e-05
-0.04269908503042563	0.6907046358393693	3.7782337986481833	-0.6464366725219262	0.05503396561992768	0.3920389186617143	2.734357208610806	-0.5457940231476045	0.0	0.0	0.1603461483645117	0.0021887402715922155	0.03675949693978342	0.37142890998442635	0.29655486255432195	0.001054983403908305	0.018905958588483124	0.17692780873981118	0.14137572206628435	nan	nan	0.0016571499778918891	2074.690868811647	2340	7.013544579435331e-05
-0.033940307302718464	0.6250944205793283	4.6062549719605235	1.0518999062276069	0.04604945992834075	0.3633624803517635	3.7582968913374315	1.1496204073111076	0.0	0.0	0.1609211917370758	0.0013570527109817432	0.03750029819119066	0.22778230948132938	0.37075062864102337	0.0006364452692475542	0.019458429466817	0.11723533184244705	0.17063380428430963	nan	nan	0.0016587310692248447	2119.6911670243853	2340	9.587227832443685e-06
-0.03241526742820233	0.5776613674039911	4.5025014204773575	1.5217614875269008	0.0553065120625722	0.357760878515235	2.3556335922072744	-0.6170387753002013	0.0	0.0	0.1622195334025724	0.005300680074422082	0.08056616142854814	0.4942987436144848	1.6620789613390667	0.005268574667870007	0.020208101749619872	0.7089686578873005	0.6635444991021453	nan	nan	0.00166982032396637	2182.2443856882082	2340	2.1906338627780544e-05
-0.04203435133508804	0.6281435417868042	3.464511125901625	-0.5737608168302826	0.043860533017781034	0.31668170671070806	3.9644800665952165	1.9533808119491876	0.0	0.0	0.16022209112439684	0.0018168570958561059	0.03348540954098672	0.3116248612973591	0.25482000890980766	0.0005816461313380428	0.01953264395683893	0.10925057435314223	0.2022835174040625	nan	nan	0.0016434929420731381	2018.9385007398148	2340	4.841367074823761e-05
-0.04214981403064244	0.645769309972625	3.3903341116956542	-0.5935931877044545	0.055312459534867076	0.41182012981350086	2.643560680640041	-0.6020539596588571	0.0	0.0	0.15983108322343104	0.00912655606294055	0.03719170592169185	1.2699421058872604	1.2236612881333868	0.006798470725362882	0.02043571580573475	0.8783458117856642	0.8375721986141567	nan	nan	0.0016704993394559137	2142.988498665941	2340	0.00012251760034637775
-0.04276407710659924	0.6479612161814915	3.3875606859202905	-0.5896389431625901	0.05010626490345005	0.37334651789963896	3.224054705120473	0.27608996958673787	0.0	0.0	0.1626057744684659	0.002015423627922064	0.03438924283657435	0.32316790448935784	0.2639218171217402	0.0008201745545594052	0.019263242198116093	0.13845195001326593	0.1603343523931694	nan	nan	0.0016525288449504988	2036.1116356604882	2340	3.8886568924224646e-05
-0.032360949263145145	0.5800885118511074	4.516245726665736	1.423912435788033	0.054850165937649686	0.37174596914666724	2.51647228021414	-0.5668800269746586	0.0	0.0	0.15741306146526102	0.0066100145589485515	0.09338556624705216	0.6426167097848487	2.0576963052467994	0.012506728056203453	0.020270680146671965	1.6347194596480539	1.6416455775939485	nan	nan	0.0016568479410379172	2037.8169192867936	2340	3.8428611970411065e-05
-0.0502789651467519	0.6252131651172099	2.3187249132572028	-1.4139169358323134	0.041589787106681264	0.27245639607046973	4.020152132744147	2.683805487016496	0.0	0.0	0.15867339367279215	0.002005624701022557	0.034388026925542436	0.30579287943242184	0.1249155227140145	0.0005007612072819301	0.018550641629613812	0.10062048124781242	0.21317452057535083	nan	nan	0.001664344510388202	2128.5584075015972	2340	1.3475259881485056e-05
-0.04221445333672913	0.6459142957508102	3.454090747232973	-0.6071271973279467	0.05231163697935459	0.4012192027093639	3.087119451924674	-0.14080833778987373	0.0	0.0	0.16145774771722488	0.002019726526590049	0.035302928702697634	0.3378720820576451	0.27262087527216955	0.0009360189905467386	0.019076051445262004	0.15546628877431212	0.1514985299272864	nan	nan	0.0016599832151925203	2114.1996857230456	2340	1.9238165433993122e-05
-0.041545949334790166	0.6507724961343537	3.483462822594061	-0.6000419140735025	0.044919800829425816	0.3230184194709492	3.8024236210730775	1.5101421867534648	0.0	0.0	0.16013408172020263	0.008440539116122303	0.038205673687824016	1.2229751141347787	1.1678284343003185	0.004991540014770868	0.07779263256699159	0.44647261372092073	1.5961745251260457	nan	nan	0.0016627223603697117	2180.7777617390434	2340	8.515184281200157e-06
-0.029553425756282392	0.6150272379957169	5.331211786966038	2.6953286597155617	0.05391961755462349	0.40948218263806735	2.9602481130346083	-0.3523430371356559	0.0	0.0	0.15971084334069788	0.0011817952114406838	0.04030102761973908	0.20555602536868056	0.4844492662070641	0.0008841637694734228	0.01844173129556373	0.15183959206614261	0.1278683928348491	nan	nan	0.0016480590870731615	2112.4455687034306	2340	0.00012142017768517693
-0.04181449146101368	0.6557122899338986	3.6270451833699875	-0.5424953833836896	0.05538110940629282	0.3991142677253995	2.6239442321211968	-0.6173651125303404	0.0	0.0	0.16048379897871656	0.009970039369600725	0.037331029733817966	1.4150800960265482	1.4267430887858	0.010121181497153242	0.020940070915360043	1.3306945447744907	1.2715330833627252	nan	nan	0.0016651183266274128	2151.6268672907445	2340	0.00014751251029482114
-0.042835264386008265	0.6998530233107636	3.6854024422288068	-0.6329983040391387	0.05327804278415682	0.4283880675461784	3.09226023590063	-0.28424268808483216	0.0	0.0	0.15964278883619715	0.00218437865937654	0.0363626542771015	0.35639805588612883	0.2854191757995855	0.001010428743154157	0.019154152227439936	0.16372077858242462	0.14916113357541094	nan	nan	0.0016552838043971119	2085.5765632391044	2340	2.7738733291987693e-05
-0.04213683726279538	0.6727864908070125	3.6141236877066243	-0.5892364004379753	0.05045864091528496	0.3941216713379812	3.3352767517613047	0.16376154267522436	0.0	0.0	0.15950843018005964	0.0019842240539196254	0.03572338415263698	0.33340094333861825	0.2703675721579491	0.0008419138364879064	0.019494717758272828	0.1442628257409262	0.1587636766217316	nan	nan	0.0016590984857822594	2160.79250184814	2340	8.40779481873623e-05
-0.03624508774779578	0.6456117400327073	4.2354805741680925	0.43838074153803186	0.055068310809398335	0.38247426097902176	2.5339207605758567	-0.5472932824988431	0.0	0.0	0.1607507798864355	0.0017123532505509687	0.03802139597697507	0.2683113098725902	0.3740078705844257	0.0010224272709407067	0.01847699096246269	0.16639413335786535	0.13041648565130565	nan	nan	0.0016504368614777692	2179.6407012128866	2340	0.00011346708744950155
-0.03572557945710586	0.6673963759424386	4.666203426775045	0.6227217504893208	0.05554310184761646	0.42868575611132387	2.8484253223397706	-0.6123134736912628	0.0	0.0	0.15827663624875518	0.0016372475850793822	0.03873908229874623	0.26436795297570104	0.38984183835048714	0.0010193038936706644	0.018884886998968786	0.17168684768466358	0.12807667230656558	nan	nan	0.0016522985461175643	2209.19105436631	2340	8.628454949986607e-06
-0.028991017293841348	0.5951742486475198	5.188119613480831	2.674061307892901	0.04577413740358338	0.37978277083700185	3.95123919384663	1.2305382845685648	0.0	0.0	0.15962661636295916	0.0011096312393810703	0.03969578469478807	0.202955772941936	0.4643287197417419	0.0006147849128015359	0.019350765282949794	0.11605235803403113	0.16760619701112167	nan	nan	0.00165320436949222	2082.865715719994	2340	5.0953694234599995e-05
-0.04272450070474587	0.660054325736354	3.484571010783868	-0.6561248655766365	0.047789793598827845	0.3844884820975092	3.705505399732062	0.7777525591901068	0.0	0.0	0.16001602502240814	0.0019807371036973387	0.0348875555469812	0.33218321479028257	0.2587128637635727	0.0007331370068238696	0.01986794590197427	0.12835250618131466	0.1731627382921528	nan	nan	0.0016511428798026972	2023.3487811730038	2340	9.15932409210882e-06
-0.035947836489565343	0.65349991598427	4.527818089760211	0.5867603533243818	0.05240756661356105	0.38462880386148574	2.963055984584242	-0.15763806665330327	0.0	0.0	0.16040612405462518	0.001558669364648324	0.037817369960905456	0.2567366333275052	0.3646639801879352	0.0008642111784621376	0.018721917583531866	0.14801828720367372	0.1393726325336342	nan	nan	0.0016541978207378905	2094.5515987858153	2340	5.5467311448202476e-05
-0.042751901075191556	0.6540615951264176	3.454796751961377	-0.6604069340407651	0.04936265280060148	0.379838048163664	3.452276955582434	0.4177607444748124	0.0	0.0	0.16036098230884896	0.0020154577911606353	0.034883789605048454	0.3369814844946557	0.2630736597681913	0.0007829775692264063	0.019575396511043508	0.13603320709714506	0.16471857295874218	nan	nan	0.001654230584650987	2192.966096357862	2340	1.269835122969912e-05
-0.03829784803265357	0.6661048153014818	4.1305911911926305	-0.0028740533127388163	0.055302937626254156	0.41587914466019654	2.7813199033132454	-0.5808035154997458	0.0	0.0	0.16006508602855796	0.015178942586294208	0.08124042898472017	1.886001915950793	2.8439063790476546	0.008213639946616502	0.02047320985562942	1.0820410262286826	1.055198017008986	nan	nan	0.0016593553878552492	2041.4257548267542	2340	5.4896971386387076e-05
-0.0361175174823396	0.6773801825787676	4.802542501556971	0.5700525592778264	0.05547954949648193	0.3980552816124049	2.752226627634661	-0.6110449685630728	0.0	0.0	0.15670214423933848	0.00815932110462747	0.07953940302567414	0.9450041069299975	1.9399077737857418	0.011774152292595486	0.021261705712027346	1.6013301957249848	1.550110444178474	nan	nan	0.001654268647585777	2103.7270324432293	2340	0.00010475871518439263
-0.05221136121262293	0.5778088992753181	1.9760399675222329	-1.453191950446808	0.04099069083957363	0.2369377274162368	3.9346984516974484	3.1274896688640643	0.0	0.0	0.1622130414946542	0.004394170206273085	0.04668436339883697	0.5896580145204786	0.23557201318838533	0.002080352727042767	0.045725387406364615	0.1779123456312628	1.0518303314716284	nan	nan	0.0016710367142308835	2190.210519584387	2340	0.005547353616666691
-0.032262900513599035	0.6466271897521301	4.95851347287625	1.5529603843455229	0.04946864423242858	0.41474214800515413	3.5949297550786663	0.38910669254193114	0.0	0.0	0.15811446882779967	0.0013154131826224047	0.03949887904965099	0.22178181664247143	0.4099160251253914	0.0007439485623945696	0.019250681573624417	0.13201063907859534	0.1493510224294928	nan	nan	0.001650851095890471	2060.4119673648574	2340	6.443800125381855e-05
-0.03256152284633085	0.647564940740428	5.0328438203341355	1.478795270933489	0.05533860817031111	0.43023321326213015	2.8238760074694684	-0.5643253737091906	0.0	0.0	0.15968478782923481	0.0014253788021029723	0.040374020998556026	0.23379703926338058	0.4413878452567458	0.0009932947475962406	0.018588962581232826	0.16406227659461958	0.12464661562634512	nan	nan	0.001655026432997836	2060.2944348526294	2340	6.604077158770394e-05
-0.03675994810898109	0.6640163349945608	4.33166621209699	0.3192770554188351	0.052354465522943094	0.42150080565915576	3.172970125926488	-0.15732161659259142	0.0	0.0	0.1612784158397661	0.0016720132306590196	0.03771875461025764	0.27179045611226416	0.353021016813591	0.0009010501712160002	0.01906590181897516	0.1520927963121359	0.14259726845137166	nan	nan	0.0016615092015781485	2037.266861084027	2340	0.00013662786712818832
-0.028948560510623556	0.5559519890316176	4.997685102186217	2.731992376350523	0.04606779544349915	0.34033299445063314	3.6761305085905867	1.1576495373568385	0.0	0.0	0.16151252967886262	0.0010803134420690474	0.038651208186663844	0.19701596743932281	0.4635460682458473	0.0005994921734820968	0.019031184170818755	0.11421563739707907	0.1665480068016214	nan	nan	0.0016637927216780202	1977.8938600457334	2340	7.90975618484271e-05
-0.03212449430376063	0.6533597170066425	5.004155561804544	1.541700354252737	0.055178023068658044	0.4296237561164052	2.817655901167014	-0.5857501097995834	0.0	0.0	0.15805744826314785	0.008219701677241065	0.11750734683542485	0.7428504939119853	2.5792050815130865	0.006627744274172009	0.020835635563662303	0.8678978387921428	0.8371599412872446	nan	nan	0.0016631180632743908	2128.322673298591	2340	0.0001381962982201023
-0.02308836711848128	0.4538990018424057	5.452125174088503	6.135436181401006	0.04347811462728002	0.30702960755283176	3.9211888068432477	1.9795377943190693	0.0	0.0	0.15772417597369753	0.0036209002403849166	0.10046034409883903	0.24953546124089065	2.910908610996439	0.00408965291836616	0.06749460568960361	0.35359907401416013	1.465153595100518	nan	nan	0.001654934611018441	2029.6490358006656	2340	0.0009671101611673885
-0.04204142344006834	0.6478070778468329	3.631527148195046	-0.6045666775584945	0.04592732886023687	0.3448667212392004	3.8176110339851133	1.2545940112359855	0.0	0.0	0.15909791179604466	0.0046540211729057535	0.03797528836494457	0.7215757520769921	0.6626193644955359	0.008969004469437825	0.12225970157386587	0.8133929729111946	2.6047506055874052	nan	nan	0.0016601037332654583	2058.7899751315294	2340	4.912707654024743e-05
-0.041905590202730436	0.6161568546387867	3.359166778629215	-0.5780453015487246	0.04726903510385627	0.36428205733196534	3.650834797041461	0.8787259392087099	0.0	0.0	0.15930159340889155	0.0018497355132388038	0.03374541381717189	0.31510601145226413	0.25720464936262066	0.0007051684748635711	0.01976652346142818	0.125245012747621	0.17560927029476497	nan	nan	0.0016510239291418899	2130.3233436579153	2340	7.056570851741984e-06
-0.03753525976883265	0.655120728601948	4.296385479351641	0.21859650493054528	0.047877152269053536	0.37689216692881744	3.6869481268971693	0.7597574040513815	0.0	0.0	0.1590698440323505	0.0015847599139195423	0.03612473271224104	0.26467664154110127	0.32463693707981417	0.0006967515207170205	0.019532362329058917	0.12585261543555148	0.16602952432476809	nan	nan	0.001651933219458071	2118.698797997998	2340	1.9653467593335538e-05
-0.04234765653725148	0.6574023604683821	3.6016782599064094	-0.6438894903382726	0.044762310280553	0.36737740190801815	4.078937545269477	1.5515947839035389	0.0	0.0	0.16008863248292282	0.005182222992969665	0.037799507395596454	0.7730289527096488	0.7611153047183781	0.002287126180029686	0.03896599547020241	0.21477416689102036	0.7129447430998723	nan	nan	0.0016680234380627018	2100.5227034194513	2340	0.008338500268758684
-0.047253025759497524	0.6274839187602796	2.6951701093860905	-1.167337671395433	0.04186128713099446	0.2697813062679018	4.031151471596029	2.7215950086502994	0.0	0.0	0.15879081668257064	0.002014511658476492	0.03420196113861862	0.32858881869736	0.17149852828844253	0.0005072031022109735	0.018592517482186516	0.1001193627800192	0.21716488157182381	nan	nan	0.0016463605527782949	2109.99853816249	2340	4.138612195116991e-05
-0.025574796621827933	0.547842391822235	5.496568676999334	4.298883175833002	0.04886688311629395	0.4058045338048077	3.6097122350958957	0.46523815352093933	0.0	0.0	0.15916870538165628	0.005785604377431863	0.134490093158519	0.34220980878566154	3.4140853445727717	0.009335411966744589	0.07561796022540648	0.9885944465736669	1.9640427961884364	nan	nan	0.0016610396779116465	2106.601384375567	2340	0.00011356341312676183
-0.026565133814449582	0.5248714815827634	5.221816816695331	3.89171132945775	0.04162090365707716	0.25868507327572704	4.031020683523189	2.8556781470145896	0.0	0.0	0.16247566054879992	0.0009585908161608425	0.0381415249803089	0.18297501089832746	0.5205945373998913	0.0004676887063352897	0.017625579234903183	0.09614910217959105	0.20564485175035788	nan	nan	0.0016552998921748607	2028.1821847634997	2340	2.9792632806072993e-05
-0.03318458015573622	0.6347475958032653	4.870884211767504	1.295549043621306	0.04819994171364139	0.38465255686489824	3.6565668034725896	0.6638193145427979	0.0	0.0	0.159913810754981	0.0013237604758443156	0.03849421166318767	0.22755626018055874	0.39107274982132334	0.0006876345818063179	0.01929980794130126	0.12544270993815565	0.157381128020079	nan	nan	0.0016540410889564622	2203.8506828347918	2340	1.7438498925360395e-05
-0.04227707953666704	0.6383727285666825	3.499557667429717	-0.6042875880015327	0.05376345142657568	0.4070287211646069	2.9321010793002755	-0.3672283738886515	0.0	0.0	0.15808710420356104	0.002133982061567008	0.034699187924778	0.3554522591474798	0.2948250338272443	0.001005801252075389	0.01884488360167008	0.16586145205385794	0.14536203835772635	nan	nan	0.0016517470269628437	2179.079016366148	2340	0.0001735480324849223
-0.04242465477844104	0.6740999812587036	3.735041824603731	-0.5648374127306611	0.0471272489042458	0.3577358027523827	3.6432375277287097	0.9344176427353501	0.0	0.0	0.16107364448742062	0.0019082741893352573	0.03487813325544198	0.32436277286426174	0.2668204627050654	0.0006945473796006185	0.019744112912831402	0.12352277584280524	0.17665479775303397	nan	nan	0.0016566580162724331	2151.975001029977	2340	3.299817440053624e-05
-0.030725055824529335	0.6262395086410287	5.095301983569484	2.0587000518220346	0.05293144090768864	0.4085031944953569	2.9909228622696737	-0.24514354901316465	0.0	0.0	0.158558069733645	0.0012759382164035937	0.04051128566040407	0.21594949391651141	0.4564992395891391	0.0008735157377991465	0.018549322211335095	0.14842515779102827	0.1319041852523107	nan	nan	0.0016528547196652532	2126.4221197736924	2340	0.0001678095330060861
-0.030236629977911322	0.5808612542851552	5.059924853346736	2.2851143281961184	0.04674891743967957	0.3460287046206471	3.7354680541561676	1.0789212532083778	0.0	0.0	0.15958441702391826	0.0011320644221304854	0.038394556386952106	0.20242519190603092	0.438924002862468	0.0006073530753966105	0.01900498155354316	0.11582030389201114	0.16522735060107846	nan	nan	0.0016463728389471133	2046.4162915842744	2340	1.8414823410808033e-05
-0.04286839060121028	0.6986070782534014	3.547900072837407	-0.6550233371070084	0.04838867447463513	0.3786268483362475	3.5225431938176666	0.6034837729926059	0.0	0.0	0.15996238592825646	0.009279241961913487	0.03988778238630797	1.278097363753827	1.1721476445017849	0.008546890101200466	0.07967862005196183	0.8772838782848722	1.913197644057015	nan	nan	0.0016614950785049376	2114.7869031249516	2340	0.00012163536975979762
-0.02409325285764663	0.49868809910629036	5.418387612694691	5.323828758226524	0.04327438049145238	0.3828991151600856	4.308856712228632	1.946891294053886	0.0	0.0	0.16003140843275188	0.0008678063528310132	0.03852547392563016	0.18070557465473547	0.5990393959898125	0.0005554599269985694	0.019193191514949387	0.10867669791881207	0.17976709237501057	nan	nan	0.001653377224886468	2039.289088542621	2340	3.816124021713268e-05
-0.04184108774690565	0.6333297043659514	3.4346137397277676	-0.5928659936572209	0.05507075734	0.407496775502564	2.780809944018655	-0.5526064389302604	0.0	0.0	0.15939418234770306	0.012964970703047085	0.03714108942397498	1.8344226593154005	1.8054260159245015	0.01768803527092122	0.020217758922273593	2.2467686095347683	2.334336592670051	nan	nan	0.001652554742400572	2068.231609095438	2340	3.066957664516886e-05
-0.0413723888200942	0.6790235148925179	3.9318494637142227	-0.5087036398671027	0.04369031819377245	0.3377977804427253	4.0960548575838125	1.8782894944821296	0.0	0.0	0.15815501201487683	0.0018410683321232746	0.035230230051252365	0.325300811488346	0.27745735600985943	0.0005859018771772195	0.019810025244503537	0.11183359851092467	0.19846977541408906	nan	nan	0.0016570154277805865	2177.0679339219973	2340	0.00011554342941712522
-0.03072702613576217	0.5959998581449096	5.0144060798850365	2.0837175687402016	0.04274614396227783	0.31867355885940235	4.083118762622604	2.2067091665798757	0.0	0.0	0.1603146301902963	0.0011525924553462685	0.038058905637796014	0.203692221762517	0.4221528676708967	0.0005276556190372261	0.018973124282255782	0.10527329260267448	0.19362203606112396	nan	nan	0.00166092090887357	2175.0247372799827	2340	6.28341071172193e-06
-0.032468133338406924	0.6115098481823772	4.778956224211841	1.4918896236216095	0.04929141527253256	0.35772250893514834	3.3034217149127754	0.4320836663477306	0.0	0.0	0.1612660501308812	0.0012897850214441675	0.03847164401560188	0.2190374723258528	0.40209525542759195	0.000704244167080037	0.01884683704064316	0.12733553886931137	0.15043527340647667	nan	nan	0.0016526277616121937	2084.4568853394153	2340	3.53731535014472e-05
-0.032578808228383105	0.5919460052822155	4.587217470704755	1.4085803516338153	0.05261702075481001	0.3858278631075405	2.9187532599799693	-0.22640921738619105	0.0	0.0	0.15685693222382946	0.0013368872355885575	0.038261576744395565	0.22032926596847613	0.4093221816619949	0.000855597514926254	0.01853496498847909	0.14836119090717137	0.1341222038401814	nan	nan	0.001648910137037038	2309.806104392066	2340	5.350476826905394e-05
-0.03904461816833982	0.6749918553456009	4.105677967132799	-0.05020029543527453	0.0556497188587306	0.39558972898863065	2.589932432622522	-0.6341218385741486	0.0	0.0	0.15884055639928107	0.0019456001344007046	0.03701371910950263	0.3092420994440812	0.3480632548385892	0.0010745569715047143	0.018771744863504913	0.17637679346532997	0.1325551135458448	nan	nan	0.0016588737421200095	2043.3944951509375	2340	0.00018133690832929864
-0.042295604493927996	0.6305030716942759	3.3956317289600984	-0.6246083109299849	0.051861983951539736	0.3652659183859531	2.9611326376202407	-0.06366716569391288	0.0	0.0	0.1628262694970405	0.001997593236161166	0.034947252227721104	0.3379203427199855	0.27000514558235134	0.0008836414606542276	0.018941432222072785	0.15010084662284062	0.15236670206143862	nan	nan	0.0016618408724295292	2106.008052894731	2340	8.620887688517557e-05
