Nu	au	bu	cu	Nd	ad	bd	cd	Nub	Ndb	kt2	Nu_err	au_err	bu_err	cu_err	Nd_err	ad_err	bd_err	cd_err	Nub_err	Ndb_err	kt2_err	chi2	ndof	edm
-0.028280382399103354	0.5449372212801344	4.850879400275806	2.35881635728451	0.05526670063389982	0.37380867994504835	2.2466025153292057	-0.8215511837142776	0.0	0.0	0.13802654344650056	0.002014445246189933	0.05680295751927422	0.3189629732506942	0.8323219293874834	0.0024588463409437322	0.04436595193774609	0.3814659694670044	0.2615812431773266	nan	nan	0.009762638910884358	902.5088651781255	1153	0.00012612851234703666
-0.03486731282240885	0.6185858842473453	4.2422122694712865	0.6949774146124504	0.05532188808245175	0.4051404416574096	2.674355238688701	-0.6177996953616809	0.0	0.0	0.16522921822876685	0.012562582247578336	0.11010769728745545	1.393862630104935	3.044703795506418	0.016764713398468523	0.05300955585170791	2.1525026992587355	2.1106830124956697	nan	nan	0.01086845425577787	901.0615457910822	1153	0.00012418879413616415
-0.041695538699071055	0.6421302877384873	3.4516085262660487	-0.6017679863450952	0.0553624463733553	0.3815514593469234	2.584033849415195	-0.5900831619717668	0.0	0.0	0.15813989619493615	0.013754724298141452	0.05387663148284827	1.9454460356682173	1.8996083247084778	0.01705482420545712	0.04908639993091718	2.188673850632526	2.204500683138646	nan	nan	0.010695894838394018	943.8617473540642	1153	8.666916617430531e-05
-0.04267876461004616	0.6832727355422994	3.696193520169817	-0.6214533095593914	0.053059354413967474	0.40842498261667437	2.9375089511756167	-0.3283842881781483	0.0	0.0	0.1533363289806039	0.0032443779040757237	0.0495577325121766	0.5196451876469761	0.43034208821536485	0.002356318654207379	0.045214131537484714	0.3350887509734941	0.32914184377878564	nan	nan	0.009938970596917243	938.2051099118374	1153	6.449656735818966e-05
-0.022391270936209406	0.4796058463283008	5.777070936373045	7.026044365409973	0.037439392497620405	0.23271640023184575	4.652555125191402	5.140766319708712	0.0	0.0	0.16896343219733523	0.004098407514805613	0.10833782223166044	0.32329154864287935	3.634726377356859	0.000943388185342231	0.039057468615772944	0.22044852520040026	0.479193610283885	nan	nan	0.009950951396862903	837.1587966622218	1153	0.0017563899969112117
-0.04029531875908032	0.5920942164391723	3.2395005610034766	-0.595991794595657	0.037140814487638174	0.19392139710280704	4.2296459452955375	4.690936330396447	0.0	0.0	0.1476881000542181	0.0028337046308117286	0.04547183825106216	0.47954150499279424	0.4016052867014944	0.001290760763623111	0.04187602261260065	0.1827544066482294	0.72149776016308	nan	nan	0.00996888506577924	905.8292534441088	1153	0.0001737380156481881
-0.05232091289307117	0.6794250153509485	2.6623916067461546	-1.443246079860724	0.039602159633807865	0.3421177580138127	4.59997822848707	3.3892749958211925	0.0	0.0	0.1676063057812786	0.0036496077412616623	0.05141722690821704	0.5447871983192298	0.2239580473915175	0.0015265804902648838	0.04883200717043443	0.2116433906265387	0.6330944124533807	nan	nan	0.010129269819867531	852.3197922324018	1153	4.180773327945783e-05
-0.04301293577256904	0.6918764776543016	3.849888307649917	-0.46612384623702585	0.050917228551181415	0.409205804487795	3.2410274929563885	0.22447610057996983	0.0	0.0	0.1742063601071091	0.003246704065770989	0.04830493134650926	0.4917582073847846	0.45101618366266205	0.0022033108858707795	0.04646720249123021	0.28349338567016336	0.372147355506915	nan	nan	0.01021477582143726	854.4923613125328	1153	2.606981518911771e-05
-0.024493796516337873	0.5464292271488866	5.572679632846931	5.145833930615962	0.04328242571925012	0.39885257392216544	4.191449083444877	1.7579086706444058	0.0	0.0	0.15938502751772501	0.003564414447305375	0.09231778756178394	0.28875853046081756	2.1303775762102553	0.004140536506682335	0.06892018183492074	0.3682217487445678	1.1310677417095567	nan	nan	0.010132863819031473	980.5295650018826	1153	0.019969899562533814
-0.03430096985613418	0.6055617685489594	4.407754270852794	0.8922621977216907	0.04735545286602716	0.31134929147168366	3.498871109685667	0.8858446135776343	0.0	0.0	0.15105843955166828	0.028904986163082125	0.31075981177388684	2.7379336650626014	7.581535425986772	0.037356987324079216	0.4539455669040884	3.334262269060242	10.205789839362028	nan	nan	0.010344701045785595	962.7066729075677	1153	0.00013372121868890664
-0.03197595998559766	0.6358462129620512	5.191789402902973	1.6179940082765498	0.04538075937211361	0.3423192854494355	3.679239286014826	1.1002769916676334	0.0	0.0	0.14790130388777026	0.002180807378915295	0.054044983776162736	0.3355496657956931	0.7060614596751109	0.0016497442896645786	0.046834044711046297	0.23733007998810884	0.4328071336646789	nan	nan	0.009995787988792498	812.5270021952775	1153	5.139941385874799e-05
-0.042089087623903176	0.6329203276728521	3.394686111332444	-0.6103608520093363	0.05149903074468565	0.35845995247919393	3.004494609050349	0.004544743183719605	0.0	0.0	0.16015180715825642	0.003175820070036528	0.04832775194612693	0.5078712128425844	0.4242000062436733	0.0021192635116563663	0.045214789431336694	0.3004931105373021	0.36082652261283366	nan	nan	0.010081626323211135	955.6931865582008	1153	5.222683216594391e-05
-0.01741667286233539	0.32568947737662596	5.480059074524819	12.782231067033651	0.04055117899963334	0.2624841982290713	4.216164469066844	3.4203440103384333	0.0	0.0	0.16519745631580246	0.0011004748309292323	0.05216102182854418	0.23548240839795742	1.7915350039059197	0.0013153406352384156	0.04221596767293448	0.18691343434615426	0.5714510001076235	nan	nan	0.00999469501740223	978.9756277692377	1153	0.00019145710613828874
-0.04216924246729581	0.6686736728373448	3.713214452716799	-0.5423765369127596	0.05607674184702294	0.4152726050091784	2.7608768244844284	-0.610212513332214	0.0	0.0	0.16139606822680005	0.0033944771402130147	0.049435008634498734	0.5358016957352374	0.47494696214086324	0.0024875691657059162	0.04505354022962732	0.3663365047727911	0.2945075886604215	nan	nan	0.010122728322355584	892.4128960583524	1153	1.092062555727763e-05
-0.04335413342859917	0.6854964945396651	3.680935842028838	-0.6667240725833978	0.04215617086264922	0.2822298617132134	3.8983599120809505	2.467883196233975	0.0	0.0	0.1529852527483592	0.015355013619768931	0.060946827656353286	2.1678480014437245	2.0180160206837687	0.010781448461455012	0.23433282818107323	0.6380468365935226	4.495104060162011	nan	nan	0.010314411944416763	976.6117471098742	1153	2.0897000651144415e-05
-0.04277371530732188	0.6675083159378637	3.6889227852952144	-0.5750196839939323	0.05151052570199055	0.39613267889787773	3.3569071228399894	0.20491932753127165	0.0	0.0	0.17266227833674075	0.016190525323260596	0.0551462451920669	2.2296177883169577	2.248483450388947	0.015794664898672872	0.12521820901642397	1.5772640290684867	2.9058718156372585	nan	nan	0.010693327252841264	916.802743901676	1153	1.6501024387253498e-05
-0.022009038933202607	0.4770072451947884	5.617786551302066	7.058909250536181	0.054767589991638	0.40133038639175056	2.5809925009107677	-0.5876311442058689	0.0	0.0	0.15322006859468032	0.008502919067775838	0.21472269030669972	0.33537335241390354	7.423393388430556	0.011972141839877826	0.05078294532445943	1.519889102727762	1.487242897447406	nan	nan	0.010440983029136902	868.0076957347078	1153	8.872791484835661e-05
-0.03061238132599864	0.5921784708872719	4.984174645469054	2.2252583184041814	0.04369615411901018	0.30687308838491245	3.921210976900999	1.9598392268638443	0.0	0.0	0.16152717344534565	0.017963976086080802	0.2893005005097794	1.2834938708524861	6.666771231500193	0.022631826838071634	0.3927788864377346	1.54134832909683	8.11910879115188	nan	nan	0.01070651103925338	982.4373916394925	1153	0.00012261217949695492
-0.04161735173810843	0.6337153112788312	3.2690326905498877	-0.60881963373961	0.05378470110413147	0.38048271396020367	2.650322549876255	-0.4173231314823117	0.0	0.0	0.16486955923170027	0.003241223037984353	0.04991366494303495	0.509169439793258	0.4227238364134299	0.002442582897670187	0.044414878852963385	0.34532957887336324	0.3233656714407393	nan	nan	0.01021178746225572	997.7727518908214	1153	0.00017677491763439895
-0.04276050418846833	0.6758262761540891	3.4949598691915678	-0.6264988688548456	0.04602769927913797	0.36114865233782284	3.6424174864577354	1.1623350135522543	0.0	0.0	0.16600950651654367	0.010413867972732582	0.06076240735128141	1.4474821523874761	1.3457471464420705	0.016507784573448703	0.22925531470391608	1.2537315980019403	4.317177056626427	nan	nan	0.010791541217344935	914.0610305074298	1153	2.2930131676961533e-05
-0.037031850940334676	0.6399932406345827	4.259059081753432	0.2849537457188798	0.05544321277627606	0.3527512139717031	2.46539951092862	-0.6068453692095078	0.0	0.0	0.161854322222317	0.01396679887773139	0.09234160552424797	1.7216482424825352	2.9729381931976833	0.017476995168811404	0.050855339823907525	2.313084524060343	2.3189401182210823	nan	nan	0.010660906022320782	875.6314592324345	1153	3.080144265891429e-05
-0.02623272454631198	0.5950501601238907	5.523301289098513	4.1051820303327595	0.05728649945762987	0.501383168038316	3.0934658640832815	-0.5895010475126854	0.0	0.0	0.1808927714344825	0.0019311826930866194	0.06030852848365126	0.2897585719854927	1.0180223183629273	0.0026308716335836646	0.04591587271964709	0.35909868837249315	0.2873258227226301	nan	nan	0.01045938061744639	929.2224132905376	1153	9.570362957310872e-05
-0.0422463017315885	0.6574440865016999	3.578066627324591	-0.6460775489120444	0.04656776031559651	0.3450692295651432	3.822508878665916	1.168413200044123	0.0	0.0	0.16273268591820372	0.012000024800950027	0.05793752429811283	1.7614757734913606	1.642513382942627	0.010768297524959447	0.16260880962607704	0.9065500108100335	3.025637994823469	nan	nan	0.010678851540104312	1004.4093628498019	1153	2.657854919985959e-05
-0.02657052833825191	0.5641153348801617	5.348282997197522	3.674907406934471	0.055427729923061	0.38944139956014745	2.419433477977941	-0.6695761337102208	0.0	0.0	0.15911964343756269	0.0019390157174487554	0.05967346439710575	0.2959291937755921	0.9889940288625778	0.00246673100521988	0.044287022333026144	0.3590696261420596	0.27536766413896413	nan	nan	0.010243421765250005	850.7886915326051	1153	2.9018762735344955e-06
-0.04044999347292377	0.6611529846252455	3.753161329766825	-0.41491451105257215	0.053877986952082235	0.36000299601494695	2.44111090555906	-0.6311967257127165	0.0	0.0	0.1390040109335979	0.003168454617814509	0.04960227496607783	0.5032415796692653	0.48120010012900677	0.0023287224452055444	0.044564064511266877	0.36409534449576886	0.2908915928459891	nan	nan	0.00967213943640606	936.3345631028731	1153	2.7642516524857856e-05
-0.042344294317819164	0.6869111338045728	3.928250556744257	-0.5918650758714183	0.04463205816123539	0.3129194247985435	3.8996488490098136	1.6342802187540069	0.0	0.0	0.15068978918527173	0.007087885611541056	0.057713020424849604	1.0896873105152287	1.0172340189622961	0.009306956329797722	0.17184801366097321	0.7236562106823508	3.147783565985454	nan	nan	0.010384680853468664	997.3304685554898	1153	0.00011438803238671816
-0.04307910317042751	0.6833399529834627	3.750635458282593	-0.6326477139275197	0.05156192751054034	0.3451635006094255	3.0295195684701626	-0.009196301307589921	0.0	0.0	0.15403110068980205	0.015515511156617312	0.057838971660830296	2.193540009975058	2.106797855611087	0.02154472008031505	0.13809454308057986	2.462453073056654	4.0112053693906	nan	nan	0.01050293291980714	874.1747836150494	1153	0.00010718123454577975
-0.04023944556381487	0.6453037589394015	3.9098025179427607	-0.28654861434791823	0.0553056597672672	0.37661313620184694	2.451237209422717	-0.6849722537910432	0.0	0.0	0.14985946385874294	0.0030149905520930886	0.04779235744962279	0.4795215060727831	0.4957644749409483	0.0024796856688173996	0.044627155471739594	0.3758088506195505	0.28948466725603783	nan	nan	0.00996936709885378	972.9112081250212	1153	1.0919743961963992e-05
-0.04153000826254383	0.6076637620493945	3.3069091612734445	-0.5933964200767098	0.04756406812926195	0.304697354693146	3.2080205581105767	0.7334847863331475	0.0	0.0	0.1558341039723026	0.009547020356926839	0.05412048294126165	1.3970784646770116	1.3383760899978288	0.010232019830549888	0.13608910968314195	0.998672717345338	2.5937290382394114	nan	nan	0.010426856486588254	901.2415631482052	1153	1.7917573698721522e-05
-0.031035440784089707	0.5631747575482169	4.504242355344983	1.6072824662116527	0.04512387509709348	0.27019048000112816	3.40707765439018	1.2606021260609095	0.0	0.0	0.14273820046512592	0.0337167111428619	0.4468633263660727	2.865605448046667	11.26350089235941	0.025151762481636197	0.3665972132348182	2.3336758779793563	8.177228389421584	nan	nan	0.010541054389238719	944.1472114168057	1153	4.3221079710162517e-07
-0.029113981406644673	0.529762325607406	4.552792746691884	2.305383310321202	0.0541234284594585	0.3454559257552336	2.400108823324696	-0.6179319688143816	0.0	0.0	0.14399769604816343	0.00642517954196048	0.10836804789829876	0.5700335535208731	2.536781187255375	0.007881767174923726	0.049965463526912945	1.131816023658237	1.0584767827008763	nan	nan	0.01030314883339739	868.2098308169543	1153	1.744483515579552e-05
-0.04294808850940246	0.6704054868953915	3.6651406854873434	-0.5940902513671789	0.05255017695596109	0.41876157951754533	3.2871187745956676	-0.01162919310897811	0.0	0.0	0.17357041725517802	0.0033157915764948087	0.04890929189895221	0.5230737691125009	0.44369994243280664	0.002284994303090593	0.046292459360744886	0.30852688821422314	0.36102473545737923	nan	nan	0.01034756733221344	955.7565585213871	1153	7.533738675171941e-05
-0.03633777001052585	0.6372327838294253	4.359305120369315	0.5570011706390511	0.04803111389762549	0.32704832508135434	3.2974454119204024	0.6747214500827503	0.0	0.0	0.16531754503833138	0.020705115416847053	0.1767189110260155	2.166227832100044	4.712399687583875	0.022179392766518702	0.2417763139928951	2.101972208097927	5.314514455391734	nan	nan	0.010742821581179673	913.4744165000664	1153	1.264335195503902e-05
-0.028006521190171996	0.5595743539845612	5.1916640461481345	3.1612686520483977	0.05547475747191499	0.3766250179590729	2.677003705319505	-0.5758459483548451	0.0	0.0	0.15551869025192916	0.008573970229653838	0.15194800681368942	0.6365508460239777	3.983770251497702	0.032656145762967936	0.05102642142251124	6.333067185210638	4.42262628184469	nan	nan	0.010548943749554646	860.5188698558878	1153	0.00015918868071846187
-0.038053087490046766	0.6539660718616938	4.030158743327233	-0.02645695888498304	0.05418645957503854	0.40481448879400944	2.722025292234187	-0.48801552592753755	0.0	0.0	0.15764786594353306	0.002961666207105529	0.05097449428602563	0.4594181965851476	0.5431901858769494	0.002430367747994988	0.04485348811756176	0.34870106480458407	0.30652147352392783	nan	nan	0.010180865462849006	867.5326120439665	1153	4.5621271510699193e-05
-0.03862632268944122	0.6404683608846091	3.88882179031814	-0.06480259490292443	0.05559658246574872	0.3850863616271528	2.6594567787411405	-0.5699160449439639	0.0	0.0	0.1621066628109793	0.003005789208832599	0.05021211273513232	0.45825419768889697	0.5337758424517822	0.002426424470697186	0.04457148022820348	0.36016878839749267	0.3012833935622964	nan	nan	0.0102918137827063	967.3581812517459	1153	9.945010398250797e-05
-0.026291274488597693	0.5811757158486951	5.5091499280865355	4.130946218042167	0.056077323322918815	0.44070833041078095	2.7788993165511244	-0.6294505974157176	0.0	0.0	0.16183989363675966	0.00847602319431029	0.1671686792671467	0.5112228700996111	4.574093571772642	0.010437754808988453	0.053010215757432144	1.3217716171826435	1.2342679219443935	nan	nan	0.010603439507136936	982.0500228445675	1153	2.3543099738565864e-05
-0.03149224198351286	0.5922040610164232	4.616348557923261	1.731134327817105	0.045357082036280305	0.33736216415020925	3.6663775459873458	1.3380067506595392	0.0	0.0	0.16274601419556012	0.0021829433858252534	0.053593366865633874	0.31590389780568273	0.7028040953931443	0.0016442886764556075	0.046559247189019465	0.22649210347166937	0.4438510062940496	nan	nan	0.010067483860292228	898.8423470242262	1153	6.892178459977582e-06
-0.026921077005748528	0.5480475903282687	5.410838928637438	3.7138492568653834	0.04796918720992571	0.3594487199859743	3.654277244319669	0.6891187660182367	0.0	0.0	0.15439760724757598	0.010584707398767879	0.21310219876081693	0.649212917708561	5.55607023218409	0.01402440701812746	0.15842570802999117	1.3879834123403634	3.39308727865102	nan	nan	0.010552209555938191	926.5003595523183	1153	0.00012313989693515497
-0.03191919568636081	0.6006102398704296	4.759246214454704	1.5781824740836914	0.0540362255043918	0.34857295312078446	2.481941886538632	-0.5474710433188084	0.0	0.0	0.14893038124735306	0.00880293753525102	0.11301528747901302	0.8833302890300772	2.834893510802725	0.010007552469838199	0.05062291200782701	1.3810428342112409	1.3905635170427073	nan	nan	0.010486586250931504	971.2228008137592	1153	8.997283759635638e-05
-0.04402055149460149	0.6886938819906713	3.575407966789655	-0.7430906398215282	0.04370524248321184	0.3502607766130976	4.16419936553914	1.9516023922707586	0.0	0.0	0.16337661520560134	0.0033722559606228497	0.04864791678852187	0.5327092333888452	0.4084951900167886	0.001667030362297317	0.04887564927998522	0.22608039910899125	0.5280346068293122	nan	nan	0.01015569892718346	915.2508155294886	1153	6.757190207603512e-05
-0.04284582909786383	0.6866532785829127	3.5627658515516467	-0.6332238392816385	0.056033484606862194	0.43886356961278905	2.7639302941421144	-0.6132029077283275	0.0	0.0	0.16086631109821062	0.010371991998644803	0.05530697598868661	1.438529448142305	1.3385953783390254	0.031708279545418216	0.05188587649131571	3.482699345706098	3.77564872714943	nan	nan	0.010598740012870159	936.9041862281904	1153	9.426627092574605e-05
-0.04268459787904899	0.6981452446350562	3.7172878577614155	-0.6595798724593386	0.04449507784795936	0.31683094968460407	3.767751118713951	1.4006571626733855	0.0	0.0	0.14004716301579234	0.010665415784829602	0.05834266372313335	1.5436619429439862	1.4098953447161648	0.00810595881102083	0.14217592846320665	0.6962026538704797	2.5866895229701528	nan	nan	0.01024151661342007	873.4053907077974	1153	6.553775092916453e-05
-0.025591448364780667	0.5060198753575511	5.31072633088197	3.9136133120629717	0.04238627936357031	0.267688728557911	3.764846892394363	1.9424855032391917	0.0	0.0	0.13813574532488945	0.015023409562628043	0.32643986666489433	0.8644876740415453	8.754747291577019	0.01272381601746575	0.25010901727660423	1.0262776245017555	5.1179683362256085	nan	nan	0.010569928537077	910.3578974217039	1153	2.067799694233706e-05
-0.024486337688819804	0.5692506992333112	5.966298828808231	5.388585244903563	0.057446048671778716	0.509556174683385	3.3182469877581653	-0.5947395205010603	0.0	0.0	0.16898595997462101	0.007201514783637453	0.15894079355601548	0.41027305437018	4.807808386129843	0.023927490307853017	0.05296267520965553	2.8009933531052873	2.875654531153496	nan	nan	0.010669970056016345	916.0223023422536	1153	1.3258262485415848e-05
-0.04154411496854893	0.6303086772507183	3.5897602856630986	-0.5862070919701463	0.054871622641039064	0.3473970675683214	2.5344683079601706	-0.5569193074437719	0.0	0.0	0.15600056181399813	0.006829661687658306	0.05292335445837021	1.0577314031507807	0.9947293399574827	0.01746208714780617	0.04833582737910372	2.3429551018590926	2.451738962995622	nan	nan	0.010502642488465136	912.7050044733809	1153	0.00018450228474458
-0.043676674240299196	0.6839066987057338	3.667254172712871	-0.8434668078114808	0.042899368335677535	0.35505320697494114	4.284052378380999	2.040398835206942	0.0	0.0	0.1476945143291443	0.00329785344504413	0.04866353533211204	0.5652623609819973	0.40681212793450877	0.0016110226954889617	0.04865737286642885	0.22342598876240283	0.5281667201297855	nan	nan	0.009833689169593415	958.5196151585839	1153	4.579257733743164e-05
-0.04650594912666406	0.694327129789525	3.2050631463679724	-1.0092384220750155	0.04340000354765228	0.3915184232548797	4.302651806482363	1.91026285474269	0.0	0.0	0.165546498796524	0.019128004069427607	0.10897621063450413	2.7005618889638368	1.896599445306119	0.01968148146814941	0.3216710432108884	1.18501747953075	6.218132193053734	nan	nan	0.010696421561224356	892.9267128593683	1153	8.53464255078201e-05
-0.04043816263611122	0.6013855975375627	3.1978944522705923	-0.6108722952326427	0.03892620816847825	0.2239134871267739	4.031414219199073	3.5119633919518374	0.0	0.0	0.14404445481401967	0.006494202663660242	0.059306429145547956	0.9967476343402839	0.9077630075152521	0.009078673545408034	0.27455641772401473	0.4622299050878167	5.713869929730844	nan	nan	0.01043341821987416	997.0459120319679	1153	5.6188444804008504e-05
-0.02344492075084592	0.5186041575285323	5.644918032062687	5.689414861117675	0.0548920534523043	0.43379455981366943	2.7512046882457364	-0.611783378904324	0.0	0.0	0.16149477509384835	0.007439610722151269	0.17435033439557068	0.3929809023173445	5.393473898743175	0.008746580760100375	0.05295279574444062	1.1343908534471359	1.0629558701545327	nan	nan	0.010805454174033752	896.2495412544504	1153	0.00013191597133021214
-0.03754820519781643	0.6368165874016254	3.752791993148753	0.09275659155872305	0.05657899018364665	0.4459130052610756	2.604541368195833	-0.7088152315438291	0.0	0.0	0.167056494319858	0.015098908992673743	0.08572103329030412	1.7702396024992888	2.7980599045116947	0.015887073860754053	0.05633886387924919	1.919811529782956	1.7193854377524649	nan	nan	0.01078745597508704	926.2146715755174	1153	2.0726430579577345e-05
-0.0171735034686068	0.2970828209835044	5.305179812667273	13.544417171029226	0.0392029259700144	0.2443960467609531	4.184648261596642	3.9620286930448274	0.0	0.0	0.16805562440030722	0.0044027997480394765	0.1727244328156136	0.28890390778927877	8.236454391439686	0.0056227134477317975	0.16591226739542128	0.2567351321660607	3.3859200171708443	nan	nan	0.009211312825260984	895.0354668427776	1153	0.00022110463178403995
-0.043049430721208704	0.6830399345251441	3.6717137111694815	-0.720484696817398	0.04301505445030829	0.301646282075681	4.220847139555934	2.461875678322679	0.0	0.0	0.1639055734312413	0.014249080930284264	0.06155458798015839	2.094721015030474	1.8683843137053013	0.007700248566573031	0.16780898258801558	0.49355242356677964	3.167946279753676	nan	nan	0.010642246662096927	902.3525449263115	1153	7.988739237923178e-05
-0.042322074164842016	0.6200856010822338	3.37507263021939	-0.5607879912730503	0.0481407445748685	0.3379385801246872	3.523331449510698	0.8698156584327658	0.0	0.0	0.16827078509783722	0.007362925729560765	0.058223115004529036	1.0544090233480936	1.0138587396448384	0.020317477817467733	0.25537277095250194	1.7715550254023265	5.113917644040038	nan	nan	0.01060104024174005	1007.5070462074927	1153	1.3889056250997622e-07
-0.043028316327810345	0.6711484493024744	3.5196450530484387	-0.6665007327015913	0.05174212235650755	0.4355391198641622	3.3987664325188076	0.020942722105984624	0.0	0.0	0.1582898856229278	0.00339443996560157	0.04908537294238746	0.5316460386040487	0.43116414097837913	0.0022546140325356845	0.04642579617953643	0.30505264877603766	0.36184063393197063	nan	nan	0.010010615698138575	949.7383729730436	1153	6.216263656435256e-05
-0.04296335236529247	0.6460730721621096	3.408376061137832	-0.6079714423690141	0.04555498065580066	0.3218657564029449	3.700661182291456	1.4690834344669372	0.0	0.0	0.16576340852178895	0.007651534323002529	0.056749570002512795	1.0836059799280728	1.0020242608384475	0.012135480774530527	0.19961344881761278	0.9093964240871584	3.691947484125808	nan	nan	0.010554052282186102	924.7387659381218	1153	0.00019163540100019662
-0.04193070067809945	0.6424374261319699	3.3728484969950645	-0.6174046094253345	0.05548330667011481	0.4258671977880054	2.8748813312855996	-0.5355839509551131	0.0	0.0	0.16915266620383568	0.00960938726856908	0.05453410513901591	1.3679863335779276	1.2842650493596321	0.05151797583425344	0.054561126807401855	6.3089453464500655	6.672377225693244	nan	nan	0.010963450821414616	874.2002757479979	1153	3.6660402744583404e-06
-0.04256024203158493	0.6079490816016536	3.170464974774161	-0.6156421826079641	0.04543167437949558	0.2708005505003766	3.512879989872541	1.7077018510581161	0.0	0.0	0.17548265679260636	0.020988448652064118	0.054460546369577756	2.7410909878982377	2.7596268044322625	0.007331406671509999	0.1414141506388994	0.5713993374052064	2.5397245943757865	nan	nan	0.010668862415749492	969.666063821988	1153	1.9370939204386107e-05
-0.027661867922944006	0.614495356014868	5.6768036856261705	3.756323783752611	0.04631773046550869	0.3869305366038251	3.8741983093473364	1.321550634577369	0.0	0.0	0.1809612290685585	0.0019325590424553174	0.058110695835107085	0.2943684650853422	0.9414993829744298	0.0017479173080797716	0.047061904054407855	0.22924314764353504	0.43447230954112975	nan	nan	0.01034520742513162	926.4784592276183	1153	1.4996527996559751e-05
-0.022606947650839815	0.4418041983596687	5.304180835670137	6.537523179665011	0.03573343935924944	0.09851477871096764	4.161598464246323	6.986184435464255	0.0	0.0	0.14867098330456963	0.0032241281105844233	0.08472952396849082	0.2784258857741482	2.5114727185107713	0.0014918042472378268	0.04395921249273199	0.19606736157009985	0.582251451362668	nan	nan	0.00986129690815965	928.6465586785177	1153	0.027591401312448725
-0.04261787441879694	0.6810736397189783	3.7316267321744876	-0.5882682054725007	0.04709255456084316	0.3680142990031125	3.6451635535410283	0.9273836459462543	0.0	0.0	0.16402955769033611	0.00920738798931331	0.060075142770526224	1.3265746185867404	1.265625238975331	0.018326158728563358	0.23120723767646872	1.5191923123023425	4.520974598398703	nan	nan	0.010728150633035727	984.2609831220547	1153	6.383922887466737e-05
-0.028254313976192158	0.5546239936651216	4.986333224949913	3.140327803154764	0.05724230837847544	0.41947868583071973	2.7114495063591857	-0.6178871127655751	0.0	0.0	0.17342160531369816	0.0019873061150216254	0.056395333548835386	0.2874007299576373	0.88295648935521	0.0024860634347739774	0.043729468323246506	0.3521221730380706	0.28109538671664325	nan	nan	0.010164546669401697	948.6716346634287	1153	3.450195394842517e-05
-0.0421314571709025	0.6473601603148258	3.4255913120914445	-0.6047037827258465	0.049392466947538516	0.38966013402616495	3.3993392501461317	0.31563913296440754	0.0	0.0	0.15607682769693187	0.007516736643106869	0.057235047674184525	1.0860419996633124	1.006807393316329	0.018904256841122957	0.167392736955456	1.8664751592188904	3.763891959017659	nan	nan	0.010574695380784413	902.4898021050208	1153	9.543788694783142e-05
-0.03468210534061944	0.6281535402792475	4.498977224440672	0.7862621888105041	0.04848326946449011	0.3721117111757448	3.668868648434219	0.6731488209231281	0.0	0.0	0.16586830229550348	0.0024914357548158628	0.052364213296631434	0.37676449827200065	0.6221126487304077	0.0018509821691450323	0.047154533901710705	0.2608865424022935	0.4097800545264269	nan	nan	0.010362764077824257	884.3094380492953	1153	3.348930218601611e-05
-0.04154001124929163	0.6354639848086829	3.5356447447232564	-0.5454412045965208	0.04969570860890049	0.3358755825023012	3.1981209904048082	0.41436883679119235	0.0	0.0	0.1604154816153155	0.018124050869632702	0.0551198316121681	2.502461449984013	2.621451904450614	0.014205215484446754	0.1416703974050419	1.4519723423708988	3.065764559854857	nan	nan	0.010586169982715013	936.1584877943094	1153	4.844192513396401e-05
-0.040910006281359435	0.6151676744637058	3.433505005045636	-0.5713246160563514	0.04140829228052856	0.23701835852982173	3.814476184368072	2.584593247506339	0.0	0.0	0.1422776686561404	0.010273255483573163	0.05491751466839645	1.5321261940865691	1.5038584040929537	0.0071584851212688205	0.1874296333862372	0.501655395841575	3.5809910514897934	nan	nan	0.01029138254492823	922.0294191556546	1153	4.938295559775074e-05
-0.04630949295639941	0.6730398482643407	3.0525705789967827	-0.9989523747850874	0.04394104675501498	0.3314005284073184	3.75562885055915	1.5599159692825229	0.0	0.0	0.16088144417641947	0.02021974212924188	0.11259247891792679	2.7874050548593585	1.9835182289893794	0.02105064497990705	0.3365158632152427	1.5182503449562548	6.578957471699698	nan	nan	0.010743180892709064	907.3172041347991	1153	0.000148763495970879
-0.028083305818088267	0.5618810803596567	5.223738736076831	3.172397574110447	0.056083207022170845	0.4245857809439523	2.807955625794793	-0.5944569274371987	0.0	0.0	0.16789496394639952	0.006888368894366448	0.12409622675134083	0.5440209582550866	3.194809799444542	0.007497649056137701	0.05176447273414367	0.9842559033914116	0.9270727067114489	nan	nan	0.010776476014293976	942.6327538715553	1153	6.667387824886048e-06
-0.036206462790505434	0.6454194807166123	4.2355571784261725	0.3554813781953901	0.055105404420729975	0.41700129010738946	2.7678951674508143	-0.5934682036193866	0.0	0.0	0.16011786796910765	0.014321850942374037	0.09996848392859581	1.7165750880458095	3.1091152457068496	0.009443429920782953	0.05246640728142604	1.2476506618102998	1.1967713585167634	nan	nan	0.010785982576888634	948.8284516242967	1153	0.00010963800136757386
-0.04187746115616042	0.6283409539780833	3.3025695231893897	-0.6089554963600103	0.05085219895147075	0.33608350391053404	2.7434171586156033	-0.057984280951393824	0.0	0.0	0.1541168656087335	0.007062588675423864	0.06351648578279762	1.0352020990166064	0.9442527294437117	0.044614839669155804	0.2493897707411475	6.365729602892063	7.853980475494232	nan	nan	0.010770907376795452	954.3356415457966	1153	6.813384480352162e-05
-0.04289153917755706	0.6575511951882034	3.4546944335342715	-0.6610643666552827	0.04715082435081808	0.37445409073796126	3.71572667512704	0.9762759515386982	0.0	0.0	0.16647333721447094	0.01631933226887594	0.06183673587635452	2.2675691479484144	2.1288868820043	0.017101229098262838	0.22218083787959167	1.3712157655307384	4.235291006266358	nan	nan	0.010806537571940361	938.6628438951802	1153	2.068666116139459e-05
-0.03332542246235981	0.6885417332017014	5.454229592783154	1.7165940804744793	0.04709772539976331	0.40509916601228263	4.249618595202343	1.3932053066790728	0.0	0.0	0.18820269641351345	0.0023672177557567675	0.05571475043308394	0.34434263510860363	0.7309081108567905	0.0017987608969602942	0.04823390887838119	0.23923429018748754	0.46030137801300397	nan	nan	0.010526960892111609	843.451737941698	1153	7.797123567507582e-06
-0.038599559845949316	0.6338789546766148	3.878266549199046	0.006054406033445415	0.049903572821650366	0.3783047209090615	3.4009911179508103	0.4541286534129693	0.0	0.0	0.17430971438454018	0.002880129751374416	0.04915684602829007	0.4334514801876015	0.5194287221664767	0.0020069722697372283	0.04658555266223924	0.2695873675007201	0.3926520555298949	nan	nan	0.01031889079163395	986.795291840197	1153	2.043903298097557e-05
-0.037066045874337816	0.6330700366327785	4.017185796995432	0.2248159457973561	0.05572380994716819	0.4201321697004099	2.5851545853487097	-0.6687372941824239	0.0	0.0	0.15610208526122563	0.011280891930135484	0.07864003070953429	1.3671795973115517	2.285582351099104	0.013644977495175348	0.05302006216579089	1.7223948087586396	1.583498979428568	nan	nan	0.01057205132163476	870.3808234687463	1153	3.9439928931150595e-05
-0.04259178526060925	0.6745936024803236	3.7441122774100104	-0.5978679515845158	0.04552707472077677	0.35021321462540733	3.771770377106786	1.2790199438664696	0.0	0.0	0.16650702027489497	0.01365675062303856	0.05776272350717476	1.9487784288236774	1.9038418200831475	0.011706977252818551	0.18053074952054396	0.911605858749921	3.30921830859916	nan	nan	0.010703191388506533	871.2074445750434	1153	2.9044406479976823e-05
-0.023844853609765626	0.48721265955507037	5.273387084311044	5.165298983684275	0.06462429854836582	0.34162136573559226	1.2052039907745886	-1.4804188467939337	0.0	0.0	0.14537050898336773	0.008435537391994985	0.19529155455829442	0.4503543584675471	5.807888115913803	0.006879103986265456	0.07653949451535119	0.832756095813809	0.30895514631078036	nan	nan	0.010320748649989747	924.3881488299437	1153	1.8688725397202571e-06
-0.041368345825017694	0.6345544744366771	3.4241609497522916	-0.5396373485837863	0.055633181513462526	0.4146231783461354	2.7207692143112516	-0.624194046743649	0.0	0.0	0.1561240526872553	0.011092729194146833	0.05253285122451179	1.555115980764486	1.565936698375503	0.009360696046222139	0.050331595383597966	1.2410063295108174	1.1588965789360555	nan	nan	0.010546779455289881	908.3271073361404	1153	4.291974276635746e-05
-0.03188234586984784	0.5893268146483759	4.4367960826306945	1.5758329457021762	0.0565332008486481	0.45607353420322694	2.7720968382407776	-0.6096416552554074	0.0	0.0	0.1715025102800024	0.0067693126891172906	0.09328072567188445	0.6459188617026359	2.0922142037069125	0.00885619902582424	0.05127962578489201	1.0732780899034338	1.0042568289344904	nan	nan	0.010856399591536156	900.3946833850371	1153	2.3182183499903968e-05
-0.042200911377802575	0.6350702191755171	3.4287330248717223	-0.6023117385282711	0.048015048311487174	0.3289597991659749	3.4123377334488616	0.757516156106293	0.0	0.0	0.16307898488768202	0.012874447639220188	0.05557800204557162	1.8194764254974751	1.7639424406823938	0.012131928444856221	0.1538301210258425	1.1499771368733172	3.015426365230235	nan	nan	0.010751764989602203	941.7442016185752	1153	1.4515342132128278e-05
-0.028136764177831952	0.5385794672786441	4.847441021625244	2.984839380894183	0.03974873326591166	0.2498846759454605	3.9783046993729165	3.2666889727444777	0.0	0.0	0.1644382927309716	0.0018699368969843366	0.05368972256714258	0.27202602150899624	0.8221083237374609	0.001326857787780522	0.04378678052104476	0.19034525342840958	0.5810052394066607	nan	nan	0.010225613908202605	879.1664157058469	1153	4.9477298441218516e-05
-0.04133535666315713	0.6050581960196608	3.261084617717235	-0.5583222516551155	0.05550361523808811	0.36365882828248	2.450173490732308	-0.6855742826488633	0.0	0.0	0.15946836706220924	0.008355411992090833	0.05181270643365504	1.2018299351030222	1.1720161115243313	0.06759817370734866	0.10357032290172233	5.40854287634846	8.60861621333247	nan	nan	0.010701105651907655	894.8567677367889	1153	9.526299073217227e-05
-0.03739238068516815	0.6761557189633818	4.544289013426038	0.5034037798106885	0.05524503309302009	0.39081932750266557	2.9242942171684527	-0.33127148667280365	0.0	0.0	0.174665279276071	0.0027734464918037216	0.052320084959676105	0.40293795153913736	0.594676215636962	0.002301055534285612	0.04390847666579395	0.32555878631153523	0.31802871092112445	nan	nan	0.01018656155148781	960.3701387292183	1153	0.00015036900807425632
-0.03659697464892975	0.6421345756638366	4.068745062153592	0.30295479432429623	0.05338946977938486	0.42356701457446416	3.0231365729586415	-0.2683766211125812	0.0	0.0	0.1669408292163002	0.00283613865998833	0.05208680698957485	0.42119161474323197	0.5792577506024267	0.002345077666999429	0.045371326976754195	0.3238045814147632	0.32519621803918347	nan	nan	0.010284976622152428	926.8386095151334	1153	3.092606813360327e-05
-0.02206920966294501	0.4489749495939675	5.3259214646209845	6.660200731048805	0.06166602801279164	0.3404057995437629	1.4645975987529447	-1.2742409417216862	0.0	0.0	0.15285528797525363	0.015438442421045806	0.38572792100470954	0.46685805551201476	13.24380717028659	0.010364033500416148	0.08513640652154716	1.3134444994807772	0.6655015332211093	nan	nan	0.01048041653758254	932.2401840231865	1153	0.00016551142728928636
-0.02805222674922425	0.6028167579055126	5.623859836190084	3.2051609671087182	0.06240555544266768	0.40047087914562846	1.993547049974778	-1.321928364466263	0.0	0.0	0.14279786914322684	0.011256250187896388	0.20406531085779686	0.781282144432597	5.28268833587924	0.010230756677098496	0.10193207156156148	1.5788749858757511	0.7660206003632053	nan	nan	0.010347453841765802	1023.1916703733923	1153	4.722118074482336e-05
-0.040402224818178456	0.6348442440682298	3.5724018896954597	-0.3610803001488777	0.05147643123562928	0.37184571585564424	2.8941556724278783	-0.12662743812187938	0.0	0.0	0.15042512290715912	0.0031063038575999125	0.04806013430053441	0.47836271181135714	0.47261126315752444	0.0021593561854212906	0.04463729659438498	0.305765450566744	0.3402586915627879	nan	nan	0.0098377797786246	957.5475301105737	1153	1.2409100866530198e-05
-0.040780623215183054	0.6601534701924079	3.711932943313281	-0.32651955212186573	0.05578755232500887	0.4092320341406059	2.66016521097949	-0.6049980391033524	0.0	0.0	0.16845402727549796	0.0033169089400748586	0.04969189478916408	0.4971634307453028	0.5034175662109723	0.0025681028887564183	0.04532162672425327	0.37111446424605354	0.30098141375390874	nan	nan	0.010270598539864575	923.6056160765415	1153	0.00013713457350050725
-0.0412817029902075	0.6039232125608163	3.3161792872155993	-0.5051710102852122	0.0450005829379283	0.2866068614239026	3.752956411344212	1.6901277515858724	0.0	0.0	0.16063900826141614	0.014254986524058266	0.0551829149367522	1.9480641522689783	2.060753773138331	0.010600489114251044	0.1998823276416929	0.8338171215548456	3.753808538163894	nan	nan	0.010626771158695689	881.1044047447094	1153	4.0801428512622404e-05
-0.04246922244703244	0.6264031667381589	3.2051528169151933	-0.610870162579275	0.04683663834201246	0.35363404956460287	3.656967216686785	0.9172992660175336	0.0	0.0	0.15083876374077904	0.013739934129299025	0.05604484845618679	1.8447021759647357	1.7786391010059004	0.014407812919863927	0.19384069647715407	1.2601088778597556	3.7114459355144995	nan	nan	0.010348869233045635	903.0776058500958	1153	0.0001289300468815428
-0.041822361921338036	0.6244405114761067	3.3749837183699043	-0.5760557585040279	0.056456150176676045	0.41062283467724164	2.7782636010471844	-0.6084639886965267	0.0	0.0	0.17040060505177246	0.015548922599214976	0.05240412703653863	2.1518465950269006	2.163634955114749	0.014938853990794532	0.05024207628480573	1.930552903201367	1.8865538846136432	nan	nan	0.010910269416192206	945.6738187962617	1153	6.44560036667869e-05
-0.042105018049411025	0.6190251595886839	3.1803833207610688	-0.5849822557427343	0.0426651892226233	0.29764649276905153	3.975299172652587	2.2777511915111472	0.0	0.0	0.15885801159422538	0.016857883200915635	0.05647122306135688	2.2147071081472816	2.2207552139900804	0.011589050651246713	0.24083683822825733	0.7196150945390842	4.577409580160561	nan	nan	0.010597272651443668	1016.2820907896225	1153	3.674918311090398e-06
-0.041397048372418754	0.6573016887601466	3.686200198658882	-0.5983865683834296	0.04733536652844461	0.3431272232057119	3.537293364693566	0.771541180921276	0.0	0.0	0.15371220194473034	0.0074570739045439205	0.05658909995334932	1.1475007313583412	1.073895163614958	0.010147324145352243	0.13226219793245936	0.9778163089535674	2.5442147601494334	nan	nan	0.010516109375309446	881.8437579247867	1153	6.51654720897671e-05
-0.04023799877090939	0.6961913597900554	3.921006582677629	-0.2651504075938256	0.056112099137284766	0.4724245967626937	2.8892488543328576	-0.6290992312835878	0.0	0.0	0.16463398397433673	0.024109521722336602	0.07343985117511981	2.931730207379279	3.818090612385157	0.012569816009118329	0.053105413984538025	1.5340377198179675	1.4451409370601165	nan	nan	0.010829638414657353	870.3896664771739	1153	0.00016866081182722925
-0.041519210338796686	0.6199899695044699	3.2903855280303054	-0.5642586869959537	0.055281823267850694	0.3500559719274638	2.321081659301092	-0.6549031372338494	0.0	0.0	0.15607128085064761	0.010670242557179077	0.052278579849713125	1.4916839379285118	1.4709789550811962	0.025072657908005058	0.05406323262122764	3.09433918735313	3.1627804175795147	nan	nan	0.010429544953630743	851.5283867043457	1153	1.0992323197999575e-05
-0.027939206314554488	0.5992119320396376	5.440794435495904	3.394228654168873	0.05776621118234382	0.4367473479751648	2.5867570524496317	-0.8085703585505855	0.0	0.0	0.1658992198598218	0.0020465137185158855	0.05893481798728828	0.2982333951747256	0.9479943913156281	0.0026491268452449868	0.045533710253213344	0.3878118681728522	0.26675501701509946	nan	nan	0.010271206103473221	899.7910979679757	1153	7.520488353587087e-05
-0.04190798867955903	0.6326748029176439	3.4564477959058406	-0.5986653679616434	0.04865779590250452	0.33780525449089	3.3985487265778094	0.603122835225916	0.0	0.0	0.1555128719561117	0.007810675159944935	0.055596401684341434	1.1568412183603238	1.0854866022363991	0.013416234865543553	0.1549314658194313	1.3252205698438675	3.1618329511969123	nan	nan	0.010402823374231387	886.2883855249132	1153	2.2336315124169656e-05
-0.02873812074821691	0.5502417074111664	4.959748445338047	2.700116964099363	0.05479638905757933	0.3585628172168197	2.5932182862572235	-0.5493491738571572	0.0	0.0	0.1550041359076073	0.0077695235282465025	0.13022049788756745	0.6554026368158459	3.3304556216653762	0.01305841416675746	0.05052644775907056	1.7773709421526116	1.8189714839023994	nan	nan	0.010431024622984703	868.2107842863301	1153	0.00010213093606443293
-0.0452247541252595	0.6738795082820582	3.412297642768741	-0.8784250320284699	0.044350140162588536	0.3415767522962661	4.020677483011313	1.8089326095496814	0.0	0.0	0.1708767413876599	0.0035248577910182988	0.04838334819579948	0.5627671402908596	0.3943441964906043	0.0016695704831157787	0.04838362710888236	0.22667807090169845	0.5101679886502989	nan	nan	0.01034488460567494	930.6554648438912	1153	0.0001253682146171912
-0.04276502989773456	0.6564120785693547	3.4514019817913666	-0.6282392940074795	0.045970309565833034	0.2986896584422739	3.4929695403116376	1.1079712610206631	0.0	0.0	0.13879338219161236	0.008628567732748449	0.05474379260453488	1.2241203499643083	1.1292341014730032	0.007266476770663055	0.12026182269913185	0.6860400975691627	2.1604452459820065	nan	nan	0.01013552955467302	982.7900303191366	1153	2.5583870209232437e-05
-0.05192807650544162	0.5962425237797193	2.039289601806802	-1.4458409542007649	0.03955062539697596	0.22584682327017092	4.158037438429539	3.845351258715113	0.0	0.0	0.1662243612365818	0.0036792483496192463	0.048034038060285666	0.48190591704982166	0.1924901808948913	0.0013683477646525555	0.043844747460409145	0.1913876111477104	0.662772690944286	nan	nan	0.010026209363962826	922.8315614736754	1153	2.4627786038220176e-05
-0.032964762913250234	0.6357775295073262	5.090004320100187	1.4378207701210113	0.045653919184373226	0.33843844545714	4.005777274215234	1.457164093686598	0.0	0.0	0.15739487479319644	0.002266047084918732	0.053367421379581115	0.3439325717209636	0.6909775700391578	0.0016058090114569046	0.0467171548129591	0.2307312392853349	0.4639538442128804	nan	nan	0.010116254167381891	1013.7178290128013	1153	3.9438066728860783e-05
-0.022341887999741572	0.48931360316641653	5.5080358311650714	6.800564657723211	0.03994115915257601	0.35448099622331647	4.389517945972352	3.131428211466576	0.0	0.0	0.1798455419761905	0.0014968432817027422	0.056501954593062176	0.2546492218812495	1.2190883861521133	0.0014559002130343224	0.04668200795582775	0.20138191692258012	0.5565234258556006	nan	nan	0.010302440997165693	1014.4894940076215	1153	3.877968983322604e-05
-0.027629302355203667	0.5768979573353913	5.226990120089669	3.063252173194615	0.04410283125381498	0.39133422594525713	4.15672904982722	1.510441903217033	0.0	0.0	0.15126931052999443	0.010614206105867496	0.20732017808953207	0.7090206245620703	4.911139606629413	0.018562965531399134	0.27449661001430636	1.3449427963623874	5.438060091666497	nan	nan	0.010623051911060291	893.243305482014	1153	0.00014594337074722477
-0.04280771684313622	0.6638180437819284	3.5503793650298543	-0.5444129112810878	0.049236341985275045	0.3784017942193502	3.564794459452174	0.5967908158552543	0.0	0.0	0.1662253290417026	0.026820345662500966	0.055234375761294585	3.2951983162474345	3.6333918358659427	0.013839753295501245	0.15005650813920796	1.2770320192227853	3.0333845981178174	nan	nan	0.010534256843209855	914.5406458755922	1153	6.32265460012448e-05
-0.043698679095384274	0.6951739988770258	3.652952626441972	-0.6846044441988001	0.05023574764356842	0.391999772901443	3.355392168778124	0.2636601359770709	0.0	0.0	0.16011096087909704	0.011492982862872148	0.057856317961226866	1.6218685547136467	1.4598776953493182	0.013189169759197927	0.11632251131075877	1.317644746793412	2.520962491228047	nan	nan	0.010466764581644639	898.6028558440804	1153	1.702061355286383e-05
-0.02175875535240035	0.4802799157138507	5.821563020203113	7.030431874845792	0.05419007516627339	0.4077901841996472	2.83583394185733	-0.5222529512683359	0.0	0.0	0.15266530716233082	0.0015416355836745943	0.05991815451090049	0.27310283531635005	1.356625732760522	0.002264161492708916	0.04398494902708633	0.3406102872037131	0.29091683668305385	nan	nan	0.010026775608350497	1002.1979876605067	1153	4.588020226315693e-06
-0.030407542246681518	0.5723368367918173	4.844689713858029	1.75307721204299	0.04445579928016685	0.31326168467332005	3.779728650062546	1.3448665835907945	0.0	0.0	0.1308628959394173	0.002016464177676258	0.05304817262241002	0.3176490404085235	0.7092916014708815	0.0015120942738696685	0.04585050157421536	0.2278856401174818	0.44952346877762034	nan	nan	0.009617973704472607	896.1484076554996	1153	5.9473885160162227e-05
-0.03635662978173437	0.6902944737979836	4.767085422216184	0.6704672804340722	0.05599415020656928	0.4884205285581857	3.2675586911669576	-0.42883359394801146	0.0	0.0	0.17523571725807835	0.0027463394066249425	0.053393224718319865	0.40000422205150876	0.6309178089040052	0.0025303589118559344	0.04576800461910607	0.34591559957245566	0.310625551677673	nan	nan	0.010303202935608477	971.6836686897326	1153	0.00017608873884696774
-0.0414508156809934	0.6757990898018253	3.536466158189686	-0.6727457982544304	0.05465761051004958	0.4590079306874157	2.8837039472000026	-0.6257291355534663	0.0	0.0	0.15117597166265548	0.02065236752307026	0.05878641600495821	2.858350727861044	2.7667844424707124	0.010489391845444507	0.05208601541519636	1.3560733416539217	1.269702888637085	nan	nan	0.010594374152113548	844.810069690544	1153	0.00019846270642074926
-0.04884567178788679	0.6024301403888621	2.350843197486528	-1.3592859551845384	0.04039702286559277	0.26749891866307	4.2655690687544165	3.207066742341222	0.0	0.0	0.16036872044809938	0.0036069535961656407	0.04981761241215282	0.5467149307619446	0.24421575596471956	0.0014395823313195777	0.04662156997128322	0.20499424398150268	0.6306293465371605	nan	nan	0.010133234170629751	1003.168208059022	1153	4.7892832282071146e-06
-0.04192812306617044	0.676115745005329	3.6811167600164647	-0.6190880000624327	0.04441332670641196	0.358449514834796	3.949251604525723	1.4309189332328927	0.0	0.0	0.14734719395295473	0.0031367315839323506	0.04893684195774395	0.513540190633536	0.42618751652250797	0.0017083954825006797	0.04888736801541335	0.23863920017193108	0.48347309570518543	nan	nan	0.009933701562609282	913.6261536766579	1153	7.368156824474439e-05
-0.04337164063051968	0.6957497846769519	3.5178425377467812	-0.6537782665926247	0.04947631346442738	0.42775072313907997	3.328265114432334	0.36617387140896784	0.0	0.0	0.17579338695048147	0.0034765243098379695	0.050587298494340405	0.5243523211429764	0.42472318709108914	0.002233248452865655	0.04764959945764988	0.2766055501786109	0.3889261064186011	nan	nan	0.01039181968772493	929.557907233733	1153	0.00011943656745916622
-0.034914926207701535	0.6697010289799992	4.900467093681983	0.9359409044030089	0.055705407677033136	0.40448435474152117	2.886971097272143	-0.5350287869792805	0.0	0.0	0.16227658882477541	0.002506953590923122	0.05409792547182146	0.38033143545427794	0.644458534875889	0.0023413087275694355	0.044226156826272234	0.35048233039867305	0.29999656663252167	nan	nan	0.010125893434454455	924.4430819126321	1153	0.0001610972116639557
-0.02558364700965088	0.5346260982724227	5.282143251354011	4.466995737051353	0.05624793785108162	0.4241323763532573	2.837895159155562	-0.6179343234884188	0.0	0.0	0.17078347148645795	0.007711276324140315	0.15958231321594588	0.45959303901943693	4.477250681641622	0.011101848964198413	0.05283064483116234	1.4612979170189264	1.3873556333247994	nan	nan	0.010821375596742289	892.6406102626572	1153	7.239340904703681e-05
-0.030685074531525358	0.5919401664122563	4.915766316909518	2.0890790179274923	0.04502378653839045	0.30231914621380857	3.721418684712015	1.597568248969022	0.0	0.0	0.16374305041333614	0.0020974698853925	0.05435338392476219	0.3073996718675538	0.7471686754154744	0.0015441733563580362	0.045759107370861085	0.22040713555847025	0.4672744844008206	nan	nan	0.010200107576167822	929.6047008633591	1153	4.657426722183971e-05
-0.029775216197957644	0.5754924483544107	5.139835441509559	2.236897976709962	0.05461434493270656	0.3671955399026153	2.6486459690776742	-0.5879551648641491	0.0	0.0	0.15415033610048784	0.007411662500840521	0.11719520990263435	0.7066519419509243	2.932871011433403	0.017388993998884383	0.05113138717240351	2.372798053748941	2.4185639767394687	nan	nan	0.01065379145068783	949.9988700178257	1153	2.060237440895015e-05
-0.04251251115179633	0.6116008218014528	3.159651068462115	-0.5843530149185455	0.04583343992915978	0.27338592783350346	3.3333774673178214	1.3430664805819754	0.0	0.0	0.16920618804114584	0.011404960342534964	0.05440353355193628	1.5344055699739128	1.4930296327694716	0.009774509598626357	0.16858754500028475	0.8240730382209027	3.09485316505557	nan	nan	0.010604154913272323	971.1485768922014	1153	8.315496938769818e-05
-0.04131176005838455	0.6454274313604802	3.5863363720804657	-0.5764027296295078	0.04472495091945072	0.36821683904430136	3.8772427854744365	1.2333613447516871	0.0	0.0	0.14946427937940898	0.008353887361774337	0.06957137133145991	1.2551455761937087	1.2002900018672844	0.02728384088284519	0.3983446905317374	2.065987965199712	7.693776335227362	nan	nan	0.010635064624395313	972.9622681071216	1153	1.450511586553204e-05
-0.04405168982741314	0.7178162392837499	3.811326542395989	-0.6528605155971059	0.05229354362577099	0.4057541936151028	2.9845155098739653	-0.1131864642092262	0.0	0.0	0.16352117528977553	0.0033868358330921278	0.05033943572560129	0.525602643605585	0.4258610737964116	0.0023244318620148086	0.04520126491474505	0.3080434206296958	0.34474894823535945	nan	nan	0.010004456510369672	954.8888989718591	1153	9.638194719848626e-05
-0.033237474681180657	0.6615684124532601	5.085374312152108	1.3766081269115469	0.04658975281018529	0.42309726947410015	4.02477202032412	0.9307213142311037	0.0	0.0	0.15369794387525224	0.0022823949610081273	0.0534200206733913	0.3384040394563863	0.6664441811880882	0.0018268821659070955	0.04821278419540698	0.2507837954719445	0.4210732034353338	nan	nan	0.010012442991061979	891.1769458645996	1153	2.1100680983644543e-07
-0.040817428841327996	0.5893635397058229	3.2618815287992984	-0.590599995467249	0.037692825020452014	0.18181366359618278	4.254464286567588	4.6779610112302565	0.0	0.0	0.14558095846156666	0.0027210785435220486	0.04441302275505876	0.46063770422441497	0.3837066675868415	0.001303367123372312	0.04109422718967645	0.18375594649174598	0.7251777427947094	nan	nan	0.009901728132598611	920.5548892342616	1153	2.1164983885795646e-08
-0.030362634970423796	0.5987799363588437	5.197372184468529	2.350187228085769	0.04354406534200361	0.31213950040130795	3.9887948071771504	2.15910391146832	0.0	0.0	0.1700754534446053	0.002063806519371103	0.05437675250638718	0.3052512708869797	0.7823858627528393	0.0015055197831705946	0.04583225302820973	0.2088423311387193	0.5035124395247679	nan	nan	0.010212864885462108	866.947328507995	1153	7.599355543285485e-05
-0.02991513561596726	0.6483923726101457	5.846241947386738	2.9326727161786694	0.0572930634708575	0.4055237625494906	2.7050381276378186	-0.6375149034497587	0.0	0.0	0.17081965274414124	0.01013719195747309	0.16038302739954016	0.7669035259110828	4.275006099469062	0.015566500717702048	0.052993661160196937	1.9880478828796253	1.9047522222717457	nan	nan	0.010607964352413193	974.9869383921687	1153	9.387825143910832e-05
-0.02629831146375361	0.5364085422247734	5.360713467410147	4.200008351153504	0.06301247235925334	0.3202870233500656	1.3228958011039489	-1.3080261146056198	0.0	0.0	0.16045204660811138	0.010140369702986096	0.20700532512671002	0.5723483554479474	5.679166105261358	0.010189942096591631	0.08833335698127942	1.2775787784495343	0.6091749572217453	nan	nan	0.010595479830017504	920.3248950078366	1153	3.423907874648128e-05
-0.030292627913386716	0.6027470461630404	4.921982412640803	2.103291129551704	0.054539484594852805	0.40715154185892966	2.731105078098246	-0.5564233984826926	0.0	0.0	0.1558556915430132	0.002155890544333239	0.0562954153228048	0.3181311358031893	0.7711483380182236	0.002366335073237247	0.04475634293265576	0.35027877669039165	0.29215323228579443	nan	nan	0.010223256959988297	923.1731694947646	1153	1.1944641076703736e-05
-0.03527224438720522	0.6920983050244367	5.001003124291705	1.095774573249561	0.057780376151041146	0.5040112229818141	3.2459120193902953	-0.5985052856268283	0.0	0.0	0.18174804305361061	0.009622502717925752	0.10044625528226347	0.9736549941575809	2.505176877945327	0.02001005147749102	0.053150627052242355	2.3585286439243296	2.3619932000792994	nan	nan	0.010888324923757006	864.2933733900804	1153	0.00015401210867610688
-0.04252319927586656	0.6311004300665066	3.2820099409742802	-0.6068104600764735	0.052404326668714196	0.36518258260748665	2.8733482092088374	-0.13839699217689638	0.0	0.0	0.16402089035156342	0.0029314021800598833	0.04879004503539863	0.4647868542968292	0.37353204141366875	0.002230526872757266	0.04484368629881286	0.31331202225230226	0.3478855938258264	nan	nan	0.01013794401903488	926.1047722908579	1153	6.827028023148395e-06
-0.042184185628259874	0.6678996212680424	3.676605650512337	-0.6323634346684953	0.05288717286621658	0.41504877321936884	3.0799805658152017	-0.29610571082930354	0.0	0.0	0.1526468117654929	0.0032083425001336874	0.04947013612897172	0.5288560142045453	0.43633028503636617	0.002316946434003375	0.045647043728334336	0.3354493909276699	0.3349116622320171	nan	nan	0.010012638863281895	951.1658473214543	1153	0.00013015273883974535
-0.043371049900042036	0.6548113122351071	3.375024316463779	-0.5983621421289795	0.04699317083251975	0.3687998398584097	3.6718360253201467	1.0254897870355077	0.0	0.0	0.1728635258508499	0.013701712411382128	0.060604901462863736	1.8068626098110572	1.752606788992562	0.020586921563879756	0.2688167226838306	1.6032071585534777	5.157243753153326	nan	nan	0.010748511155503682	878.5944046356987	1153	0.00011706212996025122
-0.03783190784484225	0.6524919504181705	4.159566173764226	0.20202882170962735	0.05745493318790773	0.4392568642854946	2.760764096814854	-0.6232947588482527	0.0	0.0	0.16506321643447083	0.011159484643050166	0.07640533466235261	1.352975659712903	2.218086459745568	0.00854688331123754	0.05023892695091814	1.0617201972316754	0.9821348041565555	nan	nan	0.010472817078067923	873.2310634349312	1153	9.045756782581995e-06
-0.04262147105786729	0.6521920847392026	3.499599257628163	-0.5980610386549643	0.045219038632306585	0.3057986181642611	3.698277625460047	1.576338298937156	0.0	0.0	0.16950797757642344	0.010178172628517945	0.05541814175707782	1.4354335956547057	1.3714870362252518	0.007749514592581885	0.13941856860860652	0.6097799963345216	2.500050125833387	nan	nan	0.010675347716444017	873.7262586457092	1153	0.00017237258749862902
-0.03438595593218308	0.5955496179561348	4.217202479442418	0.4803343084651825	0.05369621284967563	0.3423652718212224	2.391305541506089	-0.6100158615857232	0.0	0.0	0.14611849354742584	0.00910219242721727	0.08349165686434323	1.174575945148632	2.231639637914669	0.008240285167637529	0.05014850838416554	1.1878262520869276	1.122193841257488	nan	nan	0.01051405667325682	933.0149282912716	1153	8.914216161646895e-05
-0.03697519076918998	0.6528403835865657	4.204338501288502	0.13891009579973396	0.05397203511520643	0.40394510271715756	2.836198608978124	-0.5846204916721559	0.0	0.0	0.1420714507989072	0.002757354796957545	0.05141955632027717	0.4337983017796736	0.5509521123682798	0.002332283878668129	0.04537378066911532	0.3657039893452332	0.30207304132721785	nan	nan	0.009959183563094096	884.027841921911	1153	6.519488837751539e-05
-0.03194282640543544	0.6205281862402405	5.0057639344101	1.7955211035754293	0.0553243341766676	0.3629304503526234	2.6092764387144762	-0.5950237011074566	0.0	0.0	0.15774185570917282	0.009282708261710293	0.12326253211679239	0.8693451490647384	3.0878781525844667	0.00555526010759988	0.05180527747954708	0.8101656730968005	0.7487664265221141	nan	nan	0.010615114861094663	894.5618632538467	1153	0.00014070212207275588
-0.04044274597420694	0.6349953450575878	3.57432246774286	-0.49521973555395865	0.04905691445922988	0.35938972301004635	3.2773781825793655	0.2837689426684444	0.0	0.0	0.1460065874461186	0.003100723477951761	0.04851741566322243	0.5071976322687188	0.4607629369924711	0.0019430721150901498	0.04611988823171534	0.28003572495658346	0.3841945374832041	nan	nan	0.009834815387552376	883.5885507169917	1153	6.31066137707452e-05
-0.03313812489313095	0.6056959749985321	4.63885682300634	1.353553057303158	0.054087003298112224	0.335175929222719	2.5311568560007194	-0.41071616545711426	0.0	0.0	0.1632429840525051	0.0023568024006829225	0.05362253122266769	0.3441779994078904	0.6872055030565605	0.0021754644733390505	0.042852918991495625	0.32461194911775837	0.30496528316091054	nan	nan	0.01005053342685383	852.2237839337307	1153	3.029326653131441e-08
-0.04322378524262516	0.6840604542658097	3.6757093610809584	-0.6323591977952652	0.0568439608539566	0.38826554103051253	2.532857728704702	-0.6175878405252123	0.0	0.0	0.17686227160716012	0.019646846824041164	0.05566890679344616	2.644717918602658	2.606539840460052	0.015952953565095518	0.049435430265203334	1.9839616203474888	1.9316854160669112	nan	nan	0.01077384163695752	887.4975117992299	1153	5.981349571008364e-05
-0.029967851246752608	0.6165718325431944	5.385234864341645	2.6051207581457403	0.060778232541640165	0.3648010819920526	1.8844472465263185	-1.1466731821723497	0.0	0.0	0.16005310365162773	0.0022853605099446006	0.05903753374365944	0.3249090553577787	0.9058318037725186	0.002866699098763137	0.04743320064978493	0.4423663457854894	0.2270958657164127	nan	nan	0.009998588537977415	965.7386183695196	1153	4.168654830114011e-05
-0.04171241770673462	0.6166707067915828	3.3544839751139346	-0.4815304195422376	0.05503838001229733	0.3650674181598644	2.5814923698646917	-0.47687006935919396	0.0	0.0	0.1709214398564443	0.003294618942532357	0.04746842389159406	0.5013408719296213	0.4616114447872518	0.0024273363286763106	0.04388789184188993	0.35066264067685915	0.31566064966182894	nan	nan	0.010187618266151346	906.2108037124904	1153	8.597001993934792e-05
-0.033966201048841294	0.6282883067170177	4.530839180149553	0.981224035371739	0.04667471413626623	0.3431082573345618	3.568407843585871	1.032623314465086	0.0	0.0	0.16444177958546724	0.0024134458412622406	0.05287193753013242	0.35701215872236913	0.6320995078399384	0.0017297523976053109	0.0465662724753583	0.23780935658454005	0.42784140288127853	nan	nan	0.010167917311478605	962.4536608740157	1153	3.9231847642190485e-05
-0.04289269688689501	0.690219524143785	3.6316502270092887	-0.5950926984816106	0.056059985552300295	0.42408819685951527	2.8091749738406415	-0.621193327044662	0.0	0.0	0.16777227439142509	0.029206540104802448	0.055391984741360256	3.5666291494199633	3.856709927450029	0.015245465290758875	0.051270480513666006	1.9625510986450592	1.8981272518525412	nan	nan	0.010621874891132546	888.6057237167303	1153	0.00012151532600162834
-0.04225180309140786	0.6602054424964214	3.661403354476148	-0.659792790659452	0.05652718483860064	0.38064058285924435	2.5799717702535796	-0.6686737043470822	0.0	0.0	0.16563984922411584	0.003396464383355502	0.05026352633918724	0.5645852104259723	0.4633572024567917	0.0025251642690535814	0.04446817749955567	0.38153507544563814	0.3001655174481843	nan	nan	0.010317642536989496	910.328269033083	1153	3.8363286511869865e-05
-0.03258282487179709	0.6106102133763642	4.730109028378214	1.4000215622578862	0.04075431871040047	0.3190283626234169	4.427809225971967	2.9353987667171277	0.0	0.0	0.15711931391741576	0.0022076494059812823	0.051817570195400786	0.3230064271538762	0.6599145196405448	0.0014379534753440337	0.04655975954791153	0.20813783596727786	0.5695843774052066	nan	nan	0.010033801530462502	973.0198435344962	1153	4.899987246736639e-05
-0.03665268806237143	0.7029494754417657	4.712082501974043	0.3969945577717231	0.05644088001525671	0.48729136876203627	3.159716686492304	-0.653869744029358	0.0	0.0	0.159728299617169	0.013316299146848343	0.09698745103869555	1.6000064874487219	2.920988547388811	0.01776292006794644	0.05593099323587808	2.2497478230957375	2.1433871107917257	nan	nan	0.010685375491532714	922.1464007381101	1153	5.018686809977976e-05
-0.026618208605707405	0.5366560602189682	5.086139860131697	3.3753199087150234	0.0548212556037837	0.3950236660684749	2.6887715035469473	-0.6016870225634409	0.0	0.0	0.14604866059648128	0.009278140994421202	0.17440562221090664	0.6679047582231044	4.6709415792101066	0.012031663693284234	0.05276111414355175	1.6221656008642593	1.573668654031673	nan	nan	0.010402986145054763	910.2211334627752	1153	0.00018542382004343023
-0.027999222744563457	0.606421940036501	5.542481813926482	3.0033703069235957	0.05428110725711943	0.4379506889487401	2.893067448584742	-0.5746012395556369	0.0	0.0	0.14751288009968805	0.0019851125558996707	0.05844950711854735	0.30918902661038183	0.8917098187782457	0.002366295358519066	0.04547322984300342	0.3535200559448055	0.28903076864668903	nan	nan	0.010062108785682769	848.119377216389	1153	0.00012119486425513402
-0.03617741276457065	0.6539027491092309	4.426617006053802	0.6231992938525969	0.048331343605861	0.3563300415364472	3.3113352425874143	0.5374859463946241	0.0	0.0	0.16566659587154214	0.002604489302934554	0.05166830696251845	0.37939291822041765	0.588016342074215	0.0018871252635124236	0.04652410156672751	0.26037218688688757	0.3935891160299693	nan	nan	0.010278134547230117	873.6345619569469	1153	0.00010428160620802727
-0.04201094250776927	0.6555454671650617	3.6347094475635213	-0.5303234903386678	0.05703890586605542	0.4333286436051237	2.832342886267548	-0.6206292362904277	0.0	0.0	0.16996045090130896	0.015677455089896597	0.0528615877991393	2.1557124760645414	2.2410823489424407	0.022969381037011183	0.051072789148791015	2.7512717883544644	2.7782875187996314	nan	nan	0.01075190986130721	918.0852636204276	1153	0.0001072605218859098
-0.03467337444590601	0.6640776454502695	4.840274474110057	0.9455834788055966	0.05529752218333006	0.35187802832352133	2.4623662852278105	-0.5961254630423416	0.0	0.0	0.16843203928495812	0.0025882980556075075	0.05532090684705282	0.3870230641962151	0.668968212189219	0.002350672862365344	0.04397373757103154	0.35790994214004845	0.29500452000836436	nan	nan	0.010275155874473349	1042.6356883196156	1153	8.970018724261362e-06
-0.04121346293947881	0.6054382805855524	3.433440504819556	-0.5234905165483948	0.055409776541273104	0.36397525899590044	2.551780362858164	-0.6366240721389501	0.0	0.0	0.15557064086198302	0.009991970985326004	0.050716474299346115	1.4630011261704026	1.484958252935963	0.01634637257312077	0.05048239038480731	2.2358866547000043	2.1701275985902893	nan	nan	0.01058131053832323	881.2994158981166	1153	8.22868212230945e-05
-0.04101377316678745	0.6243514334532072	3.5164792786558974	-0.5813201320817099	0.05519774552449097	0.3932386035339771	2.6604684419130686	-0.6505454903055731	0.0	0.0	0.14614436543955112	0.002973019216260364	0.04837086059724244	0.5048174675032056	0.4268589888775539	0.002447976061332402	0.044762283679451675	0.376404303795004	0.2982131743432784	nan	nan	0.009879285009172817	982.8621693402479	1153	2.5154675694851037e-06
-0.04325135158808835	0.635065150100472	3.2742153216578282	-0.7989377887194941	0.044222492717750805	0.33429933771251114	3.9683121005874558	1.6925903261656796	0.0	0.0	0.1617247533490319	0.0033766205099333146	0.0474093875876076	0.5502168023900695	0.4091996166529658	0.0016515804578858262	0.048459867617238056	0.23051981550352085	0.5049838639196866	nan	nan	0.010301021930100324	930.8879544684271	1153	2.1199297981739782e-05
-0.0344658677245443	0.628224640850711	4.35691827806942	1.139152823012953	0.05429952271372884	0.40924197424327285	2.9317644540438437	-0.2262141692309629	0.0	0.0	0.17226690810210363	0.0024649476115513602	0.052560196194750386	0.33332994665781657	0.6296459996076863	0.0023067028647342225	0.04421060311827918	0.30894949715035525	0.3172790952287344	nan	nan	0.010052125156642638	868.3944534245982	1153	3.528098313564769e-05
-0.033098088806416626	0.6334778652632023	4.783468459125414	1.1985106411296413	0.04596001756507273	0.3545055697517857	3.7800063161702644	1.1246441975915271	0.0	0.0	0.14630696159855439	0.0023150877946626625	0.053331222483263774	0.3490483181865742	0.6587050118497223	0.0016557993233948798	0.04645329398024528	0.23491388989055673	0.42741441913221423	nan	nan	0.009830721773095269	895.5920608045053	1153	0.00014617119862354232
-0.04269074871438239	0.6389637174504457	3.491398153289974	-0.6142532119311235	0.047534969966193996	0.36887779966577955	3.8946252457061767	1.1245942897310002	0.0	0.0	0.1734141414075482	0.00653215096412324	0.05603484772318584	0.9740186671499962	0.8856351161318894	0.011120889245647914	0.1592177970920209	0.8894219097718477	2.919845783787036	nan	nan	0.010739869568634014	937.2703464068953	1153	8.875541598085453e-05
-0.04125180427804531	0.6406007540439917	3.5005218515764005	-0.5451664323439988	0.04029204831092126	0.28057872990491417	4.080218196352549	2.944706114208214	0.0	0.0	0.15233498458273523	0.003088026285979706	0.04684258325575874	0.49444359489688194	0.4340170864783346	0.0014332654059380223	0.046572221568117966	0.2017200479752126	0.5910019467990445	nan	nan	0.0098736408787172	911.8877373931642	1153	8.607277870354442e-05
-0.04173040409368123	0.6469345132833091	3.4689139151395465	-0.61062917974056	0.04863227237697498	0.35810867717982353	3.4356029664084553	0.5503745624621086	0.0	0.0	0.15740841257899918	0.0030870411020180732	0.0493877237261392	0.5023701724556291	0.41489878421716087	0.0019239958315299122	0.04714524641940182	0.2693929916542568	0.41162448210633606	nan	nan	0.010125224632587124	944.7525404746611	1153	5.1677002236942665e-06
-0.03328673711616437	0.6882344609766224	5.123078131115324	1.1665787751592256	0.054447248947209426	0.4499191292253868	2.9682744012863433	-0.5809052779521681	0.0	0.0	0.14411532113720033	0.0144287855111625	0.14941427162610127	1.511812166377666	4.10853172473003	0.011651835099939167	0.05585303636065214	1.5211453890207376	1.4916844025874079	nan	nan	0.010474154273670364	942.0965742134669	1153	1.2635912758584313e-05
-0.04296337329752864	0.6857372840704197	3.71519965470931	-0.5213727108115968	0.048008596394114145	0.3476669050066797	3.5412554738782287	0.9128150707816093	0.0	0.0	0.17490259490123397	0.0033215536207834018	0.048804821979468505	0.5032124504482045	0.4477287795533543	0.0018216409729399086	0.04660685145973176	0.24483111874231178	0.42729574361190614	nan	nan	0.010134318625040745	947.2328603824784	1153	4.05970867990981e-05
-0.04227063336497594	0.6610639655870846	3.3780770188036473	-0.5985671880613678	0.05553405892850716	0.45554116772559394	2.8052784555535846	-0.6202254585545935	0.0	0.0	0.1563647866142019	0.003252875820324186	0.04980470146040028	0.498766282376931	0.41427273334015036	0.0027017935309781027	0.04600061967482577	0.3803551365920472	0.30389502490584885	nan	nan	0.010088941990506514	883.2665089232532	1153	4.508272829521499e-05
-0.02971295323589329	0.6365998311412056	5.553742966614882	2.515569657308755	0.054863239557292554	0.42697825817539925	2.9204130809221684	-0.5750448036754943	0.0	0.0	0.1555971818913847	0.0020984458618321655	0.05774003879809819	0.3214140208447773	0.8298621857882861	0.002356334823857331	0.04519131064779583	0.35648949004639774	0.29368067440150686	nan	nan	0.010128626824808085	950.2985392153004	1153	4.9461617415615676e-05
-0.04328977007394441	0.6729920594005667	3.655461242893663	-0.5557278378174947	0.04724748369703757	0.3720611235492184	3.7870418756532613	1.095790447256475	0.0	0.0	0.17400795901142618	0.0031853417951122065	0.0477328507665144	0.49057660932151204	0.42282082162470763	0.001871108225727669	0.04816108116442391	0.2456680838249965	0.4558914621046555	nan	nan	0.01018796882602721	977.4810528837702	1153	6.126111836246484e-05
-0.025974526444094703	0.518284034366875	5.371500853100302	4.480616942885606	0.03737061660528895	0.22062431667664945	4.412318842574531	4.9840520637448416	0.0	0.0	0.1708747057278925	0.0013716598246276135	0.04584230290264962	0.27389299777864373	0.7156660576539203	0.0029292747926746854	0.09010219912354592	0.19724370153035498	2.1042327569284525	nan	nan	0.009886889176447117	877.7995692234857	1153	0.007951747318094945
-0.04179372840474127	0.6800774894699606	3.7357632974228414	-0.5614827866114485	0.043616775024562626	0.34665781463610784	4.104055074202658	1.9483133501628676	0.0	0.0	0.16242857361866297	0.0032287859926165563	0.04866369719406399	0.5162913666090456	0.45009235752024723	0.0015838556056038122	0.04731994268782058	0.21943920682611306	0.49684881875604303	nan	nan	0.010071882687167064	948.2467899370923	1153	3.0054228250361493e-05
-0.03270371492036561	0.6478419339533146	5.1396761816560455	1.5587451161879384	0.054182215172222215	0.4115203216394472	3.0050227443022646	-0.41398714110624774	0.0	0.0	0.1525956919169399	0.0022641705369781384	0.05434365499787164	0.3366402399274828	0.6987940161985561	0.002241970889760081	0.044480002422560866	0.3328190303298888	0.3060181193709643	nan	nan	0.009901010252272302	940.1174464838736	1153	6.444874418511848e-05
-0.037526564210729196	0.6399753322077835	3.96540515744003	-0.07415071834510904	0.050840967418461336	0.3849123421285349	3.1071269064819522	-0.01640526940474987	0.0	0.0	0.15077502834603412	0.0028736472108887856	0.05091646324237409	0.4644341495262063	0.5332933845044721	0.0020924778858091297	0.0453240233599814	0.2974169759961003	0.3482935026906739	nan	nan	0.01004195232507138	912.412587376686	1153	5.777291848948369e-05
-0.03453649157928462	0.6259118374013415	4.553350168147904	0.9300982144031358	0.05500607257966128	0.3938943871092669	2.7621633506997343	-0.5171791500759845	0.0	0.0	0.15720143440734288	0.002479840328348304	0.052346558564455914	0.36664848286601837	0.6395587875735356	0.0023272864407576366	0.04398698699922454	0.3449722252654843	0.29794515578169345	nan	nan	0.00998913455726623	864.8301738745936	1153	4.242564004886973e-05
-0.030524311978307628	0.6304253103561268	5.164942840595011	1.9782453081717164	0.055306127993089316	0.4370653078099931	2.7435752518306566	-0.7089296282116747	0.0	0.0	0.14927458033753194	0.0022018694851014264	0.05696244702367903	0.3330429628564424	0.7756350994031824	0.0024872503626683917	0.04550722818369016	0.37573635227142654	0.28026476865328254	nan	nan	0.010122455909359923	874.763215546614	1153	0.00015688632039978043
-0.04181781988034361	0.6591998835760092	3.8377936643212385	-0.5380934192509861	0.05566260856011951	0.3994264260131054	2.756449681547582	-0.5996860509823237	0.0	0.0	0.16570918907437154	0.012783174123381869	0.052860512457166664	1.8797411011155856	1.9162213320857122	0.012844831712273352	0.04962482475207719	1.717020423082959	1.6758902559324529	nan	nan	0.010717990917088124	952.3657563470343	1153	6.97959591726724e-05
-0.04315856662956885	0.6382612872780717	3.4172977573398966	-0.5915554345163011	0.04414244085641883	0.2932414948972253	3.8618667154873467	2.0714927349115757	0.0	0.0	0.1655775436143151	0.009655651218420824	0.053932900514526816	1.340868104573565	1.2829742458927393	0.008037005129267416	0.16326435651903143	0.5463028093716709	2.981452710344258	nan	nan	0.010464436082668935	869.2734285878969	1153	0.00017369450180913383
-0.032904079924765184	0.6176298231876269	4.821077283025374	1.2682542349543637	0.047064960757580154	0.334089122977245	3.5632019683391016	0.8855583813518274	0.0	0.0	0.15272974398214845	0.026172558608244134	0.318039246747953	2.4220391334484583	7.841440023334091	0.03097250133551166	0.3631863599109362	2.7753896115447256	8.102207422397003	nan	nan	0.010559855274642233	911.0724472680242	1153	0.00012215267724221586
-0.04261715809925937	0.627313111276169	3.1754637194166135	-0.6050566640882966	0.05315141229832254	0.3623259604350171	2.6174761529484054	-0.3652176714746853	0.0	0.0	0.16039043220477112	0.003400000246693402	0.04783217228104403	0.5052761016259415	0.4273521387346144	0.0023582249739424466	0.04453413642858428	0.3385021480451833	0.3280849351437806	nan	nan	0.01016272904876489	843.7318287477308	1153	7.27991748078127e-05
-0.031048530273479424	0.6359161143561021	5.40041431402543	2.0730543131213945	0.04667628944667279	0.3469728328664102	3.739766211793171	1.064981704426956	0.0	0.0	0.15586018930168843	0.017744209012149625	0.2624246192972859	1.4376142568025805	6.451349843862395	0.01803826090104277	0.22936160646079712	1.5843869958952281	4.862827593406908	nan	nan	0.010455582781811537	917.3236338385955	1153	2.4925603002751433e-05
-0.0340989071716965	0.6233174156177296	4.536056812092929	0.8409767501987188	0.0545708653298802	0.3656455646761232	2.5508578004306077	-0.6190657810923751	0.0	0.0	0.15165373299727938	0.010161596567706543	0.10154225040951953	1.1651193369742656	2.6751890347832763	0.01152564119292998	0.05168703735380312	1.6153207060798755	1.5460028735262477	nan	nan	0.010567346995079607	877.6506230665498	1153	2.8060611454824753e-05
-0.03286418357548615	0.6227043923071134	4.838955514332763	1.2187766829297433	0.04663988036991973	0.3235001300292539	3.6806483537997186	1.0128372804530246	0.0	0.0	0.14280727107890615	0.002260888716487386	0.05316501763857534	0.3486397944626125	0.6613595033083273	0.0016146591021984902	0.04571102670076585	0.23927505008015082	0.4266788192194456	nan	nan	0.009922473401248202	872.8380655438551	1153	1.761670216768082e-06
-0.029406130993463786	0.596290048254473	5.07047344495851	2.5808708589433094	0.043297216690997065	0.36863779125966	4.147471428293631	2.0540029935896835	0.0	0.0	0.17506706648864667	0.0020468967136436644	0.05580615498888436	0.3012504113981609	0.8082202425818495	0.001603175883009511	0.04765602157767598	0.21710283466732094	0.493523614006408	nan	nan	0.01037648543087813	873.532388709657	1153	0.0001552685450002431
-0.040956919730110175	0.6771379197076315	3.80732837001362	-0.48064000743443014	0.0548341359986666	0.46285830975970116	2.966854924323028	-0.6085438708934727	0.0	0.0	0.1530035104637866	0.020844042283914233	0.055089722643352435	2.8117214361303007	3.1256397810746193	0.020200867112023846	0.05205018058417751	2.490068242428074	2.497037801338559	nan	nan	0.010554896338033234	947.4730885278502	1153	5.258703196913453e-05
-0.04100625116556067	0.5972388994784619	3.3209750155013	-0.5353691076300748	0.04580914877759801	0.28550627130387657	3.2961333059677655	1.115316836157796	0.0	0.0	0.15208650752905134	0.010040306828062506	0.05503565243040898	1.4546022709046773	1.4679547026711455	0.012636157472657672	0.19819084466809728	1.1253783189239595	3.7440405307540283	nan	nan	0.010448784088212232	851.5259252226022	1153	5.115125752908716e-06
-0.04084912149207365	0.5969989466295723	3.3106849287013773	-0.587132975129922	0.0537832250246586	0.341490305112183	2.4723747410767256	-0.5862461937489133	0.0	0.0	0.14161457062764243	0.006888034576669533	0.051424278531208345	1.0578481801691226	0.99664281686021	0.008620629279363912	0.048422002264850134	1.2544103858487892	1.2161700493397138	nan	nan	0.010164425126959725	922.7283394906843	1153	5.0849814836724625e-05
-0.035080277242322766	0.6625456589679553	4.721799449899228	0.7522739613477093	0.0542462707401663	0.37162996528836734	2.656991767430358	-0.5012018213805582	0.0	0.0	0.15692674410579177	0.002591555079538621	0.05408016989797243	0.3926356491727141	0.6365343919000267	0.002284884515252883	0.04408787030597644	0.3447350779087399	0.30204383129705387	nan	nan	0.010062483528614913	874.0189635373508	1153	8.198467288527249e-05
-0.03448346136833569	0.5942886972567142	4.301786058957928	0.6534235321236808	0.054465621235577855	0.34006704825361866	2.52871040733364	-0.6081779728937393	0.0	0.0	0.15113557297738406	0.01045665442620336	0.0963053421436727	1.266098128786839	2.652992296468706	0.014361274732365925	0.05086709710437698	2.081443545622725	2.0567550758407123	nan	nan	0.010550639987409849	872.8763697168777	1153	0.0001241935375313755
-0.04543691609982936	0.6391971356739655	2.9490255630121274	-0.9409950761979357	0.04176869197597699	0.26898750872129795	3.709891461722876	2.4065732485661537	0.0	0.0	0.1636936112846203	0.03228876019681809	0.13334490250486614	6.456736017370556	3.3163430826302056	0.015546874065467509	0.32014730593653973	0.9423157178407637	6.449669727685179	nan	nan	0.010707069690367749	868.5305947931803	1153	0.00018245126293573843
-0.041731250699816314	0.6530420098237054	3.4653620038399446	-0.578122050697817	0.047011001531096275	0.4151497749979754	3.7975897604261477	0.7303595910345567	0.0	0.0	0.15175195167490774	0.009793496456038386	0.06392888064476071	1.382291687061224	1.3369886168092748	0.027775097921451386	0.3108805999070985	2.3143797635261008	6.298243892153052	nan	nan	0.010667194511391226	884.7349305184173	1153	3.562170133495068e-05
-0.03542593176634712	0.6761396453465848	4.658819962010091	0.7194430518111399	0.05440674213235419	0.4482811019453531	3.0312900158094402	-0.4445451057156844	0.0	0.0	0.1628017612843944	0.0026304536208800466	0.05389559923854087	0.38824000865581887	0.6218179911606765	0.00243683711759346	0.04591081168787142	0.3469739687503659	0.3094357745496849	nan	nan	0.010235242923022816	919.6344844211316	1153	0.0001951107817792752
-0.03434201268004422	0.6556705932295193	4.612025218243258	0.8768894710144718	0.05551193691158596	0.45344827961496925	2.8960462353247824	-0.6215494623835529	0.0	0.0	0.16248691584071545	0.00946815359604497	0.0963180635699094	1.04398314034214	2.42382323059338	0.007991635970067135	0.05353594675961465	1.0430532969577964	0.9631190512072334	nan	nan	0.010767311679645161	951.9535606472645	1153	0.00016098433764789174
-0.04052835718644543	0.6041840741114515	3.456423161110399	-0.5632764452515339	0.05340925860439105	0.3869770531288531	2.7789817620039137	-0.527368101900514	0.0	0.0	0.14494157286821333	0.002843380389469019	0.04750170822239802	0.4919768471522259	0.41900178759478746	0.0023302800509391597	0.04495774433466651	0.3627000997193339	0.3143988377273977	nan	nan	0.009942232764363373	952.1270317959825	1153	6.434353764376195e-05
-0.024315830395573723	0.5417106551826543	5.731965037847973	5.569874536694122	0.05609003022383319	0.4062290292757143	2.599663841876059	-0.6064559367335707	0.0	0.0	0.16674009782687366	0.00837000170171992	0.18420358922324967	0.4232668389932015	5.72580338689864	0.015290951639994277	0.05168148676553336	1.8866321011740903	1.8449987255072167	nan	nan	0.0105693636662966	893.9381147264003	1153	5.3185446425417724e-05
-0.04353344971304973	0.6771096509970034	3.636120411736318	-0.584018654222498	0.052141697290311484	0.37750770960924923	3.1500044570491004	0.12244958471847484	0.0	0.0	0.17261769906240818	0.0032339599650932915	0.04885541531372645	0.49858623232716504	0.41987206885104933	0.002163622950628663	0.045255975081573446	0.29013146839389337	0.36733030288039853	nan	nan	0.010197914626179805	918.7014715352707	1153	5.893394858376314e-05
-0.02855829611954741	0.5752644865071865	5.176792095863629	3.049891664009704	0.04159751340400408	0.3174979667064413	4.148522411774164	2.500385568979206	0.0	0.0	0.16461015073626678	0.00190612137969004	0.054620131332521527	0.2811758984629953	0.8331009114586543	0.001462210957273724	0.04649636406682159	0.20777594882445394	0.5314011999419449	nan	nan	0.010248670485919806	977.2062113966651	1153	5.601258878570077e-05
-0.0314776366203422	0.6494137882304621	5.114769611932397	2.0965680228265064	0.05910727214618494	0.41871088326897504	2.40905487845182	-0.8449577239044018	0.0	0.0	0.17380665808529727	0.0023878502400721535	0.05814189991582547	0.3304702127407868	0.8062995789579879	0.0027487863029584947	0.04522740593713154	0.39193187466208257	0.2622407086041649	nan	nan	0.01025400366101846	907.2595664034932	1153	0.00010838546429406209
-0.041966806634047504	0.6487336353424564	3.5250521798363534	-0.6360031673470345	0.05460303662588384	0.34888531895420616	2.494466711828023	-0.5550323749132576	0.0	0.0	0.15471611190075532	0.021188376720052582	0.0551473432255275	2.9237560000991847	2.924725613681057	0.015872782768815874	0.04837599916276811	2.1159377037509115	2.1952540547513792	nan	nan	0.010580268056243972	930.3980444465396	1153	0.00012341054268333987
-0.0356117399067859	0.6793294251154862	4.818816030001841	0.7645994852809513	0.056204722573077515	0.4618846125564354	2.8926417804301527	-0.62499057072749	0.0	0.0	0.16110299575776252	0.009135844273286842	0.08848608100268807	1.0321963405197163	2.2415385801393075	0.007076969375840347	0.05282260193929625	0.9078279326194105	0.8252465127224049	nan	nan	0.010590366728467332	885.5544085850893	1153	2.289246222624869e-05
-0.041267429329756466	0.6705882634305464	3.6703041771732896	-0.54461476313876	0.041329792972697676	0.34984325019294016	4.208275924595289	2.267942430287125	0.0	0.0	0.15245513627416543	0.005935306955608899	0.05118369897352387	0.8974679435897774	0.9060014285236387	0.004477620168929386	0.0813749119135001	0.37090962971481045	1.647073385062454	nan	nan	0.010009396947575258	871.9805388978162	1153	0.001120865171599538
-0.026287046800586356	0.5015133960841682	4.798734029424582	3.7382913987617523	0.044439196330351205	0.31468340819911345	3.649485245865456	1.572092751106415	0.0	0.0	0.1641001911190717	0.0017639535881626145	0.055260302759184976	0.26448702354181686	0.9130386570730433	0.0015532083174796263	0.045827339638444764	0.21706231326890513	0.4561232391455722	nan	nan	0.010108331314442456	886.5724006529288	1153	1.2687142087449118e-06
-0.0321584840924134	0.5707721324861429	4.567831172752949	1.417114003598256	0.04361326463192117	0.26067211896032877	3.835782410068914	1.97639435322481	0.0	0.0	0.14538766876806467	0.013082100451300649	0.17445157325220711	1.248113066616662	4.1412289575390755	0.011692370967136267	0.23675253358632942	0.9519698825889347	4.812095130067667	nan	nan	0.010366074041719311	909.4264713317792	1153	7.479503413854397e-05
-0.031101796483395172	0.6153931112110079	4.775414867383599	2.0623269586433994	0.057427088491199374	0.5021988772051527	2.9669915579948536	-0.61383004713101	0.0	0.0	0.1824191040468116	0.0072343587726854675	0.10564789177012934	0.6209515470923606	2.4577838872367996	0.009860346368923412	0.052921512687290034	1.145741541755783	1.0716452412641009	nan	nan	0.010885722832795194	877.6049837985151	1153	0.00017120328167465797
-0.029786426481289263	0.6519618367415816	5.638775730009935	2.468085990504504	0.05426370657525159	0.4484115829635815	3.075425818764735	-0.4998388503810383	0.0	0.0	0.1473034360599388	0.0020983622987963413	0.057810198274586555	0.3223749164390024	0.8203230307679518	0.002321725704483968	0.04536343489502964	0.34494151440951804	0.2966503716540445	nan	nan	0.009903745891548452	961.6120724526015	1153	9.845117558316453e-05
-0.04303235296730068	0.6752567354795443	3.7058182431406617	-0.5923378986775564	0.05160313344720979	0.3739433093249278	3.196725546170927	0.09751511703649739	0.0	0.0	0.17029338763296	0.0031521439248233807	0.04908818031887491	0.5037407162861698	0.42132791063821545	0.0021330801032948266	0.0457579709502732	0.29687598573475515	0.3729652467377351	nan	nan	0.010191826833123752	921.8547269940834	1153	3.2979364015520516e-05
-0.0365809779586046	0.6796309115022476	4.5547642470286425	0.6805571974626909	0.05553992359121818	0.48134908511247937	3.3992206538655623	-0.2244322506036329	0.0	0.0	0.18153350777183902	0.002719287863489739	0.052683635175485855	0.3813728326347161	0.6070670719335455	0.0024375644726133405	0.045603817264707885	0.32099401791859195	0.32509130428830224	nan	nan	0.010163636417212893	909.7215707281172	1153	0.00010540886180154012
-0.037050673431028636	0.6165215659700893	4.007562862409644	0.13021827865274443	0.05177188956024392	0.3311968440671123	2.893835865155644	-0.06260408029978948	0.0	0.0	0.1523417253079301	0.0027176530761438555	0.05004960101962441	0.4295043841648649	0.545146174123717	0.001981740080111982	0.04368688721975897	0.2946692958619088	0.34314191196770494	nan	nan	0.009952035517574287	895.8376853245669	1153	3.934872085323974e-05
-0.03186182708671903	0.5656545111044797	4.511089262377946	1.3005128514742288	0.05423001783988268	0.3461866992388449	2.4235606959273515	-0.5978319600189279	0.0	0.0	0.15612688283819504	0.00752496095069094	0.09658072393530379	0.8412757939502522	2.364138797763653	0.00779827781589737	0.05037243487177287	1.1096155029025807	1.0540055839851399	nan	nan	0.010797798270941614	870.1231111857004	1153	6.707808110317475e-06
-0.027177554577017315	0.5711273090594737	5.351393908234235	3.568485112280785	0.04262691187137713	0.32458269550176255	4.049613436347271	2.254367604837044	0.0	0.0	0.158458708801947	0.0018466246152581411	0.05638720348794879	0.2851905221353386	0.9078005610848777	0.0014679331450971889	0.04540469031908212	0.20525845220706618	0.49582982054577246	nan	nan	0.010031099296220813	891.7817657740576	1153	4.385668745739131e-05
-0.03428444278353915	0.641741808288969	4.870208074924343	1.0324047664100373	0.045873748272215575	0.32669421678156435	3.766583216154997	1.3595870924840456	0.0	0.0	0.16012307417852706	0.0271276860488584	0.2966192540168172	2.5975165014137853	7.469755067263186	0.02760224031947922	0.38829447203816936	2.1859021023270984	8.233954568293736	nan	nan	0.010612152061245161	870.8939817934888	1153	1.961608827461921e-05
-0.02559104109388799	0.5117555516754921	5.1802651234954835	4.162683991484353	0.04340492412633323	0.35011717886965854	4.100689777384565	1.7973177505214746	0.0	0.0	0.15601211634315856	0.0017047206533256642	0.05571118222815147	0.2652429972993251	0.9655170775273222	0.001550684646067113	0.04705659183539376	0.22087823165908782	0.4796544937335936	nan	nan	0.010169691433571673	930.0562638834281	1153	2.9236203984470397e-05
-0.034198403105023756	0.6333499262115707	4.64292670622627	0.847781314160549	0.05516733268220331	0.4077339301343437	2.7963452052723223	-0.6091922403973842	0.0	0.0	0.15928681408939346	0.008959696480379031	0.0921806136064619	1.0477608220944767	2.3670107316803217	0.008199840848419293	0.05240337110749088	1.1349059552046845	1.0668561093041213	nan	nan	0.010724806324180935	964.2524207905317	1153	6.640414058596054e-05
-0.047312606369920296	0.6517983253933805	2.9531128972630127	-1.1492608312038495	0.042365381582215145	0.28349320321725363	4.005677902924937	2.3780734526444234	0.0	0.0	0.1596371521376857	0.021822213004366264	0.14379971157419758	3.13886177096731	2.006926206868971	0.016967520544183934	0.3435170315228089	1.0800950586026907	7.082079474649521	nan	nan	0.010619716911491398	808.6218318243527	1153	9.754845355025305e-06
-0.042415761613440295	0.6414741151267185	3.377191484850664	-0.6057906171613592	0.0558029079988116	0.3935083508686337	2.5642913085723116	-0.5883313401077952	0.0	0.0	0.16993331799372832	0.014460851280439058	0.05320135342817983	1.9746701429583222	1.9257924446577788	0.011440375348035658	0.04905741993316823	1.4464539054481433	1.4106589095553335	nan	nan	0.010752666996714885	996.1374748881914	1153	0.00010833888046441312
-0.03983439890930962	0.5945838145354763	3.4768833572755566	-0.29754157336081943	0.04214546318088708	0.2723230393693891	3.874260365099449	2.5277687307706507	0.0	0.0	0.17110389713596008	0.002947979474486051	0.04549581505539485	0.4591476434491306	0.47383927836117473	0.001481314270023626	0.046537161032090796	0.20664215252265472	0.5630552503015438	nan	nan	0.010303800358374346	956.9089968080461	1153	9.123468382822565e-06
-0.03501568130703392	0.6337327762733893	4.390526534175063	0.6774679282294239	0.05316443794705683	0.37833861462907126	2.632193156508448	-0.4147699950080349	0.0	0.0	0.15234682131900468	0.002547907571572805	0.052258949766688656	0.38019661045141806	0.6073004098584411	0.0022880246879601884	0.04414408943723408	0.33045890463313565	0.3052001062345621	nan	nan	0.010008226131275	822.0470419084755	1153	9.204850189678255e-05
-0.04114226045602243	0.6335624795875715	3.600451952116962	-0.5457179374911936	0.04634244645769403	0.3254359347015883	3.694413197465961	1.1815139138328496	0.0	0.0	0.16188186914577213	0.014268011610066023	0.05618359298007708	2.070891156735502	2.1235890233895502	0.01101738059180457	0.1703048192044468	0.9436175825109485	3.1862753992843573	nan	nan	0.01054484872742828	934.0076375561846	1153	6.469080952338854e-05
-0.042997548382286754	0.6558275371609255	3.5045459870978277	-0.5986367578476668	0.055693538864760805	0.38347313523112625	2.6289476774494585	-0.5823053539333679	0.0	0.0	0.15337633254557104	0.009524589917486448	0.05222469375967498	1.3309949327232609	1.2667154936051324	0.019775356150652623	0.04809818547408634	2.492372617478716	2.572125967600896	nan	nan	0.010168662550043978	908.7919718581952	1153	0.00017265595778472666
-0.04247100472361409	0.641069351193293	3.503681781685989	-0.6168228987756529	0.039559253293590224	0.2168656869687744	4.190299928626228	4.071177890173467	0.0	0.0	0.17034952552244542	0.008014433093136097	0.05677633887311273	1.184855218170532	1.095996293748554	0.006627748158773761	0.2080694113498201	0.31947234227504007	4.478661760672531	nan	nan	0.010650963662802035	905.2376171607792	1153	9.6703480634855e-05
-0.048864359059198614	0.6149092134228479	2.470871760195214	-1.383486241028188	0.04043171503536458	0.26178029897286514	4.239533602643935	3.1105609489190185	0.0	0.0	0.15194369649385536	0.009016858458007204	0.0988613571987148	1.4545380944313775	0.65053382955541	0.013648708084891381	0.3373349587165526	0.7316369475793034	7.1450972212032715	nan	nan	0.01055407554789621	949.1837972840513	1153	9.875043220610942e-05
-0.04324664093826924	0.6881961592164193	3.6544540688341307	-0.6391469876515878	0.04831440192287251	0.38420138011167926	3.5330396253019174	0.7061197833957088	0.0	0.0	0.16251332945522384	0.014820620196782153	0.06267566873257363	2.0563072565815723	1.9428669764444042	0.02152545219015234	0.23717623368754273	1.8030189316437362	4.757447319404055	nan	nan	0.010434878238456916	904.1727687407714	1153	2.4007274146349667e-05
-0.04470295660974699	0.6932291926606946	3.5505127335288678	-0.8811512495306737	0.04467079969183896	0.3583651645174333	3.862655470022258	1.523081775325104	0.0	0.0	0.15921776689169462	0.028481351355168272	0.12389075417765538	3.8782765281162703	3.359130797588279	0.02447143865213086	0.3709136137220857	1.6555557642796628	7.179552618349105	nan	nan	0.010656345474991363	914.3976763421225	1153	1.9360531624837066e-05
-0.04202568174138166	0.6534029813148626	3.476638627164311	-0.5592019820614081	0.05592172383575433	0.4219805702025094	2.6883050271324427	-0.5957477428327915	0.0	0.0	0.16189975480776825	0.0034733624103184813	0.048876867962237724	0.5319330473125934	0.46805469242948394	0.0025917978907820105	0.04513782369902994	0.36694977750975344	0.29802119058243826	nan	nan	0.01002898900019128	878.0213360064662	1153	0.00015991804019495652
-0.029608887042165577	0.5863451631526914	5.000150643744126	2.2715748595911176	0.04603306449936717	0.3615184546773193	3.5745059452945007	0.933645187162014	0.0	0.0	0.15455523947713273	0.0020297429838732617	0.05521523336803169	0.3089880391506612	0.7743964323237454	0.0017316906690824085	0.046843433926116895	0.24032311426375164	0.4135255259731383	nan	nan	0.010129422738371766	838.1898717490358	1153	2.2120864260119564e-05
-0.037954345515448185	0.6225079947589565	3.791098787878844	-0.02369385412140513	0.054979884635001364	0.40113778500688896	2.638091573336662	-0.6354065992623033	0.0	0.0	0.14911879257053634	0.013055763798264508	0.07143785027493799	1.6686354610556717	2.4193340969760615	0.012083295447586129	0.05114982113854247	1.6129118425323794	1.519334617330853	nan	nan	0.010318711577247619	876.823319836725	1153	7.918695516594556e-05
-0.04249187581566183	0.6398759276642045	3.6061349459632397	-0.6088818162795638	0.044940321654669546	0.28288431509802076	3.9353598036260395	2.0400847552889863	0.0	0.0	0.17214795330792873	0.006744543509719536	0.05525290683658912	1.0305958053497317	0.947132950621734	0.006798616276074698	0.1424465101484036	0.5071653837858479	2.5995377044240335	nan	nan	0.010737096678330754	892.4555711467335	1153	4.122169260993899e-05
-0.05248184515466614	0.5915014027270831	1.8131147030994599	-1.4704224596725641	0.040228320114978455	0.32316981664020333	4.151782662258935	2.8196471225957636	0.0	0.0	0.16587278140500628	0.0038369376848081393	0.04842870654287079	0.4526788312091172	0.17268710579505497	0.0015216258532960714	0.048170963626980035	0.20929897198749892	0.5807029582382243	nan	nan	0.010202909706198138	890.6829046166316	1153	2.6474863171338253e-05
-0.0431850884143159	0.6715259055221894	3.697798149231244	-0.5977997774040847	0.056331382586133794	0.415107312924158	2.881326243198851	-0.5998171633792789	0.0	0.0	0.1652679255923253	0.0073428943483241915	0.05321976322121208	1.0679974071143716	0.9963530308118999	0.008476343163094091	0.05010403499290278	1.1531518650199697	1.0945027805306282	nan	nan	0.010641598188896206	887.7480087291876	1153	2.8409843408888304e-05
-0.038682176316104155	0.6867856600442803	4.242608387592823	-0.02033786297228832	0.052224602735795767	0.45276409606838064	3.555282814521198	-0.027558400572758296	0.0	0.0	0.16275009078260383	0.002957231874198274	0.0514357250353874	0.4565751290177029	0.5354850280506464	0.0022348201672554024	0.04693127688969656	0.31190745158920596	0.354759147292781	nan	nan	0.0102453318386167	863.3786903596784	1153	7.287252377514121e-05
-0.03343049726110092	0.5845025804119993	4.395448153887446	1.2101975017994113	0.05572636615671933	0.36430994671826405	2.4033202637726565	-0.6147321950724078	0.0	0.0	0.1718215423214539	0.006825422199706832	0.08534573242108578	0.717399474081232	1.9383178429603232	0.007281779714039427	0.050107867332226746	0.9726955705462293	0.9015405470644849	nan	nan	0.010852487997471655	920.3007113907618	1153	2.6595768042366897e-05
-0.03311196997804966	0.6291894594447394	4.697062091593668	1.3139647187622576	0.04663809178043499	0.40282176293468713	3.9713844845283095	1.1869379374723459	0.0	0.0	0.16837762588263894	0.002293331390980924	0.05298767686806993	0.33320271127591417	0.6530539514027861	0.0017986382850201377	0.04759139280797181	0.23833132422451997	0.43549561368966244	nan	nan	0.010176607969836493	1064.4455071660616	1153	8.371833138393748e-05
-0.01910567150891984	0.38797927799142534	5.607441276572369	9.572710989402802	0.0630292700279027	0.3751718090940858	1.4838184288702867	-1.3514520083945838	0.0	0.0	0.15755719220126388	0.002722691246349329	0.10826808869254931	0.2956462667763522	3.4264442288640726	0.007186372976130007	0.0787713033954158	0.9753438225031232	0.43285593265307176	nan	nan	0.010227429573588728	916.7941016748337	1153	0.0002670280371144361
-0.04159620846411083	0.6432850029806132	3.6807871753385903	-0.548383668019114	0.04387150887913904	0.2941340754661014	3.8332263553701793	1.7879395727148548	0.0	0.0	0.1507061047118426	0.010250714744495237	0.058722767257383346	1.5151172325131825	1.5140354049599585	0.013768195560952878	0.26311184173732327	1.0289277692985683	5.014254951654365	nan	nan	0.010475816784457526	952.5969134826489	1153	8.172686202827464e-06
-0.031543762132667186	0.6294338852577708	4.890392439668499	1.752723623759564	0.05541344918509927	0.4339021300445399	2.6979439348916894	-0.6125041599576876	0.0	0.0	0.1663803142584651	0.008707949722689123	0.11600946185594874	0.8192608995545543	2.847149166699534	0.0149674953837039	0.05340539189148183	1.8308505555739776	1.7758206364138218	nan	nan	0.010925487968353756	931.113223795878	1153	2.1474436884788815e-05
-0.03412966121850847	0.6767372476908281	4.889788017717309	1.1081451290869577	0.0556714766682036	0.4422112524650763	2.808781799983765	-0.6047686075720533	0.0	0.0	0.15983561571414004	0.0025249877516292374	0.05513744320677305	0.36430932839447827	0.6695332322317774	0.002525689760826455	0.04557938505588488	0.3622669873226845	0.2898530431386877	nan	nan	0.010142513259346994	1015.2394598066913	1153	8.444972572497281e-05
-0.05030726678292552	0.6873044799832289	2.770243613853599	-1.3781086774646296	0.04306312460619521	0.3725858637612179	4.285020692101188	2.0831510493104064	0.0	0.0	0.16715893381388144	0.0036784192593947718	0.053483124204140364	0.566881860617455	0.24953164266978423	0.001709231353058116	0.04987441418775887	0.22913842286439356	0.5412224162490298	nan	nan	0.01026950016415043	901.9858222016521	1153	7.863163521465503e-05
-0.03503180609033962	0.649378213210426	4.63783640940222	0.6129420897633528	0.055725633054734214	0.40225386259188683	2.7139863969023024	-0.7117436833920309	0.0	0.0	0.15129487185028442	0.002608770449911091	0.053605280646272624	0.4081688211249861	0.6318916314958143	0.0024103149213893227	0.04535666908814173	0.3809088606261859	0.2867112224597609	nan	nan	0.0099910917048711	910.22438470511	1153	1.8244225663044244e-05
-0.036365671205465744	0.6587709675031445	4.424939998987638	0.3954142787175002	0.05253865412300884	0.38796594796829104	2.887036333056505	-0.2935506067763053	0.0	0.0	0.15160754960368858	0.0026779027813496614	0.05193595681134894	0.4081409558587561	0.5809628856421942	0.0022084486576001705	0.04467192248855115	0.3219849589169732	0.32101484559993687	nan	nan	0.009969708822411633	928.5811909924955	1153	0.00015276220772502145
-0.029874769885938623	0.6322948530699186	5.506615264585639	2.5269256064322305	0.03790164538829233	0.30070216735998784	4.500850176762389	3.8958929642219755	0.0	0.0	0.1500684839286003	0.001999886199486711	0.0545421466455982	0.3018443613173849	0.7859975496353403	0.0013185870363900953	0.04466366827525961	0.19152651967972067	0.6124853472921579	nan	nan	0.009842932853125472	957.2590302515671	1153	1.6281540208086934e-05
-0.031592228379762055	0.5856138013810924	4.828583399213989	1.8282994487068285	0.038220431518864784	0.23937003753950858	4.434904570015149	4.494928345631548	0.0	0.0	0.1623966283358537	0.0020809554254961338	0.051088559000251776	0.3049663499439119	0.6973540317965993	0.001294051427765175	0.042016492851951776	0.18350400571696746	0.6654841682639606	nan	nan	0.010062660798543857	821.4444277590612	1153	9.381334888889838e-05
-0.041969039968863475	0.6744981519517854	3.6354734955000434	-0.6268208732522851	0.041318353088071635	0.3207329348098588	4.082033859417628	2.3861591552402377	0.0	0.0	0.15627426592414367	0.006866756408045349	0.059379744304688176	1.0352084355497713	0.9340190318570747	0.009193001861034444	0.19516301019575255	0.5403144886593154	3.599761938098361	nan	nan	0.01062345142443362	942.6187885919494	1153	5.475537050346254e-05
-0.04176291986030356	0.6418669323754764	3.296911452250409	-0.6310926188368567	0.05365004553988251	0.32748017391579154	2.209436732764369	-0.6041729104147644	0.0	0.0	0.14538741530730134	0.012542743977336956	0.05465994440838773	1.742061759443673	1.6485034774338039	0.008551709135434127	0.0486319605047239	1.1887366040664775	1.1296559691767296	nan	nan	0.010336782665365807	938.0898440481353	1153	1.8746303583727225e-05
-0.0492529801809245	0.7073949197452609	3.067675649462883	-1.2303503970326366	0.04161995340096358	0.36832959827838896	4.48631928984477	2.704522223790519	0.0	0.0	0.17215969783294416	0.003674593813088267	0.05186060188223707	0.5676038279516475	0.2914709587694234	0.00163775721106596	0.049556279286780164	0.2173534063746092	0.583531246805028	nan	nan	0.01017908967131742	944.5430249316867	1153	4.7999795866713053e-05
-0.04016282091664802	0.6452869810191671	3.9149842707713836	-0.11715161746760322	0.05623853621357644	0.3670594313298578	2.555968888421111	-0.6050956720166706	0.0	0.0	0.1686768981169917	0.013501471653570352	0.06545374146066302	1.712499779096961	2.328078866631963	0.00737810526173821	0.049422587455327016	1.0174100272830768	0.9544941028634254	nan	nan	0.010637070706364701	959.1229587408541	1153	5.553607744558705e-05
-0.031136728947829817	0.5986536704800192	4.904557904730178	1.8316814896044595	0.055353768663207514	0.3868919940667157	2.5731938927674203	-0.599745032101333	0.0	0.0	0.15646444943000812	0.00830235495915932	0.11567361699212211	0.7975453003575246	2.864084217834471	0.014246671016021173	0.051021992554463935	1.840545759818958	1.807637399665764	nan	nan	0.010512854193294674	906.843992784078	1153	4.419182205918479e-05
-0.03834993098656825	0.6961346332157422	4.477794601644234	0.13614572072193645	0.05559694583999897	0.40571358380010003	2.7236034624104577	-0.5994021998119321	0.0	0.0	0.15749159930562906	0.027906069751339524	0.13682714366047005	3.229288318353534	5.4869342459424875	0.008624707505467955	0.05511558649426909	1.1534518591647014	1.093447833679793	nan	nan	0.01067090532953581	930.7954688826303	1153	2.083418944148759e-05
-0.028111030628060862	0.5953693439668852	5.45519732620609	3.2775159158582343	0.05596531443312025	0.432261840042884	2.699140024572579	-0.6320439452171585	0.0	0.0	0.16975752816091072	0.007331093297464675	0.1314335908997893	0.5529723670089783	3.4007732889955133	0.009250609480772498	0.052861226113280896	1.1747993038777051	1.084712024609856	nan	nan	0.01080988974272254	925.1000231960934	1153	5.9944462491255594e-05
-0.03774645863728532	0.6287698442827303	3.9174558342886123	0.004100021460538058	0.055049709396933766	0.39657657453658157	2.6025314188153192	-0.5914027705095374	0.0	0.0	0.16432792604364038	0.021446986018278325	0.09705603914728478	2.6836743860417887	4.098015529291689	0.012092287671938151	0.05243011610569698	1.561389657643221	1.5231328854667778	nan	nan	0.010809781407653818	836.1572588415813	1153	4.59821709782238e-05
-0.043178590149861695	0.6667406161451193	3.4748927018598064	-0.767139855665493	0.04825557193765251	0.361320740755422	3.420446649285891	0.527060188434117	0.0	0.0	0.15213678551325713	0.017994348641353852	0.06907956703248802	2.5944698605455514	2.2716198819017808	0.016558118121398402	0.17555316403995944	1.6069502219005138	3.6946133656072995	nan	nan	0.010596533426920976	923.4586896488156	1153	5.550742206713849e-05
-0.039646051212941735	0.6311123222482005	3.6682338537447077	-0.1215792278173939	0.05632756785228432	0.3750696367378203	2.6585638250162233	-0.5407645887132416	0.0	0.0	0.1686878696807029	0.003049534321647618	0.04908032542903967	0.4468472916635515	0.5044059441698243	0.0024150897285263317	0.04363525253234163	0.3542477902130696	0.3044058357371057	nan	nan	0.010108549922455926	889.2418647283007	1153	4.0999023820354955e-05
-0.041873210741007916	0.638071076066852	3.5581509122650488	-0.5795097826009938	0.04157032244129866	0.26605030638525634	3.969844935702955	2.676801341744585	0.0	0.0	0.1576687614415658	0.011539589218588164	0.05775650559015516	1.6809587043198309	1.647418040102365	0.010138352339483236	0.24282184684544422	0.5907320365905704	4.696156935027964	nan	nan	0.010554257681484658	938.7859455530088	1153	2.7578912248663124e-05
-0.0384097963472434	0.6653620932793094	4.223939522851983	0.1644298861109257	0.056257549128946316	0.37631711084731173	2.4619182254763876	-0.6186199523030259	0.0	0.0	0.16042607365480493	0.013537478467633202	0.08280709772033423	1.6265663710535174	2.631335230934911	0.01755758131201035	0.049893863310790876	2.1875293370876965	2.1541423655661984	nan	nan	0.01039482922988988	898.5944880958152	1153	3.081828227115371e-05
-0.040453713647772616	0.6155471510698027	3.2903612491067493	-0.45478590464888513	0.04229644055516957	0.33777296086820335	3.935267889165963	1.989043126074887	0.0	0.0	0.14909381481185557	0.0030933881004732156	0.04654086797014362	0.4735616193680703	0.44220540288684496	0.0015928378187168857	0.04817394790100077	0.21740411304177076	0.5139791467671692	nan	nan	0.009827053650392492	988.0796913747122	1153	2.761256737616153e-05
-0.028202071420663666	0.6025061693250088	5.264877246490382	3.3456143589081786	0.05721981841306545	0.4739620148064362	2.8730482646751194	-0.6456110705807633	0.0	0.0	0.17936216921631337	0.008843697862688404	0.15251565155958807	0.5969162456069741	3.9981995823846965	0.013590166109926582	0.05480735735737233	1.6275504961555056	1.518053317893327	nan	nan	0.010898141704143799	924.8020123516169	1153	9.649573604574592e-05
-0.04202323575631606	0.6370537388215491	3.5624506089381303	-0.5688866507535761	0.04723532510024131	0.32153718577852863	3.6590391512416565	1.09789867515357	0.0	0.0	0.15853144781371348	0.009518594348014331	0.05490769461623035	1.3908712376276529	1.3575705393404223	0.01069015766461634	0.1599106294401945	0.948690395278992	3.022416138319183	nan	nan	0.01048279854174218	987.6757855181863	1153	1.483178311186065e-05
-0.04294485204842513	0.6616347181343589	3.3641876973178575	-0.7517087932953201	0.04758978252439161	0.3747972657145631	3.5182064032539118	0.6640008887746826	0.0	0.0	0.15500184767241754	0.016931150147846963	0.0680430361242268	2.404292673468256	2.105667220374237	0.016967372928092694	0.19322137782170173	1.5175960356275318	3.8549500438351645	nan	nan	0.010582803605968472	982.3500476135603	1153	2.4434949522900184e-05
-0.0421980881778391	0.6307327420259703	3.429747577891554	-0.604361652735641	0.039796468168012744	0.2771338322345057	4.512632032317434	3.794355231677575	0.0	0.0	0.1685814839199086	0.0031049577018008034	0.04582315730215253	0.49754219173118797	0.41961860626024766	0.0014271357800866857	0.04599451737117616	0.20131148414158861	0.6632868057221312	nan	nan	0.01017230466193704	916.5717830070913	1153	0.00010602707528362256
-0.03203540893924006	0.6081067417961692	4.681561842460699	1.6145408223272364	0.05415623780839951	0.4092022739625838	2.8437185940013263	-0.34618965853218486	0.0	0.0	0.16773994598320008	0.002285647679369951	0.054501986393625634	0.32948584748483256	0.7094357679468786	0.002330632018580081	0.04444003141140809	0.3220416575374634	0.3076864779768893	nan	nan	0.010217313787539428	915.5399855693433	1153	3.970335980172558e-05
-0.041668106383932146	0.6397685747249033	3.5148215200258837	-0.5650721533129186	0.0545692728600673	0.35600342674927093	2.451413172680048	-0.6384742709422967	0.0	0.0	0.1549683856101	0.009075838232806388	0.05302053382962357	1.3193928422796692	1.285472395130977	0.013311593134944455	0.05067339319085226	1.8508857885382892	1.7614786785316388	nan	nan	0.01061849091959477	1010.8361386613981	1153	8.496360136436765e-05
-0.02310580586649258	0.5043903151089463	5.76162476434353	6.034190022203906	0.03876959332773744	0.2908147697667752	4.461360561797944	3.7253912271232847	0.0	0.0	0.1649914523559462	0.0015637436677877758	0.05735298400481034	0.2684175405815443	1.18858197972054	0.0013304838072418779	0.04445254475920188	0.19303456734014857	0.604895162739451	nan	nan	0.010318222439711214	907.3068522130475	1153	1.551011852823512e-05
-0.04112803446177571	0.6086962239010638	3.3155080773945333	-0.5156750570550557	0.053900319639207606	0.3592587678837889	2.561685475000396	-0.45374585410100343	0.0	0.0	0.1622082048010713	0.0031913232605138564	0.047805360242627326	0.5025485760755757	0.45051133578088454	0.002374479016378772	0.044150853503781284	0.34750702419911406	0.318010786997354	nan	nan	0.010240428574114793	965.608439789351	1153	8.595037515572516e-05
-0.046198801725151895	0.6474576434866135	2.856301714784112	-1.2521687490293825	0.04175587161615257	0.31526729312337254	4.186740934759172	2.340447756539482	0.0	0.0	0.15147060698401543	0.0035116811895259392	0.052601004040022215	0.5983828893030352	0.3011530757966428	0.0015534202554663423	0.04864890515759049	0.22093478374083642	0.5664961760743769	nan	nan	0.010113484034514883	959.7835218144435	1153	9.81769976745917e-06
-0.03130043964154183	0.6090836956031125	5.086818000433947	1.5564830170028492	0.05384824696393653	0.3747781182775512	2.582163324271126	-0.6457549379062573	0.0	0.0	0.13929157888204335	0.007311876839582343	0.10178367747708011	0.7993486713487541	2.4800237825342006	0.016925910520967036	0.05316495188038478	2.3467278934700033	2.273062450370856	nan	nan	0.010469914227237975	883.1823193006956	1153	0.00011390622525752448
-0.05302434631460984	0.5720427675405448	1.771992915034823	-1.5287129453455754	0.04108637025562678	0.23077481525842103	3.813047538036246	2.8419723127458805	0.0	0.0	0.1511621335372037	0.007336149540128956	0.07693119577573276	0.9102752920506804	0.3260705446561496	0.008214638433183374	0.2112890218822595	0.5326888168070578	4.2610100079477125	nan	nan	0.010505475548912221	965.5765505821796	1153	9.743397597819687e-05
-0.034026162515016556	0.6272239599616086	4.826485875497936	1.0395344574133774	0.054719239661263686	0.3402377828886969	2.4742408760899908	-0.581772372188321	0.0	0.0	0.1563209468400158	0.01036689410867131	0.10612931149239752	1.1861403495083862	2.8970195458209416	0.007239870452904973	0.051039503501519895	1.0483755521678046	0.9993339060200221	nan	nan	0.010660929329783367	918.2253488245758	1153	1.1416901292617124e-05
-0.03036580784325471	0.6557678664765347	5.286226709832922	2.341435819911063	0.05703949861686186	0.5225823385669435	3.1399296088315394	-0.6709568744726252	0.0	0.0	0.15638919735449522	0.008552255491438066	0.12998073283256306	0.6840036710511375	3.13524528101562	0.012165315614777406	0.055295843842911696	1.486867134697078	1.3467023902487707	nan	nan	0.010338311720858265	925.2811353208828	1153	0.0001776348711253281
-0.0246277403897579	0.4233490996821159	4.556441841869453	4.399421958441554	0.03905024681055269	0.1513742527491138	3.782429348206946	4.192684038051625	0.0	0.0	0.1521424473378164	0.005523985520886898	0.10763471664820962	0.4240657350819452	3.221374061184393	0.0018461962276059563	0.09299807169218999	0.21649372691051916	1.6549183090177402	nan	nan	0.010023365625067587	861.9768397631179	1153	0.006115017173206243
-0.04041479591267427	0.6267717054121877	3.359347524787406	-0.34874370633149254	0.0559410102850062	0.4402648729257884	2.7015110005290732	-0.6584269846486241	0.0	0.0	0.1641331967724532	0.013567070595059738	0.05584636613968719	1.7150053674276449	2.014539610810867	0.01623539688537423	0.05293520950515479	2.000053054006873	1.8756508548520665	nan	nan	0.010649175502250294	896.8892441286443	1153	2.7927888419132866e-05
-0.033546817041939736	0.6402336486504004	4.587540946352018	0.9410152126691925	0.05443359360613931	0.46308463255031734	3.0104101513911163	-0.5356863018924813	0.0	0.0	0.15330278764035887	0.0024924843537794117	0.05426568087265693	0.37480869320719856	0.6557423772380978	0.0024673243924541177	0.046068369187883346	0.3570037398107688	0.29900324225649466	nan	nan	0.010090690502047597	893.2856955465812	1153	3.4165858386188344e-05
-0.029055293287356343	0.6114813590391088	5.55442683227117	3.0084530823395976	0.055541429007887055	0.39122398743406894	2.6008195466316253	-0.61937172420583	0.0	0.0	0.16079273848091796	0.007598043389464959	0.12988103893416433	0.5947524255623078	3.323171099898559	0.013032314550381563	0.051616171781608156	1.7095114857332188	1.6417922214736609	nan	nan	0.010605445968966468	977.1032246089915	1153	2.7651870924903193e-05
-0.042293330690069464	0.6773879472841986	3.7426055544964445	-0.6583841654601125	0.0550880193542318	0.3666844679084112	2.6194212636910432	-0.538387985007274	0.0	0.0	0.16398299350986784	0.014083751998567706	0.056507755351701106	2.0725199598729342	1.9483972712374509	0.02212122144997264	0.049528558981079385	2.7795355108929978	3.0381185415191916	nan	nan	0.010744665362556999	883.0061730703744	1153	1.967923658963104e-05
-0.04204461546684868	0.6210425388726948	3.4138129398964967	-0.6005043470590268	0.04502974637118484	0.3256283644960342	3.8262960130455568	1.5438142196932445	0.0	0.0	0.16329082398937478	0.005406658738458803	0.05527859229674048	0.8291420335020472	0.7463984201517295	0.008852202349202254	0.15661332263853903	0.6707402899051367	2.7930881768144205	nan	nan	0.010678493875362016	917.8921072347271	1153	0.00015768079625911428
-0.041449132907406705	0.6453963192061394	3.6580273096188893	-0.5830656986682938	0.0513625929178827	0.37589975596817	3.232838922768649	-0.03451076734102184	0.0	0.0	0.15259407769302916	0.0028946812533360844	0.048845576945899194	0.4944611881890193	0.41251868379227996	0.002090186596762078	0.04567577262752309	0.3101962070954114	0.3635360394175027	nan	nan	0.010048392875207743	944.469029451298	1153	0.00016121474177303432
-0.04086106365325637	0.6485226131814321	3.5701151919848706	-0.4862840204893356	0.05218336535394741	0.4241062496950717	3.0412594718534396	-0.28177505454720897	0.0	0.0	0.1525267666268314	0.0032244299419991185	0.04868565960824428	0.5084860164332345	0.46607504761925284	0.0023479687316612097	0.04605426251282238	0.33429888457806256	0.3351176223129523	nan	nan	0.009958214938167856	1004.7074891251586	1153	0.00016667577408975028
-0.042785871629684835	0.6527149700716315	3.516094154632157	-0.5946311753152858	0.053038728417292846	0.376178940538541	2.960399051062862	-0.16329852895475366	0.0	0.0	0.16584438361378623	0.003261880103525683	0.048343896563776245	0.5105562422514558	0.4321698314386878	0.0022450676336122077	0.04468498381889385	0.31572755633742955	0.3452873224996273	nan	nan	0.010124047357283728	914.5418895090747	1153	8.357048691656447e-05
-0.030292640549667404	0.6193934699567386	5.176607942909884	2.124555232783967	0.05515399490908024	0.4170955933984422	2.841867712899714	-0.5948190308851353	0.0	0.0	0.15514252300842757	0.010305274796654496	0.14914769726495222	0.913602096563567	3.8208200935005414	0.00787661736131795	0.053494144105874664	1.0709018144042595	1.025643112091032	nan	nan	0.010626236289595664	932.9945741048007	1153	1.1800514065294128e-05
-0.032622665959123665	0.6746957603509549	5.093256196101871	1.6757574784992664	0.05622872201146434	0.45298037500274946	2.8440318385425654	-0.5320247915403346	0.0	0.0	0.17356378132999917	0.0024189787852707534	0.05686371150329578	0.3397625837407534	0.7347206622780726	0.002565932000994864	0.04500935621122623	0.3483438019240557	0.2922655864871892	nan	nan	0.010226941442233087	892.6175264182334	1153	4.936794643506822e-05
-0.041348808262058	0.631317161803385	3.4948556900867267	-0.5762734571230044	0.054153171958645885	0.34816481444216596	2.3890631911573594	-0.5370431417844496	0.0	0.0	0.1598592696618856	0.003270764485648836	0.04888272856889153	0.5333825995770891	0.46147132408564806	0.0024177558376452524	0.04402647903973067	0.35670255341365853	0.30798603259694257	nan	nan	0.010265491178463176	900.3693502399049	1153	5.2682525571517074e-05
-0.042210037278814894	0.6608015080281149	3.611069586495446	-0.5806398407030374	0.04980560659730582	0.3254292293480549	3.0642317049747603	0.24088487083725627	0.0	0.0	0.14750013484914978	0.003057706981824393	0.04879195312320905	0.4932948881270147	0.4160767547857598	0.0019122469031368494	0.04499630622927034	0.2782350771428106	0.38011271243510514	nan	nan	0.009837400325765633	938.468954188981	1153	0.00012734733041796866
-0.041799114465741916	0.6195615351625077	3.3075515525159016	-0.6330946136644316	0.04433231503800261	0.25235855474622826	3.6180913927718135	1.7547605795446282	0.0	0.0	0.1490008441035419	0.007215860797898599	0.055240812488395796	1.0767509380150306	0.9771266332868617	0.00610561448637148	0.13484224555619015	0.535002748467406	2.404543739210854	nan	nan	0.01037516344084552	865.2782052629241	1153	4.876105129157823e-05
-0.044178283929341755	0.6895028911214971	3.4394111472957842	-0.7461305616306974	0.04742079149901657	0.3875488440163215	3.6750605697471124	0.8622616489973574	0.0	0.0	0.16807378529635797	0.003520833066864293	0.0497408721193941	0.535917310201586	0.40933701957322016	0.0019465118279365923	0.04838270112597892	0.25557429202896054	0.43653327458600033	nan	nan	0.010325661801821609	946.9519607490076	1153	1.718912800488561e-05
-0.04213447568076478	0.6991264971691296	3.902694016349894	-0.5077627467183728	0.04890462693046982	0.4222985973627881	3.725169805313201	0.5548109296202955	0.0	0.0	0.16198558861197468	0.003256768105320884	0.04966206017496966	0.5138184228557741	0.4607772516335098	0.0020200360791625682	0.04781763961869612	0.2694056723138265	0.40243350409348466	nan	nan	0.010153077936849011	905.3313541578464	1153	1.4146723096014965e-05
-0.02235312779850307	0.48243640110681646	5.747529953382848	6.503945531302985	0.03679762164281786	0.22696719094489592	4.396044055250627	4.6031423030218965	0.0	0.0	0.1483319079305473	0.0014751123926540766	0.05626699552342687	0.2616608219285892	1.2165176653916892	0.0012323314094798699	0.04105541004700919	0.18079119698238788	0.6607404038039645	nan	nan	0.00992385217660946	895.9440550344887	1153	0.0001369127036993385
-0.046753132064880853	0.6345989427968759	2.818181924149081	-1.2287136409928094	0.04095656029896033	0.27151059552523726	4.062065361224051	2.765719539001248	0.0	0.0	0.1527412522603449	0.010728465928320274	0.09434125731143145	1.74264533379948	0.9523176083199812	0.011473227468375424	0.26484456692163044	0.6696866815959108	5.368075274905151	nan	nan	0.010533545811428208	904.8837487021115	1153	1.97706637537928e-05
-0.041620534897851	0.6205691713201509	3.3992147515700566	-0.6444538486977557	0.045826722502934514	0.32154381191550874	3.683575295830059	1.2167748566099292	0.0	0.0	0.1576843169089426	0.003200651005139721	0.04659725249586111	0.5277287452312602	0.44005389654248367	0.0016316323857032966	0.04655786627590086	0.2344990537565994	0.44868210243466466	nan	nan	0.010251912906068139	928.9000049003841	1153	1.803961621762032e-05
-0.03195012018524357	0.5739941329027076	4.435807163819466	1.3902889680458947	0.046675900892465094	0.3238157391479108	3.425896996154647	0.9436612315384643	0.0	0.0	0.16914981539420415	0.01628259770818591	0.22023561346999126	1.4646759391711972	5.0292430187793675	0.024119239057483366	0.30087430655710706	2.117172972657859	6.343610467710973	nan	nan	0.010880597818316864	868.9048231886325	1153	4.167804402527324e-05
-0.02348658015668037	0.4615726836216708	5.3994895867269435	5.956106047227446	0.04186560779514936	0.2468794722540339	3.9521727802791204	2.7174560339275535	0.0	0.0	0.15517895383108193	0.0015068351527485202	0.05448380771756575	0.2471191201602565	1.1305112832520154	0.0013307220469149783	0.042796684755668724	0.19308605378228383	0.53686133969442	nan	nan	0.010000677147050302	979.8679358478446	1153	2.9518400330775993e-05
-0.02829847975717459	0.5599940794559289	5.018603198073261	2.8954639541424507	0.05451811128573225	0.3797668843204549	2.529010861770047	-0.5602576290642857	0.0	0.0	0.16668448172312744	0.0019674255780495753	0.05657958615468861	0.2967699914352875	0.8535036379734475	0.0023744321108132294	0.044034500198935095	0.3475250037614943	0.2911679428927397	nan	nan	0.010290853574671605	872.5079773947457	1153	0.00016954358048410832
-0.02177473918494166	0.4407578544663707	5.60599803303385	7.370613996169242	0.04383383988644751	0.3330487104816485	4.134445688484588	2.0628779466516254	0.0	0.0	0.16627985596047762	0.0024439283245032417	0.07908307244263116	0.2809756584308878	2.3380784682723204	0.005135397852996659	0.10117316954903638	0.3858585432195951	1.7604214914640663	nan	nan	0.009977809210298352	875.7033098276926	1153	0.006620484853145917
-0.02427806860667181	0.5143113508739152	5.385334961686108	5.118402925782452	0.036321690265354034	0.26873355847079544	4.617003048888755	5.060452168605129	0.0	0.0	0.16831210192912055	0.0016349079239192377	0.0562453067815476	0.2647271626924348	1.06527380674954	0.0012642923524178729	0.04263682879433742	0.1848107533220098	0.6838295270929872	nan	nan	0.010221436211695106	890.7863369767983	1153	4.023395081310914e-06
-0.04185755408391978	0.633756591660146	3.4138417095237283	-0.5466181533832413	0.051098842624019314	0.3921857182154478	3.1035599472733955	0.017523461037751747	0.0	0.0	0.15926835718618468	0.0030914808814318517	0.04754086327410373	0.48567743942821684	0.421544820425704	0.0021894595855499466	0.045938513590741775	0.30076416529723926	0.3595054000906155	nan	nan	0.010047984601260537	1011.4863672091399	1153	7.745882749751783e-05
-0.027934457169972338	0.571035760508648	5.3190699930392515	3.5908222838074475	0.04270613058210393	0.28479317015918887	3.8819314631435824	2.4612927495250605	0.0	0.0	0.17630138704358445	0.001882636946317573	0.05535407340963849	0.2765633492932702	0.8974178682986464	0.0014400223621769959	0.04484235176340176	0.2008139692996096	0.5185235192737567	nan	nan	0.010233669390422223	960.4305512098415	1153	2.1881524972209444e-05
-0.042102342404728876	0.6497378534044557	3.4733234298475724	-0.5741119194978251	0.05622185068448582	0.401679555289725	2.58741684567867	-0.6473633618665232	0.0	0.0	0.16355158223693012	0.01306772524426636	0.053248523655372415	1.8026390645073482	1.7867922798175735	0.01212047883007572	0.05063317829130659	1.5699662461634967	1.4594658489078667	nan	nan	0.010697335243600115	982.9520691467847	1153	0.00011050776405856322
-0.04208150899298524	0.631297761310851	3.4063932060368556	-0.5862560236920843	0.05510667194900054	0.3706217585932786	2.543850723264333	-0.6007266708207505	0.0	0.0	0.1495818707560231	0.010070011567475223	0.051880652492971024	1.4334481362795015	1.3848496825805305	0.009283786734636701	0.048743121079446616	1.2692912004140335	1.2142063395562286	nan	nan	0.01030962252423881	958.9875541471172	1153	1.4823473382293475e-05
-0.021739405206857798	0.4670491386064367	5.698060417175688	7.266488285816345	0.03657944521603751	0.24405354037005572	4.395573497180093	4.749958104464848	0.0	0.0	0.16063077210979837	0.0014207232573791861	0.05545297501294855	0.2533090054430791	1.2699652988416534	0.0012406384803644865	0.04164160122882038	0.179257525906662	0.6632894089103907	nan	nan	0.010128805584375233	952.9076079048504	1153	4.974759927513819e-05
-0.030610155932332295	0.5847016797025659	4.6980714102864525	2.1834304004427483	0.05000714536298445	0.40348027333895087	3.487432074602599	0.41237225628760044	0.0	0.0	0.17278617841191568	0.0021153902215187426	0.054292230464994984	0.2965987362037228	0.7447690706011129	0.00198953370931354	0.04616739360388478	0.2670457584914643	0.37387339261519226	nan	nan	0.010196223687964218	988.4849374876014	1153	2.9325870988424824e-05
-0.02100191591995526	0.45363235718856454	5.732304863132725	8.083882500238772	0.034226145426137444	0.18472595221025662	4.438930341138796	6.389262547133628	0.0	0.0	0.15163617923295408	0.0013452130009332097	0.05395915489644765	0.24323148464945588	1.3208269869324634	0.0011828531700300848	0.03714471043437398	0.16430625320902426	0.7582509425266414	nan	nan	0.009879430951271043	907.1792420346212	1153	5.405083122141882e-05
-0.04243217690124368	0.6389339682118153	3.438712951067286	-0.6164263026649509	0.042276874670414966	0.2691705507812056	3.8709130686373125	2.439414799863913	0.0	0.0	0.15890320729320145	0.006872811610150353	0.055451661984991796	1.0129236075950212	0.9249856534387894	0.0064727673266287145	0.1524229207347065	0.43430473386853174	2.7877316330836512	nan	nan	0.010550144486000113	926.6639363550289	1153	8.367130121303683e-05
-0.028633174848222698	0.5964627077897011	5.41889976908466	3.0331314864895047	0.041133115599465864	0.3525224858825559	4.469573689585774	2.9329586152228653	0.0	0.0	0.17217666270466608	0.0019652692297907337	0.05587912860672101	0.29706971453800923	0.8621394136602115	0.0014761412849448874	0.04662089101980468	0.20490919055392265	0.5495772064917548	nan	nan	0.010137329514794902	921.7404907772125	1153	7.21398750700058e-05
-0.03705424401286095	0.650274763530815	4.35984019518249	0.4745521884881714	0.056336157562848044	0.397288294198597	2.736248042808229	-0.6035945802139839	0.0	0.0	0.16279575971160815	0.011972856878399218	0.0914216206739934	1.3718956020885034	2.617339386170457	0.010100135952535116	0.05082396109763118	1.3549887377472285	1.2969134762743504	nan	nan	0.010431302546433263	979.6311838878007	1153	8.432572853065554e-06
-0.026420707530103393	0.5155587351765374	4.98459586072957	3.406755646321264	0.0383979185358585	0.23559552636332043	4.061241145282988	3.7012814282934197	0.0	0.0	0.14776849090744465	0.0017742343915082004	0.05513608481144269	0.27555733170898833	0.8979107907538947	0.001258564679149754	0.04223961169907853	0.1833680601430414	0.5978577029009554	nan	nan	0.009966555742570826	836.6394589946233	1153	2.8971158206576374e-05
-0.04241781319397753	0.6874642041309305	3.850009665673002	-0.5058848682466441	0.0564554750869537	0.4006043971730112	2.7196282123231326	-0.6130261813976541	0.0	0.0	0.16651611409303163	0.003384416961707437	0.050062734100073725	0.5291350611273238	0.47742083476402597	0.002525517673534039	0.044505355788747675	0.372710142842432	0.3036968767926952	nan	nan	0.010126385496293147	856.3176605758433	1153	0.00012511833101995685
-0.031333753554482646	0.6174245901520687	5.02729706296226	1.7974713832964901	0.05577390965626039	0.4362644188191937	2.918488332549634	-0.5908459689981974	0.0	0.0	0.15077867621471167	0.008512712107959286	0.11635133920373991	0.8219353792491688	2.8998560908653177	0.017808025041137654	0.05199157308781113	2.2458101124621175	2.2587687778565217	nan	nan	0.010363887099790567	908.0704099508683	1153	4.224123323307042e-05
-0.025192004254222522	0.5536002619942155	5.639457780804116	4.510732125694815	0.05804450639109349	0.4491903712878464	2.570358177340488	-0.9013806381002332	0.0	0.0	0.1472559125151532	0.001811084866543633	0.059469882091823106	0.2840495756327379	1.0764684039145467	0.0026377213596125992	0.04526124393754821	0.3957715960349595	0.25265484232383056	nan	nan	0.009845020141649799	929.003431433355	1153	5.2880094393293334e-05
-0.04249742527467204	0.6704619496803392	3.5739332865919806	-0.6245602701362839	0.05519016247846964	0.3552149289065555	2.4228843291356537	-0.597889045140075	0.0	0.0	0.17004723940330663	0.0033996410162230317	0.050892245700680405	0.5385678750668168	0.4473061555390838	0.0025010866480182914	0.04436467747187092	0.3720097416751962	0.3090398877049942	nan	nan	0.010477883001979355	893.1458624643936	1153	0.0001849906845766727
-0.0325820686348095	0.6366117635296462	4.669150597328825	1.4107333654604177	0.05504696678649745	0.4408402086860328	2.863054398312845	-0.5461107181013566	0.0	0.0	0.15537989313116657	0.0023520918755091658	0.054918515012520264	0.33598825445737734	0.6807133049738104	0.002449106173930571	0.04509823669953997	0.35081174624218336	0.29269670892969024	nan	nan	0.009991402855129408	951.6344808420563	1153	4.176082557920803e-05
-0.03562716586164494	0.6487069620232607	4.412901690541682	0.5817367125102337	0.05579570770853759	0.4462626795916391	2.8498791856429917	-0.6085658297496234	0.0	0.0	0.158609763453676	0.009157613198427172	0.08304256620620587	1.0708971849533797	2.1304347171944236	0.010140243111359082	0.05202760247525123	1.2872847354889987	1.2217574842555174	nan	nan	0.010686434105827397	944.3192388918737	1153	0.00017298641932338477
-0.02829711393733836	0.5932792765672623	5.595967342893617	3.1110385353604597	0.03717887655173091	0.24937278367916166	4.5488760247388065	4.664226606684513	0.0	0.0	0.16236463778505827	0.0018985797638681468	0.05513767876032022	0.29210715938777687	0.8663652022707103	0.001284282404644177	0.042713483269535	0.1872548983622826	0.6793965837615266	nan	nan	0.010350398156223739	905.6118585731214	1153	1.1881044363196199e-05
-0.026005877541780298	0.5433706067386417	5.238401562030488	3.977348861105295	0.041122950852303886	0.3500427983714143	4.329119213168372	2.6605143588513065	0.0	0.0	0.16378672489463247	0.0017600603285258254	0.05644193894352861	0.27313162744055086	0.9446958389797449	0.00147413609540481	0.04676204077159579	0.20731640742012525	0.5300978468457529	nan	nan	0.010125001271813344	887.3915024414218	1153	5.251878105461421e-05
-0.03914812270855972	0.6960302744244123	4.226722967487427	0.0458892625353602	0.05201833559571112	0.4229745060240569	3.261242218508029	0.03230971672742795	0.0	0.0	0.17026552254927055	0.0029953457585015775	0.051591178502007895	0.44249598192921225	0.5340929803535839	0.0022270077536368227	0.04607128738369021	0.2969414411492344	0.3513422819563583	nan	nan	0.010211573773675237	965.4005792828373	1153	4.920341468485187e-05
-0.021591252558259222	0.42016777050215515	5.183128276164619	7.1537622660237075	0.03435633343438327	0.14098503360923892	4.2473700715595	6.958703684665788	0.0	0.0	0.16423866989027147	0.0013939636998674954	0.05363778292834709	0.23589185707339366	1.2509194241199282	0.0012112578686678255	0.03408855027548524	0.1546606544534348	0.7936254863108015	nan	nan	0.010107748740251596	947.4210242044262	1153	2.2480555568443418e-05
-0.04217589704666869	0.6085073077627912	3.170637366784396	-0.551198489134599	0.0569822252408565	0.414192586298069	2.7785921005577032	-0.5944834984625363	0.0	0.0	0.1674460186533154	0.010440830751602181	0.05076452569472012	1.4058148203846461	1.396148679032596	0.013991757921540615	0.0490082577885767	1.7694730210986647	1.7383212684755103	nan	nan	0.010523096041723065	857.8437707216665	1153	6.894439511802242e-05
-0.02498386548749698	0.5054344647939017	5.354625498504179	4.404360068385829	0.03866722408055123	0.27153943966376926	4.210908732320373	3.3620506915118806	0.0	0.0	0.15222211202272914	0.0031850656478412676	0.07539462964904206	0.334404859434426	1.9367611225366665	0.003444113891359013	0.09503034893569307	0.25453230615129296	1.8003177050185712	nan	nan	0.009941933426696692	962.9441697974938	1153	0.0010451256349565466
-0.04254902831860574	0.6557718900718396	3.553488985798973	-0.560581995642142	0.05655554074726843	0.41072222670223946	2.5124317330479595	-0.6399640210969637	0.0	0.0	0.16627837247949595	0.008305704862842878	0.052166846779262754	1.1720294204171087	1.136466838326552	0.031182055421176358	0.053952936935415335	3.376355109637506	3.568747387621342	nan	nan	0.010612545457297645	927.620012903896	1153	4.06123178563084e-06
-0.02682463462883755	0.4990667043902099	4.755137433372257	3.2379626169532654	0.039653338407768635	0.2708798114327219	4.130550695186773	3.1496047878436286	0.0	0.0	0.15297870958581417	0.0017469455930016475	0.05358545839833587	0.2669426867283953	0.8480011466938816	0.0013364207407601247	0.044338414846148116	0.19599606071712405	0.5722560153570392	nan	nan	0.010056507513919052	870.9864667408099	1153	0.00010099470651362523
-0.03141243778557079	0.6078158361132707	4.783367638572258	1.7730880053714155	0.05580330289240165	0.41929460445234396	2.7079296375768402	-0.5998595690993836	0.0	0.0	0.16049446640312257	0.009055753025014435	0.1220169155040419	0.8352931237302854	2.9981325154100467	0.01290054802754248	0.05182031961913283	1.6248239986723847	1.5779918915696247	nan	nan	0.01057473530582681	942.0953811503362	1153	5.893212998741732e-05
-0.03298750072372525	0.635034260354538	4.890309871620927	1.2858821602269823	0.05315373644343779	0.4248859630955925	3.1007411411070263	-0.35554198567992235	0.0	0.0	0.14712527348762494	0.0022891473495564862	0.05341084590986506	0.3436973643189001	0.6667434113677599	0.0022276394146945044	0.045076389206750334	0.3289882957647443	0.3123509190040212	nan	nan	0.009876567557876775	940.2813380946482	1153	9.330927572285446e-05
-0.0396040749348292	0.6519720178695171	3.93059611026684	-0.30406851940665774	0.049952987301761675	0.335235583940561	3.1530184335634726	0.21591092720109578	0.0	0.0	0.1451361860378796	0.002944136310803147	0.04916183065804858	0.48287472056103864	0.48906880174279144	0.0018874852926464847	0.044830722583353744	0.2776836603202022	0.3721547562225558	nan	nan	0.009847591650176166	923.1963054895824	1153	3.6716906076369e-05
-0.04228427336599683	0.62227427517618	3.3826070068181533	-0.562910935038168	0.056157637910431824	0.37650026572776263	2.3971515996208175	-0.660854430813736	0.0	0.0	0.1592734004842286	0.0073175535790959145	0.050858238837969194	1.049867047129529	1.0083868385712655	0.014295223813011404	0.05053129072080079	1.8316427481290865	1.7041808889359877	nan	nan	0.010448514394853115	988.8477008486008	1153	2.2195643657375635e-05
-0.04181014269868977	0.6571339721498781	3.553534564795276	-0.579923190866301	0.052164698891894234	0.36596033954778295	2.878419908768135	-0.17350250416304508	0.0	0.0	0.1619333564604781	0.0032714818691279013	0.049642328643332956	0.5217854151707577	0.44687142954370807	0.0022215669570380125	0.04483599312063469	0.3165902154791125	0.3463009994716532	nan	nan	0.010264623461675282	870.7077516907589	1153	0.00015303802694377713
-0.026481916365701408	0.5829645753309527	5.54273825975738	4.00155609614383	0.04465772866751694	0.40961106622604787	4.199223498698517	1.5622715246538827	0.0	0.0	0.1659837215821965	0.0018215803361927851	0.05761694674353174	0.283664402821338	0.9569577929893597	0.0016924466216314826	0.04798609549589811	0.22897642661148998	0.45499863031360727	nan	nan	0.010163417958482343	989.7026649197085	1153	2.7840220423058755e-06
-0.0418250715913796	0.6583614506678541	3.6781337758431887	-0.6287391992116549	0.054700357972315095	0.3530831701253402	2.459804695996529	-0.6279278752433918	0.0	0.0	0.15516596463811538	0.015908194720201052	0.05500099477216053	2.325132811480248	2.2621494715413633	0.011472982905909035	0.04972329207004464	1.6145706446950392	1.532650018561083	nan	nan	0.010561030782163583	950.079544691472	1153	8.012089092441256e-06
-0.042456765748151604	0.6277250068455269	3.0734372794115394	-0.7038572902443806	0.05064329996426209	0.35362674275610345	3.117302259891561	0.22484386327014094	0.0	0.0	0.16368287453700037	0.014715289537292842	0.05851087659045118	1.9918896110566058	1.795478389892174	0.013152583359087533	0.11263527805229101	1.3774945015803282	2.550137287718823	nan	nan	0.010636635027362715	920.2425931796492	1153	6.444629062522423e-05
-0.04261699647713979	0.6607879575033897	3.526631523005906	-0.6035454001018511	0.05153864248425544	0.3847177018726763	3.236990274234806	0.14423288566822737	0.0	0.0	0.16708209930516027	0.01225532194406126	0.06921653574141268	1.7205271289960913	1.6457851994828943	0.048380942333473564	0.32998030174262305	6.598339253695885	8.804956510289655	nan	nan	0.010948500010583048	875.5503399736019	1153	1.2043055977993909e-05
-0.04141452072433904	0.6127901613038114	3.2267289109088484	-0.5903220567240747	0.038537008337573564	0.19830469860883831	4.111656150401019	4.227692726689677	0.0	0.0	0.14999598280155535	0.009483750311715111	0.05513195242188834	1.3501838038571263	1.2935870595549428	0.00611923523662572	0.21041131810199643	0.3154707307365976	4.629989383400095	nan	nan	0.010350202569862021	905.5452636256737	1153	6.231243450628235e-05
-0.028041527272163136	0.5812212652643838	5.348718043268769	3.108087607578404	0.055109502866676374	0.4200213649958705	2.9236511598924046	-0.5231881630549072	0.0	0.0	0.15680360898702575	0.0019845784466195893	0.05770276009269065	0.30086894674216946	0.9009557864227458	0.0023130540870213157	0.04430888831596111	0.3436488325682381	0.29299532897105285	nan	nan	0.010052203679121324	883.4024835913026	1153	2.396925189593645e-05
-0.04086235642866265	0.6234335410791656	3.5680341664083723	-0.579457902451918	0.05108802912778754	0.3643636042113954	3.142419025452633	0.010402226794129651	0.0	0.0	0.15743455087237973	0.002816845806919599	0.04865409528945852	0.49213630898357796	0.4100998258750234	0.0020805624350540564	0.04583539600650069	0.30483865491520024	0.36590620070394875	nan	nan	0.010253249096978861	900.0254403117931	1153	6.387080448046462e-05
-0.03872342045229371	0.6339224588369327	4.173051657019636	0.04595877972943399	0.0562702847863954	0.3299148021400871	2.430889220928354	-0.6029085145239057	0.0	0.0	0.16855100579548535	0.01027086835756763	0.06667043549088636	1.3624829553138955	2.007474790975252	0.006309067188509543	0.04854927569764206	0.9184897991557062	0.8579816699457965	nan	nan	0.010636345690273746	955.2446631145714	1153	0.00012049084913738086
-0.03544881974225789	0.6122068171922936	4.097883591216737	0.5796499207346794	0.05312453728482924	0.36209795208901263	2.7540654316928945	-0.31286443485620286	0.0	0.0	0.15738922442813416	0.0025866977966054194	0.051350591481249874	0.37772847652723884	0.5862961652596096	0.002185026147552893	0.04400329234021852	0.32119008653093606	0.31880346287014094	nan	nan	0.010000927402354157	901.9095414245486	1153	2.942748831288644e-05
-0.04183647879537933	0.6720141724043178	3.644311924738682	-0.5244135601358271	0.04990404267618764	0.3906190416850808	3.1678848734700225	0.23965504354253192	0.0	0.0	0.17078618498329895	0.0032659477661463043	0.049928537306104526	0.511072548528896	0.4514748743016196	0.0021600998661228665	0.04702291943425954	0.28497045214625305	0.37957495068735847	nan	nan	0.010409779369940808	885.6965125934482	1153	0.00015159885493081694
-0.043174956723852076	0.6761819267274852	3.5962875850058538	-0.6292592406682106	0.04847259165623652	0.3549341497830551	3.547748081178257	0.7831492633690458	0.0	0.0	0.17622465463932135	0.009876738721121214	0.05711175333226076	1.3946624607177465	1.2950115755572673	0.0106483767352189	0.13304505350148313	0.9630768696561169	2.53534821886792	nan	nan	0.010944752715275285	928.1697508207897	1153	5.348896656019098e-05
-0.04268875182916776	0.6595858620330165	3.5267354060456784	-0.6365794074765931	0.03729874144020373	0.23777756303464764	4.536281188651483	4.898955641186628	0.0	0.0	0.16515679067931	0.01498373280575066	0.0889133768857831	2.1823848376754738	2.0139507127054395	0.02805994793529798	1.527377261110044	0.6101279813192158	20.39749310794	nan	nan	0.010723851863073189	899.3332974410205	1153	1.7582804251851577e-05
-0.02294777408289639	0.4878009266495878	5.606382150265698	6.037710269109206	0.03596155126615397	0.20063761718077222	4.409720035706728	5.124205889413376	0.0	0.0	0.14504366475569522	0.0015000981207865527	0.055433004521013074	0.2556299948440639	1.1510794840039216	0.0012194587447109662	0.039530723845108695	0.17687185392321858	0.6991221104346057	nan	nan	0.00996111866080189	928.5924018373341	1153	6.226716177915038e-05
-0.0320663282521082	0.6147804265228287	4.827009708174147	1.4780686311527045	0.05531725799758269	0.36621144468350186	2.4212190870676773	-0.6052673045440952	0.0	0.0	0.16735557801624512	0.010985747273451696	0.13208465088463064	1.1189230823845073	3.4702745215026485	0.010474677136511512	0.05247945714702151	1.3769251756877976	1.3179987603233698	nan	nan	0.010777224531248783	957.1153587790315	1153	7.140988398386498e-06
-0.029328636596827606	0.6151128065724953	5.512573968959446	2.833723211430049	0.04517795736412045	0.37673865781753824	4.188789111127438	1.6574182874718713	0.0	0.0	0.1641476721618681	0.0020020700968305105	0.05602938033449545	0.3029633092705937	0.8376100136714146	0.0016353250249271367	0.046956594267786395	0.22405634228032478	0.46427901430581386	nan	nan	0.01002952218863315	976.2729361411448	1153	5.168167341191527e-05
-0.029429720759023503	0.5876803511110547	5.040332624888748	2.6102452568304275	0.04670077951073992	0.3301202233847453	3.4970434221278905	1.0036308437831842	0.0	0.0	0.16863760358424726	0.0020380453426956935	0.05599241388724552	0.30131280766050095	0.8112284007425393	0.0016916860991028626	0.0462221196786827	0.23657967770734767	0.4212903317738909	nan	nan	0.010356635305981202	924.1564930772754	1153	1.7829273574754306e-05
-0.03049026579354941	0.5908633613921161	5.114341241249072	2.1799777404606315	0.04499296123255658	0.2957097058139608	3.868753666198974	1.609527945425526	0.0	0.0	0.15567418374179232	0.023484435330805797	0.3615888201924854	1.8058819281361709	8.890569564808958	0.022281381146592394	0.3592749208365736	1.8442224487628847	7.7204275529547095	nan	nan	0.01071769592636436	879.1680048668129	1153	1.8693790362049314e-06
-0.024281699495320996	0.532852986270709	5.6259832519851996	5.4919567629602115	0.06360805064386077	0.4023840214330659	1.7819994379004311	-1.3074307153011726	0.0	0.0	0.15629296648303415	0.009153752900536216	0.2040208847313763	0.43632602059870074	6.240063019816596	0.007626195628774535	0.07615623157105453	1.0290302586556226	0.48699362289936077	nan	nan	0.010339775869951925	1013.0172053321468	1153	3.3506832888941003e-05
-0.040029651298215674	0.6063615881899835	3.4551204393208765	-0.48657622491169455	0.04833539573143675	0.2996850916070115	3.164048102057489	0.4914123615701485	0.0	0.0	0.14640082320485664	0.014372742529218718	0.05889036623987698	2.049968167314754	2.219054380414308	0.019177612025873314	0.21217486500025357	2.0834329221301724	4.718384506809809	nan	nan	0.010499684945433282	947.4353491045433	1153	0.00014244550501323498
-0.03280781181739134	0.5785242310189644	4.309929908380378	1.1039316764844316	0.05481965874517858	0.38875967545654594	2.602731819724502	-0.5967269027136147	0.0	0.0	0.15524971644017455	0.007459060344821078	0.08950962450850589	0.8203283272059974	2.124834396892635	0.007984610870540476	0.05090145145420705	1.0794895996725142	1.0234263891681494	nan	nan	0.010626523533991766	857.7265745021077	1153	1.5094689788705148e-05
-0.024045105201056627	0.5121985435767602	5.365561448229034	5.15534469139113	0.06028445376665448	0.4411847711442431	2.35941011098319	-1.0255367656758236	0.0	0.0	0.16993948125867486	0.0018355020533022404	0.061614798607735	0.28137291443128065	1.2131757408971016	0.0028685054951717026	0.047309259519717844	0.4243337350878842	0.24233667857666547	nan	nan	0.01050334319579603	873.8879588559942	1153	3.961725753967746e-05
-0.03410203248153609	0.6564560793307092	4.623406325742093	0.804182797478047	0.055472287636562756	0.494019931090171	3.100774058717591	-0.6172825634489856	0.0	0.0	0.15467895009519417	0.009619233867742993	0.09600591117877472	1.0965297978891413	2.462162910979419	0.010847112738801234	0.05385152178973385	1.371017716794432	1.29376927486122	nan	nan	0.010678735039585621	863.3685813210767	1153	1.6620194144787645e-05
-0.04328520843838102	0.6513693000240388	3.289438687945745	-0.5873201150177154	0.05029711446677099	0.425821739291753	3.4533341112135183	0.32521439207580766	0.0	0.0	0.1729870950639054	0.0032879932871941464	0.04787051718553925	0.48229430911078763	0.4058988232690457	0.0022053129758292656	0.04741100057094669	0.28390759656986386	0.38959740114130065	nan	nan	0.010138225307345927	896.0971434631366	1153	4.8308798644998325e-05
-0.04728117975927271	0.6764113432627927	3.0647780790110355	-1.1411926103453625	0.041394245828732634	0.2984309503591447	4.279654212385005	2.855174890438272	0.0	0.0	0.15935176310053983	0.012603667457926293	0.09764537203823659	1.9476873513948956	1.1626653568196197	0.013744129720143716	0.2998377588919096	0.7225453717506101	6.139043470341691	nan	nan	0.010577491267017056	936.0256836112444	1153	1.5462364895261805e-05
-0.04169769455526218	0.6275436612769434	3.4066473783587776	-0.5403154463257924	0.05178101917961664	0.37946420619888827	3.1783285647953208	0.01215505214297836	0.0	0.0	0.16564560008764068	0.0031503498106769667	0.04784940916352548	0.4962010725495851	0.43500606920535945	0.002158328424001099	0.04577306494465283	0.30580872000651604	0.3659952275742428	nan	nan	0.010313727284663579	939.3979500717419	1153	0.0001581124354427312
-0.03344522637603209	0.6699701745314521	5.008697081813479	1.318858206704065	0.056165257819010606	0.4614347380944263	2.8858020441096235	-0.5957232396380796	0.0	0.0	0.17299393611698427	0.01040251899206368	0.11689257621302263	1.0465641638621035	2.998210803597634	0.011535381000892464	0.05326077771680826	1.409445814023999	1.3586306702829716	nan	nan	0.010900450247884788	946.758796623554	1153	8.192897283540128e-06
-0.037645697967112035	0.664359632884257	4.4574388955470745	0.4696871426105267	0.056769719351629666	0.3787498387345341	2.563740622421808	-0.5679886038706327	0.0	0.0	0.1677189809659863	0.011565528254245283	0.08867511481944812	1.3093809725073222	2.4889827955991475	0.016122514570218738	0.04876838299700659	2.0007752436602986	2.0355484072482173	nan	nan	0.010488294444624069	774.7314333688514	1153	4.214231746568887e-05
-0.0294139972771974	0.5836869737989812	5.110935862757042	2.6553625669736576	0.047818249324903306	0.3470087763983325	3.3881112430642246	0.7493286155992622	0.0	0.0	0.1635603767807404	0.0019959163829617044	0.05514678944218204	0.2931097047488489	0.8054599670780285	0.0017701586830045635	0.045732998787744866	0.24412517619341734	0.3953884404543057	nan	nan	0.010169247071421583	928.3033322101905	1153	0.0001566451004556028
-0.03236704230166909	0.6481301115064393	5.17528322918421	1.7235251701943992	0.05511577439627868	0.35536708527906535	2.4911531359087045	-0.5580270969190184	0.0	0.0	0.16092988759224594	0.011851729589602233	0.146399386452561	1.112663069427219	3.84808759834895	0.017303295378922945	0.05211920247050028	2.23969812095	2.3277644050170516	nan	nan	0.010640536000590492	884.9429795839908	1153	9.33861348153556e-05
-0.03147146012668356	0.5636543738268859	4.376615044056878	1.5678290625472349	0.04592189631884014	0.3343072851929777	3.6311810717963846	1.1816648135344547	0.0	0.0	0.15993455706805626	0.002172748024318605	0.052636549708585	0.31678159874520695	0.6850340670753687	0.0016591302136873542	0.04650185565693757	0.23226856188438338	0.4367179597646424	nan	nan	0.010114987982767845	945.1724799045753	1153	3.7959841911241723e-07
-0.043202230629530436	0.6605767521482531	3.595488322788007	-0.5926774702521014	0.05613412133717155	0.3872182373594974	2.6532340713492015	-0.5991102359253947	0.0	0.0	0.16274955174861772	0.008825699635911899	0.05241590272160801	1.2497595891323419	1.1884059745635842	0.008846559883136873	0.04885437414307811	1.1900097064359674	1.1338818763036016	nan	nan	0.010437560188326853	953.1275223905702	1153	6.898668806340906e-05
-0.0400342918469464	0.6719419238944322	3.9005997947627282	-0.2926723002068773	0.046464837600196374	0.31353164807436096	3.5252628684488743	1.1732358909069245	0.0	0.0	0.16555456808121843	0.003063241012363771	0.05021657396564705	0.4823685303991503	0.48915454104008155	0.001641018700206165	0.04582734080299031	0.22908007008879916	0.43545486555798335	nan	nan	0.010219158840297352	866.4350529813454	1153	2.6632422414041915e-05
-0.042571227343526585	0.6578035626117034	3.4135732671238364	-0.6347794269270607	0.04598077768002806	0.2850379863787744	3.202965160239011	1.080765652630397	0.0	0.0	0.15900408188342152	0.023166881939554296	0.05830825441431986	3.0083551622399383	3.0221917260433973	0.009220602981816817	0.14387999101100038	0.822857560412434	2.63548943312941	nan	nan	0.010587340882409091	885.1515581439462	1153	7.015528249262126e-05
-0.0434972754991404	0.6753388714158897	3.623726695457746	-0.6385454953478163	0.046167490545345746	0.3229634967816787	3.733787233715531	1.3145102311755843	0.0	0.0	0.16161182130672924	0.010518677023017231	0.056303523444333425	1.4882971800184388	1.3797612374273063	0.008981795227740452	0.14727248425596542	0.7414127121277205	2.6733616993785905	nan	nan	0.010460186939831528	865.0370434442461	1153	5.326018845177962e-06
-0.042469160191428657	0.7003385328727267	3.934732966677918	-0.6066047716471927	0.0558221875255176	0.4631404650524754	3.0854303773542586	-0.6115610388581864	0.0	0.0	0.1534558772929244	0.0032624243185297996	0.050404644494998596	0.5382985093624661	0.45133825285814794	0.002559269153951327	0.04616259728413258	0.38039134479253667	0.3065221597579185	nan	nan	0.010150391274781276	802.402472218226	1153	3.271718522563224e-05
-0.0232221427032121	0.49726028532436356	5.421888340215308	5.925314259928342	0.0551749767166867	0.42181545449867797	2.7711674507249864	-0.583633143768196	0.0	0.0	0.15913820001132795	0.010160842202752651	0.23608078959547252	0.42077617166291414	7.55318840175518	0.016286164221187005	0.052800982841097605	2.045936951035668	2.053498262009097	nan	nan	0.010571225344944382	906.7526701616316	1153	0.0001315339751401988
-0.03365432424370929	0.6740051248264647	4.828632652662509	0.9566575662915806	0.04721635178521999	0.42069869512396524	3.574857496417848	0.505502675914577	0.0	0.0	0.14287838180775314	0.0024125014352854857	0.054518714462165274	0.36978756580311645	0.6346286474185121	0.0019233866758829876	0.04745498401924633	0.2641327833764673	0.3818973244509316	nan	nan	0.00986315763322769	934.2275596656302	1153	5.6018757047023714e-05
-0.04054466885435404	0.6295873349884251	3.5647185869146885	-0.576160582465113	0.04716512227046077	0.3531688601060618	3.4561671218647936	0.6236762282426921	0.0	0.0	0.14033822796139384	0.014374201429088462	0.05820542955250818	2.143558465268274	2.1527510428776253	0.017256914163951698	0.20148223662675546	1.6561601493020937	4.100094452386334	nan	nan	0.010349790114218826	977.0154119824958	1153	1.1800858288202775e-05
-0.04187596261982307	0.6031167951642672	3.2957421248157255	-0.5549652214139271	0.043948040620852336	0.2780963777309493	3.6906445753289265	1.9656162499110252	0.0	0.0	0.16632932367753542	0.009366263506418393	0.05450689971122652	1.333734981666948	1.3148130535466203	0.010303535560345578	0.20681302455051906	0.7216918664273066	3.850608006242276	nan	nan	0.010640299237444223	924.2622462532274	1153	3.6996288962759106e-05
-0.04109713780331603	0.6044395332339592	3.1383192246928764	-0.6118636694898045	0.05409889696573411	0.3693363345280446	2.5419905791428423	-0.5792238815743166	0.0	0.0	0.14914859382220347	0.0032011995835988794	0.048569853155756126	0.5087637266597673	0.4250651595071321	0.002421715117929768	0.04477978450163153	0.3685793243101023	0.30853976248954895	nan	nan	0.010004703384222685	899.7365240942479	1153	9.281897304383726e-06
-0.03125936129579032	0.5541637428074142	4.387340525719381	1.6344792801258412	0.05496797066660131	0.36403787589186376	2.4709242087949272	-0.6096832171881007	0.0	0.0	0.1553185792811309	0.006750819849181244	0.09590883622957738	0.6705326709671451	2.215001992578657	0.008387346433123888	0.05012280136647457	1.1515177750125805	1.0856681775629007	nan	nan	0.010445902551978095	935.9209419917618	1153	0.00018794448786807168
-0.041291464382252285	0.6459701134773059	3.612160203115099	-0.5998250904995027	0.05017069660978257	0.35303960928002315	3.0708774330010713	0.0016106151152903913	0.0	0.0	0.14081612524084947	0.0028246103416386115	0.04915750895120807	0.48557974416628813	0.39732941669279104	0.0020127175654521823	0.04554787750921377	0.3020866180417945	0.36255613054852964	nan	nan	0.00985943105779924	976.4268851853199	1153	0.00015792911154397993
-0.03220278031256529	0.6241662844427143	4.677703732262386	1.419043394836585	0.05297536363544464	0.4293357602349549	2.8368168068338684	-0.4436095622991612	0.0	0.0	0.15662285913132823	0.0023382875912111856	0.05486502418210015	0.34232843567215276	0.6956856904813227	0.002393804874478156	0.04579188044858906	0.34197906713474113	0.3058216207475958	nan	nan	0.010157406175576589	938.9163521742054	1153	8.102864454194688e-05
-0.028904160072391383	0.607158360742602	5.454578367521798	2.8538421192150376	0.055238268309063754	0.3989009962638721	2.802116412842106	-0.5866574303076865	0.0	0.0	0.15102878072274584	0.012612742517090991	0.2005273390918676	0.9682413057900296	5.456209392997391	0.00785116377324846	0.055308606184352904	1.0978401863460312	1.046625657439207	nan	nan	0.010450469165898965	938.9042689495899	1153	0.00017160918320614053
-0.04039210481396238	0.6498204753742082	3.9096793526122537	-0.25211876934251726	0.05640918224655733	0.3767562541186716	2.60435269904236	-0.6185443527338674	0.0	0.0	0.16811700355705683	0.017388005541771112	0.06425922470020584	2.2927591258156736	2.907257714670294	0.0061855237504228056	0.049934538520118255	0.8623019554275999	0.7876465372189745	nan	nan	0.010680128021878066	958.2354007725781	1153	6.088418992877999e-05
-0.042151624102077845	0.6555365367835111	3.5699949604562162	-0.6330266436841471	0.05529180622256624	0.3588992267026899	2.626925024199945	-0.5828961739722242	0.0	0.0	0.15407647103550187	0.0031377918968276686	0.05015234950536557	0.5176299768458206	0.42199739562280036	0.0023410863508703805	0.04400939489441408	0.3657251172679612	0.3076430337548591	nan	nan	0.009946604189958505	995.9714809537063	1153	6.710079709751895e-07
-0.034988027280344225	0.6157018482262931	4.075572273507612	0.5843140255453703	0.054792536661271374	0.45179696378984174	2.846231336721363	-0.5679915682407435	0.0	0.0	0.1566664024746927	0.002644409916994883	0.05173975011991444	0.3844824373841229	0.6031253088590257	0.002541120232706917	0.045704835943580546	0.36082365661051563	0.2964669586921682	nan	nan	0.010077361947208624	959.6126284849987	1153	2.0389754612093151e-07
-0.03877670658333521	0.6908585862249376	4.328728904738848	0.022747391950776755	0.055777352795654656	0.3953427867194076	2.5784698104649317	-0.6308343656379005	0.0	0.0	0.1629214586327819	0.01477841249296008	0.07997345739766432	1.8570620011699157	2.7654758605386616	0.011442607348044032	0.05115146640173407	1.4937290153187783	1.4062017354118936	nan	nan	0.01062272500969405	885.8274126568044	1153	4.651008885399171e-05
-0.042938984914662304	0.6390906123815259	3.385154388456733	-0.6009965600142045	0.04699753829375797	0.33140514672510907	3.707918736147502	1.322178185319316	0.0	0.0	0.1731764714411032	0.010044943607739665	0.054499840455056736	1.3934177437543556	1.3265320034904164	0.008969014938812747	0.14128131432990546	0.7046432617482605	2.5469615152213985	nan	nan	0.010598795553696597	940.4158623275905	1153	1.9914991750454275e-05
-0.04366169974746548	0.6746691550404068	3.431993270759737	-0.7970875188327644	0.0465776806268392	0.37177192431708833	3.908061735939749	1.1005555193662295	0.0	0.0	0.15728554219261653	0.014628025478529039	0.07159439560899017	2.144496602653434	1.7768530818094281	0.01700894350112836	0.23551851165605134	1.378860019525976	4.531805289501827	nan	nan	0.010707013752053116	941.2464679033789	1153	6.564957387403122e-05
-0.03292630625682802	0.6401471620233563	4.871664290198242	1.377972823243731	0.0487383675666051	0.3998790491905441	3.594086072885096	0.5365171137415375	0.0	0.0	0.17064591527262338	0.0023504670065756517	0.05460852898361385	0.3468135809756596	0.6880910843755975	0.0019460572582102875	0.047436698939176764	0.26729157018558114	0.39290149865002516	nan	nan	0.01036340703137259	796.1832008257725	1153	3.368146617054419e-05
-0.04112633839959079	0.6141268877905147	3.3225385125701057	-0.581900752209623	0.054721288986315564	0.41330880962185446	2.61142640527831	-0.6674212704018272	0.0	0.0	0.14758940793863234	0.0060729993567808505	0.05207755981564277	0.9134105322534287	0.8509208093625067	0.07473643165634408	0.09682661417419097	5.343986840315655	9.097635466668809	nan	nan	0.010492499963680776	954.8724687786515	1153	1.5848057177349523e-05
-0.04293586137236172	0.6850431874307251	3.8710156816973758	-0.5299086357970839	0.04560295338229059	0.3718027343614791	3.9737770380063706	1.4534236325608887	0.0	0.0	0.16598912355403833	0.019908357897032047	0.057859667653827496	2.6538047007956553	2.83205929427809	0.013969301049682636	0.21538793265609646	0.9804331474216217	3.97436746740452	nan	nan	0.01048716092288797	846.5067399440845	1153	0.0001011432396040787
-0.031030491297201923	0.5940995264989065	4.89732145975357	1.660782398317143	0.054043748274009706	0.3795877922815457	2.7488351302175937	-0.5773246619782875	0.0	0.0	0.14064700265405403	0.007901276478092578	0.11003885310552455	0.8152886426678658	2.703472401685294	0.009958098027347262	0.05122918635991891	1.4271149792839533	1.4018702271695465	nan	nan	0.010340470749979236	1005.0449963411872	1153	7.257362354637358e-05
-0.03304795966721408	0.665274771156787	5.175732250634997	1.3551222404718066	0.05615756688268614	0.4582560502615887	2.9957050935912033	-0.6299160605996835	0.0	0.0	0.15994821142100984	0.00958430331813287	0.11253044400187007	1.0048109408832904	2.885414412819708	0.030302267624485624	0.055819065201893225	3.499307976331756	3.7205342087648905	nan	nan	0.010681624613371146	909.6075323435798	1153	5.436423250048903e-07
-0.020843964754636568	0.43095407809579855	5.553626714438874	8.22035090267673	0.04027142883473278	0.33847182994624336	4.421664070834774	2.995539199176656	0.0	0.0	0.17128184979173044	0.003468512169288507	0.11853720651978855	0.278841134750885	3.5258852798550824	0.005627932083568821	0.13468731111488927	0.31576444640104073	2.3727129497639803	nan	nan	0.010600412053367536	959.4370703900905	1153	0.0008508340320725979
-0.041873199148042994	0.6571006638871608	3.623457455933333	-0.6024044908408234	0.043148379184617225	0.3314092322325226	3.95347086262782	2.0267512391626252	0.0	0.0	0.1664071875482799	0.008820795472412435	0.059461578923108216	1.3150173814165005	1.2385104437648204	0.01189516787505629	0.22354931464377764	0.7265967131568409	4.1096840940599835	nan	nan	0.010732070251649573	919.6089977313427	1153	1.8538943284124236e-05
-0.022717537620829953	0.49812794652968684	5.728669124871405	6.6379117828279055	0.03680422513308024	0.2928508051481224	4.6236345830590615	4.579501210152866	0.0	0.0	0.1633710197953725	0.0010123187099103648	0.05809433556933824	0.2953066452607347	0.7159107010517117	0.007195635079257912	0.19765089705314767	0.27067299702534164	4.24321243594669	nan	nan	0.01014139621486343	861.3997103931275	1153	0.00024879251799856175
-0.029354766349032668	0.5988314556644145	5.11741980894007	2.523012315650447	0.05486487393810413	0.41855446155351217	2.878678954029387	-0.47785428682334974	0.0	0.0	0.16563566960939433	0.0020774739131169118	0.05709434100021488	0.30946478618892037	0.8196573669827153	0.0023571638815008678	0.044736681483934976	0.3402848743497333	0.29899936207114797	nan	nan	0.01026303599749015	895.3117256713613	1153	4.2572109279488e-05
-0.041468294427852825	0.6400871265383905	3.5343266470049866	-0.6028255171807747	0.05375016491344664	0.3729873409059697	2.6432145060778742	-0.5406491909075584	0.0	0.0	0.138614056172056	0.010274236956444416	0.05310182461206253	1.5248449289114439	1.4605856838576046	0.06281318825983839	0.053924376001713265	5.386201418003084	8.789858651464069	nan	nan	0.01023539777692535	900.5120321264719	1153	0.00019940548673224958
-0.04201011714597913	0.6303314480870175	3.192235919524209	-0.5851022129391333	0.055790676917931936	0.42650827673708	2.658897636431139	-0.6037637648955955	0.0	0.0	0.16364431883107833	0.010209198131196251	0.05257122542904846	1.3749626643613322	1.3263763727943083	0.010788343030611047	0.04988463063402959	1.3338700631507125	1.2740566878114605	nan	nan	0.010617347572600577	929.2957172394176	1153	6.92612003528649e-05
-0.03225397239265115	0.6672984338483638	5.305038000970651	1.5264843340442174	0.0563759059629918	0.4266492966933214	2.7989079692050343	-0.6815828861599688	0.0	0.0	0.1582133639947308	0.0023813963300597374	0.057304674855748305	0.3663204862886418	0.7473746879292517	0.002459003233821533	0.04491911599507384	0.3706559951364454	0.28354201634877924	nan	nan	0.010101902666150075	865.5169327920897	1153	0.00011691508399145187
-0.03215569542245944	0.6010733543709947	4.868053937474105	1.6993359692341	0.046183302552053274	0.28710990728985586	3.6306742646470003	1.468393526894828	0.0	0.0	0.17533786258313122	0.016127647188926564	0.21668079762748857	1.4004321429159479	5.29026237069811	0.013396863873436526	0.2105556481524669	1.1387129770156101	4.330985835609071	nan	nan	0.010899980189414099	908.6852238486241	1153	2.4432968522317206e-05
-0.042718583523038256	0.6167703381021448	3.4273704219871144	-0.5750770464831559	0.04925074263362483	0.3061775316306702	3.1599212352493007	0.6072171213195369	0.0	0.0	0.1682596878445568	0.00608012327570151	0.05931007506453856	0.9035624391258155	0.840337692312485	0.02343832718398975	0.26185938980104906	2.246058726497131	5.590880549518374	nan	nan	0.01068008316432148	917.0990623590867	1153	2.921357393396773e-07
-0.03555056791408129	0.6610258800818443	4.551779731083948	0.6812305530611568	0.05501265887440199	0.429011875278002	2.7513973473040485	-0.6170450186726972	0.0	0.0	0.15151054899056166	0.009332737461924423	0.08829736546789829	1.0473077976305991	2.2178511761630473	0.008568983885220094	0.051920287341651467	1.1246360668470714	1.0493287941965588	nan	nan	0.010513441489088352	966.3850044123697	1153	6.338569079074331e-05
-0.03380435586472541	0.5838504561070006	4.235594528335542	0.7909637825331426	0.055507000243170124	0.3708570056852467	2.5149778206854325	-0.6885632442041295	0.0	0.0	0.15155556766223824	0.008281932758986033	0.08861642797062363	0.9638702977811735	2.173905918643272	0.026381526678202816	0.060782219955224565	3.3373433379442967	3.3754858627583877	nan	nan	0.010409121409738264	854.3010165475763	1153	6.759521347054976e-05
-0.028764230637025823	0.5438768319283579	4.74488791700591	2.6733898895180057	0.03690269545063707	0.22887976321588832	4.250921953763135	4.700562867740565	0.0	0.0	0.1666027031348247	0.0019199247640088735	0.05295380928031673	0.2775496341735515	0.789099214721659	0.0012599174346245023	0.041883494396722565	0.18021105254454994	0.6739947587117093	nan	nan	0.010185575532098382	874.2011325955118	1153	4.4212119359881126e-05
-0.041607978280751357	0.6018110640837944	3.1987869514163423	-0.610133435173586	0.03911866954596532	0.23515579717677754	4.2484332287948945	3.9559720165256835	0.0	0.0	0.1595212359469928	0.006965568053274918	0.055898612856696506	1.0297317544896902	0.9466177003830869	0.007724429833347757	0.22951280058379114	0.34851241075910044	4.898394223758857	nan	nan	0.010476533677023905	959.1746341212288	1153	5.173462124808987e-05
-0.034946379998721855	0.6445758343403669	4.682361514154756	0.7815891810851378	0.05367549653567427	0.39087246301355816	2.8910171792509995	-0.3273339398893354	0.0	0.0	0.16196668031106948	0.0024938335255000332	0.052697068550142945	0.3818790140480388	0.6242406317598653	0.002244627153470846	0.044324085537732955	0.32347605083189523	0.316048020992527	nan	nan	0.010137493648435747	943.0691645439106	1153	2.8030892366819965e-05
-0.04286830106403139	0.626339504000598	3.1793858485308553	-0.6459098147031829	0.041084820266756195	0.2510349802345829	3.972266060154905	2.932279579206268	0.0	0.0	0.16166016946617542	0.010885235998251697	0.05535175988658814	1.4887492980639323	1.3735227693044754	0.006861292654180451	0.17770877318937606	0.4176432003955779	3.4388532292852685	nan	nan	0.010519883048836817	934.4113497716174	1153	1.3980269057402807e-05
-0.030527266616717008	0.5687465486690837	4.586000671953415	1.8856199342839564	0.04178706948550204	0.2922056930522516	3.789628209503235	2.207540411366456	0.0	0.0	0.15693853959957788	0.0020639199109661055	0.052916587191197795	0.30262050475748437	0.7089964399912205	0.0014488643733198137	0.04604708627925125	0.20730425845979017	0.5103937312654838	nan	nan	0.010103669705374144	957.1427015817023	1153	0.00013494122483875265
-0.027175496030813484	0.5632871612576598	5.170147979049824	3.674772331978895	0.042307002847388864	0.3908271031937023	4.310943145430753	2.252978240568369	0.0	0.0	0.17792291601004917	0.0043770119114833195	0.09289234488583076	0.36480020357206033	2.057597100473814	0.0044054138499605155	0.07633890880858812	0.3407200004271318	1.3861866425630995	nan	nan	0.01002059878717411	887.2747118003497	1153	0.00912677668633398
-0.04390803350849426	0.6726292410608903	3.4437353449148764	-0.786662824373131	0.043945756424172755	0.3086048838960156	3.9369520591927722	1.9451777571849118	0.0	0.0	0.16019727062402617	0.018354670082364855	0.06952011824225751	2.583235503730213	2.2279851231341836	0.009547155704264565	0.18334568566606507	0.664822111440762	3.4126782650435095	nan	nan	0.010534882878625057	948.6070530818291	1153	6.585599439393e-05
-0.031398364944470236	0.5800998620971467	4.742449930371061	1.8800927882192577	0.04563998405057146	0.2795852158016971	3.268116857170585	1.25602339858405	0.0	0.0	0.16185362385433683	0.015406385411835977	0.22348590841814864	1.2551552215038133	5.291343568293992	0.015995080528873218	0.2359101677788218	1.3752068970652378	4.811547992011642	nan	nan	0.010527715572180948	893.1353814077695	1153	4.126245474082882e-06
-0.030507358657523298	0.6571391880701535	5.540409509138716	2.2918464942264793	0.054726106866239466	0.4381806411869834	3.0692704123579806	-0.422242711379237	0.0	0.0	0.1642506999728156	0.0022532659847815384	0.05874107582818827	0.3403577853273685	0.8363824449038791	0.0023415277608140883	0.0450576281893956	0.3362416509359174	0.30461903468321533	nan	nan	0.010200217009462442	967.6985964852853	1153	1.720540928607034e-05
-0.043052692475680776	0.6940030662276133	3.740289458882598	-0.6838048956282401	0.05117958798472877	0.4336138965212496	3.4691089448692036	0.09952656489303413	0.0	0.0	0.16418587539934582	0.003377859284280804	0.05034451655308453	0.5476451518829517	0.4380475429773516	0.0022322769454332647	0.04713007005655581	0.30246985204771626	0.37300837317409263	nan	nan	0.010208944822257565	879.8205210169765	1153	3.7377073485300755e-05
-0.04332139411189684	0.6715603974489313	3.584279802294963	-0.574795068234505	0.049911554962632554	0.3875124804738705	3.480664132973411	0.41806940576528984	0.0	0.0	0.1612553432889869	0.003207932580031214	0.04778035837506489	0.489831304396247	0.41769386754756055	0.0020318474886349414	0.04662526694694674	0.2738584594614859	0.3967823814305195	nan	nan	0.009925625800154728	996.9994586086158	1153	4.963803946862055e-05
-0.04120909081226032	0.6399487440144466	3.5890606653337898	-0.5870311915462592	0.041413527816125395	0.2888228371803613	4.049200132110698	2.405890215639444	0.0	0.0	0.14135865104534032	0.012493419410641582	0.07436326203192278	1.8651370480018756	1.8215727812781681	0.024056253091206625	0.5079212262692511	1.431342530766165	10.373690550169016	nan	nan	0.010310955598013871	935.215680605183	1153	0.0001513098954809856
-0.04278479949997871	0.6527143324073781	3.5042874728766735	-0.5834849194550334	0.05526227978468512	0.3639462735593505	2.4979581406783953	-0.6157389260724503	0.0	0.0	0.15877531509084997	0.010187737344974246	0.052500383369962655	1.4187084812615245	1.3717357499284564	0.016311913289846935	0.04948645667183835	2.1677423842828607	2.1343541069571743	nan	nan	0.010499653915775217	963.6823574301501	1153	0.00015150326866315004
-0.036828262490464225	0.6415439702065221	4.35925812903254	0.2416243449852468	0.05485363815127453	0.37964950470717457	2.7228233021210793	-0.5199714456724988	0.0	0.0	0.1510114324224459	0.014905007596429043	0.09520557162832405	1.9068652276446767	3.225038773110239	0.027381976364668326	0.05230467489064891	3.2950773433366285	3.79987769281926	nan	nan	0.010434849542320407	989.0135516394807	1153	4.2910016917626656e-05
-0.031950068987485314	0.644286406028298	5.090808102692264	1.7913631508258332	0.05842005765567215	0.4501711021097723	2.767090233469353	-0.7408314449324858	0.0	0.0	0.1732837680702933	0.0023642526596362456	0.05664629748655242	0.33995573680812585	0.7639126180622747	0.002646401269224108	0.04505097104220776	0.37889180473177975	0.27570113036492194	nan	nan	0.01030770248608509	933.3707591799786	1153	4.727922015765732e-05
-0.04191233939013883	0.6428017004437387	3.6422926610963637	-0.5927806702293729	0.04405700824718228	0.29277235871240725	3.7865442949815287	1.7890398770288358	0.0	0.0	0.1563431887231283	0.006790546790273244	0.05855663061367966	1.0488451224550925	0.9749303127787484	0.012143645821692362	0.23303288700035477	0.8951518347116809	4.371123143426249	nan	nan	0.010525244802173012	812.4172613051412	1153	6.743743476474181e-05
-0.025915334829772485	0.5325610378687147	5.206601507651243	4.232607991174448	0.05691866162705228	0.4288954894857976	2.754170517959275	-0.6240422528560995	0.0	0.0	0.16472797547064955	0.008522381916740152	0.17079229959381045	0.5112465870367093	4.770090587922072	0.007240124468396947	0.052551665598234626	0.9409697523310704	0.860825342337952	nan	nan	0.010579179765851335	974.2939447648378	1153	1.2075130986777867e-05
-0.03752649993821777	0.705764030569078	4.626357727672482	0.44053305169331175	0.039766951104823534	0.34734485870416465	4.473718407094621	3.1776773065342687	0.0	0.0	0.17128918235429547	0.002692028231360055	0.05126475406455372	0.39478468919576626	0.5602718457642512	0.0014966480934701654	0.048168533574681066	0.20876053348643975	0.5925267752376592	nan	nan	0.010263358361187844	1005.5812534992891	1153	7.305032476357335e-05
-0.03740483542288375	0.6674751371929516	4.4146583786452895	0.24732975822289358	0.056132119140635206	0.45430009844622327	3.047537305956105	-0.6134893604666709	0.0	0.0	0.158437721219897	0.014122139526804023	0.09034061173850366	1.7444970442926806	2.9470187861129022	0.009318764233433141	0.05288420957194548	1.2421778560269963	1.169001495667643	nan	nan	0.010511552396074125	862.7777564019742	1153	3.500764594954948e-05
-0.043337893024009144	0.7092890243313037	3.76315251810581	-0.6457289892506953	0.04143132753891576	0.3623245655243871	4.476410428835502	2.7635790239300793	0.0	0.0	0.1742394876473498	0.003394845677807401	0.04972102197879047	0.5306028857655112	0.43467171242882247	0.0015976886022975867	0.04908502278467272	0.21492622920256244	0.5785366222350706	nan	nan	0.010305238716534992	989.7013240364786	1153	0.00011478083967784567
-0.04142056266059879	0.629344636593494	3.5506514493124444	-0.5361390478695333	0.04071721717372356	0.28233317823878823	4.300718079350573	3.003827268751331	0.0	0.0	0.14569920116947965	0.0029813801945177687	0.045421112363850935	0.4857320520581594	0.429549747915568	0.00142539610670267	0.046339359493044935	0.20645271561697687	0.6000413751563098	nan	nan	0.009716727627910302	978.2007390930188	1153	7.206820574573451e-05
-0.041823927255835724	0.644792385545462	3.4067549580174097	-0.7926511529356801	0.038851480847341247	0.2304296064829292	4.04535935376632	3.402965815306142	0.0	0.0	0.13656583775005487	0.003191784915905327	0.0477354657425782	0.5492078014998343	0.40966277998688	0.0013200440725326112	0.04443842082984065	0.19391057327458516	0.6240148981870742	nan	nan	0.009866625621117564	929.8981053572543	1153	6.27143589913e-05
-0.02508825584792429	0.5506560084641887	5.844417074033746	4.915888011669038	0.055366236575464134	0.3972629013595699	2.8226523815043922	-0.5739365793475414	0.0	0.0	0.15371507883239974	0.0016928041732455767	0.05804981760750749	0.28073764321053885	1.0618033921373093	0.002253631884132523	0.04349003549030617	0.34460620049152535	0.28728705527997433	nan	nan	0.009967087332275207	935.4373400318011	1153	6.274654221838475e-05
-0.04078716947285921	0.6139345134397705	3.3328434922766825	-0.41299383590174543	0.05526827788115973	0.3698025755806167	2.4124714301464465	-0.6262440240110295	0.0	0.0	0.1642177335155352	0.0032153164916335353	0.04797495218777148	0.4846046585683581	0.46501876136498405	0.002551544588459298	0.04473332349254411	0.3737648984049682	0.3015681848782446	nan	nan	0.010337513868761528	1010.2423317738312	1153	0.00012764636946244342
-0.052410844975924964	0.6397447214678035	2.4348365650623105	-1.460693076376858	0.04270580489542164	0.3184637670908482	4.109365579351017	2.526507614337315	0.0	0.0	0.1768786101779362	0.003664530042586378	0.05020713746440664	0.529062767641979	0.21430456432451525	0.0015947318610339822	0.04771619303997732	0.2108504816801553	0.5649575195510752	nan	nan	0.010178206514056126	935.8046867400157	1153	3.844062922156724e-05
-0.041291437606741366	0.6239772757482213	3.365908050027258	-0.5299260425175335	0.05519604787643573	0.37719555654059633	2.525598365068775	-0.6010074202257654	0.0	0.0	0.16624633628920263	0.011318246013039157	0.05260738477986587	1.5786571204700715	1.6031680883936148	0.008110777408835479	0.04933789771235894	1.0914383577686717	1.032280402059742	nan	nan	0.010713216861617705	897.0729070974899	1153	0.00015904044165513442
-0.035386566150186205	0.6288808190287417	4.364958962112256	0.6038611030287684	0.047732578561281214	0.3515110746138321	3.3735109875653646	0.5687376826730283	0.0	0.0	0.15131440213137134	0.0024830412293376236	0.05081840804191318	0.37544684586865595	0.5807071343665334	0.0018208754474240418	0.04638429872716815	0.2587445820759182	0.3959260232740675	nan	nan	0.010067214654113019	901.492572342713	1153	4.091148836430031e-06
-0.030950611475190404	0.6012229722746047	4.892175453085848	1.8512221583828172	0.048886438030483204	0.38170541672132174	3.31907731140943	0.3719088438096066	0.0	0.0	0.15984202274207304	0.0021644076687916125	0.05486458111454523	0.32485519170050736	0.7379791885015689	0.001930019724451948	0.04615722124825153	0.2665962473055308	0.3705463805646548	nan	nan	0.010123041250817977	902.937050381587	1153	4.726274026968812e-05
-0.024266081980276244	0.5390449411144185	5.645948695673598	5.348387477035183	0.03877632785560192	0.3346421050734298	4.597247020400699	3.5154843003526777	0.0	0.0	0.16584653842641803	0.001633438798661624	0.056914940391593505	0.2672102095226174	1.0827009507590675	0.0013897581463010455	0.04642569912886252	0.20247883816689427	0.5940173316421771	nan	nan	0.010263473503343126	919.3714708166283	1153	1.3859536284759865e-05
-0.03364054305364472	0.6267883670806889	4.830322581918533	1.2023457782988196	0.04845249876395852	0.36481149457095535	3.630123803325755	0.7449204559059353	0.0	0.0	0.16479631844816606	0.0023181599264781583	0.052609087118276054	0.3489425691427037	0.6572709996965832	0.0018141902940697063	0.046407300160033776	0.25149319241686574	0.4072421713150411	nan	nan	0.010229263590664159	886.5068937350006	1153	3.20427261603227e-05
-0.046946573907380884	0.5943466333435878	2.509319326864193	-1.3017387815537604	0.04254620621520622	0.29413851888526	4.076946230774848	2.352251423692628	0.0	0.0	0.15778788463538554	0.0035295114542480688	0.050044591376176895	0.5767026062696163	0.2779620985873311	0.0015352067622930177	0.04766696680982119	0.21723423922250928	0.5645686655233157	nan	nan	0.010234586707376397	938.9458718175977	1153	4.535802997882874e-05
-0.03347237050093632	0.6184474595973273	4.688220672468443	1.043774531331503	0.045797392406489834	0.3487125903388907	3.933223688046713	1.2842351796771272	0.0	0.0	0.14962849317733926	0.002314138638316754	0.05216887191551289	0.35408896363953746	0.6405677013979209	0.0016402813958744655	0.04677230688312725	0.23448988812631955	0.4497924249366012	nan	nan	0.010023802181110208	836.6031984596015	1153	1.0676899696059446e-06
-0.028232976994308046	0.5835787843827174	5.356878359486384	3.154248363485434	0.05630941224540109	0.42560760460963726	2.788728687924067	-0.5801051945102592	0.0	0.0	0.17201126775075232	0.008127639292685451	0.14123581497274976	0.623551914094516	3.723985199931638	0.010066353755175506	0.05209990645731699	1.2730562219546888	1.2366923307266788	nan	nan	0.010793189009600301	835.8212476292815	1153	4.254367103307282e-05
-0.03935188367441933	0.6608384318397168	3.925114216459934	-0.20672671403452994	0.05599413273610088	0.4184889941274056	2.694231506355428	-0.6463071782717238	0.0	0.0	0.15848360089630698	0.01857237280386087	0.07171297893108769	2.398932998487406	3.170695902046804	0.01739194463967242	0.05252333983072699	2.19792211712599	2.105476648129495	nan	nan	0.010747587414934229	823.2640423060029	1153	9.899538905023709e-05
-0.03637410474684122	0.6584226549962295	4.369232829024532	0.44661538622202807	0.053719757740825935	0.43187964618758123	3.018765729429904	-0.3679608531378339	0.0	0.0	0.1614219280621535	0.0027253794029121203	0.052150784928655214	0.4074668212975936	0.5906906800930246	0.0023708220620720644	0.04542224284771168	0.3357195518350464	0.31704315952460654	nan	nan	0.010175173340811111	950.5987977905507	1153	7.754084386411215e-05
-0.040880369972114194	0.6876632248525276	4.037528165443767	-0.3805211831481551	0.05483472201858164	0.40576772704963315	2.7071888197733336	-0.594805797449671	0.0	0.0	0.14963277429374258	0.0032019127490964805	0.04997773459669885	0.5116126557813963	0.49868831264915353	0.002452112074572188	0.04488081832811977	0.36548783753162595	0.2994654875888435	nan	nan	0.009889709753609796	925.1949254042845	1153	4.051735645680304e-05
-0.04192569682184932	0.6216751967063916	3.564703266083617	-0.6376564828285636	0.05576999432052632	0.3031817425832122	2.425070797606777	-0.5889187158238959	0.0	0.0	0.15152818919757186	0.011316399804841115	0.05311602024957163	1.7394845153808198	1.639846938974323	0.003975591459030037	0.04713447155615769	0.6404963320018431	0.5814519348088085	nan	nan	0.010357555035850313	1021.4005198791031	1153	2.433018032255359e-05
-0.029075660477345888	0.59373661001567	5.073283534660486	2.6071878188370445	0.05519713971497553	0.4176126067067993	2.728408679729959	-0.6186254186172525	0.0	0.0	0.15995719743181866	0.008931313002944308	0.1431767982274188	0.7200512433237041	3.635123932487388	0.014138194988335462	0.053826121654865305	1.8279094739113773	1.7637624119486932	nan	nan	0.010781630554138527	850.132885910009	1153	1.0719123206070531e-05
-0.03160174570131691	0.6224218598683093	4.777635733139885	1.737273601927546	0.05564167990501323	0.4634449876142636	2.98769990881771	-0.62612115032381	0.0	0.0	0.1500606142632511	0.00842210566544288	0.11369935476160081	0.7693891386224698	2.7162098158985573	0.012424296470063823	0.053291000397063915	1.600816578743641	1.5164367986464458	nan	nan	0.010310115769184586	857.4548446274744	1153	5.909794271655182e-05
-0.042486366454017266	0.6409636003284568	3.2595060387503727	-0.6176546671196246	0.04378858620079695	0.33140447484119073	3.7763669878763793	1.7050074957456944	0.0	0.0	0.15178444040720998	0.008772630173711271	0.05652044567763903	1.2104897704408195	1.1230493659374148	0.010831331610942296	0.19251846833131897	0.7338694273883997	3.4601808340335634	nan	nan	0.010262880392566356	867.2967922922908	1153	1.9450820104631684e-05
-0.03412470680433877	0.6687046671505014	4.77965785569967	1.086721306178443	0.055856136948118085	0.44410297785445224	2.7698489441666974	-0.5676875326360541	0.0	0.0	0.1734147649155559	0.0025765512622785147	0.05545325673695867	0.3719468521186724	0.6777456909424189	0.0025976470091837456	0.04553471918556143	0.35843204194632583	0.2943575894848437	nan	nan	0.01040912231707286	924.310907464429	1153	5.948527120299362e-05
-0.042065695180469764	0.6322029265463396	3.324961763624344	-0.6247263058889321	0.05305206023717024	0.40213387351438645	3.039535028702712	-0.2550111912614647	0.0	0.0	0.1605766706985054	0.0032927606728296865	0.04852727568653392	0.5187608393207359	0.43168859350628086	0.002317744013316303	0.04551444388114345	0.3317169450138264	0.34098593274537553	nan	nan	0.010180073159284972	927.0308687228792	1153	8.738589779246173e-05
-0.035474502662192764	0.6499458804525469	4.705511410638597	0.6672055494164466	0.05519987968175166	0.3715873078357666	2.679382021384058	-0.6039647327200254	0.0	0.0	0.1551183322196259	0.009723343712371157	0.09033421330334845	1.1625856158794785	2.407005325910273	0.005896799995254831	0.05105874851900369	0.8648354157605992	0.7993467770887699	nan	nan	0.010621769667931644	924.1427747519219	1153	3.619216444144594e-05
-0.03970660751860611	0.7351643821700358	4.699566146690884	0.12803275144484041	0.05512908109410297	0.4611891432808275	3.4190440165224945	-0.17985126550243571	0.0	0.0	0.17648461311919056	0.0030215835054008267	0.05238568753523659	0.45168918916180845	0.560896025279871	0.0023603873693929245	0.045102209534865434	0.31522780605556466	0.33174793111901435	nan	nan	0.010172833504333068	940.5382908664255	1153	3.839771659072582e-05
-0.04142393877478889	0.7091002730174638	4.179891379204986	-0.4438560258866617	0.049013353981258945	0.3746705750944151	3.5216629325911866	0.42157554291287547	0.0	0.0	0.14622981935823512	0.0030887831495446383	0.0500931987177029	0.5077550323278577	0.47111477980563427	0.001895231370672712	0.046253933754447585	0.27075037473495667	0.3897958984789903	nan	nan	0.009739839392009078	926.5958619402602	1153	2.9386511737165954e-05
-0.041469018299964744	0.7018827890562909	4.24399474119404	-0.36310033899906663	0.05705807967322252	0.41557773639604945	2.9097821876854835	-0.6161467415640208	0.0	0.0	0.16570719351080934	0.02300312952522443	0.06282097738147774	3.044200627196117	3.705252118684281	0.01195493263247338	0.050448783700275	1.6071215506581555	1.538781140644626	nan	nan	0.010604709537874207	991.7621574749816	1153	0.00013474241640432926
-0.0417813852386012	0.6611471834630247	3.5646629985129668	-0.5635986812321745	0.0537948422180492	0.44276707725168196	3.0753126713688155	-0.3992405399015073	0.0	0.0	0.15566428340148508	0.0033737196467692465	0.049034708128452786	0.5285125278390428	0.462020509719955	0.002434512294328006	0.045871213122367055	0.34766270939821187	0.32279967325294767	nan	nan	0.010111134934667435	950.9298704593366	1153	0.00011659776418123012
-0.03753065312491122	0.6572476812936094	4.15099189193197	0.1341032978348659	0.05545012700464258	0.39912072548249206	2.7611446104029085	-0.566721343987832	0.0	0.0	0.15792616888256023	0.002921491622813077	0.052076769740935946	0.4466157861969271	0.5677296240526999	0.0023580615638081337	0.044642529985327084	0.3540002543491485	0.2932730779204342	nan	nan	0.010102224304000429	930.6977053448136	1153	2.571346722707385e-05
-0.037132657882283815	0.6171702666373143	3.940645756509036	0.09868513414346039	0.055131705104742634	0.40559823375708454	2.6495860906229374	-0.6519399603697441	0.0	0.0	0.1572056558660918	0.011227412966122174	0.07229709511854332	1.4597749575953665	2.2482239853603168	0.01727304933062812	0.05325344396748474	2.248308667766296	2.151435572130487	nan	nan	0.010674658689146313	954.2834201092296	1153	4.745236246227674e-05
-0.027917938296710187	0.5527708741988828	5.250111735367062	3.3527937999129507	0.06536260926369031	0.32776358855352294	1.2773133870348574	-1.4288233212449564	0.0	0.0	0.1638614705669203	0.007569821189986781	0.1417838142257688	0.5591699558064938	3.638982142583677	0.007248961117329089	0.07797926524566082	0.9279170978894217	0.3723920106300593	nan	nan	0.010643794220107278	935.2184239858975	1153	3.5914119316989965e-05
-0.04171859266092548	0.6285025340976775	3.382764162591566	-0.6034006718037743	0.0481949454744397	0.3689239119719039	3.520195348126464	0.5021575586313032	0.0	0.0	0.15306524875288358	0.0069727996502452205	0.0569450836441886	1.0364683668223647	0.9574815353484684	0.01650308670066647	0.17701748783094937	1.6331983691327066	3.7076270623971244	nan	nan	0.010457783283091368	913.8637465345821	1153	1.8118637975696253e-05
-0.033104564554610194	0.6395632109498273	4.707643629933959	1.3076465403398827	0.055707745037828715	0.4168006786655448	2.7097852341402806	-0.5977308206849299	0.0	0.0	0.16188686842517852	0.00878720938196259	0.10512909731004128	0.872809612290671	2.520002111286903	0.03096064115080588	0.05164499901789038	3.473439033671069	3.8264374823511624	nan	nan	0.010619233554398672	931.7045777068877	1153	5.0952616861980146e-05
-0.0419582378285136	0.6469216733931679	3.6955628698419507	-0.5790818897155299	0.055406933152590154	0.378568258330643	2.6796101163851596	-0.5664840252714283	0.0	0.0	0.16555656396324492	0.011462088393362768	0.052856269291436275	1.7005896075957714	1.669659421728537	0.02344261018489524	0.04882943993103386	2.9412305349651433	3.1672961161441444	nan	nan	0.010650787301940287	948.1484627684797	1153	0.00010186414503099298
-0.04023683889422003	0.6103582185240234	3.555310741705818	-0.553326408793914	0.03944445071897662	0.20356381383143995	4.122977011253487	3.681671197745617	0.0	0.0	0.14279626825853559	0.00938696703189107	0.05859378181699626	1.468493222442602	1.4560871386684624	0.008630967583516447	0.2875002392942259	0.47094292954670514	6.193433945794327	nan	nan	0.01034182346304835	868.9939185898031	1153	7.394349180742312e-05
-0.038884913856424785	0.6375178209621537	3.9584184690589206	0.028439440539570267	0.05662585752037441	0.377523158339836	2.561890179178076	-0.5861152116236062	0.0	0.0	0.17563979783155653	0.017546525549981706	0.08523809648130165	2.1491909524751636	3.2538436751247826	0.007955148143988233	0.05010165046282197	1.0472776324863884	1.0003630855300665	nan	nan	0.010792751689772784	915.247847185019	1153	5.372463002415081e-05
-0.04176315364896099	0.640476211122422	3.570235151072343	-0.5767445830258742	0.04767894333641376	0.32559253897620266	3.444211918737107	0.7415505972267399	0.0	0.0	0.15075300385399543	0.012544572267353393	0.05725004458001698	1.8163196656705676	1.796814862876863	0.015182633492709652	0.19271526574768663	1.4680928887211417	3.8674381260892243	nan	nan	0.010505226010932928	857.3613602850327	1153	2.6974109835747762e-05
-0.05256310315154855	0.6666946355672605	2.5650163362301814	-1.4264447347410054	0.03817916652847675	0.28089221497820516	4.52706989998002	4.252039990222594	0.0	0.0	0.1715433871906067	0.0036450241603646627	0.05023839951936743	0.5269361826287686	0.21907627406285	0.0014125615294717786	0.046260744904255996	0.19661173408898946	0.6941631252946195	nan	nan	0.010132528753863987	933.6940757587214	1153	1.5509297076421775e-05
-0.04071244143970443	0.6268118453865648	3.6020227953948987	-0.5425015146354225	0.05446215601003335	0.38318683855080476	2.6827881982485113	-0.5931044663317177	0.0	0.0	0.15253025127163267	0.0030856514458953432	0.04838545507726155	0.5214720423047725	0.45904194955239536	0.0024006741518088903	0.04495746136793838	0.3715421178067497	0.30767628445982254	nan	nan	0.010162635784075655	900.0232747198941	1153	0.00010712518681252304
-0.034396993929001196	0.6836490055948607	5.048087277372117	1.1078938040045745	0.04932515354411904	0.41492052686008796	3.588224114452193	0.49225784949743023	0.0	0.0	0.16173659233215376	0.0024565920296414356	0.054277566143271394	0.3677890137116737	0.6581441109163257	0.001966219257852564	0.046341865045840425	0.26054513159004644	0.377968849986429	nan	nan	0.010057940400874613	942.8628355995313	1153	2.4733126525392846e-05
-0.03157639857050132	0.5893777398501683	4.625491542318957	1.4419843589157952	0.043653920125875434	0.30157184679446525	3.6988778562575546	1.5903001369166876	0.0	0.0	0.14487226909192405	0.0021794031269009584	0.05315707497629285	0.3321696957317144	0.6827134173415659	0.0015023986586830684	0.046024689431303	0.21883320368272607	0.4678449476256661	nan	nan	0.009888415609692044	948.4597446382079	1153	1.891591916976103e-05
-0.03005631721006674	0.5616550577626062	4.806512085064104	2.218304933487229	0.055770227263038485	0.3822927858954738	2.6746247385418602	-0.6186281014556988	0.0	0.0	0.15737279596771306	0.006192048810008954	0.10094316560271399	0.5671447489605534	2.3467425094360514	0.015082670112724794	0.05044836281488954	2.0396153598879945	1.9887889517921453	nan	nan	0.01044935424107038	910.5144043564683	1153	0.0001523842351517157
-0.04234205349497899	0.7170449650271011	4.146161915613496	-0.6228146033580683	0.05478366591638384	0.42510850444399434	2.922505598267125	-0.5856562262890507	0.0	0.0	0.14666740473219803	0.012872293697172077	0.055662417910433526	1.9459109455967212	1.8671508013600904	0.01436915398290839	0.05012069563745283	1.9133395242359277	1.9035691598629367	nan	nan	0.010326630566634964	939.7317494715164	1153	6.0142117878896424e-05
-0.02529043623736782	0.5327573856777787	5.417256928633698	4.510142500091452	0.04574306144844309	0.3890009120466858	4.124286387008771	1.359324842941795	0.0	0.0	0.1581493979470427	0.008752049508980342	0.1981467980414173	0.46844517979208655	5.269598524302058	0.014520991709755293	0.2051880335623372	1.1127291918732565	4.042887116314998	nan	nan	0.010617273005940134	948.6630997065342	1153	2.5765798840777207e-05
-0.019559689499983324	0.3855861036117324	5.196254048601322	9.245361387155125	0.036827093152161705	0.32151792649567046	4.612157532338605	4.414485701486342	0.0	0.0	0.1655932705670804	0.006082146164404334	0.202037745436849	0.2622916534584272	7.17447724370843	0.008959104401762175	0.20803650968083015	0.30280002871990686	4.732000682913878	nan	nan	0.009465324525059868	887.4723991763411	1153	0.0006120744769116601
-0.03153843411043711	0.642888251769868	5.017140770273155	1.9446399179485985	0.05762878912400726	0.46792808523339785	2.928961762322491	-0.6367376655570098	0.0	0.0	0.17867364880653108	0.0023127519188679835	0.056812073846964406	0.3281124824680193	0.7615167451566871	0.002627621736691843	0.0453704478346878	0.3666070370287171	0.2869891909605352	nan	nan	0.010289836881456987	953.8961918207617	1153	5.1077924137682515e-05
-0.02443295691066416	0.46907662747788076	5.183792179340671	4.889310793288662	0.04244442966205786	0.2266059273813681	3.7929661696967374	2.517500353473399	0.0	0.0	0.15003817401469188	0.011149586668173006	0.2539979263328428	0.564037332472386	7.471016590225648	0.005798447042160149	0.1386858759935478	0.48227815338646707	2.8129726463053975	nan	nan	0.010491935885216866	970.406408536934	1153	8.094705499331595e-05
-0.03928952145985576	0.6517520463960444	3.7980874906710334	-0.1940824000457701	0.05060505898293566	0.3991149695723334	3.26259448150695	0.15466852801770176	0.0	0.0	0.16084021116169908	0.0030281534214158246	0.049752202660651224	0.4638197910102879	0.5012538845513452	0.002115195437452866	0.046084742395499506	0.28740369495466433	0.3650791422306434	nan	nan	0.010264021358675435	958.1048301852409	1153	2.364534571056794e-05
-0.025935698524136575	0.5935742046844381	5.921121896470205	4.280381651696162	0.05541516719871642	0.4565585072983313	2.989486603684026	-0.6133756944614346	0.0	0.0	0.14719791925746525	0.0018030566017525063	0.05890095328090844	0.2893524748347094	1.013598449951947	0.0023889446082977495	0.044837557769569575	0.35430384099192347	0.2823938494807307	nan	nan	0.009854670360416193	939.4791997906184	1153	7.39485462330116e-05
-0.042731976465922195	0.6645875294867476	3.5310251852042613	-0.6227561308489019	0.03828950154411315	0.27810040385143014	4.371297711460355	3.918099668733326	0.0	0.0	0.1661530610613111	0.003081748104373394	0.047354227620741596	0.4884749737984708	0.4001302630197715	0.0014023519756549696	0.04661594537392419	0.1983262966013375	0.6686013974158831	nan	nan	0.010220911057530854	933.2151523391572	1153	3.7018886692941155e-05
-0.04271888518588152	0.6561624915066141	3.4219070010346373	-0.556993501260778	0.05610808884530272	0.38882553142662485	2.4251074381566577	-0.6842155173092266	0.0	0.0	0.16301410252448117	0.01174953718418359	0.05265133174632047	1.5600772225624893	1.551381084092982	0.027535597475694562	0.06073023712743053	3.2146427948808167	3.2207524970223043	nan	nan	0.01049297545425315	907.7655815211754	1153	7.383651980635897e-05
-0.02972678191454703	0.6313721528412601	5.431015612517909	2.4110801960426036	0.055520101693663726	0.441520535102823	2.7864722818960272	-0.6216902435562259	0.0	0.0	0.15203208383088274	0.009165320944948319	0.1416805052126634	0.7819866707193222	3.6098102140279207	0.010757962189963943	0.05357399760318296	1.382549603484567	1.280859780270146	nan	nan	0.010367820827726304	951.9636045603282	1153	2.0499715397914765e-05
-0.032804523246754425	0.614670436970896	4.619598064520462	1.1218444145720192	0.05444535602148459	0.3855805908483841	2.724624931037287	-0.5945158004529885	0.0	0.0	0.14150974915789952	0.009247343427793542	0.10573549382314762	1.0134149493361397	2.6666112991997313	0.006879901042537218	0.05152260999146191	0.988708545553961	0.932446101383327	nan	nan	0.010289017897063782	935.2232835159508	1153	1.2184728600414018e-05
-0.028894108002254226	0.5551329065733481	4.825747030026472	2.778735123989447	0.04195165743977469	0.29003272497813054	4.020503310147258	2.650635413351593	0.0	0.0	0.1658063377508977	0.001936408456878147	0.05394013981337087	0.280718745152718	0.8000274355503716	0.0014182211782313159	0.04492919418356858	0.19983456845292813	0.5322846823199002	nan	nan	0.010061128572285374	916.7222266457927	1153	9.678474150595691e-05
-0.03039204412043095	0.5933583534222951	4.942247375669714	2.0777652185586226	0.05542118958183395	0.4089234806290502	2.7155130060559802	-0.6237631793339302	0.0	0.0	0.15676630293244587	0.007708645242407941	0.1157249201191553	0.7049432164399994	2.815035056411373	0.009217206274133471	0.05202844877531709	1.2402264239936762	1.1589346908779452	nan	nan	0.010538803352230022	1008.5291777941059	1153	0.00017237554212051068
-0.042425514556530874	0.6683253629360548	3.5950777542081997	-0.6130511017686594	0.04886057074746142	0.3753154108977399	3.4690165460706024	0.5758973540841	0.0	0.0	0.1695308653212251	0.013437595641902389	0.0597432349416846	1.8947816306163068	1.8228414676755318	0.018470227465404276	0.1938398491578378	1.6736052955547693	4.00474462287544	nan	nan	0.01084246866476081	856.4568419100124	1153	5.77996273337003e-07
-0.030279052148548535	0.6023261557825752	5.265857346000646	2.355527671537347	0.05633898056752429	0.37788683634554554	2.710777979947353	-0.6682548643563627	0.0	0.0	0.15156692940884772	0.0020983793059759503	0.05594397423874997	0.3122393121849849	0.8019058215370204	0.002262008400372606	0.04375624507921935	0.36050595771203886	0.2816206649439763	nan	nan	0.009845069178653534	1011.0271154754964	1153	6.698003747797656e-05
-0.03660823144173908	0.656341366132953	4.450243792849797	0.3403780258194362	0.055380922585841486	0.39689674773214373	2.6891722746621003	-0.6106790100840801	0.0	0.0	0.15310615090913948	0.012840327787378703	0.09147637351871313	1.5935954459507307	2.823614012357482	0.00832565516598438	0.05165423387677273	1.1360248145377714	1.0675317057126252	nan	nan	0.010419646917853437	845.1455303946291	1153	3.788491815274949e-05
-0.03587979455218171	0.6204789988649988	4.042746587747157	0.34933612480005405	0.048776539787593665	0.39206826839199377	3.3526306337625607	0.39104555077720876	0.0	0.0	0.16112594281500744	0.0026513861221448276	0.050893115943308254	0.4043653007584824	0.5660328734433108	0.0019991908055047025	0.046734352191676765	0.2696576872227532	0.3810769994956772	nan	nan	0.010145952083525214	916.500325552757	1153	7.789328403039426e-05
-0.04251303659240768	0.6351030322024904	3.386962959546227	-0.601305139716191	0.043037105590276514	0.2770997983625269	4.009970430099097	2.3984664110762117	0.0	0.0	0.1637295342813053	0.013274703115898012	0.05475112551993644	1.8368217037861898	1.7851950373918541	0.007253703622243313	0.16433163414103383	0.49266980593466525	3.0792619702150352	nan	nan	0.010648204442921957	852.5444277111911	1153	4.2189847469338824e-05
-0.037802611852811197	0.6923426426017403	4.395008995556457	0.13617220148688972	0.05539607256942003	0.48094646239571515	3.13755171997643	-0.5940273713538722	0.0	0.0	0.14467306367967098	0.002865116124861733	0.05168821288560849	0.4374421138855169	0.5544277004591601	0.002502162855277712	0.046006971643286126	0.3677338595099131	0.2969665377177198	nan	nan	0.009782213123081016	881.7501189970538	1153	2.6397456645102667e-05
-0.022557947581999693	0.487687033221065	5.5225651880749895	6.814105744659145	0.03990795341972708	0.35129660920808736	4.442951344022395	3.256368401323923	0.0	0.0	0.1828942728032317	0.0017117824306631113	0.05406537706755571	0.2726219002030845	1.3854987402491785	0.0035184951060869274	0.06965464532539092	0.29068469580606004	1.50686374503749	nan	nan	0.010031140399520744	989.9701270646008	1153	0.004965739128378568
-0.03167072191269138	0.6434554376735988	5.3047816089246425	2.063142020060738	0.04218237452667184	0.3298507839195246	4.279717942153975	2.7381467289969295	0.0	0.0	0.1794574883129697	0.002176963337192195	0.05454734001944056	0.3164455430303921	0.7474978057874714	0.0014989850499441681	0.04633360378485521	0.20478042743705638	0.544452571832076	nan	nan	0.010376373175866135	909.6375484169716	1153	4.098285201162821e-05
-0.023438907926487396	0.44857357575478746	5.0595731546046006	5.423341463607476	0.040082084321999334	0.2576875386316529	4.105520460908275	3.0527275609378672	0.0	0.0	0.14814475804820976	0.0026722088706305214	0.07013503422577647	0.284738126749855	1.9160747681464052	0.0028597929691480672	0.06473913158046377	0.2762794464885774	1.3163948271253445	nan	nan	0.00996256866823414	910.9880273159212	1153	0.003943039379243315
-0.036347522202358595	0.6566205247977897	4.456513960881585	0.5159178701935158	0.05694897374206809	0.4015643374240391	2.5812605958401647	-0.6799928956464283	0.0	0.0	0.16961390561623452	0.002778669425904212	0.05293090022957653	0.4110681743321356	0.6179256111509447	0.0025541989173148982	0.04478204211624537	0.3733219954077691	0.28648103269746555	nan	nan	0.01023852157351246	904.8088965318098	1153	4.863266784473004e-05
-0.0502774914607953	0.6317177647575276	2.382325181002431	-1.4191504870534066	0.041869528623831975	0.2932597975769549	4.032189547059599	2.4432538527281684	0.0	0.0	0.1614632531870529	0.00358504100297824	0.051287194197979946	0.528433269817348	0.22055432006381862	0.0015321563588467368	0.04783388361907859	0.21525503299416338	0.5714125738635953	nan	nan	0.010226329147263638	988.7827440901859	1153	2.905792894159565e-08
-0.03390898526595043	0.6505967176242793	4.769048936534119	0.7760491895965841	0.047227285552021936	0.40810036081473994	3.616383159145105	0.48118380482530393	0.0	0.0	0.14196749545787635	0.0024180065342951362	0.05322234851268948	0.3859520421715241	0.6279492537258611	0.0018950699501751878	0.047488903732824994	0.26798363043173845	0.38791666208940956	nan	nan	0.009931954793128722	980.5588573004773	1153	8.249679102251964e-05
-0.042891861534499864	0.672468114227232	3.395082475255316	-0.6333182748499432	0.054740408601614554	0.453796705709856	2.901157508507156	-0.47025683629301623	0.0	0.0	0.16800885136984242	0.003521950932911022	0.05023354248260031	0.5283277081211919	0.436366889282015	0.0026583521835366053	0.04587147190214183	0.35982646765282134	0.3200299081103607	nan	nan	0.01027773332676156	959.327687229829	1153	0.00015205107186797896
-0.042099301410024714	0.6437513824911614	3.370941139390399	-0.6114391059932845	0.055415124127969895	0.4162246627314119	2.723570238593192	-0.5941523001591038	0.0	0.0	0.16321785355053303	0.01649235730465798	0.053636595566013856	2.238582031436162	2.200131237041442	0.010859762080218216	0.05011328703342233	1.399639944799271	1.352880385447245	nan	nan	0.010546808988704914	876.9939515354497	1153	3.413744738017118e-05
-0.04581311315078407	0.6873808893024236	3.2692478251021173	-1.0434524092807778	0.04486982146676266	0.4098680291403265	4.230762035349112	1.4586615632877271	0.0	0.0	0.158111247092523	0.003576255338642531	0.05092202051557704	0.5835454853616522	0.35641799158097986	0.0018254688043707334	0.05005913855448055	0.24322374513379996	0.4896876576844901	nan	nan	0.010184059236575269	955.3574125598636	1153	4.6726566182031415e-06
-0.035064727560598974	0.6881267454409404	5.022090262267617	0.7963290175276017	0.04921646794103007	0.47138441558080424	4.013018525177229	0.5130864428477864	0.0	0.0	0.15578462642795482	0.0024890275776383586	0.053248067678055455	0.38692548938179483	0.625671825006191	0.002015964618860999	0.047930755663960795	0.27102067353888204	0.3860936271762093	nan	nan	0.010027450120819958	936.1499016292311	1153	5.809241599822085e-06
-0.037836108771696075	0.681495625183309	4.332543947276175	0.14203299533033498	0.051694625448344134	0.3842863924265626	3.1073348502261835	-0.07509944385724615	0.0	0.0	0.15385219017849205	0.002827415506711728	0.05192891145848599	0.4355306917509165	0.5481715079008137	0.0021047701445586764	0.04498977202089721	0.302368695570461	0.34249059648518043	nan	nan	0.01000173657002619	965.4048752713169	1153	3.492818442223359e-05
-0.041341903832858184	0.6485600734468648	3.616006583528473	-0.5723024410630437	0.050752679723336414	0.4169853065246884	3.315330653286929	-0.023845036047484853	0.0	0.0	0.1412152086281397	0.0029661490050455486	0.0481535051087138	0.4941022995849731	0.41976383372182463	0.0021502224319659424	0.04602697089826027	0.30547484456985896	0.3552093093529561	nan	nan	0.009731668572749305	864.3715545225734	1153	2.9268396671723502e-05
-0.04271414736902368	0.6243026144276398	3.340770599454829	-0.6110994936917463	0.03692212548428486	0.18601162048641312	4.211263544108037	5.392517692581868	0.0	0.0	0.17417985535841585	0.004996346734217616	0.04974723367663442	0.7573757867340554	0.6669943496780323	0.0023665612271788206	0.08589037972652028	0.22741607150027843	1.8591632922505175	nan	nan	0.010619474726097589	932.6582444636858	1153	0.0010901656108122059
-0.047317445504397426	0.6599923204743503	2.865320658443885	-1.0791254410893742	0.04171130432853554	0.290585725717235	3.967610980983281	2.5763874829580944	0.0	0.0	0.16051311716183503	0.018271404858546614	0.10512858424076738	2.4974849077901355	1.6766902483675503	0.01238524373410732	0.2622772127099324	0.6923733074327312	5.218704801324851	nan	nan	0.010496694090540715	957.081735719212	1153	9.637081025483827e-05
-0.025865569331771088	0.5525728298050228	5.4553224907903255	4.16076810017367	0.05495995486705807	0.41744948642546525	2.810136925892932	-0.6020010105026499	0.0	0.0	0.1581893545832137	0.007920281339371449	0.1613196599215702	0.5057443205263157	4.454414176619518	0.010405595807151724	0.05277471023843511	1.3971726808253824	1.3406200385015712	nan	nan	0.010723896004284028	913.9717416054068	1153	3.871191806392053e-05
-0.04093463029678546	0.611344325075426	3.334250020215046	-0.6001802706549034	0.05416411142248179	0.3432979698736238	2.41437122088005	-0.5501881540893436	0.0	0.0	0.15466986883197537	0.011995962765071033	0.0528024956820472	1.7625898883945736	1.7104502980573868	0.014862413418068265	0.04808021496999779	1.9723456616068158	2.041143292981144	nan	nan	0.010536373290749634	914.8553677694737	1153	9.937170226019529e-05
-0.03436018307907074	0.6367625886700196	4.579731946794853	0.8751935818203854	0.053324231326129956	0.4094698132044455	3.0287178329431264	-0.31505881448892586	0.0	0.0	0.15763480373804234	0.002454953912987168	0.05298904315290098	0.3704952797606751	0.6271141919198313	0.002244913600501719	0.04502782649151696	0.32588523746309894	0.3190860090851291	nan	nan	0.01009918942832852	910.7724835397404	1153	0.00019369906740495418
-0.04023153896461529	0.6799698191196659	4.010003492116754	-0.20262977573044705	0.037651602031585574	0.31736536605286964	4.69770942167065	4.305184879881041	0.0	0.0	0.17210456508217042	0.004117887625214478	0.050592204280183406	0.4624480642457647	0.6789343170761393	0.0021652411610758593	0.056530848592115546	0.22543578103063	1.195025127327796	nan	nan	0.010043882325728809	873.3368674817493	1153	0.00013427279237586027
-0.04064633298989284	0.5830020166948379	3.1064699338544175	-0.5632782129896876	0.04362023273119964	0.2712659839013912	3.6233429669538753	1.744390589958794	0.0	0.0	0.15652129907165133	0.017057589837019604	0.05494479296194249	2.348966911676554	2.4161922383949066	0.009564822248407712	0.19290431149313225	0.7668996614569936	3.5775534899801054	nan	nan	0.01062883668498818	914.4979845355715	1153	5.768200286655694e-05
-0.029166338802809277	0.5883272285463521	5.197653003704616	2.6988649893859944	0.056013501530652654	0.42284523394218565	2.8029476217767204	-0.6024417072543031	0.0	0.0	0.16355807404203604	0.006977503396082996	0.11791876784737221	0.5816141441943055	2.9066782730868135	0.007660306434716158	0.05164235593540692	1.0129032466933952	0.95009880216023	nan	nan	0.010684033788284461	905.8012691951341	1153	5.486026642259254e-06
-0.04219602802385769	0.6887890242171125	3.893027826313844	-0.5767653128691831	0.055142402708029614	0.4177314900371798	2.82205794668859	-0.6256736938252452	0.0	0.0	0.15577837078040718	0.01185991193877195	0.05423264200067118	1.7298508756134445	1.702143958805945	0.012989393994387477	0.05122277549901735	1.7530083509090475	1.6731131199285774	nan	nan	0.010502039093670798	897.3034595945355	1153	8.205989944224498e-05
-0.04253513562007649	0.6398966466601996	3.4857309521429136	-0.6125806170819201	0.04105520064864043	0.259346695577636	4.270152450989227	3.255800747428026	0.0	0.0	0.16044564074938167	0.006792283972070212	0.05544147978911579	1.007948965779896	0.9226784609437657	0.006897501291406982	0.18216943272814606	0.3933378696953653	3.650793727357696	nan	nan	0.010476531075844897	931.7532296328699	1153	7.613123522023121e-05
-0.03168173167423127	0.6377328288058852	5.071172788175124	1.4806985821606278	0.048092091378457935	0.39599618618967847	3.4497120403416015	0.3947389014028444	0.0	0.0	0.1513535520966558	0.0022731305840467675	0.055825736576305296	0.35478789760268903	0.7211655821868804	0.0019163885279341875	0.046870366807996194	0.2695661449809976	0.37560468621362203	nan	nan	0.010119447329398651	922.745614450578	1153	4.7700552236121754e-05
-0.041874318325965776	0.6302172963988903	3.3243479378235774	-0.6762174566372143	0.054949364089323716	0.3808236055067047	2.6527321367324963	-0.6246175094320033	0.0	0.0	0.15397480702674446	0.0033954383711657377	0.049434087554675155	0.5486805703517963	0.4446883596367279	0.0024467707403231787	0.04501257578613099	0.3796402272952166	0.30852435511129017	nan	nan	0.010087609904470093	873.4234673556781	1153	9.516881726583182e-06
-0.04232657522698491	0.6719506340965202	3.827022584063877	-0.5941161295367292	0.054761225244249534	0.38904331209447207	2.7263140111161976	-0.4965146777839078	0.0	0.0	0.16481376966140793	0.003156331449950811	0.04967189619279516	0.5273431553925076	0.4436452712100708	0.0024368848135145615	0.0445604911789122	0.3558198178424381	0.3150034971635784	nan	nan	0.010277594621355607	909.5952875982566	1153	7.460702188757147e-07
-0.021506138238237327	0.4871630955852808	5.776354403253558	7.617960177714271	0.061925842363944605	0.4246912808056593	1.9817884782077582	-1.1882752791679678	0.0	0.0	0.16059018346622123	0.010265500624179857	0.2692270973421706	0.32962595616187507	9.52451391599168	0.014440251387565772	0.11194781154142339	1.9004062933878008	1.0519185933793822	nan	nan	0.010577214527366569	916.8506499167686	1153	0.00013081364858883484
-0.04940327198142169	0.6501616456972855	2.6420776529163463	-1.2589263321895339	0.04068698859084008	0.25752280678758543	3.952754730696897	3.0379334161088463	0.0	0.0	0.1689945268947371	0.00947739295755795	0.0838054851139603	1.3778627069347233	0.7120272323972158	0.009640720502228195	0.2328237157603979	0.5154082542446685	4.719278119191917	nan	nan	0.010693956353845957	801.0757504893606	1153	4.6055898012383695e-07
-0.02308273208852385	0.4295163046634988	4.760864418491638	5.097731306797668	0.05417053404395844	0.34853312712602025	2.270052207191549	-0.6569725364713478	0.0	0.0	0.14201112342456412	0.008130577073419298	0.19547427566678122	0.434986292829846	5.812834867908943	0.014100490850138092	0.052601935461283694	1.8941669440830604	1.7809952822382644	nan	nan	0.010277306422205534	953.8692823563867	1153	4.817268547136282e-05
-0.029713944989283037	0.5939758024247099	5.0406518485981335	2.1517377062108305	0.04126776898078299	0.3197267965557694	3.992398403915473	2.215807502876045	0.0	0.0	0.14492786516791142	0.0020285021218833243	0.05468710660311543	0.31109227499896397	0.7609741209142279	0.0014507076733355495	0.04660149640869132	0.20910472977351735	0.5057068291167005	nan	nan	0.009975165205498238	911.6853810581335	1153	2.242198641913669e-05
-0.028669578408576646	0.5972801702721819	5.149615516237263	3.1261491784154867	0.043047469177255104	0.3965370697033995	4.294257947728212	2.2004637094544224	0.0	0.0	0.17875391640365978	0.0019584762770220587	0.055610126636895574	0.2823719085638725	0.8374514100925817	0.0016272875375059614	0.047985789916912824	0.21694510158708136	0.49724578349831283	nan	nan	0.01023819045028089	1015.8414957387553	1153	9.455126045830828e-06
-0.028714027520901908	0.5480050014125147	4.825632777855783	2.836245477142646	0.05066563972514282	0.3592664810344003	3.1204704239557723	0.2599564162358877	0.0	0.0	0.1683144637488876	0.0019659695768682317	0.05527184853026776	0.2885258986103363	0.8282733582577263	0.0019442804982261475	0.04439732474029792	0.26491393334381774	0.3541433480175285	nan	nan	0.010113589801049552	938.2141132340263	1153	5.612271376509542e-05
-0.040528170858159296	0.6286526823178882	3.3541333566102036	-0.6145833969482477	0.04692636715178011	0.3588518278842887	3.4055769415008488	0.6713095208328019	0.0	0.0	0.15568736785706688	0.011283617797825662	0.05747035291430791	1.666050708060149	1.5875811642853102	0.012020416765194164	0.1447932689604915	1.1176572172177983	2.7986364558596706	nan	nan	0.010690057450382012	877.5497028817299	1153	4.480730242312365e-05
-0.03085752327148361	0.5919272760339152	4.7994809856859435	2.027401890643763	0.05570593450491845	0.40882601576998623	2.682757355544317	-0.5860729803759093	0.0	0.0	0.1636525371741166	0.008136292370244935	0.11739531894572733	0.7226374872046373	2.8606405874541676	0.012784409730020041	0.0513585940182448	1.620285905518015	1.5928336025949639	nan	nan	0.010565284625294685	919.1435866715785	1153	0.00014065034935690764
-0.04300768524243581	0.6423333375154421	3.4099229032670353	-0.5911065993721252	0.04902833523189476	0.34219528144610484	3.3794593623563767	0.6742614606799638	0.0	0.0	0.16291954946675538	0.012342696021664101	0.053697394645717655	1.6810904113719014	1.63664931125251	0.01075488317077733	0.129078682787063	0.9976695887117077	2.4827595782871414	nan	nan	0.01032299950061076	879.2137700369215	1153	3.842117899849293e-05
-0.027368757512612807	0.5285748786449069	4.946103533950548	3.5069251127770267	0.037160104082458734	0.1697371178357273	4.196831251607897	5.504288204835995	0.0	0.0	0.1646501377788237	0.008056629508590651	0.1552262465417874	0.5298063229478731	3.852706551789636	0.0019809909703921713	0.06995443662611595	0.2189580035969534	1.5871419804546476	nan	nan	0.010231044755132784	899.5999973425584	1153	0.001309770190662921
-0.03445404330364665	0.6111761190537208	4.356334083599319	0.8460216535879468	0.044036557711003343	0.3313976083316323	3.7963503800380396	1.612898466646336	0.0	0.0	0.16180215549071092	0.020911783897297753	0.22060484698831176	2.0512170932333174	5.346857570400945	0.02405235157776686	0.3750801293588547	1.7149034511217238	7.580541141364186	nan	nan	0.01074009148887109	880.6357595819657	1153	0.00014052817978096893
-0.04217288848378209	0.6204842529856238	3.399751223060963	-0.585782229923206	0.052032927024806996	0.31477035330518205	2.5364675840551243	-0.22817045319493992	0.0	0.0	0.15981200531701364	0.0030059936440145485	0.047591029908193305	0.48720884217739946	0.4085915733183653	0.002141318477523857	0.043802128710752175	0.31674277035454534	0.3384828363379652	nan	nan	0.010125779691867884	980.3114197095689	1153	5.603400642224026e-05
-0.03590918823290745	0.6527588424947641	4.335824786239337	0.6088846358779527	0.05217696794522575	0.41455266429297055	3.094728231521721	-0.14696620319168374	0.0	0.0	0.161853088751053	0.0025612082701589878	0.05172756330496847	0.3703332859743731	0.5717776545781643	0.002235598877855516	0.04561726960152104	0.31083370933886223	0.33484817110141335	nan	nan	0.010081738237812471	891.2677104155971	1153	0.00012427797519243855
-0.016512868386512447	0.3985468882433444	6.1802863397254875	13.932709528566855	0.0542658637648632	0.4853117136811404	3.3418101607923543	-0.38264512422374924	0.0	0.0	0.14901148738715309	0.006027644466842119	0.18723481743988646	0.30237853820395744	10.813159643679423	0.0018796056521560578	0.04620691854662509	0.35372869800447626	0.26883570679725893	nan	nan	0.009383762898129908	988.9980388724128	1153	0.0005820311618125875
-0.041141409290674114	0.6239506459950613	3.3540452124887272	-0.5646052640199992	0.054496636115250796	0.37960630478183877	2.5431033096487434	-0.6286908451991597	0.0	0.0	0.1551129184291304	0.0032262680906459673	0.04880519975376735	0.5150039429721858	0.44599939071399497	0.002491971437987184	0.045113653397565484	0.3794808900356448	0.30612577153259224	nan	nan	0.010098803679133989	893.6867703071331	1153	5.367015827733251e-06
-0.0405141536091842	0.5953316549092965	3.2399876018492146	-0.5637526063134799	0.04868760015236462	0.374947266228675	3.429482515208374	0.4675658187887479	0.0	0.0	0.15447170640529534	0.0030372326835801933	0.047292246853099185	0.497981039941344	0.43029714162787114	0.001968369829539296	0.04697781979961113	0.27165758229301895	0.40159838931253616	nan	nan	0.01000489882743777	930.2057670303237	1153	3.529411921912489e-06
