Nu	Nd	a	b	c	kt2	Nu_err	Nd_err	a_err	b_err	c_err	kt2_err	chi2	ndof	edm
0.26937822822683116	-0.3077481412016704	0.9349452060408925	2.9683428593602095	0.6998633580647718	0.24220712560444954	0.03720033460731942	0.04249298082900578	0.022566754580469136	0.04650000870354786	0.31063716374378286	0.002827960087250908	900.9255739065297	1068	0.0009218148337137963
0.4038022030067729	-0.4499798932399953	1.0000868883475567	2.99587149472411	0.0022387699768762347	0.25318782338923074	0.00874063884567032	0.009464784738348877	0.012157413271851308	0.044917995765433656	0.032504950538472896	0.0028234601991195345	903.3920407221756	1068	4.0682492506081586e-05
0.39694012777028637	-0.45110341632336515	0.9986399518103616	2.9897665964648827	0.00019988549453643894	0.24957043827738978	0.008587171384576448	0.009470430878074355	0.012189292896311746	0.04501679867345027	0.032406118764426395	0.0027972203588877537	944.8680557420826	1068	5.701648525947006e-07
0.668261005805385	-0.7496254282058066	1.0965043579484433	2.9053642135520255	-0.6188314098372295	0.2486498062609587	0.07833083263064682	0.08761161689585346	0.02706998180514688	0.06038375419384066	0.1076023874577666	0.0028275765481215495	938.2182744056984	1068	0.006899224797720228
0.403535913133141	-0.45002732762295544	1.0157471225013985	3.079010379271908	0.0030350246695710244	0.2532210310842193	0.008758447831438077	0.009491453474491025	0.012221146870415861	0.04524392897860064	0.03266996907726225	0.0028118803354434656	841.1006137145088	1068	2.789621383452926e-05
0.3986157109465572	-0.44911005011615784	0.9979804498722125	2.9839380387169903	-0.0026543265579253477	0.24845559537604406	0.008636199483442398	0.00944717824679981	0.012200367599416452	0.04502978965719662	0.03240232476018478	0.002792812410553104	914.7480488690383	1068	1.1212934413368486e-05
0.5931653585811296	-0.6655186761418097	1.0758590959628953	2.9773640328403688	-0.5015388662538351	0.2512853617944319	0.10258192548605854	0.11587559495606685	0.03758549501014229	0.06371342694845726	0.18170324635257598	0.0027718703715606144	854.5093035987011	1068	0.0009120128188401162
0.3992966138296211	-0.4519354911779425	0.994754274187916	2.9925368438769637	0.0031147730018613842	0.25221369380701564	0.00863002357536665	0.00948295045553417	0.012111656946144104	0.0448001008151555	0.03247054439774294	0.0028032865078075624	863.4558647450002	1068	3.2203102508075778e-06
0.27768964639635313	-0.3091664552012653	0.9659895447677193	3.1129737621847813	0.7137944601603488	0.2499702956974241	0.03878391342899556	0.04428857767043156	0.023617201396711036	0.04655001913503953	0.32406179175963556	0.0028059771861158275	980.6426566583528	1068	0.0005261790125888584
0.4027503125291082	-0.4479506053042966	0.9992757006309794	2.9976066298006407	-0.0023130623602708156	0.24869681758825435	0.008718552020044502	0.009422347496647901	0.012153995174933586	0.04484851981375286	0.032421037332282174	0.002783122633471525	966.3010549778278	1068	4.321317653023009e-05
0.39954563795202563	-0.44904719467860044	0.998879692410694	3.00008657161401	-0.002134196183047825	0.24887958982782857	0.00865937428408493	0.009450683924272214	0.012191319595497428	0.04503977513461207	0.03244962774176326	0.0027939681739272268	820.2182350169312	1068	0.00011665849917650251
0.39890712045522697	-0.4508772183502332	0.9900463611816274	2.9563596809785984	0.00040761795704802	0.2506588248507391	0.008621699158331978	0.009459514256446937	0.012136957322371446	0.04483900504436297	0.032376451877910224	0.0027950492444106818	955.6509990850342	1068	4.0556937756707176e-05
0.40162795359353637	-0.45155783506424907	1.0145595295037415	3.045078842674116	0.0048051971380117	0.2511547153423244	0.008664613086716828	0.009459449212029519	0.01220036407254845	0.045079132014185314	0.03244135882330429	0.0027874365182022653	979.2288056914681	1068	0.00015493153171056818
0.6806508294394066	-0.7699041714901822	1.09643723275893	2.8783593181587617	-0.6319886316095615	0.25457482353437805	0.07589748143157976	0.08663338174181123	0.02323794688376398	0.06841069939178339	0.10212465567747238	0.0028173475136533403	887.5195798138336	1068	0.010195484913811932
0.3948453976217788	-0.4512190405629691	1.0007768806171142	3.018714140847416	-0.0006127930532854653	0.2462270507171319	0.008523779905636594	0.009449877331647776	0.012191278215381827	0.04512329884004586	0.03235047782659689	0.0027656907336784608	977.3149561953363	1068	6.1334036683668565e-06
0.39877454270887175	-0.4527941643710345	0.9961150833904706	2.9988778962665417	0.004461540037992152	0.2544460620287069	0.008635898015662202	0.009517648301766678	0.012117653700362408	0.0447952028950462	0.0325607152169356	0.0028143105820518594	915.4760444490942	1068	2.014741336503862e-05
0.4004680528678894	-0.4491396691684119	1.0091476979495508	3.0399005755709094	-0.0007617986807406801	0.24782483068481115	0.008662222619278322	0.00943568475737103	0.01218237337045636	0.044987509716066	0.03243336206471087	0.0027754621516695743	879.9270180768833	1068	0.00014965831272545542
0.2923004040073749	-0.3257300915778281	0.9580377592935891	3.0578085059402285	0.5941659120326674	0.2504297511134128	0.06288469451924812	0.06956501787458212	0.03321645137610021	0.044825635748789505	0.46061629338647575	0.0027992806257517437	983.0093290781184	1068	0.0004418612502722254
0.3988203404874677	-0.4509541098335986	0.9962230665761482	2.9537054198459156	0.0009186153731431185	0.25099911057934504	0.008620471015717269	0.009462312859382642	0.012142610700015162	0.044727911394194124	0.03235338952305083	0.0028058220205483034	996.8586586766064	1068	3.1794411632280596e-05
0.6436383781100381	-0.7283483340119703	1.0972558860363584	2.91763809384658	-0.5894895361733333	0.24807005210409583	0.047458496005656416	0.054081627506488296	0.022094713277221442	0.0488318223292541	0.06793498069882029	0.0027017955626728687	915.0478032270872	1068	0.010108382252153988
0.4008760225892322	-0.4508698482590872	0.9994568180912152	2.9971348569572376	0.002164011966066034	0.2523692246744492	0.0086770542732206	0.009476317151255804	0.012167444841681235	0.04497492927914464	0.03248926429474238	0.0028071453056727775	877.4998058174174	1068	1.5045266001814953e-05
0.397461426574799	-0.4511104583328921	1.0144001022380114	3.041902171924899	0.0014819417131906195	0.25083067085649785	0.008619618539473137	0.009496830033097817	0.012248013892697437	0.04519713309935559	0.0325270269277078	0.002800770249132038	933.1465466813871	1068	2.2867636992449354e-05
0.4001939948880529	-0.45008415293511145	1.0012075739704225	3.022949882037742	0.00023553391458051317	0.25272608525985246	0.00869941850617268	0.009501197141838414	0.012213209463765595	0.04523899558020002	0.032626576504374526	0.0028195319664113716	1002.7072328410383	1068	9.734387703510049e-05
0.2947510187411711	-0.33316117154095537	0.9658595807539714	3.0505530172779562	0.5601766848630684	0.2512406341723869	0.06991587969805071	0.07903304092271009	0.0368356053193589	0.04525631293465892	0.5017615044433656	0.0028101070284197102	856.3350581026243	1068	0.00032744185643001635
0.4007088284159212	-0.4461320992324331	0.9933764430907555	2.9749704571672857	-0.007604657812628072	0.24296899896262975	0.00865789602848491	0.009365182758798203	0.01215623750585067	0.04490084346262223	0.03224053022764761	0.002741840826768106	936.5745188856616	1068	0.00014439863570718197
0.69732814170303	-0.7849756042258017	1.0987942240795177	2.871038814766541	-0.6571822448696248	0.2506586792645823	0.08342039142966243	0.09272997763635556	0.0283870350107974	0.06142368005847883	0.10473981961637724	0.002834604996343674	998.5634004087733	1068	0.003774076010174451
0.6321934294593509	-0.7080572184933456	1.0768845128858706	2.8966810055403633	-0.5656693260660112	0.24903609780532424	0.13736637825741013	0.15335566822395022	0.04605812830090466	0.07687331239518326	0.2153533130918959	0.002708799627286922	876.0954256632438	1068	0.004483950323977453
0.29144571239014355	-0.3274915631191736	0.9317976728047294	2.9431593390181834	0.5688092954773328	0.24558391424581247	0.05993912853795377	0.06697669972132098	0.034082385328517435	0.04470886352830861	0.43694600663675554	0.0026890018640590755	974.5883485098072	1068	0.00025112304053401805
0.3961367123865793	-0.4494015910154082	0.9780775003251989	2.905910743269521	-0.00479172058389763	0.24711421390808558	0.008564650436952021	0.009429977010268578	0.012099567359322994	0.044627492018679854	0.03224901497819678	0.0027731443263516458	899.5256166315564	1068	1.4979576840929484e-05
0.4020608313661319	-0.44866057603658416	1.0113607180120507	3.036042875865379	-0.0005740494004731826	0.24816520764072325	0.008695173294683813	0.0094257281318808	0.012219218211962306	0.045075991067289586	0.03241977995912679	0.002788643822086268	947.3154917664308	1068	0.00015570058283973225
0.2751457453978594	-0.3075381312054886	0.932629726142763	2.9595620231651196	0.700318916153969	0.24366739241621418	0.03650958779750175	0.04189116256929322	0.022414722678865212	0.044554562897379565	0.30501851433082544	0.002762478520446295	869.4346026305086	1068	0.0002912790394943427
0.3988413746527697	-0.45162718972180343	0.9936924802438307	2.990329898952603	0.0020653539123471768	0.25276438131110013	0.00863982750936936	0.009497384558293982	0.012147242346895903	0.04493651777960941	0.032523685502386636	0.0028130167566518187	955.4707926828403	1068	6.442887156629341e-07
0.4040562160973316	-0.44947941127008967	0.9981119923069782	2.9903278178349457	0.0018601491448454522	0.2525669996075249	0.008743561063818224	0.00945169896037843	0.012114692606326293	0.044709621638587674	0.03248853973658159	0.0028083065149546154	915.6675642978123	1068	5.79566091360828e-05
0.3985021902079178	-0.4495259975920776	0.9927392307593064	2.9831553218118634	-0.0022748803547102733	0.24746389568454819	0.008613429643799209	0.00943408015802367	0.012148665097483595	0.04490391241832556	0.03235975419468028	0.0027803774420621977	864.966718095388	1068	1.3932993615297497e-05
0.3968628221859658	-0.45124736565913875	0.995278394877054	2.9623455670961945	0.00023735172179785468	0.2505153252117824	0.008587894334428983	0.009476423564397988	0.012158221006360756	0.04482954370583441	0.0323865099651806	0.002805128507479349	866.340778731795	1068	2.3749283269131376e-05
0.39840095160392586	-0.44926064085769885	0.9930048160859861	2.9537966755341882	-0.0028058386946371795	0.24737356521784035	0.008607847377134931	0.009425178080437177	0.012154341543058035	0.04479659326889314	0.03228588479199655	0.002787110096464982	967.5344657457639	1068	2.242264077875681e-06
0.4015558688302123	-0.45036262954042106	1.0111316294576616	3.0444498681450467	0.0022130917982649476	0.2504224485388035	0.008682629732150969	0.009458107867815417	0.012185512192754723	0.04504736879315364	0.032482999745563255	0.0027939608633050826	985.2932794936271	1068	0.00010490516313586235
0.4011685082646764	-0.45008705265633786	1.001255832695036	2.9916765803534933	0.0009767581289417322	0.2500000197718531	0.008663903085291837	0.009440765782144568	0.012157655045360375	0.04487172216753599	0.032379100570268146	0.0027919185403203154	900.2040322955828	1068	2.3145013714645372e-05
0.2863649062413858	-0.3183197994861377	0.9470285611042552	3.0404006107639256	0.6216947104965201	0.24712097506244812	0.0478225615197222	0.052090107660636056	0.027514388491080104	0.04609638502914126	0.3580927634015159	0.0027494345664884783	925.141128568754	1068	0.0006530458212696418
0.6272651435407671	-0.7028361126775763	1.068898659922921	2.8525404450914564	-0.5629842301810926	0.24582896073374153	0.06721604714448311	0.07440542136034044	0.025159708602197184	0.05376783794899601	0.10368862914612742	0.002797765910054713	970.8606978856777	1068	0.005607002027185344
0.4034235475350556	-0.4506483086973849	1.008895109727203	3.042451751317837	0.0038610873497529462	0.25318986529571696	0.008732701730488531	0.009477947798757332	0.012161163988669337	0.0449401396171365	0.03257000798871494	0.002811808874064428	915.877584961554	1068	2.6209210059494596e-06
0.8224447759421146	-0.930103401666614	1.1496943788639056	2.8368262664974115	-0.7869550425506797	0.2513045662878918	0.0739496286979011	0.08384680729100083	0.02277310273627114	0.0650801163003702	0.06964834285019048	0.0027847142860861814	932.4630217314043	1068	0.07980323883419951
0.7487947600652988	-0.8307333982884776	1.1168714124794286	2.8432161844799655	-0.717565221275472	0.24229095378062904	0.06320957032994398	0.07126777351910037	0.022242480356115254	0.05541085211588084	0.06936664499986969	0.0028131122678335956	870.0367015509707	1068	0.01132478362226045
0.27176887645360637	-0.3057882051035303	0.9430150325990496	3.0251051846810544	0.7245032799450527	0.2475506867525222	0.06349350619220338	0.07137559789272305	0.03492715819178794	0.04568068062330348	0.5253287463148784	0.002653478372774914	917.4492981264431	1068	0.0015778939489899425
0.39799445606564426	-0.45307843385034	1.016715060210623	3.087939169241854	0.005742759769083908	0.25420706205565125	0.008638153405850797	0.00954328034106771	0.012233198963239557	0.0452886042477533	0.03269815105443683	0.002821873911372404	922.0439167108307	1068	9.053381324821806e-05
0.3960208031330646	-0.45070948998345794	0.9823811604689179	2.9463564297195655	-0.0021261971771401873	0.24986334787726533	0.008581504147620577	0.009476615160679646	0.012126222407967653	0.044843199511680955	0.03241926902663921	0.002792505150532875	911.9491580633609	1068	3.2408491522297587e-05
0.396156247221224	-0.4498239069789801	0.9872502393836433	2.9808943521186664	-0.0034995665615198644	0.2480898581181753	0.008589876827828616	0.009465406947185536	0.01214399154058887	0.04495950645001131	0.032449643372527454	0.002778612137898465	961.0949917692208	1068	7.812327005861299e-06
0.40196757584962833	-0.4483369968342746	1.0085952857842753	3.0462888350423434	-0.0015820588434933038	0.2488273377815064	0.00871347763751512	0.009442812346667016	0.01219484578011427	0.045104388971615186	0.03251248445063652	0.0027838536722597554	895.9699913431352	1068	1.0646494820911734e-05
0.3988309691176749	-0.44837417787466455	0.9950244309882958	2.9625825179940883	-0.004225969829799794	0.2466760532726784	0.008627873094449207	0.009417872011443004	0.012173071118709002	0.04489645161967919	0.03230252327744994	0.002780786571935659	1002.3798893757111	1068	0.00010324107548166619
0.4033111900625611	-0.4504110077152299	1.017871710510367	3.0570375478858893	0.003850118090676934	0.2533956573583543	0.0087430065421205	0.009484736611391495	0.012255896930775322	0.04528808478643565	0.03259016887981981	0.002819197617851643	901.8180863660853	1068	1.2804019552699108e-05
0.4010707340005835	-0.45183793563835717	1.0057884652520581	2.980854019511828	0.004578550321709408	0.2521944782989213	0.008646847654364069	0.009458606033825713	0.01217372713993121	0.04485057203829925	0.032349423300906066	0.0028056984456931015	925.749023200709	1068	5.5367688155784344e-05
0.2681467492434613	-0.300409632244701	0.9527212304229171	3.069702515580586	0.793055735047152	0.2514947881860596	0.05178907185140384	0.05804770211012448	0.028875416321423368	0.04491919589271224	0.45042075032489637	0.0027740172892035267	898.3365580788374	1068	0.0016156897460228932
0.398668034585351	-0.45054513933355594	1.0060557220254835	3.0423724032514174	0.0005423583409778282	0.25171227601699053	0.008661941639936768	0.009503886518170792	0.01222897263218518	0.04527709550237156	0.032616250303477284	0.0028090564105961576	905.2455991921373	1068	6.087619011971756e-05
0.6656672994988705	-0.751470699243506	1.0818892717840818	2.8484689703782635	-0.6170101196364437	0.2513840759660073	0.07393715637480001	0.08289391697348988	0.029262235330202536	0.046884631875122436	0.10222027947091723	0.0027471482934452165	1006.2798628885629	1068	0.001753303304124649
0.3987014466263006	-0.45064087558255445	0.9959890747585171	2.987894610363477	0.00024620887394302064	0.24917255036066835	0.008612708828197419	0.009450152467730755	0.01213962848036225	0.04483046000223664	0.03237991379021244	0.0027846482860470444	951.2862840195372	1068	1.861673620759848e-05
0.4000651811472227	-0.45042523542214163	0.9902458243787639	2.948755924348717	0.00027323566488122065	0.24929125565654828	0.008624571366109475	0.009428965212656012	0.012099342665260993	0.044631310767158074	0.03228582999220566	0.0027814228386279518	923.9050062248712	1068	4.4138146756422874e-05
0.3995619858300353	-0.45092426812880765	1.0022084272584928	3.0050979788200736	0.0015959658304790596	0.25265725783825704	0.008665132733084063	0.00949478681311035	0.012218534531134638	0.04517755437810558	0.03253645956694711	0.002820626460239693	877.2196079293126	1068	6.720327666314221e-05
0.2755411426403679	-0.3138613373482131	0.9310057342145522	2.947539882435147	0.6980046354486754	0.25278859540607096	0.03616755798822802	0.03995420439541907	0.021042649435490477	0.04463660760856283	0.29085959550009594	0.0028120644058543965	971.9319238077687	1068	0.0004763809918207632
0.3988887503191871	-0.4522039032400654	1.0116233971774304	3.0555095918437005	0.004155864459965827	0.2534136620673997	0.008650653770643285	0.009520556646677272	0.01222478179992642	0.045278782003367775	0.03262209170278869	0.00281617911796159	931.8218627667047	1068	0.00012637992173251963
0.27684199369874973	-0.30673225045529195	0.955183169414838	3.064942322950619	0.7109498904382783	0.24474784079174697	0.03864663482761617	0.04334492335716839	0.021212125994248588	0.04536592085601355	0.3173037837535382	0.0029877089143540174	928.9639515646031	1068	0.009132630444854172
0.3988567518268014	-0.44963538508222173	0.9868817371531936	2.9427091415699205	-0.002253225983493194	0.24823850509718662	0.008614674066868399	0.009429673919870141	0.01211211118979067	0.04471991164353611	0.03229964781395947	0.002782959802275081	984.4810290656471	1068	9.75039871789722e-05
0.2664396239351732	-0.301701917330649	0.9432845286484528	3.0186485292774803	0.7929533795219051	0.25342096119237145	0.0671106869521218	0.07579768371465477	0.0373816310114456	0.04307879772819721	0.5841813564195485	0.0027665694341649223	951.5809410319405	1068	0.0008669503243324978
0.6512865200767279	-0.7291087949805228	1.0875225454787776	2.884280034577031	-0.592332915762882	0.2497340258437308	0.06276856314029806	0.06674468452121658	0.020605650263800724	0.05468328723270093	0.08771866129414217	0.0027477369891059653	902.7348595617286	1068	0.006106550498034896
0.40104239880229203	-0.44853400991737746	0.9947520879638406	2.982650193855482	-0.00256504894158977	0.2502701423909094	0.008701323242550426	0.00945460343628537	0.012167651821810782	0.0449597915274354	0.0324818572718013	0.002804785571141989	886.885381820405	1068	3.0936615083247515e-05
0.3971181595311233	-0.4528236695581175	0.9949980278823152	2.975123504440214	0.0034921591053224703	0.25217815083047057	0.008579853048017743	0.009491783250440065	0.012132416588046098	0.044782352364177276	0.03241799149934005	0.002807049169760641	936.8575855991629	1068	6.780661165898486e-05
0.27502390234275503	-0.3101095532032317	0.9311497041839065	2.9605428466238433	0.6896157730912569	0.24510809836451172	0.05325641256323734	0.060174085362303245	0.029692277146536602	0.046988991952198834	0.43536324799115456	0.0028615308145721633	923.7332139747815	1068	0.001387374727162799
0.4055315102370677	-0.44756981330515905	1.0138115212642234	3.0527029560360264	-0.0005571761258181491	0.2494901591886821	0.008781758216627394	0.009423349892259392	0.012211390512114282	0.04512186677867247	0.03250237355142309	0.0027892299119361597	909.3640596755172	1068	3.98256986980801e-06
0.3985832240203979	-0.45125375645413035	0.9972293499847639	2.99205383616369	0.0014274906487149659	0.25213307501458104	0.008637003438885845	0.009491739384603357	0.012172117641038033	0.04497082030049082	0.03250260530049885	0.002806329879012126	944.9731221786703	1068	0.0001660379489269913
0.40026075738889816	-0.4496229461320706	0.9948159815869817	2.9718123638856913	-0.0009556237447620589	0.25030349365125015	0.008665362240636106	0.009452980042269014	0.012149843197923437	0.04486304842034769	0.03241537725893372	0.002799783322797272	949.5358114588853	1068	0.00012470634904435384
0.3989757035790378	-0.44882213636449225	0.9897392831029878	2.9500488403527427	-0.0035965391935678303	0.2468849950159457	0.0086191461871967	0.009415094178489306	0.012140104718157314	0.04482145749581444	0.03227839292002499	0.0027771358975744787	957.466802182927	1068	0.00012287187778291757
0.3989004402230201	-0.4511049586841765	1.0001716751585612	3.0042341011205056	0.0015587847611779671	0.2507664109697424	0.008628179104757843	0.009472707862989654	0.012170055032267297	0.0449539102243789	0.03245577570784133	0.0028003987014909013	939.2129185464412	1068	8.69501315024619e-05
0.40275510574447654	-0.45132552913315377	1.0079316334660355	3.056109262770663	0.004560176872946085	0.25601886286320735	0.008750391787583713	0.009526897071084074	0.012179407933707889	0.04515034091329569	0.03273105131167	0.0028284174353571576	851.7269894692138	1068	0.00018924776939946843
0.3998052312125711	-0.45116004125305526	0.9985531597114418	2.988790524445746	0.002455986231071108	0.25272552722057595	0.00865658206649725	0.009485056467835632	0.012159932357897108	0.044888694358670087	0.03249411765649316	0.002812386994385009	989.2544481084685	1068	3.615118411317916e-05
0.3980367018781552	-0.44975948930929593	0.9937130015517105	2.961413239978757	-0.0019221326312153354	0.24751341910525432	0.008595825453217494	0.009429210219518433	0.012157993858097238	0.044814984210868325	0.03229195736447334	0.0027821551785521532	871.5493724144184	1068	0.00013694001738194975
0.40222524420885636	-0.4497941165856938	1.0084291832317092	3.0537561426555353	0.0013815997980752837	0.2528797645492681	0.008738698905348464	0.009493480489492086	0.012218758134979761	0.04527293348250868	0.032655735214021375	0.002813409613849205	871.8507793288447	1068	4.512080690669415e-05
0.4005604348041829	-0.44660404650760904	1.010846190697449	3.037364871981529	-0.0056172803875670025	0.2444892398633711	0.008678226701715001	0.009400172886095128	0.012245483600700106	0.04519674597998824	0.03238231674695221	0.0027598176303876227	922.5429745101684	1068	6.358185620022286e-05
0.7060297685318392	-0.7975117016555189	1.0925116726287945	2.7942708896250044	-0.6731997446576534	0.24786626007725188	0.07371259380834458	0.08312786837239677	0.025369187960497922	0.057448682706215407	0.08986516389758321	0.002692618906295073	905.8975516222513	1068	0.005541482709929142
0.27988578033583766	-0.31701867695809444	0.9489478695792543	3.0024049641425363	0.6759718554712203	0.25296713884406813	0.05442677072512379	0.06151479732016311	0.029761641679964375	0.04453123323213143	0.4328554344007351	0.002781714329507736	902.0918142287117	1068	0.001745179678252428
0.40151828342801443	-0.45136003313870005	0.9985627339874799	2.993040509293391	0.0034656690907789544	0.25398769309825436	0.008692984321556711	0.00948915240181374	0.01215581485481164	0.04492379041244297	0.0325219981898425	0.0028248292275994693	940.7319170609512	1068	8.07779137898509e-06
0.2708480752405979	-0.3015298783157429	0.953019017261026	3.050846463932417	0.7701739078334268	0.2508436844568982	0.03625688994691266	0.04035257817760112	0.021920495659958288	0.044794086240875754	0.3113008509141778	0.0028043700328391893	879.288113610808	1068	0.0008800903593745125
0.40330150271665843	-0.4485993405978905	0.9860813570090198	2.9318659438156254	-0.0015771089051539026	0.250776547542654	0.008719584455220175	0.009424935060341009	0.012085226297062305	0.04456838841357774	0.03235290907596812	0.002805194577960242	893.1862872072186	1068	0.00011043676846055251
0.40142448974719186	-0.45391836491580234	1.005736361786077	3.0300851833049047	0.008728968654709469	0.25681831081920203	0.008678995245169345	0.009526816724292687	0.012141859813302522	0.044940692849414376	0.032603715219358675	0.0028232625830994485	958.4364704471514	1068	7.451173217822378e-05
0.3998802249612595	-0.4517850561669457	1.0054859646861265	2.993357152879999	0.0037372050978015984	0.25260747217954205	0.00864419971357793	0.009480994786798008	0.012191639171140621	0.04495356963043056	0.03243582121320623	0.002808994266116948	926.1728846876123	1068	2.070072210841918e-05
0.6511134371220765	-0.727423697681884	1.1003249011472718	2.926512074423903	-0.5966675977600384	0.24491482357862437	0.0869159030013982	0.09675729750282273	0.02948056794511683	0.06520099994770813	0.12575520583760266	0.0026828434832803154	933.7775575163994	1068	0.0046376688757806045
0.39666212426300684	-0.4481523509919747	0.9930668337722015	3.0024326995534696	-0.006133703526753644	0.24443299269871038	0.00859077895670839	0.00942353756019677	0.012171245360493502	0.04504546737357024	0.03237590887599965	0.0027633357491467217	1028.9532009292307	1068	2.175828984231882e-05
0.3991920900285794	-0.44982784706423173	0.9939536887112457	2.973146313584815	-0.0011073031434645053	0.2473419839803268	0.008609749687829394	0.009419784996088454	0.012096022616076467	0.04459318349190525	0.03229049776178601	0.0027670516693590282	958.2252494788935	1068	9.120602048645882e-05
0.40226667041844644	-0.44977958673902513	1.0011221635417489	2.98996402696203	0.0012030744438854628	0.25120060195742344	0.008698781341260444	0.009448749333639074	0.012166572370670144	0.04488339620655582	0.0324299260850079	0.0027971170601300915	923.713044711737	1068	6.026466809948631e-06
0.4007321342819161	-0.448286159123613	0.9840807175043047	2.9283057078271586	-0.0037378009144371145	0.2478150217898123	0.008657555591971507	0.009408023747903988	0.012078183385246364	0.044483561628626746	0.03227808921078377	0.002779334530503357	882.2374340986923	1068	8.873446431010112e-05
0.4043205647222259	-0.4484741390130801	0.997518746111226	2.986630066130163	-0.0004954930296791315	0.24882160021165492	0.00872203998599809	0.009402588052886199	0.012095960641147345	0.04463157505559513	0.032342036852788844	0.002776131087995599	910.4169050587138	1068	7.198821992103676e-05
0.4003776987650926	-0.45260174922291596	0.9985593860670064	2.9919436683066194	0.005234758534971356	0.2549304377188346	0.008661415251621708	0.00950627408606698	0.01216416409103949	0.04494141705047722	0.032525243428284396	0.0028365823703205505	949.3120022790706	1068	6.950939878397428e-05
0.2826830139945917	-0.3160464732778516	0.9464156242118241	3.0081732458685027	0.6560498310237378	0.2477210539240006	0.050219355666030065	0.056322262698377326	0.027298287979680633	0.0464236587389037	0.39414861503221416	0.0028302927143018675	1020.1661965967919	1068	0.0008282316505479749
0.6952871044625858	-0.7837961164172631	1.105307701488595	2.8823921328988664	-0.6551765378550749	0.25172550044873315	0.06231724726919911	0.06989707803440598	0.022178469393369635	0.05616912747840553	0.07911390564592963	0.0028504051879397366	882.109043855904	1068	0.016714122658838027
0.7770900645258897	-0.8737031471063386	1.1416613682116108	2.8758715525175567	-0.743702286607851	0.2503093179273514	0.05470767696102763	0.060393105670609536	0.018885193140190968	0.05516748932309941	0.0550188504580033	0.0027228164117210144	869.3624888672268	1068	0.07256625179705842
0.39921869355774975	-0.44859118186819813	0.984456683310209	2.9183595465017182	-0.004159907456391787	0.24640388603723087	0.008612185994775529	0.009397343550846232	0.012107646839710568	0.04463223057919995	0.03219503648609007	0.002766021756992164	848.9241646326451	1068	4.809728707887268e-05
0.4027115743662795	-0.45049119849341224	1.015278786952245	3.065451434445816	0.003524509683572048	0.25179292306451323	0.008714878632408923	0.009470246301790594	0.012222415759494865	0.04520951105303321	0.03255432557435924	0.002803375679797424	900.4827348587687	1068	3.146233931854299e-05
0.3951693759612475	-0.447801409306332	0.9695853385854021	2.8889440882663235	-0.00913113977412013	0.24391853279795828	0.008547263551497283	0.009401436967242433	0.012077746539368573	0.044590838254425065	0.032192934696997584	0.0027483672831644414	878.9211510307751	1068	9.832389597099622e-05
0.400065440424386	-0.4504196586661724	0.9980700883255051	2.9941800783990278	0.0007015509968018222	0.2508535852442357	0.008657644505906774	0.00946463280248863	0.012162880741287052	0.04494043275674238	0.032452864740041415	0.0027996886928767376	873.3027750689685	1068	6.440291342760145e-07
0.40246664738288	-0.45153447304056893	1.011562305504548	3.063438257516323	0.005162996142850577	0.25466478212512883	0.008725962355313806	0.009509060049801467	0.012202547187357877	0.04517559442074723	0.03266227737149177	0.0028233268025997017	930.0250711991958	1068	3.5962156784271024e-05
0.40053162513603113	-0.44574041708339796	0.9907106176915155	2.9835446756433117	-0.00868566145015932	0.2403473934880523	0.00863284497328978	0.009335189256440026	0.012115305275876847	0.044811258903695986	0.0321705709845852	0.0027262419344978197	978.7731023464041	1068	0.00014014923432583803
0.2807911602202305	-0.31315857476206593	0.9444446649105037	3.019864939138571	0.6744370242501466	0.24973535805691843	0.057163703574387485	0.06380532655317743	0.031052496909612967	0.04606190454112283	0.45280071201666927	0.0028325896215864806	925.4202578797095	1068	0.0005172654623552003
0.40083875964503385	-0.4495912023875996	1.0041386704205746	3.0476151862263547	-9.310890767803663e-05	0.25079516485906017	0.008699726303703342	0.00947732260563234	0.012229473178097675	0.04533937320144366	0.032598877975843654	0.002801719034609728	1014.7994658615509	1068	5.692044855306713e-06
0.4017864867837454	-0.4516610544164256	1.0209493251441049	3.0628642207417514	0.005610864612576835	0.2530295115461318	0.008690198317923965	0.009487743978441118	0.012244131460862872	0.045200423822189535	0.03254209534661729	0.0028048694371389316	1019.0363617742071	1068	1.6944497606670965e-05
0.4009347676328206	-0.4497857626115446	1.0112313856934105	3.037023622660957	0.0008100295159310217	0.24966509270042178	0.00867654192350145	0.0094525143731554	0.012208160830341609	0.04506774423524522	0.03246366446982187	0.0027998898540147225	896.9243313278495	1068	1.7439763803278145e-06
0.4019472681715342	-0.44969435575183336	0.9891003543232544	2.949063818950393	-5.266343393162945e-06	0.24977145388751323	0.00866993793496927	0.009422431822273382	0.012051622144959662	0.044406058324288386	0.03231396378756847	0.0027753903568318115	914.8504106220975	1068	5.63813062786469e-05
0.40012690051809635	-0.44932462003191215	0.9962330240260344	2.9964191568935594	-0.0015941467182851755	0.2482221991691706	0.00865077214091034	0.009434458926105256	0.012147233377329997	0.04494710117039366	0.03239513752803053	0.0027730458312986072	898.9730429059098	1068	0.00019747606587820125
0.3984251360859689	-0.44884850350761546	1.0111050766910337	3.0598316500553335	-0.002519467006553479	0.24860135469181413	0.008662527138938534	0.009474757571775915	0.012236085850849114	0.045238055196927814	0.03257807030502313	0.002793606797345545	1005.1423619904976	1068	0.00013517640963851146
0.3970467286183239	-0.446786141315351	0.9928407325771733	2.9831182115491135	-0.008438576151187895	0.24321441915433456	0.00860623140160909	0.009402051703775772	0.012206487728613026	0.04508249540430717	0.03232142362077988	0.002757652595907259	899.4008498050304	1068	4.471376695574879e-05
0.39907208918816267	-0.4531992394875552	1.0061557336811089	3.0414862306779855	0.005948668243820307	0.2551914487279848	0.008650057190458181	0.009534308594178018	0.012178109649171353	0.045089301410116654	0.032640900848953845	0.00282103472136169	970.3492072326519	1068	1.399155162017318e-05
0.7328752863047782	-0.8264244872824535	1.1158646756103812	2.8363533508415153	-0.7071781876163467	0.2467160657838345	0.04380442674554077	0.04819250143791607	0.016774461357735228	0.05044003125795725	0.048661506085960336	0.0027735710916094174	841.7692708974719	1068	0.023719576703104713
0.4003434351092779	-0.4474634471024798	0.9928276231141064	2.991499087339193	-0.005097997906730803	0.2482620990709843	0.008695542941331857	0.009442559867580256	0.012157651949116765	0.044912410653666024	0.03249019047346199	0.002790363685659073	1003.8900675713517	1068	9.506101884438795e-05
0.3986976740526611	-0.44741991080657983	1.000675514121603	3.0229635760362785	-0.005894974442967751	0.24504343302691733	0.008643761208821744	0.009420435016868648	0.012201164710879347	0.04516462707917921	0.03241778553268284	0.00276523253126636	911.0984158337488	1068	0.00014189423175788948
0.3986866557802878	-0.45147098722803203	1.0048292979543316	2.9931350308186553	0.0023491411668432813	0.2506848754675714	0.008612048363749644	0.009467362991916738	0.012175216498741646	0.044897098388226704	0.03238491690425113	0.0028026385707053485	940.6854419680714	1068	4.1842754186932155e-05
0.3977897062257387	-0.44879856109281907	0.990456880152372	2.9778733049489605	-0.004322769835894807	0.2467101730140729	0.008611685370047266	0.009434392531737505	0.012161393571898327	0.04497737917093554	0.03237457468349342	0.0027731792457940736	926.098003882013	1068	3.60009960619591e-05
0.40575737690902686	-0.44811611431101595	1.0144030244850428	3.0535239819535316	0.0006713813293066541	0.2514969903242942	0.008798192048782977	0.009446074905477435	0.012221209293698531	0.04516615914810239	0.03256583362843517	0.0028007466924991884	899.1636000131175	1068	1.940568863513745e-05
0.4010506760735814	-0.4495250439474799	1.0099857795863902	3.0381243481429148	0.00033740330934354753	0.25001548700320436	0.008688333242317922	0.009458393713353452	0.01223516903757722	0.04521659903725746	0.03250060858150565	0.0027993281257917444	930.5367744288957	1068	2.5703317013692692e-05
0.2688246342098727	-0.3032697270401673	0.93010543360008	2.992929452941044	0.739834189246931	0.24798576259162963	0.055475035623867165	0.06253205109694263	0.030962134688053634	0.04530656083590257	0.47167616079348373	0.0029804636627398136	951.1353714851105	1068	0.0008053305819617935
0.4023081430613402	-0.45014588871759925	0.9951489469013316	2.9547325578458095	0.0015257304313805117	0.2519391014055586	0.008691539845832109	0.009446576413285146	0.01211179400604239	0.044599179636557025	0.032374085910557876	0.0027977432478280277	973.0690918852554	1068	7.974945792302528e-05
0.6548736906102682	-0.7317420677615465	1.086193226769804	2.883239643606045	-0.5987007226531272	0.24991855375222177	0.06376790220568523	0.07108387060933681	0.023458595570080065	0.05433104195234828	0.09171239815220175	0.0027273893994034177	975.270581336065	1068	0.012522597414135432
0.3995599405542233	-0.4497261596913178	0.9990531099297923	3.005463098336607	-0.0008959090897085855	0.24772773599957906	0.008630721042927402	0.009432653303672798	0.012140961668213535	0.0448827458110067	0.03237570409201543	0.0027637798878429164	964.0084569043564	1068	6.923675352724754e-06
0.4020707639679855	-0.44805978395624024	1.0025025661348284	3.043667025391674	-0.0023689319447212976	0.24846711835539126	0.008718489570513455	0.009440736843530586	0.012152508901942772	0.044959845591437335	0.03253524081644362	0.0027790499664190524	891.7125975878146	1068	4.131247492483824e-05
0.6795207501691873	-0.7559531796693609	1.0879409878592243	2.8433443353083367	-0.6309745636105669	0.24853911399046488	0.08075759556702915	0.08996446686914283	0.025840778918480543	0.061851466266707025	0.10818839868588578	0.002791417060825865	927.3517554015823	1068	0.0034182602482265723
0.2675998250654475	-0.30438922140036057	0.9413865247557845	3.0284592957324503	0.7702541632163243	0.2545034916393436	0.053393823912728594	0.060967885537970765	0.030297729699608533	0.045588923647944195	0.4651169665871083	0.0027815944628197197	867.3045674223356	1068	0.0003049863628654614
0.3972542217997177	-0.45215195428236493	1.000687345250586	3.0412219328031287	0.0024869581362442794	0.2520301258408556	0.008614741674948785	0.00951561850386218	0.012183397759252224	0.04517616548706086	0.03260900619788599	0.002797671903978383	981.3041985365486	1068	1.9351447441242624e-05
0.4012193809933351	-0.4505833840204076	1.0093229700192095	3.0425145088178116	0.002460324863393659	0.25092074226045175	0.008679670220319746	0.009466455591048525	0.012179766449113656	0.04501064422576419	0.03250574459752524	0.002797447880340582	927.3836040036808	1068	3.643746015214216e-05
0.4013517539056279	-0.4485308966848143	1.0066008305436978	3.0233298076943735	-0.0016681041205457525	0.2483622933506885	0.008689875205086461	0.009434091122091322	0.012207466769212437	0.04509814659275805	0.03243872753410582	0.002789685598519417	924.0607981459733	1068	6.937034174364263e-06
0.40436624489672673	-0.4512421768041669	1.0079832703337763	3.0526338805534006	0.005460776380067821	0.2556397144894537	0.00876476114475592	0.009504042497921592	0.012154543756628052	0.045012994991140434	0.03267062484305393	0.0028253275690295863	868.0818611475413	1068	1.3596269689707896e-05
0.7593719185531957	-0.8536001534010046	1.1104241259908525	2.779898109038522	-0.7259875646388799	0.2499509113959674	0.0819067574724739	0.09102445959524576	0.026556201762193168	0.060504634472831914	0.08601800877255371	0.0028735367973429927	922.6763372704597	1068	0.010976006069491381
0.39995417977335307	-0.45102985483088764	0.9993829300158011	3.0091401516116383	0.0019339115816417861	0.2518906203687086	0.008659751831129941	0.009481388031656646	0.012153929852524682	0.0449409452841082	0.032511019035818725	0.0028088096790386324	951.7031169644902	1068	3.515403472210465e-06
0.4052472900202505	-0.45042550287126043	1.0066787158047872	3.0288684201795073	0.004381254323771584	0.2545004274093153	0.008771864681928993	0.00947549964546315	0.012156058757203577	0.04494801808789861	0.03257609184265557	0.0028146826043566673	879.6882126513515	1068	5.460251202893005e-06
0.393111196516501	-0.4546902838937426	0.9878185312710277	2.950866700903204	0.0041470168807392575	0.2512692960498486	0.008473388266168808	0.00950091770044154	0.012098379922279212	0.044696018348818006	0.03232990111722771	0.0027940392527806834	874.1884494679146	1068	4.4272851967024014e-05
0.4007444617239495	-0.44979965616385315	0.9999487821607426	3.003965453520731	0.00014329723559575186	0.250738443519927	0.0086798528179929	0.009462191464342906	0.01216450671448213	0.04495261984620941	0.03248389093766793	0.002791756311760635	875.9469816289334	1068	2.4387502177387538e-06
0.3951449832223443	-0.44881706671876903	0.9892697307639672	2.938065111172247	-0.00577833737397431	0.2464032445095262	0.008565729948386672	0.009440743209313198	0.012186861619901984	0.044871948657438286	0.032305045886620955	0.0027834064771870256	933.4793402661998	1068	0.00013773999657168672
0.40229139525269225	-0.4465685782348611	1.0006778351841306	3.021038930489316	-0.005325284745707123	0.24620188542509777	0.008719685428550231	0.00940638283341132	0.012172449788850981	0.045018543466369035	0.03243510779580659	0.002777606347585396	885.1048492304196	1068	0.000103175494356355
0.7091360741025149	-0.7875404697623987	1.1064450011356426	2.874773710816756	-0.6655091514305201	0.24814048752126547	0.0555478652116345	0.06284748170530705	0.020339384275111252	0.052901895565094545	0.06922855940013962	0.0027876967820536173	897.3793636359536	1068	0.00921920319994783
0.3994388893468301	-0.4497515504081418	0.9894428426958165	2.952045007713504	-0.001431102270510306	0.2495165194416019	0.008637989300369752	0.00944280978576269	0.012132271273822944	0.04477450243431744	0.03235612611510778	0.002790477418489008	884.340265314735	1068	4.7548425319942754e-07
0.40233820670678555	-0.4512937001558572	0.9957787074227311	2.980733103349186	0.0036897987588996577	0.25343192606810805	0.008693868289283565	0.00947084804478406	0.01211051271477434	0.0447360322242544	0.03246099220036461	0.002805879629888516	854.62562783436	1068	5.491778798822749e-05
0.39839707658107637	-0.4534823173497623	1.0071041980006832	3.0242114100507496	0.006116567799111837	0.2548225274550858	0.008626113394138775	0.009527732408281338	0.012205745982990393	0.0451618340524186	0.03256885572674604	0.0028186560492680377	889.8847958293023	1068	8.223205581539146e-05
0.39992980870598266	-0.44782245788379355	0.9880031889984736	2.9715060150389303	-0.005057247746569595	0.24675780095712	0.008659010713338062	0.009418226940759358	0.012126506961861329	0.044854295757740144	0.032375078167160815	0.002764480374677497	968.0279614288706	1068	2.5992953047064787e-05
0.4019906510125929	-0.45012684446028617	0.9963907644550305	2.9855824700093665	0.0013635586449648987	0.2513418580577547	0.008688827488479312	0.009450557815547121	0.012126337204794228	0.04476725921399693	0.03243109165441153	0.0027966700464097972	908.9923538215671	1068	0.00017986270147770606
0.3986240386623066	-0.4505423089555568	1.002311231532278	3.0055974279435547	0.00039554022833212865	0.2507699040908698	0.00863922765707164	0.009479306767581927	0.012189173478626142	0.04499324673680255	0.03248682275440656	0.002798841475776992	962.8470126004272	1068	2.3415445166044173e-05
0.7144304336857807	-0.7930198003450883	1.1139251168521629	2.8868822373272156	-0.6714706819864741	0.24967997177503168	0.06734236488677697	0.07528238857944393	0.023098223365775366	0.059831242087410294	0.08179475169853302	0.0027842518464740143	888.9960657034526	1068	0.010710231623606365
0.39832946792479795	-0.4528437184497115	0.9983832446418122	2.991015166992232	0.004467919594899218	0.25469118075105074	0.00863052445346171	0.00952090437082151	0.012179892780705234	0.044993309272651244	0.03254464991928398	0.0028273759563512365	913.3176943440585	1068	7.42919973778196e-05
0.4022675811605312	-0.44895969891745036	1.007003414039675	3.0284878503119654	-0.0001441958450435003	0.2500970528224506	0.008713592073052941	0.009447731007426794	0.012174708790475212	0.044938944017409145	0.03249247359366393	0.0027937546532507585	977.2500742158973	1068	0.00011657038279837543
0.7055289436797044	-0.7926349581224449	1.1152651236860895	2.917166588136395	-0.6696336187303364	0.2491351092816584	0.08479306823942247	0.09477321667309273	0.028132906458055666	0.06497970254949531	0.10275323605572725	0.0027538150437676277	923.732599146671	1068	0.03176888289578115
0.3957063630863481	-0.44981058886870584	1.0059398163663797	3.0167535830357703	-0.0021730180683335364	0.2461795771196581	0.00856230339841611	0.009445050885166525	0.012221087474248648	0.0450858918996438	0.03237054025077698	0.0027771896960058114	915.9911764545423	1068	5.344475243227287e-05
0.3980025884768638	-0.44980665488144184	1.0143963794405935	3.059916574530046	-0.000679426936497864	0.24841918230179116	0.008631647593634639	0.009469496351155116	0.012273657225020865	0.04535224653775561	0.03251220922765698	0.0027962292611876955	852.2349357459677	1068	0.0001576222928319541
0.40522371361031895	-0.4490277892327637	1.0058548763753845	3.014825921456349	0.0016859575338450603	0.25108214163915976	0.008755473130991507	0.009430536653871145	0.012154020814264904	0.044863151565688104	0.03244545966471426	0.0028005335245978396	877.031360038615	1068	7.499974302870159e-06
0.3975607626682193	-0.4527370194854336	0.9971510683787107	2.997360849644613	0.0036645271542463842	0.25355931912228036	0.008610247084971283	0.00951528706250082	0.0121551912457862	0.044940228665002496	0.03253366189321634	0.0028185823506514883	919.2619584859519	1068	4.919791889654031e-06
0.40271352118069964	-0.4495051262806214	1.008222240784612	3.0394564759659533	0.0010545272144823058	0.25231346702436236	0.008740177405655466	0.00947777204702277	0.012208500885259448	0.045195288774395256	0.032594729787387665	0.0028075589013615253	1049.1213592225354	1068	0.00016034781119253605
0.3991493869377039	-0.44936931012790726	0.9777932268455903	2.9308786686510335	-0.003054346334534419	0.24924504609072914	0.008636054525033018	0.009440855947548472	0.012074918593282436	0.04462451065831471	0.032366382078112745	0.0027912229265173944	880.4067591308042	1068	6.3741230010819525e-06
0.3959657624138017	-0.449813667414771	0.9825213528950244	2.942493272080137	-0.003926052158538466	0.2475593381667385	0.008570337610016873	0.009447574910260983	0.01213303661257611	0.04485109088944368	0.03234013427101539	0.0027794522304971847	983.8821951586106	1068	3.867607698215019e-05
0.4006031904823172	-0.4492202880274434	0.9885263775549807	2.9563880455790374	-0.0018060545348145985	0.2507001114512263	0.00868036986320472	0.009454323441605027	0.012121045332696747	0.04473271760906696	0.03243526538068937	0.0028073791015395763	931.0750819327328	1068	1.1045649329836268e-05
0.28267715926934334	-0.3181052378494654	0.9639387582100193	3.07244563075497	0.6792963993150416	0.2537623383660221	0.0366952349070986	0.04116000132090009	0.022480311522321425	0.04649105337920498	0.2906584734015711	0.002937959493499288	866.2266408837469	1068	0.0040861898662391104
0.3982944446688131	-0.4493515584857523	1.0031027001103854	3.020666280300133	-0.002516460618623758	0.24698892822770727	0.0086195220580283	0.009441353382577459	0.012209152918344424	0.04516249838829201	0.032403725333135985	0.0027775166194560076	897.4552248108031	1068	3.240369258274858e-05
0.6652350986778663	-0.7513211166498525	1.086473633491134	2.872970110437408	-0.6128801179381705	0.2550311733755367	0.0860220039882305	0.09546154715103435	0.02909443633830297	0.06332017649410408	0.1184719450269429	0.002814129334742802	937.4499893586649	1068	0.002798372091698683
0.39763592984799206	-0.4502711074018919	1.0011377098030354	2.989937124268492	-0.0007426961439593525	0.2478742251650006	0.008591026510786408	0.009442227848809165	0.012175172599274873	0.044883793798222785	0.03233632438386716	0.0027789055506662204	915.3792971062226	1068	0.0001100489548308668
0.7170959639704746	-0.810319870207302	1.1127289052276144	2.8649906036510084	-0.6808397541549361	0.2512355244177368	0.057410223975856794	0.0650220936166027	0.020577001467640074	0.055071090239946954	0.06879089501342495	0.002786565951552757	943.193991233766	1068	0.03997001665764268
0.7806920190916359	-0.8791358740135774	1.1275560858803388	2.8171637058794032	-0.754514818661113	0.24625481804559682	0.05911474760427219	0.06641448361565326	0.01993114382058351	0.058252608378481056	0.0587129932904283	0.002778706210510996	942.4431887360195	1068	0.032815767011272756
0.4036191154149898	-0.4516854358887171	1.0042159428200836	3.010489692181142	0.005672038600686288	0.25469770063022096	0.008722463779843823	0.009482088626112698	0.01213848152164456	0.044857544051188566	0.03251949641113859	0.002809870398531291	946.682905527191	1068	6.250592340952808e-05
0.7771762068319652	-0.8713370770095185	1.1242949662180561	2.8040486886446487	-0.7446193096619398	0.24780977566342235	0.053318557991155105	0.05811170764059778	0.018349492437205274	0.0537507756203341	0.05283179899681982	0.0027217247955825534	883.2165977110158	1068	0.04437940792561045
0.40145327407040277	-0.4502273202749569	1.008582747474581	3.042709907741126	0.0018220660236370632	0.2522791831138555	0.008708958389299111	0.009486152428391357	0.012205602733771682	0.045136226707245	0.03259027638191413	0.002811671231576448	955.1594654756385	1068	6.130730207292857e-06
0.4034379652609244	-0.4519196634617266	1.0009088627869072	3.001903245585052	0.005812992054174247	0.25460915147275137	0.008711649964517568	0.00947989125942802	0.01210239718533643	0.044713567072223334	0.03249940159292571	0.0028162818877048323	976.1439796749855	1068	7.617766568239517e-05
0.265839390505396	-0.2977662518429806	0.9467059263234802	3.0696056394419244	0.8047503207526107	0.25186252138576365	0.08352240482811593	0.09387760798983329	0.043032931536474826	0.044130226767256565	0.7453414333300472	0.002779375074936188	879.1996520613177	1068	0.0004957820639308484
0.39711220359531285	-0.4497315270307411	0.9977060083298296	2.99198709092844	-0.0024035458561543484	0.24811738288059837	0.008602507531209022	0.009456357093940472	0.012183967784052898	0.04499929802188302	0.03241105505577629	0.002779151734459996	950.066892283526	1068	6.202830242109765e-06
0.4000186218352017	-0.44859200614582073	0.9952129043534906	3.001045896525462	-0.0030943692853767943	0.24788948873349606	0.008664284672676317	0.009436560243680309	0.012154381454234659	0.0449754026824882	0.03243687399731019	0.002774190309161386	943.0302833240877	1068	4.423260898464553e-05
0.39623751301685706	-0.4521484101309474	1.0075936123564575	3.025428835508461	0.002389382682981191	0.2512723916335288	0.008585831037441847	0.00950451283979213	0.012223818097672498	0.04513639529891132	0.03250761562744583	0.002812219812883398	915.5278945419948	1068	5.4640515334547684e-05
0.3998040982973023	-0.4495525853688903	0.9924257217946396	2.9802802241661084	-0.001417057226967254	0.24892853123087824	0.008646780737712209	0.009441517862230416	0.01213426042157381	0.04483104923141547	0.03239767622739925	0.002779855661755896	865.7191010608582	1068	1.5290507727896128e-05
0.40183036347233575	-0.4495460804721761	1.0123100214452327	3.055211305076892	0.0009475668390438674	0.25007912595614545	0.008702772873696576	0.009456876051251626	0.012214138324032588	0.04516109215307823	0.0325219621263011	0.002804153482653778	876.3752024283792	1068	4.400546196831872e-06
0.399134342575691	-0.45059445136228077	0.9818773495976397	2.9478932534168147	-0.0005282947750756352	0.2532889154098465	0.008665341599168323	0.009498067272738662	0.01212011479025071	0.04486067895551316	0.032535803932452215	0.0028166887663367817	949.5462926492451	1068	8.307927216419942e-05
0.3994142301796872	-0.45111894764017374	0.9908535149564951	2.969131839954757	0.001305718938705183	0.24992961500288982	0.008614355677298013	0.009446803440060818	0.012090097998314904	0.04464828010956877	0.03234886213800414	0.0027858430023023433	870.8966112905848	1068	2.6581100073795938e-05
0.39766412645609295	-0.4485843920569994	0.9909229123893801	2.9672382539389455	-0.004649504109171235	0.24695007956399279	0.008615307118800588	0.009435243066957939	0.012160639190161427	0.04487489926766929	0.032365726141187726	0.002776008775561114	910.818191714684	1068	6.993683932361727e-05
0.3006762043929124	-0.3333505518223567	0.9554916357973703	3.003133777167275	0.5400702132638192	0.24901483621258458	0.08180097704231275	0.09086075141208047	0.04231090482736292	0.04655892905073738	0.5706693713482951	0.002819961827010752	843.5797744563761	1068	0.00016758306391496266
0.39681791197076777	-0.4486767443581379	0.995644126722775	3.007468515575403	-0.004814829687640518	0.24703892474750486	0.008616116188003693	0.009457332606819024	0.012193513952066665	0.04512337340814149	0.032476847284446664	0.0027734294328206547	917.3188263867091	1068	3.9525935345943085e-06
0.400424939113084	-0.44816925571177246	0.9999168018906277	3.005465423171752	-0.003395985597758644	0.24894334688674724	0.00869301088219929	0.009449670576664937	0.012219643424930605	0.04520806550731531	0.03248927489454301	0.002790510306829564	877.0285714221466	1068	9.091824013811184e-05
0.39655848609829214	-0.4475231773169747	0.994578441312574	2.9928601219488393	-0.007253460910373027	0.24332971517591578	0.008586317232922665	0.009407641931207297	0.012201384700036991	0.04509411046985823	0.03231846703893643	0.0027606620757682746	872.2694759442251	1068	3.089627057246368e-05
0.39915558180906613	-0.45214759652391096	1.011524075061377	3.0321695852810846	0.00441456783714563	0.2527001315985446	0.008637609898252782	0.009498125876675628	0.01221385394078931	0.04507449194246186	0.03251541248203732	0.0028153831573688947	875.5909356339828	1068	6.32211600563692e-05
0.4010302322095866	-0.44915597515992667	0.9992642331961261	3.0045910977293	-0.0010801447780136207	0.2501831368671098	0.008692606461388959	0.009455770880543002	0.012164332907168021	0.0449634723655606	0.03248872230053414	0.002793581992004947	950.9198125002424	1068	2.5056414145551205e-05
0.2729068988452858	-0.30939653862135014	0.9195141983025533	2.918442444930647	0.6996480431495189	0.2465298837347456	0.06033926475004933	0.06763033589948976	0.03207620262458234	0.04614353380492065	0.4939491494312192	0.0028076026958572895	852.7797852284444	1068	0.0003814395349219514
0.3981957822194485	-0.4467840740167006	0.9714887359013966	2.8996258671239667	-0.00911226751189172	0.2442823664772315	0.00861347661238033	0.00938537900134558	0.012075115870097733	0.0445915629780269	0.032217388548652394	0.002758330532317419	919.6171686167256	1068	3.1439235262806186e-05
0.3989686613800738	-0.4479133464201116	0.9916843010240716	2.9718274802867857	-0.005271744127607985	0.2470475351051197	0.00864871973577418	0.009429836585743366	0.012159925046850614	0.04494586573333886	0.03238610504818679	0.002773317415895707	874.027217552091	1068	0.0001116180591247098
0.40080904461012096	-0.44740774177785775	0.98798206211316	2.950912341938357	-0.005241529786741564	0.24833216178536457	0.00869312502469589	0.009426383157717688	0.012157220421482502	0.04487116662659691	0.032393160859433216	0.0027854103359592833	874.6308093636546	1068	1.402825302840717e-05
0.40156810317031183	-0.45113019571094076	1.0082025879308596	3.0163276821610587	0.003727393620155581	0.2516627123073623	0.00867207452404741	0.009461157099974169	0.012164889055311948	0.04487112221408081	0.032436223779527464	0.0028033771589645175	874.7283824606232	1068	6.058907310465509e-05
0.40253687219474643	-0.44887149893029354	0.9976081908389912	2.9938119513768053	-0.0008711854333950279	0.24878540632354185	0.008694862867369122	0.009420082903945777	0.012115386275730262	0.0447503148520271	0.0323792380634374	0.0027817538682463035	888.1085854951838	1068	0.00012128508130306563
0.4018306265811569	-0.45004014207480536	1.0141267076118847	3.070631935912601	0.0019433134984295276	0.2515248858768882	0.008714053555662696	0.00948000205097374	0.012240832850312432	0.04533731147501427	0.03260395637986662	0.0028065749338058955	917.8849345208614	1068	1.8649152014055353e-05
0.795298888555169	-0.8873665983418794	1.1337724178995723	2.8279761350191714	-0.7576725262652284	0.2517133336037495	0.07150295151110567	0.08053986084434095	0.02237664788561874	0.06251564741396899	0.07010588683468214	0.00278860960586008	950.4207755529462	1068	0.011742060954363944
0.6298983998287744	-0.7079500207291823	1.0595079365626596	2.8221766167559417	-0.570596925294689	0.24777414087316127	0.11428893164820784	0.12804513893308	0.039014662260352856	0.07208681803291413	0.17488224027647786	0.002766192874012573	949.9156873039104	1068	0.0009277810459585529
0.40140454674613646	-0.4506067289640974	1.0122624240092022	3.0487715677938216	0.0027493860208082474	0.2507884091499776	0.008680537869896364	0.00946375424301905	0.012198422881319114	0.04509679480646057	0.03249732642400696	0.002787032127707251	902.4914160108393	1068	1.0161975522057563e-06
0.6580699923863527	-0.7473910309319409	1.0837504495055539	2.8630764682896013	-0.6087793417499429	0.25131917822099464	0.051285192623974976	0.05719422785105751	0.02245544528159163	0.043170200466130654	0.06849413767744304	0.0027346195520555256	918.2367864716949	1068	0.009269682771531711
0.28300005085647373	-0.313402732982806	0.9520905439602386	3.049453677093695	0.6690878036233072	0.2489751610219152	0.07400660692114068	0.08181760466081295	0.03927039363020491	0.04503787227599439	0.5803847327770695	0.002853956332610996	978.7144198644585	1068	0.00029559836352537755
0.7452667897821859	-0.8360163832918317	1.125668996358625	2.878808211630857	-0.7076942994375213	0.25066059635370375	0.06819569599229992	0.07657806184652304	0.022135954500787654	0.05847715659336269	0.07661747789205631	0.0027380904158994497	907.1407483668322	1068	0.012518618092350676
0.397346415327355	-0.44967491566811424	0.9867526847439994	2.9571365722252962	-0.0031314355661369907	0.24925783504286808	0.008614989949423967	0.009463739156360515	0.01212839532536775	0.044832914195092895	0.032421919581539956	0.002797112434625694	929.4558340160074	1068	0.00014482244440349669
0.6660909572955388	-0.7531499136661265	1.0945519708320663	2.896585323352163	-0.6213132450964534	0.2485119886564906	0.045646005758548464	0.0514730354787851	0.01955097356807091	0.05122343679474277	0.06086391626521695	0.002832318308932489	886.033188152348	1068	0.008665699401149893
0.6912546977299899	-0.7736607576712381	1.114307505336982	2.9303238093489576	-0.6445879243552763	0.25116043113204356	0.09552039209384462	0.10646272291540763	0.030810650029600803	0.06790959159507905	0.12335102112335901	0.0027886323381492756	876.2771975625715	1068	0.0035147624087043866
0.2770133599796817	-0.3109846448775196	0.9523692557252295	3.0254058346569455	0.7018940277668407	0.2503222696372656	0.038325317357219	0.04293656537189196	0.023578292062122187	0.04698278726235358	0.3133208125566899	0.0028118626960564968	888.7117078083804	1068	0.0008898199410792976
0.26628991653408707	-0.2956708453661462	0.9269822098335231	2.9911693977522265	0.7799908248964426	0.24358140124676383	0.056417329385063934	0.062498762784894975	0.031454678681312784	0.044962649514575515	0.49152464525619577	0.002779217540616013	909.2472103257045	1068	0.0005091364992535388
0.40262187650791165	-0.45194454595373296	1.0105323641996282	3.0228072685153338	0.006052568322020523	0.254610300052879	0.008703776867836249	0.009490253523828023	0.01217601888588135	0.044930861549082775	0.032523227213583465	0.002819038970576091	883.5401074945587	1068	1.2224941812079895e-05
0.39696176095103125	-0.44793828470168773	1.0015904028162037	3.028144152184005	-0.005788986012558136	0.24481499516928887	0.008610774219965152	0.00943270690923959	0.012218708339350782	0.045198722645282664	0.032429913994615436	0.002757525867774546	963.5025383130346	1068	1.296050996731151e-05
0.6602979538556324	-0.7389273548361288	1.0834110791493103	2.8631458747421363	-0.6067938804262709	0.2500051790680923	0.08702477624958231	0.0972965071656493	0.028708483299665324	0.06333927205534484	0.12266772655079759	0.0028672048669234475	922.055255229479	1068	0.002966268938495981
0.3971952958127195	-0.45275471149484936	0.9932742156532676	2.977861879339569	0.0032110718785020175	0.2519904446430996	0.008580437624071199	0.009491324791571672	0.012109137354100864	0.044737265327356376	0.03242932567849404	0.0027909883517693262	917.3573622521725	1068	1.0380607673356715e-05
0.3964186850320654	-0.4497085767398937	0.9894649240436023	2.9606172857728152	-0.0032867880931974815	0.2476812066883581	0.00858242958899566	0.009449032326963163	0.012140217786268236	0.044782879876794794	0.03235764270196057	0.002779250241791094	899.3499482007647	1068	0.00012143606991441055
0.3965384606686169	-0.4490245669989727	0.9803608742365204	2.9112392280020716	-0.005091792392791027	0.24883032118750997	0.008602197159413403	0.009454816264386181	0.01214317451981001	0.04475655916895684	0.03234990262122923	0.0028028724895177975	867.5226753621001	1068	0.00012115129105959181
0.3971147796421635	-0.4519903148829856	1.006239418832202	3.013808072397812	0.002475617519941494	0.24952056754224086	0.008573408430756102	0.009469345925586075	0.012182578233500566	0.04496245614624478	0.03238716229790101	0.0027887605689812228	892.8092395070769	1068	7.21562298844362e-06
0.27346719735373937	-0.3098827800175257	0.9437121135593938	3.0427972067651883	0.7171898060528716	0.25093870125892326	0.07778770270854177	0.08808236181289981	0.040993995959741805	0.04532923279032365	0.642241213387435	0.0026696358142750684	871.4419029379853	1068	0.0005445826385736382
0.2631976940328836	-0.29273569502472124	0.9515938386567644	3.0835427917566745	0.8307891646407638	0.24988127371059723	0.05919627680374465	0.0659350906080591	0.034389754192401575	0.04618644970173047	0.5385252613100714	0.002763388386162864	930.3593780169201	1068	0.00030736420933735146
0.4005255665972211	-0.4485541736750529	1.0069773308388135	3.034479296512536	-0.002134997390747415	0.250327911732558	0.008708631915552238	0.009473461132691674	0.012266569884411691	0.0454001510847143	0.032580392189906146	0.0028110813744481435	962.6992078815317	1068	7.741957342849812e-05
0.4029768994531085	-0.44884378088886845	1.0032363604582062	3.02496946060261	-0.00022784352197473485	0.25075423593187973	0.008733970319262423	0.009452983678709047	0.012173074286456571	0.04500362636989969	0.03252849903780482	0.0028011309114029455	811.0891958257366	1068	1.4725953146750028e-05
0.3991067724811876	-0.45041473598988685	0.9930691489172859	2.971040043908729	-0.00016971078752438292	0.2502391908202859	0.008632150387267811	0.009458837811495324	0.012142532306233154	0.044852724496718024	0.03240252643366236	0.0027956702475288924	998.3215053094991	1068	1.0797497727389277e-05
0.2740520154859405	-0.31001933292827727	0.9377101448822645	2.9937820826420865	0.7212172822228857	0.2542887627636914	0.046722936565218746	0.052918871698456674	0.02638106956478874	0.04511473540934983	0.38818169374354805	0.002857437969465589	959.1479205028941	1068	0.0017917416757300669
0.39920400216498053	-0.44971249784474293	1.0019707903961417	2.9958328349506558	-0.0008119438808381273	0.2479403560031358	0.008625566055925848	0.009434454128039574	0.012158955782414228	0.04480132872402727	0.03235155785049162	0.0027767872720699167	825.1001326147059	1068	0.00015425401488310619
0.39851458664211953	-0.45007455984700645	0.9909733598492364	2.967330574837216	-0.001244965617068934	0.2512343526082892	0.008646471503972594	0.009480190300590031	0.012164218980625013	0.04491823829323095	0.0324834950484943	0.002800277030445826	934.20597916902	1068	4.4167591585547076e-05
0.6661293129222673	-0.7502411399480627	1.0814741132631194	2.8468746082918246	-0.6176384336190389	0.24832934124923028	0.08637629906775297	0.09713756739460631	0.028821734017393637	0.06806005097087023	0.11941439389870379	0.0027849125291691864	909.1059580234811	1068	0.003922595994626562
0.400866692054209	-0.4519214370096627	1.006768952392615	3.0249164542394045	0.004747268831993969	0.254426781340173	0.008684862912088628	0.009505956397771645	0.012181709160917552	0.044992363323197254	0.03257779324860343	0.0028165835455864693	909.7956559603011	1068	0.00011031705184392719
0.27437757906303223	-0.30633343880984243	0.9410915639542122	3.030963304761807	0.7159511940077641	0.24794721990576488	0.05066892975675043	0.05662042730806488	0.028712743058763056	0.046826063418499396	0.41910621146787536	0.0028335611629568703	951.5406681446318	1068	0.002116227186551255
0.3962797830310569	-0.4526042295821759	0.9967527030265225	2.9821468059927976	0.002605189592564355	0.2508055402964649	0.008559542559040035	0.009483860113389682	0.012144115819090324	0.04484517403298276	0.03239340738378176	0.0027852619784343477	905.9385978859937	1068	1.305437580591435e-06
0.3954353052549265	-0.4526298710656549	1.004879618004342	3.0260249458657467	0.002698189362001291	0.2504144105521769	0.008554840176841142	0.009498338544992949	0.012195738240139507	0.04506853919878677	0.03247404341112201	0.002796291423516902	918.4902298954523	1068	0.00014041630400243922
0.39670044863239945	-0.45046633176329803	0.9925531219390572	2.967069219146453	-0.0015819005906178183	0.24780466344448787	0.008570322729602311	0.009445088831774104	0.012129264204656544	0.04478035423749908	0.032320978938690424	0.002774900139561297	879.228348042911	1068	2.1628099835602425e-05
0.3999496234271905	-0.45163775649871424	1.0102811654497257	3.025798834617608	0.0038357526924071854	0.2527593757024608	0.008658983105344641	0.009492103743415976	0.01220681098465491	0.04504381323877636	0.03251488549732308	0.0028167047318879267	839.331019833681	1068	5.664311653392407e-05
0.3991195837194211	-0.44827883040597755	0.9869644809148928	2.9380580051755203	-0.004624075117845721	0.24563426891819007	0.008613622296988597	0.0093951538840721	0.012116240403980483	0.044658117073630335	0.03222082121959402	0.00276094010998057	876.761059071963	1068	1.7813217176883184e-05
0.39730600199474086	-0.4520044923696572	0.981606231325051	2.943782524656662	0.0010504985238875544	0.2538928055962284	0.008617520533209144	0.009513992947525493	0.01211928542273901	0.04487072294640779	0.03251847549394368	0.002817876729851499	892.0310686521018	1068	0.00013323247629056997
0.3996813099899562	-0.4491924932531819	0.9941509216319903	2.9494998314757592	-0.002077920635384089	0.24800083507345186	0.008630598370566915	0.009420087676499407	0.012126751320597446	0.04464916974286986	0.03227487743601808	0.0027781622925941696	894.7786719119708	1068	1.6019522466350403e-05
0.8318464659940121	-0.9306845672453199	1.1290314913566373	2.7708569144464685	-0.7895141308482646	0.25455843367117537	0.06839907442364822	0.07835470836766664	0.020652474426898937	0.06537786025432704	0.06186075685636337	0.0030743439377062215	884.8238246634146	1068	0.02177055137268242
0.39934760132749464	-0.4496674595325319	1.0032543695692318	3.0280043762023783	-0.0009512483918578414	0.24949405082129547	0.00865805544180138	0.009466783170791226	0.012197748334943944	0.0451313628950871	0.032511628349523126	0.002791160068668545	866.9158340727413	1068	6.800906746770917e-05
0.4022245001884705	-0.4505731237593422	0.997446597072325	2.982828740125176	0.0027287673837437265	0.25344528619551016	0.008706560614683383	0.009473142624273435	0.012139210169469129	0.04481849224324002	0.032494898531040387	0.0028135789667588793	923.1923611034978	1068	3.5568892421006494e-05
0.3979743494643421	-0.45190812646226863	1.003448304416106	3.0099109543209397	0.00271901885144561	0.2514705040839328	0.00860949278536699	0.009487912696285359	0.012170476339194995	0.04492823580376747	0.03246957584418619	0.002801387444135999	1067.4512746187609	1068	2.3674300538568323e-05
0.3995834727627135	-0.4511032646028517	1.0199962020561997	3.064783376588899	0.003176320039987495	0.2519123967453196	0.00866507105552356	0.009496583239872717	0.012268769858761583	0.04527897861937186	0.03257035275897877	0.002814491880391226	924.3818636290491	1068	0.00019851827622904567
0.40114358707867726	-0.44947532979412086	0.9891655333005912	2.966954138135826	-0.0009796262410559982	0.2500913963734996	0.008677282617916067	0.009442931647874752	0.012117570145445426	0.044767720793297355	0.03241136846631294	0.002794683978873092	954.6856762885446	1068	1.1582390804709798e-06
0.40244631151112903	-0.4507066506142123	1.0091916312065474	3.018507189783803	0.0034060433597170167	0.25239597619514925	0.008702744538513791	0.009466914487699127	0.012186679509986892	0.04497926869044518	0.03247820000461047	0.0028119509083807713	932.7662635573603	1068	1.0754938574127727e-05
0.7244331519190114	-0.8117898653762102	1.117520515516134	2.8825445369932634	-0.6859458159016739	0.2506033503097267	0.05882504189315532	0.0656901054978528	0.023264747336938774	0.04948151318022722	0.06877945382286356	0.0028085763462624143	1016.0789924287197	1068	0.0037239421446906033
0.4001970748966551	-0.4509643700047295	1.0048376135558468	3.0186621130305844	0.002161090978158488	0.2519878579405007	0.008667246465636285	0.00948362175005125	0.012174263865910003	0.045000896180442784	0.03251607199633095	0.0028115973743175313	905.1155878745935	1068	0.0001890268250760765
0.3973630315130867	-0.4471208761915599	0.986497445830637	2.967244307927609	-0.008107578256157459	0.24598043212740675	0.008634882427468286	0.009434416219906394	0.012189983673253448	0.045119466706889516	0.032421248892907456	0.002771711816299148	906.248386869488	1068	9.609655717737154e-05
0.4007971952361191	-0.45041458497580494	1.00464647288645	3.0173651834556523	0.0016190880835493106	0.2500932380012869	0.00866200302890943	0.009452224452556475	0.012148510105007799	0.04483477908120444	0.032434874145215065	0.0027927027738589598	929.0413584802839	1068	7.221790310067606e-05
0.39609062935919054	-0.45120194061789126	1.0043180774176694	3.038983028874575	0.0002315866181534125	0.2482252462543242	0.008571067412665048	0.009474165053836903	0.012201109355415794	0.04514668794776495	0.03246628994982123	0.0027781992285923597	963.9650239228085	1068	0.00012548908507553869
0.26166394211654315	-0.2949402061941277	0.9469806444871604	3.06843108004686	0.8397054313677642	0.2527840692213954	0.03475189049328508	0.040276358670030876	0.020235152076255196	0.04498605683873961	0.32916898557971835	0.002764989510783983	823.4240048637218	1068	0.0008039429015843308
0.7023639727296498	-0.7897938293220692	1.106362860284037	2.8626068345827314	-0.6641845370479249	0.24940106024406092	0.08247292502996835	0.09312780934573461	0.028203830612124205	0.06223936597528431	0.10256491379770076	0.0027511684287471936	946.0346297221545	1068	0.006948905239089199
0.7321497426014926	-0.8191586723380092	1.103806573643791	2.785206352928519	-0.7028726696272058	0.24307756561592303	0.07293524058453311	0.08155149293441664	0.024625596320518583	0.059886764745908455	0.08276938902512583	0.0027030819740542656	935.3887403804351	1068	0.01672439905022768
0.40022377135344245	-0.4521724445854857	1.0073483918764798	3.033078232102867	0.004714368715461056	0.25345938212351127	0.008662061917820029	0.009501454017020088	0.012175928601172788	0.04502506561905314	0.03255575071520856	0.002807606031726045	948.5520064484122	1068	4.72226157263705e-05
0.4032874811843979	-0.4496201681032169	0.9855659197326933	2.945497594363497	0.0003075211619558205	0.2512531350598054	0.008706354750906576	0.009431300781131101	0.012060346538496658	0.04456515739105213	0.032367631236103124	0.002792786267235996	960.146378387061	1068	0.00014566119863697606
0.28014529557359874	-0.3182806700069307	0.9447345773272701	3.0050358477210075	0.654933398405695	0.24965679109231653	0.0665438317813777	0.07598989327037999	0.035898089066335404	0.04660563218789375	0.526428478754006	0.0028560141153238135	908.8272838992075	1068	0.00031729527699716174
0.7295537999009334	-0.8237921282652556	1.1170175698556046	2.8815014342455343	-0.6970573644141658	0.2507140737590693	0.06009974176774575	0.0661611028435193	0.025144980292517112	0.038365888205030424	0.06768735037591055	0.0027962052642347725	929.2128968437976	1068	0.01830063892832213
0.403838375619846	-0.45299193629678536	1.0194211679635876	3.089282712589659	0.009233290136914932	0.25783165120220664	0.00875580568741398	0.009538703545482231	0.012223984768593531	0.04530575065299673	0.03274615306018957	0.0028437948262064337	924.1456323308007	1068	4.489770555041939e-06
0.39934373484443725	-0.45083851388475776	0.999423202248678	2.984167753870531	0.0015222198244264446	0.25261891729713853	0.008657614623146084	0.009488811649653157	0.01218583510084028	0.04495652185218252	0.03249913836729935	0.002814607867652144	835.809710058372	1068	2.0712544627330035e-05
0.3987328671027824	-0.4487955888265264	0.9914777821680707	2.965591560071557	-0.0036023654544521037	0.24685648348550476	0.008620232362628362	0.009421602569979703	0.01214883297346432	0.044848852455896975	0.032318953378361444	0.00277583824781075	923.1545650371529	1068	3.114619725502923e-06
0.40007681981880405	-0.45054287553262556	0.9918141409984175	2.9590841557855776	0.0006467025369944027	0.24959067768614882	0.008627392356856634	0.009435007109642847	0.012095792289938788	0.04461154075503907	0.03231359022257242	0.0027848278633422277	898.2305397940434	1068	1.6221334701581815e-05
0.3992771866857253	-0.4500674538829335	0.995402062900078	2.979883343295077	-0.0005508506532957788	0.24988256335732784	0.008639892234544576	0.00945637799236677	0.012143644216409987	0.044821562437219076	0.03241374448332019	0.002792645450944291	941.912155901194	1068	8.890888841840558e-06
0.39820516961999175	-0.452361385577197	0.9936953041773666	2.982449370389257	0.0030256804455002545	0.2505317122740617	0.008584835299931858	0.009464552902346273	0.01210157109912503	0.0447563203770605	0.03236767803029906	0.002784768358208866	898.5280386845561	1068	0.0001044999279296513
0.3971149325965623	-0.4492061315398973	0.9897664003425194	2.934132591469959	-0.0038541235897117565	0.24433669618913215	0.00855008555550586	0.009387198524082086	0.012113621803286564	0.04458934074687874	0.03212513638832776	0.0027480857315496155	990.2860505374924	1068	2.7906381799802152e-05
0.6651096336924968	-0.7371433110743694	1.108596474488605	2.956920461006876	-0.5977371543961559	0.254662078371788	0.048725748484918036	0.05396768863563655	0.02144484783196625	0.04499969619462691	0.06845111053286893	0.0027831455859892384	926.4687678669893	1068	0.012137145904011215
0.39762295690550326	-0.4499070710191635	0.9854966140613174	2.948633349171326	-0.0024294724495539724	0.24789689887508443	0.008591273910612896	0.009436277751647406	0.012102522519430402	0.04468796257998832	0.032317706607397884	0.00277800912751456	989.0758852402114	1068	1.8344260438659028e-06
0.39924613713573465	-0.449328744164124	1.001916889116397	2.996935663872904	-0.0015861953615646353	0.24804602137471085	0.008635740839974143	0.009437292912654409	0.012169109689339345	0.04487439978615775	0.032375655297920615	0.0027830900166716825	982.3724970918654	1068	4.067023735463965e-05
0.3996006843233826	-0.45090321971899283	0.992254883958706	2.97024065785049	0.0010206531182241606	0.2523936459468509	0.00865471587031602	0.009482300876974728	0.01212543347015687	0.04477344417598211	0.03247570928841058	0.002807212291909616	925.0784048451512	1068	2.7098186670895925e-05
0.3996026312648353	-0.45186604450345197	1.0117046781819306	3.0344158333919586	0.004179764142268594	0.2519324078872817	0.008639839964178449	0.009484703119884006	0.012215995542331527	0.04509052534267893	0.032487099735627405	0.0028094664928622025	916.7254422996219	1068	0.00013359750021438863
0.6630331526162669	-0.7352708857432257	1.09408338569781	2.906350164206641	-0.6015482503291526	0.25165417685151276	0.054419283568130895	0.0610482355298113	0.021388278571945536	0.053834737396920844	0.07589678888857301	0.00283481910438108	1012.3848050671106	1068	0.01933706387030962
0.39748257449439706	-0.4488143136579511	1.0115952385648228	3.064952175403255	-0.003144724642636062	0.24882222315840477	0.00865564258820283	0.00948991720549931	0.012282258283457087	0.045435462406604364	0.03262451815899079	0.0028025564280669732	905.3909508189859	1068	6.570014255188471e-05
0.4012935779921245	-0.4510710710204511	0.991359961704905	2.9595763999851	0.0023888541003407294	0.2535082799786585	0.008681650665682498	0.009476638740509682	0.012117975575899491	0.044741193132267834	0.032457098447451094	0.002817883971567778	964.8983474907188	1068	9.28808501873823e-06
0.3966883594695907	-0.4483742533405098	1.0018426559538751	3.011013448817363	-0.00511118370615267	0.24701899023302615	0.008620331324626073	0.009458529092329493	0.01225152781008852	0.04527899245110664	0.03247047705706252	0.0027886413147921014	962.371182251801	1068	7.605274800685477e-06
0.3978035698937674	-0.4498110996566919	0.9996511826419171	3.0217522896073037	-0.0016908095605878313	0.24944533821219797	0.008636080750340676	0.009478343356781792	0.012214675549228293	0.04520421564108193	0.032533701341763005	0.0028061833759636676	890.7973863562978	1068	8.36871627030188e-05
0.26836698935690323	-0.29971407692394036	0.940344589432128	3.0215819608057197	0.7796465599501505	0.2485003788110356	0.04996208240704748	0.05581466377593164	0.02815762161718679	0.04466744358851696	0.4338815970158997	0.0027621539018661163	967.1497947520694	1068	0.001263510644889005
0.39894897254162887	-0.4491404322542742	0.9905839866346445	2.98187063529596	-0.00291686230087289	0.24908252423333646	0.00865009210697617	0.009456176241357972	0.012181114166055794	0.04509341843174898	0.032459926491193815	0.0027925864495915997	922.8035749846431	1068	1.0392128735989286e-05
0.3998127700968395	-0.4504047470492768	1.0142991402160875	3.0667174672465203	0.0014352339298538315	0.24803586829710064	0.008636133806288077	0.009445635078256225	0.012204352626946812	0.04514916983597869	0.03244495189450743	0.0027675197337873455	929.0147500444546	1068	9.029780937508524e-05
0.26196180575155853	-0.29462038689090575	0.942295794145263	2.9965585692481724	0.8239560807974006	0.24836649177787898	0.04294864962336151	0.04829769613027742	0.025354830950141287	0.04614588559827515	0.3880115834182168	0.002839420856063731	862.7492865624336	1068	0.0013033299247222835
0.4038656237076992	-0.4500338038118057	1.0016850089331992	2.9759951472446837	0.0025668291421886585	0.2511248414321515	0.008706431681682092	0.009425989135364904	0.01212142725275538	0.04464628423237276	0.03233608519077392	0.002792101320778328	898.4778635902708	1068	0.0001380330142301795
0.3986808852316807	-0.44951308449234484	1.006554809674979	3.021865883117742	-0.00132109545287472	0.2491152993492944	0.008645321859486767	0.009463671192445898	0.012225804600906536	0.04514598678479279	0.032477027479355276	0.002795842227477268	894.8530943059235	1068	3.289839306068629e-05
0.39933200912525313	-0.448345909022249	0.9996014014149284	3.025016495431859	-0.0035398769215631964	0.24781365925667204	0.008666167574438955	0.009449948625497761	0.012198459451411623	0.04516787064167323	0.03250754080987316	0.0027824555236349736	982.5901622309252	1068	5.81020578516322e-06
0.6723783575255319	-0.7624492458278751	1.0883568489660387	2.8432442498190253	-0.6308309024593183	0.25107620058774205	0.08115696815286554	0.09179873553321434	0.02767139409825673	0.061775544122956716	0.10947163263906935	0.002862523880144128	884.6731743023837	1068	0.004938709664892923
0.3990630080608989	-0.4508348508528219	0.9868026124451159	2.95907286746139	0.00018905733934642267	0.25211403752123474	0.008644675884660107	0.009481626259150583	0.012124497483736823	0.044854027335077595	0.03247108889944215	0.0028096838954271277	917.4060060453946	1068	9.758466220172913e-05
0.6709643794465298	-0.7512529647126386	1.0881354903919376	2.864786277929548	-0.6200774982808624	0.2514704121099563	0.06862634168186393	0.07656062174127787	0.024303629247815175	0.056655677918098564	0.09356341011491626	0.0027451059151585764	945.7133636030348	1068	0.01784432988876959
0.4011826582820607	-0.44860572804607907	0.9952685082770623	2.9821876268227596	-0.0022559773913459398	0.2486648333471842	0.00868060403730732	0.009428894978471419	0.012139164443582196	0.04481557206477564	0.03239317246302773	0.0027856396978949067	1006.8324598580821	1068	2.4007888693403714e-06
0.4002089748045433	-0.4517228129209374	0.9867036804029469	2.9471899481417045	0.0026378106524832167	0.25221652474221684	0.00863560273237566	0.009463636908657853	0.012072093523178958	0.04458280983425288	0.032375493266375434	0.002801098557952897	911.778596115343	1068	7.196039499265052e-05
0.644988588125501	-0.724767170323786	1.0938460849864011	2.9232214858253878	-0.587140719759361	0.24993982344796345	0.07340975229131763	0.0819540980523654	0.02683990337594206	0.05859711681361023	0.10803097789970104	0.0028326646924176514	934.6927447639773	1068	0.011060166668132605
0.3995602236118309	-0.45277205820001193	1.0074533938000985	3.0211218050683106	0.005462927748036878	0.2528404940034852	0.00862916004565967	0.00949209809687174	0.01215165748993303	0.04489200478401298	0.03247533762584378	0.0028037037582411073	894.5684404940248	1068	0.00014827341308276635
0.3970719172552454	-0.45003278163934607	0.9912958733477504	2.954209098823921	-0.002160886452248033	0.24870989075091818	0.008593228496155167	0.009452903369114196	0.012144297111024091	0.04477711186993103	0.0323495264462397	0.0027951982196483325	905.3515873076946	1068	4.864259939611285e-05
0.6582917356678135	-0.7403143622850407	1.0813549496183454	2.854971714906348	-0.6109054805743075	0.2458163189080466	0.07937611229539374	0.08913559145185347	0.027871834878135323	0.0623571255525004	0.11221570777116348	0.0027516238042610006	939.1161293666207	1068	0.002983886268973966
0.4014410368004938	-0.4477343739489898	0.9964713722115988	2.9885471513689628	-0.0037406985693897127	0.24718910388074086	0.00868607035391463	0.009412181795032316	0.012165006341671211	0.04493082501342607	0.032371228100733604	0.002776576610191603	868.0743555386955	1068	1.5090508693564382e-07
0.6319752655028665	-0.7073068355217795	1.0929816453909924	2.9331434224618564	-0.5601749340899083	0.25072549765611896	0.09562923997465242	0.10757104336967524	0.033344413436082077	0.06327620618031843	0.14886055291310066	0.00281061735687629	946.4968988543072	1068	0.0016010906456903503
0.39927015946358335	-0.45090890005487727	1.0098656344803176	3.0472353675862665	0.001930260504334488	0.2504306959513958	0.008642907638794677	0.00947731969730769	0.012222817898326688	0.04519992130247452	0.032514856268461685	0.0028039308974699266	905.0182053281027	1068	4.3489630432587715e-05
0.3994038851295801	-0.44542413971745487	1.0096650159488785	3.0542049861769835	-0.008784441148491048	0.24337572376148064	0.008683426634988473	0.00940869022061094	0.01229704267288503	0.0455237451388978	0.03246582157668798	0.0027600370290005055	891.0054819078209	1068	2.2360617487522634e-05
0.27341919375282087	-0.3093149790856949	0.9379962033056796	3.0014814259681044	0.7094006315851566	0.2496160961747894	0.03673754427524009	0.042600692182082414	0.02154826603961794	0.04465762846083168	0.3097249694431944	0.002842786847765047	908.0479860370433	1068	0.0008955476949537151
0.2715645115965948	-0.3061459532055175	0.9417327198957974	3.019906715946824	0.7548361405214048	0.2553824041242133	0.06407597032764882	0.0719622799911572	0.035242084876131945	0.0463902669129739	0.5431607877616897	0.0029054744507593768	927.4894132706785	1068	0.0003171012887076949
0.281374917804429	-0.3153629973889566	0.9462535198006404	2.9947622445134554	0.6672466189590149	0.2531819298141194	0.05019015463943249	0.056210390032567156	0.02813151689653723	0.046143750661642426	0.3953529404840208	0.002873392664718479	864.3302155941103	1068	0.00024153044328662128
0.27013561449677603	-0.3004195225166264	0.9520090519456278	3.077309011114934	0.7744084903174726	0.24937559225677258	0.04852544804061569	0.05329485520280972	0.027539554159743417	0.04479264039287451	0.41317921082568626	0.0028168738349063013	981.8158540611853	1068	0.0006933855369530759
0.40077336439113914	-0.4479587409811301	0.9992424233363277	2.990915711814018	-0.003415629708148169	0.24883548477517325	0.008693880624519182	0.009440774664387464	0.01218744857952409	0.04495144227864214	0.03244760572888895	0.0027941607109305514	876.2780291098525	1068	0.00019854347647435249
0.2682236678751204	-0.30380238232851214	0.9451253655897627	3.0537467053068768	0.7598671859059913	0.2510471306606649	0.054800126330916396	0.06221130115228873	0.03033099310451103	0.04472883137523889	0.4733847566537446	0.002852922625976816	879.1734907055803	1068	0.0007056226942280916
0.3990715883806138	-0.4519139099392046	1.0177784642995995	3.0492438310418737	0.004181286945757661	0.25214853673532034	0.008638750296534572	0.009496366645202694	0.012253227423591	0.04523399781047266	0.03251966062303072	0.0028122778247723665	893.5953245921002	1068	1.9229060096131337e-05
0.39822767407275617	-0.44989067896905754	0.9819445352675201	2.9186027949521627	-0.002326099372087594	0.24781374531404005	0.00858948731181022	0.009420336358596274	0.01206717578687591	0.044475771750779484	0.03223326680784143	0.0027729146110809723	1009.7398574357961	1068	2.2807585730965304e-05
0.40219536689184443	-0.4503530341279661	1.0120001508530785	3.0369619056774835	0.0028438132205896686	0.2514762552709822	0.008699951383075603	0.009462764686135435	0.01218687185210323	0.04496755437411362	0.0324940678462133	0.0027907032338076484	966.304840731521	1068	0.00015740243353333527
0.6623659541941275	-0.7510845846412717	1.0919611578413366	2.857600395593371	-0.6086478337327993	0.25320757651275294	0.07651733599633369	0.08682633869436047	0.02683263775806389	0.05857198366053895	0.10789563212128273	0.0027670501134888386	976.5271438642798	1068	0.006188281730095389
0.3987778748028844	-0.4492124672190283	0.98511699200708	2.952303451519803	-0.0032549290922953594	0.24644550351196268	0.008603814734261372	0.009410425134260415	0.012093870706872763	0.04471078950007174	0.03227026845984222	0.002765044294476176	958.6405833233	1068	0.00010230587445889679
0.39985145759348695	-0.4493136922223532	1.0203381723316622	3.0804589982307675	-0.0001452952203850939	0.24854969598114168	0.008669968924177892	0.009461415928974194	0.012268885111265969	0.045312214050805856	0.032533753539639686	0.002789050623583774	955.7649642786232	1068	0.0001774257091090397
0.40395322530595357	-0.44965693425508135	1.007029300349701	3.0097987608743355	0.002225410374725933	0.25096900218760276	0.008722120976265608	0.009434651993471257	0.012146800118596566	0.044782428797720764	0.03241347246189113	0.0027904813599424474	992.4559833857874	1068	1.6737526322070144e-05
0.27937628667743236	-0.31185048431798806	0.9609210357608844	3.0959366532330614	0.680136703644921	0.2458508431082856	0.04583524639094219	0.051327796596068155	0.025986429348343325	0.04524121328026208	0.36713076631647673	0.0027892196440279767	912.5810245219355	1068	0.001843405649389369
0.3989681415386509	-0.44973229699489875	0.9913204138136277	2.97923695179052	-0.0017503338562982348	0.24898188131203108	0.008633157389156263	0.009449696410992124	0.012136156660436003	0.04490189712825602	0.032410640102097384	0.00279065014500514	928.67788421874	1068	0.00019419893249705128
0.39502722011211233	-0.45212324446088137	1.002492831050717	3.0158449826868847	0.0013105682755396523	0.2510007843591803	0.00856595451820085	0.009510445964751119	0.012220209031326427	0.04517853330987969	0.03251877476177546	0.0027932503341520096	926.0105018819197	1068	9.731501281091963e-05
0.7042456666460583	-0.7880763088949835	1.0852078853525506	2.7874546534532394	-0.6685857705617868	0.24530118712080698	0.07286061187571033	0.08120578468296893	0.024718333421545488	0.06056971106780168	0.08957139858895179	0.002761233476387553	977.7540301597346	1068	0.014431659466859209
0.2671449576336641	-0.30410595351669406	0.9531123059376717	3.046523693648508	0.7579019698983614	0.24853989737098245	0.03239305814451535	0.03729379076925097	0.023441122429038425	0.045532369596594485	0.28490823803547544	0.0026965053534377405	840.4507208910927	1068	0.0005741226930575721
0.40052068044418904	-0.4512001782976414	0.9948350025911554	2.988667920033316	0.002238200776807483	0.25187077403746166	0.008658040912007278	0.009470500623397115	0.012124317821190111	0.04484320768171852	0.03245747809419534	0.0027950814719301833	856.6271475251931	1068	0.0001382770714354905
0.3942077380934899	-0.45010110332163866	0.9900878728370114	2.974190118926403	-0.0038532729262938025	0.24596619076315726	0.008528680244224552	0.009447523199805054	0.012165713749604344	0.044941369179369285	0.03233464225240822	0.0027697873689586858	909.9926562265803	1068	0.00014885656936981982
0.27360731218582135	-0.31265669033120547	0.9458664047189145	3.0273339033937012	0.6955644878912522	0.24829172520034312	0.05509837554660017	0.0630645563950447	0.030834811469536223	0.045964140649256705	0.4507964507608269	0.002928909607117954	936.1212613745795	1068	0.0011754023351082713
0.4022008885320899	-0.4500526592688526	0.996739416886598	2.9787481016518953	0.001167567750755387	0.25218524911571827	0.008704032388947252	0.00946198946329725	0.012146955980439841	0.04486544695396942	0.03245778529018739	0.0028139476078393256	898.6268181922972	1068	0.0001528131502159813
0.40090281968165103	-0.448197604310624	1.0024429208288061	2.9936203564338606	-0.002812396079520145	0.24577746414296012	0.008649264066826534	0.009393885891970858	0.012159168951338232	0.044844021997870846	0.03227211925267083	0.002766609908294868	952.1909548326422	1068	2.1972044205233545e-05
0.3993033366278608	-0.45149364629298694	0.9948125137948365	2.972954921961665	0.0021041547089568563	0.2510925338357781	0.00862194040593689	0.009463325165312822	0.012124188447340442	0.04476787821050625	0.03238306097906009	0.0028017213410161117	944.5456155667441	1068	9.425306482378624e-05
0.4004418632699582	-0.450682546997193	1.01657561157134	3.0783346459820735	0.002601634542890206	0.2535048668035383	0.008710636399775356	0.009520262391388853	0.012273561866618626	0.045418809154320984	0.03270837353826352	0.0028285268401144117	909.6544908867344	1068	0.00014448020878585202
0.28286153824649624	-0.32002109731956585	0.9593580339125359	3.0598003873896467	0.6337920722500795	0.24778347024394237	0.06528123490610836	0.07411435489421683	0.0354127925835628	0.04668482681476466	0.5055374028007285	0.002808880375101107	889.1587898101201	1068	0.0005215668130354066
0.39971971161676945	-0.4513207302499865	1.005436490340286	3.0075530199240834	0.002745168500672184	0.2501845739301282	0.008624639581445737	0.009455029243798832	0.0121540254681387	0.044841378537057164	0.032382463646115585	0.0027933816867985544	964.3517435805473	1068	1.1138515620116195e-06
0.2753131765352329	-0.3079894763379291	0.9615680908952714	3.0809541001580616	0.7200452158211567	0.24848371004381742	0.03920385839914671	0.04380522601263094	0.02322593957266399	0.04587165517176957	0.3228631657195181	0.0027756684824268253	951.6500180643601	1068	0.0013758009785843756
0.39763203630312405	-0.4525739674648029	0.9857938331470705	2.943664791270045	0.0026929131928051225	0.25201095566234794	0.008581485913232732	0.00947828021257192	0.012079240741368404	0.04459864684030083	0.03236669459181293	0.002800406302021743	867.7323701844291	1068	1.341593850477815e-05
0.26597248587803196	-0.2982854528190357	0.9580527774862468	3.097817520934161	0.8019239316009571	0.253250745132773	0.03542055783758392	0.04049058515259234	0.02403422560750081	0.04563998521538964	0.3165018465697913	0.002847721838016618	964.069308200966	1068	0.004054821521285055
0.39764513933602824	-0.4538918284240279	0.9980540856349003	2.978146028602562	0.005608542177847858	0.2534324831960794	0.00858023133979956	0.009502094750655877	0.012123439004573933	0.0447501050910788	0.03241075906837534	0.00281104854697399	930.0299006700875	1068	4.3874282253435367e-05
0.2560091821376842	-0.28738503895589534	0.9445223037782216	3.03629223589522	0.8849907258631284	0.2495837485727469	0.042044175276876254	0.0472668383183496	0.02514862887447169	0.046319515155539476	0.40149096017882846	0.002861163551804027	872.1381223170337	1068	0.001794406920931693
0.3991119538199378	-0.45100360028533065	1.0054337421931445	3.0122015404900555	0.002103292365388579	0.2501593839303807	0.008624734135532044	0.009461934148875244	0.012178284389759151	0.04494109052094538	0.0324237174948717	0.0027943554455856848	943.3666075386799	1068	2.9050300717380296e-05
0.4000179180776339	-0.4489681310309874	1.0034013046720238	3.0311899597133274	-0.001730809374253942	0.247929278044112	0.008662306255074526	0.009441583389394582	0.012172625601706993	0.044977867155847805	0.03246282487354429	0.0027789363856685757	941.5461635682436	1068	0.00014155631924045838
0.39747803336461	-0.45026121966546134	0.9952126997888983	2.993342921613731	-0.0013302978081275974	0.24903591491337318	0.008608377341702361	0.009465225374506853	0.012170491262803331	0.044994421411929	0.03243927502721375	0.0027972991249076234	926.5453129079574	1068	2.222130023029389e-09
0.3960519080753087	-0.4504747475826491	0.9752097606821901	2.899013339005887	-0.003017513382681957	0.24650260108188074	0.008530613405720679	0.009415778923675944	0.01206414044193168	0.04452169796520002	0.032164976602529864	0.0027646754984981888	986.061498060881	1068	2.7823312644267667e-05
0.40050483443765644	-0.4500179529087753	0.9998776220292146	2.9871235925772632	0.00034240937053081394	0.25040242663368467	0.008663084295861942	0.00945340874784805	0.012144709567218456	0.04479761498191302	0.032413266271952006	0.002798130585352656	871.6702526064958	1068	3.2845441568161083e-06
0.6961286928147216	-0.7825649968630296	1.1193282587723732	2.9418491536950637	-0.6528070878896362	0.25169389403908377	0.0747783358025498	0.08352402083871956	0.02598066480861473	0.05870215065160157	0.0948076414398917	0.0027427964239354475	989.7925538373796	1068	0.00817534038603603
0.40077021599941226	-0.44894997096714895	0.9982586859114737	3.0006015035853864	-0.0017619987871175366	0.2499927415754142	0.00869138777163912	0.009456458673070187	0.012218568285832307	0.04522837366410737	0.03249027844972094	0.00279725196842714	953.6527132948779	1068	8.940078590711096e-05
0.39833469516194137	-0.4517525702626323	1.0037611438759424	2.98917325121756	0.002685421511275233	0.2510286655022039	0.008605169084177347	0.009471691347987022	0.012180260169041482	0.04488760169243492	0.032386909047222315	0.0028044614573158352	926.9593369849692	1068	1.1803054640866928e-05
0.3980978608329286	-0.45229942269279516	1.0000398273207347	2.9989810297011803	0.0033056774813245136	0.2522982213906951	0.008610437542703428	0.009493876135290753	0.012161609263693387	0.044941331480098136	0.03247282462694216	0.002803227311319971	876.5062619922803	1068	3.0639006562899164e-07
0.39858018739083445	-0.44874095904586736	0.9969408531055046	2.9762731583727775	-0.003427575572994447	0.2462488940572078	0.008613929317294492	0.009415960954158129	0.01216592739689781	0.04484137339713951	0.03229896212891935	0.002765223007156754	911.428113252907	1068	4.6195516255901195e-05
0.39828372623446795	-0.4512479267944121	1.003980565121601	3.0198369685139004	0.0016667528694063434	0.25064508622540443	0.008621301202406367	0.009481060527209186	0.012188620047031034	0.04501546327633634	0.03248385544288186	0.0027973874654493767	886.7461038241628	1068	5.948568704008841e-05
0.39810457365878826	-0.4508551051172143	0.9917100741839037	2.9772188311553527	-8.927112957987865e-05	0.2524964525966432	0.008643467816780265	0.00950112524407667	0.012170503191495246	0.04503208001042996	0.032537102328014184	0.002824045764334778	901.0860970900297	1068	0.00017825227001048576
0.39776401830790165	-0.4508220330136852	0.9808441643962073	2.947698922834545	-0.0009754693460331579	0.25202388071617304	0.008627314086253607	0.009491549841890174	0.012104240140543907	0.044807951206265906	0.032493774788266074	0.0028071970649946464	957.1004806055212	1068	5.574010361756428e-05
0.40218149562630345	-0.44858989249725867	0.996791636980762	2.9695815579076346	-0.0015346204429784321	0.24803270723235415	0.008679526260033023	0.009405470685780508	0.01212217138812459	0.044660687393073155	0.03229798240945946	0.002774745039853754	902.6200004685389	1068	2.0478914165509052e-05
0.39878961191662143	-0.4507245670040558	1.0045488886137153	3.007413588995161	0.0009186980758882866	0.2504710023862323	0.008633071897423699	0.00947234110026606	0.012208738363577705	0.045096840983696415	0.032452476629021815	0.0027986292783329495	893.0639142650166	1068	1.6489205717100483e-05
0.7114043186949579	-0.7965884322028954	1.1113488611871438	2.8759094181027565	-0.6700479705680318	0.25225983523435846	0.04371234000739463	0.05083831679113337	0.017172435701968445	0.05313745198420929	0.05426274345972356	0.002800118417791091	928.8116992092107	1068	0.013252438698162537
0.40206852657810466	-0.4508017578932792	1.008172435200819	3.0292317723946014	0.003378585965861848	0.25283784805402354	0.008704544625996935	0.009479709911017861	0.01218646011197103	0.04498553673128586	0.03253798798610951	0.0028093103222340595	906.5443049698385	1068	9.292288336529663e-05
0.4039353043643332	-0.44460066739985565	1.0041869288839051	3.023054034741819	-0.007971006694522824	0.24436305615649126	0.008760689557706649	0.009375253431320008	0.012222528805422728	0.04518871052548665	0.03240010236976588	0.002761776207566986	931.2513158228999	1068	9.093905244618496e-05
0.3955233643931391	-0.44985026490334334	0.9881421322582429	2.947704388354643	-0.0037684312285138385	0.24857461706206402	0.008577655560675935	0.009467897768920468	0.01219123254068035	0.04502263744750629	0.0323884392816968	0.002787988279795046	960.5463167711076	1068	4.9120738838026754e-05
0.39676016152595184	-0.4508718515872369	0.9978049298121279	3.00644443488032	-0.00018388117387454827	0.24964518584607426	0.008595776870344006	0.00947971661429325	0.0121627647416514	0.04496062133887972	0.03247955816959405	0.00278069335317908	979.6256064795741	1068	1.5326185476059833e-05
0.40320928302504866	-0.44873859725360354	1.0039513251396377	3.009729691973992	-0.0002905465483993571	0.25067557663239964	0.008733105279966588	0.009445577519116215	0.012184238749631239	0.04499905470093188	0.03247952998050027	0.002806274457469467	927.7899946415656	1068	2.5061828903064408e-05
0.4027851199380117	-0.447355891923346	1.002287146794279	3.031398230766668	-0.0032708038651447164	0.24901962103449518	0.008745967933391883	0.009439976412885007	0.012203325314534318	0.0451539656032087	0.03254434390847	0.0027914182585112852	882.1357266123375	1068	8.978302437448731e-05
0.40086303023264536	-0.44951532366820846	1.0070638101699865	3.0335075530173707	-1.3906802309932628e-05	0.24754272535755317	0.008653143458330334	0.009424531439586742	0.012168444030388905	0.04497560511836552	0.03238533444753395	0.0027700147152689048	1015.6737509180421	1068	2.677905901475787e-05
0.39743978597570373	-0.44734780942522895	0.9845872250315383	2.942668919187259	-0.007637661096242681	0.24535452406576283	0.00861496064681286	0.009415358297574759	0.012139015609328337	0.04479592604748894	0.03231544750040834	0.0027755444935518574	945.9486745449838	1068	1.47153783544742e-05
0.3979655182578351	-0.4477231634581012	0.9884962023327469	2.946954150437938	-0.006298754468004136	0.24552428409578803	0.008613359478043068	0.00941014318863119	0.012155472691345521	0.0448208547436716	0.03228367615600478	0.002774838337611629	857.1301972215647	1068	1.788075382962057e-05
0.39978971623013293	-0.4506211117213083	1.0238919743869739	3.083902244224575	0.0025279867291363406	0.2512488001680919	0.008673879521806692	0.009493585230509935	0.012301507066673675	0.04543254575315516	0.032592603700854476	0.0028123193109265356	876.2450177247265	1068	6.614020526414025e-05
0.3977353686836505	-0.44987817551852494	1.0035762688173677	3.013026303897367	-0.0014595865970466148	0.24853742583084096	0.00861651104725467	0.009461213029119975	0.012207342316507242	0.045110007164098014	0.03244077294737889	0.0027897145265865925	868.6281386792143	1068	3.712762762788415e-05
0.40400293473620313	-0.45168380340055897	1.0058015223849202	3.010265004472712	0.006004408894640656	0.25351382950959955	0.008710461853776821	0.009460209050873566	0.012120155502791085	0.04475500630013862	0.03244349333835939	0.0027979493928761523	896.6532411090741	1068	0.0001012914893999848
0.39983444914758326	-0.44954714461418477	1.0115772325507895	3.069129765385713	-0.0003864704626762865	0.24937798160611188	0.00867366799162268	0.009471014809837449	0.012235938079363524	0.0453414569311622	0.032571537080015485	0.00279685193228858	934.8675886018194	1068	2.952297540833115e-05
0.40095798939458943	-0.450170605569425	0.9920282367298878	2.965110442825046	0.00043648129980629737	0.25178610905448323	0.008677790045554211	0.009462327829823787	0.012136517617962583	0.044819763446966296	0.032438595563270105	0.0028101381638779687	941.1815754675745	1068	6.837590021032223e-06
0.6826151034155353	-0.7701970029973005	1.0999338085131072	2.876797748426455	-0.6353501405409714	0.2531387623131993	0.0429604416533146	0.05049525093625223	0.013962741829952496	0.0595021350511661	0.05920190602550318	0.0027548859648837674	948.4756304957388	1068	0.010548643625248587
0.39808923546838854	-0.4530523477608021	0.9960517915478114	2.994357830022175	0.005018742250859088	0.25183426023455197	0.00858466810728518	0.009481729926200586	0.012092475484675732	0.04466158264405609	0.0324236194556574	0.002791476191863069	775.7977203835785	1068	5.2189563347908894e-05
0.26722721600269733	-0.3020673510624079	0.9398684019358179	3.0098854325932964	0.7707680467236993	0.24922334992662099	0.04210368207892768	0.04758365429509404	0.02479182732189483	0.04478609123719931	0.3660302899281606	0.0028295433524712856	930.7676070118349	1068	0.000897899014471501
0.6993802546957554	-0.7844669621010195	1.1024703753850746	2.8746143768058174	-0.6595552335111082	0.2492109591978268	0.06388640941761849	0.07235605650552601	0.02014757557520378	0.061090322072059125	0.0794147494652779	0.0027539839773130497	890.632105799705	1068	0.005569400836227042
0.40188788598637715	-0.45069928026357686	1.005532604592006	2.9940823295482186	0.0029384989715834386	0.2511088034434867	0.008672127189579036	0.00944546485560096	0.012165471571668274	0.04481765139841532	0.0323739925633329	0.002797789436529238	945.9188371831551	1068	4.168273417370674e-05
0.6466000700306914	-0.7249490392036434	1.0691741960199344	2.8340554358077967	-0.5850235328919342	0.2508079552765803	0.04514640347495984	0.050603963261732984	0.014515675351058455	0.056236326319880306	0.06715815061275474	0.002733581362578636	950.3852380510245	1068	0.005170238005707228
0.39746772206184966	-0.45028814243366166	1.0053577719282691	3.0090961264967366	-0.0006150660008992091	0.24919564098936153	0.0086108773433599	0.009469050561143189	0.012225353107475207	0.045117524558391034	0.032439671552665104	0.0027910482469646414	868.6640488444978	1068	2.4246768396737204e-05
0.4003153943498192	-0.45103048742250523	1.0006348692728726	2.9741951949490057	0.0022821350102184457	0.2500456943104722	0.008629622975700347	0.009439664179149475	0.012125254251496173	0.04465858363070715	0.032309395661528156	0.0027916270658590227	890.0484849654051	1068	1.2248378817871317e-05
0.4017225087795902	-0.4488355494461843	0.9889793873030598	2.969233024232614	-0.001984049870363173	0.24900310078844584	0.008684038103570836	0.009425960365184706	0.01210687721164502	0.04478485271643837	0.03238258506589963	0.002779609149887943	866.8927736046503	1068	0.00016479195780355374
0.3974605248456392	-0.44821810014193963	0.9877917055242255	2.983174446226687	-0.005879217401546133	0.2459575666692891	0.008613968610740338	0.009432374224948713	0.01215196878758574	0.045016270085223124	0.032399924426940466	0.0027768961221153344	801.8414871692727	1068	0.00015548595300184348
0.40292876142530165	-0.44699851826622167	1.0050304299588206	3.01446670834618	-0.0037426319028681597	0.24608074184154807	0.00871133873296881	0.009392693148824429	0.012159600193415441	0.0448373192492744	0.0323545290512797	0.0027642547150807124	909.7918625242978	1068	5.43216686996319e-05
0.39888994672981876	-0.44957800180623547	1.0080481074249548	3.0266366900852777	-0.0010721404928116273	0.24721631385602863	0.008624473542956495	0.009436071179023902	0.01218442567742945	0.04498892932542716	0.032385390208911576	0.0027724421108714955	941.0885628528628	1068	2.746841487798381e-05
0.39511970446858563	-0.4485863427529795	0.988586892183288	2.9586739817007075	-0.006380219607918123	0.245085390455549	0.008559577746086773	0.009430758022822384	0.012178751503605142	0.04495363440775275	0.0323141788600661	0.002776285618451307	977.7623673747106	1068	2.77543244227656e-05
0.39846722115133	-0.45170228907655985	0.9827550833338891	2.9271512549226966	0.001417878123611225	0.25182288870502373	0.008604973750268965	0.009468177799415193	0.012076988712576496	0.044544224909912486	0.03235402038801629	0.002804998418651786	924.360371114009	1068	5.5560392212267834e-05
0.3990294234017395	-0.448103096882964	0.9865639777953382	2.9344540180787795	-0.005110048111269908	0.24608512304206537	0.008621425403292162	0.009402069460819763	0.012154996628489421	0.04485362396592796	0.03224350723091694	0.0027749841315945715	900.6605476410462	1068	4.1260846207331706e-05
0.3986717951263297	-0.4484499301268035	0.9829433341512456	2.920269578069701	-0.004852626233800006	0.24659091754810677	0.00861230866852624	0.009407047146657101	0.012110404453101775	0.04466805292069738	0.032235382057786255	0.002768360616307452	937.707884623947	1068	3.589473093867657e-05
0.7465551100121415	-0.834008364793873	1.10495870844466	2.7912709850241155	-0.7181184904293771	0.24442894082117322	0.070147462196191	0.07827148740887512	0.02149563635658138	0.06513801037585781	0.07776754347788001	0.002530127050284657	973.2035445252357	1068	0.020232857795704672
0.40498965643486545	-0.44842131584754213	1.0159629890121435	3.0560632234631764	0.0009387323044140906	0.2509871004321865	0.008776737373455423	0.009445167348806497	0.012218146803254924	0.04511201801635032	0.03254315528447647	0.0028025513000359344	942.4096466916628	1068	1.6322347853148376e-05
0.7795529465777734	-0.8754380136828456	1.1314990911626066	2.855244756486132	-0.7492338132278544	0.2486556298654418	0.06509887516801595	0.07209603598095711	0.02125903494722474	0.061126910206045826	0.06471994350200926	0.0027505452318604467	939.8557389663981	1068	0.0250567454280623
0.6929606266181473	-0.7839369254892758	1.0816499690208805	2.787250372318183	-0.6549107544807435	0.25051406358908757	0.07435506528648111	0.08365290121105892	0.025054497925870917	0.05963867578931035	0.09450560750775266	0.0027648854903768796	954.519387853582	1068	0.00845477674218381
0.3969807953729364	-0.4478791114701769	0.9848890801703738	2.9431804434029476	-0.006959199694038247	0.2453595666349938	0.008597298987047869	0.009417878462865547	0.012175359056046784	0.04498761752184156	0.03230114023862303	0.0027688996820072254	996.3848494583378	1068	0.0001316464496719637
0.40007268916206057	-0.4497422652964475	1.0006842465390808	2.977723960657083	-0.00028738209889145447	0.2491156069744019	0.008643772528362076	0.009436060363300667	0.012148152635701825	0.04471658788819568	0.03234144991387654	0.0027876232329707164	963.3676647144955	1068	0.00011524693751066673
0.3977037396434585	-0.44916150964975193	0.9989637394978644	3.010937495210773	-0.0031994702137033417	0.248187254833062	0.008629510139988915	0.009462849827476343	0.012199366647443276	0.04515080487540119	0.03248129490021101	0.0027874737313326524	885.2851263047742	1068	9.32502673057718e-05
0.39793161137875394	-0.4526611136682861	0.9872921988784904	2.943986505697917	0.003096470034581677	0.2518808686395465	0.008582163532820649	0.009473358830737397	0.012083498472851176	0.044614848941425575	0.032346603444705704	0.0027891487885224058	942.4879962658615	1068	9.685197696637469e-05
0.4008338676773761	-0.44847498611266473	1.0092856129543393	3.049121110884609	-0.001956524163557507	0.24842184684000904	0.008693056260695968	0.009448902410298849	0.012235855138659322	0.04525206786637945	0.0325172390280725	0.002790734856642838	942.0354130288783	1068	1.948705943646644e-06
0.403281593899214	-0.44992463024632784	1.0086998745824964	3.0321373599644557	0.0022870985278948186	0.25381095811776677	0.008753487510978014	0.00948824297600724	0.01221796610641641	0.04519529162065814	0.032609460029364594	0.0028171053916175534	795.3529004651132	1068	7.441239125010143e-05
0.39844737847841083	-0.44807345525527875	0.9844887615028519	2.9389924899683217	-0.005671029677780498	0.2462845775062188	0.008620021366660341	0.009413258458100735	0.012137668959280364	0.04483167117261337	0.032291128523616444	0.0027777127781338667	957.2717222917257	1068	6.304105987122811e-05
0.3989971234566868	-0.45132404278641886	0.9949793244526076	3.0015903512860067	0.0017107564387875574	0.25158397073704125	0.008636230608186047	0.009483892798827963	0.012132832542181218	0.04489751656027613	0.032504709580627414	0.0027908557496548066	848.4933344931901	1068	1.6382968876972458e-06
0.39846846482751275	-0.4482599760040364	0.9928782347011524	2.985906747435017	-0.0048713390715641085	0.24672235596352957	0.008635072828137408	0.009431988068693465	0.012174542276718983	0.04504761027213034	0.032396730249921776	0.002776631506882395	1009.6492989903197	1068	0.00019116296413304265
0.39743075974631814	-0.4509406906923043	1.0004850058594617	3.0191497144103256	0.00019668512778652782	0.2508986902730118	0.008622682720919678	0.009495546095787868	0.0122084196680981	0.045215879634075466	0.032543654445833105	0.0028047584191223923	911.2892329753797	1068	5.9071150763711266e-05
0.28364603592680054	-0.31474998473907007	0.974990768283686	3.133797185570188	0.6859198272053473	0.2550533631003697	0.04720675570307667	0.05269007151703217	0.026314180852466885	0.04658205861810076	0.37278316735323064	0.002803516012166053	955.2180246502605	1068	0.0018011059732195133
0.39518842461699777	-0.45246249734060673	0.9990324116061468	2.9943580315066542	0.002046870861996493	0.25188473494282193	0.008565996112087465	0.009513195121960421	0.012200227004011672	0.04506933697315192	0.0325007935079622	0.0028093760168547877	923.9149725416617	1068	1.4209338496560804e-05
0.4011173043300918	-0.4510823472586356	1.0212110200315134	3.090898153588636	0.004022586164431578	0.2509156336255413	0.008677117271228718	0.009476429294866865	0.01226086359478347	0.045381766860901875	0.0325566832091379	0.002799130518105388	862.0115774618163	1068	3.486960463399423e-05
0.3995343639408065	-0.44988103794181117	1.0084627252941452	3.037116873679103	-2.4387992031184042e-05	0.25037139285699717	0.008667785740189385	0.009477461036403295	0.012226459694388837	0.04519021794302369	0.03253912728247426	0.0028008557728714913	896.23072355081	1068	4.999488485380285e-06
0.3986410460596177	-0.4489331927455474	0.9857557786586482	2.94842552811788	-0.003810871403842479	0.24669983365077428	0.008611798041335503	0.009414813895225655	0.012115153305434275	0.04476395356704481	0.03228499831196118	0.0027661533155781165	904.6116671386426	1068	5.47913206087249e-05
0.3993598890670172	-0.45071804781523656	0.9952809750749063	2.955293285898704	0.0006885687121498888	0.24942668414223662	0.008612240191224967	0.009436468334469893	0.012127950002601496	0.044706742293277306	0.032284877024487305	0.0027896441890122993	931.3875004251348	1068	8.847949898654177e-05
0.6532241145305433	-0.7437089252688655	1.0938204095071462	2.9026031088619204	-0.609859935218887	0.2491454443789151	0.0571983448917204	0.0648690692598355	0.022092223106574046	0.0532162489016523	0.08138399497880698	0.002781447904696866	867.9071719082855	1068	0.00827310299620143
0.40339133152671447	-0.45084566318119706	1.0068772039995493	3.023960084336721	0.0041709918377033405	0.2553555234306341	0.008750387252023286	0.009502071162392182	0.01218747015981821	0.04501224421841571	0.03262248814551476	0.002835077614098396	911.7200225815095	1068	6.477665163478508e-05
0.3990918011460552	-0.4519614187847228	0.972202689137867	2.885666328972502	0.0015911696527614965	0.25274895371109063	0.008608827809813185	0.009463589432983956	0.012014403665015883	0.044332471811310475	0.032306791464217756	0.0028073604259951997	913.902699189056	1068	2.8087075685137323e-05
0.40066596385703457	-0.4475002368956507	0.9952004960208511	2.9844298851655475	-0.004810513361500793	0.24558662772934156	0.008660129263359392	0.009397449353869053	0.01212403377941609	0.04477475103068905	0.03231467664356811	0.002767492865863642	968.4342528983851	1068	4.137668854368099e-05
0.26606003251009347	-0.30053998124244363	0.9269245896471182	2.9679914439644604	0.7631811856368423	0.24682808705949014	0.053322672701276476	0.060383908310769605	0.03016769807976436	0.044815567954888606	0.4659788053919218	0.002759793664160465	856.3605645486032	1068	0.0006460872219138371
0.27114925926994154	-0.30456437605630504	0.9501711280232639	3.039951725942633	0.7392594191272192	0.24819172164314224	0.03135654595631909	0.033945943157282575	0.021466437543315706	0.046122542131969084	0.2580273578138147	0.002849753174055289	877.2221113940667	1068	0.0006689410733315131
0.39708147394589954	-0.4493562638073175	0.9847097488511252	2.933980596664105	-0.003894614586364914	0.24694560195966142	0.008580835176849783	0.009425750252371787	0.012126387537477436	0.044728807718552144	0.032270363796316696	0.002774867017137407	965.0487697380051	1068	2.1693626509503853e-05
0.39599192969305186	-0.45117866554113034	0.9914765785045506	2.976386233705451	-0.0006193252408039026	0.2501292579154938	0.008579296959109256	0.009484899822774286	0.012165916911309659	0.044975098814382004	0.032447407829406735	0.0027979220671114687	943.0208335161561	1068	3.634854666697952e-05
0.4039875592274492	-0.4486315770015827	1.0049047032375764	3.0160546670998465	9.981103458799972e-05	0.24970005827993777	0.008732985565607271	0.009424752290624436	0.01217525603550623	0.044962001814869285	0.03243170310475675	0.002783194798538551	939.76241594421	1068	1.8246077347577637e-05
0.4000523758096183	-0.4480173203883405	0.998192681729648	2.9610444580132214	-0.0038361644537417534	0.24609574111126156	0.008640282221543534	0.009398382874440319	0.012175969712225808	0.04481399341121656	0.032246823131570894	0.002771762678933716	955.1966374756764	1068	5.3194315883732216e-05
0.28224915329383443	-0.3143856939133648	0.9685811510099318	3.1077758449975557	0.6868610803549862	0.25364678409345537	0.048078066858750164	0.05357954311111304	0.027343411032044695	0.04512762147854926	0.38288533697476695	0.002818643008984098	889.2932431498309	1068	0.0014554109586689006
0.4000344580127931	-0.4497660666130126	1.0039911751830306	3.0209236391620147	-0.00017849508767436202	0.2491698641915823	0.008656375798035555	0.009451143170807178	0.012186508264586855	0.045034200625666224	0.03245077339736635	0.0027818335913674876	949.6787864971607	1068	1.5833034597150153e-05
0.2641482824972995	-0.29884188176278187	0.9385446000874647	3.014036121744439	0.7990518329002662	0.2501577420914578	0.0563699580733861	0.06361931626861257	0.03169287769084142	0.046588096156868666	0.5005138512425663	0.0028395620546960132	902.7095099329548	1068	0.0006993772647695051
0.610116052846668	-0.6920385291037717	1.0833963788636412	2.946790735843678	-0.5405735686434217	0.24945220163650078	0.06115668675171381	0.0672503559144879	0.026708755391122333	0.043211520586687514	0.09638494845388794	0.0028515981058239307	969.162089870765	1068	0.0020522759730407228
0.39891233990707486	-0.4506007397272992	1.002500576522459	3.0193977754298644	0.0006163205622715072	0.25110134089243613	0.008649533948354072	0.009485413601748762	0.012192074391495687	0.04509392811033986	0.03253045874633823	0.002799445959918717	880.6165487607459	1068	3.903007253463914e-06
0.40144728221284043	-0.4489017563189698	0.990406495177188	2.9722786064090587	-0.0018929729103455148	0.2474770265035425	0.008660132138546476	0.009406900098418073	0.012078940697974317	0.04461972666970621	0.03231362357267889	0.002758895462447239	997.8989107510051	1068	4.372215083666989e-05
0.3988546842603404	-0.447578729267656	0.9871627327770521	2.960878430319838	-0.00618324481849548	0.24530482656935584	0.0086304348829077	0.00940462529372475	0.012142679023902304	0.044867890234527655	0.03231110870810295	0.0027597692733793678	938.0325822777652	1068	1.937528576689785e-06
0.40328687940824637	-0.4477266595164141	0.9907107718555506	2.973376957960829	-0.003083986103869048	0.24805788713838312	0.008716186391941256	0.009404596213505244	0.012110495645027586	0.04478232087003775	0.032362539939358566	0.0027781693630733713	965.5009125388931	1068	0.0001729706758320863
0.28398129591657345	-0.3266368720967222	0.9378806056418674	2.9895494461837657	0.6001434009377116	0.24967861058827842	0.051047580471335875	0.05869459813935635	0.028712413118311495	0.0455689450840123	0.3870451360064947	0.0028098995875236532	987.5235079170538	1068	0.0004538166893049717
0.397784755936912	-0.45295375972386487	1.0031831416062749	3.019400740251325	0.004509234694841804	0.2529657999707147	0.008606640411388793	0.00951014947478441	0.01216772367303176	0.04499428697641273	0.03252471008567676	0.0028118844301014963	934.8845194420916	1068	3.5384004618082364e-05
0.3997236600228323	-0.45012352035909253	0.9890848495320016	2.962136613762637	-0.0006375337353981871	0.2506766607457083	0.008651151566797648	0.009459241010506766	0.012139893853447612	0.04488543940322033	0.03242082820991839	0.00280209905590878	814.767858661082	1068	6.188786942145956e-05
0.39928808522270104	-0.45338168078460644	1.0149399122375422	3.0488681144615697	0.0070233934573629446	0.25279061617758386	0.008616484455277865	0.009494951430945581	0.012221635044602854	0.045173770382095774	0.032483069465631155	0.002806427893956393	977.1130865846926	1068	1.644064056580793e-05
0.7163829177138398	-0.7984382139442271	1.1117126032991609	2.8761535814848243	-0.6745779474618783	0.249618143281744	0.054502078905601055	0.059558180106825585	0.019700396789216496	0.05351033233719769	0.06484516684947976	0.00274166207346809	1011.9510703445783	1068	0.02368563927719542
0.6896963845648326	-0.7752255849824662	1.1006837806550833	2.8949555638785016	-0.6489981298220908	0.2502066604679141	0.03803815274608261	0.04173907869216012	0.018618135274011304	0.045250034967120774	0.047828311576850004	0.0028586656242044575	862.9216322976417	1068	0.007416834299157042
0.4006963670046054	-0.4518497093620778	1.011502341024027	3.0489379089484103	0.004609153543269084	0.2538088837152461	0.008682671349591461	0.00950714319869178	0.012211094668964388	0.045181449474821424	0.03260131577402961	0.0028135057185342256	994.6824682876098	1068	6.173912650611603e-05
0.4001689937469443	-0.4489137021345745	0.9822268327542826	2.9454505011459737	-0.003142614104350694	0.24804724626814648	0.008646215008596726	0.00941990257665316	0.012098459345304622	0.04474605414847183	0.03232912022129087	0.002776722428053749	983.7046149604995	1068	6.687991763583832e-05
0.2776580007997464	-0.31381245213952375	0.9447558817850077	3.0160960549677074	0.6600030541964578	0.24463218472198411	0.06868996917018746	0.07767358459854662	0.037223951446741066	0.04543844376032789	0.5477247314469165	0.0027950618621358004	935.65072271243	1068	0.00038033782835433365
0.3969441533547925	-0.4492498415696567	1.0019404070605202	3.0384033936815684	-0.003237616487922825	0.24799214081938303	0.008623974082768583	0.009474434145567727	0.012221856388611164	0.045269757996066126	0.03254575221366324	0.0027827473814142443	938.7006156652468	1068	1.3997916701333537e-05
0.4032278651001955	-0.45037881650229	0.9984978107241611	2.976889233971257	0.0025795474153603856	0.25228052624906944	0.00870766940547214	0.009448584932275177	0.012124960576654794	0.04471760834056744	0.03240585399165411	0.0028109285467915104	1011.3397026626985	1068	1.4134867240544433e-06
0.39645101002707295	-0.45362714764844314	0.9888292002272719	2.965643940461431	0.004291961366923271	0.2536256922141717	0.008570512724558325	0.009514184837418388	0.012093252429166295	0.044668427409038335	0.03246847448774355	0.002813224069912423	937.5333853787879	1068	0.00013096737296096653
0.643434819334684	-0.7214490461782674	1.0781360308293535	2.8525777372950385	-0.5795124538088336	0.25232899238816764	0.04576016714907015	0.05386254663470634	0.01949767331194633	0.04950534786744864	0.0696085438287252	0.002775162701013515	895.475843164587	1068	0.0024327650124857728
0.26617895543662173	-0.29679451144353247	0.9374025082895642	3.015088855501019	0.7832929621666203	0.24549478479259712	0.05015345614669904	0.05560922061365165	0.028340199955000277	0.0453851944665999	0.4399162651721095	0.0027635606401761217	899.1210699430892	1068	0.0005577020212214549
0.2682359070759362	-0.30227976413972907	0.9396500805061158	3.0084814225347527	0.7522902296281506	0.24708483318247043	0.04615203150289276	0.051876715295953814	0.02636044042131197	0.04509219263919894	0.3962875352412977	0.0027600936689091684	902.5702715988782	1068	0.0010501055224274548
0.6938154624972339	-0.7684922750510409	1.1296201578994758	3.0072374214297417	-0.6381545287805103	0.2543320610887577	0.07980226428731999	0.08801777338977534	0.026321227171192545	0.06311235494530354	0.10469173706367221	0.002832227505688151	917.0624994948946	1068	0.006201598890972462
0.28225712266599834	-0.3194050753764216	0.9449916124683003	3.035522103359469	0.6564365195515506	0.25435297769019477	0.05921983367243906	0.06701243742541327	0.03222239240770339	0.04614827308676145	0.46277628425694617	0.002860320398775059	884.0761307091212	1068	0.0014268330148349104
0.27825590790052734	-0.31801767293329547	0.9417157749427952	3.0070998834047558	0.6608586534301528	0.2520812388331109	0.06322459058929131	0.07245862191696914	0.034798623479673184	0.046238824915243594	0.5039833265663911	0.00284485764421792	942.5614772749291	1068	0.000379864036346479
0.3981184864178898	-0.4497963348057962	0.9909032836324477	2.9807778419123108	-0.002097274857949315	0.24911779263402373	0.008624455116689729	0.009458987660202594	0.012138765913255	0.04487920913689269	0.03243586875649171	0.002797112731200873	840.0636948727201	1068	2.4681144738494384e-07
0.3968656661498347	-0.4514268723094751	1.001488656913046	3.0057297384175268	0.0009430390308477904	0.2519447917759232	0.008613097850310732	0.009507993055005621	0.012214360787732432	0.04516022585100261	0.032538361836101995	0.0028052061280940993	837.3806144860293	1068	1.370130059073034e-05
0.3969873739942939	-0.4509208419003455	0.9984748127387093	2.995542620607348	-0.00010756037463277042	0.24926508727949748	0.008589008924505693	0.009468566476141391	0.012173684326530399	0.044958675512426244	0.03241487421328796	0.0027996228429794366	823.5543485642672	1068	1.564762971716525e-05
0.4032462467017069	-0.45133879515009784	1.0113201393089994	3.0334485825953568	0.005280347308421056	0.2537323293910099	0.008718793878265312	0.009479016022113772	0.012181963333619547	0.04496561617400508	0.03252741477596374	0.00281441342616156	947.9855297982585	1068	7.578277006877984e-06
0.3992286651401577	-0.44922690321958475	0.9994983950212444	3.0171643460781756	-0.0020399119895261643	0.24735461780301043	0.008636913315577381	0.009437054573993416	0.01217105041176249	0.04502898025478678	0.032419781135757615	0.002772962440543907	925.8806448704981	1068	1.3044252119035335e-07
0.8210298686326034	-0.938748683966968	1.103879783924358	2.6627874998308716	-0.7948658278005484	0.2506386762967648	0.06354031427460183	0.07212032869896626	0.02171965724120116	0.05098080020007939	0.055335882486290594	0.0027346472995896064	1017.8701170794438	1068	0.06404412722272083
0.4024086606910855	-0.44722044798094074	1.006777755737855	3.035058451491394	-0.003663412047544233	0.24790697001201215	0.008730300538504616	0.009429281722828125	0.012230637274464122	0.04526648492570291	0.03249272944739357	0.002788656410467838	849.3678935374719	1068	0.00016020295365261529
0.4021053900800137	-0.44711444779126996	1.0012015187613241	3.0111446892566778	-0.004316497558762284	0.2442151233161388	0.008674482230949352	0.009372564117212927	0.01215724303660036	0.044918474277462116	0.032282224718219045	0.002744519725794944	861.0243853927534	1068	9.532489154677766e-06
0.399354163994851	-0.4509307867916488	1.0029846491626562	2.997537489512055	0.0016160234051274594	0.24796127635532864	0.008599607294478916	0.009426148224021805	0.012131281000206651	0.04472211965419186	0.0322866701356421	0.002762797527743689	871.1624295192166	1068	0.00010287906284379082
0.4018084940549852	-0.45171525941599033	1.0171821149419065	3.065398588811689	0.005404665592074293	0.2543174354878473	0.008709213539746168	0.009508664521111073	0.012235326067016598	0.04525355997543183	0.03262853751046451	0.0028263546514219412	925.598185119429	1068	1.8928808255756705e-05
0.4004227106776942	-0.45035418266845323	0.9963260861830956	2.9808558264051284	0.0007338453399553049	0.2512480748950699	0.008663696711100979	0.009463049889022178	0.012156923228084836	0.04488490442760708	0.032438469436344146	0.0028083629830049145	928.7492607455265	1068	9.627708821049774e-07
0.7438769734523962	-0.8336031489376668	1.1046904226046947	2.814462254843573	-0.7118737573598509	0.2500429976128209	0.07560016487224572	0.08341768715391427	0.023691721497070894	0.06270685856393543	0.08306285948232074	0.002732587116420761	923.2677651953222	1068	0.007618053115476422
0.6838295913414202	-0.7811700639394119	1.1038381215999773	2.9128485139654203	-0.6413151945089987	0.2554546524423497	0.07011596426954493	0.07957860609332745	0.024672240511709333	0.058819946520834374	0.09154173396730335	0.0028219782344606004	938.3177652594165	1068	0.021286377496226527
0.3990523793507731	-0.44925449663486183	0.9923711275850253	2.993920791009496	-0.002619601886141098	0.24734366678669553	0.008629030660660448	0.009433543983744542	0.012132221311280115	0.04492012442429191	0.032391551591741875	0.002773301510550497	929.2115260272192	1068	0.00015986989501810882
0.6956978699801603	-0.7881746487266191	1.0988284995469855	2.8923162675055796	-0.6630675140827799	0.25100214338115023	0.04856747981722312	0.05502393093576442	0.019340996545493552	0.0551836357100552	0.06149365421496233	0.0028442365630490405	985.6701210625492	1068	0.01659069771574638
0.39855876273650453	-0.44861001868890865	0.996587183803187	2.991354418164288	-0.003763184044563972	0.24683110586323423	0.008627781775974988	0.00943034488986413	0.012170029792021562	0.04494883983184217	0.03237637884889127	0.002778717312438431	951.5037265600032	1068	1.3194715138592132e-05
0.6967686423908585	-0.7872049242655901	1.100673426150317	2.8447862695377095	-0.6626840528611553	0.24694942695916045	0.09113473474154499	0.10501005488034527	0.030223034635308548	0.06852145848282025	0.11395655228681797	0.002752154988121503	930.9446278499789	1068	0.006655822763126194
0.28462308376395645	-0.31975572531987867	0.9323049461137314	2.9478013468921276	0.6263254383745495	0.24935939972082072	0.0932413802916854	0.10453209146142764	0.04763832427678103	0.044515188353420485	0.7072817182929017	0.0028330004071324	952.0804982140389	1068	0.000800903226174294
0.40082807779326357	-0.45069075103444556	1.008624408430883	3.0404754534790754	0.0023869190044934502	0.2508843795960103	0.008670866168514854	0.009468001134373126	0.012192386565555565	0.045074176072177806	0.03250243683545093	0.002798167648658369	937.1206060489542	1068	3.270086123718946e-05
0.6631869472277454	-0.7346357276868309	1.0877793686343884	2.8786708163387433	-0.6022048374701907	0.2504447747443747	0.12036315619742445	0.13514134928473814	0.040543391717242666	0.07381251034107936	0.17276481857872014	0.0027138472451231576	916.07907716629	1068	0.01137794932753363
0.401397768213975	-0.44979149819380215	1.0076352120076872	3.0255086236282445	0.0008637698283483148	0.2497804987345028	0.008679935477202007	0.009447762050742096	0.012166546566435602	0.04492128063753221	0.032446033358950244	0.0027891798019146906	932.4562148352804	1068	1.7704338425872428e-05
0.3993414245326494	-0.45126829393770107	0.9872603436481696	2.9689322746681186	0.0012666569791113039	0.25398593383590623	0.008665891530405711	0.009506482633785236	0.012130291441748294	0.04490343913526993	0.03256217555157819	0.0028173856833631737	946.3202312671235	1068	8.006336844028219e-05
0.3984850096628987	-0.4471289304653433	0.9906965968810332	2.9854115438245725	-0.00702037671613529	0.2460240295029648	0.008652500407421783	0.009428302606499961	0.012178026178827944	0.04501484973081291	0.032429489953335465	0.0027734463575428887	871.6878433009647	1068	9.171694746471292e-05
0.3982834722233595	-0.4515156537841904	0.9878073582437623	2.9504547528129894	0.001149209521497771	0.2520796546538906	0.008616175763753618	0.009482062287571614	0.012116464777299713	0.04474841108253134	0.032422897836635566	0.0028055043063326887	917.4071493130688	1068	1.7175864708922776e-05
0.40017805883588575	-0.4491684639365517	0.9916347691614578	2.976339743121312	-0.0020296844296330135	0.24877971092812556	0.008657434446875306	0.009436564341689638	0.012133718786847282	0.044844366924903054	0.03239339297838286	0.0027847507897880795	858.576238415726	1068	3.7698929375367137e-06
0.4037370052024494	-0.45088604076091826	1.0048945426093188	3.034608148523612	0.004283358954435046	0.25339314845673894	0.00873185558973933	0.009474830906800978	0.012122758923771279	0.04482523152978908	0.03255816080986307	0.0028043581411716176	938.657889253314	1068	1.1354301408311568e-05
0.3987885520274402	-0.44992744157286135	0.9904351120071094	2.9657696136111746	-0.001337186211884055	0.2510820485197064	0.008650738707746401	0.009475492262050677	0.012150116285695647	0.044833564949992834	0.03247479022777378	0.002810966317695974	900.3468363342504	1068	0.00016293636985795915
0.39626170334015226	-0.4520571882340385	0.9978377750228862	2.996847024918485	0.0012739297167544115	0.25034292293712523	0.008572046935363559	0.009487230434215236	0.012162102081758133	0.04496984933666314	0.032435900566018964	0.002785995976980172	945.8560507961126	1068	2.298278098569336e-05
0.40037996842495516	-0.4493397616823827	1.0038978375983845	3.009330694338021	-0.0008116814459304129	0.2490644535954745	0.008666728835394873	0.009444914462253895	0.012194946075463103	0.045020522846784185	0.03242859306456307	0.0027877957456555686	951.1293816015993	1068	2.961497613889568e-07
0.39970041544164514	-0.4487646308620595	0.9897308435463031	2.9689568488258544	-0.003086564882118067	0.24825317330677285	0.008651358679995117	0.009433399557988682	0.012122848258676301	0.044736482959641104	0.03238569467312907	0.0027799331479767646	916.5904311827989	1068	0.00019816085980671144
0.6876434788788369	-0.775302003440271	1.0997715818788205	2.890709198894661	-0.649438485450859	0.249261816653935	0.07684348668388115	0.0866994958888949	0.02578607279983829	0.06172648946969448	0.09908869532511341	0.002740731243496316	944.8176528335134	1068	0.0019323491963784427
0.2779209539210699	-0.313948536771088	0.954196181568138	3.070673966846453	0.6779685010414039	0.24969787773324342	0.035058772451204825	0.038655405855378	0.020632333691697733	0.04567204193661278	0.2743889041789781	0.0028023587742871977	952.8224401200944	1068	0.0003602091465148651
0.3996162019274265	-0.45043476134433097	1.0177255043308668	3.0531446660907644	0.0017659229944008707	0.24777474670373317	0.008622292029185422	0.009436634322441243	0.012208283260522583	0.04500456818650991	0.032376953991871606	0.0027665599195126653	897.8004558779407	1068	0.0001501976027589603
0.40163119593771685	-0.4526261713803472	1.0108557027819114	3.0375161728670754	0.00666836377814887	0.2549992906468988	0.00868794213500912	0.009506856235116773	0.012177347756839077	0.04502033613244773	0.032571108007263545	0.0028122415596589243	955.4686824324694	1068	7.395246551852359e-05
0.2802462529229915	-0.3143325654488048	0.9463521741650708	3.0260688154792064	0.6636965826412786	0.24757002584042515	0.04513941526376003	0.05053349978947464	0.026263350518867613	0.04590141086980993	0.35888462366536367	0.002766279334210743	974.851768500298	1068	0.0004573476588842596
0.39835463870057713	-0.4513589480221833	1.009198989297039	3.0186891577439856	0.0023015572205234112	0.24984229728142737	0.008605902704559942	0.009465141981584008	0.012199489909882132	0.04496874765063916	0.03240477972362093	0.0028027005217411945	957.2761636404128	1068	0.00016835789032720454
0.2707522867354312	-0.3071140454677011	0.9561976276213362	3.110032001003557	0.7291074215853229	0.24767635036572108	0.03629029925771485	0.04173818115239844	0.0221120786178373	0.04567650564226765	0.31032035977329137	0.002835301299989002	940.6230424590458	1068	0.0030635462292803194
0.4017900604153677	-0.45011849441087376	1.002437144152572	3.0046516358837505	0.0013679627301996825	0.25150190099315095	0.008694959714570532	0.009461926392847604	0.012174013333698493	0.04498738291928206	0.03247420824186322	0.002801484617728647	939.5977927374323	1068	0.00016197554018720784
0.4031659381813623	-0.44921158079960355	0.993291514175398	2.9544499773613238	-7.378609791769517e-05	0.24929993608455317	0.008690187128967974	0.009407533425791221	0.01208742887223839	0.04457886613348386	0.032284243385200966	0.0027754245108647176	907.1904282821408	1068	0.0001892888359813026
0.27422369216404163	-0.3135594535991091	0.9448713999852074	3.0312119365681793	0.6763771463726187	0.2460340571424649	0.06856758953163905	0.07846779821488743	0.03694079817536924	0.04638815586716709	0.5586582210655179	0.002751917907779309	955.5334032199646	1068	0.00034792948221059797
0.3990072762661895	-0.44788684714927185	1.000495278543399	3.002137046146705	-0.00477700194631236	0.24524696892549214	0.00863331309330772	0.009410555329759108	0.012190947309342495	0.045035930235206495	0.0323396504935441	0.002763638945642208	939.2311872654687	1068	0.00010605483602574414
0.39931691050506474	-0.4495651462110446	1.0053442991845112	3.0074188986273973	-0.0008256790179688568	0.24756017820696985	0.00862554431035375	0.009429913039076195	0.012209799830418772	0.045041307213047915	0.032348749731283905	0.002772686064099684	919.7532048265911	1068	0.00016631947126451453
0.40072420263221253	-0.4508936101750248	1.0023340321022691	3.0064993241066906	0.0023171998082248163	0.25127924862063866	0.008662673991115564	0.009464166709246272	0.01217856665975781	0.04499548010813903	0.032450981687891116	0.002797967057134971	1009.557759047719	1068	2.0983249695099018e-05
0.39855092874630993	-0.45087754945508196	1.0044925338235675	3.01475822011858	0.001068665062798758	0.25155905411589274	0.008642647375162581	0.00949218197522788	0.012206252119890345	0.0450969719975107	0.032524113589600716	0.0028083731735242708	856.8735228698306	1068	5.038685922603644e-06
0.4004352124729696	-0.4495619556717606	1.0056111348202001	3.051755597083796	-0.0002643854160718896	0.24973529324903543	0.008683419183022841	0.009466941132714365	0.01219164948869629	0.04513213112314076	0.03256181481930347	0.0027841369630951457	1018.7744673874356	1068	3.9446536364504916e-05
0.396984112892472	-0.450016575115093	0.9995153785884724	3.0056207943384092	-0.0018807367374655919	0.24823287053150528	0.008600645972424563	0.009462750630344205	0.012209500276097018	0.04515142117355498	0.0324371379291723	0.0027817713694716388	846.0721476703573	1068	1.1371983475226321e-05
0.3976490197615107	-0.44943501209525927	0.9961480233801957	2.9653777271218766	-0.002637051456983012	0.24818502693404534	0.008608619773816497	0.009445022083895253	0.012161391355841565	0.04478581546709478	0.03234983278684834	0.002781953586548878	917.0488970849012	1068	0.00012984343323485333
0.402055658312397	-0.44859113403841755	0.991242322451509	2.974970843600364	-0.0020371806945019247	0.2495016053131567	0.008700588028189642	0.009432210832919109	0.012115543744693176	0.04476316460211314	0.032416757011333064	0.0027874978472483426	855.9485108569318	1068	1.1207955008477043e-05
0.39872453655191437	-0.4494121016525669	1.0047180901021668	3.037623403319396	-0.001698115248688157	0.24634016426232877	0.008618459725781652	0.009430959959523453	0.012169232448438708	0.04499913625994644	0.03240191737749622	0.0027618306345063405	885.4477860862344	1068	1.1115234206853933e-06
0.40317102152491213	-0.4510475129411879	1.022299901202635	3.077473596036513	0.0053306182944089005	0.25398758320358134	0.008736748912471457	0.00949604577513421	0.012222880790293099	0.04512349104566861	0.03262403733471906	0.0028150205837856475	993.5747120403391	1068	5.697293637409027e-05
0.39726078047948443	-0.45280109005900915	1.0092998713676795	3.060788178086795	0.004309716227373877	0.2538912281687215	0.008625674435722689	0.00954152858805934	0.012210034316515508	0.04521100743181099	0.032674720021393676	0.0028224628434905946	909.1950024216985	1068	4.123243586644354e-05
0.4037100355408299	-0.44675559637796564	1.006704221871065	3.01876745928967	-0.003591735088747628	0.24662740748012893	0.008733435387212761	0.00939358850811937	0.012203374525426788	0.04503018651418652	0.03237736836758333	0.0027765207486367635	914.3460054776169	1068	5.273389532104912e-05
0.39895481366677127	-0.4513158769847123	1.0028767535896512	3.0181956095971842	0.0020817162979715263	0.2522468440034291	0.008647779360591544	0.009496709547448641	0.012206147855301845	0.045153681842091294	0.032544121402229564	0.0028072496032373827	905.2879097608737	1068	1.1905672931903236e-06
0.40214754612398074	-0.44918734461436594	1.0061836733312224	3.0265186830434336	5.609218333374512e-05	0.25101541376398484	0.008719512283016312	0.009462231769828723	0.012188311604013907	0.04504628823601668	0.032530577061579795	0.0028083871812940144	989.6042509902147	1068	2.8894213489755423e-05
0.39813821502939356	-0.44892298556457494	1.003015926269131	3.018495054263284	-0.0026553617652527173	0.2477943586450588	0.00863488293851109	0.0094518618692898	0.012206454617595876	0.0450909016514723	0.032465228211966346	0.002785460025835939	987.4332756001493	1068	3.964236466112859e-05
0.402274385413234	-0.45133523575225387	1.0093776924139708	3.016142803835143	0.004567009520449374	0.25215967151591684	0.008681045236593665	0.009460043956454365	0.012150575428829608	0.044812771685230575	0.03242853941133469	0.0028038572933471464	959.6273467979061	1068	0.00011827790298649698
0.402923284821555	-0.4513901717301191	1.005664035619329	3.002905897193071	0.0047988895971798826	0.25356389965974657	0.00870404023564565	0.009470636710729119	0.012159417685252805	0.04487193996125342	0.032464140030970194	0.0028070369289440226	874.7305906929857	1068	3.900983513352316e-05
0.3991444696390918	-0.4509462406657125	1.006567700892012	3.036944462418847	0.0016499545860025554	0.2512081746244779	0.008649784263955716	0.009487530157282275	0.01219647234387143	0.045108563529565666	0.03254284225679713	0.0028063505274409433	958.5937044774273	1068	1.0180885509282491e-05
0.3952607105071281	-0.45167400607001745	1.004230689164479	3.0478832986811892	0.0006638501348689836	0.24989185418849819	0.008573888011261273	0.009505890850195185	0.01221805953856307	0.04524137749433167	0.03256526494750381	0.002797199497286127	938.115657577332	1068	0.0001686543418566128
0.398142252302143	-0.44889572575425263	0.9942131267559023	2.9804552287575548	-0.0036991800466771455	0.24625010018680307	0.008607464331211224	0.0094230212959283	0.012158783053803506	0.04492431588620186	0.03232708688921922	0.0027705171275267237	964.7358632236941	1068	5.815699868893186e-05
0.3960678754327391	-0.4489182925920812	0.9835125038316364	2.949669551463566	-0.005534486314393148	0.24513726036650133	0.008562712904789648	0.009419547853574052	0.012104285099279272	0.044709557865103264	0.03228094071041393	0.0027566145654558936	866.0272225985987	1068	8.32573626814697e-06
0.39790317127092906	-0.45264042227860896	0.9861591555170665	2.9388347892078355	0.002980160498335087	0.253685559070957	0.008603929052206163	0.009498723326362328	0.012096443066009406	0.044664184888045064	0.03242794711653645	0.002814197526132294	938.9763140596951	1068	5.9373806207782095e-05
0.29045347042658265	-0.3267393660283912	0.9532717412929806	3.0251365202492235	0.5848665486968794	0.2470293210270604	0.04830868471494341	0.05416533770669246	0.02641466145171414	0.04591239006865886	0.35725268693257506	0.0028048105228470873	959.7692838261563	1068	0.0019441169687771577
0.4033539551592066	-0.4478283935942775	1.0127906349528193	3.058355830905943	-0.0015205485990483015	0.24946474886855555	0.008753287931980122	0.009445350217544684	0.012212815483451822	0.0451591476872709	0.032555880155945544	0.002796752950810587	915.7501467162758	1068	7.458276402365765e-05
0.3976493321945387	-0.4515991154671754	0.9919308151629082	2.961979072960514	0.0011988639031889493	0.25180001138923885	0.008607442087152622	0.009485604716751014	0.012146509133483994	0.044840762779952865	0.032430852668358164	0.002807150980167049	917.1656618005541	1068	2.160552607118131e-06
0.40053373817981947	-0.4504806350009331	1.0051738807664443	3.0240340284122804	0.001633708800627566	0.25140750030118	0.00867483587769191	0.00947470911075003	0.01219337556506141	0.04504539207248199	0.032515096391456964	0.0028089335872997605	911.0464132871292	1068	9.081532668127305e-05
0.39976410148854985	-0.4517083338251942	1.006095763786318	3.033077296019371	0.003530554047464803	0.2528554156659489	0.00865871959059663	0.009499176684545845	0.012184951099013179	0.0450564186284005	0.03256223979569238	0.0028083395603915222	882.6598578126302	1068	7.867670564828587e-06
0.40221853666522506	-0.4482155456156231	0.9885247165563031	2.9374048046815453	-0.0027368236263712858	0.2493238913217907	0.00869815710895581	0.00941762447511289	0.012120922179813004	0.044664416836374864	0.03232880069404193	0.0027936285661013718	916.698396546476	1068	2.2984509349908546e-05
0.29260249687172196	-0.330409945070891	0.9556213602791611	3.0370038110364987	0.571367754056041	0.25070132015818525	0.04920527993798936	0.056869328426710296	0.02798543875513737	0.04570218667407195	0.36423113424689707	0.002846702376451935	908.1418679883612	1068	0.000309744700266402
0.7652291996004683	-0.8526937704183475	1.114768705908314	2.810662788666797	-0.7299587140866552	0.25026402600345926	0.07137291300899956	0.07776092823519727	0.0221510248134858	0.059255430429374735	0.07365302820287171	0.0028396474098715367	897.3197520146775	1068	0.012003043122061007
0.4005342987542707	-0.44892812491917056	0.9896118014570039	2.9732037093861092	-0.0024897825580660086	0.24867528085060056	0.008665118753161656	0.009433043354675522	0.012140037899758122	0.044923124903874206	0.032395683793814974	0.00277732952344498	936.9794322787911	1068	0.00014680982825646498
0.39720662971740633	-0.4494480494231949	1.0087140238154206	3.0338062808047925	-0.0022461139525878485	0.24859784415544506	0.00862780579212531	0.00947524116542429	0.012255435609476954	0.045275258309052935	0.03251331107090261	0.0027894059342834345	926.8544316344761	1068	3.4815327894290066e-05
0.4018907637585801	-0.44948380097461865	1.0015027149387914	3.0047571519562886	0.00026885530085147527	0.251728988091944	0.008713372316510063	0.009465955228617387	0.012207667412618637	0.045119864155576686	0.032514795490441055	0.0028103730684453793	875.2218371848703	1068	1.1102125752161493e-05
0.3987228497354214	-0.45124504589387665	0.9871366894444806	2.951153345538059	0.0008004863504937678	0.2521015285979642	0.00863018475414945	0.009480687459974301	0.012119497432533788	0.04478948154010532	0.0324361530821221	0.0028082985955550552	913.2199056063689	1068	0.00010257941341574457
0.4010188555626695	-0.4501082232042736	1.0129521499825918	3.0540741440575254	0.0015536422789352443	0.24963449574845917	0.008673952693356171	0.00945568000486599	0.012223143797343383	0.045209697727248595	0.03248614628874216	0.002785367997194831	923.8168183054446	1068	1.1532623125480516e-05
0.2732108226311866	-0.3060524826189967	0.9462951028820205	3.0234765876166616	0.7458248243481066	0.2527675449095326	0.047980987991874835	0.05347659071740482	0.02731189776493328	0.04542287303695413	0.40227840781244867	0.0028145023583944833	804.1677107952712	1068	0.002003150332367728
0.26095791063465357	-0.29424938014346186	0.9331650897368318	2.9727264477473194	0.7937412418904157	0.24008643368641922	0.04142003281562704	0.04516324496622063	0.025083475480761744	0.04549358157122391	0.3635997962839291	0.0028225066404796756	955.6066255930781	1068	0.003373289706224696
0.39935538760180084	-0.4496014016710447	1.0183986755102767	3.0755804471345773	-8.350591821487121e-05	0.2483938412995278	0.00865514500097036	0.009460830677153819	0.012264336356587354	0.04534553028647622	0.03251518465833814	0.0027939012573842993	915.1562641172961	1068	2.246633196361051e-05
0.40369186979450555	-0.45273700330806355	1.0287536777786155	3.1165842938337267	0.009208676298087347	0.2557542219211677	0.00873647962119448	0.009516701259097966	0.01225315824943245	0.04539167320159931	0.032687105236289815	0.0028248325784543575	1014.5463381293855	1068	1.276593561776823e-05
0.3989577379290933	-0.45173882338379323	0.998691258304694	2.9740079096478396	0.002803451548090731	0.25048114906482877	0.00860181006933754	0.009454032735546966	0.012132690692947569	0.044702377863349275	0.032329498285297506	0.0027879540256295623	940.4658610040627	1068	0.00015433683363357356
0.3965279469979493	-0.45028590755582615	0.9984056953807123	2.965016140960447	-0.0015955026483080574	0.2494868482592085	0.00859352840824374	0.009469694051302182	0.012193248915830164	0.04490457458906896	0.032384381503282544	0.0027968650093174816	877.9418864000303	1068	8.489534336908313e-05
0.4003274090831339	-0.4501969805846865	0.9986857499645911	2.995947824565282	0.00030928251464838773	0.25025212013709075	0.008658809247309713	0.009455432987026854	0.01214904624019959	0.04489117544341481	0.032429890367448554	0.0027883522577694247	921.4222165637666	1068	9.158772425459241e-06
0.39795575845943193	-0.4511362946323179	0.9825746978909027	2.9338795537877878	-1.3567223665154459e-05	0.2493379129269343	0.008581537193717964	0.009442731062984487	0.012043053142362902	0.04441920442228043	0.03229085135504535	0.0027750162989097706	880.8243014318743	1068	8.671162518916097e-05
0.40040635455363144	-0.4510278601942963	1.0104890568298672	3.0320049891592573	0.002983436993729763	0.2502169998234869	0.008645680595690939	0.00945677845437222	0.012165473639543069	0.04485488376850739	0.032428531488154194	0.002787293867004112	903.0734236576587	1068	0.00019040743357740325
0.26783026827777323	-0.29951847342587695	0.9443871456041091	3.0275468850519434	0.7904967226884203	0.25152158294454735	0.03470603802507392	0.03861640795251599	0.02153538658065426	0.045643484633928075	0.3039661620390403	0.0027717273065105	880.0823995634025	1068	0.0027345482613398415
0.40063046357326887	-0.44933229090305765	0.9747199659554375	2.8962120900719635	-0.0025220975751925317	0.24959821533084484	0.008649825423877388	0.00942215151494181	0.012045726540831194	0.044472882763063375	0.03227236492147856	0.0027877628202366716	983.9232977214103	1068	0.00018555836210555087
0.4033498586421376	-0.4486227873269186	1.0053499650636974	3.0207722732972746	-0.000304412963447775	0.24950505858948582	0.008724823941709477	0.009430192989427672	0.012147334182528533	0.0448432174716835	0.03244717219068354	0.0027847640389703308	892.6914605724749	1068	3.870703101778768e-06
0.398311145865483	-0.45070825420637733	1.0200536255460704	3.095706298691351	0.0015590359064811274	0.24727093609981685	0.0086085190143422	0.00945489956956812	0.01224986851174584	0.045316626912332764	0.03247618199681933	0.0027682347262627163	994.8046347391296	1068	0.00015421602564759257
0.4015465440393977	-0.4471108608015256	0.9835317862760128	2.9222824957127598	-0.005690880523535328	0.2472939796003884	0.008687187091434128	0.009397673994155935	0.012104292599148438	0.044635909535259644	0.032280794959925065	0.0027749723611324713	890.6188952573347	1068	5.5497861090057975e-05
0.396574543294843	-0.45165233214234374	0.9965974026277882	2.9811112936916166	0.001044649730092291	0.25179239426101246	0.008596614207305788	0.009498829752066942	0.012190311882459622	0.04498847591333276	0.03247837248741735	0.0028068441999398964	932.8527112730326	1068	0.0001793056707927238
