Nu	au	bu	cu	Nd	ad	bd	cd	Nub	Ndb	kt2	Nu_err	au_err	bu_err	cu_err	Nd_err	ad_err	bd_err	cd_err	Nub_err	Ndb_err	kt2_err	chi2	ndof	edm
-0.04056992174046514	0.6434922299173116	3.5910673114508764	-0.5780689553606607	0.030772709497179918	0.15374866930155578	4.782804242554148	9.13480320612806	0.0	0.0	0.15946021734370358	0.005111805518501544	0.05880578788747104	0.8642781368898218	0.7500193505037926	0.001718098680540514	0.05123959443835627	0.26781476873525545	1.378365094400453	nan	nan	0.009229702908408507	224.43257325921664	464	7.62731784285895e-06
-0.04299669818754637	0.6652658917995673	3.473949619088406	-0.6273351676695522	0.05473630175645261	0.3999893464308457	2.8570851744047876	-0.5390935210083686	0.0	0.0	0.15208153547773628	0.017067878787049295	0.06780346084778899	2.2942855249091574	2.2136297411818244	0.02526288934653298	0.07376906221334592	3.1688654297105514	3.5069143117639783	nan	nan	0.009026290906516327	214.43659217202384	464	5.31522598044309e-05
-0.0367600696702578	0.6954770397984182	4.940581978312819	0.7208750571928395	0.05560528151970545	0.36304704669538296	2.5552296442434197	-0.5682861932993002	0.0	0.0	0.16368693510171073	0.02245312303641317	0.14862066154365244	2.5621829724924288	5.366294606336191	0.01879762161948484	0.07214835604483721	2.4469685492046387	2.523104054177744	nan	nan	0.009175114910890764	268.73132474110525	464	2.860784243141202e-05
-0.04334132375120092	0.6038943891698971	2.820154299959543	-0.5940564428299853	0.04717269177098582	0.32780518701677813	3.171053077325051	0.9759610954082216	0.0	0.0	0.18413501348509748	0.01569726741735117	0.06553513522854659	1.886943418676554	1.8331767514030974	0.012074316502924787	0.14445664125255048	1.1318245652333037	2.9599672958259355	nan	nan	0.009504691548660626	218.13119232146454	464	1.2606111212322318e-05
-0.02511477149975294	0.5325295130052046	5.595784026170037	4.74815979945043	0.04633208094635144	0.34204476565733366	3.6087480897327677	0.9725063444913072	0.0	0.0	0.1460216201112548	0.016954431778324508	0.3316729851946172	1.0470285818507286	10.672868107424655	0.017374583533977805	0.19458289137017024	1.790471009919046	4.650700669534622	nan	nan	0.009146266637288888	229.6401987630728	464	4.788313490342421e-05
-0.021635627487879283	0.49852760035634547	6.08885940701549	7.377879733415162	0.035466301939862	0.3090897200230539	5.361893535340179	5.501901518947023	0.0	0.0	0.14594864742304214	0.0024796569309550875	0.08239501772785643	0.44847205559747216	2.2648159331891518	0.0017252548915962507	0.06309722031801196	0.3238645734534984	0.9746593442055748	nan	nan	0.008838655825206931	214.3288674221003	464	7.109246106450089e-05
-0.0341053083092443	0.5995000789188323	4.261424728822197	0.9849272646598207	0.054725896937925844	0.34083114480963406	2.30067537692376	-0.5749423638996577	0.0	0.0	0.15301967535174235	0.01514376896448999	0.13186889370690935	1.6787780894105166	4.031510456135724	0.011203439677781146	0.07100833570930307	1.5024612112743203	1.4815107108002503	nan	nan	0.00899352030525194	224.54994291182982	464	3.049007995551247e-05
-0.023926869081165703	0.5058517083820229	5.609622040113703	5.487480861142674	0.04616678402089547	0.33285428855241916	3.555507632131269	1.000910355857497	0.0	0.0	0.14684018507888746	0.01491584144925484	0.31439890727528774	0.8530891776602156	10.622395812396721	0.013367612277689567	0.161225108155736	1.398803089672244	3.6373325330779007	nan	nan	0.009114382339983976	214.923095398765	464	1.606407147293363e-05
-0.03033719581540284	0.6096629051505766	5.154948582854269	2.2800923416223937	0.04191285587316984	0.30688866548278104	4.066044801168172	2.4937354327353805	0.0	0.0	0.15183912854021936	0.02557378739463395	0.3278956033753686	2.2432591275701417	9.739210398250155	0.016824866727448984	0.2713366854688287	1.286471105361998	6.621056395024902	nan	nan	0.009266130451081933	272.4607472684779	464	5.4453477924197994e-05
-0.050499770248255915	0.6679226583499309	2.635017471471046	-1.3762297608509488	0.033956593636389476	0.20652569696721018	4.450542593959423	6.36324499712592	0.0	0.0	0.16625227872180842	0.014950308707286253	0.10318379437375425	1.9738109135985433	0.9944277245512539	0.013615119256840447	0.374140944882351	0.4879437452792983	11.84839163958628	nan	nan	0.00962530471136229	241.7885643994942	464	0.0001717017667401474
-0.03419507014510681	0.6431023234543091	4.903219644762463	0.9833379241805923	0.054704430027576745	0.3519216554043566	2.552594930344254	-0.5858052075984228	0.0	0.0	0.15445106977258422	0.0164524135385678	0.13856519494215325	1.9865797083305305	4.5721479013408235	0.008719900625678512	0.07277701287631402	1.2950670732979614	1.2187230203588868	nan	nan	0.009131676652671408	216.80064347484875	464	0.00012127353978154013
-0.021875937105744536	0.5346607127874663	6.479286272045196	7.364652801537505	0.058996353384214384	0.44769695293025413	2.615014939057767	-1.0512824909121847	0.0	0.0	0.15233631355072969	0.016805222578619383	0.3900896442369357	0.7274634727164844	15.254687966950815	0.01658135822572082	0.1066142081517871	2.338227540931809	1.6197659931668034	nan	nan	0.00918364182465313	218.95850792507912	464	8.07661227637e-05
-0.028934470760347386	0.6194344172016462	5.565810337808589	2.784228200216603	0.05643511613995855	0.43404715673651834	2.7782974610064604	-0.5920261818413799	0.0	0.0	0.17402274531093126	0.011787104000651971	0.17019865589080985	1.127465541433252	5.070122628138095	0.010309534893685801	0.07678696379730623	1.3263086897157534	1.2405100933319673	nan	nan	0.009367791922878788	258.1084828977991	464	0.0001359995818609886
-0.028283902370335068	0.5547534896440638	5.035292969386241	2.865680535739251	0.054666575838382636	0.36082176880980765	2.4829847113307424	-0.592523390032688	0.0	0.0	0.15117104730419742	0.010388630525404952	0.1612471500632438	0.9513884308063218	4.608901435282627	0.008308599554069818	0.07263376175695821	1.1921456669907111	1.1043910101590235	nan	nan	0.009063550384105404	201.1279468898772	464	5.271185480642383e-05
-0.029853796450867165	0.5959251553971388	5.251388171245387	2.3698815955968566	0.0558553212827515	0.36462774352259825	2.3784759491486622	-0.6223034565632932	0.0	0.0	0.16134660229886286	0.010293926723266122	0.1448515032799235	1.0389537994974716	4.085198716082737	0.010640657829501188	0.07221564362314209	1.41413590512727	1.3114482225717332	nan	nan	0.009164256665182127	274.7070390481683	464	1.3462671822539693e-05
-0.04543573627678421	0.6735343063975695	3.2201598635810953	-1.0445942726675612	0.04360213410905711	0.3533870908330155	4.091079485903476	1.7752441144561861	0.0	0.0	0.1433474795144173	0.018964208910317748	0.09232926364181843	2.682782896651039	1.9380887531932145	0.013053729174525741	0.19848644530590784	1.1142649112425747	4.265012463383323	nan	nan	0.008970934816811202	224.51949541886276	464	7.77145222333009e-05
-0.042059743071825584	0.6453685078753622	3.5159720509882737	-0.5658479220404212	0.05487865855386942	0.37208904540890225	2.728250724443806	-0.5277610539369233	0.0	0.0	0.15692692755783622	0.018451364046475904	0.06622255177132946	2.523205888190603	2.577422293372055	0.021286467032790357	0.07176931619709975	2.785398435118267	3.02444521141352	nan	nan	0.009167950175218806	211.93543174019194	464	0.00013757212627055657
-0.04239451943889927	0.6843703436226312	3.7121761424722424	-0.6290716853749605	0.053412756412007045	0.416305935349913	2.9902540948018057	-0.3440290105068081	0.0	0.0	0.1587123974113238	0.006497834776619527	0.06568019158018912	1.0174674340065812	0.8834962458737863	0.0036488054857829466	0.07066726813842247	0.5739357530669515	0.531416185946143	nan	nan	0.00910158974253815	258.9506851261817	464	3.3138348140288957e-05
-0.050748305082977896	0.6378402458734855	2.348125331271552	-1.415852962083651	0.03892123165034911	0.28348028554454496	4.35998007426874	3.549241302680283	0.0	0.0	0.16003083099013984	0.012328602910834374	0.08948342263499354	1.5510650015904606	0.7374539041778035	0.010321005571372832	0.2202531145064663	0.6949344864846574	5.264208034713094	nan	nan	0.009412437995915332	232.39901394422606	464	1.4773701923740542e-05
-0.04123490704465149	0.6008668176092873	3.0286097837899972	-0.5793526252143159	0.055388229317128834	0.35477165267108335	2.131008892749197	-0.6309883139370818	0.0	0.0	0.16775985605747057	0.01625167033628594	0.06640500919044445	2.1591452714137027	2.148226376887339	0.01876226874600484	0.07282083300592235	2.2123887910031335	2.157305383892487	nan	nan	0.009413396434456267	213.89746967907993	464	6.113158676968619e-05
-0.03787996287432149	0.6698862840214915	4.474780713474287	0.21319123513086227	0.05494465951820238	0.36096517011814205	2.6088239338199157	-0.5743188856230508	0.0	0.0	0.14517946027797765	0.0202062840824333	0.1046678765996844	2.5781041989146107	4.20439304141734	0.01048513101248616	0.0710771830165347	1.505745839523451	1.4573610806373902	nan	nan	0.008858713786560307	244.4941878026591	464	2.439610056397257e-05
-0.04255507030701877	0.6959714130346337	3.844717963457522	-0.5719763650969304	0.04001926733978367	0.3678110728124687	4.774295093266453	3.24559027964673	0.0	0.0	0.1733970225804868	0.005717053682282425	0.06324133324098918	0.9055768684147143	0.7950602561145713	0.0021167190641474543	0.07358484564528212	0.37196622777901034	0.8610554689575898	nan	nan	0.009270522522474012	245.58898492863594	464	1.0652012138816554e-05
-0.04383876638906725	0.6939975907439382	3.6332954566730598	-0.6630516484636336	0.046822837499948644	0.3697447801821358	3.6497607447197353	0.8776811592963317	0.0	0.0	0.15586804480730157	0.01818943319810684	0.07084718847823279	2.4311463854812945	2.304366818092768	0.014725774224015775	0.1673997161022841	1.4705502332256613	3.67016003973835	nan	nan	0.00917525783819717	266.64750635124415	464	0.0001062223081393351
-0.033273672425678136	0.6653991543516906	5.0157149841999455	1.2435537729498298	0.055392118507908705	0.4502615280680377	2.9930315663583484	-0.6264628428411254	0.0	0.0	0.15183961883092184	0.014010032261665029	0.1356371694932823	1.5838070105584157	4.07109174660647	0.013189639738755088	0.07981473369381165	1.773643066879779	1.6685114361310134	nan	nan	0.009112476958215404	222.69852385617932	464	0.00012367450685855805
-0.020658388500363722	0.4648828431703553	5.972539109904467	8.366486083291493	0.054593524201366206	0.4104801044214526	2.8281348977027454	-0.5220478703073591	0.0	0.0	0.16293721693611968	0.009980815207052351	0.25691269102489117	0.5196432023932882	10.360301409227992	0.03822254985536566	0.07574802539361958	6.41404174817332	5.15528791349198	nan	nan	0.009277194801530733	218.05149180339984	464	0.00013338949562307555
-0.029820742766256902	0.5783165065185819	4.89271179300456	2.2930822934409445	0.05562581719870474	0.3812941257260865	2.493675652696803	-0.5792498407294725	0.0	0.0	0.16737228633069207	0.0145814728510128	0.18623520594398166	1.4004661752637706	5.620297166552239	0.017877425589337026	0.07374913850350823	2.216918143725227	2.2354752821076986	nan	nan	0.00929908266750891	273.6809100228948	464	0.00018206460333500743
-0.03707263322055232	0.6295379562782848	3.982653459155141	0.3407444180301842	0.05551452601750939	0.3745500501683785	2.4565741874811344	-0.6251085652909367	0.0	0.0	0.1537752325541707	0.017166343752210877	0.10228978740099676	2.044211227974304	3.551704459842307	0.01912851670851945	0.07329180846438402	2.4155016637515745	2.386364224199315	nan	nan	0.009058131088060417	215.66041069278288	464	8.96188623955896e-05
-0.041023603457917	0.6462993529346565	3.6815970038032813	-0.552633061907611	0.04556790543202571	0.3431261456865921	3.896866490661439	1.2867997368267066	0.0	0.0	0.16268394120462398	0.01361625845353398	0.06949489760042654	2.037851165830722	2.0343343552516435	0.01324795504949594	0.1784448404868933	1.3252355996768328	3.9416249942241564	nan	nan	0.009443841418599705	223.98696079295098	464	4.53564196945937e-05
-0.029603280796043574	0.6226373928404103	5.653539746379619	2.5562278014928514	0.04789353189227086	0.374933806327992	3.8532566357665066	0.8524074678761139	0.0	0.0	0.15734517904265105	0.0037496628914955865	0.07974124065715993	0.594459631281758	1.5546710131415853	0.00240638679539662	0.06911759414212851	0.41084050026267915	0.5958187361054591	nan	nan	0.00909246172827495	246.83766726920098	464	0.00013496769505449475
-0.023714373047961756	0.5039857674529525	5.466485735733473	5.553838860409592	0.04225800284181025	0.3395073434978477	4.101181714355376	2.1870626414095846	0.0	0.0	0.15853991306222995	0.01277079853652996	0.2778229393485509	0.7225751197908532	9.110131303310279	0.013808524353828178	0.22409971867091272	1.0772084737801704	4.952488361550878	nan	nan	0.009246384487007805	240.72559239461282	464	5.743260151067401e-05
-0.04061297767130734	0.622968015205273	3.4979314462598894	-0.49615401925845387	0.05403882389827741	0.37105980238917263	2.8597309259581616	-0.3455889361618029	0.0	0.0	0.15701247879897817	0.03028081760907514	0.06669297238884714	3.830618193598296	4.566154726427463	0.022180252312381743	0.08161707872970314	2.7609900620626613	3.423912717067108	nan	nan	0.009055700799290217	232.73341287909508	464	8.169404191760836e-05
-0.02766135343555509	0.49110987270453127	4.4447522559977495	3.025115099417357	0.05548249377645087	0.3336372841121427	2.3549975552014093	-0.5973375539682548	0.0	0.0	0.1518027295099926	0.010462829802413809	0.16668817997357954	0.8974092773985418	4.788675543438021	0.008122232405446628	0.07020782714476151	1.1774875109083327	1.0889233834199454	nan	nan	0.00898761917017575	228.3295742440356	464	1.8817796620092513e-05
-0.030520573546366836	0.5933667894465842	4.740354251925967	2.250277780710493	0.041589133169198655	0.2966470204093754	3.794761771502262	2.198747915648183	0.0	0.0	0.15595381537911143	0.018062874442861587	0.2341871083546787	1.5443435642775396	6.569851873355806	0.014353991157625479	0.23981762626051256	1.1693897464487053	5.465787270225905	nan	nan	0.009390059614449012	225.86618594521354	464	4.52761311945947e-05
-0.04217321560432663	0.610860652163344	2.993227219253324	-0.6662668918619147	0.04674099079043481	0.35408709861456034	3.6032495216766396	0.9613413997066134	0.0	0.0	0.14500575859708634	0.028852459168110023	0.06910553293353405	3.4617009279006505	3.567939252523833	0.012909787885847623	0.15214623811239333	1.313180948212519	3.327983438208295	nan	nan	0.008897003532259862	226.10078343374468	464	0.00013735139568096693
-0.03351333889083297	0.6211317523129571	4.764925681280165	1.1839308659440066	0.05520601044876816	0.3688650345914761	2.7042850023171567	-0.6080131471861008	0.0	0.0	0.15018825555012263	0.010750086430267147	0.11340822092746594	1.2400238713102611	3.1085244352049552	0.009257113277521989	0.0728518788686762	1.3866330465563388	1.2920518511479595	nan	nan	0.009060744963557674	233.9096295004607	464	0.00017340819257372864
-0.029993786192827887	0.5942042679412698	5.1381548271993305	2.0818673485884847	0.04719942191012638	0.39424820864627336	4.097859719816036	0.9571992698301808	0.0	0.0	0.14706835891925218	0.01575561673261111	0.21939825486091075	1.56681030355579	6.0684764826997375	0.02682794267732158	0.2748215118649978	2.6310526198312303	6.961711403536188	nan	nan	0.00931834898044176	267.7129140572415	464	9.234986355085602e-07
-0.04294518055915708	0.6284186664593587	3.2511528011082147	-0.5858232202882515	0.05458778445646639	0.35550040018416246	2.7583728323806556	-0.37424534960106143	0.0	0.0	0.17225986677223382	0.01909369669932537	0.06516276206111715	2.4648479599796125	2.4798666225482373	0.019624130303668164	0.07642835364939002	2.5181681990901934	3.0078146904091274	nan	nan	0.00931473445334452	262.33270327941284	464	6.577437329584638e-05
-0.0303039554580653	0.6089323197401322	5.0769248206755915	2.064191285284672	0.03872135800444654	0.3202910635794087	4.521090379900535	3.5912077930141524	0.0	0.0	0.17066399075345512	0.0038171720213348026	0.07562671892239692	0.5787323851393298	1.4010638246637817	0.0019288677000200982	0.06918102054997269	0.34036622914017123	0.8565766441274684	nan	nan	0.009317120036885576	227.0648031076991	464	3.0212109240673305e-05
-0.022632031110673023	0.5001517862251221	5.720257346916783	6.607270358208908	0.0319832218517373	0.1975524555519655	4.899816272826047	8.109489892768229	0.0	0.0	0.16337970161895293	0.0026317175192006603	0.08043323957033208	0.43088429612668344	2.1300072613649763	0.0016214032793494537	0.05283626718662579	0.27047369696267776	1.1806345207641231	nan	nan	0.00908824668601775	265.24676903138806	464	2.3377020200661405e-05
-0.02529101721166216	0.522836424638301	5.227519349534701	4.386370259561354	0.05504394223081044	0.41819418390395646	2.8976488723564526	-0.5923793458472963	0.0	0.0	0.13925328104414716	0.011653346738355552	0.2170696052140001	0.8244060255913412	6.848847988499668	0.015615290456219344	0.0756046319471311	2.1072718677042395	2.0791524561658807	nan	nan	0.008784540148541534	238.60121215052538	464	1.918265920803864e-05
-0.033704628349639054	0.5718454559792507	4.0798805239054925	0.9277704116436207	0.05517018821544872	0.321693046673846	2.151539549278303	-0.6225884061334861	0.0	0.0	0.15850216563586075	0.012276970973415124	0.11363505309374985	1.4205189523587465	3.265183238347004	0.009043409240495182	0.07062336599601918	1.2599582174676438	1.1549645575475544	nan	nan	0.009103892436635008	251.060201056101	464	8.977942755393333e-06
-0.030022357236829333	0.5512920393385685	4.690801733553026	2.1352025514485105	0.054985701465324555	0.3196419823613814	2.1600370830292324	-0.5919598985574122	0.0	0.0	0.1588737515289017	0.010854879510159288	0.14387758953473323	1.114056684078557	4.105126973112517	0.009102133810307778	0.06948334316575427	1.2597650852647515	1.1832233087515744	nan	nan	0.009172512109617253	231.36182941367838	464	0.00013217393983382155
-0.0425879364478996	0.6705810832488179	3.6116562649194037	-0.5976891175464126	0.05432653175511737	0.41403436525326925	3.0040555087406466	-0.38161814107578834	0.0	0.0	0.1644331145459296	0.0059592977111810885	0.06502434763882409	0.929004343319553	0.8044191256363694	0.003656890527433676	0.070299027577572	0.580427564938234	0.525938347261699	nan	nan	0.009181992276690656	223.4251516766446	464	3.4563878352132815e-05
-0.04273846887231669	0.6842883583622419	3.629413523591812	-0.5456292377535185	0.0493436653579431	0.3778193892395836	3.132829211246885	0.2553821795367539	0.0	0.0	0.15797058081443757	0.00623338003911289	0.06417182902530671	0.9223524808958485	0.8369562748506468	0.0030471507902934958	0.07128238344937746	0.47636300049434244	0.5830659733098899	nan	nan	0.009125031771296768	238.13876756746066	464	3.058151345224228e-05
-0.04127524156385609	0.6486264563740044	3.599580726304617	-0.5389214874921979	0.04442353432063473	0.3446135719614006	3.9299431559220204	1.6586935713485587	0.0	0.0	0.16348142373750518	0.022822353532522432	0.07002453242521867	3.082066500672415	3.322538922467285	0.014714086331089726	0.21506055492452408	1.256008513668748	4.635938961304623	nan	nan	0.009344133047486589	253.43865372064604	464	0.00013484077532382858
-0.04280383657929554	0.6424607167755348	3.246315495835097	-0.5378458720243506	0.05617181252811143	0.3993709610195479	2.566280971309535	-0.6433225378961596	0.0	0.0	0.15303271704386723	0.018584873249484157	0.06511460509977907	2.3141313966754735	2.393078215472333	0.013210125985062438	0.07426260808537438	1.7144789724226632	1.592915102308177	nan	nan	0.008925964725246677	220.95210864626168	464	6.420348711057797e-05
-0.0313632802905911	0.6354055458028959	5.124959036591887	1.8877100277452485	0.04537027602770216	0.3892924611786844	3.8455429891010633	1.2145669123994685	0.0	0.0	0.15664766247066134	0.01842420711604381	0.22371463612919304	1.7740143388037577	6.361087516752961	0.02169847895091137	0.24774330812001788	1.908571180688052	5.731453469658862	nan	nan	0.00935251878318985	219.72490761436856	464	8.813788586520559e-05
-0.04540914219709036	0.7617329564766451	4.175121616436875	-0.7985970512847893	0.04233139386493079	0.373344212373248	4.663033518400441	2.5774549284986388	0.0	0.0	0.1601844548437266	0.02218640090569457	0.07923245868099049	3.078318836047686	2.759480615894109	0.01050767866834279	0.18524213847640827	0.7725220913769377	3.962324148925489	nan	nan	0.009081635904575211	233.60825538006833	464	4.679435944717953e-06
-0.04169173802066084	0.665018942807424	3.7873524983435596	-0.5810636814529996	0.04496865784935222	0.35536563458559733	4.021130220891264	1.5952485235897735	0.0	0.0	0.16536954713310248	0.009967094007336419	0.07067684500562016	1.5473309204455787	1.4540112760099682	0.011695296170365577	0.1736696967214131	1.0323360159112012	3.5975755306373225	nan	nan	0.009387508642482778	265.6227641097139	464	0.00015053821153956622
-0.03122441661324049	0.5332190567359996	4.098795709859899	1.5378140059100713	0.05527352030697319	0.34287197012405907	2.2799492531129317	-0.6014005347853765	0.0	0.0	0.16866203398626023	0.010258052798630124	0.11948793771384533	1.122628883502643	3.26343575904092	0.009207777337088219	0.07209469629840398	1.2580574618100213	1.1768049130908294	nan	nan	0.009337178500902613	241.73983761969558	464	1.585160868635931e-05
-0.04162835116264685	0.6361512789144133	3.241697327861537	-0.5894743387378233	0.05563510176567621	0.4096261033815348	2.420167081685474	-0.6259386740144667	0.0	0.0	0.16814037957743083	0.012758646206101731	0.06845204855821946	1.7541081642856433	1.6819663764730448	0.014877466013896945	0.07605690502612092	1.7729764944979922	1.6768038242391397	nan	nan	0.009356455960268115	247.78986290031557	464	3.05778092991544e-05
-0.0348267591656265	0.6519693959610402	4.837372979700746	0.7829775974093641	0.05531277686012159	0.36251856146466765	2.3753076782563727	-0.6209615339393577	0.0	0.0	0.16628884583921383	0.01372297925110505	0.11460596494309172	1.7226636982837304	3.5888424950127344	0.009618664910411634	0.0732681412175108	1.3096094879455373	1.2022694575462374	nan	nan	0.00938745373269946	231.14236914342968	464	5.4757179925421185e-05
-0.026098646199986253	0.5341207623673968	5.25398387946515	3.937721574635147	0.05274037896099926	0.3664697969665545	2.6732561242065134	-0.3676751413330845	0.0	0.0	0.15195159770797298	0.0032601539228190313	0.08268114135456811	0.4907723697016242	1.775646177732291	0.0032133758003275448	0.06761563271690427	0.5303475881116331	0.4786987014200572	nan	nan	0.009046180929258907	225.65247679911153	464	0.00019392365872305408
-0.02854046096503804	0.5893890706442191	5.2910563052098	2.8211556661028077	0.0306483454453792	0.13967364876818916	4.8467149149396125	10.131918687854778	0.0	0.0	0.16954132380341533	0.0066185264035637514	0.10411673044826938	0.7155217300394003	2.751915623209476	0.002553645254431469	0.08428685285647944	0.2803024839222905	3.393925163195252	nan	nan	0.009305346518820395	243.6518932043344	464	0.008545545456131412
-0.022784588311737575	0.49566661258285505	5.749867283519519	6.455868210512189	0.055443490595430855	0.4181917622636119	2.9936065342927263	-0.5643667337862905	0.0	0.0	0.14947214511650433	0.010146703713582506	0.2293788542629188	0.60222688593689	8.17534625879348	0.013738681932510044	0.07415529884564459	1.8878832373996788	1.8789619695180317	nan	nan	0.008980432275694367	237.64002671625806	464	9.905751941512229e-06
-0.03181469640459056	0.623949051104701	5.154513575425738	1.8647172976456083	0.055267409853790195	0.36455441114738335	2.63753975734706	-0.5682053871194499	0.0	0.0	0.16174454021251167	0.013112842800334534	0.1530887306917617	1.3522379927695465	4.493731632892877	0.01694423164354153	0.07155210311556431	2.300445675223838	2.3481527560742275	nan	nan	0.00921994696354933	256.09275242126046	464	2.2734192357237014e-05
-0.03834537294467544	0.6848720558636656	4.249817728244527	0.163004685905552	0.02995097706631089	0.18088678379937034	4.896547290375443	9.768728899526161	0.0	0.0	0.1707260726054366	0.0052056445304199395	0.06195835437670094	0.7559829324016771	0.9984152008052508	0.0016457900593251917	0.05323080932132829	0.2698089450209711	1.382932961972243	nan	nan	0.009164652325120523	232.3726303887493	464	2.2534488780192188e-05
-0.03633646872212959	0.641373145397871	4.3595318571261785	0.14780575708968527	0.05544304791641608	0.41788612994693636	2.9298952860874126	-0.6150452913016345	0.0	0.0	0.15942911339069005	0.017128174324077483	0.0969287388581665	2.392561821138689	3.7340290144915174	0.008553550208783456	0.07724922205473836	1.2532822543653364	1.1377264853274731	nan	nan	0.009306479303521936	250.72899219695222	464	6.680078535856132e-05
-0.0410853430309458	0.6459367592567968	3.7974207784356464	-0.5887059369593866	0.04978317844644553	0.3602452864874427	3.653489774052072	0.461350332120866	0.0	0.0	0.16440109008624387	0.010050873290861961	0.06992556671622108	1.626850389643475	1.5311847533887053	0.017857477068897953	0.1538472599300248	2.1177164565057285	4.1342245620358815	nan	nan	0.009424430097272785	205.1452755850889	464	0.00011698590026807784
-0.04163862737795598	0.6664427938085644	3.6386975961334995	-0.5890958750851343	0.05459262439782875	0.41525534557336086	2.8141776050229383	-0.5679193242394953	0.0	0.0	0.14318938666081374	0.00678445208543027	0.06448318639276485	1.054969724432137	0.9528534747664001	0.0037662291926993108	0.07093981093140217	0.6121868554559173	0.4938633111234941	nan	nan	0.008886143924120335	237.6746012191579	464	0.00019390558420506417
-0.03181930034727787	0.6122327781063774	4.950246861224954	1.415872317263938	0.05454139691033277	0.3819225561585407	2.752989863393732	-0.6247163532318097	0.0	0.0	0.13754015385708512	0.011506004670917724	0.12975999234314808	1.3502796497194458	3.7220255494679444	0.011106444044927888	0.07436452644547781	1.6436485409596604	1.5415878781603345	nan	nan	0.008871561895814645	236.75453345165602	464	9.327299481921202e-05
-0.030975240467840393	0.6815324479154983	5.93279023920164	1.9933066181725108	0.05643727245788788	0.46717409151076184	3.2675527852573936	-0.6263196078413547	0.0	0.0	0.15492143079861828	0.018877228159816573	0.21383066931639244	2.038601579224624	6.991452214219546	0.023425401841855487	0.08150842492788377	3.0103950573124774	3.055876718748651	nan	nan	0.009091264982934957	218.2307198135858	464	3.293780647425757e-05
-0.044276369453494335	0.6906729301852205	3.610680568222806	-0.6221609756789378	0.05588723245454319	0.4124388960273372	2.9416045767455974	-0.4531147759348363	0.0	0.0	0.16664583731403804	0.006732100160020127	0.06412181653606508	0.9728649848972455	0.8479998302059031	0.0037622212134986732	0.06854939085973555	0.5867644678362287	0.5132429345526912	nan	nan	0.009034202877934355	212.86997175628483	464	5.963795269777375e-05
-0.04228291540894269	0.6691720908806809	3.564125527564428	-0.6149744047008635	0.043470595076293916	0.38012100251969533	4.379319053793738	1.876118449295335	0.0	0.0	0.14864581250324663	0.01852043123727065	0.0712412419491858	2.530676899965787	2.4959832344759487	0.0169160062166952	0.25222445131984095	1.3753511997911305	5.578409021550706	nan	nan	0.00919425297975801	227.46788983858593	464	6.117861187707055e-05
-0.04199326286927674	0.6341294488144528	3.4647619200112794	-0.6024931527749813	0.04890140773072882	0.32516446191342696	3.1283438267509722	0.6191073350920544	0.0	0.0	0.16764460598916475	0.008316603324450111	0.06950102990925638	1.279740606076976	1.1518636950066237	0.01405284028287379	0.14166196049357285	1.4741626184340793	3.206392839165274	nan	nan	0.009259761919818518	274.3248381843367	464	6.87144133703421e-05
-0.0405076166575149	0.6037229464763745	3.2554203151632075	-0.548801475082534	0.056110336227171764	0.40869023972099844	2.6520625015723187	-0.6674656085088807	0.0	0.0	0.15670715689186066	0.010092567795462803	0.06587341527875906	1.4994263557530907	1.4496185488818412	0.017262179756685647	0.07644781077335261	2.2321361000197375	2.097312504899798	nan	nan	0.009101982017877305	200.57497682939112	464	3.2656505655594646e-05
-0.042015845473048374	0.661879480730336	3.7107340498279315	-0.5716067073386707	0.05497556662616887	0.3737688300578606	2.691971290024383	-0.5920834450946516	0.0	0.0	0.16818627655095336	0.018410251971028524	0.06799469876495368	2.592481821105296	2.640908484978891	0.011214634070146445	0.07344029337001537	1.6159854310566835	1.5496971402795723	nan	nan	0.009457033695094014	231.7082438791008	464	6.153659784118005e-05
-0.04109994504813963	0.6014645362493367	3.1190604649205844	-0.39331795046481904	0.04764983081142993	0.33068586223595925	3.275653224956463	0.8514685104632735	0.0	0.0	0.15818741593150196	0.018415796165625997	0.06749413432079332	2.261915467974639	2.601368794671755	0.015741568847663423	0.17000097625384086	1.5622871822986313	3.8570992006790066	nan	nan	0.009084610391992556	197.2648960187253	464	8.358054703181428e-05
-0.04184087397504299	0.6713875357129653	3.6418600043118032	-0.6008971313041657	0.05461961432432516	0.40539592601353713	2.7413069688184466	-0.6029506303487198	0.0	0.0	0.15472056804249823	0.025415477160611766	0.06935952055764993	3.3504800650751347	3.5340860259744344	0.01919397914944332	0.0755996593529516	2.5015192694623236	2.5131868196094307	nan	nan	0.009199555497003534	253.2209922857049	464	0.00013640720812024829
-0.042264015152366774	0.6628929513156379	3.7327363805005898	-0.5966759415696254	0.03973922832572163	0.2523844727994672	4.127459128671648	3.6082829909615923	0.0	0.0	0.17296953422424666	0.009525610456892153	0.07027453773925307	1.4660291470551834	1.3521023892909874	0.008500525036950313	0.19256695817944106	0.5999584440714978	4.498096431592978	nan	nan	0.009472392101400176	267.972339679829	464	4.271861818161131e-05
-0.026802194824171344	0.5073316600679064	4.948963320707657	3.757811193687712	0.05550514472513912	0.3220679521727542	2.2417413901552488	-0.5847127404874731	0.0	0.0	0.16655405274171342	0.010260175514249459	0.17884882380317588	0.8154632747055728	5.362609361906274	0.0095815598832093	0.06907192271518584	1.3353687245638484	1.270092362920187	nan	nan	0.009261850098040314	245.13958571796258	464	6.351210820771178e-06
-0.04190729300310059	0.647350909393374	3.4652640561372894	-0.5905558550870195	0.0513879921803897	0.3901763962805082	3.1578091542704003	-0.01699912078305405	0.0	0.0	0.1560240100638292	0.005543059060636624	0.06411340994590681	0.8792741163899631	0.7563398085165702	0.003185111160860843	0.07051661267605419	0.5141378529626037	0.5570415547684301	nan	nan	0.009040126147549288	224.27705746140876	464	0.00012256911149579282
-0.02821019342850395	0.5798097065732956	5.178916389579999	3.141325777323543	0.04433862284617174	0.37544780164210506	4.036092517982139	1.6808673113369266	0.0	0.0	0.1751817440433742	0.014109716335038103	0.22615234485168195	1.116547002332129	6.412461076441075	0.017146822181267507	0.23142200624011708	1.3926658488011978	5.146687846215092	nan	nan	0.009578865548244553	244.9265781687487	464	7.0878547497588e-05
-0.02748936985320516	0.5264476338330563	4.779396000584908	3.117029328801726	0.055469379837463695	0.37447394643654075	2.397209964994061	-0.6105246286436601	0.0	0.0	0.1612228883681095	0.009277433239908428	0.15192627109105775	0.8309738642112954	4.3156850518192185	0.010064505448354244	0.07417267443071443	1.325415595168752	1.228701123563775	nan	nan	0.009210219188440963	227.62841253840784	464	8.78924308790351e-05
-0.05272525938924022	0.5692807532635756	1.637922175267403	-1.4402885885792893	0.03694465501907285	0.23819251506109307	4.322043687286548	4.555677787347052	0.0	0.0	0.15843832618541304	0.017445235588951225	0.09968125355360757	1.6662447303811103	0.734345840373294	0.01162026059457233	0.2829294417305821	0.6412534180369616	7.513047102128178	nan	nan	0.009406862474654942	181.87152757513414	464	2.4998289802227426e-05
-0.04372507050941288	0.6255422592465225	2.896387141017247	-0.6545829053791222	0.03864501490359529	0.2980524945419097	4.459592379831562	3.921081533417188	0.0	0.0	0.17638359940773915	0.017562902309218364	0.06845582916679721	2.1142213428468004	1.9901628109210527	0.01221876659075527	0.2596283662468336	0.6788863770225895	6.306718000154067	nan	nan	0.009534156316796216	226.0527635044192	464	2.709922579300007e-05
-0.043192850249158976	0.6711735296535256	3.498190049812442	-0.5832814462653656	0.044043632319521464	0.33703607689490783	3.789692121246986	1.6868933852830055	0.0	0.0	0.15554636675381966	0.025008125618037114	0.06971807453871648	3.1169229848060658	3.1687472738536737	0.013407989522835395	0.19959835403699522	1.124377516381335	4.203541808134906	nan	nan	0.009133825396916512	193.59632819458716	464	0.00012331992125877948
-0.023477005761575298	0.588472319763303	6.4877296416866015	6.633429745971471	0.05711257249873003	0.48105432909406337	3.1393451179178533	-0.6176067587936684	0.0	0.0	0.16373582604080456	0.01274761581832845	0.2678632518817593	0.6870028326137549	9.842274247754348	0.016603054849374743	0.07921251528197751	2.0816200792001207	2.0055894179123133	nan	nan	0.009046823672517718	216.05456222467438	464	0.0001485411700695702
-0.04291847985899311	0.7128372543609516	3.960987498315946	-0.600308235621858	0.05544410721820903	0.42725523550869915	2.8283075429042546	-0.6198373582510741	0.0	0.0	0.16042936952732564	0.02021509952741224	0.07029903684283845	2.7798600942664704	2.8001300328599874	0.02153366432931736	0.07699575082297178	2.707619814941975	2.716806113431279	nan	nan	0.009251547135598934	223.33385913377106	464	6.992856833867027e-05
-0.0411592990877655	0.6200348413619782	3.339317919585283	-0.601761797786432	0.04163122467528102	0.3166687000449891	4.465975613693585	2.6925446307040755	0.0	0.0	0.16217974264410914	0.014295406537917221	0.0684157583500401	2.0653227322779744	2.002766696290279	0.011649296863730618	0.21625420515350915	0.9249080239391945	4.966677635401082	nan	nan	0.009401795317619033	220.83283006180736	464	0.0001478475986165956
-0.04196179477110751	0.6584201937158156	3.640977077673889	-0.5712962308960483	0.048104261960879136	0.3899395580553979	3.8292636401842826	0.6978968600919276	0.0	0.0	0.15222178707344303	0.010375206551010707	0.06858216104668152	1.5416936811457531	1.4666106698710961	0.0170973584414017	0.1686837266566461	1.8291246757931596	4.067698970344985	nan	nan	0.009140865123084	235.3569435850715	464	0.00012981695164256056
-0.03725276943738398	0.659453234274268	4.344279734238508	0.2342577674464738	0.05534453001099293	0.399680770986675	2.793725732291048	-0.5855454162917694	0.0	0.0	0.14554181159633764	0.020233199774611577	0.10634560502103918	2.573881066338457	4.247244168968348	0.010393479894127089	0.07408516462779496	1.4567550219486844	1.38736681748637	nan	nan	0.008896965562771184	237.6429313762196	464	0.0001092903424189069
-0.032445351211160656	0.6243409154829656	4.7481891618318794	1.3640746439843243	0.05284256563152745	0.4214970335423482	3.057787858710921	-0.24496670604722634	0.0	0.0	0.1632406309867131	0.00429034291028324	0.07465629582013916	0.637879404606533	1.2953004363624663	0.003381448871619508	0.07164416465446075	0.5380934206400718	0.5082747324374604	nan	nan	0.009199295837968413	215.81317318925664	464	0.00013547087248006893
-0.0493247636400348	0.6390147330549223	2.4655032858716157	-1.3494405091380712	0.04396686152721352	0.4036926610945257	4.426555872914845	1.7875172124661032	0.0	0.0	0.16110165447896274	0.006590451611734438	0.0653428444273566	0.8947376348876266	0.4402534778365135	0.0023539533004216517	0.07446961637002822	0.39821456011834	0.7169431297112904	nan	nan	0.009120879397489345	220.75275094377437	464	0.00010764581083670193
-0.01928243390612372	0.44779229404384213	6.1860036521748585	10.51153302527962	0.05564157737417208	0.3976218374906183	2.6611592571866423	-0.6152332676709422	0.0	0.0	0.14722663617462103	0.012173799315232492	0.33217837024703945	0.4883229072155437	15.42506197973483	0.01148093788247273	0.07391657116512412	1.5646782052508341	1.4648017525358028	nan	nan	0.008963966880848648	288.97327326573736	464	9.498372502907664e-06
-0.025730473116013508	0.5588642504898212	5.331317636868129	4.368538603652261	0.056036894427761386	0.4500438064306437	2.768288963379974	-0.6244445881404797	0.0	0.0	0.15107604613414163	0.011560259200895984	0.20887145957033168	0.7925188798065967	6.500014846138204	0.013986125589808829	0.07818541296215162	1.7272091280425244	1.6259517189312962	nan	nan	0.008920905531436221	257.2984509041988	464	1.0659773664158854e-05
-0.04077121266923167	0.6293823775524783	3.3225022573663114	-0.5488553370013595	0.04565787666778198	0.4098536815500578	4.1712797309064245	1.1790955304562767	0.0	0.0	0.15611885798923014	0.03450735078773309	0.07002276160739568	6.616009907467899	4.851725002251195	0.019446666461162	0.23289793822077873	1.7916752391944706	5.236287264387957	nan	nan	0.00934985825305458	249.66284199546203	464	8.393828206244818e-05
-0.041427903784543196	0.6421384193953086	3.509365848013186	-0.5855358020217574	0.045602087844155204	0.3911309007134954	4.247310445608095	1.4657605978104264	0.0	0.0	0.16220660939149992	0.012065225178512051	0.06946406614168832	1.7769995691369789	1.7063574443011325	0.013511031030788434	0.18650278998955774	1.193132300862577	3.9277606688574704	nan	nan	0.00923170339687139	232.17115770153228	464	1.4369162416722882e-05
-0.02833609454532704	0.6335727807308416	5.814790783941196	3.5054231609113446	0.06296471790829461	0.44018700462696364	2.1731823240303196	-1.192480258560171	0.0	0.0	0.17602848748925498	0.017313215817713223	0.26784344360631535	1.2885475655386869	8.182221316984702	0.01920814650549052	0.12293582514742485	2.3426034199656574	1.4257332192141274	nan	nan	0.009402075168061075	218.3197664235901	464	0.000179290422766651
-0.03554437559920842	0.6846542937058642	4.785070404937725	0.8601412315812333	0.04598766869959037	0.426096023589465	4.183207292507341	1.2808679719676404	0.0	0.0	0.15416525917499652	0.004551491381633133	0.07016420074741792	0.6561919282824329	1.1214164209275481	0.0024914569096569084	0.07408828327202624	0.40986144603994434	0.6441312534807978	nan	nan	0.008853785024000263	228.19146243106422	464	2.9047227777826204e-05
-0.03012449045661536	0.6704151849109454	5.619301044986251	2.5857971272228064	0.05581472700396373	0.4756891237014363	2.946587180072627	-0.6382649246684692	0.0	0.0	0.155284844119975	0.013225831985785641	0.17642515523613284	1.1774920670000664	5.14980776377046	0.019417018813118414	0.0812855719772076	2.3605176858505956	2.278109612453276	nan	nan	0.00916375247831501	239.78981453984875	464	0.0001508210145905166
-0.04387904945590937	0.7007514994442949	3.7181896758280675	-0.7702380537017786	0.04429353244774381	0.37993753394789337	4.168359633569724	1.5423138189905417	0.0	0.0	0.15956124855472525	0.032504206921692425	0.08527869617994388	4.059523317198501	4.080145065966726	0.016166916061929548	0.22336349920439919	1.4168467486230663	4.900831558344853	nan	nan	0.009398143737827838	227.6469868464361	464	5.745196682123931e-05
-0.026561784181191372	0.5198622977142623	4.89437933343356	3.898121053256713	0.056070183377200156	0.3773578514627229	2.413018460095202	-0.61585765067269	0.0	0.0	0.17536775644842106	0.009003165007216707	0.16166205806606643	0.6914775885166091	4.691200125089708	0.010490940931858428	0.0734909064046062	1.3647264418488412	1.2648400669938464	nan	nan	0.009436734056117169	220.14288383709777	464	9.173706515140642e-05
-0.03619186958762233	0.6497675329991169	4.367863895032908	0.317949432516355	0.05282245870717639	0.3820622908490469	2.7771107434982434	-0.3826930811946491	0.0	0.0	0.15338868755469998	0.046111224719616484	0.21937266360312727	7.13571957474206	10.240161634232942	0.02197266039003498	0.08099676588387533	2.7678687444456407	3.2771644858416273	nan	nan	0.009181917078401214	212.2589040378093	464	0.00018859249968421698
-0.026640681505259445	0.5258839881441099	5.184929785201716	3.7971571591718525	0.041028727485884264	0.270503186046088	4.159362047022712	3.126927484687502	0.0	0.0	0.16634405625072035	0.015568934238834764	0.27328305571614553	1.1288906476768599	8.319347879926479	0.010126939476782337	0.19992537332285984	0.7554638786085541	4.763717626723832	nan	nan	0.009322454613173839	230.7846710458873	464	0.000103096684569837
-0.04159075869046314	0.6973462142998026	4.208219900986572	-0.5945873586787737	0.04258420927475637	0.32488953777113694	4.393598097404662	2.3512549998587122	0.0	0.0	0.15135642751981138	0.010307293737029877	0.07136283211897126	1.6918429629702707	1.5883745398564475	0.007844608500678696	0.14880434245220725	0.7035609751625858	3.084210697758902	nan	nan	0.009104113895489957	227.7678383642433	464	6.522635863505369e-05
-0.04303628271043969	0.6917569614799489	3.7282167094579677	-0.5497153910277205	0.05478878593863512	0.3510405546485265	2.1991767381660243	-0.6460702012129119	0.0	0.0	0.15776807828025843	0.007226865069003274	0.06542596024383945	1.0567702255310756	0.9776309008284431	0.004143245958513786	0.06834736623081714	0.6322751024316269	0.49748274041201096	nan	nan	0.009245562967804322	213.03597709430534	464	0.00016368714573332757
-0.042040854936968075	0.6329272333756232	3.3487078491538362	-0.5879917549677647	0.05114059553684558	0.34913005246358103	2.806930462813736	0.029173664296670093	0.0	0.0	0.16037387963620206	0.005486115976997219	0.06321699193470759	0.8595450910306979	0.738164061197204	0.0031678053109317483	0.06792399282656203	0.4900612105931672	0.5557911708731926	nan	nan	0.009109502165602051	220.8969244126153	464	8.724638187745537e-05
-0.04410961258611068	0.6441605194859541	3.0908645438926916	-0.6312277958072444	0.042094996640063	0.28965831870660347	3.710313254589084	2.4539372221908073	0.0	0.0	0.1604276744781648	0.015432000778148436	0.06737114381651388	1.9067167741369162	1.8007238347434527	0.010238147439828982	0.1874187696200902	0.7583804879338638	3.9457811366514615	nan	nan	0.009084285164465508	237.7985799852541	464	0.00018843201402237315
-0.0417630640739689	0.6945774585268257	4.130722179677264	-0.5989720457951728	0.03662817246817074	0.24917569932213457	4.6094384994785145	4.991479497679498	0.0	0.0	0.16435218916550498	0.008330431679614614	0.07345621437030492	1.3918703875633867	1.2571088996941155	0.010433642749883565	0.26595571103372306	0.5330539905090985	7.087057792203171	nan	nan	0.009421740612562915	220.13561607962927	464	4.976042404017779e-05
-0.04111050413314432	0.5545725534104415	2.548788981779871	-0.5152655666047462	0.05501011566097147	0.3438963216147775	2.0426498588188307	-0.6209005248555276	0.0	0.0	0.15436953600283324	0.018884477325730953	0.06308026509826237	2.21174380634709	2.3365437154449458	0.01065607937908808	0.07193535576874302	1.32102374409635	1.2204689059919498	nan	nan	0.009043003082546033	242.10542352175798	464	7.285120395106442e-05
-0.040939106625873634	0.6728062997566726	3.8463560293213703	-0.5734356904053485	0.05620496286411614	0.45832696519510563	3.03130042959646	-0.7283867480508871	0.0	0.0	0.16514274070269852	0.015625881829379407	0.07025366058943555	2.342538746119766	2.339643491350874	0.024113430864864283	0.08731573079113794	3.119684785945881	2.9539778006765363	nan	nan	0.009477625030969647	244.40200817353772	464	9.857941343667391e-05
-0.029138198946752958	0.5534531440754309	4.864801589498818	2.580352906777154	0.05462073795908573	0.3335443696396418	2.3103356880864463	-0.5844696676885036	0.0	0.0	0.1561206773043756	0.011548057955503122	0.16375382238038727	1.087932747219675	4.771938446705894	0.010220065388763522	0.07094857823104145	1.4330686854354568	1.370844127257916	nan	nan	0.009216569820025111	251.32750366731767	464	1.7870654990160992e-05
-0.040696684750308076	0.7089757160627186	4.33414328478923	-0.4941407141130654	0.04836357474628539	0.3894165144373382	3.7046705906195543	0.5342675295725737	0.0	0.0	0.15475693483850342	0.005882451064888661	0.06715812631110823	1.023691913129225	0.9528072771308069	0.0026369839620314917	0.07113785933125241	0.4493522063867237	0.5922430669941403	nan	nan	0.009157653582918049	249.83661531360963	464	9.021933006583802e-05
-0.022593761443755356	0.4522346471405777	5.314146170039597	5.952820810538096	0.02812581144002957	0.051170106433721996	4.77580808156476	15.01607663387611	0.0	0.0	0.15873187817300283	0.002309775879794529	0.07859300858857315	0.4688583681955065	1.754275182110321	0.00198368678705807	0.12738347374101108	0.3245495996717831	7.899905924043143	nan	nan	0.008996064911538204	205.93350450875	464	0.013261921366519885
-0.04333211325454134	0.6743322205491906	3.584513914107474	-0.5954044733831936	0.04383286812899523	0.3306158337901674	4.045157902109936	1.8603889718618505	0.0	0.0	0.1678929360431109	0.015851435662545377	0.06862894748937992	2.136957494779863	2.0874599879991234	0.010702196317613266	0.17272097114025606	0.9615593308427908	3.6635971998343946	nan	nan	0.00943673353531961	258.98489671733165	464	8.444703352887325e-05
-0.025929929132483376	0.5800324642418448	5.9596563216893905	4.781329290234115	0.03882731037448739	0.2748545711307403	4.3987604316009525	4.000631999058002	0.0	0.0	0.1713686667940364	0.02355324457783481	0.43726256898722016	1.3214347511091984	14.247520313508378	0.01730184039895366	0.3525553337006233	0.9339456411965461	9.326677258791046	nan	nan	0.009679333417166563	248.2134226049346	464	5.64294861352521e-05
-0.02753759936636946	0.5123946428280521	4.68261161965914	2.934702437460094	0.05335744743438564	0.33307860541905693	2.303372523227628	-0.471098431778608	0.0	0.0	0.14694526662300617	0.0035185789164889347	0.07960107194029506	0.5120868136972412	1.610518372710302	0.0033706305627928534	0.06597772827395149	0.5429829046356909	0.4663687680854369	nan	nan	0.00895012199214179	244.36960461005262	464	6.178344019430172e-05
-0.04206125829475871	0.6536548925806516	3.6061335751748	-0.6001835341310175	0.036016830946276945	0.2311050184622801	4.732125121602407	5.582858877259785	0.0	0.0	0.16492098700898639	0.007645665076650154	0.06783404509795077	1.2012822295495023	1.0816196215749232	0.004956582215603356	0.15389123285092474	0.4125190706030777	3.778089845477897	nan	nan	0.009186497812027308	198.10918453064332	464	0.00014712734099844223
-0.02810516213340153	0.5652398333399012	5.130537665255418	3.1129889383909464	0.04045893302270054	0.30759786267226746	4.296380461854824	2.8947678443830545	0.0	0.0	0.1618127433952047	0.014533438965241396	0.23543271884386666	1.1485738734142152	6.674314705556683	0.014386707239647523	0.26724685838537726	1.0134924061569697	6.314081505854459	nan	nan	0.00955216465784138	216.53153078676863	464	1.7015027003414474e-05
-0.034602322563788035	0.6292829319833684	4.3746762293835815	0.9664876087717489	0.051343419374923815	0.39194078141744415	3.267476062896288	0.08135065569481896	0.0	0.0	0.15709284034799442	0.024091532660191872	0.1938584769519094	2.525328181979079	6.195335478815281	0.02805230846102258	0.15381865793513078	3.0636330581661273	5.117751550479684	nan	nan	0.009117040784877753	220.3609496952686	464	3.945317059355752e-05
-0.029613783393871107	0.6046459190065652	5.235811830492327	2.620735095398974	0.05575455811671315	0.3919794766876755	2.532833398538684	-0.6267906134634229	0.0	0.0	0.16696701744711034	0.01223017492097539	0.1695159813067402	1.1173976027660522	4.94889206326848	0.013652514857483311	0.07508767690619592	1.7697545601651345	1.671571613974537	nan	nan	0.00934270226475939	228.53031585484658	464	7.90804745096339e-05
-0.04241434549790801	0.6693263555436182	3.6747602878786134	-0.5714312616997738	0.055981920590060685	0.3691803202682714	2.2846596901038696	-0.7257226399131123	0.0	0.0	0.15563882691982495	0.013071917838630709	0.06747086700592975	1.8653660672016583	1.8187692110726963	0.028846873411815688	0.08314138523826187	3.3374349642344336	3.3290027637822686	nan	nan	0.009141520052006899	214.130074656949	464	7.97968564842602e-05
-0.02711216475441991	0.5703455033342428	5.321969011276039	3.9936901550237547	0.04735894005472474	0.401942175606582	4.119750822417471	1.0648995856303123	0.0	0.0	0.17176325376637208	0.016526046003335737	0.28480910206101473	1.083239044321739	8.564515001892	0.021077769575116645	0.22758673238794597	1.9893515395630712	5.433890640569983	nan	nan	0.009430295154029766	207.7528959673729	464	6.046617216417949e-05
-0.033725760334538335	0.6678197460402996	5.058890193391247	1.2278915537494746	0.055620817432523006	0.4201822859862425	2.8164436556745374	-0.6359719097796799	0.0	0.0	0.15261907063466557	0.014835328815651416	0.1408591632554969	1.647676903601331	4.258909847836925	0.013457438748745054	0.07682193101969681	1.8202311929425568	1.707695026259473	nan	nan	0.009134128916895093	263.8989366947058	464	4.3477683030694935e-05
-0.042151678605961584	0.5804601198862044	2.79182907517659	-0.5641019852341389	0.04238229024951767	0.2903397800284691	3.915672834787424	2.2410722361529087	0.0	0.0	0.16080648809220868	0.010807123524650741	0.06393932714467965	1.3971566498244612	1.3394959360946572	0.009609622896527337	0.17434570371435396	0.8568553147188309	3.7776275990905774	nan	nan	0.009318797546746013	252.99199624167395	464	9.625182745715603e-05
-0.04240523669947083	0.7364419241297959	4.4116203610186	-0.5393411265886592	0.05637036912520954	0.4430042649267604	2.9832900595430623	-0.6273743875233291	0.0	0.0	0.17209711530069338	0.006686891558910502	0.06782009502205194	1.1016086099636162	1.0128372819249962	0.004031738997607448	0.07242169527977652	0.6472777021750773	0.504926904221385	nan	nan	0.00931032392965811	222.32866744796874	464	6.738324937480927e-05
-0.04147743832392625	0.6111759747216109	3.242624071420661	-0.5932954503301701	0.054727613535094255	0.3710531248714975	2.6561519315099478	-0.5893606305290837	0.0	0.0	0.159680262348929	0.00903521606299934	0.06701704946254017	1.344697503820135	1.2364672384367006	0.012439930979201708	0.07401462371926612	1.770151997483167	1.7178187702051972	nan	nan	0.00930530471441117	244.24102073939696	464	0.00014231380688079764
-0.03506478118392631	0.6754216161599579	5.084505857862121	0.7269954823387368	0.0529528083316948	0.3936965777861203	3.1291525345618587	-0.254336104207737	0.0	0.0	0.1656233752208307	0.004729244882662298	0.07251858108378917	0.7762926982529104	1.232310386171668	0.0031864342815299818	0.06930707161395994	0.5391217256111671	0.5180907953402616	nan	nan	0.009312133332104969	256.04077197988454	464	0.000145322767767256
-0.01677660178558449	0.3177284315829443	5.362132391008756	13.421017695985137	0.044058064981434164	0.3630283237365195	3.9773616756507852	1.7169305074617556	0.0	0.0	0.16547675211167878	0.00460344319573186	0.18135635151074933	0.5000682932099698	8.477886354921857	0.008953992224717489	0.13718208216150374	0.7888475541423077	2.7119154648429156	nan	nan	0.009148192505879477	243.02155961948765	464	0.0003707726937670195
-0.03799261775572227	0.6799451824884281	4.459298723890931	0.17168761245068928	0.052909322530184655	0.4015732806782766	3.193388120169053	-0.19674952689602018	0.0	0.0	0.16450631847784164	0.005471544977403653	0.06847706051574576	0.8488734453686859	1.10944579886383	0.0032207080016338763	0.06967238260901712	0.5346544664885369	0.5277804100243295	nan	nan	0.00923908471564884	254.81673822017916	464	1.4797619200141616e-05
-0.02291849928615486	0.5380375130749513	6.384019605970048	6.923852303214187	0.05825994477170848	0.41545495519649467	2.726398539579124	-0.8633751483353224	0.0	0.0	0.16363100778987574	0.0030104062603345527	0.09108489326271427	0.4969161601623471	2.502741099259088	0.003718991650458414	0.06946458568041897	0.642849241258151	0.4242680019335371	nan	nan	0.00909089405012957	234.7610270988454	464	3.861787986777978e-05
-0.043626615270999536	0.6598580923886558	3.1845157005221303	-0.6663544995696089	0.045341282301039065	0.4032884105624229	3.8418019108046524	1.4095314763726023	0.0	0.0	0.1756281486025022	0.023110083646543822	0.07684816406103573	2.8112819462911967	2.7245827169726122	0.02607601621677924	0.3170904450960375	1.9461469968618745	6.827057396009715	nan	nan	0.009505834413032363	242.3368996026716	464	0.00015641817660922878
-0.030768729568418807	0.6073184690667472	4.987606371134976	1.9650427406471014	0.055170776592174064	0.41775802763170966	2.939860295550555	-0.5985452263441166	0.0	0.0	0.14635667766065125	0.010524607553940635	0.13494618069734649	1.096323006041601	3.7415064800008397	0.011551261742633434	0.07588372773027371	1.6307742632241593	1.554531938181016	nan	nan	0.00892230997385779	245.44427077076656	464	9.122077628433922e-05
-0.03308558480082613	0.6384360588542535	5.087048062137857	1.263491213869501	0.053935365638220434	0.3724892667519964	3.0255066453406956	-0.44311836212045824	0.0	0.0	0.1473162286692285	0.021832541069795763	0.19628065541922438	2.494325299271873	6.661776089337173	0.023628105932632426	0.0767776835501632	3.2186521819333467	3.7959784836778248	nan	nan	0.00907540265618828	216.62203891825027	464	1.6207707467131155e-05
-0.042793971950227494	0.6716912423470287	3.618739959096512	-0.5644354023020015	0.044357430898906314	0.36767140112091456	4.1526711753667005	1.8633134766994008	0.0	0.0	0.16957084519276733	0.014407909566123311	0.0688854248262587	1.9784384132701507	1.9558573857046568	0.013098870752882297	0.1943585439952627	1.064103530470417	4.154648395624668	nan	nan	0.009281818890387122	229.27060702556807	464	2.7303293721888912e-05
-0.04182670856217352	0.68986339395384	3.905481352055121	-0.5121735547964462	0.05345119109463492	0.41872298808627456	3.098250700482676	-0.29748719960514025	0.0	0.0	0.1583300808394212	0.005996346537142538	0.0653383278730153	0.9540306576720623	0.8777804834958834	0.0035154810974484807	0.07020767802176522	0.5584738217011658	0.5285209087096727	nan	nan	0.009122171219129047	256.1935241367271	464	0.00014715335201574242
-0.05592409088594652	0.5994996594922576	1.71365192472413	-1.6769190057423498	0.03856050703092473	0.2613014394563928	4.345546566330293	3.9408130641155683	0.0	0.0	0.1591483213619432	0.010879035561698946	0.08720143059598906	1.122146090149576	0.37273955211515164	0.012178449624279941	0.2706027329853862	0.7353262836063574	6.834613487013067	nan	nan	0.009338172321986415	208.07034199293287	464	0.00018636875729007282
-0.0347639670970582	0.6549212045378925	4.522225267440371	0.8421691804766953	0.05478194402927028	0.46084591823579957	3.2032902421965948	-0.5198065398796695	0.0	0.0	0.15704883586733898	0.005003170741883722	0.07313228766816737	0.7181912742163754	1.2498253036094822	0.003683589559982936	0.07367775610622573	0.609566485498432	0.4960010786190867	nan	nan	0.009188274510491076	210.99794611567822	464	1.0401118306072034e-05
-0.023977751809687642	0.5059445102766029	5.58600568823509	5.481964732452261	0.05662990144622326	0.3603521352104334	2.172309152634497	-0.666231090366485	0.0	0.0	0.1714279485406292	0.0031514333949526074	0.0882697019560042	0.49011843318615966	2.212258474321627	0.003869721247965585	0.06553391652777882	0.5696278235465816	0.4317231238371015	nan	nan	0.009212684087217024	209.11208251124413	464	4.70695198940531e-05
-0.04161767702682817	0.6942265000762227	3.9685039954576555	-0.6418096020828289	0.044521089156084104	0.3975873095952583	4.342404531826074	1.556454938025831	0.0	0.0	0.15877858500627876	0.006056898761647056	0.06476378739959554	1.0216160284109295	0.8796479580100329	0.0023195592077965843	0.07323782364674683	0.3997003622658024	0.6833593318486673	nan	nan	0.00917009367068454	204.7974865792039	464	7.019706438820749e-05
-0.02505544613871913	0.5778135229839392	6.105926325285521	5.433993224053884	0.05481915601678833	0.4015168308419221	2.827009161824109	-0.43882705917801945	0.0	0.0	0.17127660794814742	0.0032162237022771434	0.0871935134908301	0.502057308383419	2.109612099828061	0.003400764314266169	0.06830354152424617	0.5467816247144588	0.467552134983536	nan	nan	0.009264075435484798	254.15614448064642	464	2.3940296494862883e-05
-0.022910402625970216	0.4773763962711096	5.397405743672415	6.6715844976135585	0.04605040191107146	0.3505152374338349	3.838511034703659	1.385377837656563	0.0	0.0	0.16872029598277472	0.012397138020362186	0.28006168885565597	0.574946119375551	9.961683231577467	0.01096132444647857	0.1505589526855969	1.0211839858435727	3.1454195724843794	nan	nan	0.00925174606236337	219.83531165023004	464	2.6464838328241244e-05
-0.04243741153965708	0.570244550491047	2.6405991170826515	-0.5691577459477881	0.04389443941374638	0.2803168666350319	3.6268205268817653	1.8992190051017335	0.0	0.0	0.16212739931596268	0.013326501758003484	0.063666152387168	1.6227175413576904	1.5854573391668063	0.010335735664623202	0.17325836515503248	0.9435629604561373	3.716483797673616	nan	nan	0.009246733015301906	218.35490858043218	464	0.00014603899649651806
-0.043008283515283074	0.7040735881653459	3.9456658480159006	-0.5796384352006674	0.05427537447199793	0.3837320802789034	2.8129605330025447	-0.4282422715369809	0.0	0.0	0.1645372059469037	0.006389278906186513	0.06587631197628419	1.001400311344382	0.8907838098780798	0.0036039844913979824	0.06803854803433756	0.581563318244513	0.5205761803852994	nan	nan	0.009224635607114257	223.78826110321367	464	0.00016946319251519686
-0.04262062563044766	0.7219947422242773	4.205085872038043	-0.6020209508189864	0.04718240610878288	0.37742189908267165	3.7966270450713417	0.8437706753006864	0.0	0.0	0.15362396454419364	0.020467056946932294	0.07347471288050855	2.9385194007520052	2.9841174904990697	0.019860606240760026	0.2106039232465092	2.0037207242070174	4.977994564738069	nan	nan	0.009206887597766444	191.7210080298153	464	8.76301410502822e-05
-0.04266704967860435	0.6045956014886029	2.9617977990543594	-0.6124022062197192	0.04511986149976477	0.30378277188535113	3.5909381432800846	1.6078051449025534	0.0	0.0	0.17197942870837885	0.014189368978993644	0.06611984307908725	1.837449318745432	1.751588092322289	0.008988470210502086	0.14219134913840467	0.8393191037552228	2.855021741146351	nan	nan	0.009356771868128014	230.50042404174604	464	3.4864527221338164e-05
-0.04151171024003408	0.6707671788907796	3.828873325150946	-0.6047641626978075	0.038092275825348354	0.28153136706216997	4.528343526532362	4.096194091883499	0.0	0.0	0.16455830185438372	0.015506142956665359	0.0717114386565848	2.327739114239045	2.2742654450072	0.012837129905417632	0.2840721453559798	0.7188644772211761	7.175725626844284	nan	nan	0.009549199037490921	246.17913570234816	464	9.875824075578389e-05
-0.042127808781402654	0.6558332947745582	3.6222079538724286	-0.6300108678085282	0.04319681322662383	0.29301166794281946	3.8685160203057034	2.1011663222134516	0.0	0.0	0.16034974014831221	0.01601635871518664	0.06916519072102523	2.319492397950785	2.2337863883631677	0.008215835493511903	0.15180363471613126	0.7319339147483166	3.087987874389832	nan	nan	0.009259468507654217	251.94122191524295	464	1.9361242981130116e-05
-0.03289146790521469	0.5944272005512647	4.5372916954846145	1.3717612970616628	0.042717069109661665	0.3085379032387846	4.293414068610085	2.465962225291365	0.0	0.0	0.1657846155109857	0.01366401739799672	0.14966504064778557	1.4386242454073384	4.111791840257092	0.013399632680910711	0.2279818856540225	1.0936005116488503	5.400606258807818	nan	nan	0.009454683550693163	225.96587864412584	464	4.285602389648833e-05
-0.04150531749618713	0.6347925555960391	3.4296336421386115	-0.5265145393848061	0.04970900981846893	0.353033083816469	3.3078583418377168	0.25266990940373074	0.0	0.0	0.1417356220418087	0.021829540539142156	0.06673289974664087	2.8719617906557975	3.089927642926272	0.01913861593391264	0.14501193118146619	2.286548955925205	4.066129624223612	nan	nan	0.008902885214032819	224.99422375302842	464	9.760194095085714e-05
-0.03062305642237173	0.5696153011223455	4.673883601914785	1.9703784599760577	0.055043288031495274	0.3522300162345001	2.4821217475158965	-0.5754271136817799	0.0	0.0	0.1508571101091452	0.011997441790079277	0.14993685054957182	1.2095621765486566	4.28355635568076	0.015081027792424373	0.07069967519939713	2.040177390859413	2.0445739456488874	nan	nan	0.008937944253868166	251.22310518797858	464	6.242274799054428e-05
-0.02650866549817532	0.6050559552730994	6.127095621412003	4.394554803429582	0.04375458261260268	0.36056326440346703	4.326921558460662	1.913171203346636	0.0	0.0	0.1633075917081594	0.03685621162269476	0.6538905165874885	2.112932123507675	21.19249889552742	0.04308913454225216	0.5595656020239053	3.3116941354457294	14.537042472131152	nan	nan	0.010654955039783406	292.7365671770353	464	0.00011488427724450221
-0.02055374043637892	0.4628800722004776	5.947783108692209	8.766122383404458	0.03246704145903001	0.21014404761057648	5.020991856191092	7.97654374137886	0.0	0.0	0.1592715450809414	0.0023433325530425875	0.08098765189816404	0.42823886722700966	2.482187322140049	0.001615778973099613	0.05305675462646639	0.27503473923172184	1.1478116902831008	nan	nan	0.008918617778016946	223.0206167465197	464	8.655329655007932e-05
-0.026289787553052002	0.5580341506673495	5.385922552239872	4.285495830322418	0.03615220866720881	0.25326764629639636	4.389381885529299	4.867277058317921	0.0	0.0	0.16620319255787525	0.017386297195197742	0.32085321090899954	1.0442428424655934	9.667900012772066	0.017519287379364368	0.3989706755097284	0.7714345865083354	11.277140610694264	nan	nan	0.009638564895395468	198.06630853970697	464	0.0001143586430573105
-0.04252734775167377	0.6443963187094441	3.375581501533361	-0.6766446916983444	0.05484183297708567	0.36374699592195525	2.575319494726082	-0.4882534681959297	0.0	0.0	0.16868783675763654	0.015545976057718236	0.06927610211118174	2.1799059822227713	2.023969073027812	0.050071306470380494	0.07887846051583677	6.036572313307953	6.926404637261031	nan	nan	0.009353756933950658	240.03924126088395	464	0.00011707723404099334
-0.03466991520492646	0.5738911619409748	3.8207832248895106	0.5325050225802004	0.05467651450245592	0.3744985057570237	2.6644902535862625	-0.5976456452430388	0.0	0.0	0.15653817167589196	0.014885953078354996	0.10863133147098869	1.8262423847773102	3.504321809460334	0.008990181664240038	0.07434849028546733	1.323081510933176	1.2328176903907542	nan	nan	0.009203906532551029	220.91234589290733	464	1.7374506427833002e-05
-0.028968141803196068	0.6089500429617651	5.29523989808888	2.672385331588871	0.05529045863831161	0.429916918474051	2.70661470993276	-0.6298540422521947	0.0	0.0	0.14729056355063191	0.010149144313429392	0.14963305002511276	0.9557784189383312	4.172307058126347	0.008453801313182296	0.07777843905623111	1.142551805681752	1.0256795647715373	nan	nan	0.008941523504431975	211.3236681253079	464	2.5861726772691886e-05
-0.04442384287249268	0.7270450147000145	3.8053415826095183	-0.6254278587743575	0.052157470361198	0.4328521469566331	3.1804036467537404	-0.12137455732402569	0.0	0.0	0.1553115799482145	0.006048055599328028	0.0661310681389673	0.8987659053330996	0.7579518082554697	0.0034960846673053325	0.07227952123418055	0.5336205104790588	0.5467183787909262	nan	nan	0.00897789967797824	276.7625625436925	464	3.129621720371454e-05
-0.043201408257392604	0.6262049783998047	3.026987771483935	-0.5623723287045038	0.055653857982499444	0.3772716557909076	2.5500825092241106	-0.5582674252659671	0.0	0.0	0.15248509439747915	0.026620548246915288	0.06402363095169117	3.034958565569549	3.2483909281859975	0.019548037242646976	0.07087044894795105	2.42834032021849	2.526502397990488	nan	nan	0.008863545295267727	235.21531330315875	464	0.00010439344766787837
-0.04292340575393805	0.6294474014011986	3.1315692091515333	-0.5953116687284442	0.04511501845870902	0.3289910620814145	3.336616318163598	1.3058452259055675	0.0	0.0	0.17413376873342407	0.012967424078261569	0.06714751539805963	1.698384522972663	1.619292750366019	0.011865883782505193	0.16302637054243058	1.0362914051881666	3.251445628686943	nan	nan	0.009328559183191532	270.1294640581442	464	3.881291475247808e-05
-0.019499834688797235	0.46394503943132853	6.481993073055521	10.086390064963123	0.02958860015800191	0.144694862024077	5.20983523595954	11.349845520956746	0.0	0.0	0.16197560005932332	0.002226666367503183	0.08187968866636591	0.4528569958235362	2.75748006119855	0.0015942057236719709	0.044010993806673004	0.24843578903153452	1.412012589267716	nan	nan	0.009056189329314929	221.9103042295849	464	0.00011323808456353691
-0.04130711756951477	0.5646444782297804	2.9132290634507694	-0.5837686275643146	0.054217181030769224	0.29235292877304603	2.2046558437218176	-0.3790888702291566	0.0	0.0	0.17858075505297322	0.01105409872159957	0.06427750283170808	1.5605340875457485	1.4854360144451149	0.021945707102726697	0.07477369491628366	2.69049371867865	3.2969088523208616	nan	nan	0.009469507627650406	219.0482663211955	464	2.4862958341916993e-05
-0.027847386990103584	0.6037189281597666	5.719999279994018	3.3680675408651477	0.04280920356190654	0.33458225399661917	3.973419557195945	1.9909546490056411	0.0	0.0	0.16742824998823866	0.019598540971273615	0.3158939971044541	1.5050381780087965	9.519107156112037	0.01552155102328201	0.23204885309785975	1.2771661309938094	5.3263582289274	nan	nan	0.009600438852525761	229.53780388887816	464	5.5409122915151064e-05
-0.04163238875798969	0.6518222148374571	3.7092290667865457	-0.5970304167674829	0.05379723745506371	0.3406078492456206	2.5994425398297665	-0.441263350091012	0.0	0.0	0.1593696381543034	0.01394508136004996	0.06799999051962102	2.096312906617216	2.035160053665955	0.022592079515835195	0.07381396550351133	2.9176627306248504	3.4337757510926505	nan	nan	0.009226609467771513	236.48289169173884	464	0.00014358192557494836
-0.02509519734979404	0.528495465220231	5.3092579971551315	4.891199042875354	0.05580139320843491	0.38780839554768115	2.3895309192478114	-0.5170436294833848	0.0	0.0	0.17202613006653963	0.003309533429426359	0.08603628323680201	0.4670615992787508	2.028302080459704	0.003794092037301633	0.06707254310906358	0.5455864630970981	0.4486849442724182	nan	nan	0.009188412531450071	227.7250188068298	464	2.831996184317987e-05
-0.04171960689829801	0.6214819767328641	3.3207393172235866	-0.611037514249291	0.053666511504360415	0.33278560622386083	2.413320606451188	-0.44655168073666957	0.0	0.0	0.14528939402545477	0.008321203636205476	0.0672268510498551	1.2648470216237837	1.1342338707918171	0.01537971384464698	0.0704771686091216	2.01459202095622	2.2327378202416464	nan	nan	0.008861931096011341	210.06973487493437	464	7.528531219801724e-05
-0.022483737558845918	0.4662079369556728	5.324913691809017	6.5390923548084405	0.036814350499535076	0.25673254169096993	4.433955073232864	4.564598195175823	0.0	0.0	0.15987439116036986	0.002587929292141966	0.08024420860667908	0.4190613640581913	2.095306429301939	0.0017403421065069757	0.06185139545822049	0.30335310037914454	0.9082683774764966	nan	nan	0.00912070258917308	230.67841395203556	464	2.581096304099208e-05
-0.031703227911292764	0.5787387526621379	4.43658393635096	1.6382928015319214	0.04024909715555158	0.2891236415933778	4.044768408296831	3.0319386351330264	0.0	0.0	0.17288525170488073	0.01377166240636657	0.16806737115228276	1.352882160096287	4.43028523674462	0.01613731740710267	0.3002871327237323	1.057597021197129	7.19031205134096	nan	nan	0.009644383256600164	221.78638450188498	464	4.8520999146433385e-06
-0.02078668337191436	0.4873567730495247	6.41154691061711	8.985473083692238	0.06467979821444736	0.38503712615542934	1.7222507735808013	-1.4042651557439925	0.0	0.0	0.17530426447598754	0.012489314773363014	0.3203822322609561	0.5624097972772226	13.519591781864296	0.013032376956519487	0.1218895384309571	1.7243727850030932	0.7929281332787006	nan	nan	0.009518389708991923	277.8159038189406	464	0.0001590367336079248
-0.02046322282367119	0.4697841328646659	5.861592251392631	8.660570227310757	0.05653847337164786	0.4399688159083344	2.7464426245972398	-0.6739401804290271	0.0	0.0	0.1568278882420471	0.013459175565972814	0.3380724154890591	0.5128882847083016	14.109757649043388	0.031619296336071745	0.08174635503398178	3.536323766691731	3.6725077538118898	nan	nan	0.009015357998763338	219.75320073644997	464	7.72507325857354e-05
-0.041864773875089245	0.6363328349459783	3.370462246882605	-0.5685366391154218	0.036847109906996245	0.24379037905458212	4.435103788868393	4.728314419659398	0.0	0.0	0.17291251319072765	0.015001510852858335	0.06850346041117089	2.061709845761211	2.048558137259383	0.010609046611736339	0.2628354568655073	0.5921800423398083	6.9663173035215955	nan	nan	0.009716256923309005	234.68346419485388	464	7.543703513407163e-05
-0.04110997262760141	0.6146607629314949	3.2044501020887237	-0.5671565021707949	0.05587711353381897	0.43111049022993686	2.852874047217717	-0.6486699083129205	0.0	0.0	0.15353410302998466	0.011018543170539796	0.06622353151767746	1.5675004171806164	1.5073126005478463	0.06956979836997162	0.09331606673337389	5.3621792033292275	8.683058131502849	nan	nan	0.009055897215663106	231.23293948950953	464	8.57969904429531e-05
-0.03563275797014254	0.6639809008351009	4.722184657923876	0.6938851747760597	0.05279970127913858	0.4005683947318421	3.184781982592458	-0.15897021018805313	0.0	0.0	0.17021122066616046	0.0046989364251562304	0.07080089266337725	0.7141698525471041	1.1476650452799786	0.0031926270814346402	0.06983254164422176	0.5266928952440302	0.5265754022372258	nan	nan	0.00929799335251942	221.58793183490164	464	5.73665668526611e-05
-0.04811535271344225	0.6654180369151744	2.7921341617463202	-1.2545001287254998	0.03829110220605192	0.3087333000141886	4.545724402489635	3.6671309069777824	0.0	0.0	0.1531818872329361	0.013963653564594669	0.09008914108368138	1.906651282372449	1.094028396668103	0.009762090460759043	0.2111187663037859	0.6262228670588037	4.926903063841212	nan	nan	0.009268066623360258	230.30040690378854	464	6.257339388880029e-05
-0.024450589559036007	0.5467399529013108	5.886674141978028	5.490174612833736	0.04685712815903953	0.38252869024701197	3.8926700370467886	1.0817982153309509	0.0	0.0	0.164367013059197	0.019147747086656175	0.3972127543348394	0.9724114316265111	13.211507756152775	0.0263863627708254	0.27786811882079504	2.429171487953435	6.843896108034718	nan	nan	0.009509935485404394	228.45307608563618	464	5.143822216819749e-05
-0.02307326811492838	0.4886834251308951	5.545618388684391	6.033782134582701	0.039651227441583226	0.31335738914023914	4.474251510699911	3.3320581868846384	0.0	0.0	0.1630290945916848	0.014006206941084842	0.3176579710452754	0.7231415991552632	10.84722165979925	0.014204545670883473	0.2781990919927513	0.883777062560777	6.650687488985586	nan	nan	0.009505432167077263	238.13369683891398	464	0.0001464658042872175
-0.0280433856459118	0.5615713382924992	4.844464244562997	3.0773648148696235	0.055024180167690506	0.38881662341063183	2.347117778222052	-0.624447887534716	0.0	0.0	0.1560515870344055	0.010933826298638705	0.16841746900358348	0.907475645563026	4.828960029867507	0.012562360343204682	0.07558934933621009	1.5620504475272752	1.4604837571394438	nan	nan	0.009142516764844205	229.6588513507519	464	1.1097356030533216e-05
-0.04347480319860608	0.6809417228524197	3.589733816338898	-0.585055780805333	0.05586574517986054	0.4128092345405539	2.7627761447844126	-0.6171302469147404	0.0	0.0	0.16044185102721353	0.0062475829229876045	0.06445835170413722	0.9261473232884128	0.8121177466176486	0.0040413432050893094	0.0706872623599942	0.6414097975648239	0.508647350995619	nan	nan	0.009030320350787477	238.96022829744356	464	3.139243120199179e-05
-0.042676890789105304	0.6690664445026584	3.6501641783413175	-0.6036604895047316	0.04064334915449841	0.28983567925433423	4.116241152100233	2.9967698387655877	0.0	0.0	0.16664938984458316	0.009927755595214083	0.07003242288295775	1.4692055988054469	1.3534743693602294	0.009211463255091368	0.18763770193718937	0.6728944659312406	4.118557125491435	nan	nan	0.009340136943613062	246.98045393754768	464	0.00012602407778339813
-0.04336992191374622	0.7319464010791112	4.114615110417363	-0.6305500804880421	0.04244651114246811	0.34081188195700657	4.052293927915416	2.130445061420704	0.0	0.0	0.15208791691288093	0.015948905057571572	0.07318483804487386	2.2941499861599493	2.19642874649959	0.01230730478802633	0.2032579032097782	0.9624324545551053	4.329781028754082	nan	nan	0.009123974023670836	245.059453738023	464	3.486984115111913e-05
-0.04257535394424383	0.671950413388155	3.6091538932283114	-0.5944448114226433	0.05584498332769661	0.3893007259504878	2.4177341642453087	-0.6511259439021023	0.0	0.0	0.16296190579701608	0.016234488428471194	0.06827979513687954	2.237153112654197	2.197281940948031	0.023009572337351902	0.07537958698839639	2.730557617840143	2.7013319742531214	nan	nan	0.009229775118842057	208.87868535750297	464	4.654791826078115e-05
-0.042145838268997315	0.6721894543792102	3.7879500016977667	-0.6241545815083354	0.04110957521454295	0.2890504435128997	4.25213815238604	2.920390297474979	0.0	0.0	0.1618158832942599	0.008934001136278569	0.07150884896496401	1.4083955701483797	1.2650847913473235	0.0077799888440232	0.16535155981157018	0.6143137160586658	3.523574215033	nan	nan	0.009351571839183281	221.2990085668395	464	8.908897897522792e-05
-0.026924171834371124	0.5714547406094657	5.4339618505657405	3.524591601799829	0.05479190295950964	0.41727926975963686	2.8281326981878108	-0.6356102464090618	0.0	0.0	0.15412042706659712	0.003565922510581798	0.08490317333976682	0.5295864054437467	1.7946572423937341	0.003576755945780774	0.07132309077020979	0.6076147054034728	0.46250059832657714	nan	nan	0.009120176736108043	228.5661624413089	464	2.0788431629992454e-05
-0.04277753873445411	0.7026595301598579	4.151670235927344	-0.5804448442660496	0.055471020352857	0.3615796333912007	2.549913528602067	-0.6123117986478945	0.0	0.0	0.15980049633777688	0.009205138715683736	0.06949924867194429	1.4587281371493106	1.3537674606812702	0.01801609581310859	0.0716141000970055	2.427559112170661	2.4154935914837834	nan	nan	0.009165818928219105	216.531418059862	464	0.00015075638136219287
-0.028215161286562207	0.6058883515505152	5.689065418834342	3.4078855838441817	0.056550909755026524	0.38266982159065366	2.491053654652111	-0.7011793806556582	0.0	0.0	0.17140037032340807	0.012869580807819359	0.2014809338256404	1.055001803070819	6.117713154421157	0.024719673866303804	0.07911415110921313	3.038329928990305	2.9736786336608914	nan	nan	0.00940373629401016	240.0336094167447	464	0.0001822423415157609
-0.01254016224746246	0.23264008529767455	5.858922962707672	24.977086227903097	0.03536356234244753	0.35648227758366374	5.353109314394877	5.28449479822955	0.0	0.0	0.16811422732341538	0.0020112690409777034	0.09237917159890363	0.4265406785945691	7.783198050468957	0.003818382939202225	0.10220743256392972	0.33902119101328676	2.2636475469590556	nan	nan	0.008756181404936253	252.97112835847292	464	0.03310608911985103
-0.03775721601540005	0.6659063320441163	4.147828717650797	-0.12854306402322682	0.050820916413781836	0.4338096093555906	3.3388602097792255	-0.07296424138623538	0.0	0.0	0.16122514712766073	0.005781598510499419	0.06880896490322885	0.9535051980186982	1.0860579829865673	0.0032929120784522814	0.07443002742638274	0.5357780108363603	0.5537116917430754	nan	nan	0.009406641472643723	210.9228489429083	464	0.00018945643966021593
-0.05104925922840087	0.626321415275843	2.2195342721967464	-1.4015243944041313	0.038082517956873785	0.269707920738756	4.398552771134592	4.028941646732415	0.0	0.0	0.16123924142094145	0.014187641186525934	0.09591707814203232	1.699557319872608	0.8113607505032437	0.011854873960916001	0.2644231507375168	0.6894983935094365	6.650069401134838	nan	nan	0.009415985578852495	240.28961279265525	464	0.00010478012848580576
-0.04118677166819629	0.6588287599116179	3.6137952537829294	-0.44984042054256457	0.04897055813073492	0.4005857290825346	3.613096883467222	0.49896942372809455	0.0	0.0	0.15838189376028097	0.006098567505663344	0.06356892248884838	0.9221131600777928	0.8920244814244092	0.0027800692238154623	0.07180905100367446	0.45355011742867335	0.5891060727271459	nan	nan	0.009069028787689448	227.0865797842475	464	5.009408036711387e-05
-0.05599469979256144	0.6540255099535519	2.172569923743252	-1.5628962105452282	0.03966860151465523	0.2845057869350383	4.42222869378961	3.7857056881375306	0.0	0.0	0.1783059184425631	0.01164039689523988	0.0874637322632596	1.3054933203933352	0.5176835100926614	0.01096042629597438	0.22731646762144062	0.6772308139758898	5.587694260208841	nan	nan	0.00951097796410362	221.21254670747166	464	1.2412602163305566e-05
-0.04111615796736945	0.633489982375611	3.4915332414123625	-0.5840587631947891	0.05696015061705961	0.38641895517484	2.4492609376892993	-0.7103477573466991	0.0	0.0	0.16664356087922289	0.012600932669294351	0.0682733485059206	1.8735076656006666	1.8104645807718827	0.035582036532642136	0.0861479532178484	6.219351645651255	4.140728693693768	nan	nan	0.009286583723133138	248.17855546416928	464	3.8576651934643685e-05
-0.04312611191364679	0.674442058807637	3.5477760892442656	-0.6136841392625707	0.04798379464772151	0.37625813469359026	3.5127750740720765	0.6478154852010893	0.0	0.0	0.1638901689232507	0.01408758595895987	0.07023169907819166	1.9313057282144244	1.8379742048260688	0.017859637590844857	0.1725584891511951	1.830595319591154	4.062177187005155	nan	nan	0.0094079626187651	239.0683349100726	464	6.883182849545115e-06
-0.035439089514605615	0.6737603073850311	4.685872940151499	0.5926769537697896	0.05562929520204807	0.47519336080313285	3.1916597463235705	-0.6367495612057977	0.0	0.0	0.1568162905100378	0.01710776119688906	0.12017514495754755	2.1159946354063077	4.109121266554213	0.01767826161808328	0.08176083145084989	2.3345012159527068	2.2474908040772297	nan	nan	0.009181362413621358	210.61347111259528	464	1.984813650177496e-05
-0.042596905657926065	0.6778872048659887	3.64850231345729	-0.48635241099332954	0.05468131984856606	0.4035722483663013	2.788625419354383	-0.5053859008906929	0.0	0.0	0.1629814021732528	0.046545379632332406	0.06887597731743356	6.82423177390193	6.453091840020255	0.024099264006839816	0.07436840301516998	2.922283986984099	3.260017604668424	nan	nan	0.009183249242454325	238.74312297565567	464	0.00010684726311258198
-0.04347489522063375	0.6742827140575349	3.6552908293163036	-0.6228222731012438	0.05515595718443045	0.35441244642153286	2.492878548094779	-0.5649293651431933	0.0	0.0	0.16486588779889727	0.017752201747613328	0.06745650798706093	2.4238474818581057	2.3611889112820883	0.012436532060842498	0.07062609700912151	1.7013736362838352	1.6816764208499624	nan	nan	0.009201235471043442	258.84861385260416	464	9.783686477168829e-05
-0.04359410698724897	0.7423592735234353	4.210049782507675	-0.6244423328187445	0.044466678743579235	0.37930413838097593	4.0797261850642474	1.5946829065812107	0.0	0.0	0.15712940722630314	0.014296123618667722	0.07267842311589845	2.0827864010685344	1.9761594194649037	0.011016580987664448	0.1627888550056483	0.9534392504185996	3.2832192612870355	nan	nan	0.0091250881757724	247.65834267096272	464	7.586896810920302e-05
-0.02724274456320719	0.5660657600045618	5.2726051429703915	3.630702016621179	0.05655247919693229	0.419861010819169	2.6986967461205715	-0.6382651996510298	0.0	0.0	0.1640749465362401	0.01057610511982715	0.17777116090698344	0.8338764135474395	5.248778160999708	0.012013460409448617	0.07601909736489418	1.5608895124612991	1.4392569462562015	nan	nan	0.009144233851496	220.65762838091325	464	3.6640196543994325e-05
-0.024899358523784332	0.519427126589697	5.486965453027098	4.728716375637324	0.0550202098177861	0.40383318013090097	2.944411510412244	-0.5701015014257749	0.0	0.0	0.15394590013408288	0.010989850524739664	0.21442424685117187	0.7872293703536601	6.928187616047657	0.02205114166670219	0.07475132079832963	2.927699302046939	3.092820260741292	nan	nan	0.009105376548742078	218.88281552530248	464	5.930873070802964e-05
-0.02893322843513524	0.586167867490826	4.956733043645986	2.7993006983971194	0.03903486247219501	0.3325963359249828	4.380341194783305	3.3791591408613684	0.0	0.0	0.15709636131992355	0.0034940152078464792	0.07558838614108432	0.49416016249444494	1.4412121492000274	0.001926629011481773	0.06931750435638606	0.3360920815443338	0.8114944836356467	nan	nan	0.008887306573393317	223.06574044651617	464	5.3488821090399645e-05
-0.04183396461393307	0.647222152504246	3.539141218315857	-0.5734220846157578	0.055056485096162566	0.40321283870322927	2.9944688873390692	-0.4735584513835817	0.0	0.0	0.1614138398454478	0.026975087057075964	0.0667809746104785	3.487583574453652	3.799219395220969	0.029792806682946926	0.07644452702159152	3.566808606890225	4.298884529361754	nan	nan	0.009119196000470911	227.49488218813886	464	8.323570041924342e-05
-0.03377721865363592	0.6013714771585483	4.376683709266783	0.9658481618717245	0.05454323317362775	0.34961471622334256	2.4627615232783313	-0.5032813694770565	0.0	0.0	0.16105991653680748	0.0046808920031155	0.07190657038181819	0.6944145665661856	1.2648230393274185	0.00352681286889589	0.06606030233151494	0.5679866569042288	0.4836856891706794	nan	nan	0.009149760894917619	213.56574925425002	464	6.267564405547484e-05
-0.029451189975283842	0.6224644129279169	5.626384003509583	2.7671914071101376	0.05515485213737659	0.40633204027307773	2.9848928456406485	-0.4772444696483872	0.0	0.0	0.15874890686413717	0.0156223914355898	0.21509900062937798	1.4069911524397671	6.6483664760919945	0.016735400200659112	0.0750128782502183	2.230363704120731	2.3622414249617116	nan	nan	0.009066297836122117	247.72619942534803	464	5.171198389832058e-05
-0.02967855492687277	0.5763406814335545	4.729526391935403	2.4887507014322208	0.05346737307706273	0.39565773615611727	2.8833838275346837	-0.3632571396460557	0.0	0.0	0.15926153316869934	0.0038197426866031226	0.07781527068256217	0.5262420321663934	1.4695508050940307	0.003334734207029122	0.06940711080534273	0.5465161505003924	0.4899958839860343	nan	nan	0.009144222174228889	209.74570014968486	464	4.922201382070624e-05
-0.04011628796389799	0.6516813512345188	3.7230951551366736	-0.11322451109715749	0.050811067932776455	0.3708587731694892	3.043351689039157	0.13511736271171668	0.0	0.0	0.16103620497972762	0.005701077415390388	0.06358213742560387	0.8072216295956434	0.938236875787703	0.0030750128085446082	0.06915784340398418	0.47828091660814587	0.5592945401428447	nan	nan	0.009046126727237702	197.779631113976	464	3.1286899672916845e-05
-0.03507281474985857	0.6467113247228893	4.6046284071287396	0.7569475951795749	0.055237074989116675	0.3786982942081635	2.45360532983038	-0.6097252316742104	0.0	0.0	0.157133739855093	0.01370426799473895	0.11141963810819289	1.6641878088032083	3.443330745313056	0.010277757686760314	0.07385422807431502	1.3691057631984018	1.2745306831981684	nan	nan	0.009191160555916816	212.7846792398829	464	3.464477429163657e-05
-0.04341940856526649	0.6883792414657623	3.7299652385718844	-0.6894729321001202	0.04761700818642667	0.3350198910262675	3.3201155904065907	0.7643241584180052	0.0	0.0	0.16076447359498203	0.015440057370630422	0.07086213794332763	2.206168005809615	2.0278864801382896	0.010566809988288184	0.12478112713461367	1.1162249976733518	2.569143859545747	nan	nan	0.009240444573545184	206.54227952082633	464	5.240411418957609e-05
-0.05116072354701262	0.6367831285603411	2.2374762968449335	-1.4584350042561238	0.03526113168950018	0.28777702771371055	4.856837655743883	5.36991380200042	0.0	0.0	0.16458861512181522	0.006109728923323565	0.062380770433625776	0.766140535144348	0.3368942662921776	0.0017957420873945251	0.06539794995414339	0.32175230021308954	1.0155375480979787	nan	nan	0.009159803375990191	236.75699181718613	464	1.8290141139800493e-06
-0.042880174914161295	0.7331933973124913	4.175162724946178	-0.6379948393341409	0.04609875552449738	0.3948921700708038	3.8168884081579124	1.0852019195986717	0.0	0.0	0.14479227962663777	0.018069428546787225	0.07523235526757593	2.6224973534805964	2.5462614725745336	0.019140818318677977	0.22143393610981812	1.6923146777388147	4.848230168386844	nan	nan	0.00897269856503291	214.92167729569394	464	0.0001746056432719731
-0.028511672522686382	0.577145227259209	5.327116658843379	2.820028674022846	0.04217403094768546	0.3093053864288695	4.258821740499822	2.51665363921774	0.0	0.0	0.15964382875657007	0.01808061485769119	0.27158050615442464	1.5899443821618333	8.091363196472857	0.012971277458097341	0.22642762180873022	1.019012983694381	5.266417688155826	nan	nan	0.009368575746416544	250.55803654018476	464	8.882370638865493e-05
-0.043957207332156356	0.7308872185555696	3.9673787456748655	-0.6180185511232617	0.03862817055290879	0.33510620755964704	4.580623271329535	3.5535306440360155	0.0	0.0	0.15754998958939645	0.01062978827783978	0.07282603935112064	1.5270437213104335	1.3972513218848952	0.011626575339455214	0.23917558456735313	0.6824839877732138	5.482896538096241	nan	nan	0.009218900980012143	232.41643013194954	464	8.16822572535675e-05
-0.031041504872385217	0.5948192594093085	5.0287467997024	1.5800722898319888	0.05456229886027719	0.36334568842112935	2.5136468714559808	-0.5611998343471296	0.0	0.0	0.16041296406935285	0.011908028019831374	0.13859732643525088	1.4223237077182966	4.137632776013804	0.016315962537775563	0.07217591428283757	2.156370084741015	2.197775136561005	nan	nan	0.009359383624532577	204.3088254246187	464	3.1138432959268066e-05
-0.033271487128991195	0.6807042005017341	5.553212948198974	1.4193466361239724	0.056110878685136756	0.3877917621297268	2.6928916478308613	-0.5617208449882524	0.0	0.0	0.16452929455425103	0.020066007857785617	0.18631217531679223	2.280713408926019	6.289437632966506	0.09155100241978564	0.07389761691901664	6.386064890684729	12.05640580721143	nan	nan	0.009169320141424436	212.0881950284889	464	9.967231226478533e-06
-0.02751902093197478	0.5805927780223219	5.359457913559841	3.5163329836215653	0.04213371389749865	0.33431138461142407	4.074566611282441	2.1104674310143463	0.0	0.0	0.14995768816044672	0.018853272175368863	0.31510673647731635	1.3389500632484554	9.240893333000294	0.019241984912241272	0.29904263893340094	1.5107465993255624	6.926873083027933	nan	nan	0.009345069837682796	236.97448126823403	464	0.00017182256951670452
-0.03770267891477874	0.6446444056107161	4.051492880364372	0.19488384013979446	0.05525051795333602	0.41098306627726083	2.835684152677635	-0.6044526696413174	0.0	0.0	0.17059249688293981	0.019183086974294605	0.10112758360101542	2.3477404215811646	3.8089770938421785	0.00946193943921192	0.0775441291301367	1.3467215517801436	1.2460447411458075	nan	nan	0.009468461561674371	266.24240000399084	464	0.00016982165163346985
-0.03481691763684336	0.606165033089584	4.1067931237921425	0.7779388093310503	0.053006793311987765	0.3710877778720982	2.7457777354560124	-0.308966176893855	0.0	0.0	0.15436129747941346	0.004775634023599484	0.06931053516374452	0.6755103743578967	1.1639374904622255	0.0033461936224020716	0.0677178135984243	0.5361484294367806	0.5062282746365415	nan	nan	0.009008218030373688	160.63259617464968	464	8.774287109550394e-05
-0.044074659956486295	0.66748775005004	3.3066084177624	-0.7004707508438289	0.04440149153166262	0.3902525782742031	4.216257369059972	1.7746062238773583	0.0	0.0	0.1771038287719871	0.027091455354297134	0.08263596706748638	3.294454255175406	3.2216369223964842	0.030432477650774725	0.4080914001813937	2.236674768375954	9.265867103876998	nan	nan	0.009720076101894737	248.02314903177668	464	0.00019880192868516864
-0.03205784473908013	0.6730556323648857	5.505923403693335	1.9936816908701505	0.046974314117974814	0.3926389142154582	3.86511582410906	0.9953500683260297	0.0	0.0	0.1735896790796263	0.017744319656778806	0.2136100286093417	1.6611307675561686	6.104412829724907	0.01918602931711455	0.2025943172348318	1.823714574776729	4.7909127426611695	nan	nan	0.009506915718726291	231.87478277765476	464	7.588047451343188e-05
-0.02054889513771907	0.4464180913656254	5.795722186934183	8.816300520283775	0.032026858521278845	0.15143271770540057	4.5482324066351065	8.706115702640691	0.0	0.0	0.18284176128266783	0.0023564186811847465	0.08056802298078722	0.4220500592016867	2.5152513729081702	0.0016321183157780306	0.047521262109784745	0.2507422912152948	1.2125218376267504	nan	nan	0.009392706544084056	216.38066786624933	464	0.00015372060696861587
-0.028143685042069655	0.5761269106480482	5.0703319740638255	2.978474718013551	0.039353622422609424	0.3737440212443411	4.783112141217685	3.386806279947445	0.0	0.0	0.17091025177621344	0.0033984053070896247	0.07703472100413433	0.5021418719600939	1.4969733498094235	0.001987602872779326	0.07196185492423485	0.3571762297109107	0.82029227156036	nan	nan	0.00927643078038319	238.14102005371774	464	1.2629670321109914e-05
-0.03730835520638276	0.6621212885014345	4.212789257704635	0.3048948031166519	0.033799300933515575	0.2199544398906474	4.550352227590684	6.255120528171939	0.0	0.0	0.1443878532961713	0.011500280638150229	0.08202833450180347	1.4656712294383654	2.4061311704933828	0.0031994135426693937	0.09329873150342677	0.39049104878026775	2.3832617272929886	nan	nan	0.00891421192342165	251.56893848689356	464	0.0014139840036370313
-0.04174843056737876	0.6475738789673857	3.65640678413257	-0.603718941262428	0.04994170265275466	0.334887932626655	3.233100930587849	0.31841894504951224	0.0	0.0	0.16092322591774222	0.009362540180874124	0.06931636765303884	1.4654489185555215	1.3468647401053582	0.01249457055089076	0.11246854913949467	1.5278178435247034	2.7250442997643853	nan	nan	0.009206074356251592	221.37935577842822	464	5.13477486206408e-05
-0.040828830223557544	0.6759137207313126	3.926340597013349	-0.3909911228241086	0.05486532307051761	0.38772743165426954	2.646370769183056	-0.615186173632288	0.0	0.0	0.14849310062621127	0.034685820456558214	0.07483225718119513	6.821619999472773	5.461755835539501	0.014079588616309313	0.07392887101427997	1.9222218277287342	1.8480601349681147	nan	nan	0.009033550201103732	230.47778536084766	464	6.231033092678442e-05
-0.04199993819167447	0.6526828027921696	3.674636859877665	-0.5417358349169717	0.05561003272993581	0.35161718121724816	2.4418757766338035	-0.5969347732501615	0.0	0.0	0.17085706245444904	0.01793974762721212	0.06681615626685578	2.5080903911824812	2.597994928345506	0.011633206791819117	0.07076665964363466	1.6002694768860692	1.534114110784587	nan	nan	0.009300229821132669	241.64425681709756	464	0.00014952047412982797
-0.040845371297239974	0.6586567649917076	3.7365655665844413	-0.5030263518234369	0.04973673846085602	0.4092022613600283	3.6064607603019416	0.40942107764271785	0.0	0.0	0.1602931638489696	0.006096620009110709	0.06413862476923038	0.9785453125853922	0.9180007162421272	0.002877871419553202	0.07178796088626382	0.46261868498496694	0.5842651916827922	nan	nan	0.00910772332911429	208.9784913058616	464	4.845517822907787e-05
-0.027655354420499267	0.575249910782051	5.405719171499788	3.2404663251146815	0.05548997641298503	0.3988775223626003	2.5967208233949672	-0.5819099873723209	0.0	0.0	0.1665204968373059	0.012192322402861056	0.19296949996535268	1.0567386418164695	5.851589139377643	0.015239978446850988	0.07484537497600688	1.935010844356039	1.8850002822483354	nan	nan	0.009318824701199394	214.58420926233276	464	3.314462453329128e-05
-0.03778043398076403	0.6943375446544451	4.617449530785987	0.22012061682216624	0.05511892866772583	0.4144568470778547	2.8509613152147706	-0.6009846451922266	0.0	0.0	0.1513314364054198	0.01807332004573775	0.09987885571025396	2.3312591919111894	3.760162802307051	0.015022026143972855	0.07548230389361077	2.029226330447747	1.980939566098824	nan	nan	0.009038480048558492	177.70727548975967	464	6.378052742218488e-05
-0.032993613157456414	0.6435673762989012	4.835748791936668	1.4811592605267372	0.05432193027002841	0.3680708854349101	2.2904583120251436	-0.5357577050898765	0.0	0.0	0.16243585019447843	0.004674710131306825	0.07647250403994632	0.6477100905137152	1.3959718884146022	0.0039165365497189075	0.06814919703152586	0.5773706388377697	0.4789456059799938	nan	nan	0.009169050616810337	228.80828396514255	464	0.00010325777115692538
-0.04125361639828706	0.624781079223845	3.5104962839726888	-0.603555119942046	0.05473029119069994	0.3442201735311408	2.709326154474359	-0.4952371171486026	0.0	0.0	0.16164403480382133	0.014954895797408496	0.06721576228168957	2.2267446436957337	2.175062415415335	0.01862433085162485	0.07028353684631877	2.5937220771161362	2.8463702381715876	nan	nan	0.009268835133070308	215.81765194398133	464	0.0001751608384507156
-0.029270284955069892	0.5718953634352482	4.846418051091716	2.4508126534118846	0.0436358047348131	0.35321813383114725	3.9667114169013096	1.7754319664588378	0.0	0.0	0.16584471390176186	0.01946546295096374	0.2849817737317146	1.6708878236406353	7.838140524240818	0.02826235954954004	0.38061407833075606	2.2220187881676625	8.993306785070239	nan	nan	0.009769196572326916	235.96587607206243	464	8.90554821531151e-05
-0.03303277489077172	0.6128385193148929	4.548111228729523	1.2926291618349426	0.05477182002956549	0.3779851773994492	2.6371716806421692	-0.5675283393242646	0.0	0.0	0.15045321178009272	0.016281902818042038	0.15280407960655823	1.7564876845793065	4.738687693954383	0.01836534179160454	0.07375594639628708	2.414227666444819	2.4819188712651035	nan	nan	0.009013829041390864	225.3172011404065	464	8.844580231296236e-05
-0.041716398808814725	0.5782244868128366	2.8028833518736693	-0.5603775873514576	0.051112129930056316	0.3608537441510283	2.9033241504787695	0.020183280360482232	0.0	0.0	0.1584074558044132	0.005581728278055587	0.060064023398272104	0.7967641352384882	0.7031294882475421	0.003184797969577713	0.0691010090365552	0.4977806085612668	0.5592012721066153	nan	nan	0.009046572462656166	234.5055007251273	464	0.0001319119656273322
-0.042887891103524534	0.6624602896291645	3.466028236910701	-0.6089481160829432	0.04538054234106581	0.3713468580783216	3.9823867292738333	1.3424340947179954	0.0	0.0	0.15354175714674329	0.010587732466873445	0.06907138355539277	1.4928498151353184	1.380831152223779	0.012734965799004905	0.172315039557027	1.185763556753792	3.6433561778190686	nan	nan	0.009116116636703198	249.00043191215792	464	4.951735439424674e-05
-0.03599686924894896	0.6538049782479489	4.674246602806197	0.7410985300439772	0.0555134319209305	0.3404408983149855	2.4223674953601666	-0.525580993247814	0.0	0.0	0.15999978350905708	0.018349822460785203	0.1305866542802258	2.1601486997188415	4.50613196382288	0.014337086276023925	0.06916128616622039	1.8943111314445025	1.9571438173727473	nan	nan	0.008996073979273808	218.3208134655002	464	2.71602614054052e-05
-0.04389067962321169	0.630251780691674	3.0900928257605944	-0.6921493074019638	0.05589236167774114	0.359604476117337	2.574271628188489	-0.5463135182849169	0.0	0.0	0.17248404305492193	0.02553144393161122	0.06809290952576841	3.0879826391798515	3.018692675130561	0.020047096642421325	0.07014078384782302	2.576064025010096	2.727584283989355	nan	nan	0.009286663995159344	227.28566174641722	464	5.976273485461892e-05
-0.022178475769277117	0.5169179731169894	6.404021974311922	6.754016728857603	0.033608430422628954	0.23595655506300173	5.069684546622684	6.694331996380126	0.0	0.0	0.15160338836428688	0.0026312600467015	0.08462331961662437	0.4885464156016641	2.2887569431034542	0.0016667806127843576	0.05708224011856014	0.29606738658337717	1.0796332711856274	nan	nan	0.009109772360382629	238.27475300687382	464	2.1142665951672617e-05
-0.042062722551567955	0.6049833301833685	3.0612300890671564	-0.6026131011481962	0.0525469485689396	0.3573410430182941	2.737951640000302	-0.18593813024333253	0.0	0.0	0.16440065599423148	0.007565802845979019	0.06738084256136884	1.105169263987416	0.9719625886124416	0.01881017058366785	0.09266302840097768	2.240769855757211	3.024288517696511	nan	nan	0.009255252651148058	231.4072872087311	464	0.00019437232398662862
-0.025902852884968075	0.5702920868587027	5.561998956699398	4.056845379985927	0.05370971960432391	0.43779462355808507	3.00698644137095	-0.5036484317993725	0.0	0.0	0.13708344291809665	0.0033174148635864986	0.08470048071027977	0.5084642673703765	1.83151020541933	0.003416996598680888	0.07127793561296017	0.57017632248179	0.4649171101743259	nan	nan	0.00882336854386706	289.230743242856	464	4.867255486275738e-05
-0.017482288082809383	0.3653841389051677	5.824989307829776	12.671962536171879	0.03130235767481837	0.1995048884819121	4.988489515998496	8.740496520446197	0.0	0.0	0.16941415938328497	0.0046288279520503295	0.15869326207028062	0.46944519433989207	7.8931391688023576	0.006184516049333344	0.17736271786213095	0.326309626152256	6.912488620663834	nan	nan	0.009131097088666412	202.9422373348709	464	0.00039608778998111377
-0.02614708999207105	0.5103875248344338	4.869677964139153	3.795695514704943	0.03651681188636724	0.24556249784129547	4.471903000489503	4.7408343545356155	0.0	0.0	0.15738615129971506	0.0031286933268587225	0.07741814297745753	0.45168586219984075	1.6525885675347587	0.0017614787978119661	0.061731868932063255	0.30764861355310735	0.9468463655314219	nan	nan	0.009138669779571645	229.14278541216015	464	6.201108164983008e-07
-0.040812969168704916	0.6312496191793051	3.526732083874572	-0.5570579119709466	0.05494435247230278	0.367697068822193	2.4748941928948316	-0.6207011299091426	0.0	0.0	0.15395695061318543	0.01367861658301378	0.06745549987994554	2.0233286524995844	2.0166618964216854	0.009394049477947863	0.07345326151366721	1.3201026490213628	1.2120514487166425	nan	nan	0.009130549767078278	239.70048627463214	464	0.00013826230620736786
-0.04122883824980883	0.6103304556196782	3.2365070307466723	-0.6256930028072384	0.05486024353654795	0.32723802614622044	2.064952386778774	-0.5827965589550557	0.0	0.0	0.15365976391485103	0.0071049572153603635	0.06295851444635786	1.0939545884475537	0.9743422116034125	0.0037478751683786005	0.06573849442227578	0.5680252794082797	0.45579689544349855	nan	nan	0.008999308802711214	217.6861185862366	464	0.00010966763152538727
-0.04275347018428721	0.712642153778227	4.169158199539821	-0.62150793950799	0.05457592449740134	0.3523392573511102	2.4539690596070898	-0.554727615878952	0.0	0.0	0.1580290157552303	0.019105118051665648	0.07003437314246175	2.79486394414618	2.778104271685579	0.012744179624168739	0.0700826821052373	1.7281462847441058	1.7275624665900025	nan	nan	0.009184099056066888	222.0089764925618	464	6.6586904637682e-05
-0.024199640146125523	0.5080938941107854	5.515647870674031	5.069729614677676	0.05520684127975972	0.3884553861979137	2.6617317123180277	-0.6383493163833384	0.0	0.0	0.1492545851700463	0.012039600139770401	0.24403948053653277	0.7994071117851629	8.107022797755365	0.016639486285442096	0.07523055805348108	2.2557485410081277	2.173045461777125	nan	nan	0.009108101822919518	274.9228656835692	464	0.0001362364171218627
-0.029022403921968642	0.5982891647591079	5.18161692944887	2.716161350459407	0.04499640317178133	0.3645422577648312	3.771787581372918	1.2948721708947284	0.0	0.0	0.15839260811547073	0.02377050917603779	0.343102279376016	1.9344318042419975	9.986723601978163	0.025996148035544175	0.29733189887530553	2.307070619742426	7.227874212673166	nan	nan	0.009570054772791645	216.88463551674224	464	5.50738074368973e-05
-0.041559168976497696	0.6252490844642319	3.3947267222701716	-0.6236661121958168	0.05473756200987001	0.3617636659643711	2.592221182069452	-0.5245657486832065	0.0	0.0	0.1579401974514326	0.006690224616664908	0.06313106613655217	1.0532487235541743	0.9299688243540298	0.0035340627734103958	0.06732683643482537	0.585959548164726	0.48934801492697044	nan	nan	0.009155299323573104	232.87806704830882	464	0.00018132266961813607
-0.04086470558060229	0.6057420649121652	3.209028888091118	-0.6016148818298217	0.05034603258220005	0.32878572016055035	2.8581434449731544	-0.09737108545053444	0.0	0.0	0.12414840579915482	0.010937565721411024	0.06590247552789025	1.611126531825548	1.5175200877847372	0.014832132233399187	0.09326214343375078	1.99629562579053	2.813407409258283	nan	nan	0.00862405628657962	213.48466010060903	464	3.296150426501132e-05
-0.04170299627819407	0.6061675928377126	3.1380440329204577	-0.5921308172136993	0.05461491762105575	0.3301423616811667	2.1518517491129807	-0.5825214157359181	0.0	0.0	0.15905546306708507	0.010908354367234419	0.06585579281040554	1.5432003661730815	1.453839853297102	0.018773018021558507	0.06996664788947776	2.333147299487828	2.382700940525502	nan	nan	0.009158597921236716	243.95657935076184	464	6.397077026103651e-05
-0.042949437320979	0.6251657675171955	3.1337315566384314	-0.5656106767505522	0.055304145603544574	0.32092520456627205	2.008067243489396	-0.6004651755447866	0.0	0.0	0.17089311690694448	0.015834794308008826	0.0651744867741827	2.0103169851937706	2.00557137612178	0.011163717431008413	0.06945963043217224	1.414421417359669	1.3405452473246808	nan	nan	0.009377296860338252	222.41556387935668	464	0.0001473552140022329
-0.041572321376339705	0.653576880341181	3.5885927259837427	-0.5858736387077429	0.043161811215656654	0.33783446097328107	4.047281385981842	2.0037624075947424	0.0	0.0	0.16421633139763758	0.013037948274760569	0.06960752797896108	1.9076610815449626	1.8458766967255458	0.010308537787039107	0.17136038782351265	0.8713110510909918	3.5568190929681758	nan	nan	0.009349807658487391	233.61004190434187	464	4.213513128947518e-05
-0.02737297492457469	0.5380908082678222	4.88011339450414	3.3479694001902387	0.0388001347771465	0.2937363094076182	4.450125346266983	3.691143550417144	0.0	0.0	0.1674727465184005	0.01811191537733081	0.3064471364417115	1.3032768979740308	8.723361036201364	0.02099118090045149	0.414177584286488	1.1628348991325765	10.717855627224578	nan	nan	0.009872841638690039	226.60288114336612	464	2.467632847809138e-05
-0.04148636063483879	0.6447123619606927	3.506795932714703	-0.6041154410359643	0.043980203810339846	0.37185336931830987	4.373624758739014	1.8796917825029162	0.0	0.0	0.158718377582864	0.017518093769660292	0.0696054648880185	2.481135015408434	2.458441156203369	0.013106492739447528	0.20045097928764505	1.1109562725147777	4.341180686902602	nan	nan	0.009260517740592333	220.08311995119044	464	1.2844719433236534e-05
-0.025687191458433456	0.5860656443228729	6.120543213979079	4.544004188650671	0.061764970512578454	0.4085021819261214	2.0739100552803826	-1.2681040578825966	0.0	0.0	0.16172440337493676	0.01727037577495716	0.31947505839035933	1.1860000375856004	10.601312624078293	0.013697672552988038	0.11045403489310895	1.884730077090659	1.067193879020292	nan	nan	0.009327787973795229	249.8842892989457	464	0.0001356057214375027
-0.030650350255232994	0.6064164134964298	5.046058143076703	2.1265389660745333	0.055874780651790745	0.4034956622480922	2.7459120474576904	-0.6156146235767491	0.0	0.0	0.15795450443115944	0.011800658628426941	0.1510260770069095	1.1684544955397311	4.310916989302889	0.012831598504484787	0.07513028637602606	1.7352283528639596	1.6483028170182417	nan	nan	0.009116084619724366	266.22968273255805	464	6.800470446952142e-05
-0.030462882288700865	0.5947053494703292	4.937100149839411	1.9907883158757553	0.055569905580842516	0.39143939672526645	2.5760560340083223	-0.5853238285361231	0.0	0.0	0.15986265232349067	0.011889196756477594	0.1490624888897958	1.2388228401160848	4.313633876300977	0.017965796222044528	0.07326033740626126	2.248628801922931	2.2597242440282646	nan	nan	0.009094167069628664	209.5698329018456	464	8.9881377332472e-05
-0.02738600364364807	0.624966285026	6.207769163120594	3.814310324677007	0.04449440955299244	0.36326498520544814	4.188746397670309	1.7595689204691893	0.0	0.0	0.15926816590067155	0.0033455458626749923	0.08261878983713611	0.5492932905202066	1.7426654302291344	0.0021669204489052074	0.06932929305595192	0.36954156374765024	0.6703600848596534	nan	nan	0.009064111221502094	299.8113633233426	464	3.367645334781914e-05
-0.04090798137489404	0.5752151834835897	2.979787576375686	-0.5815064778520889	0.05401038193449459	0.31661660066825714	2.277948087608075	-0.566731743699257	0.0	0.0	0.15765561053443258	0.013002812845746725	0.06478223298134861	1.8243274096399176	1.7742172849363984	0.010425519098327785	0.07003644086968033	1.5051079193236365	1.4692388156937777	nan	nan	0.009219527914994738	257.1477776527841	464	0.0001977965676268652
-0.04186422181223204	0.6121868149513433	3.1902640815858128	-0.5654314530428906	0.05530041384804485	0.34289171826864634	2.2371988460290853	-0.6020177119911623	0.0	0.0	0.1613914566939336	0.006169972778487465	0.06238562267909137	0.9235589949462626	0.8273230152116201	0.004060913009500178	0.06676735906619588	0.6193678988267782	0.5051543384928977	nan	nan	0.009105828875375782	223.83276384654602	464	3.4274801569872273e-06
-0.032261501928710135	0.6405278194797628	4.909305343349831	1.345533429589346	0.053996979903001785	0.4450278757336445	2.9212402647164954	-0.45181138100320406	0.0	0.0	0.16226929482355504	0.004525472105118222	0.07688644711591403	0.6738098355726021	1.379905819231743	0.003760858606277284	0.07276784031344125	0.5809039798315354	0.4920206707776305	nan	nan	0.009222357680749929	247.57060597120284	464	1.1382921183176372e-05
-0.04209633650596212	0.6996157293547646	4.203253229482121	-0.607273585161463	0.04228421130817761	0.3280563417762793	4.6720899485647935	2.7859558053367035	0.0	0.0	0.15918122055059347	0.008972762439143689	0.07199551527334935	1.487685618625457	1.3556959844729528	0.008325625239060108	0.16348851560389208	0.6768880504323027	3.530560921563838	nan	nan	0.009223521839657023	191.70135134955075	464	3.822841604818011e-05
-0.042322549433137735	0.6457891818038668	3.2558591085153745	-0.5639495960489207	0.04286632860817008	0.38336327264243236	4.2165165530923785	2.1291941054582177	0.0	0.0	0.1712446151289435	0.022474651906424392	0.0701047257851341	2.7844527906735395	2.906387025563277	0.016975518150602498	0.2598627706600848	1.1896354117519476	5.571576613869733	nan	nan	0.00939182188549087	240.04663546050807	464	4.417871775035103e-05
-0.043612161503406965	0.6281674807131545	3.038067296105565	-0.5676417526037831	0.04307934853146089	0.32208522133185724	3.868562442058445	1.9886435678949972	0.0	0.0	0.162025777300817	0.011574577189401802	0.06573171170770475	1.4523300525618197	1.392974069544973	0.013241641745617039	0.2138881716722948	1.0758419941569177	4.59456901661579	nan	nan	0.009251516906495255	295.5123764771292	464	0.00015797693292410762
-0.043263114364544775	0.6707949041401013	3.5680578401237417	-0.6710044263804887	0.04423109788287194	0.3237559155533085	3.8657080943690114	1.691618191376619	0.0	0.0	0.16529361177979088	0.03191928278789602	0.07261608859074692	3.909059522168664	4.156359641648885	0.011546531003224225	0.17643455766916044	1.0605107765540487	3.7934553227784926	nan	nan	0.009483968518112978	228.43481156464583	464	9.52279781435987e-05
-0.04017488065426167	0.5880781193726975	3.1100277279683866	-0.5697182237995182	0.04774157168366777	0.37319137591218415	3.6942017817113144	0.6851649047899216	0.0	0.0	0.154846214586985	0.015092333800278968	0.06656768359412402	2.1463812243427745	2.1437386181697162	0.012838490817774773	0.13875141892316217	1.4197648237082907	3.0949954877091206	nan	nan	0.009184467414883268	206.80305976519588	464	9.359418705298582e-05
-0.021285870710841426	0.43441538311871464	5.368454508199978	7.530674917062413	0.03353327173641096	0.17977127299537193	4.37415688456439	7.061091366603472	0.0	0.0	0.19110618877851132	0.0025109955012365126	0.08183215329865876	0.4183172460406097	2.3619777413608682	0.001655997355686667	0.052979394041092726	0.26623834839460603	1.1003921617723362	nan	nan	0.009679161564695754	206.57185504247	464	0.00014125352982646011
-0.042904363189362416	0.6604039345419315	3.50011671502364	-0.6037304550079436	0.05174500711940255	0.3605600167300695	2.783527244719571	-0.061797148772236896	0.0	0.0	0.156732783639382	0.011844041858942722	0.06788020638408199	1.6635957571122992	1.5655430099914296	0.020402162320582007	0.10964082390618313	2.2931859679859623	3.4004484995910333	nan	nan	0.00908213078753392	224.0847117410554	464	6.366063671231022e-05
-0.04445953088764776	0.6365529061170412	2.9429027703003605	-0.990389825496365	0.040484738653673746	0.32403244995290487	4.207680649987368	2.819621689735787	0.0	0.0	0.16906028085433944	0.020862156789740793	0.08980191139260385	2.7912663128751607	2.1335745655867187	0.013078717120859062	0.23877397663031685	0.9002802011241089	5.4007504003182145	nan	nan	0.009579816860894	252.0199813110386	464	4.737362586658101e-05
-0.04387833492463078	0.6346032284186585	3.2038191168810117	-0.6066363166587634	0.05337774574718113	0.34191904543351176	2.7694475577144804	-0.13600930363454877	0.0	0.0	0.17222681758483782	0.011366537048389136	0.06564134190777349	1.5057741406342984	1.4025296867570718	0.0188922514035208	0.094685049206826	2.2693892054952562	3.1600838465454246	nan	nan	0.00926062692662552	246.4875808293572	464	4.558765329666713e-05
-0.022206341297909993	0.49842092810743943	5.994105619055877	7.048302058502832	0.042331862756418204	0.3258110446334344	3.9854248261048526	2.264027985496902	0.0	0.0	0.17027750558516966	0.013739766491258798	0.33791076251642405	0.6175564243010032	12.119251010219697	0.018127002778392298	0.2911990402331711	1.323669850725314	6.5990268593470605	nan	nan	0.009693087297351966	273.53954727737295	464	9.168607369252821e-05
-0.041713364447053536	0.6164129237584903	3.204975172868407	-0.562197997666899	0.05469041965839416	0.3513986674673917	2.5074291033516416	-0.5767544892776802	0.0	0.0	0.14846514218573476	0.006693880500858507	0.06226082934404925	0.9826015687182375	0.9018542715853891	0.0033867609258310116	0.06708697588342313	0.5812307550779527	0.46372184500842323	nan	nan	0.00888675545125027	234.8175045124861	464	3.1388261970352554e-05
-0.021124839039636356	0.4526290418279306	5.870019871852632	8.10405989459344	0.062066955646098876	0.348618368497425	1.6317848935998076	-1.3125129695758662	0.0	0.0	0.15453081724278173	0.013450542164791524	0.34057202475727544	0.5567322102227523	13.60976818556974	0.013940072614310517	0.1149808441493835	1.838179716502303	0.9564743984982025	nan	nan	0.009166383283428267	240.14369484569303	464	0.00015087288541487271
-0.041821819891907586	0.6568909911447156	3.6177008466947855	-0.5833090443351115	0.054710820518005354	0.384274551948818	2.65928209691491	-0.5062254886635045	0.0	0.0	0.16010059623079778	0.006561942713326552	0.06436120521022787	1.0291258595683122	0.9255707267304968	0.003813051822160074	0.06859987585864116	0.6008354669857225	0.5131525211218604	nan	nan	0.009074474608524175	249.37248977910994	464	2.8285969461649824e-05
-0.01474110151384933	0.33958771600761495	6.478752161130896	18.62698629883826	0.03035799916034887	0.1840060278641807	5.15673949240838	9.793477981578102	0.0	0.0	0.15988509182083827	0.0016005324949999733	0.07811151268252436	0.44769885582507296	4.048095481684977	0.0015568501431874049	0.04873053058620122	0.26169821620228495	1.2714693737525287	nan	nan	0.00904795378871627	241.7128405944447	464	4.447082448652177e-05
-0.043198912442153015	0.6526449371090564	3.2684918725022727	-0.6037512745289328	0.03539601434996831	0.2277006966888938	4.3177461412522	5.465561114272956	0.0	0.0	0.16508743923809255	0.017543738128166397	0.06731857706356359	2.1959595469563538	2.2455039397561256	0.0019296013302717574	0.07988967106174674	0.38765671002324553	1.040207116213999	nan	nan	0.009056641344124955	240.8205748639078	464	0.0012610584066228268
-0.054307184981215895	0.596304079981061	1.7337975603385876	-1.4589484081650128	0.04156039013592627	0.32596914800169063	4.130564881835802	2.5514449673917916	0.0	0.0	0.16678414563778654	0.018141433571550902	0.10570531816789358	1.7097169799561724	0.7533369270436415	0.018811631350081015	0.31148491868678974	1.3110861334908956	7.288960243775942	nan	nan	0.00950136790535197	216.07670917032547	464	0.00011365301622370762
-0.044002655331493834	0.7447467259231176	4.091861157317928	-0.6482853017630269	0.04857345510845845	0.44422727197592193	3.9291463411967484	0.5458666711030871	0.0	0.0	0.15990977829299985	0.02277921970994856	0.07501731634915876	3.048114365994972	3.018647194075662	0.022203294447546984	0.19470650791293642	2.2130357156535934	4.7233278626200805	nan	nan	0.009285915197799838	225.614599216071	464	0.00011150439808892289
-0.04138226242449694	0.6229463382399454	3.293870795074139	-0.6385848671080795	0.04493988916253078	0.3229159301726314	3.632999873698223	1.3485105858012763	0.0	0.0	0.1760528050867406	0.01478447689739143	0.07022297038453851	2.1214283892627828	2.0102718448854437	0.010845452694214441	0.15754961190642344	1.0613249847480979	3.260099619492107	nan	nan	0.009741540354185119	220.89201002126077	464	1.5675886978614467e-06
-0.04149630081272615	0.6261292263264495	3.2798706337988874	-0.552358491542553	0.04103935124060443	0.2937714196149557	3.965957112685971	2.6404457857173376	0.0	0.0	0.15014812624120655	0.01676752821599181	0.06660424087377437	2.2527108505206863	2.2948346588120714	0.009239146846380386	0.17885135012800893	0.7243109305111015	3.8451047242136935	nan	nan	0.009033069154563256	247.4464095457572	464	8.873973928985372e-05
-0.0426771421120955	0.6650223054067417	3.567216509064636	-0.6342595503652106	0.04920469908468794	0.36013614995594934	3.3116281962138805	0.4231724373315132	0.0	0.0	0.15699187895871447	0.020015699598254666	0.0696462912014763	2.722796088752731	2.67991347049606	0.016774267671471943	0.14347232833001894	1.8567397763735318	3.596962010332727	nan	nan	0.00914172983339015	255.37128264523136	464	2.1382443159538925e-05
-0.03302511949522624	0.6394786797905266	4.8448710212436845	1.4229701712975225	0.05575943186667054	0.392723373114755	2.4532933700578052	-0.626332114432364	0.0	0.0	0.16635098067410045	0.01263929046421225	0.13277644948926592	1.3425809869167287	3.7727286514736345	0.012663523231853602	0.07512562979017365	1.6034129957421919	1.5005395819231697	nan	nan	0.009314045327601023	248.40393211582642	464	7.069700681434869e-05
-0.023787137064090635	0.5026305849670752	5.539801234944618	5.979958501688169	0.055923586274743586	0.38457764997976474	2.7089259160529533	-0.5977175831122724	0.0	0.0	0.15975783950053313	0.010005090489790591	0.21154874053992126	0.6096268234274151	7.203168416903105	0.008664603747245647	0.0732691938220042	1.2460255030948042	1.140194853247669	nan	nan	0.009086536896246666	222.59848111912953	464	2.7943219460891148e-05
-0.04318270177400152	0.6840501058937031	3.676929528829694	-0.6075407485896875	0.049904541938206703	0.37037871368782543	3.082255777103513	0.28681390906813925	0.0	0.0	0.17587731128063816	0.01799092911262934	0.08006694812807452	2.44244021393465	2.398464006365303	0.042188090076799356	0.2925638201205592	3.789798331152656	8.07792875804672	nan	nan	0.0095665860614991	257.41254789474453	464	0.00012377694251965418
-0.02274731634152638	0.5024845117789772	5.937763024528554	6.900835759776965	0.05484759787703375	0.3764231528446032	2.750385865472839	-0.5474420743225237	0.0	0.0	0.15762606314303484	0.013268605021591773	0.297369131959311	0.636128325845791	11.102327282970045	0.015432489330462262	0.0723566082721312	2.1250498424377486	2.1802300820760014	nan	nan	0.009113215009798586	223.0404747074041	464	6.649701585233428e-05
-0.03346403899972117	0.6383955447535243	4.743866500309802	1.2344434490848877	0.055348888930212725	0.3923818308170596	2.603893422842125	-0.6230687343513401	0.0	0.0	0.15891575914400174	0.014055091542995835	0.13411487412014317	1.557472017727784	4.016473369591263	0.019870706208952815	0.07560297186416493	2.5316627115436328	2.5156287584788863	nan	nan	0.009195325604171772	243.6328693804577	464	0.00018116302290945978
-0.03850183492875914	0.6454021186075013	3.908856712524902	0.0341798877464345	0.05189320476630588	0.4075455983527251	3.1817438715975177	0.06005972425545603	0.0	0.0	0.1694273719932161	0.005479421425765851	0.06560938220130841	0.8074088848380783	1.0073987796831116	0.0032309708755465794	0.07096866905406268	0.4965409427572911	0.5471401438237267	nan	nan	0.009192273642768492	201.68742514013155	464	3.648158866089739e-05
-0.04275481520168434	0.6706781803413588	3.531850764956629	-0.6334990412626811	0.05342149027211285	0.425827969808968	3.133703192781998	-0.2987588163930257	0.0	0.0	0.17192667944333156	0.00644327184308785	0.06511286409913575	0.9796875018509168	0.8437432070160577	0.003626950965277431	0.07150577419760276	0.5724540178260495	0.5426964519631045	nan	nan	0.009372380026411387	236.90382544525323	464	4.247871549296937e-05
-0.04230715501505755	0.6945423778935025	3.889968659398785	-0.5209385047880143	0.04086113295106131	0.33359204924278196	4.483983547340037	2.905727689129727	0.0	0.0	0.16352388651756145	0.02085833088842365	0.07148856753555266	2.8022911108255952	2.996978807858675	0.01481029032543868	0.27192797573903327	0.9903937266915812	6.276897444033693	nan	nan	0.009454262590579604	268.98360722338384	464	3.692188992843946e-05
-0.042243949184114116	0.677646980911562	3.747756997803729	-0.5919843496654607	0.054903543168004276	0.40236075542589106	2.8361756729590755	-0.6016337102177359	0.0	0.0	0.15209763638357243	0.013850019893066667	0.06911858602689175	2.0039908240835187	1.9413123035334119	0.010515504886300375	0.07561138073479773	1.5108805718076952	1.4234595901912976	nan	nan	0.009127446890578358	261.44746920272627	464	0.0001475172021800123
-0.027245542249389798	0.5982154208764412	5.698418076784634	3.718943846207026	0.05538206406457835	0.432433400127846	2.9511910685818323	-0.6281426208692046	0.0	0.0	0.1633963938577059	0.01190375151688361	0.19721294123170852	0.9538318864531847	6.041317197096892	0.014616439603042597	0.07885999421488737	1.9917949274615006	1.8968533007533368	nan	nan	0.009328123209919742	227.88041519129558	464	0.00015890456211611821
-0.030082986718449667	0.6440234960923964	5.430076974209132	2.1940207062791464	0.055118980990410016	0.4469010142211856	2.7950830914875215	-0.6568152285243204	0.0	0.0	0.1442867437828819	0.012015810679911976	0.1574696421582036	1.2153580979200633	4.5416692868325645	0.01523601243519812	0.08008392942588338	1.9578537285195923	1.82115478736592	nan	nan	0.009040889413552147	252.83917713237227	464	7.427599343986797e-05
-0.027602060842875642	0.5463367718398267	4.9188400123703095	3.0026625854309956	0.04220520156884189	0.3738073104706683	4.431250644211144	2.1418246518282897	0.0	0.0	0.1566962154236931	0.016974552247449592	0.2954341954991759	1.3393181479922198	7.909346075710908	0.03429898117496666	0.5002759277226554	2.493221532838862	12.11314427147162	nan	nan	0.010032844028095789	240.6406462159245	464	3.380202406110645e-05
-0.02311089052154902	0.5295393872279857	6.02295474263372	6.508852688749793	0.057794282486684834	0.4245982888299832	2.64305072782751	-0.7507993541068104	0.0	0.0	0.16706751843958867	0.002980580935547039	0.08891070080407795	0.48253989236018446	2.3457541536938775	0.0038451884272437953	0.0688660516337197	0.6044212948464454	0.42752157747872677	nan	nan	0.009162487022905424	233.83483123488867	464	0.00011876837585500566
-0.05113673690745191	0.6079362176253774	2.0506476313984296	-1.5453322869545782	0.03549551392213535	0.2665174730478351	4.942563144781474	5.667692247002569	0.0	0.0	0.15460664900437243	0.006030465181517397	0.06218459835524581	0.7597644897908274	0.3026354271644855	0.0017724530032116048	0.06176933261549042	0.3099745744656466	1.0291810995379784	nan	nan	0.008973761148731302	213.52833553604623	464	2.1494669876185637e-05
-0.04225438091038769	0.6124421745138994	3.026516147325478	-0.5996161115707351	0.047908004565670126	0.3321227860189366	2.9501770844046016	0.5362733679645639	0.0	0.0	0.1552888565861011	0.013150415610099053	0.06650147278396007	1.7353877658378476	1.6563357425849472	0.015826452865527085	0.14770115016206006	1.6311623625597491	3.4186633132927646	nan	nan	0.009098262961822465	262.35824924447337	464	7.01311674024266e-05
-0.042188116403198084	0.7093547877555262	4.190907720613224	-0.6831260871533323	0.046047390117383236	0.36803211644856904	4.053830079540223	1.2555655505946919	0.0	0.0	0.15607184089111217	0.020734893932249976	0.07408839728024053	3.130455713910923	3.0499304645208594	0.009979441981243675	0.1411317423360217	0.991265014282138	2.853385307184911	nan	nan	0.009201262328377965	244.71755179652533	464	0.00013649760463435985
-0.03384166030836977	0.6246017218994044	4.605634524408762	1.1155889918698676	0.0564937774433949	0.3859620749669771	2.5673529531564405	-0.6219294177402489	0.0	0.0	0.15878089688612018	0.013131281659829352	0.12377227140720004	1.4826546564146224	3.6407557706861153	0.01152357525601011	0.07295370515536923	1.531320636101394	1.4309835387429035	nan	nan	0.009042761464223809	261.20017445438395	464	8.250859679668345e-06
-0.041703912341170546	0.633777872385134	3.5442357829724855	-0.5950425873109667	0.04258902217606653	0.2831527925023368	3.8628022290844806	2.393652091525245	0.0	0.0	0.17088094528676828	0.006845579879756092	0.07015997886494069	1.1184295358416947	0.9739906082195225	0.008746987998762057	0.16701735264169665	0.7256627699365246	3.4915464933819065	nan	nan	0.009335784068124117	245.86418767801368	464	2.770019671698636e-05
-0.04062355752176561	0.6991003132025491	4.248051715624869	-0.5737871771560252	0.042180992606231316	0.4034647367423386	4.776349036147699	2.3137113302176964	0.0	0.0	0.15876586050996672	0.013873403155956865	0.0945755262850006	2.2438062636011766	2.2152000353876584	0.047562032279489574	0.6796575761356785	3.107994449147937	17.03923298162252	nan	nan	0.010495852081307044	253.7987611200153	464	1.8364227568586428e-05
-0.03431876574658144	0.6815412226283821	4.93652564932241	0.8812265474776655	0.05413731103990593	0.4757090471245899	3.2489636951605876	-0.4453073343429363	0.0	0.0	0.1541788209923659	0.004893203087803943	0.07479414696427023	0.7481867313127593	1.2876714074301876	0.003671705403756609	0.07448263855341883	0.5918534899696777	0.4972715197426831	nan	nan	0.009121146453120038	207.9476232263329	464	7.625264250242427e-05
-0.04192299598594662	0.6594732496065406	3.6958810071731882	-0.5949665924401889	0.03873955459850409	0.2691914237539377	4.383594314600535	3.9347505272594465	0.0	0.0	0.173368489121474	0.011608641386113838	0.06977820470010226	1.7466847325782777	1.657097445869249	0.008923231364727502	0.2043998409961375	0.5867533296547285	4.9005508557851885	nan	nan	0.00954020242217593	200.01672861607238	464	4.7873204528617526e-05
-0.0413974527772728	0.6546294535946853	3.6370590670477396	-0.47051804354014315	0.04338037918790816	0.3364616373109691	3.9282905510452117	1.8848405945372075	0.0	0.0	0.15758460050212988	0.0184976416436331	0.06948955764087827	2.491736478963573	2.7193708403094035	0.014486653918251102	0.22346906783183565	1.1827496704848734	4.839860906732179	nan	nan	0.00927653147912813	219.1223436881625	464	1.342979428844095e-05
-0.02170339446737235	0.43174546580747114	5.610907038572783	7.370020309970724	0.06385001391432255	0.28373090574920307	1.0392960074575386	-1.4049369309168438	0.0	0.0	0.13735778275967775	0.010208160287455303	0.2614490236537667	0.5414945965680298	9.806137453632935	0.014041175146580875	0.10716656396854579	1.4837060178706596	0.6660957284728648	nan	nan	0.008801549561571684	249.98944789092522	464	2.7791929528577043e-05
-0.046528495155582994	0.7091300068204396	3.4306643893302082	-1.0155833133077974	0.046432169798904965	0.40167805162074366	3.944411367733153	1.1455481396744538	0.0	0.0	0.1670107932732554	0.00663060954430017	0.06642552125687917	1.0122561717767429	0.6726548315767431	0.002613763368754629	0.07395098826656826	0.4188121385411345	0.6620001351015622	nan	nan	0.00921521007218326	253.92267829251065	464	7.26244461974833e-05
-0.03805751134499302	0.6031318754157036	3.49947301088142	-0.06942406815115325	0.035151369990002346	0.2394589936379966	4.564842880218764	5.752883270395652	0.0	0.0	0.16777681019203206	0.008444942276993217	0.06475524486302098	1.1857093240454866	1.5786818488701078	0.0017379525646307181	0.08118593314980371	0.3470442790637347	1.1927801384534789	nan	nan	0.009202228569023488	186.75216412986703	464	0.0025436281437790425
-0.04086340676123423	0.5740555555030683	2.899301660792224	-0.5900411458209431	0.05450446308022561	0.33620846810395083	2.229475026374442	-0.5948946976157169	0.0	0.0	0.14930480675752994	0.0086552351737324	0.06537768152991968	1.253039284274846	1.148590637518973	0.031564646866498514	0.07103856757975219	6.113040172582799	4.07303406681648	nan	nan	0.00901363693759924	227.50735438574407	464	6.271245943351393e-05
-0.035132563285938834	0.6242040208340187	4.3831194503016535	0.6293454422243618	0.04617885499463048	0.3002388789936669	3.094486273498852	0.9270033445618645	0.0	0.0	0.1503258798052729	0.018738566843160442	0.13997789366492816	2.243636272787281	4.593418272985562	0.0124817772446143	0.1475387046267545	1.289681499610992	3.269554886072602	nan	nan	0.0090977496366981	208.86153595977908	464	6.10421695801727e-06
-0.04136597008327425	0.6845381145905259	3.94942149026416	-0.5575665847642544	0.047265947514406825	0.3734862100700572	3.428566841986807	0.8249187388346457	0.0	0.0	0.16976874215824456	0.019535876405071095	0.0719845178956291	2.819211177716401	2.9301679853068228	0.01672859930639714	0.17489693780156154	1.573106257033397	3.867293019180479	nan	nan	0.009362560715952428	268.260997647348	464	7.269581538143733e-05
-0.03144892691477397	0.5929797672125928	4.660054454040594	1.7818517496357502	0.055236025338323724	0.3572612518284556	2.3424208928456047	-0.6133252805265171	0.0	0.0	0.16787678081857804	0.017970719619412656	0.19356082272678485	1.792913282286435	5.989709542676063	0.00953862527729532	0.07539707837223464	1.2979380689413824	1.1956426950808923	nan	nan	0.009429297670838666	237.8571830903749	464	0.00019099089439346937
-0.03372660854748377	0.6437681855269866	4.78533343357898	1.0773268595075165	0.05571318414992188	0.41113654547130585	2.6184348861347413	-0.6516348307057288	0.0	0.0	0.16373624884263754	0.012916226027777311	0.12228320296796569	1.4984255018424197	3.5991931387249836	0.021307270864941663	0.07725732404904015	2.627729950797888	2.56749393898981	nan	nan	0.009381936712451716	226.48276289986612	464	8.697193743800556e-05
-0.02902828170186411	0.6071908782132027	5.451190784844151	2.900072564676193	0.04608372592022203	0.38146179023028454	4.122512363357115	1.352971284104684	0.0	0.0	0.1538332251266906	0.01604493825709563	0.23725493582360568	1.3423726938024552	6.8990820997877265	0.014193763947447535	0.1788203189057131	1.3147119659312234	4.033706188195649	nan	nan	0.009119467444940146	221.3787845648947	464	3.790980131880569e-06
-0.04337623940472135	0.633832706152585	3.116581810907346	-0.6278080394513799	0.055216795060418766	0.39013021806685344	2.7540436629501066	-0.5056360876865892	0.0	0.0	0.17243696996172925	0.014707119639169652	0.06652264568414107	1.8911848686094903	1.785930164985896	0.020455619455375107	0.07335333990417348	2.5710688489263136	2.7954144197743185	nan	nan	0.009312006307920923	267.2715852509539	464	4.1837241993910675e-05
-0.02076285567374425	0.4434575350783945	5.816792088933054	8.265146460288424	0.04224448408800674	0.3004483157823277	3.8870306533081496	2.2428218252838024	0.0	0.0	0.16678299741098623	0.013965284705675818	0.36611314582588583	0.5548750549409935	14.631352321816072	0.012956840935788638	0.22439801674095053	1.0318791079339191	4.943891274801438	nan	nan	0.009501149637186498	210.3560019665936	464	0.0001032222610848986
-0.03193516611889191	0.622884615031051	4.752649208871428	1.622052292076091	0.056020188755010025	0.4138583160370647	2.49721302453968	-0.6190241542684212	0.0	0.0	0.16389022234587874	0.0046578852334338006	0.07817776137553878	0.6496321800792533	1.4730188600368421	0.004089547711018993	0.06970208827045979	0.5983955745730487	0.4653106257225486	nan	nan	0.009155282517400248	236.3202511759755	464	3.042649907341663e-05
-0.02844162710656961	0.6188046560062543	5.928129013854283	2.980643759654186	0.054995017496498155	0.40546929580311597	2.968401880880357	-0.5789498743786711	0.0	0.0	0.15383027519811648	0.014896463175208263	0.21870851878381117	1.4045343975491686	6.896905933713437	0.01912949598109792	0.07582310747930107	2.619525061105914	2.6909365191671526	nan	nan	0.009186733395860638	210.55752365255324	464	0.00015390292650559236
-0.023625084891692683	0.5180190930697581	5.6967509946935255	6.132477276935292	0.0447807827591169	0.3621664880695356	4.068366334562205	1.741280174454853	0.0	0.0	0.159393917555248	0.02080951767556971	0.4472528407297588	0.8715175740650221	15.597431755802052	0.021895570729175695	0.2879434375101919	1.773401167977994	6.766941798755679	nan	nan	0.009258037017342402	216.96190733581943	464	5.623380718588379e-05
-0.027996466604806702	0.5924765231536154	5.46601031300956	3.298574005534489	0.054312910909759315	0.40510201629336695	2.9033948609093088	-0.5947177125473119	0.0	0.0	0.14763426679815644	0.011439329020225597	0.1811493416932007	0.9653367308976493	5.367495353145033	0.007708008479613615	0.07748679527448327	1.1729240099545002	1.0707848922214793	nan	nan	0.009102579797066607	285.3899413025735	464	6.978585665940055e-06
-0.033814592829446655	0.6016018738670882	4.444199878461444	0.8941358627897167	0.05473414076913419	0.3348951907914124	2.3428939925644077	-0.5935306104836013	0.0	0.0	0.16023617642776425	0.013501108388644378	0.11731467176805502	1.6668401713089374	3.6266667976563105	0.009479613018959387	0.0711642927210267	1.3571786706372007	1.2754406711914417	nan	nan	0.009296095592359596	232.8070705866534	464	2.2488822307265936e-05
-0.040573616838190385	0.6015167267867907	3.272881939728042	-0.5528907339238325	0.04785314213579395	0.3284667877020456	3.2946898984406925	0.6564804630370787	0.0	0.0	0.16537894440433526	0.015422084904502531	0.06719811807132708	2.2056104525696245	2.234596381779321	0.01518464319823154	0.15538890664333002	1.6772544347485958	3.6835738269342975	nan	nan	0.00942159265937384	235.4223158538702	464	4.9035015420999175e-05
-0.03446093313149934	0.6452359279265151	4.647897126430828	0.982231012803085	0.04784123303919019	0.3777381232657909	3.5796357128040466	0.7596391459385673	0.0	0.0	0.15050493711747376	0.02167642717257129	0.18517314771636595	2.34875358738707	5.752680762158842	0.020675097034049905	0.19482435959637442	2.0443624439602104	4.8119571835208905	nan	nan	0.00900280707593705	208.76829050319273	464	6.991196217908957e-05
-0.02525169911975722	0.5020223612907313	4.974889746562193	4.34907273858759	0.0406577068872338	0.3208770065305465	4.201936365638497	2.9194073933761064	0.0	0.0	0.16109327297449907	0.013788308676142613	0.2757111547396919	0.8862995508681606	8.1519874067305	0.019078428595306618	0.34019234413256344	1.1692793209459047	7.957765248689593	nan	nan	0.009349293341331166	238.014186006911	464	0.0001991040333144719
-0.031074668101206848	0.5740933455242225	4.542022815098759	1.808332590704054	0.055194140631659616	0.3522499572533215	2.2431416141302547	-0.6207164349710389	0.0	0.0	0.1578030729149	0.010267879969451277	0.12849183004137923	1.053329899277123	3.469482601780659	0.01133369366215653	0.07237199589758511	1.4795543188874554	1.3825335955046814	nan	nan	0.009135590740207367	249.3952541633639	464	4.363454395450906e-05
-0.04237948531561919	0.6514289441564705	3.4908537508219117	-0.5920220111352326	0.05616717849786346	0.3733913586993097	2.3724727962527297	-0.5939579743132495	0.0	0.0	0.16578972247052476	0.015376580711774834	0.06723555495526834	2.1322060676890064	2.0868607389519753	0.015636973327954773	0.07097037124597944	1.9156234987659042	1.8797310302271808	nan	nan	0.009148812182456487	259.78919598329134	464	1.1549320621464603e-05
-0.04664764756370421	0.6849650342913856	3.168712010408373	-1.0667963799490685	0.03888297879931568	0.3101343290472089	4.746578335390636	3.7343262836426825	0.0	0.0	0.15118302204134038	0.01741479524833267	0.08755492051828451	2.388951812323653	1.662498110412421	0.009123448896012243	0.19752053235293382	0.614638862831713	4.677133900602263	nan	nan	0.00912559505950937	200.2781549372767	464	3.521462597370623e-05
-0.02450012149535663	0.5471089770383306	5.844368256530727	5.038668343221487	0.05778524268023144	0.45293612983977605	2.8842352856024522	-0.84067045670946	0.0	0.0	0.1581971894940841	0.003267018552941592	0.08932009026712567	0.5122820146397622	2.144465629188694	0.0038423126532960428	0.07259420813200551	0.6497654229642211	0.43045323826297116	nan	nan	0.009080771911229538	232.93804639542589	464	0.00011250955295154831
-0.042893543393415334	0.6501462943234677	3.320601661128013	-0.7668902925174507	0.049186678379848914	0.39344003813222794	3.554224636246005	0.4388249017981771	0.0	0.0	0.15854522683151956	0.04688171304317218	0.09821524576859764	6.5968398958483805	5.808258267631736	0.026882141653604252	0.21309072847529936	2.767709680843719	5.689315766246917	nan	nan	0.009262409831304413	233.21104007399285	464	0.00013892413166211067
-0.021429505284112693	0.5189832141548487	6.407739468080801	7.978167973833129	0.03816706517130264	0.3189011890021271	4.611423120329993	3.738657155839251	0.0	0.0	0.15782263662585624	0.0024785553429672036	0.08389778619295254	0.46392120444581897	2.3748991565054447	0.001831074822406742	0.06710254740859259	0.33215325689490705	0.8346839819297805	nan	nan	0.009155185374277022	230.0059369361583	464	2.9114608980470024e-05
-0.04089874845765751	0.6081055529516448	3.293028824755351	-0.5929421056794724	0.04439799650195808	0.3056772940590202	3.732373916306063	1.6569622751024498	0.0	0.0	0.16644935810132055	0.010899484559774908	0.06807637379833892	1.634775805601599	1.5441920472192774	0.008487841506923943	0.13941460926077742	0.835877955498364	2.8197674869417266	nan	nan	0.009415547816315928	190.74838346894435	464	0.00012092385505366456
-0.041858053138598805	0.6933823933732204	3.947763791696871	-0.6129622450915242	0.0481039645644481	0.4132076257589486	3.8527852037269095	0.7462845746525997	0.0	0.0	0.16995964072327474	0.02576464546407542	0.08144601356969688	3.5422435252309876	3.7385995284623403	0.038162371204550904	0.34991116189715715	3.3972351479280083	8.732756975431398	nan	nan	0.009572783221684797	215.4601849941188	464	0.0001822576212581807
-0.041211477718464784	0.6100459637692572	3.2903318559104537	-0.5996016400385258	0.05303446243415899	0.3195149379734593	2.53266630804164	-0.3212762927120894	0.0	0.0	0.15749528711038685	0.011365870818689505	0.06789189624268088	1.6819583509469045	1.5912568535209648	0.04148925004604276	0.11329349302369415	6.1857566419844545	6.716640078228623	nan	nan	0.009234245080391057	252.47189664478657	464	0.00010288873687903454
-0.035885837281333544	0.6160695713867905	4.162594821254406	0.43723921245939373	0.05556497322333498	0.38275211194425995	2.6935827017936553	-0.6027644992000092	0.0	0.0	0.16854543497746122	0.014014620729816851	0.09930352981490898	1.7823834903989575	3.1874855793686954	0.007556509221729124	0.07489618309764531	1.1156131516566812	1.0072112030506464	nan	nan	0.009369057180612678	210.3222613072792	464	9.740032501003264e-05
-0.023623043522232656	0.5078949388270656	5.699981567523686	5.854523164322929	0.03801230203596884	0.277138470945359	4.606923537244173	4.372055435892831	0.0	0.0	0.1603440807868761	0.01949511745336291	0.4321232883360831	0.8929972512295041	14.574116923556563	0.02228895189921698	0.4665594965417545	1.04933662059526	12.94365124935311	nan	nan	0.009787151225863905	243.72607491626454	464	3.5178542398760798e-06
-0.04259968559305061	0.6863111894100319	3.894995519885467	-0.5981389112569633	0.04267861697194886	0.32203927098746893	4.219243003580676	2.4305283498866426	0.0	0.0	0.16209113198271136	0.012444256611548965	0.06971846615614785	1.854349016502537	1.7603953777909118	0.00848424485867516	0.1572360543249177	0.703375545014556	3.283348503479231	nan	nan	0.0091963595373271	216.35774655333776	464	2.834642729999124e-06
-0.04118716657255583	0.6217736869888757	3.4003165760966745	-0.564222548193157	0.05159798784556324	0.38644441701399906	3.295339563890302	-0.014986264096080898	0.0	0.0	0.15616621930331767	0.005129270699323174	0.0631902157774546	0.8454726252621689	0.7282790919104687	0.003071681100322854	0.07030177694247891	0.5200645819174565	0.5602381488370581	nan	nan	0.009076289500272436	186.14506810828712	464	0.00013151632548576337
-0.043194846048193236	0.6207743265182801	3.006431247680128	-0.7824863696070382	0.04646679256910824	0.34683860984019876	3.6848068155091744	0.9894054243588596	0.0	0.0	0.15623707621140995	0.006425988833364593	0.061587384394506284	0.9480713532348888	0.7452183736715035	0.0024639713321180645	0.07048982574091434	0.4144419394785066	0.6532177960954805	nan	nan	0.00919154786320868	223.1952494884337	464	0.00016237358407601813
-0.02919344667539925	0.5918627566074365	5.1219018008002735	2.8013170016429094	0.055714261506285556	0.38427118205790284	2.4037473835359724	-0.6158485920428017	0.0	0.0	0.1620085772806049	0.01132500946696019	0.1644561171031025	0.9858743988980643	4.7103699266015235	0.017904508908155314	0.07354381268140692	2.1759938040002473	2.1316786165867847	nan	nan	0.009154963216846362	232.98205414284365	464	2.750234691570456e-05
-0.04158683531488838	0.5900460748333592	2.851315500440818	-0.6068783899824299	0.047600802842941325	0.3419620889052363	3.2231559150912585	0.5530338689292539	0.0	0.0	0.16991548798522663	0.024344219419230262	0.06705405373439116	2.956518700202195	3.054077398320186	0.015494585912552594	0.151527315811646	1.6956588124275696	3.551072543632768	nan	nan	0.009650502571712016	210.2851298950278	464	1.5067750512229263e-05
-0.042983884447204135	0.7039798131236463	3.8985425624066665	-0.5203020202518208	0.04618846352304673	0.4030881281328589	4.133010247200767	1.2722286879370164	0.0	0.0	0.16023095181167551	0.018445647384411512	0.06993589421288943	2.461759943261705	2.5806982645339422	0.0177030176751396	0.2129405758599799	1.5834000905000918	4.769538767911506	nan	nan	0.009193224824136259	230.6574267586989	464	3.616781951359191e-05
-0.04686559284981917	0.7053334703076819	3.4068024373311756	-1.0814452928557732	0.046129627389323025	0.3970812795563125	4.131970384338125	1.350673484157742	0.0	0.0	0.16861897919231467	0.021441086527986652	0.10233173414075919	2.9776704821476625	2.1281838150875645	0.016797559277188068	0.20786424463019446	1.4628603474418347	4.606145163995368	nan	nan	0.009365829297624667	242.61843027706433	464	2.4490161792131942e-05
-0.03657300463985469	0.6529849054031973	4.380270040635455	0.4717566677992645	0.05601571999926391	0.4103625290011693	2.8803186829293734	-0.5975593200924727	0.0	0.0	0.17194883301003014	0.019951686195820828	0.12068519479312628	2.4069235896347143	4.4583713734146135	0.018006344632401028	0.07633082674572642	2.3846756570035224	2.383214698142327	nan	nan	0.009364370997165292	253.24397316957507	464	8.042654875107402e-05
-0.03119092517319999	0.5828182015571469	4.542731638136566	2.0783484874460134	0.05062492015718556	0.3663186721523479	3.211093720874762	0.1889489968151482	0.0	0.0	0.1509521705255524	0.021281350710972924	0.24846649942599067	1.8571625084285683	7.336064210865866	0.023190424091607653	0.14483388255772722	2.6306175033721497	4.528631906972851	nan	nan	0.00902645748859364	249.656476749697	464	8.468222069242177e-06
-0.02196397388773519	0.48658261212303694	6.05689596530971	7.7656909851466756	0.055419552014423834	0.3532596799955062	2.5499585161827474	-0.5985721266374336	0.0	0.0	0.14543087110294733	0.013844328199271394	0.32782681242157186	0.5717090664462181	12.916147905773762	0.007468833807004804	0.07058243403305162	1.1182927102966334	1.0233380302419963	nan	nan	0.00877833420100188	250.7488501050622	464	7.256133600820078e-05
-0.023518195353642635	0.5148729908278089	5.637573684678696	5.974823511916193	0.06014500519169097	0.3813919409875514	1.87706753808486	-1.1052246977105107	0.0	0.0	0.15615401147801355	0.0031101491624589417	0.08865091958270815	0.4688695798963791	2.283889144451582	0.00438670362136373	0.06909742161381899	0.6366239639128758	0.3451897872025341	nan	nan	0.009022716223964417	225.36991252975005	464	8.972505307618446e-05
-0.03297077848142649	0.6261155707052125	4.6257188982923045	1.4641383806653143	0.04860211332522679	0.40677048792548315	3.8282907111236786	0.6478256526638261	0.0	0.0	0.16196858619827742	0.024087768829565037	0.24177548219606965	2.3196662227101195	7.1583741808675265	0.0269314408506498	0.22516019240523913	2.7128085862521196	6.075198682630659	nan	nan	0.009311180080188289	210.36942887522287	464	0.0001894779109803151
-0.04278803173524737	0.6360626843344588	3.2920714774496767	-0.5961843286063707	0.04246920330992321	0.2780370032293473	3.6593102615694035	2.2375409992243345	0.0	0.0	0.16740888616190558	0.01178832924507861	0.06709499490076365	1.618898052608999	1.5307550210049754	0.008352213697187083	0.15663655594984777	0.7144310565729464	3.2113854170535108	nan	nan	0.00935326407413159	249.70621663749986	464	4.807285048548143e-05
-0.03599127801240276	0.6872557121311244	4.779255010999838	0.5117300819274913	0.05629300190029074	0.46428578195377446	2.9841818376928497	-0.6826389704692586	0.0	0.0	0.16220659937600673	0.017324880495414308	0.11594413188237579	2.183052716800578	4.0596725237900335	0.017429492472059382	0.08198073927278907	2.250639665662118	2.085981703324657	nan	nan	0.009270103871563809	208.50562484910347	464	9.232389568909028e-06
-0.03380792288381684	0.6345508517765142	4.6631917814832455	1.0199757842799648	0.05486292581927965	0.3898699846776373	2.561324743223647	-0.45787558827537583	0.0	0.0	0.176825204013259	0.004949041838073764	0.07490460126759468	0.7322583577105779	1.3553392755567002	0.003810398335116205	0.0689749166226532	0.5694180153745081	0.49043265565788574	nan	nan	0.009397764293308047	218.71772203200226	464	2.4824510163531156e-05
-0.042059915446986174	0.6380752673052545	3.392035052406176	-0.5534775654051408	0.04782239920848674	0.33103309050694674	3.2023062015343875	0.6394779774645089	0.0	0.0	0.15812167676471844	0.02119764775958377	0.06705926041858629	2.767398679795936	2.901979678147069	0.015593538570882082	0.15646516327922874	1.6648558883401785	3.6634180546392985	nan	nan	0.009234813484303536	232.5188635570362	464	9.214650642963606e-05
-0.02679435738562863	0.5558380224526809	5.3166631184234605	3.765871265622805	0.0398123041033287	0.310859698140811	4.449972852885518	3.2508783152799903	0.0	0.0	0.16101495124966597	0.020656224031416093	0.36716589544216827	1.4013628926674553	10.850303731033517	0.02521607368240697	0.45275611669339744	1.5510836957867649	11.691007461151202	nan	nan	0.00996673998817875	219.5843715882962	464	4.515036338978884e-05
-0.042707289145685334	0.6649876359531507	3.689935822658633	-0.6101688490561628	0.04961539591169761	0.352657259464467	3.481997327085736	0.527783798528137	0.0	0.0	0.17016986555243455	0.021463553880497754	0.06827526973806469	2.9384188495635755	2.9788377617306674	0.011513291273863357	0.11519562883353085	1.336936679272608	2.6240152988514893	nan	nan	0.00935494247511763	246.86633364234	464	0.0001097335291345483
-0.03092387737926039	0.6540858372978042	5.4840344209611835	2.1702101553046793	0.05608559961370241	0.4240024934932693	2.76678141649095	-0.6087761460953884	0.0	0.0	0.1565831407500568	0.014357079185769006	0.17487567971563966	1.421060018241659	5.261604237498567	0.008951418089844454	0.07715722066948616	1.2082762530807756	1.100193578767773	nan	nan	0.009047259576286965	195.6732365018171	464	7.544143196830274e-06
-0.021247015906270095	0.42135677243592845	5.379233935495051	7.436423494716434	0.0551179512811355	0.366798033235274	2.615102084030076	-0.6000422645441869	0.0	0.0	0.14432884978577343	0.008415219967768839	0.21562760131357442	0.5041314696087453	8.052814203254492	0.007414351138650743	0.07230264293598368	1.10887935103551	1.0090118784981648	nan	nan	0.008904624078008308	255.5210984118931	464	6.707259887966802e-05
-0.02947591756566592	0.6131736343585612	5.534229951744636	2.5732725909080085	0.054725879073894035	0.3865850956193579	2.892581031598183	-0.5593948542320453	0.0	0.0	0.14416568664543272	0.01364220155828949	0.18627524874742704	1.3337222711068333	5.683752979380548	0.020346496391779323	0.07377324321827769	2.7869132601403743	2.9431707808522325	nan	nan	0.008911320584456942	232.43049081009238	464	3.3348183789227855e-05
-0.028583166023466555	0.5833135945085	5.223854374513811	2.997568181342408	0.05321132867302403	0.3942151079108494	2.968966898585638	-0.2604518417356005	0.0	0.0	0.15120421004454573	0.003504626069794403	0.07881705228998426	0.509930847741229	1.5374681461863988	0.003155886629176319	0.06822956104777586	0.5158992969363405	0.4861794863792486	nan	nan	0.008914426004566545	243.58149169976207	464	0.00017275430954354887
-0.022545881758468278	0.4855007674604087	5.927231292905592	6.786282435496301	0.055106011489377105	0.3730304899359607	2.7889158645205137	-0.5725139651093778	0.0	0.0	0.15346091363055087	0.010493212650731665	0.24379074284845748	0.6113688066407001	8.952337721812297	0.013234109652021986	0.07198645170466819	1.9105119180029462	1.8956667775298446	nan	nan	0.009095259857129806	231.9218586994632	464	6.91313258277187e-05
-0.025399085084289008	0.5658159870667456	5.82499051896996	4.626023469124512	0.0565650718219457	0.42307753933663167	2.7360983925151237	-0.7469495131965184	0.0	0.0	0.16317273739075505	0.00339961052452592	0.08853638689599244	0.5199014340254307	2.054550868079726	0.003765392880682228	0.07130262236800522	0.6259732229994404	0.4437364056363521	nan	nan	0.009242495483206145	205.94222740461646	464	2.794960342087303e-05
-0.0310295233027581	0.6315191663424606	5.222665518760708	1.9070900247503049	0.046887386917726426	0.39933520257957283	3.9207617540925477	1.0000809295507316	0.0	0.0	0.16248582447378868	0.02514214331917186	0.30442246385931865	2.418649736315894	8.953494240830372	0.02986325645067156	0.29771696287294225	2.717740723297158	7.458800649172299	nan	nan	0.009529895866043678	246.85568614384337	464	4.469624898251526e-06
-0.04316315406852178	0.6403913943117785	3.1471069307626376	-0.7433475857086692	0.047519945315083634	0.39028680530348725	3.7296772388195407	0.7506381375355708	0.0	0.0	0.15976283799016783	0.04808253902338533	0.08829721659476791	6.502032508361134	5.732123924824232	0.016006245475825964	0.16526349729439938	1.6362899520128233	3.781803349605522	nan	nan	0.0093324404905957	241.1131428696334	464	4.6629896549677025e-05
-0.043157223247716314	0.67273673147184	3.4948178839402013	-0.6250205850852408	0.038831734613477886	0.31113847055912286	4.61268984650721	3.777368859543649	0.0	0.0	0.16220217719830532	0.01499591615053808	0.06996002649975003	2.0269019323659	1.9290615178685169	0.011548036127925987	0.24432017883748383	0.6799622733551398	5.8391201783988	nan	nan	0.009294047325719021	206.48698371877128	464	7.968788344946357e-05
-0.042478136256309695	0.7029279111797591	3.9026527944279046	-0.6118845552510983	0.04790503291019599	0.40528504102300505	3.8001794509722147	0.6483537001127405	0.0	0.0	0.15841273109611842	0.006229332007885446	0.06558813063784225	0.9928827401023659	0.8667462185610668	0.0027269650611957408	0.07306231017069001	0.44984787713411944	0.6182232066704245	nan	nan	0.009177313371495119	225.36578005888296	464	7.618735735136282e-05
-0.03571556316624569	0.686945238274985	5.206328594911992	0.6109863338607058	0.049742725628875384	0.3573015428856545	3.5622640626865847	0.3653688504579501	0.0	0.0	0.1601824740616783	0.023073212300402213	0.1624328463560693	2.9166846855096438	5.901058181005801	0.019811978553084475	0.15468178939743918	2.3927519097097774	4.475758346484058	nan	nan	0.009434033096476488	223.1647685678023	464	5.3531970553306695e-05
-0.044208601849221485	0.6978788823552997	3.6896346487861464	-0.6705471834903496	0.05158207420326444	0.3681431554533603	3.0593577497885227	0.0012515011065970354	0.0	0.0	0.14248298846372587	0.024211947152825153	0.07018293737397219	3.1146868959041187	3.0660985075707865	0.020829172124668616	0.12055133136380258	2.4164694229640857	3.741982804420418	nan	nan	0.00878964558717664	254.6589482211338	464	0.00019410520482572894
-0.027064742269679587	0.5813145047680649	5.199791308032572	3.402220003704779	0.053022793087418085	0.4817775303235571	3.18149377077001	-0.30525739592548745	0.0	0.0	0.16816349154596322	0.0036031474531265095	0.08365864669952175	0.524113200209448	1.7263977105231303	0.003615329917141752	0.07541097077056749	0.5530879970259299	0.49394702582546995	nan	nan	0.009384810048624181	254.46707053421233	464	0.00011369977695037646
-0.04264356596031327	0.6191771046313138	3.071131926326942	-0.5786500041110699	0.051050663911177185	0.3690254341927101	2.951714950838105	0.010701965187265109	0.0	0.0	0.15932795715468895	0.005578008132122891	0.06166005937429425	0.8087499461926098	0.6986084297970357	0.0032088569674376677	0.06976446210361831	0.504492854349565	0.5606211941551015	nan	nan	0.009141178943362568	200.53262427095513	464	1.3472401556500507e-05
-0.05182851854825132	0.6416209985311172	2.3425601685546678	-1.3283985945403525	0.04057194467209713	0.2853866236849391	4.225936890114495	3.276795961329811	0.0	0.0	0.17958606975119212	0.015363705848150888	0.09176316244846855	1.7760098933900723	0.9264987428617683	0.010554660749845013	0.21231660938058253	0.7099321742375915	4.942657146483907	nan	nan	0.009508083044299565	233.5051190606661	464	9.317709372890342e-05
-0.026085092915733687	0.5673073911517251	5.727096006347638	4.354822596745125	0.04567704378994919	0.37479308071039824	4.262862267575292	1.4102071992365401	0.0	0.0	0.1422173599910565	0.016670435177226217	0.3045385797802204	1.10673518130944	9.620500659591828	0.014593976735425618	0.18856608034457345	1.404534082393436	4.35620056686575	nan	nan	0.008966799098418216	212.84656712508968	464	0.00010462066181690175
-0.042409912960634455	0.6239426676918443	3.186662256295219	-0.6005059066781228	0.039350735612168064	0.2591192260327623	4.120437939141038	3.496825399941635	0.0	0.0	0.1696083165384224	0.010916160513414763	0.06777777440265315	1.5113955554024132	1.410156404588023	0.008689883007369947	0.19624693527647416	0.6229340419861025	4.52318153235095	nan	nan	0.009506000640112477	272.0980878454127	464	7.14346471207321e-05
-0.020470446694964006	0.4529641141662613	6.225488649138312	9.448733337986614	0.047571387195128656	0.313612836231273	3.4796923516257348	0.9377773523384142	0.0	0.0	0.16070999260108756	0.013995665756894371	0.3663047042239823	0.519012000115918	16.05961226047711	0.009488734921460962	0.12300882736912519	1.0512941627546573	2.5752200963119343	nan	nan	0.00924939890097251	236.90765303675187	464	0.00012172155480329854
-0.041620665445853744	0.6202273153855634	3.139652953979093	-0.6151267009068216	0.051329860287380846	0.38303031943661714	2.934929558539823	-0.16878869215682502	0.0	0.0	0.14543325740190377	0.005737316674694737	0.06336413922125717	0.8733515063067574	0.7450314979220097	0.0033347468126559976	0.07057826692781916	0.5384819396943605	0.5468519918345928	nan	nan	0.008933431051677002	244.3833129884418	464	8.381413881899557e-05
-0.0413688908078772	0.6417647363868824	3.420048560316901	-0.5543412555810343	0.05517889688017452	0.4098593404483236	2.8059645952927608	-0.5775325042067311	0.0	0.0	0.15203958339212356	0.006825332326771405	0.06408238719221715	1.0293639976270785	0.950175971368855	0.0036957209574058902	0.07016749142628731	0.6058745405015775	0.4831255579174207	nan	nan	0.0089370796929997	277.96438164431765	464	6.53607422874125e-05
-0.022498092427526983	0.5150780610058935	5.879967232439306	6.443726284892932	0.05540266858664844	0.4407104755131092	2.8011321429886964	-0.6498834997538593	0.0	0.0	0.15755149994219247	0.0029513315716670485	0.09025101979895872	0.4791284453604234	2.3777593616710497	0.0037121227926305567	0.07193690264858099	0.5981948943319406	0.44597492518342086	nan	nan	0.009160252199037586	244.34887008329218	464	3.26711370603116e-05
-0.0414209435667221	0.6245339645514202	3.375411670005973	-0.5507385723574326	0.055494351259663954	0.38801575054751697	2.757334766983756	-0.6141678313003877	0.0	0.0	0.14851132270541817	0.011887462407455585	0.06600340383419567	1.7043967950801124	1.6752209436803693	0.010989201508683544	0.0737241429569157	1.5758587684148324	1.4810758829184008	nan	nan	0.008971048143295593	194.49081632473207	464	7.083464652405202e-05
-0.03304150216425905	0.6292621619647899	4.7466581458850685	0.9607214930072695	0.05382979920522679	0.43011443406310984	3.0615393219430893	-0.44401536823515947	0.0	0.0	0.15075012816107194	0.004573431991260923	0.07396859057435307	0.722911630130648	1.294800976425248	0.003489940467706343	0.07127701591418045	0.5768040204729081	0.4935420014090244	nan	nan	0.008986338032370103	248.14180407761614	464	1.3688971989079591e-05
-0.031379485364374515	0.5825798136942117	4.354645126297198	1.6389770796602816	0.052122454530706186	0.4197351343817592	2.938941558378091	-0.1615929287546607	0.0	0.0	0.16153254424180777	0.004133588745757699	0.07424797506349229	0.5661811269638408	1.3070106688540062	0.0034254334748778925	0.07173266570285441	0.5181374624644073	0.5110856095647293	nan	nan	0.009113402976652696	242.7640559611545	464	7.484065394947523e-05
-0.03475453045899868	0.6928772225751217	5.111978022947991	0.9275145903972764	0.05470037669044592	0.446915186387038	3.1002224452466223	-0.5738447580945097	0.0	0.0	0.15003357820079474	0.015407945707001824	0.12997532059743727	1.8127101633376128	4.086393990620838	0.021941883529590034	0.07789028121853747	2.8290721127313105	2.951702313327467	nan	nan	0.009100251022982217	227.43282031771184	464	6.612645576346746e-05
-0.020479991484045335	0.4542965141275269	5.71759217502382	8.24771887821226	0.06044410410206358	0.43829667707293435	2.2684330894266336	-1.0961999238356377	0.0	0.0	0.17447104928823662	0.010897503896674376	0.2884039588421389	0.5244331871797896	11.298615290475784	0.02977278547742368	0.16424106242492678	3.4290559151593465	2.485293254345634	nan	nan	0.009567733130454198	225.18231435754006	464	1.5769466724742727e-05
-0.031129285691481545	0.615068258579115	5.337887746538977	2.0697582038028464	0.055063781523304156	0.3371872316641086	2.597512850636053	-0.5610554100530978	0.0	0.0	0.14482469858789007	0.014384558836484485	0.1727256934740683	1.498135108587662	5.308932573940223	0.008818631638221053	0.0700789004738804	1.34648389191407	1.3004900369943115	nan	nan	0.008879471530826424	225.00722357623778	464	5.1659682302510025e-05
-0.02919223963081452	0.5814333276612453	5.209008132877139	2.634601195419411	0.05484113901808718	0.36062009656268157	2.5563282787235933	-0.5871054938924483	0.0	0.0	0.15782191295691333	0.011952910652576254	0.16995875495390927	1.1392386415488205	5.017181956444558	0.009015471980729828	0.07313691274057876	1.3086921430923981	1.2301582143019074	nan	nan	0.009231805249476921	234.36770146091195	464	0.00010390779184703736
-0.04249801722209001	0.6891086839264662	3.8714174844569142	-0.5829555236833575	0.03940942755956112	0.3000939105285325	4.47022243755706	3.626131029725864	0.0	0.0	0.16800541593430543	0.020705108364203972	0.07104732944733266	2.863561786103382	2.9374386648128827	0.012110411309261937	0.25211799554828795	0.7254652710065699	6.011903545342263	nan	nan	0.009414916077846655	205.1534826409324	464	0.0001286090525636846
-0.04224057197375286	0.6436859186164001	3.2673970398565837	-0.5743453691814906	0.051317008005537845	0.43682232174722696	3.6407359807453266	0.09749566783716121	0.0	0.0	0.15415648992055475	0.006113015582685621	0.06303720822222919	0.8908611586048654	0.7925531474551204	0.003129539188764685	0.07305091847081643	0.5134292554301934	0.5696452189765997	nan	nan	0.008918487873173134	218.99298372498905	464	1.229147210931762e-05
-0.03110543566941959	0.6579937088332499	5.532771482629629	2.1928241185700967	0.056029877465309186	0.4271051055774384	2.7914395449940295	-0.5819535713688387	0.0	0.0	0.17004080876773886	0.004196050048508426	0.08031437382490614	0.6099776186421217	1.5283446040969846	0.0037984870773042356	0.07012422854795486	0.5923091208542319	0.4682345747823717	nan	nan	0.0092060388871745	236.1032196840263	464	3.378976864578032e-05
-0.04091733277501863	0.6058374286844055	3.2423846085339694	-0.5132722783248571	0.04469916729164347	0.29531933245560066	3.3773304389991377	1.5021670851130446	0.0	0.0	0.16902425525371684	0.014921562809840971	0.06708702731951494	2.0538981334856237	2.1269787239744327	0.013161655632012104	0.188020489230444	1.2052083072431468	4.077719832833485	nan	nan	0.009400305238280837	231.92711139602798	464	3.554046274234949e-05
-0.03142077445324909	0.5953849411415665	4.732915410576568	1.576869496406035	0.05478374084208504	0.3808534489973917	2.540413288904926	-0.5525224366322938	0.0	0.0	0.15670025183684563	0.017017435589209984	0.1763159872575806	1.8641634594678274	5.615138537010717	0.015346598855039528	0.07457616746649842	1.9685440299692076	1.9921453639335087	nan	nan	0.009175420162287964	205.85681580240708	464	0.00016627332680114405
-0.03991062978132809	0.6556158653939015	3.7874398586957856	-0.24903628200892966	0.04951582108885111	0.4011795684570611	3.4630472580954996	0.38390035288172136	0.0	0.0	0.1597051044827073	0.026558030981724434	0.09520504483156933	3.26200345551396	4.357329239706719	0.038737753141182885	0.28244033112020256	3.6279070486032285	7.793564093873096	nan	nan	0.009266993316194766	209.2697529022641	464	0.00014940582298891502
-0.036203834777180255	0.6329137422717523	4.234271795116124	0.337430313167399	0.05490344479061182	0.38541947536436155	2.6459049823124436	-0.5320247745176463	0.0	0.0	0.15841836312925378	0.018612369141121243	0.11031025927992255	2.367563274161915	4.1185760419681605	0.03142705725502415	0.07319772963107532	3.578355438388061	4.195634686252546	nan	nan	0.00910753658212679	209.5025030486893	464	0.00012702435999925303
-0.04170842092389826	0.6316079637494245	3.3156421312913373	-0.6290840041162998	0.044621734444498795	0.32671475986150333	3.5382921519747246	1.3942792264917154	0.0	0.0	0.15998367883292755	0.018617939325656974	0.0697593320501882	2.5521648335142997	2.502904247222007	0.013110749018604317	0.18710565831843368	1.1662039638652293	3.8657430877415315	nan	nan	0.009275058137067332	214.4476164408178	464	0.00013482994985895917
-0.020679913716650677	0.4674831124587136	5.974196452313338	8.52588976829059	0.05493550465580577	0.40313638421836506	2.782326403928117	-0.616707509406653	0.0	0.0	0.15180625460592867	0.01008610826187939	0.26166255158579355	0.4964516975222413	10.631197098043026	0.012152651862821107	0.07533741007270192	1.7110856757948545	1.5922581497209087	nan	nan	0.009131946145387121	204.29939317622862	464	3.4632672614121866e-05
-0.031135659816650563	0.6680187793196501	5.738063273240483	2.0599504931917054	0.05600939690556239	0.41081866004265744	2.6732323447316677	-0.6737334599954703	0.0	0.0	0.1684509234129088	0.016286002270839206	0.1907773710761471	1.6945231177787279	5.974710205560156	0.027494284761499177	0.08086656811612522	3.294958528465896	3.3525451197573775	nan	nan	0.009503090483414633	233.69309670678211	464	3.583361399655878e-05
-0.03783273831260803	0.6437194300518241	4.188380368294779	0.14603692223193784	0.055271360727973784	0.36583569509725367	2.73571461981496	-0.5450372163223819	0.0	0.0	0.16072838240169143	0.005587482869286842	0.0672057444108266	0.8643196808427414	1.1275610385450885	0.003199772459115291	0.06683548582578563	0.5650376723632731	0.4544640717768929	nan	nan	0.009071523407989251	230.10662710486335	464	0.0001345249645819818
-0.04175913974275014	0.6849255319987024	3.82922693842057	-0.643539252715081	0.03957240644373283	0.3220708553948121	4.450446778122298	3.0889345371497385	0.0	0.0	0.14650780491626852	0.018000241372228498	0.07276137910292957	2.635264907309633	2.556050442926438	0.011449140740606656	0.2286206277127124	0.785416049252702	5.176106661043383	nan	nan	0.009161195876406764	223.82045185730206	464	5.196349581603337e-05
-0.03020552110331698	0.6051188164916412	4.891515163201641	1.951512266335915	0.05547439523827147	0.45209012855932496	2.846634868550409	-0.6028412808610668	0.0	0.0	0.15879612341242103	0.011708849496356255	0.14435153995126285	1.2473967307574736	4.202797653766017	0.01812171060088652	0.07884694734137185	2.2167923985231726	2.1836782093724483	nan	nan	0.009196465889052749	252.03081666454815	464	7.316521999319146e-05
-0.04179707712315062	0.6591196359914346	3.5682683447310954	-0.6189205272468643	0.035910198245342695	0.26443873412628977	4.6646352633886154	5.226155742112093	0.0	0.0	0.16282396376872876	0.011961323074592523	0.07208691671341161	1.7648108003486258	1.6512656511366837	0.012882048316211647	0.31808357729505576	0.5459404712563192	8.687059221433515	nan	nan	0.00937289347952533	261.0800049500196	464	0.0001884422595731469
-0.024380066663512445	0.5207158154957193	5.5115468054674235	5.3116175911391075	0.05589573839300033	0.4118976448853931	2.7917886826186717	-0.5760197436059904	0.0	0.0	0.16208529621693765	0.01464032973454421	0.2864668723762889	0.852262223554245	9.769633060722573	0.015238980530630553	0.07546344405610322	1.9772769731117303	1.946568700283784	nan	nan	0.009181176088207288	262.8011267735718	464	2.181940655049136e-05
-0.031396239782038315	0.6327844009100602	5.088673315134217	1.8227937521292004	0.055137471328443155	0.4301718611107942	2.9422807608867236	-0.6253822779546074	0.0	0.0	0.14804276060335889	0.011495265809441158	0.13950627648913966	1.1934297651426808	3.9012665423588304	0.012422146852694271	0.07782875610171305	1.7275832626909826	1.622661533553284	nan	nan	0.009027565899797751	236.42480136457894	464	2.323979616299927e-06
-0.023087452174497813	0.4550508607166075	5.412064713350402	5.71319415868576	0.05438984818170045	0.35403362974179164	2.710044415068041	-0.5961580270160631	0.0	0.0	0.14987321604314896	0.00821104798446537	0.18752282805727724	0.6023846983783194	6.1905815622545886	0.008993796949438582	0.07214155447349782	1.4035598747075473	1.3513375808172834	nan	nan	0.009150705774661955	237.8929703416318	464	9.404757258410192e-05
-0.04150120773950572	0.5843916278801358	2.8155680377778127	-0.6048163158527137	0.0453140791696689	0.350578570635664	3.6781522428198308	1.4188789139217564	0.0	0.0	0.1801873205860574	0.013338484522832594	0.06800974199528376	1.7503697204887212	1.6695283548274458	0.014546078897048065	0.1951385991358015	1.2550361595936579	4.121167639855966	nan	nan	0.009611604361187506	201.97423250770868	464	0.00010127674713788854
-0.026096960536276637	0.6036476815549034	6.277927140088932	4.241315581906411	0.03686752250950853	0.30779795816254546	4.980060623790102	4.812292030672836	0.0	0.0	0.1582892609955255	0.0031811541732861826	0.0827451316112724	0.5353958905723117	1.8372694390234596	0.0017737803617791092	0.06409065442095954	0.3188371203512781	0.9193639978222818	nan	nan	0.009052754513183825	236.91365397350845	464	1.101431023694498e-05
-0.04936589304767791	0.5910274472509778	2.080114649780187	-1.3362726749353069	0.04127159273917136	0.3196447729451838	4.244980550114361	2.772621492717295	0.0	0.0	0.15558338967923402	0.022337189954167058	0.12221533831898237	2.517082990515093	1.3505401734810418	0.016044551244377092	0.2784089867303307	1.0937043129195558	6.5676226602727805	nan	nan	0.00924022549279159	242.01202800340752	464	4.150473388930658e-05
-0.041013670512165756	0.6017168742950046	3.1434006764154527	-0.5844076703337819	0.055082106331995284	0.3593940336185588	2.3811647485887377	-0.6001341126174434	0.0	0.0	0.1549657081250697	0.012621948563258933	0.06640309384532161	1.7908939094518046	1.7299156875273096	0.011093369912153928	0.07202506680973639	1.4889106287888945	1.411921466013932	nan	nan	0.009064472481321265	226.70692426057738	464	1.673417699618045e-05
-0.035655518174090295	0.6849534532812228	4.845117348049258	0.7923615962830928	0.03523282003616823	0.2715527192046042	5.030807056453925	5.756611613622329	0.0	0.0	0.16141746962929543	0.004662869877105014	0.06787378778321446	0.691733907433767	1.149924811599306	0.0017900918592262949	0.06300629888912102	0.3142964561795698	1.0554406281296413	nan	nan	0.009108653213127454	249.17778390641578	464	1.2685205867943413e-05
-0.02690928951223448	0.5530162229328701	5.152695709307032	3.521689300477339	0.05375891764526419	0.40223703181261655	2.7461015236820376	-0.4567531834717722	0.0	0.0	0.14996642239737548	0.0033946109887912357	0.08151000644242293	0.5025185002645389	1.6873521075701194	0.0034552652015101826	0.06900366613390102	0.5518379724153524	0.46983998069209104	nan	nan	0.008955537154883536	293.53552672767654	464	0.0001402567360572786
-0.0589674898032605	0.5981201820484092	1.5007112048620148	-1.617782339591503	0.03715745881554877	0.23426113781266616	4.231796370034463	4.597520654433717	0.0	0.0	0.17689363156931875	0.012380850703070212	0.08157996167952536	1.0279922859652988	0.3538705395599557	0.01011590688709696	0.24800412272151862	0.5754592261313138	6.487898932016907	nan	nan	0.009621384798237084	231.9791789094867	464	7.060092482504362e-05
-0.025321262748255413	0.5325403804597457	5.24576330938467	4.705535023000044	0.055698852714053615	0.4028717250128496	2.5207611305284394	-0.610053424760205	0.0	0.0	0.16288805329656714	0.0033550353833214364	0.08583107311230512	0.4616189011182583	1.9896894149311277	0.0037857707458934797	0.06901205081876027	0.5791397737757711	0.4484383662218632	nan	nan	0.009109838416784699	273.8754377490148	464	2.6613376583921033e-05
-0.04210106559218718	0.6423269558697644	3.5068833210899686	-0.548369726475598	0.05565101537713657	0.34961837684967295	2.388000192237124	-0.6035641828454326	0.0	0.0	0.16560301912296854	0.02272759530789553	0.06628542530480691	2.993107163242721	3.1897051762149915	0.0099733922298757	0.07097918229212263	1.3767670490093433	1.2916997947987752	nan	nan	0.009241707642690875	243.99385553935554	464	0.00015749762494992033
-0.044476794580967094	0.6154942523750638	2.7541556385874486	-0.9250947804047335	0.03967581226648598	0.28670309955640844	4.100148086082599	3.2970053657130105	0.0	0.0	0.15666071860212716	0.00656104375237021	0.06011737471521922	0.9319631723064544	0.6589716394651335	0.001916969390007628	0.0660784590735449	0.31989278403382815	0.8221000201786469	nan	nan	0.008930071678148035	252.5079229147806	464	0.00015440392066360344
-0.04071791982238304	0.6558673842951002	3.7437750838851223	-0.5830950742153315	0.05422596581089545	0.394251246973713	2.7044412500047246	-0.5467281582673865	0.0	0.0	0.16064956035323516	0.020934886890464244	0.06921902226071774	3.030559557633829	3.1443054715348393	0.026404498681693478	0.07412412586054326	3.2086361817199482	3.5594934997643874	nan	nan	0.009362624611003373	182.14094468267746	464	0.00011559416265389348
-0.040873135185480636	0.6228369998270745	3.4580857728468786	-0.5017953061833925	0.05058592515920113	0.3378392857510382	2.989214270684075	0.18683867604454954	0.0	0.0	0.1613825183103615	0.021477658844928693	0.0701210136592833	2.9001639449049597	3.180121837267347	0.03449941294962089	0.2157946720681682	3.580429046952708	6.807393101515438	nan	nan	0.009296188583596904	261.8953589791969	464	3.219425523308238e-05
-0.021627310229766716	0.5311735960179857	6.667986462320378	7.825377189288068	0.0385093774965477	0.3339534306412346	5.116260193548396	3.900238903795915	0.0	0.0	0.1507588764930103	0.002537950517130849	0.08540679471908214	0.48960463251587916	2.4153587501002933	0.0018343126237702068	0.06635456019779673	0.34343786981077873	0.852677511650179	nan	nan	0.009093468341573083	281.26515854063604	464	5.6570414547164623e-05
-0.049296128898894453	0.6426919324428915	2.54759705456302	-1.2956143781310627	0.04029830981931748	0.30553461273536603	4.503181778926898	3.236866496629638	0.0	0.0	0.14743679697188875	0.015544069744136746	0.09489373637438758	2.00241650120913	1.0970708003097263	0.009753446733613558	0.19587309522657984	0.6993253218185747	4.554656439111137	nan	nan	0.008998842678266492	216.8562861810319	464	1.2738656653794403e-05
-0.040029475379543045	0.5571471650862256	2.932796893948291	-0.5612618761741291	0.05115845413518039	0.36734177108324817	3.166551740255259	-0.0002385241348888807	0.0	0.0	0.16581285184958877	0.004881657586441102	0.06121873874914091	0.8012424769234106	0.6880122116728213	0.003065714249821494	0.07052789205289489	0.520015507615643	0.5703947026334655	nan	nan	0.009327493536791062	250.81894079469885	464	0.00015077827894784747
-0.033264778864752875	0.6329543056141891	4.7864398239997765	1.12385209697394	0.05266368610028671	0.3456875754247864	2.4100514662888557	-0.4260757794087869	0.0	0.0	0.1464603782486768	0.004455566300276881	0.07365574880294373	0.6747054734147748	1.275619634776094	0.0034396960092973883	0.06711891947291501	0.5506388777849978	0.48893820512003544	nan	nan	0.009050916238512799	253.38284294845923	464	2.8058406326298374e-05
-0.04041515067302415	0.6263384837196323	3.5390989193716473	-0.5688058866389661	0.0504258208418884	0.37691629304621466	2.998689699702189	-0.05995895755787248	0.0	0.0	0.1543372172608902	0.004790846947420546	0.06480657150899372	0.8472696021944981	0.7122262295383409	0.0032023688124085403	0.0717877690160795	0.5272470065790853	0.5595730651605886	nan	nan	0.009264387165151294	251.2183611516733	464	4.664516178412981e-05
-0.041548697009500146	0.6011726133442379	3.0660338985585502	-0.580879313534453	0.04630699343559441	0.3055652091009278	3.141910546925961	0.8950501586945936	0.0	0.0	0.1508851617988259	0.012940796198437798	0.0661968147287163	1.7674920754397618	1.7135664473962027	0.01339743450744113	0.15867417671550227	1.3920263701753746	3.4983894469307715	nan	nan	0.009062420565338652	220.76151608896595	464	4.221697277810432e-05
-0.029540619980765848	0.5882606905618882	4.833874150714908	2.7462094892429634	0.055914481816491834	0.38698534688063313	2.3743434478275156	-0.6228488108558982	0.0	0.0	0.15417100184488733	0.013177952761820932	0.18053217162482801	1.081870063809308	5.229831761836965	0.011595775152026033	0.07485386890347218	1.4507995938365659	1.3472946789732685	nan	nan	0.008966968637868819	261.28076330918725	464	6.5038810307256215e-06
-0.04012451115522819	0.6210498727576929	3.4364892521508343	-0.4418686970246815	0.03665038964381817	0.23729894737964946	4.35814830825488	4.938894590533498	0.0	0.0	0.16308441901270748	0.015020218136881314	0.06735897324767248	2.105333692597579	2.3326778554235443	0.0034098564710851598	0.10607045465040643	0.388340478555538	2.1733574397613658	nan	nan	0.009038814102172166	259.79433245735584	464	0.0001531900057227971
-0.03137896204860802	0.6058296397057505	4.826142967642781	1.8175059970149887	0.05484576085612636	0.40317009789353414	2.8793581116886555	-0.6096646782156814	0.0	0.0	0.1522749032243312	0.011854655625845867	0.14240903425074547	1.2102837335394931	3.9967501999032446	0.007422976956273586	0.07767205373735384	1.1331825791474417	1.0156109419013184	nan	nan	0.00912450508676653	244.53196309427673	464	5.5062786050907174e-05
-0.028561705457050945	0.5707332584206892	5.109550142196953	2.809739466410546	0.05528638038476541	0.39432528577805526	2.763608577597604	-0.6031906624133022	0.0	0.0	0.15337108659933757	0.011845908546989359	0.1734248369531571	1.1007901136241318	5.152965663843849	0.010771666843940708	0.0754610247962074	1.5246345705118651	1.4396470789107105	nan	nan	0.009079942952623085	212.13942418504755	464	0.0001534298193320713
-0.029350265466016157	0.5685389683760258	4.763651017180017	2.453134099209519	0.041948132649768155	0.3364250125513735	4.208909420513425	2.389895690610165	0.0	0.0	0.16331616886576186	0.01780008837166469	0.2535189408524136	1.519856311420263	7.069000907900658	0.018303794451074884	0.29640629400326235	1.3300000654879862	6.880447598644452	nan	nan	0.009480511446902026	206.52220595850213	464	3.2340131751430714e-05
-0.040573493328930677	0.5971978429647722	3.077211637179955	-0.5553507937286997	0.044058099832311015	0.3563915583523978	3.9518642344933856	1.5571403760721294	0.0	0.0	0.16665733054747003	0.017774563572663604	0.06760543461960089	2.388842393569675	2.4485300302722215	0.012903997701869785	0.1871764086583953	1.1693333367270455	3.975294942204343	nan	nan	0.009588052198055322	212.07033016527723	464	8.466187334211733e-05
-0.034654089001247446	0.6784410017240392	4.854888978092769	0.9667194538617732	0.05685187024509886	0.4483809522623842	2.6630580997875244	-0.7170648998805675	0.0	0.0	0.16075591894757768	0.01420210312697584	0.1243327231147065	1.6078373403892452	3.707548245193982	0.017727939953027905	0.08081265786286362	2.1541830899032237	1.9373440885139628	nan	nan	0.009180511429415575	226.0208690666579	464	3.189846897855983e-05
-0.022938493727836518	0.4662207119363876	5.269378356763401	6.455060344288535	0.04179727858256155	0.2717777091084824	3.6702736438409755	2.5070816181069286	0.0	0.0	0.15631789158437118	0.014457402921622398	0.32624317164800787	0.6498991496743338	11.494435855880445	0.011543827238445714	0.21075704861322644	0.8721617424063512	4.676343233996772	nan	nan	0.009111920031765627	226.03012843639553	464	4.727023056740636e-05
-0.04111994515359041	0.6509797494853402	3.665382680458632	-0.6192127972106912	0.04006816304506411	0.2824797541789782	4.188248374265297	3.100734662923935	0.0	0.0	0.15462892387931926	0.010260830583302849	0.07134054336520729	1.6176774373841432	1.4919536645190294	0.009224823161380624	0.19799188910775567	0.6676424002933894	4.374238625709277	nan	nan	0.009277839482505101	209.8996200757037	464	5.756679182074856e-05
-0.01969568312693759	0.4432952367052733	6.057217452579309	9.732210462309647	0.036344869240702904	0.2738869496319819	4.876687288595185	5.236834777106389	0.0	0.0	0.16482334963491402	0.0022421133254570402	0.08236688859857894	0.4374297654083219	2.6705275914475863	0.0017230386695138433	0.06084284360771361	0.3065076753384153	0.9431092725751851	nan	nan	0.009171753567534802	220.98862344958718	464	2.9413955871914093e-05
-0.04219344014898707	0.6411638918104312	3.4240451523059887	-0.5937043535284231	0.055783206209624625	0.37091790131681435	2.4307993198870834	-0.5871060823941715	0.0	0.0	0.16381372383993154	0.012714934116702492	0.06740025373205272	1.8034980281756008	1.7252500947466634	0.011921603469947306	0.07165532818669046	1.5450195427216178	1.4861379827622638	nan	nan	0.00921928650830979	197.27634020462446	464	0.00010326136868907651
-0.021484512763954355	0.4586880152302595	5.56381000358059	7.014961292926065	0.03306101586365351	0.2387708582383995	4.941705403936952	6.742569472870829	0.0	0.0	0.1447481988974513	0.0024954645390383168	0.08172115600943505	0.43173071123576356	2.2404692115623766	0.0016282258691106	0.0575538533628801	0.2912627468711877	1.0697283733103662	nan	nan	0.008825427807483799	238.71250430052552	464	4.502767505805552e-05
-0.02987193866898641	0.5840039315104961	5.088968764686745	2.3155745348980084	0.04123941697024813	0.2737835436329053	3.990743581264037	2.830177678827382	0.0	0.0	0.1656331604844567	0.01530879779569111	0.2090717676989912	1.4514571219185144	6.039531219347561	0.010308279143961041	0.19923261913862755	0.7844862093264626	4.564155803192461	nan	nan	0.009401505322712486	236.40095362460627	464	2.62662234614485e-05
-0.042516394261427726	0.5730109465471905	2.7726192066653184	-0.5953819341801206	0.04844645452586782	0.24864945812821	2.5318658583291924	0.4968994326217974	0.0	0.0	0.14647833314391154	0.00892786451221278	0.0629727954198428	1.1959408085114642	1.093425952490674	0.00833573178528435	0.09705385719210677	1.0094980431848357	1.9899651572334354	nan	nan	0.008832772448513576	261.83765956329603	464	7.346940237341947e-05
-0.0245786687601407	0.5397058953738336	5.772800760216916	5.396937587621341	0.037870181651428636	0.2763214997999396	4.53091555646885	4.232865180624217	0.0	0.0	0.17734045323701864	0.02205696320145134	0.4433493910750782	1.1013654272980204	14.954138842444133	0.016619645418419426	0.35307979939138834	0.8772783850868631	9.474150197554474	nan	nan	0.009913219370298793	207.91838529593494	464	9.048507482072677e-06
-0.04205190693987193	0.661939664243574	3.7297220096860073	-0.5987037429437404	0.05527916132065247	0.3760802081234687	2.733063065031498	-0.5482982285719827	0.0	0.0	0.1577744152537156	0.013802878165045274	0.06808096558969229	2.042721668726015	1.9752352897923917	0.019321751695254963	0.07139258534911344	2.558350690109801	2.694764099042082	nan	nan	0.009112932378553207	250.57634161818072	464	7.511751239360726e-05
-0.04150531381863276	0.6285733237876713	3.379167700710722	-0.603937995827331	0.04658834664882083	0.3369009984510677	3.578949070431844	1.0737802579577407	0.0	0.0	0.1633264910939093	0.02324460436048864	0.0683240506124439	3.11409106079386	3.2274779002218774	0.01249968905384391	0.15572423058252977	1.2590406850834506	3.3814696026379973	nan	nan	0.009358167282542545	222.78119315412567	464	0.00011188979976145795
-0.014142724450372679	0.27117099114514454	6.11373844887232	20.30267566633663	0.030189651660074812	0.17525666537022977	5.240812970087054	10.26780829699238	0.0	0.0	0.1683469107507982	0.004028116435481566	0.12874199569247094	0.44630728199909653	11.640010894576124	0.0052811350935155765	0.13203292728419752	0.33621544028026706	6.328062801388621	nan	nan	0.00943753780556876	253.43903735079004	464	0.000651300609208118
-0.04389869984987704	0.6367663589685076	3.1712382242641457	-0.6041887809846157	0.045704697410750894	0.29155053101319345	3.3276413896626345	1.3727893065883596	0.0	0.0	0.17188731731115853	0.01324039799167348	0.06574265673718543	1.7024044708405317	1.6149592739606173	0.008224103360195745	0.12671492200225978	0.8069977079015491	2.4599530024135294	nan	nan	0.009339220931662284	195.85210846935738	464	5.8490786139343785e-05
-0.019696397174275626	0.40993490024432383	5.645003865615108	9.357983607348757	0.042381993299793974	0.33166916382529343	4.1433815166457375	2.2131632420845917	0.0	0.0	0.16299937572444423	0.002806327765510541	0.07594124736549579	0.49835005182339076	3.246351708480548	0.004617635299612788	0.10612766851204247	0.5329831906871005	1.656674881627404	nan	nan	0.01007747432048925	204.78610013465595	464	0.0023023274568504306
-0.05420207442568459	0.6397886247142075	2.1152808491530974	-1.472046583528311	0.04049176521272391	0.2796679558050297	3.8167433624201426	2.8930087828531024	0.0	0.0	0.17405865837951445	0.014181287553075017	0.09502527068244093	1.544508324305982	0.6831881468704792	0.013832710786077507	0.2553051291376597	0.9407781957593859	5.950889846713356	nan	nan	0.009519489007062981	243.58219465673508	464	0.00018713746950712597
-0.04174090632267646	0.652402060967902	3.5615465061389626	-0.6245474196256049	0.0534954510457597	0.33201348923242213	2.2569883179106585	-0.5962278793909719	0.0	0.0	0.14835761200543068	0.006807422527511764	0.06496203878664758	1.0739770526050783	0.9469523010925489	0.0034994164627254465	0.06832484230483662	0.5911696661716814	0.46688245760623065	nan	nan	0.009130117005987912	276.7391440432643	464	0.00012937829213524816
-0.04244262540403754	0.6381745011464	3.353907623678778	-0.5824506028636401	0.04253193564520341	0.3343815486862221	4.4532986642391235	2.597672689658137	0.0	0.0	0.16175457812607924	0.014120045792611391	0.06698931514880835	1.9279328724928968	1.8820124045088535	0.010059460009334442	0.1844199346542334	0.7718879991021925	3.989089710223437	nan	nan	0.009098271405138358	196.75813794124483	464	1.978810966690815e-05
-0.052470007425276854	0.6771578611310745	2.521722292634686	-1.5533042635373784	0.03838894101112955	0.3291238305667433	4.62112608085135	3.681888441606892	0.0	0.0	0.16773703830495934	0.013564943531355012	0.11353847732375844	1.7975324946730946	0.7570762245676905	0.022739986363857434	0.4274866471876127	1.2192108729886544	11.02899313741237	nan	nan	0.009792441948656999	229.12206997657483	464	7.294133024640466e-05
-0.027103354627005305	0.5525540242838446	5.144708131349955	3.776310049057498	0.04072015621978231	0.3041661128886095	4.15082575032478	2.932744999222293	0.0	0.0	0.15632394943515118	0.013192740793669	0.2332033879028493	0.9064519991919586	6.700934741856598	0.013298099158189136	0.24912168260719125	0.8796465985352082	5.7155541955035565	nan	nan	0.009149641734165062	237.47862271914485	464	4.900462202479829e-05
-0.04152247345919169	0.665828029573936	3.682068984946385	-0.48088298899454623	0.055587133413543155	0.4025538529973901	2.553771803282001	-0.7003363361208859	0.0	0.0	0.16246271409972812	0.02115784979576496	0.06814804477884401	2.801778990510467	3.0833039192819736	0.04287104967424138	0.09196621177726683	6.185589886154055	5.124413696846282	nan	nan	0.009316052705977351	260.5839961970379	464	9.308864769719313e-06
-0.042673644473401384	0.7008285279127271	3.9906021737151303	-0.5950588220492823	0.03677565359193413	0.2619767914359509	4.672543176186068	4.945244064224947	0.0	0.0	0.16002038966579527	0.009307441532395211	0.07137743846368139	1.4394994586279293	1.3221948576787987	0.009429831210882922	0.2310031209134955	0.5273238815563297	6.121691912708919	nan	nan	0.009316843737928474	246.83379750999904	464	7.605583274054021e-05
-0.04264567306610867	0.6055557811332981	2.950649650582206	-0.5874572104796751	0.04914639132384058	0.3425340128413435	3.0975619660050806	0.33083612875796303	0.0	0.0	0.15737766319770755	0.009877961580698869	0.06580951245729816	1.3088671051298535	1.2173542411937102	0.017777762491968274	0.14514980272542038	2.0006539416649067	3.731269576316868	nan	nan	0.009203417641924228	206.44755912361163	464	0.00011399400970041442
-0.032406283513430334	0.6010678523987374	4.455467730784753	1.5278455804997293	0.05595773919666702	0.4041409290877586	2.579621392484083	-0.6143864037904975	0.0	0.0	0.17252300425752404	0.011825055736780998	0.12734790241129895	1.228616801257947	3.571191994850193	0.009308084601997724	0.07646158465114061	1.2314494030027725	1.1294347960411082	nan	nan	0.009354217104107082	232.19993231966063	464	5.551918658519367e-06
-0.04420839789107822	0.6758679781890558	3.515252259946263	-0.5878601696244684	0.03697717017449942	0.2696734725985959	4.679151430769822	5.0806464797974416	0.0	0.0	0.17501565582265358	0.009712574236248717	0.06871775190109602	1.3296420638865412	1.225674848621629	0.012400620015400765	0.2895663686511242	0.5769637250117441	7.911896119652678	nan	nan	0.009394763889262095	211.28677985967647	464	5.7372878943848746e-05
-0.04277896580613716	0.6659262536994641	3.524197335020018	-0.5885681744718486	0.04412167365773256	0.3611665458657304	4.151058993971145	1.8172913763024663	0.0	0.0	0.16429353388106915	0.015797632760054026	0.06912991973200733	2.137694531558044	2.1019185497124995	0.012558476025539056	0.19315141697609234	1.0414336329134135	4.05426256935045	nan	nan	0.009290298261869695	221.27719958677065	464	5.8801662230307126e-05
-0.043447255929505046	0.6336261180691032	3.189325840763515	-0.6168650638045922	0.05523370131535166	0.3433819465321808	2.476583587385919	-0.512567294653739	0.0	0.0	0.1547647227572123	0.01291040801145421	0.06558795155763397	1.7043042136918605	1.602637540453287	0.026788092032054678	0.06965248704569296	3.2380038761168968	3.7317354960627944	nan	nan	0.008956540678520739	236.4211546357964	464	1.5186975619318807e-05
-0.01441624050907142	0.25334266821006524	5.639551713105149	19.561342343603584	0.04165836587810845	0.31190914970481476	4.139634566746651	2.5524255145076524	0.0	0.0	0.15370309823829287	0.004601559660854626	0.17397184465587667	0.45786257013142917	13.189257283166938	0.007699890372952045	0.13530383673022753	0.6705057736567044	3.0156011646845835	nan	nan	0.00912210975261224	214.21114403653704	464	0.0001376717515617518
-0.027730631390986304	0.5516487933543663	5.0138447295839	3.086910294675674	0.0377269437152572	0.29172908914909884	4.729614154171375	4.341537268915714	0.0	0.0	0.1504840085235505	0.02125723649597605	0.35926905677635135	1.5978751032772416	9.964201738209429	0.03266915041997365	0.6345122730062894	1.4884664342252256	18.689537074041347	nan	nan	0.010226165317465147	204.69654543832144	464	6.583214505019693e-05
-0.02682656630909641	0.5628248411926733	5.352636518293785	4.031140026828174	0.03901045792264313	0.2930534842848803	4.393661586322375	3.7493158155768973	0.0	0.0	0.1645784113309678	0.0031720538294865985	0.07813067719262853	0.4691870699355243	1.6644686674175178	0.0018498867554231913	0.06513077614292104	0.31979164282925554	0.839995752611844	nan	nan	0.009073053194574715	220.7154124868623	464	7.07246894434097e-05
-0.0226727313562618	0.5336729782535024	5.876210746021807	6.392205921350475	0.05607575965010558	0.49706013439969915	3.168442699871682	-0.5660653035554962	0.0	0.0	0.16345469903116924	0.0029659471146071814	0.08956414997328768	0.4735124232107095	2.320712543040906	0.0037363129385579175	0.07349145809566898	0.5842058839184705	0.4503152306682311	nan	nan	0.009145887695062027	252.54607880028024	464	5.7741370704418525e-05
-0.04311089798322032	0.6492563480041614	3.207423878868525	-0.617976642730852	0.05398044407595881	0.4093692323068753	2.720994436878864	-0.3311477885934159	0.0	0.0	0.1746463385501532	0.013550080479667714	0.06780229211746763	1.7689788828787907	1.6655961812843827	0.02579281333864636	0.08942618330287419	2.750911955704607	3.488946299341606	nan	nan	0.009435184642999195	255.8308274668623	464	3.328625265739275e-05
-0.028701473821099444	0.5419151619714269	4.634603474126809	2.5628784919248653	0.04101332568157856	0.305498033969625	4.098498218072266	2.668875635546902	0.0	0.0	0.16171497007157815	0.015021281438802436	0.22453170035789294	1.2991634105983232	6.227929236317198	0.01526611786381149	0.27079502704980984	1.0965311423732282	6.315530659232503	nan	nan	0.009523602721944482	215.5134020987078	464	7.544061335871225e-05
-0.04324102210666825	0.6839245490435013	3.6201142075299755	-0.660802192957811	0.04564739440160781	0.3753902104595067	3.845804478181644	1.2811392204736458	0.0	0.0	0.1565222498036104	0.020290614648266148	0.0718434690712319	2.727595447678117	2.6355843006967565	0.015465153026738565	0.1991360116849323	1.3548216603097447	4.218202619112818	nan	nan	0.009072606747196343	216.2872935787292	464	0.00012569767751444992
-0.04348633150749359	0.6614963580301116	3.4529586098032707	-0.6213271071409565	0.04428813585305291	0.3002469392141325	3.5338624862933674	1.6260347000085043	0.0	0.0	0.15654019570722894	0.011825312915417552	0.06732150723079006	1.6302593195331452	1.5150553436130356	0.008233863610516146	0.13637084050153497	0.7702553964287495	2.6569339918963433	nan	nan	0.009104724020240457	205.28506298768536	464	0.000128285088056015
-0.04013806662746999	0.6521675935570537	3.950823123372391	-0.5740915017386757	0.049191379226933396	0.38308472941773125	3.6800511516334122	0.42997001802072593	0.0	0.0	0.14794664648067746	0.009475809468279528	0.07123392240845372	1.6094407544835994	1.5230085603367454	0.020504365108751532	0.17076375940655683	2.330152044484988	4.572130103591837	nan	nan	0.009121979548246562	228.56751300947573	464	8.81246318443724e-06
-0.03556930821138038	0.6625767402715603	4.7059803371039575	0.8562537494345647	0.05515742732094897	0.3717522552741075	2.597006261085253	-0.591054747234553	0.0	0.0	0.1454046290421535	0.014712081396576981	0.11918869754837708	1.6843579891510152	3.6791202209894274	0.011296830515626799	0.07200358014176578	1.5742462984586856	1.5114830530204688	nan	nan	0.008817505533479333	266.06557302968616	464	4.579105263370569e-05
-0.03820467189781296	0.6106269522406776	3.566145111538094	0.16520795991911252	0.05415072620645156	0.3665547835679517	2.536754713425253	-0.3398400409818275	0.0	0.0	0.1788979864010408	0.005920036057030675	0.0657256825279654	0.7950728543966381	1.0872543332171978	0.0037195677013598383	0.0680206770779993	0.5535450644968511	0.517018865073206	nan	nan	0.00939344417158322	240.7533224451319	464	5.536624664415912e-05
-0.04391571736608313	0.6347456771321078	3.110326396536804	-0.6394924021557752	0.05632865588011371	0.33598205981533763	2.130762264345245	-0.5947166540038281	0.0	0.0	0.17907567425763593	0.017007690203348858	0.06688978887210195	2.1319850366869226	2.029996592446225	0.009069442333794031	0.06952182110728594	1.1661389810919087	1.0827349467844631	nan	nan	0.009343112130087677	223.23508850144893	464	0.00013171601808430086
-0.040949985378373355	0.6823109219808555	4.120499604420326	-0.5643238635769366	0.042776725568081764	0.31814889509368816	3.989543826398939	2.0492297079131614	0.0	0.0	0.1522805393689456	0.013077172570603757	0.07103882804405331	2.0877027302408786	2.062184754316259	0.010614737635339044	0.18093187315796316	0.9125178167472987	3.8471004525277497	nan	nan	0.009177743946001099	238.3333315836712	464	1.1927348159659906e-05
-0.03400579415227556	0.6500632532678529	5.075018831841604	1.0947842184048366	0.05528536409259188	0.33950679902736386	2.439306770477126	-0.6184414600376383	0.0	0.0	0.16040611163951485	0.014836954196005392	0.13507831250508812	1.779956931110435	4.262494524769482	0.013391963995460943	0.07128353229107715	1.902266689466245	1.830481904719401	nan	nan	0.009316371877020058	247.40962470868376	464	6.675994129218504e-05
-0.036809596714609705	0.6281420996734541	4.046239442888958	0.22670013259275906	0.03350787262052113	0.16151517405641225	4.325568694509708	6.971381459967857	0.0	0.0	0.16503605856050851	0.0068952431092933475	0.069210251234539	0.9649346337577791	1.4220916067039793	0.002322877271219159	0.05939020357562458	0.33081762537826753	1.9076375678822515	nan	nan	0.009280613082921399	196.4089750780076	464	0.004253221829282052
-0.04036919775780923	0.6554220638509145	3.8759050387575664	-0.52111083409661	0.054885399102888144	0.38762573725023863	2.686668623911579	-0.5981638837484482	0.0	0.0	0.15438777078904853	0.020678755580998298	0.06827694894137881	3.0268350880550936	3.2714481574645133	0.02980238611067909	0.07363432405923459	3.5785293949194834	3.9808003841586173	nan	nan	0.00914604317181096	242.83771747123689	464	0.0001681233349804627
-0.04350941627942917	0.6311233910820114	3.14415385416288	-0.5708649788100364	0.03735691021463894	0.2343198029713464	4.276082613912443	4.766154660883298	0.0	0.0	0.1779632719570875	0.011539547245862314	0.06579111593901588	1.493319386101883	1.4295900208471506	0.009674933781403383	0.24115191975999137	0.5342772912569467	6.301918817851296	nan	nan	0.009479939438835627	225.7835895821335	464	1.7188336763970692e-05
-0.02952486437952284	0.5499564717149079	4.547636931483752	2.365514272518595	0.04170867185036964	0.319176260631491	4.247658202425454	2.718107609380634	0.0	0.0	0.157881487327436	0.01622171596150107	0.22978706237178248	1.4029277154000452	6.303934827139536	0.01853632710026598	0.3118362129523778	1.2774640151613685	7.502816580789668	nan	nan	0.009336970899119779	224.98972584073195	464	1.2664239168217035e-05
-0.04273558521535514	0.6083597863158463	3.0946570578480315	-0.5959696062670384	0.05142515527547897	0.29970120219478635	2.481853349282155	0.013772215104530361	0.0	0.0	0.16497765743032156	0.009185103327260191	0.06534265868122074	1.280772202828385	1.172235476510726	0.013129890439445124	0.09087003096551144	1.573057034392245	2.3597495681639167	nan	nan	0.009136736990998942	241.87916093931446	464	0.0001348333684752053
-0.041700496286921296	0.6589363632650473	3.569099961700858	-0.5706635403113445	0.04443123876822286	0.36629787437897426	3.9292967778628785	1.4471599005026075	0.0	0.0	0.15610043872016538	0.020678561494568648	0.07624396290718871	2.796857382610508	2.896313045738657	0.03196491956550096	0.4033144192023281	2.659650665296879	9.43179196672557	nan	nan	0.009642432065275111	188.74006637286755	464	5.3880881802206936e-05
-0.025179166740313952	0.5077236473225413	5.074166279167175	4.408412909087156	0.04412660780600408	0.33030927249483955	3.5403888305035567	1.4203958277765056	0.0	0.0	0.15075692566244983	0.012274361748093432	0.24337905773279264	0.8031909315947172	7.30387162472755	0.015222604513052795	0.2022234378878171	1.3733628814354168	4.48912311417526	nan	nan	0.009186531674210185	255.25226451726726	464	0.00011286910421257869
-0.01968898279213238	0.4545648854238256	6.107223816510164	9.77717624682676	0.027218939309745283	0.06476068724962314	5.154101089989197	16.31145136752202	0.0	0.0	0.1520890244913763	0.002217015029110425	0.07898295116144693	0.4161766102160871	2.629518210032775	0.0016057384786364315	0.03129197504360132	0.20913245572720296	1.764681962795044	nan	nan	0.00874296616873281	236.1153155635987	464	0.00012217446111781249
-0.041448176675407566	0.6401036655121002	3.422441804647236	-0.6048803878512452	0.03731055058673238	0.27726440391242557	4.600938086653969	4.351096801750306	0.0	0.0	0.16219654012970497	0.011163090329214087	0.07082613089900514	1.6438200805708914	1.538910905720995	0.011503781354704201	0.27018356428397483	0.6331767121628968	6.830192026047303	nan	nan	0.009448521564976428	253.05022123951179	464	0.0001839628606749787
-0.04201292132703238	0.6486769240884769	3.5246739431821617	-0.5511690975669428	0.039255313233996114	0.3079164336724504	4.5273161131967266	3.6956499310474737	0.0	0.0	0.16301415907434713	0.011002590644624444	0.06963272419236177	1.579511644862531	1.5348731755580451	0.0161864968038119	0.3256181674916354	0.8947176240253829	8.024016520966375	nan	nan	0.009365338149386698	200.7960614071229	464	6.216080356347513e-05
-0.0293577943295662	0.573400164461475	4.865238912074845	2.1347381591988484	0.042935164495566225	0.3526397033964915	4.054756325625386	1.79910902763328	0.0	0.0	0.13863888554984125	0.013876292172281424	0.19538204165711012	1.3722145385258422	5.396878799974134	0.01589043987425509	0.23525256186401033	1.3387067171748699	5.245802837671509	nan	nan	0.009041356444381629	237.87424868634537	464	0.00017576442863847353
-0.02781220072267454	0.5546624391578014	5.17470165664372	3.346252620996337	0.049332367459333115	0.3549748809852833	3.421532646756585	0.4922578496714538	0.0	0.0	0.1712262844132812	0.013740465300872196	0.22517312921627083	1.082296806380516	6.591467591525354	0.01829163637127129	0.1551994052889895	2.044816259588481	4.091704236152777	nan	nan	0.009477422772386113	263.70454448927256	464	6.134304364528954e-05
-0.026397669636980092	0.5564118926407136	5.465512630689795	4.058152317491527	0.04068551482686411	0.2958001061122174	4.001102571290263	2.9015206344636595	0.0	0.0	0.16205541348253164	0.0031505361060443215	0.07984408562748968	0.4914629636610246	1.7151709526888885	0.0019220261567889363	0.0664390796721765	0.3271246469418583	0.7639460454130762	nan	nan	0.00906592849630665	237.6563719749445	464	5.328323512078062e-05
-0.04191232596638428	0.6877074149189542	4.051181627511756	-0.5715123304360265	0.051057171924369316	0.3826339822705733	3.3012689944943134	0.0912450614499088	0.0	0.0	0.16439730080895307	0.005475329941306117	0.06524848967023217	0.9412727597185009	0.8191552883363206	0.0030263050886012444	0.07018516902817487	0.5010719740002394	0.5694451905183122	nan	nan	0.009227055058782269	242.724256645375	464	3.868528286604939e-05
-0.041665422381949146	0.6675436311055052	3.7655392537694095	-0.633199911289651	0.05441772640066822	0.407219909016325	3.0161935548268994	-0.4716074876202318	0.0	0.0	0.16640166857260086	0.02085780526828057	0.07013196860147941	2.997019172557651	3.0003250169005105	0.025968676385093037	0.07732103303127696	3.2398775423613344	3.7821964971422948	nan	nan	0.009431243148896387	242.33584142640242	464	3.041341013486649e-05
-0.04117248453531919	0.657141644402589	3.771009902650798	-0.6045871969112814	0.05291276194974226	0.4061398725881844	3.298599100017711	-0.30966330383329993	0.0	0.0	0.1622142175140921	0.009572526871060527	0.0705085830175865	1.5376600344505622	1.4177429630839535	0.024296777282739157	0.09337761691323057	3.1277270456572515	4.0366237066418575	nan	nan	0.009441817776330214	229.15439580522113	464	4.304487113411681e-05
-0.035000229246602954	0.5829000148966059	3.750989245836689	0.7883342530022435	0.05231614488347103	0.37805275117414133	2.886048338458064	-0.08723355623704049	0.0	0.0	0.17182475773393896	0.004738478457231299	0.06793159778929492	0.6326590609677871	1.1078329359289834	0.003277759107760736	0.06913688036686683	0.5057701093452278	0.5305233022503917	nan	nan	0.009272813750886177	253.32371374937915	464	9.258644315609043e-05
-0.023553544202875365	0.5152463543628829	5.777753314854765	5.9002905712896965	0.03513921504829476	0.26282226688406596	5.0781187609568414	6.268747852596043	0.0	0.0	0.16963010650897273	0.002802822079329248	0.08195921197702907	0.45480678860466295	2.0712066117037407	0.001701541845034904	0.058998610104431526	0.3003577778532778	1.0247682996344887	nan	nan	0.009146294947610864	225.64419843318578	464	2.5091223245881875e-05
-0.054307428678081804	0.595465148553846	1.7581591237154797	-1.5667848374379252	0.038437483581603926	0.28033663632033606	4.63135970684026	4.199060538350702	0.0	0.0	0.16262418340550433	0.011501867430032453	0.08458741517232138	1.1881823464755623	0.45068051996097125	0.01011732488739614	0.22679443189419213	0.6118371957472619	5.7093685314571125	nan	nan	0.009293119480978912	208.77900043697753	464	4.4739127175280763e-05
-0.042559607820092715	0.6369486018461091	3.4486991068630757	-0.6654958331899188	0.054271799805353016	0.3067989334137234	2.3059491092044366	-0.4990862973334174	0.0	0.0	0.1592992085855517	0.014188216851209023	0.06763071781046748	2.056906980008449	1.9074520641195132	0.0116989220681879	0.06753508875623648	1.6565145079532106	1.7246326785621595	nan	nan	0.00919272283511631	249.2526008068385	464	0.00013449206633805647
-0.031846528698207366	0.60475074042166	4.76690280628225	1.8267465710353035	0.047076218647248425	0.3408928351233981	3.4181400830982	1.0700266857690117	0.0	0.0	0.18089804833795742	0.016370196542885185	0.190466486356066	1.5799732021543311	5.44295229524329	0.01636818757719527	0.18217786292125207	1.5211922614615705	4.163107677415862	nan	nan	0.009566282181061606	229.76478765358524	464	4.89852502708884e-05
-0.03679542057476615	0.657686503794584	4.460564507598042	0.34447366754681	0.0557808712331338	0.3813423261936306	2.5429306755244294	-0.6357933704387904	0.0	0.0	0.16022297276014075	0.01788751826305568	0.10760674570428624	2.2796699443074666	3.9393183413487516	0.014952273048869924	0.07393502293393675	1.978298873549167	1.8825675143109684	nan	nan	0.009232123194370334	217.61179362918543	464	0.0001105205793851151
-0.02756242451114077	0.618848063802211	5.889492967002936	3.766737086048849	0.06147025085519009	0.3916564977167645	1.8861848495978188	-1.2746071545748379	0.0	0.0	0.14237342967047842	0.015509757750700848	0.2567619345000093	1.1221807248671505	7.834280551129508	0.013584531063029925	0.10899745409357436	1.8014713215276856	0.9812824216370775	nan	nan	0.008926390162311157	238.18455024174648	464	0.00010061314562489767
-0.02872049161127188	0.5576081427773905	4.947520138168072	2.746408493336469	0.054648949218105036	0.35478724132464334	2.4183042826979655	-0.5729473128906204	0.0	0.0	0.15799064703340418	0.010986034981188386	0.16112446345983916	1.0253137709885425	4.697531278708177	0.012317280579839163	0.07232194903616021	1.6612051596319914	1.629556743557565	nan	nan	0.009191671503620213	237.3353042407171	464	1.6082823574702386e-05
-0.040788884364554745	0.6304752174042358	3.5074719142490363	-0.5808550978222696	0.04705075741339271	0.36773234290482515	3.7567700423083394	0.9482224242188355	0.0	0.0	0.15448038284465923	0.009659101196611841	0.07016690806683584	1.4994914121943739	1.4094245784189685	0.017820771708635053	0.19791875175176463	1.7726287315895537	4.578168926731648	nan	nan	0.00917178506310623	234.12604702588484	464	5.3034627483479294e-05
-0.042040778132640955	0.6554170818123187	3.5559418172293333	-0.6056360933324356	0.043924958613756004	0.360558521421317	4.308712367118718	1.8721257331881023	0.0	0.0	0.17089202926797825	0.009237350171330927	0.07093246223123956	1.3952906798498117	1.2699675268734103	0.010329093698373981	0.16570421361641494	0.9277307220125093	3.4623604777561643	nan	nan	0.009538580079099523	220.92811151331864	464	0.00014896259156395146
-0.03330377338214807	0.6211234595695878	4.650998800841527	1.2157352259894152	0.05512767821954512	0.3740565086090573	2.4586537912928175	-0.6129296502820841	0.0	0.0	0.1664433284641585	0.012630153068356686	0.12502728050091833	1.4204094715425057	3.6336315959761984	0.012638565468869878	0.0739779714701437	1.6760784191515232	1.5930222595918238	nan	nan	0.009385802432565482	248.45086672672562	464	0.0001233833131907817
-0.03313604658610192	0.5902713032201057	4.013027865525432	1.0971999760021498	0.05657848768537388	0.4640341751709477	2.8448785187760617	-0.6304568380695256	0.0	0.0	0.16466907355925509	0.012519466468004448	0.11750186518489691	1.3524140497563542	3.3435501836143127	0.016300215763861314	0.0796474472345669	1.9690384403474201	1.8698579154067267	nan	nan	0.00923044488828434	216.93281239675636	464	5.2433407375407704e-05
-0.02325456054091346	0.47137896118784195	5.1657096579377715	5.758720503820524	0.056876715829682345	0.39627155495393407	2.4583152050375636	-0.7626300425519121	0.0	0.0	0.1585127653288393	0.003020227815361265	0.0871482787097691	0.449751415904462	2.208083344440093	0.0038131438079485047	0.06868202987148062	0.6088599246052782	0.4285012623080712	nan	nan	0.009017752451292896	205.6892405329381	464	4.3050876434533105e-05
-0.040503772588856846	0.6024245431779629	3.26536214482711	-0.5994449548920442	0.053291765001018065	0.3636112382614988	2.833823297080307	-0.4103266156642316	0.0	0.0	0.14314364078774278	0.010787446879392204	0.06676652228966118	1.6380960647211125	1.5428542647093952	0.018295480330137392	0.07539706073369018	2.4823444068515803	2.872813919368489	nan	nan	0.008954344679620724	229.01646721777186	464	0.00019168703116087546
-0.04259204508292069	0.5799060126563587	2.7693697009033267	-0.5917079485318162	0.046648579178850014	0.2992771217749213	3.330621673473364	1.0922612704410595	0.0	0.0	0.16498553512079905	0.009643027762573697	0.06427694031620346	1.2633384026979977	1.166314978375456	0.008938074478407776	0.12374876562936041	0.9560731814815233	2.5111165984747936	nan	nan	0.009310061835929723	257.7539209837393	464	0.00014977597490203843
-0.047608408474909436	0.6551362659700037	2.8589862382127738	-1.1768027640995893	0.04354704931440634	0.33255865827057235	4.119458005127055	1.9854982740579743	0.0	0.0	0.15844979180504226	0.019187349954024047	0.0986331196147811	2.5604103939965706	1.66095946522434	0.011019410939216878	0.17794785352371242	0.9487714964861	3.8585615444498806	nan	nan	0.009264404944763105	260.8479170351185	464	2.391735771066851e-05
-0.04160446125050876	0.6692038786456045	3.740050571619371	-0.584098067524432	0.051025229130714944	0.3890655478134881	3.2836765500005995	-0.015228807638373946	0.0	0.0	0.14771094299602594	0.005718707099663711	0.06500283227414877	0.9382084389374639	0.8199370640511293	0.0030661126404546435	0.07016346499775464	0.5155408845230267	0.5601111992115803	nan	nan	0.008926583367962107	238.13071586372425	464	2.139813917947539e-05
-0.038573481611864135	0.681548443343302	4.196369050788253	-0.011403084101271315	0.05137524973304686	0.4566614479816015	3.51073114443874	-0.04120854084578641	0.0	0.0	0.15745075704560332	0.00539853791168754	0.06675706751287575	0.8246428162179771	0.9972265935770535	0.003302597581622324	0.07468005241150721	0.5318362681236126	0.5510581007011673	nan	nan	0.009096382771149283	209.44242537731895	464	5.716152763961524e-05
-0.019575566547923806	0.45271397251187095	6.107189848259699	9.949448212694989	0.035873429962611114	0.28026344099903056	4.833672454645181	5.182167283447532	0.0	0.0	0.1687445329730601	0.0022187153015365557	0.08235633545298507	0.44224776165829915	2.6691377243113648	0.0017238984714136318	0.06237883839020164	0.3111805399551977	0.9480809641512956	nan	nan	0.009315948135236174	256.42647201316834	464	0.00014071726916062107
-0.05115671509110831	0.688821808239285	2.7406354384352594	-1.4002743104320707	0.03703043963228403	0.31108178883825977	4.860805515753793	4.61205085726809	0.0	0.0	0.15566565651671838	0.014435677414278925	0.1071711407070508	1.9205221901625618	0.9547586744741609	0.022390472531918615	0.4596401614882851	0.9614871848296938	12.816726432361314	nan	nan	0.009452018591521921	213.1084458101564	464	5.031016074304896e-06
-0.035667856539949305	0.7152157691441201	5.297444710233293	0.6541991789094843	0.05114317726430584	0.4014756230879878	3.2426365621535833	-0.15038391458989758	0.0	0.0	0.1391229020574429	0.004624870845631068	0.07216129838273733	0.7554659568229414	1.1595456373243656	0.003043789398411212	0.07052097591105524	0.5245493784114719	0.525938084876124	nan	nan	0.008859855942428399	242.75639467896218	464	6.316762896181635e-05
-0.0405904791575491	0.6326248392424736	3.4356885024366726	-0.5244766508985215	0.045265687887214634	0.378741284602593	3.833255855920143	1.0979662210342576	0.0	0.0	0.14947554790553538	0.023351263654250665	0.06990702941492527	3.105764497420072	3.3976049854131958	0.019880346536835347	0.23540681726001567	1.880718776597494	5.336855490758213	nan	nan	0.009224997618084096	181.1369633916702	464	1.5466853004419934e-05
-0.04408532777900109	0.6631231057706424	3.33141823128868	-0.8550317090573113	0.04530127994507671	0.3680585306261291	4.054498717679148	1.4791871906350018	0.0	0.0	0.1634311727989632	0.02186890634012456	0.082155917716847	2.977663292507115	2.541249536218496	0.014400405596573629	0.19737114107536247	1.2744255602654415	4.261963456726506	nan	nan	0.009333464597873514	256.1813474543296	464	0.00019692756062240707
-0.021733411991455842	0.48051767731883843	5.636460350226495	6.982357905213281	0.05535122570603623	0.4520044600727228	2.9800018468446443	-0.6111306827271702	0.0	0.0	0.1633022695219296	0.008971316145073238	0.21517218458345388	0.555668520235038	7.84559773972392	0.014165305737889211	0.07922350928267527	1.864417119436459	1.7836388182836824	nan	nan	0.009325627787020424	241.84493592760586	464	7.204361575074338e-05
-0.040466992962305603	0.6635721311591443	3.965428999847012	-0.6041981939860991	0.040921717127225365	0.31305465800529764	4.418466590315901	2.8039805749370545	0.0	0.0	0.15158718918520825	0.009947123280483694	0.07218914806189924	1.674258285068345	1.5580370106083221	0.008955077083504626	0.1802497715168928	0.7085710844958386	3.9116859350327835	nan	nan	0.00923615076126827	281.4184461885506	464	5.4741416654511704e-05
-0.042516912885280256	0.684728902501891	3.782535001091154	-0.6160237380756757	0.04107264343929651	0.3038727049090822	3.9901375901208773	2.6598407432292603	0.0	0.0	0.16576634922802255	0.018880706116637114	0.07152978283067324	2.646066841217877	2.618294155453409	0.012322080361608534	0.22680643498496222	0.8801434230023437	5.024141024316127	nan	nan	0.009445545463582602	248.92764318648872	464	1.0015278754050307e-05
-0.02636038940539631	0.5888873562891335	5.651807270601262	4.168220623467885	0.05664436899046699	0.4769236442604255	3.0928677699344718	-0.6669961654473041	0.0	0.0	0.17458826973275607	0.011142537879218595	0.19527334651967715	0.8428136378557349	6.063371323134173	0.031118324541553943	0.08487371358735044	3.6018225364555234	3.743730608515065	nan	nan	0.009496068660877224	199.13486644746575	464	9.516605575271304e-05
-0.04208250402636826	0.6611663825735475	3.638573367488256	-0.679264709372588	0.04216757111775937	0.3184728878788301	4.416219709611403	2.4474927578361068	0.0	0.0	0.15314037470544858	0.006016388783891824	0.062213397740900844	0.985336550730946	0.8269965233097457	0.0020835276513064827	0.06888765279190195	0.3643988979215771	0.7926230002756601	nan	nan	0.009138112603860146	238.3926723804957	464	4.928144264315995e-05
-0.030125397277392052	0.6482853116532334	5.510420384333967	2.351552249077061	0.056341590901899385	0.4375871945986095	2.6744671577783667	-0.7461125341561395	0.0	0.0	0.15185200522884174	0.013169397663880977	0.17201565567575153	1.2829550034139827	5.07628026451913	0.026741420940232796	0.08752697004150778	3.1786019850056286	3.017640956585172	nan	nan	0.009068589264746352	226.1248361896846	464	8.839639395835757e-05
-0.04204688485674224	0.7111508369573287	4.107030070327329	-0.48895438762986254	0.05578142543838771	0.43057792331613687	2.8616286511768836	-0.5996627028057804	0.0	0.0	0.16008126384290255	0.006804218751930324	0.06618616509815672	1.061821388847684	1.0149085447350825	0.0036919945444385815	0.07149513895253265	0.6008832032878861	0.46256802590776963	nan	nan	0.009110186849667468	242.80562181466982	464	0.0001111379518973481
-0.03228956433578323	0.607224725206658	4.7816878686689686	1.4967332062921161	0.05556853364198466	0.3780502652977771	2.6614515842029696	-0.5924281470853628	0.0	0.0	0.1636866266152457	0.013987123152056802	0.14637592525731605	1.5397823933093118	4.423385823558996	0.007953179094454144	0.07431559434956689	1.157089233397853	1.0622702451138353	nan	nan	0.00924965514011783	208.5394525186257	464	0.00010760650256737494
-0.040816071234314855	0.7064722260620522	4.316709535976468	-0.1819023573891341	0.05621233573273288	0.41040349779133234	2.821526565855592	-0.5985577794183382	0.0	0.0	0.16388364981505432	0.02301790369433443	0.08260586029570721	2.930967315002357	3.9126986967078143	0.010297308694620644	0.07420596259047343	1.4151910599664916	1.3296086578669035	nan	nan	0.009173097470499297	250.59193244917086	464	0.00016720980331237637
-0.03299605975826103	0.6288894679989137	4.92877374653666	1.1127436541469415	0.05357092755820969	0.37571560388574593	2.946865600405353	-0.5124801673413224	0.0	0.0	0.1463387114488074	0.004324429024411991	0.07362563523916216	0.7017960664889005	1.2811697568128864	0.0031942806373503885	0.0681813845126413	0.5837402080480698	0.4924529092905532	nan	nan	0.009018613389912292	240.6567150219876	464	0.0001713211121598262
-0.024356928796603228	0.5659547142763097	6.389004332754004	5.669835102285883	0.06714363118979949	0.3691717512306461	1.3673189441237081	-1.4692479524170698	0.0	0.0	0.1669574317732362	0.017298182772126802	0.3502209190884516	0.9955894233690494	12.366274077508669	0.012519474235894834	0.10585107772686991	1.3473688897076714	0.5695921715733487	nan	nan	0.009250338249978021	236.95748242958229	464	7.927904153812771e-05
-0.04231662771267719	0.6868148599913884	3.732783666945659	-0.5868030410223083	0.03563344862945361	0.26483385746166876	4.759489081825766	5.421584056856899	0.0	0.0	0.1757514241424616	0.006093855845616336	0.05972556363633014	0.9361162266646796	0.840526492438933	0.0016738537816323174	0.05987994825927215	0.30111115425605073	0.9365711027984743	nan	nan	0.009372509479846691	226.39851765925175	464	3.1219922475258595e-05
-0.029344051360462142	0.5944832943894376	5.177102184659688	2.561132258068415	0.04516391534897246	0.3842621195424491	4.2099757937555315	1.464760305314037	0.0	0.0	0.16359631339537523	0.016243490924188586	0.23283973811765107	1.4376364291908796	6.668665642349535	0.017383138751493443	0.22061874579152288	1.5744013275972137	5.112485399529468	nan	nan	0.009471030665779243	213.51898954414668	464	3.5604269299119666e-05
