i,Ebeam,x,y,z,Q2,pT,obs,Nacc,stat_sivers,stat_collins,stat_pretzelosity,systrel,systabs,target,hadron,Experiment
0,11.0,0.090219,0.625874,0.322246,1.163058,0.161455,AUT,3753855.977266,0.006906,0.005873,0.005927,0.070207,0.001121,neutron,pi+,solid
1,11.0,0.107385,0.596526,0.323015,1.321828,0.149255,AUT,3579984.585777,0.006076,0.005563,0.005592,0.070207,0.001148,neutron,pi+,solid
2,11.0,0.118943,0.579347,0.323226,1.422138,0.142443,AUT,3521035.879312,0.005761,0.005463,0.005471,0.070207,0.001167,neutron,pi+,solid
3,11.0,0.128670,0.563301,0.323498,1.495861,0.136985,AUT,3580836.446772,0.005515,0.005339,0.005361,0.070207,0.001183,neutron,pi+,solid
4,11.0,0.137395,0.546639,0.323595,1.550067,0.131711,AUT,3440103.607934,0.005535,0.005454,0.005449,0.070207,0.001199,neutron,pi+,solid
5,11.0,0.145832,0.529577,0.323830,1.593885,0.125876,AUT,3479171.037702,0.005458,0.005435,0.005435,0.070207,0.001214,neutron,pi+,solid
6,11.0,0.154458,0.511352,0.323840,1.630085,0.120164,AUT,3450168.454316,0.005520,0.005521,0.005514,0.070207,0.001229,neutron,pi+,solid
7,11.0,0.163441,0.493215,0.324119,1.663699,0.114624,AUT,3333922.229238,0.005688,0.005682,0.005681,0.070207,0.001246,neutron,pi+,solid
8,11.0,0.173131,0.474074,0.324205,1.693875,0.108760,AUT,3301641.947582,0.005861,0.005824,0.005826,0.070207,0.001264,neutron,pi+,solid
9,11.0,0.183974,0.453174,0.324252,1.720532,0.102899,AUT,3178685.393462,0.006162,0.006093,0.006076,0.070207,0.001284,neutron,pi+,solid
10,11.0,0.197222,0.428784,0.324401,1.744893,0.096724,AUT,3316658.537334,0.006268,0.006136,0.006122,0.070207,0.001309,neutron,pi+,solid
11,11.0,0.214818,0.399824,0.324332,1.771787,0.094253,AUT,3150271.334996,0.006549,0.006437,0.006419,0.070207,0.001341,neutron,pi+,solid
12,11.0,0.240418,0.362973,0.324512,1.798949,0.099567,AUT,3111869.257033,0.006525,0.006591,0.006551,0.070207,0.001387,neutron,pi+,solid
13,11.0,0.275572,0.326090,0.324170,1.853170,0.117099,AUT,1692250.674507,0.010860,0.010365,0.010421,0.070207,0.001449,neutron,pi+,solid
14,11.0,0.065168,0.795927,0.322245,1.068821,0.328271,AUT,2496173.961604,0.011545,0.008792,0.008814,0.070207,0.001084,neutron,pi+,solid
15,11.0,0.072427,0.745169,0.323014,1.113812,0.312285,AUT,2230358.762833,0.010811,0.008587,0.008598,0.070207,0.001095,neutron,pi+,solid
16,11.0,0.076798,0.721282,0.323170,1.143293,0.307403,AUT,2187866.116104,0.010295,0.008343,0.008384,0.070207,0.001101,neutron,pi+,solid
17,11.0,0.080588,0.703337,0.323498,1.169885,0.303803,AUT,2357194.716338,0.009471,0.007826,0.007850,0.070207,0.001107,neutron,pi+,solid
18,11.0,0.083960,0.689716,0.323751,1.195298,0.300734,AUT,2134391.903699,0.009605,0.008065,0.008085,0.070207,0.001112,neutron,pi+,solid
19,11.0,0.087097,0.682745,0.323725,1.227449,0.298446,AUT,2229238.668902,0.009217,0.007820,0.007818,0.070207,0.001117,neutron,pi+,solid
20,11.0,0.090196,0.677729,0.323921,1.261786,0.296713,AUT,2078598.138255,0.009386,0.008011,0.008034,0.070207,0.001121,neutron,pi+,solid
21,11.0,0.093151,0.672503,0.324050,1.293071,0.294643,AUT,2024315.765582,0.009301,0.008052,0.008033,0.070207,0.001126,neutron,pi+,solid
22,11.0,0.096047,0.668248,0.324124,1.324851,0.292811,AUT,1989021.197713,0.009265,0.008059,0.008056,0.070207,0.001130,neutron,pi+,solid
23,11.0,0.099001,0.664202,0.324185,1.357334,0.290811,AUT,2036628.982226,0.009064,0.007906,0.007942,0.070207,0.001135,neutron,pi+,solid
24,11.0,0.101996,0.659573,0.324203,1.388640,0.289324,AUT,1996090.856853,0.008992,0.007924,0.007939,0.070207,0.001139,neutron,pi+,solid
25,11.0,0.104944,0.655660,0.324334,1.420316,0.287685,AUT,1886258.516755,0.009025,0.008047,0.008056,0.070207,0.001144,neutron,pi+,solid
26,11.0,0.107935,0.652354,0.324401,1.453415,0.286078,AUT,1930251.887923,0.008822,0.007932,0.007913,0.070207,0.001149,neutron,pi+,solid
27,11.0,0.110994,0.648346,0.324432,1.485425,0.284295,AUT,1809010.083455,0.008977,0.008123,0.008108,0.070207,0.001154,neutron,pi+,solid
28,11.0,0.114086,0.644937,0.324563,1.518786,0.282772,AUT,1851620.531152,0.008735,0.007993,0.007995,0.070207,0.001159,neutron,pi+,solid
29,11.0,0.117337,0.641680,0.324647,1.554191,0.281344,AUT,1837963.738174,0.008700,0.007955,0.008004,0.070207,0.001165,neutron,pi+,solid
30,11.0,0.120686,0.639038,0.324692,1.591956,0.279980,AUT,1800890.794547,0.008629,0.007988,0.008005,0.070207,0.001170,neutron,pi+,solid
31,11.0,0.124125,0.635116,0.324826,1.627265,0.278490,AUT,1755835.424566,0.008615,0.008035,0.008068,0.070207,0.001176,neutron,pi+,solid
32,11.0,0.127628,0.630225,0.324948,1.660282,0.276897,AUT,1645810.002069,0.008766,0.008258,0.008268,0.070207,0.001183,neutron,pi+,solid
33,11.0,0.131164,0.622406,0.325046,1.685092,0.274302,AUT,1526597.523110,0.008898,0.008501,0.008498,0.070207,0.001189,neutron,pi+,solid
34,11.0,0.135048,0.611874,0.325251,1.705625,0.270876,AUT,1544412.735097,0.008668,0.008358,0.008367,0.070207,0.001196,neutron,pi+,solid
35,11.0,0.139430,0.600546,0.325389,1.728348,0.266788,AUT,1431684.123292,0.008796,0.008611,0.008607,0.070207,0.001203,neutron,pi+,solid
36,11.0,0.144289,0.587368,0.325615,1.749299,0.261312,AUT,1312429.195903,0.009041,0.008935,0.008930,0.070207,0.001212,neutron,pi+,solid
37,11.0,0.149848,0.572261,0.325963,1.769934,0.255154,AUT,1154095.839862,0.009508,0.009471,0.009516,0.070207,0.001222,neutron,pi+,solid
38,11.0,0.156275,0.554213,0.326271,1.787556,0.247592,AUT,953620.377152,0.010574,0.010519,0.010549,0.070207,0.001234,neutron,pi+,solid
39,11.0,0.164005,0.532710,0.326688,1.803051,0.240752,AUT,764809.566742,0.012573,0.012203,0.012221,0.070207,0.001248,neutron,pi+,solid
40,11.0,0.173828,0.504038,0.327333,1.807914,0.234867,AUT,530247.501473,0.019412,0.016914,0.016910,0.070207,0.001267,neutron,pi+,solid
41,11.0,0.186892,0.467439,0.327664,1.802307,0.230302,AUT,348517.024193,0.051507,0.035081,0.034822,0.070207,0.001291,neutron,pi+,solid
42,11.0,0.205148,0.426805,0.328343,1.805825,0.224849,AUT,236127.078011,0.073048,0.048323,0.048355,0.070207,0.001324,neutron,pi+,solid
43,11.0,0.233467,0.377293,0.329208,1.814967,0.220099,AUT,196230.972141,0.041526,0.036465,0.036505,0.070207,0.001376,neutron,pi+,solid
44,11.0,0.274036,0.329310,0.329946,1.859850,0.218076,AUT,128198.201502,0.033430,0.045609,0.044513,0.070207,0.001448,neutron,pi+,solid
45,11.0,0.061131,0.832856,0.323588,1.050054,0.495705,AUT,1425177.653929,0.017746,0.012893,0.012814,0.070207,0.001078,neutron,pi+,solid
46,11.0,0.066912,0.793675,0.323903,1.096014,0.490252,AUT,1314114.907034,0.017164,0.012759,0.012785,0.070207,0.001087,neutron,pi+,solid
47,11.0,0.070973,0.772238,0.324262,1.131244,0.484905,AUT,1208040.772455,0.017471,0.013089,0.013148,0.070207,0.001093,neutron,pi+,solid
48,11.0,0.074595,0.758426,0.324673,1.167738,0.481585,AUT,1195435.091975,0.016914,0.012889,0.012856,0.070207,0.001098,neutron,pi+,solid
49,11.0,0.077980,0.749035,0.324676,1.205645,0.480677,AUT,1025905.890478,0.017819,0.013680,0.013657,0.070207,0.001103,neutron,pi+,solid
50,11.0,0.081234,0.741062,0.324846,1.242597,0.480688,AUT,996115.156937,0.017834,0.013783,0.013728,0.070207,0.001108,neutron,pi+,solid
51,11.0,0.084579,0.733838,0.324752,1.281157,0.480965,AUT,958591.833189,0.017981,0.013911,0.013882,0.070207,0.001113,neutron,pi+,solid
52,11.0,0.087976,0.728988,0.324823,1.323810,0.481357,AUT,880980.141163,0.018584,0.014488,0.014376,0.070207,0.001118,neutron,pi+,solid
53,11.0,0.091461,0.723468,0.324908,1.365833,0.481157,AUT,851897.570291,0.018857,0.014624,0.014676,0.070207,0.001123,neutron,pi+,solid
54,11.0,0.095206,0.717081,0.324848,1.409195,0.480838,AUT,834433.323313,0.018654,0.014626,0.014638,0.070207,0.001129,neutron,pi+,solid
55,11.0,0.099206,0.710632,0.324885,1.455198,0.481253,AUT,779106.358426,0.019111,0.015079,0.014988,0.070207,0.001135,neutron,pi+,solid
56,11.0,0.103451,0.703103,0.324685,1.501377,0.481762,AUT,741148.214808,0.019579,0.015397,0.015459,0.070207,0.001142,neutron,pi+,solid
57,11.0,0.107997,0.694575,0.324762,1.548312,0.482297,AUT,688869.159786,0.020259,0.016035,0.015985,0.070207,0.001149,neutron,pi+,solid
58,11.0,0.112883,0.683215,0.324529,1.591870,0.483979,AUT,640977.389966,0.020825,0.016597,0.016448,0.070207,0.001158,neutron,pi+,solid
59,11.0,0.118082,0.671843,0.324451,1.637464,0.486056,AUT,560884.430396,0.022079,0.017555,0.017609,0.070207,0.001166,neutron,pi+,solid
60,11.0,0.123613,0.656752,0.324165,1.675595,0.489510,AUT,520888.614870,0.023266,0.018372,0.018474,0.070207,0.001176,neutron,pi+,solid
61,11.0,0.129707,0.625007,0.323463,1.672854,0.498935,AUT,445628.928869,0.025662,0.020233,0.020222,0.070207,0.001186,neutron,pi+,solid
62,11.0,0.137142,0.567826,0.321607,1.606564,0.523285,AUT,368495.246589,0.031911,0.024340,0.024361,0.070207,0.001198,neutron,pi+,solid
63,11.0,0.146806,0.517419,0.319452,1.567247,0.545594,AUT,332133.751770,0.050775,0.034529,0.034974,0.070207,0.001214,neutron,pi+,solid
64,11.0,0.159413,0.482518,0.318971,1.586960,0.550877,AUT,377359.962582,0.109869,0.063230,0.063260,0.070207,0.001237,neutron,pi+,solid
65,11.0,0.176733,0.448589,0.319130,1.635250,0.550617,AUT,429663.626100,0.186467,0.102544,0.102274,0.070207,0.001269,neutron,pi+,solid
66,11.0,0.203104,0.405358,0.319671,1.696476,0.548236,AUT,562226.405672,0.197589,0.107349,0.106980,0.070207,0.001318,neutron,pi+,solid
67,11.0,0.252606,0.344498,0.320488,1.787978,0.540929,AUT,699123.552841,0.234009,0.125366,0.124542,0.070207,0.001406,neutron,pi+,solid
68,11.0,0.064706,0.815290,0.326015,1.086617,0.669662,AUT,1058647.926889,0.029064,0.019093,0.019138,0.070207,0.001084,neutron,pi+,solid
69,11.0,0.077581,0.739289,0.325261,1.182654,0.676791,AUT,1101275.668042,0.037852,0.023441,0.023603,0.070207,0.001103,neutron,pi+,solid
70,11.0,0.089876,0.691408,0.324971,1.281914,0.677085,AUT,1143342.525937,0.045655,0.027463,0.027417,0.070207,0.001121,neutron,pi+,solid
71,11.0,0.104445,0.657100,0.324847,1.415665,0.676738,AUT,1239176.435900,0.054929,0.032118,0.032082,0.070207,0.001143,neutron,pi+,solid
72,11.0,0.123441,0.617047,0.324994,1.570345,0.674592,AUT,1341028.737937,0.064297,0.036837,0.036815,0.070207,0.001175,neutron,pi+,solid
73,11.0,0.161918,0.514904,0.326449,1.702117,0.662427,AUT,1810088.244343,0.074790,0.041646,0.041591,0.070207,0.001243,neutron,pi+,solid
74,11.0,0.233985,0.382798,0.331918,1.838796,0.634925,AUT,279498.338317,0.316621,0.170475,0.169896,0.070207,0.001377,neutron,pi+,solid
75,11.0,0.098913,0.599601,0.372699,1.221088,0.156932,AUT,3962302.571246,0.006199,0.005503,0.005519,0.070207,0.001140,neutron,pi+,solid
76,11.0,0.120671,0.567692,0.373236,1.413477,0.142262,AUT,3641860.737604,0.005565,0.005333,0.005339,0.070207,0.001176,neutron,pi+,solid
77,11.0,0.134715,0.546549,0.373490,1.519352,0.134466,AUT,3649320.824098,0.005384,0.005297,0.005314,0.070207,0.001201,neutron,pi+,solid
78,11.0,0.147001,0.522468,0.373685,1.584854,0.127047,AUT,3577738.358871,0.005418,0.005394,0.005388,0.070207,0.001224,neutron,pi+,solid
79,11.0,0.159144,0.498309,0.373929,1.636469,0.120093,AUT,3579893.063362,0.005493,0.005482,0.005497,0.070207,0.001247,neutron,pi+,solid
80,11.0,0.172127,0.473553,0.374020,1.681922,0.114246,AUT,3570264.126179,0.005644,0.005616,0.005615,0.070207,0.001271,neutron,pi+,solid
81,11.0,0.186849,0.446395,0.373977,1.720929,0.107756,AUT,3508749.220836,0.005891,0.005841,0.005824,0.070207,0.001299,neutron,pi+,solid
82,11.0,0.205839,0.413976,0.374269,1.757509,0.102338,AUT,3519411.717998,0.006087,0.006023,0.006007,0.070207,0.001335,neutron,pi+,solid
83,11.0,0.235373,0.369762,0.374132,1.793016,0.107426,AUT,3478903.160546,0.006187,0.006225,0.006175,0.070207,0.001390,neutron,pi+,solid
84,11.0,0.274930,0.326601,0.373753,1.851667,0.127140,AUT,1389871.113248,0.012596,0.011740,0.011778,0.070207,0.001462,neutron,pi+,solid
85,11.0,0.069906,0.757441,0.372428,1.090159,0.330915,AUT,2926500.321476,0.009868,0.007734,0.007668,0.070207,0.001095,neutron,pi+,solid
86,11.0,0.079163,0.701802,0.373192,1.146447,0.312640,AUT,2567846.007125,0.009059,0.007482,0.007512,0.070207,0.001109,neutron,pi+,solid
87,11.0,0.084777,0.677371,0.373525,1.185263,0.307863,AUT,2493606.744694,0.008682,0.007367,0.007354,0.070207,0.001118,neutron,pi+,solid
88,11.0,0.089565,0.667910,0.373640,1.234753,0.304961,AUT,2312861.647240,0.008713,0.007491,0.007523,0.070207,0.001125,neutron,pi+,solid
89,11.0,0.094110,0.659193,0.373706,1.280492,0.302603,AUT,2458204.966904,0.008226,0.007201,0.007167,0.070207,0.001132,neutron,pi+,solid
90,11.0,0.098595,0.652129,0.373811,1.327158,0.299690,AUT,2335829.661510,0.008222,0.007261,0.007270,0.070207,0.001139,neutron,pi+,solid
91,11.0,0.102944,0.645396,0.373960,1.371398,0.297242,AUT,2280980.694409,0.008101,0.007262,0.007281,0.070207,0.001146,neutron,pi+,solid
92,11.0,0.107289,0.639878,0.374018,1.417052,0.295156,AUT,2268282.039432,0.007975,0.007198,0.007243,0.070207,0.001154,neutron,pi+,solid
93,11.0,0.111788,0.633229,0.374093,1.461144,0.292454,AUT,2329542.796636,0.007714,0.007048,0.007061,0.070207,0.001161,neutron,pi+,solid
94,11.0,0.116287,0.627588,0.374132,1.506424,0.289920,AUT,2145864.780537,0.007878,0.007295,0.007295,0.070207,0.001169,neutron,pi+,solid
95,11.0,0.120870,0.622749,0.374090,1.553724,0.287761,AUT,2237597.368588,0.007595,0.007106,0.007103,0.070207,0.001177,neutron,pi+,solid
96,11.0,0.125773,0.617404,0.374404,1.602852,0.285646,AUT,2210415.614864,0.007492,0.007083,0.007101,0.070207,0.001186,neutron,pi+,solid
97,11.0,0.130751,0.607277,0.374422,1.638918,0.282376,AUT,2015387.585945,0.007639,0.007330,0.007349,0.070207,0.001195,neutron,pi+,solid
98,11.0,0.135982,0.594760,0.374685,1.669325,0.278822,AUT,1936079.201994,0.007652,0.007429,0.007431,0.070207,0.001204,neutron,pi+,solid
99,11.0,0.141701,0.581741,0.374839,1.701432,0.275019,AUT,1773672.283314,0.007850,0.007703,0.007716,0.070207,0.001215,neutron,pi+,solid
100,11.0,0.148251,0.565797,0.375182,1.731222,0.269246,AUT,1675206.704498,0.007973,0.007915,0.007930,0.070207,0.001227,neutron,pi+,solid
101,11.0,0.156202,0.545646,0.375453,1.758966,0.260643,AUT,1490237.985865,0.008488,0.008457,0.008481,0.070207,0.001242,neutron,pi+,solid
102,11.0,0.166099,0.519871,0.375746,1.781865,0.251250,AUT,1155077.280935,0.010329,0.010034,0.010046,0.070207,0.001261,neutron,pi+,solid
103,11.0,0.179021,0.484891,0.376230,1.790737,0.243046,AUT,836816.576530,0.016173,0.013945,0.013930,0.070207,0.001285,neutron,pi+,solid
104,11.0,0.198286,0.436776,0.376594,1.785621,0.237235,AUT,583899.373238,0.037035,0.026121,0.025916,0.070207,0.001322,neutron,pi+,solid
105,11.0,0.231113,0.378462,0.377132,1.800811,0.231067,AUT,500253.036025,0.022279,0.020661,0.020391,0.070207,0.001383,neutron,pi+,solid
106,11.0,0.275609,0.326129,0.377787,1.853095,0.228934,AUT,302271.399806,0.022614,0.026999,0.026723,0.070207,0.001464,neutron,pi+,solid
107,11.0,0.062969,0.818841,0.373758,1.062935,0.491856,AUT,1566512.871332,0.015275,0.011411,0.011524,0.070207,0.001084,neutron,pi+,solid
108,11.0,0.070366,0.769358,0.374146,1.117158,0.488069,AUT,1545627.540429,0.014301,0.011052,0.011022,0.070207,0.001096,neutron,pi+,solid
109,11.0,0.075567,0.745091,0.374499,1.162093,0.482887,AUT,1393201.216513,0.014312,0.011288,0.011280,0.070207,0.001103,neutron,pi+,solid
110,11.0,0.080083,0.730638,0.374788,1.207713,0.478200,AUT,1298942.331254,0.014175,0.011345,0.011402,0.070207,0.001110,neutron,pi+,solid
111,11.0,0.084373,0.722625,0.375006,1.258518,0.475856,AUT,1176480.900216,0.014293,0.011690,0.011673,0.070207,0.001117,neutron,pi+,solid
112,11.0,0.088766,0.719025,0.375142,1.317436,0.474241,AUT,1174004.251265,0.014103,0.011581,0.011639,0.070207,0.001124,neutron,pi+,solid
113,11.0,0.093404,0.714995,0.375276,1.378508,0.472837,AUT,1085814.018779,0.014190,0.011886,0.011817,0.070207,0.001131,neutron,pi+,solid
114,11.0,0.098289,0.711598,0.375276,1.443723,0.471349,AUT,1043781.240458,0.014052,0.011934,0.011877,0.070207,0.001139,neutron,pi+,solid
115,11.0,0.103426,0.708425,0.375375,1.512392,0.470141,AUT,922954.321997,0.014602,0.012488,0.012547,0.070207,0.001148,neutron,pi+,solid
116,11.0,0.108817,0.705020,0.375552,1.583581,0.468324,AUT,851133.708545,0.014934,0.012982,0.012938,0.070207,0.001157,neutron,pi+,solid
117,11.0,0.114696,0.700327,0.375667,1.658012,0.466118,AUT,786693.887681,0.015104,0.013260,0.013271,0.070207,0.001167,neutron,pi+,solid
118,11.0,0.121128,0.695978,0.375819,1.740097,0.464392,AUT,691327.854450,0.015735,0.014048,0.014002,0.070207,0.001179,neutron,pi+,solid
119,11.0,0.128272,0.683104,0.376115,1.808396,0.460467,AUT,592483.326714,0.016295,0.014870,0.014830,0.070207,0.001192,neutron,pi+,solid
120,11.0,0.136892,0.646536,0.376426,1.825992,0.455546,AUT,356996.961925,0.019095,0.018164,0.018290,0.070207,0.001208,neutron,pi+,solid
121,11.0,0.148449,0.569800,0.374377,1.743571,0.481297,AUT,136502.183469,0.028942,0.028063,0.028359,0.070207,0.001228,neutron,pi+,solid
122,11.0,0.166905,0.457557,0.366459,1.573522,0.556130,AUT,80506.460888,0.059820,0.054307,0.054652,0.070207,0.001259,neutron,pi+,solid
123,11.0,0.198199,0.397603,0.364278,1.622940,0.575499,AUT,108236.718816,0.309112,0.171554,0.171348,0.070207,0.001318,neutron,pi+,solid
124,11.0,0.252256,0.337984,0.365208,1.752278,0.573425,AUT,145184.331838,0.538772,0.288867,0.287237,0.070207,0.001417,neutron,pi+,solid
125,11.0,0.064274,0.817116,0.374866,1.082230,0.676581,AUT,1129113.515704,0.022957,0.016024,0.015921,0.070207,0.001086,neutron,pi+,solid
126,11.0,0.075488,0.760687,0.374823,1.184476,0.677279,AUT,938935.492191,0.026583,0.018233,0.018111,0.070207,0.001103,neutron,pi+,solid
127,11.0,0.085551,0.712718,0.374328,1.257953,0.682064,AUT,867506.787765,0.030973,0.020509,0.020585,0.070207,0.001119,neutron,pi+,solid
128,11.0,0.096681,0.673799,0.373793,1.343822,0.687552,AUT,848436.363959,0.036076,0.023271,0.023142,0.070207,0.001136,neutron,pi+,solid
129,11.0,0.110197,0.631378,0.373143,1.435003,0.693735,AUT,823228.166296,0.045664,0.028145,0.028158,0.070207,0.001158,neutron,pi+,solid
130,11.0,0.127660,0.581726,0.372623,1.530900,0.697158,AUT,872981.914288,0.066873,0.038953,0.038804,0.070207,0.001189,neutron,pi+,solid
131,11.0,0.156714,0.504612,0.373006,1.625726,0.693078,AUT,1129536.161651,0.098282,0.054649,0.054553,0.070207,0.001242,neutron,pi+,solid
132,11.0,0.214733,0.400866,0.374269,1.758314,0.674976,AUT,984492.628001,0.153079,0.083060,0.082745,0.070207,0.001350,neutron,pi+,solid
133,11.0,0.103611,0.686480,0.377697,1.417597,0.864828,AUT,1531070.762619,0.045784,0.026897,0.026862,0.070207,0.001148,neutron,pi+,solid
134,11.0,0.107711,0.577839,0.422990,1.280856,0.151827,AUT,3925739.348387,0.005775,0.005338,0.005327,0.070207,0.001158,neutron,pi+,solid
135,11.0,0.134277,0.541677,0.423522,1.500349,0.134411,AUT,3881826.396315,0.005206,0.005144,0.005134,0.070207,0.001206,neutron,pi+,solid
136,11.0,0.152304,0.508903,0.423689,1.598946,0.125671,AUT,3761521.787561,0.005325,0.005313,0.005323,0.070207,0.001240,neutron,pi+,solid
137,11.0,0.169599,0.476101,0.423999,1.665747,0.118220,AUT,3723586.220296,0.005507,0.005497,0.005498,0.070207,0.001274,neutron,pi+,solid
138,11.0,0.189176,0.441449,0.424082,1.722455,0.111851,AUT,3692402.925354,0.005726,0.005717,0.005707,0.070207,0.001312,neutron,pi+,solid
139,11.0,0.216681,0.396640,0.424151,1.770832,0.108849,AUT,3612949.524353,0.006028,0.006022,0.006012,0.070207,0.001365,neutron,pi+,solid
140,11.0,0.259344,0.342422,0.423772,1.827674,0.125223,AUT,2239916.674663,0.008546,0.008350,0.008355,0.070207,0.001444,neutron,pi+,solid
141,11.0,0.074730,0.719306,0.422546,1.106394,0.329797,AUT,2982432.807680,0.009143,0.007316,0.007322,0.070207,0.001105,neutron,pi+,solid
142,11.0,0.085881,0.667201,0.423288,1.182486,0.312833,AUT,2796564.365354,0.007969,0.006835,0.006859,0.070207,0.001123,neutron,pi+,solid
143,11.0,0.093552,0.651919,0.423459,1.258750,0.308644,AUT,2690026.832742,0.007760,0.006797,0.006820,0.070207,0.001135,neutron,pi+,solid
144,11.0,0.100414,0.639555,0.423667,1.325508,0.305417,AUT,2606620.835258,0.007583,0.006772,0.006786,0.070207,0.001146,neutron,pi+,solid
145,11.0,0.106987,0.629666,0.423796,1.390460,0.301639,AUT,2646070.050082,0.007289,0.006623,0.006639,0.070207,0.001158,neutron,pi+,solid
146,11.0,0.113532,0.620160,0.423947,1.453270,0.298242,AUT,2558433.839222,0.007209,0.006645,0.006681,0.070207,0.001169,neutron,pi+,solid
147,11.0,0.120036,0.612218,0.424061,1.516872,0.294640,AUT,2493695.133418,0.007098,0.006686,0.006664,0.070207,0.001181,neutron,pi+,solid
148,11.0,0.126559,0.603650,0.424052,1.576880,0.291025,AUT,2418761.335775,0.007054,0.006722,0.006724,0.070207,0.001193,neutron,pi+,solid
149,11.0,0.133310,0.588733,0.424276,1.619865,0.287024,AUT,2318023.372423,0.007026,0.006807,0.006809,0.070207,0.001205,neutron,pi+,solid
150,11.0,0.140632,0.572604,0.424472,1.661985,0.282774,AUT,2165247.061930,0.007115,0.006992,0.007003,0.070207,0.001219,neutron,pi+,solid
151,11.0,0.148940,0.554382,0.424634,1.704089,0.277279,AUT,2025739.509063,0.007274,0.007229,0.007243,0.070207,0.001235,neutron,pi+,solid
152,11.0,0.159037,0.530944,0.424960,1.742478,0.268770,AUT,1792383.523481,0.007851,0.007816,0.007805,0.070207,0.001255,neutron,pi+,solid
153,11.0,0.172356,0.498396,0.425440,1.772013,0.257686,AUT,1443065.436057,0.009868,0.009359,0.009353,0.070207,0.001280,neutron,pi+,solid
154,11.0,0.192525,0.448363,0.425791,1.779100,0.249200,AUT,1020280.922980,0.019676,0.015370,0.015296,0.070207,0.001319,neutron,pi+,solid
155,11.0,0.230704,0.378011,0.426124,1.793393,0.241580,AUT,885362.263448,0.014638,0.014077,0.013912,0.070207,0.001392,neutron,pi+,solid
156,11.0,0.277530,0.324327,0.426340,1.856275,0.238439,AUT,418950.763279,0.021226,0.022021,0.021803,0.070207,0.001479,neutron,pi+,solid
157,11.0,0.065426,0.800622,0.423671,1.079082,0.494363,AUT,1913064.532474,0.012953,0.009914,0.009984,0.070207,0.001090,neutron,pi+,solid
158,11.0,0.074614,0.743253,0.424238,1.144328,0.490601,AUT,1756022.453770,0.012391,0.009816,0.009858,0.070207,0.001105,neutron,pi+,solid
159,11.0,0.081019,0.716307,0.424417,1.197736,0.484400,AUT,1647575.003271,0.012012,0.009824,0.009802,0.070207,0.001115,neutron,pi+,solid
160,11.0,0.086909,0.703978,0.424708,1.262866,0.480537,AUT,1561755.891096,0.011744,0.009801,0.009802,0.070207,0.001124,neutron,pi+,solid
161,11.0,0.092804,0.697747,0.424943,1.336575,0.477793,AUT,1431480.445671,0.011861,0.010095,0.010053,0.070207,0.001134,neutron,pi+,solid
162,11.0,0.098793,0.692803,0.425106,1.412784,0.475925,AUT,1320733.100270,0.011884,0.010259,0.010283,0.070207,0.001144,neutron,pi+,solid
163,11.0,0.105255,0.690028,0.425237,1.499177,0.474457,AUT,1286359.879789,0.011637,0.010234,0.010262,0.070207,0.001155,neutron,pi+,solid
164,11.0,0.112363,0.685890,0.425344,1.590811,0.472415,AUT,1153510.046364,0.011984,0.010698,0.010674,0.070207,0.001168,neutron,pi+,solid
165,11.0,0.120120,0.682910,0.425509,1.693220,0.470380,AUT,1033888.633695,0.012292,0.011153,0.011164,0.070207,0.001182,neutron,pi+,solid
166,11.0,0.128473,0.673711,0.425783,1.786352,0.465776,AUT,857893.821389,0.012930,0.012038,0.012056,0.070207,0.001198,neutron,pi+,solid
167,11.0,0.138360,0.646088,0.426806,1.844485,0.452627,AUT,561912.920240,0.014548,0.014282,0.014333,0.070207,0.001217,neutron,pi+,solid
168,11.0,0.151529,0.601675,0.428338,1.880186,0.436806,AUT,197831.116980,0.024185,0.024264,0.024384,0.070207,0.001242,neutron,pi+,solid
169,11.0,0.173278,0.526976,0.429208,1.880354,0.435063,AUT,22194.119716,0.137889,0.105298,0.105459,0.070207,0.001284,neutron,pi+,solid
170,11.0,0.241093,0.337914,0.408714,1.668816,0.581585,AUT,3913.971057,0.865102,0.526097,0.545813,0.070207,0.001405,neutron,pi+,solid
171,11.0,0.065564,0.806329,0.424347,1.089008,0.687562,AUT,1182963.882132,0.019492,0.014184,0.014211,0.070207,0.001091,neutron,pi+,solid
172,11.0,0.077385,0.758318,0.424954,1.210718,0.683237,AUT,913301.167738,0.020776,0.015474,0.015406,0.070207,0.001109,neutron,pi+,solid
173,11.0,0.088147,0.726137,0.424562,1.320694,0.686192,AUT,773979.576272,0.023037,0.016963,0.017021,0.070207,0.001126,neutron,pi+,solid
174,11.0,0.100419,0.692887,0.424259,1.435326,0.690154,AUT,644535.956252,0.025623,0.018861,0.018753,0.070207,0.001147,neutron,pi+,solid
175,11.0,0.115481,0.641124,0.423386,1.526424,0.700423,AUT,532589.204389,0.030085,0.021776,0.021717,0.070207,0.001173,neutron,pi+,solid
176,11.0,0.136981,0.545577,0.421110,1.537675,0.723199,AUT,469098.613392,0.054282,0.034445,0.034554,0.070207,0.001211,neutron,pi+,solid
177,11.0,0.183776,0.438957,0.421078,1.649978,0.722505,AUT,711650.798067,0.159221,0.087127,0.086899,0.070207,0.001299,neutron,pi+,solid
178,11.0,0.241945,0.361661,0.418617,1.803660,0.694585,AUT,139083.378127,0.514497,0.275764,0.274377,0.070207,0.001411,neutron,pi+,solid
179,11.0,0.083620,0.723011,0.425456,1.229845,0.875460,AUT,1129475.052744,0.039475,0.024304,0.024272,0.070207,0.001119,neutron,pi+,solid
180,11.0,0.145944,0.556012,0.425948,1.635917,0.868469,AUT,971679.796174,0.089958,0.050687,0.050642,0.070207,0.001228,neutron,pi+,solid
181,11.0,0.117158,0.558634,0.473093,1.345796,0.145971,AUT,3983515.748971,0.005399,0.005155,0.005152,0.070207,0.001179,neutron,pi+,solid
182,11.0,0.148800,0.512856,0.473608,1.573305,0.128146,AUT,3888176.093471,0.005248,0.005239,0.005229,0.070207,0.001240,neutron,pi+,solid
183,11.0,0.172904,0.467932,0.473877,1.668245,0.119693,AUT,3839006.470611,0.005483,0.005480,0.005465,0.070207,0.001287,neutron,pi+,solid
184,11.0,0.201976,0.419672,0.474071,1.746104,0.113797,AUT,3918230.981872,0.005695,0.005694,0.005666,0.070207,0.001345,neutron,pi+,solid
185,11.0,0.248153,0.355771,0.473751,1.813777,0.123722,AUT,2557359.609382,0.007583,0.007562,0.007554,0.070207,0.001433,neutron,pi+,solid
186,11.0,0.080187,0.682336,0.472808,1.125952,0.326284,AUT,3164872.674251,0.008133,0.006750,0.006743,0.070207,0.001116,neutron,pi+,solid
187,11.0,0.094258,0.642998,0.473397,1.250674,0.312315,AUT,2900540.860689,0.007351,0.006493,0.006506,0.070207,0.001140,neutron,pi+,solid
188,11.0,0.104700,0.625027,0.473625,1.350544,0.307861,AUT,2871749.468827,0.006983,0.006359,0.006358,0.070207,0.001157,neutron,pi+,solid
189,11.0,0.114332,0.610451,0.473661,1.440479,0.303149,AUT,2814634.645430,0.006791,0.006320,0.006323,0.070207,0.001175,neutron,pi+,solid
190,11.0,0.123528,0.598217,0.473989,1.525148,0.298515,AUT,2689067.740888,0.006705,0.006380,0.006384,0.070207,0.001192,neutron,pi+,solid
191,11.0,0.132743,0.580742,0.474187,1.590934,0.293094,AUT,2619100.921529,0.006587,0.006392,0.006407,0.070207,0.001209,neutron,pi+,solid
192,11.0,0.142753,0.559031,0.474356,1.646901,0.287345,AUT,2454989.762585,0.006654,0.006568,0.006591,0.070207,0.001229,neutron,pi+,solid
193,11.0,0.154461,0.534114,0.474544,1.702319,0.280314,AUT,2258808.875353,0.006943,0.006924,0.006927,0.070207,0.001252,neutron,pi+,solid
194,11.0,0.169812,0.500361,0.474986,1.752503,0.268643,AUT,1906637.696652,0.008167,0.007942,0.007957,0.070207,0.001282,neutron,pi+,solid
195,11.0,0.193937,0.443680,0.475289,1.772086,0.257959,AUT,1410761.877974,0.014309,0.011863,0.011832,0.070207,0.001330,neutron,pi+,solid
196,11.0,0.249754,0.354079,0.475469,1.812435,0.250934,AUT,1447488.457213,0.009870,0.010232,0.010109,0.070207,0.001436,neutron,pi+,solid
197,11.0,0.308665,0.311422,0.474482,1.984206,0.256848,AUT,5054.544295,0.289789,0.242507,0.244574,0.070207,0.001549,neutron,pi+,solid
198,11.0,0.068557,0.777039,0.473655,1.096494,0.499538,AUT,2222702.798959,0.011505,0.008928,0.008992,0.070207,0.001098,neutron,pi+,solid
199,11.0,0.079819,0.713648,0.474149,1.175257,0.491805,AUT,1982251.450986,0.010789,0.008843,0.008846,0.070207,0.001116,neutron,pi+,solid
200,11.0,0.087815,0.690120,0.474429,1.250811,0.486628,AUT,1831306.643739,0.010538,0.008885,0.008877,0.070207,0.001129,neutron,pi+,solid
201,11.0,0.095742,0.679543,0.474686,1.342836,0.482813,AUT,1811418.092921,0.010141,0.008716,0.008738,0.070207,0.001142,neutron,pi+,solid
202,11.0,0.103892,0.672580,0.474736,1.442312,0.480068,AUT,1579050.382264,0.010349,0.009130,0.009143,0.070207,0.001157,neutron,pi+,solid
203,11.0,0.112449,0.667372,0.474930,1.549014,0.477940,AUT,1442417.764648,0.010397,0.009391,0.009384,0.070207,0.001172,neutron,pi+,solid
204,11.0,0.122041,0.662819,0.475119,1.669634,0.475747,AUT,1342167.419184,0.010365,0.009545,0.009584,0.070207,0.001190,neutron,pi+,solid
205,11.0,0.132911,0.646260,0.475437,1.772408,0.470178,AUT,1065112.796609,0.011038,0.010516,0.010522,0.070207,0.001212,neutron,pi+,solid
206,11.0,0.146860,0.607416,0.476491,1.839643,0.453282,AUT,610808.039448,0.013307,0.013371,0.013366,0.070207,0.001239,neutron,pi+,solid
207,11.0,0.168617,0.538413,0.478439,1.869671,0.435313,AUT,111129.176629,0.057264,0.044721,0.044766,0.070207,0.001282,neutron,pi+,solid
208,11.0,0.211272,0.440084,0.486040,1.912685,0.412886,AUT,2724.387725,2.723790,1.499899,1.530341,0.070207,0.001367,neutron,pi+,solid
209,11.0,0.067490,0.791454,0.474443,1.099597,0.685245,AUT,1239487.369457,0.017107,0.012910,0.012936,0.070207,0.001096,neutron,pi+,solid
210,11.0,0.080867,0.745237,0.475238,1.243600,0.677551,AUT,1001376.148286,0.016961,0.013367,0.013417,0.070207,0.001118,neutron,pi+,solid
211,11.0,0.093677,0.730370,0.475211,1.411933,0.676983,AUT,777688.466338,0.018341,0.014784,0.014832,0.070207,0.001139,neutron,pi+,solid
212,11.0,0.108833,0.710335,0.475467,1.594954,0.675091,AUT,593496.600532,0.019862,0.016457,0.016550,0.070207,0.001166,neutron,pi+,solid
213,11.0,0.127733,0.647365,0.474561,1.699898,0.686162,AUT,320665.637509,0.026074,0.021845,0.021953,0.070207,0.001201,neutron,pi+,solid
214,11.0,0.178927,0.434969,0.468362,1.591290,0.754226,AUT,229822.452201,0.136038,0.078977,0.079319,0.070207,0.001296,neutron,pi+,solid
215,11.0,0.233992,0.377528,0.463732,1.822840,0.741413,AUT,20615.588356,1.357843,0.730515,0.726478,0.070207,0.001406,neutron,pi+,solid
216,11.0,0.076708,0.756151,0.475308,1.184943,0.876752,AUT,993464.166402,0.028841,0.019169,0.019155,0.070207,0.001111,neutron,pi+,solid
217,11.0,0.130922,0.575078,0.473935,1.525092,0.887353,AUT,1036598.326861,0.064008,0.037093,0.037112,0.070207,0.001205,neutron,pi+,solid
218,11.0,0.197532,0.439229,0.472780,1.787900,0.863254,AUT,122997.556612,0.380246,0.208317,0.207510,0.070207,0.001336,neutron,pi+,solid
219,11.0,0.103562,0.681844,0.477394,1.412573,1.076625,AUT,470167.684405,0.082496,0.048935,0.048678,0.070207,0.001156,neutron,pi+,solid
220,11.0,0.127387,0.540491,0.523471,1.414547,0.139989,AUT,4094794.104142,0.005169,0.005055,0.005048,0.070207,0.001203,neutron,pi+,solid
221,11.0,0.166239,0.478800,0.523727,1.639616,0.123106,AUT,3964047.660142,0.005358,0.005353,0.005354,0.070207,0.001281,neutron,pi+,solid
222,11.0,0.204755,0.414975,0.523886,1.747264,0.117729,AUT,3999884.218168,0.005655,0.005656,0.005649,0.070207,0.001359,neutron,pi+,solid
223,11.0,0.257055,0.345400,0.523668,1.827096,0.129864,AUT,1259256.636249,0.011468,0.011212,0.011220,0.070207,0.001462,neutron,pi+,solid
224,11.0,0.085709,0.655783,0.523136,1.156806,0.323659,AUT,3163922.039302,0.007677,0.006540,0.006536,0.070207,0.001128,neutron,pi+,solid
225,11.0,0.103914,0.620086,0.523630,1.329469,0.311039,AUT,3084530.905724,0.006698,0.006102,0.006116,0.070207,0.001160,neutron,pi+,solid
226,11.0,0.117984,0.598295,0.523825,1.456701,0.305284,AUT,2976026.399418,0.006463,0.006088,0.006104,0.070207,0.001186,neutron,pi+,solid
227,11.0,0.131047,0.577132,0.523945,1.560608,0.298662,AUT,2896091.398475,0.006310,0.006115,0.006114,0.070207,0.001212,neutron,pi+,solid
228,11.0,0.144776,0.547984,0.524169,1.636862,0.291417,AUT,2714739.912966,0.006345,0.006280,0.006310,0.070207,0.001239,neutron,pi+,solid
229,11.0,0.161384,0.513403,0.524480,1.708962,0.281875,AUT,2407134.162275,0.006881,0.006843,0.006857,0.070207,0.001273,neutron,pi+,solid
230,11.0,0.186145,0.459351,0.524839,1.760666,0.268310,AUT,1909844.554997,0.009980,0.009000,0.008953,0.070207,0.001323,neutron,pi+,solid
231,11.0,0.244219,0.361162,0.525200,1.804996,0.262325,AUT,1787056.012290,0.008878,0.009063,0.008984,0.070207,0.001436,neutron,pi+,solid
232,11.0,0.072050,0.753009,0.523547,1.115799,0.502823,AUT,2413579.054736,0.010365,0.008304,0.008273,0.070207,0.001106,neutron,pi+,solid
233,11.0,0.085555,0.688213,0.524129,1.214913,0.493421,AUT,2132549.199255,0.009682,0.008161,0.008198,0.070207,0.001128,neutron,pi+,solid
234,11.0,0.095938,0.668352,0.524459,1.323284,0.488478,AUT,2025042.266832,0.009408,0.008171,0.008158,0.070207,0.001146,neutron,pi+,solid
235,11.0,0.106442,0.656518,0.524555,1.442306,0.484415,AUT,1856977.901490,0.009255,0.008273,0.008296,0.070207,0.001166,neutron,pi+,solid
236,11.0,0.117783,0.648594,0.524786,1.576753,0.480923,AUT,1683027.237753,0.009209,0.008455,0.008516,0.070207,0.001187,neutron,pi+,solid
237,11.0,0.130542,0.635240,0.525018,1.711066,0.477322,AUT,1435303.780718,0.009452,0.008980,0.009006,0.070207,0.001213,neutron,pi+,solid
238,11.0,0.146841,0.595801,0.525786,1.803892,0.463231,AUT,930913.455255,0.010854,0.010828,0.010830,0.070207,0.001245,neutron,pi+,solid
239,11.0,0.173268,0.518598,0.527381,1.847075,0.441188,AUT,198829.520145,0.040649,0.032357,0.032345,0.070207,0.001298,neutron,pi+,solid
240,11.0,0.241632,0.383952,0.533399,1.899450,0.415827,AUT,8282.174101,0.230262,0.179420,0.181024,0.070207,0.001435,neutron,pi+,solid
241,11.0,0.070085,0.775013,0.524716,1.117057,0.685949,AUT,1487025.040417,0.014650,0.011308,0.011306,0.070207,0.001102,neutron,pi+,solid
242,11.0,0.085890,0.727947,0.525293,1.290376,0.676371,AUT,1108240.195985,0.014695,0.012049,0.012097,0.070207,0.001129,neutron,pi+,solid
243,11.0,0.101425,0.719358,0.525697,1.505842,0.672640,AUT,879547.088102,0.015357,0.013131,0.013113,0.070207,0.001157,neutron,pi+,solid
244,11.0,0.120682,0.706442,0.526080,1.758703,0.665710,AUT,603243.189026,0.016914,0.015245,0.015211,0.070207,0.001195,neutron,pi+,solid
245,11.0,0.149695,0.584917,0.523688,1.774288,0.682149,AUT,79061.424332,0.040359,0.038444,0.038867,0.070207,0.001250,neutron,pi+,solid
246,11.0,0.215608,0.389754,0.506907,1.734986,0.776561,AUT,1584.730314,4.211555,2.367089,2.366510,0.070207,0.001377,neutron,pi+,solid
247,11.0,0.074914,0.769084,0.524834,1.180701,0.885458,AUT,919881.689387,0.023463,0.016751,0.016755,0.070207,0.001111,neutron,pi+,solid
248,11.0,0.118313,0.606103,0.523023,1.457957,0.900552,AUT,633270.644339,0.041452,0.027000,0.026883,0.070207,0.001187,neutron,pi+,solid
249,11.0,0.175170,0.467519,0.520468,1.685523,0.893101,AUT,166627.518547,0.325066,0.178139,0.177742,0.070207,0.001299,neutron,pi+,solid
250,11.0,0.101734,0.677786,0.525964,1.375880,1.099012,AUT,666407.688497,0.061213,0.036847,0.036629,0.070207,0.001157,neutron,pi+,solid
251,11.0,0.137485,0.522172,0.573591,1.472258,0.135060,AUT,4130106.975942,0.005109,0.005069,0.005055,0.070207,0.001230,neutron,pi+,solid
252,11.0,0.188378,0.440240,0.573893,1.704641,0.121498,AUT,4032873.066122,0.005540,0.005536,0.005536,0.070207,0.001336,neutron,pi+,solid
253,11.0,0.242991,0.362465,0.573780,1.808807,0.125429,AUT,1639032.343916,0.009480,0.009468,0.009466,0.070207,0.001447,neutron,pi+,solid
254,11.0,0.091929,0.634401,0.573300,1.200100,0.321545,AUT,3261167.132395,0.007107,0.006201,0.006236,0.070207,0.001143,neutron,pi+,solid
255,11.0,0.115354,0.596618,0.573699,1.419637,0.309259,AUT,3207702.448820,0.006262,0.005877,0.005896,0.070207,0.001187,neutron,pi+,solid
256,11.0,0.133750,0.566247,0.573921,1.562182,0.300702,AUT,2987479.898339,0.006158,0.006015,0.006034,0.070207,0.001224,neutron,pi+,solid
257,11.0,0.152998,0.525377,0.574175,1.657616,0.290955,AUT,2805474.476037,0.006277,0.006265,0.006271,0.070207,0.001263,neutron,pi+,solid
258,11.0,0.179975,0.470309,0.574615,1.742416,0.277065,AUT,2355857.631279,0.007968,0.007567,0.007551,0.070207,0.001320,neutron,pi+,solid
259,11.0,0.238812,0.368128,0.574421,1.798234,0.269289,AUT,1872991.361091,0.008747,0.008866,0.008786,0.070207,0.001437,neutron,pi+,solid
260,11.0,0.076241,0.724966,0.573660,1.135817,0.505076,AUT,2563007.461524,0.009525,0.007737,0.007756,0.070207,0.001116,neutron,pi+,solid
261,11.0,0.092785,0.666651,0.573992,1.276211,0.494789,AUT,2264421.791334,0.008882,0.007695,0.007693,0.070207,0.001145,neutron,pi+,solid
262,11.0,0.106544,0.646127,0.574345,1.420613,0.488580,AUT,2128483.859130,0.008496,0.007642,0.007684,0.070207,0.001171,neutron,pi+,solid
263,11.0,0.121350,0.632907,0.574646,1.585029,0.484147,AUT,1930426.274389,0.008377,0.007807,0.007844,0.070207,0.001200,neutron,pi+,solid
264,11.0,0.138778,0.603992,0.574956,1.728646,0.476698,AUT,1501166.602093,0.008794,0.008618,0.008617,0.070207,0.001236,neutron,pi+,solid
265,11.0,0.163684,0.539840,0.576043,1.816399,0.456028,AUT,616344.371384,0.015057,0.014328,0.014327,0.070207,0.001288,neutron,pi+,solid
266,11.0,0.227415,0.398093,0.578261,1.852856,0.425552,AUT,54449.315374,0.088673,0.071679,0.070321,0.070207,0.001417,neutron,pi+,solid
267,11.0,0.072317,0.760543,0.574554,1.129921,0.688332,AUT,1641113.680493,0.013245,0.010412,0.010416,0.070207,0.001109,neutron,pi+,solid
268,11.0,0.090979,0.707831,0.575188,1.328960,0.678972,AUT,1326586.920976,0.012751,0.010692,0.010761,0.070207,0.001142,neutron,pi+,solid
269,11.0,0.110825,0.699430,0.575389,1.599681,0.675060,AUT,1014681.102505,0.013410,0.011795,0.011831,0.070207,0.001181,neutron,pi+,solid
270,11.0,0.132801,0.673615,0.576434,1.842879,0.662052,AUT,391692.742180,0.018138,0.017552,0.017555,0.070207,0.001226,neutron,pi+,solid
271,11.0,0.177155,0.511475,0.579170,1.865941,0.646757,AUT,473.778120,0.675192,0.685554,0.661685,0.070207,0.001317,neutron,pi+,solid
272,11.0,0.076302,0.768831,0.574823,1.204017,0.884672,AUT,936149.687690,0.019611,0.014822,0.014885,0.070207,0.001116,neutron,pi+,solid
273,11.0,0.119174,0.636909,0.573077,1.535501,0.899259,AUT,393825.688045,0.032149,0.024008,0.024043,0.070207,0.001195,neutron,pi+,solid
274,11.0,0.187927,0.475597,0.560099,1.844569,0.931690,AUT,4067.095390,2.161818,1.197780,1.189926,0.070207,0.001334,neutron,pi+,solid
275,11.0,0.095489,0.699424,0.575004,1.337762,1.113789,AUT,726584.234570,0.048255,0.029787,0.029750,0.070207,0.001150,neutron,pi+,solid
276,11.0,0.149040,0.501972,0.623574,1.529261,0.131933,AUT,4250122.745455,0.005114,0.005103,0.005107,0.070207,0.001262,neutron,pi+,solid
277,11.0,0.214596,0.401450,0.623478,1.762813,0.123391,AUT,2958040.947406,0.006775,0.006786,0.006788,0.070207,0.001401,neutron,pi+,solid
278,11.0,0.099147,0.615632,0.623405,1.255397,0.319560,AUT,3415079.199606,0.006598,0.005930,0.005958,0.070207,0.001162,neutron,pi+,solid
279,11.0,0.128899,0.569795,0.623757,1.514108,0.305972,AUT,3232619.415749,0.005983,0.005807,0.005820,0.070207,0.001221,neutron,pi+,solid
280,11.0,0.155054,0.517887,0.624151,1.654654,0.293424,AUT,2957165.505025,0.006170,0.006149,0.006182,0.070207,0.001277,neutron,pi+,solid
281,11.0,0.196493,0.435402,0.624537,1.752442,0.277434,AUT,2484205.325381,0.007975,0.007627,0.007591,0.070207,0.001365,neutron,pi+,solid
282,11.0,0.253019,0.352411,0.621461,1.838145,0.270216,AUT,528092.744339,0.017502,0.017533,0.017484,0.070207,0.001482,neutron,pi+,solid
283,11.0,0.080999,0.699144,0.623647,1.163465,0.505638,AUT,2652227.884814,0.008848,0.007384,0.007390,0.070207,0.001128,neutron,pi+,solid
284,11.0,0.101747,0.645514,0.624107,1.354855,0.494584,AUT,2370521.211171,0.008141,0.007265,0.007285,0.070207,0.001167,neutron,pi+,solid
285,11.0,0.120476,0.622877,0.624396,1.548378,0.487741,AUT,2176111.163903,0.007828,0.007342,0.007358,0.070207,0.001205,neutron,pi+,solid
286,11.0,0.142558,0.585345,0.624813,1.719759,0.478759,AUT,1650277.476001,0.008282,0.008164,0.008199,0.070207,0.001252,neutron,pi+,solid
287,11.0,0.180173,0.491908,0.625774,1.808150,0.453280,AUT,536048.228908,0.019969,0.017583,0.017591,0.070207,0.001331,neutron,pi+,solid
288,11.0,0.075499,0.742941,0.624300,1.150900,0.689880,AUT,1864012.263991,0.011878,0.009492,0.009544,0.070207,0.001119,neutron,pi+,solid
289,11.0,0.098208,0.688484,0.624929,1.395259,0.681104,AUT,1454043.419368,0.011455,0.009881,0.009921,0.070207,0.001161,neutron,pi+,solid
290,11.0,0.123379,0.673480,0.625386,1.713197,0.674538,AUT,994480.038056,0.012288,0.011385,0.011380,0.070207,0.001213,neutron,pi+,solid
291,11.0,0.151742,0.602472,0.627806,1.883347,0.647124,AUT,74707.442521,0.040864,0.040335,0.040882,0.070207,0.001275,neutron,pi+,solid
292,11.0,0.078549,0.762517,0.625284,1.229991,0.880475,AUT,1024607.118458,0.017005,0.013405,0.013453,0.070207,0.001125,neutron,pi+,solid
293,11.0,0.114608,0.712376,0.625684,1.680549,0.872711,AUT,267145.142841,0.027557,0.023847,0.023767,0.070207,0.001196,neutron,pi+,solid
294,11.0,0.086844,0.732319,0.624166,1.284685,1.126453,AUT,648283.403820,0.036261,0.024111,0.024059,0.070207,0.001139,neutron,pi+,solid
295,11.0,0.162410,0.479513,0.673704,1.583472,0.129796,AUT,4185918.723986,0.005300,0.005292,0.005287,0.070207,0.001300,neutron,pi+,solid
296,11.0,0.228013,0.385280,0.671779,1.809751,0.119903,AUT,834059.583803,0.013162,0.013214,0.013214,0.070207,0.001446,neutron,pi+,solid
297,11.0,0.107470,0.597348,0.673504,1.319068,0.316830,AUT,3490487.372310,0.006239,0.005750,0.005758,0.070207,0.001185,neutron,pi+,solid
298,11.0,0.146102,0.532117,0.673902,1.600183,0.300665,AUT,3248085.159786,0.005911,0.005881,0.005881,0.070207,0.001268,neutron,pi+,solid
299,11.0,0.193668,0.442587,0.673468,1.753249,0.280603,AUT,2548127.585257,0.007608,0.007400,0.007371,0.070207,0.001371,neutron,pi+,solid
300,11.0,0.086784,0.675176,0.673619,1.203449,0.505672,AUT,2767527.522098,0.008189,0.006989,0.007025,0.070207,0.001144,neutron,pi+,solid
301,11.0,0.113816,0.622251,0.674192,1.460510,0.493581,AUT,2504891.345635,0.007444,0.006868,0.006917,0.070207,0.001199,neutron,pi+,solid
302,11.0,0.140974,0.578975,0.674613,1.681082,0.483101,AUT,1937546.071308,0.007698,0.007590,0.007603,0.070207,0.001258,neutron,pi+,solid
303,11.0,0.180012,0.487945,0.674700,1.800357,0.459427,AUT,519573.186102,0.020985,0.018331,0.018167,0.070207,0.001344,neutron,pi+,solid
304,11.0,0.079303,0.724288,0.674151,1.177398,0.692218,AUT,2009847.958858,0.010911,0.008886,0.008939,0.070207,0.001130,neutron,pi+,solid
305,11.0,0.107594,0.670662,0.674891,1.488924,0.682558,AUT,1540264.682900,0.010437,0.009347,0.009349,0.070207,0.001187,neutron,pi+,solid
306,11.0,0.136794,0.637292,0.675622,1.793558,0.671309,AUT,577136.843681,0.014461,0.014165,0.014217,0.070207,0.001251,neutron,pi+,solid
307,11.0,0.081478,0.750201,0.675143,1.254355,0.881406,AUT,1162978.391959,0.015221,0.012223,0.012263,0.070207,0.001135,neutron,pi+,solid
308,11.0,0.119489,0.713141,0.676151,1.756657,0.867924,AUT,248305.347124,0.026112,0.023819,0.023684,0.070207,0.001215,neutron,pi+,solid
309,11.0,0.080231,0.768604,0.674394,1.261514,1.128125,AUT,530878.489710,0.029029,0.021153,0.021417,0.070207,0.001133,neutron,pi+,solid
310,11.0,0.157011,0.662041,0.323096,2.140637,0.147652,AUT,2082534.795928,0.008316,0.007730,0.007766,0.070207,0.001237,neutron,pi+,solid
311,11.0,0.176998,0.608677,0.323444,2.222996,0.132503,AUT,2144215.174069,0.007410,0.007339,0.007315,0.070207,0.001275,neutron,pi+,solid
312,11.0,0.189667,0.580795,0.323691,2.273458,0.125840,AUT,2139268.883331,0.007406,0.007378,0.007402,0.070207,0.001298,neutron,pi+,solid
313,11.0,0.200062,0.561896,0.323810,2.320160,0.120914,AUT,2122860.700207,0.007532,0.007521,0.007514,0.070207,0.001317,neutron,pi+,solid
314,11.0,0.209384,0.546086,0.323798,2.360013,0.116729,AUT,2070264.303465,0.007724,0.007723,0.007732,0.070207,0.001335,neutron,pi+,solid
315,11.0,0.218114,0.533351,0.324066,2.401146,0.113010,AUT,2040519.604178,0.007919,0.007891,0.007897,0.070207,0.001351,neutron,pi+,solid
316,11.0,0.226682,0.520681,0.323949,2.436162,0.109904,AUT,2024903.888679,0.008095,0.008030,0.008051,0.070207,0.001366,neutron,pi+,solid
317,11.0,0.235411,0.506358,0.324174,2.460356,0.107308,AUT,2034986.902149,0.008208,0.008148,0.008139,0.070207,0.001382,neutron,pi+,solid
318,11.0,0.244641,0.490639,0.324229,2.477376,0.105328,AUT,2047337.025093,0.008304,0.008230,0.008221,0.070207,0.001399,neutron,pi+,solid
319,11.0,0.254661,0.472895,0.324278,2.485552,0.103221,AUT,2011790.778322,0.008528,0.008420,0.008390,0.070207,0.001416,neutron,pi+,solid
320,11.0,0.265754,0.455220,0.324176,2.496810,0.102183,AUT,1968627.858338,0.008651,0.008608,0.008594,0.070207,0.001436,neutron,pi+,solid
321,11.0,0.278576,0.434209,0.324246,2.496362,0.103647,AUT,2010643.262040,0.008588,0.008615,0.008581,0.070207,0.001458,neutron,pi+,solid
322,11.0,0.293861,0.412406,0.324110,2.500904,0.108158,AUT,2027718.971812,0.008663,0.008732,0.008662,0.070207,0.001484,neutron,pi+,solid
323,11.0,0.313024,0.389957,0.324233,2.519007,0.115809,AUT,2008407.083409,0.009205,0.009148,0.009109,0.070207,0.001517,neutron,pi+,solid
324,11.0,0.347626,0.373828,0.323834,2.680414,0.127860,AUT,2025260.720446,0.011196,0.010421,0.010424,0.070207,0.001578,neutron,pi+,solid
325,11.0,0.140289,0.717616,0.323902,2.076366,0.298319,AUT,1319997.499358,0.011549,0.010287,0.010247,0.070207,0.001207,neutron,pi+,solid
326,11.0,0.152324,0.681465,0.324353,2.142292,0.290792,AUT,1297720.893290,0.010896,0.009970,0.010038,0.070207,0.001229,neutron,pi+,solid
327,11.0,0.160759,0.660901,0.324683,2.192891,0.282359,AUT,1176288.007111,0.010949,0.010295,0.010288,0.070207,0.001245,neutron,pi+,solid
328,11.0,0.168139,0.644816,0.324984,2.237803,0.275191,AUT,1099593.525943,0.010903,0.010464,0.010496,0.070207,0.001259,neutron,pi+,solid
329,11.0,0.175115,0.632165,0.325214,2.284965,0.269122,AUT,1033301.436604,0.010961,0.010688,0.010720,0.070207,0.001272,neutron,pi+,solid
330,11.0,0.182004,0.621230,0.325479,2.333790,0.264050,AUT,959858.694538,0.011159,0.011051,0.011050,0.070207,0.001285,neutron,pi+,solid
331,11.0,0.188884,0.612325,0.325698,2.387328,0.259954,AUT,870883.524522,0.011638,0.011602,0.011614,0.070207,0.001298,neutron,pi+,solid
332,11.0,0.195908,0.604297,0.325800,2.443636,0.256517,AUT,800570.500330,0.012199,0.012168,0.012188,0.070207,0.001311,neutron,pi+,solid
333,11.0,0.203196,0.595844,0.325946,2.499081,0.253233,AUT,715055.140555,0.013197,0.013087,0.013128,0.070207,0.001325,neutron,pi+,solid
334,11.0,0.210907,0.586886,0.326047,2.554897,0.250167,AUT,661226.052074,0.014255,0.013945,0.013962,0.070207,0.001339,neutron,pi+,solid
335,11.0,0.219103,0.577040,0.326156,2.609612,0.247423,AUT,590588.561145,0.015883,0.015289,0.015267,0.070207,0.001354,neutron,pi+,solid
336,11.0,0.227939,0.561297,0.326402,2.640637,0.243604,AUT,508376.743210,0.018933,0.017431,0.017440,0.070207,0.001370,neutron,pi+,solid
337,11.0,0.237794,0.537661,0.326897,2.638647,0.239819,AUT,421217.830726,0.025972,0.021880,0.021860,0.070207,0.001388,neutron,pi+,solid
338,11.0,0.249040,0.507670,0.327123,2.609106,0.236654,AUT,328776.912745,0.042881,0.031963,0.031816,0.070207,0.001408,neutron,pi+,solid
339,11.0,0.262142,0.477057,0.327239,2.580677,0.233683,AUT,280127.015524,0.049709,0.036923,0.036670,0.070207,0.001431,neutron,pi+,solid
340,11.0,0.277707,0.445254,0.327634,2.551446,0.230646,AUT,257314.232123,0.039190,0.032707,0.032599,0.070207,0.001458,neutron,pi+,solid
341,11.0,0.296262,0.413907,0.327765,2.530175,0.228624,AUT,258109.517074,0.029506,0.029684,0.029301,0.070207,0.001490,neutron,pi+,solid
342,11.0,0.319615,0.386658,0.328154,2.550019,0.227703,AUT,288722.510098,0.023690,0.027890,0.027545,0.070207,0.001530,neutron,pi+,solid
343,11.0,0.358248,0.369225,0.328296,2.728757,0.228639,AUT,306508.666049,0.025982,0.029359,0.028872,0.070207,0.001600,neutron,pi+,solid
344,11.0,0.140751,0.723139,0.327480,2.098651,0.448234,AUT,381744.472965,0.021023,0.019344,0.019004,0.070207,0.001209,neutron,pi+,solid
345,11.0,0.159194,0.682298,0.326880,2.241206,0.462820,AUT,145854.592630,0.029359,0.028694,0.028660,0.070207,0.001243,neutron,pi+,solid
346,11.0,0.174449,0.638913,0.322330,2.299457,0.501494,AUT,82584.229107,0.041386,0.038974,0.039266,0.070207,0.001270,neutron,pi+,solid
347,11.0,0.189598,0.585492,0.317992,2.290097,0.537912,AUT,66303.163053,0.056698,0.052113,0.051792,0.070207,0.001297,neutron,pi+,solid
348,11.0,0.204951,0.536864,0.315836,2.270028,0.557864,AUT,64487.459041,0.081050,0.067680,0.067960,0.070207,0.001324,neutron,pi+,solid
349,11.0,0.221327,0.493593,0.314927,2.253788,0.565956,AUT,73610.917425,0.123362,0.085840,0.086533,0.070207,0.001353,neutron,pi+,solid
350,11.0,0.239749,0.455125,0.315317,2.251109,0.568684,AUT,87793.766244,0.278728,0.158885,0.158502,0.070207,0.001386,neutron,pi+,solid
351,11.0,0.262660,0.416327,0.315951,2.255480,0.566325,AUT,120894.108578,0.504016,0.272521,0.271480,0.070207,0.001426,neutron,pi+,solid
352,11.0,0.292578,0.375739,0.316985,2.266832,0.562501,AUT,169707.577174,0.502299,0.269426,0.268151,0.070207,0.001478,neutron,pi+,solid
353,11.0,0.333003,0.356455,0.316100,2.450859,0.564437,AUT,155822.558022,0.611801,0.325942,0.324072,0.070207,0.001548,neutron,pi+,solid
354,11.0,0.161207,0.657154,0.323042,2.175754,0.688275,AUT,629196.438399,0.105371,0.060052,0.059962,0.070207,0.001245,neutron,pi+,solid
355,11.0,0.204906,0.559014,0.323632,2.358137,0.683143,AUT,775749.853160,0.127668,0.070944,0.070811,0.070207,0.001326,neutron,pi+,solid
356,11.0,0.267642,0.455325,0.325277,2.494676,0.668415,AUT,981995.117372,0.161500,0.087588,0.087291,0.070207,0.001437,neutron,pi+,solid
357,11.0,0.345445,0.387312,0.324011,2.760139,0.645886,AUT,86047.938171,0.767664,0.410266,0.407588,0.070207,0.001575,neutron,pi+,solid
358,11.0,0.164629,0.639225,0.373065,2.165683,0.143606,AUT,2209200.356146,0.007701,0.007379,0.007379,0.070207,0.001261,neutron,pi+,solid
359,11.0,0.187884,0.582402,0.373470,2.257705,0.127704,AUT,2250038.630060,0.007268,0.007243,0.007259,0.070207,0.001305,neutron,pi+,solid
360,11.0,0.202561,0.554249,0.373853,2.316940,0.121988,AUT,2150472.939912,0.007580,0.007555,0.007562,0.070207,0.001333,neutron,pi+,solid
361,11.0,0.214912,0.534381,0.373924,2.370275,0.117521,AUT,2145475.922862,0.007720,0.007699,0.007719,0.070207,0.001357,neutron,pi+,solid
362,11.0,0.226636,0.517659,0.373874,2.421372,0.114395,AUT,2169987.651466,0.007847,0.007827,0.007813,0.070207,0.001379,neutron,pi+,solid
363,11.0,0.238491,0.498763,0.373930,2.454938,0.111715,AUT,2169529.625806,0.007993,0.007963,0.007944,0.070207,0.001400,neutron,pi+,solid
364,11.0,0.251138,0.477509,0.374043,2.474893,0.109745,AUT,2167128.542933,0.008137,0.008109,0.008100,0.070207,0.001424,neutron,pi+,solid
365,11.0,0.265445,0.454987,0.374029,2.492374,0.109709,AUT,2113063.119959,0.008366,0.008345,0.008324,0.070207,0.001449,neutron,pi+,solid
366,11.0,0.282701,0.428438,0.373967,2.499225,0.112197,AUT,2157570.532776,0.008355,0.008409,0.008382,0.070207,0.001480,neutron,pi+,solid
367,11.0,0.305435,0.399337,0.373802,2.516385,0.120013,AUT,2154362.470383,0.008805,0.008754,0.008730,0.070207,0.001520,neutron,pi+,solid
368,11.0,0.343138,0.376397,0.373574,2.663577,0.132972,AUT,1743578.602266,0.012110,0.011214,0.011268,0.070207,0.001588,neutron,pi+,solid
369,11.0,0.144218,0.704348,0.373572,2.094101,0.300638,AUT,1519572.195864,0.010299,0.009360,0.009335,0.070207,0.001222,neutron,pi+,solid
370,11.0,0.159045,0.661705,0.373972,2.171816,0.295008,AUT,1454624.064624,0.009880,0.009267,0.009300,0.070207,0.001251,neutron,pi+,solid
371,11.0,0.169426,0.637678,0.374401,2.229821,0.287201,AUT,1367872.085081,0.009758,0.009391,0.009425,0.070207,0.001270,neutron,pi+,solid
372,11.0,0.178621,0.620696,0.374705,2.288330,0.279621,AUT,1269158.959331,0.009870,0.009699,0.009698,0.070207,0.001288,neutron,pi+,solid
373,11.0,0.187287,0.607302,0.374869,2.347642,0.274154,AUT,1157270.617090,0.010210,0.010130,0.010159,0.070207,0.001305,neutron,pi+,solid
374,11.0,0.195953,0.596260,0.375053,2.411639,0.269387,AUT,1101069.270630,0.010464,0.010454,0.010475,0.070207,0.001322,neutron,pi+,solid
375,11.0,0.205033,0.585835,0.375233,2.479244,0.265378,AUT,1001587.654182,0.011261,0.011170,0.011186,0.070207,0.001339,neutron,pi+,solid
376,11.0,0.214563,0.574501,0.375362,2.544273,0.261144,AUT,898391.791495,0.012444,0.012174,0.012145,0.070207,0.001357,neutron,pi+,solid
377,11.0,0.224642,0.560145,0.375630,2.597076,0.257252,AUT,792399.798498,0.014218,0.013536,0.013543,0.070207,0.001376,neutron,pi+,solid
378,11.0,0.235927,0.536674,0.375784,2.612987,0.251708,AUT,696403.094545,0.017605,0.015786,0.015768,0.070207,0.001397,neutron,pi+,solid
379,11.0,0.249418,0.501890,0.376000,2.582976,0.247398,AUT,584315.450210,0.025461,0.020549,0.020546,0.070207,0.001422,neutron,pi+,solid
380,11.0,0.266164,0.462826,0.376130,2.541601,0.244396,AUT,510540.511107,0.027940,0.023034,0.022848,0.070207,0.001451,neutron,pi+,solid
381,11.0,0.286810,0.422789,0.376570,2.501560,0.240700,AUT,512548.398361,0.020174,0.019683,0.019467,0.070207,0.001488,neutron,pi+,solid
382,11.0,0.312264,0.387739,0.376767,2.497974,0.238140,AUT,573295.822804,0.016704,0.018105,0.017878,0.070207,0.001533,neutron,pi+,solid
383,11.0,0.352278,0.370128,0.376503,2.689802,0.240375,AUT,636230.124477,0.019238,0.019392,0.019305,0.070207,0.001606,neutron,pi+,solid
384,11.0,0.143046,0.714363,0.376335,2.106616,0.457214,AUT,665324.507310,0.016266,0.014698,0.014752,0.070207,0.001221,neutron,pi+,solid
385,11.0,0.162441,0.678375,0.378253,2.274030,0.439622,AUT,332205.618816,0.018962,0.019219,0.019253,0.070207,0.001258,neutron,pi+,solid
386,11.0,0.180064,0.658558,0.379384,2.447192,0.432955,AUT,143912.115642,0.028963,0.029978,0.029930,0.070207,0.001293,neutron,pi+,solid
387,11.0,0.198065,0.638445,0.380059,2.609592,0.430617,AUT,59872.655598,0.061129,0.055721,0.056099,0.070207,0.001328,neutron,pi+,solid
388,11.0,0.217410,0.612100,0.379881,2.745603,0.433953,AUT,26681.082061,0.124207,0.097324,0.097190,0.070207,0.001365,neutron,pi+,solid
389,11.0,0.240293,0.528872,0.374744,2.616131,0.474558,AUT,9255.858190,0.131711,0.163978,0.164831,0.070207,0.001405,neutron,pi+,solid
390,11.0,0.276654,0.376600,0.360287,2.145758,0.576853,AUT,8371.969017,0.300510,0.251103,0.250330,0.070207,0.001463,neutron,pi+,solid
391,11.0,0.312874,0.336592,0.359239,2.173495,0.583662,AUT,10802.076170,1.701001,0.917437,0.909032,0.070207,0.001527,neutron,pi+,solid
392,11.0,-nan,-nan,-nan,-nan,-nan,AUT,0.000000,-1.000000,-1.000000,-1.000000,0.070207,-nan,neutron,pi+,solid
393,11.0,0.161592,0.652911,0.370353,2.165472,0.724444,AUT,279946.476103,0.107793,0.063830,0.063839,0.070207,0.001254,neutron,pi+,solid
394,11.0,0.205838,0.542255,0.370446,2.297027,0.721396,AUT,364944.929736,0.203348,0.112289,0.112116,0.070207,0.001338,neutron,pi+,solid
395,11.0,0.259726,0.443769,0.371078,2.367236,0.708560,AUT,514934.636931,0.232840,0.126101,0.125529,0.070207,0.001437,neutron,pi+,solid
396,11.0,0.316790,0.395696,0.368667,2.586582,0.688706,AUT,127529.466862,0.611496,0.327248,0.325270,0.070207,0.001539,neutron,pi+,solid
397,11.0,0.202867,0.584880,0.376953,2.390370,0.864962,AUT,509577.283537,0.140071,0.078800,0.078501,0.070207,0.001330,neutron,pi+,solid
398,11.0,0.172931,0.616541,0.423292,2.192988,0.138869,AUT,2300357.978829,0.007338,0.007178,0.007185,0.070207,0.001285,neutron,pi+,solid
399,11.0,0.199580,0.557525,0.423703,2.295578,0.124118,AUT,2269584.555793,0.007388,0.007395,0.007392,0.070207,0.001337,neutron,pi+,solid
400,11.0,0.217143,0.528489,0.423787,2.368146,0.119678,AUT,2244586.073191,0.007617,0.007616,0.007609,0.070207,0.001371,neutron,pi+,solid
401,11.0,0.233218,0.504688,0.423889,2.428949,0.116639,AUT,2273851.683345,0.007780,0.007750,0.007738,0.070207,0.001402,neutron,pi+,solid
402,11.0,0.249731,0.478845,0.423956,2.467633,0.114926,AUT,2221854.265598,0.008042,0.008031,0.008010,0.070207,0.001433,neutron,pi+,solid
403,11.0,0.268837,0.450034,0.423984,2.496152,0.115281,AUT,2227800.186762,0.008193,0.008195,0.008165,0.070207,0.001468,neutron,pi+,solid
404,11.0,0.294719,0.413489,0.423715,2.513260,0.120329,AUT,2244339.147092,0.008427,0.008456,0.008450,0.070207,0.001515,neutron,pi+,solid
405,11.0,0.336036,0.380709,0.423458,2.637564,0.134264,AUT,1599197.122467,0.012169,0.011419,0.011468,0.070207,0.001591,neutron,pi+,solid
406,11.0,0.148395,0.691500,0.423577,2.114344,0.303039,AUT,1646980.214936,0.009579,0.008825,0.008844,0.070207,0.001237,neutron,pi+,solid
407,11.0,0.166722,0.640747,0.423960,2.204293,0.296832,AUT,1588523.880554,0.009143,0.008759,0.008766,0.070207,0.001273,neutron,pi+,solid
408,11.0,0.179497,0.614208,0.424222,2.275336,0.288289,AUT,1454112.777866,0.009278,0.009121,0.009110,0.070207,0.001298,neutron,pi+,solid
409,11.0,0.190794,0.595947,0.424509,2.346763,0.281040,AUT,1360816.680087,0.009483,0.009424,0.009438,0.070207,0.001321,neutron,pi+,solid
410,11.0,0.201961,0.582383,0.424687,2.427641,0.276133,AUT,1256099.193607,0.009996,0.009954,0.009965,0.070207,0.001343,neutron,pi+,solid
411,11.0,0.213684,0.568361,0.424895,2.506707,0.271709,AUT,1152508.915255,0.010921,0.010754,0.010741,0.070207,0.001366,neutron,pi+,solid
412,11.0,0.226303,0.550444,0.425001,2.570775,0.266552,AUT,1042243.011825,0.012370,0.011846,0.011837,0.070207,0.001390,neutron,pi+,solid
413,11.0,0.240885,0.518869,0.425212,2.578889,0.260398,AUT,913535.498288,0.015734,0.014091,0.014017,0.070207,0.001417,neutron,pi+,solid
414,11.0,0.259128,0.474873,0.425626,2.538360,0.255735,AUT,795795.942906,0.019575,0.016836,0.016682,0.070207,0.001451,neutron,pi+,solid
415,11.0,0.283014,0.425508,0.425858,2.483710,0.251652,AUT,796325.422702,0.015120,0.014886,0.014727,0.070207,0.001494,neutron,pi+,solid
416,11.0,0.313212,0.385727,0.425677,2.492221,0.250170,AUT,918044.966478,0.013597,0.014109,0.014003,0.070207,0.001549,neutron,pi+,solid
417,11.0,0.355065,0.368876,0.425285,2.702230,0.256049,AUT,672176.234936,0.020396,0.019556,0.019494,0.070207,0.001628,neutron,pi+,solid
418,11.0,0.146049,0.704063,0.425277,2.119182,0.473163,AUT,915796.810042,0.014020,0.012574,0.012540,0.070207,0.001233,neutron,pi+,solid
419,11.0,0.167714,0.663331,0.426643,2.295584,0.452225,AUT,542780.140411,0.015124,0.015088,0.015090,0.070207,0.001276,neutron,pi+,solid
420,11.0,0.187829,0.641002,0.427631,2.484516,0.442353,AUT,268250.519260,0.021447,0.021554,0.021635,0.070207,0.001316,neutron,pi+,solid
421,11.0,0.209495,0.617403,0.428429,2.668890,0.437126,AUT,123337.320242,0.043131,0.038114,0.038179,0.070207,0.001359,neutron,pi+,solid
422,11.0,0.233737,0.580102,0.429301,2.796282,0.431314,AUT,41005.298838,0.210934,0.135555,0.134958,0.070207,0.001406,neutron,pi+,solid
423,11.0,0.266118,0.517507,0.432157,2.838386,0.420100,AUT,6753.841117,2.400047,1.276864,1.281371,0.070207,0.001467,neutron,pi+,solid
424,11.0,0.325480,0.430044,0.437721,2.869027,0.410564,AUT,681.526448,0.747307,0.626127,0.641516,0.070207,0.001577,neutron,pi+,solid
425,11.0,0.157374,0.667441,0.421391,2.144364,0.714714,AUT,105464.007114,0.050529,0.041149,0.041456,0.070207,0.001254,neutron,pi+,solid
426,11.0,0.219199,0.496402,0.417476,2.235016,0.756733,AUT,115775.623162,0.320492,0.178043,0.177832,0.070207,0.001372,neutron,pi+,solid
427,11.0,0.273460,0.417370,0.416816,2.352795,0.743054,AUT,111757.296244,0.586834,0.315589,0.314689,0.070207,0.001473,neutron,pi+,solid
428,11.0,0.204914,0.571925,0.424425,2.362831,0.899048,AUT,603940.800029,0.137902,0.076970,0.076883,0.070207,0.001343,neutron,pi+,solid
429,11.0,0.180554,0.597394,0.473376,2.217202,0.134643,AUT,2281345.106515,0.007332,0.007243,0.007272,0.070207,0.001308,neutron,pi+,solid
430,11.0,0.211791,0.534439,0.473558,2.334888,0.122744,AUT,2345752.855060,0.007445,0.007436,0.007440,0.070207,0.001370,neutron,pi+,solid
431,11.0,0.234133,0.500633,0.473862,2.418326,0.119324,AUT,2335199.859320,0.007724,0.007720,0.007706,0.070207,0.001414,neutron,pi+,solid
432,11.0,0.257328,0.466726,0.473827,2.477570,0.118330,AUT,2344233.999251,0.007937,0.007930,0.007907,0.070207,0.001458,neutron,pi+,solid
433,11.0,0.288981,0.422745,0.473672,2.518125,0.121144,AUT,2313736.593422,0.008319,0.008335,0.008317,0.070207,0.001517,neutron,pi+,solid
434,11.0,0.335155,0.382191,0.473401,2.640853,0.137096,AUT,1120328.821499,0.014603,0.013740,0.013749,0.070207,0.001605,neutron,pi+,solid
435,11.0,0.153635,0.675785,0.473588,2.137749,0.304337,AUT,1783083.837933,0.009001,0.008393,0.008439,0.070207,0.001255,neutron,pi+,solid
436,11.0,0.175557,0.618851,0.473929,2.241658,0.297047,AUT,1614438.164432,0.008883,0.008684,0.008693,0.070207,0.001298,neutron,pi+,solid
437,11.0,0.191067,0.590668,0.474239,2.329055,0.288542,AUT,1538582.680877,0.008978,0.008942,0.008917,0.070207,0.001330,neutron,pi+,solid
438,11.0,0.205835,0.570891,0.474459,2.425168,0.282123,AUT,1435153.222982,0.009516,0.009454,0.009486,0.070207,0.001359,neutron,pi+,solid
439,11.0,0.221400,0.551831,0.474732,2.521308,0.276641,AUT,1315309.441234,0.010620,0.010359,0.010325,0.070207,0.001390,neutron,pi+,solid
440,11.0,0.239104,0.518022,0.474913,2.555242,0.269368,AUT,1179080.819059,0.012883,0.011885,0.011919,0.070207,0.001425,neutron,pi+,solid
441,11.0,0.261912,0.464802,0.475141,2.510204,0.263348,AUT,1052693.856685,0.014526,0.013367,0.013290,0.070207,0.001467,neutron,pi+,solid
442,11.0,0.292337,0.409465,0.475222,2.468003,0.261640,AUT,1099369.514728,0.012039,0.012291,0.012202,0.070207,0.001523,neutron,pi+,solid
443,11.0,0.338561,0.374114,0.474944,2.611725,0.267572,AUT,1273549.786556,0.013634,0.013282,0.013225,0.070207,0.001611,neutron,pi+,solid
444,11.0,0.149729,0.692328,0.474721,2.135326,0.481851,AUT,1084709.243984,0.012644,0.011419,0.011460,0.070207,0.001247,neutron,pi+,solid
445,11.0,0.174415,0.647042,0.475978,2.328523,0.461122,AUT,696484.259757,0.013392,0.013310,0.013314,0.070207,0.001297,neutron,pi+,solid
446,11.0,0.198085,0.621383,0.476611,2.539580,0.449917,AUT,379474.333532,0.018759,0.018540,0.018527,0.070207,0.001346,neutron,pi+,solid
447,11.0,0.225019,0.585675,0.477470,2.717291,0.442857,AUT,162435.559513,0.046322,0.037614,0.037508,0.070207,0.001399,neutron,pi+,solid
448,11.0,0.262433,0.510032,0.479269,2.755928,0.429462,AUT,39792.621519,0.399763,0.231074,0.232340,0.070207,0.001471,neutron,pi+,solid
449,11.0,0.338890,0.399480,0.483090,2.777569,0.414757,AUT,15795.691856,0.110152,0.126890,0.120201,0.070207,0.001616,neutron,pi+,solid
450,11.0,0.146897,0.715265,0.478397,2.161590,0.643726,AUT,138247.307903,0.030232,0.030257,0.030466,0.070207,0.001242,neutron,pi+,solid
451,11.0,0.235209,0.456830,0.463413,2.195026,0.760102,AUT,15117.323269,0.169106,0.148015,0.146283,0.070207,0.001410,neutron,pi+,solid
452,11.0,0.281782,0.410204,0.456825,2.386749,0.772356,AUT,1187.640495,6.330985,3.470900,3.474709,0.070207,0.001498,neutron,pi+,solid
453,11.0,0.199256,0.576254,0.472119,2.321950,0.952917,AUT,402559.657446,0.168599,0.094426,0.093944,0.070207,0.001341,neutron,pi+,solid
454,11.0,0.189412,0.576580,0.523557,2.243266,0.130927,AUT,2378801.512871,0.007225,0.007194,0.007213,0.070207,0.001334,neutron,pi+,solid
455,11.0,0.226475,0.510432,0.523828,2.383948,0.122393,AUT,2387460.956837,0.007584,0.007587,0.007597,0.070207,0.001410,neutron,pi+,solid
456,11.0,0.257871,0.465243,0.523910,2.473495,0.120599,AUT,2389403.365935,0.007938,0.007951,0.007925,0.070207,0.001472,neutron,pi+,solid
457,11.0,0.307259,0.406697,0.523574,2.569662,0.129060,AUT,2176846.119061,0.009065,0.008970,0.008983,0.070207,0.001566,neutron,pi+,solid
458,11.0,0.159340,0.659241,0.523635,2.160946,0.305786,AUT,1858521.442282,0.008608,0.008210,0.008196,0.070207,0.001274,neutron,pi+,solid
459,11.0,0.186141,0.595829,0.523986,2.287984,0.295794,AUT,1743933.401349,0.008502,0.008425,0.008424,0.070207,0.001329,neutron,pi+,solid
460,11.0,0.206330,0.565190,0.524222,2.406294,0.287215,AUT,1634458.848155,0.008982,0.008953,0.008944,0.070207,0.001371,neutron,pi+,solid
461,11.0,0.226896,0.537237,0.524517,2.514846,0.280517,AUT,1462771.078236,0.010346,0.010057,0.010033,0.070207,0.001412,neutron,pi+,solid
462,11.0,0.251371,0.486643,0.524683,2.521969,0.272051,AUT,1309759.309184,0.012359,0.011548,0.011508,0.070207,0.001460,neutron,pi+,solid
463,11.0,0.285380,0.419502,0.524733,2.467072,0.270252,AUT,1316856.330742,0.011058,0.011203,0.011155,0.070207,0.001524,neutron,pi+,solid
464,11.0,0.335091,0.375445,0.524564,2.593785,0.277957,AUT,1330076.908092,0.013396,0.012936,0.012891,0.070207,0.001621,neutron,pi+,solid
465,11.0,0.153747,0.680338,0.524445,2.153336,0.486092,AUT,1212997.952062,0.011559,0.010583,0.010637,0.070207,0.001263,neutron,pi+,solid
466,11.0,0.182440,0.630445,0.525493,2.372858,0.467493,AUT,800205.717332,0.012465,0.012423,0.012414,0.070207,0.001323,neutron,pi+,solid
467,11.0,0.211205,0.598451,0.526073,2.606766,0.455433,AUT,441515.615620,0.018935,0.018080,0.018095,0.070207,0.001382,neutron,pi+,solid
468,11.0,0.249211,0.523095,0.527318,2.681492,0.441981,AUT,158939.220807,0.084153,0.057487,0.057392,0.070207,0.001458,neutron,pi+,solid
469,11.0,0.323513,0.402049,0.528222,2.671173,0.424513,AUT,78335.305349,0.049531,0.055681,0.054327,0.070207,0.001600,neutron,pi+,solid
470,11.0,0.151812,0.703323,0.527270,2.196230,0.653946,AUT,280630.810137,0.021589,0.021273,0.021297,0.070207,0.001259,neutron,pi+,solid
471,11.0,0.213305,0.630056,0.530212,2.771293,0.633191,AUT,6337.658189,0.414739,0.292125,0.291975,0.070207,0.001389,neutron,pi+,solid
472,11.0,0.186069,0.605040,0.521078,2.286785,1.031652,AUT,184081.841240,0.141580,0.085012,0.082662,0.070207,0.001325,neutron,pi+,solid
473,11.0,0.198096,0.559302,0.573702,2.273770,0.129429,AUT,2396601.681458,0.007345,0.007339,0.007329,0.070207,0.001363,neutron,pi+,solid
474,11.0,0.244039,0.484216,0.573746,2.434941,0.122929,AUT,2430500.844252,0.007780,0.007798,0.007773,0.070207,0.001458,neutron,pi+,solid
475,11.0,0.298841,0.416775,0.573568,2.558713,0.128553,AUT,2007327.825234,0.009320,0.009270,0.009269,0.070207,0.001566,neutron,pi+,solid
476,11.0,0.165749,0.641913,0.573681,2.186406,0.306014,AUT,1907318.400653,0.008392,0.008077,0.008098,0.070207,0.001296,neutron,pi+,solid
477,11.0,0.197780,0.573330,0.574035,2.338904,0.294558,AUT,1770615.797671,0.008516,0.008503,0.008534,0.070207,0.001364,neutron,pi+,solid
478,11.0,0.223355,0.538082,0.574373,2.479035,0.285807,AUT,1590258.876584,0.009733,0.009544,0.009521,0.070207,0.001418,neutron,pi+,solid
479,11.0,0.253440,0.479219,0.574506,2.502266,0.276554,AUT,1486601.803370,0.011039,0.010598,0.010581,0.070207,0.001478,neutron,pi+,solid
480,11.0,0.299249,0.403454,0.574196,2.486171,0.278100,AUT,1576397.679404,0.010385,0.010524,0.010447,0.070207,0.001567,neutron,pi+,solid
481,11.0,0.351863,0.374484,0.572083,2.718654,0.282351,AUT,447785.339482,0.026693,0.024536,0.024547,0.070207,0.001676,neutron,pi+,solid
482,11.0,0.158591,0.667234,0.574330,2.176487,0.488194,AUT,1314729.268392,0.010692,0.009995,0.010045,0.070207,0.001282,neutron,pi+,solid
483,11.0,0.193046,0.611685,0.575192,2.435428,0.470601,AUT,871913.771077,0.012114,0.012102,0.012078,0.070207,0.001356,neutron,pi+,solid
484,11.0,0.230192,0.556589,0.575975,2.636220,0.456139,AUT,436121.643268,0.024206,0.021141,0.021191,0.070207,0.001433,neutron,pi+,solid
485,11.0,0.298210,0.430058,0.576114,2.632817,0.437292,AUT,176463.606236,0.037887,0.036673,0.036132,0.070207,0.001567,neutron,pi+,solid
486,11.0,0.156844,0.690136,0.576183,2.224859,0.663310,AUT,426635.874708,0.017728,0.017294,0.017301,0.070207,0.001279,neutron,pi+,solid
487,11.0,0.220694,0.611739,0.579479,2.782365,0.637686,AUT,14722.657394,0.280800,0.195914,0.191309,0.070207,0.001417,neutron,pi+,solid
488,11.0,0.165702,0.656635,0.572582,2.218937,1.056562,AUT,82947.715854,0.075304,0.056415,0.056736,0.070207,0.001295,neutron,pi+,solid
489,11.0,0.208261,0.540739,0.623690,2.307907,0.128660,AUT,2445030.503867,0.007440,0.007443,0.007425,0.070207,0.001397,neutron,pi+,solid
490,11.0,0.276398,0.444595,0.623364,2.520278,0.125619,AUT,2467920.592110,0.008140,0.008157,0.008155,0.070207,0.001539,neutron,pi+,solid
491,11.0,0.173069,0.623513,0.623741,2.214922,0.306064,AUT,1977118.514670,0.008185,0.007995,0.008006,0.070207,0.001323,neutron,pi+,solid
492,11.0,0.212273,0.549558,0.624064,2.405415,0.292391,AUT,1798922.090645,0.008839,0.008789,0.008790,0.070207,0.001408,neutron,pi+,solid
493,11.0,0.249200,0.486771,0.624366,2.497634,0.281558,AUT,1643817.859806,0.010247,0.009984,0.009928,0.070207,0.001485,neutron,pi+,solid
494,11.0,0.301978,0.413419,0.622475,2.571456,0.280177,AUT,1306840.600597,0.011602,0.011713,0.011639,0.070207,0.001592,neutron,pi+,solid
495,11.0,0.164133,0.653632,0.624289,2.204384,0.489827,AUT,1377711.563656,0.010157,0.009663,0.009716,0.070207,0.001304,neutron,pi+,solid
496,11.0,0.206296,0.589317,0.624961,2.505603,0.472415,AUT,891407.857364,0.012621,0.012434,0.012457,0.070207,0.001397,neutron,pi+,solid
497,11.0,0.264255,0.485490,0.624989,2.626955,0.453279,AUT,404002.305258,0.031196,0.026085,0.025884,0.070207,0.001516,neutron,pi+,solid
498,11.0,0.161969,0.677765,0.625651,2.254176,0.669681,AUT,542000.585462,0.015763,0.015332,0.015390,0.070207,0.001300,neutron,pi+,solid
499,11.0,0.231799,0.585354,0.628190,2.793784,0.641903,AUT,18711.031648,0.291029,0.192943,0.189522,0.070207,0.001455,neutron,pi+,solid
500,11.0,0.148660,0.709268,0.625879,2.167374,0.935602,AUT,62818.692735,0.052824,0.046428,0.048871,0.070207,0.001271,neutron,pi+,solid
501,11.0,0.220730,0.520495,0.673678,2.348395,0.127691,AUT,2508759.997580,0.007544,0.007538,0.007569,0.070207,0.001439,neutron,pi+,solid
502,11.0,0.287181,0.440050,0.672083,2.604162,0.123731,AUT,887705.697508,0.013983,0.014031,0.013957,0.070207,0.001583,neutron,pi+,solid
503,11.0,0.181937,0.603280,0.673658,2.249539,0.304847,AUT,2027648.956682,0.008064,0.007973,0.007989,0.070207,0.001355,neutron,pi+,solid
504,11.0,0.231422,0.516425,0.674000,2.460762,0.288375,AUT,1808954.523510,0.009390,0.009232,0.009226,0.070207,0.001465,neutron,pi+,solid
505,11.0,0.281677,0.450043,0.671720,2.611473,0.279322,AUT,982792.753719,0.013352,0.013334,0.013290,0.070207,0.001571,neutron,pi+,solid
506,11.0,0.170804,0.638753,0.674097,2.238827,0.490479,AUT,1437568.588980,0.009749,0.009475,0.009499,0.070207,0.001331,neutron,pi+,solid
507,11.0,0.226891,0.552202,0.674533,2.570941,0.470740,AUT,887764.648637,0.014596,0.013737,0.013752,0.070207,0.001456,neutron,pi+,solid
508,11.0,0.298091,0.458493,0.668475,2.819672,0.447808,AUT,34214.763586,0.100917,0.091754,0.089485,0.070207,0.001608,neutron,pi+,solid
509,11.0,0.168265,0.664111,0.675262,2.290356,0.674446,AUT,627694.101614,0.014488,0.014225,0.014298,0.070207,0.001325,neutron,pi+,solid
510,11.0,0.252221,0.544322,0.676077,2.830217,0.638961,AUT,8033.429386,1.422538,0.784857,0.784043,0.070207,0.001515,neutron,pi+,solid
511,11.0,0.150686,0.706923,0.676453,2.190814,0.868333,AUT,87113.786204,0.039041,0.038631,0.038285,0.070207,0.001287,neutron,pi+,solid
512,11.0,0.248898,0.618650,0.323684,3.175477,0.123288,AUT,970255.487493,0.011891,0.011896,0.011929,0.070207,0.001410,neutron,pi+,solid
513,11.0,0.270057,0.591115,0.323805,3.294724,0.117769,AUT,963073.290474,0.012301,0.012296,0.012281,0.070207,0.001447,neutron,pi+,solid
514,11.0,0.284431,0.573900,0.323898,3.369006,0.113398,AUT,969109.202564,0.012571,0.012502,0.012489,0.070207,0.001472,neutron,pi+,solid
515,11.0,0.297986,0.548466,0.324212,3.373026,0.109112,AUT,936949.015834,0.013071,0.012968,0.012931,0.070207,0.001496,neutron,pi+,solid
516,11.0,0.312544,0.521404,0.324080,3.363180,0.106342,AUT,955406.266092,0.013220,0.013098,0.013109,0.070207,0.001521,neutron,pi+,solid
517,11.0,0.328640,0.497566,0.324216,3.374727,0.105409,AUT,962474.711677,0.013330,0.013280,0.013264,0.070207,0.001549,neutron,pi+,solid
518,11.0,0.346381,0.478344,0.324124,3.419594,0.108247,AUT,955071.511137,0.013513,0.013497,0.013500,0.070207,0.001580,neutron,pi+,solid
519,11.0,0.366612,0.458800,0.323913,3.471221,0.113677,AUT,968442.568477,0.013679,0.013754,0.013662,0.070207,0.001617,neutron,pi+,solid
520,11.0,0.392148,0.433090,0.323659,3.504182,0.123481,AUT,992475.502026,0.014821,0.014494,0.014474,0.070207,0.001666,neutron,pi+,solid
521,11.0,0.427587,0.414548,0.323488,3.657936,0.134424,AUT,645944.666512,0.023574,0.021308,0.021350,0.070207,0.001741,neutron,pi+,solid
522,11.0,0.242228,0.639536,0.325548,3.195695,0.259264,AUT,450987.489039,0.017404,0.017334,0.017294,0.070207,0.001398,neutron,pi+,solid
523,11.0,0.262829,0.623345,0.325940,3.381702,0.254507,AUT,373061.663344,0.020717,0.020107,0.020076,0.070207,0.001436,neutron,pi+,solid
524,11.0,0.277383,0.617053,0.325958,3.532923,0.253084,AUT,333062.728546,0.023309,0.022175,0.022190,0.070207,0.001461,neutron,pi+,solid
525,11.0,0.290952,0.593927,0.326085,3.565965,0.248692,AUT,285378.488818,0.029185,0.026177,0.026128,0.070207,0.001485,neutron,pi+,solid
526,11.0,0.307317,0.545778,0.326452,3.460654,0.242805,AUT,215888.561049,0.049957,0.038751,0.038517,0.070207,0.001513,neutron,pi+,solid
527,11.0,0.327110,0.503859,0.326799,3.401003,0.239501,AUT,191174.989303,0.052805,0.042230,0.041813,0.070207,0.001547,neutron,pi+,solid
528,11.0,0.349273,0.475823,0.327045,3.429521,0.238001,AUT,198288.436354,0.038616,0.036128,0.035636,0.070207,0.001587,neutron,pi+,solid
529,11.0,0.373487,0.449026,0.327311,3.460518,0.236756,AUT,219696.923523,0.029774,0.032093,0.031649,0.070207,0.001631,neutron,pi+,solid
530,11.0,0.402037,0.420325,0.327314,3.486982,0.235492,AUT,265863.040969,0.027834,0.030363,0.030021,0.070207,0.001688,neutron,pi+,solid
531,11.0,0.437232,0.410503,0.326976,3.704587,0.237730,AUT,177367.810605,0.041408,0.041761,0.041580,0.070207,0.001765,neutron,pi+,solid
532,11.0,0.251358,0.646602,0.327316,3.350992,0.458931,AUT,8368.896704,0.144133,0.138497,0.139964,0.070207,0.001415,neutron,pi+,solid
533,11.0,0.287360,0.590203,0.320464,3.494409,0.504772,AUT,4766.705981,0.179804,0.213256,0.212821,0.070207,0.001476,neutron,pi+,solid
534,11.0,0.327844,0.470017,0.307597,3.176156,0.584705,AUT,4621.889176,0.773072,0.485001,0.486150,0.070207,0.001540,neutron,pi+,solid
535,11.0,0.375554,0.411850,0.308437,3.187590,0.583622,AUT,8051.381654,2.779220,1.493959,1.485826,0.070207,0.001625,neutron,pi+,solid
536,11.0,0.415054,0.391349,0.307528,3.353730,0.583417,AUT,3524.211782,5.049788,2.688729,2.658331,0.070207,0.001704,neutron,pi+,solid
537,11.0,0.283693,0.565114,0.320995,3.287047,0.704202,AUT,251290.776774,0.283523,0.155698,0.155286,0.070207,0.001468,neutron,pi+,solid
538,11.0,0.363809,0.459093,0.320978,3.438073,0.687296,AUT,200372.071549,0.466257,0.250694,0.249642,0.070207,0.001610,neutron,pi+,solid
539,11.0,0.254335,0.609979,0.373625,3.198544,0.123345,AUT,1005784.659435,0.011910,0.011903,0.011892,0.070207,0.001433,neutron,pi+,solid
540,11.0,0.279382,0.577776,0.373877,3.331261,0.118516,AUT,1001298.001369,0.012330,0.012329,0.012320,0.070207,0.001479,neutron,pi+,solid
541,11.0,0.298035,0.546467,0.373876,3.360735,0.114392,AUT,1013340.410555,0.012602,0.012542,0.012511,0.070207,0.001512,neutron,pi+,solid
542,11.0,0.317985,0.512678,0.374031,3.364011,0.111535,AUT,1010021.678984,0.012908,0.012901,0.012853,0.070207,0.001547,neutron,pi+,solid
543,11.0,0.340511,0.484887,0.374021,3.407156,0.112594,AUT,1007550.522519,0.013207,0.013236,0.013180,0.070207,0.001588,neutron,pi+,solid
544,11.0,0.368063,0.458577,0.373785,3.482369,0.118860,AUT,1028604.171024,0.013490,0.013531,0.013491,0.070207,0.001640,neutron,pi+,solid
545,11.0,0.410362,0.423672,0.373410,3.585423,0.133750,AUT,940008.250392,0.017281,0.016225,0.016277,0.070207,0.001727,neutron,pi+,solid
546,11.0,0.245085,0.633410,0.374920,3.202056,0.272389,AUT,572744.863179,0.015588,0.015545,0.015601,0.070207,0.001417,neutron,pi+,solid
547,11.0,0.267920,0.615261,0.375265,3.402353,0.265908,AUT,490963.860108,0.018086,0.017675,0.017714,0.070207,0.001459,neutron,pi+,solid
548,11.0,0.284988,0.600290,0.375309,3.530509,0.263731,AUT,449638.819355,0.020913,0.019718,0.019752,0.070207,0.001490,neutron,pi+,solid
549,11.0,0.304191,0.551545,0.375596,3.460927,0.256113,AUT,366343.738562,0.031128,0.026153,0.026121,0.070207,0.001524,neutron,pi+,solid
550,11.0,0.328944,0.499363,0.375924,3.388895,0.251737,AUT,327032.484496,0.032776,0.028349,0.028173,0.070207,0.001568,neutron,pi+,solid
551,11.0,0.356389,0.465664,0.376058,3.424175,0.249224,AUT,350297.355459,0.023878,0.024112,0.023793,0.070207,0.001619,neutron,pi+,solid
552,11.0,0.386613,0.433380,0.375860,3.456665,0.248757,AUT,402110.648519,0.022256,0.023200,0.022964,0.070207,0.001678,neutron,pi+,solid
553,11.0,0.425685,0.412010,0.375581,3.619616,0.252583,AUT,402341.963566,0.027909,0.027068,0.026870,0.070207,0.001763,neutron,pi+,solid
554,11.0,0.253619,0.652731,0.379601,3.415790,0.431200,AUT,36288.909742,0.131425,0.101619,0.101653,0.070207,0.001434,neutron,pi+,solid
555,11.0,0.291460,0.631443,0.380737,3.794925,0.427252,AUT,10169.240914,0.545414,0.339383,0.340037,0.070207,0.001504,neutron,pi+,solid
556,11.0,0.340313,0.533097,0.387642,3.739356,0.412117,AUT,610.779388,7.532969,4.108648,4.107611,0.070207,0.001594,neutron,pi+,solid
557,11.0,0.408579,0.459306,0.393381,3.855113,0.407149,AUT,100.492195,2.000352,1.779196,1.708603,0.070207,0.001734,neutron,pi+,solid
558,11.0,0.293244,0.542172,0.367681,3.250961,0.751068,AUT,80015.896369,0.577476,0.314914,0.314257,0.070207,0.001499,neutron,pi+,solid
559,11.0,0.364907,0.455654,0.366205,3.430366,0.737616,AUT,32207.258972,1.333270,0.714012,0.709955,0.070207,0.001631,neutron,pi+,solid
560,11.0,0.293706,0.561683,0.374971,3.372971,0.873532,AUT,113059.766429,0.412444,0.227403,0.226458,0.070207,0.001502,neutron,pi+,solid
561,11.0,0.260763,0.600426,0.423662,3.226831,0.123707,AUT,1059450.311471,0.011809,0.011795,0.011774,0.070207,0.001457,neutron,pi+,solid
562,11.0,0.291263,0.556981,0.423675,3.346791,0.119866,AUT,1050302.903990,0.012304,0.012310,0.012309,0.070207,0.001514,neutron,pi+,solid
563,11.0,0.317722,0.513094,0.423841,3.363163,0.116315,AUT,1045589.148872,0.012743,0.012723,0.012730,0.070207,0.001562,neutron,pi+,solid
564,11.0,0.349275,0.477033,0.423773,3.437156,0.117569,AUT,1053681.633236,0.013133,0.013155,0.013171,0.070207,0.001622,neutron,pi+,solid
565,11.0,0.397893,0.434509,0.423576,3.562197,0.132348,AUT,1001272.447855,0.015491,0.014996,0.015020,0.070207,0.001722,neutron,pi+,solid
566,11.0,0.249003,0.626804,0.424444,3.218813,0.281614,AUT,653228.384750,0.014786,0.014746,0.014791,0.070207,0.001436,neutron,pi+,solid
567,11.0,0.275118,0.604979,0.424673,3.435174,0.274332,AUT,590623.997636,0.016917,0.016471,0.016530,0.070207,0.001485,neutron,pi+,solid
568,11.0,0.296926,0.567723,0.425039,3.477014,0.268423,AUT,508531.738424,0.022099,0.019933,0.019998,0.070207,0.001525,neutron,pi+,solid
569,11.0,0.325521,0.503722,0.425216,3.381893,0.261992,AUT,460205.614506,0.024618,0.022259,0.022112,0.070207,0.001577,neutron,pi+,solid
570,11.0,0.358693,0.462540,0.425359,3.422601,0.260626,AUT,505892.304110,0.019259,0.019581,0.019459,0.070207,0.001641,neutron,pi+,solid
571,11.0,0.396838,0.424942,0.425136,3.478378,0.264275,AUT,575619.192349,0.020361,0.020375,0.020220,0.070207,0.001719,neutron,pi+,solid
572,11.0,0.437383,0.410613,0.425042,3.706852,0.270955,AUT,231454.512386,0.041234,0.038213,0.038092,0.070207,0.001815,neutron,pi+,solid
573,11.0,0.256842,0.644503,0.427929,3.414256,0.440511,AUT,99750.441072,0.051380,0.045245,0.045063,0.070207,0.001452,neutron,pi+,solid
574,11.0,0.302107,0.587583,0.429336,3.653859,0.432523,AUT,25242.880377,0.316529,0.198918,0.199459,0.070207,0.001537,neutron,pi+,solid
575,11.0,0.380093,0.464819,0.435041,3.631979,0.415254,AUT,8519.191616,0.208868,0.191504,0.189016,0.070207,0.001688,neutron,pi+,solid
576,11.0,0.443970,0.413313,0.433847,3.786823,0.415171,AUT,2312.459603,0.343239,0.455848,0.449103,0.070207,0.001836,neutron,pi+,solid
577,11.0,0.308988,0.505208,0.409516,3.185020,0.775729,AUT,5779.173066,0.575265,0.381412,0.369181,0.070207,0.001539,neutron,pi+,solid
578,11.0,0.377697,0.465046,0.406259,3.626543,0.781515,AUT,126.755969,23.150058,12.886029,12.753930,0.070207,0.001672,neutron,pi+,solid
579,11.0,0.287275,0.566419,0.421654,3.331172,0.918228,AUT,79880.696428,0.533359,0.291742,0.291399,0.070207,0.001504,neutron,pi+,solid
580,11.0,0.267948,0.590413,0.473553,3.258820,0.123769,AUT,1082762.836330,0.011848,0.011872,0.011848,0.070207,0.001484,neutron,pi+,solid
581,11.0,0.307618,0.528530,0.473743,3.352298,0.120859,AUT,1096679.034938,0.012420,0.012428,0.012384,0.070207,0.001559,neutron,pi+,solid
582,11.0,0.350384,0.476939,0.473781,3.445276,0.120086,AUT,1090919.142683,0.013109,0.013151,0.013060,0.070207,0.001641,neutron,pi+,solid
583,11.0,0.404844,0.429768,0.473392,3.586919,0.137297,AUT,522107.865805,0.022994,0.021756,0.021818,0.070207,0.001758,neutron,pi+,solid
584,11.0,0.253737,0.619363,0.474117,3.240360,0.287356,AUT,726176.427261,0.014237,0.014227,0.014253,0.070207,0.001457,neutron,pi+,solid
585,11.0,0.284668,0.587910,0.474460,3.452672,0.279091,AUT,647590.661938,0.017021,0.016357,0.016285,0.070207,0.001517,neutron,pi+,solid
586,11.0,0.316051,0.520640,0.474809,3.392131,0.270647,AUT,573762.528677,0.021321,0.019426,0.019343,0.070207,0.001575,neutron,pi+,solid
587,11.0,0.355707,0.465526,0.474761,3.415108,0.270019,AUT,613085.062711,0.017533,0.017802,0.017637,0.070207,0.001652,neutron,pi+,solid
588,11.0,0.404638,0.421570,0.474588,3.517579,0.278014,AUT,704469.151526,0.019840,0.019242,0.019113,0.070207,0.001757,neutron,pi+,solid
589,11.0,0.454857,0.408717,0.474410,3.837427,0.287128,AUT,55980.733385,0.096162,0.084950,0.085462,0.070207,0.001887,neutron,pi+,solid
590,11.0,0.261011,0.637061,0.476495,3.427479,0.449972,AUT,186807.839125,0.033235,0.030722,0.030893,0.070207,0.001472,neutron,pi+,solid
591,11.0,0.322776,0.530293,0.478453,3.516351,0.433735,AUT,55955.102441,0.136691,0.097852,0.097069,0.070207,0.001589,neutron,pi+,solid
592,11.0,0.406059,0.429490,0.479181,3.591117,0.425061,AUT,41849.089336,0.071014,0.087326,0.086604,0.070207,0.001764,neutron,pi+,solid
593,11.0,0.277383,0.577624,0.468535,3.287139,0.909781,AUT,17820.921498,0.160622,0.148152,0.147114,0.070207,0.001499,neutron,pi+,solid
594,11.0,0.350670,0.518998,0.457911,3.756306,0.904219,AUT,66.818484,22.215877,12.757101,12.932326,0.070207,0.001638,neutron,pi+,solid
595,11.0,0.276538,0.576713,0.523738,3.281662,0.124934,AUT,1113789.884861,0.011952,0.011941,0.011869,0.070207,0.001514,neutron,pi+,solid
596,11.0,0.331585,0.497091,0.523659,3.395609,0.121499,AUT,1112366.460449,0.012809,0.012814,0.012789,0.070207,0.001622,neutron,pi+,solid
597,11.0,0.393142,0.440476,0.523469,3.567453,0.134579,AUT,538572.311775,0.021057,0.020502,0.020531,0.070207,0.001754,neutron,pi+,solid
598,11.0,0.259498,0.611010,0.524114,3.268225,0.291081,AUT,793734.432971,0.013884,0.013860,0.013845,0.070207,0.001482,neutron,pi+,solid
599,11.0,0.298318,0.556654,0.524403,3.421980,0.279466,AUT,699681.736996,0.017403,0.016536,0.016442,0.070207,0.001558,neutron,pi+,solid
600,11.0,0.344582,0.478120,0.524559,3.395779,0.276369,AUT,697749.706151,0.016685,0.016694,0.016581,0.070207,0.001648,neutron,pi+,solid
601,11.0,0.403816,0.424212,0.524247,3.530435,0.286508,AUT,751725.149128,0.019413,0.018634,0.018573,0.070207,0.001779,neutron,pi+,solid
602,11.0,0.264972,0.626440,0.525809,3.418271,0.458612,AUT,273818.581724,0.026678,0.025167,0.025165,0.070207,0.001493,neutron,pi+,solid
603,11.0,0.348219,0.484403,0.527054,3.459931,0.439924,AUT,122867.612341,0.053658,0.048612,0.048085,0.070207,0.001657,neutron,pi+,solid
604,11.0,0.421508,0.420609,0.524429,3.658528,0.433406,AUT,34183.522325,0.084583,0.102061,0.100859,0.070207,0.001824,neutron,pi+,solid
605,11.0,0.261892,0.647743,0.527054,3.496340,0.667752,AUT,7688.677438,0.214304,0.176176,0.180157,0.070207,0.001488,neutron,pi+,solid
606,11.0,-nan,-nan,-nan,-nan,-nan,AUT,0.000000,-1.000000,-1.000000,-1.000000,0.070207,-nan,neutron,pi+,solid
607,11.0,0.286728,0.560085,0.573622,3.298326,0.125415,AUT,1124217.770758,0.012165,0.012174,0.012155,0.070207,0.001551,neutron,pi+,solid
608,11.0,0.363727,0.466473,0.573616,3.487559,0.127805,AUT,875486.353991,0.015324,0.015327,0.015260,0.070207,0.001711,neutron,pi+,solid
609,11.0,0.266012,0.601824,0.574084,3.298246,0.292473,AUT,831346.571701,0.013899,0.013826,0.013860,0.070207,0.001510,neutron,pi+,solid
610,11.0,0.317514,0.518795,0.574410,3.390562,0.280433,AUT,757927.021699,0.016557,0.016055,0.015999,0.070207,0.001614,neutron,pi+,solid
611,11.0,0.386029,0.440482,0.573378,3.500736,0.286405,AUT,810464.142366,0.017074,0.016890,0.016804,0.070207,0.001762,neutron,pi+,solid
612,11.0,0.270253,0.613728,0.575421,3.409494,0.465977,AUT,355995.143248,0.023393,0.022337,0.022293,0.070207,0.001520,neutron,pi+,solid
613,11.0,0.363358,0.468700,0.575004,3.501809,0.447965,AUT,154678.057398,0.040950,0.041203,0.040564,0.070207,0.001711,neutron,pi+,solid
614,11.0,0.261758,0.643062,0.577266,3.465366,0.665073,AUT,18608.511550,0.158939,0.124627,0.126793,0.070207,0.001504,neutron,pi+,solid
615,11.0,0.301785,0.539213,0.623640,3.330771,0.125461,AUT,1149433.315771,0.012396,0.012401,0.012399,0.070207,0.001601,neutron,pi+,solid
616,11.0,0.382879,0.453770,0.622731,3.582040,0.130985,AUT,275096.605391,0.028815,0.028646,0.028585,0.070207,0.001782,neutron,pi+,solid
617,11.0,0.273984,0.588065,0.624024,3.314911,0.292277,AUT,852891.186539,0.014066,0.014002,0.013991,0.070207,0.001545,neutron,pi+,solid
618,11.0,0.345766,0.481827,0.623755,3.426445,0.285415,AUT,829115.663604,0.015518,0.015603,0.015495,0.070207,0.001696,neutron,pi+,solid
619,11.0,0.408973,0.443017,0.618670,3.739106,0.279683,AUT,91408.592090,0.056011,0.054347,0.054227,0.070207,0.001848,neutron,pi+,solid
620,11.0,0.278224,0.595757,0.625112,3.394863,0.471842,AUT,418109.322964,0.022142,0.021080,0.021106,0.070207,0.001554,neutron,pi+,solid
621,11.0,0.364855,0.474687,0.622524,3.572940,0.452853,AUT,79678.270968,0.057391,0.058225,0.057585,0.070207,0.001740,neutron,pi+,solid
622,11.0,0.267106,0.632884,0.627060,3.476223,0.652605,AUT,34886.610239,0.113899,0.091569,0.091313,0.070207,0.001533,neutron,pi+,solid
623,11.0,0.272150,0.586779,0.673785,3.287583,0.229963,AUT,991262.889721,0.013082,0.013039,0.013051,0.070207,0.001561,neutron,pi+,solid
624,11.0,0.326997,0.505093,0.673349,3.401997,0.209657,AUT,985666.765209,0.014212,0.014162,0.014117,0.070207,0.001680,neutron,pi+,solid
625,11.0,0.377978,0.473421,0.668927,3.692554,0.197233,AUT,205137.233913,0.032962,0.033178,0.033024,0.070207,0.001800,neutron,pi+,solid
626,11.0,0.272730,0.605906,0.674587,3.395119,0.499437,AUT,413339.069424,0.022089,0.021157,0.021194,0.070207,0.001563,neutron,pi+,solid
627,11.0,0.342163,0.505697,0.669543,3.570061,0.457436,AUT,56095.001984,0.086724,0.075519,0.074532,0.070207,0.001714,neutron,pi+,solid
628,11.0,0.310926,0.651939,0.323766,4.182196,0.122069,AUT,589772.363796,0.016496,0.016524,0.016479,0.070207,0.001521,neutron,pi+,solid
629,11.0,0.336548,0.632892,0.323801,4.396293,0.118976,AUT,603864.762678,0.016761,0.016750,0.016795,0.070207,0.001567,neutron,pi+,solid
630,11.0,0.358138,0.619474,0.323812,4.578659,0.116326,AUT,599023.896458,0.017308,0.017282,0.017267,0.070207,0.001606,neutron,pi+,solid
631,11.0,0.383331,0.583710,0.323999,4.616252,0.111467,AUT,593526.344481,0.018011,0.017912,0.017923,0.070207,0.001654,neutron,pi+,solid
632,11.0,0.420213,0.521192,0.323999,4.514453,0.113308,AUT,597516.163098,0.018556,0.018632,0.018585,0.070207,0.001729,neutron,pi+,solid
633,11.0,0.469343,0.455428,0.323470,4.408826,0.130772,AUT,297854.319632,0.032524,0.030794,0.030868,0.070207,0.001845,neutron,pi+,solid
634,11.0,0.305517,0.660107,0.325812,4.161662,0.257497,AUT,284401.304123,0.023849,0.023722,0.023643,0.070207,0.001512,neutron,pi+,solid
635,11.0,0.328625,0.645213,0.325969,4.376497,0.253449,AUT,248514.517418,0.028896,0.027375,0.027408,0.070207,0.001553,neutron,pi+,solid
636,11.0,0.349152,0.637571,0.325928,4.594739,0.252327,AUT,230564.139462,0.034542,0.031065,0.031004,0.070207,0.001591,neutron,pi+,solid
637,11.0,0.373800,0.604844,0.326173,4.664077,0.250521,AUT,188142.113998,0.058561,0.045294,0.045131,0.070207,0.001637,neutron,pi+,solid
638,11.0,0.415223,0.527611,0.326509,4.513744,0.245654,AUT,167454.910148,0.043010,0.039846,0.039475,0.070207,0.001720,neutron,pi+,solid
639,11.0,0.469498,0.451771,0.326546,4.374520,0.242483,AUT,148837.119550,0.042609,0.044049,0.043669,0.070207,0.001848,neutron,pi+,solid
640,11.0,0.315882,0.661772,0.334442,4.312842,0.419697,AUT,4142.148307,1.442270,0.849904,0.842018,0.070207,0.001534,neutron,pi+,solid
641,11.0,0.360704,0.643384,0.336383,4.785739,0.417866,AUT,1301.128957,2.695646,1.557273,1.534826,0.070207,0.001617,neutron,pi+,solid
642,11.0,0.445720,0.472815,0.314541,4.328325,0.542035,AUT,42.914589,2.786027,2.800367,2.926979,0.070207,0.001780,neutron,pi+,solid
643,11.0,0.355872,0.607332,0.321279,4.424262,0.770791,AUT,112188.665893,0.468146,0.256894,0.256240,0.070207,0.001600,neutron,pi+,solid
644,11.0,0.457223,0.477992,0.313354,4.510880,0.684301,AUT,2767.517755,4.951413,2.655039,2.640758,0.070207,0.001808,neutron,pi+,solid
645,11.0,0.317379,0.646140,0.373514,4.230199,0.122335,AUT,616411.586778,0.016463,0.016430,0.016440,0.070207,0.001550,neutron,pi+,solid
646,11.0,0.350654,0.623949,0.373622,4.515239,0.120460,AUT,631568.309955,0.016902,0.016852,0.016885,0.070207,0.001612,neutron,pi+,solid
647,11.0,0.384964,0.580220,0.373914,4.606073,0.116997,AUT,625177.706867,0.017725,0.017733,0.017669,0.070207,0.001679,neutron,pi+,solid
648,11.0,0.441122,0.493532,0.373588,4.477712,0.124521,AUT,549912.145190,0.020633,0.020529,0.020489,0.070207,0.001804,neutron,pi+,solid
649,11.0,0.308337,0.657081,0.374778,4.180460,0.270815,AUT,363758.394293,0.021228,0.021082,0.021205,0.070207,0.001534,neutron,pi+,solid
650,11.0,0.335289,0.640791,0.375111,4.434576,0.264589,AUT,328671.596694,0.024693,0.023833,0.023819,0.070207,0.001584,neutron,pi+,solid
651,11.0,0.361014,0.623964,0.375323,4.647732,0.262354,AUT,293199.934410,0.031443,0.028316,0.028243,0.070207,0.001633,neutron,pi+,solid
652,11.0,0.403501,0.548096,0.375626,4.554438,0.259239,AUT,260967.696622,0.034846,0.031754,0.031562,0.070207,0.001719,neutron,pi+,solid
653,11.0,0.464414,0.457103,0.375440,4.376139,0.259011,AUT,214751.655453,0.035926,0.036225,0.036058,0.070207,0.001864,neutron,pi+,solid
654,11.0,0.322004,0.655507,0.379647,4.353965,0.431428,AUT,25633.730108,0.382014,0.239555,0.232510,0.070207,0.001561,neutron,pi+,solid
655,11.0,0.377961,0.611033,0.381713,4.752105,0.424563,AUT,6936.326466,1.093174,0.630341,0.631714,0.070207,0.001669,neutron,pi+,solid
656,11.0,0.489641,0.450818,0.390772,4.555448,0.408986,AUT,162.617920,1.226730,1.516128,1.556120,0.070207,0.001945,neutron,pi+,solid
657,11.0,0.347092,0.620090,0.370955,4.418276,0.876526,AUT,46229.637271,0.741758,0.406707,0.405858,0.070207,0.001604,neutron,pi+,solid
658,11.0,0.325533,0.640244,0.423624,4.298252,0.122418,AUT,642975.293622,0.016411,0.016410,0.016398,0.070207,0.001582,neutron,pi+,solid
659,11.0,0.372465,0.597930,0.423693,4.591197,0.121467,AUT,646401.042671,0.017314,0.017347,0.017334,0.070207,0.001674,neutron,pi+,solid
660,11.0,0.434099,0.504561,0.423638,4.502462,0.125029,AUT,462800.310677,0.022349,0.022349,0.022280,0.070207,0.001812,neutron,pi+,solid
661,11.0,0.312649,0.653206,0.424423,4.213405,0.281489,AUT,419368.432230,0.020075,0.019995,0.020020,0.070207,0.001558,neutron,pi+,solid
662,11.0,0.345578,0.635033,0.424747,4.529217,0.273730,AUT,388160.149254,0.023213,0.022419,0.022426,0.070207,0.001621,neutron,pi+,solid
663,11.0,0.386649,0.578637,0.424933,4.607410,0.268465,AUT,347007.764688,0.029933,0.027265,0.027011,0.070207,0.001704,neutron,pi+,solid
664,11.0,0.455671,0.468149,0.424801,4.392355,0.272071,AUT,283312.103369,0.030348,0.030460,0.030286,0.070207,0.001868,neutron,pi+,solid
665,11.0,0.327083,0.650573,0.427687,4.387689,0.443321,AUT,64879.469957,0.145668,0.099831,0.099895,0.070207,0.001586,neutron,pi+,solid
666,11.0,0.413486,0.546508,0.429794,4.615708,0.428400,AUT,20374.658517,0.165752,0.134506,0.135022,0.070207,0.001767,neutron,pi+,solid
667,11.0,0.337701,0.633380,0.420950,4.403029,0.970248,AUT,16341.063133,0.730862,0.427406,0.409564,0.070207,0.001604,neutron,pi+,solid
668,11.0,0.335579,0.633290,0.473689,4.380696,0.123361,AUT,658265.760823,0.016586,0.016567,0.016629,0.070207,0.001618,neutron,pi+,solid
669,11.0,0.410566,0.540881,0.473608,4.552985,0.125371,AUT,602040.406821,0.019121,0.019133,0.019125,0.070207,0.001780,neutron,pi+,solid
670,11.0,0.318506,0.648595,0.474165,4.261284,0.288739,AUT,470432.753308,0.019306,0.019258,0.019270,0.070207,0.001585,neutron,pi+,solid
671,11.0,0.361897,0.617429,0.474569,4.607280,0.278166,AUT,424891.846312,0.023444,0.022397,0.022397,0.070207,0.001673,neutron,pi+,solid
672,11.0,0.437583,0.494782,0.474609,4.442893,0.279380,AUT,397328.520443,0.024389,0.024696,0.024473,0.070207,0.001846,neutron,pi+,solid
673,11.0,0.332180,0.644618,0.476433,4.411357,0.452130,AUT,120363.973332,0.071831,0.055442,0.055370,0.070207,0.001612,neutron,pi+,solid
674,11.0,0.432910,0.508733,0.477610,4.511426,0.436814,AUT,35115.691151,0.094711,0.092199,0.091177,0.070207,0.001837,neutron,pi+,solid
675,11.0,0.325133,0.648773,0.472037,4.348365,0.971646,AUT,5861.261061,0.219776,0.250376,0.265890,0.070207,0.001597,neutron,pi+,solid
676,11.0,0.349889,0.617912,0.523619,4.447224,0.124768,AUT,673731.697677,0.016897,0.016893,0.016903,0.070207,0.001667,neutron,pi+,solid
677,11.0,0.433132,0.506960,0.523448,4.515254,0.129137,AUT,230238.696744,0.032703,0.032526,0.032521,0.070207,0.001862,neutron,pi+,solid
678,11.0,0.325354,0.644334,0.523967,4.323437,0.292597,AUT,498146.479980,0.019144,0.019111,0.019088,0.070207,0.001617,neutron,pi+,solid
679,11.0,0.390513,0.570190,0.524426,4.570116,0.281184,AUT,468536.812788,0.022262,0.021913,0.021775,0.070207,0.001757,neutron,pi+,solid
680,11.0,0.469466,0.451978,0.523804,4.376945,0.290990,AUT,130663.307822,0.053915,0.050778,0.050747,0.070207,0.001965,neutron,pi+,solid
681,11.0,0.338962,0.635767,0.525829,4.430416,0.459093,AUT,177314.243004,0.046637,0.039596,0.039622,0.070207,0.001645,neutron,pi+,solid
682,11.0,0.446019,0.483857,0.525097,4.442604,0.443626,AUT,32242.500055,0.089003,0.097039,0.095916,0.070207,0.001898,neutron,pi+,solid
683,11.0,0.328369,0.653490,0.528395,4.422090,0.695398,AUT,5369.555966,0.267166,0.262010,0.260779,0.070207,0.001625,neutron,pi+,solid
684,11.0,0.323603,0.642675,0.573773,4.289319,0.229187,AUT,573284.608879,0.017986,0.017970,0.017969,0.070207,0.001634,neutron,pi+,solid
685,11.0,0.371695,0.600255,0.573979,4.597936,0.210985,AUT,576187.679489,0.019274,0.019178,0.019200,0.070207,0.001739,neutron,pi+,solid
686,11.0,0.435982,0.499671,0.573190,4.481419,0.219461,AUT,364887.831327,0.026551,0.026483,0.026396,0.070207,0.001901,neutron,pi+,solid
687,11.0,0.330816,0.645364,0.575566,4.399664,0.477553,AUT,191687.795944,0.038519,0.034902,0.034948,0.070207,0.001650,neutron,pi+,solid
688,11.0,0.413083,0.537982,0.574639,4.567925,0.461519,AUT,57518.614870,0.082712,0.074930,0.074050,0.070207,0.001840,neutron,pi+,solid
689,11.0,0.332467,0.636998,0.623778,4.366296,0.230543,AUT,597837.480888,0.018097,0.018053,0.018089,0.070207,0.001676,neutron,pi+,solid
690,11.0,0.401796,0.554783,0.623459,4.579055,0.214843,AUT,501115.100344,0.021666,0.021692,0.021592,0.070207,0.001842,neutron,pi+,solid
691,11.0,0.338629,0.635784,0.625127,4.428410,0.489058,AUT,230227.247123,0.034862,0.032055,0.032072,0.070207,0.001691,neutron,pi+,solid
692,11.0,0.423462,0.533358,0.622038,4.659838,0.461892,AUT,19178.013158,0.138616,0.130126,0.128493,0.070207,0.001900,neutron,pi+,solid
693,11.0,0.344041,0.625589,0.673772,4.430885,0.230956,AUT,609615.495044,0.018431,0.018410,0.018415,0.070207,0.001729,neutron,pi+,solid
694,11.0,0.411691,0.547775,0.671892,4.650513,0.207391,AUT,163128.751879,0.039492,0.039427,0.039313,0.070207,0.001903,neutron,pi+,solid
695,11.0,0.339492,0.635808,0.674267,4.439883,0.500311,AUT,230904.856846,0.033976,0.031898,0.031944,0.070207,0.001719,neutron,pi+,solid
696,11.0,0.387800,0.651742,0.323970,5.214540,0.118760,AUT,409785.569207,0.021664,0.021651,0.021655,0.070207,0.001665,neutron,pi+,solid
697,11.0,0.418093,0.626812,0.324002,5.408722,0.114927,AUT,406971.879747,0.022626,0.022591,0.022538,0.070207,0.001728,neutron,pi+,solid
698,11.0,0.442929,0.599728,0.323928,5.481742,0.111844,AUT,398685.483166,0.023746,0.023626,0.023623,0.070207,0.001785,neutron,pi+,solid
699,11.0,0.474869,0.562907,0.323720,5.514992,0.111904,AUT,403393.585580,0.024648,0.024667,0.024559,0.070207,0.001865,neutron,pi+,solid
700,11.0,0.522503,0.521619,0.323758,5.621390,0.120899,AUT,256722.171554,0.033307,0.033296,0.033249,0.070207,0.002007,neutron,pi+,solid
701,11.0,0.384851,0.657516,0.326019,5.221057,0.254693,AUT,170771.879833,0.040604,0.037010,0.036989,0.070207,0.001660,neutron,pi+,solid
702,11.0,0.418390,0.633270,0.325993,5.468061,0.253738,AUT,144672.996087,0.065313,0.051870,0.051860,0.070207,0.001730,neutron,pi+,solid
703,11.0,0.449194,0.594084,0.326074,5.505468,0.252472,AUT,129197.753913,0.073105,0.058343,0.058038,0.070207,0.001801,neutron,pi+,solid
704,11.0,0.496222,0.540146,0.326323,5.526460,0.249244,AUT,145222.165175,0.044177,0.044471,0.044059,0.070207,0.001927,neutron,pi+,solid
705,11.0,0.546128,0.504560,0.326080,5.687546,0.249998,AUT,42927.824424,0.087139,0.090503,0.089684,0.070207,0.002090,neutron,pi+,solid
706,11.0,0.396818,0.658430,0.333442,5.389185,0.418216,AUT,2149.977538,5.522894,2.968438,2.887891,0.070207,0.001689,neutron,pi+,solid
707,11.0,0.462323,0.606437,0.339672,5.774040,0.411932,AUT,252.802684,9.761203,5.362577,5.492269,0.070207,0.001844,neutron,pi+,solid
708,11.0,0.423961,0.617259,0.320453,5.379411,0.794354,AUT,38863.917990,0.919167,0.502320,0.500654,0.070207,0.001740,neutron,pi+,solid
709,11.0,0.394829,0.645284,0.373600,5.255236,0.120971,AUT,427835.501167,0.021661,0.021666,0.021698,0.070207,0.001703,neutron,pi+,solid
710,11.0,0.432670,0.611161,0.373855,5.456270,0.118242,AUT,420947.395607,0.022952,0.022977,0.022915,0.070207,0.001788,neutron,pi+,solid
711,11.0,0.474472,0.564712,0.373753,5.525337,0.116169,AUT,425029.686449,0.024212,0.024260,0.024243,0.070207,0.001896,neutron,pi+,solid
712,11.0,0.529634,0.516720,0.373450,5.646158,0.126009,AUT,133380.519012,0.048325,0.047939,0.047979,0.070207,0.002071,neutron,pi+,solid
713,11.0,0.389000,0.653998,0.375088,5.248493,0.265292,AUT,227415.997694,0.033583,0.031552,0.031582,0.070207,0.001691,neutron,pi+,solid
714,11.0,0.427738,0.622411,0.375291,5.492981,0.264097,AUT,196867.808461,0.049658,0.041725,0.041605,0.070207,0.001777,neutron,pi+,solid
715,11.0,0.471901,0.564749,0.375517,5.495358,0.262198,AUT,195478.716726,0.040260,0.038366,0.038024,0.070207,0.001890,neutron,pi+,solid
716,11.0,0.528001,0.515161,0.375146,5.611103,0.264331,AUT,117542.536446,0.050732,0.051971,0.051514,0.070207,0.002067,neutron,pi+,solid
717,11.0,0.405380,0.646493,0.380098,5.401175,0.429673,AUT,13071.418779,1.270138,0.704936,0.698247,0.070207,0.001729,neutron,pi+,solid
718,11.0,0.495876,0.552096,0.384294,5.631870,0.418287,AUT,3161.311300,0.501356,0.413738,0.405114,0.070207,0.001968,neutron,pi+,solid
719,11.0,0.411808,0.631807,0.369799,5.357265,0.893612,AUT,11605.965345,1.699618,0.928763,0.927360,0.070207,0.001738,neutron,pi+,solid
720,11.0,0.403299,0.637918,0.423702,5.304876,0.122746,AUT,435870.167925,0.021958,0.021942,0.021960,0.070207,0.001744,neutron,pi+,solid
721,11.0,0.456679,0.583749,0.423697,5.495992,0.119512,AUT,435482.356705,0.023687,0.023718,0.023664,0.070207,0.001876,neutron,pi+,solid
722,11.0,0.517767,0.526194,0.423459,5.618466,0.124615,AUT,151601.708304,0.044370,0.044336,0.044354,0.070207,0.002067,neutron,pi+,solid
723,11.0,0.393655,0.650028,0.424692,5.278161,0.274109,AUT,264130.301793,0.030548,0.029225,0.029205,0.070207,0.001723,neutron,pi+,solid
724,11.0,0.441121,0.603999,0.424934,5.494004,0.270675,AUT,240613.151650,0.039289,0.035437,0.035305,0.070207,0.001836,neutron,pi+,solid
725,11.0,0.506191,0.532986,0.424615,5.558137,0.274019,AUT,225774.187120,0.035292,0.035930,0.035595,0.070207,0.002028,neutron,pi+,solid
726,11.0,0.414664,0.633516,0.428290,5.405431,0.439727,AUT,36868.913924,0.303076,0.190200,0.191573,0.070207,0.001773,neutron,pi+,solid
727,11.0,0.512400,0.530044,0.429188,5.596168,0.428853,AUT,10546.423754,0.196900,0.207177,0.204429,0.070207,0.002052,neutron,pi+,solid
728,11.0,0.397074,0.648782,0.417855,5.312228,0.977039,AUT,2670.958533,1.367176,0.820444,0.835894,0.070207,0.001727,neutron,pi+,solid
729,11.0,0.414074,0.627342,0.473639,5.352450,0.124266,AUT,441619.990404,0.022408,0.022400,0.022477,0.070207,0.001793,neutron,pi+,solid
730,11.0,0.486407,0.554360,0.473648,5.552157,0.122342,AUT,292321.952789,0.030617,0.030731,0.030674,0.070207,0.001996,neutron,pi+,solid
731,11.0,0.400633,0.644107,0.474423,5.321190,0.280090,AUT,300049.909298,0.028701,0.027801,0.027671,0.070207,0.001761,neutron,pi+,solid
732,11.0,0.465847,0.573176,0.474515,5.498603,0.276641,AUT,289514.177915,0.031473,0.030909,0.030664,0.070207,0.001932,neutron,pi+,solid
733,11.0,0.534571,0.510863,0.474314,5.635078,0.286524,AUT,75313.192815,0.069582,0.068814,0.068624,0.070207,0.002169,neutron,pi+,solid
734,11.0,0.427671,0.617070,0.476574,5.415955,0.450214,AUT,72072.463196,0.129619,0.094238,0.094398,0.070207,0.001829,neutron,pi+,solid
735,11.0,0.532585,0.512930,0.476325,5.636495,0.441155,AUT,9819.779788,0.181748,0.216569,0.214330,0.070207,0.002163,neutron,pi+,solid
736,11.0,0.390303,0.662867,0.473755,5.337707,0.809950,AUT,669.332593,0.564568,0.919837,0.925981,0.070207,0.001737,neutron,pi+,solid
737,11.0,0.430407,0.610267,0.523687,5.400781,0.124786,AUT,459147.639545,0.022867,0.022888,0.022824,0.070207,0.001862,neutron,pi+,solid
738,11.0,0.517331,0.527218,0.523545,5.624796,0.127262,AUT,72943.149611,0.066483,0.066444,0.066369,0.070207,0.002144,neutron,pi+,solid
739,11.0,0.408926,0.635631,0.524277,5.356494,0.283961,AUT,323249.904568,0.027747,0.027084,0.027064,0.070207,0.001807,neutron,pi+,solid
740,11.0,0.489526,0.549628,0.524114,5.536220,0.284950,AUT,244665.124613,0.034392,0.034614,0.034419,0.070207,0.002043,neutron,pi+,solid
741,11.0,0.417216,0.628146,0.526046,5.391708,0.464946,AUT,82094.183558,0.118570,0.086617,0.086676,0.070207,0.001829,neutron,pi+,solid
742,11.0,0.504123,0.535953,0.524823,5.570528,0.452237,AUT,24522.306053,0.121121,0.126320,0.124404,0.070207,0.002095,neutron,pi+,solid
743,11.0,0.403705,0.638758,0.573853,5.316898,0.218356,AUT,388871.281158,0.024466,0.024408,0.024432,0.070207,0.001822,neutron,pi+,solid
744,11.0,0.465678,0.574114,0.573983,5.507322,0.209659,AUT,396084.448059,0.026575,0.026587,0.026591,0.070207,0.002001,neutron,pi+,solid
745,11.0,0.531080,0.517692,0.571586,5.673739,0.218272,AUT,55111.690640,0.082739,0.081713,0.081585,0.070207,0.002248,neutron,pi+,solid
746,11.0,0.429481,0.614834,0.575050,5.416866,0.474546,AUT,116707.263505,0.073263,0.060291,0.059853,0.070207,0.001894,neutron,pi+,solid
747,11.0,0.544432,0.526649,0.555928,5.918513,0.415574,AUT,61.773858,2.386235,2.506561,2.419750,0.070207,0.002292,neutron,pi+,solid
748,11.0,0.413732,0.628599,0.623823,5.358006,0.221832,AUT,403709.192204,0.024785,0.024732,0.024725,0.070207,0.001882,neutron,pi+,solid
749,11.0,0.480097,0.560561,0.622817,5.548618,0.209493,AUT,202309.075479,0.038826,0.038924,0.038701,0.070207,0.002093,neutron,pi+,solid
750,11.0,0.420175,0.626253,0.624346,5.410059,0.483976,AUT,106082.273586,0.073287,0.061333,0.061158,0.070207,0.001901,neutron,pi+,solid
751,11.0,0.410781,0.632619,0.673707,5.354898,0.274221,AUT,361956.193623,0.026885,0.026608,0.026638,0.070207,0.001909,neutron,pi+,solid
752,11.0,0.467256,0.579565,0.670145,5.587151,0.212805,AUT,110426.987573,0.052997,0.052705,0.052713,0.070207,0.002090,neutron,pi+,solid
753,11.0,0.477195,0.643907,0.324043,6.336697,0.115530,AUT,407157.871366,0.024483,0.024481,0.024529,0.070207,0.001875,neutron,pi+,solid
754,11.0,0.540275,0.601157,0.323777,6.699364,0.114167,AUT,409716.299721,0.026954,0.026954,0.026968,0.070207,0.002072,neutron,pi+,solid
755,11.0,0.597192,0.585953,0.323818,7.224730,0.116050,AUT,129457.065940,0.053146,0.053389,0.052991,0.070207,0.002302,neutron,pi+,solid
756,11.0,0.480394,0.643557,0.325921,6.373635,0.255869,AUT,153426.232255,0.071916,0.056613,0.056432,0.070207,0.001885,neutron,pi+,solid
757,11.0,0.560186,0.588127,0.326042,6.794965,0.254960,AUT,161993.419138,0.049593,0.047953,0.047239,0.070207,0.002148,neutron,pi+,solid
758,11.0,0.625477,0.593337,0.325888,7.660990,0.256306,AUT,7446.135660,0.242551,0.245310,0.242711,0.070207,0.002443,neutron,pi+,solid
759,11.0,0.491440,0.638755,0.319772,6.468851,0.670465,AUT,5634.618252,0.240619,0.341675,0.341245,0.070207,0.001913,neutron,pi+,solid
760,11.0,0.596695,0.605540,0.336690,7.456089,0.427985,AUT,178.255857,3.079694,2.305098,2.307781,0.070207,0.002316,neutron,pi+,solid
761,11.0,0.489647,0.634994,0.373821,6.408590,0.119436,AUT,426856.385942,0.024826,0.024775,0.024849,0.070207,0.001945,neutron,pi+,solid
762,11.0,0.567535,0.591415,0.373736,6.926135,0.118372,AUT,281913.240392,0.034868,0.034903,0.034985,0.070207,0.002225,neutron,pi+,solid
763,11.0,0.488925,0.636790,0.375117,6.414922,0.265805,AUT,213665.400992,0.048298,0.041891,0.041714,0.070207,0.001944,neutron,pi+,solid
764,11.0,0.571694,0.583246,0.375108,6.881406,0.266378,AUT,156271.305642,0.048529,0.048490,0.047998,0.070207,0.002243,neutron,pi+,solid
765,11.0,0.513230,0.628461,0.379297,6.628508,0.484018,AUT,12457.517391,0.203436,0.191788,0.189864,0.070207,0.002027,neutron,pi+,solid
766,11.0,0.637360,0.598941,0.380414,7.879921,0.422625,AUT,32.875082,5.846781,5.220659,5.343992,0.070207,0.002584,neutron,pi+,solid
767,11.0,0.508552,0.622582,0.423681,6.517508,0.121663,AUT,439271.671846,0.025618,0.025607,0.025614,0.070207,0.002041,neutron,pi+,solid
768,11.0,0.596413,0.586856,0.423480,7.226338,0.120259,AUT,70636.087852,0.075271,0.075427,0.075502,0.070207,0.002411,neutron,pi+,solid
769,11.0,0.500894,0.627266,0.424770,6.467497,0.272467,AUT,260919.737922,0.038225,0.035768,0.035567,0.070207,0.002016,neutron,pi+,solid
770,11.0,0.585298,0.578804,0.424531,6.994809,0.275806,AUT,96098.437654,0.063019,0.063794,0.063303,0.070207,0.002356,neutron,pi+,solid
771,11.0,0.522144,0.618797,0.428044,6.638790,0.441655,AUT,28884.881569,0.205480,0.156347,0.154032,0.070207,0.002095,neutron,pi+,solid
772,11.0,0.484618,0.638816,0.473935,6.381892,0.193894,AUT,367573.688145,0.027965,0.027672,0.027720,0.070207,0.001995,neutron,pi+,solid
773,11.0,0.563408,0.591332,0.473899,6.873322,0.197898,AUT,323667.135718,0.033810,0.033944,0.033804,0.070207,0.002303,neutron,pi+,solid
774,11.0,0.521836,0.617439,0.476173,6.623005,0.452874,AUT,44102.175561,0.147279,0.118037,0.116237,0.070207,0.002132,neutron,pi+,solid
775,11.0,0.497589,0.629741,0.523965,6.454572,0.203999,AUT,383451.966643,0.028345,0.028170,0.028088,0.070207,0.002078,neutron,pi+,solid
776,11.0,0.578802,0.585438,0.523653,6.995016,0.210146,AUT,155566.912550,0.051287,0.051537,0.051431,0.070207,0.002435,neutron,pi+,solid
777,11.0,0.514210,0.622952,0.524957,6.590477,0.463307,AUT,51582.400925,0.140108,0.110095,0.111049,0.070207,0.002143,neutron,pi+,solid
778,11.0,0.497703,0.629937,0.574044,6.457840,0.244231,AUT,343423.586493,0.031028,0.030676,0.030530,0.070207,0.002123,neutron,pi+,solid
779,11.0,0.575865,0.593501,0.571999,7.055754,0.213265,AUT,98320.161405,0.066083,0.066187,0.065857,0.070207,0.002484,neutron,pi+,solid
780,11.0,0.503842,0.630837,0.622959,6.547536,0.244170,AUT,294939.451876,0.034411,0.034094,0.034123,0.070207,0.002198,neutron,pi+,solid
781,11.0,0.487616,0.643506,0.671496,6.470239,0.245734,AUT,154614.635298,0.046687,0.046364,0.046394,0.070207,0.002181,neutron,pi+,solid
782,8.8,0.105166,0.651322,0.323189,1.125428,0.148099,AUT,3258393.897643,0.006344,0.005803,0.005839,0.070207,0.001730,neutron,pi+,solid
783,8.8,0.125130,0.583822,0.323922,1.205588,0.129310,AUT,3131017.523337,0.005748,0.005631,0.005627,0.070207,0.001780,neutron,pi+,solid
784,8.8,0.139016,0.552900,0.324196,1.268857,0.117536,AUT,3098718.138510,0.005704,0.005694,0.005696,0.070207,0.001816,neutron,pi+,solid
785,8.8,0.151652,0.531324,0.324176,1.330231,0.109082,AUT,2987804.997738,0.005900,0.005891,0.005908,0.070207,0.001850,neutron,pi+,solid
786,8.8,0.164035,0.511879,0.324249,1.386261,0.102772,AUT,3002416.954218,0.006052,0.006015,0.006021,0.070207,0.001884,neutron,pi+,solid
787,8.8,0.176767,0.493677,0.324402,1.440764,0.097832,AUT,3054618.718833,0.006178,0.006118,0.006117,0.070207,0.001920,neutron,pi+,solid
788,8.8,0.190297,0.478571,0.324589,1.503709,0.094861,AUT,2936811.665268,0.006470,0.006399,0.006367,0.070207,0.001958,neutron,pi+,solid
789,8.8,0.206516,0.463259,0.324530,1.579287,0.091932,AUT,2882601.537445,0.006716,0.006617,0.006599,0.070207,0.002003,neutron,pi+,solid
790,8.8,0.231433,0.437698,0.324627,1.671296,0.091434,AUT,2997287.671955,0.006700,0.006691,0.006640,0.070207,0.002072,neutron,pi+,solid
791,8.8,0.268923,0.408638,0.324525,1.812969,0.101606,AUT,1341198.808079,0.010413,0.010505,0.010436,0.070207,0.002172,neutron,pi+,solid
792,8.8,0.086553,0.747762,0.324329,1.066957,0.294529,AUT,1783770.564741,0.010890,0.009089,0.009107,0.070207,0.001688,neutron,pi+,solid
793,8.8,0.098339,0.699086,0.324930,1.134856,0.277867,AUT,1533752.529318,0.010391,0.009106,0.009146,0.070207,0.001714,neutron,pi+,solid
794,8.8,0.107275,0.674246,0.325417,1.194210,0.266594,AUT,1317946.564922,0.010338,0.009466,0.009455,0.070207,0.001735,neutron,pi+,solid
795,8.8,0.115779,0.658315,0.325780,1.258489,0.258678,AUT,1147182.739183,0.010293,0.009761,0.009801,0.070207,0.001756,neutron,pi+,solid
796,8.8,0.124542,0.647260,0.326005,1.331051,0.252982,AUT,959114.311950,0.010726,0.010412,0.010429,0.070207,0.001778,neutron,pi+,solid
797,8.8,0.133909,0.637448,0.326228,1.409448,0.247466,AUT,779865.316590,0.011587,0.011457,0.011471,0.070207,0.001802,neutron,pi+,solid
798,8.8,0.144116,0.626141,0.326450,1.489974,0.242599,AUT,630120.817858,0.012756,0.012735,0.012745,0.070207,0.001830,neutron,pi+,solid
799,8.8,0.155303,0.613533,0.326843,1.573241,0.238677,AUT,472766.281519,0.014982,0.014895,0.014957,0.070207,0.001861,neutron,pi+,solid
800,8.8,0.167634,0.596363,0.327156,1.650511,0.235786,AUT,342597.556701,0.018883,0.018319,0.018394,0.070207,0.001896,neutron,pi+,solid
801,8.8,0.181486,0.572622,0.327180,1.715541,0.235608,AUT,243525.002549,0.026217,0.023931,0.023876,0.070207,0.001936,neutron,pi+,solid
802,8.8,0.198364,0.537579,0.328005,1.759641,0.231057,AUT,157213.858353,0.052082,0.040157,0.039944,0.070207,0.001983,neutron,pi+,solid
803,8.8,0.225128,0.476962,0.330066,1.769711,0.220393,AUT,96675.335870,0.085813,0.061863,0.061867,0.070207,0.002057,neutron,pi+,solid
804,8.8,0.269213,0.413246,0.331032,1.833951,0.214539,AUT,51622.428905,0.064793,0.071807,0.071235,0.070207,0.002176,neutron,pi+,solid
805,8.8,0.088197,0.743279,0.323957,1.079146,0.495644,AUT,757268.032768,0.028206,0.019532,0.019480,0.070207,0.001691,neutron,pi+,solid
806,8.8,0.106461,0.656115,0.321955,1.152027,0.517266,AUT,688799.757375,0.049409,0.030498,0.030421,0.070207,0.001733,neutron,pi+,solid
807,8.8,0.122114,0.596935,0.321749,1.202559,0.517887,AUT,796847.290309,0.073321,0.042310,0.042362,0.070207,0.001772,neutron,pi+,solid
808,8.8,0.139176,0.546778,0.322108,1.255492,0.514536,AUT,881232.340009,0.097305,0.054527,0.054462,0.070207,0.001816,neutron,pi+,solid
809,8.8,0.158681,0.501557,0.322461,1.312984,0.509293,AUT,968894.422963,0.113821,0.062860,0.062702,0.070207,0.001869,neutron,pi+,solid
810,8.8,0.181618,0.460483,0.322729,1.379849,0.504233,AUT,1012149.031858,0.129562,0.070806,0.070560,0.070207,0.001933,neutron,pi+,solid
811,8.8,0.214412,0.433510,0.322568,1.533141,0.509693,AUT,1029510.650619,0.152209,0.082439,0.082134,0.070207,0.002023,neutron,pi+,solid
812,8.8,0.261725,0.407354,0.322334,1.758868,0.520931,AUT,356057.022909,0.313005,0.168175,0.167346,0.070207,0.002152,neutron,pi+,solid
813,8.8,0.136668,0.635804,0.329577,1.386505,0.641621,AUT,1379297.893565,0.063718,0.036762,0.036316,0.070207,0.001809,neutron,pi+,solid
814,8.8,0.112498,0.620606,0.373464,1.146159,0.143262,AUT,3477484.603271,0.005776,0.005480,0.005483,0.070207,0.001757,neutron,pi+,solid
815,8.8,0.136520,0.551747,0.373829,1.242890,0.122510,AUT,3379270.120591,0.005460,0.005450,0.005477,0.070207,0.001820,neutron,pi+,solid
816,8.8,0.153835,0.520667,0.374090,1.322096,0.112033,AUT,3273662.915642,0.005689,0.005680,0.005695,0.070207,0.001869,neutron,pi+,solid
817,8.8,0.170179,0.496223,0.374227,1.394006,0.105178,AUT,3278778.324079,0.005923,0.005878,0.005864,0.070207,0.001915,neutron,pi+,solid
818,8.8,0.187092,0.477057,0.374162,1.473594,0.102407,AUT,3247795.278753,0.006112,0.006057,0.006047,0.070207,0.001964,neutron,pi+,solid
819,8.8,0.208080,0.459029,0.374271,1.576398,0.100302,AUT,3327086.055723,0.006209,0.006168,0.006161,0.070207,0.002024,neutron,pi+,solid
820,8.8,0.246978,0.424542,0.374193,1.727095,0.105373,AUT,3208155.032543,0.006521,0.006587,0.006565,0.070207,0.002132,neutron,pi+,solid
821,8.8,0.090052,0.729743,0.373832,1.082454,0.299358,AUT,2129105.431818,0.009470,0.008039,0.008097,0.070207,0.001702,neutron,pi+,solid
822,8.8,0.104532,0.674173,0.374618,1.163198,0.284280,AUT,1794365.718497,0.008931,0.008095,0.008137,0.070207,0.001737,neutron,pi+,solid
823,8.8,0.115318,0.648882,0.374905,1.235437,0.273282,AUT,1505667.096771,0.009035,0.008502,0.008564,0.070207,0.001764,neutron,pi+,solid
824,8.8,0.126053,0.632898,0.375372,1.317215,0.265226,AUT,1346836.875743,0.008988,0.008770,0.008779,0.070207,0.001792,neutron,pi+,solid
825,8.8,0.137793,0.620248,0.375538,1.411150,0.258177,AUT,1089840.595089,0.009749,0.009644,0.009700,0.070207,0.001824,neutron,pi+,solid
826,8.8,0.150463,0.606204,0.375932,1.505962,0.251459,AUT,857553.682117,0.011099,0.011069,0.011047,0.070207,0.001859,neutron,pi+,solid
827,8.8,0.164759,0.588321,0.376245,1.600261,0.244630,AUT,667081.502597,0.013296,0.013058,0.013049,0.070207,0.001901,neutron,pi+,solid
828,8.8,0.181307,0.563338,0.376710,1.685853,0.238167,AUT,496286.560982,0.018175,0.016733,0.016686,0.070207,0.001949,neutron,pi+,solid
829,8.8,0.202882,0.512854,0.377290,1.715436,0.231612,AUT,346469.617947,0.036157,0.027721,0.027573,0.070207,0.002011,neutron,pi+,solid
830,8.8,0.247919,0.431556,0.377697,1.759012,0.225200,AUT,301746.872491,0.027549,0.026538,0.026227,0.070207,0.002135,neutron,pi+,solid
831,8.8,0.088345,0.749138,0.375253,1.089997,0.476627,AUT,785123.290003,0.019180,0.015018,0.015126,0.070207,0.001698,neutron,pi+,solid
832,8.8,0.109232,0.662156,0.373285,1.192036,0.512855,AUT,448660.016077,0.027952,0.021245,0.021129,0.070207,0.001749,neutron,pi+,solid
833,8.8,0.129292,0.568632,0.370947,1.211647,0.541361,AUT,414965.380219,0.044909,0.030379,0.030431,0.070207,0.001801,neutron,pi+,solid
834,8.8,0.151150,0.494258,0.370475,1.231692,0.545595,AUT,458357.933798,0.085717,0.050296,0.050404,0.070207,0.001861,neutron,pi+,solid
835,8.8,0.175713,0.435755,0.370917,1.262591,0.540062,AUT,535077.504656,0.153217,0.084372,0.084115,0.070207,0.001931,neutron,pi+,solid
836,8.8,0.209048,0.410124,0.370500,1.415020,0.545766,AUT,527949.588543,0.223852,0.120914,0.120428,0.070207,0.002024,neutron,pi+,solid
837,8.8,0.257486,0.400856,0.368664,1.703874,0.558619,AUT,142611.308507,0.560164,0.298764,0.297377,0.070207,0.002159,neutron,pi+,solid
838,8.8,0.118914,0.637520,0.375585,1.231233,0.672197,AUT,1581241.577498,0.059266,0.033943,0.033892,0.070207,0.001774,neutron,pi+,solid
839,8.8,0.195937,0.504437,0.376989,1.614287,0.658644,AUT,988344.922556,0.128394,0.070280,0.070097,0.070207,0.001986,neutron,pi+,solid
840,8.8,0.120298,0.591427,0.423540,1.167305,0.137879,AUT,3656632.960574,0.005406,0.005267,0.005283,0.070207,0.001785,neutron,pi+,solid
841,8.8,0.148918,0.523051,0.423945,1.285049,0.117512,AUT,3555287.345685,0.005451,0.005452,0.005437,0.070207,0.001864,neutron,pi+,solid
842,8.8,0.170694,0.490459,0.423993,1.381646,0.109670,AUT,3415496.795505,0.005799,0.005765,0.005764,0.070207,0.001928,neutron,pi+,solid
843,8.8,0.193186,0.468372,0.424069,1.493691,0.107535,AUT,3484759.861082,0.005938,0.005916,0.005906,0.070207,0.001994,neutron,pi+,solid
844,8.8,0.228359,0.439438,0.424152,1.653847,0.108641,AUT,3533758.238568,0.006137,0.006162,0.006129,0.070207,0.002095,neutron,pi+,solid
845,8.8,0.277007,0.404006,0.423888,1.847024,0.122956,AUT,530124.979316,0.018117,0.017711,0.017712,0.070207,0.002233,neutron,pi+,solid
846,8.8,0.094069,0.709818,0.423765,1.098749,0.302158,AUT,2339037.979716,0.008497,0.007424,0.007407,0.070207,0.001717,neutron,pi+,solid
847,8.8,0.111984,0.647030,0.424353,1.195843,0.285894,AUT,2062432.643616,0.007827,0.007309,0.007340,0.070207,0.001763,neutron,pi+,solid
848,8.8,0.126446,0.621841,0.424803,1.298097,0.275185,AUT,1764328.894823,0.007838,0.007650,0.007684,0.070207,0.001801,neutron,pi+,solid
849,8.8,0.141543,0.604093,0.425101,1.411622,0.266668,AUT,1416724.865987,0.008549,0.008500,0.008568,0.070207,0.001843,neutron,pi+,solid
850,8.8,0.158227,0.584234,0.425416,1.525963,0.257928,AUT,1093360.251194,0.010105,0.010021,0.010031,0.070207,0.001892,neutron,pi+,solid
851,8.8,0.177572,0.555339,0.425694,1.627362,0.248786,AUT,862889.374277,0.012845,0.012218,0.012203,0.070207,0.001949,neutron,pi+,solid
852,8.8,0.203855,0.498619,0.426240,1.674439,0.239769,AUT,654140.947149,0.021063,0.017612,0.017528,0.070207,0.002026,neutron,pi+,solid
853,8.8,0.253002,0.422204,0.426602,1.758270,0.234230,AUT,422986.828444,0.019903,0.020566,0.020228,0.070207,0.002165,neutron,pi+,solid
854,8.8,0.090660,0.741449,0.425388,1.106953,0.466534,AUT,970897.498727,0.014651,0.012410,0.012392,0.070207,0.001709,neutron,pi+,solid
855,8.8,0.113909,0.681996,0.425614,1.280828,0.463025,AUT,382889.022360,0.019483,0.017869,0.017875,0.070207,0.001768,neutron,pi+,solid
856,8.8,0.139066,0.562233,0.422141,1.285117,0.513816,AUT,191139.150583,0.030386,0.026855,0.027172,0.070207,0.001836,neutron,pi+,solid
857,8.8,0.170054,0.422601,0.419232,1.182613,0.556090,AUT,191718.010617,0.059949,0.045352,0.045816,0.070207,0.001925,neutron,pi+,solid
858,8.8,0.206457,0.384147,0.416540,1.309996,0.565637,AUT,140270.429352,0.200935,0.115397,0.115158,0.070207,0.002029,neutron,pi+,solid
859,8.8,0.266109,0.391654,0.408671,1.721322,0.579681,AUT,3916.020013,3.802328,2.048100,2.042453,0.070207,0.002197,neutron,pi+,solid
860,8.8,0.110361,0.647346,0.423623,1.163952,0.691554,AUT,1030027.397400,0.061979,0.036092,0.035999,0.070207,0.001758,neutron,pi+,solid
861,8.8,0.174188,0.501413,0.423753,1.429619,0.683958,AUT,1350475.419911,0.103289,0.056815,0.056678,0.070207,0.001935,neutron,pi+,solid
862,8.8,0.251130,0.439534,0.419684,1.821349,0.668478,AUT,65068.138382,0.736600,0.395243,0.393454,0.070207,0.002160,neutron,pi+,solid
863,8.8,0.127574,0.567993,0.473619,1.188012,0.133353,AUT,3650918.665628,0.005325,0.005263,0.005282,0.070207,0.001811,neutron,pi+,solid
864,8.8,0.161616,0.498916,0.474101,1.329852,0.115155,AUT,3614031.349634,0.005559,0.005550,0.005535,0.070207,0.001910,neutron,pi+,solid
865,8.8,0.191093,0.467689,0.473992,1.474952,0.111994,AUT,3688397.085451,0.005761,0.005752,0.005741,0.070207,0.001998,neutron,pi+,solid
866,8.8,0.235656,0.433668,0.474024,1.681993,0.116083,AUT,3059987.634417,0.006681,0.006720,0.006695,0.070207,0.002129,neutron,pi+,solid
867,8.8,0.098805,0.688097,0.473785,1.117342,0.303492,AUT,2500823.987745,0.007785,0.006949,0.006959,0.070207,0.001734,neutron,pi+,solid
868,8.8,0.120760,0.620779,0.474370,1.237072,0.285716,AUT,2191044.846335,0.007150,0.006903,0.006923,0.070207,0.001792,neutron,pi+,solid
869,8.8,0.139832,0.594737,0.474853,1.372734,0.275763,AUT,1813047.972351,0.007576,0.007545,0.007562,0.070207,0.001846,neutron,pi+,solid
870,8.8,0.160940,0.569055,0.474951,1.511321,0.265482,AUT,1419280.027842,0.009022,0.008916,0.008928,0.070207,0.001909,neutron,pi+,solid
871,8.8,0.186012,0.528359,0.475352,1.620726,0.254208,AUT,1085989.844251,0.012234,0.011413,0.011363,0.070207,0.001985,neutron,pi+,solid
872,8.8,0.235647,0.440943,0.475892,1.703887,0.244844,AUT,991535.788483,0.013192,0.012802,0.012657,0.070207,0.002129,neutron,pi+,solid
873,8.8,0.093578,0.728739,0.475268,1.122300,0.473458,AUT,1205867.098784,0.012644,0.010900,0.010841,0.070207,0.001721,neutron,pi+,solid
874,8.8,0.120134,0.683315,0.476544,1.354415,0.448856,AUT,478870.757825,0.015677,0.015269,0.015373,0.070207,0.001791,neutron,pi+,solid
875,8.8,0.150673,0.615347,0.475917,1.523734,0.456042,AUT,127482.894290,0.029177,0.029167,0.029163,0.070207,0.001880,neutron,pi+,solid
876,8.8,0.185853,0.478165,0.469438,1.465162,0.508264,AUT,27238.409587,0.067517,0.081144,0.081678,0.070207,0.001983,neutron,pi+,solid
877,8.8,0.246241,0.412822,0.465165,1.679258,0.547684,AUT,11.468491,-1.000000,97472695.107824,276984528.479032,0.070207,0.002159,neutron,pi+,solid
878,8.8,0.110035,0.642853,0.472675,1.146122,0.711034,AUT,656182.240677,0.046874,0.029333,0.029441,0.070207,0.001763,neutron,pi+,solid
879,8.8,0.170790,0.489581,0.470985,1.374205,0.709551,AUT,707960.702627,0.149428,0.081989,0.081770,0.070207,0.001934,neutron,pi+,solid
880,8.8,0.133735,0.624944,0.475948,1.348126,0.875547,AUT,658498.606258,0.098178,0.055823,0.055745,0.070207,0.001828,neutron,pi+,solid
881,8.8,0.136008,0.544685,0.523766,1.213053,0.129267,AUT,3808071.596294,0.005242,0.005215,0.005214,0.070207,0.001843,neutron,pi+,solid
882,8.8,0.178075,0.475769,0.524006,1.397162,0.115850,AUT,3803155.489661,0.005582,0.005574,0.005569,0.070207,0.001970,neutron,pi+,solid
883,8.8,0.226796,0.441290,0.523852,1.646199,0.118511,AUT,3180970.481225,0.006533,0.006540,0.006537,0.070207,0.002117,neutron,pi+,solid
884,8.8,0.104550,0.664437,0.523882,1.139947,0.303760,AUT,2713616.808005,0.007027,0.006458,0.006471,0.070207,0.001755,neutron,pi+,solid
885,8.8,0.131593,0.595349,0.524419,1.292634,0.284749,AUT,2180507.998048,0.006955,0.006861,0.006881,0.070207,0.001830,neutron,pi+,solid
886,8.8,0.156794,0.563865,0.524622,1.458648,0.274089,AUT,1792488.688876,0.007966,0.007898,0.007899,0.070207,0.001906,neutron,pi+,solid
887,8.8,0.187795,0.514823,0.525090,1.593178,0.261464,AUT,1429559.798610,0.010534,0.009912,0.009897,0.070207,0.002002,neutron,pi+,solid
888,8.8,0.240854,0.429947,0.525349,1.702010,0.253691,AUT,979267.131617,0.012368,0.012476,0.012366,0.070207,0.002160,neutron,pi+,solid
889,8.8,0.097366,0.712646,0.524948,1.140934,0.479492,AUT,1427140.350046,0.011166,0.009728,0.009734,0.070207,0.001736,neutron,pi+,solid
890,8.8,0.128920,0.664278,0.526286,1.412794,0.454468,AUT,572672.310222,0.013867,0.013781,0.013781,0.070207,0.001824,neutron,pi+,solid
891,8.8,0.167489,0.619578,0.527645,1.709394,0.437459,AUT,109786.929575,0.041192,0.036867,0.036866,0.070207,0.001942,neutron,pi+,solid
892,8.8,0.223419,0.517767,0.529789,1.904326,0.417606,AUT,3164.009412,2.468115,1.354797,1.354722,0.070207,0.002116,neutron,pi+,solid
893,8.8,0.106517,0.662764,0.523099,1.133641,0.708959,AUT,440050.465296,0.031935,0.023297,0.023149,0.070207,0.001760,neutron,pi+,solid
894,8.8,0.166335,0.487075,0.517451,1.337569,0.737767,AUT,159944.565702,0.272037,0.150492,0.149604,0.070207,0.001931,neutron,pi+,solid
895,8.8,0.127922,0.629134,0.523869,1.303133,0.902129,AUT,685390.742550,0.096037,0.054479,0.054577,0.070207,0.001819,neutron,pi+,solid
896,8.8,0.145556,0.522330,0.573930,1.243205,0.126157,AUT,3967520.861715,0.005204,0.005208,0.005214,0.070207,0.001880,neutron,pi+,solid
897,8.8,0.204377,0.455566,0.573918,1.532897,0.118773,AUT,3951020.500877,0.005713,0.005728,0.005732,0.070207,0.002064,neutron,pi+,solid
898,8.8,0.271777,0.407961,0.573590,1.829544,0.129336,AUT,292790.826960,0.024526,0.023973,0.024006,0.070207,0.002274,neutron,pi+,solid
899,8.8,0.110448,0.642291,0.573943,1.162617,0.302996,AUT,2794975.626835,0.006601,0.006219,0.006236,0.070207,0.001778,neutron,pi+,solid
900,8.8,0.144404,0.570091,0.574407,1.357651,0.283605,AUT,2263541.560422,0.006880,0.006862,0.006884,0.070207,0.001879,neutron,pi+,solid
901,8.8,0.180477,0.518851,0.574800,1.542483,0.270213,AUT,1823809.375341,0.008796,0.008485,0.008458,0.070207,0.001993,neutron,pi+,solid
902,8.8,0.235381,0.435762,0.574465,1.685521,0.260362,AUT,1126538.270505,0.011467,0.011521,0.011442,0.070207,0.002161,neutron,pi+,solid
903,8.8,0.101522,0.696864,0.574609,1.161807,0.482954,AUT,1581106.709883,0.009976,0.008963,0.008930,0.070207,0.001754,neutron,pi+,solid
904,8.8,0.139527,0.643283,0.575916,1.479830,0.458455,AUT,600617.814503,0.013353,0.013377,0.013381,0.070207,0.001866,neutron,pi+,solid
905,8.8,0.189040,0.577548,0.577464,1.791458,0.439705,AUT,82889.477700,0.073366,0.056217,0.055763,0.070207,0.002024,neutron,pi+,solid
906,8.8,0.098850,0.715193,0.575035,1.147207,0.675859,AUT,361576.112569,0.023501,0.020000,0.020091,0.070207,0.001746,neutron,pi+,solid
907,8.8,0.167230,0.506143,0.561507,1.398096,0.757924,AUT,4638.697096,0.307537,0.246846,0.230533,0.070207,0.001945,neutron,pi+,solid
908,8.8,0.117811,0.650939,0.572829,1.246272,0.931733,AUT,477928.382549,0.095356,0.055421,0.055252,0.070207,0.001799,neutron,pi+,solid
909,8.8,0.155498,0.505841,0.623721,1.284637,0.124949,AUT,4016877.893304,0.005277,0.005285,0.005280,0.070207,0.001923,neutron,pi+,solid
910,8.8,0.219361,0.454898,0.622761,1.642540,0.119607,AUT,1963544.748074,0.008371,0.008382,0.008361,0.070207,0.002131,neutron,pi+,solid
911,8.8,0.117468,0.619983,0.624014,1.191655,0.302420,AUT,2893064.212964,0.006267,0.006050,0.006067,0.070207,0.001808,neutron,pi+,solid
912,8.8,0.161945,0.540229,0.624276,1.441272,0.281506,AUT,2310062.673976,0.007247,0.007150,0.007137,0.070207,0.001947,neutron,pi+,solid
913,8.8,0.215805,0.475742,0.623143,1.685604,0.267955,AUT,1260428.796390,0.011286,0.010922,0.010844,0.070207,0.002121,neutron,pi+,solid
914,8.8,0.106512,0.680995,0.624576,1.189566,0.484717,AUT,1701129.728604,0.009148,0.008388,0.008378,0.070207,0.001776,neutron,pi+,solid
915,8.8,0.156674,0.612944,0.625781,1.575801,0.458914,AUT,588337.028824,0.014132,0.013988,0.013976,0.070207,0.001933,neutron,pi+,solid
916,8.8,0.252937,0.460143,0.622016,1.921183,0.422135,AUT,2481.539628,0.419693,0.397134,0.353659,0.070207,0.002243,neutron,pi+,solid
917,8.8,0.098322,0.731088,0.625868,1.180137,0.666224,AUT,439050.191126,0.018923,0.017048,0.017150,0.070207,0.001753,neutron,pi+,solid
918,8.8,0.209489,0.556416,0.636025,1.924813,0.603157,AUT,7.734736,15669.143957,9647.721496,5948.736646,0.070207,0.002115,neutron,pi+,solid
919,8.8,0.105526,0.691409,0.621425,1.189926,0.959672,AUT,225664.217442,0.074468,0.047134,0.048008,0.070207,0.001773,neutron,pi+,solid
920,8.8,0.122306,0.593409,0.673804,1.187344,0.257218,AUT,3273399.226067,0.005806,0.005693,0.005677,0.070207,0.001833,neutron,pi+,solid
921,8.8,0.162231,0.519888,0.673346,1.391476,0.202914,AUT,3162910.999013,0.006117,0.006096,0.006107,0.070207,0.001963,neutron,pi+,solid
922,8.8,0.207202,0.495083,0.671960,1.689336,0.180459,AUT,2166834.706032,0.008111,0.008033,0.007998,0.070207,0.002115,neutron,pi+,solid
923,8.8,0.112473,0.664890,0.674493,1.224005,0.486300,AUT,1775204.732637,0.008489,0.008013,0.008017,0.070207,0.001804,neutron,pi+,solid
924,8.8,0.169741,0.594303,0.675128,1.658552,0.459225,AUT,387748.855608,0.019129,0.018389,0.018336,0.070207,0.001994,neutron,pi+,solid
925,8.8,0.100737,0.722290,0.675012,1.193288,0.713644,AUT,628533.096727,0.016314,0.014363,0.014575,0.070207,0.001770,neutron,pi+,solid
926,8.8,0.203741,0.583088,0.676966,1.961340,0.625915,AUT,3.484187,122.519253,70.207485,68.590723,0.070207,0.002117,neutron,pi+,solid
927,8.8,0.238312,0.546230,0.324467,2.140619,0.100525,AUT,1904139.918351,0.008642,0.008501,0.008480,0.070207,0.002093,neutron,pi+,solid
928,8.8,0.291188,0.489444,0.324468,2.350834,0.099622,AUT,1906623.268069,0.008954,0.008962,0.008956,0.070207,0.002235,neutron,pi+,solid
929,8.8,0.339829,0.453648,0.324289,2.544229,0.112202,AUT,955181.338808,0.013836,0.013786,0.013699,0.070207,0.002364,neutron,pi+,solid
930,8.8,0.237114,0.556355,0.327976,2.164956,0.227229,AUT,179359.285112,0.064281,0.046050,0.045146,0.070207,0.002091,neutron,pi+,solid
931,8.8,0.313971,0.479405,0.328772,2.477292,0.222894,AUT,159456.812715,0.040307,0.039601,0.038766,0.070207,0.002297,neutron,pi+,solid
932,8.8,0.376182,0.446158,0.328812,2.771776,0.224497,AUT,14915.620072,0.109188,0.143231,0.143509,0.070207,0.002469,neutron,pi+,solid
933,8.8,0.264814,0.505609,0.319473,2.189524,0.550544,AUT,309119.968998,0.289549,0.157300,0.156815,0.070207,0.002160,neutron,pi+,solid
934,8.8,0.334740,0.441817,0.318916,2.442542,0.552385,AUT,101094.505155,0.702147,0.375262,0.373516,0.070207,0.002346,neutron,pi+,solid
935,8.8,0.246958,0.535373,0.374096,2.172053,0.106591,AUT,2054301.094665,0.008335,0.008269,0.008282,0.070207,0.002136,neutron,pi+,solid
936,8.8,0.315065,0.471465,0.374052,2.446497,0.114219,AUT,1861261.180072,0.009424,0.009460,0.009457,0.070207,0.002322,neutron,pi+,solid
937,8.8,0.246588,0.543228,0.376719,2.194747,0.237133,AUT,367072.679843,0.033689,0.026758,0.026686,0.070207,0.002134,neutron,pi+,solid
938,8.8,0.327268,0.462992,0.377149,2.495968,0.233237,AUT,278339.178870,0.024988,0.027127,0.026834,0.070207,0.002357,neutron,pi+,solid
939,8.8,0.259323,0.518889,0.372168,2.205192,0.665635,AUT,289982.244004,0.263066,0.143777,0.143373,0.070207,0.002168,neutron,pi+,solid
940,8.8,0.324326,0.466023,0.368221,2.495184,0.640377,AUT,51658.460003,0.950986,0.510085,0.506595,0.070207,0.002346,neutron,pi+,solid
941,8.8,0.257549,0.524238,0.423953,2.215471,0.111790,AUT,2147911.070754,0.008252,0.008271,0.008239,0.070207,0.002182,neutron,pi+,solid
942,8.8,0.326826,0.463149,0.423709,2.495805,0.122890,AUT,922596.234502,0.014054,0.013939,0.013900,0.070207,0.002378,neutron,pi+,solid
943,8.8,0.256289,0.531115,0.425783,2.226523,0.247024,AUT,588605.437394,0.021840,0.018910,0.018829,0.070207,0.002177,neutron,pi+,solid
944,8.8,0.335851,0.452085,0.425948,2.505319,0.243756,AUT,300679.118760,0.024004,0.025563,0.025334,0.070207,0.002404,neutron,pi+,solid
945,8.8,0.257798,0.523782,0.419853,2.214520,0.715832,AUT,122463.577640,0.204261,0.120275,0.119668,0.070207,0.002180,neutron,pi+,solid
946,8.8,0.342957,0.492224,0.410795,2.787758,0.689878,AUT,251.546566,13.201411,7.036836,7.199415,0.070207,0.002421,neutron,pi+,solid
947,8.8,0.273212,0.509999,0.473848,2.279370,0.118147,AUT,2260393.395202,0.008194,0.008214,0.008231,0.070207,0.002241,neutron,pi+,solid
948,8.8,0.363401,0.448102,0.473493,2.688969,0.134982,AUT,108035.891497,0.050297,0.047054,0.047226,0.070207,0.002510,neutron,pi+,solid
949,8.8,0.269855,0.513255,0.475408,2.258565,0.255786,AUT,851985.773100,0.015063,0.014369,0.014237,0.070207,0.002231,neutron,pi+,solid
950,8.8,0.352692,0.447079,0.475227,2.603653,0.257893,AUT,171213.245542,0.035387,0.035866,0.035709,0.070207,0.002478,neutron,pi+,solid
951,8.8,0.240740,0.556196,0.470936,2.201679,0.780212,AUT,58751.234427,0.087179,0.083964,0.080511,0.070207,0.002149,neutron,pi+,solid
952,8.8,0.249933,0.532454,0.524370,2.184603,0.167763,AUT,1671271.229360,0.009659,0.009528,0.009493,0.070207,0.002195,neutron,pi+,solid
953,8.8,0.319895,0.467573,0.524245,2.464449,0.186173,AUT,1198548.636283,0.012196,0.012279,0.012183,0.070207,0.002403,neutron,pi+,solid
954,8.8,0.245562,0.562886,0.524787,2.256421,0.601963,AUT,30812.062572,0.069233,0.083871,0.084187,0.070207,0.002178,neutron,pi+,solid
955,8.8,0.261138,0.521204,0.574099,2.230718,0.181715,AUT,1788292.392464,0.009420,0.009373,0.009344,0.070207,0.002248,neutron,pi+,solid
956,8.8,0.333069,0.458728,0.573004,2.521052,0.199833,AUT,533900.007712,0.019489,0.019296,0.019200,0.070207,0.002471,neutron,pi+,solid
957,8.8,0.260888,0.543159,0.577323,2.314648,0.447933,AUT,43411.937596,0.105690,0.083324,0.084896,0.070207,0.002247,neutron,pi+,solid
958,8.8,0.262896,0.522934,0.623683,2.253915,0.196920,AUT,1564539.551184,0.010251,0.010168,0.010131,0.070207,0.002278,neutron,pi+,solid
959,8.8,0.335163,0.475780,0.618975,2.632113,0.184380,AUT,144547.274465,0.036833,0.036873,0.036847,0.070207,0.002510,neutron,pi+,solid
960,8.8,0.256567,0.538408,0.672444,2.270667,0.202259,AUT,1052599.143126,0.012654,0.012465,0.012448,0.070207,0.002286,neutron,pi+,solid
961,8.8,0.359522,0.563046,0.324149,3.337404,0.101692,AUT,916241.415933,0.014242,0.014161,0.014099,0.070207,0.002424,neutron,pi+,solid
962,8.8,0.426008,0.526273,0.324126,3.699571,0.113886,AUT,331344.077935,0.025239,0.025346,0.025284,0.070207,0.002627,neutron,pi+,solid
963,8.8,0.374211,0.555197,0.327293,3.421101,0.231080,AUT,129298.941026,0.057286,0.049379,0.048846,0.070207,0.002468,neutron,pi+,solid
964,8.8,0.445701,0.513319,0.328021,3.777626,0.231227,AUT,21533.732353,0.101259,0.118956,0.116729,0.070207,0.002699,neutron,pi+,solid
965,8.8,0.368161,0.558095,0.321261,3.383989,0.645453,AUT,97994.975957,0.613233,0.331670,0.329806,0.070207,0.002446,neutron,pi+,solid
966,8.8,0.375330,0.554323,0.373957,3.424116,0.111357,AUT,979539.923950,0.013916,0.013951,0.013912,0.070207,0.002501,neutron,pi+,solid
967,8.8,0.463546,0.510186,0.373545,3.905346,0.128801,AUT,11296.815595,0.166686,0.158694,0.158001,0.070207,0.002807,neutron,pi+,solid
968,8.8,0.363272,0.560588,0.376243,3.356392,0.243383,AUT,159383.571258,0.049713,0.042656,0.042400,0.070207,0.002466,neutron,pi+,solid
969,8.8,0.430411,0.520338,0.376272,3.696185,0.242890,AUT,76010.111752,0.053044,0.056998,0.056087,0.070207,0.002683,neutron,pi+,solid
970,8.8,0.356311,0.564462,0.424236,3.316547,0.146801,AUT,703332.952592,0.016705,0.016535,0.016482,0.070207,0.002471,neutron,pi+,solid
971,8.8,0.421538,0.529107,0.424225,3.679716,0.167437,AUT,345758.409764,0.025153,0.025436,0.025240,0.070207,0.002685,neutron,pi+,solid
972,8.8,0.340892,0.577375,0.419457,3.248115,0.771017,AUT,10540.917663,0.436980,0.292308,0.297425,0.070207,0.002424,neutron,pi+,solid
973,8.8,0.367961,0.558490,0.474197,3.385674,0.165477,AUT,764248.991118,0.016231,0.016155,0.016102,0.070207,0.002534,neutron,pi+,solid
974,8.8,0.440115,0.516789,0.474197,3.755084,0.194735,AUT,117237.799183,0.046540,0.046435,0.046330,0.070207,0.002791,neutron,pi+,solid
975,8.8,0.377711,0.559970,0.478041,3.473663,0.493410,AUT,5898.895751,0.206309,0.200210,0.196001,0.070207,0.002569,neutron,pi+,solid
976,8.8,0.368659,0.558192,0.524262,3.390168,0.184095,AUT,650794.114525,0.017762,0.017722,0.017629,0.070207,0.002567,neutron,pi+,solid
977,8.8,0.440799,0.516706,0.524122,3.760387,0.215138,AUT,91990.504357,0.053787,0.053536,0.053447,0.070207,0.002835,neutron,pi+,solid
978,8.8,0.374863,0.555136,0.573806,3.425278,0.199226,AUT,593609.157553,0.018909,0.018917,0.018831,0.070207,0.002624,neutron,pi+,solid
979,8.8,0.366166,0.562691,0.623089,3.396200,0.200292,AUT,408711.261959,0.023065,0.022956,0.022881,0.070207,0.002632,neutron,pi+,solid
980,8.8,0.455263,0.568902,0.324280,4.273066,0.128471,AUT,292253.542093,0.027949,0.028132,0.027935,0.070207,0.002736,neutron,pi+,solid
981,8.8,0.504857,0.567637,0.324474,4.732608,0.136143,AUT,59872.404702,0.065871,0.066678,0.066454,0.070207,0.002944,neutron,pi+,solid
982,8.8,0.463255,0.569097,0.374337,4.350180,0.150136,AUT,306485.014518,0.027955,0.028178,0.027927,0.070207,0.002813,neutron,pi+,solid
983,8.8,0.463639,0.568928,0.424183,4.352468,0.166973,AUT,259692.460669,0.030864,0.031052,0.030913,0.070207,0.002856,neutron,pi+,solid
984,8.8,0.463480,0.568824,0.474245,4.350285,0.184758,AUT,216968.386335,0.034161,0.034437,0.034276,0.070207,0.002898,neutron,pi+,solid
985,8.8,0.462955,0.569305,0.524012,4.349025,0.201646,AUT,178915.677865,0.038235,0.038517,0.038319,0.070207,0.002942,neutron,pi+,solid
