Nu	Nd	a	b	c	kt2	Nu_err	Nd_err	a_err	b_err	c_err	kt2_err	chi2	ndof	edm
0.40421589291587545	-0.45342899290900174	1.0105585247646958	2.97707321784801	0.012568320288510128	0.25290835355691277	0.01909083753819251	0.021026577321112745	0.023287250087910574	0.0995030497215953	0.07221244966442517	0.005668097794030855	1584.4200369160517	1797	7.810867807572287e-05
0.4049999606128281	-0.45343088227439104	0.9966136527891042	2.8794938394419414	0.011697021839168018	0.2571976286863716	0.019255065493419394	0.021168001603143215	0.023248581295126195	0.09889360837960917	0.07244978035929474	0.005730252560990219	1655.540231466215	1797	0.00014603923744981409
0.39311704667474473	-0.4541772697394921	0.9755381262124588	2.908442996746428	-0.0005246342059386981	0.25213774911745657	0.01867681772328939	0.02115316854692909	0.023273650747609915	0.10019482407444447	0.07209396854076298	0.005679172666186724	1637.8949826575285	1797	0.00013799779420537166
0.3953133827700522	-0.45137435914053464	0.9856158922477969	2.9332381431451	-0.0028109756987072807	0.25227494544459805	0.01890183716356771	0.021166281025010357	0.0234703592560933	0.10072824229817313	0.07245924718280344	0.005711417212405466	1705.9344410216559	1797	2.5856754749730353e-05
0.4054908717031437	-0.4445857911934346	1.0117710793707408	3.018084354315523	-0.004651660698092606	0.24516797584746136	0.019337964924531877	0.020832297625556277	0.023497474066820026	0.10065444264644711	0.07230129026435408	0.00562566264229837	1559.0130558541446	1797	0.0001778303016730077
0.40338643875464447	-0.4466550761957291	1.0000830229628042	3.027888428351873	-0.004350720357822814	0.24919312652946166	0.019215134736703048	0.020898588679737085	0.023291891666901713	0.10059518275981028	0.07238209903710556	0.005632894644179456	1625.196053808645	1797	5.7877447300324765e-05
0.4011132792456919	-0.4510839702841686	0.9869049130188603	2.9046848822797893	0.001590936847742128	0.2517043027626054	0.019070191531441343	0.02105255940095412	0.02325265774112016	0.09963749288668675	0.07217343885035012	0.00565251651140683	1527.9532054395877	1797	2.022023981481326e-05
0.2448412251960225	-0.2760323414470837	0.9637843900559255	3.1749845595172537	1.0316418655339603	0.2563787692849847	0.10846985038068928	0.121851773773976	0.06112206218529049	0.10062903281661069	1.1425961777436835	0.005754152153075665	1620.0573046576624	1797	0.0001574922569001144
0.4013401849104306	-0.44767363211927247	1.0119201534837468	3.084431978605467	-0.0026240571959884	0.2476379107445236	0.019081979183035683	0.020891518893225054	0.02355196560617285	0.10187865446993803	0.07236719806939931	0.005611867376701002	1696.0265785073013	1797	0.00013397786737333794
0.2514756864139249	-0.2799976266922878	0.9512904041029142	3.122650447345216	0.9401365756606473	0.25098925137021094	0.06282379574971644	0.07227022504937143	0.03856398797440616	0.10028217276716792	0.642444441413571	0.005607324065483576	1726.9413569731819	1797	0.00022623983891413265
1.0790895380160421	-1.206335603109661	1.188950197841826	2.623217358875554	-0.952720577652357	0.25397154830669827	0.13965607030149682	0.15622696806314526	0.03193048040677213	0.15904090344619365	0.07256182465590648	0.005377347479745068	1527.4153942043497	1797	0.019355036914650937
0.24680875615726047	-0.27598612876231277	0.9558634603074533	3.1359293239593096	0.9790709224678317	0.24345131541224163	0.06734785087061203	0.07518314518796794	0.041647869029567866	0.10199702008687273	0.690216887417593	0.0056441254107467715	1674.7757984656905	1797	0.0007610489413632724
0.3938494345988919	-0.44865420386037075	0.9951325681248416	3.0142244988314193	-0.008689756054657159	0.24225027924077572	0.01871329533300176	0.020904833821963564	0.023401526986609557	0.1006908739079789	0.07191346283360026	0.005562861546447539	1655.2649236059294	1797	4.1088317257158495e-05
0.40266146074707876	-0.45025629000097545	1.0210123406628537	3.084533956708881	0.005678643765274393	0.25251023151557733	0.01914351081951953	0.02101795240749969	0.023595178157716827	0.10159812069084818	0.0726509846718209	0.005681250075845963	1593.094462526054	1797	0.00010349347167096446
0.3971611410426531	-0.4579136108856699	0.9901824242905742	2.950628923009066	0.01262325218859902	0.25549327133913186	0.0186884114554952	0.021134708620091463	0.023130027010807932	0.099446638715941	0.07202235649215509	0.005738071042103499	1726.046810101925	1797	9.450166773786574e-05
0.3987100043100721	-0.45499817390180997	1.0156750642518417	3.071521253330811	0.010959642732890192	0.25708531049050953	0.018914092077174535	0.021174996804003667	0.023552461230449472	0.10172226633241405	0.07270832757960488	0.0057241501145159105	1653.09386946483	1797	6.73909401301527e-05
0.397433870390614	-0.4553751581411696	0.9958568643801877	2.9683834430268328	0.008505812626220296	0.2543048689587617	0.018805336716949065	0.02113098236101076	0.023270996559828453	0.09999457002156123	0.0722316075231613	0.0056769601234836296	1641.4477596868694	1797	2.6620460775883595e-06
0.4003944232030753	-0.45082988705829075	0.9937748780229161	2.9625856922356317	0.0013236357997595996	0.2510699525600757	0.01901902085339844	0.02101477663205122	0.02330740723975298	0.10007202185779066	0.0722223066388507	0.00568149497430916	1719.0299505978908	1797	1.8647562948566112e-07
0.4010821108063374	-0.4501215385968958	0.989653946986257	2.917746474491112	0.00022610374756095353	0.24829197690414567	0.01902785690078078	0.02096208998800192	0.023235819174725517	0.09935610865465933	0.07197263508974547	0.005653143487031437	1708.8108732455873	1797	6.515636580203397e-05
0.2371828450715839	-0.27020017784814226	0.9197130929924987	2.998842785588938	1.048152804440298	0.24859201000843367	0.10357081413115743	0.11693082613878983	0.06308803852128465	0.1107348998395451	1.1326680499699968	0.005748490730180033	1661.7396472879896	1797	8.732883554294943e-05
0.39605145707552103	-0.45238036536692633	1.005690507671512	3.0737807208802703	0.002058373245326919	0.2525166792791907	0.018827466179721287	0.021086851399536297	0.02348587891512905	0.10157244730662324	0.07254338374430766	0.005669614238651924	1658.4480097623536	1797	1.2315263312098008e-05
0.3934162471404173	-0.44889887804010287	0.9742744697239912	2.9353624273724273	-0.011541460766493292	0.24310050837294023	0.018694380825298958	0.020917286007723645	0.023206775184395113	0.09994401307639213	0.07173528711857952	0.0055914320325129935	1605.6584797826727	1797	0.00014621542668007685
0.4022674987983537	-0.44363261149922245	0.9971244987988254	2.9967115945948963	-0.01150965818073154	0.24495903981116451	0.019253344349604497	0.020858487687461496	0.023444286101588333	0.10079500473127394	0.07231779868177889	0.005669115711404521	1692.2841124567199	1797	0.00011004328919744961
0.39464338556537815	-0.4514000593941258	0.9613719655534736	2.7967667065802826	-0.0067089928157690526	0.24100345101003062	0.018623012569560175	0.02089163914042223	0.022970597319126866	0.09811291600428605	0.07108359391019661	0.0055651078995379265	1607.1502000032938	1797	0.00012785187201520574
0.24863428523155257	-0.27640469373786386	0.9433905954134384	3.066671028143593	0.9951179084746441	0.25669276258334045	0.10897726273590763	0.12078502854368911	0.06145470125007215	0.10604966593978243	1.1151882851931547	0.005623203170852883	1636.1987814702693	1797	0.00018197608409668557
0.40045004546692264	-0.4461912026541552	1.0169770783563765	3.1260508555089626	-0.005848910993404212	0.24681779954445737	0.019102538707857074	0.020891729324961632	0.02362020330295823	0.10226745006207572	0.07255505046557777	0.005608593493943395	1735.0383690279627	1797	6.812093226807165e-05
0.2343808281304195	-0.2656816179779965	0.9455763080252841	3.1633686416834723	1.104638974931322	0.2551546971165298	0.12574463826119553	0.14243673097214288	0.07245624731913215	0.11031164837513278	1.4316226935482028	0.0058137651699445205	1667.2906633679236	1797	6.278517820514068e-05
0.4030501003742747	-0.45186208501344166	1.0135891600754863	3.020403841456756	0.008634455591175334	0.2525794520244588	0.019095600826503422	0.02101904907892736	0.023378125429836624	0.10020146661509031	0.07238372606708873	0.005700623767670859	1619.1429949806784	1797	0.0001598636978867225
0.402387242161607	-0.4557293405761837	1.0182215456609545	3.077817532167178	0.016056843466232817	0.26009375841000165	0.019040146979919636	0.02116273413475574	0.023396757230328025	0.10098910343110962	0.07277066699358255	0.0057137733287654265	1629.4659131952876	1797	2.6611927401431678e-05
0.40601389820341677	-0.44674420122682335	1.01758758518181	3.0777783039836852	0.0006893892022153813	0.24803879518447813	0.01927116446234859	0.020832786220405804	0.02341142617824358	0.10074770950714204	0.07235005536178538	0.005650139412842279	1667.563695624348	1797	4.4898084880378506e-05
0.40033499635597414	-0.45059216169354016	0.9900991684499161	2.916044606891387	0.00032765614747789487	0.2469742597897878	0.01896465867204517	0.02094730137091798	0.023199289041261787	0.09918835373864486	0.07184822201609654	0.005614100098760392	1608.0868501519226	1797	2.0096345885505593e-05
0.8012943088480633	-0.8997080780460457	1.1378221524139391	2.8941713480329265	-0.7607399221189113	0.2591641722336878	0.1918131102716567	0.21171128200392858	0.050293528953601244	0.17958920137669962	0.1831436085754079	0.0056319686374395024	1649.056049538376	1797	0.0019390485139177951
0.2411178913787359	-0.2705246416932029	0.9483534798636706	3.1470062441566973	1.0420538095794414	0.25557972653595135	0.07176757372972567	0.08055011880685735	0.047140780306062946	0.10523046505768101	0.7773340380418706	0.005646638602501034	1600.4305231903422	1797	0.00040272582593191676
0.24286467845218568	-0.26932636138292315	0.9431371509066079	3.1030582127523942	1.0293530293471163	0.24207927486822653	0.12347020886288512	0.13648035048269935	0.06882905559079591	0.0997271649634431	1.3070663215088947	0.005561081298034475	1592.142957103681	1797	0.0001226064810343217
0.2575973208107069	-0.28851309562793104	0.934597010556744	3.0038539386811576	0.8808594946297307	0.24760023032428216	0.09174075002344892	0.10267126338188351	0.053536964812875086	0.10891749967595885	0.8648216209750401	0.005760796800168781	1592.1010304315005	1797	0.0002666875371126966
0.3985910265246777	-0.45222988580210366	0.9818955397461263	2.886137557988344	0.0013388328575331403	0.24968487387192165	0.01889754976758044	0.02103617296146836	0.023204515637629576	0.09931778695047086	0.0719191521696127	0.005645622597973451	1673.136076175937	1797	1.2110955451998964e-06
0.2339581599704287	-0.26191621128054987	0.9364810685152786	3.083241387102698	1.1031134597806653	0.24042650862465936	0.07162956612818146	0.08021130062967573	0.04455364099954759	0.10056797442342844	0.8191002316562194	0.005506366425759007	1722.1562665679803	1797	0.00017606271984055435
0.2525566080993933	-0.2829086495090989	0.9320775248479739	2.9883164630446775	0.9133026042430574	0.2473570284449109	0.09614015464715851	0.10700892496373351	0.05685241078512315	0.10520438316111876	0.9328865271418123	0.00559007196519317	1643.6013981875835	1797	0.0002590696563573476
0.4028410548938348	-0.4499173728864393	0.9968926802563413	2.961184965042633	0.0015978486498422436	0.25252606360823954	0.01917747604373739	0.021033366785929195	0.02338190213431712	0.10071772841030735	0.07239677739931555	0.005681031723748233	1687.6659205176961	1797	0.0001955132965986425
0.23852413581244697	-0.2677317094715444	0.9423030161023325	3.1115290450011055	1.0522685981385294	0.24632552661425683	0.011366806983537989	0.012528282051267416	0.023360837617926122	0.1020926798816797	0.12226678841823767	0.005653133939760601	1726.4452806167353	1797	3.49386452670547e-05
0.4046810037170577	-0.4481861664245411	0.9907339892150702	2.9671379553018253	-0.0011655651001470585	0.2508126809802624	0.01922359140125014	0.020908779355551656	0.02316559804296719	0.0995846571887752	0.07220637575298634	0.00565788135392411	1631.4386894944037	1797	8.369866012588174e-05
0.8929827607441932	-1.028474821656326	1.1278188835827758	2.6332394557752403	-0.855614164356759	0.24816539472995452	0.15036047546081968	0.18054937656495704	0.03962866054661256	0.1521604113911823	0.11221830560336543	0.005827928416710875	1722.5533150975396	1797	0.013282205320123818
0.910429183967218	-0.9957867867953935	1.1435050617398927	2.689152801928516	-0.8416490834591482	0.24913027863330578	0.2252493297692232	0.2433319634622899	0.047898703672447904	0.20288727225262856	0.16510853017760782	0.005596702091605932	1631.2411036333942	1797	0.003709140448828276
1.2317722170874639	-1.3824702205582216	1.1560179571591747	2.2497923408837632	-1.015143995993046	0.25183112704140626	0.1457178634030594	0.1602994437839094	0.027576672210781705	0.16213896196765465	0.051046057641048914	0.005590210419489458	1610.584263771182	1797	0.0101037864254607
0.9645023530210781	-1.0935254380003132	1.1317395704259896	2.5309381774848805	-0.9053755224671715	0.24385358848509345	0.15409215201950185	0.17577823004990736	0.033903216511592324	0.17011108271644051	0.09806839861972601	0.0051562629343722246	1649.6521476405214	1797	0.009661021282345396
0.4033447817087049	-0.4498741450544451	1.0075881291533155	3.0310682856238675	0.003377470484497999	0.2515631231898493	0.019138495913760042	0.0209634673418077	0.02338552594815461	0.10076741198894765	0.07237633537158245	0.005729898152824805	1632.2779648880705	1797	4.012710211872466e-05
0.40104779844897026	-0.45407914359925516	1.0028314690203706	3.0008204662579594	0.010121381745943802	0.254344743832118	0.01895224600906036	0.021052170850059202	0.023237460058244012	0.0996322237711325	0.07227497013158572	0.005677844358577615	1752.6442616496902	1797	0.0001714148281954915
0.7469023205297739	-0.8312952507285748	1.091748134252659	2.708048065292304	-0.7038487500789291	0.2512821228028376	0.21619874998745245	0.23936485201234312	0.059386741361352344	0.17372289905799704	0.23741295713974053	0.00574178244150012	1648.0085922243825	1797	0.000773778570478344
0.4045412810991526	-0.4490721614487787	1.0313461193014222	3.138626389939241	0.005983663737610959	0.2557271859806069	0.01932445480373498	0.02106640773821324	0.02372256962011135	0.10242258947182438	0.07310825966004042	0.005725939857228004	1748.307880162799	1797	9.479328138103528e-05
0.3964872408970974	-0.4481186587457908	0.9841315803894757	2.9648797845506043	-0.008978230544792963	0.24755520067066886	0.018931889305833248	0.02099319400999855	0.02334520187396706	0.10048075314852051	0.07222909972046276	0.005641301618989926	1657.7833504574148	1797	9.364926078330868e-06
0.2575295438223699	-0.2914686834393603	0.9426011963018578	3.0341534134514467	0.8935728894238137	0.2550594050927258	0.012171151950717145	0.013517821957769459	0.02311199516067865	0.10065211420448349	0.11361208490977692	0.005655058233869832	1676.6231704792733	1797	2.005385594104173e-05
0.3975854613335593	-0.45122097582218956	1.000699887887349	2.9961059448509118	0.0006769754032402197	0.2516415274866929	0.018949232606373666	0.021100510278402894	0.023468951650736636	0.10075295661742374	0.07246578578827417	0.00570329933243095	1690.805561565	1797	0.00019532175244192814
0.9084310309571082	-1.0266109659903726	1.12280663285934	2.5558209771752005	-0.8588607854476601	0.2484758784494642	0.12284297877955118	0.13945207556251368	0.03337923436549932	0.1433711583700883	0.08494596071335676	0.005597849895535085	1625.677383766858	1797	0.018972392422412866
0.23699989956362846	-0.2635514099135493	0.9520132794861677	3.1332588689139476	1.1027946315375008	0.24580647986297394	0.11087189243408617	0.12336170126550726	0.06278433762972815	0.10072856760743548	1.2404450030724012	0.005691702510876451	1684.6822104529483	1797	0.00010842524654905234
0.3946521638452046	-0.4491829316147432	0.9830473641083515	2.95665896281961	-0.008538759914974183	0.2452409603426552	0.018782790936724705	0.020968179283605927	0.023318921531992325	0.10029937477236756	0.07197898948483432	0.005611175977692629	1669.7050150833288	1797	2.169743455193831e-06
0.8866352735963853	-0.9921627823812152	1.1398536444982907	2.6946733029847714	-0.8344337019541422	0.2513713073644775	0.1450325706962846	0.1666693778156765	0.03237080725489473	0.17579228806519107	0.10971416910171766	0.005591486220459662	1643.2172890868242	1797	0.0031484295335101747
0.4063529544771731	-0.45137064057076937	1.011222005574024	3.030065933281951	0.009691804766612706	0.2570650524124336	0.019291131087763404	0.02104535245029314	0.02342970004362943	0.10086842006708402	0.072661158949652	0.0057350178408769464	1540.613829917158	1797	4.220557073322199e-06
0.24544077258943844	-0.27527873232839634	0.9288198973166382	2.958386522823174	1.0299089177303207	0.25263149211518154	0.13024057907278627	0.14535804365760993	0.07212931662185616	0.10151095710169186	1.3651729590183739	0.005621570455389375	1680.8746233744125	1797	7.689445481630594e-05
0.3962783051721415	-0.451753111666432	0.9998765424982994	3.0017455160331523	-1.0453833573872094e-05	0.2496409107430255	0.018834738254936048	0.021062479705365816	0.02351527441839757	0.1012968479973854	0.07225471672544896	0.0057069653942271965	1651.6384428431477	1797	1.1974936219087167e-05
0.400779191039344	-0.44885828255692395	1.0087159111150583	3.0856360217018084	-0.0010523779133274412	0.2519355618178826	0.01910106355890594	0.020995616565881565	0.023532993073439486	0.10193452107874805	0.07265163603352201	0.005666311195625684	1609.6505248187998	1797	8.936625910898611e-05
0.39458312017356617	-0.4544713924046888	0.9886084023430687	2.9668517671064527	0.003407625793321447	0.25805210236030884	0.018842100701289156	0.02127649588724227	0.023435882096772363	0.10086262930026542	0.07272234930418063	0.005768637848179271	1680.4376368481926	1797	0.00011835364967072
0.39709581646978015	-0.4538590436482867	0.9824382614192214	2.8890160398392464	0.0033452738646347264	0.2521790568230206	0.01883741049869558	0.021122149036364377	0.023248416362625663	0.09973824396235852	0.07205080166648192	0.0056961173175871255	1715.43348209847	1797	7.370307025235609e-05
0.39940936876875927	-0.4457137210442703	0.9803745143973673	2.9394402823055996	-0.012325479741129448	0.2424084823488501	0.01900220179975806	0.020813654406992347	0.02318710825238961	0.09969544493292226	0.07178367768964486	0.005588383291098071	1635.6834370211436	1797	0.0001471236070039776
0.405910320790542	-0.4465827511199455	0.9883248444871597	2.9018236488283313	-0.0036036397012873546	0.24777364209810343	0.01932156446195189	0.02088578071624441	0.023148189166985602	0.09896398061862118	0.07205331073118497	0.005630424500432873	1676.4310308684226	1797	0.00011587126305052796
0.8367232552745263	-0.9556299530724299	1.1109597748995217	2.655326658546911	-0.80614110748376	0.24591386464427392	0.1450075492422313	0.1652850141232719	0.039556497696927866	0.14181461997563627	0.12527135075420015	0.005547046842428852	1719.747062752531	1797	0.001555301904582031
0.40431069729511065	-0.4525381923095965	1.0204578274510763	3.072777530717746	0.011562471607929465	0.2546443308995852	0.019124212935443093	0.02101622478711454	0.023482337046455706	0.10110866424959125	0.0725195588328334	0.005692514667849778	1689.2395785289339	1797	1.140813202441302e-06
0.25170181217438153	-0.2831213415663964	0.9420426044927129	3.050632139258007	0.937118941605625	0.2570566175082997	0.057568352292881694	0.06568363392148052	0.03680894514162684	0.10012425636811385	0.5775800206093474	0.0057137419086282365	1650.073637042071	1797	0.00018076520657486867
0.39849302374022466	-0.4522731413158539	0.9899339881421142	2.9165464564113273	0.002621502342128023	0.24973111933439202	0.01889731646723927	0.021045731067831974	0.023298405851176675	0.09957998302574224	0.07202250606270379	0.0056774339578206335	1655.9376208460512	1797	0.00011895495103374409
0.9257174888129948	-1.031161514829313	1.1238829331406073	2.5483957257932666	-0.8684010210361222	0.24422067059562702	0.17354464275617534	0.1922443349032259	0.04084959063635369	0.17012990884225868	0.12102894917700528	0.005761577377940754	1714.3644256259786	1797	0.005862248103307999
0.39659427129542435	-0.4546910395853219	1.0328515645673613	3.2332910581363716	0.010631008931678596	0.26023446060816335	0.018883632612897796	0.021228784608207357	0.02383055688585965	0.10375302019623373	0.07331484510073248	0.005748303982891218	1701.0742427312512	1797	9.778913016114397e-05
0.23790649529259972	-0.2651722215239969	0.9735388236543113	3.2682983212594534	1.1301345535245584	0.25502128723255874	0.054004513293183676	0.06112089472160191	0.03794823815183872	0.10434755523041776	0.6107951196381106	0.005738228989944309	1653.7301598493666	1797	7.827101101760076e-05
0.39947567647851945	-0.4435296638847826	1.0020729328105018	3.024054714517922	-0.012979926077430298	0.23836537701724028	0.019023912449672126	0.02073849648991289	0.023487504415193615	0.1010328970331893	0.07190268261606998	0.005535849117678602	1595.8329388681527	1797	2.6384794203590663e-05
0.243511670143983	-0.27600528984943584	0.9200105442212141	2.9280640426724545	1.0063001245900292	0.2508566214028233	0.10785653795842486	0.12228109691304187	0.06231382112181984	0.10200087269808954	1.1307219961306716	0.005569166933178065	1743.3214139961617	1797	0.00017828867532510803
0.4011214614120029	-0.4535758771017388	1.0019029393550405	2.9803230227859796	0.009043461431549587	0.2546432762027428	0.019001426996610785	0.021085471610544082	0.02331433250748989	0.1000574929893772	0.0723504116833865	0.005695874946623776	1566.5677766124695	1797	4.3251339472305834e-06
0.8012054110861787	-0.8847038825949589	1.1023584928964576	2.6685329601020604	-0.77833935308435	0.23342406455100154	0.17258706807267524	0.18930673142094923	0.04662742776964883	0.1599936148116286	0.15930816669868123	0.005371292703004535	1635.7192271992762	1797	0.0044075258464984154
0.40211795173053155	-0.4447975825729975	0.9954714410552801	2.9800368082411075	-0.00951837398249552	0.24288417728992734	0.01915385060290045	0.020809616245755017	0.023347288082086737	0.10025639668342978	0.07200945293397439	0.005612252225799633	1567.8908399982283	1797	2.6301708972106796e-05
0.40010759068505947	-0.4505914410957993	1.0005968636036309	3.0093425005857553	0.0009532205028674835	0.25081271693310536	0.019005315274846286	0.021008156269112743	0.02334853465348451	0.10053362853375411	0.07231106314079207	0.005687640760868358	1643.6742918741618	1797	7.856490433257796e-06
0.39838482983302176	-0.45035902822737245	0.9867635067160153	2.981062242965083	-0.002658352017305038	0.2515592932795725	0.018950927749353415	0.021025902180059907	0.023300153082351952	0.10061890940830036	0.0722948168119546	0.005725481417982617	1646.9808271252714	1797	9.614067918557858e-05
0.24030828689505063	-0.2706668988509446	0.9189324233563598	2.9355956570778807	1.023187697360269	0.2404420393611098	0.011361826839456766	0.01255860792533159	0.022929841880520482	0.09907942396743354	0.11952037301429988	0.005547409032597621	1694.9217369435946	1797	5.555380496630466e-06
0.4020680964520753	-0.4470441683733634	1.0123854609395027	3.077360647487697	-0.0028886812391568737	0.2462432074910634	0.019104761993990624	0.020851689114693955	0.02341864940316797	0.10083659427610339	0.07227891142798619	0.005588622197542683	1611.9729294542171	1797	1.4858215731561612e-05
0.23841100769073448	-0.2599879481400529	0.9540522656559579	3.1453044772133194	1.086727685796951	0.24240094079492347	0.05469714629777457	0.06143002968948566	0.03325226748141113	0.10252377072867501	0.6162158764157052	0.005638933673480844	1599.2470890392242	1797	0.0001897829073282613
0.3991162610023438	-0.4488436141685693	0.9968312182428065	3.0139072794581363	-0.004764606035885047	0.24283295813995484	0.018857269824396634	0.020809550437531386	0.02325717595481922	0.10014045284978625	0.07170896351743172	0.005572437753876084	1676.0084261881325	1797	4.78228804232218e-05
1.0567620263566402	-1.1980501151215415	1.1385528893159567	2.439135743453255	-0.9637918033161055	0.2355882046194126	0.1370908615357077	0.153485886611528	0.03213325698530462	0.16186980739789178	0.06962429122623928	0.00562836640214183	1673.3396867819552	1797	0.01744903948004799
0.7937772253593498	-0.8961535509125544	1.117883276492682	2.7702058645464644	-0.7613579251475178	0.2544339741050518	0.15743376608654816	0.17475096252155423	0.042780179425099304	0.15069513042738963	0.15045392348469744	0.005820486505305218	1684.5154997091936	1797	0.0047989339411888985
0.8034727899974988	-0.9224627186565838	1.1035478013177475	2.717974702384632	-0.7979327536016139	0.24238239444167745	0.17109899940323492	0.19339264410546056	0.04658460249667487	0.1625602538786399	0.15366123452254382	0.005758812996032701	1729.57230295551	1797	0.002708039952300112
0.39965850749249127	-0.4513460547784346	0.9983624203796984	2.99323888081025	0.0021098015770516674	0.2457082807094246	0.018837464413918138	0.020871553365500322	0.023231618642049846	0.09991345803143792	0.07174940669774564	0.005554452620024352	1660.3292948375993	1797	0.00010151436507284064
0.4019679464437772	-0.4494586346496118	1.003876834640649	3.0225942059666617	0.0007546895394271645	0.25229451912318435	0.019141223660243123	0.021015243434957625	0.023431019863187377	0.10109229494819084	0.07251630580588461	0.005722898999638994	1650.6717258767665	1797	9.69371283100024e-05
0.8417952805444394	-0.9297750249802045	1.1235943810020255	2.7254359681445828	-0.8112951232144254	0.24188951311698978	0.20837348419193952	0.2275698194968977	0.04704583265317055	0.20464347674477298	0.1762891951084411	0.00572668629393751	1605.9183882227157	1797	0.0010444613613969744
0.4025672706376313	-0.4413923727487027	1.013214617035571	3.1270303914695914	-0.014303019722968446	0.24235756770948202	0.01926007195260321	0.020746007107114686	0.02360833474772479	0.1021883386213269	0.07246125766417512	0.00563246508249696	1665.7709469009505	1797	1.640680245319622e-05
0.256638978501682	-0.28936033814924816	0.9345198579865435	3.0308046247943223	0.8550442123065313	0.24663062936219565	0.012225339370872584	0.013529150143287465	0.023230888851639906	0.10127294610488914	0.11284587879441689	0.005648621017497587	1686.7413483444607	1797	7.838064199748624e-05
0.23600135324624094	-0.25932496471676747	0.9736732493657834	3.281836270080111	1.1357633546243842	0.24993362205644526	0.08623975639277152	0.09466493418938093	0.05081124960362003	0.10174844776949338	0.9834795214660009	0.0056064900668157105	1761.951124903875	1797	0.0002994749429249284
0.40161596884011547	-0.44790232872453284	0.9922554046183278	2.9254201922644083	-0.004017213964726153	0.24391539457325914	0.019052383053134725	0.020864849900877155	0.02332389724886473	0.09999529179338218	0.07179271899192453	0.005590137710656887	1587.9181794871538	1797	5.152015990268668e-05
0.39923132336864836	-0.4510854761436018	0.998760885868043	2.9803036048058984	0.0015209127711758674	0.2525716311999646	0.019026027942388068	0.021094653842217627	0.023424651550128066	0.10054165077875489	0.07247860055771177	0.005706013334592452	1626.795006605816	1797	6.585293594384399e-07
0.23135134512359296	-0.2567400334709793	0.9695824167652336	3.182248265012103	1.2436781658153333	0.26265753872794984	0.1102642001159208	0.12254955241942773	0.06257234144756649	0.10898837039266435	1.327578613578588	0.005713695023667048	1582.4049154961697	1797	0.0001796803945060905
0.3982914990504524	-0.4530890400110993	1.00133359809807	3.0116545867888367	0.004944290915523436	0.25501478319143955	0.0189403856554177	0.021137247728215573	0.02347320073729256	0.10118267354072266	0.07254862382990282	0.005757604381321973	1599.0526745478173	1797	4.083524377981197e-05
0.3985974106869095	-0.44298668367054117	1.0020367418557758	3.034507773562944	-0.01533753435976259	0.2354043152398738	0.01894866094490081	0.020673649767266218	0.023472442381696323	0.10099405835482708	0.07169882172109138	0.0055463188271078195	1582.5636563367962	1797	4.526785210018233e-06
0.39923858732129097	-0.4512019857347295	1.0024251679189133	3.008597055507696	0.002359157837478128	0.25094559496408	0.01897104582495451	0.021036701445660094	0.023308362262928903	0.10003094703540918	0.07235871983907986	0.0056000123866464776	1618.2670354879565	1797	5.975161622661912e-05
1.0658700966725927	-1.1857889456206734	1.1615654061332517	2.5281580176811316	-0.9490779209349033	0.2521233753175204	0.14721120660142956	0.16079822225885101	0.03453245080293334	0.14402304486084472	0.0755603487417258	0.005512728840429758	1651.9574405518792	1797	0.014578727342551756
0.2322351299978688	-0.2639370612628738	0.9290439366287654	3.0448635607051173	1.105563849276501	0.24787765217000146	0.10234254706041565	0.11601757646225533	0.05904555434826768	0.10550477000915941	1.169137522496922	0.005579257635692162	1742.2726964499057	1797	0.0001781586668415275
0.2548826115238866	-0.2800389053174501	0.9547385478872344	3.141532657765413	0.911557603184861	0.24274309012192494	0.11824153106678886	0.1299730268262063	0.06474568700401284	0.10389804017986716	1.1460106372105985	0.005654088812781341	1692.722096833882	1797	0.00011267342507878138
0.8260382276089926	-0.9243392024753481	1.123956237570734	2.7288503323230535	-0.7756687637424422	0.2578977371648737	0.15241384000520314	0.16703708450589716	0.03950209818269767	0.14899050404190556	0.13602950262900176	0.0053152797745858096	1750.7884050632629	1797	0.005501675355688598
0.40424417082089426	-0.443525821430111	1.0347898202447436	3.1660200946656767	-0.005425371384820084	0.24309454950121817	0.019277777696119467	0.020776058401838073	0.02381339650649503	0.10278427684530449	0.07253189354545117	0.005584395478187274	1766.484920808036	1797	0.000133022056242177
0.8266571970021646	-0.9252908608010685	1.1088397954322804	2.638382495086732	-0.7818817693553142	0.2542541979297738	0.08736247803534834	0.09120072587347117	0.030404016366859424	0.11171553233057252	0.07319438728384024	0.005730348130218137	1585.3809390092513	1797	0.00576118101087546
0.912093712554859	-1.0130636718109982	1.1504463016853066	2.7677952271592754	-0.8600788994262859	0.2504374642235507	0.19233174615424825	0.21305931030348602	0.04342967464273299	0.18461586887146045	0.13907778881928823	0.0055091160447139735	1696.1338538839802	1797	0.003263247999960133
0.40145370637937616	-0.4483665199733431	1.0061878469037346	3.04659823977799	-0.0012928259628098692	0.2502868861387762	0.01912503894786181	0.020967143764831737	0.023463974348475285	0.10106460785621438	0.0724959889978266	0.0056216353495110154	1600.4045051735573	1797	5.135396278427066e-05
0.4017548517992718	-0.4533970226185025	1.008141718521552	3.009475343629768	0.009848821654104719	0.25953418106705367	0.019153302383576713	0.02121397626532512	0.02353565400073305	0.10113582604885415	0.07289668406307726	0.005799423359431712	1724.9413865950255	1797	4.412665717333214e-05
0.7349471973984827	-0.8170022690474325	1.1023631680180102	2.77581914152593	-0.6899133945653365	0.24902715890796295	0.22325417707337963	0.24679909569418304	0.06192591898953409	0.17548918843138478	0.26110923002150366	0.005880028795313961	1680.2762423161935	1797	0.000582301688823438
0.3993212147328694	-0.4502508615595421	0.9927330679380599	2.9504881168903987	-0.000706476669567813	0.24817565180100848	0.018958482599787066	0.020979448169566907	0.02328093180602968	0.09977588011410676	0.0720583743543879	0.005630739189909894	1734.4705508272382	1797	5.248295114021078e-05
0.246621090590515	-0.2783404458310912	0.9322507538218935	3.0124593975483727	0.9512418466815995	0.2450992310180576	0.09710192187276664	0.10943572354955945	0.055929342908770885	0.10797541208808155	0.982152355817397	0.0056202300792306085	1526.9879408175516	1797	0.00013034116478400916
0.40951417236670645	-0.44653040818913387	1.0266891004626484	3.1176876278283228	0.004214629369737931	0.25387955026293596	0.01951532069038781	0.02091552199929374	0.023591555022389857	0.10193968444402289	0.0728766029155892	0.005706989073186527	1761.6048948408652	1797	1.2030300882220358e-05
0.4024259777453079	-0.4483912761345987	1.0066612847494434	2.9950777506252737	1.3678981972919631e-05	0.24542138482747794	0.01908048811125834	0.02087205508450249	0.02336694457396595	0.10004286857812904	0.0720214154351366	0.005571841687039899	1537.6197387758216	1797	0.00019419608845755792
0.4080262791594692	-0.4560032090780952	1.0439304812531638	3.1721988209619094	0.02495205254818825	0.26261167900651944	0.019247795585851626	0.021122068605344546	0.023570273734411496	0.1017082440936271	0.07303610957849492	0.005698547545635299	1679.8238814005717	1797	7.870417549567256e-05
0.40592411941630485	-0.455126475351961	1.0107295764951056	3.0061582810237217	0.01695246108768743	0.2615460416534125	0.01922349291391849	0.02116108963964503	0.02336803397854615	0.10051193633780653	0.07272370369500078	0.00578969516697858	1742.4776691908328	1797	8.110570891688165e-05
0.4059785613757016	-0.4468307250425012	1.0299351813697966	3.1255704634057557	0.0020111892078108064	0.24810746254732566	0.01928769945039743	0.0208499217303394	0.02367935599413467	0.10233566244863478	0.0725077481260054	0.005602247101887239	1729.1008950331743	1797	9.436890588041089e-05
0.26649302739588243	-0.2970135003349499	0.932178998649879	2.9432118656407376	0.8045714401277	0.24806201920374535	0.012620026028949781	0.013813210817245628	0.022989229819790253	0.09952794120990456	0.10958802242613107	0.005668039511297722	1662.8281293282112	1797	8.692698441104911e-06
0.8307551579895882	-0.9161079625695104	1.1228035553581346	2.7021023796127035	-0.7933669046575659	0.2401672945933603	0.15047665467437973	0.16547880978983814	0.04160407420163376	0.15450123119325856	0.1318140832542733	0.005375647455093777	1619.0367438849414	1797	0.00758144426054968
0.9078102621212917	-1.0203829351634317	1.1288529476028155	2.5983943899927184	-0.8418613453344103	0.25662097720477056	0.19670124146054546	0.22025178134000978	0.04480182225696767	0.17861143218959605	0.14578517183212208	0.005596200765470854	1747.419156336894	1797	0.0036151908215475053
0.401765017945719	-0.4420816620625753	1.0087573571810111	3.061482013605047	-0.013959426741523718	0.23824471171969702	0.01914748997102372	0.02069074266935815	0.02359210827213971	0.10158423225594693	0.07199691086397846	0.005586978225918917	1766.0195724292787	1797	5.610836358674067e-05
0.39631399663833955	-0.4511113385624051	1.0113000414588953	3.0957542600528813	0.00021976579929486144	0.25068160059938793	0.01885697697781277	0.021049933739206505	0.023590830941917988	0.10210530128097564	0.07255104642859392	0.00566177248200139	1718.3836915380075	1797	8.352131697732456e-05
0.401168764144801	-0.44698079978729094	1.0132370755944498	3.0935543725129246	-0.004030115369240788	0.24666365604470478	0.019087175782347022	0.02087526558805981	0.023557488932464107	0.10198339796994431	0.07237046485626022	0.0056178179040404725	1605.255110930177	1797	0.00012977994400295516
0.40230393860722286	-0.4476285255940188	1.0184272183945495	3.092465862767434	-0.00047447553025151004	0.25124992150006603	0.019222339205447324	0.020999017944051068	0.023629470300826887	0.10180527687917779	0.07279222002808637	0.005624565669816613	1675.151158634275	1797	0.00013694882366884221
0.39830563090677207	-0.45107211269126185	1.0038360728932403	3.020689713099377	0.0012204354989283966	0.25031138927103846	0.01892811738436517	0.021032292926642274	0.02348566741828968	0.10123633236655913	0.0723401754994969	0.005657656137662339	1595.4260660151715	1797	8.647549661293814e-07
0.3995167330679764	-0.45639109533156336	0.9920665784793368	2.9048872695033126	0.01234254624138717	0.25605199159629266	0.018897290213160098	0.02117679730663081	0.02325155528447456	0.09938399311281218	0.07220549758334467	0.005670090507025696	1679.783139759108	1797	4.73959363616871e-05
0.3976071463622295	-0.4544283016078307	0.9993020874046827	2.9761703858452604	0.007093066190494216	0.25165586236730403	0.018804099027519307	0.02108069675915841	0.023316721597479894	0.1001781616666799	0.07213237011573904	0.005636529202869777	1577.1494871335235	1797	1.315934649702787e-05
0.4030791361729331	-0.44956277564980524	1.0074247916876067	3.0042281942717244	0.002983226148878284	0.24973147338939056	0.019133912663591792	0.020952290207314633	0.023430693939870795	0.10041242953386835	0.07227932274943291	0.005666614100425096	1688.9033520803023	1797	7.978273272255748e-05
0.4001806516222008	-0.4452791309080163	1.0038162364484022	3.069771960802133	-0.009611384649354406	0.24634900424253026	0.01912370650619524	0.02088871076952135	0.0235780729630282	0.10215629300865876	0.07245618347262997	0.005622878155215809	1662.0641132152418	1797	5.761846632656288e-05
0.3964026919481973	-0.44847416229918585	1.0041369304808996	3.0639220358172756	-0.005911301067386087	0.24776194455938846	0.018913191631036066	0.02099091309524683	0.023591809950393405	0.10192081200989467	0.07244635210906454	0.005673606510696186	1667.6947094946447	1797	3.7971505093067394e-05
0.4007108457106186	-0.4515009083272064	0.9756937088723402	2.849356777246619	0.0006591747727795327	0.2520085026485738	0.01904444627777299	0.02106743979322955	0.023068618432019437	0.09858163928146509	0.07202779582613322	0.0057015119120914755	1651.7236854847877	1797	4.127161390100113e-05
0.4033213906927333	-0.44647971041756057	1.0182381556701727	3.092747700389887	-0.0022665371533564403	0.2480249410009376	0.019216293666131104	0.020893170240135258	0.023543853220172845	0.10151124900761105	0.07252199583443177	0.005650031396764704	1554.9093118623496	1797	1.8547589860401246e-05
0.3920358908383132	-0.45668212461851854	1.0044190851963566	3.062154065057831	0.0077080298943164064	0.24860917101109895	0.01842179730329032	0.02102320185930083	0.023373794680344222	0.10082467833495304	0.07187858262639316	0.005580319856047049	1612.425199922373	1797	5.2846032680582357e-05
0.39601476245774325	-0.4521082739187048	0.977240481601135	2.8586297551028674	-0.0016720600539512508	0.25044552682124793	0.018866320609452952	0.021133046408620407	0.02330848717560495	0.09973109022520987	0.07207593884488286	0.005700009322485787	1606.4306536736524	1797	5.466824512638006e-06
0.39671770740958734	-0.4518273469326575	0.9823860853204507	2.8626005690123137	-0.000836021437203352	0.2496531120606477	0.018903889225924002	0.021123654370436017	0.023311401006447893	0.09948841320873082	0.07208371683710277	0.005704408946193329	1688.4680014503522	1797	3.949914405469667e-05
0.39727941337153666	-0.4503571379540164	0.9910914289980252	2.9803026304070492	-0.0029948004083921414	0.25494131887987626	0.019043582578192775	0.021180850036198597	0.023554237276916794	0.10184689653523704	0.07277351336686962	0.0056740702347517396	1608.3930699392345	1797	8.350137983260889e-05
0.4013543500474376	-0.4483383746671302	1.0009902504592714	3.011059744681633	-0.0009210019228249494	0.2480057048912731	0.019058391841492103	0.020900437355700668	0.023286627288054338	0.10000976306152953	0.07221009226630475	0.005663016457999287	1676.9600874557254	1797	6.340906346881658e-05
0.400789022363008	-0.4407605232954311	0.995280265042137	3.0229665014824474	-0.01957532327781174	0.23677677569016511	0.01912345698828509	0.02065943730049307	0.02353784689699393	0.10173212910199093	0.07184215389055701	0.005611863815228064	1643.2197725577585	1797	1.799016463990891e-05
0.2561155116002371	-0.2860901404954525	0.9277789249097986	3.0079307870221736	0.8436202199511387	0.2406137322976433	0.01224283058967401	0.01342820179195241	0.02326391285437968	0.10135697373640361	0.11272857042564921	0.005652555772169008	1572.5423536007852	1797	9.32084647334199e-06
0.24088516371048888	-0.27975916160631836	0.904377774297283	2.9145953737358483	0.9517179382959993	0.24322642883525614	0.08214139183000646	0.09443441159279083	0.049940178450159696	0.10329322560197027	0.858777512461919	0.0054279067529499824	1580.4198063156578	1797	0.00012541990411848934
0.4000596552625216	-0.4519346311720676	1.002688732676033	3.0386411687912864	0.004022837892504444	0.2568834062447538	0.01906646417102662	0.021136262819029278	0.023421076948954882	0.10119903333730366	0.07277218721989595	0.005715928948637848	1633.2537772716878	1797	0.00012381181744705602
0.8521852205836817	-0.9627458013635554	1.1258664144944064	2.7226197443904727	-0.8277515602201074	0.24595035699930837	0.1383237814629551	0.15464302445359726	0.03789488601101084	0.14861013943468382	0.1119559062224531	0.005724506554274253	1565.0886771708692	1797	0.010070876292858815
0.3961205843326971	-0.4525423348263636	0.9732223441102754	2.8740827816586174	-0.0011236901909843534	0.2514172698746844	0.018832653817640835	0.021102503754027037	0.0231759988573953	0.09932809221761374	0.07203616683759477	0.0056464900028629856	1671.2791102781334	1797	0.00010040484859802853
0.405140472475616	-0.44290337117750195	1.038002887307762	3.2404138207882776	-0.005947872612671447	0.24580126937822705	0.019340316558853383	0.02077063442651345	0.023770560887088205	0.10317742955938074	0.07281257030837902	0.005625414356012969	1589.7712657415468	1797	5.9019263231851435e-05
0.3973615448792281	-0.45546647557581205	0.9845794216816384	2.887182390100971	0.0070701032251806045	0.2517480761162927	0.018774011361440503	0.021102895315270286	0.023160405646691477	0.09915916202608997	0.07188393755908698	0.00563034827366881	1659.5029197755166	1797	0.00013985648554371325
0.40426731330400967	-0.4441351261199696	1.0174507897245892	3.082581042910947	-0.006191576412659367	0.24545676556465063	0.019301321782367556	0.020830396051880532	0.02359968935015158	0.10156667911675647	0.07247498444803593	0.005645522797256186	1727.3105584938812	1797	0.00012815309171178784
1.1325214631425382	-1.249869830197215	1.1576482603957219	2.399764443909949	-0.9772742802400778	0.24372216119013407	0.13201990551986256	0.1476040418675046	0.028442445069401495	0.1604814784562355	0.060399901782742765	0.005378540996363389	1707.7130689240742	1797	0.045506754018778704
0.400579686698129	-0.456243230377636	0.9893592504899654	2.906434996778482	0.01262835427416553	0.25789733987360214	0.01895916152646505	0.021186390676947494	0.023092817683356893	0.09865070750436883	0.07230508462482232	0.00567386337011952	1684.6906233482387	1797	9.118756337265425e-05
0.397245802547329	-0.4545257049740084	0.9923716492690692	2.980338971823494	0.005716787989965246	0.25300723575618633	0.01878155112530207	0.021076991126461452	0.023250548863335566	0.10023532263165917	0.0721365121995497	0.0056775862784962565	1525.522033503801	1797	0.000198424111666391
0.40233940653830913	-0.4464073765592044	1.002561250808786	3.0191422513879713	-0.005304520192463341	0.2486327704370849	0.019215422936664284	0.020937015824539447	0.0234500421041835	0.1010037436481509	0.07245984714667887	0.0056792600149098045	1646.0369800100993	1797	1.8240514422060313e-05
0.3977954189947234	-0.45183644494724634	0.9753303017688018	2.874685040152396	-0.0011376084180179263	0.25197507702305133	0.018928662245097316	0.02109702913582419	0.02321995735777419	0.09958301295793565	0.07210286412399629	0.005756722456368158	1656.165660972798	1797	3.3352385038507576e-05
0.39843279766371476	-0.4499143447246937	0.995066692822922	2.985771616019299	-0.002269701840222096	0.24971647469621128	0.018969547437515444	0.021021815991227003	0.023447094539650895	0.1010585535871677	0.07229869766439898	0.005652428355403277	1749.1042724804543	1797	1.9485118047652044e-05
0.23586292218007046	-0.2671343696544972	0.9511491366666445	3.1736679043027536	1.1019347766259178	0.2541688268183197	0.011224139205985322	0.012473107066562556	0.023308220891594643	0.10207986668043248	0.12442138756440196	0.005701545689641988	1594.342911672063	1797	8.74469981914771e-06
0.3946221296844855	-0.44823182259171873	0.9949218047458807	3.002206578876447	-0.009211960136624108	0.24352540991855687	0.01880029158166921	0.020943729699686598	0.023566073286160633	0.10171408311483421	0.07205265321262772	0.005619212136428514	1660.033668005428	1797	5.991217181607021e-05
0.4002402707938187	-0.4441762419228349	0.9748442685731337	2.8868211967526114	-0.015465257816396617	0.24135302817775395	0.019098374759389036	0.02081617883096089	0.023260458080033262	0.09994511884843658	0.07174603141126702	0.005643968202668102	1643.221721391677	1797	0.0001453204156455103
0.39520237582054496	-0.45307931472612517	1.015367338317253	3.1281864770165178	0.004171732864019891	0.2528648625673115	0.018768621408491826	0.02109293844125486	0.02365120771189091	0.10242173382591578	0.07263603218847237	0.00567432496787968	1675.8927633653707	1797	0.00013613075707736994
0.3985856320419196	-0.4506040089163488	0.9868627558319861	2.921342538488166	-0.0017282630908589914	0.24770302790412094	0.018914213446851305	0.020982128425109162	0.023258957542131416	0.09982603598662575	0.07193014029538419	0.0056342417212671215	1674.780077686808	1797	7.380720697607759e-05
0.39915717999276357	-0.45022013184204984	0.9890385648460823	2.9566771449196887	-0.0016662026781700794	0.2538766929378618	0.019073657742449564	0.02111107790133474	0.023435364838282825	0.1009028883623162	0.07254312825025473	0.005724869281790554	1678.6067686729014	1797	2.8084709483245212e-05
0.4015992587636028	-0.4513686892559214	1.0259228986401479	3.1258547700941324	0.007111511554047003	0.2542642764362192	0.01908870276049812	0.021060240454888437	0.02371154609848321	0.10270112215203973	0.07279203134198282	0.005713562920723061	1705.5156261192997	1797	7.542893533169573e-05
0.3989135860368331	-0.4517109362811686	0.9915323388897339	2.9476008814872805	0.0017644815552228215	0.24875547794280453	0.01888316004755197	0.020980893372887142	0.023341865902303555	0.10018461342132154	0.07195153925486306	0.005644816276775545	1693.0737977287101	1797	9.52002047262815e-05
0.3985437311798675	-0.45144915967441474	0.9930495034812684	2.955158275213255	0.0008329761244888196	0.25012093855119966	0.018926162549513056	0.02103738925512452	0.023344616537915017	0.10035360751971738	0.07215583668196936	0.005670350215718112	1663.8242059589504	1797	2.864568081399758e-05
0.278759761701336	-0.31217185595023916	0.9440115662424595	3.012281951194448	0.6856958865706189	0.24871729916033533	0.013236543733012616	0.014553587415277094	0.02321729541085335	0.10100727887055547	0.10450743910065971	0.005671223214300362	1619.4686226883073	1797	1.5098841701407388e-05
0.3976265069552842	-0.4485084828729147	0.9873832456256061	2.9360443907432927	-0.006586979026443388	0.24515922203565793	0.01892401402288754	0.020945673140907808	0.023285108038145208	0.09973548967397698	0.07196338915497345	0.005617160294772236	1568.2945007579392	1797	1.7372526461132276e-05
0.23422232540786472	-0.26121706498982356	0.9406814313787485	3.102958282290962	1.1170783617993103	0.24599001086212227	0.09255104921059461	0.10315518245886479	0.05524686378504048	0.10137253961922035	1.0560898375584247	0.005735775607296678	1689.7912139588161	1797	0.00017979503007664417
0.2363458040849112	-0.2648656282547834	0.9587464645481104	3.216544002999795	1.097530775810916	0.2544577773838237	0.09457078467458753	0.10597105637787596	0.05609564078327765	0.10613378187677877	1.0602740838166698	0.005800268026196482	1674.0574071808585	1797	0.00019983189632957307
0.4015469884780873	-0.44978359104217536	1.0011286359462725	2.976567533935337	0.0024215800128291995	0.2531894572804807	0.019165104555197116	0.021075051052621706	0.0234410325660326	0.10051900183500276	0.07260662275218055	0.005706909653798731	1600.7901202833505	1797	6.045892947469386e-05
0.9093985064964021	-1.0072273949987418	1.1558046569649527	2.7551426647312973	-0.8566180472370895	0.2449396608828104	0.17500455315760824	0.19085089515358064	0.04184204264612089	0.17126203143061858	0.12590506949248462	0.005791170764189193	1710.6528243835244	1797	0.004442492868602661
0.39480694530310184	-0.4459720903732154	0.993116611507379	3.0240045938357945	-0.014252536173121447	0.24376959421947195	0.018891516935906533	0.02094023266861855	0.023628608818121986	0.10237415627135561	0.07226476395113339	0.005656677682850118	1657.105030539019	1797	0.00017832672348589915
1.2400310030870698	-1.4007052400318651	1.1653565988482637	2.27939624429717	-1.02207691427221	0.2471988846683815	0.2005896209896065	0.22426395257464984	0.03196687868580694	0.2009357535776296	0.07296405693560719	0.0055523494085885534	1651.7047719417242	1797	0.010655529159868019
0.40334218361250945	-0.44946884718837915	1.002178139120931	2.991765245445924	0.0021458455088705945	0.25118462224282656	0.019168514394502397	0.0209759419771935	0.023322327063307915	0.10023388387905961	0.0723408393428193	0.005637354431790256	1568.1279521003275	1797	3.1284848176266057e-07
0.40028075066634417	-0.44380764858197047	0.998678873428238	3.0091164407703843	-0.012902471284064729	0.2405439702565111	0.019085919693375093	0.02077950793361815	0.02347055137406087	0.10109024458366422	0.0719863355547864	0.00560838098021426	1625.6855529153938	1797	2.5890704093472857e-05
0.7657138769922245	-0.8519130673741901	1.1020947648721409	2.7310814706420863	-0.7428062576968858	0.24121937894439527	0.11842914387407909	0.1281349122727716	0.03643320489662565	0.13017378061271917	0.11625453486812028	0.005420946930208863	1692.1413105320382	1797	0.0032442485990005275
0.39317217507520785	-0.44656266828271285	0.9883318049090503	2.9800306393736693	-0.01472768442255632	0.23641853390850473	0.018665822871281247	0.02078935702443856	0.023449076143753876	0.10088430592473221	0.07152733033167533	0.005534379475483042	1573.9100292582455	1797	6.661934850324191e-06
0.7512441610168619	-0.8554387309518576	1.1030399635276555	2.831398311884478	-0.7434306046530234	0.2480387674988378	0.277978460407976	0.31534444761599784	0.07302286114549768	0.2239235605861327	0.2922921019587334	0.005692827770839322	1604.2841713181629	1797	0.0002805988305116593
0.40593234316581	-0.44558703674074857	1.033498582661596	3.1676254467778446	8.31779099855095e-05	0.24881809613784653	0.01934217858251521	0.020857816146453195	0.023678879046865782	0.10224539562826565	0.07274761843894989	0.005647427476136679	1567.8441048906645	1797	9.201137484737896e-05
0.3999215514570924	-0.45264886534864335	0.9916781832686042	2.9375449601960866	0.004307258394670265	0.2527016048755263	0.01897816389313642	0.021079480152480255	0.023227705071267146	0.09970960821985604	0.07221770521342037	0.005627119827639064	1621.9502559224231	1797	7.281590994655802e-05
0.4004395277639161	-0.44999057844697726	0.9990511835702907	2.9982034066365086	0.00015783548287641328	0.2528501160364677	0.01909507228016831	0.021065005824143095	0.023461650403170636	0.10115209854766076	0.07253964074582424	0.005743782611977999	1573.493705598581	1797	0.00014938450963838734
0.7910489326506784	-0.9009567591399078	1.0958495144887461	2.665897305995791	-0.7627792823364662	0.25257653376167377	0.14853332345809922	0.16797206785450447	0.042790428010158046	0.1469790920362245	0.1406724935105358	0.005771192343128085	1586.1811476092848	1797	0.0013840626032639344
0.3957579422501309	-0.44948691991168793	0.9893891564870025	2.9914596753773997	-0.006454165736735349	0.24488217582267263	0.018776598353358848	0.020923212445158035	0.0233807810702818	0.10103906639190953	0.0719189450108614	0.005602148333538411	1571.213327756127	1797	0.00013279052418744075
0.23420992349539133	-0.2632565523996528	0.9425795164131427	3.0793049579847893	1.1487283627562577	0.26079767384089936	0.011190832502058861	0.01235522370982983	0.023366873977359193	0.1018322199442719	0.12689832578775329	0.005785021460555072	1577.9093931538491	1797	1.5547707669831885e-05
0.3983910006151684	-0.44995601669999247	1.0092047444635255	3.0544730347375877	-0.0003038835893282353	0.24444148973063115	0.018829355573680706	0.02086657314873007	0.023428227174291924	0.10092563434711399	0.07193385930039654	0.005586583773998724	1559.7023813205587	1797	1.2402975759216383e-05
0.9573544178895804	-1.0755011851859997	1.1333314886084886	2.5419580115111335	-0.8962429092186714	0.24342902508122638	0.1703243242778332	0.18907749383001834	0.03762416083111433	0.16897575041657487	0.10968851431716475	0.005514831039838856	1683.8364365819884	1797	0.005581595477332557
0.8829514919960612	-0.9746179485250107	1.1654380287614674	2.8340690412272993	-0.8221887575560625	0.25587632616966544	0.11478566717281942	0.12839166180908607	0.034599739755321525	0.13532618388117373	0.0870898745352307	0.005859775767481352	1574.1598740461063	1797	0.050482419700693074
0.40485283755093465	-0.44578319637438263	0.9902904414173382	2.924238859417017	-0.005615133154324704	0.24453065159840007	0.019243496799260497	0.020812293893074964	0.02319586581309306	0.09919585195972716	0.07189444500880868	0.00554741023490087	1616.2871931592458	1797	5.123019870818772e-05
0.8148456368596286	-0.9225239198823563	1.1298449865233997	2.813414629363389	-0.7899190854706257	0.24931109668716622	0.1502594675676915	0.1732355801943668	0.02918203922735542	0.20030011846232829	0.13839067274825084	0.005833952845232853	1621.4199014016415	1797	0.0027131159762484917
0.9488468757568499	-1.043017878574301	1.154099740146229	2.7381252236918403	-0.8920665138267726	0.240575383320725	0.11432577745772395	0.12724198442956605	0.027694048894521806	0.15427782200297419	0.07505875585228362	0.005353300833404827	1560.2237120911996	1797	0.010347811238856561
0.40513652633123753	-0.45184574629080126	0.9966537370852059	2.9414659832511543	0.007710802127100463	0.25517604234448915	0.019220373484117224	0.021049625049329286	0.023202019649330788	0.09951806317290712	0.07235423267099676	0.005672157566931619	1648.9610293318829	1797	0.00011174377810068054
0.4054227759138656	-0.447345097406903	1.014909082129033	3.055505998179067	0.0010026251697177902	0.2496536748890914	0.01928341472833725	0.020899968987314284	0.02349995099019717	0.1012502351929739	0.07246174540330444	0.0056443464206149315	1666.016578622247	1797	1.1975824605550593e-06
0.24527655257060532	-0.2662797078933034	0.9861056666643737	3.2735254787563215	1.1168853257461793	0.2618381627605547	0.011667385776708032	0.01245544865126831	0.02340293034910206	0.10246498681816975	0.12520774003465462	0.005770691462409826	1663.9220453298803	1797	3.8200731638330275e-06
0.39881648986806323	-0.45402749345455223	1.0197027862942236	3.0967276016957985	0.009865311309832507	0.25593797771833554	0.018934422105113907	0.021143269742327525	0.023590989141468836	0.10185676885733569	0.07274991214385493	0.005662886309098045	1659.0812740222448	1797	3.855820108122728e-05
0.3927488929053633	-0.4612966367269905	0.9548664038366136	2.745181928014137	0.011486393095834806	0.2599271771256297	0.018584120212621305	0.021389353783028437	0.02292673750714037	0.09781922874029889	0.07193946829440478	0.005715105302081804	1700.2348324827522	1797	8.432413673236256e-05
0.4075050552778581	-0.4478950267742914	0.9974806762097566	2.969939027474317	0.001447423355216308	0.2526092896838917	0.019380966849720727	0.020931439611685088	0.02323715824081828	0.09998888191836333	0.07237902055738347	0.005664663768744091	1633.204221907376	1797	0.00018318725778141985
0.40061760684671244	-0.449182542551537	0.9947755757788941	2.9950128938937146	-0.0018641661918042055	0.24787471669946176	0.018993624085421313	0.020904766562410956	0.023202071005772446	0.09980931849466959	0.07205867996441276	0.005635730602218701	1640.6546388378483	1797	9.556355126431427e-07
0.7891852968898473	-0.908803077982273	1.0831953882329073	2.591160973382388	-0.7714953945754904	0.24883548322536617	0.12384842395101434	0.14561371608976167	0.03660243624955787	0.14647145635182907	0.11812930542694874	0.005541007120699805	1644.6677395894553	1797	0.0025495796594995727
0.22514286100973946	-0.262946648086616	0.9290772701819132	3.1207622844116565	1.1256754527255417	0.24384655890069154	0.07317364234346045	0.08514424228592486	0.046069695462917025	0.1049320697116978	0.872030798031083	0.00551327453156981	1558.8107323950226	1797	0.00020929676235057138
0.2526721724069334	-0.28618979552532614	0.9290759072497009	3.0339412727909365	0.8879698297356509	0.25017756169487465	0.012072613189663094	0.013416358740188903	0.023294285197458856	0.10165797022808078	0.11475747034593767	0.005672345526936132	1598.0946132856009	1797	7.324607022466537e-06
0.2513333909265583	-0.27833455026409853	0.9410179135522565	3.026008633076493	0.9616841607430707	0.2493115068020813	0.10223257322984751	0.11340047763351045	0.057590154108417176	0.10465057660295272	1.0234858001899374	0.005681864279551393	1608.0243099741779	1797	0.00014428190459499986
0.4005436677908864	-0.44908975376616017	1.0143920090231036	3.0600804389625	0.0005440746816543806	0.2532927864360265	0.019168312106594785	0.021097814470589848	0.023661947468044623	0.10183883059516699	0.07287282718741425	0.005760901402794828	1634.2289740569374	1797	6.590497128319843e-05
0.23551509700414994	-0.26345101177626445	0.9544403932030452	3.221137682805946	1.0831532855217332	0.24241168757286247	0.08140598271808554	0.09113419396533251	0.049231210003733025	0.10370205272329108	0.9137581190549988	0.0055474962934970755	1561.0409052357018	1797	0.00038835483720015896
1.2682401581203973	-1.4222111375137267	1.1810033111183962	2.3230626952973537	-1.03185679665192	0.2517835253964552	0.1929374653784422	0.21350721591695093	0.031337286878906565	0.18726953278525013	0.06850888313935123	0.005718380427034963	1640.6194696018065	1797	0.014412134909792531
0.8716880993978545	-0.9746443101028195	1.1385754796480023	2.7394023208802465	-0.8294150757455245	0.25032285208837496	0.1878093496135784	0.20775566594567652	0.04317062227775295	0.18847383008677074	0.1492919832741297	0.00560899539694092	1677.8563282010673	1797	0.00236321997686712
0.39785213760200167	-0.4562212985317685	0.9990648421052285	3.003487597990093	0.011138089780367195	0.2581511687320637	0.018844232043497187	0.02119330044116647	0.02329341039509771	0.10028163461476529	0.0725222305279138	0.005721410193654054	1676.5678056775264	1797	1.714669534179711e-06
0.40001067644476435	-0.4527987073789893	1.0291268814863963	3.1847262493907773	0.009154884732016538	0.2561903301040885	0.01898778968806954	0.021086798660431946	0.02374808642935435	0.10306733903407124	0.07292773898119295	0.00574079774528253	1616.0426827360266	1797	3.900230639232964e-06
1.0063148964483033	-1.1240908930598539	1.1274154362098812	2.4238071575275453	-0.9139865569634971	0.24388179865322857	0.14161159427081366	0.15845665290019192	0.0334587751037789	0.1439925783574785	0.08250060888729889	0.0055143613691758875	1566.5412496121762	1797	0.022484869988689676
0.8667209140841587	-0.9914808699726139	1.1409043604837257	2.775509993064815	-0.8298684481960249	0.25477591647599035	0.17156256128422254	0.19351992026324302	0.044547476437772224	0.15005332931361356	0.1387665777391751	0.005473851464507593	1637.419866348696	1797	0.006358646704010006
0.3984607523432817	-0.4522766021962805	0.99378649668269	2.980463350619024	0.0024377450010182144	0.25168538824643805	0.018898654118250872	0.021046552565592156	0.023290210698058693	0.10023331285313643	0.0722188726121892	0.005669414946509623	1667.32375756068	1797	5.705241211691044e-05
0.4063339174152762	-0.4411507492051823	1.0185197289432244	3.125191408710407	-0.010765871805361463	0.24582473832200807	0.019470817729354686	0.020778640867625396	0.023551205123169914	0.10179008655036106	0.07269971499996193	0.005644309445178273	1627.7228761153206	1797	3.633680055786112e-05
0.40512827580319705	-0.45453170316683883	1.0059035199843278	2.94700034056661	0.014557407517647104	0.25862999125716374	0.019212386897403025	0.02116586339921593	0.023353492285294385	0.10000688988073556	0.07255273169814093	0.005729144098390822	1654.1251093353276	1797	3.6550157454084914e-06
0.9909152557613369	-1.106917698573815	1.1519732896923671	2.601276684265892	-0.9094105727500473	0.25401530750163037	0.17770097777123026	0.19372439167876146	0.03828916241712807	0.17086554046234273	0.1067455313937265	0.006091678221634093	1563.9404988337278	1797	0.00592107976114385
0.9314809932709772	-1.0577008051749524	1.1474456103515882	2.655202903534419	-0.8719816087467609	0.25728854616743163	0.14636899562240574	0.16558117451823706	0.036729253194471366	0.15660053464852444	0.10199351916583467	0.005705252444304514	1687.101849597398	1797	0.010872602552131124
1.1375650696392618	-1.2835526038245344	1.1727882725642207	2.480275687756184	-0.995540848916046	0.24357025154471829	0.10504060542939314	0.12018787814565106	0.026876752985041046	0.1461050163493355	0.04701076381574775	0.005897370613276799	1796.717954389219	1797	0.10310508431926252
0.40006103905023704	-0.4507783239533585	0.9972546504444165	2.9965341120584292	0.0011338025776522218	0.24988324400243617	0.018965114098800136	0.020972101918848768	0.023297453334197853	0.10033242745765941	0.07215842750724402	0.005649184385645266	1529.1311924467914	1797	4.384984289135116e-05
0.399803558620534	-0.454129639049505	0.9931568613144978	2.939959765343112	0.007831432769229256	0.2580668730321934	0.01903161452458685	0.021212552794549533	0.023304812046575352	0.09990527545332939	0.0725925537681717	0.00577024323490724	1718.9735554156323	1797	2.338590359985002e-05
0.4033471781723974	-0.4509053852350017	1.0194922630174175	3.087208408325534	0.007247331609055414	0.25402860030191227	0.01914991080874527	0.02101843108229388	0.02346916563219099	0.10116052284605218	0.07265162919627596	0.0057043161535312425	1673.669337138677	1797	2.2204444397219717e-05
0.4031712819325333	-0.4500626821205741	0.9934866115444024	2.9512915901870667	0.0020389404154388924	0.2521736455533087	0.019159225819155568	0.021003639138971394	0.023231622311450064	0.09975290416419545	0.0722834939644658	0.0056733261527217825	1704.8999605431954	1797	6.1608901570526214e-06
0.4091360108297257	-0.4455652760209491	1.0381511548156543	3.1458816653695676	0.0033728042511589297	0.25212638962578887	0.019543926446506866	0.02092368355571515	0.023809685114508115	0.10288440072787775	0.0729924893611451	0.005712963465759199	1712.3586025488996	1797	2.5280607464559983e-05
0.23780378944845862	-0.27520856922342674	0.9251880579072492	3.0475500208654225	1.0085605143320382	0.24351153653225996	0.0705291270871728	0.08166291699395425	0.04463589786709433	0.10603498369064542	0.7679526739125315	0.0054696693916134595	1594.749226629338	1797	0.001064025722882858
0.3965998607560038	-0.4569279394582551	0.9935554064759867	2.962182525807845	0.010410278520781817	0.2571650091735686	0.01877217732136841	0.021211713714651245	0.023417370847381005	0.10108761279367004	0.07234945928339274	0.005736622953985422	1656.2830834644378	1797	0.0001498410802476761
0.9552520135158349	-1.0667421725948194	1.133625789010862	2.534003711362818	-0.8860028379388855	0.23733366721377672	0.1523021034448147	0.16537790381812834	0.03655840646422564	0.1505835753674735	0.09850329799353857	0.005642635749383995	1585.916407871162	1797	0.010644574382645083
0.39741277003343733	-0.44834644694372516	1.0092974989220438	3.0641202652778445	-0.004434667879343175	0.24319553535667504	0.01885035754706033	0.020867306616329906	0.023518058529052206	0.10139391766395892	0.07203800571463552	0.005573812776843458	1525.0649626378038	1797	5.2614016941712927e-05
0.25931727970350904	-0.29013237740455744	0.9272008606024424	2.9815930957936683	0.8398825711409064	0.24332457181328943	0.012302921070477098	0.013512133308894858	0.023026194334659654	0.10010764326993622	0.11159746127738296	0.0055595097512264125	1701.8386147241686	1797	2.4272846434018515e-05
1.0906909931161595	-1.2420950695954942	1.13412399034282	2.332876664731859	-0.9676130509411704	0.24381548968355812	0.14145232809779482	0.15714546759841044	0.032654639514151956	0.15432954435255578	0.06662351690273668	0.005533767545090915	1606.1497712855275	1797	0.020262868313758804
0.23912585511063314	-0.2721243066060565	0.9350409111375576	3.087644261873186	1.0461617725601313	0.25515340302877565	0.06139788913006751	0.06943580677499801	0.041127640819295895	0.10254801798133395	0.6705548117743036	0.00570906872860963	1662.9468038315604	1797	9.881056000277646e-05
1.0392756692498675	-1.1558906154724409	1.1632936655161892	2.5809837883787177	-0.9327797919434786	0.2514850407914249	0.13393994795098838	0.14854629937199332	0.03188020491501433	0.152457006179901	0.07416558312191214	0.005490090039018473	1634.2359962107337	1797	0.025024853489253606
0.40550713320547577	-0.4445147176129183	1.0017233269405488	2.9640134669393556	-0.006208001687188104	0.24287666485397294	0.019284545220100948	0.020773879406256877	0.023407663468767263	0.10026649672271114	0.07194713282706239	0.005632831024550928	1541.3286581165976	1797	9.266201355308526e-05
0.3963214821433523	-0.4483001342566724	0.9828239008762831	2.9161169837837244	-0.00883665048052482	0.24422336907885106	0.01888662057490019	0.02095824416721494	0.02325861004863169	0.09953430144086703	0.07192039078659158	0.005612419774092526	1655.028393483859	1797	0.0001922615437013117
0.39451044006428015	-0.4495896272192566	0.9903438447906543	2.998808247777473	-0.007199953032144932	0.24681884929998268	0.018792348955021278	0.02100597481062495	0.02348313441829424	0.10155080560127168	0.07217830710789903	0.005648270094836663	1794.162349505682	1797	0.00013774799609583827
0.3976728427097001	-0.457099590923124	0.9798506421813765	2.858802248613484	0.010116671078918279	0.2550941676148032	0.01878931583793777	0.02118146310179255	0.02308235440521524	0.09877095180399437	0.0719786823189895	0.0056480021875691885	1670.644438502822	1797	0.0001933360321622643
0.4021129013213506	-0.4456872715743026	1.0208703602568006	3.1053906215564044	-0.004675714048067257	0.24420558289092345	0.019131164822059593	0.02082094850760648	0.023602575543319744	0.10184703411899607	0.07231408507655482	0.005608522186320969	1686.9954445960907	1797	3.097491752599618e-05
0.7392058000869235	-0.8435130772153088	1.0831591583643312	2.6916707832769196	-0.7095732197628246	0.2554563502448162	0.2863438652340378	0.32545475631617243	0.07682768035227461	0.2161502531022489	0.31528134071581165	0.005797540669453343	1655.6532810697986	1797	0.0002695313003626533
0.4024247857951427	-0.4506924415076142	0.9971555636921657	2.9554423893662256	0.003292973652432625	0.24757946334661116	0.019010855482734616	0.02090116184042873	0.023184730564414814	0.09934224892589809	0.07187221195588767	0.0055696272778639104	1789.1956270006235	1797	5.8810717879800365e-05
1.0435291565215925	-1.1666396655102367	1.151170308984278	2.500219874297782	-0.9382109026748379	0.24663743668645802	0.11366600011742949	0.1245435400415986	0.029873953044975834	0.13500472887444356	0.060626416435366336	0.005394837253117217	1680.989539960763	1797	0.029970163655051254
0.398811672254354	-0.4463168033506048	0.9974519179492427	2.994787395230824	-0.008799912118962598	0.2448229817829655	0.01904001839607029	0.02091641764687901	0.0235602982553489	0.10129424003034808	0.07220908168424771	0.005656372528361312	1655.192775279418	1797	9.175538303139022e-05
0.3997377132569774	-0.453581640440843	0.9979921892891672	2.9846256488722718	0.006963394278522815	0.2507008046187225	0.01885134298942417	0.020986006710771676	0.023160477155296684	0.09940037908914998	0.07197548872203079	0.0056328216149511	1564.155553889482	1797	1.3913963033732235e-05
0.4009140979569765	-0.4556930058921823	1.0192031492525038	3.0909338683644925	0.014701038443055255	0.26019931376082744	0.01900244675794069	0.02119286913868483	0.023487356995691912	0.101535533423537	0.07285575119531706	0.005757809396672497	1745.3375149543335	1797	8.564074561648271e-05
0.7950134878178781	-0.8984249679010675	1.1193755770743996	2.7872693829436535	-0.77224504576606	0.24877834972738663	0.1279276487068743	0.1433493236817326	0.03877170542345598	0.12426003472991287	0.12361212531692965	0.005500531197193492	1550.2828855026032	1797	0.0007593432071562718
1.0549576408153543	-1.1733821604438859	1.1816527798854979	2.6135870379197286	-0.9444006691012776	0.24498372995782428	0.18736466925396514	0.20820543715412526	0.040180639268909996	0.18047692505774157	0.09939449710317916	0.005528639533508992	1633.7222807563112	1797	0.007655817611687552
0.4002441028445214	-0.4466187124252291	0.986547109026188	2.9322438244107096	-0.008512678664905671	0.24237381742926872	0.019005598234547248	0.020818742012747433	0.023210165637534773	0.09941507957217165	0.07172973118327287	0.00562713933617297	1685.514037989561	1797	4.55431644638455e-06
0.39979120336820156	-0.4489222385370244	1.0025946902081593	3.0358154498963312	-0.001870607359029141	0.2529846754608854	0.019116201085861564	0.021067222973740536	0.023465422063904947	0.10104976379437468	0.07272793265972699	0.005677257708508096	1611.3178633831935	1797	0.0001608961986755282
0.39509562812424204	-0.4519985307600432	0.9778584681795253	2.9396920828259283	-0.0030253270032837777	0.2553699133783942	0.018888816458592528	0.021192342812636062	0.02335638213243858	0.1008297392517494	0.07255126964707327	0.005715265788145023	1712.6702060735315	1797	2.1577512818180295e-05
0.3947547166460462	-0.45740893834600405	0.9538095876398927	2.750693608067568	0.0048769773414587495	0.25487842552262685	0.01868682051339465	0.021232894319652557	0.02289383922226219	0.09775630161373619	0.07174082994035715	0.005689452457833264	1608.9771957701296	1797	0.00017058083214134036
0.7909436965243334	-0.8817286277864755	1.1090501744161685	2.712597974415222	-0.7590192403473296	0.24339558728595398	0.1901971732842313	0.2107649022251247	0.05084289677924213	0.1685082569929262	0.1843754625738638	0.005519347485888567	1682.439272681037	1797	0.0016867856161945863
0.23987007314723016	-0.2679752005722849	0.9515041172580541	3.1648883429997885	1.0493335749032227	0.2445944278255334	0.09636541337067836	0.10870061027330352	0.055411283415686255	0.10371550593886224	1.0522174845889065	0.005608597936134219	1649.7100790559152	1797	0.00012676862957146856
0.4055577068300407	-0.4509073649053061	1.0079817742436896	3.012790800189163	0.00749417707242118	0.25646246337514966	0.019286745563087147	0.02105909522085565	0.023373753148229516	0.10057616011661928	0.07266077742370973	0.005744450971417866	1574.3102452529656	1797	5.8945485252106704e-05
0.39855271696748107	-0.4539607231888171	0.9890611019058068	2.9194398588547723	0.005590758342743217	0.2553091516750224	0.018953274351687532	0.021179620493848677	0.023351160926013616	0.10029933134001265	0.07237941715556957	0.0056724018309166156	1686.2641804511175	1797	8.995438529150759e-05
0.24609385163887587	-0.27878931341873264	0.9337045561598262	3.0389499506848	0.9744952113465417	0.25185193861116684	0.08991652017352644	0.10048774661619765	0.04732068756999582	0.10227092728482551	0.9192817989725994	0.005596460061658366	1622.6066659597504	1797	0.0001245377352463093
0.8565741916971024	-0.9611601516395653	1.1283399123831923	2.7146501939095495	-0.8172306460026271	0.25322598667258867	0.1307027151287199	0.14570468277773382	0.036415775792994695	0.14249575808744194	0.10857133507730186	0.006188842881886228	1642.4134196450095	1797	0.01330754231040075
0.39374584700726983	-0.4515072771596842	0.9959559423033811	2.9892335236651677	-0.00252139528008806	0.24261086014286826	0.018601233083267825	0.02091491497966726	0.023389291403440628	0.10052943473220832	0.07166979434625236	0.005568210767035339	1672.9384254651698	1797	6.99299514100498e-05
0.8351257357574957	-0.9371055815047958	1.1305265147398587	2.753428568062785	-0.7987953638170409	0.2492794784618972	0.15349104769134467	0.17097495977711855	0.0436476473627414	0.13153046753513986	0.13379764983891165	0.005415578341740526	1754.2653243215716	1797	0.0052769111203916095
0.40423514171646635	-0.45172038551525295	0.9770662336902968	2.8238226330894243	0.004448550495217881	0.254589847685308	0.019222674977095892	0.02109528818102792	0.023069582346203946	0.09843575652106652	0.0721475649801194	0.005687812240741786	1632.3660638322094	1797	2.4563350559003567e-05
0.3946064508423353	-0.4489820280979344	0.9632650194061296	2.8248195666225344	-0.011611660556781379	0.24482999398821256	0.018819755788197973	0.02101021966002412	0.02329545322578492	0.10007532864896479	0.07173116683316412	0.0056889229545576975	1712.30983074499	1797	0.00017996224309380066
0.2516472502358896	-0.2837771324563192	0.9271837501340144	2.9679227231295133	0.9382964595038837	0.25314911889282665	0.011934643519147086	0.01320989191594429	0.02299743094006692	0.09982580915247019	0.11601805890760297	0.005695642591288415	1705.9476304807451	1797	2.7441558164733353e-06
0.3974847406406709	-0.4454731384253753	1.0022701579825808	3.0670434053423064	-0.011653277307206219	0.24504782721549728	0.019011899006585658	0.020912653989580452	0.02359873357877154	0.1021859003534158	0.07242043353007539	0.005666958245808615	1632.9339574743472	1797	2.813422970437716e-05
0.397212100510831	-0.4505630964033909	1.0020255203904513	3.050374853413583	-0.0012569429896447603	0.2493115636578923	0.01886501517400273	0.02099050994084224	0.023489230478045738	0.10156864936187193	0.07230051875503045	0.005656553055605601	1657.5696549555246	1797	5.174450058215934e-05
0.24638969128468774	-0.2743927324253789	0.9575776452355378	3.1998445856630915	0.9899103256525171	0.2518558545854306	0.0801935881413498	0.08920915156903345	0.04804999578572402	0.10492679258471059	0.8268429595910323	0.005867790611038421	1724.3659821642082	1797	0.0008530459525305514
0.24144310021182763	-0.2672610205613277	0.9271116347925612	2.98993119151458	1.0258912486369527	0.2453574284344488	0.06790249344202556	0.07434283784574079	0.04427980729250374	0.10754780867686678	0.7261573896624013	0.005689042391486391	1635.0564496846127	1797	0.0003963821624306922
0.253281814664307	-0.2830853809404624	0.9383065386412129	3.012850351692216	0.9357030210684668	0.2525667895426321	0.15485813346972332	0.1730604479445702	0.07843433464525212	0.09816657557812201	1.520249428692978	0.005433371518963611	1639.6526934789877	1797	0.00021802801427945966
0.4041293822104783	-0.4476959270955292	1.0146124690754932	3.0088214514352125	0.0011282825440893337	0.245667405139025	0.01917942892626552	0.02086896739208589	0.0234464676164747	0.1002167787182863	0.072129213571619	0.005639874523432577	1729.452574326417	1797	0.00019519846452498388
0.3977633194494011	-0.45083243401578377	0.9986821394417087	3.0122603027808297	-0.00035947577580260195	0.24919109840226583	0.01888485612506502	0.020998093496836873	0.023435448633919935	0.10089517470582211	0.07221892475150664	0.0056298755554000145	1693.1872321971182	1797	0.0001489220614123377
0.7525274795450062	-0.8514373415968517	1.096273115825248	2.7650834438039626	-0.7313401310734913	0.24754887539356063	0.21529595148460784	0.242732637586645	0.05818651003913512	0.1871632623571819	0.22746805339913787	0.005750942863486737	1719.7826424333207	1797	0.0007201969497550287
0.71413800131549	-0.8125295887760309	1.10593072782303	2.8336056036528476	-0.675109484745724	0.2556481639596073	0.21556836558014522	0.2433261414000658	0.06300614342934006	0.17501024216829897	0.2612932218163806	0.0054802058837456445	1661.2940632791947	1797	0.001323581667820308
0.3994764887295691	-0.45216674464448353	0.9914010500816015	2.9338807875211237	0.0033264100447271084	0.24851980876290025	0.01888211958114365	0.02097072228576836	0.023155472463543332	0.09899415470209283	0.07186673949960952	0.005617990004301564	1667.5720862648143	1797	7.277812083732777e-05
0.8298907885745689	-0.92576126838789	1.1345051046738959	2.8256018451998375	-0.8086710990549104	0.2374198697692739	0.16793193733164397	0.18665387271281308	0.047600160408873826	0.15671791133881036	0.14416965445117294	0.005392864855825863	1548.7204634947964	1797	0.002147770716538768
0.2519012079104443	-0.278423780396527	0.959775135711218	3.1944419289646473	0.950079320961779	0.2525544295049823	0.07451268168158277	0.08240358219175158	0.04436866944476449	0.10021181480075703	0.7418304917165204	0.005650594079472215	1604.1663467279263	1797	0.0005260272550830144
0.40372677680909425	-0.4522798054460456	0.9997320340128643	2.962164782671151	0.007848218927225212	0.25588396034198213	0.019174298077920038	0.021090954369935664	0.02326157948876033	0.09975596079445834	0.07247111196490008	0.005728769269409842	1661.293905040136	1797	1.6787751184933788e-06
0.3975103081863105	-0.4510085511518439	1.0053414837422394	3.0416937140558993	0.00048239940282303583	0.24341477265892397	0.01873444778406866	0.020846079402095145	0.02332351324288126	0.10046539596913082	0.07174550270902162	0.005504912603539271	1748.74252942739	1797	7.828963087528347e-06
0.3984330479238069	-0.4507916386387777	0.9829405807911072	2.8971345871520326	-0.0016386502779207315	0.25165452139421657	0.019004825668858947	0.021104864383087767	0.023270352369142124	0.0996662466745814	0.07226567744606485	0.005716823206386377	1637.0506659015996	1797	1.1396158798065645e-05
0.4006999563380218	-0.45166443416630325	0.9887272921478749	2.9012546960323067	0.003031531158980538	0.25128870829733385	0.01902897859176767	0.02105640767205174	0.02313795019529128	0.09883650394719316	0.07212233814350441	0.005678508235601691	1640.148623362402	1797	0.0001188730341499996
0.238369300991619	-0.266459816830304	0.9517972889958377	3.160694382523436	1.0673558528746239	0.24955104182793095	0.011402051612118581	0.012513231109533984	0.023492028415922437	0.10298769760037438	0.12346801549884688	0.005660986179670615	1726.6720541427235	1797	2.2343658123025463e-05
0.3977880963623592	-0.44835174385023174	1.024467868057309	3.198629778736462	-0.0031049278651119165	0.24996082247461104	0.018985290364097292	0.020988251080540938	0.023772737065061104	0.10349469620272327	0.072859341954682	0.005620162124647548	1781.0727149721718	1797	0.0001676304591431902
0.25376079940290625	-0.2866095474095442	0.9405756730184679	3.031212737562075	0.9239334318210162	0.25500515965508946	0.1300811427529845	0.1469637365087018	0.07066534027450291	0.09895930358286877	1.2669437043880096	0.005659126820804001	1625.0378244188346	1797	0.00010840846774941343
0.2562201483940756	-0.2858143474359128	0.9447647119495051	3.092038576071704	0.8705441359095833	0.2433048740723979	0.012195119412026981	0.013358008221883825	0.023315799105595142	0.10168956616875041	0.11359948069000525	0.005640033030283135	1612.4175435250436	1797	4.472622438708714e-05
0.40263731517770407	-0.4522258370692626	1.0089846436788663	3.0115395156222626	0.008393904598322264	0.25217806710743584	0.019048400060857566	0.021001678922316382	0.023318388090874616	0.10000331265648982	0.07227339083438054	0.005649341009854228	1575.028593544477	1797	0.0001169965005643838
0.9832142611420277	-1.1085581353161853	1.1392447873919787	2.516681851697522	-0.9007250340931066	0.2509316354174497	0.12653675180987092	0.1408727422152053	0.032515584317569256	0.13972539463400327	0.07723232992178064	0.0057934391896024015	1603.2539899309882	1797	0.013288270963114539
0.2500117790505265	-0.28285330589280366	0.9629844191169874	3.169712381403087	0.9927904544567291	0.2609195864989687	0.09267148277243908	0.10486871211342567	0.05264876661882323	0.10074746406589663	0.9410453079006931	0.005417514376871303	1714.9058088511933	1797	0.00014199640030321785
0.39891459020214937	-0.44851491599130566	0.9975670517406697	3.0407982344628124	-0.00473734124724154	0.25325559283101134	0.019096240993366098	0.02107656265743353	0.02344696396980755	0.10147033337825588	0.07277068768295959	0.005732219598304415	1626.2018435624227	1797	6.939215080848609e-05
0.4023225488269199	-0.4462561704122321	0.989365883473688	2.970804291312586	-0.007277028263790578	0.24367751509333613	0.019078911195402084	0.020781995415096424	0.02308217899678879	0.09914011641509822	0.07181919559221034	0.005565046613503338	1678.0119503310796	1797	2.6746955970183662e-06
0.24492919723828188	-0.28077872232724427	0.9397864207900167	3.0465610464514103	1.0241506483828617	0.26317015593824866	0.078289679895557	0.08971336075744148	0.04505031424529381	0.0988996055158639	0.8379710809615918	0.0057141735230403935	1619.9195486988194	1797	0.00018381425559363106
0.40423930669083963	-0.44581300192062484	1.006949967849995	3.0266225481014684	-0.004143524890654478	0.24960779308171063	0.019327943009070828	0.02093727784579181	0.02359199016294308	0.1016616035714125	0.07258431143194538	0.005678517746123732	1592.8369853605413	1797	2.4457738604095115e-05
0.3955390141748409	-0.44958676071272835	0.985817587767905	2.9565570496332594	-0.006695836345771559	0.2476058827597178	0.018852435662942334	0.021019107669289546	0.02339675887132243	0.10073376294644414	0.07214054797531912	0.005677463991373892	1650.8350672723197	1797	5.457002941512276e-05
0.23706221332026295	-0.26422012862600386	0.9519980166118402	3.1625037953953274	1.0913822972108673	0.25042433520145585	0.08611101660711643	0.09634229545352269	0.05150663038214334	0.10325223964548877	0.9643173832077121	0.00571186870686523	1628.3375671808317	1797	0.00024219029222633144
0.40203537912496745	-0.4504531560495176	1.0130028386201313	3.0163728623694235	0.00457427243929888	0.25068935918346613	0.019105090393251332	0.021015652418117762	0.023511493898686356	0.10095828355268326	0.07240543580575769	0.005675150907639564	1610.6442567283798	1797	2.2330675364304887e-05
0.4011485433812747	-0.4501879890634975	1.023449426513815	3.1478022881528602	0.004297781949208903	0.2570056619279106	0.019177148178840975	0.021118833829861714	0.0237089042959475	0.10256260030662462	0.07316768527270565	0.005715512718463333	1754.088431173762	1797	0.00017562532112738743
0.4018687838382789	-0.4533393273325191	1.0090284399848224	3.0160012604006425	0.009609078704531586	0.2573280167957361	0.019106658205283938	0.02115328032743775	0.02342144900541697	0.10068720979251741	0.07270546843534335	0.00572430131718884	1594.372321760668	1797	3.3535649828879925e-05
0.8051783448990062	-0.9185341932686804	1.074103268205945	2.4950172601783085	-0.7648289402868224	0.25480394272157814	0.1253090819787688	0.13605398819266729	0.039588922578428894	0.1158222120417135	0.1115703780251723	0.005774617854142921	1591.1829620399888	1797	0.0012504859862647144
0.3986818321749899	-0.449756635173939	1.0003456974748637	3.022533101950372	-0.001540783363801662	0.2484107832751906	0.018936211323607316	0.020961427476613555	0.023459253162052152	0.10110660135905071	0.07222466748253492	0.005662232758381313	1684.3597366600743	1797	2.610004086360198e-05
0.40077224730636296	-0.4499503176400429	1.0024683925850697	3.0191935900730917	0.0008328450714407745	0.24888793708827098	0.019004808085501926	0.020942606406355764	0.02331979929982756	0.1004073344971508	0.07219481904190711	0.005583829604791745	1719.6027949466322	1797	1.5435947027590708e-07
0.3982739471415906	-0.45265436467809966	1.0025647675575817	3.0131383182260327	0.0045522667754250455	0.25460941354805	0.018952988611787923	0.021135070792356388	0.023443112430944237	0.10090946760429624	0.07257912059820754	0.005707320528318803	1670.6554096824334	1797	5.889774850072876e-05
0.8966444215068387	-1.011014962273836	1.147754541405582	2.727290349989082	-0.8475108015501942	0.24876681157632805	0.11059899387508122	0.1196593478672847	0.031437959869707516	0.1429754612157892	0.07737184977919707	0.005385180678546354	1708.8831664628265	1797	0.0032442434255623262
0.39550514486128485	-0.4486410134694837	0.9947652163895889	3.0224706655808085	-0.007505926216775325	0.24453054818938144	0.01880191112488907	0.020920548677977328	0.02338529913463421	0.10081070559894209	0.07205514536837813	0.005581471127399571	1647.030405723267	1797	6.30607678429587e-05
0.39954082412709213	-0.4482023701956436	0.9881359732064195	2.9796853418507703	-0.005851937774560085	0.2464716287533035	0.018978119837460845	0.02089162862339736	0.02323867205615771	0.09994563139097666	0.07201987244066033	0.005601530239133285	1658.329502819547	1797	2.823576950387984e-05
0.2307970095888597	-0.2561231035338912	0.9494566353309217	3.1871924134443947	1.1435476998233072	0.24463533921853797	0.10683752200122261	0.11899177209608129	0.06163982654741142	0.10383173524681343	1.2539710804916566	0.005610909730605821	1684.2356910746887	1797	9.645684145610712e-05
0.2528062233895096	-0.28411834786193246	0.9470447521786755	3.124003727269092	0.9167869896820142	0.24761945589227466	0.0933595358131975	0.10496328252043508	0.05331093115980448	0.10181736848008388	0.9127636903777586	0.005669644046546944	1693.7285830519452	1797	0.0001337209244378496
0.39963596643136357	-0.44892536233029917	0.9887647780825858	2.95984564781255	-0.004309175385399615	0.25089858670396975	0.01907444484576923	0.021032717744394507	0.02340358185735694	0.1008995030324282	0.07237418463121861	0.00570029875322401	1635.876634315683	1797	0.00016816938486932548
0.40037019224819126	-0.45236377761328866	0.992486237880069	2.94078658719831	0.004083146347714648	0.24979660458786623	0.0189281258283333	0.020985913486136324	0.023283692485903076	0.0999924623943681	0.07194028009529252	0.005661871883997883	1660.2891797019242	1797	0.00016439324632741957
0.4046579877232	-0.44872320391706955	1.0157465921231936	3.060526815317503	0.0034817924392607294	0.25065300266173685	0.019221272135370098	0.020930873686222623	0.02332747975100565	0.10012346752723025	0.07246959052362226	0.005631955972278686	1637.905178442366	1797	5.576446848273192e-05
0.39759503856691986	-0.45427290839642886	0.9748142090506874	2.8750021573123328	0.0034808615199308423	0.25498862782946197	0.018877257250062524	0.021159104301152185	0.023080887088201125	0.09897517721076204	0.07215290071423135	0.005695163793842105	1563.782495646067	1797	0.00017033687799948523
0.39771691373413615	-0.4503216616257972	1.0021110437045109	3.04473808441951	-0.001084234125460704	0.2523122003172127	0.01896975554175688	0.021075860629848488	0.023466191728020624	0.10124913794952622	0.07260898204128591	0.005673165057246685	1527.0669468429505	1797	1.0568433429172879e-05
0.3944638619709175	-0.45816360502679077	0.9899624296588879	2.970210682548417	0.01069333930492387	0.2551334751450811	0.018588440809281178	0.021159008865886075	0.023180278986220007	0.09989168985208588	0.07207097523190263	0.0056400464274835894	1655.8087937689302	1797	0.00012422688565660826
0.3940941795945277	-0.4533326405311759	0.973769415732543	2.874113355387705	-0.0013711696843394738	0.24750130577202725	0.018657793449429364	0.021041666259137497	0.023156330324422228	0.09914848818396298	0.07169769390583433	0.005609027276553121	1707.8361128431209	1797	1.965208948496787e-05
0.25459164635026005	-0.2863873898708839	0.9346457246807864	3.0295860296354946	0.8862463576343259	0.251014670719195	0.11851673117319488	0.13413796194532998	0.06453006794921984	0.1049199817163775	1.1423143414998302	0.005781060969812056	1628.1025953067951	1797	0.00013797325738209464
0.2506011709516789	-0.2789780794782086	0.9536574999817499	3.1279078665965643	0.9495304690311209	0.24511373265406156	0.06216707629650607	0.06898331103429546	0.03986302507592517	0.10143826083376391	0.6151573608305488	0.005353559319512665	1704.5751862502225	1797	0.0006975567314497738
0.3988729339109378	-0.45113725768830715	1.0027181851642002	3.0066058967763127	0.001766988877411601	0.2506599141410899	0.01896063331775756	0.021040426099272043	0.023516988436489257	0.10122181855924069	0.07234679198733711	0.005645288997260077	1666.66340282184	1797	6.771168629058696e-08
0.7260682321338517	-0.8220777547832605	1.0872569734621171	2.7551725525869	-0.7010596920395118	0.24974882686969452	0.18119214669692987	0.20401816297429107	0.05328544181012074	0.16219693961791246	0.20532012424074755	0.005530432255899153	1570.5621514541617	1797	0.0008526584192869002
0.3960075149512047	-0.44982423965369617	1.005742787020442	3.0481247913111	-0.0028758743692668667	0.24328708965251727	0.018740027601802607	0.020878980672697164	0.023418981514278153	0.10066350292534708	0.07190101198215686	0.005635341527989185	1590.7326504210532	1797	0.00013315457626925632
0.39293827988706664	-0.4522323040214019	1.0021373639469133	3.080623114030839	-0.0013811409577317792	0.2497748358286932	0.01866812501799887	0.021058979702572558	0.0234976868898277	0.1016998057629486	0.07238387338069543	0.005616925849527315	1660.8842283776216	1797	3.601811550570142e-08
0.40027023246613735	-0.4503538691047924	1.0021583405662904	3.0146377960149855	0.001117024466170452	0.25144791246018355	0.019036207201590008	0.02102014738151982	0.023463996099046938	0.10115305940316208	0.07240486299629323	0.0056656531966336274	1736.1617220892463	1797	1.419255024562829e-05
0.6228958270070389	-0.7099475732161775	1.076903219723532	2.929557962564771	-0.5722197149439499	0.24514420273222068	0.029858664882304733	0.033354074588137	0.023422408156971088	0.10072978217432561	0.04516253678839512	0.0056082290877923465	1607.523860192635	1797	9.74651918653369e-06
0.40224581934232045	-0.44436300917871163	1.0022889965834696	3.0284452844646195	-0.00962412783163764	0.24551066243127725	0.01922893178297129	0.02086237012162753	0.023542065778920977	0.1015083637764721	0.07236999376961382	0.005631212520603199	1751.5280291316565	1797	1.6121221454588157e-06
0.2366520621349166	-0.2687929895685293	0.942006963522045	3.1003553375122923	1.0876253636808284	0.24973212726253774	0.09115232652090086	0.1038323569173772	0.05313552637248995	0.10028918131508373	1.0187661603938238	0.005497917177673198	1659.1257424420282	1797	0.00013034373956966627
0.2486118165820286	-0.2807563510551469	0.9454136382749699	3.1218953984296642	0.9466839821166975	0.2503482314395232	0.10073625582840784	0.11347476256965264	0.05878193421467005	0.1035727489471437	1.0156199070806695	0.005571537792613491	1513.4681231099912	1797	0.00018659955085581855
0.3979060414211714	-0.45304553926953106	0.9916280611087566	2.948010197542862	0.0036387281663956246	0.2513607554527455	0.018861354816447625	0.021066185603641076	0.02324559789027093	0.09969952089230825	0.0721237624359682	0.005632971561472572	1654.6151932462515	1797	9.230545165581188e-06
0.40142417556266474	-0.445854060225886	1.0071564384284792	3.0733202468607974	-0.006940026757865965	0.24565142907292745	0.01911665852203745	0.020846442535305577	0.023526837923150138	0.10183926039531802	0.07231021108866759	0.005603933980226462	1666.7830539388367	1797	0.00010532597157156785
0.22818195010487521	-0.26079894286752314	0.9376296095902933	3.091497900257651	1.166414566523096	0.25175970884079046	0.13679462576357743	0.1559924217255644	0.07738701697088622	0.1013231611713903	1.6331454695625547	0.005970206945249193	1663.0615135023868	1797	8.232371256668189e-05
0.26447483812825257	-0.30923856416158724	0.9329640397018647	3.018747465743905	0.7723349157076901	0.25950361903668595	0.012545169769736568	0.014371697995438804	0.02316840105048282	0.10106839840547704	0.10837998842433802	0.005728877158150311	1701.385779779459	1797	2.629094507636092e-05
0.3985006117385457	-0.44884164647522606	1.0034499883130497	3.0388898544535308	-0.003400106726132319	0.24812632469235976	0.01897269270605974	0.020972668038095606	0.023512194031593783	0.10149925108066803	0.07234243471727739	0.0056677387870123245	1548.9172784330344	1797	2.0497594479127e-06
0.3939489835608247	-0.4514892457017551	1.0082725179052978	3.105486993466726	-0.001239124757538876	0.2530792213511241	0.018819507237703956	0.021146882527902835	0.023667506437276636	0.10258391269042698	0.07282791723685438	0.005649544687588759	1653.312009530914	1797	1.0174848920886245e-05
0.4004439670686874	-0.4441764483011013	1.011972230781578	3.075692805065034	-0.010392708752839716	0.23966653847226688	0.019049239510799242	0.020748859191853524	0.023529905201553947	0.1014704859247197	0.07203200928258553	0.005585710082003188	1723.7117635726813	1797	3.6784002125236183e-07
1.0466056609512893	-1.1892581202820571	1.1501578378564656	2.5035438099668426	-0.9386401293958152	0.2564770765264672	0.16531234724347108	0.1890328752662683	0.0335494304582953	0.1722511337863087	0.09159969106114955	0.004479310822208228	1555.2503894167344	1797	0.01440280169999869
0.3961248043275318	-0.4553548443829257	0.9829804111334425	2.9231633363129994	0.005535063168532968	0.2528828833920287	0.018727635817371472	0.021107956064491114	0.023130450845290945	0.09936186621973	0.07200329161196703	0.0056039447679755135	1578.864912290185	1797	7.18402826308647e-05
0.233172943005411	-0.2581926380611962	0.9438215964597029	3.137380798815673	1.114232087177785	0.24284328647107584	0.09462694811695163	0.10470367543609857	0.055702218090774865	0.10344804931000294	1.077592559575255	0.005666334421675219	1627.5954681659637	1797	0.00019984972364297523
0.3935752615583632	-0.44802013041100436	0.9675445150395972	2.896597022549874	-0.014133030421812107	0.24248369736425088	0.01873528461864616	0.020915760951851412	0.023171880754002606	0.09964692485770865	0.07168200997118565	0.005583285584713059	1607.7807621279203	1797	0.0001642691418808458
0.4007565110157824	-0.4476761926373618	0.9867632443692002	2.9502950747938805	-0.006164967498790305	0.24410040280357898	0.018992559996838767	0.020827255973398743	0.023257490903686028	0.10014908891534986	0.07175888616383401	0.00557310324659208	1567.052156589771	1797	0.00011525107908214433
0.3974276227616522	-0.45693339325915905	0.9970447650712492	2.964335168385432	0.012006854983820356	0.25752080547437245	0.018814590261302076	0.021213566440231958	0.023361292359775444	0.10036045067729443	0.07239939808792331	0.005731157578194198	1748.8354226267993	1797	2.682374369676421e-05
0.23499585422724745	-0.2617759339892358	0.9515658657630983	3.2232335849825686	1.078784876095095	0.24054901282965047	0.11997051282407575	0.1338172734753627	0.0684520189235928	0.10688093284379038	1.3493001269428275	0.005605462966374472	1718.3020686282198	1797	6.766113390273652e-05
0.39760985400307564	-0.4455663669909908	1.0112510935478867	3.115484850120586	-0.010234416562661604	0.24081239189097006	0.0189033209774825	0.020784307745028423	0.023646096452537714	0.10239162084362043	0.07210392646996884	0.005560748518193125	1635.1421842560376	1797	7.139285213845873e-06
0.3987844238222909	-0.45055284806313084	1.0170107434773943	3.0887817521340772	0.0024635198959052566	0.2527878160091878	0.019024075350446448	0.021087745920014233	0.023703781634272673	0.10229163439935722	0.07277350992824938	0.005678817133392943	1664.1723938902928	1797	0.00015909607427650274
0.40174870470852	-0.4471344197283054	0.9794890067670163	2.9082246026149714	-0.007040014423642149	0.2514799406980218	0.019230479129985066	0.021019673829251007	0.02330682998771874	0.10019065280276793	0.07238851764414474	0.005716919032981874	1599.8831608941493	1797	1.6817291608591955e-07
0.40523706876439897	-0.4454079797545234	1.0373891302917844	3.175403763883763	-0.0004799979007492995	0.2498074573533552	0.01937102875546333	0.020917914494748436	0.023832813870703882	0.10307181283489131	0.07294428820225089	0.005714969369886918	1636.8567035163423	1797	8.721799092343542e-05
0.40039725062961845	-0.45477245346589285	0.9944840091210977	2.8968317608270326	0.010076650273919383	0.25316392971095275	0.018943341154446645	0.0211151372204199	0.02333686491407523	0.09973778106397392	0.07207653083267272	0.005732384721583397	1746.7364507033308	1797	5.931228318718983e-05
0.3935840307940604	-0.4497569377484327	0.9824032141644468	2.951861684948233	-0.008365099915728322	0.24623588505018973	0.01875126759323594	0.02101401296970616	0.023312122287805347	0.10024025581917367	0.07204399136660733	0.0056792756886055815	1689.4317500090451	1797	1.6354445833213446e-05
0.2417422778469468	-0.268834097699425	0.9424479379490516	3.1043580463593243	1.042377653116393	0.25027882651979744	0.13290871093268605	0.14709932483135796	0.07511887569720574	0.10139238842589084	1.4300323656232277	0.0056100722235706176	1705.346088081876	1797	0.00044740304678986904
0.4006603429044568	-0.4473278419213439	0.9990402858772757	2.988022524445706	-0.0051729985270952085	0.24885987835776707	0.019153474496919586	0.020997440263863545	0.023511904260874118	0.10117966865275468	0.07245076121173295	0.005683001878096356	1647.2448661192573	1797	8.358138180038926e-06
0.4023642139032385	-0.44955573382236547	1.01036069354428	3.0609884072392877	0.002402058990760352	0.25203496318351953	0.019130556161410996	0.020984081901151325	0.02342122882018901	0.10086863093659333	0.07253976253349345	0.0056822392434597736	1758.9397605435659	1797	1.319832600685694e-05
0.4039655670601735	-0.44731770338520854	0.9766125180499021	2.829941764876478	-0.005258899863182672	0.24194655760663267	0.019110867772642228	0.02078900649466056	0.023008058474846764	0.09812898311821185	0.07137599585465353	0.005572472908453221	1674.3083478889862	1797	0.00013160089525894976
0.40011940200673135	-0.45160535009684394	0.9909300374963785	2.9291554311953636	0.002719851996998146	0.2560909069529743	0.01911713703935447	0.021180429134373034	0.02334580481530649	0.0999451805012732	0.07262672694326863	0.005773137362518924	1595.1552986736335	1797	0.00012605764791775447
0.4026396359860629	-0.4498603221359711	0.9898217907776866	2.930196687689027	0.0006327983493357342	0.24817096862551932	0.019061190771118796	0.020912544610149676	0.023127723868454252	0.09911212343131517	0.07190061889401209	0.00563364763957088	1581.5804443365157	1797	6.517449633894837e-05
0.4058504577294245	-0.4501873031814662	1.025458121341897	3.0903272599007545	0.008647872734345507	0.2514576815576838	0.0192121893487079	0.020929189079182814	0.023467909129870488	0.10093188109349668	0.07246334091900912	0.005637913756853514	1598.0861127760415	1797	8.424908883444491e-06
0.4000914884931832	-0.4476916440102276	1.0082668767424707	3.094035293690255	-0.004278883766698173	0.24918825772081532	0.01906706534818093	0.02094094656082018	0.023525713463347666	0.10206000983407279	0.07253219926199227	0.005621492072565173	1603.5231122656382	1797	0.0001942996337832437
0.39810123682446824	-0.44708480024524494	0.9851122091436755	2.959028471602788	-0.009698568853362118	0.24452268695631477	0.01895384713355578	0.020889879714964844	0.023330584566260897	0.10037613791236596	0.07196789418719479	0.005641376460297139	1726.246565990868	1797	7.881706948164828e-06
0.403974932428648	-0.45168922448028404	0.9810932055167996	2.8251026323077797	0.004778528061956286	0.25030254547676417	0.019127799836019962	0.021003109586088847	0.02304607029604661	0.09809215366795594	0.07181024980458116	0.005649083931166436	1685.83310408438	1797	7.4504666170322105e-06
0.396354003427145	-0.449501482449204	0.9872854117811076	2.969542471787498	-0.006105032752149098	0.24755066705643874	0.018868902040407205	0.02099252339666949	0.023411438208159423	0.10097157307776403	0.0721241955622823	0.005649971849712878	1698.5879688755424	1797	0.00011871899108109391
0.3986086083662051	-0.45486836185022944	1.0125686479060072	3.0780769252395146	0.010077623163627439	0.2534885354280131	0.018806140182793783	0.021050208957111554	0.02342648300598014	0.10128994535973192	0.07231821948146158	0.005659950285532189	1527.051427098424	1797	0.00013763318279278955
0.3975830986606581	-0.45517185512439484	1.0087886742596999	3.0384302753293304	0.010050080377965016	0.2576148991707108	0.018889777242604898	0.021212934332165475	0.023551812282689412	0.10132946700936374	0.07272426786718811	0.0057565218030924325	1638.466002495011	1797	0.0001411284896115353
0.4000341914629475	-0.4472176550231278	1.0166221588742916	3.109877218219026	-0.0035703054935356496	0.2454553455879984	0.019012355021447946	0.020863029605043173	0.02359320176025666	0.1019015181003227	0.07232521165797565	0.005602835425195526	1636.214068451451	1797	0.00012647951407823157
0.4016845888760557	-0.44876799530602957	0.9705109990208165	2.80176020860595	-0.00454818576285153	0.2417168674199756	0.01897966560922971	0.020816281931519527	0.02286094982013193	0.0970550919942801	0.07123894525802503	0.005529578281846368	1648.5663731725977	1797	0.00010055612275980704
0.9904602563527423	-1.0954934647168966	1.1607540150437679	2.658294480881473	-0.9047404200145194	0.24759663814332225	0.13724003279617214	0.14932785241869495	0.034782758830573655	0.14862554378893414	0.08409539593351938	0.0054227833952663436	1677.1508310111558	1797	0.03177807823514378
0.4021585365450349	-0.45260535541794295	1.0097483680346768	3.0059160933268396	0.008740288845364335	0.24999707718931044	0.01897107297484855	0.02095656321077357	0.02326519816574889	0.09960596149290203	0.07204964850768987	0.005670513844041933	1612.3458083050314	1797	1.5833770214331542e-05
0.23718896312521925	-0.2697301433576754	0.9401565205547807	3.0776645255192965	1.0809265643611992	0.25193603862726716	0.0859291741637328	0.0966559825313879	0.05155559259108116	0.10348734751568879	0.9520157825757288	0.0055221616236049076	1606.699952912132	1797	0.00012492155503320945
0.8120603181486161	-0.9120253711019924	1.1162520038478299	2.690776252610119	-0.7803490383894024	0.24809695819762526	0.12770172739819555	0.1408792580859882	0.03991407111061936	0.12557731298184266	0.11312359653012795	0.005622946242116736	1643.531124547826	1797	0.005330768207039636
0.39815075809216344	-0.4536054454480506	0.985121278338806	2.9367912018140925	0.00394983974288853	0.258172106640102	0.018988181358693377	0.021223381201945033	0.023294395012657683	0.10016350727646464	0.0726177739066145	0.0057725192561170965	1516.087407698789	1797	2.9704824971011228e-05
0.24946516358325282	-0.2844626074065678	0.9299222630123116	3.046646167264404	0.9051285416983919	0.2500597013840142	0.07019713364027616	0.08130442222413567	0.045925478700038144	0.10752085439946492	0.6956094693378554	0.005572964107691299	1662.071861733461	1797	0.00015195566857722912
0.40093866793817196	-0.4486662340996154	0.9974295761589219	2.9923247140168563	-0.00223931253736737	0.24577686453568895	0.01900033903233752	0.02086752656858428	0.02329305267292038	0.10009514292132769	0.07196184098245913	0.0055478185804707985	1602.844614614814	1797	9.129766997917156e-06
0.4010620967314107	-0.4546242875628986	0.9964722665005471	2.9840080239804148	0.009000732076820625	0.2594530226718679	0.019052546815313057	0.021193724873745944	0.02333008204702984	0.1005869729733226	0.0726307976637451	0.005714002404258184	1662.2574709999428	1797	4.7152077345599704e-05
0.4041719245042316	-0.45392818523458606	1.0064513976202465	2.985115341722266	0.012954334642446521	0.2556651400068827	0.019098888313968495	0.02105903452455398	0.023120419386118744	0.09890914145882113	0.07233523392612563	0.005663283990651407	1676.767377637832	1797	8.142529920999406e-05
0.3984660703068385	-0.44649746993440464	0.9932665598447238	2.9726774107221523	-0.009546238747585915	0.24185033624691904	0.01895610261324312	0.020849588663184745	0.023371420787465676	0.10044915874161406	0.07188489943516893	0.005587901984891536	1606.2037636889825	1797	9.752427161233323e-06
0.4008622253499377	-0.44636139835569777	1.006668581159044	3.048527318333045	-0.005813027222891173	0.2450601261230042	0.01907800210900988	0.020858032604473012	0.02344345983029344	0.10081239115833981	0.07222929126814757	0.005651067213867611	1615.6152388540704	1797	0.00013775927950072513
0.23785836319219755	-0.26790302758610607	0.9402961194235981	3.101463375472976	1.052960111774416	0.2491288092664727	0.0763130301904311	0.08552799917825249	0.0467810408361418	0.10207337124644383	0.8335038676009557	0.005664925995001268	1785.4130121064895	1797	0.0012481993843890156
0.25405128417526907	-0.28002968002439965	0.9499498948829206	3.057287524448955	0.9419055353880544	0.24986083661679823	0.10488834290183849	0.11535043641782762	0.05854485858901868	0.10066898430525842	1.024582832267092	0.005809882985500323	1661.8518868389044	1797	0.00020078688181036832
0.9120821177162162	-1.0373533035478273	1.1310928722534168	2.613750920219663	-0.8593424840753894	0.2522351454214725	0.1377922186358516	0.15555173041421794	0.03643001061598535	0.1466324577477817	0.09846859323510625	0.005393534415654686	1647.4686314131031	1797	0.020988764660461023
0.2615510537006651	-0.2915248467261424	0.9366412547738555	3.0334890992987438	0.8270411632671852	0.24477508906378403	0.01242925769768254	0.013609136008035125	0.02322440689668832	0.10135480962630486	0.11127785365730648	0.005637559080731812	1669.3909521168962	1797	7.839249503810339e-06
0.400416383674251	-0.4489327140173983	1.0091338992879184	3.0611994270483023	-0.0006017875034120227	0.24862599624603826	0.0190226761853844	0.020935130436044506	0.0234203706882234	0.10078467373853789	0.07234306822295114	0.005693520070953659	1706.4146838230336	1797	7.65330329899524e-05
0.3996610062925681	-0.45381838332973684	1.0148734472938834	3.0875316034372102	0.009617215132464687	0.25941323675881806	0.01903528691236466	0.02120340533791446	0.02353513095901915	0.1015646397711049	0.07300133133787388	0.005702446859945565	1676.0652549705742	1797	0.00017562600581333074
0.4020839321528559	-0.45104431415440893	0.988514384846502	2.913990846819592	0.0024774569581798144	0.2514922661351202	0.01908419307829787	0.02101655522820315	0.023216999128082814	0.09955979681248417	0.07211581505331732	0.0056516773175573545	1674.199970668291	1797	0.00011327788306040877
0.7578475405458317	-0.8551837900386945	1.1065822043464257	2.818459761984086	-0.7366536928997941	0.24693184969681148	0.1991559042378495	0.2188170708674141	0.05907954273288682	0.1471244890911145	0.20478166955088964	0.005437938867537089	1679.6508917228844	1797	0.0015893341721861468
0.25593542768118044	-0.2842802603385666	0.9436459977149793	3.0687039901083515	0.8957737257888975	0.25097340146010627	0.09893090596006773	0.1093385210955995	0.0551475117597686	0.10078105121798905	0.9446100442880688	0.005657406873704002	1621.7223484569154	1797	8.690231034925669e-05
0.9250104750728725	-1.0329330982801654	1.1138715308993967	2.509307696281709	-0.8714948893961428	0.24304085029876346	0.17899941218904036	0.19519273596584408	0.041705912752586824	0.1620096576797875	0.12156975552636015	0.005589012533731204	1495.2639271480957	1797	0.0032303822184057765
0.3999508414477616	-0.4429083830568724	0.9957564562059383	2.995333552120115	-0.015601630149857156	0.235823451296251	0.01901011715306629	0.020669050994096126	0.023360715507647956	0.10039354009399025	0.07161501255309041	0.005515376448048909	1646.610449307377	1797	2.9131432617990137e-05
0.3995077354098281	-0.45289795037160274	0.9832213229842532	2.911659838223149	0.003447358291528625	0.2558503719982557	0.019012566881599552	0.021150753476855362	0.02327168074471811	0.09997515687732005	0.0723810070126015	0.005740772791966095	1600.5712442265763	1797	0.00012813238219115862
0.8317204091426116	-0.9384827715994281	1.111592400604239	2.6929822415993927	-0.8146290608964613	0.2398472806443262	0.11940145419281438	0.1335230830151954	0.03557660911340333	0.13670295460997883	0.10178123466929145	0.0054466727126184595	1710.6558057286495	1797	0.009315865094265376
0.9012046036086235	-1.0219674416184286	1.1157812706842598	2.5518616157491447	-0.8569397958611573	0.2433312329607682	0.12856521983941122	0.14462123051197157	0.0385161373221041	0.12416223959090342	0.0942140648731354	0.005439624545370261	1622.700198976222	1797	0.005824407706758387
0.4013002179381166	-0.4461042907284713	1.0229108114535657	3.11567089477412	-0.003953199376062888	0.24815836801677807	0.01919595219828305	0.020952817031061444	0.02373551628804173	0.10233205290318759	0.072749131447003	0.00568431347088591	1683.4160517817302	1797	0.00018274046574218912
0.3989749640760121	-0.45502924120963106	0.9972082958667047	2.967525306500175	0.009414973711943685	0.25325533966519526	0.018841462221996164	0.021080562835949664	0.02325968462967304	0.09985652570479098	0.07212891605418154	0.005628226695133462	1648.6529375090363	1797	1.3060936799521474e-05
0.28056947024809675	-0.31674753923239524	0.9428297192828792	3.0210853654260914	0.663673483379164	0.2520772909868515	0.013341787918441967	0.014783741917510638	0.02319573752290164	0.10100416949406514	0.10367126490164531	0.005657058662085437	1610.271707334493	1797	2.020493972260085e-05
0.8261536223258392	-0.9201426400889319	1.126920263055727	2.783800660784661	-0.7932203473838114	0.2482225908527872	0.152494261681301	0.16816757378644012	0.040800257119979505	0.1528998417658105	0.13272875644962037	0.005642589695654148	1608.0409574528328	1797	0.0029195683126759654
0.40055591607906016	-0.44661394025770124	0.9768973322260363	2.8631102459618862	-0.009614959869133731	0.2395286321468818	0.018970057440125074	0.020766963137348268	0.02315326094592586	0.09904355909012227	0.07134426779243448	0.005579660289940368	1597.4827111126879	1797	0.0001197963925565548
0.8060998591713688	-0.9187560904577834	1.0929402498283476	2.5947004748773503	-0.7806704885813397	0.25145405405561305	0.14090519550188288	0.1602893222639728	0.04059489224283652	0.1488745551689879	0.13047550689986848	0.006036206993670609	1621.0931609408588	1797	0.007937529391877411
0.3935456889860374	-0.45104065894657636	0.9878906527925779	2.9663597659935874	-0.005013952148642224	0.24595597417917983	0.01869873407082906	0.021009498236467843	0.023395388358162024	0.10061022510136167	0.07197449285468194	0.005592291300381233	1622.0658430103435	1797	1.2943364783754335e-05
0.4000109225647321	-0.4445534773001563	1.000313312856963	3.002938652756981	-0.010204452231235926	0.24317013336497242	0.01911410330964002	0.02085673193005882	0.02358903508606609	0.10145369334166945	0.07222334294759511	0.005620499639409574	1623.01614653462	1797	5.288009680551526e-05
0.3993439996793896	-0.4558262408430429	0.9915459009858216	2.923155606726924	0.010780306951672446	0.2555257973439971	0.018885024849328517	0.02114579463122745	0.023136233501135545	0.0989808920772228	0.07218978904775135	0.005665916245952689	1632.517977799053	1797	1.4121012035902884e-05
0.3992242004894429	-0.45053517303563884	0.9956489029070998	3.004168183356758	-0.0014477898036297067	0.2501986722604638	0.018967868792012677	0.02100279743924085	0.023339851810362234	0.10057104552225651	0.07223760102050195	0.0056175947449119456	1606.1538955183187	1797	5.435257860533302e-05
0.25265532421664677	-0.28215151611750394	0.9251941074553356	3.0364606588192986	0.8734771800477398	0.24417663357414768	0.012142495554163512	0.013313338730478618	0.023306896081754087	0.10189867234034279	0.11486653922022451	0.005695151045099523	1619.8917397704263	1797	7.86398288385882e-06
0.40132848713774083	-0.448022053824878	1.0007835233247844	2.9929953945524277	-0.0019388737041891153	0.246307083866781	0.019059967992998646	0.020887723079210118	0.02329743823709053	0.09988550870367469	0.07210653400701622	0.005619865104105242	1599.5940778599675	1797	3.508749534911831e-05
0.2540252976178546	-0.28245915100593	0.942445734656067	3.025215881977708	0.929529520421077	0.2525756054646608	0.11637941261458631	0.126724944961017	0.06826290705965737	0.1041035263615548	1.1213419771449626	0.005715665136046364	1770.336001594946	1797	0.0001984789850652746
0.3961964349567241	-0.4526396000066079	0.9779373797121762	2.9027008533300585	-0.0005307815696256424	0.2517878768551623	0.018839708211819038	0.021109293555980294	0.023200764446895297	0.09962419143249367	0.07213414060616585	0.005618866532728327	1717.6219318126798	1797	2.2659008550941126e-06
0.40349812539154845	-0.4443030596123827	0.9960395984531135	3.002424704457482	-0.00951783898116141	0.2451626464764844	0.01924291253122782	0.020816653108811523	0.023358894642259712	0.10055768681970914	0.07218894795889041	0.0056596110351856905	1608.590878305609	1797	1.0607140773067755e-05
0.24649399953166262	-0.2799999066199375	0.9514321963142358	3.173215362431029	0.9633664682366372	0.2520309382589811	0.06408038576061113	0.07321182210635893	0.04071785422641725	0.10218339331235393	0.6562658184093847	0.00529709350936857	1646.9896218328229	1797	0.00033727231896785946
1.216285115047506	-1.3596446095583563	1.185781063346893	2.4572433586461457	-1.0277585345810425	0.24196944617688207	0.16193296521766723	0.18072239066125065	0.027760082785192493	0.18900994028663576	0.06122797957921896	0.0055297383866198145	1562.3088917935838	1797	0.021964095358774714
0.39994416378266795	-0.45452514250446013	1.0094580948984437	3.0384162456154336	0.010688963891545406	0.2605105534819496	0.019050981957572852	0.02124116083660983	0.0235325194744658	0.1013260942025	0.07294685063164714	0.005771932786053963	1665.2296093707391	1797	7.333845438174652e-05
0.3963549357345499	-0.4527045959466393	1.0233297598727107	3.156341651618146	0.0054350973823151195	0.25100314701247267	0.01877981037521031	0.021034089481906087	0.02355613317451082	0.10177416750797139	0.07255467155216955	0.005631146573861362	1661.563387007412	1797	0.00013247143563210146
0.393701211499327	-0.4544892411931188	1.0008640904204231	3.0273005375301105	0.004235344154284098	0.25371761113965147	0.018716784266091014	0.02117878114729844	0.02358128156102199	0.10167463211461591	0.07250801248846801	0.005651689351780381	1720.9996300164787	1797	8.488581309052232e-05
0.8453803478649435	-0.9517932806807274	1.1283353425527325	2.6982536178670724	-0.8090842817889595	0.24987765631975	0.17103097101652087	0.19184241069717387	0.04267570854035587	0.1751036125951346	0.14395030256159863	0.005578488390839567	1683.0891424072934	1797	0.004132879335316832
0.3963568920431061	-0.44823167283003174	1.0095818290980563	3.0770835709580404	-0.005429791752994831	0.25015391573467244	0.018995315233803687	0.021075686548274773	0.023665075368393226	0.10203784423998608	0.07278088376359379	0.005717182175001521	1701.932696637502	1797	0.00019940213237803868
0.4002622758383841	-0.4524439218095135	1.0052554243970657	3.014953933118119	0.006317751754070081	0.2568016301863512	0.019076311534948032	0.02116212635661908	0.023444743882676155	0.10080908788574713	0.0727581143448879	0.005710354139791262	1674.2235237756847	1797	0.00016919294736526393
0.40911973410497765	-0.4462528333700523	1.0162669813365408	3.0127210588903264	0.002313515917526216	0.2469245679350075	0.019402276878705722	0.020805876436268137	0.023391661347363597	0.10030397851061795	0.07217694924246121	0.005635208589343934	1683.191789729838	1797	3.0593974076554624e-06
0.2483403086978631	-0.28250102012576356	0.9322222288001046	2.984868642162728	0.9640709179797429	0.2505534608070538	0.09156884922154801	0.10393218975688612	0.05459962375379103	0.10853534926559436	0.9237921732325023	0.005687569847548907	1741.4305413573088	1797	0.0008622346778591962
0.2545116437633595	-0.2851964667878575	0.9781676276400652	3.2220197173554146	0.9586934395191762	0.2580371273931329	0.10952319030083212	0.12391460462281807	0.06035596902949126	0.10350839310909635	1.0876383432487342	0.005531147835619514	1706.6212784604559	1797	0.0006144189184504271
0.4000855301711713	-0.45096221422525756	0.9709864522146282	2.819811035985623	-0.0015938933312799183	0.25105671079787095	0.019047316295394103	0.021076339623146305	0.023109592533165198	0.0987856801265721	0.07197970126766484	0.005692367857643544	1554.1210330323738	1797	5.0561700967924736e-05
0.24665198277515168	-0.28280388989239097	0.9369108875160409	3.042005524739144	0.9701562465498469	0.2517341382062917	0.011646003002472226	0.013093891297771497	0.02309277010857655	0.10050359185958709	0.11704828794076709	0.005624242916492863	1691.4204734952882	1797	2.626433111556424e-05
0.40331568530396333	-0.44688754344511417	1.0091461957672618	3.071628283955936	-0.0029256206733682616	0.25098916335011	0.019251226809626352	0.02094781715722614	0.023518358681593805	0.10172371491796024	0.07265182429691706	0.0057108217409128055	1764.959651934657	1797	0.00019610069912154887
0.25795603959778535	-0.2903412655067047	0.9282934234461481	2.9674327940257514	0.8519709876205819	0.24482610643975392	0.09440525643659645	0.10644615100975452	0.05479678600739656	0.10506430033583995	0.8805105874661718	0.005656389131372685	1546.3984477867625	1797	0.00019225696758683457
0.8459592078887881	-0.9499036410296477	1.1250871375476796	2.7056133712175967	-0.8180254499112426	0.24150465376397834	0.11361550631979489	0.12514095546570891	0.03525553364855571	0.1304966696801439	0.08848889142410062	0.005106460888905873	1727.1698557713676	1797	0.008747797381754255
0.4011867786008078	-0.4506680416526234	1.0180496272528534	3.111553790391987	0.004613365586441138	0.2549782214502145	0.019112144471857977	0.021067364710662582	0.023529913296958065	0.10161805653681082	0.07285385064213444	0.005681862313784651	1670.1364495819714	1797	8.058941415715242e-05
0.7967166866618353	-0.9163433786036875	1.112524856559464	2.7436519778780424	-0.7832588358577093	0.24960887797512257	0.1420641718104222	0.16867317097975387	0.029040547369662714	0.17749916394903217	0.13490926417770768	0.005737716284154311	1651.2804223832154	1797	0.0032097055513332015
0.654773246925306	-0.7368314931940684	1.0847480106896081	2.9329713444160617	-0.6085378503503779	0.24802904468392378	0.03141880620129212	0.03466453886970706	0.023316441691179614	0.10053445711065091	0.04346937291962916	0.005654837141385395	1608.0734585234754	1797	1.5140999568489842e-05
0.4051004327616451	-0.4542663073959131	1.0093159384147172	3.018257169481812	0.014127396165044914	0.2627769291092427	0.01926397333067	0.021210264659239836	0.023406296531761357	0.10094922194712513	0.0729583664097653	0.005757834732687464	1690.0845350797285	1797	0.00013139873223642258
1.1230345428594948	-1.2712583063120575	1.1676027617478726	2.460508515613711	-0.9826167437819161	0.2419095002207076	0.20387941055189762	0.2234347493892545	0.03856920271918502	0.1912814543886576	0.09103654230004139	0.005339320286935688	1661.1458324575638	1797	0.020833067531264654
0.25112765809074095	-0.28114287496463064	0.970566084436453	3.2013030103419293	0.9993875182279041	0.26654912931188784	0.07152241051845504	0.07937668829724859	0.04001823341093028	0.10455434979042695	0.7268073357734087	0.0057253453214762195	1649.8727380244536	1797	0.0002406436780870931
0.40103374012520565	-0.45134238581773073	1.0085696283033125	3.0436528170034487	0.004508045281892806	0.255546471417912	0.019111476972068355	0.021110795524813618	0.023549736476447126	0.10166841647676328	0.07275003694008077	0.0057115171503250425	1652.4097166164593	1797	6.719444403190069e-05
1.1073906892468188	-1.2493879160908774	1.1756696102555537	2.535094451833776	-0.9725458220737634	0.25144918568747104	0.14146927145549862	0.15799965164224075	0.031605306283235594	0.15408624925295863	0.06736728704299706	0.005283807894342855	1637.2047086235232	1797	0.01982350560327341
0.23651714959613593	-0.2637490501585177	0.9577119973842656	3.152045251543233	1.1307090070032522	0.2588845236549163	0.12166921784790334	0.13574806067852574	0.06771746622329947	0.10148551084179155	1.384708946318206	0.005891859672110513	1676.6857771352115	1797	0.0001013266370286235
0.39944789022819	-0.4491979121300444	1.0126612133706046	3.086794507789896	-0.0005547085474877746	0.25025885898861844	0.01902358429956411	0.020992049064793628	0.02355347444236357	0.10162107703509952	0.07256116895640402	0.005679300608222953	1659.995854920132	1797	3.8096668491266326e-05
0.9888291381559178	-1.1160383364467246	1.1152864239656541	2.4154744721889885	-0.9031590416524746	0.2518233641651335	0.1455188330927174	0.1530326493524109	0.03721858211407565	0.1339551866668927	0.08198598117479709	0.005702138227254622	1661.9871055240153	1797	0.012487733951735787
0.39474897092229344	-0.4470596268050483	1.016531566758028	3.167995718109155	-0.009001219585995143	0.2432281664165329	0.018793237252736756	0.020875307569747495	0.02370306234282008	0.10290469103799772	0.07236861450812737	0.005646297063843345	1554.931459098507	1797	1.8822773571712333e-06
0.40356242565129236	-0.45062470391237475	0.9953333271099557	2.9243638701650534	0.004239135739184913	0.24784152313115781	0.019065523270255715	0.020904911096291327	0.023149375214205226	0.09880186498898112	0.07183111407705767	0.005606227213196615	1554.447012940097	1797	0.0001040488646009408
0.39546092006369843	-0.45935284154878075	0.9874276641403056	2.9449036736825986	0.013792053828461425	0.25894209560067305	0.018659385644630346	0.021242570136271545	0.02324778170152797	0.10011427464295591	0.0722420353781933	0.005689109198497934	1575.0435258567027	1797	8.775714318364384e-05
0.3959677871363064	-0.44408825310401345	0.9834075322225901	2.940079926113844	-0.017656174287192027	0.23703658341445108	0.018882488207437223	0.020781351692482793	0.02331383733800651	0.09985195524376538	0.07165604764279161	0.005554279349232897	1692.8062845267493	1797	0.0001001122199637199
0.40158424083801836	-0.45018043317152423	1.021887395432843	3.146168044618086	0.004109097459525573	0.25040430990675366	0.0190151990522145	0.020920031916745567	0.023532046888523457	0.10193859437499758	0.07247832082932515	0.0056045586908975665	1592.493482756067	1797	9.363568164260006e-06
0.9744357426425275	-1.1095123441663937	1.1312235049697976	2.5161826895551584	-0.912064459140428	0.24105668112112383	0.10105802695967175	0.10658752100337626	0.027115411174367825	0.1352685092628516	0.05773957870854336	0.005409004932181789	1774.535667797621	1797	0.01623865045824961
0.39955206710084407	-0.44957139797530077	0.9901668043552339	2.9712741192311416	-0.002514904440532302	0.2538025977339479	0.019104423787224017	0.021097648939503565	0.023399185960395818	0.10072918872314668	0.07260081684811015	0.0057250460970656855	1564.7219367479966	1797	4.7041348718624e-06
0.2632136239802526	-0.29578427207126023	0.9256191764671449	3.001457996413298	0.7558977791931759	0.2377057511124554	0.012582368624799294	0.013876902717118635	0.023241704562179267	0.10127506932438984	0.10863006730342932	0.005573612585793729	1573.5170600067777	1797	2.1570197553583872e-05
0.3991433701470525	-0.4509545448524761	1.0028949234449565	3.032563242262921	0.0015886861909034382	0.25093142491828385	0.01894976879543366	0.021009528507171214	0.023433435171584412	0.10104610435714849	0.07234412696483608	0.0056672929931567174	1600.4444111661903	1797	3.9090989835926925e-06
0.8086521150486093	-0.9133472723297185	1.1159882531105911	2.7171244803180166	-0.7791355720095456	0.2508019934026453	0.17416523907531453	0.1950359507689996	0.04426896149011855	0.16927970183556398	0.16245922123637277	0.005317668727648855	1670.261022393096	1797	0.002040894508859154
0.4018942643258177	-0.4481829607636453	0.9968882823055822	2.9867006085045142	-0.002833656645455847	0.24708813833133392	0.019073752987395474	0.020885986718980856	0.023295822687256863	0.10033236835607492	0.07205396101364828	0.005646245881857307	1674.0250966947083	1797	0.00011476830374255373
1.028127708891006	-1.154926141679733	1.1338042881575225	2.411378458773896	-0.9266970148063229	0.24766888342255222	0.16319351126647924	0.18366228866008422	0.035006916638108364	0.16246809693964315	0.0910400448911336	0.005439562980253611	1638.136681095482	1797	0.013508788433487528
0.7593068058469951	-0.8551045528186803	1.1174010035191164	2.8121221206032065	-0.7248702767180928	0.24883259861673565	0.20528580678666572	0.23179187769873333	0.0553107388684314	0.18137498805261992	0.21561731604531456	0.005647385588441837	1641.8663752552145	1797	0.00326894034682896
0.4032234438535477	-0.44503145519648546	1.004947174933983	3.033390743843856	-0.00731477991113343	0.24133032631925144	0.019121827356906405	0.020724753270387423	0.023386010511134862	0.10075904576193957	0.07187854433852174	0.005556863691165878	1688.9333660165414	1797	0.00013113426249455534
0.8307364112427598	-0.9437921111290328	1.1319636596191307	2.7580493583079666	-0.7940809008490357	0.2518819302600161	0.1471008211567935	0.17065363659099556	0.04056691331864022	0.14926100041169665	0.13278131005676713	0.005401527871057481	1627.2057856641163	1797	0.005371119193802324
0.40095970885067217	-0.4442412402999294	1.0304861247916073	3.2026281734561977	-0.007681068428121815	0.24221842074541267	0.019086773136820823	0.020763637127161592	0.023765584976110074	0.10318353116818206	0.07244902059832546	0.00558801507364118	1646.8151450747737	1797	5.798317163439304e-06
0.4028880228858725	-0.45256760002672486	1.0086129376442148	3.0233993618447785	0.009220542977826823	0.2542798003213789	0.019075029216089515	0.02103362256255891	0.023304177322129766	0.10004469348850896	0.07241593102238883	0.00567437222834691	1610.4416587048986	1797	0.00012176933731112763
0.40081283940866064	-0.44853349989100333	0.981122168915752	2.8987784658337956	-0.0048936349262355405	0.25014701389193317	0.01913185487875392	0.02101917988764662	0.023318114065401834	0.1001339950004172	0.0722156364846628	0.005706237119723694	1685.5169660097597	1797	0.00019020963184574713
0.40224342285832815	-0.4471189890580485	1.0103408230804671	3.062990078855971	-0.002849221427406824	0.2427263423240585	0.019015114927772133	0.020754214768790764	0.023422374653995055	0.10101912601688381	0.07189089783307079	0.0055535423596695796	1607.546499759219	1797	1.9162969661140432e-06
0.2565316021703455	-0.2825744160569769	0.9438957631700157	3.073891147883477	0.8945240754537763	0.25119979909205903	0.10564546196894153	0.11669911194311584	0.05647101332404545	0.1044447645647557	1.0094067342765631	0.005707181965225149	1642.204165363417	1797	0.00015805398972351914
0.3954567679017091	-0.449885897126916	1.00205956148967	3.038023188404145	-0.004138250197552233	0.24481959575234735	0.01876143825765844	0.02093378247419151	0.023527239714918404	0.1016241366259651	0.07203789507217963	0.0056102413730578764	1699.1316362481557	1797	3.8273547309223933e-05
0.2493197265078164	-0.2781383844105831	0.9316445581907778	2.930852139459095	1.0064545709440873	0.2565749803169185	0.09826606647347684	0.1095730026434355	0.05592179266541512	0.10512862344522428	1.0069827334905812	0.005777272403214994	1735.676715943361	1797	0.0002425078057799115
0.40179683723766174	-0.44744447726612213	0.9783627239890412	2.868536652036934	-0.006400078241317716	0.24995071492639917	0.01922454408249729	0.02102384162945354	0.023279980739619073	0.09961085167686409	0.07224478810973618	0.005705991114561801	1653.2338999720505	1797	8.824001368736676e-06
0.3979679070546979	-0.4503520666490027	0.9869694663881248	2.9457780218340366	-0.0027306949582808233	0.24657217718255217	0.018859405713928263	0.02094307996070889	0.023285538523698933	0.10020148730988747	0.0718736142491384	0.005601107961072144	1684.3193984492154	1797	1.5764682484321885e-05
0.40085638048113126	-0.4464329097200646	0.9884369480121165	2.9522446184974904	-0.00826401349237524	0.2457268642533748	0.019104047040949715	0.020894092703942633	0.023317044952261987	0.10019513576333733	0.07207596776572871	0.005678414356955148	1596.5735746521032	1797	1.2275271856276623e-05
0.8410516283580808	-0.938085550408916	1.138931875864864	2.7987699430375246	-0.7987081918922959	0.25327619101271	0.14778337436421474	0.16315686474854119	0.04054990570233701	0.14635422147462077	0.12731691107500206	0.005539032892108936	1592.714966926309	1797	0.0077769629912558
0.2468914706125235	-0.2798544722172037	0.9544777579218432	3.178307793643613	0.9772322309761868	0.25577616478782955	0.09658205100144554	0.10932630754814301	0.05527026943064311	0.11036259141347018	0.9914035594041581	0.0059186564625886015	1628.4032897830825	1797	0.0003113738079268799
0.3971054629133359	-0.4526993881925897	0.9821487304959954	2.9027386219583082	0.0008160884833918207	0.24855482693234748	0.018794843074207816	0.021016249998288203	0.023250630864154777	0.0997802265322857	0.07181703822564027	0.005600883886727404	1635.4934923742808	1797	6.797172674865742e-05
0.24746461857450547	-0.27569567260062283	0.9471964873553544	3.1174572850998525	0.9635170529675173	0.24332670311136165	0.11200131312828773	0.1236488496984342	0.06335899001103437	0.10103771661609036	1.1337650016526055	0.005506870896955643	1701.9363723256206	1797	0.00020240646578705115
0.40281247816760357	-0.45342007236626586	1.0013756542959311	2.9773758299143718	0.009621419756956894	0.25769593974394356	0.019125478166424518	0.02113175638852066	0.023322325015706014	0.1002707224977393	0.07255033474232658	0.0057193015295824885	1646.6424257452481	1797	1.3046059322313456e-06
0.23472242066086302	-0.26046051037207063	0.9541937686726762	3.200815365131861	1.1210003987925115	0.24794071298893297	0.06224542732864857	0.06921148909675065	0.039531060083775355	0.10164096945757774	0.7184407791789589	0.005607396363048002	1691.6380640082873	1797	0.00029232181733803765
0.39686662373136444	-0.45052847555942205	0.9982840278590734	3.0227055759128874	-0.0029428186646292746	0.24879873823179544	0.018868261966482645	0.021011974829303007	0.023446763583905565	0.10119739229843251	0.07224140365762186	0.0056649115271501195	1681.7323139759283	1797	3.817074538230431e-05
0.8709778164691929	-0.9790467056538932	1.1426922560913324	2.775597984684224	-0.8332120680476406	0.25022666399246735	0.24668382732697977	0.2717200771814434	0.05801381936427974	0.21159529001108568	0.19852812775982562	0.0055891455081668075	1607.4155484062248	1797	0.003289184370561434
0.954853711032849	-1.0557234078647344	1.1649600541110048	2.694784704635228	-0.8744049493967463	0.24891720007858276	0.1450523778833853	0.1577928655208564	0.034017424135563565	0.1594295542623067	0.09370819837642304	0.0052798810142039385	1627.7880638885717	1797	0.00873356580623278
0.3966387488080413	-0.44800381637946984	0.9743719372816146	2.890265439812432	-0.010336630051999467	0.25048887678469284	0.019044689221374752	0.02111215560293304	0.02341918498910251	0.10071515132183943	0.07241783454603379	0.005736714780417575	1684.8490237377741	1797	2.7963299401755948e-05
0.4002731688945618	-0.4503056980028381	1.0017623302410728	3.026644110199051	0.0010327816255422673	0.2509642994274798	0.019011602041836013	0.02099049598747395	0.02342705021890898	0.10107454277792838	0.07235211395432058	0.005660246063268291	1646.492481084961	1797	4.831027627990182e-07
0.3957908246404186	-0.4515507845935373	0.9894809866263434	2.9718204629411553	-0.0015892957145258822	0.24725431182375146	0.018750499879023212	0.02098112949829298	0.02327288469545305	0.09999313649653241	0.07194688797759524	0.00561477852482996	1739.2387326095982	1797	3.1714427582653334e-05
0.8763246561225005	-0.9642953880801336	1.14843444554789	2.7783092595043177	-0.8257783406686631	0.2479485124460952	0.17479275394620408	0.18942192811433958	0.0447077385856058	0.1644872366776856	0.14031620378424672	0.005571713492431127	1687.2504999220992	1797	0.009100008731573943
0.2524909316066744	-0.28476385973980306	0.9456922226044012	3.090862253717347	0.9343134832823733	0.2560060472448798	0.012014583465052816	0.013301340477822086	0.023262018662310535	0.10164211479974779	0.11648801548173912	0.0056781235186998775	1593.6515824742469	1797	3.019996215489058e-05
0.4002915655438522	-0.45796773918377404	0.9779261722612504	2.7940313247583703	0.014428818033304718	0.2573321942973886	0.018923192223985308	0.02124467164900152	0.023049583865228825	0.09810639403235923	0.07200969628270353	0.005743735394870574	1698.0206615215711	1797	2.8570128687702126e-05
0.3996231530978342	-0.4496768560819282	0.9929881130621685	2.9416338101813215	-0.0017708482257969007	0.25123712994609265	0.019084088139025603	0.021080184602330236	0.023471229519443217	0.1008478127403071	0.07241133458838983	0.005715632600859729	1682.7871622149514	1797	3.441960321207914e-08
0.24898136427071665	-0.2759737616174354	0.9455139388852312	3.0719523827145014	0.9822104233591145	0.249645399246448	0.10698207276983436	0.11797884928354489	0.06236349301798264	0.10612959255984006	1.0853158418341629	0.005675829363916009	1631.2664332926654	1797	0.0001647615702315526
0.398419885553461	-0.4491468978154968	1.0000299144221847	3.007898034432028	-0.0031720676707379667	0.24800975931091856	0.01896974264979737	0.020983021943706832	0.023462908745937056	0.1010361529407429	0.0722782105772477	0.005638253620399929	1755.5939274862503	1797	2.9959269040948485e-05
0.4003393767629476	-0.4478516563135191	1.0084814528777168	3.0542838441914406	-0.0029776540526679145	0.2476547862020904	0.019062834683644635	0.02093621090089759	0.023510655582504467	0.10126922526310089	0.07238823510312838	0.005629795504137306	1572.7584361393958	1797	8.161118357385915e-05
0.3949863327877731	-0.44271574466629116	1.0170920778198003	3.1744286088996283	-0.017508993920887013	0.24109673373454474	0.018965273712663735	0.020859351439194537	0.023882181820850217	0.10367269793527216	0.07263565244143703	0.005679186539183242	1717.8510243355809	1797	0.00012399115561291464
1.0439324872418976	-1.183858339111358	1.1520823484391711	2.5033649356677916	-0.9402134205997589	0.25106565772402445	0.15103123968675264	0.1730627231035831	0.032638541069218215	0.16450951011560952	0.0828250660599031	0.005450354833694583	1556.999878765207	1797	0.01194903376363126
0.40083221576250905	-0.4499336122672406	0.9846182972622949	2.8987658818312463	-0.0013780138633409794	0.2491944528198243	0.01905336822503675	0.02099798827966052	0.023250290748474848	0.09963472168509248	0.07203771900394175	0.005679117448695892	1596.1011765315461	1797	0.00012547208076033593
0.4034948172485729	-0.4464447498458625	0.9994109945492151	3.032075632921282	-0.004969774037571281	0.24977490819598416	0.01923818978380867	0.020907164028871904	0.023381648662393964	0.10106472710501097	0.0724485372119283	0.005688482567206525	1641.1522397603685	1797	0.00019811489678570976
0.24893193569212052	-0.28363175531982526	0.9427682738169936	3.0787787551743246	0.9567832392470937	0.25674896943720266	0.0880621375576038	0.10115416259460323	0.05094420107585651	0.10224841840638056	0.9002295469334322	0.005776635829034563	1662.9492360281724	1797	0.00015406071781667256
0.3993639953500205	-0.44720826070127073	1.001984529883048	3.0285001354619183	-0.00631089796228545	0.24657274276659905	0.019047393335954895	0.02093294540320025	0.023548610152934926	0.10163889702304557	0.0723210749763	0.005603785089736294	1722.3296911458815	1797	2.3493114664179898e-05
0.8793426747696789	-0.9954710867345888	1.1351558736339014	2.6912162242695907	-0.8371808140235785	0.25045430878197195	0.1579784462271324	0.17685758924865205	0.0387627322798782	0.16542500910952898	0.12188261574445325	0.005646375201522911	1630.0107080124565	1797	0.005532780775329451
0.22957019342676183	-0.25334043873973194	0.9686488167602443	3.295356325422087	1.1937963326418217	0.24776445194346547	0.12152917985899885	0.13413061403260707	0.06846677127585435	0.11077320855899782	1.4578422574886745	0.00577886949771905	1677.940963447962	1797	4.980649597334246e-05
0.22749278347727012	-0.25477181484954753	0.9299319769066596	3.080723879556167	1.162044150026894	0.23883155851392646	0.11302174031520332	0.12626317587062288	0.06553158449776215	0.10159711366206933	1.341789499428432	0.005549397310968328	1646.905988710009	1797	0.00012617144294207113
0.23633032643548002	-0.2617245300133592	0.9525935133674764	3.1005851733703236	1.1325707808015157	0.25375534078711187	0.09729577782020722	0.10771852590466657	0.055590414231303356	0.1011628379019921	1.1017015194805102	0.005748797305394682	1695.5540243551814	1797	0.00013213678851875635
0.3985751641655068	-0.45024258321087457	0.9955728431679464	2.9631761760557676	-0.0011018894999830398	0.25341596678692174	0.019076353636593987	0.021149884406361286	0.023561733887945514	0.10129972687535546	0.07264722636614843	0.005733648594539677	1740.9064085779696	1797	6.556609962713468e-05
0.2490018103683034	-0.2735322825140095	0.9591584272094148	3.1727035563353456	0.998602063932409	0.24968215516197184	0.07301023101835451	0.07955783485171386	0.04438283652419384	0.10275617368341032	0.7513090283237168	0.005680712459657894	1748.525406965369	1797	0.0002777496277818621
0.849803589850858	-0.9712794600801592	1.1139760283221949	2.6300206486818536	-0.8166683774253469	0.25256142121100095	0.07510991577313524	0.08522680405687191	0.028464392117448417	0.11327218837237303	0.06202124184174389	0.005489233479876636	1643.5043591023114	1797	0.0038030093890371597
0.40112542128375805	-0.447496015423669	1.0162930684424125	3.1363767901328274	-0.0027341796514414604	0.2505480359920009	0.019128584226809887	0.02094980248839756	0.023625209644226958	0.10258908958742015	0.07272338109079299	0.0056529452598391245	1655.0059333332229	1797	0.00010109678138571328
0.3969363886683818	-0.4542171408087648	0.9863898946380762	2.9369929925620455	0.004298930234941551	0.2538710530132351	0.018827459996753493	0.02113131621469042	0.023315383966361954	0.10026221374476225	0.07221093026865585	0.0056926083828631215	1667.2675943321242	1797	5.5362660789906106e-05
0.3996905466212654	-0.45108554398682277	1.0145647677020766	3.080149953322342	0.003661828524299121	0.2551155488392661	0.01906594078250615	0.021120643205212754	0.02365338786639192	0.10216487935311688	0.07284698459617434	0.005815881087613924	1734.9466519829866	1797	5.523441454735574e-06
0.3977223709975166	-0.44724540674200214	1.0159884237842645	3.1294106963360666	-0.006280576161548497	0.24387696496855757	0.01890046020743987	0.020855307751870878	0.02366814726805462	0.10271823084870614	0.07225781172003826	0.005615590583091113	1588.5299083159202	1797	0.00012411707278923179
0.39927964194202503	-0.456923853165237	0.9963799681214558	2.974516310745859	0.012992200458402336	0.2629898338753405	0.018989014341049826	0.02131458599795399	0.023379190861293524	0.10070518273990589	0.07283531966270651	0.005727463261061308	1669.9181460194825	1797	5.160027144421134e-06
0.3980600424291854	-0.4513219542517608	1.0144628791717536	3.0718803063642324	0.0031359644583191155	0.2521008114446701	0.0189538078544355	0.02108169096604051	0.02361104691291396	0.10170818068381718	0.072628956905193	0.00569470089773018	1750.1423761628748	1797	0.00013533824704489237
0.3973061182899563	-0.45080167189807435	0.9722778295092517	2.8258054051599575	-0.004005358365941158	0.24869475710260286	0.018933558037604593	0.021080061874263534	0.023175434271165418	0.09893095941133442	0.07192990850972436	0.005689036630254276	1617.0045741559697	1797	1.5811074456299922e-05
0.3971767547305349	-0.4510915538151188	1.002392267785824	3.006608187658009	0.0010545276539456875	0.25049448055536294	0.018903992390272913	0.021065650591670013	0.02350861318587657	0.10110785165386106	0.07240700675507787	0.005681617566074679	1652.7121493525797	1797	3.190751077768609e-05
0.3942201010723341	-0.4501903347315347	0.9680718333731738	2.8712509377503928	-0.008905606705335111	0.24387298723492448	0.01870400115016285	0.020944644136238522	0.023198134750575056	0.09965250171911669	0.07157494788705435	0.005571919756923103	1641.2073201080623	1797	0.0001947143707863466
0.3986861546511862	-0.4456102199700403	0.9929808993769272	2.9679780577836996	-0.01138768094938227	0.2422098188966531	0.019019710481657248	0.02086725380657624	0.023451998560074863	0.10088349911847276	0.07198934103009824	0.005598985508970687	1544.7027487063988	1797	7.738264769053018e-05
0.4027126351396495	-0.44820763607799663	1.017383011979214	3.087633867343888	0.000921946504558854	0.2514701064400619	0.019201679598474516	0.02098443406138491	0.02349395871950276	0.10109873935446036	0.07270363537542826	0.00569327947640422	1703.5704839689215	1797	0.00010784836977563499
0.248667441950072	-0.2849863309368984	0.9410596963641963	3.059403151222768	0.936544318451512	0.24928235182083427	0.09692459488105426	0.11078935359967831	0.0556054272295133	0.10065017822524844	0.9613149555545212	0.005641594712846688	1589.235969628889	1797	0.0004914033554528772
0.4010515143387891	-0.4438653152186563	1.0243728926446716	3.1588292500873707	-0.00881684509419903	0.2440746318626497	0.019164652772190177	0.020826591735278593	0.023762215135180235	0.10283498254417699	0.07258760751053661	0.005629778300360284	1564.516509868707	1797	0.00011507835810678531
0.24756009173656965	-0.27771408159214295	0.9493738436884729	3.1699117399106087	0.9508754473100166	0.24556809540539393	0.06673897650670771	0.07720787937610177	0.04189611077984188	0.10168101910399918	0.6910987031517979	0.00571876845541834	1650.6224301692987	1797	0.00015635527236959354
1.0078120482749775	-1.1244345040419397	1.1452535416604597	2.523517765334809	-0.9135737156226929	0.25002587974084817	0.15685772408439488	0.17515435534761972	0.03681847685635968	0.1627575056208767	0.09243627830538638	0.0055862553663255056	1661.2174260237794	1797	0.018127560110430374
0.7984782914800436	-0.8920558099731154	1.1328005032486255	2.8311103392084735	-0.7698784842949746	0.24657303114314066	0.18291799818637297	0.20637730032845789	0.047707113581274066	0.17633302835630363	0.1746165011708026	0.005518322282831898	1627.5262415176744	1797	0.0021124155626895255
0.9385264104310064	-1.0580229617896886	1.1326966955912579	2.552136276338269	-0.8732528052730971	0.2506071100448463	0.12039033165880429	0.12834805511990674	0.03345683560203086	0.12271403458048494	0.0781067158355478	0.005451246674620324	1683.482144145343	1797	0.0041798840983693865
0.3945684400923006	-0.4513959882397088	1.0143182483592441	3.110618838307366	6.055135307810229e-05	0.2515803538396591	0.018818702153577675	0.021109138333814816	0.02374501145845997	0.10278821173468343	0.07271739964297194	0.005705122355002778	1675.0405379209997	1797	0.00013070362358099288
0.40058600793879634	-0.4508953046498891	0.9888793166234524	2.900903036347524	0.0013887879618939619	0.2526432325367131	0.019101647643327828	0.021104345201925438	0.02332220930632268	0.09966001064295607	0.07233726903822713	0.005699983101341078	1564.4966709115201	1797	8.110544520932353e-05
0.25192407716274107	-0.28332976325602494	0.9392853969205321	3.0445960208900926	0.9128246210228813	0.24373671615178624	0.08842051980325528	0.09944618724871714	0.05142238167128862	0.1009925386888597	0.8658222384828467	0.005679650648774631	1721.61917577198	1797	0.00030128355413207585
1.2602103029104577	-1.408715918267989	1.1664015811210178	2.2485400591054248	-1.0289810109720523	0.24306819499232704	0.16535130282500024	0.18861629488354112	0.027777402704141564	0.1817737115674296	0.06046888156974861	0.005785617428613673	1657.1585099904296	1797	0.013356987292624562
0.7091662990127698	-0.8018279521688952	1.080505009450175	2.7688920988297507	-0.683194609851099	0.24686298070131352	0.1797497034203982	0.1977989579323112	0.05417650385043946	0.14666797887974817	0.210711204588882	0.005545054024202727	1663.6513321788293	1797	0.00021644479379193828
0.2585584058344024	-0.2927164609313663	0.9687953937317116	3.240425242373424	0.8757186067712543	0.2590020970409024	0.07142276579064252	0.07947858882069116	0.041735659208271866	0.10538120165146905	0.6736187695526714	0.005609917620169909	1695.771769086367	1797	0.00014848155436615525
0.4033468593299817	-0.4521569572557354	0.9874562778207744	2.8858662347344937	0.005680393050112779	0.2519797621622988	0.019097524835507477	0.02101986164896757	0.023185302941230244	0.09931588384746477	0.0720001219883315	0.005681660256781827	1630.0848376387507	1797	0.00016499599233232547
0.24734647483853958	-0.27624965144750296	0.9383498496915121	3.0713040005712826	0.9405801467138049	0.2389269307990041	0.09660273127562603	0.10805946358379737	0.05508611358695659	0.10256982202983614	0.974110826087159	0.005603609871401116	1665.2444594632443	1797	0.00028611549105125183
0.399189995725763	-0.4535912394255216	1.0311006479467646	3.1856930012743585	0.01044344270153051	0.2588104024379912	0.019002527256173976	0.021179822070814702	0.023713649871953218	0.10280665011851177	0.07316023896084037	0.0057399264184600516	1592.3619282804818	1797	7.997589816545845e-05
0.3993985107207922	-0.45158429096268093	0.9969862165487456	2.97018709895277	0.002500598424564319	0.24970896985920268	0.018934092563302127	0.021007656684322112	0.023393628219617203	0.10048001281151513	0.07211971639895921	0.005668643893779433	1631.855227023601	1797	1.0589112572590843e-06
0.9322116965886923	-1.0289422966942394	1.170329401902869	2.811671404761887	-0.8658909276670282	0.2535022174884801	0.17603757216599303	0.19356556817504864	0.039848379946091764	0.18034786344775683	0.12458912597675775	0.005733748436603351	1669.8323304443425	1797	0.006783873949915016
0.4040465760396505	-0.4510191152365028	1.0045117235039405	2.990594832826946	0.0062446362198043176	0.2530099240188061	0.01916762002435212	0.02100854098692254	0.02330247051558952	0.10006564413203198	0.07237048621112899	0.005634763845795226	1750.0765392938165	1797	8.361731950723613e-06
0.2605476457328819	-0.29317131720176254	0.9154766169478181	2.88482649508735	0.8120927212863492	0.24305891783319072	0.09461768250352638	0.10635772904866067	0.05377584527748251	0.10138649184795925	0.8557906092971391	0.005612481420371926	1606.9052312388385	1797	0.00017654141254418043
0.39909604424547174	-0.4528057130578563	0.9999004090876558	3.005836726949586	0.0039012605578820072	0.25173746840429106	0.018901818635729806	0.021036333324041704	0.023344637042172565	0.10047536405419608	0.07219765603386873	0.005686591046501179	1810.6276502018386	1797	4.964687057241643e-05
0.24560257133922533	-0.2726308885152032	0.9472016079553066	3.15163696487478	0.9798027828721955	0.24695864814957594	0.0944263590363491	0.10504196396351052	0.05195376708990135	0.10463356567089123	0.9770829919451433	0.005461563936816204	1616.811195022769	1797	0.00011352834518696438
0.23134283257712693	-0.26091268549725555	0.9318550075765086	3.013503105403968	1.1530510145654909	0.24983382448347155	0.08635626076211522	0.09729116541797965	0.053375459720690535	0.10451032246764581	1.0068531667250877	0.005782844463097121	1657.0113839396313	1797	0.0004463938121403534
