Nu	Nd	a	b	c	kt2	Nu_err	Nd_err	a_err	b_err	c_err	kt2_err	chi2	ndof	edm
0.4026370757897864	-0.452023498899106	1.011783363062794	3.0102854493761004	0.007397086289168726	0.2519511897378704	0.010039350476319313	0.010885774252222598	0.01438597434654635	0.05779673031466586	0.03741983159423712	0.0029775088580409224	1583.7143842602754	1797	4.38020357718952e-06
0.40231597228155236	-0.45225770046605573	1.004791647868335	2.9591082399535544	0.00708708931575763	0.254085948661277	0.010067003724409426	0.010927934995722442	0.014381537161374159	0.05763374790388821	0.037482394258561015	0.00299634728576156	1654.544826009294	1797	0.00015281732778418431
0.3949700635848499	-0.4520270240937697	0.9829326281775407	2.9355875080526963	-0.0002858596206499646	0.25063567832613726	0.009880422162122258	0.010905348277449557	0.014350081550591028	0.0578463951275813	0.03733708038751389	0.00297600793892755	1636.9426568779163	1797	3.7232137055743516e-05
0.3957754442498456	-0.45099746749617675	0.993366854262187	2.9658999528443992	-0.0008926424639464876	0.2508024697061329	0.009934929308592626	0.010921387934196013	0.014452149711100766	0.058155133825303865	0.037459736650622334	0.0029868579194128188	1704.896300322038	1797	2.8310441397385925e-05
0.40352497941907345	-0.44744882808017744	1.010866075509328	3.026815482378866	-0.0023048350716729916	0.24774543164116009	0.010112789725301169	0.010838257411564014	0.014467659460272047	0.05817898124075879	0.037439234145024994	0.002964475170712577	1558.4625420751586	1797	5.2926655794287094e-05
0.4032895412704651	-0.44784501685000866	0.994252440111586	2.996258329609981	-0.003449796632878453	0.2497065857346478	0.01009900753933038	0.010839144328596905	0.014339069107628166	0.05788518334965084	0.03742042812214545	0.002964093332731699	1624.0026955561484	1797	2.5270230842353307e-06
0.40048546886695896	-0.45056433207649627	0.9924592970411268	2.947769944768616	0.0008193743655416812	0.25089026235647266	0.010019543560753288	0.010885574938246075	0.014359225649604075	0.05774323055447427	0.03737796836836418	0.0029704130248986087	1527.8885932526523	1797	4.3448629195281e-05
0.4012764611117681	-0.4521880835492855	1.0294293177920824	3.1156034462163076	0.00871866162304516	0.2537639411357967	0.010030715260169661	0.010913692096201256	0.014505574172802719	0.058454485851700655	0.03763157784978295	0.0029948840826248646	1618.920761856032	1797	0.00015717207376771496
0.40149627941614596	-0.4486408218386259	1.005236439058727	3.0413835163488607	-0.0018234983735730536	0.2488635870852538	0.010045677678458603	0.01084240492462004	0.01445954357687037	0.05845514696305106	0.037432736453504374	0.0029593513356977446	1695.7700699768623	1797	0.0001460164333497959
0.4011732084203765	-0.4491329392783263	1.017040007638289	3.0729567296141265	0.0005928883354331367	0.2506783180672397	0.010065428258658603	0.010883625433655467	0.014504049749344394	0.05847595056437858	0.03757999515660081	0.0029795928555845287	1726.665623755758	1797	9.662063709550399e-05
0.9183036893696321	-1.0263600170737612	1.1664353280846051	2.7653717352553966	-0.8580913850555453	0.2526110235142561	0.08198520451141846	0.08980181002743304	0.023174148198332967	0.08468510102408139	0.05860062377122582	0.003226133430520413	1525.7542911858795	1797	0.029562256718907207
0.4001321983110342	-0.449452076968606	1.0246490516919338	3.094487871616062	0.0013201198732154936	0.24677947618277893	0.009993820438613063	0.010840765829887652	0.014539145273069966	0.05865626265909368	0.03741973880181988	0.002952572631289423	1673.5006139787101	1797	6.52743500363389e-07
0.39540414734038176	-0.4493526637694607	0.9978017127887588	3.007338919629665	-0.004399754299673585	0.2455096928657536	0.00989150817685698	0.010846293417199188	0.014412868028522256	0.05810016154671467	0.037305747005363946	0.002941438379154121	1654.5318011089362	1797	4.112161718168352e-05
0.4017796250875326	-0.45037803320117265	1.0159761894178174	3.061663518091901	0.0035439898991815834	0.25161765904197686	0.01005359011891413	0.010885631159357237	0.014498266858722887	0.058477926220072925	0.03753709066226082	0.002979826280208218	1592.6912836589518	1797	1.2067496866057438e-05
0.39852007360624997	-0.4537573456843838	0.9915954533426847	2.9630431787083933	0.006545595792184033	0.25282087546068144	0.009917181040422704	0.010896942045996942	0.014293336915817625	0.05758921265884291	0.03732568941549068	0.0029941991477720137	1725.7699097004643	1797	1.8936985235720952e-05
0.6976887143211011	-0.7912365526376097	1.1188422573802221	2.9251491890805057	-0.6562612653823051	0.25384978623227317	0.09211441453815099	0.10456874240303005	0.029336523725415852	0.0821151937779475	0.11709207628770572	0.002956462821949953	1651.7546472803244	1797	0.00608436985402246
0.3980395654614785	-0.4528281035968969	0.9985831925380136	2.9852260165663536	0.004959860651733636	0.25221484688332957	0.009935356905125477	0.010905586108919256	0.014365728826516898	0.05787109433261479	0.0373989819551232	0.0029778128100526	1641.2483363958893	1797	1.5852011407424663e-06
0.40034664967390426	-0.4503367338081914	0.9952602558814649	2.9755493442594814	0.0005289182096415456	0.2505635573877945	0.01001191805433375	0.010873706837681416	0.014378338293596015	0.057885065614644245	0.03738850339848979	0.002979544002895475	1718.9831908410144	1797	4.674309312955917e-06
0.4005428283587644	-0.4500514933916659	0.9945952267062637	2.957299293065267	0.00010316958622454418	0.24912346564762547	0.010009982420589326	0.010861348620487304	0.014357785892490314	0.05767682845240391	0.03732556793855386	0.0029709635168559934	1708.7663248793156	1797	9.125314543057096e-05
0.2596798045271944	-0.29518917332874894	0.9348538548878408	3.012366533928458	0.8254982407463195	0.2489977787971668	0.051037921071315454	0.05791770534209436	0.030125748389272244	0.06322304721860386	0.4663477449367548	0.0029972295889070448	1660.9831331925516	1797	0.0027351174050751657
0.39747497250322733	-0.45117405607911526	1.0017154624356182	3.0332049698368206	0.0011682482185363574	0.2511901476484199	0.009947208894573492	0.010894110663766839	0.014426244748133055	0.05830291050197067	0.037479324886496745	0.0029755457466740026	1658.2692407647965	1797	1.4561989155472624e-06
0.3957284191725977	-0.4490118414701072	0.9787783910750835	2.938537374687095	-0.006940751499831623	0.2458127457035739	0.009898036912172078	0.010837690741870538	0.014316639692976032	0.057703547315677485	0.03722333706938574	0.0029492995343300453	1604.5301374133833	1797	6.0581897632220664e-05
0.4015618441451542	-0.44667321653920017	0.9967875674018226	2.992950676726846	-0.006624972761736329	0.2473194018526438	0.010082317306191125	0.010837937542443176	0.014421353951410885	0.05808021900441152	0.03741653869171775	0.0029739636500614505	1692.1087877288169	1797	0.00013311532975684526
0.3958073772972031	-0.450520731028202	0.9757697843861514	2.878899878791564	-0.0038199060493791515	0.24479209044502714	0.009862447655452728	0.010832225697682923	0.014258292681270287	0.05723998921788124	0.03705602490207366	0.0029419957514748127	1606.2288534397564	1797	8.060407784812962e-05
0.4032999598913917	-0.4502303883448901	1.0123766447896296	3.0390374854979707	0.003934845633458642	0.2538527792443091	0.010111033484552688	0.010907227289739765	0.014488072517165454	0.058369046578873526	0.037608527692105986	0.0029934689506407753	1635.9419239673523	1797	0.00016733883136187325
0.40073714287193885	-0.447958970126588	1.0088001450706383	3.06585319868034	-0.0034546134059549377	0.24834369932814587	0.010045113326412948	0.010845604168780661	0.014480063777864148	0.0585651066181656	0.03748721510403234	0.0029575057492354125	1734.8403055491938	1797	0.00010280596369093665
0.2615435682786785	-0.29617548086165674	0.9520501016232251	3.105611267311815	0.8237613653016819	0.25266776128585344	0.05246372856921822	0.05936401939126497	0.03061640759381899	0.058934048148202155	0.4768247790644912	0.0029638972302554432	1666.6276384739897	1797	0.0004137283682847034
0.4018887467442843	-0.45121690709256795	1.0125338056455622	3.0298137521592743	0.005236746749161016	0.2516865203140078	0.0100375537684661	0.010884447335844571	0.014419451468410104	0.058021616543554186	0.037463897909318845	0.0029856147067615353	1618.6760607468623	1797	3.773311734275229e-05
0.40219718101837376	-0.45291328564470695	1.0109745040031244	3.0462708951219897	0.008756669617098494	0.25567662326191615	0.010039019349365684	0.01091584049868636	0.014394595544311611	0.05813615257412938	0.03755775431762787	0.0029903903090550167	1628.9427673645935	1797	6.290403034803544e-05
0.40493132206159127	-0.4481634070741321	1.0095013743993313	3.043945489996935	-0.00010980650083081394	0.24942077730054893	0.010121332458064639	0.01082882920807051	0.014407112461340197	0.05808454811536389	0.03743842525715733	0.002970839823086745	1666.5380046676091	1797	2.540008848023428e-05
0.3999035108819438	-0.450353061833695	0.995935845522386	2.9600512277467392	0.00031716140446524547	0.2484045819450386	0.009986347301426815	0.010858006505776549	0.014342764486474115	0.05762662360916849	0.03729392877555449	0.002960002168565626	1607.9968988001929	1797	1.9963048639177665e-05
0.40369144609816715	-0.45110675423601293	0.9982061964322188	3.0282500611124257	0.004234340652411441	0.25524640931269965	0.010083188635152595	0.010884727176645011	0.014359193725514854	0.058160433912389176	0.037531439397058865	0.002986557740965959	1647.1445943717786	1797	9.896585508284309e-05
0.3998808973566357	-0.4500324238436832	1.0183323341728843	3.085959846661517	0.0019874815844307774	0.2530097704408354	0.0100494880454736	0.010920535310448174	0.014549039263421428	0.05873521652614877	0.03768243972579787	0.002997759161266407	1600.0626575966312	1797	0.00018066314118204624
0.2704642337876038	-0.3014250586476683	0.9509126786424041	3.071872383592283	0.7613529129900167	0.24607850910544052	0.04131425864509332	0.04510447259309296	0.0244669752821057	0.059543863087626714	0.35149679326206545	0.0028919300390791887	1591.4825021638044	1797	0.0017553821071671334
0.2778097609021734	-0.31140845468775236	0.9439212516375505	3.0111844841645947	0.6983128318757842	0.2489232009750412	0.006941427987103779	0.007519323073869086	0.014353597036834554	0.05828522378611634	0.05441477506581437	0.0029699328682784225	1591.8751521140757	1797	0.00010444765298966883
0.39866971739593393	-0.45112480943276706	0.9895552717658015	2.9367085963653756	0.0007681046565571953	0.2496931691826945	0.009960299764450993	0.010878748919911863	0.01434602757320373	0.05765472733207084	0.03730476395340302	0.002968364289691988	1672.977496057788	1797	1.903077551349817e-05
0.26252502997595933	-0.2951098983401384	0.9495214672790272	3.071209470627831	0.8136621127230802	0.24502524609431403	0.06904257667387964	0.07798595789923791	0.038405786396058794	0.05815499735787761	0.6241652631161344	0.002951362265349352	1721.2426996227057	1797	0.00038892405821928775
0.39956536156553035	-0.44965830953924274	1.006524848180976	3.002878597473681	-0.00014581598406240178	0.24859828885684376	0.010006356873176563	0.0108732967499346	0.014462525691439408	0.058138615531531955	0.037411617125027455	0.002971006898352442	1643.1221018696608	1797	0.00011029297374422991
0.4019249236738684	-0.44995878753662744	0.9981533391314664	2.9795798030109353	0.0007176211508965512	0.2514522467932143	0.010062693443469434	0.010882776652956559	0.01440847762225948	0.058095033604949636	0.037444467052111456	0.0029791773803115747	1687.5772793664812	1797	0.00017882848793027034
0.26153427324662026	-0.29473545390734807	0.9512084836415627	3.0862955507548655	0.8212833056783402	0.24810662426996968	0.03788448270338793	0.04238600326932076	0.02446997246377439	0.05879705183827515	0.3480153615762436	0.0028242041010521387	1725.4803821556013	1797	0.00046465532432522305
0.40445937627953554	-0.4484369557185193	0.9866986836585029	2.9560681490142606	-0.0021213831348027502	0.25061948492063396	0.010112192313062433	0.010835935612695982	0.014289206264863387	0.057545496978351304	0.03736044854788916	0.0029733891222985184	1629.1463734358595	1797	3.72137988862729e-06
0.6782776134629858	-0.7735683474735869	1.0856073807369608	2.824030258847495	-0.6423770120049113	0.24851281952646054	0.06651451964193651	0.07541194867504898	0.02265253431373351	0.07300035322588015	0.0892971194739669	0.0031224883524431073	1722.0975449007615	1797	0.058229916637690234
0.7484087917608133	-0.8226472468047599	1.1082514335961924	2.817893425367112	-0.7008546644834367	0.2501447493198143	0.13106760840595122	0.14429083467081066	0.03802839077244022	0.09944829165582474	0.1455596323962748	0.002960754142859148	1628.0194238191107	1797	0.0015326551267774951
0.8324289204914772	-0.9318424953073049	1.1083890287003282	2.654649188562795	-0.7926940719748222	0.2508208536234323	0.06625107323653633	0.07413253514849746	0.02106363321475791	0.07374932475672051	0.058142609782863806	0.003048723306753176	1609.4958340529058	1797	0.017666823304348073
0.767215197701926	-0.8686430691354964	1.1060065399866459	2.7479307882889885	-0.7461886792384798	0.24641599207501286	0.08176551864917833	0.09142901540477491	0.026143802269317756	0.07990451622724351	0.08290817415304756	0.0029556274992642495	1648.8479774753846	1797	0.01458182314421008
0.4028440944778064	-0.44978591828901976	1.0031594948979259	3.0146764653958673	0.0014507568308396637	0.25107685918492906	0.010068488018965246	0.01086162287567638	0.014396265155055687	0.058068374340305304	0.03743859910098437	0.0029935524965458886	1631.891638294392	1797	4.037001099038567e-05
0.27472377260814673	-0.30955419016276825	0.9412484798444718	3.0128145676391442	0.7274571049921122	0.25249751937695836	0.05828377550838532	0.06558893145588787	0.033008243991022035	0.05916837917058061	0.48303095344379876	0.002988597648371779	1752.2052759655332	1797	0.0012444275094721387
0.40304951171552356	-0.4496486492603237	0.9830757618398656	2.914523179313111	-0.0007050593972561451	0.25082704905223957	0.010073737101413328	0.010858440360866453	0.014266847059196975	0.05734464813585527	0.037313037475713975	0.0029769478047116734	1647.4206442915638	1797	6.510835455766738e-05
0.40300635501721443	-0.44989493298740973	1.0226933897417672	3.094403553584135	0.003785398234667659	0.2534040986449585	0.010111056472434198	0.01090411679504631	0.014534068154020337	0.05871249479782397	0.03767025698862516	0.0029938111203211427	1747.5814569806535	1797	1.3639684517955249e-06
0.3976041742886366	-0.44882432304049985	0.9866870322082097	2.963563498127748	-0.0053001044680057305	0.248334252758753	0.009971049649754874	0.010865590940983721	0.014379104320321311	0.05793568604937355	0.0373739033347508	0.002965137476804277	1657.3104447632936	1797	7.785227253179008e-05
0.40116006940978266	-0.45231703347342184	1.0080524785852722	3.0190071229663777	0.006862527234327204	0.2529242918703286	0.01000909842205764	0.010895645997551237	0.014371050665021305	0.05781537046778547	0.0374578786932663	0.0029719663420815067	1676.519982808467	1797	0.00014918660208053746
0.3975820051751959	-0.4509367107688447	1.0040363335391136	3.0092808822219514	0.001184871817954628	0.25072089181582546	0.009962449632852331	0.01090550668421861	0.014457062554253131	0.05820538890381492	0.03747671072030168	0.0029838025473255345	1690.2074212050288	1797	8.502890085684721e-05
0.7347397621502207	-0.8307982089842953	1.100614660534939	2.763849650240317	-0.705914138200093	0.24892758989002145	0.08042861003998696	0.0911774702116383	0.026183893590831148	0.07865897682565211	0.09070381866545514	0.0029431617025831207	1625.1886251337587	1797	0.023698584545566993
0.2660443589795389	-0.2977142683851513	0.9613939434699471	3.10827948635108	0.8018784820355854	0.24814222655617388	0.07779907034086428	0.08734838633203956	0.041327421870740004	0.05954226616598729	0.696317239037987	0.002903466125444586	1683.319599574968	1797	0.0014477520432489334
0.3961894536802253	-0.4494279144653348	0.9873663762012052	2.9632219963966975	-0.004809103966429207	0.2470556602663816	0.009918705992318562	0.010858592993000953	0.01437543745147842	0.057908488719456926	0.037308357148436326	0.0029559222387054184	1669.148144114698	1797	1.836417311900745e-05
0.6887313116147139	-0.7709870770427446	1.098026450494731	2.858220769678469	-0.6405841089586973	0.25099755129860607	0.06780005238970366	0.07766088563144637	0.026549849017336695	0.07007912371629989	0.08637078382669182	0.002930015087602491	1642.8617847528094	1797	0.016877118994593602
0.405085925152416	-0.45053085683220256	1.004967212206713	3.014441253131082	0.004737402693718203	0.2541706153823313	0.0101273792565063	0.010883748171606825	0.014408404129430905	0.05809769371061006	0.037519263571192035	0.0029978334533322442	1539.544293500461	1797	2.1661379135091253e-07
0.27174643290745776	-0.30486015045835574	0.9441155404095767	2.9984282283765946	0.7633353670381946	0.2517642483115302	0.04182484424569203	0.046836822376721474	0.024467370039496807	0.06032106532662843	0.35468862096319564	0.002981938213922435	1680.3078188589125	1797	0.0007886312974301324
0.39686655936517096	-0.45121485441861003	1.0029081785271694	3.0095827721703197	0.0004992660614806687	0.24961995095158368	0.009930604681799602	0.010894528381380185	0.01446305928838541	0.05834494291350809	0.03740847116976866	0.002984619253401344	1651.0360072333885	1797	5.107683669130551e-05
0.40127534461958236	-0.4491509020262916	1.0009823489741256	3.032813161386408	-0.0011981910623965813	0.2510769341388816	0.010053419319397149	0.010868021934402125	0.014440152050794092	0.05839743455563363	0.037501700748322604	0.0029751852559740497	1609.208641090723	1797	4.34575253187848e-05
0.395653226895121	-0.4524307656321822	0.9927366440456014	2.9758234282377254	0.0022115163993938927	0.2538216849634358	0.00992559953982124	0.010946210314747299	0.01442914970340141	0.05814747767662012	0.037523699277168	0.003003419595643938	1679.5304530363612	1797	0.00012050109845331468
0.3973386289248838	-0.45210288238986	0.9912298115227333	2.942160851632897	0.0021939361858245993	0.25093046234533706	0.00993110349982862	0.010904081430996386	0.014364705092076258	0.05780410850245711	0.03734677308594804	0.0029819116629990453	1714.978792773184	1797	3.173806114591514e-05
0.40021395342481864	-0.4472780673177785	0.9818807136437032	2.9422403271950555	-0.007824566206966598	0.24576112967619962	0.010015329206016731	0.01081130218398877	0.014302672768930455	0.05760604258937545	0.037240323892524414	0.002950566372766224	1634.6162800051345	1797	6.2831312064614914e-06
0.40421813478165847	-0.44806098784716153	0.9914706365701569	2.942147446963368	-0.002646386819510283	0.24902614239164322	0.010117701302366094	0.01084061091582823	0.014312044737056813	0.05747213329632255	0.03734091776487625	0.002965989614775168	1675.8338173243396	1797	6.248640834964462e-05
0.3979380116940847	-0.4511231504454818	0.9779845745598051	2.9182196373515263	-0.001108221077166288	0.24774530586918825	0.009902941254554348	0.01083539128861528	0.014258516700351746	0.05743828264641925	0.037146049268761826	0.0029432109809722083	1719.4663614726883	1797	7.925244652646751e-05
0.40344558839593514	-0.4513309355493419	1.013734146797109	3.049758451537694	0.006334419902750911	0.2529063702899838	0.010066960357608052	0.010879339971756271	0.014444052962234142	0.058268108281664316	0.03749452595218121	0.0029842932877837155	1688.6178431050657	1797	2.050869810244017e-05
0.39986805361852085	-0.4510428461090023	1.0125257170625186	3.0368265262537126	0.0037052657478429717	0.2537742985986619	0.010042982284389344	0.010935118742983177	0.014492498238419624	0.05832102030231333	0.037633171334069855	0.002995788866729214	1649.4944185614786	1797	0.00017314799461632592
0.3983027418580857	-0.4513635743686844	0.9971123434257473	2.963725930351981	0.00193742999906222	0.24976708550351273	0.009952591072715651	0.010886648026324955	0.014395707487396735	0.05782226991289513	0.037346895629074665	0.0029769266232298236	1655.5756963857707	1797	9.96744978543152e-05
0.657305337588792	-0.7351176780364689	1.073582366443092	2.8043576464803346	-0.6051024653966309	0.24706697551013523	0.07853766285877514	0.0871002092780529	0.028585098419241336	0.07045935325308905	0.11104442774834179	0.00287522738519463	1714.1648528604624	1797	0.005707444886122999
0.3981160233963822	-0.4524327752552554	1.018384414397087	3.124350972901457	0.0059774991728298275	0.25539405912913643	0.009972917948303756	0.010935289464445082	0.014554812955981494	0.059058909569634124	0.037704134179146115	0.002998119368698688	1700.612323970331	1797	6.275208598607233e-05
0.2641195353376489	-0.29476115162039523	0.9692505074345618	3.1744568814440095	0.844374849985564	0.25336069650025067	0.04660381864489784	0.05197694191034031	0.027675920056930606	0.05847344776668784	0.4270519618532302	0.002916811243406472	1651.9321048605898	1797	0.0012018213868095614
0.39951643902678907	-0.44672494194752727	1.0023599378386956	3.017120947744585	-0.007166009782983599	0.24372484603305627	0.010004168765515622	0.010806406575667876	0.014455303655892733	0.05825522772589524	0.03730718429887655	0.0029346733961423356	1595.4637247069518	1797	6.563475883328033e-06
0.2609607584735857	-0.2959367476364673	0.9367536473083732	2.985271524575036	0.8278043946346056	0.2503740459232523	0.0623829312888466	0.0705773327520011	0.037680505434207354	0.06332182774728952	0.5656358547304702	0.002998575333568135	1742.211843091584	1797	0.00045216759367404667
0.40075372567950046	-0.45192545096151493	1.0025841000472961	2.995228919884986	0.005037322548131814	0.25260558101741215	0.010008514639810754	0.010896384236564432	0.014379029673977035	0.05789182017723746	0.037436067492985836	0.0029844486470029415	1566.456695411985	1797	8.468422416880708e-06
0.39957850099983255	-0.44548800893835605	0.9816498337517665	2.9239570959312946	-0.012307360062319542	0.24099015355929435	0.010000368801894735	0.010772445983082595	0.014343328181709684	0.057726745194195225	0.0371118567346046	0.002928400270073058	1635.3695977804455	1797	0.00010742005628993097
0.4016560124459698	-0.447169207044343	0.9957670141029658	2.9840512814194553	-0.005627707957613991	0.24625918649167286	0.010058177279805203	0.01082094630857936	0.014392316256201607	0.057926828959968736	0.03733002201894747	0.0029580960274275653	1567.6241892811317	1797	4.845550902767126e-05
0.4002501967650636	-0.45018648413046963	0.9992993665940783	3.0016356688589974	0.0004763246098950394	0.2504526947062797	0.010009916611245057	0.010872500855929002	0.014385908104409038	0.057998050864116565	0.037419869402355414	0.0029803305360468204	1643.6416665613551	1797	1.2373913236414145e-05
0.39961703926243247	-0.44970390934600724	0.9851970546068177	2.9631738674598473	-0.002428493292711441	0.2506166613656714	0.010000625279448444	0.0108680577053676	0.014345606033323533	0.05790293789163767	0.03738329009101369	0.0029894707339222525	1646.0372388539915	1797	1.4012603147429303e-06
0.25771437889797705	-0.2913370172520283	0.9364458835672322	2.9929218794734114	0.8489152276734349	0.2448378162830871	0.058593176498354625	0.06616016059461671	0.03331496015717418	0.059066276709017276	0.5437078087370114	0.0026047929279650038	1693.4426528870163	1797	0.000665455488989578
0.4019850865602392	-0.44832548632312896	1.0062166021424774	3.0407026489065676	-0.0019250249483075852	0.24817789180216418	0.0100544162011188	0.01083230240198353	0.014408113727610592	0.058109065455991406	0.037411954765474605	0.0029526185011997147	1611.6450837392865	1797	4.7204651619300414e-06
0.40309358544982316	-0.4464749843235564	1.0279929474040124	3.103704634369876	-0.003001277554901193	0.24632709667545927	0.010119591469076329	0.010833847740373994	0.014570148931203815	0.058658743982455845	0.037534378808176165	0.002954458441746649	1597.649769300518	1797	0.00014980193318634723
0.4001169580275389	-0.4489149004250408	0.9942378068284385	2.9943334440957137	-0.003007491581904648	0.2461890726747441	0.00997667539919668	0.010809899883467467	0.014342608760118825	0.057832245642998346	0.03724306839761212	0.0029464490655321356	1675.5250576363683	1797	1.1598256859346912e-05
0.7615086727468808	-0.8615904412099477	1.094152336160158	2.7260249648868276	-0.7462545139211405	0.24173399631329906	0.08583027824034896	0.09688608455723229	0.026855538959343107	0.08109263516897165	0.08936554357506625	0.0029156199306842527	1671.7533113962463	1797	0.020348222145722333
0.4000468168110332	-0.45079263506384143	0.991579984672495	2.973304762859047	0.0007787574471484748	0.2523898215382568	0.010014017142931394	0.010894915733168949	0.014375624661064127	0.05801237598313002	0.037447628399616066	0.0029772002380957603	1684.7362233381875	1797	0.00010036963850023488
0.393404721711143	-0.448922775758535	0.9748980500285195	2.9400564440594845	-0.009090777744583427	0.24536483054234415	0.009852402741772338	0.010844450030869781	0.014374533791206828	0.058080936901475554	0.03723264127222027	0.0029544766366427296	1728.210977928583	1797	0.00010217974057146898
0.40036863997652283	-0.4504091420255832	0.9972712960498386	2.9910381179849495	0.0007592786932590152	0.2478135174085094	0.009970616721574736	0.010830172571710841	0.014341914813517015	0.05780374571277078	0.03725646809118687	0.0029424628055891955	1660.1244412420301	1797	3.947441785486342e-05
0.40161648512027937	-0.4496470314719131	1.0009776775755796	3.008665876002594	0.00013339879825614807	0.25130697488273146	0.01005742596267167	0.01087698452365727	0.014410289195975133	0.05815933866010214	0.0374745567999899	0.002991020451775846	1650.545593826484	1797	8.707762310491015e-05
0.4006812514289254	-0.446226068233515	0.9874135286020063	2.9662485559920584	-0.009463811199582478	0.24566827050930407	0.01005258326675484	0.010817923650639593	0.014394721573055328	0.058085781706328346	0.0373238064226037	0.0029585675366706056	1605.9143224834088	1797	0.0001348527021791511
0.402653703967635	-0.445229681707208	1.0030255793480618	3.0542652259069882	-0.008731914571764426	0.24603751452232447	0.010106918242148996	0.010803825146722928	0.014474701374938191	0.05850605335083155	0.03744986099764141	0.0029632487677239056	1664.7396717852168	1797	3.3591868087354574e-05
0.39807894606616856	-0.4494223232817131	1.0031641476218074	3.0137547771825406	-0.001953881647286247	0.24805808350266842	0.009971768743491581	0.010868918407873648	0.014434334922345925	0.05808810637118648	0.037414070574486515	0.002966459602177102	1686.543561990106	1797	0.000138446999865971
0.2567482004323839	-0.2849700566531818	0.9685011705905273	3.1884466604049235	0.9029256817050729	0.2505304551191194	0.04456567470520445	0.04915621531530252	0.026986171518771015	0.05872297608669509	0.42838470232725956	0.0030216385118133106	1760.0016568898768	1797	0.0006417045392145269
0.40079371235514366	-0.4489783283254934	0.9976057001616003	2.967291512203777	-0.002098306436715184	0.24682723105453333	0.010015735119675186	0.010838016878614555	0.014393512635329071	0.05790937341540325	0.03728255164057571	0.002952166068691125	1587.7721100838141	1797	7.038198855052065e-05
0.3989426405222033	-0.4508028463451931	1.0015664504392225	2.9964213397480113	0.0012283404050105918	0.25128654300529885	0.009995884528221028	0.010903342967044607	0.014431339878620284	0.05808664120194659	0.03747262053823631	0.0029865646269251612	1626.5679873035285	1797	1.6384037037287715e-06
0.26305264033394293	-0.29352029186401857	0.9755009245885972	3.152773259370187	0.870526616965585	0.2574916411410798	0.045683047222293084	0.050996547142708036	0.02738444375375701	0.06090505467099732	0.42052651660924023	0.002771079392324541	1578.7404226014942	1797	0.0012518996745902611
0.39864924976955307	-0.45167159754698244	1.0011743667181272	3.006877962432157	0.0029021667125215945	0.2525523041893389	0.009977884083835693	0.010910102371852222	0.014431843594616677	0.05823177819077304	0.03748590717666336	0.0030011892481139565	1598.931115089638	1797	4.8246246981080565e-05
0.3990669359224164	-0.4463859658368892	1.001915649315767	3.0211749742796536	-0.008460003443552088	0.24216419838111508	0.009984119952817868	0.010787343083794313	0.014443298681669154	0.058221587127012364	0.037249529617966744	0.0029380059781024723	1582.0902719438934	1797	9.845170067513032e-08
0.39934780547382626	-0.450704683608925	1.0025904538455812	3.0086974113865437	0.0015279741417313503	0.25050493267833623	0.009989718892831498	0.01088438021095503	0.014377370053886089	0.057869372874226374	0.037438591623208256	0.00295535588308964	1618.219777616997	1797	4.471040077355072e-05
0.774865899398168	-0.8650306067785682	1.1120973668788308	2.779361442943558	-0.7414743305040001	0.251125847982935	0.05434735465726228	0.06523313245868875	0.022005871176186374	0.06744128607877832	0.05782449618447878	0.0030430642339137033	1651.4550793419235	1797	0.011062286950151694
0.2587458385393612	-0.2943555280219238	0.9458145597137982	3.0531041983819143	0.8330451021243241	0.2486996781933825	0.06457454082254954	0.07329590989706551	0.0366746229456917	0.058646033853646626	0.5943083898510406	0.0029765222987474305	1740.4529700178305	1797	0.0004790110332043574
0.4033637019413997	-0.4469796898532052	1.0165204689261018	3.0779050820196363	-0.002941725790223138	0.2464673101954679	0.010094832732823248	0.010811286150628043	0.014459945125544828	0.05828860745029515	0.03743489764616655	0.0029452436845157468	1692.1040291942388	1797	0.00014640198363956837
0.4040589702394414	-0.45158025685631686	0.9914012549457901	2.956303725879936	0.004910660772182287	0.25449820546787844	0.010084260189648524	0.010887838826769813	0.014306937527261357	0.0576452501277644	0.03742258090868489	0.0029856834741982504	1750.1209586428856	1797	0.0001528891545656379
0.4028879407372071	-0.4469858490997452	1.0257418679089745	3.113556758217881	-0.0024773164378505616	0.24669272408475346	0.010097982241839214	0.010826920114603497	0.014588928748466535	0.05892362761018047	0.03751491758110791	0.0029522625353176992	1765.3194446584641	1797	1.899708907498777e-06
0.40203255022475864	-0.4506047598123631	0.9831475100545198	2.9104304233069005	0.0007883553073050466	0.25236786518577664	0.010056322587455794	0.010887828358457157	0.01430312081726371	0.05753998015650199	0.03736248088399543	0.002985953673331649	1585.4105851598767	1797	7.514630949131752e-05
0.6943123867521386	-0.771136191775245	1.0942966383826138	2.880707629701899	-0.6495158087307114	0.25042754202095174	0.16559754154196282	0.18349857274035852	0.05127684058339115	0.11255601020064748	0.2130029507325798	0.003102853075677226	1694.0466609300338	1797	0.001933917651365524
0.40138138856212735	-0.44903961462358705	1.0019285478271078	3.0204142893490586	-0.0010238470546299774	0.25023354034725	0.010053070883079883	0.010863314899295245	0.014430354632746962	0.05819261202925889	0.037467596802811726	0.002961725914592239	1600.2516771475475	1797	6.492523082721287e-05
0.4007448293905088	-0.45203559012864175	1.0078142676168902	3.016693122785119	0.005829397267099536	0.255130107746683	0.010044195462032553	0.010936931849323425	0.014468578063874863	0.05828752139476359	0.037596438807219044	0.003015252752657291	1724.5985603616543	1797	1.326196607113573e-05
0.4032566617825254	-0.44970925864614014	0.9938984143139118	2.9588897880758003	0.0006296742049326455	0.2498515233600098	0.010065549497444032	0.010845648821482552	0.014324777261417211	0.057682784935743914	0.03731768334868628	0.0029664619989373587	1680.0769787172926	1797	0.0001161614895779751
0.39929336663123083	-0.4501604438149404	0.9965275958712416	2.9750458062598826	-0.00026810317893284326	0.24897361415998862	0.009983169596034997	0.010866872511990693	0.01437046815142647	0.057799555783402054	0.037349992678319975	0.0029632943455046	1734.4194018340886	1797	6.108814083271716e-05
0.39717803269327445	-0.4498204479286756	1.0097902327382946	3.0213358043924834	-0.0009214837699646556	0.2472759875619825	0.009950344876784374	0.010876168023707531	0.014470597290247137	0.05817239387644555	0.03740634579026583	0.0029709772191525317	1525.5389957823832	1797	0.00010038302080122988
0.40753036958787464	-0.44807263484721244	1.0141934397637304	3.0648500149005597	0.001617011510227217	0.25269234403755686	0.010208328414642693	0.010854139427509997	0.014471460716104258	0.05846335853266665	0.037587077579508195	0.0029893051437426335	1759.571164514233	1797	3.594121600231363e-06
0.4014409384134498	-0.4493335208712317	1.0076915550958065	3.012532686585721	0.0003304325747005572	0.24775920668330334	0.010029526307161835	0.010843264707826525	0.014419966310486343	0.05798098304598399	0.03735651563971804	0.0029479732222883652	1537.2835292876628	1797	8.043808885934038e-05
0.4065034214183132	-0.4531755304303338	1.0288487715112307	3.112169419601323	0.013737717428624535	0.2575651522730171	0.010129351102015982	0.010910963998649761	0.01446957620395367	0.05845745186695978	0.03765513432698433	0.0029891383485808995	1677.3840531785145	1797	1.5364006374867096e-05
0.4045266874037056	-0.45257928285706356	1.0064520540799788	3.0074163083203738	0.008979297794514491	0.2565357351293042	0.010100554993898607	0.010915179900962621	0.014390829120966375	0.05801292494364742	0.03754126337982598	0.0030139853577914794	1741.5588320950078	1797	0.0001205724877714128
0.7260066214967892	-0.8044315524550848	1.133134831967741	2.9479886304256606	-0.6820762120571665	0.249422746478923	0.0729041474316147	0.08209318707936665	0.025064996242033	0.07591928654126734	0.0875968986147819	0.002987517596836985	1726.9635497216764	1797	0.01252326038486176
0.2763597093960771	-0.30922317663978494	0.9405587888505997	2.9824917646937537	0.7121246322629917	0.2491791952966316	0.0412786782888245	0.046106154937397906	0.025048380646083574	0.05804350917183855	0.34222333397433247	0.002863837214891236	1662.5503951348749	1797	0.00021918733027897783
0.6856818023315233	-0.7618191405132546	1.094634077105685	2.8445850050885215	-0.6401041198257751	0.24492314675457394	0.045875065113776176	0.05040953452493063	0.019313614668630408	0.061650604567756284	0.0597276422852389	0.002907204261329704	1618.5255933128024	1797	0.002724308016887913
0.4033164125534824	-0.45200244917401233	0.9837967388891686	2.9147980383607393	0.004642531703532873	0.2538674103040119	0.010054376783857025	0.010883589367963476	0.014234579144885236	0.057286308670267294	0.037330445144427134	0.00298453887780356	1747.048917138719	1797	0.00019405192227343063
0.4014317086240886	-0.4458664088528904	1.0054616408067834	3.036350555554339	-0.007805824796122056	0.24384341269440626	0.010056730963602413	0.010793407435120984	0.014491993316634337	0.0584344919659788	0.03733811091647049	0.0029515598576529203	1765.568768239154	1797	6.0990939682461265e-06
0.3974335956986831	-0.4506717050809662	1.006996059568089	3.052342563696243	0.0004388143414673489	0.2502319884176489	0.009950437992075045	0.010888034451803297	0.01447372780342224	0.05853141050435868	0.03748867638481644	0.0029723878501494816	1718.1722063561124	1797	7.572253509642e-05
0.4013183997501283	-0.4483248946873196	1.0063849572080354	3.047568224503322	-0.0025143924659938237	0.24834652969764262	0.010045566228236113	0.010839403285437393	0.014460004169523784	0.05847784311739511	0.03743577457976426	0.002960902878754151	1605.0317932858134	1797	0.00014797784758671754
0.4015000687740675	-0.4489920361743916	1.013080981200257	3.0602661283858748	2.642782730073334e-05	0.25083102825057396	0.010073291946829226	0.010881230694317559	0.014502675341658286	0.05850341734045995	0.03756936414179679	0.0029630797170106028	1674.9403065858874	1797	4.0029687339322203e-05
0.39858613645821955	-0.4507032816673705	1.0040968408810487	3.017327804029698	0.0010610464956365298	0.25011349587011467	0.009972180270988337	0.01088388586322561	0.014446471228807553	0.05829455719134137	0.03743455536691856	0.002971147472113923	1595.2681766044416	1797	8.671380570491787e-05
0.39904762821643475	-0.453520233211452	0.9990466514885376	2.9604698266087777	0.007328867756089789	0.25326653911057184	0.009958377142576762	0.010921567900517064	0.014375908258726398	0.05774983193236343	0.03740218757499798	0.0029772505196941153	1679.3051708697049	1797	2.950226255539018e-05
0.39798276002925803	-0.4524519918560423	1.0024928440419294	2.996579005253224	0.00442092381070607	0.25084711057356307	0.009931284798809703	0.010895433299030028	0.014389275055534327	0.05796339786277601	0.037380310810562395	0.0029657243387050955	1576.8323452985037	1797	4.6720824176985265e-05
0.4020671260181742	-0.4498913879031709	1.0068086327196348	3.013017063888743	0.0018055376584658511	0.25010208085528957	0.010051676777551382	0.010864175551812804	0.014437818329449854	0.05807878260812931	0.03742495792127469	0.002976436221707432	1688.7063212549297	1797	3.060229556627366e-05
0.40070211351101315	-0.4473776195811727	0.9981607165999886	3.02336493400543	-0.006091480638096087	0.247984091001966	0.010053346420877584	0.01084198602704496	0.014459250412965452	0.05847547795715679	0.0374401831372685	0.0029613993409212586	1661.6792505548513	1797	2.4754391192894756e-05
0.39739275011726777	-0.4492737369991472	1.00215672351431	3.032105552540372	-0.0030397608296518835	0.24858600250226734	0.009963588553283154	0.010871994803850302	0.014478630946351764	0.058482868571137915	0.03745447399889169	0.0029751029385945245	1667.461535239555	1797	8.978886580078979e-06
0.4002186036071654	-0.4506503090873714	0.9839530309001167	2.909700539263773	2.9583309268942376e-05	0.250961131995751	0.010009937231601542	0.010885457559904374	0.014280444957091245	0.05733753486693995	0.03732594387067812	0.0029833642259434845	1651.448898421967	1797	7.924422864839902e-09
0.40253764523476226	-0.4482521398085117	1.011833882141091	3.057224344853935	-0.0012491083006876636	0.24920418157414093	0.010082772325345404	0.010849839914996133	0.014466463698327275	0.05838007150487933	0.0374907432929995	0.0029697834710842594	1554.5998452244426	1797	9.720811647554473e-06
0.39476713773527156	-0.45334865597054513	1.0025902812254175	3.0321977632907284	0.004578283968248652	0.24905756441740443	0.009818683601911985	0.010871186127843909	0.0143979646294864	0.05814177488005835	0.03729777232767815	0.0029480355789344706	1611.9496925915796	1797	6.046277609998497e-05
0.39599780179264993	-0.4514001964723878	0.9899831459772366	2.9305676110782866	-0.00017576416000901005	0.24986733431066993	0.009920143700478968	0.01091156637094282	0.014399138296636676	0.05785451389278333	0.0373576222495022	0.0029818523370641952	1605.1872720969118	1797	9.410813816637751e-06
0.39610605025923795	-0.4514619634942658	0.9961057811515781	2.9442270346330837	0.0006698110055575795	0.24950199359909037	0.009925104892119497	0.010913924354914265	0.014408093672480951	0.05782773195052758	0.03737247431033361	0.002984031854959595	1686.546910270262	1797	7.170344596552114e-06
0.39766215955977324	-0.45030707089823807	0.9936690166641926	2.982258278974003	-0.001471645771169233	0.25232241194443067	0.009994629989698424	0.01092352308457649	0.01446901987836634	0.058438969001479886	0.03753906607106631	0.0029760414347027183	1607.9883178050281	1797	4.338366139621963e-05
0.2868691297802932	-0.3209829490812148	0.9452015914734083	3.0150073678040656	0.622636711214271	0.24904652253026047	0.07982939949597206	0.08935951050015802	0.0426298622654907	0.06264549436999048	0.605615023087688	0.0030319144789254585	1676.6265968923894	1797	0.0003135216586996203
0.4011015745251375	-0.444903035534141	0.9927353487812287	2.9966277565739237	-0.011492950490722376	0.24294100617714867	0.010053246313346847	0.01077787209510854	0.01445890151662119	0.05839141513246965	0.03727273718889099	0.002956685250736737	1642.3848071207478	1797	1.34505297740633e-05
0.2760908707369673	-0.3104825646145402	0.94143230930086	3.0143126754942866	0.6784740508732883	0.24478783904744367	0.05010853050636558	0.056365126652625705	0.029117795020484567	0.058109224847096866	0.40350897473368214	0.0030658494031997434	1571.878868712207	1797	0.000532069459498162
0.2566601002792284	-0.29627597319689847	0.9250963796784978	2.966437911846827	0.814856635071794	0.2457237085387473	0.05540371586582129	0.06404129284970715	0.03339994792927433	0.06253430009597959	0.5089066409745416	0.0030801287614923957	1576.8697414249482	1797	0.0006655031963993592
0.4005169615332127	-0.4509267931795086	0.99844097294539	3.009693726362219	0.0015381063234289102	0.2536300555036175	0.010035069025293983	0.0109084624941036	0.014393024509380523	0.05813306777125967	0.037529866812272265	0.002989502487037398	1632.9821346085537	1797	5.835738121674079e-05
0.3969302655190552	-0.4484521941580173	0.98608656791129	2.972008892334089	-0.006916612029008654	0.2475112867896095	0.009956767570343231	0.010858593305838351	0.01443701158401652	0.05838091585932307	0.037363453451173964	0.002961874941865589	1565.1999221064307	1797	0.00012292109469167424
0.2654755371815493	-0.3017279452120934	0.9186622632345078	2.932447343474481	0.7730698037516277	0.25040002823152246	0.07516790827459109	0.08561896299821223	0.04113076315537978	0.05784079262487789	0.6582527707915851	0.0029894383095558814	1670.412462916776	1797	0.00022944511038391644
0.40466955288641504	-0.4461268152491421	1.020108403957946	3.128110909347412	-0.0039199411544267974	0.24818376194605282	0.010147270989416873	0.010815056476204973	0.014536056163715462	0.05887148641251218	0.03756799891433247	0.00296403753366322	1588.2456782438437	1797	5.013812289204458e-06
0.3976371387136618	-0.45291842953853395	0.9931076372313085	2.944171379389446	0.004270544672205485	0.25081971296423405	0.009917235787715788	0.010897743737905105	0.014326786862592776	0.057609084214803374	0.03730289598643103	0.0029646309718118547	1659.1168585041394	1797	0.00013302271715175
0.4030499190412343	-0.4470923800702049	1.0120040499232463	3.0540647813957396	-0.0033636834152816373	0.24785324693637023	0.010107073045008592	0.010835384434344826	0.01449678428616863	0.05843998377401498	0.03748051766464553	0.0029693932263305037	1726.895280400217	1797	4.762937808391551e-05
0.8154048426303413	-0.9031235549095552	1.112900486270846	2.7114219138606632	-0.7768457749071368	0.24679151458231915	0.05914096666511289	0.0652455991066293	0.016542758600763943	0.07982265502263199	0.0552022184471846	0.002842730373905055	1706.345796984805	1797	0.01314555075208301
0.4002955272237478	-0.4531922057589541	0.9939261638248118	2.949159453057486	0.006920358553810402	0.25427094908081616	0.009991603772330803	0.010919065217555951	0.014296301439438068	0.05739939249700152	0.03741639475107583	0.0029780534410195777	1684.43962610743	1797	0.00015416862110779298
0.398526629364253	-0.4520753707602735	0.9924220152714566	2.9770500422691626	0.0027946822936910027	0.2514850775686078	0.009942036692118471	0.010884223586443163	0.014336947850600443	0.05784838172886804	0.03735555372556801	0.0029771631168914216	1525.2944093675028	1797	0.00011270428147551826
0.40177406318896325	-0.4481513927328439	1.0004818059677656	3.0075568412053095	-0.003302529858863212	0.24933662538548487	0.010076367594395301	0.01085912627961387	0.01442600620282697	0.05816330996224985	0.03745564943165664	0.0029781893125969718	1645.9262511942711	1797	1.3233610241490832e-05
0.3981828503851355	-0.4508174373435709	0.9831375636158504	2.920079532918399	-0.0008747536384891826	0.25074405862835514	0.0099677112494417	0.010892653274633249	0.014340360324915992	0.05767657772617952	0.03734301426720003	0.00299943713695366	1655.7645427928182	1797	4.425155466668279e-05
0.3987697274387391	-0.4499647503488732	0.9966700352719126	2.989442069978806	-0.0012076370768821078	0.24970896240017706	0.009985217845929798	0.010878339325347517	0.014429950973940215	0.058204705150365	0.037412171158635564	0.002969067068356133	1749.0410302945472	1797	1.0913920888395477e-05
0.24940257125894566	-0.2819248822081629	0.9492835560196632	3.116195842496384	0.951024963990761	0.2523690193441107	0.06761841350977842	0.07622139465110513	0.03814346562058709	0.059191688999130646	0.6786286877363404	0.003042749429522608	1593.5247685186284	1797	0.00033344214529828185
0.3956778035100173	-0.4492795330886692	0.9988399402610197	3.004640071142356	-0.004482229091169423	0.24621520533826946	0.009913049363291003	0.010860500641808046	0.01448211332266544	0.058470758278001904	0.03734893351779467	0.0029585973551734274	1659.1970576650506	1797	7.140393327572381e-05
0.4001775316068963	-0.44671340950924077	0.9809977741826285	2.9212342065003134	-0.009173066192700377	0.24519417117211564	0.010029771307084519	0.01081757174488676	0.01435319797349847	0.057774548564173925	0.0372384800763765	0.0029655979066467797	1642.5808398587642	1797	1.4201644524447141e-05
0.3968491381522912	-0.45162183274880946	1.0088802290482306	3.068381173457354	0.0025770417844501294	0.25137826310442496	0.009926377001562152	0.010897245650918168	0.014499226372809515	0.058662454056143704	0.03751161880626015	0.002976065154869145	1675.6204327129922	1797	5.3043054773563364e-05
0.3987022691613144	-0.4503227540441272	0.9927091445580737	2.957111220378208	-0.0008629526408292407	0.2486539263145796	0.0099655442852135	0.010865999917839042	0.014364411312687241	0.057819555419519324	0.03730990242957704	0.002964323029766759	1674.666040503555	1797	4.8909914473624065e-05
0.3992388910802043	-0.4500795311792225	0.9915711660742692	2.9673206714467195	-0.0010767226614706213	0.25184967722150914	0.010017025718013217	0.010901036915441552	0.014414157338426329	0.05810577145265435	0.03747106478420521	0.0029912390826943905	1678.429720760662	1797	1.13541273144165e-05
0.7620746233288886	-0.8549095250495611	1.1419810417633824	2.921345434743687	-0.7263830795906983	0.2522951350884033	0.05505520311426824	0.05819278908290071	0.021187360941373273	0.06388058643375176	0.05652200742371915	0.0028262287200735586	1703.6792453895703	1797	0.018594370783055373
0.39926901705007134	-0.45080171020449067	0.9948373994210242	2.970016353098811	0.0009504969645829219	0.24930675480688771	0.009967357627040374	0.010863417108887984	0.014395317314915914	0.05794753800825087	0.03731620596814025	0.0029684410546229434	1693.0465375290482	1797	4.552935470594714e-05
0.3986760145774386	-0.45081967678649987	0.9969227054014309	2.9779681047563593	0.0006671004873315799	0.2499627253591553	0.009969665052919874	0.01088270826986487	0.014395441983533682	0.05799452733835192	0.03737732532602119	0.0029748235257223143	1663.71701132399	1797	2.602411606719235e-05
0.4008639930422504	-0.44953515905334485	1.000565256137035	2.9982038772018598	-0.0004109877732857767	0.24937493050891804	0.010026629860579138	0.01085982728673956	0.014396606548370165	0.05795584414222931	0.03739312178023435	0.0029747452726400056	1619.5106218516494	1797	0.00010823978233676035
0.39787486834257085	-0.4493044483946573	0.9934308702320506	2.9659444062958147	-0.0033928525914510605	0.24720655260005553	0.009960828262842319	0.01085873991012619	0.014375717461495628	0.05779455125086684	0.03732051801580825	0.002958993812374773	1568.0074961835085	1797	2.5626177302868396e-05
0.2640297838725606	-0.2960252178601371	0.9524711098394675	3.082483612958808	0.8096693697565304	0.24803041785034108	0.06198465668706507	0.0692547905116155	0.03485183961288643	0.058199875196620336	0.5530372461338795	0.002970387154284091	1689.0021861248824	1797	0.0004479606540000227
0.39988557574513695	-0.4498717678811855	1.0275358836516992	3.1305455967512033	0.0025036621230920325	0.25247409957064576	0.010048489887416301	0.010914470321657136	0.014628494925770286	0.05914853671251348	0.037718429864141687	0.003004824323139519	1673.224432391738	1797	0.0001369432997003874
0.40063118415900306	-0.4502416585181935	1.0036126733792343	2.997725822130539	0.001389741073849703	0.2517375071220979	0.010045593630924455	0.010901951818290057	0.014440691967691018	0.058098632516300784	0.03750559331826406	0.002987036608570291	1600.615852520669	1797	2.247716840049772e-05
0.7541308596852473	-0.8379933407956961	1.1218939732066822	2.8629879420660505	-0.7190005468897545	0.24765465785179122	0.08361401878401097	0.09088244080253793	0.026879620168893798	0.07906540126457606	0.08944942105703153	0.0029260128261754054	1709.8494686977356	1797	0.01080030240164573
0.39606790515187756	-0.4479554890401074	0.9944581680787732	3.004047244993566	-0.0077158296753398765	0.24625496194068433	0.009945019547337326	0.010857752345473662	0.014489640361328073	0.05859715248703686	0.03739440661566476	0.002967885931880842	1656.4429080246164	1797	0.00014028949667271287
0.8505488404866376	-0.9554872154179274	1.1187749397867424	2.667625017879065	-0.809621613071707	0.24874629163532955	0.051008168520319815	0.057532098150215	0.01699616444411836	0.07776794037836454	0.040159064755659044	0.002804747270807677	1650.724741148887	1797	0.03247089539821261
0.4025334936111266	-0.44966139062564814	1.0009024933166366	2.995889553754844	0.0009412136603425448	0.2508352790744436	0.010068381529106715	0.010866283948641399	0.014378677208196425	0.057918921065685657	0.03742989003878373	0.002966530909694317	1567.9213017773764	1797	4.839220544622473e-07
0.40016961927195743	-0.4467749098100259	0.9988114996108166	3.0033480990115593	-0.007193028462859725	0.24492824955419737	0.010027351205298653	0.010815280632033781	0.014442680713991674	0.05823489941606112	0.0373273604136491	0.0029560548448694874	1625.4795513433214	1797	1.4779513841711429e-05
0.39872101703769836	-0.4471341049767956	0.9886004488242883	2.9520604130567545	-0.008456471593916572	0.24509765520220575	0.010001028760600383	0.010832756741691076	0.014409801754244894	0.05807403852159975	0.037290143565949486	0.002954379526228755	1692.2990173706971	1797	0.00013642486021907865
0.39485801144578264	-0.4482492024751511	0.9939328545811995	2.988186804100093	-0.007698595831473941	0.24233962164411474	0.009872704310174115	0.010814265984145041	0.014440900996243686	0.05820613365481673	0.03719547991517619	0.0029332644028086394	1572.8154830507735	1797	6.21002663739124e-05
0.3952266018776666	-0.4484847935983741	0.9822930529482906	2.9796957312378023	-0.008201598600134795	0.2484480729767745	0.00993186284168692	0.010874979680126273	0.014424873908129632	0.0583685380498752	0.03742555842321637	0.002982135929876451	1603.1926269427286	1797	2.010698996529092e-05
0.4046455733087002	-0.4477925501946641	1.021304584145291	3.102286545427688	-3.541598537089882e-05	0.24985176059825767	0.010136494503011536	0.01084290596254393	0.014517217941133706	0.05864383706098621	0.03756252996634521	0.002970830583953905	1566.8309518363806	1797	1.2499173331180482e-05
0.3997894653152532	-0.451372795308059	0.9954065502124497	2.9663795423245682	0.0023947393236023683	0.25142808227518304	0.00999325412743045	0.010892579861937842	0.014336737038392559	0.05771851247268663	0.03739267753093229	0.0029630783022407447	1621.8962621906594	1797	5.378542787842658e-05
0.6442590401622627	-0.7236864031104864	1.0890239847416976	2.902135159745883	-0.5842756461264138	0.2514550022141907	0.0956735930766901	0.10710739745332686	0.03344819261403377	0.08002491725243212	0.14201320411543894	0.0029873702852653192	1573.0803880932895	1797	0.0012905263694885888
0.3984112841578238	-0.45113457921097844	0.9750932958904261	2.902259793418279	-0.0010223655622315225	0.2511838910394316	0.00995725341017779	0.010882369991085957	0.014271179332483905	0.05745326123776814	0.03729332682975118	0.0029802747892194526	1585.5356846554364	1797	3.367910540669185e-05
0.39735114408750805	-0.4494694632742408	0.9902139644489569	2.9804747012553503	-0.0039066753423840014	0.2469927936101167	0.00993087401029568	0.01084440470777354	0.014386564888283302	0.058107431396714565	0.037291487219662495	0.002952610725686369	1570.8523753329828	1797	4.097347771873805e-05
0.25034688840994246	-0.2821514668799947	0.9485543034179249	3.076494686524536	0.9553321453310283	0.25597158874439524	0.07910422445299747	0.08918298319367665	0.04325203850207313	0.05916944660178224	0.7825379432334314	0.002919019679580971	1576.4361291504633	1797	0.0010741497857969914
0.39905988356085564	-0.44997941250379403	1.0068054783439835	3.0354251200021456	3.855821432811619e-05	0.24709899102611826	0.009954091188713567	0.010836332082233642	0.014420713459583545	0.058187211067723836	0.03732264733781286	0.0029502598781400596	1559.5623901149627	1797	2.2337535580021667e-05
0.7653260362236551	-0.8618568623517512	1.1079855485385959	2.7551420356753473	-0.740712684199543	0.24627504039900994	0.06989838051691125	0.0773989720825364	0.023636236179399153	0.07324440993053014	0.07148069626409119	0.002887774856760275	1683.2855715235394	1797	0.014000900833589076
0.7761440104063434	-0.8597300075245216	1.1368917986928713	2.8853968706657582	-0.7318019233331063	0.2534658840252724	0.050098935295779155	0.05499263691162376	0.015274999030201108	0.07665130233856704	0.05257489441596011	0.0029021640252270306	1572.0522119632076	1797	0.018636914741434023
0.4036405551334096	-0.447571874675869	0.992266307697258	2.9530489647125204	-0.0038047001494323895	0.2472351441518607	0.010095324713335211	0.010818959994985736	0.014331525894572171	0.05756193761821464	0.03729449897226654	0.0029407713477712363	1615.6502381028956	1797	8.149129274421501e-05
0.3986137357949227	-0.4498105698902481	0.9938709754809151	3.006421622099312	-0.002143620753701279	0.24960601576298733	0.009972097274971748	0.010862366485694601	0.014402666298930002	0.05825580919519559	0.0373978122279313	0.0029744084839376963	1621.6881981999472	1797	0.00016197991165082783
0.7520119092011855	-0.8296555302318912	1.1072675798838887	2.84576556178328	-0.7210045372936525	0.24508455444405938	0.06714212031368717	0.07135000891650659	0.023847924645252403	0.06738199682847326	0.0715417716794634	0.002906556346973888	1557.2846734928694	1797	0.01987078940947202
0.4038712935760228	-0.4508051828872706	0.9969086030469948	2.966263336250589	0.003744321142401289	0.25304787978596144	0.010092842691604214	0.010883448265920477	0.014326466939605225	0.05764490168345883	0.03742975673127857	0.002979284805491294	1648.3799461022659	1797	6.903004347258044e-05
0.4041408148151781	-0.44861570182028315	1.009317372132954	3.035823218258326	0.0003188080795580528	0.2501871359038953	0.01011367627132927	0.010849723211001904	0.014453153312384044	0.0582981163655631	0.03747258778164057	0.002970178167273613	1665.4451315718416	1797	4.071755738131323e-06
0.27701390341547166	-0.30355429025915026	0.9807135102560214	3.1831555805926826	0.7733953852644322	0.2574564949254815	0.05540710454852208	0.0606929246872522	0.031184153928083734	0.05860767751640993	0.4654803066341129	0.003118378220860924	1659.1175585558403	1797	0.00020355487873067841
0.3990106746569387	-0.4523610340651374	1.015084183035733	3.0661045998684937	0.006097903157195693	0.25327344560793796	0.009978655255023314	0.010917319921287978	0.01449007323642149	0.0585358705705954	0.03756190466607781	0.0029744597210533577	1658.615404426134	1797	4.319642323864385e-06
0.39398531579843765	-0.455791460243602	0.9726086136222656	2.850906125345928	0.0065433323615423054	0.25470284088952233	0.009833926250096067	0.010965849650276898	0.014237609583591207	0.0571183953230051	0.03729415470624305	0.002987340957906459	1698.0035813235622	1797	5.514444597996858e-07
0.40613846880396337	-0.44849369141740614	0.9934730029178246	2.969038139346289	-0.0004010954066260252	0.25176134091890034	0.01016066010246296	0.010848375774911292	0.014330773603182011	0.05774107302151812	0.03742370628037905	0.0029762850280065224	1631.2491757310981	1797	5.532624944768394e-05
0.4011693099697344	-0.4491883874280055	0.9924378544382717	2.9818656681243705	-0.001789560110975418	0.24890226336732724	0.010021171065950647	0.010838614923678994	0.0143173732661676	0.05768771221483452	0.037331949444390514	0.0029646540153283026	1640.0867363036286	1797	4.483234738345222e-05
0.394434456549734	-0.4512114760261046	0.9692195513378566	2.870292257136024	-0.003846011445762998	0.24886804216238945	0.009871417813744102	0.01089202323967049	0.01428877351776184	0.0574816536984388	0.03722761807361543	0.0029644603761633396	1643.508108501281	1797	5.39004689767714e-05
0.39008359613201027	-0.45174874918950986	1.0121378150553142	3.074005235856576	-0.0007545409772343899	0.24614042304424877	0.009761130646492916	0.010891476551015434	0.01458410501190237	0.0589059710363741	0.03739830772475011	0.002952694248152194	1554.7206117869157	1797	0.0001759885814051453
0.2627465296800323	-0.2973959945791777	0.9340422766992009	3.020589301576135	0.7995217322680922	0.24982939125694298	0.05427021516193244	0.06134086292407447	0.03268519115036632	0.05873814164620152	0.48539729859022873	0.0029969117005646476	1597.6452894117701	1797	0.0004321567188161288
0.4032298951485928	-0.44948000648574454	1.012195705694227	3.0241145057939893	0.0022376039915703613	0.24999494107928139	0.01008495233227529	0.010862729239686807	0.014415885733334657	0.0579273711961302	0.03745031792433495	0.0029763959009264903	1607.6078482858486	1797	0.00011536070287446065
0.39964678565608225	-0.4499884679369532	1.0131629287832689	3.049725563072495	0.001082245104994017	0.2517562664519132	0.010036896982635582	0.010911796110134481	0.014523568366552934	0.058554496484016096	0.03759758297122579	0.0030020679292282314	1633.6317118573797	1797	1.107996462585541e-05
0.39930034614760684	-0.448130671846725	1.022748023265632	3.124641492707489	-0.00227812769847762	0.24607593462284158	0.009992150070706578	0.010829273105016858	0.014554925127658701	0.05886330999297857	0.037469548105996876	0.002951089542529306	1560.4846911629313	1797	8.86911065925863e-05
0.904802418545514	-1.0134432389704613	1.1404509211922698	2.677426639075214	-0.8506930050894104	0.2511520926358298	0.046420961627916923	0.05160287521188324	0.0209387261065756	0.05985255110014324	0.03278996278506419	0.002888178680935361	1639.6352187175414	1797	0.021848574946467133
0.7026615816900552	-0.7862315258079606	1.1005904257179842	2.8605803344215444	-0.6624387156785613	0.25027149616305433	0.11518428088675318	0.12753065156961993	0.035805381224767376	0.09243071728718787	0.14240285820285883	0.0030485952183188494	1677.4419815976285	1797	0.002884001520059523
0.3987759251686949	-0.4531126099862761	0.9978932349632739	2.9956961780268836	0.005956779872114165	0.2542640329523477	0.009959057930161866	0.01091983981847346	0.014357236285160084	0.057887377386649334	0.03747027264007657	0.002990780621270086	1676.3580110183093	1797	4.101726629343475e-05
0.4007062867440799	-0.45136367268301547	1.0159729014928323	3.098949303633393	0.004891357343101096	0.2534691485336238	0.010020250134421402	0.010896310841888912	0.014527136973892943	0.058843737957111925	0.03759800821512219	0.0029979327438643525	1615.693437371282	1797	7.133796023677507e-06
0.7143506828824512	-0.7985837495617563	1.0807182600750467	2.7260608646945084	-0.6752319727045901	0.2467806764603288	0.08330374408088231	0.0930740292625232	0.022266757844631068	0.08646231451393252	0.09988102802028287	0.0030967475089890826	1566.0471178467717	1797	0.004656570237075424
0.39861467447198606	-0.45204996886118903	0.9916824951382348	2.9973943350292376	0.0025879115566418017	0.25260894582999227	0.009948877216464095	0.010887575162028621	0.014360808536901706	0.05812397920987213	0.03740982788499436	0.002967822608074312	1637.6170325217654	1797	0.00019664755109961968
0.39916587528156716	-0.4510111485221102	0.9942778145656214	2.9811550949342105	0.0010949089769663259	0.2508079981484025	0.009974794802096142	0.010879944500771078	0.014354876190963846	0.05786464670370638	0.03738374468258333	0.0029747882270005042	1667.224210907616	1797	1.9532086596628084e-05
0.4052275680785943	-0.44519774254194683	1.0072424139836393	3.05906041761142	-0.00678336706052844	0.2480896360420497	0.010179863137995567	0.010816521505615165	0.01444843166167956	0.058359225339845194	0.037524537518800694	0.0029679119988749174	1626.3432715855097	1797	3.936188739225088e-05
0.40302810526470606	-0.4526239890599562	1.0086432647815298	2.9919585028414173	0.00852238621981115	0.2549489136963493	0.010071368556979227	0.010923809847642114	0.014410696026893141	0.05795540228601222	0.037513293454461374	0.00299601272531872	1653.4165323838567	1797	5.227773326746482e-05
0.7235551353238683	-0.809833351482887	1.100900791096747	2.8211503177209143	-0.6873152877174589	0.25215214843001255	0.04520679105006454	0.04893686076378776	0.018734924182276375	0.06444616287680781	0.05078150943785359	0.0030042955516419033	1563.6170653702593	1797	0.007928767411867784
0.715076665964876	-0.8093298145058794	1.1063349224950287	2.8419591086201654	-0.6792826677732019	0.253639063778588	0.07006982095857982	0.07837567838389478	0.025012898120794075	0.07219822303091354	0.0832559997108795	0.003174752032817084	1686.8144987033197	1797	0.006339331428325374
0.8891589293964214	-1.0031710477428497	1.1405450078114585	2.7086893413230686	-0.8511962864672017	0.24627170543677845	0.0690335911577981	0.08014668285429194	0.01969526262428991	0.08487782676134553	0.05295524224858349	0.0029059060076108527	1795.5704731884548	1797	0.026525384932125803
0.40049861911319995	-0.4501733733974773	0.9958683394573216	2.9894627569791097	0.00020118629758237897	0.2499643147902763	0.010004944104404539	0.010859814265803723	0.01436007109819932	0.05790104906043647	0.03736756455634993	0.0029696231598206227	1528.9567312436416	1797	1.333609605435041e-05
0.3993910364842014	-0.45227381873902445	0.9972740212730125	2.9707620501407024	0.0045366015304260385	0.2541939760863611	0.010001093223184548	0.010931127515525715	0.01437935187940275	0.05784031872138993	0.03749965320075327	0.003005190772732826	1718.7255733520033	1797	4.402723016887811e-05
0.40269815114301427	-0.4505002359881967	1.012481002988183	3.0543411055730525	0.003964862362252181	0.2524604167536007	0.010068975512029472	0.010880862963589005	0.014433567378081128	0.0582459498648618	0.03752743031602099	0.0029869317902036564	1673.2895548239062	1797	6.058221890698805e-07
0.4025296955764721	-0.4498293358986187	0.9938138542200254	2.9660705112961834	0.0005711386953527998	0.25128757558561815	0.0100672519567178	0.010869771654301332	0.014339349371068847	0.057719830064032064	0.03740315867060745	0.0029765094151204714	1704.5194982861026	1797	3.791550388319168e-06
0.40632386801462306	-0.4481148121576917	1.0278683106740736	3.105051596970826	0.002244389351323251	0.25179024643895814	0.0101929985441694	0.0108695221002277	0.01457866061573675	0.058918035100650794	0.03764829543976202	0.0029908640042706895	1710.739229446509	1797	7.482298841554006e-05
0.2568340733182497	-0.2949428612328611	0.9369912379203487	3.0387479354211697	0.831717260468893	0.24612316686036168	0.03874940011581144	0.045132074734967324	0.02487644835223018	0.05924677312835862	0.36742844724475376	0.002935553386036832	1593.0548649227744	1797	0.004271703039026582
0.39744213928056793	-0.45359655576109825	0.9966460283868255	2.9793104500450993	0.00594573087819428	0.25363326675892045	0.009922699023364822	0.010925946313685432	0.014417857541094049	0.058221165101319486	0.03742849468874056	0.0029942186258209978	1655.956549219292	1797	0.0001386978091857094
0.6978642229751818	-0.7808028617553486	1.088672354738603	2.7897539437009535	-0.65701219551108	0.2432814467498168	0.07786166192695759	0.08606918409581195	0.027899963202748464	0.07478489538144677	0.09580378209315142	0.002916159070365978	1585.3864731300982	1797	0.0110709190576404
0.39809663571898035	-0.4492568246456403	1.0075850877677406	3.042361433679851	-0.0020440904768111562	0.2463206690794101	0.0099489853524136	0.010839607666457	0.014465815605664862	0.05838344168131013	0.037352931409352204	0.0029456909420914387	1524.7459471548796	1797	1.8423939071328785e-05
0.2687663072309311	-0.30147970191200135	0.9333624820405811	2.992843392832017	0.7586100913961727	0.24641738390696058	0.04646845316197669	0.05215126512558381	0.030312064146095316	0.06080949973670837	0.4042387327980479	0.0028390056971658315	1701.561470622695	1797	0.00032885096541385595
0.7785358219095535	-0.8826183052264719	1.0955173478607914	2.674960393050836	-0.754555729335438	0.24628283970574869	0.07501486369127623	0.08583109147928691	0.023951960059859435	0.07861053671808325	0.07426302392131041	0.002924679188938064	1605.2075321421635	1797	0.0066675645676298
0.39792562445933527	-0.45139891613512234	1.008511056728719	3.0447422061414557	0.0028638803303634537	0.25264474386742547	0.009976675879125627	0.010920320766970316	0.014499559995110418	0.05850531721283767	0.03757305792026253	0.002970477837412395	1662.718160509155	1797	0.00016673022179463756
0.7812103370687764	-0.8696381957965836	1.1157038327649025	2.789787691967524	-0.7442584920253632	0.2510285745503277	0.06796879009059545	0.07528770285185885	0.023713991702091423	0.07712911344593162	0.06873888667951113	0.0030043764978950425	1633.0724920964735	1797	0.023013097228466787
0.403692015952999	-0.44727419265588086	1.0035279341396321	2.991818736967921	-0.0034071646761903744	0.24654085163010936	0.01010042869468766	0.010817951831868665	0.014430791930044064	0.05802951942360891	0.03733217194937069	0.0029654276417588324	1540.8872926433596	1797	2.9452501869148594e-05
0.3966992041433513	-0.4492566319441672	0.990846361280598	2.9541650198633014	-0.004531981111424014	0.24657959019241513	0.009938025496555718	0.010862972202342017	0.01436236056579233	0.05771348110101226	0.03730540118290383	0.0029567124967243394	1654.3913759204818	1797	3.17578123598018e-07
0.3960598113232299	-0.44973144448968705	0.9923789646763717	2.9889844852326113	-0.0039145407993436	0.2479300453694178	0.009920741058445945	0.010871128412208452	0.01443632681280667	0.058327318303664756	0.037368629145687886	0.002966089230348696	1793.6745619599628	1797	7.826494669403269e-05
0.39789820030541473	-0.45369761527094277	0.9892870537186235	2.924649593022766	0.005778519485796163	0.25259101044569954	0.009923168774576345	0.010916846472511833	0.014294207438545039	0.05745124464717172	0.037324217142319045	0.0029694882623192806	1670.2216440987643	1797	0.0001327918585328436
0.4015097889035385	-0.44793796728205865	1.0151869857259799	3.0704865862127373	-0.0023024962566321147	0.24713521116167025	0.010049936960590386	0.010832059723323129	0.014499064729908154	0.058551804866290844	0.03743906832578407	0.0029576283979528177	1686.5620634247982	1797	7.105306443656406e-05
0.39786521774609757	-0.45160482809728025	0.9768746050018423	2.9022965702798316	-9.567223074574704e-05	0.25261058195479136	0.009961369894117052	0.010911994625070112	0.01428608657668738	0.05749906252857282	0.03736772625739827	0.002988294212683588	1655.0932276065264	1797	5.392062776050227e-05
0.40198080356719196	-0.4502244248779266	0.9982451293398987	2.9768974631045104	0.001572469357431406	0.24895334920090917	0.010022087004626567	0.010842888442830503	0.014331104183502271	0.05763877381586237	0.037299327504928176	0.002947395678713297	1788.9814730261605	1797	3.783999993095958e-05
0.9166847124807991	-1.023855992361274	1.1409481595090485	2.659174241224677	-0.8605211931893455	0.24815338581961596	0.08469068516237088	0.09555234224387761	0.02348915836063347	0.08567708567689747	0.06099427698944477	0.0028840176302373506	1679.7292523212727	1797	0.01894033758867978
0.3986519784668597	-0.4481648757313079	0.9998943485953866	3.0010128161806806	-0.0042143918981956754	0.24711025894234012	0.00999743682265508	0.010852798690520223	0.014482893093587447	0.058347459842414365	0.037402860385799465	0.0029702194981398346	1654.9694114133151	1797	6.980159287319122e-05
0.40033743528688803	-0.4516144760108677	0.9972726075664724	2.9868750216825353	0.003518507699301512	0.25047867485304465	0.009973191398229267	0.010861569264187285	0.014305921711506919	0.057599062674647726	0.03732050102434438	0.002965269647901772	1564.0082747347428	1797	5.690621484083927e-06
0.4009232779020008	-0.4530009334984229	1.0123915953289016	3.0554048275032892	0.00823464558445728	0.2556109915125195	0.01001637604277875	0.01092584754966595	0.014434213986722393	0.05834806450989521	0.03758277918629168	0.0030020404917322327	1745.001712771635	1797	0.00014238316350814677
0.3980873322912337	-0.44949368194552225	0.9912961400729254	2.9853460981780597	-0.0033640015631061695	0.24922496307053452	0.009972755661288336	0.010870627416485104	0.014392731276078775	0.0581192130542658	0.037397864170233025	0.00296215499830285	1550.501776181287	1797	0.00012965161584252007
0.8456430952100776	-0.9441120629139375	1.1505746790179383	2.8075056093724617	-0.8056117839809968	0.24795074289231592	0.051252832972656606	0.05592780331507531	0.020724557188950155	0.05987334876621497	0.040465884152716354	0.0027548107215523846	1632.4730759808122	1797	0.03703028706767454
0.4002638501000729	-0.4480713880967423	0.9903629808226461	2.956323275051657	-0.005023359578508006	0.24589871597165233	0.01000716067935757	0.010819772744036968	0.014337767463452047	0.05764512191740213	0.037247339563101604	0.0029624410894515253	1685.307568273049	1797	1.9292111068634475e-05
0.3998583598175233	-0.44945327763754084	1.000287513418521	3.0145525159620976	-0.001093934784460682	0.2514974257624132	0.010036086776433481	0.010892622629106213	0.014429263971008716	0.05816859988093271	0.03753131211594648	0.002977551830270933	1611.2714896228845	1797	0.00019954248935109158
0.39659428020148035	-0.45080028335403455	0.9814653361041286	2.9428954890145427	-0.0020879927437101355	0.2523520001581013	0.00995351081833431	0.010916235520118198	0.01437402852013711	0.05799948072271881	0.037454415115551684	0.0029869521693638877	1711.6679646486882	1797	3.068591612197357e-05
0.3958243482862052	-0.4535637373281008	0.9694608626125985	2.846132957726108	0.002347048281550556	0.2520803737347272	0.009880241478303773	0.010921192909995636	0.01421741478655947	0.05704377056549909	0.037229796906044034	0.002979001270933314	1607.5456813505496	1797	1.2470370698407888e-06
0.40078467913232835	-0.44858262304308655	0.988491561750745	2.944973997351868	-0.0039624887141097185	0.2466264724973561	0.010012562900976565	0.010825148134027868	0.014339267702399785	0.05771402879021298	0.03723784059683381	0.002966199558426832	1682.645005829123	1797	9.194956865893332e-05
0.2818023249933827	-0.31607539346608665	0.9651003579783545	3.1125307696911535	0.6579923563428176	0.24734781422089352	0.06858721457070105	0.07688000257186524	0.03723876427788629	0.05936183493486393	0.5381418919563042	0.0030769186474921377	1649.0606962753338	1797	0.0005587630514051072
0.4042508556519246	-0.4503834974330339	1.0038560978590951	3.0069754309014844	0.003696670811524265	0.2537545831052311	0.010116219217966108	0.010889354072370856	0.01438606895109215	0.05798710906376069	0.037519937832870935	0.0030000755061176426	1573.6747309640843	1797	5.350734586855699e-05
0.3984005613732397	-0.45221345189599027	0.9953906532837503	2.960817946058926	0.003447742698944426	0.25269652143274973	0.00997078682416614	0.010921920956196948	0.014401762211603022	0.0579947497017277	0.037441283845095985	0.0029764970774716786	1685.924382849084	1797	5.718478373243683e-05
0.26857794666508716	-0.3040677275418628	0.9453375624167349	3.037826116879046	0.7594461397049755	0.2509316338758659	0.055529949127371185	0.06279025151052728	0.031440046050197824	0.05900404497520458	0.4781656851839189	0.0029860265218978645	1622.1376062395452	1797	0.001288527904317711
0.40046058709268856	-0.44964189299319385	0.9881231021547698	2.9633546942990665	-0.0019054008970685518	0.2515581175763106	0.010034425604420985	0.010882235668354376	0.01440769076828924	0.05820217677490241	0.0374345048273386	0.0029868598281683027	1642.7749313390034	1797	0.0001742567145016567
0.39512684891406097	-0.45087776716605965	1.0006235720071184	3.002519803688124	-0.00048666585874922283	0.24580736744572654	0.009854486135046206	0.010847998981076416	0.014421471323116032	0.058118887382007295	0.03725262493215353	0.0029429138885105994	1672.0099752212766	1797	2.8328228073390395e-05
0.6746003793178975	-0.7563786294077384	1.0926461701770385	2.8705133126063584	-0.6259753652882277	0.24986583652189845	0.061694932970324426	0.06769451178236019	0.022203113440208814	0.06812874111499738	0.07949238700697149	0.002906117299581214	1753.9954456331438	1797	0.006297057939752136
0.40257937115888065	-0.4507991585537294	0.9857944250362254	2.900989902608273	0.002025068721743651	0.2525212045423349	0.010072109390272713	0.010894832102016411	0.014291571891912715	0.057330193599298446	0.037365571482762136	0.002982458272113213	1631.9975849115772	1797	2.4954628304417753e-06
0.39542659813958797	-0.4494559653057827	0.9771369532856612	2.8943145739971916	-0.006313629460765876	0.24668448093861006	0.009910646549289736	0.01087089301776991	0.01438322829994789	0.05788944202278948	0.03723842184389853	0.002977277708909834	1711.0959091551745	1797	4.1671784855331776e-05
0.2694345613303009	-0.3036767631889067	0.9385114599370736	2.994389559613328	0.765349096777379	0.25174380052985285	0.05531542300191707	0.06242231457143863	0.032371213485194464	0.06210430908011018	0.4766683774744756	0.0029734408628818106	1705.6733284589322	1797	0.0015196115738885306
0.39838504322150037	-0.4476581543528732	0.999207219562203	3.027226501533367	-0.006699840821001936	0.24715391995749567	0.0100007006590704	0.010851320406722416	0.014478175450006346	0.058532759146549415	0.03743615562080067	0.0029725016064706877	1632.7160228799016	1797	2.0346815704180303e-05
0.39846509685648873	-0.4501736849413326	0.9988216563892671	3.0179927003460647	-0.0010312089999425316	0.24950526975835124	0.00996513041990851	0.010866812456591171	0.014432842156767408	0.058326755457843084	0.037402865447465836	0.002970823580505266	1657.4642560771504	1797	1.5225532984923085e-05
0.4011792086163856	-0.44876073285596496	1.0204008440754453	3.1087448691739037	-1.2819099717909305e-05	0.2511291885648724	0.010072581048208936	0.010883911753979694	0.014584134105438866	0.05899527368345558	0.037644679686444874	0.0029876239149477985	1724.1487122104818	1797	5.431062700454711e-05
0.26377412652142973	-0.29536761748957313	0.9440674501658336	3.023971468338893	0.802539062336853	0.24754705009090505	0.0322637598947225	0.03516810046526424	0.021425658758101422	0.060115166126151004	0.2855984516821643	0.0029464060297608773	1633.8622539885055	1797	0.0003976106055492804
0.27572589935158986	-0.3091482024332789	0.9493389735592292	3.026506396542839	0.7206427396390978	0.25157151583206194	0.057672801570609084	0.06477380357280456	0.03251092918937963	0.05880311891252163	0.47701245878065246	0.003019898845353487	1639.2739256764432	1797	0.0007589107027277986
0.40223791466525416	-0.4492575362506642	1.0159084204531261	3.0336509444989894	0.0014320268651984702	0.24806609103403776	0.010055048343935082	0.010850041566976464	0.01445731217983791	0.058100724976816	0.03740425617549956	0.0029681178604039336	1728.4266853412144	1797	1.6847370389287972e-05
0.27901925074044887	-0.31536332258131344	0.9420634252328937	3.0182639274996537	0.6698157441085599	0.2494887288801718	0.064136911095626	0.07243616498185365	0.0357408558230985	0.0620080189211513	0.5108990367449531	0.002932310978031512	1693.0171396023852	1797	0.0014352756140045846
0.39823687636470373	-0.44915353247506623	0.9798208013560412	2.94298989814106	-0.00506470528686803	0.24842579135293286	0.009965376273631952	0.010849247446501066	0.014342421554223932	0.05789913030677664	0.037298019658468094	0.002971280378477693	1719.055606717333	1797	1.367063886568843e-05
0.6360789215490579	-0.7208028676703708	1.088889687181584	2.904296814419512	-0.5725800022178118	0.25299861348283786	0.0833669524703313	0.0942843047049431	0.02927157351263918	0.07792762785704187	0.12686409403342314	0.0029266159770038394	1660.9156437313923	1797	0.00905517472908262
0.3995815744965274	-0.451068170550824	0.9954584670537358	2.965322459721945	0.0018552999208194525	0.2492338166208029	0.009966297578456476	0.010861329245725403	0.014324397026509006	0.057545454341801	0.037295143215135544	0.002960425039379367	1667.5363014376558	1797	0.00010063807094824708
0.6867546375757974	-0.7671024708309345	1.0962394198410654	2.893134374158965	-0.6510788328269924	0.24328354034227245	0.10981350698066777	0.12191427324253845	0.03534238217941412	0.08755633303818909	0.14137615239571186	0.0029132378658359363	1547.677947709728	1797	0.0024976127360912693
0.2700692801809052	-0.30034625328820996	0.9561957208801597	3.116459934649093	0.7731932807272327	0.25168917233216664	0.04510603794890562	0.049119721697026046	0.02685247970741888	0.059612275813557256	0.3894067590768563	0.002965660226162469	1603.5519689747352	1797	0.002783941109544582
0.40264528106372754	-0.4511454655044807	1.0000034670827656	2.9815559420188773	0.004142496782895726	0.2533294746363955	0.010068605909539296	0.0108968576753129	0.014354969452037231	0.05775697020123596	0.03746742000402391	0.0029943487101398284	1661.042316861096	1797	2.2801245187033698e-07
0.3986983387649922	-0.450361684945197	1.0031328978907095	3.02320513663002	0.00023427027029568383	0.24649592163653272	0.009929719876549203	0.010825997056245876	0.014376680771211976	0.05800221493222309	0.037262456002777895	0.0029270680186986044	1748.6197224743546	1797	7.975921773367765e-05
0.39818210453289427	-0.4505581752726579	0.9910000732825709	2.9447462532823305	-0.0006282518681283344	0.250632983865822	0.00998071847443935	0.01090233318302319	0.014364900729092123	0.057744929491319125	0.03740387289636542	0.0029872391098139245	1636.6886630371923	1797	4.195346665602549e-05
0.3999316766459294	-0.45098171037772306	0.9954596369677237	2.9528244780111446	0.001881778387026806	0.25066732934918357	0.010000519254269515	0.010889176269161898	0.014323802502086485	0.057504313676563626	0.037371717375408876	0.0029776002692711357	1639.9967430090164	1797	6.211565948023638e-05
0.39972114105195483	-0.4492636370897826	1.0236655422497614	3.1027220445815376	0.0006953291228367204	0.24986029032804433	0.010031817219256762	0.010887589771616983	0.014554349478827413	0.05870403947997732	0.03760288698492822	0.0029718822207006955	1725.7751422389647	1797	0.00017115919718943526
0.7073443807616179	-0.7945894760332959	1.1220695215457692	2.9684691916643344	-0.6738822263549817	0.24990116420164313	0.0902977257898838	0.09916987203003189	0.02982983895771241	0.07717304742470871	0.10964829928504304	0.0029527319087320745	1779.834751350436	1797	0.004645797370226426
0.40057712635693365	-0.45182830262473994	1.0093806114974662	3.021593146863298	0.005568211263045046	0.25278963938205457	0.010014314887416208	0.010904623788494973	0.014385001854966484	0.05782150766459359	0.037495515449981684	0.0029935925010684283	1624.8613506892425	1797	0.00015281390195154542
0.263388702552365	-0.2951863996520668	0.9444923456661026	3.063270981382932	0.8072335467320757	0.24651140245537034	0.05962464208103045	0.06656157899611724	0.03538547811940822	0.05794236031548127	0.5335592764832574	0.0029395766189186435	1612.0742858618269	1797	0.00025149445667268383
0.4019835862555608	-0.4511898738888077	1.007221696127914	3.015523321755629	0.004714235229192304	0.251446491274148	0.010031686406277017	0.010874376350342446	0.014383342837043088	0.057890605345703	0.037422117800692024	0.0029709337735075343	1574.793595612329	1797	6.442132641768682e-05
0.7464319612413312	-0.8397742575331434	1.1025869689456798	2.762927220080145	-0.7116951195792216	0.250392018830745	0.10436740615001946	0.11680777012053783	0.031328024755202216	0.08511120176579622	0.11596544815347079	0.0028291365585639537	1603.118238033641	1797	0.0064061077381116095
0.4026351489410021	-0.45321707629058133	1.0232793026238522	3.0985634523507106	0.011198473671082447	0.2562963437566548	0.010049568842195196	0.010921507589718799	0.014468852930687644	0.05842189657837203	0.03763656310995283	0.002987904206399282	1714.1276398189132	1797	0.0001434009745327718
0.3996337262339072	-0.4490084281508948	0.9936528295869294	3.003316100806617	-0.0031755697210390827	0.25152408213215427	0.010035596990689868	0.010889964770773738	0.014406850788567854	0.058208094356267406	0.03752681270260125	0.0029916864038807495	1625.777851292386	1797	8.122931498087523e-06
0.4026474889615454	-0.4474707397263399	0.9869663785373004	2.9611277552488646	-0.005271753795250278	0.24669579991590326	0.010057966688717015	0.010802216082553657	0.014256101757811937	0.057388782126936974	0.03725565217579088	0.002943757750312205	1676.4779192201233	1797	5.549497551069056e-05
0.2656325132786121	-0.30209374148627677	0.9474167316712432	3.0430988435557342	0.8074634436548107	0.25711833763973885	0.05848081037064506	0.06634317157532522	0.033634765956181	0.060202403410315915	0.5186883430009623	0.002949182989466669	1619.185685249689	1797	0.000361258973409108
0.4029797097940054	-0.44788340301318275	1.0040511277845003	3.016190187643216	-0.0024728612556568046	0.24995920026589186	0.010113293693623775	0.010861327331505044	0.01448425244205717	0.0584163684495072	0.03749995016519366	0.002979399362299152	1592.6341382768392	1797	4.583466167672651e-06
0.3965625233909358	-0.44978523475594423	0.9905427524155325	2.9689254568604166	-0.0035725354411547017	0.2483612318007406	0.00993681501076201	0.010875689082558065	0.014403464937969877	0.058066684991582705	0.037359871510697834	0.002975754048437604	1650.3770383450524	1797	1.762471441524014e-05
0.40066441652858004	-0.44922415176068015	1.0238734587750187	3.1026431331657727	0.0012083315005395278	0.2504162645138866	0.010053603694081587	0.01088649429151501	0.014576422554206313	0.058810740636106494	0.03761222441908314	0.0029814527932720686	1627.639176871157	1797	0.00016309781489393625
0.40073679859063227	-0.4506794332567937	1.014154644101566	3.033693623984329	0.0033669010679741903	0.2505779354897965	0.010025813196744048	0.01088811583465373	0.014476851917142201	0.0583109593195225	0.037476121272915774	0.00297788886538235	1609.854717738393	1797	1.7391669211512906e-05
0.4010925740879059	-0.4501787784860208	1.0135433116550558	3.0812360530418026	0.0024061799116424274	0.25384969708064425	0.010066724515994155	0.010909794659678645	0.014519826496665039	0.0586993840217675	0.037665039442107376	0.0029903422855178216	1753.8486964992953	1797	6.636684652928921e-05
0.4010810170702167	-0.4519241499416348	1.0078038610599358	3.0188927290477676	0.005590333626426993	0.2540537562446999	0.010036879818160857	0.010918867049166595	0.014421741116365553	0.0581116148866691	0.037542868427948815	0.0029936064369272984	1594.1301963899614	1797	9.319713170802668e-05
0.3994996440029291	-0.45261842140922903	0.9610154966747825	2.8063522229495788	0.0016472231560209082	0.25236298263793255	0.009961240929379002	0.010894866846903696	0.014120774238864037	0.05659064976688493	0.03716809142078188	0.0029772246100119993	1589.808463677867	1797	1.90204717268592e-05
0.3992509547244112	-0.44968018594770476	0.9987302687224794	3.006855719108102	-0.0007140827068608081	0.2490999239980015	0.009985135454169444	0.010857785580622831	0.014429678607612009	0.0582076254669636	0.037396880153098624	0.0029729459046551913	1684.3204970327524	1797	5.1299949891340116e-05
0.40097027379271727	-0.4497817879778449	0.9998301805721824	3.005772509160693	0.00017110699370342925	0.24950080997002952	0.010017946733652302	0.010853435282478415	0.01437038664116803	0.05794404291734037	0.03738453573953488	0.0029499903110060946	1719.4577994242868	1797	1.745237703475343e-06
0.3984963585597124	-0.45153135527683225	1.0029971103552584	3.01155954703172	0.0028834055926436996	0.2523564936397316	0.00997696759237422	0.010911656277727621	0.014435662897600196	0.05819405569895882	0.03749972862859227	0.002985440472556202	1670.4570068164553	1797	3.786459406614913e-05
0.7102159229728224	-0.798359130675438	1.1067526494603837	2.86682508718905	-0.6714518019371976	0.24936168341841525	0.06131536400307938	0.06771700954294424	0.022426527427406383	0.0677592970992956	0.07579670886386124	0.0031771535218724544	1708.5176596815443	1797	0.013872279220655741
0.3970462914878324	-0.44913520805125867	0.9945991026030628	3.0018297035926724	-0.004263421175819003	0.24680499267979122	0.00993422478061517	0.01084668374927003	0.014393408997956148	0.05806641023950257	0.03733496939374899	0.00294738091522787	1646.7299508035164	1797	5.685524486801418e-05
0.40051666127804286	-0.4485620660091475	0.986594577833296	2.965517143591681	-0.0042236751792339424	0.2480197004176564	0.010014421347485725	0.010832231295437277	0.014328753917187301	0.05771814751023297	0.03731012000258832	0.002955456206317377	1657.3936686360023	1797	1.6767021768862094e-05
0.26515025150429156	-0.2968447940787046	0.9600212743619476	3.13015518386325	0.7914844060114425	0.24722018483895952	0.06284884579726024	0.07101219964074797	0.03577916383342206	0.05942563358756936	0.5599783419847408	0.002990410224618564	1683.0829192157635	1797	0.0009193842625337591
0.265633617776282	-0.29817061719193755	0.9453346639803181	3.07336764070743	0.7973065457942745	0.24888277391175845	0.0674318984048671	0.07566995358480877	0.03700980534477207	0.060566889447247536	0.5973586442823366	0.0030438377610686805	1693.4002989581625	1797	0.0003805428754490871
0.39978406321567506	-0.44931066436673556	0.9904935783198116	2.9662991988645184	-0.0027428878279370755	0.2503110484923969	0.010023777136620407	0.010878763475439503	0.01439913075423474	0.058075106591516774	0.037422015225456254	0.00298374838971377	1635.6833376638283	1797	6.441744010299676e-05
0.4003782655566438	-0.4511076376713691	0.9953439069467357	2.9670649687214343	0.0020882862404645354	0.24995883682363815	0.009987851876409258	0.01086456001017173	0.01436432666995227	0.057849545117306916	0.03731390693757395	0.0029743202396202233	1660.2438131939562	1797	0.0001304041835279091
0.40363354143735963	-0.4493264771005754	1.0100156140887517	3.039242431238635	0.001752625545084196	0.2507134375969803	0.010093933415151296	0.010857284565285874	0.014375911207266098	0.05787929424831038	0.03747560549730126	0.0029664495585743425	1637.4081750750906	1797	1.9590844311152596e-05
0.39832614479888573	-0.4519630991763045	0.981488146633103	2.9155978109468146	0.00148446407075799	0.25238249129533247	0.009958447327893742	0.010905914029874189	0.014271985287254527	0.0574035621975633	0.03735154909566952	0.002981644627691601	1563.2114474151563	1797	4.3302226035147176e-05
0.39847704858581545	-0.45014074569974644	0.9998162070635142	3.0180604702431792	-0.0006136910101138014	0.2510603961511032	0.009987688397292555	0.010892778762341203	0.014428883418984923	0.05823132070990063	0.037496145115431145	0.002974668827426105	1526.9725914275248	1797	1.6875165091399353e-05
0.396503742039869	-0.45399101838981626	0.9916314962651896	2.9726410453179297	0.005797480980594337	0.25253967031510927	0.009875755788332897	0.010904442269079722	0.014304584967112403	0.05771798916878645	0.0373383751707818	0.0029663777425051217	1655.4020466219413	1797	9.666645371608444e-05
0.3955005776436573	-0.4516288099682104	0.983614253198795	2.9235909854359803	-0.000642164148243519	0.24826288564409874	0.009873808587008249	0.010876182416423002	0.014321292066605122	0.05756999692671423	0.03723340497917086	0.0029557168043008184	1707.1148487241867	1797	4.71525188454138e-05
0.39884460510413533	-0.4497524458210365	1.0044773608171262	3.014798223286903	-0.0005999163049433869	0.2504133273888607	0.010006500194894968	0.010894476077681374	0.014478196658190685	0.0582876313343588	0.03750067127946138	0.0029956486069129856	1627.9445651686196	1797	0.0001641162808588502
0.4015756461628571	-0.4490102458930837	1.0193735799622958	3.0795183688391083	0.0008060173490056026	0.247717885754441	0.010033173483297969	0.010836628921751018	0.014506973175036887	0.05849572133431779	0.037430454467437396	0.0029646864167381074	1704.0895404240764	1797	8.645741659772625e-05
0.3989030753577316	-0.4507586950826535	1.0037735364066402	3.010933822747114	0.0013725059691229826	0.25032155330002015	0.009980996555650611	0.010886769276989719	0.014467604166320563	0.05833455745625004	0.03743793020581243	0.0029685910780901446	1666.5047996790781	1797	7.581316633704123e-06
0.39781401580581427	-0.44959072709351633	0.980718294961386	2.933807419697514	-0.00424737019589986	0.24956264911523618	0.009970967429202018	0.010876463980514568	0.014361555953809429	0.05791651553190006	0.037351458836274165	0.0029711321376467946	1570.2171451898253	1797	2.3815343907201167e-05
0.3971440986080131	-0.4500018235793685	1.0054032743077996	3.0327101339022775	-0.0010968516218244574	0.24635275287753397	0.009913662526429461	0.01084072726466515	0.014424217996085897	0.058132398695218725	0.03731342108549806	0.0029637808612633	1590.3828132129124	1797	7.783759279772992e-05
0.39532090457373625	-0.45103243390516623	0.9988815949140128	3.0326531304017785	-0.0007099864760151001	0.24953053455732918	0.00988941986731735	0.010883321428747546	0.014437321650699539	0.058373774326425654	0.03742690183911928	0.0029580072980219495	1660.4027970963482	1797	3.7048188468679975e-05
0.40028161015358177	-0.45016268154961325	1.0008213190892417	3.006616797610285	0.000546799182314738	0.2507866930510687	0.010017304084830536	0.010877974784380762	0.014431554954239742	0.05823091854980238	0.037444693364413195	0.0029742540445478107	1736.1507061805664	1797	1.5831364551496454e-05
0.39642137243176434	-0.449638597493076	0.9922413194106093	3.0008136469942714	-0.003881061601450904	0.24715503810845424	0.0099102421101807	0.010847843755216517	0.014391674615474479	0.058144740967135164	0.03731978229576153	0.0029562266433667875	1607.2094611996774	1797	1.6389994423731147e-05
0.4017626420273065	-0.4469988379483596	0.9997732210642993	3.0107810979039162	-0.005660252355439597	0.24764828694521185	0.01008102419812605	0.01083773172823725	0.014467156265087882	0.05835867272521227	0.03743245563259252	0.0029642944319260324	1751.3109449414371	1797	0.00012302702879863356
0.27007289897894365	-0.30582344399190187	0.9550858298581041	3.0784782425024146	0.7545262443875503	0.25002470975161883	0.0475079927429224	0.05382762511089437	0.02828171254141547	0.06013082996865468	0.4064425329130983	0.002909670501157476	1658.5262510533407	1797	0.0009558820366512554
0.3987813365324046	-0.4500729053114608	1.011995676531172	3.064680989724879	0.000706006706946797	0.2501459585196427	0.009989506759617267	0.010882978478423845	0.014495966556872618	0.058482018785846676	0.037518236187524805	0.0029672988503604246	1513.3549832195959	1797	8.725863104786762e-05
0.39831456003897814	-0.4516007615940344	0.995679826364575	2.9723692661359995	0.0021893253307664813	0.25061820497623116	0.00995044005753443	0.01088831522108441	0.014356678008696557	0.05777268399897229	0.037365776330110304	0.002963988538384682	1654.4876974615013	1797	1.4048564206715426e-05
0.40169384495540494	-0.4475812232039641	1.0005488097098911	3.0282167253864776	-0.004481771660697487	0.24775663693231476	0.010058560733793645	0.010828470414904548	0.014444586429129387	0.058396446848651966	0.03740892134728334	0.0029559996418283465	1666.2809608787563	1797	8.439416195389315e-05
0.25492438394969275	-0.2908984506978662	0.9516019069243414	3.0849623084713214	0.8760693571584365	0.2508714866842824	0.057981709598116056	0.0660098748278233	0.03346825951268664	0.05871615063457782	0.5507126954929964	0.0029677937714558504	1660.7106797742194	1797	0.0005789575972799084
0.2683148998578965	-0.30931694466201004	0.9351420335703131	3.008402968627116	0.743875478198409	0.2546321331247648	0.03851721065192562	0.042663302835204586	0.02390291188890605	0.05790603268989119	0.3206638899903773	0.0029847623697221532	1700.109077264723	1797	0.0005177597525241361
0.3989532707669118	-0.4494263168706948	1.0018712973889503	3.0200804189181616	-0.0017869913677791443	0.24892473776420035	0.009990717311490482	0.010866590045994726	0.01444672478959278	0.05833025968587973	0.0374283881759935	0.002973613000971701	1548.8734386019823	1797	5.2031674707394356e-06
0.39563096717975066	-0.45088880693167716	1.0042996314983947	3.052666820083796	-0.0002972261146056857	0.25130905238578444	0.009927246994364041	0.010914231460666104	0.0145012365348298	0.058673375797431565	0.037559980283812425	0.002967823352332318	1652.6979010219566	1797	5.113139288649535e-06
0.40039062418300697	-0.44706170790299304	1.0085230049502407	3.047528373631146	-0.005562568058646605	0.24459552037930704	0.01002102683000429	0.010810090228900117	0.01446542030097515	0.05837420915800908	0.03735249656994632	0.0029497614327746047	1723.376156706585	1797	7.106765407272323e-05
0.70355911203282	-0.7935563840102982	1.0860766250173488	2.7927583670092986	-0.6622509257563072	0.2536333832557509	0.07361015729175177	0.08273406146877563	0.025210511965234158	0.07108359161975421	0.09157563310763782	0.0029867707052023823	1554.4537645495284	1797	0.02390268609315732
0.3974576556046937	-0.4525509169754023	0.9873387854786093	2.9462480483048004	0.002838272146439814	0.25133702885302395	0.009915132055225732	0.010892214868630542	0.014294925901370489	0.05756553025474043	0.037316666842164836	0.002955744271792733	1578.5193241520356	1797	9.460704783412565e-06
0.27638302069771076	-0.3091874891483785	0.9622512162758636	3.1040315790399773	0.6943167778795521	0.2463109153366792	0.05695172778670547	0.06344753114815188	0.03230557957792414	0.058703184612052386	0.4657445543908551	0.0029987809021512534	1626.4639510927295	1797	0.0007927992758059499
0.3956713864036759	-0.44855425414544237	0.9745921019810433	2.9159245017547746	-0.008421504607598293	0.24540716984546873	0.009905947072491898	0.010837115652838182	0.01430261598828626	0.05759775756781268	0.03720533305294625	0.0029469596253344707	1606.4048468707513	1797	4.316133971335781e-05
0.40122353783271375	-0.44833910791798226	0.9871117735051065	2.95481918586963	-0.004323256102438432	0.24683775358157833	0.010019704356957673	0.01081560453418079	0.014339938282175268	0.05781397896059733	0.03724266139160949	0.0029465464882737877	1566.2644390649714	1797	1.3968931503524337e-05
0.39781963663350256	-0.4536992767261924	1.000372447754661	2.986949827309526	0.007142394817340099	0.25391200287972765	0.009933739476509574	0.01092905464037135	0.014399399584929057	0.0580077521723663	0.03745237131736578	0.002993883415815548	1748.4205677495402	1797	4.96249080469534e-06
0.255668492587125	-0.2864152206671993	0.9516722648286942	3.1379427045775787	0.872123752092728	0.2449898812614099	0.05745358031503294	0.06424061556329833	0.03330270625878803	0.05876178999157918	0.5449161278428729	0.0029394918422312906	1717.3465801098077	1797	0.0012703127479794956
0.3988446938017558	-0.44752701109512066	1.0046417336302822	3.0560201204207766	-0.005886845649194608	0.2450222147602723	0.009979996522011194	0.010812517567984556	0.014491025405323009	0.05862034505273394	0.03735609456890428	0.002942767821926953	1634.8256026147055	1797	1.5983661471818196e-05
0.39866792201274165	-0.450661214925366	1.014025821793464	3.06284319151374	0.0021180661455177316	0.25147910014240255	0.009996024072707483	0.010905859119288295	0.014539930396701484	0.05871190235661178	0.0375678881062839	0.0029787005068243723	1663.6182484314502	1797	3.2256116879730386e-05
0.4013436053928596	-0.4482421186383259	0.9827911282842088	2.930269827520786	-0.004681656025757858	0.2506235119233492	0.010076196041492139	0.010872618536628083	0.014368585274940756	0.057844355832497724	0.03741498678492475	0.002988089720147141	1599.1899242713112	1797	0.00011717151024643787
0.40352663144602785	-0.44803723652260474	1.0270050101657426	3.1176848355272515	0.000283769352109455	0.25032556857788807	0.010127696110051161	0.010867030503464468	0.014583400937529724	0.05896045124993566	0.03763057602497052	0.0029902377728514406	1635.8304929301712	1797	4.434395036969282e-05
0.3992742901337652	-0.4528465562951548	1.0034193408319025	2.9670064601135393	0.0064302821133046875	0.2517639816638738	0.009966424459437621	0.010909265917615577	0.014419776659656231	0.0579338325468487	0.037379504085180114	0.0029950515841240736	1745.8181677044192	1797	8.061037934160061e-07
0.3951591736294177	-0.44985642509770574	0.9881649084470648	2.9639624969383656	-0.004430341413768433	0.24752113379037954	0.009899451863592392	0.010873146961731825	0.014371112071383842	0.05788742949627152	0.037329669995805864	0.0029750082240300882	1688.6110323645376	1797	6.734945565055413e-06
0.27557516165060714	-0.3081550595109038	0.954522388582296	3.0741072772580322	0.7155352691711493	0.2503130092288136	0.05143278569760871	0.05735468635980851	0.029714358158370705	0.0585910090519038	0.4231189447932432	0.0029852532266792684	1705.0150829052836	1797	0.0010066877754965195
0.3999771511368821	-0.44881042582738406	1.0010927329705348	2.998817138210013	-0.002549611602724644	0.24933793334178997	0.010037646301463332	0.010878343112442766	0.014459673983084446	0.05827114002896441	0.03746546115464909	0.0029787681897081877	1647.145673488032	1797	2.1695886213910593e-05
0.4021738667427289	-0.4496304333166234	1.0044853724680176	3.0295526125909498	0.0009576596536066954	0.2512637310389108	0.010062299427285011	0.010867568586181672	0.014413186796412313	0.058120647189317885	0.03748270829361546	0.0029797120776306357	1758.6424261792042	1797	1.4096553614345297e-05
0.40269771597943654	-0.4483769128401276	0.9852804937419966	2.9041577424975635	-0.0034816900777589824	0.24584221615996554	0.010045781991634022	0.010809995972915981	0.014267073995026242	0.057229452595462034	0.03715041449448285	0.0029471718674198705	1673.827757386137	1797	4.521904964361243e-05
0.3993598646413088	-0.45105431539253915	0.9963777777525844	2.9657519893620696	0.0018249624898236288	0.2530897312567959	0.010019573662501285	0.010925544140747439	0.014399223596617884	0.05786702155414251	0.037509731285459064	0.0030049746531696456	1594.8678998423075	1797	0.00014122670118062655
0.4022729892845114	-0.44963974831995	0.9914385797391265	2.953670819648456	-0.0003058549536199979	0.2491570086574074	0.010040348513107918	0.010842637922159884	0.01429195227552305	0.05747723470371472	0.037294101737547554	0.0029650310671645516	1581.1384613759537	1797	3.001022455568981e-05
0.40449342266801497	-0.4501780824117371	1.0178066840484363	3.064430919095796	0.004801219841384647	0.2513253725644292	0.01009740660146835	0.010859145760393535	0.014438547532728312	0.058212515537414196	0.03748633753155336	0.002969233481634898	1597.1451120518059	1797	4.176365649733837e-05
0.4008365207821418	-0.4485071948378085	1.0003116379652106	3.0356645604715538	-0.0030373430241795794	0.24956637143087088	0.010041642455363748	0.01085253945469283	0.01443459762370951	0.05842464163747227	0.03746643656606469	0.0029608688644640222	1603.0547293715113	1797	0.0001197256845198653
0.3989463588076191	-0.44821091353135856	0.987158105636218	2.9612484486740915	-0.005869588660366331	0.2468625194885482	0.009988993082086532	0.01083649668174461	0.014370904640850137	0.05790163368256823	0.03730270701495674	0.0029657664393526115	1725.8346165891467	1797	1.703529075913658e-05
0.4021897653055829	-0.45091710998727497	0.9911369319122846	2.9126907718165875	0.0025830276606050276	0.250328907812941	0.010039139924734226	0.010872441777417453	0.014292371799988456	0.05728419311011534	0.037283740125344876	0.002970410207996665	1685.5902360542518	1797	2.1060616185857074e-05
0.3974553755688189	-0.4496056443153146	0.9899485563845316	2.9715660035049067	-0.0035402206851837615	0.24839290489674842	0.009951874119772237	0.01086600985271549	0.014409090432354011	0.05813688161093784	0.0373510312236549	0.0029680435083902557	1698.286439472497	1797	4.092396045349711e-05
0.39964513581187067	-0.4523639454602397	1.0065331545399716	3.0406915262212535	0.005431825785511299	0.2519631795797863	0.009959192768459876	0.010881184198421053	0.014408499209458376	0.05825166225976868	0.03742237640823634	0.0029726844873469533	1526.931286658616	1797	0.0001900074731889929
0.39792040082725183	-0.45292474912819136	1.0081205661380626	3.030846752484545	0.0061556778549108435	0.25396510935396616	0.00995495119788462	0.010934006622109006	0.014483504168036952	0.05838587460642108	0.037547092192159126	0.0030004863524503117	1637.9652680541235	1797	6.257744764106073e-05
0.4003561146935068	-0.44853679879073854	1.0099467561334063	3.0622209137380887	-0.001993758393876487	0.247676196104091	0.010015952124798418	0.01083796612090233	0.014484411669544643	0.05851184100408761	0.03743009976917953	0.002955405187379885	1636.0408985055997	1797	0.00011557135147608342
0.4008973039401413	-0.44913229099308005	0.9815668425713596	2.886768509069413	-0.002995317706795733	0.24555871529659376	0.009994319325585147	0.010814949391099192	0.014211232875033916	0.0568760247280652	0.03710561753533526	0.002934217576155156	1648.1578894898305	1797	0.00015591239856106856
0.7796429075850615	-0.8636839256651774	1.1160231786655594	2.808019162850828	-0.7414875001285985	0.24896711696153903	0.09113641514813767	0.10145930569602207	0.028828294144313243	0.07549871425190637	0.09329963299586955	0.0028572363864700244	1674.8134030916726	1797	0.01063806931009306
0.40154449080198884	-0.45145041721324053	1.0090883395026158	3.0175588666722044	0.005097967130454614	0.2503164421772912	0.010005621088225308	0.010862898269224637	0.014363124048863496	0.057774687318528535	0.037364805921083565	0.0029771625484013844	1612.0308188675963	1797	9.031407152840342e-07
0.2688303629001241	-0.30500225485059884	0.9548437732222556	3.070317036633549	0.7632338608819209	0.251109753879443	0.05918222747420843	0.0672081400932258	0.03260455149137201	0.05793565889685957	0.5091869378451185	0.002971638421810246	1605.718544058724	1797	0.0006098588878966359
0.6667122656634663	-0.75144491613721	1.0909082681251496	2.846169580721705	-0.6202339771504691	0.24891582528905487	0.03669918390771144	0.04154008647630986	0.017597709237519032	0.06302996780578607	0.0473902534816742	0.0029991770183450967	1643.0620468492282	1797	0.012580688914593475
0.39862956587542697	-0.4517433171090423	0.9882167902278134	2.952239736693176	0.0018943437222922936	0.2540668837507963	0.009991281085181632	0.010927740218412488	0.014355050586507817	0.0578174662197633	0.03748598820041719	0.0030050005971539928	1515.6553550550148	1797	1.987287288739212e-05
0.3955271446449484	-0.45023693224421035	1.0018552157520226	3.0194632740612355	-0.001830250619325948	0.2496534998147388	0.009928869235081083	0.010904001476556341	0.014502043751143666	0.058490744574255064	0.03749235282202052	0.0029770652567893013	1661.2266652688993	1797	0.00014709453260066725
0.4011404967316931	-0.4490462505683794	0.9962295413155439	2.9887021960608715	-0.0017376683218839378	0.2478098465693205	0.01001862409896156	0.01083162696386174	0.014364440011278718	0.05785560955093877	0.037313977328057094	0.0029406369857541493	1602.5813635259512	1797	4.146441325917562e-05
0.40112507535351344	-0.45209104060391253	0.9946417974196982	2.9799536763777357	0.004752708196815735	0.2550801742070748	0.010031551417487192	0.010916828395816085	0.014372275294225675	0.057981169980256556	0.03750319558283035	0.002989214929203312	1661.7550999675757	1797	3.7580378916144455e-06
0.4031989263274589	-0.4519925815170609	1.0049034926268618	2.998644430001775	0.007016212996306008	0.2533975616836325	0.010054535851324728	0.010887497236128934	0.014300379167993822	0.05748240914109476	0.037435886830877084	0.0029749649566067466	1676.284285017969	1797	6.255272049674207e-05
0.39867852619222793	-0.4482181122393357	0.9967023221789736	2.986227948998897	-0.005132584401870272	0.24551681909717665	0.00997854391413778	0.01083337730709622	0.014405509524465473	0.058018557571314584	0.03730052029518088	0.0029501649592951528	1605.9828379895766	1797	1.0178001245217044e-05
0.40082988157522464	-0.44807021160760324	1.003540578699703	3.026118153570882	-0.003309826897598552	0.24744869710558895	0.010034676765207922	0.010836305560752837	0.014426546816285515	0.058121553800107334	0.03739962009868952	0.00296964579526525	1615.4988117821845	1797	0.00011959521111270055
0.39780719050969165	-0.4496916328017484	1.0165374047990168	3.067834258510865	-0.0002530629005366135	0.2494440999445288	0.00998575221477582	0.010896172980800731	0.014586565161256077	0.058856431284954346	0.03755262926243013	0.0029769579165357415	1784.2960308478841	1797	7.34881719950387e-05
0.4038144055364723	-0.44918786689332696	1.0188214207496997	3.0490676478453045	0.0025280292414620238	0.2503507687562213	0.010111593010952614	0.010869488053805583	0.014476748101893588	0.058188484554297294	0.03751531978145384	0.002982590598052768	1660.9804834785973	1797	3.860470526478224e-05
0.706993469779289	-0.7989565199004997	1.0923574638607065	2.8021135561671504	-0.6694449921025771	0.2511027322420042	0.11134733718736112	0.12527995850903695	0.035606440334524696	0.08851782330540754	0.13549643915261375	0.0029605263176855925	1647.1986896393341	1797	0.0029171896119635386
0.40091315476400163	-0.4483115454083347	1.000585745549481	3.0064221545231846	-0.00311675866322591	0.2472675485378278	0.010029128640801731	0.010833237335611328	0.01440810488086601	0.05802984103076774	0.0373538885222036	0.0029633206957841354	1669.3843769693008	1797	0.00019244092726337721
0.4006231343534869	-0.4493812366816295	1.004823572804614	3.032582001002009	-0.0004420243906742867	0.24936208643746538	0.010020016068643977	0.010855269401050437	0.01441460250854666	0.05810890454914072	0.03743059885066391	0.0029818133622355578	1706.3399250657926	1797	6.111060195749724e-05
0.3998780223097761	-0.4520796670904414	1.0090983640401021	3.0497229692407264	0.005528169713989714	0.2550890675152656	0.0100170951622567	0.010930409132977681	0.01445077937909074	0.05834497621889919	0.03761898472609135	0.00298666745738106	1675.8241193401955	1797	7.718096786296712e-05
0.4014543852847605	-0.45042558573990066	0.9923377483897116	2.950152560735146	0.0010519061225017846	0.2508603171064919	0.010034638700077545	0.010873747110948429	0.014334900390348895	0.05767730390978375	0.03735884968249863	0.0029705956748270934	1674.0628662344159	1797	1.7084535775701766e-05
0.39890538558407596	-0.4488443101535271	0.984171741750732	2.9713558450253554	-0.004969395191068248	0.24820632243424784	0.00997788915172237	0.010839918646891468	0.014359268724678268	0.0580489126867429	0.037322592216867255	0.0029470620663994565	1678.8639163891212	1797	2.1760855988819616e-05
0.4015894930858195	-0.4487927645073962	1.0098322917458122	3.0376326815304475	-0.0006080103069201157	0.25062168611683155	0.010080267626848126	0.010880700671273842	0.014498843315001515	0.05843990829089183	0.0375448364592745	0.0029738952655412516	1621.6760318570587	1797	8.648456517907545e-05
0.6678836645339571	-0.7485281477923299	1.0684812234983205	2.7658533143064417	-0.6237958049248854	0.24602076017663949	0.06339636474453138	0.07163763703239706	0.025690211534206916	0.06471880082706753	0.08767515036022004	0.0029774934707264174	1494.614170364347	1797	0.0017937951303441174
0.4000948290897235	-0.44617791471927726	0.996758925724687	2.995068132897278	-0.008867941366566526	0.24237356841945445	0.010007845875144384	0.010782438385542586	0.014399039190240421	0.05799835500398613	0.03722116190901309	0.0029294926634683247	1646.1366289817888	1797	8.109631217279893e-05
0.39961673027047934	-0.4513516295979462	0.9875082690410305	2.9406255244681976	0.0015526127306137844	0.2529428540612764	0.010003348217345215	0.010907712541529583	0.01435497082536375	0.05779429079271164	0.03742234754542757	0.0029957063995332428	1600.2670217133666	1797	1.734895687185882e-05
0.3966012932137847	-0.4473646403284898	0.9782289362669171	2.9411504243396327	-0.010326405844075163	0.2441599483156994	0.009933194807560464	0.010815728173477682	0.01437277723030665	0.05804036957007223	0.0372136786446347	0.0029279010229128154	1710.2351222448178	1797	0.0001280372742640451
0.3977400124236444	-0.4497696831907325	0.9745975586352821	2.892950966775288	-0.004589167414117679	0.24633216777897274	0.009924210147542549	0.010832477736337973	0.014294821178509134	0.057565070071612275	0.037134737757366525	0.0029411625407527856	1622.956536057498	1797	0.00016626324358912838
0.40045012014327286	-0.44840559121929774	1.0181030844936887	3.0810252125619826	-0.0014562392929599525	0.249160573511983	0.010053901451499715	0.010874062317113242	0.014554290311024865	0.058734990314617805	0.037567381284767956	0.0029798462576776405	1682.8135602373445	1797	1.4444691823570537e-05
0.39937544165104016	-0.4525482843676174	0.998885450744181	2.984179334965953	0.0052528492072117065	0.2517843484120055	0.009957011505112077	0.010890587010845604	0.014362164448930917	0.05782887152611185	0.03737110500868606	0.002963468876640002	1648.5882664744872	1797	1.2450105652292365e-05
0.39973411392067665	-0.4502564973299685	0.996964837568404	2.994869490095456	0.00028049825049358856	0.2510256568297094	0.010005243036108988	0.010882117908766229	0.014391788120554782	0.05796898860341805	0.03744270776150931	0.0029701161359748803	1610.2837626818352	1797	0.00016721107754910105
0.6558624060129351	-0.7310410824459377	1.0823305805355214	2.883290950681983	-0.6005608790081114	0.24917721733575962	0.10508216100981427	0.11612402116734347	0.03785969481246985	0.07345419580546056	0.14776400046223737	0.002924052736821547	1606.9587751175845	1797	0.0023086360492266425
0.4003058686522874	-0.44803522200776086	0.9851605113386019	2.919837993552281	-0.0056619597523494165	0.24436225250244661	0.009992934545153218	0.010803834617409868	0.014322284026552487	0.057544559968750936	0.03713865888431272	0.0029481984741366427	1597.154385351163	1797	2.206319169675789e-05
0.3960538938137975	-0.4508155031466586	0.9764780535591725	2.8874140269122517	-0.0030614850275392075	0.2502273695295353	0.00993132554746571	0.010908662017861132	0.014348735090730052	0.05771360409734387	0.03732397883605435	0.0029997662468256854	1620.718224333496	1797	0.00011250367249488277
0.3950685856591151	-0.450607248267207	0.9933644636004809	2.9796144515404253	-0.0023365470292945278	0.24745299365816856	0.009883638844942462	0.010873414631823168	0.014407719418748773	0.058060670848251186	0.03731993330510415	0.00295139080844536	1621.282149241181	1797	5.529779858608505e-06
0.39960228371549933	-0.44739812108441734	1.0023328598384114	3.0087695901459264	-0.005416289276326743	0.2462898582914506	0.010025677441703837	0.010841615030029698	0.014500789701138867	0.058425697678786394	0.0374004628572502	0.0029606212288413856	1622.7578706376244	1797	2.1055833824164277e-05
0.39932849830628	-0.4530423221437973	0.9961595195502535	2.961375593174866	0.0061001462188958805	0.2529608558064377	0.009963623853816666	0.010909291827193447	0.014314849196292365	0.057527346443719415	0.03738752486964971	0.002975381505109529	1632.336896481424	1797	2.250894534589317e-05
0.3998277745363529	-0.4499311550016966	0.9938920241774193	2.989303563396134	-0.0009365210024488438	0.250044696723349	0.009999823405752893	0.010865212615840848	0.014373170071413399	0.05796908272549046	0.037392320032469624	0.00296025550000063	1605.915241131651	1797	6.439195927441155e-06
0.2566246069971224	-0.28834640113304055	0.9274715371566473	3.0172598970409426	0.8479891139081042	0.2465650410839012	0.049137476972800624	0.05500426140930017	0.03417756998191884	0.05981683812522559	0.46382551091741375	0.0029618576439398403	1619.2648779198753	1797	0.0003525775509714752
0.401057334866693	-0.4490327673832869	1.001100691270568	2.999268817216644	-0.0013697705625509249	0.24813604625783395	0.010028502555596027	0.010844882992440541	0.0143755797443121	0.05783703207976004	0.03736012095549819	0.002961311866506904	1599.5266842683986	1797	5.105048009082808e-05
0.40215554277190796	-0.44999146544452084	1.0131820241537097	3.026724289405862	0.0028374559261448787	0.25159956452952326	0.01007936365827994	0.010894826539181307	0.014428132694687653	0.05796876153822947	0.03753331075405796	0.0029952221220480163	1769.8480752060193	1797	0.0001437516744920216
0.3971993425006837	-0.4512160632441569	0.9843896747620718	2.934145647695071	-0.0004566698694171221	0.25062281156007954	0.00993920224403315	0.010895088401140837	0.014329997531221323	0.057674994494585026	0.03735120754673979	0.002959232808014373	1717.152375387922	1797	3.794415471519124e-05
0.403152928931383	-0.44668422313876455	0.9925534205987813	2.984429747020017	-0.006199984989074627	0.24753756773752303	0.010100674614364534	0.010818576440358026	0.014386568926439082	0.057974937346654376	0.0373674082532264	0.0029715308879815425	1607.5739513267226	1797	1.421384143366489e-05
0.39780330325741475	-0.4506386101560657	1.0159289913947218	3.0925511672012362	0.0017886702745777256	0.2510464380811964	0.00996892978533687	0.010898368342197104	0.014541297600801823	0.058744814467144704	0.0375807140256982	0.002982279287798831	1646.739003410854	1797	0.00018944792786182788
0.9005436767159058	-1.0056302519999876	1.1417830942153593	2.7239439849618368	-0.8568473018320608	0.24562129000217253	0.07094436048906913	0.08011710068200152	0.020832124330473607	0.08191591979718486	0.05249226378227519	0.003113139783066372	1560.5316337098725	1797	0.02711430404024401
0.3997112377686706	-0.4525469855695391	1.0073056454986133	3.0271826117698075	0.006264402353164096	0.2555979651813192	0.010013122211825638	0.010941727564846843	0.014460815927361904	0.058322448650295323	0.037605167638046215	0.003006146105376725	1664.9247329456002	1797	1.6988687400813805e-05
0.3977218065674077	-0.4514709391607461	1.0152277045367029	3.0913802253046194	0.0034010114268002946	0.25054488503625455	0.009935524577243037	0.010883491312728588	0.014464909108964735	0.05845931977217788	0.03750032086403671	0.002963353916237857	1661.245631573399	1797	3.712407849671327e-05
0.3951035017957534	-0.45256002966946013	1.002653550312296	3.0195832257434043	0.003085964592152623	0.2516831108465284	0.009888426347740195	0.01092284497126414	0.014490292102196493	0.05848237928480945	0.03747992877959131	0.002969132786177695	1720.0524387794972	1797	5.18826783576704e-05
0.7286179560470841	-0.8216697058293859	1.1113399921449478	2.829359240845743	-0.6963352419469195	0.2498960131660483	0.07390780530061601	0.08647121849766987	0.024976059898358088	0.07860698236418072	0.08578480815311927	0.003038140349414964	1682.526824251409	1797	0.0073765500414907535
0.39673150931905105	-0.4494764812433911	1.008911548841318	3.0516768648242736	-0.002176455472675117	0.24982297695715586	0.00997130338458769	0.010902884337713067	0.014528692536221693	0.058624210879546515	0.037562171730993306	0.0029870998702261516	1701.0564428205673	1797	7.326183695772627e-05
0.3998931334749467	-0.4514549926841403	1.0048524435547321	3.0143884048198943	0.003826112154157822	0.25363397373142227	0.010020006781274371	0.010920728769809046	0.014432523952266928	0.058150300801919325	0.03755286520968592	0.0029874957586194964	1674.0501479900754	1797	0.00012497197146219306
0.40649423893538306	-0.4481958931186514	1.0131318902040463	3.025044996834782	0.0012326276988529525	0.24901737384260803	0.010155287575573687	0.010828454090072041	0.01441677732165095	0.05802246852207378	0.03740717330526527	0.002967138190704401	1681.86519295669	1797	6.725662884619969e-05
0.27674825367934236	-0.31393108526825875	0.9500651769208766	3.0167646361504836	0.697810919271309	0.2504155670150055	0.05316040802572491	0.0602364815191455	0.0303150731394794	0.05760164166422904	0.43178632925969057	0.0029812229081618495	1740.7255972137539	1797	0.001559757360984282
0.40383763204944045	-0.45233890397641435	1.0342539964322288	3.1393872456422116	0.010894965338277548	0.25493196629706655	0.010078702258375264	0.010904323805868216	0.014531097050102651	0.05871298248700381	0.037655316089021666	0.002980824026158816	1705.008634587088	1797	6.9190444144666174e-06
0.39944475357062104	-0.4504528176700444	0.982238855128063	2.896499287920819	-0.0010359785637060535	0.25035552871071204	0.010000971606214572	0.01088928885855426	0.014300912130332534	0.057425668712325795	0.037314796416973744	0.0029811327816703787	1553.7923676862517	1797	1.0508049783699342e-06
0.2644419313407581	-0.30127624929212676	0.9456997598193868	3.0426743398319545	0.7967206602297915	0.2508972796460444	0.0397324479585271	0.04521248877704191	0.02200008647714875	0.05869757351417985	0.35163094325679145	0.002784082908089923	1690.7505511691325	1797	0.000612441400640251
0.4029912429340249	-0.44816650724141854	1.0017359121738063	3.0278691886514073	-0.002286282752219014	0.25068517005209223	0.010104037821662679	0.010857695494050731	0.014438340217776765	0.05833914942284185	0.037506119313327965	0.0029884496853571875	1764.3339870298582	1797	9.996873488489982e-05
0.39901550116883827	-0.44973762547918295	0.9997913986604395	2.9816026918095284	-0.0009609787263387369	0.24718133350910176	0.009972227033013306	0.010851451487474737	0.014383691867167299	0.057790723708341665	0.03730873448854976	0.002950059367849476	1546.265239727033	1797	0.00016465098473762767
0.6881785987329303	-0.7741881133950843	1.0941765995358907	2.8456259245790068	-0.6529644002295583	0.2454419798937423	0.10103002409589434	0.11411067046063143	0.033357671949390655	0.08321131664208191	0.1302445754396753	0.0026627631023411944	1726.8065260621688	1797	0.007368959555116222
0.4012101098301711	-0.45034217683074873	1.0099825337923636	3.0603383058905917	0.0024592629711859193	0.25279759034047955	0.010050054774657839	0.010893247930351343	0.014442836872099577	0.05834196643845238	0.03757513524789559	0.002979853981829202	1669.941932477273	1797	1.7069373962080678e-05
0.6420883612929481	-0.7339215699658409	1.0803980199744876	2.8714694437269435	-0.5981090827923456	0.24922013252571962	0.10467166931878275	0.119133242271248	0.0366000696204286	0.07449158427691438	0.15749375041775537	0.0030560637808667353	1650.1302315626108	1797	0.0035667085751873596
0.4005473160304629	-0.44871289357624594	0.9862278997116685	2.9911301378936357	-0.004034579325434073	0.24895208040472994	0.01001012882732217	0.010829519257890325	0.014328972849424526	0.05790978328718421	0.03734398779572286	0.002972295270442839	1606.089620476263	1797	2.063483252105063e-07
0.403950892912433	-0.45214584210876957	1.0045113685464773	3.0092303714575928	0.007422320094572831	0.2571162652592313	0.01010829695291538	0.010929374074439106	0.014397395512667438	0.058107236279999336	0.03760253895039897	0.003004126467232607	1689.253863245496	1797	0.00013522636332240925
0.7939162739587252	-0.8952472026891689	1.1159296729675945	2.7569638570310584	-0.7661982313253036	0.24555861754351488	0.04868496637227712	0.05511509125371105	0.01944521580270119	0.07508007971069076	0.04569849950218529	0.0029831184818196344	1660.7435243157247	1797	0.028138023284574393
0.4042386329387683	-0.45259435425724026	1.0290821474330978	3.120298499786295	0.011249186915976312	0.25930255542648983	0.010135847466056664	0.0109608743089228	0.014533406374860608	0.058702865162278114	0.03783100922706371	0.0030176435657856245	1648.5144186185903	1797	6.146858438293674e-05
0.40074812499420387	-0.4507728728101145	1.005349356197207	3.025610605570072	0.0025405722493673866	0.2530201713447283	0.010040857291891886	0.010905400238060532	0.014463817458806571	0.058404080740003694	0.03754634720752521	0.0029889111220565132	1652.3333059460856	1797	9.455039538135006e-05
0.9305342380199715	-1.0443593508110964	1.1519216271277948	2.6974592062144356	-0.8716157756188597	0.2506509488109804	0.06959894173803195	0.07769003099380796	0.021284953662709945	0.07590409633978701	0.048160489514075755	0.0028771990871361507	1635.809142882471	1797	0.057350779256449366
0.40216144132262144	-0.4511425619634262	1.0308311137421104	3.1098947629245086	0.007077019843925827	0.25508606825972097	0.010098448130479167	0.010940812941381994	0.014562598114144041	0.05868564650103368	0.03775394242804054	0.0030056704642014904	1674.9948468073035	1797	0.00011739833500510326
0.3997484452656123	-0.4496283635296835	1.0076888735955696	3.048774980996317	-0.00020956340205690533	0.2501511687464728	0.01001259280012919	0.010872995287439432	0.014464479262084187	0.05839794542819414	0.03749362691347462	0.002978339840566094	1659.9438968881636	1797	1.3190343070185097e-05
0.4006299581415711	-0.45063400216752975	0.960949632893118	2.830798097984922	-0.0023611931570395937	0.2508370965633581	0.010000298380535524	0.010862524457203373	0.014161435113044425	0.05692550256394522	0.0371752939254189	0.002966758365922876	1660.592973771404	1797	0.0001556066909350983
0.39672097918045657	-0.4483985841334152	1.0081062636571247	3.08462908934444	-0.004909708252746553	0.2462086704968259	0.009935924275306852	0.010838770587654761	0.014511421893151086	0.058776699827747574	0.037432066536877376	0.0029667694785658724	1554.5196995063864	1797	4.542974936738706e-06
0.4025118942274002	-0.45027293298211074	0.9985898848749746	2.965165009429851	0.0022113875500467833	0.24912774339012875	0.010035541303205692	0.0108456593091539	0.0143263030962936	0.05750410188310286	0.03729221557799806	0.002958136883436779	1554.202337692795	1797	0.00010285035864682611
0.3971040290714829	-0.45462401614434944	0.9901391955402171	2.958840367967137	0.0074846099844570095	0.254594206205298	0.009897722525485647	0.010927297296537094	0.014340335804818695	0.05783494541186468	0.03738664152686798	0.0029823946111721135	1574.5082585469738	1797	2.5432150949151673e-05
0.3966654964405739	-0.4469701235341199	0.9904702031028443	2.9648897657160727	-0.009540524950443606	0.24270750152626377	0.009940503460970576	0.010814149048185364	0.014388309101180415	0.05783852326691096	0.03722908371101529	0.002938927763989677	1691.9878208730468	1797	0.00014053307862825712
0.4022234452613349	-0.44977438867573616	1.0097590234714888	3.0717720858048025	0.001641640748826353	0.25047924566106883	0.010042123549945804	0.010846553806515814	0.01444046748073968	0.05842878809146056	0.037464213915136206	0.002957726730452616	1591.7489785791602	1797	1.7590094008168867e-05
0.7165069754449902	-0.8132917471231186	1.0899118677937805	2.7710717598111647	-0.6922508518080959	0.24505072274658313	0.06797795939096814	0.0770692502588094	0.02383429790829162	0.07308509237532149	0.07898183607587787	0.0026895982829457234	1774.0038820331324	1797	0.03436577163608117
0.3997085332853746	-0.44966368021093656	0.9910577679692543	2.97140485982262	-0.0017342405353389621	0.2518278466619179	0.010031718112149077	0.010896600857117468	0.014397062086023565	0.058018351950116544	0.0374837531573934	0.002991335246652821	1564.4828836890135	1797	4.733458219355312e-05
0.2717101313093786	-0.3066687836666278	0.9340971078971786	3.003342980135696	0.700830909050191	0.24297926289255184	0.09874128381750598	0.11208755849162803	0.05130115474866201	0.060933843673459935	0.8179061847308061	0.0029759705253896897	1572.4037301100093	1797	0.0005819190350646935
0.3997163290345512	-0.4503762358318547	1.000245230470545	3.012699903450382	0.0007013539600234862	0.25048388037261554	0.009994054998486693	0.010872433485897958	0.014412601849192175	0.05816454574918005	0.03742421226770295	0.002973887067178443	1600.4016520466967	1797	1.5996438500968308e-05
0.39847325543949624	-0.45032475510651154	0.9907989266755354	2.959820280866061	-0.0013105891283123644	0.25041569114070295	0.00998217268611971	0.01088923347501071	0.014385805290702667	0.05798803798908534	0.0373956337010678	0.0029975831830038684	1670.7352976490251	1797	0.0001794607346772564
0.4017590735475078	-0.4488365933042198	0.9957751565113819	2.98525627978803	-0.00207415488694826	0.24855621975518152	0.010041476936336337	0.010837911805151272	0.01436042434759897	0.05790853071261029	0.03733953412991067	0.0029680291553583317	1673.7259152151896	1797	6.691696734744263e-05
0.744479763309352	-0.8365193834733639	1.0946125582022779	2.7239884447511757	-0.7110966552970056	0.2486714201845662	0.08924280990948465	0.09748564414767581	0.02825405575645631	0.07586657400187868	0.09697118931885583	0.0028805591423783352	1638.1269486341598	1797	0.005757809531763728
0.668679982169397	-0.7515925566109208	1.0973681914094262	2.8896488751161433	-0.6171973315291053	0.24951307992751637	0.08181321610017303	0.0915355253810756	0.028967250873892837	0.07638903923796482	0.1129100785045435	0.0030102170566749186	1641.6151625669427	1797	0.013159958005930512
0.4029352585669456	-0.4471210127664724	1.0004007084334572	3.011648136113351	-0.004661271247979374	0.2455838029027082	0.010066076491121102	0.010794643676381426	0.014397733756787478	0.058074589212153326	0.03729467291710785	0.0029434519856029106	1688.1700872965603	1797	0.00017755124366342792
0.683530753305798	-0.7713715499709817	1.0979089801092414	2.8703167067961637	-0.6372929546330411	0.25109283325864784	0.06585902662857575	0.07341958102741837	0.023821771522784047	0.06939633139414075	0.08451115405517384	0.002911205335552049	1626.97412724271	1797	0.04854743065381782
0.40129362818577946	-0.44698013960187616	1.0177581924361438	3.1125172099579457	-0.0043851177079184955	0.24605902798373877	0.010048072654810733	0.010813706093980918	0.014543337655243183	0.05891093589422271	0.037468173931073	0.0029514298927837946	1646.2409256619906	1797	3.63582644989383e-05
0.4024550483365539	-0.45122807982682556	1.0048866741784064	3.014615951230486	0.004860508791327783	0.2525600416126279	0.010047401974144153	0.010880263617511134	0.014368909180307178	0.0578548093660589	0.03745437903955081	0.002978470303726178	1610.1094856468105	1797	0.00011416339446140635
0.4003794821474408	-0.4491152532944249	0.986525351870786	2.9346911367273685	-0.0031069113635144243	0.2498972299942873	0.010038458638239054	0.010874603391989514	0.014374909483709578	0.05785299525322811	0.03737668941423172	0.002985729972433441	1685.2998405789208	1797	1.1529594282703991e-05
0.40238611425260584	-0.44822739117525057	1.0042141554725268	3.0304465372650826	-0.00211123048370673	0.24637060860593238	0.010035823359926447	0.010802080746629708	0.014414799698420702	0.05818485406599094	0.03730116295841371	0.002941368355642688	1606.9118835388635	1797	4.5166901036121156e-05
0.27781375590813917	-0.3090658569366202	0.9507862517173458	3.0525822629394352	0.699031489519412	0.25075530172469546	0.047842569028898024	0.05198810992166599	0.03534015792956549	0.06367563780732126	0.37983717381554205	0.003035133736459882	1641.9380320661037	1797	0.0014220384467523205
0.39667344391884235	-0.4500161503295815	1.002306340595452	3.0230987630778987	-0.001900504327834246	0.24704904169000969	0.009915865113332928	0.010855226621639852	0.014462956356812731	0.05842486979902341	0.03734602023903396	0.0029567181352688054	1698.7595174567482	1797	6.423429879400364e-05
0.2773367157066681	-0.3106010701402506	0.9502130899539353	2.992688110376845	0.7237676735082235	0.2539071794524683	0.07217873285780907	0.08068446206221284	0.03869761951128824	0.057394869640668915	0.5892879791057672	0.003066773112939472	1734.5657489838663	1797	0.0003254730755736914
0.4007207247637134	-0.4486763673280168	0.986177759025035	2.9225841343839027	-0.0037668440920833367	0.2498206095150267	0.010059569335941805	0.010879355949011765	0.014367314144231069	0.05771156785783477	0.03739016881567309	0.0029859481900509494	1653.0325884821264	1797	2.3087916435576437e-05
0.39875413480315697	-0.44996593430441434	0.9900845119411966	2.961039163764573	-0.0018122898147378845	0.24802352694577703	0.00995929695263194	0.010850788990445902	0.014362955847396282	0.05788335988808887	0.03728507956153776	0.0029538045812263773	1684.158806975309	1797	1.1098175163463735e-05
0.40076310224273565	-0.4479633528348687	0.990317767603947	2.9630611060484604	-0.005024576461141821	0.24766800372798922	0.010039215810901387	0.010841253167774957	0.014371222735352556	0.05785897564382692	0.037340984301142806	0.0029769346471132854	1596.3156045365445	1797	6.877828134714882e-06
0.7077558703390217	-0.7894740771828116	1.1047772237610447	2.8754127017124813	-0.6634917472484393	0.25200233328447014	0.11500563388920401	0.12729238659371242	0.03682526083219709	0.0897659662495721	0.14109439650167077	0.003081559134118696	1591.777673831124	1797	0.002896489225353442
0.3991497721766158	-0.45118986642812003	1.0176332384112974	3.0953968239101086	0.003949015528679308	0.25309980710234076	0.01000166460534643	0.010912947705243783	0.014556471145814827	0.058867360382702134	0.03763134258478729	0.002984619674404495	1628.2268474907191	1797	0.000101804118425201
0.39780870882409813	-0.4512974316782245	0.9889456629216985	2.9427902687750054	0.0004410295407374354	0.24904026773087595	0.009929539679250192	0.010870899774337982	0.014354874308125959	0.05778629580229554	0.037272520910722945	0.0029544732506658657	1635.2964343718772	1797	2.8152917553812268e-05
0.40025751483143424	-0.44827214723409814	1.0157570840856205	3.070153062447873	-0.002030202615010026	0.24656843656927668	0.010016934662427972	0.010836251419315256	0.014513488051885425	0.05853112657665875	0.037426849967927	0.0029548082903018903	1701.541882970738	1797	5.005710180562347e-05
0.4020160759060432	-0.45176126949423717	1.0010297602204346	2.9896052357258776	0.005251842870369914	0.25427457730701936	0.010051675862963348	0.010907308483282757	0.014375800940839652	0.05793275592935068	0.03748956388045634	0.0029914068510819756	1646.402410953571	1797	1.7446380459345582e-06
0.26512021185721524	-0.296088508682951	0.9589617027981475	3.1307001629852773	0.8064658375381295	0.24910654130508186	0.07760992979770935	0.08597217198011642	0.04187617976810845	0.05954412360323522	0.6828328924156856	0.003003323836148455	1690.9140784741517	1797	0.0010460337398053605
0.39783777914242596	-0.45019255781302003	0.9976771260910644	3.0061851457043995	-0.0015273775159964117	0.2491735687617018	0.009955610071215417	0.010873188315236908	0.014416765312523908	0.05820183433325015	0.037395257857250015	0.0029728978997380726	1681.6075522284245	1797	2.1910817840620227e-05
0.39965141225776946	-0.44941192653975914	0.9942123669083449	3.005661110050183	-0.002370651718722508	0.2501211034548829	0.010007748061822187	0.010864951114722006	0.014397281571230576	0.05820231138879029	0.03743113875923943	0.002972205410724835	1607.687103123798	1797	0.00018027835892468633
0.7954048316542697	-0.881689499832457	1.1335288773479972	2.8277672097716438	-0.7515910647918427	0.24994087645932628	0.04303089506274848	0.04807936665613213	0.0155025793593169	0.07545056696585913	0.04134596057946271	0.0029159612740018944	1625.8330187524593	1797	0.018874329986772815
0.39688749816123603	-0.449044341242369	0.9832775277340606	2.9295009107441126	-0.0056392464192607464	0.24975031423705826	0.009983413500796103	0.010903335925182615	0.014419900037466071	0.05806107812953944	0.03743115002364778	0.0029922678446906888	1684.0461311186477	1797	1.3044291985749516e-06
0.4006661977525245	-0.4499580317486432	0.9984690689897127	3.0058492396635454	0.00013298486255566074	0.2505437942289856	0.010020262197319036	0.010866393400367859	0.014413148274185404	0.05816770401203584	0.03742362913840813	0.0029735065795357353	1646.3163498034983	1797	0.00011121343701951909
0.3971790207845792	-0.4506416070359895	0.9920074391567602	2.9760299308618148	-0.0009564834583560306	0.24830446990162966	0.009918887696819964	0.010861242644948397	0.014364361428185436	0.05784288178244436	0.03730599825621253	0.002957673374218052	1739.0232896923694	1797	8.639393383593619e-05
0.7320307086306217	-0.8096074634015418	1.114122349913109	2.872295856600478	-0.6899269777724671	0.24935776408923943	0.05803490368228195	0.06154505142600426	0.02217317562486543	0.06439361299782202	0.06585184046601299	0.0028906873468542275	1685.950037679257	1797	0.004387665175232614
0.2697246646191436	-0.3038097673749014	0.9489819273608875	3.0619872311163707	0.766843587387109	0.25334974314153874	0.055334263574934275	0.06250489834164057	0.03170693725137116	0.059147138931776345	0.4770195647498353	0.0030613309028266265	1593.3619164069148	1797	0.0007531372605978008
0.39900229643690105	-0.4543864417183165	0.9924264374543456	2.9048965006498793	0.008463476772066285	0.25384679870918175	0.009954454792925789	0.010938970557326903	0.014299272500492307	0.05732171610526279	0.03734693273440627	0.0029977057236090995	1697.0446706339417	1797	3.552851058789946e-05
0.3989131326756843	-0.4501246144373859	0.99889378642348	2.977411782298076	-0.0004616039878205639	0.25051884762141596	0.010005711834795865	0.010900435246821535	0.014458718945270312	0.05822378857687748	0.03745574268253934	0.002987858543226543	1682.4272192356113	1797	4.134971143826444e-06
0.4029483052040799	-0.4493061797373855	1.0149861797441369	3.0476489969482756	0.001921939912836685	0.2501548924111526	0.010082738646948483	0.010863698612063932	0.014475390601211318	0.05826798522966819	0.03748850983611896	0.0029866946267465707	1630.9199527111655	1797	0.00012278190394364992
0.39869305272379	-0.4497064141029654	1.001182786588736	3.007544463801439	-0.0016155686666859412	0.2488417954651055	0.009984409166264507	0.010871527940317836	0.014440236367246041	0.05822853765538451	0.03741037299767482	0.0029659654120643376	1755.4798637347235	1797	1.2436106494626064e-05
0.40030546899761926	-0.4489294761592826	1.005426708275388	3.031870669665545	-0.0015795451006462068	0.24880171550163027	0.010024468069831427	0.010858688521275937	0.01445289144100455	0.058285371132099556	0.03744688054860206	0.0029630296758246253	1572.7108890574186	1797	4.7325826666529885e-05
0.39633707746043517	-0.44642138930629544	1.0103256221642838	3.0936015191609965	-0.009197252572831877	0.24500834868983803	0.009971189968017578	0.010843006213076394	0.014596858086895703	0.05909904846363298	0.037512167171426074	0.002974995466250261	1717.0285516802728	1797	3.338037123912592e-05
0.7606714016040385	-0.8584445570115969	1.1066749953125965	2.770939422422681	-0.7298736480461993	0.25066112940205537	0.12275502991456301	0.1385117451791006	0.03759517497577629	0.08481216251796553	0.13129292011858032	0.0031453973829714444	1556.7719297707813	1797	0.034383476815244264
0.40033075573117943	-0.4499092805162096	0.9906246622247697	2.942901184113705	-0.0009279602827149387	0.24951874447306738	0.01001486087027561	0.010870229256795426	0.014364471098945425	0.05775585069186868	0.037338503736541025	0.002978134823861021	1596.0311044479774	1797	5.898211986046043e-06
0.40348199500254717	-0.44767644569193343	0.9927965719073617	2.994630329864763	-0.003943096955302189	0.2500009754066999	0.010108614718505824	0.010840296580514726	0.014377935412521848	0.05806222406331828	0.0374342467062818	0.0029811231805845547	1639.6315319778116	1797	4.969424814089343e-05
0.39861340974473475	-0.45236492664453526	1.011425034857816	3.0455995691113595	0.005683860386333618	0.25357211129651075	0.009977245550844999	0.010925708547023323	0.014466448380399339	0.058308962741222034	0.03756242743287483	0.002994297109034816	1662.60610254544	1797	9.738700314266941e-05
0.39956145516904557	-0.4486354492598457	1.000995341272255	3.0143865110348043	-0.003664928454500602	0.24809031329297604	0.01001499835814716	0.010858037829158363	0.014463902787301721	0.058390583031227065	0.03741648365796254	0.0029559269156877654	1722.2777366004516	1797	2.9923151100933057e-05
0.7540158058505172	-0.850908381092942	1.113822875559192	2.810323410849183	-0.7236202432320362	0.25028528213770335	0.08311797253225192	0.09348541413752971	0.026335070505659888	0.07788450584497787	0.09000460265688578	0.0029935052411290074	1629.625905904834	1797	0.007989759466926125
0.27774497845990265	-0.3090663398496721	0.9770383333162126	3.1903424013424058	0.7057920652649898	0.24923702415864843	0.03940263707637738	0.04316333117851944	0.02405190014319143	0.05899200008619097	0.31962645296245484	0.003079368027727232	1676.482425795116	1797	0.001569148727914931
0.2582197382023065	-0.2906784983655189	0.9453612143431449	3.0677186922782065	0.8425887036649718	0.24399963154313778	0.061823040534072886	0.06945633329327167	0.03595663073418305	0.06224590058162633	0.571192280881884	0.002940025279259976	1645.7955213406933	1797	0.000402021898403664
0.27260621746386154	-0.30494129882865445	0.9690085983889493	3.1030755050109153	0.7537343098949987	0.2524230912004393	0.07093086691580983	0.07927876668133826	0.03871439703505031	0.058620963159467285	0.6012236781125573	0.0030285953789042615	1693.1415343451085	1797	0.0002728245662232479
0.3980453911992422	-0.45052500246362415	1.0010936961907542	2.990974123145838	0.00013949970136115146	0.2516205744550017	0.009996137737882991	0.01092185028930815	0.014490156067755161	0.05837059686432547	0.037524286903372076	0.0029926899246726646	1740.251729123736	1797	9.976580958708904e-05
0.40525755249234047	-0.4482471538820469	1.0204149856663134	3.09376291845951	0.0013617317449624389	0.2503772544353097	0.01013856127105889	0.0108411598001154	0.014541064772076614	0.05877676379929932	0.03753960182480467	0.0029815427893979157	1747.5087628747299	1797	6.79528881815857e-05
0.39688490130321147	-0.45156426332652744	0.9820724799954419	2.9228059274643834	-0.0003826169713164751	0.25116066713358354	0.009933384348382063	0.01090357527217742	0.014380056492364793	0.05797162122461942	0.03734855169103202	0.0029770617855625265	1643.9152187731834	1797	0.0001695637978800165
0.4016646137193568	-0.44843237267785746	1.0053970415484874	3.0609108771070614	-0.002171022093923675	0.2503822019769077	0.010065653656996569	0.010856702086915786	0.014470793467466842	0.05860796665619663	0.03752463432730384	0.0029698454740859762	1654.428172484019	1797	0.00012447598044739656
0.3978105658145178	-0.45207693960513046	0.9904539007561206	2.9578425143223477	0.0023013508331279583	0.25184374465573534	0.009941470784195622	0.01090206407590925	0.014371665135550294	0.0579112843823789	0.03737948668722934	0.002981146573663263	1667.0207933963388	1797	9.282091554681276e-06
0.3995257307493265	-0.4507854729955621	1.010605598577569	3.051236774607991	0.002385481839265713	0.2526781051445934	0.010016529101304555	0.010911553524985776	0.01450642957455667	0.05859815613762572	0.03757959262027924	0.003016895313918633	1734.7441723576321	1797	4.165085409005887e-05
0.754153515090313	-0.8472193695378778	1.1315094975181192	2.9058585283604863	-0.7275575624049001	0.24672478922817206	0.07047189394874365	0.08092857552516994	0.023646585208841404	0.07808241280476698	0.07653870858211567	0.0029257456650657668	1587.2030484250877	1797	0.0030744460332338035
0.3994520587459869	-0.45355675204297397	0.9969319871330373	2.981910486123082	0.007307195094785543	0.2568869450896462	0.00999775205036917	0.010954398621415146	0.014394390378408109	0.05804827991104481	0.03756468208351453	0.002994268215150685	1669.4554559002404	1797	7.168025690402416e-07
0.3981222213797416	-0.4510552308288142	1.0128947699459636	3.0546499165391063	0.0025510120173514424	0.2510871703403046	0.009971919182253666	0.01090305066224585	0.014508537012366707	0.05853317863806221	0.03752763509277388	0.0029824821993451865	1749.490615847485	1797	2.260711778075943e-05
0.396910050751984	-0.4506612896448342	0.9863016778251206	2.910062162942016	-0.0017065971341697606	0.2489610659164801	0.009944063204592526	0.010896099200382552	0.01434589259466815	0.05756686182777018	0.0373117866330966	0.002979786662084068	1616.0367255025826	1797	3.5672593257784655e-06
0.3974357532860008	-0.4509491058011636	1.0051526583563706	3.0153944188547257	0.001109892834332311	0.25012641326498714	0.009952074991068767	0.01089824211775858	0.014462832579910228	0.05829084365727841	0.037454512298587254	0.0029775438988630188	1652.0917571346813	1797	1.7630527126210002e-06
0.39593435060719423	-0.44978455551479424	0.9770130624697504	2.9100915438041834	-0.0052991985337022506	0.24624855831695636	0.009894979935993182	0.010845991779671962	0.014330248527687722	0.05768922908099588	0.03718418008103577	0.002944768647005025	1640.2759592350758	1797	9.385981525043426e-06
0.3985763974694807	-0.4478635149015479	0.9974128354271398	2.986597992241314	-0.006002504094428191	0.24567731283459315	0.009991123582918798	0.010840931907067888	0.01444208386166077	0.058197655112169955	0.037332551171486296	0.0029537809322831947	1544.3720058218767	1797	0.00011322374129385532
0.40202315518060866	-0.4491820073335756	1.0114817731959564	3.0545607119033713	0.0006045831120859346	0.25099643510179714	0.01007456911079232	0.01087459037470074	0.014448870126436775	0.05824326556962674	0.037541304623249054	0.0029828335094957306	1703.365760385927	1797	5.6339504773672456e-05
0.39641929479233606	-0.45228450585755053	1.0127928813381224	3.0440806118644685	0.004315747988703225	0.24953674437797554	0.009899005537336854	0.010893345540468434	0.014478468870838132	0.05830574539281279	0.037417664279355604	0.002956130269383118	1588.0921952165609	1797	4.726914847024342e-05
0.4009222250329627	-0.4469296354797552	1.0153325108542923	3.092003566323517	-0.004768953853401204	0.24695722230046652	0.010059863596299618	0.010833800749586796	0.01454980544183617	0.05883146651832467	0.03750832684559946	0.0029637489971271937	1564.1516905463259	1797	2.056392818042615e-05
0.27093694299111026	-0.3045015881570202	0.952367366128519	3.1008840512790576	0.7379671456397954	0.24765215545980132	0.03207028585339572	0.03572831207648894	0.023585976205290234	0.05919561994651775	0.26896497567211736	0.0029212283833128082	1650.301254986078	1797	0.00024666898549527487
0.7121039294375034	-0.7944214921245152	1.0901758125963659	2.786196134358062	-0.6690882720687047	0.2502808321474162	0.08202397188322594	0.0910771437456111	0.02737772324952391	0.0756899558234623	0.10087963247796176	0.0030396796290629103	1660.6082812250404	1797	0.017736750493586025
0.7169193089062283	-0.8035379286670622	1.1146877491607792	2.886691807091096	-0.6825672347756438	0.24821198183308496	0.10540464120190632	0.11870745036341304	0.03308460668712748	0.08710850035321147	0.128779308687503	0.002887659399736408	1627.036081401554	1797	0.005261354964019006
0.7326983626100694	-0.8257026224092623	1.1011721253901074	2.774470667764793	-0.6980433743120894	0.25021890945334374	0.11331403109236855	0.12535542573085132	0.03377945639342649	0.08358583035818677	0.12946791687765985	0.002848359110364502	1683.2137863260205	1797	0.01062027448150341
0.39569493807202955	-0.4510578245407285	1.011356693854162	3.0687591325699337	0.0008615907533237201	0.25058810181271807	0.009921454360700428	0.010908986383232996	0.014549103665248246	0.05884505760592298	0.037544592116466866	0.0029843348950881403	1674.06520389232	1797	2.0577111174860977e-05
0.3994981626038786	-0.45075554914712623	0.9967488797768039	2.9561934155126	0.001260226670113879	0.2513356441568743	0.010011729399892961	0.010906078632913487	0.01440575827227883	0.05784646705985643	0.037435077077697686	0.002984489680511499	1564.123233210515	1797	6.82592458637327e-05
0.3990787012658725	-0.44966686277443213	1.010010651939975	3.031805051052821	-0.00015667651475153227	0.24674051938556457	0.009968167000631559	0.010843960844890513	0.01442910341019726	0.05803272433567402	0.03734546938670245	0.0029640267041140095	1721.209493240582	1797	6.202371245601901e-05
0.8842869495377162	-0.9889349518528174	1.1286761650740798	2.646749998719675	-0.8371186979383936	0.2464067818265492	0.0795701087161321	0.08962292930176356	0.02462270282936909	0.08016541057121733	0.0617074710846286	0.0028688573623141447	1656.6276686972137	1797	0.025742251089193917
0.39818656845949335	-0.44896852458831993	0.9767904413519101	2.9266925040709872	-0.005778296834734482	0.2480359110155835	0.0099641722449709	0.010847100521710923	0.014305143425024416	0.05768578577524402	0.037273908183462115	0.002961732119555025	1662.6839972130974	1797	1.6208573667163704e-05
0.40054851527211544	-0.4513888065998505	1.0204931387241036	3.1226338691708597	0.005417307218177512	0.2549390447046727	0.0100359096666542	0.01092006287883407	0.014531813454874093	0.05885696097500632	0.03770725815769617	0.002989428852421489	1695.3971513152671	1797	3.856646231294166e-05
0.4022970809159772	-0.4510006571000406	0.9927074686561432	2.938910310424127	0.0028083607385633357	0.25120767715008063	0.010043293181076484	0.01087424180367749	0.01432664040020315	0.05761243531133206	0.03733100293700926	0.0029806937311085686	1629.8755989825358	1797	9.659623604733033e-05
0.39832512289502003	-0.44768971858734646	1.0111870081847247	3.046157287570556	-0.004898648842143703	0.24409008004908236	0.009972330842024292	0.010823011990566641	0.014516696253035977	0.05847985334937843	0.037343952073154746	0.0029529654174147695	1664.46457123471	1797	9.574470881370899e-05
0.3996211139950602	-0.45203097220706584	1.0197903937920736	3.108190510457372	0.006117169982024385	0.2548018899065664	0.010009465720113747	0.010926896918232327	0.014517946594112456	0.058775436024869496	0.03767296272827145	0.002997567278106199	1591.9300477763607	1797	5.953386177280322e-06
0.39944228424432704	-0.4508551740373359	0.9993733940256654	2.9875918317369545	0.001533160854502936	0.24984480791198366	0.009979590123561964	0.010874374245704208	0.01441918496503181	0.058067460865883595	0.03736997811701959	0.0029754647927181825	1631.818940049799	1797	2.3672786684104074e-07
0.7491004237139454	-0.8290138525250043	1.1215695820093257	2.892581670976676	-0.707673861879475	0.2521460067803482	0.08481332753025833	0.09618325915654026	0.026832735470281734	0.08214728646851127	0.09532298012606413	0.0031953532071214083	1667.6858543499327	1797	0.004975804390359134
0.4030555848026745	-0.45048384594069524	1.0029349881503857	2.9982084563625495	0.003230849879695708	0.25189508257972515	0.010072394073761584	0.010875442561186603	0.014371184777183698	0.05786626455447772	0.03744240818661276	0.0029671588710430134	1749.7565923627485	1797	6.59729862519801e-06
0.3977005282048064	-0.4491909018287032	0.9918874672756781	2.9362361088049083	-0.0037119214432180412	0.24604006886066357	0.009955934655535794	0.010856105932371444	0.014358671636523714	0.0575656368010337	0.037263563549950564	0.0029499050388499372	1606.2190206420887	1797	0.00019605880361250522
0.3996240439214066	-0.45132013134331145	0.9987275890952906	2.9988563917088475	0.0020353083605714343	0.2509247159405892	0.009979411740174936	0.010877875903528986	0.014376024653531	0.05797129926196435	0.03738335530860422	0.0029809875829037115	1810.586609348852	1797	3.6970343419073486e-05
0.4003320924760907	-0.4474837661124941	1.0142675876510003	3.0801160298971	-0.003917511570752469	0.24841387336103848	0.01005959077755245	0.01086118955216631	0.014545976640900236	0.05875496669511791	0.037560814661484455	0.002972939324713306	1616.6652291349346	1797	7.11076345120529e-05
0.2624741319874784	-0.2969651119842614	0.9520081288655048	3.0475588378640017	0.8207451241390311	0.25007518837276993	0.03564211636758641	0.040192127595705535	0.023915620054162152	0.059058624518777046	0.32478139961568836	0.002905832296633244	1655.0473294689239	1797	0.00035847956749131163
