Nu	Nd	a	b	c	kt2	Nu_err	Nd_err	a_err	b_err	c_err	kt2_err	chi2	ndof	edm
0.39372528890336184	-0.45434291297055795	0.9801143397529538	2.8656348336585893	0.0020630520279959017	0.25060072714083953	0.018854987735158136	0.0212509118209625	0.023321829899882716	0.10776600892598334	0.07232919837445169	0.0038924651182426348	798.1453047719065	946	0.00012079391266837837
0.40179708080093857	-0.449804742023969	0.9778342116367306	2.858980761896486	-0.0017189283457558998	0.25013310483562856	0.019268464843350607	0.02109865388264678	0.023321870514849047	0.10819323614606775	0.07234109511967646	0.0038867877863014546	799.870500683649	946	7.645357521893494e-05
0.22912268013866957	-0.2603952221507732	0.9366013399205069	3.104936524293252	1.1403446918925053	0.2495849051660156	0.08574216480414606	0.09738346427977539	0.051902352621064386	0.10954342729648872	1.006767753509279	0.004052461603775376	831.041924010457	946	0.0002213962859230547
0.39935698953555315	-0.4499121186290024	1.002231737395679	3.0292543616361676	-0.0004987532750405127	0.2503869229438373	0.019143474568273526	0.02108023586367398	0.02347661891323779	0.109369772765684	0.07270627164999008	0.0038791075508450208	821.389944397545	946	7.706888661163493e-07
1.0496185041674255	-1.1573180596008403	1.1833656112745503	2.6952564498918288	-0.9403377988438599	0.2556550307008575	0.16026099799443477	0.18156864976044954	0.03282651029027829	0.18942786767372705	0.08725279394997708	0.0039016432017324612	741.9706715911209	946	0.02006280483884744
0.25864212460473196	-0.2892710891767074	0.9312495493905903	2.966575943602239	0.8696274236457394	0.24798064395450098	0.06481174419732509	0.07266878574809571	0.04258223202012215	0.11109016873097642	0.6114021744289315	0.0036479843869910203	776.0810856704359	946	0.0002139036375518186
0.39964869808088893	-0.4484703241063349	1.0200782928862326	3.121496972744426	-0.0015311333140650772	0.2502571248781483	0.019214385238335407	0.02108011952004392	0.023893571141358	0.11212746911885625	0.07303049062421112	0.00388585254334345	748.5720809562212	946	0.00018789806551660251
0.26307866074541025	-0.3016702587818828	0.9269977556477764	2.988633174696451	0.7724607466178435	0.24725969929310387	0.10873678512851939	0.1245241176051166	0.06042006093431394	0.10821443695660356	0.9457334277633508	0.003659490845112051	760.3066184801089	946	0.001368035658962394
0.40486554822622955	-0.4492635791543715	1.021911817683836	3.0822092012312288	0.005124628605115812	0.2499668660973984	0.019336024522574657	0.020988201227090327	0.023561117330559524	0.1097151029683778	0.07271843004086696	0.003872691015718935	856.8917795943078	946	4.5698329232779205e-07
0.896820503832676	-0.9917475525291485	1.1598054104543043	2.7786503832665543	-0.8375346169181371	0.2537918505458003	0.1430437567007209	0.15612111623498023	0.0373687889907794	0.15597783821600422	0.10888701850919522	0.0038801100856861405	839.3340593652723	946	0.008497261186172465
0.3994700515970586	-0.4487816215590591	1.013876310050173	3.084370473358985	-0.0013078947923171299	0.2542498222992226	0.019221065885479206	0.021110803299628195	0.02379928900931048	0.11120536188674676	0.07302790965744609	0.003956731705123759	720.0944200639882	946	4.919280059104081e-05
0.4000658521151766	-0.44997322632802106	1.008900298620586	3.0365443721486707	0.0013547633007989638	0.2454600703274541	0.01913875911813724	0.02104499125098775	0.023530690860721626	0.10936501676225262	0.07260866184025203	0.003845172718907085	810.5566176926166	946	0.00013226187379013188
0.935117862756781	-1.0600156495541764	1.139782492097019	2.623069559077768	-0.8699584316416621	0.25246394369037906	0.14384083615723978	0.15869931516389188	0.03514172850115149	0.14821065565009564	0.09624933218976799	0.0037827806662043355	824.1781450381517	946	0.014814562151686559
0.3985540448382488	-0.4500900378654785	1.0164968802224592	3.102154196939707	0.0008992801073897244	0.24488206190783998	0.019060078942496405	0.02103634837003614	0.023637772822990937	0.110264230959532	0.07270382326637183	0.003832113591664455	751.2251001794866	946	2.3107896412005216e-05
0.39293728380105397	-0.45329066841692683	0.9951600491492583	3.0091355296158806	0.0005310637117224685	0.25046427736732657	0.018793600182517967	0.0211687146910937	0.023631848060851446	0.1103374458424794	0.07252939816556872	0.0039039521082982562	858.4395442200848	946	4.4722205029301334e-07
0.39764420304391696	-0.4501761556888019	0.9875039565335774	2.943751208962227	-0.003130303993242223	0.24744920446110596	0.01908281701238963	0.021115709827104066	0.02345709849650223	0.10910442162721903	0.07250528301786174	0.003869190140052413	807.0215341924941	946	7.877673464382693e-06
0.24781766603183272	-0.27712917184125785	0.9447401288158761	3.0644362653146002	0.9811141421823772	0.24804226022473966	0.08343668120225266	0.09278742752372306	0.049256819845303	0.11089730733349809	0.8463233042552145	0.0038608280951943886	734.2711785527881	946	0.0004639115704075321
0.40537398217665915	-0.44723541406207284	1.023274114810234	3.0933997731414533	0.0016497880655853253	0.2525128345784823	0.01947234011785463	0.021017603142746488	0.023673562708323267	0.11017788470308745	0.07301397671490088	0.0039154413326564315	872.4608735304568	946	0.00011708243854526106
0.23851098849817054	-0.2647216192011056	0.9616826863845528	3.190801238203611	1.0928314950382012	0.2496728724048699	0.09245323099464567	0.10257873152839576	0.052774407295751405	0.11235413290525649	1.0254724508438082	0.003464193467836463	868.2112022138547	946	0.0002857984438625632
0.2512087305387105	-0.289342221538847	0.932515299743746	3.0342525505129685	0.8910193790167558	0.24598199987419314	0.09803934743226869	0.11299364114067326	0.05827545868747428	0.11062718894825542	0.9515170026800097	0.003809152877300997	773.8920704408872	946	0.00019452297169769508
0.39538324951556875	-0.45154436425124106	0.9767505472836625	2.9080410243632957	-0.0033652529463926804	0.2534081975607289	0.018987701020601405	0.021185338160840565	0.023321076069210713	0.10840614863636122	0.07250678943189176	0.0039269977681639255	766.4008197876252	946	4.354095422871271e-06
0.4014755641612598	-0.44963896069763515	0.9944928698394089	2.929455756711078	0.00022770635901329388	0.25280346032023393	0.019302815514141456	0.021139772519098363	0.023478821389420625	0.10869712384146958	0.0726874647665497	0.003911099696719104	810.2255873080564	946	0.00018283989278179802
0.4046404483083875	-0.4469014060209042	1.0138859050728632	3.0518376278609707	-0.0007264688446203643	0.25558245105411154	0.019492016355518522	0.021060228959567377	0.023703363290969847	0.11031355638363585	0.07305711974576203	0.003951726971603549	851.7869408623059	946	0.00018115952563137192
0.23506707441459776	-0.2688063472880492	0.9321421436424726	3.056846862880292	1.0740963600099387	0.24781162508210422	0.07765515287506901	0.0887058357107923	0.04753652511196765	0.10988468387144701	0.8671144283013085	0.0038843827552685426	738.7577245118441	946	0.0003143996613636805
0.24204411731171732	-0.2726595239907231	0.9550605340849946	3.1456206231194312	1.0496541448450658	0.2529250572114965	0.1154354095447252	0.1301006409388287	0.06413930380931274	0.10936467656605786	1.2420619344209545	0.004007801826585002	792.9246306054688	946	0.00011719384608563892
0.4026552580386409	-0.44779506303650873	1.0279847248740819	3.17451024530843	0.0009551389191107105	0.2577514376118277	0.019356170503085544	0.021047849691839454	0.023736424560541414	0.11093340792077196	0.07325009121235482	0.003936033727526781	855.1807831183871	946	0.00012987728816911753
0.2694345140177807	-0.3030946984785208	0.944279328969047	3.0083821469927914	0.7693590014422295	0.2518910606823163	0.08269240683480386	0.09284729502364089	0.048144133525609076	0.11574809133281377	0.7102883057754558	0.0039030023946087953	792.9419855369333	946	0.00020613205879849747
0.40450075746181124	-0.4501738094189995	1.0220845991451275	3.088521802116215	0.006540113666517394	0.25506258336819776	0.019321256478013162	0.021029869469658995	0.023685911448835674	0.11069169560620755	0.07280402276199201	0.0038968648317143735	857.4635654792459	946	9.111476177756848e-05
0.8278109471406303	-0.9531843617066847	1.1113135001652177	2.651995224515143	-0.8026776553907131	0.25017165409158504	0.13822944849571364	0.15797945746222775	0.03882039584102502	0.15696517966107673	0.11931808429132017	0.003895409115239945	775.9079708377634	946	0.002574655983142028
0.40214962564391327	-0.4498318363503437	1.0242928081553997	3.123460935060574	0.004479472635259357	0.25307439122735165	0.019237921948790045	0.021038690371939717	0.023647096800773103	0.11030529354386066	0.07290619175830913	0.0038971551113943814	818.3750639848392	946	6.911594908118242e-05
0.4002372918249561	-0.45176697350093165	0.9982559213347995	2.954750250782466	0.004044708643139936	0.24391825425676908	0.019071329399174646	0.021044404093097373	0.023382762647152333	0.10826020668157704	0.07225183168938114	0.0038264086744950864	759.9155809444492	946	6.624042504341303e-05
0.9133066194937685	-1.0420349143807606	1.1172737771467638	2.5319856943905474	-0.8599320992486578	0.24976956960671287	0.17055112573403872	0.19226852941067663	0.04051231720259331	0.16995410746811773	0.12053857545537787	0.004056681356051916	830.4135302311176	946	0.005081600127090849
0.39982869158653017	-0.4490463669896553	1.0136785341471095	3.08028331369726	-0.0003563428604869941	0.24531259135292943	0.019154208077232934	0.02103080368304123	0.023555525867778204	0.10960453937253149	0.0727434540308057	0.0038439556823372965	800.9109353730685	946	9.174057975113147e-05
0.7922462201881839	-0.8910066712417943	1.0920332519347489	2.6109289045364745	-0.760492108351623	0.24203922662100671	0.1310044360295134	0.14672611179869502	0.038874525853799156	0.14533455916331445	0.12486613400922733	0.0038574531260157792	772.31784306934	946	0.007665026941917275
0.4000204176693735	-0.45155514603599184	0.9805068759977302	2.8830736644155612	0.0008981492610772543	0.2579049352773397	0.01918624689256659	0.021172975938010936	0.023331960253788846	0.10836213845519024	0.07250591652178683	0.003940615275478596	750.7096456770448	946	4.198944793792172e-05
0.398947023930575	-0.44815513886065295	1.0017475539001042	3.0177135824942853	-0.004842669282767436	0.2439360863098012	0.019180465330053176	0.021065077993828587	0.023644437836937458	0.11020797631915012	0.07269537291789939	0.003855829899201471	837.7678629441116	946	0.000177070868077862
0.4018227187658287	-0.45138025899658035	0.9880120176556189	2.9099982113636464	0.0029980532067149573	0.24864608576172276	0.019173414725209115	0.02105769027948321	0.0232318206347995	0.10765888150896223	0.07225432434638004	0.003860748387294818	865.7600998699785	946	5.9205507437365517e-05
0.4024139048129454	-0.4473812953477611	1.0195525107309928	3.0875409760137957	-0.0011187061042240425	0.2473539627462521	0.01934014357276066	0.021029130998324756	0.023697665871754245	0.11036539289063632	0.0729274524784455	0.003876667401748988	776.112857037398	946	1.1457445193118633e-05
0.40574951495961864	-0.4480155219927234	1.0099697577827842	2.997845874710955	0.0021688499869652834	0.2551519047876377	0.0194990798729666	0.021068470103383922	0.02348363331249796	0.10884697438896548	0.0728752501150505	0.003947431685658346	833.3393522248546	946	0.00015019642224283733
1.020291402784754	-1.156755781305294	1.1464350646224273	2.4900080652791377	-0.9242156280706116	0.2534889797116247	0.20156320846463682	0.22439990379309047	0.041572565256946255	0.17932845908017403	0.11632603837834513	0.0038406225182592434	833.2562536257517	946	0.02202288397396909
0.405297446854266	-0.4512192069116781	0.9925225753716187	2.8977961248611455	0.006217785721108672	0.25029468717068004	0.01930952371798325	0.021030913999682502	0.023287853287076252	0.10778252459662736	0.07222955724797366	0.003870374937431537	772.4086339896057	946	4.395774090954428e-05
0.39974008576998216	-0.45050186095565453	1.0046320484963995	3.045779305821792	0.0011329616479903144	0.25201920640121717	0.01912738967898446	0.0210687942356078	0.023568497323093515	0.11013390391375828	0.07268207994800456	0.0038717397265607954	793.0371633154075	946	6.132152461881072e-05
0.2350277227242972	-0.2680402249501999	0.9263051870103706	3.0727481549842555	1.0644927961469306	0.24637327610024193	0.12968062654829865	0.14870384057047567	0.07499048684953856	0.11861753610856374	1.4554287561493306	0.003834541942309679	772.2381220002264	946	6.792034898380037e-05
0.4011326340231286	-0.4472971004813546	0.9930813031464326	2.9772190168538883	-0.005575418784626602	0.24751644191924	0.01929670641223566	0.02104303046262714	0.023427118233477075	0.10887110280769759	0.07266668484868971	0.0039019385144649643	789.4801968039014	946	1.5277735404164454e-05
0.2544700302683126	-0.28300495729817543	0.9664909742288376	3.2707836802045724	0.9006388966682408	0.25355179914419934	0.09237927527745111	0.10426005248654202	0.051570948902852395	0.11334573572260916	0.9026699974084623	0.003872550401805245	820.7853308326644	946	0.0002721659006859588
0.778505848179389	-0.8782106983901202	1.0913089617667584	2.6606304271841603	-0.7479181627204697	0.2508579074354119	0.10362749399070914	0.11115844272083143	0.03732670794975302	0.1116425533222283	0.09848831929372154	0.0038207226332765505	789.4053958098218	946	0.0026096366010890234
0.3987963738378935	-0.4504006327186309	1.0022713299208705	3.041005118473066	-2.711805299108489e-05	0.2563896999986793	0.019128993949261503	0.021116312115087264	0.023552266518366304	0.1099547519427596	0.07281780141498391	0.003919490465766531	832.054636854848	946	0.0001524802345452897
0.4006085952518599	-0.4467486347329284	1.0057844261323872	3.0493794991506977	-0.005703609493307981	0.24887283774493113	0.019316747457446878	0.021065978371474035	0.023669783249207647	0.11044407365911199	0.07295918151494504	0.003904689741271562	774.8150998248262	946	6.963423254016752e-06
0.40313428636174736	-0.4512662264520216	1.0003615478636592	2.970484391104373	0.00515093619650966	0.25592202135355474	0.019262315774275975	0.02108229978642408	0.02346429657659969	0.10922601736856609	0.07254861055057857	0.003922547969912778	856.678594557421	946	0.00011345209478803124
0.39995013458319667	-0.451857621957289	1.0046680188954882	3.022102748867429	0.00428962211577798	0.2505895048518312	0.019075760428596707	0.021065008474205598	0.023398804366792186	0.1089612380950951	0.07250848925553546	0.0038661255472662768	758.6984245318406	946	0.00010683919756127767
0.7818135499150343	-0.8960550306689057	1.0952461330869743	2.6273489999340067	-0.751450852252183	0.24634741776155386	0.13569772839119718	0.15352982915193805	0.037388260881032656	0.14401166325253062	0.13182452558106278	0.0038842974393224943	784.9143425988245	946	0.0014813649931522388
0.4029865789128662	-0.45171777399250107	1.0029212078487475	2.9982369942358327	0.006567685821870328	0.25453080637170705	0.01920450365697614	0.021046869954343485	0.023342824523379054	0.10850544017069935	0.07249855273827231	0.0038757558542969976	784.1727507747871	946	1.069028352191138e-06
0.23175266314252826	-0.25934236305476893	0.9425683828948157	3.1357591487010086	1.1309104809804873	0.24942015261595205	0.0889200137228765	0.0997097069274648	0.05300517588841497	0.11036930712836503	1.026364378918156	0.003940217799632548	773.598236474886	946	0.00043393415459276087
0.401730549297489	-0.45161358788576667	1.0102010143738966	3.0434331535449712	0.005983791550834993	0.2535122357032826	0.019158045187338463	0.021054722529698526	0.0235094913589176	0.10963857134082017	0.07260272473516756	0.0038700786780559602	890.9988152963824	946	1.2622005846468304e-05
0.4022164738841434	-0.45053846487083715	1.0076851679736	3.0069401870229373	0.004170997594384856	0.24693291407222817	0.01920187077869217	0.021030586211755985	0.023430167833024203	0.10862525702323028	0.072500094108348	0.003826209171689093	821.8339301009488	946	6.41476226185727e-05
1.000296424684699	-1.128232406650088	1.1407803621642734	2.479132366760186	-0.9136481736515468	0.24554350525880095	0.2013160906956545	0.2200468686723054	0.03800811848891624	0.20108884436584723	0.11648994803668015	0.003679700688420371	802.4109733055517	946	0.009110146350199324
0.2334025354231499	-0.26042085447126145	0.9486167677911617	3.1551600163051754	1.132836578474193	0.24949664010967565	0.01120880101159057	0.012224102256291473	0.0234525691908443	0.11142456710188461	0.12678554846106244	0.0038715386355170738	761.943404126293	946	1.7297059051935295e-05
0.39512078079707247	-0.4518290011731456	0.9824671965816526	2.9245195415323373	-0.002294846557774808	0.244771507730663	0.01891064853872215	0.021126489715181065	0.02331392296458914	0.10826062603514389	0.07230714777406591	0.003833673336116713	837.8501459232969	946	7.276222813196824e-06
0.3994126720643102	-0.4521507939620539	1.0069499803693809	3.03955503152537	0.0051192353992477275	0.2524695081650286	0.01905181385127658	0.02107579292256844	0.023487206647890328	0.10931870031687822	0.07257743981395129	0.00386760621425329	801.6052053233047	946	0.00011174340778422034
0.9736627717779537	-1.0843061370443636	1.1525881712567423	2.62502045693504	-0.8931975072511769	0.24569336080929866	0.13502683894476258	0.14308863437820205	0.03324576595773177	0.14953968251383384	0.08186957537819392	0.0037488599726283652	821.32156464847	946	0.028984064571902182
0.252181480193456	-0.2825062883529228	0.9686972809135794	3.280559079616927	0.9137015931586108	0.2477488081161363	0.060569866585710515	0.06804602559273233	0.03848907203148991	0.11094456083032171	0.6016298843519622	0.0037358066677693944	825.6360765352429	946	0.0004533694710668381
0.3966502738062785	-0.45642870022137993	0.9651122859781273	2.8043029560079598	0.006502367042829125	0.2527062528212543	0.018825223200150985	0.021160801959405742	0.022984144710321588	0.10642589840988455	0.07182480003295065	0.003867216368286911	840.2097466609923	946	0.0001513904821227117
0.39642843999408606	-0.44937383241092693	0.982666617792058	2.935768345835541	-0.006239915966351409	0.2474721658249969	0.019073763877794105	0.021132207914811976	0.023451756508069237	0.10897724544380963	0.07257454125547602	0.0038891388902006253	761.606151947575	946	9.8432938577481e-05
0.7921696194630702	-0.886242452672038	1.083334255003003	2.5672136486794703	-0.7524922088832855	0.25196446955108864	0.16945458623742604	0.1883402571345669	0.046257125342915636	0.1590747140897065	0.16387382341956672	0.0038643986383065008	772.3965477092486	946	0.001884601629494867
0.3986847556573775	-0.45137317400261684	1.0018082041433936	3.0374338738778914	0.001885251406338855	0.25045391174972687	0.01903513945535286	0.021057886281366945	0.023532337713647853	0.10990210419485714	0.0725430602839068	0.0038747935535156006	841.9312884953811	946	4.564226629794669e-06
0.4004981704309028	-0.45018796824660645	1.0301692196913228	3.195806859221584	0.0042682120345388696	0.24720716188867975	0.019085013344356368	0.02096708834998747	0.023698878456413535	0.11090731751397065	0.07279105318385563	0.003835948594699244	780.1454452308394	946	2.569336317433245e-05
0.7525105047888361	-0.8478008546832722	1.0975927163707133	2.7388375415798065	-0.7272868207450188	0.24658798424619657	0.15234557033985963	0.17320907434079302	0.04271763306635988	0.16555303649216205	0.15971230777283046	0.003909719440081843	777.9122425065634	946	0.0029066311266837115
0.3976000626087476	-0.4516459973855235	0.982056835188462	2.9525429465973123	-0.001051838915667694	0.2550550683277345	0.01902155628904445	0.021114454910660628	0.023378803616979183	0.10926515903117856	0.07246084164711122	0.0039350133687318725	824.0139461418887	946	0.0001530817756334763
0.26241113670470706	-0.2928497984604077	0.9330839811304333	2.9970970292769876	0.8240271704017997	0.25313866374398053	0.012612189242717183	0.013760485915686205	0.023188755897187822	0.10960452359278396	0.11207679005627398	0.003948724850439741	845.7661234656895	946	1.099249747380182e-06
0.39454090888042037	-0.4549009273004898	0.9587275286684868	2.765781009338844	0.0008845755977528086	0.2401679969607554	0.018770086888840454	0.021141687254211252	0.023000473406353566	0.10604683516909395	0.07166180283393393	0.003784250627105871	811.6076557589238	946	1.1946519136469192e-05
0.3991554300072448	-0.45035503569583846	0.9943826950955426	2.994079602472697	-0.0009133712808712328	0.2509741898214651	0.019115374517580736	0.0210816703401008	0.023519221399493785	0.10985837942164975	0.07257489541209255	0.003876985863207899	830.8338111270318	946	9.357313620364631e-05
0.4003439947437042	-0.4501827037894139	1.0031272696309248	3.030471406738475	0.0007000081304953907	0.2557703218805374	0.0191983336056407	0.021105313340468154	0.023615868755323444	0.11042890711369739	0.07279551633927044	0.0038954346228286087	760.1118374214867	946	0.00014728531815335087
0.251326812604176	-0.2813336226473738	0.9489347132414933	3.1235809487674513	0.9416375642562477	0.2516573083978707	0.08361153990304937	0.09358484999891804	0.04915682017345475	0.11092998642903966	0.8285374415601433	0.0043891730420277395	838.6271921692817	946	0.00022596733377706283
0.39681399642738063	-0.4493142352030369	1.0055022591219622	3.0621912765934574	-0.003423501791417877	0.24367606883107013	0.019037476214549705	0.02106388247013388	0.02353444339574114	0.10962522933261636	0.07270463279146978	0.003837835440051833	764.7886454107702	946	2.6272228013783393e-05
0.40174322152497344	-0.4458320827795139	1.000297252546094	2.997775367373878	-0.007365544616924059	0.2476967113269522	0.019408428585218972	0.021071064065516783	0.023687207087116354	0.1103662141690255	0.07290724704297315	0.003916920702924108	755.7207544526242	946	2.2576959201994907e-06
0.402101574490207	-0.44704014672054143	1.0201352403338844	3.1103136218929732	-0.0021894463951121442	0.2512814414013731	0.01936328953585773	0.0210536312223655	0.023804443528588234	0.11126287127159185	0.07309695931162863	0.003913604659763452	804.7747643999161	946	8.202886322564156e-08
0.4006121039446577	-0.4530418638559615	0.9955351258807098	2.9086784631805527	0.006660488542820446	0.2512957605118979	0.019120679880370615	0.02113830365312976	0.023409545600503765	0.10831372838726247	0.07234345276539264	0.0038960109075687247	787.0250251843727	946	2.5289773130797194e-06
0.40442149758725565	-0.4514268575714357	1.0069202054144382	2.985201258796658	0.007943590898421839	0.24996140440718073	0.019250123098229356	0.02101300436079598	0.023317401255882934	0.10787732465936875	0.07239386626533982	0.003866251303825542	796.6998722883567	946	0.00016689284732984813
0.4047103206220464	-0.45090390328098623	0.9890850168655417	2.8696153267622537	0.004867619533655591	0.25521715412827684	0.01937669397507391	0.021116733903028154	0.02329796647151655	0.10761761813326544	0.0724426520590593	0.003936306637402538	818.9031386048413	946	5.1412482960475806e-05
0.2377236917915751	-0.26545518989584305	0.9371012327060928	3.0534087860474948	1.0872813368333554	0.24859994071884073	0.07894936151407973	0.09012054244330803	0.04183041035901169	0.11015103212123285	0.894562347718638	0.003790869638833344	762.1068876498771	946	0.00011945327993225725
0.4050374858425182	-0.44669562770333504	1.0165131408185233	3.067054446695961	-0.0006342913509581596	0.24929192759475405	0.01945876616066982	0.020997956384242265	0.02362616173013364	0.10991011763876975	0.07290393584767552	0.0038718376647447397	763.6743537919567	946	8.316948713234495e-05
0.39856941745843466	-0.4510990585268245	0.9881486538003308	2.936789986907758	-0.00010997122624677316	0.24943625278767526	0.019082031350276023	0.021109116820312194	0.02339749614204822	0.1085886845467447	0.07243726373091679	0.003862369943205986	847.9010076462049	946	9.08101186814323e-05
0.24055223373626963	-0.269793645426505	0.9640931402893034	3.2572102707727817	1.0408371638381488	0.24580719309456844	0.06822854732086908	0.0757265917054539	0.042897353550285997	0.11194823448342424	0.7395456002005631	0.003846922781692538	811.5203092117061	946	0.0005950138875067487
0.39978601686025683	-0.45057114588472774	0.9728877048719283	2.8439236042580784	-0.002237758636133567	0.24491569925891693	0.019131437962019698	0.021084075296234784	0.023177684396086064	0.1073191213779223	0.07214668536183066	0.003846470395016654	789.0068486800151	946	3.901321661653394e-05
0.39975174414223164	-0.4501078200805561	0.9936623978693828	3.0038999705634617	-0.0007009107867472106	0.2495547311573008	0.019105803713550234	0.021027523721069565	0.02329690574384173	0.10841745700087453	0.07248769331761083	0.003887176461662309	913.3728424871101	946	5.241661132712895e-05
0.39833923947615796	-0.4520553152008521	0.984383757295657	2.936568754136141	0.0007532460114961781	0.2521513731084985	0.019025979683012513	0.02110018042607398	0.023354820014397877	0.10881900650009345	0.07233971595549228	0.003895780967834183	823.8650034773752	946	0.00019325688783184628
0.39904420218554104	-0.45016459627674604	0.9967233539054762	2.977187572668233	-0.0008918810180470202	0.24782679087777632	0.019129410713616027	0.02109367850827511	0.02349753903273526	0.10924453153577886	0.07255762432101454	0.0038752901375419513	791.77475548598	946	1.6476183442762228e-05
0.9204745885401358	-1.0249803752476083	1.1417259953922476	2.6648509506099853	-0.8618143803561202	0.252213000461885	0.1628475373716475	0.17636372359139835	0.038589434125087224	0.17351625630831274	0.11456656811397187	0.0038979614661566733	788.0179700637755	946	0.007233231147474368
0.41106672939224165	-0.44773209288271504	1.0264721403966666	3.0914220488461988	0.007724417747326004	0.25188550153237743	0.019581760048812954	0.020878439649364134	0.02337821724779105	0.10855538422090122	0.07268073264548917	0.003882490501840058	803.7446805145366	946	5.324407511708447e-05
0.40017856234510074	-0.4498259630619009	0.9866842416223129	2.947931184608577	-0.002100397961307785	0.25143111934091783	0.01917754104885983	0.021073856942829098	0.023347576584797386	0.1087272271653883	0.07249326486992749	0.0038995969139742305	807.0002389496617	946	0.00010320036774224135
0.8371402199270175	-0.9298293217788042	1.1321428778082085	2.709085950621006	-0.78944314682272	0.2419906172270042	0.13295223289504116	0.1464658562819769	0.03780363620506859	0.1476563699426855	0.11623182734612243	0.003910814205653277	856.2208517686444	946	0.009475255604353673
0.23005350877535843	-0.2595648955766147	0.9339185415002202	3.072962614946247	1.1406774184212776	0.24740613665622044	0.07331952071375854	0.0827243569020308	0.04586944044741975	0.11204284546826812	0.8576940046218166	0.0035462334896941045	791.2664832466164	946	0.00021131077378372254
0.40235005339259994	-0.44961949127977974	1.0035146189563147	2.9993582996855066	0.0017918223477598394	0.2512332821721263	0.019270459309108656	0.02105831815741414	0.023437097052314275	0.10875594956758859	0.07264848403939045	0.003898899177749917	737.6174198334038	946	8.210523540850713e-05
0.39913094649263586	-0.45230856332892205	0.9964347248626663	2.9459597477883954	0.0038530633540817725	0.24734307370964842	0.019049897805054183	0.021100026368031606	0.023405917158090907	0.10857298474467382	0.07233907403459591	0.0038560402741252353	741.5429314818322	946	2.366116607323177e-06
0.39717977371409957	-0.44887034593864616	1.014899795989407	3.1110923912357875	-0.0028123198724311132	0.24644449541270028	0.019084116417205577	0.02107899262746792	0.023740881894619856	0.1108781421504515	0.07292620212486883	0.003873723674454547	785.16222055373	946	0.00011453231790592016
0.3985491797715371	-0.44736891094833503	1.009705890010544	3.0676617042243777	-0.005525634493068655	0.2440839328446823	0.019197499443560147	0.021067457121334128	0.02364525069151973	0.11010784440264396	0.07290052471773523	0.003862103353529218	742.0021889824826	946	4.525810244774558e-05
1.0013493316917685	-1.1274423015397275	1.1199132570479677	2.411261614464683	-0.9077861600308583	0.2551695256078851	0.19656180626403422	0.21823121432954076	0.039629707201408355	0.19289680713465643	0.11482180159235358	0.00390310586830716	761.0853010684352	946	0.005305720889038072
0.3982420894686104	-0.4482322417797055	0.9850918926668769	2.968759871590934	-0.007334425336284264	0.24592583065851786	0.019141320721218966	0.021061913768552785	0.02344940775460449	0.10940470394630945	0.07256218200040468	0.0038596149345895333	798.5296322922055	946	9.112024782461055e-05
0.3999264062444594	-0.4504480634196994	1.010725004736357	3.03341151612867	0.0023493665639586062	0.24555136150850138	0.01912031144211501	0.021052301207640785	0.023550249180423838	0.10938750989694819	0.07257327437939869	0.0038515888264083094	863.7412805004097	946	2.0899582778169585e-05
0.7694744218753498	-0.8576234872598479	1.1178703026163033	2.791413501887789	-0.7287940658010373	0.2516517900644181	0.17646878776975616	0.19702969389397748	0.04837672724934173	0.1718442424401543	0.18365269586119445	0.0038947600389001706	799.2274529523935	946	0.001993842145320271
1.141879302298625	-1.2853936954378011	1.182927721189667	2.526558305195136	-0.9929003730680024	0.2474322507041585	0.1231552551435917	0.13909435463947264	0.028801602013478814	0.15994431386270924	0.05512139424244179	0.0038892066901088096	877.0788770736611	946	0.029952868187324094
0.4023767135164077	-0.45012905504449924	0.9915581492293464	2.91822413088584	0.0011162373051538327	0.2508519714097068	0.019275050565159494	0.021088352129209727	0.0233915670679787	0.10859656468979198	0.07246005427268044	0.003899840309536228	895.3859541161114	946	0.00010237740235070492
0.3990404827860486	-0.4502533530014638	0.9920220156395034	2.9707702400230382	-0.001417904607669637	0.25264786796460287	0.01914377267817388	0.021114548324811522	0.023391564802884273	0.10896273833023697	0.07262241553225013	0.003909573023279381	806.191772534482	946	6.94902150459739e-05
0.40056811446909585	-0.44786893309453585	1.0069085335788481	3.0549329433520085	-0.003306015270996051	0.24748685080305532	0.0192460018879343	0.021041414539118477	0.02356606801022131	0.10990442061784557	0.07281507265480804	0.0038571910903199423	798.7460306883778	946	6.366634685390939e-07
0.9466477035126122	-1.0699149721942276	1.1258201784599906	2.5141877819234217	-0.8767556940750124	0.25580427972809505	0.13679932376107498	0.1542436830823564	0.0322936903823068	0.1570730131362199	0.09107514313934009	0.003918081236504575	756.8319052264416	946	0.012916776256174291
0.4023395649529932	-0.44915419155463027	0.9868792106711939	2.886485987657245	-0.0013171475409486807	0.2499114977183857	0.019333226805287065	0.02110955614552483	0.023353432600427847	0.10812047720058028	0.07250986173860967	0.003906562812870318	869.264177854059	946	5.171398096354609e-06
0.2568906387424368	-0.2901654073770707	0.9517973801852323	3.1517327362024865	0.8605467026222889	0.24576900958650783	0.09185848804130026	0.10383311679642007	0.053080493285550125	0.11503341455280762	0.8658030190888399	0.003832646159460996	797.0740521452567	946	0.00047345185331215624
0.25241893237681623	-0.2855726391084072	0.95277851225186	3.1846126753750523	0.8958797510927909	0.24828345734265928	0.012125261999573382	0.013400909629464101	0.02337983371726726	0.11127938953549332	0.11578044154103241	0.00385978355967328	869.6833729901396	946	1.820872884816148e-05
0.39776561775731406	-0.44672207212967135	1.0205473539904875	3.120509620205337	-0.006439197119341622	0.24672951574374377	0.01923090277229693	0.021115234823070893	0.02394566036844881	0.11198018772634481	0.07319983238288803	0.003904208858913523	733.5877152824514	946	1.1213790600370079e-05
0.24125676691552445	-0.2648574479215465	0.9717712570958461	3.2493052926744173	1.0833969561765944	0.2561561861871593	0.07023863702363772	0.07702587019628025	0.04332503643031727	0.11188624059055542	0.7677113533431786	0.003934304541946312	842.161646323291	946	0.0006392704235117245
0.39848819772268385	-0.44945669762255064	0.9871567171879398	2.95454091536976	-0.003989014353451398	0.24919252061483654	0.019136107770539142	0.021098586624695756	0.02342385827964455	0.10904680714184872	0.07256753890550216	0.0038888225805737767	829.8746905565035	946	8.938952322809349e-08
0.3995009892664171	-0.4533818955374815	0.9903406981305816	2.92022399652464	0.005677838502544273	0.2517029151878604	0.019038384859612068	0.021114973858549036	0.023327557293495213	0.10817283901637714	0.07227245877953364	0.003892172893348889	818.2937921399048	946	4.7221016778571695e-06
0.39860977602957665	-0.44846266331797047	1.021229938617648	3.142691851523769	-0.0017324685322908347	0.25013554405108884	0.01916913229507319	0.021079787564971673	0.02385215456001915	0.11154706977318528	0.07309005459120693	0.0038854144652898564	790.1710967840158	946	0.0001396824224197634
0.40674794842872414	-0.4466187022772687	1.0136376153436026	3.0372745259985456	0.0002524209998404118	0.2549979072737394	0.019565523680441822	0.021022975869628202	0.02357969739830241	0.10965004283767073	0.07296392400830444	0.003958442913218533	762.9296438452882	946	3.5421894197630456e-05
0.39913019006047407	-0.44967908103139775	0.9766429297082018	2.886883844278996	-0.004160474621677801	0.25590465902033976	0.019218520519575233	0.021165523141373595	0.023373441751107428	0.10856388853438301	0.0726112872895877	0.003953608224860063	801.0446736295726	946	2.5847758734399045e-05
0.40109067693968303	-0.4464593573889735	0.9853430133628277	2.9086860334820304	-0.008168672349111235	0.2453478102115697	0.019367981747643554	0.021088723779990333	0.023449153447960475	0.10862965904576465	0.0726583930593876	0.0038910065175382803	830.3479136030275	946	3.607100106306129e-05
0.3965789819373174	-0.4515358060133108	0.9918367049900844	2.97901480752957	-0.000527168311273962	0.24944862431057044	0.018976584021312647	0.02111025229961102	0.023440752707819427	0.10909814201166901	0.07247982665165557	0.0038805338572283784	849.5618566815108	946	7.25920471691066e-06
0.40915567173042794	-0.4477155869162667	1.018270025719507	3.026913401537877	0.005142367989646927	0.26150396267934245	0.01966244985478838	0.02105980799362756	0.02359525028923391	0.10969989263155604	0.07304326031720283	0.003980582484215377	870.4940133139912	946	2.932347186054529e-06
0.24754885684529868	-0.2793931886240142	0.9429270656923945	3.078758332377096	0.9671182637372662	0.24818318276200257	0.06936583580005273	0.07704763039247949	0.05168256877841952	0.11538100386797215	0.7010337595004619	0.00382678719218982	845.6213986162979	946	0.00017148009200612503
0.4023341910137416	-0.4490793297884506	0.9896830030808668	2.92254245878509	-0.0011144688238413285	0.24444880962643561	0.019260258312742015	0.02102576917467048	0.02317927246527331	0.10720918088114327	0.07235230340548096	0.003855794802647881	799.4055096916481	946	7.686708201491384e-05
0.40484187770175895	-0.4494947851475389	1.008379696769547	2.9867088614611452	0.004384404712403514	0.2509438287995202	0.019373228424385807	0.021042745083045003	0.023403470774293174	0.10828939023178194	0.0726296327666302	0.0038863819417520777	820.6512497953522	946	0.00014852720897755672
0.23881562934994316	-0.2683691831362022	0.9496186330735223	3.166400149504322	1.0449285572233058	0.2469746122384288	0.05009785629232546	0.05475583893837047	0.0358292362715812	0.11253933987727922	0.5369920025437926	0.0038895246124774643	744.6487838669731	946	0.00014142311475422856
0.3962874903660234	-0.45111413454379157	1.0084491650120393	3.067867258081558	0.0005467005719672232	0.2506014012413491	0.0189923276811085	0.021120979519771294	0.02362623991826136	0.1100618213105429	0.07278255792203629	0.0038868686972181265	845.8123077255053	946	0.00018905218928026731
0.39692959816617346	-0.4497906682695069	0.9912380012414221	2.978359405750798	-0.004241087935172768	0.24531958024112044	0.01904102264128517	0.02108744748677492	0.02346486566560945	0.10934162497206368	0.07251265934868681	0.003868242392962175	822.4040226121315	946	5.21006812851569e-05
1.012982916200428	-1.1476919878370762	1.130309867888626	2.429845903476227	-0.9241532478759039	0.24589111061272967	0.1152603382527898	0.13660368765631092	0.024691732733896396	0.17179715148780172	0.06483298699550322	0.0035555208222747678	823.3376029895145	946	0.014321343398748194
0.4063002141153217	-0.44300978706855054	1.0194979009209453	3.1187567609439535	-0.007294677084134622	0.2426413903382304	0.01958381714089649	0.020901493305324807	0.023756501723265624	0.1109036399458998	0.07301522820102066	0.0038609924523999276	752.6538736346887	946	2.5442683199278097e-05
0.3987181489927836	-0.45075043066280707	1.0019506769025643	3.010194638716868	0.0007760928300884407	0.24712735750161893	0.019074078554931928	0.021073978097310743	0.023527493513882357	0.10950694593073194	0.07254245868720759	0.0038636735826043495	782.1113019649758	946	0.00015314230602306213
0.3958085361951748	-0.4549377279725545	0.9725391248574315	2.840313787302398	0.003957816615458202	0.2546680450145742	0.018888120816445635	0.021205933597207387	0.02311129551628211	0.10684867347510071	0.07215601085434001	0.003928187652435692	813.0225785515655	946	3.639607538492436e-05
0.40461189211038606	-0.4480664296547711	0.9995284569702654	3.011017880385587	-0.0007322655514524195	0.2544754752845665	0.019386630465790873	0.021003007559039114	0.023442546486907474	0.10951399526334483	0.07267714218906571	0.003927355307652307	755.1668690060485	946	0.00018469846843277956
0.39403609453171046	-0.45361030160313576	1.007671425878615	3.083073146473146	0.0033623896194895186	0.2511512926093188	0.01880289074201629	0.02113348402281503	0.023633164690562765	0.11061420373610527	0.07262645299257645	0.003867206369776791	785.1775882136069	946	4.4353183585477136e-05
0.3979042774562242	-0.45133260534713915	0.9854575223883074	2.9137025346426566	-0.0008701830877103445	0.25358758496321715	0.01910506121337298	0.021180377374792485	0.023457211164747572	0.10921849117217063	0.07255308289811221	0.003913379769224006	762.1120987286818	946	0.0001727083674997254
0.2688083105340266	-0.30380175048347846	0.9349845500722084	2.966937605844485	0.7766852054394248	0.2588828110107578	0.09205177193786451	0.10208254159462155	0.05220168929986573	0.11231986209208418	0.7865722389467078	0.0038772886542247256	833.9957134720022	946	0.0001962152659932943
0.283443797216752	-0.3147789330084894	0.9481922539343457	2.9918380467082195	0.6813330986400334	0.25150016779639534	0.01347478680294309	0.01463441007537559	0.02308557641057678	0.10864587069873381	0.10408863254900277	0.0038732490183691713	796.8437723218865	946	4.57018430630009e-05
0.40144682463234643	-0.4505687108259458	1.0094112453310988	3.045096072744257	0.003497532501446606	0.25177554627042203	0.019180734183776662	0.02104577583618623	0.023439677078204654	0.10908867907322538	0.07264373151781821	0.00388130165185198	774.0300877762847	946	9.043287847153775e-07
0.3992751932626186	-0.4502307062346041	1.0041713320894599	3.020177504040595	0.00031071320616397923	0.25102478122661437	0.019141945800282747	0.02109943334897715	0.02344904610238469	0.109082200008676	0.07270542762904429	0.0038889919288751505	784.6279871141379	946	6.0496154615837716e-05
0.4021847603099534	-0.44871216545458065	1.0099131665078898	3.029512190130113	0.0005149674841658112	0.24607651825296437	0.019272013254322425	0.021029683018846508	0.023476230862336824	0.10895267270968853	0.07268005924641256	0.003842405236042968	737.8709789447558	946	7.061758573257056e-05
1.0727122372177322	-1.226882106965137	1.1383544136181907	2.3774660166133748	-0.9618683415524216	0.2476551829342827	0.1138532293610101	0.12795857789366563	0.031024879761401628	0.15958424837023258	0.0564354664247998	0.003915567928800358	768.7714203793086	946	0.032939321381665956
0.3998782453421035	-0.4494144520243387	1.003264760054528	3.0324557420990343	-0.001191239574716437	0.2501014766369618	0.019176898682555652	0.021069217494487452	0.02343695390203876	0.10920370729120439	0.07271947611040872	0.0038815640923013286	868.1929370407724	946	0.00010295997779108978
0.40308411210450407	-0.4476351096579203	1.0201446674252723	3.1252240607512434	-0.00023296205772260553	0.252069112868755	0.0193371341168409	0.021003540904234622	0.023735921120452606	0.11114044788869773	0.072967698265959	0.003903672681370208	800.7942245788975	946	2.3537903604827495e-06
0.25581773600546387	-0.2899866429393744	0.9165204805676511	2.9307560633846683	0.8485048323332507	0.24829761735659725	0.1042246134560072	0.11780502828174645	0.059812574026083545	0.1107502351175803	0.9768274788306207	0.0039406048889001	814.5222297799778	946	0.0002891627419357552
0.928424505129344	-1.0252540847156244	1.1451326802479147	2.6587688935915956	-0.8637055993718736	0.24973423396904137	0.15588838254410425	0.1713594627125949	0.036027504198932504	0.17099666823580587	0.10998993071786446	0.003934573072132534	773.6644382295985	946	0.008412130097471859
0.7910185888811011	-0.8855511383592165	1.1076822211743473	2.717680994952558	-0.7593353348084435	0.25425245776978994	0.20271573326116407	0.22578049027240318	0.053078541345008605	0.1822909533565031	0.19612394743567124	0.0039860071178525	775.8682576524191	946	0.0015415156699802516
0.40616866840914106	-0.44787125344818696	1.0341120137948503	3.1252705699935452	0.0048347023706318895	0.2505433975880746	0.01946783641341203	0.021002428940225856	0.023724570578031044	0.11039258909055931	0.07300322659533741	0.0038646860861752453	843.9239158153491	946	8.895968869840034e-06
0.7915098958076088	-0.8924853047637905	1.1310085950305606	2.8644293647708396	-0.7670653395014129	0.2536210329361788	0.1040865543694519	0.11707289452958583	0.032755772920428305	0.14129357480103052	0.09919113913433342	0.003881238611767147	790.7294811472179	946	0.009380772544169306
0.39872877459430367	-0.45028049470873643	1.0068958625900613	3.051440890837932	0.0005521607751005264	0.25221964032244204	0.01911626712264613	0.021096906571376993	0.023508232819044423	0.10939924863093335	0.07278817270115243	0.003896972051397933	815.4091904134773	946	0.00011295918621040006
0.8188614414115012	-0.9245814079816015	1.1355228311540848	2.8101431520081963	-0.7853421220995752	0.25682213821507077	0.17121972736099278	0.19206686628328148	0.045400617366984364	0.17003106819351488	0.15479866610512993	0.004006113621132034	739.0397412593721	946	0.0033131512358583136
0.4020291030259558	-0.4478962001664716	1.0264503597803716	3.158207160525668	0.00010915664591083977	0.24749336985633333	0.019263891371132734	0.020988073197359628	0.023670008343177156	0.11073786232172005	0.0729431256405017	0.003855865714850501	753.0832390047187	946	5.085889018711587e-05
0.83823205502132	-0.9437064081946791	1.1270846061505921	2.7522840241764253	-0.810392466239823	0.2440800849634294	0.14575303747640542	0.16275620461633186	0.04031381807322393	0.16261546357369788	0.12335443192969327	0.00397277949013263	779.0312426970895	946	0.007871868380669542
0.2499468937180294	-0.277299723063267	0.9646678287496393	3.2224703109617634	0.9688954862669625	0.2521767569003234	0.11307772493361223	0.12545587071690778	0.06349807163195662	0.1109856390224462	1.1447585969295169	0.003952536467756287	910.7227388816111	946	0.00011949020280343359
0.3992569224314933	-0.449669421943874	1.0125023238061146	3.0939041831544665	-6.621556895764803e-06	0.25162603125708205	0.019140218800749755	0.021066452179557705	0.023620063756966958	0.11035967313235624	0.0728523980864488	0.00388755680783346	766.9445555436398	946	0.00010895697762920741
0.39605084554123904	-0.44778374960251277	1.029639631478728	3.238376489172242	-0.004571819037697206	0.2448761712732931	0.019043027174218977	0.021040408455057977	0.02394938608497106	0.11260543023931209	0.07318953924423383	0.0038338375510114397	854.3106889397299	946	0.0001624792703963307
0.9144031013384476	-1.0204383519533577	1.1432322572631728	2.6819439008703583	-0.862305818019672	0.2475329296489812	0.16987819205607885	0.18339635283139658	0.04080678497119478	0.16653629245937523	0.11914501762164376	0.0038869493002095133	819.6113270978678	946	0.0033958172656925324
0.3977239627198983	-0.45251896998031854	1.0203919651712883	3.114174950463472	0.005747458083251183	0.24448838984398438	0.01891433050724387	0.021025095337272356	0.023663049217528143	0.11047540875358533	0.07250011097649818	0.003828237862203336	768.0438688628147	946	6.0319613508057944e-05
0.8756878024457607	-0.9868157688858323	1.1499437860427966	2.7791287579151436	-0.8345593086743861	0.24892229040260783	0.15363718985286304	0.17252458045953034	0.038458959638276446	0.17420538882700012	0.12073455627739424	0.0038525841466267785	798.9595466811386	946	0.005914262152272262
0.40193786749377314	-0.44902405755555086	1.0238730723567693	3.1072945851814366	0.0027022588183885404	0.25017693393730284	0.019264783560022737	0.021042825519131718	0.023628534091743585	0.10990532818398986	0.07291412562936694	0.0038960358347810828	849.8078522949638	946	0.00015411659208077174
0.39806952475608787	-0.45449419134228924	0.996373412343286	2.951837715683034	0.007803591708588255	0.25187708699737416	0.01894414685720975	0.021131555925546542	0.023304263101166553	0.10794969387724508	0.07230763411287565	0.0038713397627810515	807.713067528811	946	6.613143245240529e-05
0.3952071150729283	-0.45205102002166936	1.0108031577645218	3.100805753405196	0.0016479849991012255	0.2524624879597396	0.018910603449700993	0.021125624754363824	0.023696956569585207	0.11083994029737389	0.07279779376312735	0.0038773500758831	807.256516434531	946	4.17321713333848e-05
0.25805604306625907	-0.29336018455019613	0.9475646449504357	3.0862596200179326	0.8378461672095437	0.24646579977042374	0.0884801686809807	0.10063629583896243	0.05093309196789562	0.11013641846191465	0.8203408266080743	0.0039042376483534487	812.7396538517505	946	0.00029405325976655534
0.40183951671780715	-0.4494158190909613	1.0151690925383383	3.049300945602239	0.0022331650785873784	0.2500031945272929	0.019263765328204816	0.021067580631460015	0.023644068256553418	0.11003937957882287	0.07279222353107703	0.0038867922065855508	855.9105358166223	946	5.340228002085027e-06
0.7623290958068388	-0.854552748593127	1.0960083673471948	2.69328593097718	-0.7332285906429005	0.24231224559426223	0.1705557225605172	0.19009150848225215	0.047529162521343475	0.16086836811931998	0.1775371631123253	0.0039612384588134045	754.8719200222549	946	0.0031270083393800333
0.40509141700966034	-0.44612886522901213	1.0092202358745606	3.021416408477289	-0.002685375535130288	0.2440192741423657	0.01945658326353037	0.02096765520748139	0.023550235575489926	0.10937501759851814	0.07270567226830571	0.0038630611281689612	805.0038803784502	946	4.340787544072058e-05
0.4057890474462031	-0.4485914712436507	1.0247051748206444	3.1182157222042575	0.004536569724724182	0.25372356163336046	0.0193941367279649	0.020971672329467183	0.023600732615284104	0.11025122417158839	0.07284671721784332	0.003912337749633173	857.638222217417	946	5.540436450240565e-05
0.4016139977302109	-0.44803029644980163	1.0025191293539788	3.0393482373175518	-0.0027158017527805834	0.24992689694239642	0.019274409006679132	0.02102726059687499	0.023480279685085103	0.10955951482117599	0.0727564153070868	0.00387437069819221	770.2590548690755	946	9.661581230093141e-06
0.24719334879373314	-0.2764290284896118	0.9446646356028042	3.101094787123607	0.974085403355075	0.2502916903438443	0.08718954277791077	0.09747461825825503	0.05274131035930459	0.117935207057518	0.89250422189629	0.0039163227963521716	818.1521072961109	946	0.000553147322740983
0.40453120236382806	-0.44947099385893974	1.020525410030168	3.0576966174615676	0.005366585363000094	0.25279937441221867	0.019366855162874286	0.021047860936895882	0.02363495711056652	0.10987747011549512	0.07282630123580426	0.0038899096054097093	816.1406571113544	946	4.9569453689405854e-05
0.39760110706461127	-0.4501216939602119	0.9954703027649623	2.9917389254748175	-0.002124311260739405	0.24903195455494828	0.01908159543732757	0.021112518921269592	0.023476112824846504	0.10917195654420697	0.07264459509688066	0.003881152993490245	808.882058670815	946	5.5336518288035726e-05
0.3997922092216987	-0.4508231336034859	0.9980911143704275	2.979740764103082	0.0016083917220463444	0.2469726352041221	0.01910460470279408	0.021060844694531546	0.02339523823993351	0.10852988463424089	0.07244618366392402	0.0038554188253275105	758.7449732044122	946	9.743872240688869e-05
0.8286852825371376	-0.9246034143883235	1.1121254360298771	2.676550288973496	-0.7903024937125058	0.24823488461271107	0.20421897138966136	0.22972438478339494	0.049544758777064296	0.18891486339002686	0.1812501598795618	0.0037729433087342677	768.1971272969392	946	0.0038391560965780097
0.8815886548592773	-0.9991759329179827	1.112403165535352	2.594329908022357	-0.8440454785813013	0.2520390223084179	0.1892105452932579	0.21687025139618432	0.04099537327877857	0.20616282117149484	0.14410204212008362	0.0037395948596394978	798.9043964756241	946	0.004913619987503599
0.23782133045266687	-0.2652633008575372	0.945245526876305	3.1088784342152773	1.0962501067915305	0.249920056613235	0.11848366579604631	0.13181655012068846	0.06671716806615158	0.10865658110601299	1.3190056333267162	0.0037834221443725684	751.6344755825655	946	6.643645170894304e-05
0.39846928189498027	-0.4474886713216073	1.0135889075506297	3.1282387538242356	-0.0054198782566470295	0.2510406507840727	0.019200363919585732	0.021078747790128933	0.023826145438649454	0.11191806611963047	0.07310676014816937	0.0038999331720729184	817.7564045204883	946	0.00012423532011049748
1.0550013360576331	-1.178203016529443	1.13849436195584	2.3910428372066828	-0.9307370142885294	0.25118759572154586	0.12056836622772697	0.1425367787007547	0.028821078130783415	0.1515928065044684	0.06734197764966376	0.003683083576724965	733.0372192001969	946	0.010082936475267847
0.23983345069086734	-0.2678512860143132	0.9529894362096898	3.1464917721932237	1.060082164701531	0.25010234634842565	0.09201663156230883	0.10267910374844368	0.053706290382982975	0.10950203100409821	1.0019239680139573	0.003619134221718213	804.7606012462008	946	0.00023552827856744972
0.4000596714889974	-0.44935633197935937	1.0034522701631645	3.0160492098111233	-0.0007073718104437326	0.25273795391462606	0.01921824105330277	0.02110458934212894	0.023606807425572383	0.10991506577500851	0.07280407447593439	0.003922537783700543	762.3625562773518	946	6.972555155281663e-05
0.3990841206548709	-0.45064639188132755	0.99538552304527	2.9686957824455016	0.00016406926927014197	0.24888485873864571	0.019114501983011387	0.02109836756220825	0.02352990001526321	0.1094562954642865	0.0725237435025022	0.003876459696647714	721.6252565174682	946	8.98064049462084e-05
0.397219659859438	-0.45156930610733115	0.9779749827003767	2.8613412883687728	-0.0017809031068465892	0.25020837807627483	0.019069694154891195	0.0211889856225816	0.02339617317278954	0.10857637542579089	0.0723798322350996	0.00391803694392371	768.5859862935217	946	0.00015690220757841132
0.8087029296483494	-0.8957459685165852	1.110277105958329	2.7019906762221817	-0.7692277874539796	0.2503486902985766	0.2044742853697536	0.22100211721990454	0.05222937905391551	0.17894913738895452	0.18773322968064482	0.00388360703664377	844.1800461458904	946	0.0009373334040883938
0.3950333223019351	-0.4502926426374797	1.0111562240348475	3.079772363538617	-0.002174699371007517	0.245228997979014	0.018967912301936132	0.021123165727728464	0.023740815438387717	0.11080104200226476	0.07280900496197203	0.0038551967007137873	750.8786262802669	946	1.1402662338567746e-06
0.40412083420355677	-0.448802402023919	0.9912876888484418	2.8987070441899077	5.215567215496864e-05	0.24852644095572657	0.01939032417899939	0.021068149903400307	0.023329888957736	0.10787373131405836	0.07247945912572623	0.003902674462448575	805.709439317518	946	1.5507889508927808e-05
0.23159700889951224	-0.26286659836673165	0.941698571630391	3.1410613114618258	1.1090738870461503	0.24935963948961062	0.08160834544816718	0.09292197695062235	0.0494297346242245	0.11006676763640154	0.9435127333629661	0.003835391866681385	761.7476493298759	946	0.0002711925547499512
0.25114355739543187	-0.2769843695729463	0.9620117641736581	3.209752387524756	0.9532586431912491	0.25017996538408754	0.08861103274650572	0.09796028140989453	0.051249360961492886	0.11195550827120311	0.8872017482398413	0.0038210086661977513	752.6743957029178	946	0.00033284100061944726
0.2609388562261973	-0.2966330642341985	0.9502408116882862	3.138263861395952	0.8097377790632706	0.24272431183276186	0.08647574175878239	0.09825239416326588	0.05056189839184917	0.11774873038236901	0.7855443684360999	0.0038223001795559763	753.3428616215203	946	0.00028256082716909397
0.4063614283101494	-0.44861463637926985	0.9983629294415417	2.956086363125879	0.0019941012531918406	0.24703840455327072	0.019405226376279207	0.02096235474747934	0.023264836621288167	0.10794168890422202	0.07237652454397345	0.0038492696412624774	781.519711534009	946	9.340500341789942e-05
0.40122984658967664	-0.4502795174728648	0.9899996714399748	2.920442517397837	0.0005067853716653592	0.24925542837247705	0.019216962458471213	0.021088602316824846	0.023406178693997526	0.10860618944063495	0.072436156057659	0.0038981045732308078	794.2525150708204	946	3.086672284297342e-07
1.1518791767662084	-1.278964898121248	1.1645225052422146	2.3833425894768	-0.9776717773796445	0.24950260693030005	0.13770898409963397	0.15686586882356712	0.028712682612543294	0.16325944223671635	0.06165020094746771	0.0038932476077186903	839.4613299029768	946	0.015365556274136728
0.397862790140959	-0.44893014844204693	0.985461314505313	2.9422017007014567	-0.005585774603227011	0.2490204162826222	0.019152943132724844	0.02112681996543672	0.0234266072714985	0.10882087872372169	0.07264726246839201	0.003894613984224427	853.919676100677	946	8.960666983790951e-05
0.39626048400203034	-0.4554908241462781	0.985906598991229	2.8873314761047575	0.007124273884168739	0.24979664425042772	0.01885363866042994	0.021170698854173282	0.023242346466677593	0.10748275497600748	0.07212171352361277	0.003860244387904349	770.8964090251654	946	1.2530508167601176e-05
0.39685181535827363	-0.4524970971862626	0.9971574467802403	2.987721768304688	0.002392652758785496	0.24901672201267128	0.018953199334341815	0.021113289255124863	0.023432322256631954	0.10888790138338107	0.07244455972409798	0.00387653771941026	829.5437509785779	946	8.225859413081721e-07
0.4051999736337879	-0.44669441294653767	1.0048244642758444	3.0120674215108254	-0.0021739732199177095	0.2512690801665726	0.019481402254332217	0.021015735518970166	0.02354930468851409	0.10971559156671264	0.07281788785030185	0.0039201081128780015	841.9324388741995	946	6.410308696341954e-06
0.3973495817620941	-0.451866043937426	1.0052470839645664	3.052960897189636	0.0023676328099058656	0.2484634676254038	0.018963527707393603	0.021069499208924872	0.023463865030641098	0.109315831936719	0.07255115508494142	0.0038652693893704063	766.0201171105272	946	3.972412489590612e-05
0.2300139004210015	-0.25913272049491715	0.9287871635152259	3.02009476527052	1.1507941425172703	0.2469103038935343	0.06988707555520547	0.07786020660633763	0.03806270333902816	0.11469069080816828	0.8224099823074629	0.0038803266089211938	818.4939072278326	946	0.0010367967669822852
0.8644845150329021	-0.9828665556843792	1.1654400589506144	2.9163190944548827	-0.8400145267680657	0.24351290385095717	0.15908554281988632	0.17812624181742914	0.0420089952402141	0.1715408673431628	0.12589840910902048	0.0038512732356921686	764.6728770266052	946	0.004942337485132699
0.4039544156187964	-0.44937701868447266	0.9874723319454626	2.9318806036353924	0.00026519184192404975	0.2482348795329093	0.019289543733747343	0.020989571858123782	0.023207807242915112	0.10777610017612776	0.07230356183792655	0.0038463319637011867	780.5041599571499	946	5.0625512454840075e-05
0.402105430553974	-0.44885395472345097	1.0155616295631575	3.072436917251844	0.0012667573315191141	0.24962162283068934	0.019269263441853642	0.021035124635835588	0.023602399916229637	0.10993514267026318	0.07280656440196856	0.0038875001492427166	772.1174441154079	946	5.7920292138269516e-05
0.29789238904231086	-0.33623316172291395	0.9323304701233572	2.9131724797919594	0.5175304409941428	0.2505151060200203	0.01429751196152728	0.015773872192475988	0.023188155565700953	0.10905245006906314	0.09729911611167182	0.003912601764761097	760.6635298510234	946	9.791810322059834e-06
0.40349373711656117	-0.4501829972210706	1.0004147230105376	2.9954441210580205	0.00329731748927471	0.2482624055477847	0.019229437140232605	0.020982338094468287	0.02336906371498364	0.10878719953058678	0.07238601532274573	0.003836690466990148	759.9092460122641	946	0.00013137070878316078
0.3999637940783006	-0.44823404475219425	1.0079165953763345	3.017877388811682	-0.0026389533607433595	0.25198742718787426	0.019299371526698788	0.02114771814793534	0.023734021674412124	0.11041870934795082	0.07299952657644729	0.003934963329755062	868.0373864886988	946	1.8632848323747245e-05
0.40665452395982277	-0.4461345618231084	1.0446806684499665	3.199157810516623	0.0028812349904452183	0.2493796735866549	0.019527020274489715	0.02096081057501518	0.02390630742506065	0.11151675808293166	0.07319952892070826	0.003912693399820596	807.3877708022349	946	0.00019069456926074842
0.3944509614597149	-0.4486443408319366	1.0071435043496721	3.107585330153959	-0.006643354543741195	0.2444838246992638	0.018979388194432473	0.021088381033545333	0.023733713174200633	0.1109629408938292	0.07290113325797401	0.0038457441656470997	810.8361617751668	946	5.5789890941262156e-05
0.24581689786269822	-0.28059310533211146	0.9200328206052318	2.9134883340283277	0.9614268447573322	0.24590113318355994	0.09852520116545799	0.11331159039824298	0.05519516439932804	0.10700527471058069	1.0102863050461004	0.0038770161964555645	793.4576387858333	946	0.00020318447716604154
0.24879307039988352	-0.27965910141868894	0.9565527155061994	3.1750463878219928	0.9430837780842543	0.25231135127782656	0.06060558188058026	0.06881680518250802	0.03872340004074419	0.11054572505375942	0.6208422046239076	0.0038734081535645275	773.6909001455915	946	0.0012525705794081414
0.3983400885152268	-0.4538994174442841	0.9951464736409897	2.9686595246735923	0.006306071068395651	0.25063620241775986	0.01894062683593241	0.02108803762475388	0.023288483091281422	0.1081915905065233	0.07226207896407144	0.003842054106471034	772.296036336923	946	2.480911731398308e-06
0.39297738391758724	-0.448580548659127	0.9970963857167743	3.06584489119217	-0.009364454283675385	0.24408764956872847	0.018937216407604967	0.02111559797031652	0.02365271968110492	0.11061643570322326	0.07284068649727916	0.003877019635860896	767.6203263839068	946	2.941859166914095e-06
0.40569353011502096	-0.4463331510753122	1.0105280839841344	3.0414747482644806	-0.0020331532094354263	0.25522303416296427	0.019539185084070675	0.021036038251809268	0.023667174805875768	0.11057476452125566	0.07300103607482515	0.003941532991124062	802.9493874530457	946	0.00011392619812307824
0.8215444417156539	-0.9203422013580075	1.1075042285590526	2.6749005132617327	-0.7887132354287215	0.25446905273093234	0.10013967363534369	0.11468570023797857	0.02903418226972011	0.1487086172176577	0.09051886391461356	0.0039084252280300515	813.3170452617317	946	0.0011103247359389703
0.7609757367014955	-0.850561933252565	1.1112911276674236	2.7991441107474264	-0.7226792131661713	0.25620415382426315	0.12458768982703912	0.1355111790017868	0.03505256038298473	0.15783142692948016	0.12584867624424406	0.003885905245259369	680.7405188212456	946	0.0034528481680633034
0.40131432838345504	-0.449387118624081	0.9742506879875037	2.8375485268858482	-0.003461925634091688	0.2431558386159132	0.019228172268533912	0.021060853108673394	0.023322647578218093	0.10809113854047635	0.0721522745122684	0.0038459357714469107	855.4666609055589	946	0.00017509440143410545
0.3997202696308031	-0.45177598307601036	0.9932259743163824	2.9439157258646147	0.002929340863815509	0.2476771654615134	0.019070905104059323	0.021070966035806143	0.02341019144523432	0.1086148209323217	0.0723025543860988	0.0038766132477487175	820.2028688325299	946	9.660506516546276e-05
0.25654996274934405	-0.28778133010310936	0.9539732505919829	3.155003017886213	0.8709625776056608	0.2449606466470599	0.08380648255850555	0.09394385292044852	0.04954441013566108	0.11777259353032203	0.7924977269256751	0.003936691202660012	702.8387506921792	946	0.0007364579749454199
0.2512352997668581	-0.2816949704619948	0.9513514346896784	3.1819147201755387	0.9262394279673916	0.2556681196735702	0.08930451456352904	0.09997943125650272	0.05185032917352134	0.11079626497157649	0.8817053708133199	0.0038785589883248983	827.2657467203244	946	0.0012289778604056966
0.2503828675430967	-0.28285075957820555	0.9437541427623072	3.0939205589990535	0.9407351821972458	0.253131615622598	0.10474218652899676	0.11857362119240838	0.05889483161558264	0.11031186516591447	1.0457414347863536	0.0038633482221731613	810.0562366414358	946	0.00023296174290608412
0.40237758029307374	-0.4494282523631004	0.9799803103005174	2.86519498463865	-0.0017620939231064948	0.2572188672090246	0.019362269729647715	0.02115285828975361	0.023442951679012208	0.10895164780815937	0.07258258766491713	0.003983294492968456	790.9520287226151	946	8.06368104488879e-05
0.40348412099374514	-0.44322332096372036	1.016134222564145	3.1490043149540656	-0.00984808020061	0.2504615188942718	0.019527090760713652	0.020987612463452304	0.023766283240920314	0.11148759964362492	0.07332195440882801	0.003902992610819616	810.501911364415	946	1.7668661540510866e-05
0.22971277233501805	-0.25797899405550073	0.9482528953469714	3.1264388231617373	1.178984772907415	0.24842262916515523	0.12372212374788172	0.1389933055659444	0.06842808685005289	0.10930107514181187	1.4710002794077475	0.0039356921659333905	783.7214432643603	946	8.585002426091581e-05
0.23599736765492327	-0.271011604890163	0.9281372938210177	3.0300430059239942	1.0624483184810547	0.2568560344533963	0.10156991780052334	0.1162824125086181	0.05933679974204728	0.1102964914258616	1.1205918383350821	0.003942906367030183	794.9139160722015	946	0.00021400391708632858
0.39801433985601536	-0.45258512325516587	0.9904458259260395	2.931084403923246	0.0030352533569201414	0.25374087134065454	0.01904447535238752	0.021162526906965462	0.023402942702663142	0.10850918576619224	0.07248266915560744	0.0039046070456996234	760.2446643889816	946	0.0001153282425580759
0.24213153197831222	-0.27169578603672195	0.9648069276663757	3.2289123429335773	1.0384571901891833	0.24974289857026402	0.0615819658230765	0.06983289823787628	0.033018635779302904	0.1168982814394393	0.665860154379729	0.003847734504842256	705.5896312219027	946	0.00021078338702581965
0.4025612776644859	-0.45162574955610424	1.0028220485441495	2.961186811918309	0.006186134803871688	0.24915563736350305	0.01919849115419697	0.021060130252775967	0.023324430815257622	0.10793540810458589	0.07240261913809663	0.003865026583408241	784.1982947669974	946	8.268219181506216e-05
0.24984400782888821	-0.2815226111772828	0.9517403169433246	3.1628746413639544	0.9290808736128233	0.253651603611239	0.11896052671879309	0.13558040713251993	0.06513333767520438	0.11034236686400013	1.195956987268926	0.004038196564287959	774.0034365253498	946	0.00025438011227229076
0.4011529592370598	-0.44780575746180257	1.0011485494712298	2.99090107539172	-0.003517895070278194	0.24160504726822105	0.01925410225012658	0.021021958488415135	0.023549076805635914	0.10957580475237906	0.07256372475110599	0.003828026026405362	783.6494278198732	946	0.00018490369270536623
0.40293809749930987	-0.4471339772719151	0.9893342100624173	2.9429963077859975	-0.005058360721458185	0.24576081019418342	0.019352873399759746	0.021008013995975773	0.023401310551209396	0.1087692660392537	0.07250296984714757	0.003892898983316665	773.4901295351096	946	3.455083165466183e-05
0.2629423839249602	-0.28780666820979045	0.9607487160926036	3.143690097017345	0.8457477132009301	0.250315459948863	0.09611018832673361	0.10521181474102842	0.05364326752047142	0.1100628952279399	0.877186024681746	0.003763830697990036	763.8707052981564	946	0.00030995929764968117
0.39942184598796276	-0.4499218028231553	0.9985487903374579	3.0160649116704032	-0.0015703985636590905	0.24830264994675463	0.019118644899038178	0.021051669865798577	0.023539849294573777	0.10985213210172722	0.07254799117623353	0.0038605961874959597	830.3669406523962	946	2.02277046023668e-05
0.2457803602267391	-0.2760008700257174	0.9603921528982731	3.224554330257535	0.9994768499866553	0.25422596070075054	0.0916288283477035	0.10330122731706165	0.053206217077372414	0.1128485102326805	0.9588294873256393	0.003900320245273254	920.1435271695237	946	0.00023779863779965492
0.920879721541308	-1.043269306873675	1.1042749777619367	2.4677944189189884	-0.8647682489191111	0.2525839519565518	0.17205041261715756	0.193046404175624	0.03711201762809127	0.18568626693708903	0.11713388176140885	0.0037116750355937205	791.8251813718321	946	0.005833568128228858
0.4016307067647942	-0.44893879240783385	1.0117270520528792	3.073097705269248	0.00014859378488068782	0.24648662210064523	0.019214348301878896	0.020999912287690676	0.023606424777501706	0.11032200020805866	0.0726694179306456	0.003841950020759344	842.6039731281207	946	0.00015469358517928862
0.40037665857270566	-0.44985789135571974	1.0022639550078432	3.024494588460737	0.0003130930919127909	0.25376786855216044	0.01919735172566771	0.021086443974736923	0.02349863922432265	0.10946844266542984	0.07275450444609023	0.003916303903163407	814.6839437000924	946	1.519800099085173e-05
0.25435240403648396	-0.2857734513714989	0.9474142941815519	3.069637440796311	0.9252191763544382	0.2515183826921752	0.09143372696639084	0.10246407196012176	0.05298168507255644	0.11224428427542449	0.8909515533840497	0.0038982896129057935	861.2926862937484	946	0.0004766253357084122
0.3979274752114569	-0.4481004104503139	1.0090457450381407	3.122177717995789	-0.004801060401418353	0.25450909753842804	0.019166718116680078	0.02109400218763358	0.023699366192078263	0.11108422828174846	0.07312002234091873	0.003913237930304608	762.2007165205559	946	0.00011087364765544588
0.3986226784157524	-0.4482183631136651	0.9988179808090948	3.027914363132549	-0.005237659977637277	0.2581168489775731	0.019251697878235833	0.021161851647952753	0.023632677173464726	0.110481847153426	0.07307613036375434	0.003967201843990881	808.3244168734614	946	1.2918568846380382e-05
0.3971393287246709	-0.4537372100661596	0.9725885183846703	2.8545083769064084	0.0021804623237173444	0.25266138009961403	0.018953323620556635	0.021156753187061648	0.023161816633855272	0.1074499098744441	0.07215024082276575	0.003913828665275172	821.2729321249462	946	3.885311294457182e-05
0.2409473902561302	-0.2735203723512625	0.9594472087799262	3.2277872930245644	1.0343703577404761	0.2520903471506168	0.10133418040805334	0.11434738552536541	0.06048193997983637	0.11346490088952627	1.0850537210782136	0.0038243304112438575	833.6050835725961	946	0.00013638597494391893
0.39930199058187793	-0.4504051654067758	0.9929145113510085	2.96164412247902	-0.0004979140008950118	0.2549367187589392	0.01917867559707246	0.02114835327382028	0.02355001116376159	0.10962902683698811	0.0727069321784927	0.003924655354007912	709.1262417952703	946	3.845263797809322e-05
0.24492997337891315	-0.27318955345770196	0.9571375735843757	3.204146538796193	1.0066537510455345	0.25017126411744434	0.08455831411675964	0.09416443567146712	0.05002461940136561	0.11037428797892937	0.8847540600786398	0.003939161254087885	820.1359329300692	946	0.00041660863453865557
0.2328099874502909	-0.2626502867536696	0.933783839169822	3.073628952779906	1.1142173707982481	0.24361566907234775	0.0958737023828075	0.10843560497328718	0.0563973719162568	0.11499945840446765	1.1033971666683737	0.0038726202603212435	820.5568442961819	946	0.0001345544305015836
0.2534910776752652	-0.2795105257456589	0.9472493837249762	3.0606863529567425	0.9586907249949258	0.25368752862355554	0.08333102798599062	0.08979540414292868	0.04664319224532145	0.10869595680394747	0.8137655497354007	0.00391501628731394	824.97572917028	946	0.00010253847386818437
0.4033416858458353	-0.44914265220052413	1.0186119301100516	3.09504067763589	0.003287728911123165	0.252309664442357	0.019294993373112534	0.02101060481493742	0.023661582715653166	0.11039396763880902	0.07281975201435179	0.003876651471757104	843.9075783627036	946	5.5933484760939135e-05
0.3929861552004783	-0.45593221853161486	0.9825440445222129	2.8898884764396273	0.005025612357163376	0.25080062084586224	0.018739596459460852	0.021229141208672156	0.023303641338107514	0.10790623458277546	0.0722091707523097	0.003878692505142988	811.4542658977853	946	7.304066782802055e-05
0.39847289473073283	-0.4487645803437869	1.0020572322690329	3.02499334730326	-0.003491877022101208	0.24876643934705941	0.019168377653933522	0.021101896688989465	0.02366226223840664	0.1102144157454069	0.07281176563549017	0.0038814651457321414	824.557269365142	946	5.941416036403382e-05
0.4000317177637907	-0.44900668895071666	1.0003558847282221	3.0074730760718893	-0.003340492090699369	0.24225363155815877	0.019162607060715257	0.021029164482954	0.023477579203947233	0.10933179652987224	0.0724811914452415	0.0038442401476987704	787.1997008616098	946	6.672232501137922e-05
0.24806124282333736	-0.2786836334471825	0.9284658223738065	2.9931391916366503	0.9620558210723016	0.2537355938559315	0.10173678539382433	0.11444561158395233	0.055927773152338774	0.10605688352586386	1.030926287735213	0.0037675591306856808	729.8369204190425	946	0.00019808792743989477
0.4002109723787707	-0.4535493587357771	0.9779952457629985	2.843188291322721	0.005161545074089046	0.2564903784339108	0.019112517747654822	0.02117262662533578	0.023212524953866356	0.10743278387595205	0.07225475528987402	0.003929168117512484	800.9089701742661	946	6.877107495502729e-05
0.4046433355252518	-0.4487840383148916	1.023318627053256	3.05978743206901	0.004373322780436503	0.24720593224846676	0.019366653632049455	0.02101124413223853	0.023655862757355994	0.10981748754941617	0.07273945276695341	0.0038549077173994552	757.4704215274587	946	0.00013622580596068184
0.39447747568489855	-0.4545002804673179	0.9782329623878815	2.922897423419702	0.002450234821579365	0.2540674759671458	0.01881003576050701	0.021164330393842593	0.023218020456482694	0.10790226854874795	0.07227662628726976	0.0038754912302411343	835.6451678467093	946	4.573895525532855e-05
0.7383590447736114	-0.8440072312333958	1.0931501801865267	2.6895749409973493	-0.701207631679961	0.24583193791880276	0.14977759803773755	0.16943225055409705	0.045283879783975856	0.15254896944598084	0.16700524402049777	0.003868599247901971	773.5604972151345	946	0.008335364088338761
0.3942595088658075	-0.45059612567072593	0.9842109229696759	2.95920533527096	-0.005721597358787358	0.24118742325911213	0.018891848137272346	0.02109449094657884	0.023440130101552405	0.10927263737062289	0.07235084142362132	0.0038333481546379534	882.2515662006896	946	0.00016852134217556087
0.4056322703873654	-0.44898675105077573	1.0009841484475726	2.937978946413311	0.0026554588826724953	0.2541164389942987	0.019463815862841977	0.021079910750756967	0.023494076296112665	0.10905851433532987	0.07265113050806639	0.003937350104065066	816.9916456906642	946	5.680994940750133e-05
0.23903356036351717	-0.2722490682735022	0.9728617576177419	3.3200294399384105	1.040260094181991	0.2523182629112438	0.1303280696077686	0.14778010384297885	0.0729309987834193	0.11186324361827593	1.4021714370858702	0.0036388494686669477	856.9916441659375	946	0.0007060171992808323
0.40084341948369756	-0.4528672912206722	0.9735988400054826	2.80546564555548	0.0037347522299859518	0.2523807214241043	0.019152704907642523	0.021156725553008494	0.023146506150690284	0.10695245588156038	0.07214244697483749	0.003898193349129463	849.3256056770313	946	6.817428011055197e-05
0.4035572905802113	-0.4478427367259295	0.9969248697602661	2.9935801591552846	-0.00220066638547337	0.2495674225694742	0.01934519016718555	0.0210009537015884	0.02336219504596285	0.10876540392800083	0.0726050720103249	0.003882341760196636	786.3883415462427	946	6.732525392974142e-05
0.39425935580487936	-0.454784703418844	0.9754315721102721	2.885846663700441	0.0022611820127942475	0.2551364509841326	0.01883155719226952	0.02121696313780212	0.02328460714402417	0.10834451254487712	0.07228750056629432	0.003902515191735857	801.0472485193579	946	0.00010641398064134921
0.40437229474122793	-0.4470282414835725	1.009245899507964	3.055490957655352	-0.0016957063779393937	0.24708189911987408	0.01938345746573634	0.020962010168057845	0.023566524093136088	0.10991867756933464	0.07271671601400082	0.0038754593760033564	894.4328403572206	946	7.056082721322624e-06
0.23540704037700974	-0.2605001771996522	0.9512456133771475	3.1936739417483366	1.0811181184394523	0.2480765450382286	0.08522292286708087	0.0939578005303187	0.051239297521930266	0.11199964117125112	0.9476506297807582	0.004102885479462607	793.4552663200986	946	0.00023794107458933366
0.40033741915706617	-0.44746214978831644	1.0045581480960384	3.0305905889148037	-0.004417561726663784	0.24347005910233513	0.019238536728203696	0.021028973732141958	0.023578655952373982	0.10967250536115254	0.07271559837046684	0.0038436025957092955	835.9650775147411	946	4.711294443646377e-05
0.39505223217110635	-0.44776681426080667	1.0005791524499428	3.059458185546167	-0.008948505594907313	0.2512228145037772	0.01911199985752732	0.021169148187437075	0.023769504032372508	0.1112802402048201	0.07310678599091565	0.003928498536957399	834.2757772270081	946	8.458535618759124e-06
0.3962455718823284	-0.4534428261987994	0.9847706843560586	2.9277315154689187	0.002508949693364572	0.25289740770469404	0.01892508072194951	0.021156848838382883	0.023265634653078786	0.10802872936864064	0.0723604509299902	0.0038948034369426406	772.7084480414403	946	2.749015714092904e-05
0.39897563471875935	-0.45223772843983473	1.0073546046085098	3.0555153854339983	0.00471723726034779	0.24937839992881272	0.01899565482270324	0.021039192953636026	0.023445237210253444	0.10932856576389476	0.07247751052530516	0.00386132044430737	844.5973028950488	946	1.6630093599625292e-06
0.3956396293977208	-0.4520119804220659	0.9957754273105132	3.0117371925488166	5.070084679400137e-05	0.2537766698498457	0.018954951884683605	0.021155755573457183	0.023549599267679612	0.10996558253814294	0.07266630978985807	0.003913623526156725	815.2267784593471	946	9.474894955162796e-06
0.399284736876561	-0.4489960600629563	1.0019633927801475	3.020529737906225	-0.002522734689495781	0.24541154601792356	0.019148431184565634	0.021048332994666616	0.02353552075548943	0.10954464008434826	0.07261890790293604	0.0038702691544450565	804.7846691221815	946	3.552959062794794e-07
0.40510056953668977	-0.449570819305309	0.9877867950405386	2.8587231845942562	0.002065565896549893	0.24413178132241678	0.01936492235843939	0.02102800115724829	0.023289855936774385	0.10748431994920925	0.07219149093122723	0.0038555371936533508	749.3428900474272	946	2.493754839955023e-05
0.4029341272671798	-0.447496352895612	1.0294167951144446	3.159243841010444	0.0006059861201271672	0.2451286116787744	0.01930159443543495	0.020967850756419076	0.023766416741047954	0.11099577217050102	0.07292712250030764	0.0038217829352997393	781.1337496950088	946	8.622887026835352e-05
0.40066960227727993	-0.4493795452997216	1.0121328725258378	3.0735211195096928	0.0006158872039213951	0.25273023191893773	0.019221883217755593	0.021076601342408678	0.02365071193065156	0.11045726842967116	0.07288362536331672	0.003884576677970458	767.3861329172962	946	4.7912730064385326e-06
0.3951243803161737	-0.4505977144244019	1.0241351078655274	3.1886801192579437	-2.975279824770294e-05	0.24448889401154103	0.018903180776647988	0.02105506784582877	0.02369282156930726	0.11088944623783645	0.072885310750638	0.0038087132196152527	824.0119955109068	946	3.5305242224258875e-05
0.245821094290476	-0.27403481871652885	0.941004720210528	3.06845570255224	0.9908073785123693	0.2504735165214267	0.011814112140863371	0.01287559633787239	0.023341300889089752	0.11063996328995887	0.1200353557269364	0.003919994760875668	770.931023148471	946	8.551460471242528e-06
0.4016184481861135	-0.4465552371947747	1.0156120439293397	3.0881899222099087	-0.004204511330719947	0.2482259933219043	0.019349157843446544	0.02104422359632774	0.02379137522712935	0.11119007186326475	0.07301475581681152	0.003890335334069109	810.194910233907	946	2.6602105535935338e-05
0.4011023677345658	-0.449265181830946	1.0112519721926463	3.069056180202903	0.0005721317935133472	0.2546997534986773	0.01925008773464498	0.02108133363005413	0.02360637730035747	0.11023001929578105	0.07290924274573095	0.0039049820870891254	792.8975139114436	946	7.763765402092884e-06
0.40401425569775395	-0.4486530820285237	1.0099171447530406	3.0436204982077015	0.001343762148422563	0.24911385889722193	0.01932944184572529	0.020995842959462153	0.02348880294593813	0.1095746332261778	0.07266358128582462	0.0038614229590671362	872.1721530033474	946	0.00016493380407283414
0.8241154966948592	-0.9217806677958896	1.1441994853466604	2.8695331567293074	-0.7906265902492827	0.24698215332301998	0.17520464701264848	0.19375220768033874	0.04728790837979992	0.1649815078109867	0.15692411699771555	0.0038518908562395707	804.9365313982992	946	0.003195557061749876
0.7648035863170484	-0.8678191484749115	1.100272701307845	2.737391874307013	-0.742605785259479	0.24440276967662175	0.14846185635002987	0.17147514536133487	0.046366415913135464	0.14633538809861427	0.15224700500322222	0.003796854760843548	829.752936818847	946	0.003049078173615131
0.398065162491302	-0.45010095809417994	0.9901092896655945	2.9506506113106434	-0.002367601052996667	0.2469803822327011	0.01909815295465923	0.021106813804653214	0.023392391617198083	0.10846488215092646	0.07251945988973223	0.0038604690843698822	773.4955201149035	946	6.491886138963326e-05
0.39313403108118655	-0.45051519029224285	0.9865730859979118	2.9902524346088857	-0.0064387538538546365	0.24592449973210548	0.018888528430986824	0.021144205756587313	0.023542672021334417	0.1099367887060003	0.07259279986317901	0.00384750770007802	775.9312858356582	946	6.116360570587495e-05
0.3997186480668998	-0.44959041565826935	1.0186393515521006	3.0637530863803546	0.0013802609996996498	0.24314378793161712	0.0191514074543647	0.021059305694561218	0.02364492317595519	0.1097966590008767	0.0727147545783965	0.003844159223332995	828.3030192581145	946	5.3605954403403475e-05
0.24496082958483723	-0.2744508081531595	0.9303828920892327	3.0224367676113757	1.0077955555044653	0.2534845500702065	0.011698560154487106	0.012811161408496438	0.023141745551136045	0.10963249995730219	0.11999587561102276	0.003916131743487805	767.8711879515945	946	1.0060025239693284e-05
0.39561328353621716	-0.45129500307207854	0.9897277417030683	2.9671509224687886	-0.0024300348477093673	0.24616081898965458	0.018954217584564566	0.02112564764364197	0.023438623277689183	0.10926652134824424	0.07246457352899395	0.003855071709143168	830.1834755054904	946	0.00017593732623166354
0.39566646115953535	-0.45047366667663263	0.999669798799367	3.0677783092173554	-0.0027762845035336397	0.2467551360319151	0.018935545649743445	0.021060258094678336	0.02342812206874904	0.10934745050531582	0.07262563651659391	0.0038559497358534446	766.0536312135735	946	8.860427334556342e-06
0.4031656963612657	-0.44595798087891625	0.989485955547167	2.9185061928605585	-0.007294406099545536	0.24501336371658425	0.019450502685534006	0.02105230079783915	0.023426190309913837	0.1086673954174484	0.0726420220287286	0.0038921094179613053	766.4290613630212	946	5.9840760171915774e-05
0.24474229279372356	-0.27332439843137485	0.9403434047027635	3.0789660239165815	1.0061912643240019	0.25192730435911465	0.07921784693042809	0.08839617763206312	0.047433455449385695	0.11228848607797651	0.8281006561974235	0.0039427860635545585	802.1177994145676	946	0.0004502039122376412
0.40626641983024075	-0.45168937247940344	0.9719955738969716	2.811403647274195	0.005228078217328521	0.2616836352683617	0.01939790579507923	0.021098116920355226	0.023028545757001133	0.10665463213664471	0.07223394186448812	0.003971708362214366	812.0054384049643	946	0.00015071470869159614
0.7792205307220811	-0.8600251595596504	1.1184436422635426	2.763989864431209	-0.7304782321933848	0.255104356330542	0.09392850724968566	0.102500757193662	0.0340330239371372	0.1204872833823654	0.09373255802245951	0.004104594942092498	756.9896069458981	946	0.004927972159646118
0.40523306219223626	-0.44800267446731307	1.0214181142622047	3.110908713997153	0.002572856213558207	0.2515514668242682	0.019390963688078064	0.02097053199971233	0.023526229265620105	0.10969831598754352	0.07285721054159325	0.0038858137918763754	866.9403473076626	946	7.703356620095374e-08
0.4018498634619058	-0.45080189471941745	0.9906078330413234	2.9332967323694445	0.002137500908483685	0.2533820850687195	0.01922173079069835	0.02108614989749147	0.02330643186754986	0.10824947586170633	0.07246450160040879	0.00392142332087762	753.3324038217844	946	1.2689415399140005e-06
0.3978521786831841	-0.4488454039343317	0.9831730261527422	2.9687112269631295	-0.006653250691476687	0.24914109429743259	0.019114327638902973	0.02107955048421672	0.023407504195083275	0.10934357925632611	0.07258004243676	0.003893292826015867	738.0793455376215	946	0.00012913325827119712
0.39743743874878845	-0.44913947524744124	1.002776376575876	3.0522452551685837	-0.003972898680812082	0.24719664562961247	0.019086984388823072	0.02108078453234826	0.023564001538599822	0.1100759257076739	0.07275489673957744	0.0038786147390971666	771.1736335653861	946	0.00016561500743958636
0.39852607253800104	-0.45100956297877814	0.9752796933902119	2.8668966383544676	-0.0021327029939732754	0.24611554650235257	0.019072157199671334	0.021098132501615144	0.023244353217989924	0.10775701707016368	0.07219826570393263	0.003854051493955014	893.7390323424207	946	5.194211367234796e-05
0.24758010328316837	-0.2793718700191181	0.9292570181471079	3.0153586646727017	0.951305719146903	0.2416350272347116	0.08538132240627415	0.09643538025274215	0.04995500419530898	0.10980096498360871	0.8646285091413517	0.0035911935888222448	837.6171684080754	946	0.00024039414567145916
0.8067492276952263	-0.9321264509967158	1.1042223992483482	2.662877608817045	-0.7818288315533203	0.24832580714233246	0.10065997054250819	0.1161572705616205	0.03699681843642874	0.12340137641401211	0.09038605821045043	0.0038065124959550177	834.9142945826516	946	0.0026293526785563974
0.24053751549291547	-0.27505373055964943	0.9563636102380902	3.207682628967851	1.0106795789637826	0.25327697885333167	0.07090274384511389	0.08134115934625379	0.04414025091663507	0.11166465320220059	0.7591664030409185	0.003925566277588259	831.3143298844022	946	0.0005984700627454032
0.4000057956415453	-0.4500645569034923	0.9711638177678984	2.8485327143918617	-0.0033926103622528288	0.2520683053083573	0.019200622163987074	0.021123947462902297	0.02327299365786904	0.10797590990867424	0.07234983610664308	0.0039061825295752303	834.8059659325438	946	1.3035364633020038e-05
0.9992147796207582	-1.1216103081239173	1.1388142541101665	2.5183564296228775	-0.9148557285207078	0.24923687437973105	0.1100410129600334	0.1261445845921377	0.029196878410111052	0.14394886599461057	0.06624034434812379	0.004052958094773207	835.8143162922802	946	0.040048608726601334
0.917276875689479	-1.0169297159455466	1.1708943980727213	2.8317039111699827	-0.8624103105781388	0.24540912297423734	0.14746905644663727	0.1632481471788696	0.03661868897483919	0.16331781946434135	0.10900738701902997	0.0038272781121673526	776.6470942568185	946	0.017853671318865377
0.4016583475492743	-0.44654641004071166	1.0315422820796654	3.195609532876558	-0.002129015772606431	0.24910990017819074	0.01932483784741057	0.02100839631261022	0.023851537922448245	0.11161931631406234	0.07320919999021695	0.003898027850359341	803.5667220886115	946	7.737837854586823e-05
0.39890872708825126	-0.45199077769697954	0.9809550273218941	2.861799688131424	0.0014017247907651246	0.24940734192415243	0.01909675021539215	0.021151152314309574	0.02331620253376928	0.10781005334732381	0.07229925361380778	0.003872431075316348	801.9583548148621	946	7.857180660452315e-05
0.9742024652944383	-1.0962892994415423	1.1420188015742572	2.5809017778180587	-0.9042666576896471	0.24400203437465465	0.16330514428906762	0.18301031249079613	0.03724178406902723	0.17665778390237546	0.10341956195314685	0.003838659000095399	847.9072644441719	946	0.014009821551062528
0.246236597885575	-0.27966257045947596	0.9402028547792434	3.0691800171539887	0.9706381444722385	0.2521329214569226	0.08194463804256921	0.09326896842916647	0.048355921982016735	0.109478834931545	0.8416375032365776	0.003956389794464981	722.2969885157977	946	0.0007409480280613981
0.4057597315869304	-0.44959951506736046	1.0222494963731263	3.1137233792531456	0.006365459081649099	0.25087531803863355	0.019310604207457935	0.020928064720511678	0.023502883171483847	0.1097440546611662	0.07262483440568539	0.0038782812835008295	737.2637545316511	946	0.0001226740004370547
0.3929498138047808	-0.4529899211261399	0.9780726287883323	2.9032953853182932	-0.0019455387027896955	0.2451789341011382	0.018801928778170145	0.02116733828495971	0.023332332927294124	0.10821771327670023	0.07224843187141865	0.003836418191402665	794.9497128423643	946	3.805764410809071e-05
0.39598823615991036	-0.4496699169782149	1.0077725743367727	3.1030695160931336	-0.003463383703798171	0.24981311039661017	0.01901025613771449	0.02109099512526265	0.023695955606589433	0.1110751502910269	0.07286502747816277	0.003893773318234358	798.8082539603759	946	7.143724971838654e-05
0.8031759159992867	-0.898436986352471	1.1042485298872988	2.700555065325069	-0.7668097505986555	0.24950812924119115	0.17606629763129084	0.19477723700989893	0.04682769208980841	0.16941572714161837	0.16447768579821992	0.0036466762479311766	782.6007400560013	946	0.0026749002577778794
0.40285478844424477	-0.44953979982135456	1.0251615513912997	3.137922086297767	0.004345041763287016	0.2527821274284557	0.019254999480372043	0.021006842332775947	0.023591777038478968	0.11015152569795625	0.07288016335908783	0.003897467459129604	819.7981083961841	946	4.1151881123857025e-06
0.3987030047993969	-0.45136630214199186	0.9946289006808913	2.9819043792394075	0.0010795215852027428	0.24481661976210367	0.01901461505300963	0.02103753867659822	0.023327062005597535	0.10841526952842027	0.07230725150880485	0.003835379480024767	798.3950122933159	946	1.162683309767291e-05
0.3997823425125642	-0.4491894252216659	0.9995860780796754	2.991469346013885	-0.002116589350688302	0.2526532366705348	0.019233207745591566	0.021126986057481426	0.02356501555465347	0.10968870940715883	0.07279377186440104	0.003923595153328051	770.11736641356	946	1.7828895270476754e-06
0.3990288073205465	-0.4524557508921728	0.998499005547298	2.967449212479408	0.004228960248197576	0.24775926027846953	0.019030879308701797	0.021089875388439566	0.023411163942637488	0.10872398129921863	0.07235665595443438	0.0038424092777723843	765.605246371901	946	1.5967431349408965e-05
0.40173732242033433	-0.4540230296175428	0.9889094454014415	2.91145867330489	0.00898569057370177	0.2519639347461122	0.019058952929913428	0.02105255364719069	0.023092669300862647	0.10672543925062514	0.07209234579554231	0.003853601250115922	837.2789672626602	946	0.00013469182248265304
0.4001163191117196	-0.4492985881728736	1.0091114474166356	3.0746721350616486	-0.00056045805898092	0.2471852568928205	0.01914108451979797	0.021011820259516305	0.02353219290449878	0.10991595437760884	0.07265917954930681	0.0038727527748255368	800.9651523523728	946	4.148311425747052e-05
0.2382056659062119	-0.2654443314046135	0.9501065555063701	3.128559505401866	1.094738232859302	0.24537854826736005	0.10560632586929987	0.11796598383412446	0.06017804220369241	0.11672056490683104	1.1785236185355363	0.00393544677845641	734.3416111416574	946	0.00013580790650079408
0.4054915542292777	-0.4451534887103098	1.0242411139586893	3.1196473241927074	-0.0027012980582652108	0.250267394004785	0.019547739919848876	0.02100018268598952	0.023703260068892607	0.1104909366057497	0.07317621246133535	0.003890133561776418	853.3836512661215	946	5.749428787646288e-05
0.8730375507999348	-0.995493354973873	1.137907471162146	2.688264360479389	-0.8307245781544585	0.2516130347412104	0.1018945915490878	0.10950815252908651	0.0356799728805522	0.10960234062998099	0.07618126899207908	0.0038288499411123916	798.4923499051959	946	0.015391040499898955
0.40359672102854754	-0.45018701157641083	0.9931637106103648	2.9459455172047977	0.0023816413230061764	0.2521679833442843	0.019281909544341093	0.021035362974939437	0.0233033603915798	0.10833597259659389	0.07242099328504539	0.003903792695745984	766.0140682416938	946	0.00015292880161051867
0.3960461152040807	-0.4524356360926123	0.9853250385595754	2.919425465433381	9.671420658688609e-05	0.25084157452505285	0.018975878022660292	0.021178664000052645	0.023441786244336876	0.108940765580859	0.07244393696974023	0.003871792123829106	821.4027582240274	946	1.8613251785972964e-05
0.7695094119375636	-0.8543068326649618	1.1277815443076051	2.8503725189702394	-0.7279081840142293	0.25048165190814947	0.09594057046605665	0.10643776024554272	0.032330085014161146	0.12223268362698567	0.10085672575901061	0.0037853099514867862	819.0213107176576	946	0.0035695944897061287
0.3961533306581307	-0.45298606393630353	0.992805061345575	2.9558721650957325	0.002201983747416494	0.2524644766606562	0.018958474672866883	0.021179808645810844	0.02352281105693172	0.10953721087992366	0.07250987246955773	0.003892191004878508	822.493721642551	946	4.3778132427510675e-05
0.3956753834282161	-0.4534099226476926	0.9999549691387372	2.9998340290186603	0.0037883302645957445	0.24308320232186045	0.01883569457111693	0.021083160900537627	0.023430868296602275	0.10884529323614896	0.07227562107154525	0.0037833444087128198	871.0220894038966	946	1.5237214576227248e-06
0.3997493098044008	-0.4500897275062479	1.0003904805017787	2.987407401835957	0.0003210560495848895	0.2515852135360421	0.019186482623633067	0.021118856948640255	0.023529166964580232	0.1094031571556812	0.0727100706496045	0.0038848116114089566	759.1028788736633	946	3.178062940220246e-06
0.4006273222355918	-0.45008246168317756	0.9925950161802094	2.9547007757951036	-0.0002083414563555947	0.24968074043277333	0.019187611562067518	0.021077091453050523	0.023452005947294737	0.10906366828396047	0.0725009129932359	0.003883753339147312	867.0768595925751	946	2.938390110938949e-05
0.3962832884642514	-0.45061204841263097	0.9846554427168038	2.9512255785267163	-0.00385048861230979	0.24952647034658734	0.019013507620950425	0.02112706212901131	0.0234034633851831	0.10909161816274308	0.07250805538755643	0.003910274697766924	843.6587959756814	946	6.254039359119389e-05
0.8609866087094411	-0.9730900447457096	1.1205272127450858	2.6367201665043676	-0.8149345577154179	0.2545134692900485	0.17922529913939172	0.20470903803682286	0.04357332733230234	0.177479754789467	0.14763198135749614	0.003873894593013326	816.0511373665936	946	0.002603126581868869
0.8134226454367007	-0.9230762013769923	1.1073164184890067	2.6355300790999188	-0.7757355609792218	0.25519736351861755	0.138642885138143	0.15670683861261098	0.038167100034291766	0.14995634024418372	0.12658988760319476	0.003875499436261626	739.8490294288907	946	0.01316504049766282
0.7367698005776615	-0.8242260897807636	1.1108122667063995	2.839094703502226	-0.7033651354316879	0.2531966869201114	0.12303784181495202	0.13628300443611813	0.03923310596817687	0.14411702473076435	0.13805290906451778	0.003764866169514204	763.2488982943896	946	0.0013952965016536907
0.40044278318883186	-0.45048082712421994	1.0062504086159565	3.0217487767880233	0.002267745619659522	0.2558826446572096	0.01920644401285116	0.02112167783272565	0.0236240194282485	0.11004533076642223	0.0728078505581441	0.003915968446340266	768.5547230025622	946	2.3931130836778862e-05
0.3984463948870892	-0.45079668803781214	0.9931437854187665	3.009750577791571	-0.0007067992136238117	0.2553653609303987	0.01908011448465162	0.02109698824603813	0.023514608802857506	0.1100514371872961	0.07264248150458313	0.0039291877841170515	780.9793633263041	946	4.0360653704829146e-05
0.3995984730944995	-0.4526540763561765	0.9727277954449272	2.8222103314679114	0.002289698773666804	0.25343371202423187	0.019114027408337106	0.021166657989469297	0.02321265421547177	0.10731431215189438	0.07221947712336864	0.003920372336467341	828.1865135785758	946	2.2331601331008442e-05
0.8900232348453313	-0.9997905861929378	1.1296707463566777	2.657555138634282	-0.8445781874276092	0.24463769556162285	0.18646043594605655	0.20797568396892394	0.043330140387687725	0.19339786789896807	0.14299332656511038	0.0037539765249652176	772.5789618815079	946	0.0041179148767856505
0.3927512608886431	-0.45015014923822694	1.0089366282519454	3.1286777987203003	-0.004711281426721223	0.24986626369460685	0.018893919740995305	0.021147269377290265	0.023777075581495003	0.11143509293389384	0.07301175804193567	0.003869365392558483	771.3530900862404	946	4.387615579027294e-05
0.4020093906682037	-0.4503386841327429	0.976325201060882	2.841438152444165	-0.0004959330358761047	0.25521290759491944	0.019300609577924278	0.021146108157937864	0.02325046937049216	0.1076994032633007	0.07242248416371659	0.003961450654159456	778.687956294665	946	0.0001266845157405284
0.40182109476205047	-0.44887526413066997	1.0124514452970568	3.080715789551433	0.00032485077167672383	0.2505104852020973	0.019244802726726563	0.021021683533739816	0.02355553176514721	0.11004815918898342	0.07278521572497222	0.003878272528309297	799.1129742251028	946	6.800389000419359e-05
0.40510931202887124	-0.44407005813238676	1.042551044539477	3.2357824099837345	-0.0033785844368878913	0.24627958773630718	0.019529446799021802	0.020948335815736564	0.02392811001652134	0.11204601916459953	0.07336180691639163	0.0038762306017233214	809.7173767622801	946	7.694107507407071e-06
0.3959994073710179	-0.45279619157483464	0.9729195250663453	2.8442235168638157	-0.0005931110422507811	0.2459295946887068	0.018939695984688438	0.021161594668818815	0.023245491611098366	0.10757328453027996	0.07214050840520457	0.0038436964778607277	848.7721999815218	946	6.232357311280176e-06
0.3988683878207827	-0.4507028386910252	0.9919000697203718	2.9440217532912896	-0.00034845667351238505	0.24675435835032275	0.019100863885422318	0.021097115372947808	0.023383266303990208	0.10850249589649431	0.07243768897323556	0.003855419577119692	860.2289083160686	946	1.9954179964092854e-07
0.40356486808312086	-0.4497681836257176	0.9840683409059767	2.8663796649039344	0.0009223111265208581	0.24825320939027057	0.019321552063606	0.021066004699090674	0.023280359994634618	0.1075407667769115	0.07231202519753421	0.003887270539697424	799.2229350858996	946	0.00011794201106184886
0.7902531034759402	-0.8835459860794526	1.0864489674744737	2.6049100824701963	-0.7546516343520139	0.255552354850969	0.14760190007648227	0.1655466808249006	0.03810356193936148	0.15735606473701605	0.1452056107079423	0.0038838387839191476	773.5824539369394	946	0.007180362623172424
0.3992357404245589	-0.45235437646939247	0.9970978481390814	2.952816803334864	0.004354018997445816	0.2438099445467042	0.01901225392158493	0.021054685080388245	0.023274246819710357	0.10767593857287087	0.0722204027778934	0.003832417493383751	898.337938525239	946	9.589556604158657e-05
0.9523921692851386	-1.0697165315668662	1.1527057914700043	2.663848145387147	-0.8932507996954328	0.24898309553397285	0.16760911284939622	0.18480119628378291	0.03577288253548393	0.19041675625716661	0.10749619733857389	0.0038965499284139998	825.4305148597416	946	0.02245816862374595
0.3976820845405869	-0.4509765554456821	0.9908012051708516	2.9661575669806073	-0.0010088089049981883	0.25365066631663763	0.019083159957999727	0.02114829011534892	0.023431494099543003	0.10902682974509725	0.07263846425441586	0.003900288440851355	738.0428151071974	946	3.2324210896041025e-06
0.3998790989041678	-0.4518505458975599	0.9826214673213288	2.874573797685601	0.0019228478080165516	0.2506631837576671	0.019130768124958085	0.02113329872457294	0.023315438865881104	0.10796746402090784	0.07231206638087799	0.0038968139969190363	773.7764621762972	946	3.5803625798858905e-06
0.3984032465914684	-0.4491390066043571	0.9923022220271842	2.980036201795989	-0.004189383101654145	0.25030083079451476	0.01915821272313541	0.021112421970421052	0.0234677382064617	0.10930093959408446	0.07269745675713668	0.003907678181353265	736.9721321092261	946	1.1830554684500746e-05
0.4013777753192204	-0.4501578530302502	1.0030638250398207	3.0014190885673195	0.0016134849952015766	0.2431142270922	0.019149845742591234	0.02099931806467549	0.02346120458124045	0.10919783061860398	0.07236694884765693	0.003819240734476163	790.3373740191787	946	0.00012891492346050245
0.4016050128058529	-0.4481973200270598	1.027350624381027	3.1647909509765126	0.000926247094710376	0.2580485709880699	0.019323819075793256	0.021084366750868375	0.023874568525037346	0.1117347693536345	0.07328074740551377	0.003937385543085888	801.1477456582422	946	0.00016441034577751855
0.40251841996013216	-0.4495788581362267	1.001848390800753	3.003506317339665	0.0013049676044774063	0.25297620754603095	0.01927676172669833	0.02105512475750904	0.023487725063577575	0.10945447626743324	0.07265637812958048	0.0039018641891703956	799.1746501126611	946	2.0318447233222218e-05
0.2573252684450565	-0.28743042857032775	0.9631741542184418	3.2157055734414466	0.8562575218843531	0.2429793661968303	0.08923874811960991	0.09972445172846885	0.05221389441650921	0.1172341402338337	0.8365952105131572	0.003811179759650254	834.629628378053	946	0.0003526279451949601
0.3990636419083372	-0.4524088612488959	1.005211407514807	3.0306661436938644	0.005126515326157528	0.2495180626244723	0.019008771924020562	0.02105794501112448	0.02338013949163619	0.10862746047839612	0.07246168994677998	0.0038450747244249944	681.8766763757745	946	7.337295513614738e-05
0.9004849452357002	-1.0344047589630527	1.1282535255904849	2.658497287677525	-0.8656174099622598	0.2475896251914578	0.1111206150764706	0.12722280070275432	0.031761597026582426	0.14332937415327904	0.08044465993047988	0.0039143157322435815	795.4312167039673	946	0.014856263049607965
0.40244944865511434	-0.44948871411096325	1.018057024431909	3.0844728992664976	0.0033227386314803927	0.2502734530683196	0.0192491910853907	0.021021981911601883	0.023478124739463008	0.10910114362161782	0.07277481442047774	0.0038654303672201952	759.9544074004465	946	9.94815475127145e-05
0.9497868150052006	-1.0529854277822897	1.142269612980704	2.598757097130547	-0.8729424885196818	0.24918730200780573	0.16297356076194383	0.1804403413306493	0.038567168931668276	0.16896407362965382	0.1097420878765402	0.003721341828548433	817.8286267127058	946	0.011536761431337927
0.9185940097023075	-1.0281129643608529	1.14866885470063	2.6617846648732333	-0.8468367470596517	0.25427097677692184	0.1407488782487663	0.1535965788944517	0.03680804068345202	0.1509285554802887	0.10127039279553667	0.0035708395091500426	845.4366601877232	946	0.01575733665671138
0.395397534822704	-0.4501201117322241	1.0080782464628246	3.063466820396009	-0.002617870703962977	0.24849664755945108	0.019015344106997293	0.021151660980430125	0.02375474957869309	0.11093893725953755	0.07288714033682178	0.0038691800398205503	739.1546841948068	946	3.954729507706115e-07
0.3979559430325045	-0.4509880632176653	0.997729335498687	2.9751916388259247	0.0004059395444783984	0.24106197181460307	0.019009845907485445	0.021054669914693014	0.023407217887686523	0.10844989158534496	0.07233442930106439	0.0038221674840249738	751.4439047676993	946	8.04929272890076e-05
0.40261608252188386	-0.4467996838784543	1.0318228936063958	3.194101126894174	-0.0009067686175286999	0.24723317024419428	0.0193235724868165	0.020972656937343268	0.023843073510727533	0.11166589186176291	0.07308864840329875	0.0038417965015632694	741.3035691922555	946	8.248205350412779e-06
0.7944755646742704	-0.8951582289336513	1.1108472410506167	2.696830566104863	-0.7610150176206572	0.25173864602779233	0.17925994174877802	0.20148135547804535	0.04736822763657718	0.17771072911050598	0.17179845522502832	0.00393702242153893	719.84434118788	946	0.0030942577829061882
0.8983182321564578	-1.0093072401476357	1.1271012546478028	2.6132863818667236	-0.8440042955453874	0.25028488993116177	0.08303540279171044	0.0899558096000292	0.0261956139280923	0.13523366663677802	0.060239943013260494	0.003934811789722161	794.0696820664446	946	0.005180260499964782
0.4041834967752552	-0.4517214555086938	0.9771744987199612	2.7678963370210843	0.0047830751208286695	0.24815207957467741	0.019332963747561268	0.021137147608952713	0.023121648178423153	0.10616793654208158	0.07210799099584232	0.003888993388343114	800.8032499554081	946	3.808941350815773e-06
0.3999985753719207	-0.4521567454075261	0.9986148349090375	2.9543573346428653	0.004704816112761189	0.2475151001720137	0.019080293665033644	0.021081251245868435	0.02337472057097776	0.10824353510455959	0.07234591238987256	0.003857849725023991	856.7440323126477	946	4.996838962170052e-05
0.93713608648737	-1.0562213695061176	1.157011765579353	2.7005287183936684	-0.8743198272470063	0.25389192557614154	0.1251504882557761	0.13871181787077927	0.03375576819835347	0.14906232812669598	0.08508656853583542	0.0038872442824851644	829.6655684173988	946	0.026345264384225225
0.2494641710715237	-0.2769712099236934	0.9570322345965508	3.1375025616550882	0.9754003372791455	0.2526178418293189	0.10026081097668614	0.11133732546893683	0.05652465658782236	0.11019112733590068	1.0152773569433173	0.0039477718556173045	782.8076759632684	946	0.00023167583087191931
0.4022703688954086	-0.4524786071449268	0.9882987982182792	2.8756026226030422	0.006108550051144233	0.24968970590053427	0.019172015505022892	0.0210873405302493	0.02322339640989514	0.10718901375828095	0.07218295329038547	0.0038928775714377386	816.4330430845056	946	5.5114565978333876e-05
0.400138601650929	-0.4505309285646506	1.0130634661775715	3.0475270385526505	0.003062592981760047	0.2468816108688049	0.01913067612164497	0.021055960752507298	0.023548137007699674	0.10939631206159328	0.0726325462288667	0.0038545991256127483	838.1117356227112	946	7.733577285439431e-05
0.4023318393278685	-0.4481316867905094	0.999896845387678	2.9968027776023693	-0.002060382991152587	0.24589459264573957	0.01928702465126836	0.02101166118349708	0.023364542695795538	0.10861805721792368	0.0725825816722468	0.0038672307262204073	820.9145613673803	946	8.057702127960598e-05
0.244800459515382	-0.275369813836861	0.942640231690343	3.0852421840415483	1.002060030150015	0.24605125230649255	0.05224358583617357	0.05764008426520423	0.03956714459864665	0.11638024237586998	0.5359352811265847	0.003821065950873513	820.618766196827	946	0.0003057312324861121
0.8265511953393224	-0.9389431110279625	1.1309884335299958	2.763167654039729	-0.79849016458722	0.247083338882139	0.14144325029590557	0.1621850537581332	0.03771692443367676	0.16605042634652217	0.12483507719210075	0.003806136349764335	848.0279285682102	946	0.0025049877609451396
0.4062206337985102	-0.45274580974914125	0.9950579297192262	2.9127403270008454	0.010318011444647602	0.2573806233139641	0.019299581114389407	0.02103964815066551	0.02324699559558825	0.10787294122712239	0.07223429423030228	0.003915010385199181	868.1983439640181	946	8.66627962829568e-05
0.39956573070956874	-0.45087494144788576	0.9881474203037897	2.917836760165161	-2.275605272915013e-05	0.24857883609488626	0.01913242613674804	0.021107091428537283	0.023436254723689657	0.10892216340564381	0.07239502826890887	0.003878535420437623	854.3779604546409	946	6.864705322958762e-05
0.39394916320546824	-0.45057617848923354	0.9689995802960568	2.8953310308602407	-0.007856510249334467	0.2465263082957464	0.01892324558741606	0.02114591718461352	0.02327172182485045	0.10835910921339263	0.0723594485625229	0.0038490999897922186	738.0370178277019	946	0.00011872676537118555
0.9700321449629892	-1.1060273671787868	1.160247262981132	2.668830089097747	-0.907186427507837	0.2456437186339179	0.14342094011902687	0.16708030613231986	0.03329306086004123	0.17463412968051897	0.09199658791865829	0.0037763171561326983	807.7973478590937	946	0.013590636731384276
0.40126841562195553	-0.44965283637415243	1.0164282846155455	3.077599467672763	0.002489247074158382	0.2514454634591668	0.019224561294224788	0.02106171268581608	0.023631539293454216	0.11009449597582549	0.07284099440765739	0.0038862160184040435	840.8615578172924	946	8.318200691792178e-05
0.4039346044177669	-0.44769141799388085	0.98762999015651	2.9112911416714407	-0.0032538082241650164	0.25129159480856206	0.01942841709200266	0.021068952291011	0.023441778562379285	0.10893642167532706	0.07259594907178785	0.003911562368836895	695.8490736400463	946	6.100341366795836e-05
0.2416340894942202	-0.2674253727979455	0.9591798794875787	3.146540388695477	1.0707035496205284	0.2453554064595792	0.1121403205099164	0.12481758004354236	0.061753774012273575	0.11149077346836442	1.2218021854324346	0.003669713754156638	833.0710625274203	946	0.00047076229367337875
0.401728724512158	-0.451554317394976	0.9928821440988209	2.9454947838520082	0.003599355320861801	0.2564733210867259	0.01920123568668023	0.02110307078275741	0.023462632165373386	0.10940727298723274	0.07248907434650671	0.003934633761664167	742.1701165796485	946	0.00019226804437346743
0.9035007191472902	-1.0027840549577378	1.1538766923047477	2.7534579117552673	-0.8538972970761397	0.2440327987415848	0.10803625322480051	0.11631712276872412	0.03101929804436591	0.14235432998942882	0.07551868623670398	0.003842300224444007	875.806754566333	946	0.015750292179977986
0.26400888870885814	-0.2984221289385594	0.955324233745932	3.158331131876625	0.7924671039362328	0.24843132226953993	0.05936605031898002	0.06578493761107408	0.035699290399679964	0.10999827966603302	0.5275494232246604	0.0038751826996256634	761.1824114201887	946	0.00019119461561745716
0.40663881783029926	-0.4482744381030832	1.0059083392211954	3.0014507065638205	0.0025306533798459493	0.2548561837389005	0.0194804172683398	0.02101215409117013	0.023465300153218165	0.10917190570577846	0.07271369798518915	0.003918690971758576	831.3990705141094	946	9.15212866925612e-06
0.2508109751825821	-0.290661258780621	0.9136641475419791	2.930426499917054	0.8654656231384062	0.24550413271812074	0.09717430401833142	0.11057315020775657	0.05724318957864878	0.1154694599333219	0.9227754998084451	0.00384782539128574	796.5076281847328	946	0.00030048679602503477
0.2553499708813543	-0.288702309225745	0.9716830682523412	3.2340658590476807	0.8902746433354017	0.24496922169961585	0.07617387497166579	0.08609814514280116	0.045899005452543586	0.11585194721968209	0.7314347800001813	0.0037866526506190453	745.0693975642271	946	0.0008325552354098249
0.39743065941516414	-0.4474684557439803	1.0098536215583356	3.101876874839674	-0.006567474496151565	0.2501144083820527	0.019181545650405144	0.02111140749660597	0.02379174776670183	0.11145085505942812	0.07311395321995155	0.003899984143544966	776.8244133218963	946	1.8811605873944507e-05
0.25719087251471623	-0.2846892140148276	0.9773148303593151	3.270527479924502	0.9102008444477032	0.2554343811702075	0.012313966169691493	0.01332829382508397	0.023609953625999627	0.11270231614552022	0.11616853784831713	0.0039018023299032902	772.0489458260835	946	2.9461754181851588e-05
0.39678887327682144	-0.4492508934247002	1.020661647326098	3.109201863623297	-0.0016584070822885373	0.2430608954074515	0.019063728119085604	0.021092721716036864	0.023723005124827088	0.11044376778413093	0.07289753663484369	0.003836228170938236	814.689559872369	946	1.6381002675934186e-05
0.39430484656804243	-0.44916491710040085	1.0051110780021766	3.082020832959981	-0.006211698398173682	0.24494806320278517	0.01897556624449468	0.021118332775012134	0.023753353024051377	0.11123665489936058	0.07286770937802227	0.003852132151827938	738.3709061500233	946	0.00013882255430564672
0.8366739503526522	-0.9234669518652393	1.1241250149838378	2.7291195227338965	-0.7888619021543261	0.25524813054634954	0.11545780775197775	0.12886367131724144	0.033841631331063035	0.1369444288908696	0.10317125953859205	0.0038838700570189002	789.8548197383441	946	0.002280506618266333
0.4009055088214938	-0.4520593304143386	1.0001849490859407	2.967516627056132	0.005429294984896812	0.2577943412364628	0.01918182769369257	0.0211429692648068	0.02339706362808983	0.10851893623045153	0.07263769121206748	0.003942923478063063	812.1938711441755	946	7.388023260288161e-05
0.8823386334485726	-0.9888778294019402	1.1565432967228866	2.798681307800887	-0.8405036501357438	0.24696804788805654	0.13105023612548258	0.14482182596878354	0.03743925627491061	0.1421743313700334	0.10068193808797853	0.003829589447939766	839.3803419320168	946	0.013365907509405979
0.40607244398260145	-0.44734630882786286	1.0357101735282017	3.1660179227060286	0.003773839907339929	0.2602507762433963	0.019529482743684858	0.021046815729141067	0.023889731145118026	0.11171939566887623	0.07332490583982504	0.003960592397756459	723.1590106306851	946	0.0001503168023808363
0.4013740112786496	-0.45028290872227683	1.0026688728249222	2.9727478146666644	0.0021509354639182273	0.2462362739295626	0.019197042146401326	0.02105949661218957	0.02345729005418979	0.10881843167207929	0.07247186947636089	0.003856103984538856	787.0545922859405	946	3.7767208375683187e-06
0.40106574012552526	-0.4496237894585756	0.9778554530965634	2.84618123339226	-0.002584028353625	0.24920409669128735	0.019273471774045477	0.02113162529116945	0.02332946349991713	0.10800737043783186	0.07239302972954213	0.0039049627248669214	825.6731708660147	946	3.5127661162386156e-05
0.396711146992682	-0.45330693222599067	0.9905901238536474	2.946677090564144	0.0032374394400769796	0.2552363981994564	0.018969990946914306	0.02117821476977136	0.02344756229714621	0.10903429725181121	0.07249075556708985	0.00391419080004664	808.5205342694167	946	9.664159519307951e-07
0.40562931802618185	-0.44810525030036413	1.0171913737658094	3.0561758219376975	0.0029945846220677096	0.2496968835056359	0.019418414313048766	0.02098681466681896	0.023503410567635826	0.10913285280295318	0.07275858070977481	0.0038905273364938263	823.0430449224973	946	0.00010542433451797782
0.24259456367851984	-0.2704894264295725	0.9594408811102595	3.1504813033551455	1.0583071583760164	0.24756649859328786	0.0997187506257564	0.11058266317492314	0.05761510002024007	0.1154893667075497	1.069074941531762	0.003825734141933327	821.9373347908345	946	0.00016550928641670214
1.038238447438191	-1.1562095649218982	1.1511109187571047	2.5296919642517546	-0.9335804030191153	0.24653953162027797	0.10870637708105574	0.12252225622634896	0.029503711308890086	0.13500979378893066	0.06035788386771816	0.0035225684294667515	772.6851481412492	946	0.017330671501412355
0.39561700545349987	-0.45016348073298357	0.9967937148270487	3.042344095377511	-0.004129974442263021	0.2454699905382217	0.018954824669766304	0.02107388869393304	0.023544798660826597	0.11019455123119783	0.07259335273386466	0.003842529890240677	819.4658972713016	946	0.00017194183074998286
0.39695611480171766	-0.45423853322794583	0.9938587922396355	2.963378714307722	0.006064365753409002	0.25269595459045874	0.018911624382881822	0.0211398099213122	0.02333164372446156	0.10823832163904465	0.07237073739018038	0.003870470979940583	775.006561240052	946	0.00015767357128574982
0.39520763962408906	-0.4502836396244275	0.9938790500425233	3.0009967916330504	-0.003997790302167228	0.24788603711816204	0.018993101369725193	0.021141609325601222	0.023458941831890314	0.1090799184862336	0.07269193167273534	0.0038782724456527208	820.5060734831372	946	4.836434952895123e-05
0.23664165266574896	-0.26340772609946206	0.9377790834535604	3.0770501937376227	1.073720447877032	0.24415524409974043	0.07795034328840575	0.08683627417784741	0.047577506781728465	0.11475144626655868	0.8657112573184893	0.0038882393977987474	771.2690623483581	946	0.0005279914534427914
0.4045996240082591	-0.4506923773210999	1.0175781630222689	3.0852691257874443	0.007474278741846287	0.24931648941251117	0.019222220493317115	0.02093875519493688	0.023426671507482455	0.10907251494503635	0.07248848995131131	0.0038477295414814155	849.2348354198284	946	4.6728437283607264e-05
0.4068921350913967	-0.448223222889573	1.008186005096605	3.012393221272039	0.003011703527160089	0.2546181174730208	0.0194789812010648	0.020996925084982267	0.02350336312147766	0.10931586401731043	0.07270513019746974	0.003914101884096712	774.7734640405467	946	4.825772918660869e-06
0.4031304761460551	-0.4480332341612531	1.0265263561941307	3.1157446302227507	0.001847509542438454	0.2469531928671269	0.019324865037762495	0.021006120643065493	0.02373279872266252	0.11051240304650146	0.07290243258581558	0.0038675156337651673	841.6235639087474	946	0.00011179090844867581
0.3956470937293952	-0.45350463834532634	0.9740362354100581	2.8710195031181005	0.0007498549010391982	0.2527219216115358	0.018914279258904952	0.021180071078400954	0.023243010551588807	0.10786523871140044	0.07224840361173836	0.003916395969710612	861.056225999517	946	6.489811835162996e-07
0.39557117695399474	-0.45220164876245594	0.9748180867454732	2.8835228324613973	-0.0020740320613179836	0.24621031504810276	0.018922968989509636	0.02113704097950047	0.02322997920603265	0.10778792352741062	0.07221856419348593	0.0038579928464098742	813.6643253561413	946	9.571291397782343e-05
0.40137059621899884	-0.4495742298823646	1.0206370219700183	3.1212730201481507	0.0027843374824003627	0.2542475665692471	0.01922116137319457	0.02104734735960621	0.023622134664024876	0.11027853048582774	0.07293186083084614	0.003918068002918994	687.9198208728212	946	5.98125496897285e-05
0.3978993473840489	-0.4565274009568366	0.9764704492746564	2.841295660506326	0.009273481958884236	0.2502995241248978	0.018845425114999554	0.02112298342823591	0.023091721372551506	0.10683042252045281	0.07181992665787366	0.003855246825825233	847.6228834031276	946	9.140428512226684e-05
0.8502139961868197	-0.9459539329608592	1.1424342488516495	2.7881361076136972	-0.8104867959599483	0.24339106665515964	0.11751254990140017	0.1279317452565749	0.032735507767369006	0.15129683597278884	0.09591659788897489	0.003809630372574369	884.5286225226758	946	0.00539368151898579
0.40273129459537516	-0.4496427041577239	0.9995599142976154	2.982268052438527	0.0016736822668837463	0.25077046341157677	0.01927449980183835	0.0210438405096267	0.023388772858854493	0.10855816212763432	0.07256788072151497	0.0038930082186565827	750.346586855686	946	0.00015820555365168482
0.2530340972210618	-0.2823706918491467	0.9626353483734114	3.2054542416375944	0.9033269077825334	0.24497947369244394	0.05442743977872884	0.05864487144578757	0.038981201143903736	0.11565785995488113	0.5156507149542232	0.0039076181210517084	858.7704640213032	946	0.0001290703185942552
0.4045682418847567	-0.4486563905411845	1.0143122694823195	3.0588906959474005	0.0024138279878374034	0.24852997674161323	0.01934262069986346	0.020981757738282928	0.02351362949741124	0.10960956093072692	0.07267095387236557	0.003854064451356864	873.3334916284718	946	0.0001031151815462101
0.4002669303477322	-0.449770120787823	1.0017298283312797	2.9722296426762504	0.0003344319785316543	0.25146621743480424	0.01923350583534721	0.02113153868585268	0.02355188737227021	0.10923793714421733	0.07272729514319319	0.003927432716814153	827.974633902553	946	0.00012797839429068712
0.3961930071081698	-0.44778461383091195	0.9876351022478767	2.965491007748464	-0.009609963924650886	0.24023483134484522	0.019089001396549423	0.02108940574908555	0.02354336574389193	0.10965810262947108	0.07258645265621987	0.0038231261035701646	823.1632623551093	946	0.00014000786445760285
0.40396695767032087	-0.450890474911695	1.0137063754504854	3.049225885152052	0.006755247842811584	0.2557451135733074	0.0192785912602777	0.021040922667716188	0.0235026761809944	0.10950127225648211	0.07268730646592118	0.003905641398049222	869.9697799845007	946	1.4312961736698906e-05
0.8129736987372568	-0.9451806028885292	1.1143386556243062	2.701857783608049	-0.79478394124576	0.2507118319003781	0.08443571437282596	0.09526715713601251	0.028823085526312856	0.1354209233516754	0.07288313742485769	0.0037116472028296808	851.0633223603811	946	0.005134683765817166
0.4004710049755941	-0.44842405711783984	0.9981779428420305	3.002903167261497	-0.0038979241299391403	0.24842651435431215	0.01924219806964837	0.021068217500731512	0.023499610071604154	0.10946638324100687	0.07268972135832352	0.0038735909314726157	811.7062389531916	946	1.8636143099242863e-05
0.40051486851324325	-0.44769763926550754	1.0115621692993255	3.094611926304882	-0.003030398281268242	0.24837148945404294	0.019234558698064844	0.02102094842333529	0.023629316228203457	0.11028303945588265	0.07287934291069101	0.0038843834207348753	792.3136912086193	946	6.018547259321438e-05
0.39705452785161544	-0.44929516760925764	0.9971352314731623	3.016208334961544	-0.004364055759522586	0.2500150267651015	0.019101934508885445	0.021125363815322235	0.023539926118965958	0.10985097642179739	0.07279480430747094	0.0038957868979199207	758.0536351984998	946	5.1794706747636426e-05
0.6793460380334709	-0.7588904436097278	1.094887394114201	2.853991906673732	-0.6248414225189641	0.25369170880200476	0.18623316133786533	0.20730603794422753	0.056585540242303736	0.1622639814149232	0.24947296946079614	0.0038923289996870103	795.0223802409471	946	0.00046673123689102905
0.39840996395784667	-0.4506172236000177	0.9989791360812089	3.0241629004206745	-0.0004929430677008407	0.24899328152553912	0.01905755007314253	0.021065428310177044	0.023520387278458548	0.10987915579378933	0.07256189422804855	0.0038697090291689835	774.0364357542633	946	0.00013409611484462358
0.7929648041862399	-0.8920107522571711	1.1017974113151596	2.718998259347566	-0.7650788334102677	0.25522621732883966	0.17709862239361365	0.1975329892525433	0.04690717274212881	0.1727755098911702	0.17016956268695457	0.0038083964003970986	821.1937254415691	946	0.002221692041304976
0.4004641734714591	-0.44912441928933633	1.007638995189237	3.0111551813673434	-0.0004972601491382221	0.24621950082395486	0.01921969565983598	0.021077044203248973	0.023588886006764075	0.10966443237786709	0.0726878469099834	0.0038748309206464997	732.4132392653669	946	4.182856161176976e-06
0.3927848317574016	-0.45220416500229776	0.9962229519744666	3.0272008013240472	-0.0018240571691462595	0.2528257261773651	0.01885675740642617	0.021199813560030787	0.023655718913495064	0.1106026157403366	0.07275898530481668	0.003904693387287538	734.6897814390162	946	0.00015905757774669084
0.39580588523558796	-0.45088104762663905	0.9855963402450183	2.9661539622994386	-0.00349064193628834	0.2504888526200495	0.018980945583924966	0.021125651336325078	0.023502209042637424	0.10964455222991863	0.07252110369526381	0.003906343866051522	693.2751959384714	946	1.2558757240951825e-05
0.8950124305436566	-0.9953029572192639	1.1497769441887695	2.7348883900644916	-0.8436738539754266	0.25103946215497475	0.12740245344545356	0.14054064333721164	0.034921568546572905	0.14700502450580968	0.09634803834699968	0.003921766462215214	820.1738298148964	946	0.025127293680315556
0.39688741818675005	-0.45152290420818203	0.9840611532503613	2.9222964615439238	-0.0015078131339350228	0.24616917821319567	0.018990146868540527	0.021112898510251984	0.02342969340638847	0.10907287840773332	0.07231097879395366	0.0038650646505103275	787.9551454237533	946	0.00014319286604024185
0.39708916244662074	-0.4558955880928264	0.9953548522425651	2.9250242362384915	0.009793853915273633	0.2537026662743115	0.018888691131098725	0.02118658168796787	0.02340761287774093	0.10849273566019194	0.07226948307463761	0.003889689039260886	901.5763129374882	946	7.223435831812781e-05
0.4003449688332615	-0.44508652869746096	1.014236727902797	3.115453255271979	-0.008445959400025741	0.2428580998835588	0.019313719305303716	0.021000222213272034	0.023739554493941616	0.11090048965011161	0.07302498953825853	0.0038789729099481477	728.372859389734	946	5.517488191907571e-05
0.4054090729240694	-0.4483248863281398	1.026524917585548	3.1253806602238337	0.004154572376389892	0.24771707721148079	0.01935755053747836	0.020941195002066825	0.023567433299467335	0.10982604200728847	0.07277016696368883	0.0038504667242039714	772.7248610236795	946	2.428427354715184e-05
0.4022094439364761	-0.451226583326264	0.9982063100731422	2.939934518879086	0.004695314922569291	0.24622178917390158	0.019181235934919452	0.021042151047792116	0.02334036597628764	0.10784549274166527	0.0723004414414999	0.0038500316535210093	760.7114997242727	946	0.00019930942341798524
0.2538460828805062	-0.28409947590457696	0.945489387922274	3.0705478860735314	0.9113256023945799	0.24759556798852392	0.012148181490959142	0.013290006672336608	0.023283957027671737	0.11019870509077859	0.11576892807691067	0.0038788193330673193	809.2419788612389	946	1.3608171004516683e-05
0.2625046543222482	-0.2942520202980481	0.9148492976142021	2.8224643482535487	0.8383459152527337	0.2460831999840658	0.11353862842598254	0.12732998058688283	0.06204153128587343	0.10610745068483504	1.029577228722209	0.003957116570197983	802.1003744556936	946	0.00016537573898541284
0.23961389329098062	-0.2702809530377244	0.960022743544991	3.220096994516948	1.040247327372988	0.24909032793835623	0.0699338027650515	0.07854337415596047	0.041588875752616064	0.11052000766928109	0.7606355421002189	0.003592401184141934	820.3464376293284	946	0.0003229101903599306
0.3971396728071171	-0.44823660176730706	0.9926226711173843	2.999077609717848	-0.007177570686078808	0.24660968952746082	0.019126349134879313	0.021099514215557058	0.02353490877922816	0.10973999370393064	0.07272999326421682	0.003868999958447931	838.545466757133	946	5.717222957761881e-05
0.4009654933104196	-0.4492930168083062	0.9949162060397224	2.9479763770359466	-0.0013799001459684757	0.25028499665134885	0.019263799236125756	0.021107572138837665	0.02352745487921364	0.10940056833341912	0.07262664570229578	0.0038992081802321113	841.0168001351183	946	4.87858473469767e-05
0.24975714094089546	-0.2838678040659911	0.9287452986964729	3.0290214619254683	0.9198409537822383	0.24966419218406394	0.08206159987522248	0.09352257642823769	0.04899277175383728	0.11849067662888753	0.817111220086048	0.0038148629216473184	849.6510817601437	946	0.0003669189054850295
0.40358238068520846	-0.4496249819625356	1.0106093058813135	3.0383429769870847	0.003693788441744631	0.25480053779848644	0.01931829963085741	0.02104738364733662	0.023498877511204923	0.10929678508984664	0.0727652516654031	0.00391058152579116	822.9732126376759	946	0.0001156304604442761
0.4002579214343697	-0.4506666476230842	0.9817475946465815	2.861391672659816	-0.00014539665557444082	0.24805809772795695	0.019191034805049273	0.02112791047941053	0.023328505150085523	0.10777251896865185	0.07234374709442871	0.003883384308753133	812.924947635064	946	0.00012377315978360945
0.24876129511305212	-0.27624917967166107	0.9519244523508992	3.100395576262632	0.9797787968856061	0.24638600735404803	0.12651395663707699	0.1404465690995017	0.07056474933264453	0.117141733735865	1.285397397577037	0.0038111939283576955	822.2247786850122	946	0.00010828885264331381
0.39776119982107566	-0.45026159571475344	1.020968404254574	3.138924927677103	0.001272348974059004	0.25356761113022974	0.019089208576265646	0.02111382453365641	0.02378010985656273	0.11118251688499575	0.0730497070326459	0.0038927393073390584	804.8060967611583	946	9.725555599558347e-05
1.074679296493385	-1.1882852397209855	1.161459652534397	2.518530724993517	-0.945683833693423	0.2548826179307234	0.1583895868050997	0.1766677387963881	0.03364762171458817	0.1547326237955809	0.08307119790422023	0.0038943835164251227	807.1905913055217	946	0.012968974949148167
0.24940486449290533	-0.283527648754604	0.9472576327685558	3.156139741729627	0.9209019015151679	0.25004001532658826	0.09718690425057498	0.1105249564332649	0.054979763302900456	0.1168069628580792	0.9700040532794427	0.003824054120595767	826.5826633745387	946	8.680355749831797e-05
0.8010670108119452	-0.9007252830483752	1.0796350587047807	2.5407429800828565	-0.7729056102444141	0.24617428398583885	0.1987006829018204	0.2225399751161207	0.05005900196007837	0.1808882423863846	0.18466547383687223	0.003899884365001411	808.4518426568953	946	0.0018800627059677836
0.40314432809246525	-0.4439840107922992	1.033490942139353	3.2085928862254733	-0.006313660980772347	0.25372171792410353	0.019528559765626494	0.021041022443261056	0.024019545035573638	0.11278206386084132	0.07356971904133133	0.003956038693883214	753.9704318131744	946	1.1269145788176671e-05
0.39912526911257745	-0.45050887869818784	0.9953491683822516	2.96465083512865	0.00012945508855246904	0.2519431198551573	0.019156774192022274	0.021135728146254657	0.023474245421761568	0.10890992106204608	0.07266092552486605	0.0038861507359063997	819.1486078773338	946	0.00014743183384431004
0.3990277945916873	-0.4455392867989542	1.0105979148257112	3.0940233162194595	-0.009019475570432846	0.24598737584967642	0.019290831976745557	0.02106298920416834	0.023769324678312175	0.11103675903142624	0.0731048703991862	0.003911014999690831	730.8150109470816	946	2.6543757103968507e-05
0.9138117162349495	-1.0148949858648237	1.1725659198656408	2.8776324834093656	-0.8651282692858147	0.24923468172154245	0.12196545752521473	0.13087592978063284	0.03370696133736316	0.14562005682037327	0.08650920701234288	0.0038680976205599997	810.8233281705261	946	0.02649199290077046
0.4021007547471569	-0.4536695784418951	0.965784979030186	2.7822319082146945	0.005683720113596692	0.2543465818485673	0.01913882017117953	0.021112686214500655	0.022982097548637198	0.10609116787966807	0.07194943756703262	0.00390948262984015	780.1257422523404	946	4.8425275344124445e-05
0.39196815243873684	-0.4502168647735997	0.9964239640966316	3.052214202833396	-0.007080375348975445	0.24847533316871173	0.01887754707251685	0.021175354420093318	0.023801669061043775	0.11176373337603057	0.07284495484515782	0.003891135938124267	831.259513211616	946	0.0001779951055484002
0.7892565335524329	-0.8982159772839337	1.1079875061237712	2.7257145021004217	-0.763263264290286	0.2488017907547548	0.15501051476042205	0.1764480794885804	0.04337945046413447	0.16113797241715497	0.1492102586936188	0.003945130047180349	834.0984392465969	946	0.0031611209113851712
0.4017224862763354	-0.4490882742175659	1.0158202786709412	3.0842000865344055	0.0014362589129194882	0.25059384526890854	0.019245075076638092	0.021037207384294696	0.023601554514973092	0.11001582621390205	0.0728271177604646	0.003868962852662646	770.7960139363822	946	9.096747656349984e-05
0.7641567475414316	-0.8584988991215362	1.1095810917552251	2.7966145745216044	-0.7392068906283912	0.2474678307973332	0.16313325566201697	0.180630457610465	0.04784699885751089	0.15464423343228426	0.16828714263569036	0.0038566885724872465	839.9907548610092	946	0.0031130472359306854
0.40189734106626734	-0.4474643801474617	1.004446224186762	3.0056752549097316	-0.002952269647268025	0.24695402472648378	0.019331097528979144	0.02105049436575896	0.023581673924901677	0.10951199342320529	0.07276250441878222	0.00389476307298627	822.8479844711379	946	0.00013323411940001343
0.39899329442898573	-0.44982491653806606	1.005050382341197	3.017160332554733	-0.0006358488868393356	0.24567846234635676	0.019125926184304802	0.02107964266089319	0.02357776929292204	0.10976272950361295	0.07263148080515477	0.003855660023229752	789.3351890567827	946	1.2420887389338578e-05
0.8951341044553695	-1.0287469774142246	1.1140091071327989	2.5796634431895074	-0.8554010518592996	0.25575963608605284	0.11433479120923286	0.13318468460403957	0.03286815392000852	0.1386616959007776	0.08351783917110438	0.003922942190056837	850.3958677303478	946	0.017408356262246655
0.3976468457643256	-0.44805532281680355	1.0042431761141875	3.0681146373137835	-0.00555893461695853	0.2527457858703048	0.019179204543827093	0.02112187338539962	0.02364842647368432	0.11046604610062107	0.07304392325483715	0.0039378658057536665	859.5017961290357	946	4.570414805447216e-05
0.39725363856104207	-0.4502894129423353	1.0030002514935412	3.0346102170152487	-0.0010212512989774226	0.2520396231080929	0.01907702977641369	0.021130002737258912	0.023589137892815915	0.10979100770175432	0.07280839769646043	0.00391551526820677	800.7243012004506	946	0.00019988778241956254
0.9871483152944797	-1.118816832189977	1.1400369317181414	2.5047159278709255	-0.9090331317699909	0.24640861325703428	0.12941023012833194	0.14557316085285935	0.032798698884125704	0.15631426324233952	0.0769937192028408	0.003840565191021533	803.6842453897257	946	0.018887339811615084
0.7796591313824698	-0.8609610483861676	1.1337298900800103	2.908945087417216	-0.7417351407126433	0.24913926234844072	0.156044013941076	0.17065892651184678	0.04515282943630713	0.15345853150710279	0.15833870125692043	0.0037153549242801664	794.816565128	946	0.0013943709266715848
0.4015852290323863	-0.44945751920913884	1.0228671188421863	3.0875549527692323	0.0032053079792950163	0.24555998858871927	0.019217365388334406	0.021030356649592682	0.023670935217437516	0.110060701470046	0.07275836043886327	0.0038539700955658824	771.0974483179924	946	9.477435544134033e-05
0.39772748536425645	-0.45430917651766195	0.995024271075998	2.919761137598591	0.007082674692384617	0.2577987686265193	0.019029523808614664	0.02123927849392033	0.023480992042360014	0.10878108090882369	0.07256011335624435	0.00391290094937866	827.3875529910457	946	9.329850119207874e-05
0.7643356705508839	-0.8682443053115526	1.0979759601453283	2.698299462058156	-0.7371397005870791	0.2542215359586263	0.2150280102713509	0.24419435719979082	0.05676187155859638	0.19055084245070927	0.22170827389240583	0.003979615386317603	823.6151068473973	946	0.0011420106236101023
0.39984700016989494	-0.45067482277265924	0.9968506901236274	2.963781094410855	0.001127368037242872	0.25003391615496656	0.019152925243171273	0.021100218652585472	0.023424591536784972	0.10866998577801401	0.0725401826834911	0.0039004722440402063	821.5228007651455	946	0.00010752302685462336
0.39984136019669264	-0.45005071203742014	1.0253135073959931	3.174666419171368	0.0026821842465176537	0.25184891186293373	0.01911589152887293	0.02102903514415874	0.02372559355243534	0.11128314344824344	0.07293507700838313	0.0038745381706623634	863.9723090661678	946	1.0953471496718093e-05
1.0486326343403487	-1.2076797613006243	1.1273423650532635	2.358554313114714	-0.9457197377015741	0.25560514176057914	0.10523244436089747	0.12380107757303431	0.02768687614869208	0.14013451088399434	0.055732567970744884	0.0038564249471805265	716.8730646447549	946	0.03622965291577874
0.4021200296307436	-0.45227595044487684	1.0113553977765506	3.064571750568623	0.007628545393199625	0.2545209607701676	0.019123204346208775	0.02102564169036421	0.02338336971187049	0.1091944113353114	0.07254216632198317	0.003861671936533226	866.7095134612439	946	9.662440718260744e-05
0.4012362691986459	-0.4498208811900437	0.9993437473273706	2.9530409514130223	0.0006517220938057449	0.25085191786689987	0.019264669793240707	0.021121175841517657	0.02359366373517077	0.10958295145496887	0.07264707808948043	0.003897629663490434	733.6878088743196	946	8.03027364433879e-06
0.8763195118723855	-0.9845050674125462	1.112974450892868	2.565200782080187	-0.8312266229255244	0.24872884759075956	0.12644061839382378	0.13987430677227697	0.03568121769373703	0.14987127609179926	0.09794495022715627	0.003881751439974105	805.496331200667	946	0.022242940105953294
0.40474999657309324	-0.44433569856957755	1.0205309292742277	3.132183239636303	-0.005732586010746137	0.2479817097172773	0.019515980190240728	0.020964372444285433	0.02375334960059087	0.11107064310138805	0.0731333139561866	0.0038868288049517916	722.4888089461739	946	5.927588321778628e-06
0.897963913151371	-1.0089565153993536	1.139379945441794	2.7025838066587613	-0.8509489617965853	0.24932236462965937	0.14814505285321042	0.17073282453842803	0.03468530482364659	0.17831078607166126	0.11215001525715196	0.0039187778985755395	769.380832302541	946	0.004738401927169612
0.40486366894755565	-0.4490811722225612	1.0178769799129148	3.0887302566292267	0.004005840768436724	0.2556772934416173	0.019361967225622858	0.021005801863821005	0.023537605300210734	0.10989885424693517	0.07282862651625574	0.00392729705761163	867.5952840066941	946	4.7299277234194066e-05
0.3955149145015901	-0.4491719888422783	1.0235687600205245	3.162998446532612	-0.0026102138418806113	0.24714686121487386	0.01902725608791933	0.021111872875159823	0.023864822391272567	0.11163563323859663	0.07309952328911483	0.0038585860973031627	796.9116368321834	946	6.730909110434155e-05
0.8679601206321707	-0.9617562386344579	1.1351871401453808	2.7379099685465977	-0.8146778470336904	0.2550915154277922	0.1567605383504733	0.17019924871535425	0.04085216820682727	0.13902240559081624	0.12606439760539215	0.0031996360371623475	791.7466146010889	946	0.005436687959996691
0.4027239340435019	-0.45087701298214494	1.0039023834010081	3.0077942580828942	0.004392343618138882	0.2593115670237279	0.01927592496638655	0.021100930051085348	0.023465960020180848	0.10942812405163208	0.0727440483539307	0.003924338975815904	781.7222446614683	946	7.491437165547988e-05
0.40439825683643554	-0.44620521030537114	1.0138074092491882	3.077340359133893	-0.0027705197507792412	0.25023100608508747	0.01944873707458791	0.020996680509106618	0.02362427645719013	0.11025223541009618	0.07295091016552123	0.0039023694823341116	876.5899053726645	946	4.024088844347501e-06
0.401233796725818	-0.4493110808106311	1.0059065846801254	3.036531787452784	0.0001687647682895643	0.2527447903137284	0.019243857152216996	0.021068772602267236	0.023627111179713545	0.1102736899681239	0.07277616963801502	0.00390055124691982	847.3164911082441	946	6.019006711437172e-06
0.40022345163718703	-0.4520583593200702	0.9817644113173776	2.894877587975969	0.002138193737650626	0.2524560703717087	0.019109931571922475	0.021100509477346808	0.0232532756717272	0.10802933413237076	0.07227012944446233	0.0038940605895392954	845.7137112785388	946	0.0001478002848915712
0.26870961820420064	-0.30101130252055797	0.9261149844219397	2.8805065878539113	0.7980294897527453	0.25081467389138434	0.012729955714218946	0.013941452657512555	0.022845474404988037	0.10712985288136463	0.10889416111160671	0.0038600866663813997	772.8252791776579	946	2.0592853215053746e-05
0.40253725677198254	-0.44919329802606484	1.0057750501737879	3.0052087785877073	0.0009433220126211391	0.2521849936277274	0.019315641241827095	0.021081594825910575	0.023565866438265203	0.1098119589140566	0.07275441226628732	0.003892518719658646	828.6552052916184	946	7.769712397956995e-05
0.3940520494026286	-0.45200292084986904	0.9880768148783247	2.994015355965691	-0.002456597257645958	0.24825284402837333	0.018854279689846137	0.021122830445004553	0.02348128844397463	0.10970971861442554	0.07246418655405164	0.0038539858486534343	828.6747066230349	946	0.00010207423190645465
0.39538763851618475	-0.4516947956313246	0.9743420138453404	2.8575471060357787	-0.002928400307150789	0.24761974025449449	0.018981917986605125	0.02118927879897718	0.02331384908156234	0.10779942487159004	0.0723420828906956	0.0038756431502592883	846.129360956035	946	0.00016885293840711389
0.3998892985894984	-0.45209149607221666	1.0073174355554533	2.997085385373891	0.005526753374558757	0.2503860692469602	0.019101416443425997	0.02110796844324072	0.02352797542708435	0.10918950895526486	0.07254817291454548	0.00388410460421805	763.2012153100434	946	5.138513796910325e-05
0.2355315297242634	-0.2684613269330137	0.9208954102107311	2.9722442701774594	1.0905966491653394	0.2557853784501137	0.11867289944507488	0.13516715354037043	0.06786575526346798	0.11195005445776639	1.3316351963874447	0.004083892232785334	836.7574861337462	946	7.180636546508832e-05
0.9717797200985006	-1.1016263373037622	1.133739479265586	2.518086464924421	-0.896239838039735	0.2513745317284343	0.17677956275873408	0.20087424494902684	0.0362055174058508	0.19285149481673408	0.11025367248694594	0.003810583876709626	830.5867344863861	946	0.00664870227894066
0.2500574125749194	-0.27939388190324044	0.9411149052980323	3.0830943915650733	0.9371204681482834	0.24659013028839752	0.1764215158029393	0.19729759834017183	0.09494659451385577	0.10955615770994377	1.729252511563948	0.003898247921759879	817.111654608052	946	0.0006868635147221298
0.40102144359444636	-0.4513763710552609	0.9845363528647284	2.864964883076302	0.002259765663077177	0.2507179424951362	0.019206915912562635	0.02113873089225743	0.023364090125433255	0.10801839124879739	0.07235888152360831	0.003891772452023189	798.093887409093	946	4.463298819796837e-05
0.4045888501046623	-0.45284054402974105	0.9910887316712411	2.9142558154049567	0.009130741615578029	0.25760458099790434	0.019237088900813385	0.021054291267514604	0.0231853575254845	0.107310057057125	0.07226861911749352	0.003910408901648554	798.2443239277684	946	0.00019262701076615819
0.3974806467734175	-0.4482683428962543	1.019826161139472	3.135634825637594	-0.0034087245636635487	0.24605610263178437	0.01912091937328648	0.021076516116593124	0.023797605232940916	0.11125897038907634	0.07302494926461237	0.003855236511692053	754.7450952490813	946	1.6449343178388492e-05
0.8012741277786201	-0.8955487185661004	1.1361187908683041	2.8874700451885813	-0.769017138578126	0.2527025339997042	0.20560253588780372	0.2287443698898645	0.05289549033714457	0.1947803237262298	0.19496126554237397	0.0038551683086525314	808.5857238411681	946	0.0017105641593764824
0.8393115331981674	-0.9548682948660677	1.1078204873558606	2.640206886277723	-0.8079119380332274	0.24826436326361379	0.16922066248389458	0.19248459050794334	0.041379611324936436	0.17849458810873353	0.1422537215161596	0.0038631814585034	810.9669915777665	946	0.0038501137992190573
0.25553763765321014	-0.28498461547299925	0.9265332458279116	2.9320042435917038	0.9134848886881675	0.2502590638477996	0.09540277321463525	0.10718165447526412	0.052741441227316554	0.10661888278425034	0.9207321614204885	0.003836458304653898	772.8910648610191	946	0.0001380308426425397
0.39903556375570187	-0.45130607736221584	0.9859914256402047	2.93741589261549	3.3476095583576626e-05	0.25346591509630223	0.019104200796504982	0.021119493884358524	0.023383562461591473	0.10894772535664365	0.07247570320046955	0.0039026740846987893	805.3044950646641	946	0.00011587282724678115
0.25704859059505325	-0.2899783385860214	0.9347699474593307	3.0554996362067217	0.8401997028571704	0.24819051603022588	0.0829596550718779	0.09111482981381208	0.0495943654835815	0.10938489167159732	0.7611046026388116	0.0038722130966757987	802.5122552411207	946	0.00010657164739606568
0.40723862595531446	-0.4479657985766149	1.0222808686701401	3.0730799785690714	0.004627279047816132	0.25423267738388244	0.019507364655336593	0.020997573155557583	0.023547266397955822	0.10941502157871334	0.07289486552633677	0.003915886399478624	753.8034480360363	946	8.388197994010418e-05
0.39927360305026693	-0.4517052233970687	0.9883719188011462	2.9345267473423373	0.0015992534533531323	0.2528448104709394	0.019103626013240102	0.021121934118290563	0.02336606403838043	0.10858949259242988	0.07245578570092161	0.003890718388207811	767.3425446119164	946	6.501779302361278e-06
0.39926130721279135	-0.4540699839920942	0.986388197318062	2.8770311605799286	0.006438795435743807	0.2476736317548454	0.018999050615061873	0.021118231031104374	0.02317118023950228	0.10710810902934396	0.07208784113592549	0.003840433542982517	786.9410482142207	946	4.10930598692017e-05
0.24518368087465514	-0.2711155582776619	0.9461560686458392	3.088014166967485	1.0124366959365705	0.2489606194012413	0.011782506424751182	0.012744682795304193	0.023398961203644753	0.11096915362782567	0.12109900671755182	0.0039026352555166424	695.9773149342592	946	3.966731241448456e-05
0.39693303127638	-0.45276412595962096	0.9901613691405865	2.899544550739427	0.002410744727210667	0.24575967426583495	0.018983937292181015	0.021159538924919757	0.023373456426848398	0.10808608701019423	0.07229920303871028	0.00387308113828462	824.7999397989742	946	7.558172113168265e-06
0.3984339586411831	-0.4497003461701549	1.0157475745160247	3.1147004119241317	-5.590922964043782e-05	0.2523526953476835	0.019120737019983465	0.021090314035697267	0.023701990561519	0.1107762004559476	0.07296405021784137	0.0038988686384609666	790.979400357752	946	3.866428145412887e-05
0.3979155688454896	-0.4489499836581622	1.027973261851015	3.196565868868279	-0.0010005957272121741	0.24860810683336187	0.019094371685499257	0.021052401544979962	0.02386992330434409	0.1121044878323585	0.07307530919022907	0.003862955521316529	870.3421862172704	946	6.0489881989813855e-05
0.39988305924185047	-0.4531776078614413	0.9925916376687506	2.942013336031685	0.0057650916527882115	0.251626509577772	0.01903903263225569	0.021088053719090918	0.023282463756395373	0.10809063048482258	0.07227477818818025	0.00388511693530075	826.7864884638072	946	6.297916215765177e-06
0.2429148708645837	-0.2716733867318614	0.9322548481811556	3.0149351467340932	1.018405155527034	0.2522952104946402	0.04956284696204985	0.05581826740844184	0.032700565262660776	0.11096058608577476	0.5331235944078748	0.0038195219149243604	750.4076937693791	946	0.0001821843164528512
0.23631362918672238	-0.2674321727461328	0.9208848738316366	2.937616927510625	1.0819110497348152	0.24843986094330991	0.07850230724176317	0.0891793093562612	0.0472765686741396	0.10707504152891634	0.8751464452681172	0.0039805488026177045	801.0646213829718	946	0.00041670728753141187
0.4000152978503694	-0.4525038250461045	0.9764446750896068	2.8483948213256784	0.002353421478050455	0.2537854377976786	0.019120825116393122	0.02114619351848859	0.023261939385781354	0.1079370079332964	0.07224046553383853	0.003913633933607419	764.8998860916473	946	0.00015259723227137114
0.24774183625438817	-0.27724792440010493	0.9278937658518318	2.980090024907558	0.9852884896179483	0.25322804874941174	0.011812557410415443	0.012922074602533654	0.023119665913462185	0.10936743794091791	0.11863230240405892	0.003905096600731403	771.3016539642699	946	1.6664891548042886e-05
0.24747886267710073	-0.27371623935058675	0.9556052653975878	3.1606748954117534	0.9991598608267458	0.24689190857904805	0.09243670062086684	0.10212672450528355	0.05339295937152505	0.11280598264154063	0.9548822986428959	0.004012355758957126	767.3921301632795	946	0.0007168078125860056
0.4036573336983413	-0.4501445502195246	1.0056858839463114	3.011118068732092	0.004219391539027114	0.2546354324555586	0.019290351145027633	0.021037226438447427	0.023469460713423783	0.10915596999271478	0.07262305216521875	0.003931032991166543	871.0486927523607	946	6.49408217268213e-05
0.40415093916010786	-0.44772531173542846	1.0243271547362702	3.11296234386754	0.0013866089065302312	0.24778608578545666	0.01936624761887131	0.020986990660965515	0.023626588161124076	0.11016961757230048	0.07287788159502122	0.003855770153495989	769.4303732220928	946	2.7414357654727956e-05
0.4035928469723296	-0.45062749513760897	1.0089294296272102	3.0004826291167275	0.005643454269091452	0.25319161780231453	0.01928656337504648	0.021056826795532838	0.023454477632525606	0.10877490657535882	0.07260355850613545	0.003919795677617108	885.4067466189217	946	4.221224459166815e-05
0.4006860869993749	-0.44853910446671286	1.0063645456904462	3.0477438726360027	-0.00177214607397221	0.25076974428208826	0.01923629766948436	0.0210557488434089	0.023581501514232665	0.10998755117334395	0.07280256456667157	0.0039142913404334395	773.6411420500324	946	1.0880158297203774e-05
0.23999992825214628	-0.2707598963181093	0.9418135445791628	3.087158589136164	1.0350924087802948	0.25078575953055243	0.07724423837527328	0.08601729315491145	0.04744385284717001	0.11196553595846002	0.8269254110478298	0.0038753862675273572	797.225378270414	946	0.00028255857306774547
