Nu	au	bu	cu	Nd	ad	bd	cd	Nub	Ndb	kt2	Nu_err	au_err	bu_err	cu_err	Nd_err	ad_err	bd_err	cd_err	Nub_err	Ndb_err	kt2_err	chi2	ndof	edm
-0.03358817490996158	0.6546216938958546	4.7668906449464155	1.0276297231404334	0.05628719899684942	0.4555798615754625	2.6790107435390267	-0.6170777269087662	0.0	0.0	0.1485896603303848	0.01618539895625115	0.13264013029915678	2.0308802415859306	4.479477452048361	0.06648401955029681	0.07637704709893547	5.788120990100555	7.399726029015824	nan	nan	0.0066150094071451004	788.3461980116904	1031	1.633673604251269e-05
-0.041512492245219246	0.5897517798240772	3.0303040597185116	-0.6012503460081341	0.04794652299219626	0.3156489978666574	3.293911872799705	0.6890306377882955	0.0	0.0	0.16719208335307484	0.009887391162720582	0.07537582262190018	1.4548972520700458	1.3117821319829777	0.018556354209180892	0.1768207434439705	2.1308686251335356	4.649134523240373	nan	nan	0.006805668931009701	799.09556004364	1031	9.384929911062578e-05
-0.024225626284198776	0.4980364231002803	5.521540785966218	5.061416786368134	0.04020395240238406	0.2758316293062569	4.1570503609908505	3.1934751156749384	0.0	0.0	0.16186400374071336	0.0030754320615696273	0.08655195014427775	0.559451322749748	2.1063533860145327	0.0018926441008929595	0.06434268439834612	0.36760151152604825	0.8585359013110782	nan	nan	0.006826879972453612	829.5175478062815	1031	7.711251566156669e-05
-0.028512965758149877	0.5820130164634393	5.373540277513472	3.075811701791271	0.0550483591414499	0.35960597493161334	2.489528968763548	-0.5847313509544027	0.0	0.0	0.14997157677490996	0.012001586553958277	0.17654749637963685	1.1989921156980983	5.49326514260503	0.01270341569512623	0.06918007534075729	1.7490649958999596	1.6917369473632673	nan	nan	0.006627351798884226	817.7899783185279	1031	6.968232077694282e-05
-0.04363310509538121	0.7481180533200726	4.291982847624531	-0.6194893146520545	0.04227853195463949	0.38841495315155183	4.830215065854391	2.4555821036078536	0.0	0.0	0.1605570140100661	0.006328316438962589	0.07048462403972011	1.0467460410608203	0.8821077811988116	0.002383008376216522	0.07252413693022011	0.4373644662758127	0.8758146868767183	nan	nan	0.006642423873115838	744.2584887034991	1031	1.917004057702776e-06
-0.035268221924669385	0.6101476320065681	4.110056751778098	0.6425280263809167	0.046151669330119605	0.3405523442783464	3.5459635083582297	1.0717490685772935	0.0	0.0	0.1548189883564463	0.005084696275835854	0.07188481591240786	0.8057936462187079	1.2061663749584741	0.00267108219112	0.06787802863235501	0.4623144909321044	0.710031906462163	nan	nan	0.006672624952998016	776.5346519763771	1031	2.879285493024728e-06
-0.04317468066783181	0.743284721505489	4.157418382361344	-0.6835020288026706	0.039699087149930756	0.34306663582716734	4.552029227885836	3.1515934652059143	0.0	0.0	0.15794196831208063	0.017910304009341738	0.08690049296833213	2.608468544117955	2.4434802019582262	0.016068694163553165	0.2984915998074401	1.0318369230207507	7.044433994497184	nan	nan	0.006829404868964717	744.8218999462333	1031	0.00015133137362593408
-0.03500325198705112	0.6458440116577286	4.672829251340466	0.6552482023330248	0.05307667045118425	0.3918961023467117	3.0305650940712847	-0.24214766362076726	0.0	0.0	0.15389167353610766	0.005209797854715592	0.0750696422427532	0.884134568850615	1.3171899940218557	0.0036041863652390704	0.0648389367591132	0.6019521991636667	0.5708761603476942	nan	nan	0.006709592532483127	759.9299010614062	1031	0.00010163966141116712
-0.02606983194433654	0.5709030551824451	5.745175137333149	4.5366641420682665	0.06692656657976204	0.34855446637464055	1.1328477356604927	-1.4801623637721317	0.0	0.0	0.16655208444518016	0.017749291589949145	0.3051532158404545	1.342993958816764	10.437530742775493	0.02315315160350706	0.11275101478105767	1.8593067508741663	0.926419189354835	nan	nan	0.006775265302385675	854.967806429283	1031	4.336995167157972e-05
-0.04325429730048802	0.6900916541669546	3.5189345699730468	-0.5800507698456117	0.056380058352449636	0.48381940700475307	3.1051479638379753	-0.6570546390541822	0.0	0.0	0.15938444089520934	0.007400659779190966	0.0700300371574018	1.0683309524168534	0.9415579496781102	0.004542210736124264	0.06932870985527459	0.7138482143558855	0.5414963980551366	nan	nan	0.0066388029366418605	837.9585224907185	1031	1.6388827466016593e-06
-0.022126799370827732	0.5035994941936599	6.054775120843399	7.010222203169328	0.03565202783869337	0.2834071795523757	5.04867170944145	5.557068537143411	0.0	0.0	0.1729665645286885	0.002761439441003377	0.08839679669483413	0.5432388814098088	2.425402191246571	0.0016994132408933993	0.06262816868697083	0.3542171121355757	1.0471999687312668	nan	nan	0.006872311174041065	716.7187027069531	1031	3.8106451923856014e-05
-0.03244353625559726	0.6304417649822781	4.91959177810792	1.5110667707719516	0.05535260522485985	0.3902446980305237	2.4759102963762043	-0.6157834569402106	0.0	0.0	0.16019235427345452	0.013015169775078328	0.13264586277138635	1.5688002433431585	4.109593014001967	0.025911545117577317	0.07154120941363504	3.0243909084630136	3.148721832764855	nan	nan	0.006820811649715194	811.0705113917218	1031	7.347441098764189e-05
-0.044203949656600905	0.6369127367148522	3.082314241668152	-0.5894487213655863	0.04044148596405317	0.31363604630435865	4.627328283336001	3.5070524521209685	0.0	0.0	0.15798970069328722	0.006310502495927406	0.06318528689372016	0.8745698724413127	0.7466905580784099	0.0020748482726478112	0.06768110593094473	0.38779960593363594	0.9461259096506138	nan	nan	0.006547620767058282	819.7356771535256	1031	1.5257537470003943e-05
-0.022102337699467567	0.5155262863361839	5.928863687304555	7.185348094365595	0.05621255789999924	0.45041561328828644	2.9015770278292785	-0.6278056266376029	0.0	0.0	0.14834340152105402	0.017600802155616657	0.3839223802411883	0.8616923688680771	15.30067292659004	0.020900445253744904	0.07479872282930602	2.5657514928142184	2.532063073105175	nan	nan	0.006620597525404559	749.0858709168508	1031	8.121519393627561e-05
-0.02597341225765204	0.589323027871105	6.022448096693173	4.507181925751236	0.056486956773152075	0.4403396973681235	2.9613543402616607	-0.609321431661813	0.0	0.0	0.16151512620655697	0.012662573363936613	0.2210625151187412	1.075755046380782	7.497119685856224	0.022897196975853906	0.0731107097068627	2.834470328211264	2.8831087401738476	nan	nan	0.0067568879915112234	856.4658327680474	1031	2.754649661929367e-05
-0.02743225216173728	0.6142190327215042	5.907743697628649	3.6696526891401042	0.05829856096766983	0.3936369014124983	2.171101306550571	-0.9450262512609704	0.0	0.0	0.1518877603481107	0.00409459910644272	0.09161927125278246	0.6621829690899221	2.0888454812481636	0.004570809180983626	0.0647378914947225	0.6809627055118544	0.4331247382343511	nan	nan	0.006665242831297463	802.6692329728794	1031	4.708701639342541e-05
-0.04917191546720412	0.618894937168239	2.3670548062304193	-1.2650928418665828	0.037970554036619975	0.23050305003037552	4.277747750212516	4.358759086378759	0.0	0.0	0.16196962253021263	0.02138234092388963	0.11172094312168407	2.4635884486965036	1.504899952552403	0.01703034075088039	0.4027628773456505	0.9933074029243638	11.053224912678239	nan	nan	0.006941248543176529	733.8991917169967	1031	6.582992360119308e-05
-0.032045349262510014	0.6394547823803911	5.062351357851723	1.6256439339597886	0.05351932197509135	0.3911898339146475	2.668153311285546	-0.4584344177882044	0.0	0.0	0.16332116442591676	0.004637812587724333	0.08082253263123967	0.7521129577260814	1.5095091198061275	0.003967141627859605	0.06583393987156153	0.6403301186792334	0.5419779486135293	nan	nan	0.006878546129448104	870.2956208603185	1031	3.45595526368249e-05
-0.04470009089388283	0.653239209672348	3.0420401652351616	-0.871549261518731	0.041656506009013494	0.33527898806686196	4.325462886116317	2.5429175195793716	0.0	0.0	0.15909412897640265	0.021549197646155538	0.08939453139204673	2.7245781272799157	2.289674069173118	0.018685373570907604	0.31368857088530366	1.3851600851128492	7.3608164125698226	nan	nan	0.0068463206241684005	869.4075315076165	1031	2.1121148995045458e-05
-0.02597584556778887	0.5554825573937243	5.571525998179549	4.323204454032899	0.05583222395985055	0.38386412247158735	2.4372278697757515	-0.5934971598032852	0.0	0.0	0.15094823277131778	0.013152082342081428	0.227500781344524	1.0936563144544573	7.595646088569799	0.022163474612402867	0.06954633714648034	2.618519876548876	2.6807146356343496	nan	nan	0.006607631526985944	771.955695372927	1031	2.9335220644479842e-05
-0.04043609429316941	0.6294358837621714	3.6587421537111737	-0.5338242676267092	0.04364909591886934	0.32356835554279423	4.183662523753606	2.059398058493465	0.0	0.0	0.15852904445210436	0.01890022662942281	0.07949365349530646	2.798195034535372	2.932017294561299	0.0213463974910989	0.3225988126748994	1.8530369079105578	7.80147546933068	nan	nan	0.006793976392287807	765.6755445797867	1031	3.49371412912454e-05
-0.03337911137645033	0.570703851513046	4.044691657153332	0.8844362996949325	0.054434502929309625	0.37152515100104305	2.613258813374838	-0.5348984412296611	0.0	0.0	0.15566859265468666	0.005196403541839867	0.07547107191820196	0.8249316657895267	1.39000073557581	0.003983668585081923	0.0652166746079329	0.6649751680535496	0.5449044439208726	nan	nan	0.0066952915298174875	810.040248932602	1031	5.469403186977876e-05
-0.027133742778425174	0.5403260240270853	5.134427138724691	3.470919410291145	0.037806670446173696	0.26103560242851603	4.603575097978164	4.409147616811319	0.0	0.0	0.1696309270056091	0.0034837533872760784	0.08178194119178886	0.5884032510870987	1.7516659235767085	0.00179469561970369	0.06366393163944964	0.35971597875606065	0.9950765981267714	nan	nan	0.006849558609596101	852.8095120805689	1031	4.6274012924967585e-06
-0.025183166279536873	0.5167189434081274	5.284897226847759	4.477416938102003	0.04367263342156247	0.3349748495698446	3.8678741053803427	1.865157261148638	0.0	0.0	0.1579950371938535	0.0032215200207932893	0.08560961975230813	0.5673322203882942	1.9535301853870002	0.002260409511294137	0.06692206509199641	0.4099417060267494	0.7294503394050722	nan	nan	0.00674305583517984	736.6513046101393	1031	7.825034595840379e-06
-0.014339923172970725	0.2818190069025283	5.662846649298525	19.3680676948017	0.03961020860987596	0.3399587742325447	4.2739920172809995	3.1860679765364495	0.0	0.0	0.1623197248672056	0.004324611870354433	0.16826902090836032	0.5167967903034749	11.417549599808748	0.007469448140188906	0.13834145125158093	0.5577617744438084	2.9832666799297525	nan	nan	0.006647402653839049	788.5528590572561	1031	0.003867029265319522
-0.02339116495544169	0.5645084573273512	6.1163834437664	6.074254935880624	0.05441388070138409	0.529133409386549	3.9634529971833556	-0.3349442892762936	0.0	0.0	0.17155419427227236	0.003113610663998456	0.09166362815834062	0.5618421147470407	2.3215614082029368	0.003562065050640273	0.06941320783111715	0.6215844426245798	0.5290501221486318	nan	nan	0.006682034779852686	846.887659316805	1031	0.00013419313677604612
-0.04252112476166514	0.6170894551323034	2.977458566768684	-0.6774609241468574	0.04315314976596141	0.33558197681685276	3.8778835280212482	1.8734311243430737	0.0	0.0	0.16899128337752806	0.006624130230266645	0.0662043253124755	0.9648122064160158	0.7982105546528496	0.002468981323482611	0.07014457728335771	0.42732207923676846	0.8100541945161748	nan	nan	0.006900757559090059	790.5112387718757	1031	0.00015230065050988623
-0.016938287123910767	0.34973298122904045	5.818070628794393	13.923541192248273	0.03464288937174542	0.20900983908471193	4.723675531472497	6.554915805575049	0.0	0.0	0.1619911867890682	0.001891875786536712	0.08296587887444667	0.48221651164023216	3.408718069726167	0.0015782240248649604	0.05535691831059206	0.3148503786667942	1.1074020676729264	nan	nan	0.006720086570947442	857.5793893350833	1031	0.00018594525983162033
-0.041601445293843575	0.6684108449745532	3.7387401050400273	-0.5560537962826813	0.05661866194912735	0.43875524031680113	2.7760440044537216	-0.651214720346647	0.0	0.0	0.16577920883091704	0.013701656049608602	0.07401889928470728	2.029384125018854	1.9839372709392489	0.024900743666476433	0.0734041908058416	2.9399026196226297	2.936071871133583	nan	nan	0.006667842246087463	774.5211670092863	1031	0.00011316607637714982
-0.05611130332874792	0.6552167352971698	2.0343966126886497	-1.6175032838577954	0.030643788139938843	0.2162874309655476	5.2119667407811265	9.125291762138572	0.0	0.0	0.16367567239385655	0.012245966594386204	0.0821428009966757	1.232876847728389	0.5279278422671017	0.005463863724914586	0.1756854160193336	0.4238539340453782	6.171140375098168	nan	nan	0.00699437021061633	813.8533321649091	1031	0.00015842231391638529
-0.029119532046644414	0.5931636319444835	5.127078481271266	2.7773353916380112	0.055610910698925764	0.4111723825168966	2.581043174072014	-0.6045091321671037	0.0	0.0	0.15616119857736976	0.011351070676176744	0.15556984843286956	1.170005938599771	4.7137694099121585	0.01132568583754745	0.07203369511261382	1.4638328347775489	1.3719831581917759	nan	nan	0.0067302975031929	763.2404446460904	1031	2.215126413159817e-05
-0.042669215733553756	0.6231399358046283	3.186639356089639	-0.5892664881755749	0.05578395079193932	0.35892784165633235	2.4089078610429575	-0.5749828929527864	0.0	0.0	0.1639019557091092	0.006913950549052084	0.06812461567178701	1.02830496884326	0.8912124768112175	0.004402678790487835	0.0638343427627763	0.6852312328158736	0.5600225671243992	nan	nan	0.00663490331948903	830.4937533102682	1031	3.2007881161212015e-06
-0.028207370362447137	0.6309375410427993	5.583790170359075	3.2916906206032737	0.05394131683474801	0.4910065342263292	3.3378361026545766	-0.3214668047773096	0.0	0.0	0.1519806871638843	0.003931286408300705	0.08645361226605675	0.62391446798686	1.7997758500474543	0.0038639672853493234	0.06765256000288067	0.605856789072629	0.5314381561002286	nan	nan	0.006637371246712667	798.0028953287823	1031	3.581155654972214e-05
-0.040996378675039025	0.5792309218283517	3.005094424570967	-0.5700217055241747	0.048452847748381656	0.31532975109015954	3.351520186997319	0.6400128632058852	0.0	0.0	0.15015647099448337	0.011291649118726044	0.08026548687826551	1.6313972404239692	1.541880188765911	0.045876745997767476	0.377944721768147	6.674282692709493	11.522625039867282	nan	nan	0.0069702471936140264	775.1395881965037	1031	0.00013966504349237534
-0.02711212669664187	0.560001906227709	5.419618139717919	3.639391260394666	0.05473444467320299	0.3458238604170845	2.3510863577616723	-0.5391816312420291	0.0	0.0	0.16910131548391805	0.019035604852284282	0.2866145147996368	1.7150044439539558	9.863619321411676	0.021843574548747635	0.07136360492195157	2.705963368732462	2.896151284848879	nan	nan	0.006778584727633638	752.0606203859229	1031	5.427279999561387e-05
-0.019142245494227716	0.40095897721187435	5.754942727451569	9.919144965133066	0.05528221907471065	0.4054122796745174	2.9621084707100076	-0.5703746527498252	0.0	0.0	0.14931545909618166	0.010285060844516802	0.28651524075055357	0.5965643132855099	13.181686018574416	0.008702457094283633	0.07139848193424769	1.3032360300744195	1.2149719726526536	nan	nan	0.006699238175524785	831.8231576964334	1031	5.5532743217250895e-05
-0.030845937219403874	0.544960080649521	4.39457689199397	1.9736056951167975	0.05469640294685418	0.2921630833735169	2.147229981123666	-0.5388225152948101	0.0	0.0	0.15560877213432853	0.01509460883860475	0.16804721965191366	1.6500427101354982	5.351107298125563	0.04369095547742552	0.0662626223336534	5.68748796184774	6.239051380008899	nan	nan	0.006681949720919289	861.8631694534643	1031	0.00011160512904450308
-0.04956606598903768	0.6570452466802883	2.5892415999454044	-1.3743060356502057	0.03836659481622462	0.3306088297863455	4.965095615570811	3.9835170266614206	0.0	0.0	0.15795882336892805	0.006990651937745895	0.06793745789910666	0.9269771287850371	0.48397246123921706	0.00199387044789201	0.06885351386247132	0.3899939831626922	0.9900552846670497	nan	nan	0.006700659292864425	774.0820004396802	1031	5.8438787091516695e-06
-0.05017541811657855	0.6302849686319573	2.3196403551083873	-1.3782584280461554	0.04196507882507827	0.3429626784455463	3.9979360027196043	2.1176783460076867	0.0	0.0	0.17907861236544442	0.0075738351730972875	0.06698681437745246	0.9210743084867511	0.48028253940232585	0.0023495240192686895	0.0705579472907881	0.42248681354596407	0.8103464106901257	nan	nan	0.006978405831507717	828.3445978657326	1031	6.532003807388063e-05
-0.042256333917372824	0.6609055472061063	3.534936162748407	-0.58035668393355	0.05138603895178817	0.4083219030601789	3.0827558594565394	-0.0038441983274167305	0.0	0.0	0.1603531892177176	0.0060013160693651035	0.07015074501976148	0.971434240025483	0.8137027736893644	0.0038128624992027627	0.06789359142852419	0.5929605624623027	0.6281733279899316	nan	nan	0.006689366851472409	834.8701904119207	1031	0.00011533227521744175
-0.04342500607597011	0.6070581758646378	2.882330153481009	-0.6246759912178695	0.054755796631984044	0.3073014354847347	1.9841059168619846	-0.5588900048135104	0.0	0.0	0.16049143843949304	0.027127397553906363	0.07071607796341728	3.104567056716537	3.1940914509241822	0.02152601591182557	0.06551378267207175	2.560211895290047	2.71100294087523	nan	nan	0.006668744899701595	772.1777959563291	1031	4.459399203113578e-05
-0.028035553879472874	0.5967024788325028	5.670101182004348	3.5268739114191807	0.04644386215196894	0.33017453961159454	3.718423405310558	1.215571086902599	0.0	0.0	0.15162601710002704	0.003625752375761071	0.08436779541413597	0.6217144700139081	1.7772877542107965	0.0024016986403827545	0.06540685033184007	0.43917010758637054	0.6818309974957973	nan	nan	0.0065612363737120455	790.7475572283636	1031	5.373839470158909e-05
-0.029893340012738134	0.5587301119681877	4.8711833432953995	2.241833567012409	0.04292830020368665	0.27271925884094994	4.002859802228375	2.473533911422536	0.0	0.0	0.1608622638928191	0.020700024541358553	0.26784249186296094	2.1263636460615425	8.185672121713075	0.017590680619854915	0.2956006155370534	1.5276409785804645	7.423320295592723	nan	nan	0.006719474604616707	770.6332556481918	1031	7.251476157338136e-05
-0.03880216526997593	0.6375869613725544	3.889931980502582	-0.15368020334430704	0.05523219550877201	0.4108902090074903	2.9225473026764712	-0.6190961754565844	0.0	0.0	0.16201579086125073	0.020836884084442675	0.08230488447592399	2.843338680159494	3.743211438493192	0.0522631969967452	0.07639777189882668	6.1442109936002645	7.093987973447562	nan	nan	0.006862244589281322	787.4447412970596	1031	7.332846543928421e-05
-0.0217430122211546	0.5184485654752315	6.758501935830601	8.114104587489484	0.04137546696520222	0.3006336531560179	4.579448449475182	2.9865328433887246	0.0	0.0	0.1700131033382553	0.0026329015091874908	0.08887742999256676	0.5509009187785527	2.5978195408092906	0.0019295026939953885	0.06463295518062329	0.38129845874778656	0.8482399483915796	nan	nan	0.006860924796088741	819.4975221523582	1031	0.0001369070069566896
-0.034258417778838646	0.5937866868698846	4.307209725721415	0.8806928459055308	0.05500249410639091	0.33735500964147314	2.474478057770242	-0.581305275792	0.0	0.0	0.15862154739445428	0.015725636106567187	0.12284372698422638	2.008750310381763	4.184678561285747	0.009476152579295127	0.06928409663727822	1.4170072172700197	1.3336471814627775	nan	nan	0.006704413293884437	788.137035250344	1031	3.7021393597345976e-05
-0.024674640994195696	0.541390678968957	5.764542114418023	5.091243932239245	0.043137021183379254	0.36615761655320644	4.624680295064883	2.3598150713973465	0.0	0.0	0.1645165466342127	0.0031706676711853454	0.08777423244568044	0.5712981512930213	2.092813030734382	0.0021530461263311595	0.06748997187206343	0.41071974164949987	0.7761707775390032	nan	nan	0.00662740424606105	828.4947059934225	1031	0.00016701787143415548
-0.041874048380648676	0.6281401100537307	3.3431902484604423	-0.6391406126588344	0.0444720697988743	0.30966120813576253	3.9379095728477203	1.7248704827835273	0.0	0.0	0.1572473704516401	0.01739998814906646	0.07625870617907504	2.4497699221647746	2.3553550987890635	0.013235232667534014	0.19816397455823767	1.314860965453239	4.576898093402853	nan	nan	0.006762934985200572	775.4945983270447	1031	7.976511798720626e-05
-0.04251946941066198	0.6337429126718486	3.16134807325327	-0.6186121522324646	0.055267582231686374	0.39239391694017456	2.6124450202834772	-0.6056614345186403	0.0	0.0	0.15771081821613908	0.007970874700454933	0.06850598911904898	1.1386111335545437	1.0039249078949581	0.004304831466455661	0.06631549076478094	0.6911956060818705	0.5459539545035924	nan	nan	0.006721673014351531	858.018003652086	1031	0.00012400230241413246
-0.05411166074823215	0.6699023083075113	2.334535302885179	-1.53648711456796	0.04259112671797305	0.3479183683323225	4.0704933264866145	2.1605675567136164	0.0	0.0	0.15402855841844632	0.017645313501949977	0.11466645846791351	1.9691564313922503	0.9170787248354996	0.02250681388771958	0.3231506131547801	1.7633795048034777	7.786184078594108	nan	nan	0.006712380081896452	756.2363352178339	1031	5.004634511232161e-05
-0.04250683883785844	0.6313845395336557	3.119048683024829	-0.5796334546534602	0.04155760400003938	0.3804625118915547	4.487075619135894	2.6182414025843004	0.0	0.0	0.1571066926740974	0.0058252081494371	0.06619457039493248	0.874043731361442	0.7304851699923672	0.002367797813823902	0.0716471474020739	0.415991923091231	0.8615523051708041	nan	nan	0.006622845793189253	782.8057203381135	1031	6.515245557363077e-07
-0.034413650242892335	0.6461765255964814	4.539855662890541	1.1061956002012714	0.05515530429537385	0.43205996958086923	2.9263837803496995	-0.49500490326975083	0.0	0.0	0.15376899481809164	0.0053065853383255646	0.07732859416737792	0.7834017244808069	1.403698374914231	0.004123279834955751	0.06623048964422101	0.6536806667279298	0.5405028400882037	nan	nan	0.006538090609140526	783.7426532138531	1031	0.00011474152169006107
-0.051339426332840166	0.5975608232257013	1.972891997642166	-1.55677533386793	0.03281524123545565	0.18549447041406025	4.843513141944701	7.806501166955248	0.0	0.0	0.16647000464803358	0.006828649630432504	0.06264315258446573	0.7791865588080431	0.3505331435208172	0.001617815028043923	0.05537862214721431	0.3140188500488601	1.2953433627939284	nan	nan	0.006802997248115672	769.8654864897431	1031	2.1015926565161827e-05
-0.028927013397311407	0.629108611009904	5.626155711311873	3.153501809882408	0.056244347072211376	0.42157571669693267	2.670461127289265	-0.6419057637731944	0.0	0.0	0.1635680226338606	0.0043250936547177266	0.0885278430593549	0.6625799191749535	1.9265544567480786	0.00418047945073452	0.06551870495181622	0.6536888085239241	0.49427714609234574	nan	nan	0.00663827888875311	891.1373484989248	1031	5.711223590131625e-05
-0.04380742210281785	0.6219175312730487	2.927001250609468	-0.7576392998731115	0.046125742996458996	0.3119299853837003	3.3730218153789364	1.0896081696853808	0.0	0.0	0.15207412758565422	0.027913187596621702	0.08362070001052391	3.2924020622921404	3.1400884226128953	0.022392137478391638	0.25001450100500844	2.2587939287868317	6.205421734912835	nan	nan	0.006688596559640561	820.6441033951687	1031	0.00018353495894534404
-0.0410248263898253	0.6102562812255161	3.203474662275407	-0.590737969218828	0.04022723776989534	0.25540219406629566	3.8913052192970206	3.0297275812333826	0.0	0.0	0.1585423931173491	0.010822124228332342	0.08019149606690956	1.6120591640966595	1.486589421316939	0.016244337596183933	0.3222651134579266	1.2180070823763285	7.86204388940025	nan	nan	0.006888361798038839	802.1994412113096	1031	2.53557126872607e-06
-0.02245404972242626	0.48462880029321537	5.5175982230646845	6.278145596396649	0.05539448748963771	0.44765484959287893	2.9640015859534916	-0.594053490088992	0.0	0.0	0.1461184670767225	0.010001114277128575	0.22438463271503684	0.7113828032553715	8.067682585618225	0.03063511470139324	0.07260717005257891	3.5457005092418608	3.884838778849202	nan	nan	0.006638028306644381	756.2510815254473	1031	4.989835474553732e-05
-0.04138701393953392	0.6384709595809623	3.481058458435131	-0.5569400823928001	0.04568865970038716	0.3946712327576784	4.2017256324525	1.3869723629568287	0.0	0.0	0.14910934993382066	0.006047510297759517	0.06727024858973607	0.9855202220800456	0.8572006217620404	0.0027125561022317557	0.07076150276581972	0.46564477797998416	0.76130091300125	nan	nan	0.0065049375751083105	835.3243890896033	1031	1.1652063735581528e-05
-0.03329548724286002	0.6559925490344527	5.105312649696492	1.4869628828483041	0.04750325777207309	0.3633612320528111	3.570880862235859	0.8616282567198984	0.0	0.0	0.15977612677086173	0.004523747374565401	0.07715595090808386	0.7402205557605361	1.3843460343243683	0.0027455550496916503	0.06686218051312576	0.4667929438212224	0.6643612264289943	nan	nan	0.0066971779960756095	802.4982189729848	1031	3.441402134798694e-05
-0.043260020456582504	0.6437329297253802	3.1555705771413525	-0.6023778741408995	0.05528358741225148	0.38911857940279804	2.544553385621132	-0.5988837578427676	0.0	0.0	0.1629455192634816	0.0196676932718442	0.0727060499917167	2.4385304431770156	2.4045575993343444	0.027292900605995873	0.0711057545592293	3.2029662666906638	3.4255739545058255	nan	nan	0.006891758687171637	823.6825914727315	1031	5.3849997586922234e-05
-0.022655788732802606	0.5346190858610522	6.361904318681976	6.996912509332302	0.036283927161967267	0.3088337629029987	5.39831435268495	5.535320331849747	0.0	0.0	0.15914562081900074	0.002781124398298751	0.08729793987547937	0.5408606892378298	2.3717449562535076	0.0017325581528476741	0.06280435697773942	0.354472868326003	1.0437755191096125	nan	nan	0.006664038281609996	824.675364664082	1031	5.1520708855560656e-05
-0.042659196958703904	0.6472349492744869	3.4345992266110508	-0.5414893687251066	0.055961648071861214	0.3728976217468615	2.419844840381749	-0.5828905976262235	0.0	0.0	0.15952305980100587	0.016349559431872662	0.07096909960406839	2.193315511022588	2.2075169323511994	0.019872356404180613	0.06799260682485309	2.4141529564497928	2.4512731831874723	nan	nan	0.006558947122764197	844.293717362869	1031	0.00018463898207912092
-0.043561049068541746	0.6229724650426125	3.1138960801147784	-0.940975530414827	0.045678317195083196	0.3330182888370789	3.880889977959132	1.3733534069415616	0.0	0.0	0.16095438451505828	0.007021777079335378	0.06762787311659174	1.1197707553210223	0.8040027562807646	0.0025419011705168915	0.06830993195257942	0.4540261172639921	0.7652421456867536	nan	nan	0.006728173302578244	761.2373226989182	1031	6.967355686724274e-05
-0.04104301542318589	0.5773418433827262	2.9323229911893804	-0.5699089538248137	0.051012645515637445	0.36224934223336575	3.0072459575520654	-0.019879618966408427	0.0	0.0	0.1630700421492544	0.005782557596787696	0.067053130548063	0.916113072746475	0.771164265672836	0.003525905371687177	0.06668197682295252	0.5959522659389787	0.6343467826195203	nan	nan	0.006823296353907701	775.4653207411559	1031	2.236268057940569e-05
-0.044230933010228846	0.6867871773762744	3.653210079285229	-0.6744646839591218	0.04665626012876367	0.3394406060397892	3.8081633619047093	1.2373427579632406	0.0	0.0	0.1491208811027143	0.018582181264967357	0.07746916684974814	2.5087962145125307	2.3646256547883344	0.017963385005832944	0.21160468485229741	1.8072717425584262	5.135731663205999	nan	nan	0.0066641333478063	837.8381150611551	1031	0.00011006003516992249
-0.018306475372625308	0.42901793473660255	6.126884157346249	12.007953015851097	0.03987690615556283	0.34615618013884786	4.78045094112523	3.4797522544832864	0.0	0.0	0.15673869754122383	0.002130370903133394	0.08527236996517315	0.4852849884293571	3.088200320079021	0.0019255715521226957	0.06584380432343412	0.37715419443044595	0.848346962334216	nan	nan	0.00665084093183152	780.8335442140727	1031	2.8229122211395873e-05
-0.040719865859075166	0.6627789173326386	3.8390832469222467	-0.5404439227272709	0.03881592094184638	0.32641442913326973	4.73062561149663	3.6078177823696027	0.0	0.0	0.161530164689266	0.005926972231768746	0.06816572482520178	1.0283799486159753	0.9054774650096642	0.0020921035937915278	0.07088556862377673	0.40250520728260986	0.9897069914716512	nan	nan	0.006755708015839329	777.6845352222766	1031	8.692067721313445e-06
-0.035805756034696046	0.6853547334336327	4.967257584584168	0.7760414479362753	0.05603706638722805	0.4237827105286838	2.881574091301038	-0.5988965729556246	0.0	0.0	0.1675698192318296	0.005588454404082455	0.07672988449393436	0.885263268668588	1.402262456475754	0.00417283367512622	0.06669279511847626	0.6795651516223291	0.5326512087716088	nan	nan	0.006714792764797223	823.7680189171256	1031	0.00010742011693962592
-0.029275593475409423	0.5762159825646813	5.043896868013025	2.367331306027241	0.054572538994890785	0.3725781142154058	2.449895674258695	-0.6049094193823948	0.0	0.0	0.16583633253506863	0.010404870332774652	0.14463922988630667	1.177178329265776	4.227699217488802	0.01769840956765667	0.07058801140508816	2.282152511978901	2.2591139839406007	nan	nan	0.00694202799348137	845.3821292610376	1031	0.00011327576740010527
-0.03796535405378121	0.5807583885989203	3.5429147925523585	0.038899543918754845	0.0550217999838607	0.2778458452280209	1.8685607469593664	-0.5791821766069137	0.0	0.0	0.1403002442358116	0.020593763298307532	0.08963124448512833	2.671453621979208	3.8901415305652383	0.009879825659784403	0.06450811575245272	1.3525210005452029	1.2813322300998407	nan	nan	0.006469595912109799	811.1387381970208	1031	0.0001348515788964278
-0.04262651206861556	0.669846450179873	3.6985860771616252	-0.652882768885033	0.04952364485678373	0.33217880249241166	3.1194054345227693	0.35737516076876635	0.0	0.0	0.1601544652507005	0.006594955576297745	0.07000983815163797	1.0788275208582296	0.902343758761532	0.0030912669684310945	0.0655773027506163	0.5291495061431011	0.6609428753596657	nan	nan	0.006713116675036407	829.76052455902	1031	0.00013221414479318015
-0.03160432515962708	0.6436211124730159	5.261572225741058	1.7843801444613319	0.05625951261527207	0.4352750119989517	3.037526790321468	-0.6393238120111319	0.0	0.0	0.1600401587413896	0.004848372871226692	0.08398583637530804	0.7873834427637103	1.6636512324664345	0.00399274348916534	0.06708333995064825	0.6810425058136966	0.5171308922311073	nan	nan	0.00655182156790951	758.6017790666785	1031	2.3627422053216942e-05
-0.026471226790509506	0.5776505906594527	5.837861004110398	4.313172310203415	0.05523545294689525	0.3491780532082078	2.245971863090896	-0.6131752188774023	0.0	0.0	0.16461811220805384	0.013952792032984773	0.23790103954659508	1.139735630163147	7.9444130973752145	0.08735681536751805	0.07850788614137053	6.799221811456791	10.797183810006361	nan	nan	0.0068121410408534255	834.2504852690588	1031	4.908001279839193e-06
-0.02928028057963239	0.6177242989874292	5.443746095197568	2.722966276662886	0.04183487150160725	0.37879528531779194	4.832942698708546	2.689421842377864	0.0	0.0	0.1417363377202223	0.0038637868717369406	0.08191103245912579	0.6403354167221655	1.6245377438104172	0.0021719552523029595	0.06908629893552076	0.4085437257253588	0.830826912353964	nan	nan	0.006506161511858219	757.2843302889446	1031	7.385614489658322e-05
-0.03408337514414028	0.6467218661127623	4.8668300824354365	0.8501916287113893	0.05460849589433492	0.38645871403847787	2.6690840194582446	-0.614870529755405	0.0	0.0	0.16643428629964374	0.017825186684052863	0.13363858140703772	2.389825051858781	4.891724522588643	0.024371241158272494	0.0738062980523411	3.1173333789289397	3.253503573400052	nan	nan	0.0069381489111115385	756.8722633171726	1031	9.107427275046244e-05
-0.048084595271948194	0.6716809739724261	2.840300720224047	-1.282834774520848	0.03665106104058946	0.32870071163041853	5.087606719848564	4.660128985529999	0.0	0.0	0.15307300899507942	0.0068698825617961035	0.06838201955753664	0.9671779618560259	0.545636043213066	0.001934083092978378	0.06922957639080177	0.3868300313018693	1.0553702881943956	nan	nan	0.006676293858349072	801.2851635217284	1031	0.00012273525920169828
-0.026551977812647065	0.5337824012507124	4.6932520964420394	3.5403154441508624	0.05606996836209244	0.4611700349100032	2.748575780178319	-0.5963657680330503	0.0	0.0	0.15944864160796404	0.011450495105954361	0.18073550055001092	1.050299554682442	5.661279344625709	0.015853038224375116	0.07406101176036747	1.8627648038105686	1.7970501453231267	nan	nan	0.006744603514359085	783.133043568843	1031	0.0001628919584364074
-0.029695670956641496	0.5344777896089217	4.280931220262558	2.384045158737193	0.04506522989476691	0.31798943280920106	3.608407868830939	1.468126505969633	0.0	0.0	0.15931140554572468	0.003955515245395669	0.07794485775751067	0.5938270649525932	1.4953382680619336	0.002397457718647078	0.06657022438000054	0.4289738688334217	0.7195048138000429	nan	nan	0.006717098723990095	795.5927570875597	1031	4.7705179448260706e-05
-0.03242344183006629	0.5388443871636006	3.823775715582545	1.237109604586475	0.05470133966551871	0.3308266676701878	2.2364691719986682	-0.5691195634694188	0.0	0.0	0.1611792549223686	0.014781504950078406	0.1335402331337849	1.7289893183015541	4.248837688710811	0.018124768530904167	0.0684164310030208	2.329726332167551	2.3814416617555647	nan	nan	0.006799984956259206	820.2791628323865	1031	3.416786213297358e-05
-0.02542062627465147	0.5197224593671924	5.1476381207583275	4.146341140468497	0.04062465718953412	0.3243429997702975	4.05981462841196	2.600374206006468	0.0	0.0	0.16253635067301286	0.0032345500180961384	0.0843756163290992	0.5606778146400568	1.8617447536945522	0.002103003870502329	0.06826186278210827	0.39284381859056205	0.8121819477824946	nan	nan	0.006831754480469937	758.2451521689934	1031	6.0714059777152895e-05
-0.026789946986468638	0.5575408844013796	5.4824872783461265	3.8198328165132427	0.04519316172220278	0.3354973585123351	3.786700915761295	1.3271410905067793	0.0	0.0	0.16528613628347727	0.003471447939694894	0.08491457081116535	0.6025322743545716	1.8523234253665652	0.0023862985100155942	0.06731795780681066	0.44060851693392045	0.703857998158242	nan	nan	0.006749666382588365	762.6435500258281	1031	1.4280665585796075e-05
-0.02685591693856182	0.5329005735999545	5.3996231881905725	3.873202524959014	0.05550207359097503	0.3193774076677453	2.3178667152139094	-0.5997521883331267	0.0	0.0	0.15526180066814715	0.011631269538075528	0.1961602784745006	1.0719209597444488	6.332138938672322	0.014253466817246152	0.0673842372126402	2.011164426857232	1.9654823658997782	nan	nan	0.006576536933573435	842.7590559016021	1031	2.1072196408164703e-05
-0.03156928458950936	0.6817187611645743	5.726997675219765	2.0784366862523926	0.02838290609825944	0.11717075721362935	5.280912298214984	13.459394629211998	0.0	0.0	0.1503239433776448	0.008648559912143472	0.10595631677072015	1.0548028526117688	2.954561571399471	0.0029309530879549905	0.11874185933231812	0.3029250199330069	6.05777456934497	nan	nan	0.0066841661503944105	806.268730012709	1031	0.006140061522325087
-0.04153298008701589	0.6259154168455122	3.386082325723112	-0.5679186895486237	0.05031478754389296	0.34554895026008076	2.946899426188127	0.13608458868835266	0.0	0.0	0.16017650037143877	0.006283900436577949	0.06809954052904388	1.0120718482800435	0.8796338218998916	0.0033766950859798195	0.06538913654198972	0.5579002141227578	0.6403575741291052	nan	nan	0.006709850381394669	792.1342104990155	1031	6.750741021624502e-05
-0.04319044792127891	0.655018473480149	3.586760720234147	-0.6043325760842897	0.04602135999963308	0.2830755605908124	3.489188200091232	1.3705238307976693	0.0	0.0	0.1693816592262118	0.017222268466300594	0.07395363274760036	2.38690291784395	2.3374649425143597	0.01307713212028816	0.17797032610236072	1.3869724851969916	4.150223107116852	nan	nan	0.006838242140245948	909.1575411664435	1031	0.00010958669008371781
-0.026402708963526034	0.5468353688345675	5.5143590811455265	4.150410032057336	0.0560671429842754	0.3442562750229811	2.3064023078632894	-0.6713104944587711	0.0	0.0	0.1615159254917849	0.003779204706825967	0.09043683750049067	0.6165843842120959	2.126215833493276	0.0038968353434074565	0.06259674399748907	0.6450969469674183	0.48506993170087076	nan	nan	0.006687056913218081	822.2818822280183	1031	0.00017777245901973518
-0.025739491723873686	0.5361219536125197	5.204691894893568	4.086358263319042	0.05566474729047877	0.4541613789196768	3.146796109799724	-0.5765658435196427	0.0	0.0	0.1504430613233263	0.01102276633644117	0.1908241161597354	1.0115994433483961	6.202742517274246	0.01916838782587693	0.07394276868871655	2.4961620005659233	2.5295982617828088	nan	nan	0.00663168330434058	784.8112343095199	1031	8.952566954627992e-05
-0.04216657538936597	0.6771706762967921	3.8090724552587965	-0.5807894314243766	0.04411349661426289	0.36829665612296547	4.2988608759595905	1.7440532314888297	0.0	0.0	0.16653261636224886	0.011162788143492697	0.08481562964695283	1.712166837829309	1.5938248536593849	0.028401420855703075	0.3761779966636819	2.4639700716200936	9.22341624774583	nan	nan	0.007054611102396899	787.0159779006522	1031	0.00017458917522073737
-0.05883190237685709	0.6313313659987168	1.7671328298287996	-1.6418524808011885	0.039923349901235916	0.2814058684874936	4.247350991468133	3.256524760267696	0.0	0.0	0.16763245642626762	0.015726945812082893	0.0960421892165973	1.3820394667896296	0.546428147576753	0.015197843182007564	0.29859713968318485	1.0864825528147333	7.4025257334190195	nan	nan	0.00691805708535613	801.7391398866079	1031	6.915441392805303e-05
-0.04169532269353193	0.6134849716801815	3.232687540970325	-0.5962266539258657	0.03409350920786647	0.18502139876974527	4.919958703391826	7.382447841127439	0.0	0.0	0.15751834322730504	0.005224912973079976	0.06365048041625743	0.8622241746468531	0.704694929589443	0.0017079288366111944	0.056863671256536075	0.3233284627097781	1.3202603230829617	nan	nan	0.006676792517712582	800.6475242533772	1031	2.9224091048334874e-05
-0.042829080028051636	0.6555079953333249	3.2679617267367647	-0.5896665887651132	0.050919365360477586	0.4129473861200365	3.1228703427483513	0.012595351231151915	0.0	0.0	0.15681175783890716	0.006502744601352806	0.06953253388662894	0.9621824575217872	0.8152495670631917	0.0038107112606645677	0.06815031306717975	0.5917463272331098	0.6355494367629507	nan	nan	0.0067455683032350555	861.523958849061	1031	8.961440221565951e-05
-0.0408184381483927	0.6506583189718373	3.6776996059410756	-0.5852150280070618	0.037340906120165496	0.23378124537360867	4.05573745811515	4.1653242273234055	0.0	0.0	0.16052839298909183	0.006074415751628426	0.06757208132456771	1.0370188463698893	0.8985116208541092	0.0018695090093616695	0.0656707334270848	0.35399976987646364	1.0408481499117936	nan	nan	0.006789021172215096	779.9070825699182	1031	8.187916352736337e-05
-0.025041202672794083	0.5096497076038293	5.153630411992141	4.728947927901536	0.05603543252649956	0.40240379354730593	2.722066637917817	-0.6155560299963243	0.0	0.0	0.16240441565089742	0.011772752655410834	0.21895880232187084	0.9103750160952968	7.262995764157975	0.022918379196881333	0.07156538797763573	2.8652053270602096	2.9228269749206675	nan	nan	0.006690057549392309	732.1085203556977	1031	3.911572692417148e-05
-0.04208124741257324	0.6008140735438192	2.8711700879464535	-0.580040828972306	0.03574984351645405	0.26579152362017333	4.692154109245647	5.316054099263541	0.0	0.0	0.1628793963948617	0.006165464904833773	0.06324091282934119	0.8823633363312713	0.7592162938939354	0.001819889311209133	0.06534522113565822	0.3580783625460535	1.1170571079268117	nan	nan	0.006709861596729275	736.4514418954154	1031	5.776983863952713e-06
-0.02079793479425085	0.4936176131241376	6.514943217802483	8.762667231272266	0.05493095931659253	0.36207956092161614	2.3430556664974818	-0.5807519121197989	0.0	0.0	0.1583194360854264	0.002867450118247239	0.09664520855542755	0.559813916311847	3.070784293831491	0.0038341794977675425	0.062459669757805425	0.6105453157286469	0.4775353521057263	nan	nan	0.00678375660458147	777.1181222254036	1031	5.602783742334744e-06
-0.03394424019651865	0.6501020567238326	4.757162338774154	0.8934551901810011	0.04876484936645009	0.4275068917253366	3.8660297888632695	0.49427658212100645	0.0	0.0	0.1531830974355745	0.004927479339559837	0.07673273861534613	0.8273292287209837	1.3292760673335868	0.003050715328984932	0.0695655925799328	0.5274742105163344	0.6500981435124995	nan	nan	0.006736359080081106	742.8784345303206	1031	1.6144051998374004e-05
-0.04311807607336082	0.631070634711416	3.2481375356495654	-0.5792146607914961	0.055591655051019595	0.3533251436557207	2.5331102709320295	-0.5720247220313894	0.0	0.0	0.16697219341649017	0.023393248588844284	0.07097690516928018	2.9149397830697867	3.0186356539920323	0.00915638323233181	0.06867760770522693	1.3300066354661766	1.2487928073200123	nan	nan	0.0067132912531907285	760.4158998381492	1031	3.2879480983009384e-05
-0.026610311101880946	0.5393989674532673	5.575328932999243	3.922290188814378	0.05395526039347964	0.3221039151789627	2.516605881293823	-0.47370976285206173	0.0	0.0	0.1564970078762875	0.012424614885483742	0.20599735934722027	1.206920303450465	6.9552482007481	0.01805709284883872	0.06867855194239939	2.5255137687992932	2.7860072252665358	nan	nan	0.006705677533555041	796.0793683898614	1031	9.198835677783797e-05
-0.027007577499904123	0.5291639053465103	4.941418694399516	3.424789957012227	0.04274803098672719	0.3222625739377205	4.126693635324096	2.2576602359003597	0.0	0.0	0.16431917120563755	0.003537935522317903	0.08312852182583769	0.5952849549700461	1.7627402709507887	0.0021505710713101145	0.06713115374558054	0.40424305972124785	0.785364225545081	nan	nan	0.006778430726843379	863.3168038344579	1031	1.2627221062310548e-05
-0.04281134839880518	0.6502157694420909	3.306279182387356	-0.6289952031407818	0.05285369826759001	0.37370229427059565	2.631423333297305	-0.2851317543562646	0.0	0.0	0.176182076923144	0.007311535879648945	0.06960121592870794	1.0806603471124299	0.927859888486063	0.004166091225728641	0.06532849131624316	0.6376364045180525	0.6070667902922406	nan	nan	0.006939050680801556	793.9945188108464	1031	7.512057423606924e-05
-0.04252091409563408	0.7124353674131749	3.989024086306252	-0.6641006341047566	0.05326285925947216	0.4375288135039396	3.335542122404064	-0.288518691974866	0.0	0.0	0.15503286235553845	0.00655426150091698	0.0741658084781267	1.105438248516153	0.9079320173533031	0.003919549130166899	0.06812430588762017	0.6548950501496287	0.6080804667257964	nan	nan	0.006691259616906642	880.7773139823939	1031	0.00019113625364202078
-0.030014101131319526	0.5621111692994292	4.735631693319526	2.1717421085319772	0.05446985736951282	0.33027653424639536	2.202186263081691	-0.5900126173144935	0.0	0.0	0.15859651043762435	0.013780645501034583	0.16765554547579367	1.5247480583667457	5.254095325725011	0.007799557746502317	0.0705245115749783	1.122836974879495	1.0107202852149837	nan	nan	0.006739202438301797	893.7329369371853	1031	8.258042984843178e-05
-0.04199397165134933	0.6943150648135737	3.9471296009308188	-0.5670549261638285	0.036499376526080374	0.3094920321905355	5.069090959739007	4.977954040543695	0.0	0.0	0.16295959010892097	0.006000365337825275	0.06750077257517267	1.0031072138406838	0.8698463051458502	0.0019193890058538665	0.0682144686672547	0.3786620675489911	1.1014558953848217	nan	nan	0.006731166856192863	803.3149252577089	1031	0.00010789812894235755
-0.04242600478774983	0.6799123940830765	3.776847513691263	-0.6611843572859356	0.03741486923712034	0.3033154666460886	4.967069987487013	4.551752070302787	0.0	0.0	0.15570975372351267	0.008342961918741676	0.0725894744003242	1.3596644605555885	1.086795122241709	0.003263423564990764	0.10007515127270075	0.41148547403101077	1.8162643442032604	nan	nan	0.006597247853972449	795.5518229086249	1031	0.0036541586118626858
-0.04227007978626274	0.640845491942672	3.314064939783836	-0.5877286929322278	0.043239955293879584	0.36620445145094466	4.185693462749298	1.9778435121100644	0.0	0.0	0.16712285827726714	0.005886539812069991	0.06762346706232836	0.9235217987254345	0.7729553758077916	0.0024984767062865565	0.0715080627973543	0.43741266128012435	0.8174674586641762	nan	nan	0.006748160039189224	759.8034235049452	1031	4.4352157726090555e-05
-0.041350473991144554	0.598446134839107	2.9711598219077517	-0.5759826585875522	0.03812256103629563	0.30784274267872413	4.5241843986842785	3.765561086636272	0.0	0.0	0.16014538802664427	0.005974323783062063	0.0647213442818636	0.9055153722240654	0.7751998289076353	0.0020364096677554233	0.0701685654718	0.39164702034255194	0.9972881192391684	nan	nan	0.006831701699991921	867.4306528247554	1031	2.335881398436701e-05
-0.02091651551875573	0.45786859107260075	6.123223203282569	8.631051030245468	0.04427014757954506	0.28498366104436945	3.6100751020878614	1.7712990976689327	0.0	0.0	0.1586114977336947	0.0025294946483964686	0.08841518380065164	0.525558659138885	2.690789928645107	0.0021079759107254237	0.06349031877753597	0.3933977755705582	0.7127556830599221	nan	nan	0.006715529496560499	795.1812725811671	1031	3.4987346089847103e-06
-0.025546563399033717	0.5828339145208266	6.028075627753735	4.66847245274861	0.04482962003925106	0.39725916824435176	4.344750041533853	1.6104602919566646	0.0	0.0	0.15136935170129764	0.0032711148787262223	0.08728656089182024	0.579577408359043	1.994702916115582	0.0024028960926909537	0.06864747465577353	0.4348117685355344	0.7123821130808115	nan	nan	0.0065806590749555305	870.1335214149457	1031	2.3255919941066104e-05
-0.02155775221211631	0.5220224707382862	6.254115236476958	7.070235932921681	0.055675076285927716	0.4904860713025242	3.2410163936182435	-0.6415925615687161	0.0	0.0	0.16005405767673248	0.020821201658965838	0.4636038534261632	1.0796850771899593	18.858921234380414	0.0170289268061109	0.08051492396459228	2.234551881976879	2.128631729814747	nan	nan	0.006816176533004717	733.1832220871354	1031	7.056782952928598e-05
-0.027599663265342245	0.6067266690613335	5.795384514946036	3.532170977272108	0.030515385907089465	0.0767176626999217	4.618996421371123	11.563742273847183	0.0	0.0	0.17721931840485888	0.005631679454163152	0.10283436473868102	0.7060519641948146	2.6739967066896573	0.001444235717110387	0.08509340391869555	0.2738992496927648	3.5916994396450996	nan	nan	0.006831057529099294	836.2835810197255	1031	0.051856054382828635
-0.04188538831888955	0.6256744382788906	3.509904087946663	-0.5915234366983406	0.04874204731424614	0.25482353727824236	2.774685816840758	0.5161937608072662	0.0	0.0	0.16154801309397435	0.016796359893178348	0.07312619533201514	2.4397992040880236	2.408506691198171	0.011934654255032928	0.11523551902604967	1.5701947630253614	3.005994040016776	nan	nan	0.006779111077777747	825.3419114197743	1031	0.00011244498432216632
-0.022320215726788772	0.42654636828478243	5.005919856610854	6.556417685639215	0.05518824656687471	0.3310181056825391	2.2032949777056188	-0.5557603091014072	0.0	0.0	0.15856511081024402	0.02088004558515033	0.4454558809035125	1.083315644026138	17.55504381366246	0.015555219877512183	0.07028622736947096	1.9992188348222961	1.9888786708706072	nan	nan	0.006680889853642	815.0276877528513	1031	6.357114190622096e-05
-0.023952409878590375	0.554866482477179	6.0161790688198735	5.70911422688454	0.05651658824876127	0.4542562701882389	2.9484819028758444	-0.6749154785253291	0.0	0.0	0.15369498754497354	0.003278203260691781	0.09205358572718286	0.572704971913879	2.337158841880912	0.004007759602214667	0.06588195218922605	0.6524161129870918	0.4800461412511001	nan	nan	0.006620944248601213	789.8574985145312	1031	4.711158946766503e-05
-0.04235223240797492	0.6653669489573986	3.565629048682589	-0.6232038181332975	0.039048970228720226	0.288125275206492	4.470669931863684	3.5537761848588962	0.0	0.0	0.16328847847495276	0.023773931617543265	0.08022320265767341	3.157306109541869	3.21539285764581	0.014911651464492692	0.3135447621027339	0.985326902964957	7.754261147993788	nan	nan	0.006973168257727438	763.0713356098865	1031	0.00016229472116490086
-0.04049416775751957	0.5889151478003924	3.1717025510087318	-0.5724529516121118	0.050310638633204396	0.36452535960326266	3.5048395500987866	0.256627536007423	0.0	0.0	0.16777927357519817	0.006450745080901488	0.06679272976951767	1.0431859595972655	0.9227535068022873	0.0031156009000935514	0.06680765640294312	0.5584922932783465	0.6639069929342539	nan	nan	0.0067794086564497286	795.4459668544407	1031	9.076105579191448e-05
-0.03982198397792891	0.5891952390820676	3.267398796010273	-0.517348492486863	0.050391980023330785	0.31335866707394716	2.876099084715591	0.04177825113064134	0.0	0.0	0.1574113293306078	0.006260215397884239	0.0679622010883632	1.041851301689754	0.9448938959063513	0.0032026176049985144	0.06469345665529738	0.574359075903897	0.6408495702239947	nan	nan	0.006792712364540987	832.8876269314386	1031	6.952021100023038e-05
-0.04281825122367411	0.6752407497838905	3.7234283842010987	-0.6734910120461386	0.0449524174129734	0.34661226964455133	4.135740754712126	1.7212053299799326	0.0	0.0	0.16120846176503134	0.03199232373082106	0.08111120900698299	4.042322894916534	4.355594137032167	0.016362164796028145	0.2272549694164816	1.4931437757475345	5.298290135374023	nan	nan	0.006741063443287537	847.2585356068704	1031	4.2939493264717195e-05
-0.026020774887015596	0.5354511580639991	5.108777141249647	4.0772410213738794	0.06338360758401618	0.3637206802735522	1.4231850176619236	-1.3329065140022598	0.0	0.0	0.1783445112957142	0.019416799833083365	0.31848817406015173	1.545638674769011	10.739101198552365	0.022716902383848936	0.10737520565379716	2.1232171369719754	1.2511196498675925	nan	nan	0.006920470461139	873.3611272261662	1031	7.825387135289359e-05
-0.03995762391200752	0.6742011406485018	4.004518711713432	-0.23812554654948528	0.03868012587266878	0.29315209992880154	4.234000942200023	3.577809933462488	0.0	0.0	0.15334594487817665	0.006028907511294812	0.06762414791347177	0.9739194084904232	1.011338694545094	0.0020381203076145216	0.06826969178606748	0.37296324962266114	0.9624213052804751	nan	nan	0.006630564037977432	837.7997435265014	1031	8.441611198010557e-06
-0.04134899255476776	0.601519948762381	3.029527865506748	-0.524490234714437	0.0429721812726227	0.30950448568099304	3.7721449551291864	1.8891311998844929	0.0	0.0	0.14954386657496688	0.018627820729808342	0.10888520117676856	2.3696063054065792	2.475692375275834	0.05567507886311185	0.7184722000851078	6.760353107092551	19.45875591063782	nan	nan	0.007516415863298459	795.3160297565174	1031	0.00017933409799544194
-0.05428933907950095	0.5867616200109975	1.6106101917764533	-1.487176135103683	0.036385879782996566	0.28579710746885406	4.7201081266377924	4.800490417916666	0.0	0.0	0.16545247214715209	0.007458921306904176	0.059721781166522714	0.6557483642000157	0.30838447355685916	0.0018057621354752307	0.06526365580936327	0.3624152242914014	1.02674608569025	nan	nan	0.006784315638967961	816.2145171234502	1031	7.397712006474772e-05
-0.02229715830702539	0.5045271736712018	6.059417713197819	6.773080230534618	0.03431502782335505	0.2620288603721747	5.071465489093498	6.295470676611004	0.0	0.0	0.15322216056408264	0.00272828194997482	0.08682165570979955	0.5309918100363693	2.341015188942519	0.0016503285609763552	0.06101420216625156	0.3459788859879205	1.117090814687169	nan	nan	0.0067622372813041925	742.9218568607558	1031	3.773512712903569e-05
-0.026008013495510074	0.5279298718097614	5.371284955618439	4.214287395653774	0.037409997887145385	0.2402096841817945	4.704867100952214	5.069670127569499	0.0	0.0	0.15912831845553194	0.0032500363004336896	0.08256681374999036	0.5496239313317037	1.8668322892444127	0.0017273198406217993	0.060269557497998866	0.34269587719868033	1.031182256198751	nan	nan	0.006647302131341445	844.4769703691779	1031	2.7370885696008587e-05
-0.04185745294985921	0.679726379188826	3.951181114830351	-0.5808821787497028	0.03814532914927904	0.2631608866948348	4.539223016996251	4.242938452313932	0.0	0.0	0.15928018147006365	0.012552155078285776	0.0930085684684025	1.960574581634008	1.8634811179656243	0.02971528941717194	0.6126946388171973	1.5965194720781244	17.900901882626055	nan	nan	0.0071174783225615434	821.0976787321412	1031	9.377545663202159e-05
-0.04096511256596358	0.6206973084945053	3.45687119119255	-0.5836444572185231	0.05478240971191717	0.35038711023250135	2.5762098746685105	-0.5699247705854315	0.0	0.0	0.14985105668375254	0.009761194895744285	0.0745900430961749	1.5478098255407107	1.4193077105258687	0.052367276356675485	0.06905904872548313	5.733530685811295	7.4417165736833235	nan	nan	0.006650449717046453	824.7107762380106	1031	6.962360659406991e-06
-0.021271607532207693	0.4481171236353996	5.823768052366934	7.8056205026675824	0.05437462876019561	0.36415261566840407	2.7358001289673703	-0.5912717875194266	0.0	0.0	0.1585641716674374	0.009588857916908555	0.23971001410734447	0.6400467384818143	9.516480260307862	0.009915291405734106	0.07124017485317544	1.531312462000034	1.4422282921693172	nan	nan	0.006856012586340665	749.5752294275942	1031	0.00010044592740341519
-0.04249833823505633	0.6497210961588147	3.4156301085707454	-0.6173063852446508	0.04866361592109514	0.34314238221893006	3.191598288593621	0.5361691177558902	0.0	0.0	0.15625951359563064	0.05005880100218235	0.07984171532447326	6.640589250127261	6.6390261277895855	0.029142667241085385	0.22453343122282107	3.0221090550928684	6.429917199443883	nan	nan	0.006751561170068504	781.3436620373152	1031	0.00019426260067498816
-0.04216572951615172	0.6521983415972725	3.5131099239812382	-0.5471413679931364	0.051779644010206516	0.41067572328272894	3.161033074953768	0.02661014025865632	0.0	0.0	0.16252411235868058	0.006459788135664779	0.06781330575166977	1.0109847029109722	0.8908859256645234	0.0037462875393935446	0.0665242332995871	0.5775186533364274	0.6248029201527066	nan	nan	0.006688463962478117	813.9792096906285	1031	5.074688757145828e-05
-0.04331501733788046	0.7291071202243267	4.246874932844655	-0.5766412215253691	0.05504589825337125	0.39043146857409416	2.5997132449905487	-0.5961252996049912	0.0	0.0	0.16933110359784365	0.007636590855539138	0.07096103679194965	1.2230810524651188	1.0976348110582812	0.004484113324525474	0.06628519778779224	0.7098550696472907	0.5722004098132896	nan	nan	0.0067974903805721465	749.266873315343	1031	9.85978303111819e-05
-0.024785849061878973	0.5783112389993008	6.0093725306530255	5.327200746518149	0.06505929609384054	0.43459283016260597	1.9121350988683767	-1.3401315676347993	0.0	0.0	0.14925945462847365	0.01887792967699764	0.3488342306818023	1.2577970103664322	12.511634360826775	0.021563281785324517	0.11451268063872128	2.2746184266559792	1.3164567061435348	nan	nan	0.006605306989515697	784.6306776576525	1031	9.53050722809422e-05
-0.0407858250430444	0.6371470375223591	3.5828376833242093	-0.5716996370474228	0.034673290715276917	0.19861952261281313	4.612792820765403	6.368325287316559	0.0	0.0	0.1675940099626132	0.00556418918451429	0.06592937330622162	0.9623777482413916	0.8202526623626298	0.0017254665450271434	0.06010303794730876	0.337383442706936	1.2378889952933876	nan	nan	0.006817218262580027	757.8396271065238	1031	2.7296619358184508e-05
-0.027456566538898386	0.5784285045779887	5.489686758291419	3.652280972743638	0.05551317456986671	0.35424681751619364	2.105356793267934	-0.6219137340268759	0.0	0.0	0.16390054690921635	0.012290263214952302	0.19397744263545136	1.120617761261041	6.177284171341674	0.012404304590302062	0.06965558949607714	1.5123402689857282	1.401518292663276	nan	nan	0.006756476015009005	832.1844624679582	1031	5.914220738321722e-06
-0.043216533342185226	0.603560770848362	2.8650399268151743	-0.6170515947729234	0.04306769066112892	0.2782597564991391	3.578079647918436	2.001223060128963	0.0	0.0	0.162270041965373	0.02006133993803394	0.07547903698050523	2.422251739492981	2.3781386721292304	0.018267084197050365	0.28831847135077326	1.5911371561348069	6.715736240135295	nan	nan	0.006825302269528946	795.5916375944232	1031	0.00011612274361557216
-0.047377624079661174	0.6798059439645425	3.070044760718495	-1.083803435147422	0.04238272064421511	0.3521238102668019	4.475025406145481	2.508205114248367	0.0	0.0	0.16495804461346986	0.057219260691114215	0.22295413567877606	6.180233751767018	5.297173021008657	0.04819346225896198	0.6843746132882991	3.2457729420977612	18.348950810222473	nan	nan	0.0071064798226663645	771.203165870947	1031	1.696686087343499e-05
-0.04143217159545953	0.6234966367615072	3.3245438425162988	-0.557457383011869	0.03387530434462205	0.19975189248087033	5.066090474134791	7.58256877557777	0.0	0.0	0.17292419232428924	0.005553174913770109	0.06394750857669684	0.8999549030132596	0.7693582918831736	0.0017001754333469954	0.057656177244910484	0.3271962913132169	1.3270597365170753	nan	nan	0.006738667987333177	772.6273724158875	1031	0.00016148573651283773
-0.044127698525393555	0.6192523033169932	2.843569750878797	-0.8332377983562792	0.04243859098166736	0.29432269786966236	3.8581375702199106	2.2373143114941696	0.0	0.0	0.1656794707375055	0.03286939872093181	0.0992616256670864	3.7184033273330384	3.527576367758666	0.022015469616958883	0.3531433328949031	1.800288061116769	8.467332900164866	nan	nan	0.00688304985596179	737.4955156676646	1031	8.378380656882888e-05
-0.026184017496063916	0.5463222777396057	5.8391220932675925	4.058008829798396	0.054577785359115394	0.30208910987449167	2.1747146251645266	-0.5866358003512652	0.0	0.0	0.15714862771476976	0.020162115719250195	0.32890287590984946	1.8545299907553425	11.834675519458498	0.008328448299153468	0.07229012443328206	1.2637633573243658	1.1591574782079177	nan	nan	0.006789164411246482	768.1979433494954	1031	0.00010707336750265528
-0.03212491893123259	0.6850948941561319	5.520827910163806	1.7234665234351305	0.04904973266752988	0.448353254098145	3.9141294294254796	0.460843343706375	0.0	0.0	0.1604470110519917	0.004541548078320301	0.08198401731570254	0.7588221867480143	1.5090922221674201	0.0030761038755015013	0.0696332017897362	0.5249255005853128	0.6303794045939318	nan	nan	0.006788746856345965	866.9301455817733	1031	3.206949833975618e-05
-0.03131931530801857	0.7063341951370964	6.126864589181952	2.366540502051438	0.055892719117333955	0.43056834085636286	2.8082025195344684	-0.6604364445927499	0.0	0.0	0.16913732693237915	0.01536655571781309	0.18155005507928024	1.6380253040665278	5.840389963958374	0.038984190520416795	0.0790481351355356	6.401690876697718	4.785309743782455	nan	nan	0.006872056107421559	794.3874930824702	1031	4.224488866287205e-06
-0.0400948112321875	0.614022504421585	3.494925916956383	-0.5769595954418008	0.04613774307231511	0.3264121479692832	3.475267013119141	1.0216775198764654	0.0	0.0	0.16042627335439924	0.01591698112997192	0.07887085508763969	2.438651470802153	2.4229428337901355	0.021746309674353648	0.23885637919542874	2.230745131397768	5.915538384856783	nan	nan	0.006886520188108175	813.9202874147022	1031	8.077065511102051e-05
-0.02414287815695859	0.5350437564127712	6.017998864277771	5.654327102365083	0.054097490146193916	0.34003027046684847	2.3889052785512197	-0.5697688834803764	0.0	0.0	0.15890378197079885	0.013801378849218948	0.2651118675495593	1.0708313881453302	9.802375129491365	0.015996987549316333	0.0704129859235603	2.1793043728153303	2.233110824746976	nan	nan	0.006751222505253798	769.3108546631811	1031	7.626845896809935e-05
-0.04171490095381247	0.6808052586827955	3.9118596548774116	-0.5975094720959542	0.04490114906122211	0.3738571068482943	4.051521176535021	1.4016748055905965	0.0	0.0	0.16686577132368613	0.005915985604508511	0.07060302256653683	1.0303358648749879	0.8658236675908711	0.0026722952209554673	0.07146268146588236	0.46754165979920725	0.7744423355830751	nan	nan	0.006849476118525835	777.2752078116082	1031	1.3606341763208455e-05
-0.019757020878694798	0.41024625543448096	5.33333820767252	8.810089770918264	0.03600693269487221	0.30082353997755756	4.938913635115082	5.0070953075373446	0.0	0.0	0.16148319142429818	0.0023444846396310504	0.08593800998070278	0.4926051498434254	2.618905741959491	0.001738276857400245	0.0643835680837016	0.36337723427151714	1.0015139224259304	nan	nan	0.006708291567720959	840.9318555850336	1031	1.1916700777259236e-05
-0.02335670094686071	0.5760883980218914	6.606813812652835	6.394246099167987	0.0570505213151451	0.45437749963555996	2.9661942745118557	-0.7461659064536901	0.0	0.0	0.16757576442210703	0.003360403416096336	0.09711821702507606	0.6085438517323309	2.643879802540205	0.004013505289519492	0.06659837969483409	0.6715429819744401	0.4737402040079251	nan	nan	0.006758398335717272	789.8327128338789	1031	6.624833420251032e-05
-0.054839070130112466	0.6808065164382788	2.4292160292517306	-1.6672095552224708	0.034760490493140006	0.26357008280511	5.052776466003842	6.178028550653978	0.0	0.0	0.1558687387524348	0.006641187109709679	0.06582400873695782	0.8094818715370105	0.33212379736082775	0.0017260940178109863	0.062240170869187955	0.34715141549746953	1.154666897648873	nan	nan	0.00678102323280555	811.6725126773039	1031	2.0444593216367077e-05
-0.01933660313851082	0.44463480091522356	6.2113228374234	10.358515586955752	0.03600564028487341	0.2703791741454951	4.930402263419697	5.49570084664636	0.0	0.0	0.16081332281111696	0.002304034444835845	0.08715694981428379	0.5163768308183339	2.92971967690212	0.0016750327271407572	0.0607898812307035	0.34475336026470105	1.025595471355016	nan	nan	0.00667681468019822	742.0509600199255	1031	3.340668733235106e-05
-0.016659770154953013	0.3921727037815049	6.433351033923041	14.635715309760363	0.03657595271571523	0.2906090978350658	4.793086125415095	4.799257741793763	0.0	0.0	0.16529855906630986	0.0019454690810851716	0.08646576171399695	0.5168898039720284	3.6359765630326173	0.0017177700063322199	0.06296490749964262	0.35203879737765487	0.9660837649455974	nan	nan	0.006762385437218618	751.3505686241795	1031	4.3252336355647726e-05
-0.025892103732145677	0.5710834900228721	5.975035066049124	4.496740845951665	0.055350409756809604	0.40176280855404944	2.9480657753026103	-0.588057642446057	0.0	0.0	0.1515053255376386	0.012610661842671844	0.2243200802742743	1.0795151060640138	7.581483188387369	0.011329832593616196	0.07241055862808221	1.6622150414483055	1.5841717883657298	nan	nan	0.006713039116538172	777.7938504346273	1031	3.291149755475379e-05
-0.015587211279053714	0.3050908270537776	5.817649538714651	16.511999822657053	0.043050184475176945	0.349049634146118	4.212140236849555	2.1033615890006407	0.0	0.0	0.16997295649769567	0.004763195537733078	0.1958828610598476	0.6215420916448098	10.967599690711877	0.008786724713456762	0.1351793467316459	0.8195630843354123	2.9936664803644213	nan	nan	0.006823554631224318	910.3218443689125	1031	0.0008715196196369794
-0.04163762988664654	0.6967773892875908	4.005101724232672	-0.48575060347460947	0.037364819339329	0.29394788069792577	4.971755937428895	4.760595870509379	0.0	0.0	0.1588068268482461	0.006211008441515953	0.06801582134160544	1.0192225909860404	0.9314965628819091	0.0019193215382881101	0.06683804237847327	0.37036183259339284	1.0827436420436782	nan	nan	0.006708080338328842	764.8503054385701	1031	9.698425343685361e-05
-0.045862860526919125	0.7606424749101386	4.320796781907529	-1.0302307436291789	0.03754622444293809	0.2513479100031229	4.75395791196506	4.879769978392244	0.0	0.0	0.15792999978883215	0.006552411953232917	0.0704024672554665	1.1666438360743985	0.7946235906487565	0.00185897819905112	0.06392345189304724	0.3556398868026944	1.0991892351667059	nan	nan	0.006754839731030041	853.7723040687679	1031	0.00014751407436773597
-0.04192898397747735	0.7268316924559531	4.30425368291814	-0.5779962347646967	0.04465889026648262	0.40627206963282	4.154845704750626	1.3721118157966452	0.0	0.0	0.1602172172510876	0.005849963834199001	0.07226098340558557	1.041382817741499	0.8788437271429492	0.0027644078493862523	0.07262677596618927	0.4743570241202233	0.7675291159679262	nan	nan	0.006817573454300813	816.6008270334181	1031	1.0332256063623315e-06
-0.021086159758467282	0.4674494408822907	5.6584358208297285	8.14325697815095	0.056921100056123164	0.43557984274591827	2.8355017737866364	-0.6193390631621495	0.0	0.0	0.1535541601963779	0.013653877456905217	0.3225572554381738	0.6690680272123868	13.419320392584858	0.028035493073293116	0.0726418504920219	3.2383704540383755	3.392794840432853	nan	nan	0.006568722247420583	767.7982170782918	1031	0.00010103972455084778
-0.04332618645001429	0.7193264490319571	3.8949488526422233	-0.6543721047130747	0.03826324106137524	0.3470424217415958	4.917719755904938	3.975262266082125	0.0	0.0	0.15639855524327115	0.0064419941935632274	0.06928577381657064	1.0251311752696814	0.8515872055345015	0.0020760504272876457	0.07055602437593433	0.3943553637593431	1.0009742222615383	nan	nan	0.006670440313387038	797.2599570597555	1031	9.938146749313427e-06
-0.04640222934108962	0.6799184869339605	3.0676232013659046	-1.0449600203767564	0.039615905674280194	0.3740858780661663	4.771552273529183	3.1961328788725463	0.0	0.0	0.15814736483699282	0.00715733083329162	0.06818960830508064	1.0151967303356197	0.676059314205888	0.0022082823072914204	0.07184654058525383	0.40653591204416095	0.921634662523941	nan	nan	0.0067387612501702	847.2013659878319	1031	9.574604655094443e-05
-0.030779579035868698	0.6004226598757776	4.82200043128306	2.118933771809083	0.056120727368008216	0.4041733401313644	2.5402039920146064	-0.5879688671286656	0.0	0.0	0.15498494622045456	0.013659289041679346	0.15921104095711494	1.4503919885394847	4.901264592905963	0.017770474586133123	0.07002004598500039	2.1367125469587576	2.1188435901388907	nan	nan	0.0065535952314221685	807.3050322418273	1031	3.115773504191022e-05
-0.03355798715467195	0.6549422352874554	5.032298429253532	1.2432008538284474	0.035251757249751714	0.25488384874147446	5.2228770064121735	6.516356859520057	0.0	0.0	0.16224184131321598	0.004514840087905481	0.0742725871389705	0.7517075840126117	1.3252206318934763	0.0017343524247444009	0.06090946377086334	0.3433029376101482	1.1873164853252531	nan	nan	0.006613944306284744	801.1300228629498	1031	3.402123185000729e-05
-0.02380674075210254	0.5293442102707293	5.750536001829677	5.553930028649	0.040096145143850626	0.3293635215206825	4.267846801847784	2.9838424741695446	0.0	0.0	0.15233567535793407	0.003030328952856154	0.08775197682427918	0.5581118282536788	2.1559656873586035	0.002013642963905493	0.06717193739968974	0.3813723654973997	0.8244467129762361	nan	nan	0.006696518830992912	807.5341442755971	1031	1.4477612986097268e-05
-0.03477824921279826	0.6535513691159865	4.440940021416135	0.7786313181798312	0.051640989946923455	0.46029589755746775	3.3914034609186072	-0.05846239933155775	0.0	0.0	0.16437591257163497	0.005272012975293727	0.07614060395407729	0.8298006276575001	1.2985407390129755	0.003740966336128193	0.06946683280751928	0.5966816883879003	0.5967393742177726	nan	nan	0.006775091019280449	854.5396911700973	1031	4.3994938365854406e-05
-0.02996695064414412	0.5482608971503531	4.711141423643552	2.0910521991270445	0.054200398327755916	0.297930932306967	2.1805331758003965	-0.5567618826788566	0.0	0.0	0.14943649556867952	0.018912414802494337	0.211839626698458	2.1642161683023566	7.291322023922509	0.011327507225085465	0.06974982591308551	1.650758175630507	1.6199436858014151	nan	nan	0.006715078577558237	755.9432802182694	1031	0.00010215511447217019
-0.04207471058887036	0.6361063053995981	3.2651572879041724	-0.6214014987160457	0.04844902205235346	0.39048043993924036	3.5664313982707645	0.4535980806849116	0.0	0.0	0.1537282422546677	0.0067945639874908426	0.06847256276599495	1.036249438854406	0.8859238481186468	0.0031757200566768784	0.06928794549999884	0.5375286140903115	0.6841369285807852	nan	nan	0.006734801852545255	805.070245909643	1031	4.066784534287792e-05
-0.045217772063658956	0.730046522481052	3.7100929446720277	-0.8046738461630175	0.04212679187615431	0.4114504183510954	4.713124124649469	2.3176868450531662	0.0	0.0	0.1695200838611226	0.006794121526779995	0.06999183998662412	1.0257396373064398	0.7856507107689295	0.002474492038079812	0.07358645381390588	0.43918876821635466	0.8526578788533763	nan	nan	0.0068083074114344555	854.2517758843378	1031	7.207278754499283e-05
-0.04209149481307384	0.6687921745648513	3.8010211172823407	-0.5881889486527916	0.04215596603235783	0.30009427069840994	4.239712845857958	2.523848330188112	0.0	0.0	0.16381463783038297	0.01676218809912461	0.07834599602971737	2.4541726882456194	2.4231035175157825	0.014410523547058074	0.25721120643478357	1.2039416611797864	6.0538815757092195	nan	nan	0.006819465592589169	768.6617797696479	1031	5.445876036207107e-06
-0.02619107695318168	0.5328243879219928	5.158026599935467	3.90314107685522	0.040720892941263465	0.3280881824049866	4.36074220482049	2.8690885931681556	0.0	0.0	0.17226423486736953	0.003409487297326652	0.08422906698549082	0.5708642677294207	1.8506475055136915	0.0020512605109769266	0.0677957408360684	0.39209816550930743	0.8368104078627984	nan	nan	0.00684309582883065	814.6692727947247	1031	0.00016096989280191745
-0.02769106798169818	0.5765457541814867	5.294340766032818	3.363301731831274	0.0443031129782947	0.3439729854951015	3.7959097870296796	1.5249599855429614	0.0	0.0	0.16123921141335235	0.0036623027897057514	0.08427503560784402	0.613947967592384	1.7563879272520049	0.00238594471648379	0.06816801190568336	0.4335165665604652	0.7156335404525497	nan	nan	0.006769029849496025	816.4535735201907	1031	0.00019032259518494998
-0.03378710784963501	0.6403468776022936	4.817375883035167	1.019976113968698	0.055418120402520366	0.404715477198759	2.7875760423896745	-0.5992140951076911	0.0	0.0	0.16129352275475606	0.015869482911613775	0.1325161855821418	2.027250985554426	4.463688610495831	0.024635911562925994	0.07173895868545102	3.0885105148401744	3.2393201512986947	nan	nan	0.006782186847462249	808.1008051197067	1031	6.412036686213047e-06
-0.03163084895382373	0.6071527736625371	4.77984107219538	1.7298764565807552	0.055524168640516125	0.39350045458789196	2.493901473821646	-0.6242310097804767	0.0	0.0	0.16179707374459765	0.012962831781682282	0.14168186176921632	1.480715476582542	4.306489236766139	0.027546077098090427	0.07211453327693262	3.170968527618428	3.329489115073036	nan	nan	0.006769019357742462	759.1750339381432	1031	6.632578557897062e-05
-0.042366948246949976	0.6658083744654018	3.706201619044423	-0.587051147913156	0.04454120844425047	0.33155609688928006	4.048190385006864	1.6542464022006638	0.0	0.0	0.14931962323371706	0.01018453161216143	0.07707840446445441	1.5609065316758461	1.4307515847047159	0.013402831926989878	0.19471337216651924	1.3124350156618747	4.446033379626108	nan	nan	0.006678581040017811	764.6205756744441	1031	2.343553480023407e-05
-0.04170113348671922	0.6902017262140386	4.154538311787465	-0.5774132697489666	0.044477974853597946	0.38451113419701966	4.591197978737927	1.835006290693657	0.0	0.0	0.1510209833035987	0.008922527164261396	0.08472416131231691	1.518720797897885	1.3704130432620665	0.02457570162267153	0.33682063532471984	2.108679462530804	8.11729776706564	nan	nan	0.006670726820415973	798.5503742812709	1031	0.00011575789873915425
-0.019920273946777978	0.3831555272175809	5.372593824567083	9.291749388624304	0.03960458404648204	0.2162949276840907	4.0375531963788225	3.816063530173125	0.0	0.0	0.16287984933014069	0.0023383873284342216	0.0851559596816388	0.4778971502972911	2.751737542283849	0.0016984712677796665	0.05849610655814255	0.3325398931178438	0.8890726924804543	nan	nan	0.006793926977741227	749.816194247796	1031	3.432935220843331e-06
-0.0390666273551169	0.7256518395421929	4.87489162220574	-0.0811433828823802	0.05142832012076548	0.37841802511279615	3.2172239568498235	-0.00016375434443418018	0.0	0.0	0.1628435654028853	0.006163560627445497	0.0744083705456513	1.0879791839894457	1.2034143317090535	0.003335884139327727	0.06554541678158823	0.5732140206640923	0.6087532407483639	nan	nan	0.006788134750649849	817.4675167414148	1031	0.00019571141888345694
-0.04316893269991384	0.6086593278705552	2.939644839357473	-0.6109324496444359	0.055045966026376236	0.31865037968181137	2.1647464177223066	-0.5863645520071749	0.0	0.0	0.1614923704137041	0.02493728195191619	0.07125082115096293	2.9391679318232073	3.0109950591905785	0.008879233526270847	0.06792854178107335	1.2556501355419654	1.160231817531426	nan	nan	0.006718359624060505	737.3789163256317	1031	7.898970485341205e-05
-0.024326162643710236	0.5953309285804188	6.214428872201757	5.447799710872616	0.05498889718777522	0.4805373084774413	3.010475655093839	-0.5359715409137735	0.0	0.0	0.15295841570489044	0.0034615000991135014	0.09392835629128765	0.5786901467983121	2.3424568736784552	0.004066408904256802	0.06745682366109426	0.6296915992638443	0.49438727561648543	nan	nan	0.006670426160009166	798.1901556227157	1031	7.354794844164516e-05
-0.04218645640011087	0.6638391535174457	3.5476038605728784	-0.6140331344522271	0.0352979341658215	0.28371210744395114	5.033419433695434	5.673607371247285	0.0	0.0	0.16857731656859726	0.006386860918203896	0.06592784515081307	1.0066638346438714	0.8638410774219362	0.0018288591075049654	0.0661970573563806	0.3635269236204972	1.158883500768035	nan	nan	0.006848613000053877	757.5094490355602	1031	1.4220144014593365e-05
-0.04195457321491136	0.6162441015231974	3.172302712951858	-0.5789872490165254	0.050087145166228364	0.33813312668726286	3.0727530032320627	0.28233921605962103	0.0	0.0	0.1559047441331858	0.006678943543561244	0.06743321623782877	1.0095334645433551	0.8833812017131895	0.0031852683599459253	0.0650599042183791	0.5354743762270371	0.6502789923700271	nan	nan	0.006740921735037569	719.9754382008152	1031	7.169184355687201e-05
-0.03223298616777548	0.594091846745306	4.4815460444546	1.2697183706632207	0.05490161691833717	0.3697417734906322	2.392246308973917	-0.5989105500274556	0.0	0.0	0.15918497916689023	0.014920613164646657	0.13809830362698786	1.8674158189917107	4.525056013349353	0.012253691395203492	0.07130756602790575	1.616618445932638	1.5315580408047922	nan	nan	0.006845786887664823	769.2447022065014	1031	0.00010390940659019814
-0.0324320887490962	0.6147205637709574	4.715980911442064	1.3934364630208775	0.054754764943575784	0.39509001513476716	2.6924819919764778	-0.6002511917500581	0.0	0.0	0.16170685943848637	0.014111688443437964	0.13804356508460022	1.704934062256732	4.352442730489989	0.018922316605819334	0.07255870453381591	2.486714622684307	2.4918507283116473	nan	nan	0.006820536755981668	844.5685753807643	1031	4.81332583659843e-05
-0.027737829707972117	0.601036503970021	5.519415786348832	3.0913695160436365	0.055568474638031384	0.4459378853275518	2.8942637582979964	-0.6156577634822421	0.0	0.0	0.15422994092563186	0.01605497913182813	0.22870111201821047	1.6030987609953322	7.557993807205749	0.023318469917243734	0.07542122953962754	2.842036287048952	2.8835485871933266	nan	nan	0.006731288797561352	750.6119115862682	1031	0.0001278037317642251
-0.04249614999211926	0.5888161939544072	2.7763919773300034	-0.70350828975154	0.05177343157543168	0.2912899188745553	2.258810583362397	-0.2597489328008719	0.0	0.0	0.1578867082674858	0.007332310956078891	0.06777382712701019	1.0407406182965615	0.860072429474567	0.0037406162484732164	0.06211628841514916	0.6152927731773983	0.6077654936666176	nan	nan	0.006797433152440038	803.741827579511	1031	5.245950428146201e-05
-0.01804391387330384	0.3933916189532064	6.135682615483261	11.41857936206798	0.027025431366008323	0.13219193409241375	5.164971857937956	13.534162409035227	0.0	0.0	0.1661202239083716	0.006023445208788392	0.20614474534167818	0.5518725804994138	8.9847205859171	0.008072206464554532	0.3246306177972877	0.5278209875506579	17.029945683817008	nan	nan	0.0068536694915801305	751.7161406211446	1031	0.00047336746525212283
-0.017110381526967533	0.3390039356449314	6.006211395514345	13.651427256423307	0.038898514276144436	0.22914667938305233	4.334193966293348	4.044058415924826	0.0	0.0	0.16202964188410987	0.013973233058398093	0.45116174211284477	0.6432265301231128	25.913538453508625	0.007757859872710493	0.2014042147971953	0.6168363819099838	4.94580151772448	nan	nan	0.006879452123248489	752.6677893070357	1031	8.980538883346938e-05
-0.030337654098635425	0.6356081099653123	5.433321631135525	2.3508536904680986	0.04176156363130912	0.38343825760505884	4.839303093718014	2.7099225676371987	0.0	0.0	0.14459501469140473	0.00399848424047522	0.08034347809371717	0.6621785363245802	1.5434718926790505	0.0021917917234377526	0.0694658448573183	0.4094743604681681	0.8349208924048732	nan	nan	0.006536229232040572	751.1954117281688	1031	2.0003876385641742e-05
-0.04279107304791352	0.6341568338905181	3.125890896614762	-0.5401499468959777	0.04984038038227734	0.3742449215709213	3.20427088074838	0.23891469356349385	0.0	0.0	0.1572672905594261	0.006909211145582572	0.06688825134424359	0.9706557744649622	0.868834262317348	0.003363139405348603	0.06678551438813746	0.5488189477617174	0.6528523867727443	nan	nan	0.0067422643963649664	780.9161674396175	1031	0.00012703456221717537
-0.027048750251282505	0.5236955666082389	4.904865827325472	3.416736446946998	0.05478951143124067	0.35391769846312654	2.2843042434042387	-0.59317339073934	0.0	0.0	0.1543692461507585	0.009734747301642865	0.15934561753166349	0.9733010482449118	4.850755942886188	0.010020789091039983	0.07002640320313705	1.347889485177709	1.252493631319583	nan	nan	0.006780961118977302	791.6110038720449	1031	6.15184941530413e-05
-0.04367108152279853	0.6481026172347225	3.167880683830955	-0.5953286060134604	0.053405013229613774	0.3769826046165046	2.5644622957809937	-0.3624027316305981	0.0	0.0	0.16934563456327578	0.006576932295035198	0.06935594358796915	0.9478097605522151	0.7922814367227352	0.004258757474411623	0.0657637818291375	0.6492743419412861	0.5895556028603869	nan	nan	0.0069408494339710525	839.5066672374087	1031	0.00010295605966204243
-0.03677377139735549	0.6249167056622824	4.194545503193016	0.17441234248897947	0.05501558495065684	0.34454888797732924	2.372225292969337	-0.611819641398334	0.0	0.0	0.16090255622661612	0.006069078351187418	0.07233105165736559	1.0104377164760368	1.2989041619675388	0.004151539701942264	0.06400968885730907	0.6839259452528964	0.5454135536472532	nan	nan	0.006740404132912908	853.6947128667808	1031	3.589644226011393e-05
-0.027545126750624926	0.5481887708136661	5.071829690752177	3.4033192693430356	0.05563137370359539	0.3361047265514627	2.0490601498402885	-0.5734474952784809	0.0	0.0	0.1618727655380703	0.016519200843818527	0.2430714581698552	1.4941389787913748	8.044636264737106	0.018593504948277162	0.06828043378647633	2.1506407376401944	2.1792161904566516	nan	nan	0.006659291483280455	767.793545802017	1031	0.00011587472478113796
-0.03072673166927864	0.6004542500924631	4.784267366071842	2.0019853219284904	0.04693233719512069	0.4064017598956689	4.070804449481714	1.1263048451030782	0.0	0.0	0.15886267949997643	0.004221938725924246	0.07986200203221178	0.6750480902618872	1.489751164845173	0.0026785055372834377	0.06883647437334406	0.46457789682577677	0.6821227676093728	nan	nan	0.0066128909677900805	824.8305929066684	1031	0.000185848634390401
-0.04138061578321639	0.656120726992511	3.557601607255182	-0.500963054473595	0.054600972865176844	0.42058334834184063	2.833163841802697	-0.5600198972992123	0.0	0.0	0.17014586866971138	0.007852393898244492	0.07011979868831253	1.1922179902467902	1.1228067272129112	0.004400182362861882	0.06764362944155877	0.7060456507737847	0.5748821168717632	nan	nan	0.006891785848427645	840.3408823970326	1031	0.00010740741348090968
-0.0483644005055508	0.6600853800676569	2.7696124705500234	-1.1844078692454811	0.03909463001806368	0.3350107078752987	4.868255871165402	3.854086392402768	0.0	0.0	0.16073043102551896	0.007238170175406566	0.06641138085630205	0.970562911754443	0.5844377293692978	0.0020293738834270547	0.06834779354496928	0.38588925630333826	0.964288900096831	nan	nan	0.0066996523511405615	763.2772474378307	1031	2.891250162774782e-05
-0.022175675850696464	0.42214028216253974	5.237399010731241	6.582388676962424	0.03652463544419127	0.13880806661466277	4.109012844969663	5.9565579010532055	0.0	0.0	0.16099483473815182	0.00784000908539173	0.17490323229745922	0.6715590623472298	6.6290067160868675	0.002302331985675976	0.055674899850914006	0.3883998800486501	1.6756069395759223	nan	nan	0.006784533368132312	818.7798910166975	1031	0.0015565000939340389
-0.02748058290837463	0.6398394913028729	6.155172589681835	3.6545083763065804	0.03174925326832101	0.23327092748309425	5.662507488803939	9.095346404202463	0.0	0.0	0.1505985227941581	0.0072156213935534175	0.12427876667896687	0.8502162513981992	3.540405964780269	0.0032607213416658842	0.09145747723326297	0.37114122068138	3.3221897626576786	nan	nan	0.006559615914020184	765.4974937820634	1031	0.012606755401174343
-0.0418509767297226	0.6518450536860128	3.5057673308706425	-0.46654181491278224	0.0551680086014017	0.42085020032832604	2.872531808735379	-0.5939075098371169	0.0	0.0	0.15428600301758397	0.03867009262785909	0.07212857845532306	6.720257817509584	5.474189056483312	0.039376934855468004	0.07238489872853429	6.4320424306503785	5.16178371165099	nan	nan	0.006706188583037079	778.2276776800029	1031	0.0001372410361750347
-0.02535146679550715	0.5650928776654323	5.699594657621066	4.775018455014754	0.042385865563888014	0.36972375626878473	4.284173281684909	2.1867104312400394	0.0	0.0	0.1582897595300257	0.003243669083824563	0.08634993077980604	0.5656752195340835	1.9806362526589363	0.002237578629613046	0.0691980099859699	0.41371951705297927	0.763288346023401	nan	nan	0.0067365313741235555	770.6543185277183	1031	6.264171516210088e-05
-0.04052370596921606	0.6278600109963277	3.6815093005187602	-0.52564411371173	0.05430841478382753	0.3342589640062684	2.446450274367028	-0.5316610151724406	0.0	0.0	0.16243319343004858	0.018830957434253393	0.07228108946581485	2.7974577175718673	2.944096221108452	0.03621437880639977	0.0672169629596904	6.186542173447008	5.1908754188293935	nan	nan	0.006756949641309962	760.4674896708593	1031	0.00014129799439523247
-0.03599280145391082	0.6228070270382157	4.03486934133845	0.610764232543098	0.05326266317886752	0.423724918370877	3.279602419203336	-0.22269506450419102	0.0	0.0	0.16550281926193783	0.005445124022335601	0.07262271295857559	0.8171894187545641	1.2250471343718419	0.0036899233122874575	0.06707215059889421	0.6197201558630518	0.5847394825610515	nan	nan	0.006656723963723535	754.223858247035	1031	5.2933283277695825e-05
-0.024955082881920387	0.5057445058294507	5.248236691339491	4.326148894738945	0.03867758982003133	0.2826365533866802	4.4684616098734224	3.728150134446856	0.0	0.0	0.1606204888363228	0.0032071579924532467	0.08570214878418872	0.5763482057152749	1.9586960952330659	0.0018617096181314796	0.0655840624544882	0.3746288390538077	0.9261976774420858	nan	nan	0.006761111442887713	867.8198411065309	1031	9.835578305203853e-06
-0.01692489326614366	0.37343771049188035	5.7955666783055015	13.299285918928948	0.06876858003717135	0.40699093171844497	1.3878026844475166	-1.6022978111206678	0.0	0.0	0.16359226646477704	0.01075409922921744	0.33826818925549307	0.5740838154228642	18.57799320804588	0.015524377313833715	0.10870370930545048	1.4834969790171137	0.6071549375073859	nan	nan	0.0068792562262885715	806.0647443192343	1031	9.516039556120597e-05
-0.028397987012962034	0.6010524784727801	5.773541269330671	3.1388222839806716	0.044908701044765964	0.3586024066966521	4.541294309062353	1.9048216191885006	0.0	0.0	0.14568440144884415	0.003685249757299669	0.08368933439033288	0.6395178072535685	1.7405470939847116	0.0022512735636767145	0.06694524069188593	0.4257980973361666	0.7592682032217392	nan	nan	0.0064891136426321605	804.751630307198	1031	9.493660936348358e-06
-0.04044946263981919	0.603832015848267	3.0905233842615134	-0.5023347955357343	0.04169827387993452	0.3292372510166094	3.711332388446455	2.1280590937261423	0.0	0.0	0.16363180073391387	0.02061249341293192	0.07603762077765375	2.6681130016878756	2.863268186693846	0.01769220705718122	0.26952293524058624	1.3558872947429088	6.067684586556437	nan	nan	0.006929798630030556	786.6253521934998	1031	4.264148258872382e-05
-0.02817528321887519	0.6572876750282977	5.770585175960001	2.920326469434556	0.05706050403772256	0.5990317852678814	3.689112763147977	-0.7235277337101891	0.0	0.0	0.1653305051399549	0.01198874669881489	0.1755100844219086	1.2181812003681105	5.318103944931537	0.024572379016275625	0.08495237578860876	2.9514044205085446	2.76922788000952	nan	nan	0.0068850372118714614	769.2968402510783	1031	4.230564301680811e-05
-0.036484582782324027	0.7035857209289107	4.7912898914182565	0.6620238787200127	0.05641738133877405	0.4812213638725455	3.033155131763374	-0.5761822002872085	0.0	0.0	0.16362904259067942	0.018251218526007085	0.11738512168173731	2.2612923126746405	4.251186975559356	0.0248136995495708	0.07304709126845274	2.841824919807803	2.9566755602541726	nan	nan	0.006668039521003338	771.8870458715063	1031	7.752756219000552e-05
-0.041862321160019644	0.6848928029176979	3.959384997668648	-0.6852654490541201	0.044701170710144345	0.37079078625933304	4.38542913430142	1.7327061681337068	0.0	0.0	0.15342150269944826	0.024029127227514768	0.09141196792375728	3.505421522074568	3.494406404068629	0.027351506818942162	0.36777231431784274	2.34471979821099	8.856319609977703	nan	nan	0.0068737209077443795	769.5317651161686	1031	9.440007105777482e-05
-0.042122834626573624	0.683201203992313	3.7514927946503613	-0.6210980014892019	0.03916186511314401	0.35457813921227255	4.860117899342315	3.376824922415611	0.0	0.0	0.1709200977303944	0.005756250714685052	0.07002444936747643	0.9713057480881648	0.7959268414493221	0.002167405275762979	0.07253939636704082	0.4121713549633852	0.971025527337086	nan	nan	0.006904281220092706	800.3693863526917	1031	8.84228682362627e-06
-0.041777978125027815	0.695134322990675	4.166712865696587	-0.6015392534558905	0.052203010211216094	0.36927455848083673	2.9819008387536563	-0.19463788086233147	0.0	0.0	0.16852320611888638	0.006266346682651525	0.07183505248480782	1.1163001468542992	0.9525157806622175	0.0036294929029949685	0.06568327496529716	0.6214786286427563	0.6111634857766906	nan	nan	0.006835997427000945	813.2858564568413	1031	0.00019648163781694556
-0.04271941883518393	0.665273241565662	3.5588575923673504	-0.5922874414392857	0.03913913768809607	0.305806307956027	4.593827034253655	3.686930617190992	0.0	0.0	0.17687441770091522	0.015249831719861606	0.08219304116847304	2.127791560258559	2.0503870011855936	0.02057229012040629	0.40899570693910137	1.2103218471329078	10.452291713016242	nan	nan	0.006948233382102889	676.191395390676	1031	3.488353902990227e-05
-0.036897575793252146	0.5730629150164231	3.6261903671317692	0.1524535354750665	0.054084725698375635	0.2672526347087702	1.9277611110841115	-0.5819469531844811	0.0	0.0	0.15185268053420947	0.006283309819787641	0.07072079409513343	0.9977952404559294	1.2763238303462132	0.0036295741408957083	0.06223982916531401	0.6401316741368058	0.5078282896369852	nan	nan	0.006682562219313876	855.3196681281354	1031	0.00018322743164664188
-0.02338602715844984	0.44226583025910665	5.186835064447201	6.058147955358375	0.05511303152809721	0.27207836945271185	1.8157280265530285	-0.5919128004557519	0.0	0.0	0.1543387277458357	0.00931316244478897	0.20459380052592532	0.6989415984316079	7.238670363982909	0.00889705347431402	0.06526102285801083	1.2333825771652402	1.140998892656683	nan	nan	0.006685919616882932	813.1616353940702	1031	0.00010611158841108915
-0.023228524831854447	0.5131371389305094	5.918639873610212	6.177279175578423	0.04148584085550899	0.3285967244054037	4.431758307951435	2.6860639308399903	0.0	0.0	0.15404120653739492	0.002869144712932592	0.08730748200075317	0.5450189884451966	2.2395726073202216	0.002038029858112189	0.06682455408894314	0.3948646501777695	0.8142204672257288	nan	nan	0.006753453996782566	703.833893847695	1031	5.704650808349526e-05
-0.029188762785028466	0.6734638414333023	6.300464296705064	3.094247831704019	0.0359562899890542	0.31174411438100996	5.216035162811856	5.330824007021505	0.0	0.0	0.16343583126080918	0.0037424122348673206	0.0829377742585663	0.6451937806624781	1.6891764821250783	0.001790016015492557	0.06536395980503723	0.3662985752897616	1.0607013854111784	nan	nan	0.0067269800474584335	828.0806478734432	1031	0.00011907080052999892
-0.021765848655348807	0.4688188467167104	5.789571849490239	7.557978205608331	0.05534191574186931	0.3722137119820168	2.6061616355257256	-0.5239572568911516	0.0	0.0	0.16225586821053165	0.0028117892496881125	0.09092264801742059	0.5317925469475289	2.6157665027173724	0.0036378909504146684	0.06211197675612601	0.6029287599105666	0.4877248624563798	nan	nan	0.006604510209466188	807.4553661197762	1031	3.824681360922774e-05
-0.04162007678865587	0.6449949033847748	3.550912576031149	-0.5920201804359182	0.054660296621942495	0.36026275378225925	2.4781000261462593	-0.5911414136500657	0.0	0.0	0.16605713140407283	0.007788458911871132	0.06972205670859499	1.2269940873590635	1.10355618892559	0.003995004196962082	0.06598714197747493	0.6734309219058932	0.5288102047131309	nan	nan	0.006847285537172745	796.7602458883798	1031	5.329564962685121e-05
-0.029624749530154593	0.637736753402211	5.83954746084731	2.5808548269260183	0.03927874503025808	0.32689664967043336	5.093588444547809	3.739502390688665	0.0	0.0	0.16215165999733644	0.0039014247821955728	0.08232597784232887	0.6777192282426281	1.6433030673936904	0.001957551054329598	0.06793315686259646	0.3969999413891867	0.9555106220662953	nan	nan	0.006791761060203072	810.9229780614526	1031	4.33150616435e-05
-0.01345859755139156	0.21445347013199628	5.463799658772573	21.843959333093242	0.043728605652045616	0.34384073790023645	3.9400081327177103	1.8194862006193626	0.0	0.0	0.15038649598884402	0.005825308744478397	0.25282859477273795	0.6370795151348125	20.460313666087558	0.010043977294132866	0.14553213274088872	0.9276664222484357	3.2121212949636213	nan	nan	0.006615570116458094	780.8245750419151	1031	0.00037179634303108843
-0.01702977741198608	0.3442390569613713	6.026886209030647	13.557108895796661	0.04319133865484881	0.28721744115876474	3.775800401768058	2.1753889914184725	0.0	0.0	0.16185699243158627	0.011162384152265614	0.3658459130867594	0.6172432955116083	20.5609369761461	0.01028924258282704	0.17558724345549176	0.9244018451570741	3.8765384033068204	nan	nan	0.006749382998533948	791.247043760549	1031	1.8693110976717933e-05
-0.0333534549063953	0.6161598789596465	4.62246406677486	1.1806983673313307	0.044260956846588595	0.3321726524486291	3.8845559937140752	1.750780213382597	0.0	0.0	0.16835382047735492	0.004563906205020396	0.07491971481598547	0.7442489942703248	1.3135345534488765	0.0023847834402276336	0.06815807003893917	0.4282504983859554	0.7620195692044409	nan	nan	0.006731519778978304	759.2008550262624	1031	8.905577481979847e-06
-0.03574353941095221	0.697229546418835	4.854431170471498	0.7765697050225752	0.03023760564990452	0.18428486165785468	5.156049518618189	10.018027225117518	0.0	0.0	0.15061942547312207	0.005649498375113804	0.07727022050102628	0.8435168171720853	1.2683568050297047	0.0020918797310902626	0.07055994919024672	0.3807376880365254	2.2857030287336277	nan	nan	0.006581688746298567	699.5184652931447	1031	0.004478321909416262
-0.041212587230746056	0.6383763583695476	3.369087935719986	-0.4016314657420893	0.038353266152956866	0.29476920124491324	4.322592793189831	3.691150592044101	0.0	0.0	0.1593686302579404	0.00640342911829489	0.06500147210798546	0.9430244959853882	0.9136327458057828	0.00203112638348113	0.06883775352445251	0.38038644195853877	0.9819997517867416	nan	nan	0.0067965345530143495	781.8645606983727	1031	0.00010606487470201041
-0.022002226185132034	0.5237531861003657	6.460509341669033	7.297923486268889	0.03926362406064854	0.3293658720449945	4.685513393254693	3.5098240069615385	0.0	0.0	0.17046212442515973	0.002762071380692288	0.09015350520553705	0.5600258163570495	2.511481373510872	0.0019166388587744665	0.06661173383105895	0.37973920617420065	0.8753854002068527	nan	nan	0.006868106144689315	772.140968357248	1031	1.0797179410003116e-05
-0.04100794366204763	0.6328023724269276	3.436258641872618	-0.5656198210458745	0.038489422735747514	0.29148625061030176	4.6020556600229545	3.8664094893385137	0.0	0.0	0.15651984962677365	0.020556972213456315	0.07608600493861323	2.8374955583835684	2.936640648393839	0.01333683473056646	0.28342494352233727	0.8895092600928587	7.229137958522875	nan	nan	0.006832822208753531	786.1434378836816	1031	5.9467021756430314e-05
-0.041649714576313945	0.5894526405736034	3.007998672618201	-0.592038161150848	0.04141987061146901	0.27705385406114136	4.400213067493603	2.995652312468579	0.0	0.0	0.16028469071588186	0.012995207129601283	0.07331223428869388	1.8073411696313757	1.7141652793538673	0.011689644994342552	0.23477148481658267	0.9893962670618979	5.67885156606563	nan	nan	0.006849447711115439	769.5069568911338	1031	6.419354647372917e-05
-0.018808830095532247	0.38559746250137295	5.75263099147093	10.284730592318535	0.05446160128190969	0.37625387944935845	2.797683119806458	-0.5858352685253162	0.0	0.0	0.15945367359084023	0.008225702192055429	0.24215214592820195	0.5620855201310975	11.020271542564139	0.00823618414413807	0.0718757290105057	1.2877636425342955	1.186231247004068	nan	nan	0.006784941387615637	758.9419748875981	1031	5.736227470778318e-06
-0.03907141246757262	0.6794669755929013	4.313583372306841	-0.02313804727619021	0.038345819195127584	0.3100207826400697	5.033881463131712	4.3834942216836295	0.0	0.0	0.15986321227147335	0.013844054549477125	0.0682527991899547	2.07770046475974	2.62637027252258	0.003791866408015765	0.1033527155456671	0.3934917006148497	2.168456295486756	nan	nan	0.0063797671154985774	826.2922666043278	1031	0.0007779845318095721
-0.04371362961975289	0.7605275736228339	4.463675364322376	-0.5321291124869902	0.03246836134160325	0.2138890362257458	5.097792253972241	8.178155628092664	0.0	0.0	0.1572260967008494	0.006138902281604519	0.06596705858048324	0.9982073067570143	0.8864383360144344	0.0016608369760435782	0.058213878143610315	0.32053932946636543	1.3611323626502432	nan	nan	0.0066902392485802264	914.0764318206213	1031	6.916079319585928e-05
-0.042208468071039396	0.654283147369781	3.7638895819997122	-0.5905412256758668	0.045913257566321475	0.30555145234175735	3.589811690294591	1.2824636758622163	0.0	0.0	0.16076664729319096	0.007741902860047389	0.07817485138619634	1.2953768267293162	1.121529190063623	0.013820920685912674	0.18124370797589964	1.4492303467407108	4.19152985797874	nan	nan	0.006802264044855483	795.1580528173698	1031	1.5086149613669538e-05
-0.03898591600059398	0.718177188176411	4.461455069517237	0.00859851540570115	0.05149736412198269	0.4652168060875963	3.5563439325556	-0.034548983028318624	0.0	0.0	0.14437661230096138	0.006380936360459277	0.0736319931698366	1.013965559417795	1.1839096562346936	0.0037115871237631826	0.06948349236660203	0.6016967305377798	0.6146679643895071	nan	nan	0.006647742009757471	835.8049201840654	1031	0.0001745168309392112
-0.029202557267623108	0.596763621377409	5.200843159488371	2.639183075787795	0.05432908538689829	0.41325536101985716	2.8764806958121882	-0.4566935506707679	0.0	0.0	0.16197483824666623	0.0042007909008351385	0.08507802592195812	0.6634431009439012	1.7443854597294657	0.0038399066877641275	0.06591042430337216	0.631211707083994	0.5263524652948312	nan	nan	0.006743209314318044	815.3348298609083	1031	0.00011925678161409873
-0.04394754559106717	0.6642069763258225	3.3845090162189284	-0.6084910326266612	0.040863210715055054	0.2912279957749067	4.087007285229702	2.9875341507692745	0.0	0.0	0.16082893294126027	0.020595981232360006	0.08083830816895099	2.596696763476424	2.5686242131916392	0.02074045999160745	0.3795865621785294	1.378933366048798	9.18721247304445	nan	nan	0.006827865453677043	860.2639487218098	1031	4.97155635954432e-05
-0.02494528935884166	0.5827495988948448	6.4064758667204575	5.334805101408058	0.04452635511092695	0.38424156165420004	4.600971678388141	1.868271309114104	0.0	0.0	0.1651009200673907	0.003153201335753475	0.08824427184946187	0.5860171207074996	2.129525862097837	0.0022772292663110205	0.06830035195588516	0.4302546876894868	0.7418479714922886	nan	nan	0.006697417710336898	762.186926215611	1031	8.458689332019449e-06
-0.04117497654808289	0.7139753992504456	4.2618211072634535	-0.5260636095163583	0.045968793063396296	0.44320992629954764	4.371276972631216	1.1812592586164958	0.0	0.0	0.17452471549717788	0.006289171665915638	0.07174074167658667	1.0991792429707758	0.9798694996411647	0.0028897483108319966	0.07315192610226615	0.49129717056708966	0.7461613709093368	nan	nan	0.006802939719187287	810.0314902997898	1031	9.795923031127397e-05
-0.04234054469800497	0.6337282509783251	3.291076796589331	-0.5631933614929271	0.0480356300767264	0.39537517160160235	3.6884822338279792	0.7613355060704755	0.0	0.0	0.15549097521700783	0.005995286850629389	0.06666775215515847	0.9275064321784052	0.7930134166999715	0.00305039002665608	0.06900490630135259	0.4993628004195121	0.6942210569962596	nan	nan	0.006644835943029781	821.1478626783316	1031	4.817215939635034e-06
-0.021979920327905078	0.5291743171834313	6.019373560637645	7.399181379218209	0.058245880487598045	0.48663658374288693	2.8952903012011615	-0.7900272497122891	0.0	0.0	0.16008199069530601	0.003074172717869361	0.09408276179246203	0.5240703051658056	2.6928680524887865	0.004251114330548589	0.06625693720291823	0.6532399898848025	0.44643750646869895	nan	nan	0.006672143601788777	836.4018890939841	1031	4.545309654545392e-05
-0.040668785335501334	0.6485002787063618	3.6808091456414216	-0.4392148652073001	0.05498773269798263	0.37304522116541516	2.5514420405068794	-0.5560178249300968	0.0	0.0	0.16201825467168807	0.007416138643200509	0.07022053704724396	1.1720295692971878	1.136678398982622	0.0043482999163735325	0.06479005017798822	0.6928090623440719	0.5726372030161535	nan	nan	0.006681818771506323	710.6078732205697	1031	4.6410159581906234e-05
-0.021604924921926782	0.5156673613334801	6.267680973147902	7.847898067541211	0.032936617035658866	0.2462570074548166	4.996425851174139	6.995280515184429	0.0	0.0	0.15651619381276488	0.0025659503898893266	0.08930725883669605	0.571020158414826	2.4230910973557087	0.001721291986694351	0.07160894156801137	0.47705880305684545	1.1720677454093513	nan	nan	0.006747060603684851	814.9050380593073	1031	7.431040452794533e-05
-0.023644121230775417	0.4628453484720795	5.109620820149622	5.312950441198885	0.0550555782450568	0.3629241199259587	2.4580093146964668	-0.5596310718574337	0.0	0.0	0.15602219479052398	0.0031822348948350454	0.08978542083032212	0.5442452481527682	2.2567828765620788	0.0037721482465372658	0.06268089998022539	0.616547240799335	0.49057506367645265	nan	nan	0.00673085772507262	819.6461368812032	1031	3.9994740505559876e-05
-0.028632228237944868	0.5292723451987942	4.688299333432004	2.8668836771118906	0.045371367987038	0.2796762986746207	3.487716604265416	1.4155677831792919	0.0	0.0	0.16158440168253335	0.00371709042531293	0.07993859929667113	0.5907872455321037	1.6167726329864192	0.0022588282161846163	0.06481780435475287	0.424964037176252	0.7213278838074099	nan	nan	0.006698974551502396	824.6863381709798	1031	3.909859805835588e-05
-0.04610402281640069	0.6971612224716675	3.4558650118707557	-0.9498256207328389	0.04152650541725711	0.330273576330084	4.5141040802994885	2.7878454324917836	0.0	0.0	0.15947321934011904	0.006709123279698803	0.06802116807851039	1.019434466477902	0.7179497965374474	0.002210210515867672	0.06936763871393556	0.40629900175018285	0.9000072379055061	nan	nan	0.006665335222749674	842.7899166907155	1031	0.0001438618695157186
-0.04295362028062466	0.6239887236834657	2.9768531891117957	-0.7131158391953045	0.046205129089097685	0.3809109406200581	3.6525655666623913	1.1661225231594181	0.0	0.0	0.16863733656914423	0.00701146024559135	0.06667996581303659	1.0052628219547055	0.8211440977294081	0.002881523083710924	0.06920946459890948	0.4590929251720275	0.7223332970980343	nan	nan	0.006715830326138053	805.7301329299663	1031	8.565182290517652e-05
-0.02194969799839752	0.46521810163918315	5.6325138401938375	7.035873434122954	0.05553043313295891	0.39210709796852056	2.70163210450119	-0.5895500586255701	0.0	0.0	0.1521755078624844	0.011299847063311053	0.2615397260178483	0.717975182839159	10.065225779161858	0.015634632135769766	0.07036575710900758	2.0873273912053314	2.05398507229959	nan	nan	0.00658443628954998	821.1856448259327	1031	0.0001432022400045747
-0.04170421582377126	0.6609785706083809	3.559520094209112	-0.5360309733497781	0.047706630542848405	0.4037956889073613	3.79967112763452	0.7261007052901558	0.0	0.0	0.15053657047556812	0.006527902131293506	0.06900394262418541	1.0243494829697792	0.9126368347873569	0.0030490160355998164	0.06985701169664876	0.5113284155592328	0.7014665912443184	nan	nan	0.006714709882254949	788.474675432409	1031	9.820368308131918e-05
-0.04171483693284761	0.6189541313025979	3.156708922380279	-0.6505023519191386	0.04221664714240436	0.32588778790321976	4.070388474347231	2.241358858560655	0.0	0.0	0.16791630246283723	0.006495791503742521	0.06685218076616928	1.0041453349469494	0.8445302135998116	0.0023410521508797633	0.07027785959852473	0.418460227462641	0.8527160382388133	nan	nan	0.006884472806401337	729.1104173684425	1031	5.187816922149946e-05
-0.02859441069621138	0.5524317315491452	4.790287819243203	2.7852115824745125	0.05568616890468814	0.3955759865639	2.4903104167918855	-0.5954629760493952	0.0	0.0	0.16130781654706747	0.010169409202620494	0.1490688596943979	1.0401740214405089	4.3495187008158345	0.007908369404856952	0.07190160332646725	1.0729091152412937	0.9487909533287991	nan	nan	0.006685022920517286	803.2072327753897	1031	9.299585599565077e-05
-0.043739834922962184	0.6601349166033013	3.148197576189774	-0.7512998311736269	0.04662294761302399	0.42711687464982523	4.04940278543731	0.9832555623374593	0.0	0.0	0.15999907473950373	0.007175425714906314	0.06898437667924534	1.025746388723515	0.8172007714322896	0.002984100408776169	0.07167395380041724	0.496032693521848	0.7234015415321869	nan	nan	0.006716068996810098	758.7064731124353	1031	7.058890397144708e-06
-0.042499627493270964	0.6373660172657503	3.485084565951029	-0.6197751000679884	0.04653836013427459	0.2821462228817977	3.460649255977616	1.3414694870230253	0.0	0.0	0.159164977465523	0.01735829872004696	0.07340026365458674	2.449273442868738	2.3831545248327135	0.009992850131550268	0.139232197715641	1.0891265505724288	3.111688817833722	nan	nan	0.006572448683318313	834.891726747257	1031	9.442030920602697e-05
-0.04144926883415612	0.5848085184526312	2.800131294785216	-0.41773275328318693	0.05595724554800885	0.3758524385236471	2.5280759896021854	-0.5670598983402426	0.0	0.0	0.1605235209998839	0.007799523138723008	0.06587699829217819	1.0209939578776779	1.0136130645050636	0.004093811999107855	0.06443428127240103	0.6533918431208907	0.5202345541115033	nan	nan	0.006644940424859053	772.922878148313	1031	0.0001920902477344136
-0.04229790150274204	0.6594285115071852	3.5998953970673786	-0.67067330468241	0.046194318810733215	0.35614777434971584	3.9324458055494347	1.2562345150517602	0.0	0.0	0.15102940014119381	0.006381147670849241	0.06841904442162527	1.047159082940213	0.8678941937464701	0.0026640870434216923	0.06889903555556409	0.46425441217538754	0.7533643120541759	nan	nan	0.00665838722075951	885.728734477738	1031	9.145801717413721e-05
-0.04171039435548274	0.6266406469355208	3.187221827955268	-0.5859529135919305	0.037141315567271516	0.2995724568807661	4.698338557101444	4.312567757634095	0.0	0.0	0.1668541955848924	0.005932555579498122	0.0660564197163756	0.9188942471891317	0.7783627966201907	0.0019620720856581286	0.06938131510792087	0.3854262135256481	1.0500666803866499	nan	nan	0.006863892271939259	816.3817724571908	1031	1.6897081364613747e-05
-0.013597322308437465	0.30755437724021606	6.440218328973097	21.9277069827716	0.03011999508589347	0.20764619451872668	5.461820751688043	10.394946797559843	0.0	0.0	0.16083072328664733	0.001512299907411252	0.08038192091110269	0.49731755792556953	4.700280064497258	0.001459307501156415	0.05091173732882484	0.2956364837088916	1.3696557127676778	nan	nan	0.00667252090372919	855.0906724586	1031	0.00012727916652290443
-0.04198918883172098	0.6399169691043182	3.3232943506130552	-0.5677965566501904	0.050975997872433565	0.39281443937252186	2.958964748882903	0.023758600516260848	0.0	0.0	0.16035438865444246	0.006301553409502725	0.06858088725403533	0.9763290932828177	0.840237594075181	0.003800081046089532	0.0669870689898667	0.583038708066526	0.6319306546435866	nan	nan	0.0066999803247633355	850.8777766113026	1031	6.100529099625781e-05
-0.041563284664710154	0.6263882609255018	3.455794680016221	-0.5365867007571339	0.04279268961489047	0.2896496634989259	4.136270265667879	2.3299008942900916	0.0	0.0	0.1656673696980347	0.015933903644427205	0.07626691653901818	2.2588593513881805	2.2899074685208904	0.01851542751590618	0.3104717016782737	1.660742559194564	7.646013747153861	nan	nan	0.006945227780666252	783.0872995381957	1031	9.564007572723839e-06
-0.053346505304617375	0.6399236355759772	2.198572130394569	-1.5997753144679712	0.03696857314722246	0.27926864848236405	4.636429111847264	4.798832451312123	0.0	0.0	0.17063953374581645	0.00690847379860926	0.06470674141127208	0.8020192376409329	0.35066655690035	0.0018252805010420259	0.06462698394414468	0.3611708535568119	1.0238572707705738	nan	nan	0.006729983307044066	796.7392971575908	1031	4.9156152918757995e-06
-0.021244414258253963	0.44735746947046184	5.70171094418945	8.078878970550722	0.054628211983786645	0.3393483100656986	2.352385658584302	-0.5907689670617772	0.0	0.0	0.1558739335169429	0.013585790579545454	0.32695996740364336	0.6768282670616017	13.561257753606343	0.018163029063657188	0.06947486076358095	2.4147268590643245	2.439546159556955	nan	nan	0.006787787454191577	888.5213282764648	1031	5.213636131875755e-05
-0.01862273715863616	0.3863409591503135	6.111279475683577	10.304097349600443	0.03305268815707296	0.16699616144201596	4.914091248779107	7.892464886622623	0.0	0.0	0.16129210131343621	0.014175052333314786	0.4255097900857602	0.6331890145830332	20.113256761707934	0.009527568590000146	0.34590196736707235	0.4602169027880705	12.270265518187859	nan	nan	0.006936381418349888	796.7688709802004	1031	9.41197273722874e-05
-0.02433187999488451	0.5513273019427434	5.961197475931166	5.46205855134206	0.055062192242520513	0.40632996835768764	2.669831729495167	-0.5828533264496494	0.0	0.0	0.15725156217668212	0.012828709339957833	0.2501167118661075	0.9418294784850434	8.881901157361119	0.019092679993879313	0.07194151385216713	2.3980200180777684	2.4211431341226364	nan	nan	0.006751290284801689	836.5425124686308	1031	2.832173533983613e-05
-0.04948874607625897	0.6943942273320645	3.0823827098773537	-1.5326740799125937	0.04035647846978785	0.3463921463103602	4.813371127576478	3.1497361084316045	0.0	0.0	0.16596494879559337	0.006946291096152468	0.07321940759518208	1.0918338698386072	0.5212337310019474	0.0021491257152016496	0.07047980430935274	0.4124467040653017	0.9271398806866832	nan	nan	0.006785821486117574	835.0224206530618	1031	9.603960975508008e-05
-0.04244939089744992	0.6984491050264208	4.06374329256171	-0.5560225637200621	0.03843877647151972	0.2893634065624761	4.396971159373642	3.866352679387547	0.0	0.0	0.16171989190329564	0.012881273383779368	0.0769112284422937	1.9493012239918415	1.8951443844419642	0.011928679996491165	0.25557869033256864	0.7500750765646664	6.278002496066137	nan	nan	0.006827399781971388	768.0593699582666	1031	1.902611017084855e-05
-0.043279916694717535	0.6632696053070261	3.4318760127724914	-0.6179202244885731	0.04028176155388996	0.2886710870667726	4.130324663492094	3.120094250554617	0.0	0.0	0.15528958524629682	0.012498201969762146	0.07627675798074807	1.7338469968402297	1.598069742491235	0.010266124878890559	0.20740846782689065	0.7488659109742615	4.715077551965886	nan	nan	0.006773348837086177	844.7286951450141	1031	3.5291281237380916e-05
-0.023732224821539027	0.5396314780471048	6.039861663972279	5.74442882479117	0.057018213134937046	0.4027154006837519	2.4388955447792777	-0.7664548406220707	0.0	0.0	0.16441014865779058	0.0034490096863232234	0.09587492587202595	0.5952101105492691	2.533560790152529	0.004181508788207444	0.06426062446596567	0.65189531544532	0.45815214738156124	nan	nan	0.006763064261360807	814.2434603984741	1031	0.0001451774539473894
-0.025057884332623792	0.5295895049090875	5.570364097931201	4.890527953270037	0.055548203636986315	0.3820380751027194	2.716275984415729	-0.6059969713905666	0.0	0.0	0.14463544197028202	0.01620239935197554	0.29576887696589693	1.182643036425679	10.345315902677399	0.019523548744106223	0.07171148152024398	2.6160940056436193	2.636578252948956	nan	nan	0.006546570150509232	798.3650069268731	1031	0.00017866732132385734
-0.04260210390285124	0.5753600928322149	2.6182303781577327	-0.609404801024348	0.049103436472127227	0.30971456294806765	2.8161426690281917	0.30569630356547	0.0	0.0	0.15092670181135015	0.0067761233978504976	0.06509648076850505	0.9163122139385098	0.7834204244542113	0.0031325710261426165	0.06505646823410158	0.5312941708241343	0.6541081584598433	nan	nan	0.0067166721946958635	751.4072499542285	1031	9.209636258875711e-05
-0.01881317475819755	0.46499536110518047	6.348104482720012	10.883214371578662	0.05569773604131956	0.46354907139276913	3.041591795363159	-0.5980427912876037	0.0	0.0	0.15557596654098563	0.018327871020788478	0.4866622613234791	0.5818176468150345	24.338404925455716	0.02504658888614486	0.0740041150025236	3.0165812142915263	3.1301938656046966	nan	nan	0.006670239094126548	780.6524545856757	1031	8.356684284972139e-05
-0.03796492059776124	0.7023263257889829	4.456546413431593	0.14232486730376998	0.05609223254936557	0.5331845852924793	3.4662348004007315	-0.603955910648912	0.0	0.0	0.15083750514607644	0.006466411885948875	0.0737029594362113	1.0118974082864574	1.2769813405761405	0.004541758107795335	0.07111123554542384	0.7153804267963744	0.5551596492341939	nan	nan	0.0065941569710262354	762.9733348310851	1031	0.00013014777500824088
-0.054203795876367034	0.6854997662397606	2.5085668602922713	-1.6358887871943273	0.03634989977498848	0.2629405140350921	4.842170295934821	5.345253194696479	0.0	0.0	0.14758704003479145	0.012698880755927788	0.09589846581883243	1.5588278061966248	0.6624233457289715	0.009699572058122219	0.24118054149050747	0.5589062025509248	6.711909112310109	nan	nan	0.00664313249390526	825.7196804352727	1031	3.6102086492316933e-06
-0.05175097991414568	0.6187967016637657	2.150198826363647	-1.5527497468874734	0.03877319525883016	0.260309806018491	4.412098410109779	3.876830489327534	0.0	0.0	0.16252519816338357	0.01736639519375427	0.12031951586766199	2.0365968510687478	0.9309222095843036	0.01916764504388302	0.4129046469589648	1.1925105261725728	10.975287086981126	nan	nan	0.006939234184936957	771.3551150212536	1031	4.4928147071385184e-07
-0.026405189276058283	0.5914362341438213	5.959905818144991	4.134183828320593	0.04264718097972775	0.3303690849209287	4.01969632007955	2.054390204568697	0.0	0.0	0.1678202744868087	0.0034411553171289633	0.08724224813212444	0.6176757545335669	1.9350858747319988	0.0021961380453445756	0.06797746515990014	0.4131119772281522	0.7639570150568279	nan	nan	0.006830639344716505	808.1054640411272	1031	6.170820271969945e-05
-0.06010790574779079	0.6444179409733646	1.7539010112517146	-1.849115242143859	0.02931871931306529	0.16759005846994535	5.403499902839321	11.471982813065368	0.0	0.0	0.16830167784186875	0.0067498649028787105	0.058856119691712894	0.6028197671685851	0.20996347289202483	0.0015361366786514896	0.0499854365419673	0.2989102281010707	1.5586913229818877	nan	nan	0.006780158916998874	787.8218485674818	1031	1.2641764501766671e-05
-0.04322862100037661	0.6912081507644655	3.6881290387457906	-0.6585618357503001	0.0413408393880097	0.3218037164927561	4.0287036143104595	2.384555223371072	0.0	0.0	0.16086426060088568	0.015262321286652725	0.07850805235280578	2.18509330110815	1.945439194616416	0.007492696644779584	0.13877900131719495	0.6883022903713556	2.928614687045247	nan	nan	0.006865468999071089	865.9233745633751	1031	0.00014554227909225012
-0.02015868883878935	0.54170615956299	6.745554115270003	9.625348657872095	0.05628764615478721	0.5413367124796411	3.6917289817014614	-0.5877899180039167	0.0	0.0	0.14630367689665572	0.011993113213654372	0.30162058180608403	0.6108872613191028	13.447302232624834	0.015440429097613007	0.07637237596825258	2.0359306226362666	1.9814486250343673	nan	nan	0.006551414346619822	796.286253700715	1031	6.632844721090963e-05
-0.04179624852276531	0.6426386654856964	3.584854772854121	-0.5950496676065407	0.05052323048331786	0.3403018166603573	3.0861574797712983	0.19080797674917954	0.0	0.0	0.15230022439553006	0.005872265535218302	0.06925832464864035	0.9951342114043591	0.8346481580455458	0.0032098650882561586	0.06481277030967733	0.5481209695500031	0.6426700658682687	nan	nan	0.006626103045922968	830.8485883771684	1031	9.951789068405536e-05
-0.02657402666004438	0.528263166038027	5.274506537743778	3.8113206062270977	0.055099230257636744	0.3535938260689285	2.617341962485976	-0.5474286788029064	0.0	0.0	0.14519494296746194	0.013188697848779407	0.21783567894951306	1.2050551401866194	7.166780016516871	0.016057184866136942	0.06847391813981393	2.233477185268706	2.2871262071099183	nan	nan	0.006547784967661174	766.3469847520205	1031	3.72060349692954e-05
-0.02604216187267272	0.5538565988185307	5.886154871122842	4.230836876122989	0.059591714790455885	0.3422286941152943	1.923587268413021	-1.0859867522480713	0.0	0.0	0.15560429159460604	0.003907358899865043	0.0943119169850678	0.6514281791943355	2.3131707042014975	0.004449103790422626	0.0635494886486056	0.6988246568016385	0.4089692691408719	nan	nan	0.0066793954415470674	774.073660137811	1031	6.267936512860071e-05
-0.025705110578622348	0.5426732538937528	5.14759401498262	3.9530811093249603	0.06250533103419298	0.43215322664036027	1.9249682235353238	-1.235595713718395	0.0	0.0	0.15912030600970556	0.024163015366257035	0.39832157538057544	1.9269993182246272	13.385250400089983	0.038915250157693926	0.1603024035349601	5.916330107645596	2.5824742935117326	nan	nan	0.006847083288506972	829.1415405041666	1031	9.409661960367266e-06
-0.030144675551380784	0.5834428749488869	5.040103269347014	2.4162175185299706	0.04236292602201086	0.25404590876034544	3.5825974836462073	2.3381566823196756	0.0	0.0	0.16755598814322203	0.019477308306307672	0.26215978875862894	1.8572963814566514	7.70409999489843	0.019347912310280768	0.3203784507092118	1.6684519540539333	7.94206879615205	nan	nan	0.006933354689303284	763.9645836177108	1031	8.213749017671856e-06
-0.0416436147524587	0.6341481450394916	3.332765831669404	-0.6064817269824081	0.03735079206712011	0.3051942596573711	4.907584812446924	4.62496814473863	0.0	0.0	0.1468209988035453	0.005727632174433783	0.0663144111963242	0.9283178356180983	0.7716470740383149	0.0019414219833702173	0.06781982126249245	0.3767058079234906	1.0617226670350646	nan	nan	0.00656208110818432	821.3530309200519	1031	0.00012023005366949858
-0.021972497488035314	0.5012097314155348	6.3634810084872075	7.915276752434491	0.076237829254854	0.32761745994513775	0.7162104380976264	-1.8111634697092684	0.0	0.0	0.15304568015154243	0.008285873873693506	0.21887302992356608	0.5827951731012573	8.22784009261174	0.01729239635934987	0.08456559154265098	0.9794837265618239	0.30632089269683155	nan	nan	0.006588651595326761	764.3168656704418	1031	4.3486250017031394e-05
-0.040327575639053204	0.621642644744274	3.347396483549576	-0.5558273259471557	0.05417474731844796	0.40276134964639765	2.687178982922011	-0.6033552176265756	0.0	0.0	0.15653249334712432	0.00711500715836022	0.07036632786752256	1.1399889591845709	1.0249413578157736	0.0045072832779327054	0.0680779728227722	0.7297815689151967	0.5847936967358893	nan	nan	0.00685471229606692	768.187528654266	1031	1.073283640531916e-06
-0.05327357576338165	0.6309419119071457	2.1612873800877175	-1.5626070022459888	0.03983317499766015	0.29828139379716934	4.5766238780852015	3.5197958353268946	0.0	0.0	0.1612551954590059	0.00702852408709842	0.06467468086073519	0.8079033290082949	0.3608426901111285	0.001975964962552701	0.06635674108884532	0.38111479868362785	0.9331227602775785	nan	nan	0.006717871977468981	802.0617370254804	1031	5.516264866617487e-07
-0.04248116613103892	0.5830309436097616	2.930796432982664	-0.582535449292054	0.05373883117210032	0.25911577217114357	2.021700545931859	-0.4582437426973629	0.0	0.0	0.16791617779325363	0.014536928679105998	0.06961856444661818	1.9234349526492753	1.8586010973019873	0.023235512343249387	0.065440714459436	3.0307881095443836	3.6024665490026773	nan	nan	0.006790341275159123	815.4444271479183	1031	1.3651064318361886e-05
-0.04253257767989793	0.6458188148800346	3.3309238809433284	-0.592373545087586	0.03877005818915613	0.2664997117671872	4.354067098665908	3.7825382448689857	0.0	0.0	0.16511655603473863	0.010436244493750912	0.06754571839277812	1.4247199133821322	1.438309582970857	0.004144457524798639	0.1178819969809195	0.40893877474785034	2.420529326352247	nan	nan	0.006846536554396029	757.6849718147968	1031	0.008152289537416244
-0.02749264183522715	0.6081648870176539	5.5210733218199595	3.5486868010910135	0.05544425587114321	0.487819081386611	3.213645429075354	-0.5774731219703627	0.0	0.0	0.1670465428156398	0.003924464564841246	0.08839404786666244	0.6128867734078622	1.9063765903618064	0.004068731197903741	0.06914436183496905	0.6639964343932545	0.5107534235961355	nan	nan	0.006799663652697727	864.5490989931934	1031	9.904930011990539e-05
-0.04236045163538937	0.6316447636055844	3.3721223493307475	-0.5919438107002694	0.0464104162040857	0.276288684927191	2.979779941736966	0.963197131981875	0.0	0.0	0.1686251855519607	0.0149534126567612	0.07475517198801618	2.0943318030644935	2.023966496392925	0.015289584174530968	0.1734252936725784	1.6501691359179418	4.157358912357577	nan	nan	0.006857145256208869	747.7963358740075	1031	1.3898488744481868e-05
-0.04196704782771454	0.6735433857067753	3.931793164694375	-0.6035550013788945	0.047450914881131956	0.30670199796071973	3.330402134805961	0.7965231437127708	0.0	0.0	0.16194120696202718	0.01932973058666615	0.0772924879594778	2.8546533036481287	2.8665446376305925	0.016235954177405976	0.16720211844297844	1.8863148264471845	4.288115800918921	nan	nan	0.006862766600597564	736.2374590594557	1031	2.4415615500598705e-06
-0.023661208777465026	0.5428953232596128	6.017861469159063	5.756847247869829	0.05539261776092452	0.44247001111182216	3.0729110945932483	-0.5725821235900724	0.0	0.0	0.15423551861596171	0.015143825873541572	0.3018821838864717	1.0477992074197573	11.136835149026764	0.01622260689493915	0.07430154942433692	2.1664593746295044	2.1571211888847626	nan	nan	0.006732908133662188	769.8042985277245	1031	5.6913512502267135e-05
-0.04187252516355111	0.613859860252066	3.147958942594636	-0.5713623821516932	0.05541756770287409	0.3960029212990054	2.813226321301911	-0.5644846650366984	0.0	0.0	0.1524278362545399	0.0070941979460432125	0.06756474205940188	1.057051168185688	0.9384687142697371	0.004279227249404771	0.06559091834542333	0.7038090055489217	0.5785553635176205	nan	nan	0.006547996696010791	891.239783989319	1031	1.1743732081789255e-06
-0.041753266319451976	0.6119351595970608	3.2150698355454423	-0.6380142903448333	0.04003578125817486	0.22644911128640816	3.9469922486914473	3.4209592285310424	0.0	0.0	0.16027593659021538	0.03331184858988334	0.07575464142503952	6.568749745622011	4.473920934314121	0.008875890324054447	0.20823283126326475	0.7269621240394835	4.965425171212876	nan	nan	0.006819051317737149	839.7109163966835	1031	8.223741252331139e-05
-0.04277967125630555	0.636513180768337	3.293953001222778	-0.5863537201521648	0.04943143238921799	0.3846374177817565	3.5465101007289523	0.5788085164823564	0.0	0.0	0.15680835704821616	0.005893450183023563	0.06744889224084549	0.917309879232695	0.7648519852011263	0.0031166947432829106	0.06707846921071164	0.5056326601755279	0.6710076904903801	nan	nan	0.006583761933023027	836.7817288456733	1031	2.9980193767287795e-07
-0.018088939231075685	0.4267048923941476	6.439513729948525	11.893507670726706	0.027562221348985894	0.10101081146650509	5.154848065960546	14.57366798885314	0.0	0.0	0.15910374497343915	0.0021329448485534197	0.0854414796217344	0.5030319492441064	3.2035574282618944	0.0014804335223757015	0.03902365054746365	0.24953495011924298	1.716942019878711	nan	nan	0.006765665346916611	827.453136590477	1031	7.617532230373196e-05
-0.041587093233563466	0.6089470487237488	3.2747620172684266	-0.5739777280827625	0.048710521322424816	0.3284848617668113	3.295284637882782	0.5459140072138136	0.0	0.0	0.1579781922439882	0.006227062423865781	0.0664415468156822	0.9957298183494474	0.8649399691189862	0.0029260085794644564	0.06627394731787656	0.5112099627675009	0.6843290850570952	nan	nan	0.006608352935118633	836.537074364303	1031	1.2149017768635713e-05
-0.041446876007524835	0.6316790015317878	3.488429174356342	-0.5654323281384995	0.0414298458952751	0.3319096073969126	4.632747506075992	2.820987354492671	0.0	0.0	0.16263264396229798	0.005616762908875028	0.0663709067894307	0.9428599545453527	0.8019988968620899	0.002212386883928885	0.07046877725657727	0.4195310255356133	0.918777192976059	nan	nan	0.006753602353826826	835.2826180594159	1031	2.649787120992864e-07
-0.022592344354176563	0.5687250062015557	6.533344846203583	7.205422726881298	0.06368912422932915	0.4429350126959332	2.0604377926935324	-1.3613934287450282	0.0	0.0	0.15885402487684602	0.013791048492543034	0.30151658271782256	0.8150322820477829	11.792222521300184	0.017075280521408165	0.11522038389208983	2.076849596067716	1.1295898623025953	nan	nan	0.0067936070610060545	777.6491731962972	1031	1.315623363299918e-05
-0.024853496278915754	0.5900436214049196	6.079689064098195	5.079305939669241	0.05389748051417853	0.5050253860479478	3.685220467059258	-0.3522634123741162	0.0	0.0	0.1579148217595236	0.0033829810000511884	0.09107311253174111	0.5792611922563093	2.1730145891721024	0.003631196938524761	0.06961011893699112	0.6252980920422158	0.5305941021953025	nan	nan	0.006758778500780688	802.0895645502034	1031	3.272143409343528e-05
-0.041409785527131704	0.5881835612955773	2.950704017851724	-0.5804773223046373	0.041390014258889885	0.30363454161985226	4.117144026887099	2.6632600109938727	0.0	0.0	0.1593720664792022	0.015136496642807973	0.07847621691882228	2.0400410274156195	1.9824173447581828	0.021927908701156573	0.37720622678285853	1.6242273156401157	9.142507949262612	nan	nan	0.006784750434674025	801.543214460041	1031	0.00014954565745438226
-0.04212389199770128	0.6700394200821529	3.821642032553802	-0.6307509993148692	0.05529028385278689	0.3786984114755311	2.8630190934100774	-0.565408554737644	0.0	0.0	0.14639051121442256	0.05076158582720841	0.07753772193843195	6.821582040303576	7.310646663387397	0.011461638813513586	0.06935227551809972	1.7017413127566166	1.655150540998043	nan	nan	0.006522208698299503	845.5579140679612	1031	8.592859048797253e-05
-0.029024515458279665	0.5636424774395765	4.780701914132544	2.4999389216663377	0.03986890648814345	0.3331237827398118	4.491615729699721	3.2530511095602415	0.0	0.0	0.16284045541048026	0.0037884597195507186	0.07928725244022575	0.6219158640950773	1.536616778151078	0.002046699274588226	0.06829178057409649	0.3881628357777491	0.8808359731370199	nan	nan	0.006756169853141314	719.148855436353	1031	9.107964129524498e-05
-0.026891206142227064	0.6115426873027048	5.749670481592895	4.257571890352231	0.05631136562985861	0.47516877030449134	3.064435887729673	-0.6361990673874961	0.0	0.0	0.16223036287055423	0.003855134685726125	0.08982784492438178	0.5937100263207142	2.0617960005046636	0.004108421510260141	0.06757767243188467	0.6604575174531688	0.4936839235358499	nan	nan	0.006763796887689716	736.1995243662054	1031	4.6295257914239e-05
-0.04179006808351171	0.6561381415916401	3.7383959650296017	-0.5735690072949629	0.048030688960932766	0.34075375743653485	3.4902387104050394	0.7918280069889498	0.0	0.0	0.14863331980834277	0.017430926926101764	0.08344163459311016	2.5434495730845077	2.5509215373263254	0.03775024602636856	0.3390629623410718	3.661816738942871	9.37165695032178	nan	nan	0.006680142004895306	793.8626944026909	1031	9.141970617623258e-05
-0.025045141201432752	0.6295841554312707	6.549270735096476	5.09456789899438	0.05974410106383865	0.535877195845254	3.231364724261401	-0.9917552467852986	0.0	0.0	0.1639697640065419	0.003706914751126056	0.0963005890428989	0.6316250346939785	2.386748353819262	0.004430075216200646	0.0703230942894846	0.7316953874953711	0.44430948359035116	nan	nan	0.006747613690339535	795.4834019930656	1031	2.8046560387707923e-05
-0.04276865277302844	0.6473300464931051	3.526743379415888	-0.5597255800142115	0.04643979207276794	0.3151910797448006	3.570014376840276	1.1488537958152203	0.0	0.0	0.17075737334765645	0.01513520755948461	0.08589126271147468	2.108029350927606	2.079493431518646	0.04537692118501546	0.47597254515020515	6.704698796305916	13.067605395461639	nan	nan	0.007139247624905198	780.0314069043484	1031	7.850560574402284e-06
-0.050605949887523094	0.6934352231259019	2.895844755891968	-1.3050807766413681	0.039526495122409244	0.2998894830789574	4.610572488959812	3.68417838547616	0.0	0.0	0.15757203160651667	0.007181242834299606	0.06786403403603081	0.9684319064155844	0.5312689673908596	0.0019914748937217563	0.06658621125257239	0.37635035831725183	0.9577465510435642	nan	nan	0.006690670165136484	819.2553401999602	1031	1.6342768546507485e-05
-0.03224007169050247	0.5861809746958889	4.548521703499098	1.5550067392356353	0.05523243374030096	0.3498495492346474	2.469180718198414	-0.5591302363905002	0.0	0.0	0.15100423542521818	0.014742967246128558	0.14640075681080142	1.7113701989846501	4.685752492421619	0.021707339568587947	0.06831622892630596	2.7783261044832335	2.945464772729627	nan	nan	0.006611336272203075	798.0860497396521	1031	0.00015649684598240183
-0.041402750935329746	0.63505881067846	3.382325867734595	-0.6002111590121022	0.039136883190485916	0.306533064799848	4.638324025879895	3.626402469510799	0.0	0.0	0.16478261093061758	0.013772696592439682	0.08273940834857946	2.0026774074233398	1.899263592014509	0.019468506474855873	0.39261332325668025	1.1802827286388275	9.928220579076777	nan	nan	0.006913480346555631	768.480882416086	1031	0.00010142848557646469
-0.032016428438993105	0.6343384969477153	5.015584640640165	1.7559946008661687	0.0536102822428528	0.3749132991993095	2.68986514993054	-0.3037152220126571	0.0	0.0	0.14889573011084148	0.004787993597816231	0.08161319318854748	0.7642941874005449	1.5832764206707213	0.003715233568010512	0.06335027584975647	0.5904521588259364	0.5407163821143611	nan	nan	0.0065499347066270835	762.2534508015133	1031	6.381484295650378e-05
-0.04406463936794636	0.6021827068274592	2.8356391986714318	-0.6054108591653631	0.04547934466035275	0.25912488612942663	3.2528689440716296	1.5068976876181661	0.0	0.0	0.15816228203562385	0.022813909524585174	0.07017940052342686	2.620834723431762	2.6398400205930592	0.01334714074231469	0.1895920671516544	1.364213648552927	4.398428309828982	nan	nan	0.006600722945441451	835.7260501005364	1031	9.246472082597735e-05
-0.042444039903545394	0.6571221584757865	3.557658986290902	-0.5499558215644464	0.04000962272888975	0.2961123150483631	4.594768998118549	3.5635156570797486	0.0	0.0	0.1640024693395068	0.0062940467560174684	0.06532198282013574	0.9776539732160257	0.8667758456536597	0.002045564469921546	0.0676128447467467	0.3867283424580359	0.9749795671007763	nan	nan	0.006755632377671447	799.2458065686626	1031	4.332036249267192e-05
-0.024665506488029232	0.5061013636879308	5.192191743912127	5.111179247562114	0.03801962394660996	0.288197606092304	4.698798938577411	4.337496273243132	0.0	0.0	0.14565705571521714	0.00307230730536745	0.08330634772420939	0.5114684840729953	1.983902274321709	0.0018068958089663134	0.06377928035842301	0.3578131633583004	0.9546290923507853	nan	nan	0.006615686725403538	728.6665102088958	1031	3.786666044074521e-05
-0.023092881018307865	0.4946370141783433	5.738103953579871	6.184521446137319	0.0545191456529579	0.3406065345852292	2.29101540869507	-0.6302674592867432	0.0	0.0	0.16340044508684232	0.0031800458306487367	0.09356356634249974	0.5625399642939901	2.5059597942021394	0.0037924386267919052	0.06348339528057007	0.6396161198050327	0.4900518229976634	nan	nan	0.006781068496008957	850.415959756492	1031	4.78040774714449e-05
-0.042887188977320134	0.6853423174511457	3.5807990864355506	-0.5877304022615177	0.04517542717269185	0.43081433739009733	4.274368614932685	1.4739256969194485	0.0	0.0	0.15688611886226142	0.0064177366027936	0.06911668429876194	0.9829472414053619	0.8397380096944586	0.0028050056531052636	0.07235800416170157	0.4660298380507495	0.7584375578839502	nan	nan	0.006642042261549699	797.2238895459453	1031	4.039169945753055e-05
-0.04278926218017609	0.6228853140443937	3.279277762665753	-0.5847509172796197	0.038473042607420904	0.206122013774385	4.214954430084868	4.445883470880642	0.0	0.0	0.16830776049848684	0.009418857410372461	0.0748961503707759	1.3792055055119938	1.2434784263579295	0.00992923915572852	0.26833947398959923	0.6835514989736602	7.039964000973844	nan	nan	0.006855996181699728	762.5214448374459	1031	8.05725157565837e-05
-0.04127467993424716	0.6287944909206536	3.4449281387480135	-0.5804115333028235	0.04632363118566052	0.3228644033395566	3.6299441771599286	1.196697281420869	0.0	0.0	0.14845401922452847	0.014663842909154179	0.0815679227176272	2.1473965329523974	2.0910473960646145	0.0314009477923084	0.3467714644141593	3.053350082913009	9.035385633603639	nan	nan	0.006699722383487303	817.7334303027765	1031	5.447270330828779e-06
-0.03838668235191767	0.6461203198448076	3.8797730994585713	0.02396147207683854	0.05126443935070357	0.3920951281103151	3.2162624520766467	-0.02296693045774486	0.0	0.0	0.156634816309968	0.006299245089975092	0.07142830046368742	0.9772697801207593	1.1570155214658415	0.0034899923904911923	0.06698117808399634	0.5900001694130361	0.6179491614089384	nan	nan	0.006701801856590389	818.1809463509319	1031	0.00014515516789783737
-0.029897052453680906	0.6110458256711648	5.081374167374596	2.270014771509918	0.05616920267041947	0.44065177765595753	2.7132009174293	-0.6040183282229465	0.0	0.0	0.16276893338373233	0.012841532996886562	0.1599249302601832	1.4078952249720385	4.919208021502647	0.011176545695725792	0.07310463620073687	1.4089256488506392	1.3016249792229675	nan	nan	0.0067248278707229825	819.1824633940455	1031	3.150400698880488e-05
-0.029359527792233275	0.6004627090223756	5.180169900987187	2.7178637114625372	0.056556879929441584	0.41020284996607725	2.6304221722075734	-0.6289608560342979	0.0	0.0	0.14568907200523204	0.013774338918580598	0.18362013445970876	1.360798960237735	5.707577940255594	0.017146389748874058	0.07143801857347437	2.1352250396488666	2.0549122951245775	nan	nan	0.006495255389385002	870.5717962566873	1031	8.552944371828007e-05
-0.03386890225749917	0.5956039345797017	4.233012769313702	0.8820927779847408	0.03552976333804381	0.22452410759967978	4.619844090619192	5.755358725532144	0.0	0.0	0.15846243358062537	0.0029404405273605327	0.0652657282719275	0.5024621888667997	0.6484063008676476	0.0038084979322752233	0.09378897389667529	0.41967294553872003	2.7987425856445496	nan	nan	0.006669849065387368	755.3022383182267	1031	0.004543717987153898
-0.03447976687552157	0.6318289511689985	4.482707761052901	0.886194535461358	0.054070620592868934	0.39729888741418307	2.8064465539457286	-0.42254450104604874	0.0	0.0	0.15625843733565864	0.005306505271768014	0.07615064328139542	0.8433097152968305	1.3790021363614444	0.003937135272563452	0.06526795616152464	0.6377654162832971	0.5522999253704293	nan	nan	0.006651041317268069	866.8391743256121	1031	1.526838368426507e-05
-0.04827116450681368	0.6578668140396354	2.820814897524121	-1.306585942751561	0.03172582985395711	0.21039821364934042	5.093965394562171	8.411048509211497	0.0	0.0	0.16737191197607273	0.012089699165210688	0.08836779521988208	1.7542515550126707	0.9918052189181656	0.005041229077579201	0.15354412341718038	0.37499705333710454	5.251933881501282	nan	nan	0.006862080647498187	838.8660147574403	1031	0.00047023415934632616
-0.043860534619853175	0.6791045674263799	3.5593783328361353	-0.6147616027911424	0.04862480131684954	0.3397873042296304	3.2141479706688356	0.5956601705577629	0.0	0.0	0.15538694265171518	0.01114743425774184	0.07662912683218392	1.5710988297786654	1.4233502989593876	0.016113705827516256	0.1452697626529337	1.7440969843138214	3.624162678153247	nan	nan	0.006727597823830145	815.5923148812112	1031	3.3333518155540434e-05
-0.0343986144041416	0.6592451033004322	4.782420795521343	1.0073412600718208	0.05548678012114916	0.3766228580006539	2.3242245269183623	-0.590029953192519	0.0	0.0	0.16661563681093505	0.022963996949170284	0.16337205155806156	2.76673194465139	6.19011604254261	0.01683863388806195	0.07219473623718017	2.0263622913438875	1.9952603231195196	nan	nan	0.006733541696077219	739.6299467715293	1031	4.8708309135982954e-05
-0.03465628819604927	0.6449430871152098	4.603520923916104	0.8372949810439011	0.05473007233224347	0.4018020822242244	2.9109124119445475	-0.514661669262443	0.0	0.0	0.15337034823348647	0.005373332919603291	0.07734110046554132	0.8603884810988247	1.3865936843773994	0.0039045327469169333	0.06601431900966062	0.6647450600786862	0.5473177379853758	nan	nan	0.006674602651369169	762.8176956108482	1031	0.00010301319618493337
-0.04242600450053291	0.6625260928146709	3.5092451072165836	-0.6897658316087035	0.04379678083715843	0.3165065956003725	3.7821779257094787	1.7686468900866366	0.0	0.0	0.16555532432604134	0.017114203595848754	0.08049830702054817	2.4269083475597886	2.2528771472089764	0.013636286119197538	0.203274647261406	1.2440399684362746	4.552113127067415	nan	nan	0.006796004864253857	768.8096016805006	1031	1.2936059205460578e-05
-0.04288823182480206	0.7006797061609107	4.098824237946399	-0.597120227622119	0.044116952686102495	0.3126580368593194	3.9572091998999124	1.9102465938461073	0.0	0.0	0.17031004450141013	0.03829912313875283	0.1037029527482004	7.002147878339768	5.586769155575642	0.046205126213309466	0.611320444954907	3.6800681423747754	16.244431898410927	nan	nan	0.007367564961612491	779.1658123231327	1031	0.00011809951859533105
-0.024654902459516626	0.4478181039718974	5.027117996465787	5.004304374140599	0.054734101414355196	0.24537790119994457	1.699425391017706	-0.580292435219092	0.0	0.0	0.16763545114505995	0.010096407661127682	0.20178045801183184	0.8438942471508941	6.827825776385004	0.007432777893016995	0.06477665627847873	1.0897878173552378	0.9950973296598442	nan	nan	0.0067520115140769915	821.3676516163966	1031	8.67583546236781e-05
-0.04222238724351668	0.6514949137139363	3.5654766872249386	-0.5856364438948658	0.045908686099197515	0.31666732285971094	3.56554364043658	1.2269997763736153	0.0	0.0	0.16124377307849386	0.011811986035242694	0.07950179133161328	1.7496305097050393	1.6413525626670027	0.0240454550174507	0.2778506718575331	2.407528278730523	7.004435254984961	nan	nan	0.006936933499232328	775.3313345469196	1031	2.604979666077554e-05
-0.0489075211914084	0.7039522750086862	3.2638178438326824	-1.4187275335405634	0.043365284190585385	0.3563082431693755	4.535351975038756	2.2497686206665097	0.0	0.0	0.14899499327826102	0.022378887295889993	0.1536200483732746	3.2531545274025757	1.8778943794576985	0.031559125392402354	0.45413350531725377	2.477099466997509	11.554197208596849	nan	nan	0.006734679143137773	770.4533472282944	1031	1.8574014557270498e-05
-0.034270530632786955	0.5743729416092545	4.07988569791791	0.7773618805548568	0.05452818129429993	0.29326242212268583	2.016880410154669	-0.5932357368159241	0.0	0.0	0.17206300103513816	0.01411644498184983	0.11238272755033557	1.831947301328091	3.649520055808756	0.012245044041719222	0.067204927669859	1.6977569120009384	1.6343445805059786	nan	nan	0.006922504430499965	777.7729331152123	1031	2.0395376514901302e-05
-0.04251659698456356	0.6729828795435646	3.6157030490604565	-0.623640205684005	0.03622337077001614	0.2712324146844302	4.807482558305717	5.121832303841793	0.0	0.0	0.16403988641430708	0.006051161722304466	0.06726587340481238	0.9747965511879471	0.8129570166176779	0.001854742006236365	0.06623396620488775	0.363874316099146	1.1189333292920531	nan	nan	0.006773581711288723	796.4997517145321	1031	3.917287293522821e-05
-0.01603757749394774	0.378326667319213	6.286680526280887	15.2806555694048	0.054572005796102996	0.4278887346404368	2.9975072806531298	-0.5268110281040438	0.0	0.0	0.15283319122593358	0.010557068022418958	0.34885954943248687	0.6430373793792867	21.288030536845838	0.03023902503309639	0.07080553374840567	3.5859991265270956	4.140184646014196	nan	nan	0.006678197351467546	807.703278518381	1031	1.7909721863279496e-05
-0.026926400010865992	0.5112737625932744	5.092380430978391	3.554478353474902	0.05477184969328297	0.27901431179903513	1.890918759088599	-0.5843088994145101	0.0	0.0	0.15350427953658838	0.01202581171972017	0.1959620567715533	1.1731255561740932	6.320600696408743	0.01272882822125243	0.06598809104065706	1.7165052470308089	1.6701265628613715	nan	nan	0.006629819530240305	844.4673074347744	1031	0.00014074239572934183
-0.04151613193601211	0.5974499448748305	3.04744172062375	-0.5881788003692117	0.0385086964402217	0.24841676715475375	4.331449218766926	4.0680963403149875	0.0	0.0	0.15275068618465146	0.011055428963879232	0.07963401196212622	1.5810861451993194	1.462122734258304	0.017209288899136865	0.3935108061988998	1.017419274294058	10.333825113930908	nan	nan	0.006830874721208191	856.8019830353472	1031	4.362022038243343e-06
-0.03535480421108772	0.6014533874858086	4.106024446050878	0.6689242001292176	0.05431127508323086	0.3093789520905772	2.042495688556171	-0.5513267941151009	0.0	0.0	0.15296422131762114	0.026443744166960548	0.15506033876527553	3.1605993249015505	6.374524529776241	0.01903802118336695	0.06847481014929904	2.3692606604862	2.470646470523515	nan	nan	0.006713057763053601	797.7915184396426	1031	9.353252952722076e-06
-0.041318373868666325	0.6323139894895233	3.5936946645372405	-0.5850320065914961	0.05344019629579755	0.3170315264064528	2.3965048142016974	-0.44553357262106796	0.0	0.0	0.17022282206850428	0.006405614083627609	0.07000640824451304	1.0876584008128318	0.9398721468700008	0.003907445227518402	0.06374596530001461	0.6669100629937333	0.5886688516290931	nan	nan	0.006867816305178243	776.3962337544128	1031	4.52527822973313e-05
-0.04244288500128046	0.6068475117614271	3.044871602875581	-0.5479439988796716	0.03820257292536278	0.22831952179720127	4.05810933499569	4.185065548993182	0.0	0.0	0.15877764207623107	0.013808144612905804	0.07145849560139861	1.8090382573105257	1.7757906664324146	0.009959879791912485	0.24197536976093878	0.6710080806051124	6.139660094972761	nan	nan	0.006773908509370319	898.2934358999446	1031	0.00016393437028234173
-0.0417095520249301	0.7162477277519781	4.16701599339602	-0.702225940265657	0.05376868161648596	0.4391990344669739	3.2283936710530665	-0.4244967544606821	0.0	0.0	0.15890726519812523	0.007084581030848913	0.07552077887795366	1.2464626689266578	1.0314073908466581	0.004088016580918508	0.06847663815716237	0.6864998941751987	0.5980498857665647	nan	nan	0.006684319632732305	826.7574102166582	1031	0.00013506981910824852
-0.040523677025821714	0.634701073162312	3.5684932593941445	-0.4937290636378544	0.05490664691468394	0.3801139633676053	2.6389218250332624	-0.5530733136739809	0.0	0.0	0.1599070162977193	0.00752931742250218	0.06938385398698926	1.1983361768598564	1.1375251798276618	0.0040954283151390936	0.06513961513056227	0.6731597118703276	0.547338681309979	nan	nan	0.006663885106683282	738.1025770022752	1031	8.074475253830551e-05
-0.041627374707802534	0.6056958567095472	3.1380852722954837	-0.603063369164694	0.05416430128138616	0.31010280126212625	2.041803712227897	-0.5527798827864249	0.0	0.0	0.16196757004462844	0.05469804325918376	0.07313014635795012	6.305441003181377	7.3260610034503415	0.02250140356885466	0.066152434709357	2.7148537117830474	2.920091207646229	nan	nan	0.006848036275271835	771.4942032486338	1031	1.2058516740344743e-05
-0.04187909444119864	0.6602720087758064	3.6078080258192435	-0.608073546889725	0.04782384485375002	0.3924233790662079	3.8622335186295103	0.7944886820109288	0.0	0.0	0.15961105840157122	0.012897588673404348	0.08088409108280448	1.9182154555322024	1.7976414581211215	0.025246338418823733	0.2370633024012984	2.5502108615942083	6.084627063669502	nan	nan	0.006834269214176236	736.8929102692471	1031	6.106146891338434e-05
-0.043370039166581886	0.678141394481628	3.5365979165275108	-0.6228556598604859	0.04608279461077758	0.3654334982064731	3.7887062696127636	1.149269285859564	0.0	0.0	0.14558852719276325	0.012504681533484607	0.07793923846813244	1.7476912753354574	1.606055073233419	0.0171378167696542	0.1965481728458184	1.675084841788728	4.608264832322526	nan	nan	0.00662332675515466	788.1700149015214	1031	0.0001133692217599071
-0.022079018578635923	0.532922147974143	6.309572355516658	7.3459643038733615	0.05775973518662392	0.47322298986566536	3.0649253379141275	-0.8083170378126793	0.0	0.0	0.16551630826508545	0.0029899856793801916	0.09395692715476894	0.5590970223949747	2.6576164396408704	0.004048834365564691	0.06663619823367867	0.6807811232848149	0.4642342379442027	nan	nan	0.006661791943852316	802.1815294802811	1031	0.00011754005331218173
-0.034932395451816034	0.6636376214562305	4.645275292286468	0.8835501807347759	0.05596377158892407	0.4508897589215417	2.8938657006171087	-0.6331865476294364	0.0	0.0	0.16441988339488162	0.00563425841105436	0.07771216048152463	0.8627506503069033	1.4305140300579717	0.004419702542244108	0.06797946357505433	0.6932953130375683	0.5326505331328946	nan	nan	0.006787191348393312	798.4935762925877	1031	1.6851035995656744e-05
-0.017159383075887713	0.36637475639465955	6.203517679839484	13.287353436575945	0.03825047944030602	0.2756328341946741	4.77926545438593	4.333907157860845	0.0	0.0	0.15449663781173523	0.002014551670039222	0.08771375938292178	0.5169600157676753	3.5372086869839667	0.0017426058351741602	0.06148346251002579	0.35124121061842395	0.9389065082117548	nan	nan	0.006732764769384059	837.8221259196687	1031	8.30037605508756e-05
-0.02996055721069768	0.6104675357238374	5.219752023593122	2.6233451630001077	0.05597932694466867	0.4053439524599243	2.726332607114185	-0.582141500144426	0.0	0.0	0.15883165496187426	0.013497940221304516	0.17431936349286825	1.3479765297463235	5.411103718833017	0.01914377045153115	0.07007016190577145	2.4159648169927737	2.4420384777761917	nan	nan	0.006638800799743216	682.1047801768215	1031	0.00011835797468801435
-0.042808082270432424	0.714033537220164	4.203399667344687	-0.6310947125745204	0.055476979674874194	0.3852098996664185	2.747101831939682	-0.541146703877767	0.0	0.0	0.15758293731714854	0.02420245701606244	0.07611651875381337	3.4255786198567	3.53047459323746	0.02663711026065274	0.06769287166889149	3.2730143783531327	3.6426360025374613	nan	nan	0.0067638839319018595	798.9833472734377	1031	5.051192120142542e-05
-0.03140681027061376	0.6427386632544462	5.069317509126016	1.9586766498169532	0.05541040016071275	0.45535739464168745	2.966641105356241	-0.5504186859580684	0.0	0.0	0.16272483063539211	0.004593750908704397	0.08216965319554753	0.7030991592209404	1.569321220576145	0.004187757132647629	0.06660176731400005	0.6547330539926675	0.523058800213694	nan	nan	0.006737917880740837	759.5562013020924	1031	2.72823081462543e-05
-0.042840012112608794	0.6426837618622283	3.3045266546548153	-0.5974498239977153	0.05442490156583801	0.33747876979542096	2.2157449376836587	-0.5727786363717551	0.0	0.0	0.1527041680768557	0.007009288107572842	0.06907270072858701	1.0451417888514964	0.9030207430833073	0.0044090322468158805	0.06418798056067793	0.6870966500493174	0.5633890074467998	nan	nan	0.006790211695570952	815.3032669376585	1031	2.612577755347876e-05
-0.031473526695552145	0.6390317557778858	4.819544318325541	2.161113023725453	0.05666400830468499	0.4759476124043337	2.896961368142963	-0.5922270264139996	0.0	0.0	0.16497249979132184	0.015541476117580666	0.16964581904160286	1.521570371237671	5.266333179701386	0.01442433941647947	0.07462257555889823	1.7261152034228224	1.6510752936954103	nan	nan	0.006676252450370901	848.0029867166362	1031	3.82844653937473e-05
-0.02156662260609976	0.4875550836849859	6.1034978326999205	7.478542947666498	0.038380809465365706	0.28336013993134185	4.46969069727674	3.986007496945368	0.0	0.0	0.15945293587149756	0.00268312781883584	0.08943105411840016	0.5486435821769402	2.5311740828793043	0.001800736241799994	0.06373763623286804	0.36000535382289645	0.9099369738282486	nan	nan	0.006697609095860119	736.530027311694	1031	0.000163701393563738
-0.038228804859429366	0.6148287288735996	3.668871256714024	0.03810793340900967	0.0515016930790535	0.35925041721240386	3.0096500997573457	0.034702917065776634	0.0	0.0	0.15242305976104917	0.006047300200627936	0.06910101298476057	0.9269980648273506	1.110956448046833	0.0033985502998735706	0.06473979325068521	0.5641793830555033	0.613815823013488	nan	nan	0.006646659816704328	754.9687351960458	1031	3.6604709538079436e-06
-0.027637213490736112	0.6313706965602021	5.843858495227599	3.599499647648628	0.05465005950888502	0.5021350695653355	3.552777379539619	-0.43739716938932166	0.0	0.0	0.15374287202765796	0.003861879034417093	0.0884157236734553	0.6231557418239508	1.8965281098121882	0.003799558017095306	0.06963151509045612	0.6434098603384282	0.5267725448898095	nan	nan	0.006595119237443034	740.4452247680898	1031	0.00016913433836834776
-0.04134365259580841	0.6108347883736192	3.1115265121001405	-0.5864600134859044	0.03619743432622102	0.26689438121685916	4.817644208876076	5.184796219309291	0.0	0.0	0.16529685607069922	0.005793109759055448	0.06524668120953808	0.9073397974403337	0.7672789065241209	0.0018464225870796769	0.06587640578756118	0.3678274260519383	1.1251081114043235	nan	nan	0.006829049965995579	716.1961315723863	1031	2.785834802959878e-06
-0.0422914638035492	0.6511156378055784	3.449190421113977	-0.5764292100618337	0.045781077407766047	0.36593559273342124	3.841254305929243	1.2526492895210488	0.0	0.0	0.16531873864222085	0.005993080620009361	0.06831170898405181	0.9510147999169247	0.8061411385577332	0.0027344671687455913	0.07002704229762638	0.4685113619219805	0.7491206487673983	nan	nan	0.006719538144380241	795.3933195580038	1031	6.155929978764122e-07
-0.04152569552380592	0.5283661081671704	2.1707125735579336	-0.5947090886050082	0.05203689627338748	0.35879198545715624	2.5112932634102614	-0.2724394702234704	0.0	0.0	0.1551297525106453	0.007014209244734837	0.0645554761825036	0.8803083596246836	0.7614357166403856	0.004002792351388562	0.0652762978672354	0.6206685735573185	0.5899077015883926	nan	nan	0.006823827456168191	802.0269029921728	1031	5.236968728052241e-05
-0.030046557255085204	0.5625292388003487	4.529736464902829	2.1526554179593154	0.036289276476038745	0.2831811561838813	4.726533777563819	4.962549419316019	0.0	0.0	0.15739103357710518	0.003845244361834921	0.07555975950551569	0.6095073694801008	1.4119576800926326	0.0018146880069027649	0.06539744127844141	0.36427606309530036	1.048048616713344	nan	nan	0.006707228180516084	854.272399661708	1031	4.421122170474427e-05
-0.04316157772836726	0.6999683580739564	3.7824217077519324	-0.588617667124188	0.05570093192091097	0.3951496833859368	2.5470118629863925	-0.6018103215578403	0.0	0.0	0.16047623439101316	0.028018352778803046	0.07476292383323463	3.5173717563078184	3.772985372287659	0.028966045942646623	0.0701333566085395	3.300165088875236	3.558260679949449	nan	nan	0.0066510235553852715	832.3352108514474	1031	0.00012139609842411784
-0.01832501454621771	0.3899960906240111	5.74024298383358	10.984515176917812	0.0551836148866125	0.382079755711704	2.448433078738888	-0.6081461270925506	0.0	0.0	0.1710047711433288	0.010494608008958184	0.30747670000749355	0.5504438827941631	14.884987212028333	0.015778901009342094	0.07049640032020416	2.0045508825872904	1.9427013619587796	nan	nan	0.0068112935744972375	778.1378684430957	1031	6.626959917821612e-05
-0.028147996852817547	0.5186807285927675	4.581499666900047	2.982892350236323	0.05521278463077839	0.31723474394974577	1.9735822988843832	-0.5910353377003136	0.0	0.0	0.16771678142447577	0.010377066385269973	0.15484635374188274	1.0427615350086767	4.6390430030768	0.015041908150322691	0.06745002152247845	1.8453372275289375	1.804549513628184	nan	nan	0.006835057034708075	814.8312642682398	1031	7.666305987129963e-05
-0.027354059838049172	0.5761469274252116	5.363240205228397	3.562063871634771	0.04378996131714197	0.3608902506630926	4.078137969366157	1.8357031029746396	0.0	0.0	0.1545098041700393	0.0035396712062999436	0.08377905304226715	0.5962232388337023	1.7570825870902818	0.0023303790457785967	0.06821378643866383	0.42036988162523947	0.7370723146765452	nan	nan	0.006647421594041206	837.8792854750036	1031	2.9088081618181797e-05
-0.05301097431443602	0.6485157306627831	2.2101676156397128	-1.5218694259935504	0.0420936243571699	0.36915339057192653	4.196786929382531	2.1003265895152365	0.0	0.0	0.150050760355916	0.007350016286431005	0.06672588471424035	0.8355920412450732	0.3833634002012948	0.0023788660489959534	0.07098829557032246	0.42772563976567035	0.8017270914537158	nan	nan	0.0067686921811103695	814.7114431532718	1031	8.584981089034333e-05
-0.025569118195797436	0.5326324698558678	5.37631481276195	4.630964754538231	0.05345926655770872	0.36773929821033735	2.5837855389029265	-0.3244018395925093	0.0	0.0	0.15636929858900955	0.0033461851581679247	0.08642215641059395	0.5578458213187738	2.003277528540946	0.0036189911874831004	0.06295898590769408	0.5766422918736878	0.5170516237490742	nan	nan	0.006723046542237626	819.7364537414803	1031	0.00013442124431815996
-0.04278313968403569	0.7005453413676341	3.8145777492240507	-0.6532763395934297	0.05359085750600712	0.41181360407477197	3.0744211550030345	-0.26224298540104496	0.0	0.0	0.163254067401766	0.007016154656554474	0.07262250002219434	1.121636423942007	0.9446402042654441	0.003969827376209545	0.06557926782592527	0.6310756438544336	0.6025626258493821	nan	nan	0.006692028413643039	847.4961815973044	1031	6.151509320429432e-05
-0.04451710093999495	0.664842204631594	3.267298987102198	-0.5948850003170504	0.0514471486182575	0.3770668718093474	2.882116234911753	0.036632351555908785	0.0	0.0	0.17167786468782165	0.0069349998411912805	0.06744527913838883	0.9624438068465195	0.825501537431991	0.0037492834902443928	0.06590345690167665	0.5723190437251313	0.6262925121292483	nan	nan	0.006729321090587562	866.6295944425156	1031	7.117983242781254e-05
-0.0416009140808179	0.6503769724912001	3.3633101366074514	-0.5379401280686886	0.05548336961915323	0.4537443581013196	2.8368145499541253	-0.600843718635358	0.0	0.0	0.16061563418580854	0.007740863660612052	0.06916058198303249	1.137088676633246	1.047058361353561	0.00430874164364714	0.06842363282612834	0.6698367993434604	0.5132690115860254	nan	nan	0.006792414657819615	853.1624573967581	1031	7.539801852427098e-05
-0.04088001213933323	0.664924600179003	4.037572972694326	-0.5335426432975171	0.05443361472612773	0.37215867127289587	2.8355140848049927	-0.4752894055418494	0.0	0.0	0.16294915322545944	0.006405934127680757	0.07077924166955074	1.138392293097351	1.0192897411798445	0.00390014582385112	0.0650330202872515	0.6748588930842916	0.5789458419707862	nan	nan	0.006706387236062025	737.3555273434793	1031	9.311432924395957e-05
-0.02205921126938426	0.5197076548225359	6.351547676581015	7.353692162428676	0.057979347511222024	0.40640650452403776	2.5071494722325354	-0.8594956768776697	0.0	0.0	0.1487921247194795	0.0031657026415432	0.09793952495994901	0.5899025016605934	2.871529032554629	0.00409205393038492	0.06426748973445978	0.6664877732279277	0.4421296727282201	nan	nan	0.006536874772640144	807.7943737336782	1031	0.00014047599410897319
-0.045280027029624526	0.6867255411995773	3.302803749118949	-0.9329722627631063	0.03856470338854434	0.3406449968383478	4.67018779407553	3.6283679442827155	0.0	0.0	0.15947194412164345	0.006967181364205266	0.06812627995285325	1.0344418151154957	0.7400962432155361	0.002101850938513894	0.07066324649490352	0.39309246082803107	0.9670984577276406	nan	nan	0.006772396105296091	837.9374218473254	1031	0.0001358769771141516
-0.02837380913280374	0.5609160791787673	5.1953269740174655	2.9465421006438466	0.05407479017390826	0.3245350166590706	2.2354063509273776	-0.5757062795990431	0.0	0.0	0.16058565215359827	0.013534000070385188	0.19059562225385854	1.4140181241982201	6.188455295875511	0.013670847026581057	0.07006364245494792	1.8771517555188355	1.8470612933702533	nan	nan	0.006783293032954565	694.6095911927616	1031	2.445477501247607e-05
-0.018553394562915826	0.39670215651038887	5.542927429111009	10.53899426845002	0.06263978776766899	0.40516179470566166	1.7953653289954503	-1.2669176709031928	0.0	0.0	0.1597476438855015	0.009975660398224617	0.29046821272705725	0.5496292564292657	13.414908071045092	0.028715471461752906	0.15170054098508445	2.9646543415800855	1.8793548553575232	nan	nan	0.006753478687877304	835.0736808686399	1031	5.5634163784990734e-05
-0.042703269586443326	0.6953725468091237	3.78664628057301	-0.5649728992368961	0.05601114882304459	0.43667689673669174	2.6167229692808345	-0.6524320591222389	0.0	0.0	0.17152807759567296	0.022966810451225617	0.07402274649527685	3.0315788112473996	3.160032833688813	0.02200532111045117	0.07367911429237983	2.5586737453270887	2.4900216418673593	nan	nan	0.006889036779558294	739.4194208397228	1031	0.0001687812886100545
-0.025832683996266925	0.5642357703317302	5.657747869006822	4.1724804960968935	0.05501823597129074	0.4348849829176406	3.019308419837566	-0.5927221683779803	0.0	0.0	0.15395716564150108	0.013207771028644955	0.22504359726842593	1.1903681491613756	7.6050376301051505	0.028843215798063704	0.07532882108349523	3.5269517850941168	3.851704807867112	nan	nan	0.006767108713265094	877.34602174578	1031	6.303002712832255e-05
-0.028158316550817464	0.658420404844256	6.252422372299165	3.5463481115882436	0.05393308472365588	0.4500100057101383	3.281419178669689	-0.3327077512164668	0.0	0.0	0.15342498134550844	0.0037978634008763446	0.08769657350541604	0.6402681445540748	1.8532042029783988	0.003637013238080078	0.06642058638388826	0.6054117405056625	0.5319623182707678	nan	nan	0.006724616572560557	759.8643492600825	1031	8.928608890325093e-05
-0.026407536490444028	0.593812077910792	5.898328618495345	4.454076304207444	0.055073012488233486	0.388716898122002	2.5471662960939963	-0.6224190732540873	0.0	0.0	0.1597986531010898	0.011942861258875004	0.20606556065227125	0.9955033717796291	6.8143065481363	0.01952691176984256	0.07254829418354342	2.4814115987850327	2.4556850021649086	nan	nan	0.006777059168601107	826.9871637475019	1031	0.0001798631067399513
-0.04000715355774931	0.6506680577840138	3.8482975015249137	-0.49231004276501167	0.038981374843702454	0.28082996761536777	4.315855609800661	3.663321994526761	0.0	0.0	0.15591835691763678	0.005932169274092347	0.06797555004729755	1.042373987400984	0.9485153831623498	0.002009098952055255	0.06748372635382593	0.3744516752700817	0.9813118164578044	nan	nan	0.006729776690225647	791.9573863790113	1031	8.370946937551307e-05
-0.013435959241656747	0.24809818574006137	5.779230127368455	21.95934758988174	0.030313313014154408	0.2360219499196557	5.456029038248078	9.514832032403145	0.0	0.0	0.14429733999776298	0.002808524158090575	0.11857880469335805	0.4376876791867881	9.923145311421614	0.0038209397385317034	0.11768038504776782	0.36622221875818317	4.331734005123887	nan	nan	0.006549930409649379	739.6129185827277	1031	0.0005516393391086188
-0.019303062182179698	0.48655977549151513	6.777466216052973	10.104123512075565	0.05611074685083772	0.4650654244330364	3.161017334741676	-0.6674780783019946	0.0	0.0	0.16251700580675657	0.0027184866350933867	0.09957532960058718	0.5752581847740346	3.424036278252763	0.0037927332826793725	0.06702560528921161	0.6551754674262333	0.4782152366838811	nan	nan	0.006730305024124916	773.8358656762961	1031	4.868954388557414e-05
-0.01955752254887977	0.4532493948923091	6.165328984321869	10.185514683043717	0.03286476251529247	0.21988667845006377	5.145854779791328	7.771705661135549	0.0	0.0	0.16887001372838603	0.002308213066280873	0.08550121195825316	0.49896173944426625	2.842540821387246	0.0015631138546102763	0.05567111449240053	0.31878111262496356	1.21817165606898	nan	nan	0.006846335239258955	772.6932454358484	1031	0.00019673040256346997
-0.022891517116817583	0.5590410600540847	6.102312004964464	6.023166371381116	0.05892086554858045	0.5216794997462882	2.9658699160073185	-0.9338659462621204	0.0	0.0	0.1518071806619701	0.0034091399646512532	0.09794246866403392	0.5960239437697417	2.6045424634676113	0.004461497290226379	0.06855877118971515	0.6897995992410084	0.43202116933178364	nan	nan	0.006736331644324564	812.7558272833826	1031	1.1834319051597078e-05
-0.03876372330820521	0.7336019110911636	4.727342505496872	-0.09658379530925294	0.051944137846735794	0.49088823093134226	3.79477785849204	-0.018610525960295814	0.0	0.0	0.15090887367622524	0.006473309162639551	0.07508054278265841	1.1048335437311119	1.227412828296641	0.0036709708302864463	0.06922303891451734	0.5948776648579512	0.6094535833780514	nan	nan	0.006634866404275269	737.3446158324057	1031	9.72266377420027e-05
-0.043267400478746776	0.722623422187163	4.128290706400841	-0.5994411765943678	0.05390711774135459	0.41325160583998993	2.9143741068943814	-0.46593329110569476	0.0	0.0	0.16443344850917851	0.006744111658413154	0.07163296550904652	1.1044588315937776	0.9475469642308427	0.0042390639938688635	0.06682376636717582	0.6873028393101395	0.5925221438786396	nan	nan	0.0068681554412177714	786.6846629524509	1031	1.8030186232916974e-06
-0.05303219097634804	0.6186996755983303	2.0410198826732624	-1.5343535867719245	0.041002725197410106	0.2931687178379128	4.069688326022849	2.80221887204551	0.0	0.0	0.17176734339141053	0.038449577979471405	0.23842480900355548	5.989254491001587	1.9238266818457566	0.052131270858950585	1.5858916709381972	3.383467571743296	22.478485252290632	nan	nan	0.00755263045272675	812.7139786799398	1031	1.1884574260560167e-06
-0.018101378636447674	0.4251482051483295	6.311466976226612	11.498125394820805	0.06311868732064241	0.4202160362769837	1.9141527948531216	-1.3258530513021136	0.0	0.0	0.16928589725693227	0.013873478711995846	0.4008288590161483	0.6099581577810547	20.49014308872486	0.01814955846233346	0.11761199623476432	2.1443870237521856	1.1954124610860506	nan	nan	0.006910438791001963	837.6104538960793	1031	0.00011394564012097036
-0.012017999387122225	0.20481842056647775	6.000069276349471	28.0907428048446	0.02730228600054918	0.13339265327425603	5.435347236290458	13.953799117763484	0.0	0.0	0.17404551956404168	0.0032000955312074253	0.154260344112792	0.6301404567298028	14.573893943440272	0.0032442768270414257	0.16121921753693552	0.43344708342173144	7.446013800597437	nan	nan	0.006763576200083846	722.5644788097459	1031	0.012386294591709023
-0.04223229445074228	0.6405915849174783	3.291101563939974	-0.6039164929368118	0.0442683995913169	0.34515701169771706	3.8678605171156843	1.5938383810774464	0.0	0.0	0.16265200427023996	0.012567887953224999	0.07929733986553189	1.7622232142220795	1.6410472685092765	0.019605534700666838	0.26076860692486836	1.7499676153085808	6.062564005624371	nan	nan	0.00685862722726048	788.4355146161297	1031	0.00018936986123666501
-0.04088844168006511	0.5769328771277686	2.995661844766278	-0.5976800233253988	0.05411390837343899	0.2945308084222066	2.129476123844075	-0.5645896534566044	0.0	0.0	0.1542460580895938	0.021645646292944243	0.07176422574118657	2.888001167371062	2.957629362580324	0.010439890509691407	0.06643424208227758	1.5260236398490394	1.476846969228041	nan	nan	0.006687953801556276	825.3454451130577	1031	9.024068592957978e-05
-0.03779346893831437	0.6447211820680723	4.085824159893701	0.10834806465491348	0.056056613587230686	0.3888976426661177	2.548827112556375	-0.6191486606680209	0.0	0.0	0.16406845249252192	0.02793973452153592	0.11127321257445266	3.500335676192784	5.528435159258105	0.023092679930640236	0.07067967056565677	2.808090325248838	2.8562155171406447	nan	nan	0.006649738580604692	808.5686816856486	1031	6.959723088457223e-05
-0.0312924985244617	0.56572945172971	4.46488862525421	1.8283856594417272	0.043583474155910906	0.2680737873288493	3.717544577290993	2.0314450200607235	0.0	0.0	0.16438617118553134	0.02696077258258195	0.29913919832401314	2.672446894345824	9.333807207878502	0.017607930006667605	0.2613752698517964	1.7204764014249565	6.705982219530974	nan	nan	0.006892341336393562	821.7336262114036	1031	1.823346853715885e-05
-0.01964727612603856	0.4290252119099856	5.70031195455329	9.774135835158786	0.03848777917859314	0.27196860185419636	4.041396727319906	3.6347772214874707	0.0	0.0	0.15590887657990032	0.0023196022328330623	0.08562230492099793	0.4866653039247324	2.7564137093922594	0.0018123100182227958	0.06353155693600548	0.35021055302706205	0.8687563015450072	nan	nan	0.0067834610572614085	817.0499885115263	1031	2.595328176133683e-05
-0.04227173037047394	0.6740594592860234	3.7879771522665333	-0.5654667990458118	0.0427289225610743	0.35579783050903024	4.412941603738952	2.1477612655114435	0.0	0.0	0.1522192489917914	0.005749172587381279	0.06773293979859707	0.9614819414202012	0.8181316241562901	0.0023977619679477202	0.07164851273976072	0.4413114404319409	0.8532942308109823	nan	nan	0.0066567922803373175	771.2202252342732	1031	2.9431308308747744e-07
-0.031937011142882055	0.6738973932143624	5.568580684287409	1.8235228674270918	0.055695940678560873	0.4465762099197993	3.1073521676415607	-0.5602478858376669	0.0	0.0	0.1613630944863135	0.01842671924506678	0.18300919938027838	2.1533657383494513	6.356307179448439	0.03178674440685436	0.07487981650061865	3.7087827720093234	4.2195637996795075	nan	nan	0.006695618015321786	820.5121719124652	1031	0.00013286050674291786
-0.0260114339857187	0.529499107572643	5.400837623403935	4.421908436288294	0.05557086204256967	0.3230171123081299	2.11168857530669	-0.5724887763307631	0.0	0.0	0.15661620936309578	0.014491110114147665	0.25027732770679106	1.155710241461478	8.495665093641497	0.03778088958226544	0.06699352553905699	5.985244129378518	4.735648251038573	nan	nan	0.006566314530632653	771.9130275533311	1031	2.73926945082345e-05
-0.02597892744850594	0.558444444750936	5.548511225288605	4.041712934777351	0.05534591504736874	0.4245022508564726	2.7775460704606125	-0.6013255860967543	0.0	0.0	0.15401855033645243	0.00965557818188667	0.17358968629194563	0.9157874510853743	5.427792882957276	0.013353650704285513	0.07187385639312405	1.7546968144948953	1.6728495123351241	nan	nan	0.006758166528233564	819.0989975727049	1031	0.0001084887824260674
-0.025455508878659883	0.5208258086187822	5.327542552729614	3.8874354320337114	0.05456923645577594	0.3662509826780231	2.3189474476569956	-0.6968529234646504	0.0	0.0	0.14835038905870537	0.0036936870380790965	0.09184408720855056	0.6298761491932656	2.1268422493581	0.004073095528089987	0.06566399611823923	0.6668705729312727	0.49185263260275697	nan	nan	0.00683162670729455	764.5154974914757	1031	8.294626878974933e-05
-0.02920332611937726	0.6030155732329934	5.32153733992522	3.157376762958126	0.05401706595991329	0.36106286633123996	2.4972994978138963	-0.39712026094130687	0.0	0.0	0.15791863955182084	0.004005989634426221	0.08375142158175325	0.6111623918697391	1.7498475504436455	0.0037661108856161807	0.0629006556684984	0.5965513893677639	0.5202111738622996	nan	nan	0.006663450558928724	848.9049552864766	1031	3.01563034564217e-05
-0.029152627582480273	0.5759543457273211	5.118204329661806	2.959328435932914	0.05564084386050161	0.3430551882645675	2.362221699111217	-0.6464556872238539	0.0	0.0	0.17138992758286564	0.004205039945788025	0.08545565032714819	0.6388052036519163	1.8187053777671727	0.0038905058704384876	0.06360190833983723	0.6563751883795994	0.5026144222298577	nan	nan	0.006780107217774722	768.6585829575795	1031	6.072232768914329e-05
-0.019342625809756542	0.3965774622739042	5.696478911416753	10.068936491420146	0.0783678579290994	0.30205271251577687	0.4424584136523485	-1.7487623348341887	0.0	0.0	0.15756715855451292	0.015136163833768201	0.4151511599084137	0.5833615019101241	19.413170293453117	0.0397881153280456	0.11232173354874023	1.328273942536503	0.4696069443228452	nan	nan	0.006777405650878768	840.9158852525006	1031	8.636094640550981e-05
-0.03420582568974251	0.6375435096430022	4.7767782104734415	1.0515561408418403	0.05551683630042237	0.3553526582084725	2.3163181612266732	-0.5725179746389517	0.0	0.0	0.16345496392075232	0.014768315250704211	0.12286139604322854	1.8876240033343814	4.110276184827508	0.014149355818554477	0.06830038107515232	1.8002776528536863	1.7683649991596802	nan	nan	0.0067843799252457065	859.3069161619258	1031	8.928438891681704e-05
-0.03722090744670725	0.6377104074919433	4.172063595659415	0.21640539633558095	0.0557895332890479	0.3745438035714421	2.4350701253706597	-0.6433271882108135	0.0	0.0	0.15095775233867742	0.0060974493291719445	0.07197368135763588	0.972094528409098	1.270023296600792	0.004401839165898536	0.0646164656920045	0.6900680098202823	0.5379528623230815	nan	nan	0.006623635928676652	813.4932090653051	1031	0.00013370251926607884
-0.02646345279539075	0.6368769415586392	6.387587861314684	4.644724257964471	0.04125898180336973	0.3783445242449944	4.563151301746364	2.6520900793905713	0.0	0.0	0.1614244150394372	0.0033347867221655836	0.08617068458159588	0.5874314635057889	1.9316690037079975	0.0021606940947831443	0.06925100052386438	0.4022706597685781	0.8036695127806048	nan	nan	0.006740836319196808	684.6865330040532	1031	1.5235852194158254e-05
-0.03465025894096563	0.5710505048076637	3.790128747493748	0.8697522759539577	0.055965610441669034	0.3314176934365712	2.1163262010238286	-0.5992689766074022	0.0	0.0	0.16099150477853186	0.014662271709293129	0.11447719044080426	1.7155086765011585	3.6054116427781784	0.01327181454005899	0.06738274588445717	1.6782417487677832	1.6074425204218874	nan	nan	0.0066670627608167304	849.8922903338746	1031	0.0001229837146023183
-0.019255892740687064	0.40405400315709245	5.802520834451909	10.107095461063553	0.06259466319939544	0.3590649186766623	1.6814144492830796	-1.3355361746103165	0.0	0.0	0.15386352110765072	0.0025569189608805054	0.09440549508004584	0.5292605782224205	3.2722570072755905	0.004443450238454272	0.062492187387749976	0.6225224131910867	0.30195677533596343	nan	nan	0.006666875451091972	884.5004750673992	1031	1.8762547086416306e-06
-0.025375408888680395	0.503440727464791	5.290948971295589	4.775746638657732	0.054860833061857184	0.3078031925951993	2.091008542258828	-0.5840877867438917	0.0	0.0	0.15802676873783977	0.010962151485462868	0.20562575507722772	0.8815539446725849	6.843472671787321	0.010124010974938646	0.067057784331822	1.4060831311239	1.3284923722205713	nan	nan	0.0066924108743019045	745.8057200130404	1031	1.762989173493537e-05
-0.02318481383063875	0.5146065392840897	5.963333571169929	6.025181832586816	0.03533062555075572	0.2411851669798053	4.739473544496939	5.657536010258078	0.0	0.0	0.16656028813774987	0.002910908126821987	0.08756584173732229	0.5544281565594851	2.265025537425961	0.0016633245191043367	0.060564269482393185	0.3403631998791896	1.0738520846653743	nan	nan	0.006861079722078223	859.971357611739	1031	4.4405540101643604e-05
-0.0436852294443445	0.689579333470685	3.4702388200119505	-0.6945595430815977	0.04910752276632269	0.45354628009435516	3.9440774929691926	0.4773855674429467	0.0	0.0	0.15395915284268294	0.0069656700133140514	0.07002564475099221	1.0341658794308297	0.8459310087455184	0.0033179127074381976	0.07066094440644846	0.5430409706768966	0.6786516161044112	nan	nan	0.006664447197194709	871.4553733212764	1031	6.213500409156128e-05
-0.04106270935643308	0.6337095759529328	3.4596367157882133	-0.6167110276051705	0.0443395981064163	0.3140272528701926	3.5733816197655544	1.4893910913949209	0.0	0.0	0.172768954194307	0.023792847126181016	0.08688427193120546	3.280816849301388	3.3827451205365384	0.0276156889339233	0.35536744923403707	2.490245977326798	8.57394021535039	nan	nan	0.007095233811493115	822.7609985629856	1031	6.118147013177059e-05
-0.040398704051227585	0.6583377206163323	3.761872355915078	-0.5199954420696592	0.04176027264128179	0.41095497993352675	5.051195175858809	2.5693056262243985	0.0	0.0	0.14966168376516584	0.0060900972753721305	0.06884132170885526	1.0385597349294857	0.9300766624968076	0.002392121277668857	0.07390862022022665	0.4448597090253581	0.8899339045278485	nan	nan	0.00662510048069026	822.0429726013338	1031	6.0851536198364305e-05
-0.02398410732757772	0.5173104092114008	5.505351496674709	5.58971443219402	0.0424221362004229	0.35146633878902833	4.332325669579612	2.3366172599986865	0.0	0.0	0.16287098378768194	0.0029845107488030154	0.08604933255516414	0.5405391256678058	2.087839099302444	0.00215607125690509	0.06787100183734115	0.40591773384447993	0.7759956739198023	nan	nan	0.006672439663534174	871.6596730907056	1031	8.376791749455665e-05
-0.041873283701462705	0.6544043298035436	3.50359525211954	-0.6186565854850522	0.03903099985408587	0.31635275816719977	4.785812622178175	4.023366386973535	0.0	0.0	0.15941973464657255	0.01423603655335487	0.07824958787081404	2.0545862527275793	1.9434092990169918	0.012751411107581268	0.2635527408623989	0.7701588722223471	6.628295266915393	nan	nan	0.006628066851650502	845.8224443151407	1031	2.1016294082599296e-05
-0.03218453498459406	0.636793339336704	5.098943723360008	1.5893445234088244	0.05506076494096246	0.4035728394811164	2.842341175296217	-0.5674104227752843	0.0	0.0	0.15335483146867623	0.015374820106229647	0.1529047851032004	1.8497961742606355	5.027292359372945	0.013934880013326545	0.07176450341242654	1.9167753391112896	1.8898542851082538	nan	nan	0.006639202591300783	810.5929339523113	1031	0.00011603634811755129
-0.028723073724571946	0.5755837290870982	5.308714696414205	2.946081488838268	0.03909534538279402	0.26241875592625735	4.713728779082794	4.158377817218381	0.0	0.0	0.15951359698714337	0.0036478514162783804	0.08005079638577806	0.6064502775654548	1.633716110051035	0.0018347869312149712	0.06311164776836495	0.3639137842879543	0.9819328012755144	nan	nan	0.006778901318383573	789.9520099401859	1031	6.699607317095639e-05
-0.041434785879411185	0.6871660243784854	3.9502716013472723	-0.6004630967678694	0.04617447251894902	0.385127011119495	3.8524880591351347	1.0282132395704415	0.0	0.0	0.15951561992556196	0.006323275556228136	0.07101160297562858	1.0876511438485754	0.9331794336321594	0.002861236762350061	0.07044944145234752	0.4838364493002789	0.7336275467826986	nan	nan	0.006807404254084132	756.6800638008231	1031	2.0487442021802253e-05
-0.027480050442499904	0.6008522477878495	5.552470521173502	3.522715987424112	0.055262985514803464	0.4275943295387005	2.667939548291214	-0.5929868875876068	0.0	0.0	0.16163001506194968	0.011514225990064908	0.18037655266688926	1.0952067265293284	5.663306370101923	0.011265958306232893	0.07340490668118713	1.4478982692536606	1.3525865752453783	nan	nan	0.006795928129425255	793.3713265372471	1031	8.925621947998776e-05
-0.042991331645677255	0.6745663940969455	3.607831593239899	-0.6436887433622042	0.05541116169080351	0.397465685856139	2.7542690741792586	-0.5589623489325591	0.0	0.0	0.15749055457111708	0.025176882174628823	0.07474246788578925	3.276862650968772	3.3334173587194154	0.04699348350781818	0.06927171942397053	6.25286755092476	6.250372959679662	nan	nan	0.006687714673387565	774.132635088244	1031	1.2566212996007145e-07
-0.04233041023676298	0.6850297201701101	3.995190904527179	-0.6036954382419557	0.052803224791244885	0.38474691651251675	3.1514501429276103	-0.20365671142257463	0.0	0.0	0.16923962965122574	0.006581170586766438	0.07033421924464783	1.1174431881841538	0.962937560885389	0.003622951770979932	0.0659344322565214	0.625075566651272	0.610234496667349	nan	nan	0.006800902792783697	821.2667691176929	1031	0.00012336815181176523
-0.0414784804113566	0.6436270161370535	3.319652825601782	-0.6138235883376343	0.03604074996660689	0.3266347669407795	5.035197005581349	4.80593084376058	0.0	0.0	0.15956884870993043	0.006100273694160607	0.0670379967064057	0.961844912867555	0.8112266954847446	0.0019504599510260512	0.07008635637907282	0.388003960725678	1.0906670066417679	nan	nan	0.006811901504749154	727.4189811584088	1031	3.99699095699553e-05
-0.034270957698520066	0.6906797933130592	5.193805981925203	0.8988759779797107	0.05352634364511477	0.4585721784734562	3.2993400241689077	-0.2723815556256056	0.0	0.0	0.15995360740555228	0.005272586708747584	0.07922032715001381	0.9025510712258451	1.44240516594891	0.003836166820972653	0.06713563972042155	0.6143330858408191	0.5630851681574106	nan	nan	0.006737124161584909	734.7436595182114	1031	7.670026247780987e-05
-0.0406611815362653	0.6838635847770136	4.191747037092666	-0.3556166555452825	0.055500175201389945	0.38646793710265875	2.796315491622602	-0.5739366755959872	0.0	0.0	0.16277551905939214	0.006929416577605929	0.07099863805062934	1.1525705957875614	1.153216854364038	0.004107959030485442	0.0651382292352301	0.692779900011975	0.5633098130705326	nan	nan	0.006718323320063294	691.3757142203591	1031	2.802836132318117e-05
-0.042947209081314996	0.7089822909297832	3.752599202776381	-0.6113033573125636	0.05092431947663956	0.49654413246115264	3.803052460124443	0.09729645529868845	0.0	0.0	0.165153228186329	0.006827778025603193	0.07127681414646586	1.054341191878236	0.8989977184358112	0.0038058604247676042	0.0718845735173706	0.6022359274399971	0.6482319728086509	nan	nan	0.0068919087700391735	818.6792268332549	1031	4.6677811131753175e-05
-0.02539774076996426	0.5469266723676205	5.773754120076484	4.814093516398815	0.05498610125726189	0.34893026916742126	2.356285867807459	-0.5655092109336725	0.0	0.0	0.15417534217284956	0.015477163612116318	0.2743570995995379	1.2234617210805903	9.746890594976572	0.017440514433234355	0.07036949397512371	2.2419975330346125	2.277879157415996	nan	nan	0.006734681633989326	785.7307917388143	1031	9.016884172552743e-05
-0.020547450250781085	0.4512787094462942	5.630729665099851	8.383487815043242	0.056472165117483986	0.4093625988000218	2.399367451920069	-0.5932980966361753	0.0	0.0	0.16810938542690784	0.018432363278636565	0.43972119234970686	0.7481637768828264	19.110021361650098	0.01479636426530384	0.07163812177240825	1.706655670982221	1.6401697932586083	nan	nan	0.00669689407196658	895.6828971494972	1031	8.897700031703364e-05
-0.028379546912159603	0.6171430137994207	5.667900377316873	2.95903018808984	0.05568942667725807	0.444921062459894	2.9752020251319458	-0.6982684288393641	0.0	0.0	0.1593122949156698	0.004176245785012744	0.08886384638624711	0.681838888749617	1.893999530174637	0.00406127685513058	0.06820865959538835	0.6916278608422792	0.5061565394458524	nan	nan	0.0068520400764365275	731.1071493308325	1031	5.835672854999361e-05
-0.019249038958215725	0.40897052639576303	5.798734961994522	10.44107506987765	0.04044099483915353	0.2667828892307278	4.076737500681561	3.0950904541792856	0.0	0.0	0.16185678399975617	0.002256971926497431	0.08603171366080156	0.4911913639834582	2.908311628994851	0.0018504993932095815	0.063197701203661	0.364816338665217	0.8353192982709504	nan	nan	0.006774721555798724	771.5435406149727	1031	1.0723127854284464e-05
-0.02998122838396977	0.5206375133329396	4.361171679200409	2.2174286164122106	0.049841702598894644	0.2503734234640348	2.546638860227966	0.3051680130334893	0.0	0.0	0.15958876974927452	0.004071944334124111	0.07880978505692715	0.6530092212637031	1.5501451875187657	0.0026576025839109008	0.060447625929888504	0.48556624306726803	0.6004229349849786	nan	nan	0.006694667403563448	758.7211702700531	1031	0.00017430245504269372
-0.024945168699279097	0.5496893762011259	5.755383757257661	4.92510970851854	0.054762658009481324	0.37107863780668615	2.3730684691634254	-0.5851270523781585	0.0	0.0	0.1513476861969	0.0035656022098271567	0.09277656465133874	0.5901219914443208	2.281037071257285	0.00396812426981763	0.06345794475870775	0.6253806860524167	0.49020388610644144	nan	nan	0.00668983402762402	803.3961505190531	1031	5.95941529563121e-06
-0.027105748506935257	0.4686788741859239	4.27538569610189	3.2820101887248265	0.054485560185235205	0.28557646348356086	1.7677051767848384	-0.5798757717966997	0.0	0.0	0.1621241454629018	0.009330002203819021	0.15065104106865002	0.9264933690872728	4.513140225329553	0.009753387056869012	0.06681335250403783	1.2603020367947133	1.1811061705822326	nan	nan	0.006826433691780473	804.7848148652131	1031	0.00016147155676532192
-0.01786861432995912	0.37708366703304336	5.846649474542927	11.72942072515896	0.03111271667154103	0.16283696824394644	4.925315968812257	9.500934594917913	0.0	0.0	0.15532065801562425	0.002106646975535309	0.08578024659023431	0.48661260018420904	3.218044138760654	0.0015058294668740535	0.04902034597160368	0.2853960311722745	1.3350320948402083	nan	nan	0.00669343583787281	816.2639720956158	1031	9.97780410064691e-06
-0.041320207469228376	0.6605481230383217	3.825299933526784	-0.6290976591082571	0.04901915086198727	0.3510495991516663	3.591836811873458	0.5138229158874622	0.0	0.0	0.15097957909801274	0.020689872776392504	0.08046784938207785	3.069994259690554	3.0797403843024633	0.025218247571039853	0.20537290645160236	2.9149055347470627	5.988396470081599	nan	nan	0.006761875756791075	835.5188527661128	1031	0.00011399130637684752
-0.041449840832331275	0.6334112435776589	3.3881661690074703	-0.6026944784625655	0.04408096743174106	0.3454449788398691	4.137230034888072	1.7666484832272387	0.0	0.0	0.15883806182388832	0.01127842400098128	0.07881146754952006	1.6904946186950358	1.5569492925781536	0.0156786850774685	0.2267687646590732	1.4353722158137772	5.212585406387071	nan	nan	0.006749939108954703	840.7503141476847	1031	8.302896301134e-05
-0.03470554021162908	0.6494989556715092	4.804874667729624	0.8354151483955905	0.055453354041547165	0.39613886761979583	2.626306141041029	-0.6003464029993637	0.0	0.0	0.1514711214865427	0.015870884616718095	0.12258860118814757	2.0641414836641454	4.207554708554902	0.02339521341694306	0.07059487579721371	2.8688249430428243	2.964883376475002	nan	nan	0.006655494187832567	847.4040712202602	1031	7.531268148679942e-05
-0.03187826228693402	0.6278822441206057	5.038316520082439	1.8665630453358713	0.047038891436662844	0.3599700670525438	3.6063419437308126	0.9171420055157635	0.0	0.0	0.16116505533794812	0.004236974101335722	0.07815566518239858	0.6805496401658306	1.4294516460229236	0.0026903477577573387	0.06730465314694808	0.4689441010640545	0.671258463260997	nan	nan	0.006745457408498426	823.6043294173412	1031	2.524823083631817e-05
-0.04094315673048765	0.5895254480372869	3.0999713223477645	-0.5544199551374398	0.05394712400306312	0.30495701888653753	2.1305256536170565	-0.5304728345223908	0.0	0.0	0.15571738741880337	0.007184397918940377	0.06766697478821232	1.103262028282824	0.9982223396969214	0.004238407083855367	0.06279220845959296	0.6846519103593535	0.5823634102499956	nan	nan	0.006757553515166437	812.6458396803457	1031	3.4585046206190046e-05
-0.028288765208741684	0.5781837443138714	5.07307572810006	2.934269445729353	0.03549893677995919	0.27259630296800175	4.70044585433376	5.175120867330112	0.0	0.0	0.14950101185714837	0.0036444628600612594	0.08024752847217687	0.5918699381793378	1.6045579884623322	0.0017593137498284062	0.06463946170689464	0.355392984525174	1.062349845993285	nan	nan	0.0066503111265237835	816.3253361450908	1031	7.75568380866517e-05
-0.01736330466829694	0.40180671676395807	6.429369741268473	13.211158588369349	0.03476040299036498	0.2531574398571531	5.05391894057234	6.3470049786401574	0.0	0.0	0.15213050333831218	0.002018456036212035	0.08632322957268565	0.5119186763874368	3.4042739504215587	0.0016143349730577405	0.058521853432778353	0.3295360920175807	1.0898994673380327	nan	nan	0.006621199191058261	802.4269644583	1031	7.606012921524977e-05
-0.04393083672932019	0.7264694356693252	4.016298759168398	-0.6181840140459325	0.05512495645280935	0.4045814291757387	2.735526703855826	-0.569620041557994	0.0	0.0	0.16447063072128332	0.018193668036505184	0.07577752501355417	2.508229181219912	2.4420794355056827	0.03477462350652927	0.07050383047680131	6.363697726662192	4.535694162871035	nan	nan	0.006783990949235666	807.4429404843169	1031	8.600845132461884e-07
-0.023171018028616097	0.5330685752165234	6.195153604943763	6.422148282474936	0.06787404895955729	0.40368318985072793	1.6050285174402756	-1.5638969021060907	0.0	0.0	0.15296964290232656	0.013150197077255621	0.2839022310940229	0.849097013849037	10.54786954796932	0.013790621655056068	0.10179756547497901	1.5105789646522925	0.6675631934208506	nan	nan	0.006536499619719971	823.2018187607293	1031	0.00011021771559496452
-0.03979670294316173	0.5812951360903504	3.3452260975401007	-0.5252663893717535	0.0534734446653915	0.24711594039717483	1.8383596650776663	-0.5786900196846939	0.0	0.0	0.15619686657270465	0.015088085171940935	0.07209480999938178	2.307270109369762	2.360084759101316	0.00969447449212657	0.06508527218060128	1.487321323908294	1.423428431094259	nan	nan	0.006822151141628596	810.0393484411471	1031	7.73605337794699e-05
-0.04719977830025934	0.7039281267288238	3.2821883565672243	-1.261340557014323	0.03589496683310012	0.2779976347666838	5.013675531327111	5.251555209691457	0.0	0.0	0.17149279866484135	0.006655035575875823	0.07081987994423317	1.0382183203705955	0.6019371568086858	0.0018411700471848702	0.06638715642321008	0.36887189334485626	1.13253855019701	nan	nan	0.0069245025481277644	755.2345797005598	1031	6.71874853765989e-06
-0.026625532639523386	0.5275056460288976	5.2263102555906285	3.788726325922624	0.054709987109957225	0.32647019865374927	2.2827252451668545	-0.5388208720421441	0.0	0.0	0.15746833344732206	0.01453427389757539	0.2351433830870499	1.313488052842495	7.840340916714222	0.030389541103230555	0.06791453645411127	3.5152499256762635	4.139091603262012	nan	nan	0.006689743762032324	816.7824887848897	1031	1.7774028141686677e-05
-0.02676682407317421	0.5993792696015356	5.862683058927364	3.7125439624683563	0.05621067806715474	0.4428782523473851	2.884421296403291	-0.7447982938230585	0.0	0.0	0.16190577657255215	0.003908067905610768	0.09169711239541567	0.6615186391997012	2.067731901522943	0.004109862600452208	0.06749555435122453	0.6901717663162328	0.4915334573435278	nan	nan	0.0068563501379586	733.7505295429789	1031	2.3518657126116143e-05
-0.012654776590475647	0.2930809456449787	7.032909968695318	27.214707907690578	0.04053408163369987	0.2975299071614772	4.808597843473965	3.552018029560755	0.0	0.0	0.1528401611250279	0.0010605225531732931	0.06876795283384221	0.5378406073698176	3.953930645190054	0.003739532043896543	0.08625477854627334	0.45371719042751124	1.914788204325153	nan	nan	0.006553252421852562	805.9540717961567	1031	0.019822022575355456
-0.04219919667774863	0.5833016260021576	2.930934902420086	-0.5155701682324481	0.05485199731609258	0.29553078569264457	1.9176603369579148	-0.5724428210313307	0.0	0.0	0.1630182294054195	0.023347200599091456	0.06764836244536493	2.8311926681629136	3.0493718475387506	0.021899229435644374	0.0652277623770709	2.615046073482257	2.7611698374213933	nan	nan	0.006771219719994656	781.5110007586976	1031	0.00015163053459096255
-0.027517502343776035	0.6445712839075327	6.3953598333615345	3.666875793180405	0.03291730731872544	0.2563422687771445	5.380413577910506	7.553183560900974	0.0	0.0	0.15394922990942891	0.005592253269013581	0.1179815044468483	0.7455647230675928	2.866944963376613	0.007444783075624017	0.20282326504511788	0.4040278839069207	6.689311012757945	nan	nan	0.0066801880326688295	827.8915674081688	1031	0.0006433573596433491
-0.03243304632995936	0.6268576409542617	4.911977400709158	1.6033378888911516	0.03546511254554563	0.3038391407954794	5.2385263588342585	5.752207024560327	0.0	0.0	0.15642233710022077	0.0015662114125674087	0.07001543023112211	0.5106211909336382	0.37579297413060325	0.004019906852804178	0.11173976743021868	0.46042810568476567	2.6459832865960147	nan	nan	0.006779312239272153	828.6656391291558	1031	0.008432789827867779
-0.05176208567849816	0.653796369643738	2.4305158475104793	-1.454024661048399	0.041120963910672215	0.31189916204141593	4.361943994804807	2.8655074440309036	0.0	0.0	0.16377074962543364	0.007026706809402095	0.06675924980954151	0.8673361747010686	0.4250050398137812	0.002107215284800068	0.0678619873332518	0.3975210267618565	0.8810345682141661	nan	nan	0.0066809799326362496	770.3950467117519	1031	5.2692058634964746e-05
-0.04162044999321057	0.6653346378811675	3.7686146185143077	-0.604903050672948	0.04230251653910777	0.3435447298577642	4.505337078161385	2.40561976926396	0.0	0.0	0.15916328711310596	0.005919617026704016	0.06911187926049789	1.0165195049966305	0.8560867611123021	0.0023132922776034626	0.07098728550308761	0.42910686493093486	0.8795490500881817	nan	nan	0.006730087693068307	839.8093897005745	1031	1.4169790858266526e-05
-0.04201690625503862	0.6413296616006607	3.4098408424902042	-0.6088860407011351	0.05135818266924952	0.37074220399334273	3.044628540748705	-0.0611035348035105	0.0	0.0	0.15907757232761205	0.006791348238105566	0.06889889719374032	1.0640183685334825	0.9185391506099219	0.0035707884534649237	0.06600501909170722	0.5970692708218635	0.6290974282782309	nan	nan	0.0067879971183183035	824.0764633867268	1031	6.899051628690543e-06
-0.0357106880602549	0.64440089301196	4.341638101482944	0.5556677513917627	0.0555951907375245	0.4175172260400189	2.7909458478525426	-0.5999767203083318	0.0	0.0	0.16295493434382083	0.020211219190530483	0.12263084069169788	2.56125959239609	4.708273542339906	0.025103331442812515	0.07276304811655887	3.058218278659783	3.1977339326070253	nan	nan	0.006735568213407969	789.8009934019817	1031	2.7429909903110514e-05
-0.04248797266609183	0.6859733200071697	3.8403197860027367	-0.6070175795787326	0.054342167598691926	0.426927277062529	3.198660154386752	-0.3271025287957061	0.0	0.0	0.16236773476502633	0.006518386828844258	0.07136672723553694	1.0772605171174194	0.9133510405945299	0.0039886725773895515	0.06624269014503004	0.6471264630968496	0.5943008588501226	nan	nan	0.00660315189035772	854.424533974493	1031	4.2354698339071115e-05
-0.04540837771958639	0.6790159758563846	3.4015348723887118	-1.1390756008964376	0.04265967413447225	0.3380365774707285	4.447027248120996	2.345156275064185	0.0	0.0	0.16647326334458193	0.006726680282312714	0.07073766777238083	1.1146204648152338	0.7051487321880506	0.0023017974382009143	0.06990038912676536	0.4209692508501761	0.8666338217650928	nan	nan	0.006820489473573957	858.8162852789176	1031	5.8722266264434584e-05
-0.029707812029828307	0.606399092291978	5.274829161003639	2.4421380364869405	0.0432869897245447	0.38898781964022383	4.616054956822458	2.1481006593670138	0.0	0.0	0.15919297962666723	0.003979906249133303	0.08111916840359928	0.6598841305845689	1.5976890996576647	0.002304999563131127	0.06988008359724904	0.4276243964238744	0.7822541081212356	nan	nan	0.006723039243128864	798.5105409276534	1031	0.0001621965227395044
-0.04122744587529792	0.6265007008728312	3.3379909636045357	-0.5881406145527264	0.05448297946591474	0.3695212943740998	2.552639741303682	-0.505245416203421	0.0	0.0	0.15905523633979374	0.006393714804205197	0.07113797812281009	1.0404905768112014	0.8846083050824338	0.004330396183990781	0.06494248635116673	0.6877778166691977	0.5848784863767718	nan	nan	0.0067196464760420765	806.2050262378892	1031	7.667996810931006e-05
-0.031552740837378246	0.6614545961049794	5.326376298259784	2.0489720775633034	0.055543499414204334	0.4682546747507009	3.214614653657363	-0.6022180474601516	0.0	0.0	0.15349927685784237	0.013139672361361598	0.15193473135235347	1.4129727512155752	4.579202893364326	0.020306323562044204	0.07501072058174574	2.6426862965448876	2.6536259360894743	nan	nan	0.0066570021660559	791.7188230562348	1031	2.3436332529054897e-05
-0.028259322400322806	0.6061011577428992	5.298825256004303	3.087135252827939	0.055513163230018314	0.4578347395170214	2.8973093420878513	-0.585961023257909	0.0	0.0	0.15138911164534774	0.004282026363736369	0.08868156706016705	0.6592530423778751	1.9142934838299845	0.004179279701739147	0.06677068233332806	0.6505675828600097	0.50440450662947	nan	nan	0.006719088153833416	770.3070698124727	1031	3.995768031443492e-05
-0.030028640470180723	0.5637443072375211	4.498003660837651	1.9823546793845976	0.055735988112465495	0.39904355119643453	2.398971763591602	-0.6192112436715196	0.0	0.0	0.1703147352318094	0.012550589448858784	0.14877939687973266	1.4197427024534455	4.537376204178572	0.021760940742507007	0.0716352438046837	2.500204869159972	2.4940773103201646	nan	nan	0.006768286543385987	827.2211527397658	1031	2.6835754229514394e-05
-0.03011886876051806	0.6014349173917317	5.090557343706612	2.0993190830330155	0.05538311556065101	0.39894909997145483	2.621305975715156	-0.594271774938285	0.0	0.0	0.16979635736946558	0.013218046908993086	0.1581829770623515	1.5510057032252074	5.017463774096291	0.020913666948869425	0.07220129952562174	2.592892749219081	2.6326033339763124	nan	nan	0.006877253086186599	822.82375951495	1031	5.808167360437178e-05
-0.04152991332494749	0.5998919179476502	3.0526046035812335	-0.5571517218195448	0.040633434251441614	0.2808408267692755	4.321842081773273	3.2022066399008398	0.0	0.0	0.1534964359049468	0.01782781345204404	0.07830261287846524	2.345001979037181	2.3725018893882783	0.020208740354110244	0.3906896278500074	1.4158818899659185	9.854975676912058	nan	nan	0.006837595298958207	817.7026593703974	1031	9.461241148736698e-05
-0.029618261782641375	0.6443926387179726	5.611371549691622	2.7951222327309813	0.030864379179824653	0.23599669070263002	5.611831961106981	9.548647019256325	0.0	0.0	0.1636550227591065	0.006551410523089385	0.09474172956169236	0.8827786716264265	2.7630738926331144	0.0037668593291717567	0.0711449893550597	0.4474222880199079	3.509649873841651	nan	nan	0.006641209579600779	857.2833058905202	1031	0.008998979155905128
-0.04087989999069119	0.6368450847669933	3.578772885147722	-0.5885711807001792	0.05513853470062213	0.4078556722264754	2.7736346814304955	-0.5433025676556894	0.0	0.0	0.15618836621183857	0.00859785877971625	0.07553270562411363	1.4133568405492112	1.2605204514512829	0.01803439217233538	0.07001178541038297	2.3014439681282974	2.371429886356336	nan	nan	0.006633509509570909	722.2226296659675	1031	9.038229484871077e-05
-0.041858446986550835	0.6893108655393743	3.895408649586438	-0.31380211028781957	0.03742886653326605	0.29173259947802005	4.767558924446169	4.675500877802396	0.0	0.0	0.1623948222290982	0.014098445763721712	0.07201066980589271	1.9197734747861315	2.1986000339723284	0.0033552330992218105	0.09921190699104337	0.4058991297401695	1.937519886477073	nan	nan	0.006771020805337022	867.5354522349653	1031	0.0008005556668375645
-0.02984058157392666	0.6017272680751304	4.933418936513629	2.1543025139870697	0.055653369633079874	0.44491296563603727	2.825821704489815	-0.6400579919300963	0.0	0.0	0.16554195959332432	0.012826613687842936	0.15656030995059741	1.4465848566001105	4.8318046707310325	0.0328385002334074	0.07681839443793018	3.655075059461372	3.958322086292048	nan	nan	0.006827537299240363	733.5899906429561	1031	0.00018106069184909665
-0.04095907856231684	0.6314064426187407	3.471046126156731	-0.5743919579163075	0.05461370916929753	0.37685186212868854	2.577126612982452	-0.5718575391575754	0.0	0.0	0.16575357623151107	0.016424142490739313	0.07388095595103228	2.385896208176017	2.370881087789099	0.019871096715785908	0.07026148052679432	2.5653353168982678	2.6426077529987437	nan	nan	0.0068783925028878395	808.200568016919	1031	0.00015522295679438845
-0.02711695559804217	0.58266873613727	5.719161855070195	3.6040179105224186	0.05479186448565865	0.40342453784346083	2.9093677519563323	-0.6364198817328499	0.0	0.0	0.16474618126307222	0.0038107222839692256	0.08936070512704691	0.6420671880705009	1.9749303292954892	0.00374947959137073	0.06717657215887834	0.6769098992360747	0.5142685028331653	nan	nan	0.006867551968972346	717.7208486933503	1031	1.7200108357113665e-05
-0.019980700966148013	0.44692066409016273	6.206169221260673	9.732501724260134	0.0554659834751281	0.3745813059796785	2.746732897474824	-0.5679327425658064	0.0	0.0	0.16304706390207402	0.01269951767619154	0.332535838408578	0.6203358097570315	15.239555449468195	0.01384067777556297	0.06956296961620867	1.9549685940243144	1.9354530883155632	nan	nan	0.00674580207906704	764.702325007639	1031	0.00014660611460593214
-0.026986626447034867	0.6153582479056101	5.855500742871495	4.139650825555017	0.05607667777504699	0.43502995331432326	2.764688034084213	-0.6568704291395666	0.0	0.0	0.17412024184253938	0.0040541936948697566	0.09250456211465019	0.6219102375093595	2.1600563551026752	0.004121751628469061	0.06637500577548602	0.657116531491589	0.4891982785781468	nan	nan	0.0069128374431900175	863.1534186489272	1031	0.0001729011372012628
-0.02653751893518963	0.6369204798429933	6.233616941515728	3.986168856244163	0.06279897992801331	0.48601537522781	2.3629635060783216	-1.2879695304422831	0.0	0.0	0.15590880092551462	0.018443596751140767	0.2994228072329853	1.5710322024499193	10.098934839286237	0.019890263379264028	0.11670461576285523	2.3796984243130286	1.4277682312514948	nan	nan	0.006749136700158795	796.7293234565261	1031	6.522439775808329e-05
-0.04403094693471743	0.6987144505966487	3.86073898891669	-0.5818538515143146	0.0475034684014326	0.34322292936750837	3.6082905096594553	0.919437865998561	0.0	0.0	0.17191013439031771	0.016756203816043203	0.0766821667151587	2.298478794906145	2.2578663800153524	0.022474731025948103	0.22410621658264987	2.358671070835259	5.827403892319422	nan	nan	0.006808392150006101	787.4016182947364	1031	3.6605281784572075e-05
-0.043093557514109704	0.7051122418017368	3.8674076850145562	-0.5986518470292697	0.04132684179184176	0.36577062602288485	4.569374613621668	2.697129475651327	0.0	0.0	0.16551942151089702	0.00637661426358177	0.06837684274475753	1.0126045472270793	0.8669079695125164	0.0023166084136719833	0.07156554903309545	0.4185915364808195	0.8867789775806697	nan	nan	0.006690367986547832	784.7901864314315	1031	3.154207700233259e-05
-0.033264198397322975	0.7115142743875551	5.727408928721307	1.5424916179173689	0.043990850980931695	0.3929456996433669	4.167365016794398	1.5638575846851752	0.0	0.0	0.17332158230977598	0.004517160769897499	0.07960404872196075	0.7663682601464514	1.4245561710256025	0.002531066212458688	0.07145907582186167	0.4538936845290571	0.7446628976445557	nan	nan	0.00694921805650503	867.7350104579302	1031	5.74828703335514e-05
-0.029793749440016115	0.6586066027595748	5.6386450525192	2.5607385115444554	0.05617371998168985	0.5094149038582237	3.3795894630120786	-0.6378914398809763	0.0	0.0	0.14909468940866488	0.01262638076889988	0.16416280566495406	1.3486317537515222	5.079173783429732	0.07907173834210346	0.08822833606423813	5.565164765059542	9.855090871091905	nan	nan	0.00662366960485776	842.4977391888247	1031	0.00014755110198822526
-0.042675668361507824	0.6734537278641972	3.527878884458562	-0.5679867480337947	0.05586809673780668	0.44217113018944626	2.78468302891555	-0.6164186456730687	0.0	0.0	0.15878014326966947	0.007263993742605945	0.0693259096865328	1.0822567828768908	0.962370298091915	0.004533813675616449	0.06735979868199521	0.6911631064293631	0.539151914559561	nan	nan	0.006721697892155334	845.7157946889365	1031	1.2057743754545588e-05
-0.036703680922603565	0.5689088687535258	3.4188406905926616	0.3215411128443938	0.0493773405282687	0.3077367454710332	2.818911085949194	0.3465601087803131	0.0	0.0	0.1663113049399759	0.005653739029684246	0.06860106315752018	0.831420203393259	1.133246834264258	0.003058639152514364	0.06399990221291268	0.5108647644151563	0.6411196434822413	nan	nan	0.006741619886479033	774.8937716425698	1031	2.434926269151428e-05
-0.04208893118271051	0.6359770854490836	3.2968989947316194	-0.6034349144332771	0.0453336960335764	0.33073685158224847	3.5393621013034227	1.2506515159010914	0.0	0.0	0.1651341442554506	0.01293918460269805	0.08425817950975323	1.831133875539611	1.710420230519156	0.029616206514942345	0.340867050365787	2.7214873714867496	8.385803875943653	nan	nan	0.006919875761670385	827.8240440868717	1031	3.5209175620946586e-05
-0.03559478379095804	0.6576625536571827	4.70282131035264	0.6685471325268733	0.054888975219222536	0.3999925062637399	3.0406879049906776	-0.39631559467474914	0.0	0.0	0.15373040965477144	0.005510205723869954	0.07584988229950218	0.9007811772513721	1.3610748130198824	0.003720338680963442	0.06488098909599799	0.6310168398554772	0.5513365565539087	nan	nan	0.006539549665009803	825.0869951949093	1031	0.0001371019250580689
-0.040389309076372504	0.5646533657293964	2.949562318390111	-0.554241591483089	0.043612162013333844	0.25972311907288215	3.759735263295089	2.154561406912198	0.0	0.0	0.1575072284393477	0.01589043153873776	0.07317971821551827	2.216124965152462	2.228198169724943	0.012987214657017687	0.22369142309061565	1.249925351690068	5.275650016319137	nan	nan	0.006684494179346773	843.5217779545706	1031	0.00013559200513866187
-0.043123895037128435	0.6210090999209734	2.9158896441601234	-0.6987374574180407	0.043718028872348214	0.3300441704921733	3.77439225901452	1.8090508870970963	0.0	0.0	0.1619601528058981	0.024527452304732522	0.07964405874645208	2.939126074706431	2.833316966770609	0.018898918716055646	0.2647191144961722	1.597851565971549	6.111999226385531	nan	nan	0.006809865949378088	761.2518798746654	1031	4.954442606592548e-05
-0.06267939229971897	0.5639906567596602	1.1541454175065102	-1.8062976209925068	0.0377101387982981	0.19970878664965352	4.066117352534695	4.747631988733181	0.0	0.0	0.17271264247505091	0.01348378744637152	0.07820088565143146	0.8689253557005006	0.2775934675984857	0.009904779145619935	0.2627037665042331	0.6500393867412595	7.145459657132992	nan	nan	0.006867887779938242	831.1509054629181	1031	6.950516613237348e-05
-0.04187665217671732	0.6327103624352437	3.374721343124269	-0.5792172526790192	0.0517432253861112	0.35145716199261007	2.739422150595118	-0.10533663214831915	0.0	0.0	0.15950788593705684	0.0064094431298437615	0.06899670277467923	1.0185711377806477	0.876127982930281	0.003712397771764797	0.06499038307847746	0.5967153893867732	0.6171124298879491	nan	nan	0.006677368947156537	832.7202520972171	1031	9.69979308695012e-05
-0.04395811082876577	0.6368676132456281	3.0254944580934957	-0.9337049942596084	0.044626032256835924	0.37386285283554316	4.16474074944055	1.5703015990566935	0.0	0.0	0.15735334246332214	0.007082653476010337	0.06847638818858892	1.069155675202627	0.7653743350188486	0.002592384524168212	0.07044506290919772	0.4511015870692532	0.7822455788323627	nan	nan	0.006664857992369558	817.2304068796475	1031	5.177170802947806e-05
-0.02752545718314836	0.53018999412314	4.907634307917151	3.1372780141813843	0.05460782399605635	0.34183608534263765	2.2622084097193973	-0.5718453775119646	0.0	0.0	0.15919737691604374	0.012314674710621976	0.18327288413208234	1.2644837727620206	5.881735873003201	0.014402814476295545	0.06976471771708237	1.880587740697065	1.8566014930395185	nan	nan	0.0067709885930337665	798.7909081444802	1031	2.5104775107433304e-05
-0.030739589469602646	0.5553253696464082	4.535716526842971	2.366400977037385	0.05584207831907806	0.3217937632102091	2.129583579141146	-0.6086422957270048	0.0	0.0	0.16766887027585564	0.010135753794830948	0.1328797491270695	1.0242278399580917	3.7477097183161607	0.01168524624621814	0.06718132846444375	1.5558644552019252	1.4650244028267843	nan	nan	0.006688703014728431	794.8947251940772	1031	0.00016959453959463543
-0.02096594000146801	0.4815355224245949	6.220536831927117	8.172087499507466	0.037467949425784575	0.2918754377025527	4.769672902737293	4.4599610446498374	0.0	0.0	0.15187837632622808	0.0025864305112947017	0.08917050014651687	0.5400787146493915	2.6404052736981165	0.0017655876306537088	0.0635113853871081	0.3557336311657129	0.9523047732408952	nan	nan	0.006685270600996468	752.9419689458805	1031	3.863193671204892e-05
-0.021281412889530338	0.5260578056299241	6.620593302581232	8.695109656017564	0.0312317072275905	0.19172928238998332	5.239656662554573	9.397105852696145	0.0	0.0	0.16466355964290774	0.0025442682908232706	0.08577346620251111	0.5182601767499544	2.5929751035603097	0.0015317927929845432	0.052159062549858304	0.30586803950805486	1.3489180280802233	nan	nan	0.0066510061902682605	807.519598193396	1031	4.271120969592468e-05
-0.042507491274943576	0.6510979943879968	3.525768478765202	-0.6097212631667815	0.05023873354418695	0.3446139801962207	3.187913505283034	0.28684296616976046	0.0	0.0	0.15479490100569357	0.006361255538892996	0.06849414700160911	1.0164346829642186	0.8640297979296848	0.0031514357655696434	0.06546117912133592	0.5377164066861044	0.6516068216841835	nan	nan	0.006639605618945998	812.3475338284647	1031	8.941654852764216e-05
-0.04139533840389975	0.5582210524407878	2.6902392969019506	-0.5031221754152001	0.041985702436636796	0.24881313364037633	3.664130505881282	2.4717064158353197	0.0	0.0	0.16170723563843536	0.018007566895829108	0.06904412264491214	2.208665076218974	2.3141622050194557	0.009608959607110279	0.18284053758203125	0.9086959018399214	4.187852651151294	nan	nan	0.0067859170945432645	771.9724321650865	1031	9.258694987967577e-05
-0.034472245997081874	0.6500597045876402	4.7644861915047265	0.9409484932594183	0.05546634766877334	0.39162973740565593	2.5552121507007515	-0.5895428940454058	0.0	0.0	0.16068765591283268	0.017100336529319915	0.1314877355351785	2.1595554022009322	4.5918474740635435	0.01638042519543692	0.07089931148130163	2.077509117207636	2.0464304326340477	nan	nan	0.006720192900586938	805.4746107431549	1031	1.5399751349805915e-05
-0.04187857359003244	0.6645918840207146	3.732613837184516	-0.764950995150044	0.03886994930691734	0.31925297273712944	4.870886081809308	3.772971863060037	0.0	0.0	0.16552155265820517	0.006507944564104751	0.0681884224331123	1.134011202733789	0.9019953625062935	0.0020558416776081945	0.06990750229101705	0.3964099893626001	1.0104480006961891	nan	nan	0.0068372305550247064	801.0302307670231	1031	0.00015168990117167712
-0.021042114702314096	0.45410418440552636	5.63557275035614	8.043272377526847	0.054996581928110855	0.374803112941169	2.4169797714545287	-0.5863415622830724	0.0	0.0	0.16969531557950704	0.013847151604704455	0.33206962788647804	0.6774099249008301	13.736234917248725	0.015207603568644257	0.07054268994598745	1.9350833255491853	1.896022974292893	nan	nan	0.006839809317053108	751.3980365655352	1031	2.4650425917778757e-05
-0.04227877187857498	0.6269448745005815	3.21014269273915	-0.5862928009310024	0.048472848910338984	0.3459977246725101	3.3140797909283166	0.5741663759235441	0.0	0.0	0.1516011160988471	0.014254306889279755	0.07474351985974031	1.9387260414660055	1.8610956945619928	0.02022331781086506	0.1721105491610554	2.221709175435789	4.607861770544173	nan	nan	0.006739789217952943	765.7751331387346	1031	0.00019314223674723365
-0.042857038367702716	0.647836445493561	3.1366593230509916	-0.5697591668452417	0.052735440039763715	0.4411629668750096	3.0413054897695213	-0.1586463032931508	0.0	0.0	0.1561306722740653	0.007611099222864959	0.06780081381425529	1.0454551579963547	0.9344626092815455	0.004175129949069989	0.06722033095268892	0.6126687764954777	0.6081310641898551	nan	nan	0.006617601641753637	786.1278814607615	1031	0.00012510439097785294
-0.023940121466704656	0.4987818190012437	5.368352861901327	5.294461543482056	0.03807442344491485	0.2787120781216316	4.36478848176446	3.8743199975299527	0.0	0.0	0.16511612065881442	0.003044100105820513	0.08615580256199021	0.5425138222059456	2.106384998962135	0.0018233479501920113	0.06503958687319575	0.3631436450037677	0.9231241874793543	nan	nan	0.006806920937323352	696.4546924330027	1031	0.00015509300607600897
-0.04182546768017714	0.598025880951493	2.865874477446557	-0.642133286182754	0.034523566174057274	0.23003384337719385	4.621761238462944	6.104165887186455	0.0	0.0	0.15281682511864242	0.013863267722536488	0.07418395344071843	1.8866803573182989	1.7330383936013063	0.0029353714004091147	0.10524138738725991	0.4413816715137422	2.3008887154502404	nan	nan	0.006545239246117079	818.3368152400226	1031	3.9049558687012206e-05
-0.022600127899294997	0.5502606689837097	6.35827823938045	6.881856121484626	0.056344607503813426	0.46558190162527496	3.0848180098076075	-0.6523903162269473	0.0	0.0	0.15782016080221406	0.0030976095500803713	0.0943112900600172	0.5656965250444705	2.5908225804864777	0.003924464051716314	0.06637657746209827	0.650038629490032	0.48225464484091235	nan	nan	0.0066933037906180964	790.3862018291388	1031	1.855082809674971e-05
-0.047487521131185484	0.7462805686978697	3.6972243564370553	-1.1966221426573869	0.04061767694848917	0.3635899550100171	4.8303992513924285	3.0334785144813856	0.0	0.0	0.15301227402602746	0.006737221603437704	0.07254117005966243	1.086720018443974	0.6580532550471622	0.0022242017250572177	0.07097312534728428	0.4116878532332513	0.9208120086675787	nan	nan	0.00669442828239214	870.5230867124549	1031	6.074757457265412e-05
-0.035800894753612034	0.652851989460024	4.447628146994936	0.7792234649262835	0.05623392518174786	0.400135183320421	2.5643859859364793	-0.593180297484407	0.0	0.0	0.17016231395334963	0.022266639972158386	0.14414685437282365	2.5972745332837293	5.35617598239178	0.02590162210998137	0.07001233283772876	2.9750538605118133	3.137344164229758	nan	nan	0.006723817884239258	822.9468182505959	1031	4.915461820940783e-05
-0.025238081642951715	0.5100680026231177	5.3751527937277075	4.482496861039819	0.06131486582156964	0.3193463829469504	1.4134285229666972	-1.2316812734473932	0.0	0.0	0.1620771246190988	0.023573935932116985	0.4196148020744823	1.7981581077622089	14.65421676794652	0.03337099726661774	0.13457706433491026	5.595933025130243	2.2396168306770528	nan	nan	0.006773305923474249	751.4867459235329	1031	2.7687201833499198e-05
-0.03227335320798619	0.5549101628083639	4.004206502927471	1.1699006440575717	0.047742459805130144	0.34033823455259415	3.15316686008782	0.6353091782219821	0.0	0.0	0.16041651519145128	0.004733901907243709	0.07534611072431929	0.7515073917132336	1.36895178733722	0.0028890955468824364	0.06637117015618818	0.4840273906304615	0.6493190498523069	nan	nan	0.006695893321262136	801.3996727290403	1031	8.86141594451182e-05
-0.04223122998454454	0.5898552281532898	2.8698734867384648	-0.6043575648316156	0.0426169886716663	0.27001778310062063	3.7475423473093086	2.324654192073042	0.0	0.0	0.17519085254545322	0.014797346156696145	0.0737514356070656	1.9311223741063794	1.837896036829609	0.012271727438813884	0.21562901602180168	1.0897786145580992	4.963841377011603	nan	nan	0.0068816295430348395	760.2832144575865	1031	0.00010409723984692858
-0.05202468785366776	0.575539176601491	1.8491010126941583	-1.433428740819771	0.04187492600041676	0.23418727616786328	3.844570139591392	2.8041002759361517	0.0	0.0	0.16092392380923956	0.019070827339928376	0.10070486584329541	1.9112330331973495	0.9711419574369141	0.012127049327282258	0.2424480764052223	1.0816849360954364	5.929348656659226	nan	nan	0.006789206745295359	771.0981524241033	1031	0.00010040617964591558
-0.023352530350536416	0.5354319022537617	6.140229999171557	6.613246220837894	0.043234207947557834	0.32154697097007334	4.022943564024292	2.030591063026254	0.0	0.0	0.1589182445757546	0.0028551879331678576	0.08704265353743798	0.540842503913896	2.2685740744482956	0.0021465793552277734	0.06611155847583233	0.4008070848438299	0.7506792298145608	nan	nan	0.006746994049178001	765.4636626183063	1031	0.00012267960561551322
-0.04175262348463715	0.6911373425630352	3.9698288350368416	-0.3275633960883716	0.04818392559752316	0.3705663973135571	3.39989627182526	0.6511762310136416	0.0	0.0	0.16407679361442218	0.006611986699305683	0.06849614030767354	1.01639582446784	1.0168220155499843	0.0030134495276431528	0.0671346349601932	0.49106185156717186	0.6667970911124744	nan	nan	0.006798250506723613	869.4120782998818	1031	3.268543536086634e-05
-0.0170700664523169	0.3852187664128166	6.106644150404338	13.587123389075023	0.05418979184768946	0.391706219339797	2.6459522526588897	-0.48619614964782154	0.0	0.0	0.15873086354503346	0.0022352214938142767	0.0937643606142983	0.525458104617551	3.87307843409333	0.003617264818609467	0.06335284634755367	0.5934129075074024	0.48128353280506025	nan	nan	0.006759818257873695	765.4660859776691	1031	0.00010793284516411401
-0.04369091109794032	0.6117131903052164	2.8351042644464552	-0.7323974131797626	0.04596954030585021	0.32681784954946214	3.7252927977523385	1.289583223521879	0.0	0.0	0.16409951763457772	0.025197691677290524	0.08925577568780652	3.0013232045350233	2.825117288153622	0.03490121217697073	0.4018631373733087	3.250183959636527	10.318208063545866	nan	nan	0.006936692257058563	882.876960435171	1031	7.570490402444273e-05
-0.02625640240085847	0.5793656513515657	5.861425202130337	4.309089728426719	0.04383381816412624	0.3450871518534884	3.984094219224401	1.7767129017368009	0.0	0.0	0.1679500554645874	0.0033574204326004553	0.08601507872135977	0.5957170476916187	1.9240087845275509	0.0022928104257279314	0.06772325452080993	0.418829501052816	0.7329749877338979	nan	nan	0.006829013859443608	771.5040877557342	1031	0.0001674603460261156
-0.02448675237616471	0.5139791457762324	5.35557049512253	4.751353712781725	0.05313573697000984	0.4226020772878635	3.0398625313492786	-0.28559469768035883	0.0	0.0	0.16024322001995045	0.003305616206062234	0.08920042782912196	0.569916611914397	2.1185023950598416	0.0035769328187383875	0.0656129173386201	0.587159978326057	0.527617879572215	nan	nan	0.006766596231526659	796.643616317665	1031	0.00016316735606021932
