i,Ebeam,x,y,z,Q2,pT,obs,Nacc,stat_sivers,stat_collins,stat_pretzelosity,systrel,systabs,target,hadron,Experiment
0,11.0,0.090070,0.629325,0.322321,1.167461,0.158646,AUT,2426276.364788,0.016735,0.011529,0.011543,0.070207,0.001121,neutron,pi+,solid
1,11.0,0.107341,0.599554,0.323255,1.327968,0.144451,AUT,2260031.534915,0.013061,0.009826,0.009808,0.070207,0.001148,neutron,pi+,solid
2,11.0,0.118951,0.582311,0.323478,1.429500,0.136477,AUT,2217743.880967,0.010877,0.008743,0.008763,0.070207,0.001167,neutron,pi+,solid
3,11.0,0.128695,0.566570,0.323540,1.504838,0.130156,AUT,2234234.192250,0.009577,0.008094,0.008102,0.070207,0.001183,neutron,pi+,solid
4,11.0,0.137398,0.548918,0.323836,1.556582,0.122524,AUT,2114107.326323,0.008962,0.007930,0.007929,0.070207,0.001199,neutron,pi+,solid
5,11.0,0.145825,0.531318,0.324036,1.599087,0.115234,AUT,2109796.980845,0.008391,0.007659,0.007665,0.070207,0.001214,neutron,pi+,solid
6,11.0,0.154444,0.513533,0.324134,1.636882,0.107791,AUT,2071983.647708,0.008064,0.007590,0.007568,0.070207,0.001229,neutron,pi+,solid
7,11.0,0.163431,0.495572,0.324281,1.671554,0.100094,AUT,1978028.126466,0.007934,0.007650,0.007664,0.070207,0.001246,neutron,pi+,solid
8,11.0,0.173140,0.476481,0.324352,1.702548,0.091651,AUT,1942690.565383,0.007854,0.007702,0.007677,0.070207,0.001264,neutron,pi+,solid
9,11.0,0.183944,0.454953,0.324527,1.726990,0.082055,AUT,1820975.084324,0.008070,0.008011,0.007996,0.070207,0.001284,neutron,pi+,solid
10,11.0,0.197187,0.429769,0.324620,1.748568,0.072242,AUT,1858412.010185,0.008026,0.008009,0.008002,0.070207,0.001309,neutron,pi+,solid
11,11.0,0.214785,0.400263,0.324652,1.773464,0.067596,AUT,1733859.399324,0.008486,0.008478,0.008495,0.070207,0.001341,neutron,pi+,solid
12,11.0,0.240424,0.363036,0.324700,1.799303,0.075238,AUT,1728161.618899,0.009066,0.008952,0.008957,0.070207,0.001387,neutron,pi+,solid
13,11.0,0.275832,0.326264,0.324809,1.855846,0.097661,AUT,933330.828370,0.019022,0.015775,0.015805,0.070207,0.001449,neutron,pi+,solid
14,11.0,0.065138,0.795741,0.322221,1.068068,0.327750,AUT,1401251.970044,0.018528,0.013383,0.013436,0.070207,0.001084,neutron,pi+,solid
15,11.0,0.072437,0.744650,0.322603,1.113189,0.313981,AUT,1282509.222348,0.015711,0.012310,0.012342,0.070207,0.001095,neutron,pi+,solid
16,11.0,0.076799,0.720500,0.322765,1.142066,0.310771,AUT,1258175.743995,0.015014,0.011934,0.011964,0.070207,0.001101,neutron,pi+,solid
17,11.0,0.080584,0.701423,0.323040,1.166648,0.308256,AUT,1365086.379770,0.013671,0.011091,0.011106,0.070207,0.001107,neutron,pi+,solid
18,11.0,0.083960,0.687988,0.323261,1.192307,0.306276,AUT,1232852.883856,0.013940,0.011431,0.011414,0.070207,0.001112,neutron,pi+,solid
19,11.0,0.087106,0.681033,0.323296,1.224495,0.304621,AUT,1289204.488243,0.013587,0.011144,0.011142,0.070207,0.001117,neutron,pi+,solid
20,11.0,0.090201,0.675767,0.323456,1.258197,0.302748,AUT,1207652.781722,0.014042,0.011487,0.011468,0.070207,0.001121,neutron,pi+,solid
21,11.0,0.093153,0.670243,0.323415,1.288759,0.301127,AUT,1162596.618007,0.014236,0.011629,0.011660,0.070207,0.001126,neutron,pi+,solid
22,11.0,0.096043,0.665393,0.323513,1.319129,0.299848,AUT,1152426.407470,0.014362,0.011732,0.011720,0.070207,0.001130,neutron,pi+,solid
23,11.0,0.098991,0.661269,0.323491,1.351203,0.298447,AUT,1163969.592155,0.014143,0.011596,0.011618,0.070207,0.001135,neutron,pi+,solid
24,11.0,0.101995,0.656509,0.323509,1.382182,0.297030,AUT,1141459.954312,0.014412,0.011756,0.011705,0.070207,0.001139,neutron,pi+,solid
25,11.0,0.104945,0.652376,0.323642,1.413214,0.295904,AUT,1071821.280361,0.014723,0.012065,0.012016,0.070207,0.001144,neutron,pi+,solid
26,11.0,0.107941,0.648585,0.323654,1.445090,0.294752,AUT,1107826.539517,0.014437,0.011817,0.011837,0.070207,0.001149,neutron,pi+,solid
27,11.0,0.110994,0.644342,0.323705,1.476261,0.293939,AUT,1033344.277883,0.014878,0.012226,0.012225,0.070207,0.001154,neutron,pi+,solid
28,11.0,0.114090,0.640029,0.323841,1.507279,0.293132,AUT,1056362.870621,0.014464,0.011990,0.011925,0.070207,0.001159,neutron,pi+,solid
29,11.0,0.117336,0.637150,0.323792,1.543203,0.292661,AUT,1038971.462885,0.014667,0.012079,0.012136,0.070207,0.001164,neutron,pi+,solid
30,11.0,0.120681,0.633245,0.323720,1.577453,0.292270,AUT,1015216.318030,0.014568,0.012093,0.012168,0.070207,0.001170,neutron,pi+,solid
31,11.0,0.124129,0.629555,0.323876,1.613057,0.292109,AUT,986902.829655,0.014801,0.012326,0.012341,0.070207,0.001176,neutron,pi+,solid
32,11.0,0.127627,0.623982,0.323813,1.643822,0.291801,AUT,920679.631677,0.015044,0.012621,0.012687,0.070207,0.001182,neutron,pi+,solid
33,11.0,0.131166,0.615235,0.323836,1.665701,0.291044,AUT,856732.406729,0.015286,0.012982,0.012977,0.070207,0.001188,neutron,pi+,solid
34,11.0,0.135052,0.603905,0.323830,1.683446,0.290641,AUT,870848.075402,0.014660,0.012667,0.012691,0.070207,0.001195,neutron,pi+,solid
35,11.0,0.139427,0.590462,0.323834,1.699253,0.290421,AUT,805699.207246,0.014671,0.012962,0.012961,0.070207,0.001203,neutron,pi+,solid
36,11.0,0.144313,0.575381,0.323623,1.713851,0.290453,AUT,741755.674468,0.014676,0.013315,0.013289,0.070207,0.001212,neutron,pi+,solid
37,11.0,0.149874,0.556325,0.323433,1.720881,0.292916,AUT,669472.354313,0.014633,0.013811,0.013832,0.070207,0.001222,neutron,pi+,solid
38,11.0,0.156297,0.533023,0.322794,1.719382,0.300647,AUT,579084.571877,0.014794,0.014901,0.014861,0.070207,0.001233,neutron,pi+,solid
39,11.0,0.164116,0.503718,0.322006,1.705932,0.316416,AUT,512311.103773,0.014895,0.016785,0.016774,0.070207,0.001247,neutron,pi+,solid
40,11.0,0.174158,0.466739,0.320596,1.677138,0.344015,AUT,451225.231569,0.015716,0.022674,0.022667,0.070207,0.001265,neutron,pi+,solid
41,11.0,0.187569,0.431428,0.319218,1.669622,0.364987,AUT,458224.233455,0.016451,0.031720,0.031753,0.070207,0.001289,neutron,pi+,solid
42,11.0,0.206015,0.400820,0.318977,1.703286,0.368099,AUT,510562.541188,0.015402,0.032286,0.032366,0.070207,0.001323,neutron,pi+,solid
43,11.0,0.234105,0.363250,0.319093,1.752672,0.368420,AUT,619960.381218,0.016200,0.032052,0.032050,0.070207,0.001374,neutron,pi+,solid
44,11.0,0.272353,0.325075,0.319455,1.825609,0.368565,AUT,410830.281658,0.028395,0.046405,0.046498,0.070207,0.001441,neutron,pi+,solid
45,11.0,0.061232,0.831451,0.322820,1.050004,0.502680,AUT,1430487.814655,0.007514,0.009288,0.009282,0.070207,0.001078,neutron,pi+,solid
46,11.0,0.066930,0.791293,0.323178,1.092997,0.496200,AUT,1384608.780139,0.007694,0.008979,0.008971,0.070207,0.001087,neutron,pi+,solid
47,11.0,0.070989,0.766636,0.323382,1.123263,0.493311,AUT,1335504.116264,0.007880,0.008862,0.008880,0.070207,0.001093,neutron,pi+,solid
48,11.0,0.074614,0.748359,0.323561,1.152517,0.491482,AUT,1425164.574324,0.007695,0.008421,0.008407,0.070207,0.001098,neutron,pi+,solid
49,11.0,0.078004,0.733145,0.323734,1.180409,0.491001,AUT,1306828.061593,0.008137,0.008651,0.008644,0.070207,0.001103,neutron,pi+,solid
50,11.0,0.081259,0.718322,0.323738,1.204797,0.490710,AUT,1385021.309244,0.008034,0.008307,0.008289,0.070207,0.001108,neutron,pi+,solid
51,11.0,0.084592,0.705763,0.323885,1.232318,0.490394,AUT,1425832.314952,0.008013,0.008146,0.008140,0.070207,0.001113,neutron,pi+,solid
52,11.0,0.087986,0.697925,0.323884,1.267528,0.490492,AUT,1379306.506049,0.008270,0.008292,0.008272,0.070207,0.001118,neutron,pi+,solid
53,11.0,0.091488,0.689200,0.323783,1.301500,0.490529,AUT,1408495.153007,0.008268,0.008192,0.008192,0.070207,0.001123,neutron,pi+,solid
54,11.0,0.095230,0.680020,0.323838,1.336680,0.489467,AUT,1466236.998783,0.008268,0.008066,0.008056,0.070207,0.001129,neutron,pi+,solid
55,11.0,0.099234,0.671174,0.323926,1.374766,0.489428,AUT,1476871.750602,0.008352,0.008077,0.008083,0.070207,0.001135,neutron,pi+,solid
56,11.0,0.103473,0.661583,0.323904,1.412991,0.489329,AUT,1504165.533867,0.008434,0.008089,0.008102,0.070207,0.001142,neutron,pi+,solid
57,11.0,0.108019,0.651599,0.323885,1.452811,0.488990,AUT,1505395.109640,0.008605,0.008204,0.008196,0.070207,0.001149,neutron,pi+,solid
58,11.0,0.112920,0.640103,0.323826,1.491930,0.488514,AUT,1536482.434564,0.008685,0.008287,0.008284,0.070207,0.001157,neutron,pi+,solid
59,11.0,0.118115,0.628828,0.323947,1.533063,0.488258,AUT,1506196.341116,0.008949,0.008545,0.008554,0.070207,0.001166,neutron,pi+,solid
60,11.0,0.123671,0.616657,0.323914,1.574059,0.488063,AUT,1522948.809142,0.009149,0.008793,0.008802,0.070207,0.001175,neutron,pi+,solid
61,11.0,0.129827,0.597629,0.323922,1.601308,0.487594,AUT,1570840.641126,0.009402,0.009139,0.009141,0.070207,0.001186,neutron,pi+,solid
62,11.0,0.137317,0.570370,0.323990,1.616326,0.487408,AUT,1715975.714795,0.009249,0.009319,0.009313,0.070207,0.001199,neutron,pi+,solid
63,11.0,0.146823,0.542835,0.324142,1.644642,0.484776,AUT,1763983.556523,0.008927,0.009559,0.009558,0.070207,0.001216,neutron,pi+,solid
64,11.0,0.159286,0.510384,0.324466,1.677214,0.480726,AUT,1904635.612807,0.008068,0.009310,0.009295,0.070207,0.001238,neutron,pi+,solid
65,11.0,0.176462,0.470904,0.324829,1.713787,0.475214,AUT,1864458.177813,0.007855,0.009771,0.009773,0.070207,0.001270,neutron,pi+,solid
66,11.0,0.202218,0.421716,0.325393,1.757019,0.468831,AUT,1889018.606840,0.008147,0.010368,0.010357,0.070207,0.001318,neutron,pi+,solid
67,11.0,0.249998,0.354491,0.326105,1.819469,0.463866,AUT,1591897.592988,0.012344,0.013264,0.013240,0.070207,0.001404,neutron,pi+,solid
68,11.0,0.064953,0.811459,0.325974,1.085715,0.669246,AUT,1364748.595957,0.007873,0.009927,0.009924,0.070207,0.001084,neutron,pi+,solid
69,11.0,0.077453,0.748931,0.326567,1.196431,0.664882,AUT,1418168.867564,0.007793,0.009099,0.009076,0.070207,0.001102,neutron,pi+,solid
70,11.0,0.089804,0.714131,0.326875,1.323165,0.663383,AUT,1347531.880367,0.008034,0.009205,0.009198,0.070207,0.001121,neutron,pi+,solid
71,11.0,0.104317,0.685747,0.326848,1.475780,0.662415,AUT,1351949.765551,0.008215,0.009142,0.009140,0.070207,0.001144,neutron,pi+,solid
72,11.0,0.123081,0.648396,0.327182,1.645376,0.660927,AUT,1304174.582820,0.008787,0.009431,0.009427,0.070207,0.001175,neutron,pi+,solid
73,11.0,0.159145,0.533426,0.327777,1.730972,0.656810,AUT,1185677.984491,0.014051,0.013157,0.013153,0.070207,0.001239,neutron,pi+,solid
74,11.0,0.233912,0.382741,0.330446,1.837834,0.635230,AUT,157176.911358,0.398020,0.223482,0.212261,0.070207,0.001376,neutron,pi+,solid
75,11.0,0.098738,0.602643,0.373000,1.225124,0.153534,AUT,2653242.637563,0.012265,0.009190,0.009120,0.070207,0.001139,neutron,pi+,solid
76,11.0,0.120622,0.571287,0.373436,1.421860,0.136085,AUT,2385209.665385,0.009297,0.007847,0.007833,0.070207,0.001176,neutron,pi+,solid
77,11.0,0.134692,0.548713,0.373760,1.525076,0.126643,AUT,2383403.042670,0.008113,0.007282,0.007309,0.070207,0.001201,neutron,pi+,solid
78,11.0,0.146976,0.525381,0.373789,1.593443,0.117045,AUT,2307239.730083,0.007666,0.007176,0.007185,0.070207,0.001224,neutron,pi+,solid
79,11.0,0.159113,0.500288,0.374116,1.642643,0.108147,AUT,2275762.987230,0.007369,0.007137,0.007128,0.070207,0.001247,neutron,pi+,solid
80,11.0,0.172131,0.475517,0.374304,1.688964,0.098914,AUT,2231601.920602,0.007344,0.007194,0.007188,0.070207,0.001271,neutron,pi+,solid
81,11.0,0.186864,0.448375,0.374435,1.728660,0.089696,AUT,2127086.139767,0.007490,0.007485,0.007464,0.070207,0.001299,neutron,pi+,solid
82,11.0,0.205801,0.414932,0.374544,1.761198,0.080205,AUT,2072350.851573,0.007726,0.007746,0.007726,0.070207,0.001335,neutron,pi+,solid
83,11.0,0.235512,0.370081,0.374418,1.795562,0.085827,AUT,2061609.923523,0.008303,0.008197,0.008186,0.070207,0.001390,neutron,pi+,solid
84,11.0,0.275141,0.326421,0.374276,1.852079,0.114052,AUT,877650.553945,0.020156,0.016630,0.016621,0.070207,0.001462,neutron,pi+,solid
85,11.0,0.069889,0.758883,0.372590,1.091977,0.327385,AUT,1641794.873125,0.034406,0.020842,0.020978,0.070207,0.001095,neutron,pi+,solid
86,11.0,0.079160,0.703374,0.373213,1.148973,0.310310,AUT,1411620.101618,0.026282,0.017091,0.017041,0.070207,0.001109,neutron,pi+,solid
87,11.0,0.084771,0.679157,0.373466,1.188295,0.306584,AUT,1361770.569993,0.023655,0.015801,0.015866,0.070207,0.001118,neutron,pi+,solid
88,11.0,0.089557,0.669125,0.373632,1.236898,0.303952,AUT,1245654.683956,0.024326,0.016374,0.016367,0.070207,0.001125,neutron,pi+,solid
89,11.0,0.094101,0.661721,0.373668,1.285285,0.301035,AUT,1307357.376157,0.023745,0.016034,0.016012,0.070207,0.001132,neutron,pi+,solid
90,11.0,0.098600,0.654552,0.373750,1.332150,0.298962,AUT,1250523.560930,0.023851,0.016207,0.016239,0.070207,0.001139,neutron,pi+,solid
91,11.0,0.102936,0.648392,0.373850,1.377666,0.296505,AUT,1205095.610239,0.023709,0.016268,0.016199,0.070207,0.001146,neutron,pi+,solid
92,11.0,0.107288,0.642912,0.373907,1.423760,0.293637,AUT,1192264.256722,0.023566,0.016190,0.016274,0.070207,0.001154,neutron,pi+,solid
93,11.0,0.111784,0.636712,0.374044,1.469125,0.291306,AUT,1198507.403317,0.023119,0.016001,0.016057,0.070207,0.001161,neutron,pi+,solid
94,11.0,0.116280,0.632176,0.374126,1.517347,0.288929,AUT,1085348.647475,0.023493,0.016493,0.016492,0.070207,0.001169,neutron,pi+,solid
95,11.0,0.120872,0.627364,0.374172,1.565261,0.286640,AUT,1138640.133721,0.022626,0.016014,0.015980,0.070207,0.001177,neutron,pi+,solid
96,11.0,0.125769,0.622052,0.374219,1.614865,0.284989,AUT,1095787.587721,0.022631,0.016185,0.016112,0.070207,0.001186,neutron,pi+,solid
97,11.0,0.130738,0.613203,0.374330,1.654750,0.282723,AUT,977855.831592,0.023403,0.016914,0.016842,0.070207,0.001195,neutron,pi+,solid
98,11.0,0.135968,0.601412,0.374526,1.687837,0.279862,AUT,907862.068153,0.023199,0.017033,0.017024,0.070207,0.001204,neutron,pi+,solid
99,11.0,0.141686,0.589403,0.374620,1.723689,0.276722,AUT,803131.833559,0.023534,0.017611,0.017591,0.070207,0.001215,neutron,pi+,solid
100,11.0,0.148198,0.575120,0.374731,1.759147,0.271587,AUT,717252.277016,0.023244,0.017907,0.017932,0.070207,0.001227,neutron,pi+,solid
101,11.0,0.156096,0.555300,0.374840,1.788895,0.264201,AUT,578372.929376,0.023340,0.018881,0.018915,0.070207,0.001242,neutron,pi+,solid
102,11.0,0.165865,0.529137,0.374654,1.811065,0.262146,AUT,381418.911212,0.024835,0.021829,0.021854,0.070207,0.001261,neutron,pi+,solid
103,11.0,0.178460,0.485712,0.373016,1.787582,0.285504,AUT,199558.698343,0.027421,0.029973,0.029989,0.070207,0.001284,neutron,pi+,solid
104,11.0,0.198550,0.411843,0.367277,1.685498,0.363650,AUT,104780.688106,0.034041,0.074667,0.074534,0.070207,0.001320,neutron,pi+,solid
105,11.0,0.231731,0.360389,0.365337,1.720100,0.381429,AUT,115424.623510,0.041414,0.084358,0.084249,0.070207,0.001381,neutron,pi+,solid
106,11.0,0.275806,0.319823,0.369757,1.819537,0.340951,AUT,69479.277084,0.075220,0.078023,0.078261,0.070207,0.001462,neutron,pi+,solid
107,11.0,0.062975,0.817226,0.372729,1.060890,0.509080,AUT,1301787.798432,0.008197,0.009788,0.009839,0.070207,0.001084,neutron,pi+,solid
108,11.0,0.070392,0.765373,0.373056,1.111744,0.503591,AUT,1340525.479669,0.008070,0.009067,0.009092,0.070207,0.001096,neutron,pi+,solid
109,11.0,0.075588,0.737164,0.373232,1.149998,0.499431,AUT,1295005.091909,0.008163,0.008918,0.008937,0.070207,0.001103,neutron,pi+,solid
110,11.0,0.080118,0.716718,0.373463,1.185156,0.497549,AUT,1286625.571656,0.008180,0.008687,0.008678,0.070207,0.001110,neutron,pi+,solid
111,11.0,0.084390,0.701114,0.373494,1.221235,0.496809,AUT,1254482.728790,0.008290,0.008643,0.008648,0.070207,0.001117,neutron,pi+,solid
112,11.0,0.088777,0.691410,0.373463,1.266948,0.496848,AUT,1319566.897126,0.008135,0.008361,0.008351,0.070207,0.001124,neutron,pi+,solid
113,11.0,0.093432,0.682088,0.373473,1.315417,0.497018,AUT,1287134.407686,0.008298,0.008434,0.008419,0.070207,0.001131,neutron,pi+,solid
114,11.0,0.098326,0.671406,0.373478,1.362618,0.497659,AUT,1322995.146237,0.008293,0.008309,0.008321,0.070207,0.001139,neutron,pi+,solid
115,11.0,0.103465,0.660160,0.373381,1.409832,0.498002,AUT,1273097.537601,0.008550,0.008522,0.008512,0.070207,0.001147,neutron,pi+,solid
116,11.0,0.108868,0.648664,0.373308,1.457585,0.497967,AUT,1271391.504203,0.008712,0.008619,0.008611,0.070207,0.001156,neutron,pi+,solid
117,11.0,0.114765,0.634473,0.373359,1.502920,0.498776,AUT,1303544.554471,0.008790,0.008695,0.008672,0.070207,0.001166,neutron,pi+,solid
118,11.0,0.121205,0.620757,0.373273,1.552894,0.498959,AUT,1296508.318048,0.009014,0.008963,0.008984,0.070207,0.001178,neutron,pi+,solid
119,11.0,0.128489,0.598950,0.373343,1.588168,0.499766,AUT,1385740.814198,0.009113,0.009215,0.009217,0.070207,0.001190,neutron,pi+,solid
120,11.0,0.137596,0.562533,0.373098,1.597037,0.502270,AUT,1466990.739222,0.010040,0.010693,0.010710,0.070207,0.001207,neutron,pi+,solid
121,11.0,0.149688,0.523854,0.372954,1.617744,0.503920,AUT,1556203.077681,0.011130,0.013338,0.013323,0.070207,0.001229,neutron,pi+,solid
122,11.0,0.167277,0.482346,0.373150,1.663739,0.499962,AUT,1878249.422672,0.009059,0.012893,0.012885,0.070207,0.001262,neutron,pi+,solid
123,11.0,0.196919,0.425850,0.373672,1.726321,0.492426,AUT,2188317.425472,0.007470,0.012876,0.012884,0.070207,0.001318,neutron,pi+,solid
124,11.0,0.249454,0.353138,0.374155,1.808160,0.480240,AUT,1687454.197542,0.011279,0.017498,0.017468,0.070207,0.001415,neutron,pi+,solid
125,11.0,0.064606,0.811403,0.374604,1.080086,0.680578,AUT,1315080.519660,0.007962,0.009730,0.009713,0.070207,0.001087,neutron,pi+,solid
126,11.0,0.075626,0.749415,0.374957,1.169074,0.677802,AUT,1389577.505694,0.008125,0.008893,0.008913,0.070207,0.001104,neutron,pi+,solid
127,11.0,0.085621,0.708934,0.375222,1.252495,0.675097,AUT,1406771.543631,0.008258,0.008588,0.008582,0.070207,0.001119,neutron,pi+,solid
128,11.0,0.096710,0.682546,0.375297,1.362022,0.674736,AUT,1441447.031621,0.008284,0.008380,0.008362,0.070207,0.001136,neutron,pi+,solid
129,11.0,0.110177,0.656212,0.375368,1.491690,0.674198,AUT,1447237.872677,0.008348,0.008313,0.008323,0.070207,0.001159,neutron,pi+,solid
130,11.0,0.127426,0.620600,0.375617,1.630510,0.672362,AUT,1470009.006315,0.008322,0.008241,0.008254,0.070207,0.001189,neutron,pi+,solid
131,11.0,0.154705,0.538084,0.376301,1.710501,0.667764,AUT,1327461.101823,0.009183,0.009086,0.009057,0.070207,0.001239,neutron,pi+,solid
132,11.0,0.210793,0.413493,0.376302,1.779217,0.665730,AUT,632478.350358,0.026186,0.020392,0.020798,0.070207,0.001343,neutron,pi+,solid
133,11.0,0.097740,0.717550,0.378728,1.396615,0.858613,AUT,1183361.824972,0.009450,0.012222,0.012144,0.070207,0.001139,neutron,pi+,solid
134,11.0,0.107498,0.580871,0.423252,1.284994,0.147987,AUT,2778223.823226,0.009537,0.007707,0.007699,0.070207,0.001158,neutron,pi+,solid
135,11.0,0.134244,0.543986,0.423612,1.506370,0.127359,AUT,2653028.172337,0.007281,0.006707,0.006725,0.070207,0.001206,neutron,pi+,solid
136,11.0,0.152292,0.510735,0.423946,1.604538,0.115724,AUT,2523884.237098,0.006988,0.006723,0.006743,0.070207,0.001240,neutron,pi+,solid
137,11.0,0.169644,0.477466,0.424184,1.670957,0.105536,AUT,2451911.228015,0.006960,0.006853,0.006839,0.070207,0.001274,neutron,pi+,solid
138,11.0,0.189166,0.442778,0.424245,1.727529,0.096302,AUT,2413645.469473,0.007099,0.007069,0.007075,0.070207,0.001312,neutron,pi+,solid
139,11.0,0.216703,0.397266,0.424347,1.773655,0.090967,AUT,2318911.505642,0.007498,0.007470,0.007471,0.070207,0.001365,neutron,pi+,solid
140,11.0,0.259753,0.342061,0.424090,1.828580,0.113120,AUT,1467853.272010,0.011993,0.010939,0.010977,0.070207,0.001445,neutron,pi+,solid
141,11.0,0.074641,0.721442,0.422591,1.108320,0.325924,AUT,1715978.496694,0.033932,0.020721,0.020852,0.070207,0.001105,neutron,pi+,solid
142,11.0,0.085849,0.670638,0.423403,1.188154,0.309475,AUT,1533238.185470,0.029314,0.018686,0.018693,0.070207,0.001123,neutron,pi+,solid
143,11.0,0.093546,0.654662,0.423620,1.263954,0.305641,AUT,1468536.867514,0.028009,0.018199,0.018181,0.070207,0.001135,neutron,pi+,solid
144,11.0,0.100407,0.643488,0.423771,1.333582,0.302242,AUT,1398818.129435,0.027307,0.017957,0.017997,0.070207,0.001146,neutron,pi+,solid
145,11.0,0.106992,0.634217,0.423882,1.400578,0.298500,AUT,1397846.536534,0.026269,0.017480,0.017512,0.070207,0.001158,neutron,pi+,solid
146,11.0,0.113521,0.625711,0.424073,1.466154,0.294747,AUT,1328568.848317,0.026117,0.017592,0.017571,0.070207,0.001169,neutron,pi+,solid
147,11.0,0.120013,0.618940,0.424157,1.533234,0.290766,AUT,1265631.156075,0.025252,0.017339,0.017291,0.070207,0.001181,neutron,pi+,solid
148,11.0,0.126546,0.611132,0.424265,1.596262,0.287394,AUT,1193895.816797,0.024843,0.017261,0.017265,0.070207,0.001193,neutron,pi+,solid
149,11.0,0.133286,0.597944,0.424386,1.644921,0.283335,AUT,1107432.765437,0.024425,0.017301,0.017315,0.070207,0.001205,neutron,pi+,solid
150,11.0,0.140599,0.582591,0.424663,1.690618,0.278340,AUT,974388.554679,0.024373,0.017668,0.017731,0.070207,0.001219,neutron,pi+,solid
151,11.0,0.148879,0.567291,0.424897,1.743108,0.272535,AUT,849933.442479,0.024395,0.018176,0.018152,0.070207,0.001235,neutron,pi+,solid
152,11.0,0.158821,0.547832,0.425275,1.795590,0.260653,AUT,648064.566681,0.024549,0.019299,0.019258,0.070207,0.001255,neutron,pi+,solid
153,11.0,0.171628,0.522693,0.425842,1.850945,0.243493,AUT,369787.075794,0.026759,0.022909,0.022959,0.070207,0.001280,neutron,pi+,solid
154,11.0,0.188299,0.485958,0.426724,1.886845,0.232995,AUT,85458.675512,0.039986,0.042342,0.042150,0.070207,0.001312,neutron,pi+,solid
155,11.0,0.242595,0.351772,0.429739,1.756446,0.235056,AUT,30132.729353,0.131598,0.101287,0.100617,0.070207,0.001414,neutron,pi+,solid
156,11.0,0.280242,0.321008,0.428563,1.855684,0.220380,AUT,79499.520325,0.286880,0.166957,0.167510,0.070207,0.001484,neutron,pi+,solid
157,11.0,0.065525,0.797850,0.422848,1.076904,0.506739,AUT,1258609.067445,0.010017,0.010591,0.010604,0.070207,0.001091,neutron,pi+,solid
158,11.0,0.074637,0.737928,0.423207,1.136446,0.505347,AUT,1227898.195577,0.009559,0.009939,0.009924,0.070207,0.001105,neutron,pi+,solid
159,11.0,0.081038,0.707182,0.423453,1.182692,0.501665,AUT,1217651.744121,0.009322,0.009509,0.009522,0.070207,0.001115,neutron,pi+,solid
160,11.0,0.086915,0.689508,0.423622,1.236964,0.500197,AUT,1212433.663610,0.009147,0.009247,0.009233,0.070207,0.001124,neutron,pi+,solid
161,11.0,0.092820,0.679837,0.423564,1.302447,0.499593,AUT,1145847.858912,0.009361,0.009384,0.009379,0.070207,0.001134,neutron,pi+,solid
162,11.0,0.098810,0.669623,0.423480,1.365668,0.500387,AUT,1100450.267653,0.009488,0.009462,0.009435,0.070207,0.001144,neutron,pi+,solid
163,11.0,0.105293,0.659025,0.423419,1.432213,0.501554,AUT,1122600.964052,0.009364,0.009285,0.009272,0.070207,0.001155,neutron,pi+,solid
164,11.0,0.112428,0.645815,0.423309,1.498574,0.502863,AUT,1087885.893526,0.009486,0.009409,0.009419,0.070207,0.001167,neutron,pi+,solid
165,11.0,0.120177,0.630581,0.423333,1.564024,0.504154,AUT,1067768.012150,0.009597,0.009552,0.009580,0.070207,0.001181,neutron,pi+,solid
166,11.0,0.128648,0.606821,0.423201,1.610922,0.506648,AUT,1015442.062123,0.009893,0.009991,0.010009,0.070207,0.001197,neutron,pi+,solid
167,11.0,0.139014,0.561909,0.422823,1.611283,0.512437,AUT,1008673.664409,0.010351,0.011233,0.011212,0.070207,0.001216,neutron,pi+,solid
168,11.0,0.154553,0.504975,0.422275,1.609149,0.523338,AUT,1135155.629064,0.011917,0.015902,0.015880,0.070207,0.001244,neutron,pi+,solid
169,11.0,0.181647,0.447263,0.422204,1.672910,0.523838,AUT,1506948.856278,0.009435,0.016444,0.016445,0.070207,0.001297,neutron,pi+,solid
170,11.0,0.237724,0.365723,0.422851,1.779165,0.517633,AUT,1683108.905235,0.010230,0.018275,0.018288,0.070207,0.001403,neutron,pi+,solid
171,11.0,0.065792,0.801729,0.424155,1.086318,0.687565,AUT,1368497.024497,0.007819,0.009069,0.009092,0.070207,0.001091,neutron,pi+,solid
172,11.0,0.077617,0.737837,0.424440,1.181240,0.685682,AUT,1352935.818485,0.008274,0.008643,0.008664,0.070207,0.001110,neutron,pi+,solid
173,11.0,0.088337,0.697216,0.424513,1.270785,0.684050,AUT,1440061.467605,0.008487,0.008305,0.008313,0.070207,0.001127,neutron,pi+,solid
174,11.0,0.100651,0.666680,0.424613,1.384403,0.682800,AUT,1484203.838055,0.008892,0.008367,0.008363,0.070207,0.001147,neutron,pi+,solid
175,11.0,0.115896,0.632974,0.424754,1.513231,0.681970,AUT,1546046.372590,0.009263,0.008638,0.008630,0.070207,0.001174,neutron,pi+,solid
176,11.0,0.136955,0.579075,0.424956,1.633421,0.679162,AUT,1685461.621325,0.008894,0.008764,0.008779,0.070207,0.001212,neutron,pi+,solid
177,11.0,0.178154,0.475962,0.425856,1.733751,0.669858,AUT,1563080.725712,0.008608,0.009470,0.009460,0.070207,0.001290,neutron,pi+,solid
178,11.0,0.244024,0.366923,0.426288,1.844169,0.655432,AUT,181017.841143,0.040488,0.037611,0.037704,0.070207,0.001417,neutron,pi+,solid
179,11.0,0.082489,0.743748,0.426558,1.252763,0.867571,AUT,1395990.228664,0.007912,0.009230,0.009266,0.070207,0.001117,neutron,pi+,solid
180,11.0,0.139165,0.596282,0.427046,1.673573,0.861988,AUT,753630.751388,0.013232,0.014340,0.014231,0.070207,0.001216,neutron,pi+,solid
181,11.0,0.116967,0.561581,0.473301,1.350688,0.141578,AUT,2867181.515498,0.007718,0.006761,0.006780,0.070207,0.001179,neutron,pi+,solid
182,11.0,0.148644,0.514786,0.473826,1.577547,0.119592,AUT,2716605.537461,0.006682,0.006458,0.006461,0.070207,0.001239,neutron,pi+,solid
183,11.0,0.172884,0.469264,0.474126,1.672797,0.108198,AUT,2658394.561517,0.006702,0.006638,0.006614,0.070207,0.001287,neutron,pi+,solid
184,11.0,0.202003,0.420243,0.474264,1.748655,0.100202,AUT,2673065.536905,0.006892,0.006882,0.006879,0.070207,0.001345,neutron,pi+,solid
185,11.0,0.248595,0.355503,0.474016,1.815498,0.112996,AUT,1792199.168617,0.009655,0.009314,0.009297,0.070207,0.001434,neutron,pi+,solid
186,11.0,0.079957,0.686145,0.472922,1.128905,0.322742,AUT,1838507.539078,0.027328,0.017361,0.017364,0.070207,0.001116,neutron,pi+,solid
187,11.0,0.094236,0.646470,0.473532,1.257148,0.308651,AUT,1630008.564604,0.024839,0.016374,0.016455,0.070207,0.001140,neutron,pi+,solid
188,11.0,0.104687,0.629726,0.473707,1.360563,0.304484,AUT,1570691.594575,0.023573,0.015859,0.015933,0.070207,0.001158,neutron,pi+,solid
189,11.0,0.114282,0.615684,0.473934,1.452205,0.299395,AUT,1495000.438464,0.022610,0.015583,0.015580,0.070207,0.001175,neutron,pi+,solid
190,11.0,0.123486,0.604750,0.474023,1.541346,0.293869,AUT,1402571.191676,0.021754,0.015392,0.015300,0.070207,0.001192,neutron,pi+,solid
191,11.0,0.132701,0.589549,0.474311,1.614561,0.287891,AUT,1297001.857529,0.020935,0.015209,0.015171,0.070207,0.001210,neutron,pi+,solid
192,11.0,0.142675,0.569152,0.474394,1.675848,0.281725,AUT,1141128.225628,0.020476,0.015307,0.015361,0.070207,0.001229,neutron,pi+,solid
193,11.0,0.154280,0.547990,0.474770,1.744626,0.273082,AUT,942644.412605,0.019945,0.015681,0.015675,0.070207,0.001252,neutron,pi+,solid
194,11.0,0.169014,0.521611,0.475231,1.818767,0.255043,AUT,595204.710700,0.020871,0.017776,0.017772,0.070207,0.001282,neutron,pi+,solid
195,11.0,0.188708,0.483313,0.476615,1.879924,0.229602,AUT,156253.468309,0.029431,0.029759,0.029673,0.070207,0.001321,neutron,pi+,solid
196,11.0,0.263578,0.335436,0.477153,1.817165,0.224421,AUT,227882.281278,0.080551,0.053313,0.053064,0.070207,0.001463,neutron,pi+,solid
197,11.0,0.308479,0.311736,0.476849,1.985006,0.237828,AUT,1757.886682,1.367515,0.904647,0.835018,0.070207,0.001549,neutron,pi+,solid
198,11.0,0.068668,0.775391,0.473274,1.095863,0.503433,AUT,1255685.337006,0.015281,0.012370,0.012457,0.070207,0.001098,neutron,pi+,solid
199,11.0,0.079846,0.708726,0.473617,1.167506,0.500120,AUT,1170115.445963,0.012885,0.011300,0.011346,0.070207,0.001116,neutron,pi+,solid
200,11.0,0.087826,0.682951,0.473784,1.237971,0.497160,AUT,1116502.336575,0.012371,0.011058,0.011004,0.070207,0.001129,neutron,pi+,solid
201,11.0,0.095731,0.670798,0.473790,1.325382,0.495251,AUT,1115812.496129,0.012088,0.010822,0.010848,0.070207,0.001142,neutron,pi+,solid
202,11.0,0.103904,0.660954,0.473870,1.417478,0.495791,AUT,980780.965038,0.012459,0.011272,0.011278,0.070207,0.001156,neutron,pi+,solid
203,11.0,0.112463,0.650650,0.473722,1.510283,0.496956,AUT,930015.384606,0.012501,0.011401,0.011369,0.070207,0.001172,neutron,pi+,solid
204,11.0,0.122075,0.637930,0.473722,1.607146,0.498947,AUT,891796.075592,0.012497,0.011501,0.011494,0.070207,0.001190,neutron,pi+,solid
205,11.0,0.133095,0.606841,0.473407,1.666171,0.502708,AUT,788052.239949,0.012557,0.011976,0.012004,0.070207,0.001211,neutron,pi+,solid
206,11.0,0.148171,0.538560,0.472520,1.644146,0.518062,AUT,675336.662819,0.012519,0.013943,0.013929,0.070207,0.001239,neutron,pi+,solid
207,11.0,0.177180,0.449481,0.471049,1.638996,0.544951,AUT,757139.378051,0.013173,0.023595,0.023652,0.070207,0.001295,neutron,pi+,solid
208,11.0,0.232980,0.367805,0.470622,1.755492,0.544798,AUT,815586.694978,0.014701,0.026084,0.026084,0.070207,0.001403,neutron,pi+,solid
209,11.0,0.067666,0.787386,0.473825,1.096576,0.693186,AUT,1346853.354477,0.007872,0.009023,0.008962,0.070207,0.001096,neutron,pi+,solid
210,11.0,0.081204,0.719180,0.474185,1.204467,0.688696,AUT,1377238.775745,0.008105,0.008342,0.008317,0.070207,0.001118,neutron,pi+,solid
211,11.0,0.093996,0.681668,0.474184,1.321820,0.688700,AUT,1425853.019982,0.008485,0.008247,0.008224,0.070207,0.001139,neutron,pi+,solid
212,11.0,0.109459,0.643706,0.474267,1.453156,0.687636,AUT,1513929.858159,0.009017,0.008547,0.008523,0.070207,0.001166,neutron,pi+,solid
213,11.0,0.130645,0.586897,0.474171,1.579043,0.687396,AUT,1652392.508250,0.010091,0.010011,0.010026,0.070207,0.001205,neutron,pi+,solid
214,11.0,0.174564,0.477373,0.474938,1.701005,0.678227,AUT,2113654.578866,0.007898,0.010476,0.010462,0.070207,0.001290,neutron,pi+,solid
215,11.0,0.240541,0.370815,0.475237,1.837954,0.650791,AUT,271522.720507,0.026783,0.044716,0.044768,0.070207,0.001420,neutron,pi+,solid
216,11.0,0.078069,0.747005,0.475534,1.193323,0.875940,AUT,1422076.533413,0.007997,0.008873,0.008856,0.070207,0.001113,neutron,pi+,solid
217,11.0,0.125636,0.620064,0.475952,1.584135,0.871572,AUT,1379496.868637,0.008482,0.008661,0.008658,0.070207,0.001196,neutron,pi+,solid
218,11.0,0.196931,0.446628,0.475175,1.811822,0.857812,AUT,78163.265189,0.076897,0.058266,0.059882,0.070207,0.001336,neutron,pi+,solid
219,11.0,0.096240,0.717896,0.478384,1.381956,1.068170,AUT,384961.673251,0.016383,0.020193,0.020472,0.070207,0.001144,neutron,pi+,solid
220,11.0,0.126941,0.542817,0.523574,1.415200,0.135273,AUT,3071567.178577,0.006622,0.006176,0.006181,0.070207,0.001203,neutron,pi+,solid
221,11.0,0.166284,0.479343,0.524028,1.641932,0.114082,AUT,2855119.529007,0.006426,0.006356,0.006363,0.070207,0.001281,neutron,pi+,solid
222,11.0,0.204810,0.415469,0.524129,1.749835,0.107288,AUT,2907742.631229,0.006677,0.006648,0.006656,0.070207,0.001359,neutron,pi+,solid
223,11.0,0.257547,0.345069,0.523880,1.828690,0.122661,AUT,950681.142788,0.014240,0.013352,0.013390,0.070207,0.001463,neutron,pi+,solid
224,11.0,0.085433,0.659883,0.523236,1.160218,0.319621,AUT,1896402.477962,0.023462,0.015378,0.015422,0.070207,0.001128,neutron,pi+,solid
225,11.0,0.103862,0.625135,0.523649,1.339610,0.307363,AUT,1749278.991456,0.020292,0.014011,0.014035,0.070207,0.001160,neutron,pi+,solid
226,11.0,0.117968,0.604501,0.523872,1.471616,0.301382,AUT,1623425.143077,0.019031,0.013577,0.013643,0.070207,0.001186,neutron,pi+,solid
227,11.0,0.130976,0.584936,0.524086,1.580816,0.293539,AUT,1511996.262298,0.017895,0.013284,0.013317,0.070207,0.001212,neutron,pi+,solid
228,11.0,0.144629,0.557533,0.524397,1.663789,0.285401,AUT,1291887.937798,0.017159,0.013326,0.013376,0.070207,0.001239,neutron,pi+,solid
229,11.0,0.160918,0.528423,0.524737,1.754216,0.272571,AUT,970703.821011,0.016736,0.014018,0.013981,0.070207,0.001272,neutron,pi+,solid
230,11.0,0.182571,0.489127,0.525751,1.840213,0.244748,AUT,407733.220234,0.019217,0.018581,0.018551,0.070207,0.001317,neutron,pi+,solid
231,11.0,0.256266,0.345057,0.526046,1.812203,0.231815,AUT,362983.681457,0.037162,0.029040,0.028690,0.070207,0.001460,neutron,pi+,solid
232,11.0,0.071965,0.753964,0.523413,1.115750,0.501893,AUT,1292639.484517,0.025271,0.016598,0.016799,0.070207,0.001106,neutron,pi+,solid
233,11.0,0.085544,0.686622,0.523946,1.211925,0.496122,AUT,1154027.780816,0.018761,0.013916,0.013861,0.070207,0.001128,neutron,pi+,solid
234,11.0,0.095929,0.666796,0.524006,1.320085,0.492121,AUT,1089100.508901,0.018050,0.013692,0.013731,0.070207,0.001146,neutron,pi+,solid
235,11.0,0.106430,0.655545,0.524141,1.439989,0.489577,AUT,979305.425750,0.018213,0.014065,0.014049,0.070207,0.001165,neutron,pi+,solid
236,11.0,0.117773,0.647230,0.524140,1.573306,0.489699,AUT,880145.877539,0.018404,0.014458,0.014485,0.070207,0.001187,neutron,pi+,solid
237,11.0,0.130537,0.629818,0.524116,1.696216,0.489821,AUT,747713.257889,0.018611,0.015118,0.015143,0.070207,0.001212,neutron,pi+,solid
238,11.0,0.147078,0.573106,0.523814,1.736382,0.494665,AUT,495974.080867,0.018279,0.016757,0.016820,0.070207,0.001245,neutron,pi+,solid
239,11.0,0.185038,0.433643,0.520068,1.645906,0.556399,AUT,330390.593514,0.019117,0.036151,0.036176,0.070207,0.001318,neutron,pi+,solid
240,11.0,0.238180,0.358992,0.517869,1.761170,0.562239,AUT,144791.729025,0.039496,0.070997,0.070918,0.070207,0.001423,neutron,pi+,solid
241,11.0,0.070448,0.767820,0.523696,1.112173,0.699568,AUT,1322704.656594,0.008127,0.009166,0.009160,0.070207,0.001103,neutron,pi+,solid
242,11.0,0.086199,0.698271,0.523938,1.241548,0.694123,AUT,1268864.187226,0.008339,0.008577,0.008583,0.070207,0.001130,neutron,pi+,solid
243,11.0,0.101847,0.662309,0.523943,1.391220,0.694648,AUT,1298012.651499,0.008597,0.008534,0.008517,0.070207,0.001157,neutron,pi+,solid
244,11.0,0.122388,0.610676,0.523846,1.539628,0.695168,AUT,1407791.042672,0.009066,0.009094,0.009077,0.070207,0.001195,neutron,pi+,solid
245,11.0,0.165426,0.489048,0.523797,1.651940,0.693361,AUT,2012699.530967,0.008963,0.012337,0.012322,0.070207,0.001279,neutron,pi+,solid
246,11.0,0.225539,0.389454,0.522523,1.809578,0.668879,AUT,390527.770415,0.019409,0.037061,0.037094,0.070207,0.001401,neutron,pi+,solid
247,11.0,0.076984,0.746457,0.524962,1.176546,0.883302,AUT,1346692.300230,0.008310,0.008835,0.008839,0.070207,0.001114,neutron,pi+,solid
248,11.0,0.118797,0.624750,0.525297,1.518286,0.878944,AUT,1534973.739523,0.008832,0.008446,0.008440,0.070207,0.001189,neutron,pi+,solid
249,11.0,0.175047,0.491847,0.526015,1.768232,0.863071,AUT,308898.410209,0.019504,0.020784,0.020791,0.070207,0.001300,neutron,pi+,solid
250,11.0,0.096115,0.711783,0.526901,1.375007,1.084651,AUT,685258.092066,0.011493,0.013598,0.013523,0.070207,0.001147,neutron,pi+,solid
251,11.0,0.137125,0.524172,0.573742,1.473697,0.129658,AUT,3114916.380845,0.006279,0.006024,0.006025,0.070207,0.001229,neutron,pi+,solid
252,11.0,0.188350,0.440756,0.573909,1.706442,0.113612,AUT,3059696.099072,0.006399,0.006402,0.006378,0.070207,0.001336,neutron,pi+,solid
253,11.0,0.243310,0.362432,0.573893,1.810811,0.118780,AUT,1253002.936820,0.011188,0.010999,0.010972,0.070207,0.001447,neutron,pi+,solid
254,11.0,0.091530,0.639765,0.573420,1.205036,0.317747,AUT,1993053.889177,0.019726,0.013468,0.013403,0.070207,0.001142,neutron,pi+,solid
255,11.0,0.115257,0.602859,0.573749,1.433359,0.305325,AUT,1810798.524419,0.016849,0.012279,0.012252,0.070207,0.001187,neutron,pi+,solid
256,11.0,0.133655,0.573179,0.574111,1.580229,0.295813,AUT,1588494.153675,0.015831,0.012106,0.012146,0.070207,0.001224,neutron,pi+,solid
257,11.0,0.152637,0.536029,0.574430,1.687480,0.283834,AUT,1306490.303317,0.014639,0.012051,0.012099,0.070207,0.001263,neutron,pi+,solid
258,11.0,0.177219,0.493342,0.575147,1.800903,0.259306,AUT,716153.486298,0.014998,0.014126,0.014105,0.070207,0.001315,neutron,pi+,solid
259,11.0,0.248480,0.355255,0.575237,1.805840,0.237867,AUT,468414.816414,0.025928,0.021909,0.021854,0.070207,0.001457,neutron,pi+,solid
260,11.0,0.076135,0.727036,0.573695,1.137406,0.503533,AUT,1382534.523109,0.032445,0.020214,0.020356,0.070207,0.001116,neutron,pi+,solid
261,11.0,0.092793,0.668690,0.573960,1.280235,0.494192,AUT,1186347.622343,0.027064,0.017974,0.017887,0.070207,0.001145,neutron,pi+,solid
262,11.0,0.106504,0.649433,0.574295,1.427395,0.488313,AUT,1076618.910410,0.026807,0.018148,0.018143,0.070207,0.001171,neutron,pi+,solid
263,11.0,0.121293,0.639953,0.574430,1.602071,0.485285,AUT,920034.603455,0.026882,0.018768,0.018762,0.070207,0.001200,neutron,pi+,solid
264,11.0,0.138516,0.614509,0.574681,1.755404,0.481277,AUT,654390.065605,0.028079,0.020590,0.020546,0.070207,0.001236,neutron,pi+,solid
265,11.0,0.163202,0.530845,0.573375,1.774542,0.493241,AUT,197997.624303,0.032179,0.030337,0.030128,0.070207,0.001285,neutron,pi+,solid
266,11.0,0.218302,0.378234,0.565554,1.701547,0.573930,AUT,31657.312776,0.085110,0.190324,0.189085,0.070207,0.001394,neutron,pi+,solid
267,11.0,0.072805,0.751055,0.573567,1.123149,0.701500,AUT,1179853.201750,0.009526,0.010220,0.010194,0.070207,0.001110,neutron,pi+,solid
268,11.0,0.091263,0.682044,0.573801,1.283873,0.697696,AUT,1165285.538456,0.009041,0.009153,0.009157,0.070207,0.001142,neutron,pi+,solid
269,11.0,0.111392,0.642843,0.573660,1.476072,0.699843,AUT,1149791.648196,0.009167,0.009170,0.009175,0.070207,0.001180,neutron,pi+,solid
270,11.0,0.144153,0.539725,0.573180,1.592704,0.707281,AUT,1290146.921254,0.009815,0.011308,0.011311,0.070207,0.001244,neutron,pi+,solid
271,11.0,0.194690,0.431443,0.571626,1.727148,0.698809,AUT,650803.319005,0.014086,0.025803,0.025816,0.070207,0.001348,neutron,pi+,solid
272,11.0,0.078742,0.738885,0.574649,1.190590,0.886349,AUT,1390354.952155,0.008243,0.008459,0.008441,0.070207,0.001120,neutron,pi+,solid
273,11.0,0.127754,0.597809,0.574809,1.552158,0.881031,AUT,1684384.485655,0.009568,0.009215,0.009218,0.070207,0.001212,neutron,pi+,solid
274,11.0,0.192010,0.468195,0.573085,1.853430,0.851749,AUT,90132.386097,0.041264,0.067198,0.067312,0.070207,0.001346,neutron,pi+,solid
275,11.0,0.095929,0.708576,0.576084,1.369101,1.096416,AUT,1008344.467087,0.009657,0.010302,0.010342,0.070207,0.001151,neutron,pi+,solid
276,11.0,0.148994,0.502961,0.623798,1.531548,0.126654,AUT,3307764.817208,0.006008,0.005884,0.005878,0.070207,0.001262,neutron,pi+,solid
277,11.0,0.214892,0.401340,0.623704,1.764487,0.116248,AUT,2297814.281541,0.007787,0.007729,0.007738,0.070207,0.001402,neutron,pi+,solid
278,11.0,0.098665,0.620893,0.623652,1.260078,0.315341,AUT,2085800.211113,0.016596,0.011800,0.011809,0.070207,0.001161,neutron,pi+,solid
279,11.0,0.128722,0.577025,0.623919,1.531351,0.301213,AUT,1818829.569241,0.014032,0.010924,0.010928,0.070207,0.001221,neutron,pi+,solid
280,11.0,0.154475,0.527697,0.624279,1.680073,0.285890,AUT,1426974.934288,0.012808,0.010931,0.010924,0.070207,0.001276,neutron,pi+,solid
281,11.0,0.193451,0.451668,0.625249,1.787230,0.249755,AUT,716881.492434,0.014277,0.013844,0.013852,0.070207,0.001359,neutron,pi+,solid
282,11.0,0.254999,0.348758,0.622025,1.833289,0.245601,AUT,198217.853456,0.045414,0.036751,0.036300,0.070207,0.001486,neutron,pi+,solid
283,11.0,0.080698,0.703525,0.623621,1.166245,0.504144,AUT,1455854.574462,0.035668,0.022068,0.022032,0.070207,0.001128,neutron,pi+,solid
284,11.0,0.101667,0.649554,0.624199,1.362345,0.493112,AUT,1225888.433189,0.032412,0.020883,0.020924,0.070207,0.001167,neutron,pi+,solid
285,11.0,0.120328,0.630853,0.624470,1.566534,0.485789,AUT,1045473.357290,0.031534,0.021072,0.021005,0.070207,0.001205,neutron,pi+,solid
286,11.0,0.141773,0.603112,0.624807,1.762811,0.477656,AUT,671670.845304,0.034383,0.024117,0.024064,0.070207,0.001251,neutron,pi+,solid
287,11.0,0.167063,0.545482,0.625189,1.874709,0.457419,AUT,74479.059014,0.068991,0.057944,0.057628,0.070207,0.001306,neutron,pi+,solid
288,11.0,0.075988,0.733883,0.623871,1.143914,0.698701,AUT,1128958.100556,0.012077,0.011285,0.011299,0.070207,0.001119,neutron,pi+,solid
289,11.0,0.098419,0.668703,0.623889,1.357260,0.697340,AUT,1021262.887559,0.010909,0.010465,0.010471,0.070207,0.001161,neutron,pi+,solid
290,11.0,0.124997,0.615059,0.623535,1.581163,0.702978,AUT,902389.791467,0.011006,0.010848,0.010870,0.070207,0.001215,neutron,pi+,solid
291,11.0,0.168493,0.476814,0.620535,1.648414,0.718748,AUT,528712.920586,0.016428,0.025710,0.025717,0.070207,0.001303,neutron,pi+,solid
292,11.0,0.081363,0.727646,0.624289,1.210892,0.889484,AUT,1398574.555058,0.008067,0.008283,0.008294,0.070207,0.001129,neutron,pi+,solid
293,11.0,0.130974,0.591263,0.623889,1.576526,0.883410,AUT,1378963.759892,0.010797,0.010852,0.010827,0.070207,0.001226,neutron,pi+,solid
294,11.0,0.094512,0.709250,0.625163,1.354650,1.111529,AUT,1147692.496398,0.009472,0.009564,0.009535,0.070207,0.001154,neutron,pi+,solid
295,11.0,0.162570,0.479937,0.673792,1.586374,0.124729,AUT,3372315.376023,0.006026,0.005955,0.005947,0.070207,0.001301,neutron,pi+,solid
296,11.0,0.228037,0.385551,0.671929,1.811195,0.114331,AUT,671278.780430,0.014731,0.014717,0.014672,0.070207,0.001446,neutron,pi+,solid
297,11.0,0.106807,0.603067,0.673602,1.323740,0.312687,AUT,2169224.692820,0.014147,0.010514,0.010532,0.070207,0.001183,neutron,pi+,solid
298,11.0,0.145427,0.540454,0.674028,1.617982,0.293523,AUT,1734750.535316,0.011659,0.009915,0.009883,0.070207,0.001266,neutron,pi+,solid
299,11.0,0.191599,0.454157,0.674111,1.777017,0.258112,AUT,940043.206999,0.012541,0.012137,0.012158,0.070207,0.001367,neutron,pi+,solid
300,11.0,0.086436,0.679823,0.673663,1.206655,0.503776,AUT,1531035.514330,0.032399,0.020414,0.020389,0.070207,0.001144,neutron,pi+,solid
301,11.0,0.113643,0.628623,0.674158,1.473455,0.491427,AUT,1255172.917791,0.030071,0.019918,0.019859,0.070207,0.001199,neutron,pi+,solid
302,11.0,0.140020,0.597017,0.674589,1.722786,0.480948,AUT,816495.148089,0.031597,0.022200,0.022093,0.070207,0.001257,neutron,pi+,solid
303,11.0,0.168092,0.548450,0.675985,1.901366,0.449753,AUT,70120.875070,0.073302,0.059826,0.060554,0.070207,0.001321,neutron,pi+,solid
304,11.0,0.079623,0.719020,0.673960,1.173080,0.696472,AUT,1111270.844896,0.016079,0.012978,0.012930,0.070207,0.001131,neutron,pi+,solid
305,11.0,0.107771,0.658646,0.674018,1.463617,0.693961,AUT,904867.362458,0.014440,0.012543,0.012597,0.070207,0.001187,neutron,pi+,solid
306,11.0,0.141591,0.581499,0.672163,1.684345,0.705333,AUT,447952.027265,0.016776,0.016805,0.016640,0.070207,0.001259,neutron,pi+,solid
307,11.0,0.084479,0.713530,0.673986,1.231840,0.894323,AUT,1314206.692420,0.008272,0.008558,0.008568,0.070207,0.001140,neutron,pi+,solid
308,11.0,0.128700,0.607958,0.672207,1.604011,0.886391,AUT,750615.081880,0.013259,0.013488,0.013468,0.070207,0.001231,neutron,pi+,solid
309,11.0,0.089666,0.727824,0.673929,1.326492,1.117052,AUT,1023405.747069,0.010435,0.010204,0.010203,0.070207,0.001151,neutron,pi+,solid
310,11.0,0.156765,0.663081,0.323309,2.140499,0.142271,AUT,1377498.676268,0.015261,0.012132,0.012111,0.070207,0.001237,neutron,pi+,solid
311,11.0,0.176998,0.609081,0.323804,2.224442,0.124005,AUT,1368108.905391,0.011417,0.010243,0.010268,0.070207,0.001275,neutron,pi+,solid
312,11.0,0.189641,0.581289,0.323887,2.275099,0.116342,AUT,1361381.573246,0.010619,0.009920,0.009936,0.070207,0.001298,neutron,pi+,solid
313,11.0,0.200058,0.562719,0.324108,2.323559,0.109323,AUT,1339144.524581,0.010351,0.009899,0.009927,0.070207,0.001318,neutron,pi+,solid
314,11.0,0.209367,0.548656,0.324207,2.370948,0.103057,AUT,1270043.530033,0.010458,0.010172,0.010156,0.070207,0.001335,neutron,pi+,solid
315,11.0,0.218083,0.536022,0.324268,2.412820,0.098459,AUT,1251446.194244,0.010487,0.010282,0.010253,0.070207,0.001351,neutron,pi+,solid
316,11.0,0.226678,0.523603,0.324327,2.449775,0.093563,AUT,1233163.971435,0.010517,0.010378,0.010381,0.070207,0.001367,neutron,pi+,solid
317,11.0,0.235424,0.509815,0.324343,2.477294,0.089391,AUT,1233217.117198,0.010544,0.010428,0.010485,0.070207,0.001382,neutron,pi+,solid
318,11.0,0.244630,0.493514,0.324556,2.491790,0.085491,AUT,1227169.142217,0.010585,0.010569,0.010554,0.070207,0.001399,neutron,pi+,solid
319,11.0,0.254654,0.475658,0.324663,2.499977,0.081717,AUT,1184348.021675,0.010899,0.010864,0.010873,0.070207,0.001417,neutron,pi+,solid
320,11.0,0.265770,0.456470,0.324493,2.503787,0.079716,AUT,1155907.318639,0.011206,0.011149,0.011159,0.070207,0.001436,neutron,pi+,solid
321,11.0,0.278568,0.435586,0.324624,2.504174,0.080852,AUT,1168519.641223,0.011420,0.011328,0.011328,0.070207,0.001458,neutron,pi+,solid
322,11.0,0.293859,0.413286,0.324620,2.506234,0.086402,AUT,1182830.141453,0.011902,0.011626,0.011651,0.070207,0.001484,neutron,pi+,solid
323,11.0,0.313040,0.390828,0.324656,2.524770,0.096821,AUT,1189139.689251,0.013379,0.012494,0.012478,0.070207,0.001517,neutron,pi+,solid
324,11.0,0.348050,0.374021,0.324267,2.684946,0.114147,AUT,1245712.799282,0.018109,0.014943,0.014965,0.070207,0.001579,neutron,pi+,solid
325,11.0,0.140335,0.717622,0.323688,2.077127,0.299924,AUT,694074.117776,0.030042,0.021159,0.020886,0.070207,0.001207,neutron,pi+,solid
326,11.0,0.152282,0.682049,0.324248,2.143559,0.290738,AUT,670480.029361,0.029081,0.020873,0.020772,0.070207,0.001229,neutron,pi+,solid
327,11.0,0.160757,0.661796,0.324492,2.195831,0.282130,AUT,585102.226597,0.029289,0.021455,0.021485,0.070207,0.001245,neutron,pi+,solid
328,11.0,0.168135,0.646174,0.324654,2.242454,0.275053,AUT,533791.749128,0.028839,0.021643,0.021751,0.070207,0.001259,neutron,pi+,solid
329,11.0,0.175104,0.634442,0.324868,2.293053,0.269321,AUT,481617.552734,0.029295,0.022415,0.022427,0.070207,0.001272,neutron,pi+,solid
330,11.0,0.181981,0.624969,0.324906,2.347570,0.266301,AUT,431173.030267,0.029001,0.022891,0.022823,0.070207,0.001285,neutron,pi+,solid
331,11.0,0.188866,0.617334,0.324914,2.406644,0.265309,AUT,372641.735119,0.029401,0.023907,0.023875,0.070207,0.001298,neutron,pi+,solid
332,11.0,0.195883,0.610544,0.324726,2.468587,0.265338,AUT,327537.213307,0.029892,0.025005,0.024949,0.070207,0.001311,neutron,pi+,solid
333,11.0,0.203179,0.602279,0.324574,2.525856,0.267667,AUT,277601.677626,0.030821,0.026609,0.026635,0.070207,0.001325,neutron,pi+,solid
334,11.0,0.210866,0.591914,0.324176,2.576264,0.271229,AUT,243344.721776,0.031273,0.028103,0.028050,0.070207,0.001339,neutron,pi+,solid
335,11.0,0.219070,0.578738,0.323672,2.616828,0.277081,AUT,207200.648345,0.032445,0.030538,0.030484,0.070207,0.001354,neutron,pi+,solid
336,11.0,0.227869,0.554801,0.322789,2.609094,0.288826,AUT,166118.377466,0.033618,0.034554,0.034505,0.070207,0.001369,neutron,pi+,solid
337,11.0,0.237729,0.515946,0.321145,2.530964,0.313989,AUT,126213.096240,0.035290,0.043893,0.043771,0.070207,0.001386,neutron,pi+,solid
338,11.0,0.249116,0.464227,0.318167,2.386177,0.352988,AUT,97954.296998,0.037859,0.069060,0.069017,0.070207,0.001404,neutron,pi+,solid
339,11.0,0.262353,0.425989,0.316402,2.306219,0.373442,AUT,96398.559244,0.039998,0.086161,0.086274,0.070207,0.001426,neutron,pi+,solid
340,11.0,0.277929,0.399102,0.315827,2.288916,0.377512,AUT,106966.379699,0.043298,0.086793,0.086929,0.070207,0.001453,neutron,pi+,solid
341,11.0,0.296391,0.373602,0.316161,2.284871,0.377466,AUT,121100.930590,0.048410,0.086057,0.086062,0.070207,0.001485,neutron,pi+,solid
342,11.0,0.318739,0.356103,0.316465,2.342872,0.373256,AUT,122951.592510,0.056115,0.083556,0.083637,0.070207,0.001523,neutron,pi+,solid
343,11.0,0.356322,0.360193,0.320659,2.649522,0.327610,AUT,81823.425921,0.078608,0.074522,0.074615,0.070207,0.001592,neutron,pi+,solid
344,11.0,0.142880,0.710698,0.323589,2.093306,0.492326,AUT,737103.390999,0.013085,0.012482,0.012473,0.070207,0.001212,neutron,pi+,solid
345,11.0,0.160328,0.658133,0.322909,2.176982,0.500933,AUT,796870.672906,0.017570,0.016648,0.016656,0.070207,0.001244,neutron,pi+,solid
346,11.0,0.175044,0.619758,0.322843,2.238478,0.500251,AUT,909217.279328,0.017013,0.017725,0.017741,0.070207,0.001271,neutron,pi+,solid
347,11.0,0.189779,0.587277,0.323092,2.299828,0.497748,AUT,1025631.959799,0.014770,0.017190,0.017191,0.070207,0.001298,neutron,pi+,solid
348,11.0,0.204932,0.557624,0.323190,2.358083,0.494774,AUT,1093351.402272,0.012923,0.016691,0.016690,0.070207,0.001326,neutron,pi+,solid
349,11.0,0.221147,0.529688,0.323394,2.417120,0.491671,AUT,1157592.711300,0.011634,0.016666,0.016676,0.070207,0.001356,neutron,pi+,solid
350,11.0,0.239419,0.496075,0.323669,2.450385,0.487687,AUT,1193591.045113,0.010820,0.016993,0.016957,0.070207,0.001389,neutron,pi+,solid
351,11.0,0.261949,0.456294,0.323991,2.465353,0.482637,AUT,1245531.680664,0.010781,0.017480,0.017487,0.070207,0.001429,neutron,pi+,solid
352,11.0,0.291478,0.412028,0.324341,2.476386,0.476970,AUT,1228806.940163,0.012844,0.018965,0.018968,0.070207,0.001480,neutron,pi+,solid
353,11.0,0.336669,0.376008,0.324449,2.610038,0.473975,AUT,1124830.823755,0.018171,0.023951,0.023894,0.070207,0.001558,neutron,pi+,solid
354,11.0,0.159226,0.669190,0.326554,2.189049,0.662980,AUT,826774.355844,0.011375,0.011552,0.011505,0.070207,0.001242,neutron,pi+,solid
355,11.0,0.203849,0.579489,0.326927,2.432662,0.663290,AUT,698126.515187,0.015035,0.014192,0.014282,0.070207,0.001325,neutron,pi+,solid
356,11.0,0.264551,0.470806,0.326846,2.547214,0.661659,AUT,630905.291356,0.028468,0.022455,0.022513,0.070207,0.001433,neutron,pi+,solid
357,11.0,0.345018,0.386873,0.324632,2.753872,0.644206,AUT,44474.881334,0.336116,0.203531,0.208808,0.070207,0.001574,neutron,pi+,solid
358,11.0,0.164288,0.640839,0.373261,2.166496,0.138108,AUT,1522726.387793,0.011883,0.010221,0.010188,0.070207,0.001260,neutron,pi+,solid
359,11.0,0.187912,0.583374,0.373797,2.261804,0.118392,AUT,1493935.831025,0.009757,0.009332,0.009299,0.070207,0.001305,neutron,pi+,solid
360,11.0,0.202536,0.555565,0.374005,2.322180,0.111242,AUT,1427207.782855,0.009830,0.009552,0.009540,0.070207,0.001333,neutron,pi+,solid
361,11.0,0.214889,0.536785,0.374163,2.380704,0.105113,AUT,1425662.111511,0.009762,0.009599,0.009604,0.070207,0.001357,neutron,pi+,solid
362,11.0,0.226632,0.519557,0.374242,2.430206,0.100259,AUT,1407621.244299,0.009829,0.009744,0.009782,0.070207,0.001379,neutron,pi+,solid
363,11.0,0.238476,0.501206,0.374207,2.466857,0.095884,AUT,1389073.672821,0.009995,0.009926,0.009949,0.070207,0.001401,neutron,pi+,solid
364,11.0,0.251154,0.479903,0.374383,2.487454,0.093207,AUT,1386754.445275,0.010134,0.010121,0.010092,0.070207,0.001424,neutron,pi+,solid
365,11.0,0.265459,0.456458,0.374456,2.500528,0.091947,AUT,1345403.646463,0.010494,0.010449,0.010487,0.070207,0.001449,neutron,pi+,solid
366,11.0,0.282763,0.428909,0.374373,2.502510,0.095240,AUT,1382502.051193,0.010739,0.010652,0.010591,0.070207,0.001480,neutron,pi+,solid
367,11.0,0.305583,0.399584,0.374132,2.519178,0.106332,AUT,1408629.667333,0.011840,0.011248,0.011266,0.070207,0.001520,neutron,pi+,solid
368,11.0,0.343492,0.376445,0.373846,2.666565,0.123216,AUT,1172832.921093,0.017571,0.014905,0.014921,0.070207,0.001589,neutron,pi+,solid
369,11.0,0.144045,0.705267,0.373404,2.094278,0.298732,AUT,815859.223383,0.038280,0.025374,0.025012,0.070207,0.001222,neutron,pi+,solid
370,11.0,0.159011,0.662719,0.374175,2.174694,0.292587,AUT,739308.535891,0.035862,0.024391,0.024421,0.070207,0.001251,neutron,pi+,solid
371,11.0,0.169403,0.640447,0.374509,2.239235,0.282536,AUT,659974.478745,0.034604,0.024168,0.024333,0.070207,0.001270,neutron,pi+,solid
372,11.0,0.178582,0.625181,0.374733,2.304395,0.273522,AUT,581144.747781,0.034061,0.024549,0.024644,0.070207,0.001288,neutron,pi+,solid
373,11.0,0.187217,0.615056,0.375091,2.376779,0.266572,AUT,487601.816168,0.034880,0.025782,0.025834,0.070207,0.001305,neutron,pi+,solid
374,11.0,0.195889,0.608450,0.375381,2.460206,0.261207,AUT,425720.402263,0.034406,0.026257,0.026336,0.070207,0.001322,neutron,pi+,solid
375,11.0,0.204940,0.603989,0.375501,2.555019,0.256648,AUT,348556.762553,0.035620,0.028036,0.027945,0.070207,0.001339,neutron,pi+,solid
376,11.0,0.214462,0.599535,0.375680,2.654036,0.252126,AUT,275768.120400,0.037623,0.030446,0.030471,0.070207,0.001358,neutron,pi+,solid
377,11.0,0.224433,0.592705,0.375781,2.745647,0.246669,AUT,205988.391372,0.040488,0.034148,0.033999,0.070207,0.001377,neutron,pi+,solid
378,11.0,0.235455,0.576809,0.376073,2.803025,0.238912,AUT,130914.449992,0.044895,0.040358,0.040201,0.070207,0.001398,neutron,pi+,solid
379,11.0,0.248159,0.547505,0.376251,2.803529,0.238726,AUT,54592.404683,0.056365,0.058600,0.058654,0.070207,0.001421,neutron,pi+,solid
380,11.0,0.265014,0.471176,0.373860,2.573931,0.275276,AUT,16370.266534,0.094265,0.114839,0.114731,0.070207,0.001449,neutron,pi+,solid
381,11.0,0.288616,0.378229,0.377754,2.251852,0.264857,AUT,19542.278274,0.150193,0.124568,0.124694,0.070207,0.001490,neutron,pi+,solid
382,11.0,0.314261,0.362005,0.379808,2.348361,0.229373,AUT,61145.114635,0.201176,0.129628,0.128525,0.070207,0.001537,neutron,pi+,solid
383,11.0,0.355822,0.365302,0.378263,2.682498,0.222092,AUT,135048.307674,0.228561,0.133738,0.134285,0.070207,0.001614,neutron,pi+,solid
384,11.0,0.143826,0.709102,0.373610,2.102209,0.492747,AUT,595871.550473,0.013333,0.013320,0.013279,0.070207,0.001222,neutron,pi+,solid
385,11.0,0.163687,0.652236,0.372768,2.202176,0.509160,AUT,567903.876795,0.015133,0.015513,0.015533,0.070207,0.001259,neutron,pi+,solid
386,11.0,0.181582,0.602768,0.372082,2.257866,0.520223,AUT,622852.739796,0.018098,0.020974,0.020962,0.070207,0.001293,neutron,pi+,solid
387,11.0,0.199498,0.561066,0.371840,2.309267,0.522225,AUT,699344.371331,0.017673,0.024103,0.024132,0.070207,0.001327,neutron,pi+,solid
388,11.0,0.219078,0.523294,0.371907,2.365093,0.520903,AUT,822536.519628,0.014443,0.023219,0.023215,0.070207,0.001364,neutron,pi+,solid
389,11.0,0.242911,0.479154,0.372141,2.400230,0.517663,AUT,971985.056575,0.012045,0.022393,0.022396,0.070207,0.001408,neutron,pi+,solid
390,11.0,0.274547,0.426705,0.372535,2.414788,0.513453,AUT,1064806.159028,0.012539,0.023574,0.023582,0.070207,0.001464,neutron,pi+,solid
391,11.0,0.324093,0.377766,0.372736,2.523169,0.511374,AUT,1143809.537356,0.017772,0.027415,0.027445,0.070207,0.001552,neutron,pi+,solid
392,11.0,0.392077,0.361465,0.371126,2.925344,0.521262,AUT,14914.029740,0.241822,0.315451,0.316828,0.070207,0.001684,neutron,pi+,solid
393,11.0,0.161089,0.661095,0.374923,2.187700,0.678422,AUT,979410.013012,0.012486,0.011760,0.011761,0.070207,0.001254,neutron,pi+,solid
394,11.0,0.204593,0.573428,0.375793,2.416498,0.669926,AUT,956898.841789,0.011576,0.012415,0.012428,0.070207,0.001338,neutron,pi+,solid
395,11.0,0.255751,0.484617,0.376322,2.544809,0.666281,AUT,786158.760090,0.014710,0.015065,0.015048,0.070207,0.001432,neutron,pi+,solid
396,11.0,0.321214,0.406730,0.376938,2.692214,0.652859,AUT,171488.055585,0.047591,0.043502,0.043602,0.070207,0.001550,neutron,pi+,solid
397,11.0,0.198672,0.597074,0.377643,2.385485,0.860858,AUT,304073.132185,0.035387,0.032679,0.032084,0.070207,0.001322,neutron,pi+,solid
398,11.0,0.172570,0.618186,0.423428,2.193897,0.132574,AUT,1650865.764344,0.009912,0.009113,0.009111,0.070207,0.001284,neutron,pi+,solid
399,11.0,0.199564,0.558756,0.423841,2.300506,0.115183,AUT,1585874.289772,0.009202,0.009025,0.009016,0.070207,0.001337,neutron,pi+,solid
400,11.0,0.217127,0.529406,0.424041,2.372120,0.108925,AUT,1571600.971034,0.009286,0.009190,0.009194,0.070207,0.001371,neutron,pi+,solid
401,11.0,0.233222,0.506186,0.424127,2.436151,0.104277,AUT,1581903.059169,0.009383,0.009306,0.009338,0.070207,0.001402,neutron,pi+,solid
402,11.0,0.249720,0.480660,0.424262,2.476847,0.102214,AUT,1536077.746348,0.009695,0.009669,0.009657,0.070207,0.001433,neutron,pi+,solid
403,11.0,0.268894,0.451229,0.424278,2.503320,0.102028,AUT,1529465.401855,0.009974,0.009954,0.009933,0.070207,0.001468,neutron,pi+,solid
404,11.0,0.294712,0.414367,0.424111,2.518597,0.109018,AUT,1575761.585500,0.010524,0.010289,0.010328,0.070207,0.001515,neutron,pi+,solid
405,11.0,0.336394,0.380744,0.423737,2.640493,0.126896,AUT,1158293.948962,0.016117,0.014214,0.014219,0.070207,0.001592,neutron,pi+,solid
406,11.0,0.148252,0.692347,0.423718,2.114821,0.298994,AUT,889981.097861,0.031874,0.021728,0.021765,0.070207,0.001237,neutron,pi+,solid
407,11.0,0.166632,0.642628,0.424074,2.209613,0.293388,AUT,814092.540250,0.029302,0.020915,0.020878,0.070207,0.001273,neutron,pi+,solid
408,11.0,0.179404,0.618297,0.424528,2.289337,0.282566,AUT,696172.581288,0.028645,0.021289,0.021157,0.070207,0.001298,neutron,pi+,solid
409,11.0,0.190707,0.603989,0.424812,2.377449,0.273529,AUT,593694.593136,0.028353,0.021769,0.021777,0.070207,0.001321,neutron,pi+,solid
410,11.0,0.201871,0.596568,0.425095,2.485784,0.267388,AUT,494703.872407,0.028352,0.022569,0.022571,0.070207,0.001343,neutron,pi+,solid
411,11.0,0.213509,0.591556,0.425289,2.607059,0.261572,AUT,393664.833501,0.028892,0.024026,0.024062,0.070207,0.001366,neutron,pi+,solid
412,11.0,0.226015,0.583650,0.425519,2.722643,0.253482,AUT,289179.428509,0.031150,0.026945,0.026986,0.070207,0.001391,neutron,pi+,solid
413,11.0,0.240024,0.564680,0.426138,2.797007,0.239473,AUT,167935.597218,0.035146,0.032835,0.032819,0.070207,0.001417,neutron,pi+,solid
414,11.0,0.257780,0.511852,0.428273,2.720089,0.222526,AUT,64453.462595,0.049194,0.049721,0.049893,0.070207,0.001450,neutron,pi+,solid
415,11.0,0.285010,0.398217,0.429281,2.340475,0.215946,AUT,72671.574732,0.075592,0.061079,0.061160,0.070207,0.001497,neutron,pi+,solid
416,11.0,0.314860,0.372458,0.427396,2.420159,0.223753,AUT,182239.194594,0.109694,0.070327,0.070147,0.070207,0.001552,neutron,pi+,solid
417,11.0,0.356637,0.366309,0.426405,2.695817,0.234778,AUT,200208.350331,0.128074,0.079270,0.079699,0.070207,0.001632,neutron,pi+,solid
418,11.0,0.146121,0.702924,0.424080,2.116622,0.488409,AUT,558677.532519,0.017329,0.015824,0.015824,0.070207,0.001233,neutron,pi+,solid
419,11.0,0.168375,0.649293,0.423584,2.254943,0.498475,AUT,396926.240058,0.017362,0.017272,0.017252,0.070207,0.001277,neutron,pi+,solid
420,11.0,0.189082,0.591163,0.421788,2.305169,0.526258,AUT,344344.111037,0.019187,0.022714,0.022731,0.070207,0.001316,neutron,pi+,solid
421,11.0,0.211419,0.532196,0.420787,2.320319,0.542213,AUT,378183.571950,0.020461,0.032354,0.032375,0.070207,0.001359,neutron,pi+,solid
422,11.0,0.237867,0.478073,0.420526,2.344612,0.545126,AUT,456284.025067,0.017502,0.033745,0.033750,0.070207,0.001409,neutron,pi+,solid
423,11.0,0.275017,0.415952,0.420858,2.355950,0.543655,AUT,611204.119898,0.017489,0.032062,0.032046,0.070207,0.001477,neutron,pi+,solid
424,11.0,0.325524,0.369889,0.420212,2.484139,0.543175,AUT,455114.420983,0.029790,0.044377,0.044376,0.070207,0.001569,neutron,pi+,solid
425,11.0,0.165979,0.645815,0.423993,2.199056,0.686745,AUT,1011770.776132,0.015971,0.015335,0.015365,0.070207,0.001271,neutron,pi+,solid
426,11.0,0.216638,0.543178,0.424891,2.420386,0.677932,AUT,1231887.076997,0.011451,0.015033,0.015019,0.070207,0.001370,neutron,pi+,solid
427,11.0,0.283213,0.442872,0.425687,2.572279,0.662500,AUT,929631.013681,0.013655,0.021010,0.021001,0.070207,0.001493,neutron,pi+,solid
428,11.0,0.195194,0.602846,0.426946,2.371874,0.875876,AUT,537005.354519,0.016593,0.016190,0.016093,0.070207,0.001325,neutron,pi+,solid
429,11.0,0.180369,0.598623,0.473622,2.219467,0.128765,AUT,1719995.882406,0.009037,0.008650,0.008673,0.070207,0.001307,neutron,pi+,solid
430,11.0,0.211780,0.535663,0.473963,2.340077,0.114449,AUT,1714517.327062,0.008862,0.008785,0.008789,0.070207,0.001370,neutron,pi+,solid
431,11.0,0.234158,0.502056,0.474136,2.425513,0.110124,AUT,1699629.182094,0.009112,0.009053,0.009060,0.070207,0.001414,neutron,pi+,solid
432,11.0,0.257386,0.467518,0.474060,2.482321,0.108689,AUT,1726969.280190,0.009293,0.009278,0.009268,0.070207,0.001458,neutron,pi+,solid
433,11.0,0.289054,0.423119,0.473971,2.520915,0.112574,AUT,1717502.014506,0.009894,0.009769,0.009790,0.070207,0.001517,neutron,pi+,solid
434,11.0,0.335682,0.381896,0.473608,2.642892,0.131732,AUT,857626.663205,0.018376,0.016401,0.016443,0.070207,0.001606,neutron,pi+,solid
435,11.0,0.153341,0.677227,0.473766,2.138046,0.300197,AUT,982650.279762,0.026162,0.018624,0.018696,0.070207,0.001254,neutron,pi+,solid
436,11.0,0.175467,0.621360,0.474134,2.249665,0.292695,AUT,825677.934673,0.024743,0.018596,0.018591,0.070207,0.001298,neutron,pi+,solid
437,11.0,0.190960,0.597440,0.474443,2.354566,0.281058,AUT,710041.592798,0.023595,0.018700,0.018702,0.070207,0.001330,neutron,pi+,solid
438,11.0,0.205625,0.585952,0.474652,2.486902,0.272928,AUT,576953.915108,0.023408,0.019508,0.019468,0.070207,0.001360,neutron,pi+,solid
439,11.0,0.221087,0.578523,0.474941,2.639853,0.265896,AUT,441985.686231,0.023902,0.020883,0.021021,0.070207,0.001391,neutron,pi+,solid
440,11.0,0.238263,0.555889,0.475654,2.732676,0.249603,AUT,276442.833204,0.026231,0.024839,0.024776,0.070207,0.001425,neutron,pi+,solid
441,11.0,0.261410,0.477799,0.477225,2.572861,0.225420,AUT,152658.865783,0.033518,0.032368,0.032456,0.070207,0.001467,neutron,pi+,solid
442,11.0,0.294062,0.393906,0.476760,2.388685,0.227747,AUT,221553.361407,0.045341,0.036346,0.036330,0.070207,0.001526,neutron,pi+,solid
443,11.0,0.341270,0.369900,0.475564,2.604074,0.243163,AUT,420422.914107,0.056714,0.038667,0.038759,0.070207,0.001617,neutron,pi+,solid
444,11.0,0.149396,0.694156,0.474226,2.136189,0.484446,AUT,568653.072275,0.027369,0.020557,0.020637,0.070207,0.001246,neutron,pi+,solid
445,11.0,0.174381,0.647530,0.474672,2.329434,0.476365,AUT,321676.491792,0.026616,0.022865,0.022831,0.070207,0.001297,neutron,pi+,solid
446,11.0,0.198668,0.592038,0.472779,2.424462,0.504554,AUT,191011.352996,0.027596,0.028840,0.028781,0.070207,0.001345,neutron,pi+,solid
447,11.0,0.228319,0.495548,0.469729,2.330080,0.552282,AUT,154178.800769,0.029648,0.052731,0.052637,0.070207,0.001401,neutron,pi+,solid
448,11.0,0.269986,0.412508,0.469012,2.292227,0.563250,AUT,203977.323502,0.031606,0.060114,0.060063,0.070207,0.001478,neutron,pi+,solid
449,11.0,0.317430,0.372089,0.466497,2.438281,0.562068,AUT,100059.509114,0.066322,0.100479,0.100640,0.070207,0.001567,neutron,pi+,solid
450,11.0,0.169523,0.635292,0.473459,2.204808,0.696488,AUT,874592.868174,0.015575,0.016221,0.016200,0.070207,0.001285,neutron,pi+,solid
451,11.0,0.232111,0.505628,0.473759,2.406172,0.690497,AUT,1293726.287734,0.010952,0.017678,0.017694,0.070207,0.001408,neutron,pi+,solid
452,11.0,0.297698,0.421933,0.472917,2.589024,0.673157,AUT,449780.337198,0.021621,0.038622,0.038549,0.070207,0.001533,neutron,pi+,solid
453,11.0,0.195355,0.600870,0.475866,2.373518,0.888624,AUT,757013.866832,0.012836,0.012963,0.012995,0.070207,0.001334,neutron,pi+,solid
454,11.0,0.189152,0.578436,0.523638,2.247133,0.125707,AUT,1827162.571057,0.008585,0.008405,0.008388,0.070207,0.001334,neutron,pi+,solid
455,11.0,0.226514,0.511129,0.523913,2.387606,0.115345,AUT,1839273.331050,0.008726,0.008699,0.008670,0.070207,0.001410,neutron,pi+,solid
456,11.0,0.257892,0.465907,0.523913,2.477289,0.113238,AUT,1844009.016726,0.009042,0.009035,0.009055,0.070207,0.001472,neutron,pi+,solid
457,11.0,0.307776,0.406447,0.523753,2.571974,0.123643,AUT,1712377.126505,0.010673,0.010334,0.010325,0.070207,0.001567,neutron,pi+,solid
458,11.0,0.158928,0.661662,0.523859,2.163250,0.300830,AUT,1035340.437388,0.022328,0.016578,0.016611,0.070207,0.001273,neutron,pi+,solid
459,11.0,0.185920,0.600026,0.524178,2.301551,0.290538,AUT,879747.730190,0.020211,0.016211,0.016217,0.070207,0.001329,neutron,pi+,solid
460,11.0,0.205950,0.577937,0.524538,2.456523,0.277931,AUT,707264.562165,0.019278,0.016628,0.016602,0.070207,0.001370,neutron,pi+,solid
461,11.0,0.226372,0.563125,0.525027,2.630399,0.267469,AUT,505953.902788,0.019902,0.018316,0.018359,0.070207,0.001413,neutron,pi+,solid
462,11.0,0.250505,0.508612,0.525852,2.625443,0.241278,AUT,312475.441087,0.022970,0.022443,0.022446,0.070207,0.001460,neutron,pi+,solid
463,11.0,0.286901,0.409886,0.525838,2.423132,0.234531,AUT,325993.847802,0.028859,0.025732,0.025764,0.070207,0.001527,neutron,pi+,solid
464,11.0,0.337564,0.371470,0.525231,2.586093,0.254711,AUT,504064.718452,0.041314,0.030193,0.030258,0.070207,0.001626,neutron,pi+,solid
465,11.0,0.153297,0.683097,0.524582,2.156052,0.484442,AUT,590603.776728,0.042792,0.028403,0.028579,0.070207,0.001262,neutron,pi+,solid
466,11.0,0.181758,0.642126,0.525230,2.408264,0.465559,AUT,306350.225290,0.043436,0.032002,0.032217,0.070207,0.001322,neutron,pi+,solid
467,11.0,0.210041,0.605656,0.524897,2.621946,0.469489,AUT,116578.831855,0.051485,0.044892,0.044885,0.070207,0.001380,neutron,pi+,solid
468,11.0,0.254610,0.435146,0.517453,2.274555,0.565936,AUT,39591.495540,0.073707,0.145110,0.145089,0.070207,0.001461,neutron,pi+,solid
469,11.0,0.298101,0.379222,0.512376,2.334263,0.577051,AUT,13287.419652,0.208632,0.333728,0.333162,0.070207,0.001543,neutron,pi+,solid
470,11.0,0.170166,0.633741,0.523021,2.202520,0.706403,AUT,626506.342736,0.014645,0.015566,0.015593,0.070207,0.001295,neutron,pi+,solid
471,11.0,0.245865,0.480762,0.521853,2.418354,0.706164,AUT,959197.933318,0.012354,0.021910,0.021910,0.070207,0.001445,neutron,pi+,solid
472,11.0,0.197555,0.593692,0.525170,2.374841,0.901715,AUT,896679.466138,0.013134,0.014278,0.014235,0.070207,0.001349,neutron,pi+,solid
473,11.0,0.198020,0.559715,0.573756,2.274120,0.124157,AUT,1894440.339558,0.008421,0.008308,0.008339,0.070207,0.001363,neutron,pi+,solid
474,11.0,0.244096,0.484865,0.573885,2.438763,0.116664,AUT,1929852.000697,0.008779,0.008740,0.008773,0.070207,0.001458,neutron,pi+,solid
475,11.0,0.299076,0.416319,0.573672,2.557862,0.123538,AUT,1625868.569599,0.010646,0.010458,0.010457,0.070207,0.001567,neutron,pi+,solid
476,11.0,0.165124,0.645089,0.573914,2.188870,0.300728,AUT,1094057.305195,0.018886,0.014757,0.014756,0.070207,0.001295,neutron,pi+,solid
477,11.0,0.197415,0.580293,0.574203,2.363391,0.286585,AUT,865519.598559,0.017174,0.014801,0.014791,0.070207,0.001364,neutron,pi+,solid
478,11.0,0.222772,0.557088,0.574744,2.560526,0.272667,AUT,631559.405672,0.017193,0.016128,0.016138,0.070207,0.001418,neutron,pi+,solid
479,11.0,0.252771,0.493549,0.575368,2.568792,0.246079,AUT,442932.807010,0.019363,0.018934,0.018955,0.070207,0.001478,neutron,pi+,solid
480,11.0,0.301393,0.395786,0.574758,2.456651,0.250000,AUT,557437.176658,0.024374,0.021121,0.021033,0.070207,0.001571,neutron,pi+,solid
481,11.0,0.353230,0.371915,0.572632,2.710732,0.264103,AUT,220968.723051,0.062653,0.046198,0.046268,0.070207,0.001679,neutron,pi+,solid
482,11.0,0.157922,0.671334,0.574387,2.181249,0.486717,AUT,635577.193086,0.045498,0.029999,0.030068,0.070207,0.001280,neutron,pi+,solid
483,11.0,0.191682,0.631803,0.575519,2.499057,0.464612,AUT,300229.797630,0.050971,0.036906,0.036882,0.070207,0.001354,neutron,pi+,solid
484,11.0,0.222314,0.609905,0.576102,2.795282,0.448080,AUT,60078.797718,0.086637,0.071680,0.071728,0.070207,0.001420,neutron,pi+,solid
485,11.0,0.280543,0.387813,0.561246,2.245336,0.570569,AUT,868.648224,0.737015,0.993989,0.965041,0.070207,0.001522,neutron,pi+,solid
486,11.0,0.168486,0.641027,0.573217,2.201449,0.707413,AUT,418146.964112,0.016815,0.017179,0.017260,0.070207,0.001301,neutron,pi+,solid
487,11.0,0.239949,0.486489,0.570025,2.399251,0.725935,AUT,338916.802238,0.020886,0.040415,0.040375,0.070207,0.001447,neutron,pi+,solid
488,11.0,0.193772,0.599269,0.574106,2.357477,0.919558,AUT,848496.246015,0.015222,0.016894,0.016876,0.070207,0.001352,neutron,pi+,solid
489,11.0,0.208144,0.541290,0.623830,2.308614,0.123511,AUT,1993255.003669,0.008337,0.008306,0.008302,0.070207,0.001397,neutron,pi+,solid
490,11.0,0.276561,0.444822,0.623478,2.522986,0.120908,AUT,2031059.186537,0.009112,0.009046,0.009048,0.070207,0.001539,neutron,pi+,solid
491,11.0,0.172267,0.627729,0.623933,2.219373,0.299850,AUT,1139316.455396,0.016193,0.013387,0.013321,0.070207,0.001321,neutron,pi+,solid
492,11.0,0.211572,0.560410,0.624375,2.445619,0.281692,AUT,853778.056281,0.015028,0.013936,0.013916,0.070207,0.001408,neutron,pi+,solid
493,11.0,0.248321,0.500024,0.625083,2.555422,0.256135,AUT,604296.234539,0.016515,0.016181,0.016164,0.070207,0.001485,neutron,pi+,solid
494,11.0,0.305062,0.407963,0.622822,2.563533,0.255953,AUT,546734.948772,0.022713,0.020419,0.020468,0.070207,0.001598,neutron,pi+,solid
495,11.0,0.163074,0.658984,0.624409,2.208905,0.487407,AUT,667306.183334,0.040191,0.027331,0.027341,0.070207,0.001302,neutron,pi+,solid
496,11.0,0.203664,0.618920,0.625430,2.600895,0.465062,AUT,272208.854013,0.047932,0.036277,0.036241,0.070207,0.001393,neutron,pi+,solid
497,11.0,0.239309,0.586609,0.627556,2.893101,0.432112,AUT,13996.814660,0.133902,0.129972,0.129045,0.070207,0.001472,neutron,pi+,solid
498,11.0,0.166549,0.653412,0.623805,2.217619,0.697639,AUT,316410.315140,0.023119,0.021299,0.021271,0.070207,0.001308,neutron,pi+,solid
499,11.0,0.237096,0.498877,0.617373,2.439962,0.742107,AUT,59824.524660,0.051583,0.114171,0.114093,0.070207,0.001457,neutron,pi+,solid
500,11.0,0.184651,0.618003,0.622802,2.325387,0.937263,AUT,586100.402814,0.019402,0.021197,0.021174,0.070207,0.001346,neutron,pi+,solid
501,11.0,0.220778,0.520595,0.673675,2.348884,0.123287,AUT,2073609.743962,0.008368,0.008359,0.008347,0.070207,0.001439,neutron,pi+,solid
502,11.0,0.287377,0.440413,0.672196,2.607876,0.119402,AUT,740162.517357,0.015331,0.015379,0.015317,0.070207,0.001583,neutron,pi+,solid
503,11.0,0.180682,0.609098,0.673894,2.255453,0.298767,AUT,1179147.360376,0.014393,0.012403,0.012422,0.070207,0.001352,neutron,pi+,solid
504,11.0,0.230492,0.528798,0.674497,2.509906,0.272373,AUT,829709.137021,0.014185,0.013773,0.013776,0.070207,0.001464,neutron,pi+,solid
505,11.0,0.283141,0.448130,0.672102,2.612820,0.254049,AUT,433399.720229,0.020988,0.020522,0.020516,0.070207,0.001575,neutron,pi+,solid
506,11.0,0.169071,0.646837,0.674366,2.245890,0.488197,AUT,681341.383869,0.035322,0.024904,0.024851,0.070207,0.001327,neutron,pi+,solid
507,11.0,0.215291,0.605455,0.675298,2.688415,0.464367,AUT,188202.259255,0.048740,0.039381,0.039422,0.070207,0.001434,neutron,pi+,solid
508,11.0,0.309497,0.440182,0.669859,2.810425,0.403895,AUT,33.849505,3.658614,3.016044,3.455987,0.070207,0.001633,neutron,pi+,solid
509,11.0,0.163713,0.670834,0.674514,2.250862,0.683908,AUT,268087.677519,0.038529,0.029869,0.029860,0.070207,0.001315,neutron,pi+,solid
510,11.0,0.249218,0.534654,0.661415,2.750329,0.766654,AUT,1076.438088,0.450996,1.490680,1.477931,0.070207,0.001502,neutron,pi+,solid
511,11.0,0.171610,0.648119,0.671146,2.273566,0.943300,AUT,287333.770831,0.024968,0.025943,0.026059,0.070207,0.001331,neutron,pi+,solid
512,11.0,0.248947,0.618797,0.323957,3.176867,0.112981,AUT,632018.045269,0.015843,0.015346,0.015343,0.070207,0.001410,neutron,pi+,solid
513,11.0,0.270008,0.591718,0.324231,3.297501,0.104710,AUT,618549.862655,0.015970,0.015632,0.015655,0.070207,0.001447,neutron,pi+,solid
514,11.0,0.284401,0.575235,0.324401,3.376502,0.098581,AUT,617596.223056,0.015962,0.015778,0.015751,0.070207,0.001472,neutron,pi+,solid
515,11.0,0.297948,0.549711,0.324293,3.380254,0.091558,AUT,589952.989215,0.016370,0.016222,0.016290,0.070207,0.001496,neutron,pi+,solid
516,11.0,0.312550,0.522822,0.324527,3.372341,0.086738,AUT,587959.518050,0.016596,0.016534,0.016547,0.070207,0.001521,neutron,pi+,solid
517,11.0,0.328599,0.498355,0.324517,3.379692,0.084949,AUT,590432.178294,0.016813,0.016852,0.016824,0.070207,0.001549,neutron,pi+,solid
518,11.0,0.346420,0.478444,0.324484,3.420673,0.088471,AUT,594263.141182,0.017195,0.017208,0.017205,0.070207,0.001580,neutron,pi+,solid
519,11.0,0.366662,0.458896,0.324408,3.472375,0.096488,AUT,612569.578469,0.018066,0.017651,0.017664,0.070207,0.001617,neutron,pi+,solid
520,11.0,0.392192,0.432812,0.324097,3.502380,0.109825,AUT,633219.123441,0.021034,0.019146,0.019228,0.070207,0.001666,neutron,pi+,solid
521,11.0,0.427851,0.414468,0.323950,3.659544,0.124600,AUT,429157.698677,0.036716,0.029586,0.029576,0.070207,0.001742,neutron,pi+,solid
522,11.0,0.241496,0.644252,0.325657,3.209972,0.249491,AUT,170768.900802,0.054446,0.042552,0.042295,0.070207,0.001397,neutron,pi+,solid
523,11.0,0.262563,0.641823,0.326128,3.478784,0.247448,AUT,110268.493619,0.059631,0.049472,0.049359,0.070207,0.001436,neutron,pi+,solid
524,11.0,0.277255,0.645834,0.325775,3.696179,0.247805,AUT,86593.399090,0.065956,0.055584,0.055408,0.070207,0.001462,neutron,pi+,solid
525,11.0,0.290254,0.634197,0.325563,3.798975,0.246702,AUT,55205.525735,0.076464,0.067653,0.067562,0.070207,0.001485,neutron,pi+,solid
526,11.0,0.305645,0.585018,0.323241,3.688670,0.271726,AUT,17821.407912,0.106348,0.116095,0.116173,0.070207,0.001510,neutron,pi+,solid
527,11.0,0.326522,0.495225,0.314100,3.335630,0.357191,AUT,6626.152281,0.163287,0.295763,0.295387,0.070207,0.001541,neutron,pi+,solid
528,11.0,0.349719,0.451087,0.317235,3.255030,0.339853,AUT,6788.475246,0.229656,0.275242,0.275625,0.070207,0.001582,neutron,pi+,solid
529,11.0,0.375233,0.422852,0.327658,3.274299,0.266636,AUT,13755.035462,0.265655,0.203104,0.202761,0.070207,0.001634,neutron,pi+,solid
530,11.0,0.403655,0.405706,0.329965,3.380020,0.232807,AUT,36344.456355,0.288097,0.183352,0.184125,0.070207,0.001692,neutron,pi+,solid
531,11.0,0.438420,0.407931,0.329554,3.691718,0.222756,AUT,36616.275886,0.439876,0.262012,0.261246,0.070207,0.001769,neutron,pi+,solid
532,11.0,0.255800,0.611351,0.321931,3.223317,0.511017,AUT,411781.787012,0.024924,0.033907,0.033909,0.070207,0.001421,neutron,pi+,solid
533,11.0,0.289570,0.561791,0.322208,3.354656,0.510089,AUT,474538.215314,0.019634,0.033158,0.033077,0.070207,0.001480,neutron,pi+,solid
534,11.0,0.326176,0.498005,0.322578,3.348951,0.505644,AUT,536003.471260,0.017639,0.034606,0.034554,0.070207,0.001544,neutron,pi+,solid
535,11.0,0.372573,0.446661,0.322884,3.430185,0.502835,AUT,558394.775976,0.022569,0.038829,0.038812,0.070207,0.001628,neutron,pi+,solid
536,11.0,0.422404,0.412029,0.322781,3.591858,0.503208,AUT,270141.115824,0.046433,0.067646,0.067613,0.070207,0.001729,neutron,pi+,solid
537,11.0,0.279344,0.587168,0.326759,3.366157,0.664218,AUT,354411.056065,0.021291,0.021366,0.021427,0.070207,0.001463,neutron,pi+,solid
538,11.0,0.364878,0.467895,0.326660,3.512245,0.661620,AUT,174879.399695,0.053305,0.043435,0.043183,0.070207,0.001615,neutron,pi+,solid
539,11.0,0.254315,0.610207,0.373958,3.199467,0.113908,AUT,696836.039170,0.014877,0.014608,0.014596,0.070207,0.001433,neutron,pi+,solid
540,11.0,0.279381,0.578402,0.374080,3.334894,0.107542,AUT,689258.570501,0.015127,0.014991,0.014996,0.070207,0.001479,neutron,pi+,solid
541,11.0,0.298019,0.547269,0.374256,3.365476,0.101160,AUT,691339.360413,0.015274,0.015183,0.015184,0.070207,0.001512,neutron,pi+,solid
542,11.0,0.317982,0.513331,0.374295,3.368267,0.097178,AUT,681339.745075,0.015636,0.015648,0.015638,0.070207,0.001548,neutron,pi+,solid
543,11.0,0.340506,0.485321,0.374174,3.410147,0.098806,AUT,692622.196158,0.015986,0.015946,0.015977,0.070207,0.001588,neutron,pi+,solid
544,11.0,0.368056,0.458727,0.374152,3.483409,0.107092,AUT,719506.884288,0.016743,0.016473,0.016445,0.070207,0.001640,neutron,pi+,solid
545,11.0,0.410639,0.423334,0.373670,3.584942,0.125906,AUT,676120.656525,0.023378,0.020514,0.020465,0.070207,0.001728,neutron,pi+,solid
546,11.0,0.244217,0.639035,0.375172,3.219447,0.260537,AUT,231210.466990,0.046483,0.036367,0.036570,0.070207,0.001415,neutron,pi+,solid
547,11.0,0.267552,0.634244,0.375861,3.503052,0.252807,AUT,155985.533197,0.048338,0.040682,0.040611,0.070207,0.001459,neutron,pi+,solid
548,11.0,0.284473,0.636539,0.375881,3.737478,0.249903,AUT,112064.834895,0.052144,0.045717,0.045649,0.070207,0.001490,neutron,pi+,solid
549,11.0,0.301748,0.609409,0.376950,3.794202,0.233866,AUT,41384.162935,0.070570,0.067694,0.068040,0.070207,0.001521,neutron,pi+,solid
550,11.0,0.329460,0.503599,0.381893,3.419068,0.213677,AUT,11617.536769,0.128771,0.125137,0.125367,0.070207,0.001571,neutron,pi+,solid
551,11.0,0.358566,0.445485,0.380294,3.296149,0.215724,AUT,32032.941935,0.184353,0.129963,0.130134,0.070207,0.001624,neutron,pi+,solid
552,11.0,0.388084,0.422170,0.377832,3.380516,0.222887,AUT,77821.225468,0.203758,0.127870,0.127861,0.070207,0.001681,neutron,pi+,solid
553,11.0,0.427016,0.409093,0.376800,3.605811,0.231565,AUT,114374.924703,0.194911,0.119868,0.119741,0.070207,0.001766,neutron,pi+,solid
554,11.0,0.259915,0.603266,0.370447,3.230502,0.540355,AUT,204477.568760,0.034104,0.051631,0.051641,0.070207,0.001442,neutron,pi+,solid
555,11.0,0.300689,0.535613,0.370357,3.318782,0.541756,AUT,246668.970703,0.025715,0.048898,0.048937,0.070207,0.001515,neutron,pi+,solid
556,11.0,0.349407,0.465982,0.370515,3.354616,0.542278,AUT,304668.312915,0.027206,0.049726,0.049749,0.070207,0.001603,neutron,pi+,solid
557,11.0,0.406948,0.415057,0.370266,3.483870,0.543630,AUT,214482.980244,0.048836,0.071837,0.071848,0.070207,0.001718,neutron,pi+,solid
558,11.0,0.287958,0.567843,0.375640,3.347376,0.670055,AUT,545105.001515,0.017279,0.023093,0.023111,0.070207,0.001493,neutron,pi+,solid
559,11.0,0.376955,0.457256,0.376826,3.549163,0.652656,AUT,228869.525795,0.036036,0.052425,0.052452,0.070207,0.001659,neutron,pi+,solid
560,11.0,0.289706,0.574477,0.377178,3.402933,0.868655,AUT,67357.550084,0.090777,0.072901,0.074874,0.070207,0.001496,neutron,pi+,solid
561,11.0,0.260749,0.600542,0.423814,3.227230,0.114983,AUT,769432.066298,0.014095,0.013913,0.013925,0.070207,0.001457,neutron,pi+,solid
562,11.0,0.291283,0.557506,0.424035,3.350123,0.109996,AUT,762371.857491,0.014559,0.014524,0.014536,0.070207,0.001514,neutron,pi+,solid
563,11.0,0.317697,0.513583,0.424123,3.366094,0.106216,AUT,769904.550105,0.014840,0.014833,0.014829,0.070207,0.001562,neutron,pi+,solid
564,11.0,0.349476,0.477279,0.423967,3.440864,0.108045,AUT,778578.860938,0.015427,0.015447,0.015370,0.070207,0.001622,neutron,pi+,solid
565,11.0,0.398478,0.433795,0.423744,3.561464,0.125786,AUT,759320.344413,0.019364,0.017910,0.017952,0.070207,0.001723,neutron,pi+,solid
566,11.0,0.248111,0.632858,0.424711,3.238841,0.271853,AUT,283838.621860,0.038413,0.031201,0.030924,0.070207,0.001435,neutron,pi+,solid
567,11.0,0.274699,0.625715,0.425327,3.548238,0.262405,AUT,199208.974084,0.038174,0.033560,0.033591,0.070207,0.001485,neutron,pi+,solid
568,11.0,0.295234,0.607296,0.425966,3.698868,0.248974,AUT,104858.191136,0.043797,0.042048,0.042038,0.070207,0.001524,neutron,pi+,solid
569,11.0,0.326050,0.507382,0.428513,3.409009,0.220127,AUT,48464.419955,0.062660,0.061141,0.061343,0.070207,0.001579,neutron,pi+,solid
570,11.0,0.360460,0.451773,0.427202,3.359696,0.226034,AUT,94494.328124,0.075963,0.060374,0.060364,0.070207,0.001644,neutron,pi+,solid
571,11.0,0.398119,0.419281,0.426013,3.443520,0.238527,AUT,171926.799695,0.088379,0.061285,0.061626,0.070207,0.001722,neutron,pi+,solid
572,11.0,0.437918,0.409642,0.425714,3.702745,0.248554,AUT,85947.669344,0.154151,0.103317,0.102682,0.070207,0.001816,neutron,pi+,solid
573,11.0,0.260975,0.604805,0.419999,3.248579,0.542644,AUT,70392.675972,0.047393,0.068897,0.069042,0.070207,0.001457,neutron,pi+,solid
574,11.0,0.312377,0.511657,0.418247,3.290776,0.563319,AUT,80812.324606,0.045703,0.100439,0.100327,0.070207,0.001550,neutron,pi+,solid
575,11.0,0.376103,0.433582,0.417388,3.356924,0.566238,AUT,88583.039701,0.066889,0.108824,0.108824,0.070207,0.001672,neutron,pi+,solid
576,11.0,0.437447,0.411834,0.413803,3.718914,0.567323,AUT,4978.475691,0.407171,0.553506,0.552399,0.070207,0.001810,neutron,pi+,solid
577,11.0,0.302599,0.541242,0.424053,3.339617,0.685356,AUT,633887.359568,0.016389,0.026714,0.026690,0.070207,0.001532,neutron,pi+,solid
578,11.0,0.390393,0.446014,0.422548,3.592277,0.662853,AUT,116648.497017,0.055119,0.090109,0.090061,0.070207,0.001705,neutron,pi+,solid
579,11.0,0.287145,0.580074,0.426750,3.408374,0.872755,AUT,108023.917223,0.040794,0.040757,0.040242,0.070207,0.001505,neutron,pi+,solid
580,11.0,0.268043,0.590116,0.473938,3.258246,0.117172,AUT,825276.997635,0.013714,0.013660,0.013678,0.070207,0.001484,neutron,pi+,solid
581,11.0,0.307636,0.528815,0.473930,3.354346,0.113224,AUT,840721.542167,0.014245,0.014214,0.014182,0.070207,0.001559,neutron,pi+,solid
582,11.0,0.350504,0.476816,0.473950,3.445489,0.112607,AUT,843810.693206,0.014964,0.014943,0.014971,0.070207,0.001642,neutron,pi+,solid
583,11.0,0.405007,0.429261,0.473622,3.584153,0.133252,AUT,420265.389495,0.027451,0.025033,0.025089,0.070207,0.001758,neutron,pi+,solid
584,11.0,0.252710,0.625524,0.474543,3.260028,0.278207,AUT,330868.527050,0.031678,0.026704,0.026629,0.070207,0.001455,neutron,pi+,solid
585,11.0,0.283698,0.610724,0.475052,3.575412,0.264270,AUT,217065.019706,0.031571,0.029592,0.029626,0.070207,0.001516,neutron,pi+,solid
586,11.0,0.315308,0.533961,0.476572,3.467962,0.232888,AUT,112195.111657,0.039880,0.039427,0.039588,0.070207,0.001575,neutron,pi+,solid
587,11.0,0.357311,0.458379,0.475879,3.377866,0.235418,AUT,158803.135351,0.046800,0.040949,0.040980,0.070207,0.001655,neutron,pi+,solid
588,11.0,0.406425,0.417848,0.475303,3.502484,0.254015,AUT,267689.902103,0.060319,0.044332,0.044364,0.070207,0.001762,neutron,pi+,solid
589,11.0,0.455087,0.408538,0.474875,3.837710,0.266915,AUT,25921.357026,0.260371,0.179850,0.179853,0.070207,0.001887,neutron,pi+,solid
590,11.0,0.257157,0.646268,0.474900,3.423807,0.467104,AUT,41734.971610,0.081742,0.075239,0.075001,0.070207,0.001464,neutron,pi+,solid
591,11.0,0.326077,0.487912,0.464436,3.270443,0.577128,AUT,12062.285345,0.149153,0.339355,0.338312,0.070207,0.001590,neutron,pi+,solid
592,11.0,0.384687,0.419378,0.461031,3.328973,0.581090,AUT,3926.224036,0.482327,0.709164,0.704654,0.070207,0.001706,neutron,pi+,solid
593,11.0,0.290961,0.557212,0.473396,3.317402,0.755830,AUT,474585.735244,0.019230,0.030415,0.030384,0.070207,0.001525,neutron,pi+,solid
594,11.0,0.366499,0.466334,0.470422,3.525386,0.703560,AUT,112218.986563,0.048696,0.086000,0.086346,0.070207,0.001673,neutron,pi+,solid
595,11.0,0.276484,0.576661,0.523861,3.280759,0.119073,AUT,883642.539088,0.013508,0.013485,0.013452,0.070207,0.001514,neutron,pi+,solid
596,11.0,0.331621,0.497308,0.523907,3.397422,0.115003,AUT,889750.702619,0.014353,0.014326,0.014339,0.070207,0.001622,neutron,pi+,solid
597,11.0,0.393578,0.440078,0.523511,3.568071,0.130307,AUT,441100.506788,0.024459,0.023170,0.023249,0.070207,0.001755,neutron,pi+,solid
598,11.0,0.258408,0.617606,0.524422,3.290597,0.280917,AUT,372905.616399,0.026503,0.023531,0.023475,0.070207,0.001480,neutron,pi+,solid
599,11.0,0.296679,0.576089,0.525403,3.521726,0.255258,AUT,224716.778478,0.028342,0.027905,0.027952,0.070207,0.001556,neutron,pi+,solid
600,11.0,0.346155,0.473589,0.525525,3.378432,0.241500,AUT,209964.487624,0.034000,0.032335,0.032328,0.070207,0.001652,neutron,pi+,solid
601,11.0,0.406267,0.420649,0.524849,3.522570,0.266304,AUT,332916.782856,0.047304,0.036569,0.036537,0.070207,0.001785,neutron,pi+,solid
602,11.0,0.257340,0.660694,0.526734,3.509332,0.444109,AUT,57169.727191,0.107383,0.082781,0.082868,0.070207,0.001480,neutron,pi+,solid
603,11.0,0.326673,0.523326,0.520041,3.487278,0.501066,AUT,346.501584,0.835516,1.189520,1.238211,0.070207,0.001611,neutron,pi+,solid
604,11.0,0.437722,0.409002,0.532689,3.697050,0.408288,AUT,613.152573,8.841607,5.022407,5.038746,0.070207,0.001871,neutron,pi+,solid
605,11.0,0.293422,0.556061,0.521919,3.335683,0.796903,AUT,310153.360263,0.024268,0.040366,0.040360,0.070207,0.001545,neutron,pi+,solid
606,11.0,0.402956,0.466633,0.507802,3.881158,0.681227,AUT,151.526508,3.052582,5.208631,5.117377,0.070207,0.001771,neutron,pi+,solid
607,11.0,0.287135,0.559322,0.573796,3.298465,0.120718,AUT,920133.905000,0.013564,0.013477,0.013479,0.070207,0.001552,neutron,pi+,solid
608,11.0,0.364237,0.466145,0.573581,3.489575,0.123591,AUT,726807.026130,0.017087,0.016923,0.016913,0.070207,0.001712,neutron,pi+,solid
609,11.0,0.264759,0.609009,0.574447,3.323057,0.281307,AUT,399546.875054,0.023429,0.021750,0.021757,0.070207,0.001508,neutron,pi+,solid
610,11.0,0.317133,0.524612,0.575210,3.422038,0.249865,AUT,268826.428232,0.026487,0.026127,0.026226,0.070207,0.001614,neutron,pi+,solid
611,11.0,0.389723,0.435414,0.573669,3.493714,0.266868,AUT,382624.195278,0.034422,0.029131,0.029163,0.070207,0.001771,neutron,pi+,solid
612,11.0,0.259444,0.654948,0.576018,3.507395,0.455478,AUT,79124.104322,0.086780,0.068190,0.068253,0.070207,0.001500,neutron,pi+,solid
613,11.0,0.408565,0.426818,0.576915,3.598212,0.409984,AUT,1744.004238,1.910866,1.166768,1.176054,0.070207,0.001819,neutron,pi+,solid
614,11.0,0.278396,0.582882,0.571398,3.330063,0.864018,AUT,148520.224126,0.036874,0.058914,0.058546,0.070207,0.001533,neutron,pi+,solid
615,11.0,0.302317,0.538358,0.623848,3.331275,0.120600,AUT,965705.920514,0.013628,0.013574,0.013595,0.070207,0.001602,neutron,pi+,solid
616,11.0,0.383017,0.453186,0.622770,3.578712,0.127742,AUT,236128.006453,0.031997,0.031191,0.031241,0.070207,0.001783,neutron,pi+,solid
617,11.0,0.272229,0.594725,0.624437,3.332194,0.279591,AUT,430176.483915,0.021387,0.020554,0.020525,0.070207,0.001542,neutron,pi+,solid
618,11.0,0.348303,0.478499,0.624100,3.425934,0.261923,AUT,373203.215216,0.025189,0.024229,0.024319,0.070207,0.001702,neutron,pi+,solid
619,11.0,0.409560,0.441106,0.618936,3.728404,0.267496,AUT,53671.873554,0.093479,0.079831,0.080342,0.070207,0.001849,neutron,pi+,solid
620,11.0,0.260842,0.648243,0.625438,3.489870,0.464447,AUT,93401.358698,0.076262,0.060763,0.061019,0.070207,0.001520,neutron,pi+,solid
621,11.0,0.385982,0.449152,0.622099,3.580434,0.410941,AUT,1372.667892,2.526240,1.621517,1.585596,0.070207,0.001789,neutron,pi+,solid
622,11.0,0.265227,0.612584,0.620099,3.344371,0.891465,AUT,52513.547092,0.064268,0.095294,0.095075,0.070207,0.001525,neutron,pi+,solid
623,11.0,0.272050,0.587356,0.673968,3.289596,0.204423,AUT,655963.620109,0.016468,0.016291,0.016294,0.070207,0.001561,neutron,pi+,solid
624,11.0,0.327476,0.504378,0.673643,3.401862,0.175879,AUT,649517.655523,0.017438,0.017363,0.017420,0.070207,0.001681,neutron,pi+,solid
625,11.0,0.378419,0.471875,0.669387,3.684849,0.173373,AUT,147524.715343,0.039808,0.039356,0.039610,0.070207,0.001801,neutron,pi+,solid
626,11.0,0.261687,0.642579,0.675119,3.469703,0.481658,AUT,104791.868764,0.066271,0.054631,0.054645,0.070207,0.001541,neutron,pi+,solid
627,11.0,0.354800,0.497487,0.670142,3.636493,0.412325,AUT,576.411286,0.759718,0.707319,0.717793,0.070207,0.001744,neutron,pi+,solid
628,11.0,0.311035,0.651955,0.323927,4.183795,0.111575,AUT,396162.436113,0.020970,0.020594,0.020467,0.070207,0.001521,neutron,pi+,solid
629,11.0,0.336601,0.633100,0.324178,4.398437,0.107258,AUT,406366.880397,0.021142,0.020737,0.020776,0.070207,0.001567,neutron,pi+,solid
630,11.0,0.358146,0.620171,0.324198,4.583928,0.103612,AUT,401390.342253,0.021593,0.021341,0.021317,0.070207,0.001606,neutron,pi+,solid
631,11.0,0.383263,0.584239,0.324457,4.619639,0.096136,AUT,391330.173602,0.022150,0.022097,0.022143,0.070207,0.001654,neutron,pi+,solid
632,11.0,0.420378,0.521271,0.324242,4.516771,0.097543,AUT,392011.584237,0.023534,0.023311,0.023258,0.070207,0.001730,neutron,pi+,solid
633,11.0,0.469588,0.455318,0.323863,4.410023,0.121291,AUT,205223.668813,0.045992,0.040084,0.039984,0.070207,0.001846,neutron,pi+,solid
634,11.0,0.304769,0.662193,0.326251,4.164763,0.239445,AUT,99736.632883,0.071566,0.057925,0.057460,0.070207,0.001511,neutron,pi+,solid
635,11.0,0.328216,0.653461,0.327108,4.427162,0.232011,AUT,65557.748573,0.074463,0.065539,0.065487,0.070207,0.001553,neutron,pi+,solid
636,11.0,0.348611,0.652663,0.327578,4.696471,0.228755,AUT,47365.281964,0.079035,0.073712,0.073642,0.070207,0.001591,neutron,pi+,solid
637,11.0,0.369496,0.632297,0.329042,4.820613,0.222392,AUT,15647.150550,0.110762,0.120075,0.120273,0.070207,0.001631,neutron,pi+,solid
638,11.0,0.424107,0.488826,0.332705,4.270310,0.215460,AUT,7190.933720,0.273153,0.222283,0.221849,0.070207,0.001741,neutron,pi+,solid
639,11.0,0.473040,0.442949,0.328830,4.323445,0.221454,AUT,29864.972608,0.525039,0.312005,0.310549,0.070207,0.001858,neutron,pi+,solid
640,11.0,0.321283,0.644756,0.321002,4.272075,0.525577,AUT,192964.942281,0.037234,0.054946,0.054824,0.070207,0.001538,neutron,pi+,solid
641,11.0,0.375745,0.589392,0.320865,4.558338,0.529057,AUT,204615.209106,0.030875,0.056527,0.056500,0.070207,0.001638,neutron,pi+,solid
642,11.0,0.450909,0.470975,0.321381,4.371110,0.525252,AUT,139215.488848,0.053256,0.086674,0.086610,0.070207,0.001798,neutron,pi+,solid
643,11.0,0.354511,0.614240,0.326570,4.461940,0.677903,AUT,260244.284018,0.026252,0.029348,0.029377,0.070207,0.001600,neutron,pi+,solid
644,11.0,0.463206,0.472446,0.328834,4.515538,0.635477,AUT,11272.494289,0.209395,0.265836,0.266869,0.070207,0.001833,neutron,pi+,solid
645,11.0,0.317478,0.646123,0.373819,4.231431,0.113228,AUT,436253.024267,0.019939,0.019702,0.019733,0.070207,0.001550,neutron,pi+,solid
646,11.0,0.350717,0.624232,0.373963,4.518108,0.110756,AUT,451856.332021,0.020291,0.020183,0.020152,0.070207,0.001612,neutron,pi+,solid
647,11.0,0.384821,0.580923,0.374188,4.609931,0.106117,AUT,451369.883347,0.021003,0.020893,0.020858,0.070207,0.001679,neutron,pi+,solid
648,11.0,0.441541,0.492584,0.373838,4.473121,0.115625,AUT,406120.389705,0.025353,0.024443,0.024576,0.070207,0.001805,neutron,pi+,solid
649,11.0,0.307580,0.659291,0.375368,4.184438,0.254044,AUT,141987.769527,0.056972,0.046510,0.046464,0.070207,0.001533,neutron,pi+,solid
650,11.0,0.334868,0.648032,0.375888,4.479314,0.242326,AUT,103831.919248,0.056021,0.049985,0.049977,0.070207,0.001584,neutron,pi+,solid
651,11.0,0.359128,0.639866,0.376535,4.741987,0.234779,AUT,65552.622237,0.060494,0.058658,0.058869,0.070207,0.001630,neutron,pi+,solid
652,11.0,0.406923,0.533015,0.378950,4.460639,0.220238,AUT,27231.811831,0.096805,0.091902,0.091790,0.070207,0.001727,neutron,pi+,solid
653,11.0,0.467609,0.450088,0.376617,4.340206,0.234470,AUT,58968.463756,0.193574,0.129350,0.128872,0.070207,0.001873,neutron,pi+,solid
654,11.0,0.326053,0.640860,0.368998,4.308279,0.553111,AUT,68177.105558,0.063824,0.110202,0.110037,0.070207,0.001564,neutron,pi+,solid
655,11.0,0.405758,0.535858,0.368310,4.449121,0.557669,AUT,76326.797647,0.054119,0.102762,0.102551,0.070207,0.001720,neutron,pi+,solid
656,11.0,0.482779,0.438818,0.366955,4.373496,0.557232,AUT,8730.684844,0.295113,0.415864,0.415594,0.070207,0.001909,neutron,pi+,solid
657,11.0,0.362089,0.601558,0.374898,4.447631,0.697451,AUT,322959.122269,0.024048,0.032350,0.032477,0.070207,0.001634,neutron,pi+,solid
658,11.0,0.325511,0.640197,0.423814,4.297557,0.115200,AUT,483206.438998,0.019153,0.019054,0.019071,0.070207,0.001582,neutron,pi+,solid
659,11.0,0.372632,0.598092,0.423765,4.594515,0.114205,AUT,496428.891445,0.019891,0.019813,0.019913,0.070207,0.001675,neutron,pi+,solid
660,11.0,0.434892,0.503513,0.423900,4.500757,0.118789,AUT,359116.785465,0.026416,0.025767,0.025759,0.070207,0.001814,neutron,pi+,solid
661,11.0,0.311917,0.655570,0.424911,4.218952,0.268394,AUT,178280.677747,0.046201,0.039147,0.038984,0.070207,0.001556,neutron,pi+,solid
662,11.0,0.344976,0.642416,0.425436,4.574233,0.252126,AUT,134880.582146,0.044797,0.041551,0.041633,0.070207,0.001621,neutron,pi+,solid
663,11.0,0.384405,0.585914,0.426753,4.634634,0.231535,AUT,70507.395024,0.054666,0.054109,0.054194,0.070207,0.001700,neutron,pi+,solid
664,11.0,0.459899,0.459492,0.425824,4.353211,0.245723,AUT,91701.836265,0.101603,0.076451,0.076545,0.070207,0.001879,neutron,pi+,solid
665,11.0,0.327073,0.640648,0.417889,4.317513,0.558738,AUT,14408.536434,0.136286,0.257431,0.258098,0.070207,0.001582,neutron,pi+,solid
666,11.0,0.415285,0.516652,0.414226,4.394829,0.577359,AUT,8469.513326,0.194256,0.377972,0.380852,0.070207,0.001762,neutron,pi+,solid
667,11.0,0.359473,0.604513,0.423266,4.443961,0.741239,AUT,249929.380823,0.028219,0.042266,0.042293,0.070207,0.001647,neutron,pi+,solid
668,11.0,0.335610,0.633203,0.473815,4.380227,0.117196,AUT,516089.236616,0.018875,0.018813,0.018794,0.070207,0.001618,neutron,pi+,solid
669,11.0,0.410985,0.540254,0.473653,4.551764,0.120417,AUT,480723.048723,0.021932,0.021565,0.021627,0.070207,0.001781,neutron,pi+,solid
670,11.0,0.317602,0.651195,0.474494,4.266531,0.277372,AUT,217754.547509,0.038402,0.033644,0.033584,0.070207,0.001583,neutron,pi+,solid
671,11.0,0.359787,0.626312,0.475322,4.646947,0.254637,AUT,150258.484192,0.038441,0.037707,0.037544,0.070207,0.001669,neutron,pi+,solid
672,11.0,0.444494,0.482197,0.475463,4.399812,0.252690,AUT,139701.353796,0.055595,0.048944,0.048713,0.070207,0.001865,neutron,pi+,solid
673,11.0,0.313577,0.666599,0.478477,4.312042,0.437260,AUT,8285.306259,0.187721,0.198936,0.198695,0.070207,0.001577,neutron,pi+,solid
674,11.0,0.450457,0.467923,0.472904,4.315948,0.504196,AUT,142.545484,2.690120,2.155323,2.257958,0.070207,0.001880,neutron,pi+,solid
675,11.0,0.351933,0.615123,0.472561,4.440301,0.802400,AUT,152533.837290,0.037612,0.059133,0.059386,0.070207,0.001650,neutron,pi+,solid
676,11.0,0.350107,0.617685,0.523677,4.448289,0.119523,AUT,547947.669018,0.018828,0.018793,0.018795,0.070207,0.001667,neutron,pi+,solid
677,11.0,0.433400,0.506754,0.523606,4.516235,0.124808,AUT,192275.839495,0.036541,0.035965,0.036036,0.070207,0.001863,neutron,pi+,solid
678,11.0,0.324536,0.646660,0.524372,4.328583,0.282539,AUT,246023.985352,0.033134,0.030267,0.030210,0.070207,0.001615,neutron,pi+,solid
679,11.0,0.389697,0.572801,0.525099,4.577679,0.254598,AUT,178449.975788,0.036253,0.035411,0.035446,0.070207,0.001756,neutron,pi+,solid
680,11.0,0.470638,0.449557,0.524382,4.364604,0.274905,AUT,65953.040588,0.114798,0.089259,0.089413,0.070207,0.001969,neutron,pi+,solid
681,11.0,0.315996,0.666363,0.528096,4.345216,0.430383,AUT,20467.606936,0.139885,0.126734,0.127560,0.070207,0.001600,neutron,pi+,solid
682,11.0,0.474682,0.440606,0.528716,4.317463,0.409818,AUT,724.724327,6.588332,3.783150,3.765895,0.070207,0.001984,neutron,pi+,solid
683,11.0,0.342165,0.628834,0.522268,4.425437,0.862635,AUT,83241.082246,0.054175,0.086350,0.086084,0.070207,0.001650,neutron,pi+,solid
684,11.0,0.323510,0.643196,0.573884,4.291621,0.204946,AUT,375063.607613,0.023335,0.022687,0.022729,0.070207,0.001634,neutron,pi+,solid
685,11.0,0.371463,0.601260,0.574142,4.602793,0.177351,AUT,367973.981411,0.024189,0.024037,0.024016,0.070207,0.001739,neutron,pi+,solid
686,11.0,0.436919,0.498686,0.573537,4.481210,0.188466,AUT,233710.088229,0.035582,0.034126,0.034224,0.070207,0.001904,neutron,pi+,solid
687,11.0,0.320340,0.659934,0.576002,4.360832,0.472246,AUT,39991.792632,0.092622,0.086060,0.085809,0.070207,0.001628,neutron,pi+,solid
688,11.0,0.428217,0.508679,0.571565,4.458085,0.521253,AUT,1783.610254,0.551754,0.467577,0.475077,0.070207,0.001878,neutron,pi+,solid
689,11.0,0.332303,0.637471,0.623900,4.367422,0.206703,AUT,398860.452961,0.022775,0.022417,0.022463,0.070207,0.001676,neutron,pi+,solid
690,11.0,0.402301,0.554284,0.623492,4.579466,0.185264,AUT,337498.590661,0.026879,0.026694,0.026593,0.070207,0.001843,neutron,pi+,solid
691,11.0,0.323047,0.657963,0.625641,4.384172,0.455033,AUT,48085.469651,0.089681,0.079695,0.080280,0.070207,0.001657,neutron,pi+,solid
692,11.0,0.431990,0.490667,0.619113,4.377748,0.413418,AUT,643.089288,1.906751,1.281154,1.305425,0.070207,0.001920,neutron,pi+,solid
693,11.0,0.344123,0.625576,0.673856,4.432068,0.208556,AUT,419221.211887,0.022729,0.022495,0.022472,0.070207,0.001730,neutron,pi+,solid
694,11.0,0.412298,0.546018,0.672071,4.642082,0.180505,AUT,115317.852228,0.046968,0.046673,0.046630,0.070207,0.001904,neutron,pi+,solid
695,11.0,0.325108,0.655308,0.675131,4.393342,0.471147,AUT,58062.832343,0.079538,0.071727,0.072429,0.070207,0.001687,neutron,pi+,solid
696,11.0,0.387807,0.651862,0.324161,5.215622,0.107830,AUT,279489.864885,0.026964,0.026489,0.026501,0.070207,0.001665,neutron,pi+,solid
697,11.0,0.418139,0.627187,0.324286,5.412593,0.102083,AUT,277700.951877,0.027600,0.027445,0.027429,0.070207,0.001728,neutron,pi+,solid
698,11.0,0.442900,0.600122,0.324281,5.484932,0.097715,AUT,271726.810447,0.028671,0.028530,0.028598,0.070207,0.001785,neutron,pi+,solid
699,11.0,0.474855,0.563265,0.324397,5.518320,0.098165,AUT,276238.687751,0.029670,0.029656,0.029656,0.070207,0.001866,neutron,pi+,solid
700,11.0,0.522668,0.521368,0.324064,5.620475,0.110313,AUT,181327.540941,0.042086,0.040641,0.040535,0.070207,0.002008,neutron,pi+,solid
701,11.0,0.382004,0.664475,0.327983,5.238228,0.227726,AUT,38678.155933,0.089847,0.085135,0.083921,0.070207,0.001656,neutron,pi+,solid
702,11.0,0.416733,0.656060,0.328810,5.643235,0.222294,AUT,15561.661954,0.119166,0.126265,0.125824,0.070207,0.001729,neutron,pi+,solid
703,11.0,0.446630,0.612768,0.331688,5.643141,0.215333,AUT,4576.237092,0.225280,0.233169,0.232906,0.070207,0.001799,neutron,pi+,solid
704,11.0,0.504823,0.521805,0.330536,5.433642,0.217353,AUT,14250.253101,0.356962,0.247594,0.248091,0.070207,0.001956,neutron,pi+,solid
705,11.0,0.546809,0.502385,0.328033,5.670394,0.225288,AUT,9352.778047,0.701104,0.443488,0.445432,0.070207,0.002094,neutron,pi+,solid
706,11.0,0.406929,0.634316,0.320045,5.319798,0.536849,AUT,106244.571890,0.046577,0.082963,0.082859,0.070207,0.001702,neutron,pi+,solid
707,11.0,0.484437,0.551930,0.319668,5.500382,0.542446,AUT,99549.879320,0.053819,0.099734,0.099902,0.070207,0.001890,neutron,pi+,solid
708,11.0,0.436341,0.606491,0.326396,5.427018,0.672290,AUT,156102.414297,0.037544,0.049094,0.049083,0.070207,0.001772,neutron,pi+,solid
709,11.0,0.394831,0.645229,0.373880,5.254810,0.111752,AUT,311484.134632,0.025722,0.025597,0.025608,0.070207,0.001703,neutron,pi+,solid
710,11.0,0.432710,0.611437,0.374050,5.459190,0.108851,AUT,309919.846719,0.026869,0.026803,0.026775,0.070207,0.001788,neutron,pi+,solid
711,11.0,0.474512,0.564458,0.374023,5.523264,0.106663,AUT,318649.845209,0.027990,0.028026,0.028031,0.070207,0.001897,neutron,pi+,solid
712,11.0,0.529797,0.516418,0.373788,5.644688,0.118877,AUT,100118.444416,0.058604,0.056558,0.056344,0.070207,0.002072,neutron,pi+,solid
713,11.0,0.386263,0.660127,0.376023,5.261296,0.238679,AUT,64723.547566,0.066466,0.062837,0.063114,0.070207,0.001686,neutron,pi+,solid
714,11.0,0.425583,0.640639,0.377527,5.625468,0.228196,AUT,29480.516681,0.086599,0.088828,0.088883,0.070207,0.001774,neutron,pi+,solid
715,11.0,0.476092,0.553925,0.378408,5.437406,0.221520,AUT,26601.940558,0.114074,0.106383,0.106270,0.070207,0.001903,neutron,pi+,solid
716,11.0,0.530314,0.511467,0.376482,5.595820,0.235735,AUT,32111.515135,0.203703,0.150523,0.150157,0.070207,0.002076,neutron,pi+,solid
717,11.0,0.411870,0.627711,0.367246,5.323723,0.562237,AUT,27850.394594,0.090028,0.197925,0.197004,0.070207,0.001737,neutron,pi+,solid
718,11.0,0.491646,0.541956,0.365781,5.487454,0.568462,AUT,13700.387135,0.172755,0.330164,0.331202,0.070207,0.001942,neutron,pi+,solid
719,11.0,0.435804,0.605863,0.373854,5.416734,0.699766,AUT,160665.921311,0.037246,0.058838,0.058756,0.070207,0.001797,neutron,pi+,solid
720,11.0,0.403474,0.637623,0.423765,5.304796,0.115539,AUT,336837.039428,0.025349,0.025167,0.025080,0.070207,0.001744,neutron,pi+,solid
721,11.0,0.456657,0.583837,0.423864,5.496599,0.112881,AUT,342282.019450,0.026775,0.026761,0.026720,0.070207,0.001876,neutron,pi+,solid
722,11.0,0.517829,0.526080,0.423668,5.617954,0.118926,AUT,121028.838144,0.051079,0.050101,0.050228,0.070207,0.002067,neutron,pi+,solid
723,11.0,0.391255,0.655889,0.425537,5.294315,0.250205,AUT,88819.383922,0.054793,0.052267,0.052202,0.070207,0.001718,neutron,pi+,solid
724,11.0,0.439915,0.611043,0.426557,5.541067,0.231221,AUT,52182.353107,0.066958,0.067150,0.067168,0.070207,0.001834,neutron,pi+,solid
725,11.0,0.510842,0.526606,0.425831,5.542725,0.243148,AUT,68873.357983,0.090509,0.078072,0.078030,0.070207,0.002044,neutron,pi+,solid
726,11.0,0.413095,0.625827,0.413833,5.317684,0.576693,AUT,2870.566776,0.282567,0.778048,0.770112,0.070207,0.001762,neutron,pi+,solid
727,11.0,0.498298,0.532859,0.408794,5.475658,0.586456,AUT,330.026053,1.917701,3.342596,3.328112,0.070207,0.001990,neutron,pi+,solid
728,11.0,0.427956,0.613723,0.422608,5.396034,0.749772,AUT,102577.319014,0.047423,0.082663,0.082657,0.070207,0.001802,neutron,pi+,solid
729,11.0,0.414244,0.627153,0.473735,5.353051,0.118966,AUT,357531.555436,0.025182,0.025032,0.025042,0.070207,0.001793,neutron,pi+,solid
730,11.0,0.486672,0.554315,0.473733,5.554334,0.117211,AUT,239329.752399,0.034129,0.034065,0.034016,0.070207,0.001997,neutron,pi+,solid
731,11.0,0.398304,0.649301,0.475108,5.333684,0.258346,AUT,116919.242635,0.046061,0.044643,0.044803,0.070207,0.001756,neutron,pi+,solid
732,11.0,0.467810,0.571061,0.475620,5.499378,0.242510,AUT,91928.943834,0.055652,0.054605,0.054593,0.070207,0.001939,neutron,pi+,solid
733,11.0,0.535467,0.509331,0.474923,5.627763,0.265428,AUT,33199.959667,0.152607,0.126008,0.125811,0.070207,0.002173,neutron,pi+,solid
734,11.0,0.384211,0.671485,0.481641,5.324619,0.423676,AUT,620.587827,0.560991,1.059314,1.064659,0.070207,0.001727,neutron,pi+,solid
735,11.0,0.547525,0.492084,0.489091,5.563479,0.408934,AUT,58.587040,29.930644,18.345596,18.110854,0.070207,0.002235,neutron,pi+,solid
736,11.0,0.417036,0.626173,0.471530,5.373577,0.809743,AUT,49120.199597,0.069500,0.123525,0.123591,0.070207,0.001799,neutron,pi+,solid
737,11.0,0.430719,0.609942,0.523788,5.401827,0.120317,AUT,379422.940466,0.025245,0.025219,0.025179,0.070207,0.001863,neutron,pi+,solid
738,11.0,0.517604,0.526850,0.523585,5.623831,0.123858,AUT,61719.603908,0.073410,0.072527,0.072755,0.070207,0.002145,neutron,pi+,solid
739,11.0,0.406516,0.640192,0.524816,5.363609,0.263602,AUT,142703.373620,0.041313,0.040676,0.040681,0.070207,0.001801,neutron,pi+,solid
740,11.0,0.493802,0.544804,0.524838,5.534484,0.260790,AUT,104881.306557,0.058682,0.055906,0.056066,0.070207,0.002059,neutron,pi+,solid
741,11.0,0.403055,0.642577,0.522051,5.331460,0.637272,AUT,7501.594340,0.171179,0.295537,0.296729,0.070207,0.001791,neutron,pi+,solid
742,11.0,0.523724,0.514244,0.526130,5.549551,0.455878,AUT,515.014065,2.286888,1.616790,1.581521,0.070207,0.002171,neutron,pi+,solid
743,11.0,0.403386,0.639541,0.573885,5.319303,0.189054,AUT,255310.819186,0.030496,0.030277,0.030303,0.070207,0.001821,neutron,pi+,solid
744,11.0,0.466020,0.573874,0.574034,5.508931,0.174806,AUT,255400.735192,0.033190,0.033238,0.033128,0.070207,0.002002,neutron,pi+,solid
745,11.0,0.531626,0.516981,0.571875,5.671648,0.195635,AUT,38645.166733,0.107309,0.101197,0.101219,0.070207,0.002250,neutron,pi+,solid
746,11.0,0.398044,0.652233,0.573523,5.336608,0.616827,AUT,12331.434487,0.137944,0.166349,0.164698,0.070207,0.001809,neutron,pi+,solid
747,11.0,0.544456,0.525177,0.558831,5.902337,0.408392,AUT,11.372149,56.536348,24.756560,36.195583,0.070207,0.002296,neutron,pi+,solid
748,11.0,0.413525,0.629182,0.624018,5.360347,0.195269,AUT,273298.430396,0.030418,0.030098,0.030087,0.070207,0.001881,neutron,pi+,solid
749,11.0,0.480797,0.560030,0.622943,5.551027,0.182744,AUT,141029.861765,0.046833,0.046754,0.046756,0.070207,0.002096,neutron,pi+,solid
750,11.0,0.396707,0.656857,0.626303,5.365750,0.459341,AUT,11018.481364,0.159054,0.164870,0.163547,0.070207,0.001838,neutron,pi+,solid
751,11.0,0.411276,0.632021,0.674078,5.355947,0.219989,AUT,219806.276183,0.034338,0.034064,0.034078,0.070207,0.001911,neutron,pi+,solid
752,11.0,0.468245,0.577298,0.670753,5.577067,0.179538,AUT,78663.295816,0.062108,0.062212,0.062194,0.070207,0.002095,neutron,pi+,solid
753,11.0,0.477281,0.643841,0.324221,6.337107,0.103410,AUT,284672.681328,0.029554,0.029414,0.029433,0.070207,0.001875,neutron,pi+,solid
754,11.0,0.540344,0.600799,0.324141,6.696268,0.101759,AUT,289030.055949,0.032381,0.032159,0.032158,0.070207,0.002072,neutron,pi+,solid
755,11.0,0.597322,0.586090,0.324191,7.228043,0.105167,AUT,93487.178536,0.063435,0.062981,0.063055,0.070207,0.002303,neutron,pi+,solid
756,11.0,0.468349,0.659709,0.329339,6.371563,0.220695,AUT,13826.224183,0.131868,0.142401,0.143761,0.070207,0.001855,neutron,pi+,solid
757,11.0,0.568367,0.567052,0.329876,6.648401,0.219201,AUT,16724.499903,0.209185,0.175436,0.174918,0.070207,0.002183,neutron,pi+,solid
758,11.0,0.625461,0.590274,0.329123,7.621484,0.219695,AUT,1079.343098,1.167569,0.895638,0.895323,0.070207,0.002447,neutron,pi+,solid
759,11.0,0.505909,0.622792,0.322375,6.484342,0.608737,AUT,121437.708300,0.046697,0.084462,0.084266,0.070207,0.001958,neutron,pi+,solid
760,11.0,0.591471,0.586723,0.319859,7.164923,0.587695,AUT,14123.799981,0.176561,0.329155,0.328779,0.070207,0.002271,neutron,pi+,solid
761,11.0,0.489671,0.635059,0.373970,6.409474,0.111098,AUT,319467.621132,0.028834,0.028671,0.028711,0.070207,0.001945,neutron,pi+,solid
762,11.0,0.567853,0.591568,0.373893,6.931811,0.110175,AUT,214425.707054,0.040146,0.040246,0.040116,0.070207,0.002226,neutron,pi+,solid
763,11.0,0.482405,0.644495,0.377603,6.402984,0.226703,AUT,36244.754208,0.085040,0.086058,0.085939,0.070207,0.001926,neutron,pi+,solid
764,11.0,0.574743,0.573099,0.377047,6.799325,0.230510,AUT,33744.338011,0.131550,0.117683,0.117905,0.070207,0.002258,neutron,pi+,solid
765,11.0,0.504228,0.627532,0.371875,6.514296,0.684549,AUT,66508.015653,0.063948,0.117093,0.116896,0.070207,0.001990,neutron,pi+,solid
766,11.0,0.636783,0.602166,0.359017,7.915191,0.567449,AUT,2.069581,29.992339,64.572194,64.110226,0.070207,0.002552,neutron,pi+,solid
767,11.0,0.508762,0.622409,0.423877,6.518062,0.115325,AUT,351433.049611,0.028752,0.028732,0.028737,0.070207,0.002042,neutron,pi+,solid
768,11.0,0.596460,0.586792,0.423501,7.226139,0.114230,AUT,56562.667927,0.084354,0.084319,0.084538,0.070207,0.002411,neutron,pi+,solid
769,11.0,0.498252,0.629438,0.426236,6.451294,0.235969,AUT,70392.510177,0.064050,0.063667,0.063783,0.070207,0.002008,neutron,pi+,solid
770,11.0,0.585878,0.573509,0.425703,6.938540,0.244785,AUT,31334.746251,0.134404,0.123340,0.123444,0.070207,0.002359,neutron,pi+,solid
771,11.0,0.491440,0.637893,0.420708,6.460126,0.750890,AUT,28366.086040,0.098908,0.185009,0.187180,0.070207,0.001982,neutron,pi+,solid
772,11.0,0.484633,0.639016,0.474216,6.384082,0.153670,AUT,223628.616748,0.035350,0.035263,0.035189,0.070207,0.001995,neutron,pi+,solid
773,11.0,0.563449,0.591143,0.474126,6.871530,0.158527,AUT,198078.938971,0.043725,0.043429,0.043630,0.070207,0.002303,neutron,pi+,solid
774,11.0,0.476899,0.648812,0.469782,6.380074,0.802222,AUT,9903.217823,0.169734,0.324174,0.326080,0.070207,0.001968,neutron,pi+,solid
775,11.0,0.497304,0.629966,0.524075,6.453116,0.167651,AUT,245908.120294,0.035170,0.034989,0.034866,0.070207,0.002077,neutron,pi+,solid
776,11.0,0.579101,0.584877,0.524040,6.991977,0.176815,AUT,101593.288182,0.064780,0.064465,0.064456,0.070207,0.002437,neutron,pi+,solid
777,11.0,0.470417,0.654909,0.520559,6.343602,0.746604,AUT,2602.052099,0.333090,0.560791,0.551985,0.070207,0.001983,neutron,pi+,solid
778,11.0,0.498093,0.629541,0.574200,6.458606,0.183460,AUT,201607.785000,0.039622,0.039441,0.039567,0.070207,0.002124,neutron,pi+,solid
779,11.0,0.577263,0.591199,0.572345,7.045665,0.174827,AUT,65658.526698,0.081312,0.081451,0.081305,0.070207,0.002492,neutron,pi+,solid
780,11.0,0.506698,0.628822,0.623175,6.562843,0.191204,AUT,186707.495365,0.042796,0.042472,0.042779,0.070207,0.002210,neutron,pi+,solid
781,11.0,0.490252,0.641438,0.671718,6.484128,0.202711,AUT,104405.664957,0.056881,0.056658,0.056586,0.070207,0.002192,neutron,pi+,solid
782,8.8,0.104932,0.653575,0.323438,1.126698,0.142871,AUT,1941411.813099,0.015134,0.011086,0.011066,0.070207,0.001730,neutron,pi+,solid
783,8.8,0.125104,0.586288,0.324178,1.210485,0.120066,AUT,1811136.280516,0.010469,0.008909,0.008868,0.070207,0.001780,neutron,pi+,solid
784,8.8,0.139026,0.557075,0.324337,1.278511,0.104865,AUT,1743449.039192,0.009133,0.008362,0.008371,0.070207,0.001816,neutron,pi+,solid
785,8.8,0.151646,0.534870,0.324346,1.339083,0.093289,AUT,1668657.229300,0.008695,0.008292,0.008297,0.070207,0.001850,neutron,pi+,solid
786,8.8,0.164024,0.515953,0.324518,1.397213,0.084818,AUT,1674217.445332,0.008463,0.008239,0.008225,0.070207,0.001885,neutron,pi+,solid
787,8.8,0.176788,0.497611,0.324450,1.452399,0.077780,AUT,1673571.184278,0.008385,0.008266,0.008300,0.070207,0.001920,neutron,pi+,solid
788,8.8,0.190285,0.483564,0.324650,1.519253,0.073037,AUT,1598210.358460,0.008684,0.008580,0.008596,0.070207,0.001958,neutron,pi+,solid
789,8.8,0.206519,0.465399,0.324711,1.586596,0.067256,AUT,1559751.032535,0.008908,0.008871,0.008863,0.070207,0.002003,neutron,pi+,solid
790,8.8,0.231450,0.438680,0.324780,1.675152,0.065548,AUT,1593368.466022,0.009141,0.009081,0.009088,0.070207,0.002072,neutron,pi+,solid
791,8.8,0.268999,0.409045,0.324658,1.815242,0.077459,AUT,714311.838488,0.015789,0.014987,0.014904,0.070207,0.002173,neutron,pi+,solid
792,8.8,0.086575,0.747206,0.323165,1.066363,0.312164,AUT,1242898.863834,0.009779,0.009596,0.009645,0.070207,0.001687,neutron,pi+,solid
793,8.8,0.098393,0.695047,0.323592,1.128864,0.302738,AUT,1125899.706213,0.009896,0.009585,0.009607,0.070207,0.001714,neutron,pi+,solid
794,8.8,0.107339,0.663232,0.323548,1.175300,0.301599,AUT,1052100.252872,0.009849,0.009634,0.009627,0.070207,0.001735,neutron,pi+,solid
795,8.8,0.115838,0.637522,0.323546,1.219218,0.306310,AUT,1025757.478104,0.009755,0.009649,0.009649,0.070207,0.001756,neutron,pi+,solid
796,8.8,0.124663,0.611408,0.323114,1.258343,0.312404,AUT,996845.843647,0.009832,0.010033,0.010006,0.070207,0.001778,neutron,pi+,solid
797,8.8,0.134072,0.582891,0.322941,1.290128,0.319710,AUT,977362.923884,0.010076,0.010705,0.010734,0.070207,0.001803,neutron,pi+,solid
798,8.8,0.144309,0.552279,0.322684,1.315667,0.325984,AUT,1000821.541357,0.010133,0.011621,0.011600,0.070207,0.001830,neutron,pi+,solid
799,8.8,0.155598,0.518977,0.322570,1.332974,0.333270,AUT,997699.308881,0.010424,0.013444,0.013439,0.070207,0.001861,neutron,pi+,solid
800,8.8,0.168018,0.486749,0.322448,1.349914,0.338532,AUT,1008109.663122,0.010564,0.015695,0.015674,0.070207,0.001895,neutron,pi+,solid
801,8.8,0.181960,0.456208,0.322221,1.370282,0.342657,AUT,1050055.717080,0.010485,0.018130,0.018099,0.070207,0.001934,neutron,pi+,solid
802,8.8,0.199229,0.438940,0.321973,1.443759,0.348295,AUT,1049544.456266,0.010631,0.020832,0.020826,0.070207,0.001982,neutron,pi+,solid
803,8.8,0.225954,0.423037,0.321512,1.577578,0.353994,AUT,1040659.105915,0.011599,0.023357,0.023340,0.070207,0.002055,neutron,pi+,solid
804,8.8,0.265347,0.405147,0.320857,1.773976,0.360148,AUT,452112.155178,0.022097,0.041077,0.040857,0.070207,0.002161,neutron,pi+,solid
805,8.8,0.089089,0.737424,0.324728,1.081822,0.483575,AUT,1469877.255633,0.008497,0.008325,0.008329,0.070207,0.001693,neutron,pi+,solid
806,8.8,0.106377,0.666391,0.324851,1.169475,0.477865,AUT,1468834.743020,0.008435,0.008165,0.008165,0.070207,0.001733,neutron,pi+,solid
807,8.8,0.121992,0.620289,0.325350,1.248649,0.474180,AUT,1515944.528448,0.008108,0.008034,0.008042,0.070207,0.001772,neutron,pi+,solid
808,8.8,0.139035,0.581975,0.325521,1.335321,0.471551,AUT,1510481.223072,0.008137,0.008213,0.008208,0.070207,0.001816,neutron,pi+,solid
809,8.8,0.158496,0.545793,0.325787,1.427444,0.469653,AUT,1471848.695264,0.008567,0.008657,0.008639,0.070207,0.001869,neutron,pi+,solid
810,8.8,0.181450,0.511383,0.325982,1.531161,0.467722,AUT,1420871.843608,0.009416,0.009361,0.009373,0.070207,0.001934,neutron,pi+,solid
811,8.8,0.214156,0.467893,0.326366,1.650920,0.465880,AUT,1386619.144780,0.011031,0.010726,0.010733,0.070207,0.002025,neutron,pi+,solid
812,8.8,0.262001,0.416725,0.327201,1.800085,0.465253,AUT,488562.224778,0.024890,0.022699,0.022767,0.070207,0.002155,neutron,pi+,solid
813,8.8,0.137087,0.637191,0.329812,1.391667,0.640976,AUT,767481.724211,0.026756,0.023571,0.024374,0.070207,0.001810,neutron,pi+,solid
814,8.8,0.112325,0.622822,0.373553,1.148360,0.137264,AUT,2190053.952013,0.010923,0.008749,0.008746,0.070207,0.001757,neutron,pi+,solid
815,8.8,0.136505,0.555096,0.373985,1.250356,0.110843,AUT,2008639.400380,0.008324,0.007697,0.007677,0.070207,0.001820,neutron,pi+,solid
816,8.8,0.153822,0.525431,0.374209,1.334105,0.096434,AUT,1911684.122290,0.007944,0.007700,0.007696,0.070207,0.001869,neutron,pi+,solid
817,8.8,0.170179,0.501717,0.374394,1.409433,0.087253,AUT,1883450.605253,0.007898,0.007803,0.007821,0.070207,0.001915,neutron,pi+,solid
818,8.8,0.187056,0.481675,0.374456,1.487463,0.082028,AUT,1867985.119658,0.008051,0.007993,0.007993,0.070207,0.001964,neutron,pi+,solid
819,8.8,0.208055,0.462304,0.374494,1.587373,0.077029,AUT,1868824.740964,0.008244,0.008208,0.008189,0.070207,0.002024,neutron,pi+,solid
820,8.8,0.247349,0.425228,0.374499,1.732163,0.082727,AUT,1808567.140773,0.009152,0.008953,0.008971,0.070207,0.002133,neutron,pi+,solid
821,8.8,0.090111,0.728829,0.373453,1.081763,0.304947,AUT,1225060.566045,0.014179,0.011614,0.011549,0.070207,0.001703,neutron,pi+,solid
822,8.8,0.104541,0.671946,0.373797,1.159424,0.294949,AUT,1035566.163569,0.013817,0.011682,0.011713,0.070207,0.001737,neutron,pi+,solid
823,8.8,0.115353,0.642918,0.373881,1.224355,0.291159,AUT,877007.702973,0.013923,0.012110,0.012161,0.070207,0.001764,neutron,pi+,solid
824,8.8,0.126092,0.619859,0.373594,1.290310,0.294638,AUT,827459.204831,0.013333,0.012119,0.012135,0.070207,0.001792,neutron,pi+,solid
825,8.8,0.137900,0.590496,0.373220,1.344092,0.302134,AUT,713604.206876,0.013471,0.012984,0.012988,0.070207,0.001824,neutron,pi+,solid
826,8.8,0.150651,0.552430,0.372685,1.373547,0.312924,AUT,647176.652187,0.013700,0.014324,0.014323,0.070207,0.001860,neutron,pi+,solid
827,8.8,0.165056,0.504305,0.372116,1.373508,0.327521,AUT,612795.676295,0.013943,0.016742,0.016719,0.070207,0.001901,neutron,pi+,solid
828,8.8,0.181689,0.452619,0.371515,1.356812,0.343523,AUT,587545.628495,0.014519,0.021117,0.021117,0.070207,0.001948,neutron,pi+,solid
829,8.8,0.203247,0.417179,0.370107,1.399329,0.362732,AUT,495031.401480,0.016388,0.031339,0.031363,0.070207,0.002009,neutron,pi+,solid
830,8.8,0.242059,0.402784,0.368385,1.608895,0.374464,AUT,337247.896154,0.023999,0.045608,0.045610,0.070207,0.002115,neutron,pi+,solid
831,8.8,0.090169,0.732323,0.374025,1.087025,0.491054,AUT,1393251.394003,0.008646,0.008374,0.008345,0.070207,0.001703,neutron,pi+,solid
832,8.8,0.109830,0.649782,0.373981,1.176790,0.491168,AUT,1608981.568596,0.009350,0.008731,0.008739,0.070207,0.001750,neutron,pi+,solid
833,8.8,0.129237,0.591337,0.374308,1.260526,0.485874,AUT,1795571.449306,0.008569,0.008761,0.008744,0.070207,0.001801,neutron,pi+,solid
834,8.8,0.150870,0.543915,0.374594,1.353715,0.481215,AUT,1784455.454757,0.007999,0.008992,0.008991,0.070207,0.001860,neutron,pi+,solid
835,8.8,0.175422,0.502246,0.374830,1.453480,0.478434,AUT,1769222.389642,0.007989,0.009464,0.009489,0.070207,0.001930,neutron,pi+,solid
836,8.8,0.209942,0.459831,0.375024,1.590742,0.474326,AUT,1889774.713498,0.008432,0.010713,0.010730,0.070207,0.002029,neutron,pi+,solid
837,8.8,0.259740,0.414707,0.374668,1.775940,0.468624,AUT,659692.703396,0.018609,0.024262,0.024231,0.070207,0.002168,neutron,pi+,solid
838,8.8,0.114720,0.662651,0.377326,1.233576,0.659496,AUT,1271023.134817,0.009585,0.010363,0.010295,0.070207,0.001763,neutron,pi+,solid
839,8.8,0.194347,0.513394,0.377604,1.628519,0.655702,AUT,575868.893898,0.032099,0.025383,0.025436,0.070207,0.001982,neutron,pi+,solid
840,8.8,0.119907,0.595119,0.423656,1.170377,0.130866,AUT,2367963.329757,0.008630,0.007520,0.007499,0.070207,0.001784,neutron,pi+,solid
841,8.8,0.148881,0.527291,0.424142,1.295127,0.104206,AUT,2204616.794878,0.007403,0.007154,0.007162,0.070207,0.001864,neutron,pi+,solid
842,8.8,0.170686,0.495560,0.424349,1.395949,0.092560,AUT,2080587.515717,0.007544,0.007442,0.007444,0.070207,0.001928,neutron,pi+,solid
843,8.8,0.193226,0.473711,0.424370,1.511007,0.088245,AUT,2080204.942316,0.007717,0.007676,0.007661,0.070207,0.001994,neutron,pi+,solid
844,8.8,0.228539,0.441078,0.424427,1.660992,0.088486,AUT,2123971.001739,0.008119,0.008015,0.008015,0.070207,0.002096,neutron,pi+,solid
845,8.8,0.277228,0.403880,0.424231,1.847944,0.108822,AUT,338563.924870,0.026146,0.023651,0.023698,0.070207,0.002234,neutron,pi+,solid
846,8.8,0.093922,0.710967,0.423569,1.098757,0.301070,AUT,1251752.063603,0.023466,0.016002,0.015941,0.070207,0.001717,neutron,pi+,solid
847,8.8,0.111914,0.649570,0.424208,1.199804,0.286697,AUT,1030039.011014,0.021054,0.015338,0.015354,0.070207,0.001762,neutron,pi+,solid
848,8.8,0.126375,0.626273,0.424411,1.306627,0.280464,AUT,833764.697754,0.020477,0.015726,0.015774,0.070207,0.001801,neutron,pi+,solid
849,8.8,0.141495,0.606625,0.424146,1.416910,0.279576,AUT,631424.826571,0.020997,0.017143,0.017158,0.070207,0.001843,neutron,pi+,solid
850,8.8,0.158119,0.573044,0.423785,1.495230,0.284561,AUT,466756.088656,0.021875,0.019440,0.019503,0.070207,0.001892,neutron,pi+,solid
851,8.8,0.177519,0.516329,0.422652,1.511402,0.300348,AUT,346777.805340,0.023555,0.023888,0.023865,0.070207,0.001949,neutron,pi+,solid
852,8.8,0.201436,0.442987,0.419947,1.469226,0.336660,AUT,173692.883397,0.031062,0.042392,0.042441,0.070207,0.002017,neutron,pi+,solid
853,8.8,0.250582,0.392384,0.419077,1.623865,0.340826,AUT,44616.446690,0.081080,0.089622,0.089367,0.070207,0.002155,neutron,pi+,solid
854,8.8,0.092540,0.721573,0.423655,1.098295,0.494705,AUT,1311290.216071,0.008364,0.008378,0.008392,0.070207,0.001714,neutron,pi+,solid
855,8.8,0.115837,0.625016,0.423436,1.193076,0.500172,AUT,1456940.531197,0.010157,0.009991,0.010009,0.070207,0.001773,neutron,pi+,solid
856,8.8,0.140260,0.552109,0.423550,1.276392,0.497905,AUT,1752285.442449,0.009580,0.011333,0.011321,0.070207,0.001839,neutron,pi+,solid
857,8.8,0.169553,0.491786,0.423831,1.374479,0.492602,AUT,1898843.184690,0.007954,0.011329,0.011340,0.070207,0.001924,neutron,pi+,solid
858,8.8,0.213071,0.443813,0.423795,1.556805,0.491569,AUT,2087275.396492,0.007979,0.013274,0.013253,0.070207,0.002050,neutron,pi+,solid
859,8.8,0.273095,0.404512,0.423415,1.823066,0.496318,AUT,266301.443289,0.032435,0.054528,0.054716,0.070207,0.002222,neutron,pi+,solid
860,8.8,0.107717,0.674122,0.425750,1.185795,0.670595,AUT,1406302.670466,0.008157,0.008387,0.008402,0.070207,0.001752,neutron,pi+,solid
861,8.8,0.172252,0.537037,0.426017,1.512415,0.665697,AUT,1202702.373719,0.011311,0.010555,0.010575,0.070207,0.001930,neutron,pi+,solid
862,8.8,0.252058,0.443308,0.424520,1.843434,0.651195,AUT,50074.648028,0.093086,0.074739,0.073753,0.070207,0.002165,neutron,pi+,solid
863,8.8,0.127239,0.571073,0.473788,1.190989,0.125456,AUT,2444385.315378,0.007588,0.006985,0.006977,0.070207,0.001810,neutron,pi+,solid
864,8.8,0.161541,0.503028,0.474285,1.340314,0.101076,AUT,2338529.298103,0.007089,0.006965,0.006968,0.070207,0.001910,neutron,pi+,solid
865,8.8,0.191076,0.471632,0.474309,1.487184,0.095748,AUT,2352723.587347,0.007284,0.007224,0.007230,0.070207,0.001999,neutron,pi+,solid
866,8.8,0.236135,0.434738,0.474395,1.689084,0.100932,AUT,2008321.029592,0.008603,0.008434,0.008439,0.070207,0.002131,neutron,pi+,solid
867,8.8,0.098511,0.690827,0.473924,1.118433,0.300643,AUT,1326883.009573,0.028543,0.018729,0.018609,0.070207,0.001733,neutron,pi+,solid
868,8.8,0.120575,0.627775,0.474446,1.249326,0.282662,AUT,1040195.139889,0.025120,0.017723,0.017685,0.070207,0.001792,neutron,pi+,solid
869,8.8,0.139515,0.613032,0.474693,1.412103,0.274474,AUT,742320.867774,0.025495,0.019009,0.019007,0.070207,0.001846,neutron,pi+,solid
870,8.8,0.160401,0.597849,0.474747,1.582920,0.266080,AUT,472319.931236,0.027801,0.022186,0.022267,0.070207,0.001908,neutron,pi+,solid
871,8.8,0.184214,0.569948,0.474759,1.732544,0.257807,AUT,237379.435931,0.032824,0.029003,0.029131,0.070207,0.001982,neutron,pi+,solid
872,8.8,0.248405,0.433591,0.477707,1.753651,0.228966,AUT,75147.529770,0.069480,0.056100,0.057090,0.070207,0.002165,neutron,pi+,solid
873,8.8,0.095087,0.711998,0.473646,1.112810,0.501586,AUT,1153135.552767,0.008898,0.009031,0.009009,0.070207,0.001725,neutron,pi+,solid
874,8.8,0.123137,0.601363,0.473187,1.218789,0.510642,AUT,1231008.747679,0.009796,0.010409,0.010417,0.070207,0.001799,neutron,pi+,solid
875,8.8,0.155151,0.505499,0.472969,1.290924,0.513596,AUT,1505899.390122,0.009581,0.014143,0.014104,0.070207,0.001890,neutron,pi+,solid
876,8.8,0.201126,0.441324,0.472653,1.462045,0.513410,AUT,1756361.096600,0.008475,0.015598,0.015569,0.070207,0.002026,neutron,pi+,solid
877,8.8,0.262360,0.411517,0.470350,1.781692,0.523318,AUT,215037.142475,0.034010,0.057214,0.057334,0.070207,0.002207,neutron,pi+,solid
878,8.8,0.109870,0.660864,0.474972,1.184546,0.681885,AUT,1564894.424186,0.008523,0.008127,0.008141,0.070207,0.001763,neutron,pi+,solid
879,8.8,0.176603,0.533009,0.475375,1.538800,0.668396,AUT,1448573.922295,0.008967,0.009604,0.009610,0.070207,0.001953,neutron,pi+,solid
880,8.8,0.127816,0.644263,0.477154,1.323644,0.865847,AUT,434673.562844,0.020254,0.021516,0.021736,0.070207,0.001811,neutron,pi+,solid
881,8.8,0.135521,0.548453,0.523926,1.216974,0.120683,AUT,2612877.516941,0.006890,0.006570,0.006583,0.070207,0.001841,neutron,pi+,solid
882,8.8,0.178073,0.479992,0.524285,1.409679,0.102128,AUT,2516041.053291,0.006942,0.006873,0.006860,0.070207,0.001970,neutron,pi+,solid
883,8.8,0.227276,0.442144,0.524150,1.652462,0.106216,AUT,2187134.452480,0.008093,0.008007,0.007992,0.070207,0.002119,neutron,pi+,solid
884,8.8,0.104083,0.668725,0.523937,1.142338,0.300062,AUT,1432060.061950,0.024788,0.016727,0.016692,0.070207,0.001754,neutron,pi+,solid
885,8.8,0.131189,0.609680,0.524504,1.320268,0.280757,AUT,975959.347936,0.022962,0.016897,0.016937,0.070207,0.001829,neutron,pi+,solid
886,8.8,0.156047,0.598991,0.524892,1.543118,0.270487,AUT,622296.668688,0.024089,0.019078,0.019083,0.070207,0.001905,neutron,pi+,solid
887,8.8,0.185101,0.578303,0.525433,1.765248,0.251049,AUT,292421.795454,0.028114,0.024870,0.024697,0.070207,0.001997,neutron,pi+,solid
888,8.8,0.252091,0.414405,0.527418,1.715878,0.222440,AUT,126389.533662,0.063218,0.048777,0.048311,0.070207,0.002193,neutron,pi+,solid
889,8.8,0.098553,0.699596,0.523642,1.132172,0.502228,AUT,1033959.296252,0.010442,0.010107,0.010114,0.070207,0.001739,neutron,pi+,solid
890,8.8,0.132908,0.572210,0.522897,1.249039,0.518937,AUT,957945.984264,0.010419,0.011674,0.011634,0.070207,0.001834,neutron,pi+,solid
891,8.8,0.176407,0.458672,0.521535,1.331698,0.530563,AUT,1090359.857801,0.010418,0.018558,0.018590,0.070207,0.001963,neutron,pi+,solid
892,8.8,0.229991,0.434666,0.518871,1.649894,0.541240,AUT,254859.250744,0.025351,0.047852,0.047815,0.070207,0.002126,neutron,pi+,solid
893,8.8,0.114057,0.642155,0.524471,1.190819,0.687025,AUT,1632071.635039,0.009217,0.008787,0.008784,0.070207,0.001781,neutron,pi+,solid
894,8.8,0.179797,0.524934,0.524440,1.548684,0.673161,AUT,1308336.379525,0.009985,0.013379,0.013416,0.070207,0.001974,neutron,pi+,solid
895,8.8,0.123912,0.654155,0.526805,1.309458,0.879119,AUT,645064.041091,0.013051,0.013434,0.013329,0.070207,0.001808,neutron,pi+,solid
896,8.8,0.145186,0.526252,0.574029,1.249401,0.117551,AUT,2817886.840730,0.006457,0.006299,0.006329,0.070207,0.001879,neutron,pi+,solid
897,8.8,0.204693,0.456962,0.574164,1.539643,0.108177,AUT,2857069.291953,0.006814,0.006777,0.006775,0.070207,0.002065,neutron,pi+,solid
898,8.8,0.271733,0.408163,0.573811,1.830167,0.122155,AUT,222412.645882,0.029740,0.028389,0.028251,0.070207,0.002274,neutron,pi+,solid
899,8.8,0.109703,0.648771,0.574038,1.166651,0.299283,AUT,1469159.662465,0.021335,0.014910,0.014979,0.070207,0.001776,neutron,pi+,solid
900,8.8,0.143537,0.593376,0.574505,1.406026,0.279207,AUT,923487.761305,0.019665,0.015436,0.015445,0.070207,0.001877,neutron,pi+,solid
901,8.8,0.178152,0.573037,0.575139,1.682649,0.261802,AUT,473437.800758,0.022145,0.019373,0.019233,0.070207,0.001988,neutron,pi+,solid
902,8.8,0.242746,0.427662,0.575561,1.702233,0.227944,AUT,206358.231769,0.039128,0.032798,0.033017,0.070207,0.002183,neutron,pi+,solid
903,8.8,0.102167,0.689368,0.573910,1.155344,0.498019,AUT,926706.135326,0.013646,0.012011,0.011998,0.070207,0.001755,neutron,pi+,solid
904,8.8,0.143905,0.548775,0.572488,1.293351,0.520208,AUT,638220.499812,0.013206,0.014753,0.014713,0.070207,0.001876,neutron,pi+,solid
905,8.8,0.191951,0.462378,0.568217,1.465167,0.549754,AUT,234738.576176,0.023150,0.045715,0.045550,0.070207,0.002023,neutron,pi+,solid
906,8.8,0.120113,0.622595,0.574077,1.210214,0.690267,AUT,1656671.254069,0.009375,0.009390,0.009374,0.070207,0.001805,neutron,pi+,solid
907,8.8,0.184114,0.527302,0.572494,1.599344,0.682469,AUT,690048.915763,0.014992,0.023062,0.023003,0.070207,0.002003,neutron,pi+,solid
908,8.8,0.122227,0.655925,0.575001,1.301151,0.888852,AUT,782914.136802,0.011381,0.011345,0.011384,0.070207,0.001812,neutron,pi+,solid
909,8.8,0.155407,0.508123,0.623752,1.289612,0.117269,AUT,2966973.095722,0.006328,0.006213,0.006227,0.070207,0.001923,neutron,pi+,solid
910,8.8,0.219612,0.454921,0.622848,1.644406,0.111907,AUT,1490642.357438,0.009710,0.009661,0.009666,0.070207,0.002131,neutron,pi+,solid
911,8.8,0.116166,0.629936,0.624006,1.197992,0.297791,AUT,1501765.149391,0.017993,0.013242,0.013263,0.070207,0.001804,neutron,pi+,solid
912,8.8,0.160239,0.577431,0.624583,1.526415,0.275821,AUT,815524.675903,0.017152,0.014706,0.014690,0.070207,0.001944,neutron,pi+,solid
913,8.8,0.216716,0.491864,0.623750,1.741299,0.239038,AUT,294259.367119,0.025167,0.023456,0.023345,0.070207,0.002124,neutron,pi+,solid
914,8.8,0.106172,0.680588,0.624263,1.184283,0.491986,AUT,875106.130221,0.019755,0.015097,0.015090,0.070207,0.001775,neutron,pi+,solid
915,8.8,0.152157,0.577310,0.622206,1.443132,0.503896,AUT,283187.148381,0.023807,0.023245,0.023269,0.070207,0.001916,neutron,pi+,solid
916,8.8,0.250051,0.477305,0.603477,1.970921,0.579304,AUT,14.128443,-1.000000,-1.000000,-1.000000,0.070207,0.002226,neutron,pi+,solid
917,8.8,0.127353,0.619056,0.622653,1.272193,0.697458,AUT,1463792.171697,0.009223,0.009706,0.009691,0.070207,0.001836,neutron,pi+,solid
918,8.8,0.210244,0.536028,0.616588,1.859747,0.683509,AUT,29666.377980,0.071135,0.132461,0.132651,0.070207,0.002107,neutron,pi+,solid
919,8.8,0.116673,0.671466,0.623765,1.275693,0.902359,AUT,704626.511769,0.013895,0.012949,0.013074,0.070207,0.001806,neutron,pi+,solid
920,8.8,0.121886,0.596979,0.673856,1.190325,0.239377,AUT,1941360.045670,0.010015,0.008637,0.008633,0.070207,0.001832,neutron,pi+,solid
921,8.8,0.162319,0.521213,0.673547,1.395599,0.169981,AUT,1854359.039875,0.008370,0.008166,0.008143,0.070207,0.001964,neutron,pi+,solid
922,8.8,0.207603,0.493588,0.672236,1.686930,0.140524,AUT,1276957.507483,0.010440,0.010356,0.010337,0.070207,0.002116,neutron,pi+,solid
923,8.8,0.110952,0.673279,0.674255,1.223893,0.487631,AUT,832035.859409,0.028856,0.019966,0.019904,0.070207,0.001800,neutron,pi+,solid
924,8.8,0.161364,0.628082,0.674823,1.672537,0.459524,AUT,90145.916010,0.070474,0.055292,0.055046,0.070207,0.001968,neutron,pi+,solid
925,8.8,0.113018,0.671170,0.671919,1.233572,0.773085,AUT,1219527.289536,0.009546,0.009412,0.009367,0.070207,0.001805,neutron,pi+,solid
926,8.8,0.203288,0.569082,0.659758,1.910037,0.674069,AUT,2276.831140,0.289941,0.630911,0.624839,0.070207,0.002105,neutron,pi+,solid
927,8.8,0.237989,0.547130,0.324589,2.141095,0.077878,AUT,1067995.304672,0.011286,0.011179,0.011206,0.070207,0.002092,neutron,pi+,solid
928,8.8,0.291114,0.490819,0.324612,2.356856,0.074459,AUT,1048547.420639,0.012176,0.012130,0.012121,0.070207,0.002235,neutron,pi+,solid
929,8.8,0.340021,0.453409,0.324542,2.544334,0.091864,AUT,547345.953737,0.020963,0.019337,0.019306,0.070207,0.002365,neutron,pi+,solid
930,8.8,0.245100,0.532400,0.318955,2.141622,0.366576,AUT,291708.297281,0.021803,0.041676,0.041323,0.070207,0.002108,neutron,pi+,solid
931,8.8,0.309922,0.455243,0.318084,2.325702,0.371842,AUT,275667.933145,0.028267,0.052937,0.052983,0.070207,0.002280,neutron,pi+,solid
932,8.8,0.374919,0.444319,0.316203,2.751127,0.374308,AUT,10041.627537,0.204212,0.321329,0.318478,0.070207,0.002457,neutron,pi+,solid
933,8.8,0.262449,0.520818,0.325353,2.239150,0.467860,AUT,1078824.489339,0.011777,0.014949,0.014956,0.070207,0.002156,neutron,pi+,solid
934,8.8,0.337323,0.454498,0.325452,2.529796,0.464720,AUT,343878.232123,0.029761,0.035482,0.035436,0.070207,0.002358,neutron,pi+,solid
935,8.8,0.246628,0.536404,0.374481,2.173138,0.086180,AUT,1226188.129143,0.010712,0.010653,0.010669,0.070207,0.002135,neutron,pi+,solid
936,8.8,0.315750,0.471471,0.374332,2.451706,0.096883,AUT,1150829.465383,0.012924,0.012436,0.012455,0.070207,0.002324,neutron,pi+,solid
937,8.8,0.239750,0.544154,0.368817,2.129748,0.338289,AUT,66334.432950,0.046968,0.068121,0.067581,0.070207,0.002112,neutron,pi+,solid
938,8.8,0.327537,0.440288,0.369938,2.380662,0.324463,AUT,32489.271041,0.118139,0.114479,0.114219,0.070207,0.002353,neutron,pi+,solid
939,8.8,0.260496,0.520032,0.373758,2.219521,0.518790,AUT,1078737.029980,0.011876,0.015079,0.015099,0.070207,0.002171,neutron,pi+,solid
940,8.8,0.332430,0.454643,0.373595,2.493967,0.502742,AUT,370389.376015,0.028247,0.039108,0.039087,0.070207,0.002370,neutron,pi+,solid
941,8.8,0.257645,0.525118,0.424471,2.220161,0.095890,AUT,1375169.216129,0.010361,0.010303,0.010296,0.070207,0.002182,neutron,pi+,solid
942,8.8,0.327124,0.462904,0.423996,2.496783,0.111045,AUT,631516.569647,0.018713,0.017555,0.017513,0.070207,0.002378,neutron,pi+,solid
943,8.8,0.228876,0.573000,0.427424,2.135177,0.229576,AUT,45481.794357,0.066520,0.062498,0.063367,0.070207,0.002099,neutron,pi+,solid
944,8.8,0.343084,0.438783,0.428383,2.487682,0.219114,AUT,46075.309467,0.297974,0.182318,0.182850,0.070207,0.002425,neutron,pi+,solid
945,8.8,0.270402,0.509743,0.423341,2.252937,0.560187,AUT,949694.790475,0.012863,0.019092,0.019134,0.070207,0.002215,neutron,pi+,solid
946,8.8,0.353844,0.449709,0.420950,2.627657,0.539638,AUT,66672.686283,0.077865,0.120771,0.120160,0.070207,0.002455,neutron,pi+,solid
947,8.8,0.273986,0.509655,0.474120,2.284173,0.106810,AUT,1569108.509552,0.010083,0.009974,0.009970,0.070207,0.002244,neutron,pi+,solid
948,8.8,0.363558,0.448203,0.473736,2.690685,0.128608,AUT,80508.661381,0.066004,0.057801,0.057688,0.070207,0.002511,neutron,pi+,solid
949,8.8,0.264794,0.518526,0.477014,2.213085,0.226494,AUT,112946.423623,0.049910,0.043375,0.043202,0.070207,0.002213,neutron,pi+,solid
950,8.8,0.354080,0.443520,0.476424,2.593772,0.232856,AUT,45725.883660,0.213101,0.138476,0.138447,0.070207,0.002482,neutron,pi+,solid
951,8.8,0.266327,0.518482,0.472775,2.258982,0.616001,AUT,622072.223954,0.015616,0.024533,0.024610,0.070207,0.002221,neutron,pi+,solid
952,8.8,0.249851,0.533050,0.524249,2.186247,0.121905,AUT,902816.293880,0.012876,0.012787,0.012756,0.070207,0.002195,neutron,pi+,solid
953,8.8,0.320119,0.468122,0.524408,2.468846,0.143218,AUT,645199.393437,0.018578,0.017478,0.017482,0.070207,0.002404,neutron,pi+,solid
954,8.8,0.254714,0.535013,0.521752,2.236979,0.664713,AUT,335961.152060,0.021171,0.035644,0.035966,0.070207,0.002207,neutron,pi+,solid
955,8.8,0.261136,0.522023,0.574330,2.234117,0.134344,AUT,990003.555498,0.012663,0.012558,0.012530,0.070207,0.002248,neutron,pi+,solid
956,8.8,0.333745,0.457672,0.573718,2.520301,0.162433,AUT,308023.949898,0.029546,0.027134,0.027021,0.070207,0.002473,neutron,pi+,solid
957,8.8,0.240222,0.555685,0.570440,2.196285,0.704302,AUT,134987.356506,0.033838,0.058253,0.058354,0.070207,0.002184,neutron,pi+,solid
958,8.8,0.263616,0.521793,0.623849,2.254890,0.144929,AUT,867714.720045,0.013675,0.013528,0.013596,0.070207,0.002280,neutron,pi+,solid
959,8.8,0.335851,0.473014,0.619591,2.622207,0.152876,AUT,93536.453539,0.049449,0.047270,0.047389,0.070207,0.002513,neutron,pi+,solid
960,8.8,0.258354,0.535838,0.672768,2.274748,0.153605,AUT,612341.236611,0.016284,0.016113,0.016172,0.070207,0.002291,neutron,pi+,solid
961,8.8,0.359962,0.562888,0.324460,3.340534,0.078299,AUT,538588.079897,0.018218,0.018193,0.018185,0.070207,0.002425,neutron,pi+,solid
962,8.8,0.426319,0.526126,0.324518,3.701176,0.095267,AUT,202240.204798,0.034942,0.033493,0.033599,0.070207,0.002629,neutron,pi+,solid
963,8.8,0.363803,0.554617,0.314341,3.321170,0.378873,AUT,29245.120972,0.083301,0.180154,0.179553,0.070207,0.002429,neutron,pi+,solid
964,8.8,0.445706,0.507670,0.320177,3.736494,0.326477,AUT,2444.994349,0.497342,0.507438,0.496570,0.070207,0.002692,neutron,pi+,solid
965,8.8,0.377403,0.552231,0.324332,3.429095,0.503202,AUT,399570.821009,0.023736,0.031281,0.031065,0.070207,0.002475,neutron,pi+,solid
966,8.8,0.376259,0.553836,0.374347,3.429322,0.093731,AUT,627398.755998,0.017669,0.017579,0.017530,0.070207,0.002504,neutron,pi+,solid
967,8.8,0.463479,0.510385,0.373825,3.906297,0.118486,AUT,7864.950784,0.228455,0.202846,0.203816,0.070207,0.002807,neutron,pi+,solid
968,8.8,0.360923,0.559371,0.372198,3.327076,0.515870,AUT,168094.778328,0.033684,0.062720,0.062710,0.070207,0.002457,neutron,pi+,solid
969,8.8,0.429038,0.519661,0.372760,3.679983,0.483269,AUT,60349.569169,0.080477,0.099167,0.099726,0.070207,0.002675,neutron,pi+,solid
970,8.8,0.356021,0.564546,0.424351,3.314186,0.102269,AUT,379989.339660,0.022150,0.022132,0.022112,0.070207,0.002470,neutron,pi+,solid
971,8.8,0.421499,0.529151,0.424264,3.679661,0.125279,AUT,187167.347522,0.037325,0.035791,0.035787,0.070207,0.002685,neutron,pi+,solid
972,8.8,0.368367,0.558379,0.422435,3.387411,0.608591,AUT,168369.468433,0.035614,0.062235,0.062658,0.070207,0.002507,neutron,pi+,solid
973,8.8,0.367957,0.558618,0.474288,3.386389,0.118127,AUT,419146.403384,0.021778,0.021741,0.021733,0.070207,0.002534,neutron,pi+,solid
974,8.8,0.440045,0.516738,0.474368,3.754098,0.153310,AUT,64311.974664,0.072862,0.066726,0.066582,0.070207,0.002791,neutron,pi+,solid
975,8.8,0.357672,0.567035,0.471747,3.344090,0.656819,AUT,85645.240899,0.048479,0.093032,0.093331,0.070207,0.002501,neutron,pi+,solid
976,8.8,0.368446,0.558308,0.524245,3.388934,0.133402,AUT,354994.302681,0.023969,0.023870,0.023875,0.070207,0.002567,neutron,pi+,solid
977,8.8,0.440933,0.516433,0.524395,3.759530,0.170629,AUT,51100.615987,0.084384,0.076552,0.076376,0.070207,0.002835,neutron,pi+,solid
978,8.8,0.375625,0.554482,0.573834,3.427305,0.152986,AUT,339262.601534,0.025189,0.024986,0.024992,0.070207,0.002626,neutron,pi+,solid
979,8.8,0.368030,0.561148,0.623149,3.403406,0.149079,AUT,240161.312274,0.029833,0.029768,0.029858,0.070207,0.002639,neutron,pi+,solid
980,8.8,0.455058,0.568763,0.323989,4.270053,0.212569,AUT,222788.650312,0.032748,0.032992,0.033062,0.070207,0.002735,neutron,pi+,solid
981,8.8,0.504751,0.567444,0.323906,4.730028,0.215875,AUT,45018.948043,0.081108,0.080225,0.080206,0.070207,0.002943,neutron,pi+,solid
982,8.8,0.462345,0.569209,0.373879,4.342409,0.210102,AUT,212288.228458,0.034681,0.034433,0.034339,0.070207,0.002808,neutron,pi+,solid
983,8.8,0.461911,0.569887,0.423623,4.343573,0.177342,AUT,157550.217398,0.040676,0.040100,0.040297,0.070207,0.002848,neutron,pi+,solid
984,8.8,0.462356,0.569564,0.473908,4.345198,0.153206,AUT,123881.554564,0.046950,0.046179,0.046208,0.070207,0.002892,neutron,pi+,solid
985,8.8,0.463381,0.569117,0.524076,4.351541,0.152097,AUT,100104.563839,0.052485,0.052128,0.052158,0.070207,0.002944,neutron,pi+,solid
