Nu	au	bu	cu	Nd	ad	bd	cd	Nub	Ndb	kt2	Nu_err	au_err	bu_err	cu_err	Nd_err	ad_err	bd_err	cd_err	Nub_err	Ndb_err	kt2_err	chi2	ndof	edm
-0.03655118416985115	0.6853796189336618	4.580615177742052	0.5647350298925369	0.05574056833430063	0.4158522185879427	2.5320058617249104	-0.5883025302208971	0.0	0.0	0.15740236999009966	0.00352383305962789	0.057703264160567425	0.547863124615203	0.7914781567183408	0.0022833683340867106	0.03785437061063224	0.34997934526632335	0.26463198709164143	nan	nan	0.0035445628408453944	1576.546120173275	1884	7.695544055049483e-05
-0.04121767921491082	0.6550949169660684	3.518867476833687	-0.5189150557073324	0.05509311887219592	0.44535122117291337	2.926544168723905	-0.5847373855772924	0.0	0.0	0.1627363557028736	0.004501981965215784	0.053600327856862306	0.7070364571300884	0.6375185836299929	0.0023402641788634604	0.03943562086700486	0.382056693942153	0.29497448505650303	nan	nan	0.003612029479760609	1662.24663731774	1884	6.535407057827175e-05
-0.03697826960532635	0.6456572299443121	4.36283584553387	0.23546249835985328	0.055985248471177584	0.41005863994458575	2.6585493069071657	-0.6512202962214654	0.0	0.0	0.15993534473794077	0.0034669628678204445	0.05465445388839679	0.5789726749677584	0.7437845592414095	0.0022015855658161776	0.03834705404081701	0.3646922890042752	0.26682610506589044	nan	nan	0.0035586995568237523	1637.1823742629394	1884	2.1978848385440847e-05
-0.013594090748272558	0.2543378319776879	6.078393384426382	21.672353622410743	0.03978202364126515	0.3252827096703253	4.593198128044744	3.244172948739807	0.0	0.0	0.1567761716875506	0.0020151082748606775	0.08760936660607885	0.3605871393682154	6.447388824576328	0.002722413603336027	0.073275424951395	0.24721062410974426	1.30599425654639	nan	nan	0.0035770496122704276	1702.4973788836658	1884	0.003774827251938144
-0.01374597810204281	0.21579439179992155	5.339821487954519	20.249310086651573	0.046394570985866856	0.35628384000151886	3.3722691205513353	0.8563080944724828	0.0	0.0	0.16239654821666957	0.0024983114133379503	0.11324225197618298	0.40123047141080503	7.84353029168799	0.003136591224542684	0.046661834310854466	0.40057964523862033	0.7322292196420656	nan	nan	0.0036327293363694058	1547.2832481774922	1884	0.012741979026376818
-0.047718876292112355	0.6704874194804098	3.077567711628916	-1.196269221905552	0.04452015565661238	0.36427600669331806	4.271614610920854	1.7440055591323178	0.0	0.0	0.15996184177696798	0.004229444499081747	0.05249628004395257	0.6675566399843951	0.38000994149910405	0.001267334408224241	0.03991928994708885	0.2419136769825161	0.4056141652265566	nan	nan	0.003521507065283813	1623.6019935969607	1884	5.472548103978565e-05
-0.04270656737281697	0.6194547068574072	3.09750159664141	-0.6624573266509153	0.05369649392712761	0.33412002951391795	2.507116655391851	-0.40479393819948156	0.0	0.0	0.1576716225389776	0.004237016799384485	0.05214667983619259	0.6488840732742451	0.526692117124665	0.0020153207631149472	0.03768266164761819	0.34978142327908235	0.3012802720102106	nan	nan	0.0035249577321725956	1528.0109974442555	1884	8.082482906275378e-05
-0.030234395683333304	0.6129068033767148	5.022851973347371	2.2146611569497603	0.05594764891436066	0.42408920811220185	2.5919245434230715	-0.6251130468418957	0.0	0.0	0.16431629285184224	0.0026042517556364997	0.06163226518901033	0.4191251466700838	0.9639018082313098	0.002163074806815435	0.03782537970350855	0.3427728232186269	0.24900361087276343	nan	nan	0.0035834834393179693	1622.5179717214123	1884	6.414254213464601e-05
-0.018772956483399827	0.42342321418377726	5.972276590167843	10.655937613139555	0.03973259593576994	0.35529384062967206	4.822094320881719	3.3589113105060706	0.0	0.0	0.1580426106936177	0.0012910541826245958	0.05945377419770115	0.32116791973235514	1.6968402809583545	0.0009900824525372887	0.03703577222825641	0.20953685347073225	0.43106296921770243	nan	nan	0.0035306801641746544	1688.8927484288267	1884	8.72049264210606e-05
-0.02530425647859036	0.5731108040432612	5.790616895800441	4.585124767177086	0.055363507663272804	0.4806465101848115	3.118330518118404	-0.571904789618427	0.0	0.0	0.16094802951730466	0.010909762805940304	0.21157189896486142	0.7481866453582375	6.59821954343881	0.014706774057545058	0.04407141793712016	1.8429493973630893	1.8361219425216868	nan	nan	0.0035861144988544313	1727.9681004752038	1884	3.7948087203345005e-05
-0.04197546841472377	0.6537445859614195	3.6135224031309843	-0.5867243203177603	0.05544223203481358	0.41970639900894746	2.8277855206428946	-0.5893052504407071	0.0	0.0	0.1596377347781995	0.008524330455679463	0.055906509645950786	1.2830414968871113	1.2034673579483846	0.010660405596806144	0.04208471872591299	1.4226360590001796	1.3738005594611036	nan	nan	0.0035469156368399257	1530.5277990024476	1884	3.0979562623377475e-05
-0.020555159959694036	0.4317580363978736	5.734075399447695	8.56420183147618	0.03670413393835381	0.23311953642997824	4.668710844216395	5.275355499414407	0.0	0.0	0.15699410483198917	0.0014138677901237018	0.05868916480109468	0.31630871654504844	1.5040475855291306	0.0008619777323350952	0.031966957837228416	0.18263121058422804	0.5189016267934909	nan	nan	0.003549799546953711	1679.0251565972808	1884	2.4409898937159773e-05
-0.018993339687194855	0.39064294470213934	5.743204613368987	10.305093422750154	0.04360868859236122	0.3125087933862499	4.001770605900222	2.025456988202932	0.0	0.0	0.1548139293388486	0.0013018782573173127	0.05917760727470753	0.3166357906175814	1.6960583688814375	0.001059557017392243	0.036553380167951594	0.2159698302876607	0.3744835447650922	nan	nan	0.0035077396829601565	1652.847888984595	1884	2.7475269397966185e-05
-0.020988775843192364	0.47125884159716547	5.976058497925783	8.422091290413322	0.04273139763195921	0.32974057286039804	4.177050738468556	2.3080163645371767	0.0	0.0	0.15423533141228682	0.0014548144573005573	0.06001769924373371	0.3268942572404958	1.4745325715239122	0.001055556534085511	0.03684225140001779	0.21316586018816785	0.38445009658380586	nan	nan	0.003492067808630428	1584.2094443372307	1884	2.9985720665077166e-05
-0.018954552620350396	0.44582190640474323	5.985004489438516	10.426669536960205	0.05623402476287742	0.4552060708308825	2.889874366090366	-0.60657369556199	0.0	0.0	0.15973094392389428	0.0014712192776523692	0.06410548432714633	0.3341373587977654	1.8614712020741027	0.001989214084410884	0.03716604832274337	0.32900221837498655	0.23659990841403872	nan	nan	0.0035471078816736307	1724.4041586980559	1884	5.115977691410219e-05
-0.04260913705991587	0.7113712929582152	3.9475607226851803	-0.5877815023774359	0.05564245059570849	0.4876706464547984	3.138204754015523	-0.5459994061792619	0.0	0.0	0.16093817299442836	0.004107970664451455	0.05472741743852749	0.6818061042400292	0.5715489242707537	0.0023676419554469197	0.03936198690901968	0.3726987936164483	0.2913422577962652	nan	nan	0.003554445522248373	1650.7620846163416	1884	8.26368771926906e-05
-0.04312628712174549	0.7201369736042471	4.004544822832645	-0.6900278027370765	0.04154100277495343	0.336928963851565	4.434381530745939	2.7245764753430075	0.0	0.0	0.16061631420554257	0.01274001418487719	0.08603209277993362	1.984739289226566	1.7378727314383977	0.03210743274548655	0.56480446529848	1.9309175182025926	13.212322609130883	nan	nan	0.003780626864735001	1637.4205161592777	1884	0.00010643705648951021
-0.04067442514920494	0.6512900428514601	3.6716807354181666	-0.3197615638436985	0.05542859082969631	0.42531429001945953	2.880534738209988	-0.5795244807287286	0.0	0.0	0.15778726996195702	0.026252842221272388	0.06479054101267345	3.2522682294039864	4.086200418692204	0.007705906151714514	0.04206386834804815	1.0505313617370355	0.99896994519158	nan	nan	0.0035620814790289085	1716.720865733336	1884	0.00015384338230536607
-0.02772474451912388	0.5934858526157955	5.639787512205156	3.5406533878751025	0.055586450793256414	0.4020418714290495	2.7127601721905767	-0.5836216560070288	0.0	0.0	0.16207397827830938	0.009322078670106038	0.15815065393178962	0.7866045999681934	4.616224085463247	0.012807132523757314	0.04256868771704664	1.6796946497761636	1.6498059026335414	nan	nan	0.003554113259136224	1711.7992224579004	1884	6.790536713881239e-05
-0.042621027449908144	0.6186880676398152	3.3321860571921738	-0.5804850089398808	0.0467511365410338	0.3127760227953754	3.4415574148869	1.1178231561252665	0.0	0.0	0.1604794362416357	0.0034625528401325267	0.049788752412292525	0.5727732908822072	0.4683236686346863	0.0013485189000811415	0.0387698055762665	0.2489975335215524	0.3732823476305498	nan	nan	0.0035111553450765665	1655.9419812226872	1884	2.3953864662133647e-05
-0.03196605431684363	0.6227335068541053	4.858991995730437	1.6150233797085376	0.05487147268934933	0.4011334433141403	2.7521358639895244	-0.562257166908428	0.0	0.0	0.1608741601993915	0.002729054692916344	0.05985803674504303	0.44894304973270405	0.8755791826146049	0.001993379095275527	0.03836851717700043	0.34829073552245204	0.26298634906060225	nan	nan	0.0036027009386882525	1660.7157556911825	1884	5.649178793297793e-05
-0.025256179996639205	0.5227371913806615	5.297279891080143	4.570494146579249	0.05535579279135239	0.3815327211530925	2.567562432313659	-0.5784488656718899	0.0	0.0	0.15766671129108967	0.010380712656316848	0.2034324700349079	0.7083202206189174	6.288886204134228	0.011147931540840927	0.0424469797631353	1.4732923394991886	1.4394277281011665	nan	nan	0.003545191193528252	1605.0652949234654	1884	4.582087605180407e-05
-0.027841727444532505	0.5849393181335194	5.472795265114653	3.2998832812993744	0.04469571270842554	0.3463538141954813	3.9747398918955805	1.5882891443260017	0.0	0.0	0.15835702682626834	0.0020720510971438677	0.06032121721465311	0.377128088683917	0.988445963788714	0.0011772920694652633	0.038355094659982325	0.2336440993036164	0.36397809996773917	nan	nan	0.0035384953719063	1697.8952899149258	1884	4.601693946315522e-05
-0.034010017197379616	0.5972164849670312	4.239700473583346	1.06224472831148	0.04745281950149649	0.32373016522491144	3.344537202703566	0.9017074726902892	0.0	0.0	0.15787006240146403	0.00269997853390308	0.05462016176572443	0.43484449277577886	0.7190582372477684	0.0013412078953592976	0.03794206965443958	0.24843528180101715	0.3407846230965952	nan	nan	0.0035094630300573915	1609.2009085533266	1884	1.982647560820786e-05
-0.028904874195626595	0.5639036317327564	5.178342485040869	2.868393722920511	0.04163134167631877	0.24442210386655883	3.9153505021774366	2.887658492101682	0.0	0.0	0.16880777131264374	0.002109891695017019	0.057456294802094854	0.3697217854758854	0.9258687085500347	0.0009690211460915421	0.03518640873264314	0.20146273818420823	0.43187499980397037	nan	nan	0.0035774628184380153	1630.984802081593	1884	6.10810069472143e-07
-0.027537843209120783	0.5779514333965436	5.294496187924974	3.2824891510243233	0.05305052705970903	0.4417874741753503	3.120448457561377	-0.3089118068269402	0.0	0.0	0.16024838053114232	0.002180579553730966	0.061816930482024746	0.3808088979886439	1.0360429177728097	0.0018531897979242595	0.038457499057511724	0.3203234421650003	0.2683075194139758	nan	nan	0.003586788304689878	1734.569996608326	1884	5.720158254554526e-05
-0.026919932055964657	0.5417262277500864	5.266106813140227	3.542976973245346	0.04527358675070281	0.3687362431703994	4.023773365202341	1.4355220758569678	0.0	0.0	0.1653988479563509	0.0019753769262467746	0.05956723286712634	0.3635846865208481	1.0129504370604452	0.0012203576172131747	0.038507126419592114	0.23746510317757274	0.35433174573961573	nan	nan	0.0035862044385894243	1665.1619333182325	1884	0.00011832163680229625
-0.04531188947953857	0.7251934216726958	3.7019907148478737	-0.8641497279891152	0.04197656245858461	0.35180100036569517	4.393945915332526	2.5006365916101894	0.0	0.0	0.15979655527594322	0.003970993483953411	0.05366121041065175	0.643906672717071	0.4543555738799859	0.0011854510874930169	0.03981283027323462	0.2264283431690921	0.4429353177705476	nan	nan	0.003557855944938751	1618.408448543942	1884	3.534602988152217e-05
-0.03266867684715569	0.6126695608510109	4.677487459132807	1.4254313595594228	0.05562519807066901	0.41491674103600024	2.6802938168917994	-0.5836240176814702	0.0	0.0	0.16253170765595168	0.008418843823691902	0.0980922263523773	0.9482870513151287	2.5613932705412417	0.008369087709131917	0.04145663046703085	1.0851445098522094	1.0336926404760711	nan	nan	0.0035673596524636864	1633.0433972577898	1884	0.00012097195884683699
-0.04198022488133524	0.6593049924604701	3.7431971834424145	-0.5607023674277986	0.044303156913905406	0.32573080214644223	4.130341843514909	1.8868943961363907	0.0	0.0	0.16162417386927572	0.003641514253944156	0.05111691658930295	0.6215416432193765	0.5277607878902678	0.0012148950333995545	0.0393560074637935	0.23523277346944016	0.4192295586815633	nan	nan	0.003526054164176756	1666.3245872585458	1884	6.876995847120066e-05
-0.05235591022653596	0.5751997748233519	1.7477176401631378	-1.447194843481208	0.04124914568776039	0.309254765422517	4.223373180505589	2.73652599322346	0.0	0.0	0.16004678787332277	0.004370699787851984	0.04650061022136287	0.4634414781610494	0.20983399118642276	0.001057719100158061	0.03769431397894335	0.21421703181743235	0.4319615091925725	nan	nan	0.003576409572061498	1609.2044414924103	1884	9.210591060670705e-06
-0.042945987529964036	0.6825942137921865	3.844717259736546	-0.5272732368320505	0.05489447017853566	0.38550667120370563	2.714979212684141	-0.516464223533339	0.0	0.0	0.1624832462840383	0.004297065127633115	0.05209242451015461	0.683280139059196	0.6087636318413023	0.0021206491606021727	0.03818128521007619	0.3607981962115978	0.2885280337836659	nan	nan	0.0035502151045265495	1649.1680715116702	1884	0.00011724090655637115
-0.05487893665476962	0.6181986826018528	2.0319992995841747	-1.7499490041019043	0.03991030909028104	0.26143219453943173	4.459647202642147	3.6579370965293148	0.0	0.0	0.1620116099936905	0.003979769995789195	0.04905998036695236	0.49402168603161534	0.1730264605559149	0.0009665881663796227	0.03553284910298507	0.2019037517398239	0.4811347782497473	nan	nan	0.0035666287420527687	1600.0633440535105	1884	2.030969082359232e-05
-0.02947354758250731	0.5974528461845382	5.140884962113241	2.684177902519161	0.047810763813795454	0.37799813656062337	3.635052150986166	0.7767517277917311	0.0	0.0	0.15800613513589584	0.0022133064093337596	0.05895889726007525	0.37920583770030847	0.9015672097351933	0.001375894226095964	0.038401959851334905	0.2557429078943412	0.3232284145410111	nan	nan	0.0035238011095261174	1595.0131897977137	1884	8.375532227739572e-05
-0.03002483966323688	0.6053825918709199	5.2547935232209	2.4550983113624625	0.04423086301551926	0.333720251937137	3.948467003741526	1.8053761921365443	0.0	0.0	0.15836306604624767	0.002240561399982355	0.0583253256033589	0.391908718806965	0.8844107595123556	0.001154417764186455	0.037884765035062384	0.22511980589571667	0.37488350470402804	nan	nan	0.0035156914447499465	1592.3662873305245	1884	9.251195702684693e-06
-0.042076677194538226	0.5897689302067821	2.9875372582249553	-0.6200661291207274	0.045575174683804454	0.2544033483055874	3.195812676104043	1.3359473314077832	0.0	0.0	0.1598378001271304	0.011755035672124214	0.055822234371510515	1.6097705782876022	1.518252640747953	0.009827640214720157	0.14873535524619755	1.019721791084339	3.2392916261447073	nan	nan	0.0036190537235139403	1669.807201700191	1884	0.00012035124536670887
-0.0230979839169011	0.5035081558032513	6.053516118961575	6.630769253280542	0.03511359626044386	0.04207937329642719	4.513640399262338	10.395063512113818	0.0	0.0	0.15370728929539448	0.004304625821890895	0.12415488595004259	0.32159746278845347	3.5946679750539627	0.002329723269661521	0.10637069817069841	0.20164384029733595	3.677296540410658	nan	nan	0.0035184621107036823	1719.6398316037416	1884	0.0006361386766274684
-0.042408296288172664	0.6510323669718783	3.5916493691145828	-0.5722123268158466	0.043507887692123326	0.32064286951239346	4.03431125981933	2.0126907924461945	0.0	0.0	0.16060025753440274	0.003502008946425217	0.05059878682482988	0.5898234314117863	0.487626365864758	0.0012057502140835341	0.039451526584478314	0.23289328528151287	0.4241218882714432	nan	nan	0.003551084907001109	1645.429721193034	1884	2.9866744104708692e-05
-0.04576257602915568	0.6441636112136219	2.93614769721817	-0.99926248787662	0.04373684901454267	0.321770768098873	3.9935229970817816	1.8548383072311767	0.0	0.0	0.16885775577478251	0.0040583557120875136	0.05155697224453082	0.6153626716937879	0.39784673558110967	0.0012140128275144324	0.03972950862259139	0.23733158134478893	0.4163594339807475	nan	nan	0.003640058073243385	1679.9324973358896	1884	7.598062228834385e-05
-0.03470209797154855	0.6358597585939421	4.44154565965996	0.7668923627946971	0.05586257238020087	0.4059690200369888	2.504813751968467	-0.6340840935620301	0.0	0.0	0.1662493740391522	0.003243725525805208	0.05768164516520857	0.5209543647829131	0.8114258753432332	0.0022484317179947144	0.037976344035063225	0.3550619371396684	0.2613462399770342	nan	nan	0.0036071581634163907	1720.5142758625543	1884	8.021631491902564e-06
-0.052492818243099704	0.5922760449259786	1.9778501737711196	-1.4691294023692054	0.04032030239583406	0.2808615356401673	4.492708462038962	3.412758016034091	0.0	0.0	0.16134132222032166	0.004304059339586164	0.04705497497421557	0.5055584421010811	0.22540497549894006	0.0009929585344224945	0.03642800134251151	0.20710581030489772	0.4703685611327365	nan	nan	0.003572322057580374	1625.9804366370322	1884	4.470771383162494e-05
-0.04241084745249635	0.6512797957368639	3.44274882616652	-0.6039952981658291	0.050751745378254665	0.42512589355737923	3.535914838227762	0.16369239729125298	0.0	0.0	0.16168429462497524	0.0038483523639162853	0.052169220190319054	0.6228031639183524	0.5126075534330562	0.0017803367675361947	0.039590404159496106	0.30707951625299446	0.3286614105549393	nan	nan	0.003566344045464867	1724.9363641910932	1884	8.035651660127704e-05
-0.041587398116909036	0.5543542001296107	2.6647896324651086	-0.5827951131366005	0.0543394157561945	0.34677065834282167	2.3360228819846824	-0.5749262770359618	0.0	0.0	0.16048305673214	0.003912244613392235	0.04993150401892682	0.5868076747611759	0.4888551700630007	0.002261852557044919	0.03841823269696165	0.3768180455344565	0.2961675438208701	nan	nan	0.0035911279700859416	1624.6241692822705	1884	4.6881202737310285e-05
-0.042005464376774215	0.6305838418607368	3.2965430451594857	-0.6330754664240715	0.04999339441973372	0.37809073256272807	3.2818342857113167	0.23133977037157674	0.0	0.0	0.16004150134930215	0.003932184916313697	0.05200257716375267	0.6364633975815197	0.520819672735637	0.0016977459793166005	0.03931210845751232	0.2998948769852787	0.33248631939784645	nan	nan	0.003553710146539338	1618.2230410944576	1884	0.00016134491442656163
-0.037959690703939675	0.6709235970889749	4.199416887541411	0.07924574739252371	0.055851777355255594	0.40252141047731005	2.5461047482887436	-0.6762798051222341	0.0	0.0	0.15874252800067454	0.003775617464931491	0.05636770713075012	0.6123263832181101	0.7280536123299117	0.0022956463692704876	0.03845256072387079	0.37277883502795883	0.27153894527131467	nan	nan	0.00358681515813776	1653.2523571520137	1884	0.00010400894595891798
-0.04403061647952611	0.67338461777691	3.4405192424079085	-0.7052401315593825	0.04520663336634523	0.3107385258530755	3.4920470744069347	1.3941706277622197	0.0	0.0	0.16268923590439924	0.004023311350651759	0.051987420354583924	0.6270971970090446	0.49062308939377003	0.0013045748795326162	0.03920615806548472	0.2413679539346496	0.38763124084260914	nan	nan	0.003591838199141606	1624.306481604686	1884	0.0001372216391721329
-0.042827888217605636	0.6394565870247158	3.376980996605623	-0.6567830358257514	0.04963482823526899	0.34935954615155973	3.2730633754424265	0.3739506372403547	0.0	0.0	0.15933252972953615	0.003847786078579385	0.05172899599581526	0.6264370496151042	0.501991504389438	0.0015837462308102568	0.03863172084179642	0.2847623983505003	0.3382672491958938	nan	nan	0.0035552937698473397	1754.317936373232	1884	0.00015166435159482476
-0.03711167984854569	0.607476328462575	3.6889877291015383	0.25526118578506685	0.04984229255389527	0.3750473954751069	3.2292068653860935	0.25249703263651724	0.0	0.0	0.1549673379326782	0.003290252170279284	0.05275697165884352	0.509284184434212	0.6481220608082073	0.0016435360832838253	0.03851204494617788	0.2881589402877993	0.3210245002795028	nan	nan	0.0035339344751310897	1642.870306927171	1884	3.05572664672387e-05
-0.0467722896270939	0.6535758007749373	3.0669398815456885	-1.212488336371525	0.044494652895848974	0.32310546314077265	3.941180617918692	1.609868520364907	0.0	0.0	0.1655127743371424	0.004271545161146251	0.053225608513240596	0.7057297168583683	0.3992581869862557	0.0012390725515466494	0.03973670292984449	0.2442566748527657	0.4052365907001741	nan	nan	0.003628937663059134	1739.1148534899733	1884	0.0001650220842450824
-0.0297479450112913	0.602129689115161	5.087094424149136	2.481910454406098	0.0524723213296554	0.4009966427700584	3.005130011537572	-0.1861493773651502	0.0	0.0	0.16196947991028393	0.00236850184518006	0.06038805098372069	0.39752239963192126	0.9294548476893404	0.0017625927613721393	0.03802227674048417	0.309195400232956	0.27609538942045736	nan	nan	0.0035655279770368253	1659.1420072965643	1884	7.981307574179463e-05
-0.04087925809240778	0.6234935754300188	3.556506851482368	-0.4489661885824623	0.04473280112403333	0.2964156358028433	3.735810799249651	1.7068093057918783	0.0	0.0	0.1623146062191833	0.03443853402462793	0.06578787212119885	6.704949105196535	5.2714921710088625	0.01619227649439403	0.2525507161963736	1.4293833263840523	5.585778820519315	nan	nan	0.003644749918059201	1677.1064299034429	1884	0.00017382217015259554
-0.03810153648503878	0.6517815245651839	4.2777947997252355	0.12556897115646276	0.04874710247656666	0.37498430614395345	3.7095640201034703	0.6614118496384731	0.0	0.0	0.15531150103620403	0.003163836543230769	0.05248246989287164	0.5360013659232639	0.6340244977348418	0.0014549720416409118	0.038949948879957175	0.2695877435537677	0.3402699575437449	nan	nan	0.003502012549855063	1684.7997742058296	1884	1.2633863924604575e-05
-0.041176840960886474	0.6006454204481113	3.2079673420200905	-0.5943704462966213	0.05490296936211614	0.38316286706607006	2.652785005277315	-0.5646620760402709	0.0	0.0	0.15951515772017233	0.0037553176997330295	0.052646806256741174	0.63359895682275	0.5204523344343419	0.0022085950034895774	0.03875474248499336	0.3756631014901175	0.293926079054628	nan	nan	0.003577796980459888	1626.5248960348808	1884	2.374812312728592e-06
-0.015433705850599555	0.2747822998296468	5.571432861500618	16.63257596412783	0.043326966648633114	0.3108555544973863	3.9263808439242935	2.034577922795264	0.0	0.0	0.16535052443233733	0.00364682432739305	0.13848982529632348	0.38433527045081206	8.57217523154974	0.004127980699941025	0.06548478588880907	0.4261882038921516	1.4403854877921105	nan	nan	0.0034736555102725247	1685.2587813686805	1884	0.0011340298025523414
-0.028188360750824648	0.5736846152986161	5.248541292890176	2.8685344214008826	0.04654587342347427	0.36853352046588356	3.7358640018196123	1.0111195124424357	0.0	0.0	0.15512432036398072	0.002145670804178712	0.06041779768996314	0.39313826350944847	0.9640180598503822	0.0013036562347717995	0.038431700870435376	0.2476314419405483	0.33517317777755656	nan	nan	0.0035387609207843257	1664.74851047549	1884	7.188462126723622e-05
-0.03389081386118342	0.5596644831594867	3.83009782113348	0.8823246663232025	0.045221308393310844	0.32405312316650986	3.6036559399114676	1.3587260270612507	0.0	0.0	0.1664090616998905	0.0027658932758122257	0.05330861355044092	0.4387561653961449	0.704975876184796	0.0012674856092046438	0.038847166813596234	0.2410065143275273	0.3721793223624913	nan	nan	0.0035950627974219163	1636.05827459675	1884	5.2628249645165425e-05
-0.03004084451625777	0.5961970461502275	5.118136752149008	2.499006866764929	0.04335777614315339	0.2854889432074818	3.731568751778256	2.030164904382684	0.0	0.0	0.16255569609897985	0.002227581802928924	0.057861614248931825	0.3809510895228634	0.875398960342262	0.001082531598748604	0.03712093190461935	0.21689953181765942	0.39120300702788235	nan	nan	0.0035555654446007973	1541.7914876871414	1884	1.1956304180700844e-05
-0.04257230148107305	0.612960693658206	3.0699879758016624	-0.6005420212314287	0.05474097132186784	0.3676086021088825	2.5920617784124778	-0.4883331975296041	0.0	0.0	0.1530060644791571	0.004169701584470442	0.05130834759115377	0.6283788655459661	0.5272522988808227	0.0021609322380645724	0.037887075135427634	0.3606107188836114	0.2963361408039346	nan	nan	0.003478696180006152	1681.6437664717414	1884	2.1363130754125397e-05
-0.05246526822988207	0.6588858175884496	2.4401952071724873	-1.552606874706322	0.038912554612613004	0.2671898946296597	4.505300674132523	4.072060725604135	0.0	0.0	0.16559337127365542	0.00412373749066397	0.05186963962310753	0.5654713778799401	0.23520173970751318	0.0009627206614216677	0.035639404173453654	0.19998629253017297	0.49779105522809897	nan	nan	0.0035704241886923005	1643.0872552448343	1884	1.8060309844853554e-05
-0.04361422425667971	0.6540646549561284	3.2350844449342797	-0.7950923099756708	0.04449688247962835	0.34977268899510083	4.000668494726509	1.59055341731451	0.0	0.0	0.16205605898458658	0.004043404537631523	0.052174164368758214	0.6389674590618089	0.4734989447138555	0.0012983270827686688	0.04027545839867416	0.24662494104549393	0.40354104560417015	nan	nan	0.003600562899807286	1609.4697823660586	1884	2.5251620756419316e-05
-0.029337708119497763	0.5944567880077576	5.331763542923136	2.503825617158472	0.0551482528642695	0.3751737074870871	2.6456123169059564	-0.5901930265145587	0.0	0.0	0.1614952666933524	0.002450669249897286	0.06241568221573396	0.43122285794651427	1.0170876799610598	0.0019041207180666708	0.037651684135298735	0.3437904260650426	0.2553597152447584	nan	nan	0.003591885605845821	1679.0533387115793	1884	0.00010308224043242137
-0.04246657198056747	0.6275140761391043	3.193184923592237	-0.6208707152613048	0.044888056846039914	0.28657614018853883	3.4618905537642695	1.5625451833016135	0.0	0.0	0.16641108044596348	0.008348772575591079	0.05877036349248471	1.180219033844934	1.0716978794474157	0.011317452529949423	0.1737426824482001	1.0220586730441812	3.7093955129436016	nan	nan	0.003645337026457751	1712.52083500156	1884	2.268210437294371e-05
-0.026372257295658175	0.5601048898487779	5.433342047351212	4.044747661882151	0.05514535280036292	0.405391758601691	2.7134778364901937	-0.5848726378558544	0.0	0.0	0.1599277033545187	0.002120080182308859	0.06322510643566784	0.3677611417869042	1.151398935512312	0.0019579264717755063	0.03778748997993581	0.3391214064211505	0.2502897808737803	nan	nan	0.0035679736481749325	1634.906469538248	1884	2.858515973028624e-05
-0.042201984461508246	0.64432572802765	3.2353673369757607	-0.5798138895642474	0.05485655951474655	0.4192327361535194	2.774422712034128	-0.5784379721678273	0.0	0.0	0.1607367275683377	0.004278116831451795	0.053039361638795746	0.6463451043498956	0.5494136859256505	0.0023288702906829606	0.03927425746054658	0.38169192509739736	0.29699170253855905	nan	nan	0.0035984088179500245	1672.2381464559035	1884	4.5808056844613976e-05
-0.04169732347502153	0.6050972299719446	3.285290725420919	-0.5751794696456742	0.042189346343102896	0.2879733839287776	4.172454629562047	2.623631002184188	0.0	0.0	0.15344546094762698	0.0033171132906126832	0.049123434263910026	0.5647742220438596	0.4622032919388829	0.0011015499891225966	0.038404902380748285	0.22065524018699567	0.4567741509989302	nan	nan	0.0034922839101831082	1723.4655394982988	1884	1.446113400694821e-07
-0.028285191915593755	0.5655899705875589	5.1058365463618305	3.0314057020367615	0.04315409656532143	0.34368391554385463	4.119493893493073	2.029949714708229	0.0	0.0	0.16204645243610644	0.0021098141483750776	0.05880650507282392	0.36864111933547283	0.948381353386836	0.0011303090538244964	0.03838745003930252	0.22596896283567247	0.3855626294394069	nan	nan	0.0035756579912186726	1695.9189554014774	1884	0.00013789512913013992
-0.0335924746624332	0.5887310655695484	4.30124050885458	0.9243699616844896	0.05379391364135544	0.37529387930185365	2.695639030986367	-0.4396391778394493	0.0	0.0	0.16041401286512671	0.00289537377975585	0.05609109453945216	0.4804940227036132	0.7850124277164352	0.0019217231421378989	0.037828468853557895	0.3371397316369129	0.27411173395260585	nan	nan	0.003572530805040469	1653.7514925494056	1884	0.0001224301920168923
-0.04181785885529776	0.6409605190104457	3.402890350517346	-0.6016172728308679	0.054796542295887374	0.3627347734907316	2.5380122126168416	-0.5195970171937534	0.0	0.0	0.15924708299219353	0.0042319019952654635	0.05364111964191287	0.6813815374050414	0.574878601994871	0.0021681882207146286	0.03787356542667494	0.36369406508115754	0.29370747938163216	nan	nan	0.0035465374865616545	1655.7833519548672	1884	3.670106832748011e-05
-0.04218255607305155	0.6107604995193223	3.1236514485373723	-0.6368109871014777	0.054279829092429566	0.3064245269770366	2.1523607567416563	-0.5520703319771527	0.0	0.0	0.15944773633898784	0.011544218588627753	0.05586850542563032	1.6039084387328943	1.4954463848549204	0.010403400771867077	0.04002754063904981	1.4363257086562493	1.4314339930234643	nan	nan	0.003583972056616952	1711.8137348229757	1884	6.309976041907664e-05
-0.03890669197735941	0.7408316259209993	4.960793365306261	0.1364847475660626	0.05616854970564611	0.4672031828124348	3.092306159028315	-0.6234154959771898	0.0	0.0	0.161520502512622	0.014140772733677698	0.07938762659629534	1.8998622028743952	2.86956462557416	0.014835660315960175	0.043533554884767706	1.9172625127403637	1.8488321776753962	nan	nan	0.003557453757159823	1709.7313529112475	1884	5.654644976012489e-06
-0.0191625053150708	0.3755587465984741	5.726706812294711	10.476327402208737	0.04459580229438176	0.30538712539628254	3.741651628338235	1.630084161361112	0.0	0.0	0.16023286184191896	0.0028831488503976987	0.0966892593032734	0.3571759516102708	3.81008947905557	0.004377865883185117	0.06799323848057881	0.4878857225933715	1.4200605158466155	nan	nan	0.0035819946874342673	1660.3799335259896	1884	0.0030571243279018676
-0.024205849769246113	0.48530758874169105	5.285895750235307	5.015502096631209	0.05788011102307378	0.3445887340201157	1.9410692510891585	-0.922523563952514	0.0	0.0	0.15349500200904373	0.001966926752317577	0.06450722548748797	0.36204210852820395	1.3250262891398543	0.0021909796253044567	0.03646588905482667	0.34929824059682035	0.21433092831274667	nan	nan	0.0035183613005316527	1589.5003239442026	1884	0.000146901076677884
-0.029709230820298638	0.5457195046082521	4.638282999223201	2.237907418799376	0.04492922367659391	0.28916323850730186	3.5038372769911854	1.5167982880826363	0.0	0.0	0.1588445408215127	0.002248917143429785	0.057247940005799275	0.38612851804606496	0.8667893191661199	0.001148609691813185	0.03739738074734611	0.2273340473171328	0.36666812306536917	nan	nan	0.0035408074029838615	1742.0775418512399	1884	3.0347093555480233e-05
-0.04356616978734307	0.6852519458125036	3.6136207321124307	-0.7179429433270735	0.04596183486063632	0.3792286651687429	4.041908638231906	1.2909782896894648	0.0	0.0	0.16072141290436812	0.0038987106328722265	0.05266074925278208	0.6384130464461146	0.49359955517147314	0.0013847016293234704	0.040305446697270764	0.25468216879218764	0.3851593448600073	nan	nan	0.003555140318356631	1569.3181943590153	1884	0.0001282090833399875
-0.03138938370488664	0.6000589018592983	4.851858488464826	1.7411435337930152	0.054578148489785816	0.3533511748686193	2.3985151970375984	-0.5863361757046378	0.0	0.0	0.15717521969520504	0.0026776192464113557	0.059947657503469864	0.4449763535646971	0.9064179626515303	0.001981154358507542	0.03760624841299495	0.3454106084622648	0.2592721607566356	nan	nan	0.003572780778876336	1639.6185000812263	1884	1.643330866278561e-07
-0.026341315268229137	0.575094508002662	5.545230865144176	3.9928834884621796	0.05763078972723035	0.420126929288452	2.5323474394275802	-0.8561810988146358	0.0	0.0	0.16450529389889795	0.0022245425439951783	0.06540649922211628	0.3877643778043969	1.2035524175593255	0.00216872101521981	0.03823715690353238	0.36265545207101724	0.23040214744708887	nan	nan	0.003591271559470338	1567.6041561655015	1884	9.22850403209072e-05
-0.02345464166046507	0.4537379524319505	5.05649447840972	5.707111051203452	0.045993231239540355	0.3187727296713974	3.5253064999635586	1.2757285626236063	0.0	0.0	0.16204100710054767	0.0016566451119341408	0.05933374997503549	0.322070192306978	1.2128762335629497	0.0011887008757927031	0.036854017323132426	0.22802688819839156	0.33881838572143086	nan	nan	0.0035234804620770943	1632.365505325412	1884	9.179675716051282e-05
-0.0317362514434163	0.6288095787519367	5.290265196872888	1.9301579969684652	0.05241216974422569	0.3739602510345628	3.018759800803641	-0.12003420439811809	0.0	0.0	0.16374748462904046	0.0024407416683892014	0.058185116294814265	0.42147629057165625	0.8534660169213497	0.0016645094079275058	0.037294969567381764	0.30031111509616926	0.2808131014823902	nan	nan	0.0035566205622342556	1643.891931864046	1884	0.00016120593108122252
-0.04109722229881707	0.5864066993890719	3.056098843816295	-0.5966290156428096	0.04217828993547634	0.29973770737609684	4.062271950791284	2.4078520604186466	0.0	0.0	0.1581603172222288	0.00355203580020258	0.04946121677867643	0.585603793573763	0.4822874550311711	0.0011398433092908444	0.039161846279123	0.22586395319228547	0.44671823632432456	nan	nan	0.003539068756192046	1699.3393041129011	1884	0.00019960650205606446
-0.04080130759494294	0.6701354087709004	3.7665778758761586	-0.363294810993408	0.05473164641235395	0.4347408606681311	2.984876085335192	-0.4844008617802878	0.0	0.0	0.16065660543996052	0.004179147622207391	0.05330471401624898	0.6555859066641354	0.639583138630144	0.0021892685263612544	0.03872020167083648	0.36184217474800495	0.2931483302315019	nan	nan	0.003539376080463952	1614.5916463747626	1884	0.00011059096576217056
-0.04054122033591401	0.6207793178898577	3.52509916142681	-0.4586489886314068	0.0419635188550771	0.2837287452106355	3.8235403041084464	2.2782847408891986	0.0	0.0	0.15536429308528124	0.0035170976164825007	0.05010244487412008	0.5969546627170581	0.5371784436892941	0.0011345841937762113	0.03895701784368896	0.2217479749160347	0.44209285095316786	nan	nan	0.0035921598091558926	1589.2075990372432	1884	0.0001223219328368136
-0.035177033925880674	0.6563672448911221	4.5637671720037245	0.7778185603602787	0.04821539884007531	0.41468689716206963	3.7530168601127194	0.6570481470071545	0.0	0.0	0.1552693535159432	0.0029069004391599207	0.055916584799489244	0.47954077223928104	0.7152060556230398	0.0015079043907197942	0.03948461527361463	0.27000938256408635	0.3303981617271072	nan	nan	0.00352928344561676	1680.5352797270198	1884	1.1937503153012604e-05
-0.042229748599898254	0.6898024019396489	3.9934813014262427	-0.6016551191437994	0.0545015253787855	0.38811504220470805	2.8345309775358225	-0.49595429651820255	0.0	0.0	0.15080027614776367	0.003961971880942272	0.054356504476602674	0.6913200673679807	0.576965617862229	0.0020519995831987936	0.038337148380485936	0.36067571393920383	0.2915307716031841	nan	nan	0.0035361472703641095	1677.1124639102577	1884	7.318887255816983e-05
-0.04400887389245833	0.6468744953822609	3.152832294033031	-0.8389978193671824	0.04544371282594817	0.3261175753619194	3.67872420722946	1.3375241835858909	0.0	0.0	0.15885092335537032	0.004045434378620705	0.052095855449343254	0.6357013116773009	0.4582236098290896	0.0013164720105585115	0.03945669239679897	0.24584911028861645	0.38893972441797836	nan	nan	0.0035588749805040426	1687.347845111492	1884	1.0009849987214121e-05
-0.041751229549992996	0.667035489584037	3.7455018290077535	-0.6031282848775287	0.05547924163534579	0.42016487486154186	2.9376347688061513	-0.5722160276036057	0.0	0.0	0.15583014487858232	0.016335857128998155	0.0568408116614732	2.3739980509834226	2.3500798700077676	0.00974961642410388	0.041721864725425856	1.3384262004363143	1.3028896973518806	nan	nan	0.00355412092875064	1740.197246379412	1884	3.05185608349436e-05
-0.044151298698950514	0.6758695495908744	3.4784068706406805	-0.8223579728488877	0.042722181150895766	0.25803201990202157	4.082875172227632	2.6263154395725197	0.0	0.0	0.15215761828552216	0.018457495530638635	0.0720343245135106	2.5907074955146703	2.2185261503314693	0.011374648859440839	0.2410837785670214	0.9050447154876011	5.387934226724689	nan	nan	0.0035545666251187713	1657.6782628489002	1884	0.00019748418507447663
-0.042534170837088325	0.6558380197493425	3.4528475441170556	-0.6014771478016985	0.05543952838967181	0.4003845216874552	2.565376715435205	-0.5818967586913171	0.0	0.0	0.1670677861257886	0.01245766179473684	0.05599201588782682	1.7256889116219163	1.6561275473906674	0.018201752690272688	0.04114205141725938	2.2148099128907335	2.2403435365825914	nan	nan	0.003618356852661833	1647.7096389681462	1884	1.3522236554826958e-05
-0.04512132030077132	0.6505064674473855	3.0969685118562227	-0.9580959918569847	0.043426783624790355	0.31938693164232146	3.964988172250231	1.9191930782210311	0.0	0.0	0.16069796963509864	0.00404330489339827	0.051563842846546526	0.6356297277391665	0.42437057018318197	0.0012108055151076602	0.0396203848405382	0.2341779661990402	0.4199977333793223	nan	nan	0.0035801256655358105	1609.0283286917743	1884	0.00011543278211600063
-0.04235454316671028	0.6465030038529405	3.5341638641604134	-0.6108821355415568	0.042013233261136484	0.2652418358089379	4.220547608212872	2.799080086589719	0.0	0.0	0.16017252623502878	0.011916357646323372	0.061512891577855555	1.732122757655946	1.6452595130644778	0.012776622174319296	0.2788864466626949	0.9462238476385973	6.255927409883626	nan	nan	0.0036676948463439107	1665.1974742565799	1884	7.139487858659923e-06
-0.024085439818689935	0.47428183300251503	4.975769237696788	5.081045003417103	0.045754719391918997	0.35739646448375284	3.663697048073468	1.1613082339259544	0.0	0.0	0.15679103307730985	0.0017472304078458567	0.0598201599915357	0.3288338762401213	1.160531798086885	0.001256384535029964	0.03811908406445769	0.23971923109193272	0.33567223515727906	nan	nan	0.0035459314609156134	1678.78481772949	1884	2.00121720031759e-05
-0.015173838705165421	0.280967784431713	5.821860407635504	17.38418386392533	0.04136140387102505	0.30908944562088425	4.244039979549013	2.726107034215736	0.0	0.0	0.16578374344407837	0.004031626020752188	0.15301676389276517	0.40212317964497846	9.934574076798155	0.005097665543706942	0.09221751285878865	0.42797515774960826	2.1082778359540266	nan	nan	0.003421128225720535	1765.4489056053396	1884	0.0012262643641803652
-0.029001305653023723	0.5864489628808948	5.024033272084952	2.5960506220388893	0.05738578936117267	0.3904913279797006	2.245028706333572	-0.8137317543398156	0.0	0.0	0.15994573175059257	0.0025157212067661305	0.06285193207556705	0.4107610988418964	1.0322271561525602	0.0022548305830090154	0.037277117713624186	0.3517883512628823	0.23149440200262733	nan	nan	0.0035315456172666515	1587.5191467478608	1884	7.723826139618474e-05
-0.0369663134192586	0.6270293714947208	4.051358311206147	0.25308921557046543	0.03699418283455702	0.19938629658954066	4.268266440959522	5.008660254568305	0.0	0.0	0.16189083022063516	0.009491794312047941	0.06749598749749725	1.2570764751867802	1.93928395789165	0.0037878704009642883	0.10371747942383308	0.2712550741440669	2.8648746694643235	nan	nan	0.0036121594720103095	1618.8328860016986	1884	0.0011371620066935124
-0.021680017489523085	0.4184966138746183	5.353803995749203	7.4202902980057885	0.03794643987678703	0.24767128072385597	4.458898804197263	4.41339396879036	0.0	0.0	0.16498748063105315	0.0013021207895109188	0.05286659261566937	0.3262888259463237	1.246853369712533	0.003284831506089936	0.07523742625358582	0.29862647138226395	1.9574945887793498	nan	nan	0.0035922414298850125	1588.3860384214804	1884	0.00899403675551486
-0.03207156184385729	0.6450723345496273	4.994597580699658	1.6141967300170441	0.05583215454672219	0.4475900974252971	2.866691084878741	-0.6326321836691986	0.0	0.0	0.1600156681418848	0.002816877022653985	0.06063408909798029	0.4519084167061047	0.8956307837119166	0.00213398388038033	0.03879953841085207	0.3553506002664273	0.25694492630842425	nan	nan	0.0035885146778670968	1599.4665058277087	1884	7.038168976617057e-05
-0.028779657521271318	0.6011066391704555	5.39302721731179	2.811143327963164	0.054860824119254525	0.39430315501357444	2.6555927327311126	-0.5838820134559155	0.0	0.0	0.15765711476089456	0.008568477316342027	0.13443127848347078	0.8288564806347436	3.7291358589966235	0.007510308633122409	0.04274801478729698	1.0334971221871965	0.9779588763847618	nan	nan	0.0035773954443868022	1585.1281318868132	1884	0.00018355665320562306
-0.03302281223654868	0.6444197975779042	4.888006095337819	1.2339491206337458	0.05565887214838283	0.4493176537455134	2.995166964923758	-0.6046972447296315	0.0	0.0	0.15314769391607366	0.009822687513032169	0.10457413117238518	1.1603663335649315	2.891303567684807	0.017776479645016274	0.04329174385531365	2.270820354542171	2.254742494230364	nan	nan	0.0034970031441601823	1615.7243923016538	1884	3.954723647773736e-05
-0.0421780858991716	0.6656340447913094	3.538270972280717	-0.626073086243432	0.05034867708361768	0.40800080846988757	3.4512676965004454	0.21140890541317922	0.0	0.0	0.1630559179957342	0.004042143942582899	0.053797232807203055	0.6590802100538982	0.5424016928010822	0.0017436724657803326	0.03964077003801042	0.30320059918735964	0.3308906031592201	nan	nan	0.003570324696062138	1656.6586467392726	1884	4.54715343662155e-05
-0.05036484693113463	0.6040588518705599	2.174214402311028	-1.5082143079409482	0.040512529978270484	0.2602750742125063	4.2774146818859275	3.3033076857904615	0.0	0.0	0.16058989330336287	0.010653971749683577	0.08828050580198366	1.3989475794697825	0.6244682927719759	0.011146357291605291	0.2552724373476171	0.7395296056772034	5.937620921493933	nan	nan	0.0036536744232957136	1739.22757002757	1884	2.8833866504897856e-05
-0.02862683804411903	0.6088047293185901	5.409833175666225	2.997092935360712	0.06111931494737988	0.4214420101603215	2.1629684399724285	-1.1729922093557346	0.0	0.0	0.15830682100639887	0.0024417707430692825	0.06319738171381928	0.39559006019093657	1.0729558312108578	0.0024165967064752047	0.037926045121051855	0.3688104685361149	0.1934948190126941	nan	nan	0.0035386103412841513	1696.8281726455814	1884	1.0102379244439086e-06
-0.04250993544279014	0.631613340837538	3.298216392487313	-0.6879518561379192	0.054720623212673125	0.35380946424900034	2.5614957391132407	-0.5493506969706888	0.0	0.0	0.15751858374605787	0.004331506981726352	0.05287661169756658	0.694627533560848	0.5605934143759628	0.0021153540534096793	0.03849268528348668	0.37189253599536465	0.29499236450338895	nan	nan	0.0035610299219260982	1750.123666674406	1884	0.0001313049646918413
-0.023804346577190327	0.5016789570999494	5.3248136987367936	5.318836233570299	0.055592878705430504	0.39434716648584006	2.4586784634368213	-0.6913991804401802	0.0	0.0	0.15590050164047436	0.00195520071123928	0.06512609901883296	0.3538771839849275	1.3461429059754928	0.002046851549592832	0.03785468305523801	0.3441920945435657	0.23902029073554729	nan	nan	0.003571519334588255	1764.6575111393372	1884	2.6774907828402325e-05
-0.042183765753549984	0.6132093972038735	3.1902956303083667	-0.601585178547236	0.04520021601749602	0.3234136347121507	3.742060199245441	1.4100827425318423	0.0	0.0	0.16087167097943103	0.0037349611173169706	0.05006045531094161	0.5961357341401448	0.4932758370921016	0.0012985100539754102	0.03954482292127526	0.24557859095327683	0.3958746862998429	nan	nan	0.0035835005080594173	1586.048723261274	1884	1.4453900608177244e-06
-0.041972246872259755	0.6767801233406241	3.8593028490672623	-0.48280670847252904	0.05520891909531045	0.40450317449927053	2.8336001428798063	-0.5581880496693107	0.0	0.0	0.1578451912910314	0.0040452197244632004	0.05268991342010393	0.6614306180864324	0.5969797758863137	0.002154319681082373	0.03851489019121046	0.36921132100247456	0.28847974813450294	nan	nan	0.0035438829356181367	1699.4316941484817	1884	2.2182877340077912e-05
-0.0419141944302881	0.601466322024296	3.159010642568247	-0.581517664311248	0.05126541191694911	0.3523972630282158	2.983589886568938	-0.0002233137963208987	0.0	0.0	0.16346810364099718	0.003591595387355706	0.051025440763855956	0.5885366163752872	0.48277980545525206	0.001756262624501126	0.03866639441123515	0.31367493644977085	0.32047017647121945	nan	nan	0.0035820138568202764	1598.1682587699706	1884	0.0001252765630695525
-0.04184792199996368	0.6461733397186952	3.365365726093751	-0.6181977578964954	0.04822393222113219	0.36436026750246925	3.332866742020687	0.5514790551072652	0.0	0.0	0.16447778227374926	0.003947005780474688	0.05333949493819501	0.6380006569297492	0.5244949562360253	0.0015895118689085441	0.03951165242231752	0.27826977437140976	0.34801170955535476	nan	nan	0.0036363167794679074	1724.3691293742104	1884	5.282763551107185e-05
-0.04172188724700987	0.6261650037117906	3.352062156919256	-0.5853988603997593	0.05030025325269416	0.3330140069213979	2.95634098881186	0.15587828369306944	0.0	0.0	0.1630903464239144	0.0038164029439932134	0.05216967059541289	0.6270616041868005	0.5249225410276486	0.0016625245209466177	0.03827458595747826	0.2968350635382684	0.3273632952312233	nan	nan	0.0035826981622849308	1679.6594804914344	1884	0.00012737897173369136
-0.033961021162171035	0.6322376827913001	4.5807161159356236	1.0075136184008378	0.0542129169628649	0.39671039999408086	2.774912987650829	-0.4185508701359278	0.0	0.0	0.15899463510575293	0.0029684996002141695	0.05778306998132804	0.48353922639499514	0.7997520123298254	0.001963653679781796	0.03775526343979527	0.3326781730709274	0.27206202642219396	nan	nan	0.003530740943159194	1736.4327214941657	1884	2.445521555525302e-05
-0.027396138053589203	0.5771431818889592	5.300963385842215	3.4785390610610802	0.05559157734870146	0.43873422059668116	2.6983725385753448	-0.6008928521680159	0.0	0.0	0.1638857599801787	0.008299295617417157	0.1443827714338339	0.6913246408540661	4.047007878363213	0.008864751383332203	0.042554352495906334	1.1076738678719158	1.0434571817382792	nan	nan	0.0036049993759586785	1521.6662273558034	1884	2.3835248619093887e-05
-0.0296479303028907	0.6058556137595463	5.28583746695589	2.64948528346063	0.04138352082999064	0.32535686955255827	4.378326738355225	2.7344667109705494	0.0	0.0	0.16488408481316436	0.002187187086532427	0.058232435475178757	0.38168726357705474	0.8915218876798084	0.001053139994050989	0.03797099121856051	0.21789633596657243	0.4239085436837082	nan	nan	0.0035950484651031817	1762.417900740069	1884	5.9755448877841845e-05
-0.05171198243982145	0.6078567727918327	2.14093839097248	-1.5507942914421757	0.04275089972278523	0.2860617800819086	3.9563512889964385	2.240288751226198	0.0	0.0	0.15493674930121248	0.010857876019420898	0.0887591919153114	1.381166817069502	0.594040266411095	0.013300919382042253	0.24092314932259135	1.0937487114340494	5.389980760673497	nan	nan	0.003614924024844701	1537.4255388721276	1884	8.789640021020062e-05
-0.026549988581994755	0.5804301841091588	5.512462883195699	3.9504311401973005	0.06366181345674549	0.42782266550672615	1.9200979672548075	-1.337464079473437	0.0	0.0	0.16231302571108802	0.023262690088345306	0.3990276883840463	1.5931881550568359	12.439081143085453	0.022166751974977528	0.11014818384813793	2.425487681847446	1.4164357671645755	nan	nan	0.003626949662149867	1688.7756064933205	1884	3.619392082192948e-05
-0.042921281293706204	0.6342682417445669	3.273978231499247	-0.6354680049311249	0.04948983950088115	0.3651505716586315	3.228641376487258	0.3752424412774838	0.0	0.0	0.16069599031826126	0.004023995181940909	0.050689881634982614	0.6274776309712882	0.5154656584340999	0.001650128689447805	0.038842731274379566	0.2850223337696074	0.33633302303053264	nan	nan	0.0035834876176819297	1745.5609256630314	1884	0.00015834436374969303
-0.036664249267240434	0.6891625476416279	4.6913906124696645	0.46455433447701605	0.0523612728171341	0.4138945190622669	3.143153995861745	-0.2099105705930466	0.0	0.0	0.16095023279801693	0.003222477540808566	0.05680120686880119	0.5375855074971794	0.7222446208767096	0.001847946497416486	0.03890232312888789	0.3252291314248068	0.2928289968584511	nan	nan	0.003603752045228864	1726.1714276371254	1884	1.4478890591043525e-05
-0.05374418750458576	0.5821451378588334	1.8017169097700032	-1.5567040352456567	0.04314252642056027	0.25948313613723883	3.7094567202851305	2.176494593284117	0.0	0.0	0.1587848012401568	0.004263425004813248	0.04694992989481922	0.4685993486475485	0.193747858381939	0.0010543810816050492	0.03664441364942658	0.21505621590652368	0.4106394597981516	nan	nan	0.003555372435752449	1663.4251753267718	1884	2.7583412948086614e-05
-0.03010986194055043	0.5987235482025492	4.886846266740797	2.150822304802018	0.055963463830067894	0.3908999917707711	2.3886778760100658	-0.709385401910203	0.0	0.0	0.16407860059206592	0.002625839995035961	0.062008569018491	0.43060851548550394	0.9690062746856734	0.0021755099192687366	0.03771331499055705	0.35313048993871154	0.2471451742126618	nan	nan	0.003626053489619266	1629.2999643201317	1884	7.57345699257915e-05
-0.041892546366070316	0.619289395784131	3.3562742040971965	-0.5453113965766	0.0512006577936599	0.38198496915064223	3.058879828716309	0.009453918818847034	0.0	0.0	0.16516621332233805	0.003656828558342873	0.05041876227150188	0.6006389227275941	0.5098972938139343	0.001833073616407721	0.03894292702505123	0.3144202032567398	0.3193084181741833	nan	nan	0.0035886764043749353	1749.5490492252393	1884	1.1490359062135817e-05
-0.04208290147897542	0.6810583642317998	3.829942788091377	-0.5361341420511192	0.055137200755744464	0.4277852707841052	2.8032925166832054	-0.6051335972187805	0.0	0.0	0.1583272599480822	0.016895332802591256	0.05581610557456518	2.3638681436376348	2.443066350763331	0.009329152681948005	0.0424269910639751	1.2428942927849205	1.1749538125101275	nan	nan	0.0035889994115771845	1763.426579123493	1884	9.477699749021672e-05
-0.05314786620879286	0.640692343298557	2.193609582124511	-1.5532999596660166	0.03849488586034244	0.25374423384911726	4.319541314441192	4.114884751707776	0.0	0.0	0.1663264893168504	0.004204974525574445	0.05011003195294278	0.5237650001965979	0.21643600514190034	0.0009431689676717703	0.035221527235444444	0.19588260689037718	0.49515289378983945	nan	nan	0.003599870719979234	1712.006836536628	1884	4.194129888550989e-06
-0.02393695675580776	0.48938338292748257	5.45763132002043	5.598288950990645	0.03684319275312564	0.20706811020660104	4.609634834740516	5.483104211052253	0.0	0.0	0.15986566730745522	0.0016902223015906048	0.05869316570722141	0.32307448351646517	1.2079455807455324	0.0008654458289041322	0.030782472269048372	0.1767317162067612	0.5350966623012118	nan	nan	0.0035668531804799036	1602.78048351354	1884	0.00016017464462705707
-0.04193343649246273	0.6453645748869182	3.4276157107260485	-0.6182280391720558	0.048775144926414216	0.35315671555495753	3.2466752519246067	0.4053927935589358	0.0	0.0	0.15959209584302925	0.0037910564110402722	0.05323026142974513	0.6290617650952972	0.511485588988216	0.0015980665645215497	0.03925196478414164	0.28623739453402663	0.34262423270447034	nan	nan	0.00355690167634079	1673.0475135856461	1884	2.6153040282592683e-05
-0.04252483455524725	0.6468059039889225	3.3538745174265805	-0.6073392916438723	0.0431376324884567	0.31093454558065264	3.951549496527327	2.161597537120192	0.0	0.0	0.15988128834095713	0.003756998097486919	0.051122217489314836	0.5972721292691956	0.49026317986946505	0.0011846891030709017	0.03909775581161323	0.22684271749202933	0.42718588119680606	nan	nan	0.003528603685269291	1592.9056572521652	1884	7.130829818448527e-05
-0.04227656888990927	0.6376659599700989	3.2073400859346073	-0.617538133233016	0.046784574917881905	0.3544987449396691	3.593609626930847	1.0099752253613363	0.0	0.0	0.16066806443475565	0.003724362664318359	0.05263753700110302	0.5898242425182818	0.47393140009922574	0.0014374721286462	0.039655802251590405	0.25888506338485384	0.3683625582887894	nan	nan	0.0035369882771086603	1679.2702077200029	1884	2.374428026018871e-05
-0.031101497340348838	0.6010214796083524	4.996264906885711	2.021729974353155	0.03716820286319389	0.2719587112428096	4.667390056564052	4.676762094318524	0.0	0.0	0.16060732156827728	0.000783618714013834	0.05050007809770063	0.3632373978362784	0.19064088640800952	0.002680012382951902	0.06132445972294448	0.2646786425815484	1.5625736974709734	nan	nan	0.003489322665720343	1582.5710538310946	1884	0.021175674156610536
-0.023850768261740707	0.48671017898231256	5.335693758085905	5.538384579694473	0.03851857416357429	0.24893084032508578	4.325050007560013	4.079416661596333	0.0	0.0	0.1575312792571883	0.0016851510168700012	0.059134803513159806	0.3276974075215393	1.1930138186392183	0.0009020173479573623	0.034027383273629364	0.19074588369265788	0.47360495674792924	nan	nan	0.00353717214444646	1688.7632911757025	1884	2.2765937505549097e-05
-0.05222178436578362	0.6348551784224029	2.2876661492038792	-1.5342126407127474	0.03830898186169507	0.23985761382064302	4.482030861840901	4.327109140864915	0.0	0.0	0.16098498028986064	0.004118734799071488	0.05002597028695288	0.5440944966852334	0.2302729061075019	0.0009357570855704767	0.034689700998801476	0.19562932404075273	0.5167634141350277	nan	nan	0.003589598946072775	1667.6791124348085	1884	2.935575710998152e-05
-0.042099908819555165	0.6683603693326159	3.7385632079005804	-0.6132356727069207	0.055104822460942726	0.404002165173008	2.743352477383767	-0.5582779007061403	0.0	0.0	0.1614950675060334	0.0044303368792881215	0.05342982424304582	0.7342501890368736	0.6266048205739327	0.0022055361949000485	0.03852845411877642	0.3684674563138095	0.2874300198937226	nan	nan	0.003562146035006958	1674.2735424543573	1884	1.603867427209438e-05
-0.02657370591404562	0.5367343321494039	5.0689925698551965	3.621577187553664	0.055791433903832344	0.4174831237319806	2.7731132559170883	-0.6311764116949813	0.0	0.0	0.16244612561220748	0.009477125073202974	0.17014628283408345	0.7577380132565561	4.8936663690870255	0.012345686941574563	0.04360780382372492	1.6371116451138814	1.5511412817577217	nan	nan	0.0035757417637062583	1646.2860102906911	1884	9.084008603050784e-05
-0.026722247864736093	0.6077558837091706	5.723610032090121	3.922195493750589	0.06453393487973025	0.4562107305243398	2.061238584576604	-1.3964074316747788	0.0	0.0	0.16218753564442695	0.013870306377496144	0.24243917633439468	1.0049468291593762	7.31337839180268	0.01295528661146328	0.08097302815136787	1.5574255650250164	0.8106375917675476	nan	nan	0.0035953823086013192	1550.898627928903	1884	0.00016916152001381665
-0.04482372245142385	0.6757183245317578	3.375211488401551	-0.8937849808328361	0.04341705379744876	0.36314338382767664	4.301892010667501	2.114270357077362	0.0	0.0	0.15664016657689778	0.0039978089142318485	0.05207763942543686	0.6452406339741348	0.449681550071901	0.0012399259032960241	0.03974395364474939	0.2310978543876252	0.42072057336633567	nan	nan	0.0035049916634237732	1624.0685902265398	1884	9.97605889424654e-05
-0.0415576414487272	0.6346425006225065	3.3321405786588922	-0.6036500269317595	0.05139052536814237	0.35881911318228515	2.793233801022711	-0.06364365620720452	0.0	0.0	0.1603589285339325	0.0039167767958390165	0.05354729101210465	0.6415441610332322	0.5291872635497095	0.0018832484898261281	0.03842901522910422	0.31702227557219875	0.31614959642301727	nan	nan	0.003576004180512543	1604.4089113868636	1884	5.7036843309964185e-05
-0.029962524375398036	0.6063865606333232	5.215552973194491	2.233253299998223	0.05580110647761072	0.3991508387734324	2.526506775302523	-0.6600779477328561	0.0	0.0	0.1612711759214281	0.002596628501035536	0.06227696214357176	0.44049207403595947	1.0038782550636831	0.0020968272174073377	0.03765703788362165	0.3477290169603031	0.24878453653288204	nan	nan	0.003585601171079006	1688.7201726583921	1884	0.00016622861734782055
-0.04297600473471519	0.658227633103325	3.37925258375785	-0.786682259905336	0.0454396966574786	0.35284165965387704	3.7744838864816765	1.2830435084898169	0.0	0.0	0.1585503049486564	0.003957142969772898	0.05322966771859239	0.6544809795498567	0.48804299747675167	0.0013695935125261904	0.040074773793821794	0.2507869197318171	0.3860725863089056	nan	nan	0.0035376199105144612	1611.1689996739237	1884	2.3860992049276276e-05
-0.05236848379214176	0.6350159850949253	2.2587754384267233	-1.4041503287062667	0.04136619386334495	0.32894476988161403	4.383467856869964	2.7307625837628873	0.0	0.0	0.16176302452989802	0.004244446030133464	0.04877192498800287	0.5209122904976216	0.24584545615981107	0.0010909596832396895	0.038607377803617615	0.2206927383441264	0.4373527769005464	nan	nan	0.0035638797000567407	1668.1742140913411	1884	4.31169075713912e-05
-0.050592500641352345	0.6361893353286336	2.447829604387393	-1.2834680339330804	0.03907332852679901	0.19733793986892345	4.069050296136506	4.251621718990382	0.0	0.0	0.1638157213736941	0.004172028949155138	0.048439002149157084	0.5473959394035982	0.2848738451380479	0.0009197787091103082	0.03279254530049494	0.1842878723443535	0.5108473301280108	nan	nan	0.0035603181699704334	1642.2290149814316	1884	0.0001154139351128809
-0.033251064159179	0.6501222380764564	4.942166767753113	1.1730637859053141	0.04710965193865069	0.37706679888451755	3.7013953705854385	0.8580416349470594	0.0	0.0	0.16080047154439303	0.0026987495211445722	0.05815549124565211	0.4701632713757138	0.782314734134277	0.0013860719188798498	0.039122620519460916	0.25873733403518573	0.33857586886569274	nan	nan	0.0035944540818780846	1575.0605976138386	1884	5.023600820932096e-05
-0.034273294473551985	0.636890867068078	4.650680679609046	0.7689565684685883	0.05536339433092463	0.3917920332869176	2.5103593898563927	-0.5872292183418512	0.0	0.0	0.16394338441200257	0.01221887298149138	0.10215342851304582	1.583583395349913	3.214533798417609	0.012996123581983987	0.04190318173124094	1.633846150213717	1.6001965705462413	nan	nan	0.003591119490414907	1570.398207089915	1884	3.956671607574416e-05
-0.032926337651382864	0.6681104805452995	5.333270478227906	1.4984018201678804	0.055280471955413635	0.4341004770261021	2.9116478779571557	-0.5839145319065742	0.0	0.0	0.15979182299115355	0.0027926062320431377	0.05969745765885076	0.4675664207491761	0.8741756044324102	0.0020402656728937263	0.038640327438648536	0.35125122820849963	0.26084084021312753	nan	nan	0.0035623572294012917	1631.729921618207	1884	4.9550362869630724e-05
-0.04201232840253777	0.6096238247934452	3.177792114345981	-0.7076567493866962	0.046231670809414815	0.31255657967786343	3.528093690694265	1.1228510725738203	0.0	0.0	0.15856949815205243	0.003819190261386274	0.05107516480792401	0.6339643969436857	0.4969566493766446	0.0013339795132254473	0.039195230210945786	0.2516136641205047	0.3816690406155745	nan	nan	0.003570491968382314	1565.8015671331832	1884	9.57410993043996e-05
-0.04143726896068445	0.6215263309560715	3.505025878605765	-0.5896406939815717	0.048652467672782196	0.30754602500129524	3.1835714477520796	0.5801404733934126	0.0	0.0	0.15961582114661138	0.003439208394237392	0.051903514088944114	0.6111023230564578	0.498277531431321	0.0014436911858550783	0.038312983473780954	0.26947057865109936	0.3492153637120249	nan	nan	0.0035267290476735658	1667.1696794720187	1884	1.4299638258403282e-07
-0.01540455119199824	0.33887365730939545	6.234532657694639	16.84222552322041	0.06792640055457166	0.402364316932969	1.482749775559042	-1.6182291048367066	0.0	0.0	0.15962596318195482	0.006921042997439175	0.23881466743581606	0.45058038202311934	15.592637666688594	0.006450920116182535	0.05740416001151652	0.7296973812053733	0.2799373099698945	nan	nan	0.0036035711550310434	1589.1884325259414	1884	0.0002243293003588876
-0.04254077831265479	0.6732895585699309	3.561939170517677	-0.5899954865004711	0.05160201783161078	0.39059918983472325	3.048840489632776	-0.01563604929985508	0.0	0.0	0.15411791245925552	0.003966929569961142	0.05343840354204543	0.6347198776436684	0.5288661561181116	0.0018766074669854804	0.03861337074435969	0.31346982498091736	0.31624104908885875	nan	nan	0.0035097985005710236	1657.1955078160315	1884	4.634451551738059e-05
-0.03142242901233616	0.6098293082024441	4.969098460491531	1.7983251617030462	0.04589969164885099	0.3406416786388353	3.7077341970801707	1.199012228031172	0.0	0.0	0.1583480081634874	0.002419123362197295	0.057810444577804265	0.42057527100946546	0.8263295227836983	0.0012590553626106171	0.03850764435323634	0.2430200421724209	0.3532997853293224	nan	nan	0.00356080079416414	1730.262110405663	1884	6.206561388098562e-05
-0.037503339171546135	0.67228391598463	4.291096429107188	0.26021807080284654	0.05543171794318713	0.454020695694186	2.919448462633085	-0.5781248966031179	0.0	0.0	0.17007220080365637	0.00361452685133945	0.055942477081687314	0.5748752449330268	0.73459229418352	0.002249664686718722	0.03912776523315897	0.3645865996399229	0.27621137116144223	nan	nan	0.003631141251955808	1705.1458583359165	1884	0.000124858652482896
-0.03432061634608086	0.6392731937092427	4.42641126185433	0.943593563128228	0.05492213989395678	0.4461775813383742	3.0094714471351702	-0.4988621045597927	0.0	0.0	0.16332796825626195	0.003119751328139575	0.057931021261686644	0.4864639298260456	0.7995913454212714	0.0020793198427845327	0.03880050024407872	0.3488860442710826	0.27222247884540574	nan	nan	0.003575308662510185	1687.921472199285	1884	0.00013209036663711367
-0.04270080178188029	0.7187276336902295	4.177785708016427	-0.5807480486549409	0.05137784597044215	0.40201370037679757	3.3366191921791266	0.07580363980387374	0.0	0.0	0.16009934176758872	0.0036596698235687453	0.0547658822640385	0.6457259108626845	0.5303647387222793	0.0017642785629669033	0.03880658650409277	0.3065189379251143	0.3180539366124777	nan	nan	0.0035551031418828705	1525.3886689612923	1884	2.1383166927117967e-05
-0.053080482458743417	0.6059156126514575	1.975578212465578	-1.5122810273288014	0.04074306445497178	0.30929966748423565	4.27382985806722	2.93754029939926	0.0	0.0	0.16206163958130412	0.004296675755670387	0.04801781488428081	0.49660733191436224	0.21319662554391028	0.0010490864777177311	0.03767584128350787	0.2122726176142784	0.4417255614893867	nan	nan	0.0035707040025943493	1646.8686522499286	1884	1.3711507876593951e-05
-0.05033409754590723	0.6416573213091294	2.5673609712309595	-1.3466653344321702	0.043670898523262336	0.2817941649181394	3.778566229149839	2.027962719587424	0.0	0.0	0.1562972725058606	0.004190650082534997	0.05070270487843759	0.5865002708186793	0.2935312263802816	0.0011247285540889607	0.03781522012645816	0.22279218877820162	0.4119520445434851	nan	nan	0.00352792122279659	1653.5755177119495	1884	3.2481740767631144e-05
-0.04133885876965315	0.6135035102840941	3.180380818627753	-0.598950813095893	0.05129274846606102	0.37981876081885274	3.0382615206419565	-0.039559362150990984	0.0	0.0	0.16527514661370266	0.0038868940186608247	0.05256394809481546	0.63000339555854	0.5223597231446885	0.0018559614878607134	0.038732085825779444	0.3184120625494402	0.32057288380737936	nan	nan	0.0036382272562880125	1743.8342525307512	1884	3.7381328445334556e-05
-0.023607694492911446	0.4709136706496189	5.629766686588803	6.071630483489329	0.03763568030113751	0.14202698828612675	4.35389157572454	5.968749242790752	0.0	0.0	0.15945246189146167	0.0028286788440919364	0.08362968028434237	0.31475784743192614	2.352329622107027	0.0013978511714476394	0.06090707519758909	0.17969424544221457	1.5945381468328506	nan	nan	0.003563624335793575	1592.3724000440461	1884	0.01101243857683489
-0.03245641934819199	0.5816566693453096	4.359616664452554	1.1709992082692955	0.04616223932480712	0.34424858442773915	3.6467503817627716	1.1025467395141697	0.0	0.0	0.15859607387222752	0.0026260537424951935	0.056259255974864586	0.44934611032291594	0.7704303849202189	0.0013031175320509236	0.038897938183191594	0.24904220348033346	0.3532273398644885	nan	nan	0.0035827763450067135	1660.1087495589475	1884	7.603219634192805e-05
-0.0320934215108476	0.5969970825174145	4.74292618257153	1.5381606851539762	0.042150122346445995	0.2940314395947667	4.2234658870803505	2.574784365879989	0.0	0.0	0.16591469511649123	0.002485948974533303	0.05606233181356457	0.42045070084264635	0.7966070712426718	0.0010514691571060775	0.037545106876208045	0.21833979933786818	0.4299234462530029	nan	nan	0.003619731375483465	1641.5315594994681	1884	8.225780384216463e-05
-0.045413533390959104	0.663165358125413	3.104945294294877	-0.9373135453005239	0.04688492153084867	0.3490624632994773	3.680650081496725	1.0602727154236518	0.0	0.0	0.15836657107385899	0.004149871641499159	0.05273762535255011	0.6337319997971131	0.4278713147721875	0.0013945929600459595	0.03928318775205519	0.2535947966863905	0.3699628650620118	nan	nan	0.0035225164408229648	1681.73197191105	1884	9.985375427259354e-05
-0.04293583154671521	0.6617560619711308	3.332887009106464	-0.6463125861551577	0.051912784041925564	0.42884314753909736	3.297621841653261	-0.05610726014943923	0.0	0.0	0.1529677870079345	0.004187822320831647	0.053049905901274175	0.6424455404830431	0.5229389828008426	0.0019349028904549481	0.0390800317901982	0.32180711066910006	0.31846724022153605	nan	nan	0.0035187840729114933	1669.0550648273397	1884	1.537986493724941e-05
-0.04118666006200966	0.6014599059154895	3.3791210238811615	-0.4902981484599957	0.04075759496236886	0.2493958260085482	4.1594591612277885	3.2864693098807467	0.0	0.0	0.16587789143813442	0.0034786630357754866	0.047967672520221716	0.5810999092264182	0.514990162513014	0.001021195425398802	0.03680801674340531	0.20768697965798233	0.4899656301262382	nan	nan	0.003597947332146384	1676.8018340889084	1884	4.41002540907296e-05
-0.015482818445081481	0.38918452594226843	6.231943950693734	15.707016132267087	0.05591936159949973	0.485797052659239	3.1188351120178615	-0.5884288950719443	0.0	0.0	0.1640663620806199	0.001206677931297473	0.06359862283976297	0.3373208216593624	2.4480908236793932	0.001969719672876291	0.03760784117348778	0.33056228539090826	0.23870129696041784	nan	nan	0.003568771331266221	1696.0810576423487	1884	3.752743000881212e-05
-0.0416439432418928	0.592313245467313	3.0800769745368726	-0.5878618977871715	0.042477073222929596	0.2700841225500994	3.9264104701254854	2.4281403495027942	0.0	0.0	0.15794238749106299	0.00371650709283039	0.04878923790637785	0.592608478003023	0.49847449617650214	0.001101339268455681	0.038231896264816156	0.2208607178399018	0.4496278130933511	nan	nan	0.003568500729540125	1692.524409366442	1884	5.4831527932534336e-05
-0.03310229324824765	0.5634773691801196	4.092185722564361	1.1242595715283397	0.05386159710322369	0.3100201786225722	2.1783400188771083	-0.46136261109362164	0.0	0.0	0.16234203863906085	0.002857442171864566	0.05639025573152012	0.4571104025026793	0.8000100469035607	0.001930287776761186	0.036758104268245856	0.3307856781681169	0.2687520416009433	nan	nan	0.0035870508941674845	1658.0400657618907	1884	9.340525370024196e-05
-0.04208838511254631	0.6281007859044965	3.37380528473037	-0.5907050077175622	0.03917381124220687	0.24684580149893265	4.257359239506698	3.871646794389709	0.0	0.0	0.16554185166983604	0.00351235718140247	0.04947913820269634	0.5824169714295642	0.47934398945446166	0.0009905833722660962	0.03644304817916974	0.20144894440141714	0.5146370054583397	nan	nan	0.0035802304417472675	1613.7678221015822	1884	5.697128892264423e-05
-0.03353695518524691	0.6173414745760297	4.423149808403874	1.021754462156872	0.05388233467757142	0.39903283192727973	2.75031721734239	-0.4377552232549218	0.0	0.0	0.1585980753552512	0.0029619166890390014	0.05779551633506025	0.478342147652155	0.8024119198150802	0.001994697157257641	0.0380742243847671	0.3373492962916256	0.27365366416156006	nan	nan	0.003568375755398867	1568.1649041898963	1884	1.9822282913137668e-05
-0.029640698014748224	0.6100979112835846	5.108798161347357	2.4652185184194355	0.046660565490691974	0.3801125464206635	3.727248193810727	0.966563840948522	0.0	0.0	0.1575147434111215	0.0023017562202846675	0.060261389045698555	0.39982801315611605	0.9013023100337699	0.0013442385065568496	0.03887656171356568	0.25181232057176706	0.3342408500210211	nan	nan	0.0035659719825237857	1691.2230763617172	1884	3.79466651793967e-06
-0.022479143606520036	0.5036673409910526	6.132187681998342	6.9352479129022075	0.03766566211469646	0.2708385819717759	4.815944097982833	4.727617314656505	0.0	0.0	0.15967118228414168	0.0118427837855834	0.3079700827474009	0.5119582569623748	10.438412230267808	0.016636928386707606	0.4107195855474177	0.6715779867285874	10.862362801872218	nan	nan	0.003647287633321672	1673.6584793488832	1884	0.00015423645139538334
-0.04169979670574464	0.652360256070698	3.5196228437023924	-0.5662446505241824	0.055311968387774746	0.39172124824040366	2.6483473448247064	-0.598996079243783	0.0	0.0	0.15912420106573097	0.0044648767787804355	0.05352891375152258	0.7103245960385411	0.6220580738501804	0.0022604622579247557	0.03873244347968635	0.37805969235983006	0.2907514741302932	nan	nan	0.0035523491106201205	1602.5917991135	1884	4.390968407190228e-05
-0.033261921795441296	0.6371701547620984	4.816000796535843	1.2721630479711856	0.055577300278734976	0.3879534595466632	2.6047708901404825	-0.597151701975902	0.0	0.0	0.16096034113208876	0.0126113175517783	0.12560796204347519	1.4313493543571763	3.6939925594626013	0.024109545693323575	0.04309050804356149	2.94515424196999	3.0873643657095435	nan	nan	0.0035627604258752776	1714.1451534310681	1884	9.195047156703465e-05
-0.041051204739540825	0.6690140293186181	3.794377981822204	-0.5497368331375881	0.05455818905269183	0.4122012226073048	2.8628820418823677	-0.5157520973523784	0.0	0.0	0.15888572183245103	0.004136068414433369	0.05445073766833314	0.7042116921846706	0.6141015398347657	0.0021692686829470897	0.03866914227524548	0.3666203467601563	0.2932553289997438	nan	nan	0.003588908531676649	1661.1185934101331	1884	6.603754161832707e-05
-0.041861151526312534	0.6609804087575384	3.694227873125028	-0.5575173341817068	0.05524729359469549	0.3902417510720368	2.6727107553146077	-0.6079159919349332	0.0	0.0	0.15686925770069926	0.013468752061170652	0.05585877281313045	1.9419103944100418	1.9393178000077955	0.014545497802128549	0.04218028484333089	1.9508072100744898	1.9062171506694463	nan	nan	0.0035736963887672557	1658.4388059470102	1884	2.605704728299109e-05
-0.04246884073071755	0.6504138963315809	3.4886721700498646	-0.6592335366377876	0.04631259645069674	0.3729551961685618	3.896462330359201	1.1445431703971	0.0	0.0	0.160612763348717	0.0038767090612477073	0.05139138414191502	0.6406102040162394	0.5176759177399004	0.0014095063719756773	0.040145307458287455	0.25858285614911525	0.3783601331230442	nan	nan	0.003544592049521178	1567.9345885084842	1884	6.194711704835749e-05
-0.045427506551201424	0.6442660254186399	2.994362773794996	-1.0517625235546006	0.043672976205816116	0.31004658246097355	4.039913767686333	2.0299060892570715	0.0	0.0	0.16343932691260019	0.004115094975765066	0.0523726730842613	0.6516541571415069	0.4090016235490444	0.0011755270458815303	0.039051380238987216	0.23134937427467417	0.4229516945867359	nan	nan	0.003583026724937155	1624.4106332918966	1884	7.139126141144113e-05
-0.028337739797107186	0.587715478176132	5.486717248027401	2.9422437252194915	0.05398210998179631	0.3423900720083773	2.3518930759688765	-0.4940245616989209	0.0	0.0	0.1580799904071739	0.0022707544831053195	0.06247729622603626	0.4104784810351738	1.0350986651989385	0.0018944230843034315	0.03665732426163931	0.32534919407241514	0.25657169066812513	nan	nan	0.003553864145672242	1683.0982827707194	1884	0.00015385174445054772
-0.024005404078547676	0.5208844362458148	5.440313325951969	5.186739984429845	0.055491551513219495	0.46559561414803124	2.970524739064508	-0.604961878831032	0.0	0.0	0.1611018973597127	0.009889374392596462	0.208984763063566	0.618013261578457	6.6711918193923765	0.012239237153196636	0.0437389318201602	1.5487330000938808	1.493005194854289	nan	nan	0.0036128986433832666	1577.079493014946	1884	6.558925343823679e-06
-0.04189120323666451	0.6603886972874655	3.6779873953474262	-0.6104684703388118	0.052311415427808594	0.3773756356773903	3.0521324483460823	-0.1370755955650024	0.0	0.0	0.15891450408255192	0.003889617037411419	0.05355277603481656	0.6640464247443387	0.5501374261290974	0.0018380817972443175	0.038234314519513646	0.3222649656221075	0.31096120414217443	nan	nan	0.003562593361646327	1612.130883665876	1884	5.2173312926684826e-05
-0.03641682408185898	0.6229121515488323	4.0813965979222475	0.38673145750358007	0.03899160801171386	0.24214619756710692	4.353759524388984	3.9559688006082907	0.0	0.0	0.16171554267962368	0.0030336776946641164	0.05228101920581446	0.4962055783387762	0.6574094344167027	0.000969148285038357	0.035837068296909774	0.2007292696437113	0.5139583181408414	nan	nan	0.003588367455637939	1567.5852422500705	1884	4.0040147314294385e-05
-0.029315310511562664	0.5792898908721174	5.151820452331647	2.555820983826247	0.05465355283320639	0.34985765159260046	2.447519869257879	-0.5354043206349758	0.0	0.0	0.16054662575364848	0.0023817059269883867	0.06118243349515784	0.40819760409047046	0.9856405720361447	0.0018941739064677332	0.03714924372195946	0.33401389718042473	0.2562533422762854	nan	nan	0.0035550199995191267	1618.295491155972	1884	6.096679479276879e-05
-0.04241103716812156	0.6800256298505067	3.7270454314769452	-0.562015513694628	0.05552496305483534	0.439148738050522	2.846265558547738	-0.5812591403715957	0.0	0.0	0.16426545874011506	0.004562641897306874	0.05295054125031906	0.7196401466514284	0.634694128804039	0.0022761262871798804	0.03915064265347054	0.369405795079466	0.2809490726169724	nan	nan	0.003599195852715134	1573.8783438146022	1884	0.00018894932182676743
-0.042234600660620236	0.6561818572640494	3.6324755175676438	-0.5816122825010658	0.051347776954606905	0.3760350848387698	3.1441506063722557	0.027929721776529096	0.0	0.0	0.16031031096409082	0.003672859563603137	0.052657425801723834	0.6229615574620184	0.5144683370577774	0.001765454674457767	0.03872802283978288	0.3106194607873751	0.3189777334342449	nan	nan	0.0035541059187587376	1588.3798419342916	1884	2.5490256461402525e-05
-0.041999711974452514	0.6472095742011109	3.7293104776093378	-0.5297642014557988	0.04477097115912465	0.3170455258441997	3.8533686801124825	1.6844616309325093	0.0	0.0	0.15753997506363865	0.0035990598908460236	0.05022336246060721	0.6144920385613988	0.5311494831834902	0.0012406666740630845	0.03917790827418158	0.23741973709950814	0.4043209202447131	nan	nan	0.003521367157803254	1572.0780438343604	1884	7.517088079143083e-05
-0.03555837827923347	0.6105499937207997	4.021334841188912	0.4488656421270398	0.05260049946124812	0.44848386255018113	3.2627868951823134	-0.20673160480857988	0.0	0.0	0.16414516093289733	0.003219637989413271	0.054469352025220796	0.5231718322443477	0.7233727827916584	0.0019331413004187725	0.03918276973368537	0.32729810296248707	0.2937407134379488	nan	nan	0.0036019289753183026	1577.4734029236936	1884	7.69948645338907e-05
-0.028690817704273397	0.5891215574840281	5.403965038662073	3.132144771555884	0.05556999514589056	0.37513985460680477	2.5232356317087845	-0.6207437079123431	0.0	0.0	0.1525094084008257	0.002287593967497503	0.061265962631450344	0.38650287956087004	1.0331889718462592	0.0019619636376555505	0.03725576326080399	0.3405739750762593	0.24877436943454567	nan	nan	0.003505339072881003	1556.4330996681883	1884	5.3420961655398406e-05
-0.03237140303579533	0.6051968849172891	4.531729686430049	1.3672886106499076	0.05319453875276059	0.3830506513774341	2.7604088953612442	-0.34942002451573856	0.0	0.0	0.15499356319043966	0.0027300120298302533	0.058392556324597944	0.4513019940981251	0.8199699355934397	0.0018794393513187346	0.03791932169760487	0.32611021053996003	0.2749896498467385	nan	nan	0.003541539295397106	1685.220263234126	1884	0.00017478835670210586
-0.03057209275323458	0.6247581689489504	5.194094698112942	2.188156695561906	0.05611567562761244	0.39875702789390205	2.4381090868602167	-0.6949683056421276	0.0	0.0	0.16489690077474228	0.0026121962529982445	0.06167469515972562	0.4305679509603335	0.9642238449032854	0.002168642517992092	0.03763127047150738	0.3498559878235079	0.24637156548586386	nan	nan	0.003593621633882632	1572.3355621399505	1884	0.00012423645688463595
-0.04512764455208307	0.627848616849751	2.949962907520219	-0.9903023365953549	0.04239586269146889	0.23649077297461335	3.7860787833345904	2.5518645269523277	0.0	0.0	0.1572964197129696	0.004103596171677992	0.05057494742383234	0.643673241003641	0.42185204759116496	0.0010398649647768154	0.03679963497686023	0.2126594064452838	0.45215924889347764	nan	nan	0.0035527766523729964	1616.6830452284676	1884	7.183436013929655e-05
-0.027366936814762988	0.5801732845491299	5.288393097015344	3.5190009202212083	0.05610562210497361	0.4637554815065607	2.979313817999052	-0.581699857155093	0.0	0.0	0.16033278661228473	0.010282289617778384	0.17335092758139933	0.8122678214124415	5.0164725733209625	0.012991896499957023	0.04313796016500304	1.615454817451362	1.5836729850149116	nan	nan	0.0035584786845119787	1618.4721586096966	1884	3.345620992076554e-05
-0.017830404259036814	0.34182681118795977	5.8566274752070395	12.546415324615934	0.0416183444106033	0.279768187567563	4.220605079383393	2.8400051222046994	0.0	0.0	0.16176703645742546	0.0024240693246623257	0.0893717776427845	0.3581474348448128	4.075038221821994	0.0031483362697337647	0.07018773890140617	0.33811664536103425	1.428445104127762	nan	nan	0.003518319855268917	1568.5447531069187	1884	0.01231616380978176
-0.031963828609767764	0.634925797066461	4.9705567970345195	1.6343700191955668	0.055415122916678605	0.4161095327142571	2.721632299355977	-0.630642494712011	0.0	0.0	0.15827281094441592	0.0027891054981079577	0.060594331527725864	0.45762019615742755	0.8993822773802326	0.0020840325263349335	0.03826651054708938	0.35371122365921437	0.2579463807016424	nan	nan	0.003573869138433952	1653.8890364367926	1884	7.201833479833871e-05
-0.04842137315915729	0.6596565937445178	2.6689903157826578	-1.1551666942491492	0.04023383105072309	0.2843517789229566	4.332166438752356	3.268422073002892	0.0	0.0	0.15950303726788537	0.004189535344830686	0.051178669847694036	0.5743724271861423	0.3287233732413932	0.0010269903908923794	0.037446098090691216	0.21002847770282562	0.4726669640213707	nan	nan	0.0035530331095099815	1662.699248570971	1884	4.870128755041085e-05
-0.043395432372177245	0.5911320180897639	2.7814685574907907	-0.6935239391764099	0.04160576354484902	0.21036032679432998	3.5307708871385266	2.745531424278113	0.0	0.0	0.1664029431483479	0.003922269272218726	0.04769331163793333	0.5696529052876953	0.45057014043192656	0.0010053268241538849	0.036025315043142436	0.20263879504145965	0.46207617436946313	nan	nan	0.003633736060648346	1664.409125129317	1884	0.0001277480857044781
-0.04174734225653998	0.6328953200248313	3.376368254416903	-0.5570636878327364	0.047267426187990624	0.3747466456702111	3.669043633056901	0.8978119812935031	0.0	0.0	0.15548527713611185	0.0037661416636969314	0.05121272336081478	0.6105615045706836	0.5187006315191685	0.0014826006282322446	0.03970010873870408	0.26399112089439614	0.36185356861416523	nan	nan	0.003499027655347098	1658.321086593546	1884	0.00010481911593549595
-0.04099150587872147	0.5831108694765583	3.0584181166246474	-0.5987153421173925	0.049079610102436444	0.31963813742565594	3.1748632795445886	0.5324383319715822	0.0	0.0	0.1603373290776959	0.003494628202120764	0.051378313715020774	0.5903011273952716	0.4779197417482391	0.0014957661402745792	0.038238916081361624	0.2717678814453386	0.344729540981007	nan	nan	0.0035288701464138844	1697.4161111140684	1884	9.350194629790746e-06
-0.03351641948445183	0.6019863665943592	4.351332894659987	1.1564941174708565	0.04372945542023898	0.3612189948889176	4.040626765167607	1.7360680880656165	0.0	0.0	0.16069256491786707	0.0026242335701682773	0.05441711041745012	0.4252405249333435	0.7252026698324762	0.0012337092158363205	0.03961500261756323	0.23747735550048854	0.3869356422607004	nan	nan	0.003585977071800542	1631.9730763133045	1884	0.00019866810215152922
-0.0317845312884838	0.5940193400244927	4.7966154369397005	1.769307390034979	0.044821227716569156	0.32185162106218834	3.9572262250548187	1.7069849128139	0.0	0.0	0.1616609901054437	0.0023910371155232424	0.05592786088429158	0.40140539331151937	0.7990048097308926	0.0011601269058444386	0.03800477144441888	0.2303027972487326	0.38061312465866143	nan	nan	0.003553435742541966	1636.4085350567702	1884	1.0476801124489703e-05
-0.03143983220663349	0.5803797326863362	4.785262879938395	1.6432955400284606	0.05490470113891788	0.3271779351732837	2.3706230268564177	-0.586644888943003	0.0	0.0	0.15706223435627253	0.002626128175301279	0.059087893043726136	0.4522347639346873	0.8910510707861571	0.0018711761858652975	0.03709294948566064	0.3429026052512669	0.258643391151947	nan	nan	0.0035459800767135286	1641.018738925588	1884	6.533500354171804e-05
-0.027458371408558224	0.5373142244824543	5.200555906035062	3.246778937584547	0.03816700015868646	0.21993485069164515	4.2739277392567026	4.460572476801212	0.0	0.0	0.15470591371676648	0.0020020633238803653	0.05795077888176153	0.3614696003422919	0.9821370224953339	0.000890289134185096	0.032759268327791635	0.18443267830025345	0.49771271535840195	nan	nan	0.0035258159239589387	1558.3690328013631	1884	1.3649337156623759e-05
-0.03178364158613367	0.6238460015554758	5.12254393857953	1.665074087806093	0.047372627027095104	0.3602684408533926	3.6511802626050165	0.8277523018922673	0.0	0.0	0.16125252576231483	0.002467697122790602	0.058336194719530665	0.440316396947396	0.8280781957402961	0.0013461961996712457	0.038794644302079156	0.2581549570910655	0.33506265620239795	nan	nan	0.00355544521985654	1599.8454945001808	1884	5.8206991150586394e-05
-0.02368468220538722	0.47123656756385485	5.299906645982707	5.801652227436139	0.03808771793238175	0.20511152276776784	4.199313230181455	4.607501732308696	0.0	0.0	0.1627849356636384	0.0016512434166072176	0.05814485474678688	0.31739174817583615	1.211972617983187	0.0008695063212498244	0.0315324314378079	0.17823118682463868	0.49474307107028276	nan	nan	0.0035531440052648106	1606.8822178784037	1884	0.00011311084393511555
-0.026871160886042134	0.541854602250477	5.097120942305741	3.453414185641873	0.055011030647001524	0.3875953961610522	2.5429844879448487	-0.6001340075550713	0.0	0.0	0.16374649770384203	0.009855096519161222	0.1703652423401058	0.8351820998789048	4.965035699703013	0.01809762957760519	0.04339581075463003	2.285056468163359	2.2896143900922135	nan	nan	0.0036356116377958964	1632.8974247631268	1884	3.298031596488019e-05
-0.020189175862025288	0.47848870534438465	6.176717255283845	9.011637931313667	0.046712383459042606	0.42297088720209947	4.021266645635966	0.9508887156859214	0.0	0.0	0.16421067338396056	0.0014593926569875237	0.062169495841542355	0.3398924492533868	1.5944167328305114	0.0013345120454212323	0.038843286019357104	0.25272292958085485	0.3226726884999452	nan	nan	0.003617399641157981	1561.181681929493	1884	0.0001094824166805603
-0.04236983231452629	0.646701303133556	3.478946238520072	-0.5748691785201046	0.04761310546118991	0.35066679356315744	3.446952028956111	0.804576538449267	0.0	0.0	0.16094826700038042	0.0035570319949801976	0.051666126765681775	0.5897705178001313	0.484168881410815	0.0014810970791778733	0.03937580986022712	0.26600068244240216	0.35718024899500506	nan	nan	0.0035627394337046647	1643.8292546312828	1884	2.9385853827362976e-05
-0.02588606524231518	0.5927439034750105	5.88711875161272	4.477241851333332	0.055684673708176646	0.46169881214582825	3.0540548090160775	-0.6039642943727175	0.0	0.0	0.1645423860949345	0.002079826392571482	0.06448832241974606	0.37510983113651486	1.2036876721907266	0.001995065320932965	0.03860527193972127	0.3447673117041863	0.24911124947579047	nan	nan	0.003601518705613871	1672.6226221648737	1884	6.872015999034131e-05
-0.04272491148981461	0.6871003002553011	3.805960138578123	-0.5970580997393221	0.04953222790738954	0.36941679696655927	3.4508265283292996	0.42365407093085594	0.0	0.0	0.16145098631762267	0.003743641812379239	0.05343820453948239	0.6300317268410649	0.5174880626089107	0.001582583166976459	0.03922008535497823	0.28627136764335326	0.3395309438162696	nan	nan	0.0035554638930813676	1678.152462840851	1884	8.40738096891245e-06
-0.03488120712113074	0.6536119469549043	4.6135136858553025	0.8141401594345121	0.0538384177753608	0.4135138704609026	2.9069465507817087	-0.39864660817045433	0.0	0.0	0.15654426887560535	0.003096458086344067	0.0574883494998118	0.5067892425446971	0.7810212989305373	0.0019704049395983247	0.03844591020326582	0.33646745905140496	0.27686168055102006	nan	nan	0.0035524672035823907	1623.5391031928916	1884	8.739031383845063e-05
-0.042447972713527515	0.6371382633175797	3.4801423939359926	-0.5852436532077179	0.05499653447123798	0.33300369105596334	2.150306749012929	-0.5916054802781734	0.0	0.0	0.160516038323131	0.008348805299392359	0.05503576208857974	1.2307257129086033	1.1531046566738299	0.01368920527343287	0.04046787746210115	1.7371338229369093	1.708600518741849	nan	nan	0.0035830145832496246	1569.2585784404469	1884	5.95781853060814e-05
-0.042437475123663804	0.6538886266245072	3.8095727969892748	-0.5878467159876894	0.038398476327549114	0.2641726924732765	4.720990696377786	4.531656153246166	0.0	0.0	0.15784490192831344	0.006994224603935728	0.054476245313399785	1.1011730580170367	1.0413839088168342	0.004000623648877433	0.10594512870320738	0.2992592361796791	2.4518843355358753	nan	nan	0.0035093359413500835	1635.4491356514886	1884	0.001821685626158529
-0.027665048874572107	0.5834727495930763	5.423327399129038	3.430382345594223	0.04429121781615386	0.3633633096740765	4.070657903965346	1.6957742414779364	0.0	0.0	0.1566314447434195	0.002032073324850725	0.059752326610114925	0.36658202329350775	0.9803906171765304	0.0011859445070017127	0.038686254998821584	0.2336454199437512	0.36598195178093207	nan	nan	0.0035312966723056727	1671.912279438667	1884	4.150459233080527e-05
-0.0278948599797344	0.5762976332668033	5.261246576197066	3.1358758639849427	0.05441074370839316	0.43990120140021816	3.0929397998164414	-0.46707857531393104	0.0	0.0	0.1641972424824637	0.002260528853571253	0.06210481413540325	0.3911805560347168	1.0473561856202793	0.001897165734120021	0.03830192450995734	0.3347534589122336	0.2613456512907941	nan	nan	0.003587698296212166	1630.7733717933802	1884	3.0798937442319015e-05
-0.04164117197346284	0.6198851200835547	3.1699758869328187	-0.6004296651272933	0.05457636969257118	0.3773529271558621	2.4417068575964276	-0.5748783709926318	0.0	0.0	0.16217648471635432	0.00419366007628974	0.05322683243371101	0.6599129436092719	0.5524054517436127	0.0023404624418704723	0.03863958373797541	0.3758438135311364	0.2939191054592889	nan	nan	0.003622529105803088	1651.7330237185083	1884	5.9622497244135636e-05
-0.041560938640742506	0.659286840738047	3.8114361860804404	-0.5727687870937584	0.051172880761809925	0.41363086545893113	3.3924948540933784	0.004155876926997665	0.0	0.0	0.15473043765295016	0.0036287689216960572	0.052456111508144554	0.6431001115855444	0.5385340119101554	0.0017940692009450476	0.03945072220825968	0.3180206183327081	0.3190809950925546	nan	nan	0.0035588969865335968	1565.6056697738643	1884	0.0001640679396792618
-0.04169450527041563	0.64958155684271	3.5052411390348635	-0.5600665747884992	0.055826459662256855	0.42216307853560814	2.7636057607328537	-0.6105733950159778	0.0	0.0	0.15877150154355407	0.004314920595239746	0.052922069807149974	0.6894492282640574	0.6016837347543393	0.002340505079537203	0.038628436737188326	0.3781627893153767	0.28898057050778136	nan	nan	0.003526788243240875	1688.212150452635	1884	1.7916429576415044e-05
-0.041733311686471763	0.6201863490821465	3.093578607497739	-0.5877299910159519	0.05036556135695336	0.38499016761007016	3.163347669843793	0.14464631343501724	0.0	0.0	0.15760048005128757	0.003992190450097244	0.052053563317218665	0.6140243962784071	0.514442952420728	0.0017849026446187244	0.039046102127215154	0.30404374922801924	0.3278940113370035	nan	nan	0.0035442846202108497	1800.9511521714294	1884	2.307111917216684e-05
-0.030863781879037155	0.6097483563146889	5.078849957402145	2.090020651806667	0.0415599176264021	0.3108201968220507	4.232500334262412	2.6593400022430496	0.0	0.0	0.1607335919884609	0.01298226985188583	0.18237842751012637	1.2330750239233375	4.7497825026916916	0.015357628651688104	0.28112758661080783	1.0781172544117612	6.444946895897059	nan	nan	0.003644934619318599	1528.796202302497	1884	4.4491602348717574e-05
-0.04199968690139122	0.6347100155731662	3.5592380854971855	-0.5764663508306669	0.04655735061377331	0.3712825475833484	3.825730204222845	1.1026122418911648	0.0	0.0	0.1669952155092549	0.0033925470978138916	0.0509004973334406	0.5919434446961729	0.4834154981415495	0.001420438615977293	0.03985209416234947	0.256841669443725	0.37360263138378086	nan	nan	0.003587054145332752	1716.3449534686406	1884	4.417911678769775e-08
-0.04996930976956393	0.7113599474023821	3.10481068690333	-1.3353932258900205	0.04497172694499185	0.39201970685489324	4.164521686704974	1.4459046420760369	0.0	0.0	0.15776987074418733	0.004303433916482691	0.05462256287426687	0.6604499555430721	0.3358560808362497	0.0013507096383769124	0.040557424070464254	0.2515652680753324	0.3871785785211385	nan	nan	0.0035607330093105627	1667.9190162629664	1884	1.8355728540553145e-05
-0.036014795000710254	0.6850280699226947	4.978721653204909	0.6832283089448911	0.05504295929222103	0.3976316418464177	2.828721729693147	-0.5802648449928031	0.0	0.0	0.16718962459558623	0.015371062611316044	0.11194859487285502	1.9332626527440553	3.8024431547270905	0.007717611838159666	0.04347969302907123	1.108207723957927	1.0553975201609846	nan	nan	0.0036195163629099414	1690.0401461809372	1884	0.00018104328504230582
-0.03008316266729616	0.6818182088899017	5.857492758778361	2.4354862682757004	0.05712666313284087	0.5150795483613926	3.1498311199922164	-0.7942025015964336	0.0	0.0	0.1584915801070848	0.002626807732637404	0.06429495019985731	0.44239745988579404	1.029596438319111	0.0022155620166857126	0.03978605940213112	0.37102113200164566	0.24327957218661495	nan	nan	0.0035823886436358865	1714.786325057812	1884	4.5217310532880156e-05
-0.02601789235511509	0.550416006083407	5.68018850514946	4.285599657943146	0.04553461066085163	0.3218134782486327	3.7950453356718636	1.429369953796404	0.0	0.0	0.15054883736844127	0.001888626288206574	0.06077198147493065	0.36404874135191356	1.095542623145037	0.0011558475514262812	0.0374058957333345	0.2311178018084039	0.3540823847833457	nan	nan	0.003490041081680814	1595.230194169796	1884	0.00018838505293049617
-0.029955117012374854	0.6424491939955685	5.68752449280648	2.6512231687110535	0.056153683261186416	0.40694799469555215	2.715230297011244	-0.6095173043253559	0.0	0.0	0.1624860572417542	0.012736605240661503	0.1777394460648366	1.184434821892522	5.223974216618414	0.014886776623561304	0.04382545146256858	1.9196235269564834	1.872086067962904	nan	nan	0.0035433305664700487	1651.616704061219	1884	0.00011568905902847977
-0.039000646076351675	0.7291386137028844	4.536087434402113	-0.0032530622679987336	0.05164378485104271	0.4560169603160733	3.513548966389235	-0.011515691634730168	0.0	0.0	0.15834870063686862	0.0036335133509541317	0.05712453011750951	0.6025171864665164	0.6705613916612216	0.0018473676835625286	0.03951555202041962	0.3153076585496086	0.3076525572919135	nan	nan	0.0035452936262397178	1599.5057313879543	1884	4.759030483224349e-05
-0.042029580630702945	0.6587696007650917	3.588960180459728	-0.5809627361095971	0.05530895152498316	0.4017779461077333	2.6482686075998387	-0.5712790230125978	0.0	0.0	0.15881779585710376	0.004188485225125327	0.05323988788143258	0.6819425599436522	0.5818962002617272	0.0023010757369917867	0.038271212378445885	0.3710278077732909	0.29022623511953227	nan	nan	0.0035451150659250585	1526.8952837112809	1884	7.89379753953659e-06
-0.04163511946087084	0.642685763847241	3.421588668982757	-0.4926076279843846	0.049645778267048746	0.3382395396184361	3.0883122295123444	0.30730207915147917	0.0	0.0	0.15792134923394213	0.0038878752498445746	0.05218866466439637	0.6126382709718257	0.5429056217094427	0.0016084188213816297	0.03854939746804684	0.28704139594225353	0.3337575135311649	nan	nan	0.003545599513106276	1701.9493644480285	1884	8.15533947877054e-05
-0.04193875744481579	0.6267014290755686	3.3234408831421005	-0.5934593066964259	0.04636194889140066	0.3293841451113707	3.542603958967722	1.0896073081875082	0.0	0.0	0.15912632647332184	0.003550678722955336	0.05148187981842439	0.5898461712484031	0.48020933490972256	0.0013749468594623782	0.03952352131468112	0.2548050392223753	0.37587940869785164	nan	nan	0.0035642364990422226	1613.818413114338	1884	2.958710402673421e-05
-0.04152000276839274	0.6715230912886518	3.854121514481927	-0.590305608053864	0.0454604489558168	0.3766308906912591	4.024418798640783	1.3443639526973121	0.0	0.0	0.1610964747001407	0.0035576946682455146	0.05336728654705081	0.6372265121303065	0.5231668508660623	0.001369658568381893	0.04030053494745364	0.252624549932563	0.3873100177138861	nan	nan	0.0035504135970071127	1661.9509361634891	1884	3.0359702309068298e-05
-0.03624884754912083	0.6878176508702513	4.673273818430486	0.5061791881457596	0.05375715197722353	0.4539795234827835	3.121463014192231	-0.37983109578730695	0.0	0.0	0.1637958357851293	0.003344463152254895	0.05752041485653131	0.5502604510404723	0.7614803058168798	0.002043327619825175	0.03883343218471527	0.33984183319184513	0.28258597447518785	nan	nan	0.003609075770245024	1633.6130874845207	1884	6.25730543458526e-05
-0.04251872750450447	0.6440922999254164	3.455202643704889	-0.5988859579085455	0.039676945274218056	0.25156506664744294	4.190539789285018	3.5566094938315946	0.0	0.0	0.16418848687788418	0.003468321693016252	0.050202023009351504	0.5760426439734792	0.46709796021981265	0.0010084563149348469	0.037048340297625715	0.2055127738690956	0.5025295131549544	nan	nan	0.0036007368690558345	1542.4025459574368	1884	3.981087885673112e-05
-0.0400103763781956	0.6268759422805885	3.541637451885723	-0.4292335992598196	0.049696186880615834	0.3775991915554724	3.262012731672338	0.26683773455325305	0.0	0.0	0.15755349330998192	0.003860767083672667	0.05219342115856468	0.6427370589370125	0.5983847109336443	0.0016653372136079536	0.038876881174768424	0.2918123079324628	0.32771380961497093	nan	nan	0.003567413206917572	1656.0987269659213	1884	0.00011351165405627994
-0.02164680747464165	0.4798927989852133	6.022123554617185	7.482135819324993	0.042613861188005364	0.3337475659200784	4.331568520250587	2.3690547708721525	0.0	0.0	0.16091427670580105	0.0015397178243726772	0.06149371021806063	0.3425588428266315	1.4377137572246812	0.001049022409957745	0.03717783207883327	0.21756422350781968	0.3910161897905956	nan	nan	0.0035629856337625054	1792.0076185104026	1884	3.08099368650714e-05
-0.04121448343410916	0.6194669765951524	3.324538650216706	-0.5339559441090592	0.05522939418692663	0.40930627549287124	2.7649685411381073	-0.5980369208947316	0.0	0.0	0.16274845502403532	0.013832426136739684	0.05430505073516195	1.9254479911557179	1.9567947379203212	0.0073308785893955175	0.042219833816147384	1.015301595645909	0.9491826001823142	nan	nan	0.0035941564053075248	1680.4426473946971	1884	2.780797776101622e-05
-0.028768882042095267	0.5171855203576001	4.46783642434066	2.6293038272836675	0.036226458841876585	0.15470122580168677	4.284883897483065	6.115344878084398	0.0	0.0	0.15948824700979106	0.0021096546732813914	0.054939465367540324	0.3437471412314519	0.8754547787899501	0.000876865989224429	0.02826766860506774	0.16479284830330698	0.5760350964570758	nan	nan	0.0035556792206172805	1685.3594262857578	1884	0.00011956873942279894
-0.041865439713376085	0.6431809210033623	3.545440555331516	-0.5962204280638456	0.044591824484143894	0.3384165645991862	3.9064276255136257	1.6100665829280303	0.0	0.0	0.165670640903272	0.0033874345927489835	0.05220888287478509	0.5930076185566555	0.47481694540694164	0.0012877631791166078	0.0400741869051891	0.2438878890975893	0.402874697439745	nan	nan	0.0035791855025271158	1658.8426090782968	1884	7.779723596504316e-05
-0.041088170837104476	0.6811460195321309	3.919966193872689	-0.4106387274983968	0.05029194377908608	0.41494612250272483	3.3626369465312327	0.1745564957339364	0.0	0.0	0.15926383912725828	0.0038891736646268216	0.0532556782425776	0.6428821751276563	0.5986570612419309	0.0017760157427806345	0.03921185221553386	0.3004143116735891	0.32375698575765177	nan	nan	0.003569580454190799	1789.0278014395767	1884	1.4210571628751628e-05
-0.04160845387918943	0.6535870231987533	3.684721809958763	-0.5674520900252604	0.05410598439180481	0.40551229109631937	2.8070073296189344	-0.46366202517402044	0.0	0.0	0.15781142537954507	0.0038915616216854687	0.052904333963455064	0.6645690128351098	0.5645302498531568	0.0021610356189869506	0.03855741249580358	0.35924565265706354	0.295667571888342	nan	nan	0.003594115831904582	1681.5947782134542	1884	9.78955256364839e-06
-0.03332296812312996	0.6186509593333233	4.754717226063577	1.1511506865503456	0.055281051037953555	0.3767385766498152	2.5876302453074507	-0.5957901068218551	0.0	0.0	0.16126331643676592	0.009662131571818555	0.10082841752838412	1.1721533348014685	2.8199825245691987	0.01643272255452488	0.04185751770863666	2.167187408666309	2.1617939154772503	nan	nan	0.0035601797892749337	1654.1287495819297	1884	4.237027324917281e-05
-0.03077763283058066	0.6061812116647052	4.86869726509969	2.089147568402923	0.05594812076858968	0.42804247294621356	2.763942764462829	-0.6386042569301652	0.0	0.0	0.15776201201911214	0.002581524785443823	0.05996414297570174	0.4086049921765982	0.9149640181529485	0.0020932620983629135	0.038295028665113195	0.3510533054135121	0.25316881680287395	nan	nan	0.003557606365590507	1565.9105196775768	1884	5.990255925113397e-05
-0.02897875505484604	0.6448680186091711	5.611508355138545	2.946362447569765	0.05649321986956379	0.4699962414495182	3.0803701470492726	-0.6527083497502499	0.0	0.0	0.15795471993282664	0.0024730813363167403	0.06425599967718815	0.40636461483737296	1.0570876632014872	0.002056808538659971	0.03865018988603802	0.35215547619568066	0.2492983510030056	nan	nan	0.0035301196559022335	1742.5464863294255	1884	6.375626225986474e-05
-0.042049120163103804	0.6566724982900952	3.5897155942798054	-0.6125816019311355	0.05496186792687108	0.41228490979048327	2.8841670845301848	-0.5397077693729873	0.0	0.0	0.15871788638031142	0.004422062976497776	0.05289581443614794	0.7188911434743694	0.6130271286919269	0.002165383334539306	0.03877932432551481	0.36987610226389744	0.29158526699129306	nan	nan	0.0035583204392728718	1553.2269675958228	1884	0.0001240941233022746
-0.038700871150525895	0.6709724089671953	4.000394952053634	0.04390108167162474	0.05141061053815399	0.41429728805327914	3.293374087121114	-0.011248221470334972	0.0	0.0	0.15784246125002915	0.0036081843829621763	0.054907688259377196	0.5677717297348224	0.652481894029394	0.0018054944716197063	0.03905427847204759	0.3126949624247266	0.3103192664607788	nan	nan	0.0035698333590876707	1632.5148170355556	1884	6.882952686116848e-05
-0.04261838842822119	0.6817010007008361	3.7904266484179923	-0.6005795440346595	0.043165175055005944	0.2884267685678462	3.9616855961607165	2.2089518106408352	0.0	0.0	0.16043123929420947	0.009529248060406226	0.05725873678227117	1.4388693810824553	1.3043285655031682	0.0040770525108383415	0.08353538705705435	0.4021355013513275	1.6452046298490137	nan	nan	0.003767835952543666	1688.2141695439109	1884	3.9639784808292014e-05
-0.035025394981079705	0.673957152826099	4.937279592452376	0.8328662574464837	0.05490207069653774	0.40969217103405664	2.7895395709475936	-0.5418856462229232	0.0	0.0	0.159293538190415	0.0031200901665972003	0.05831074935282876	0.5242956288611764	0.8077511125090057	0.002040681495560248	0.03815435739005241	0.3487641437866391	0.26794899004307604	nan	nan	0.0035409828466432536	1614.9578886445763	1884	2.2283320025628092e-05
-0.04111890264503226	0.6182514829369352	3.6162168176566754	-0.5447004422121503	0.05540536307780464	0.3668934687060579	2.617234431693929	-0.6304204635437909	0.0	0.0	0.16256245254663054	0.009548867712090348	0.054014008803771885	1.4893236021857672	1.4616264315841003	0.018158788043518115	0.043199174003094615	2.486801911895569	2.460356471411531	nan	nan	0.0035862882182576272	1709.1396370008092	1884	5.0050413648092054e-05
-0.04198864714766559	0.5867609557338913	3.0404189221137585	-0.5805761197769004	0.04764389114177092	0.29136265120251614	3.1739428356113852	0.8476301905224162	0.0	0.0	0.15916180917934267	0.003432060273808546	0.04970718328052648	0.55886017192207	0.4546361076291062	0.0013728978006933845	0.03823254087497449	0.2560101794445333	0.3621557384833641	nan	nan	0.0035391505565623427	1612.1084956201576	1884	1.4997792425872519e-06
-0.025882409109144633	0.539498701758855	5.168933474421156	4.138927757477921	0.055180930221766955	0.4002382002427989	2.5437139375181275	-0.5993356422067005	0.0	0.0	0.1594871578609909	0.012865026027525206	0.2345617864429913	0.8860120689063784	7.149752578108496	0.0300820084407728	0.04492187502283859	3.3677187713904315	3.6828723434559882	nan	nan	0.003603233731739555	1681.2631432484186	1884	0.00012351496662833784
-0.04281956542906484	0.6748420915749536	3.583102589617057	-0.5955081981095397	0.049648596155500435	0.38545365550034827	3.428574875089763	0.4200806836182301	0.0	0.0	0.16127428401598554	0.004017238480171104	0.05277090463990464	0.6376743177740032	0.533572803025683	0.001642768679923745	0.03902828445553916	0.2840248889513124	0.3369395041684629	nan	nan	0.00353923100787365	1652.160857270448	1884	3.7276919309583116e-05
-0.031058976646813674	0.6420443652372578	5.203309222881783	2.104611961133366	0.05562558544109275	0.4402286663727602	2.826332014051973	-0.5980984175508764	0.0	0.0	0.16124020124865157	0.012430411297258803	0.15397776691467882	1.2239036049999101	4.429388228127049	0.019348241844681757	0.044167653291325965	2.3613909016941506	2.372433730880558	nan	nan	0.0035921838669655537	1573.051012631903	1884	0.0001024840631317017
-0.04096002103622809	0.6530198692627642	3.6312635103926953	-0.4418777736422821	0.05016180224213551	0.4027131098972682	3.3630460163091334	0.19328978557118148	0.0	0.0	0.1555812166121716	0.003908947822128028	0.05226815902336768	0.6321677128476293	0.5821676641125911	0.001740115716318602	0.03946139555270786	0.30277210251345066	0.32723805489118624	nan	nan	0.003535505679001419	1689.8562504110882	1884	0.00010183299152719547
-0.025254966818103575	0.5546641287821517	5.669331554684068	4.68086247133647	0.06490170005638385	0.4044117128811166	1.6284682553458412	-1.393920465871826	0.0	0.0	0.16254711643712214	0.013430658549168695	0.26094267588541786	0.8705246611213528	8.267867960914717	0.012149494742351052	0.07102422675197731	1.2932474688175972	0.6623861416146402	nan	nan	0.003587664925822742	1620.7706642626256	1884	3.458781662703729e-05
-0.042493357442015434	0.6379345804432289	3.4265399058512562	-0.591200302647503	0.05581084144166426	0.4173548397958409	2.8306903329384756	-0.5894336014589098	0.0	0.0	0.16056374791517802	0.004043714534008869	0.05188361651916262	0.6510403911056439	0.5470428128330385	0.0022678531313796713	0.03890890384764514	0.3774533424197659	0.29032731275621804	nan	nan	0.003531288856075926	1639.9687133133557	1884	7.447226348262065e-07
-0.020237586140238517	0.48017661043289395	6.220805871559644	8.975718504119444	0.0562011909056539	0.4381258904322348	2.8706419296438037	-0.627796827839225	0.0	0.0	0.15336831141898805	0.001545785406678879	0.06439234456359935	0.3468545322504264	1.6883549736212913	0.0019546984360666597	0.03682756069890794	0.3318655848091576	0.23891473629779542	nan	nan	0.0035083246807680463	1668.622316185561	1884	0.00011974616759921829
-0.043271072980885616	0.6325821001491705	3.1065516871865184	-0.7401298496493013	0.04573326340929773	0.3719572480930316	3.8598329769913353	1.2255488508573076	0.0	0.0	0.158633245929221	0.0040453304533358825	0.050616853130903916	0.6238084360460909	0.4801830403211741	0.0014018851459171033	0.04040211272504163	0.2569168875768557	0.3815558178895493	nan	nan	0.0035657988217480535	1753.5773159441155	1884	0.00010095215698698546
-0.042319251986935535	0.6736506295709423	3.508431948819247	-0.628888475564514	0.050129736120257284	0.39952374301622523	3.3331048788393494	0.19508013470895072	0.0	0.0	0.16055419767233142	0.003938156785029401	0.054685037855096985	0.6385086435562586	0.5160943647637128	0.0017611541479405357	0.03942575959861916	0.30273715732577755	0.3310294582478537	nan	nan	0.003549229091165479	1639.233261325342	1884	2.949629187691134e-06
-0.041155347699592615	0.584775233302581	3.2093428830298922	-0.571791722285411	0.040084058929157784	0.2091275745768465	4.081315410491259	3.7739720614700545	0.0	0.0	0.16216753291512984	0.0034687239349444066	0.047914107402151795	0.587755656677653	0.4956193624067871	0.0009688369443561218	0.03471562948712445	0.19564762337063257	0.5143232798736705	nan	nan	0.0035748334881829796	1713.2856827567139	1884	9.28659153384071e-05
-0.03498613198142153	0.6513191181881102	4.599867086601785	0.8515091581175038	0.05556670358101856	0.4031132125538977	2.6538684698883186	-0.6200333547275236	0.0	0.0	0.16091021497004426	0.013762455594446	0.11263898248422888	1.6236840815905926	3.490041937309568	0.017234179006764938	0.04359424171035067	2.1988464191965056	2.1594347322966594	nan	nan	0.0035745869312776984	1708.389215000007	1884	3.0377269243854212e-05
-0.04448277110403187	0.6931822357962067	3.5153708800913517	-0.8600663984539245	0.045578975271795885	0.3626627102236098	3.8828328649004282	1.2867389204360065	0.0	0.0	0.15800611048420765	0.004013454508910219	0.05395640270119312	0.654535052375373	0.46508603195747417	0.0013735828553417262	0.040055694401202324	0.2505957851324623	0.3862912879815305	nan	nan	0.003578329123649193	1640.274928827324	1884	5.816783099208252e-06
-0.019854267603407805	0.4353818689225939	5.836875836534451	9.535050731593113	0.06608667047518635	0.3871833641017182	1.5078790340660775	-1.4442396151484247	0.0	0.0	0.15596961109397164	0.001471300236391082	0.061701455053501386	0.3261241488306541	1.7063065335831822	0.002365522434664147	0.03266064160156093	0.27764266412009275	0.12134172770783268	nan	nan	0.00350176437602652	1650.7833963740222	1884	8.339188422108234e-05
-0.018223287401974653	0.3442797249412082	5.512667824990308	11.22059420882931	0.035097344098879546	0.23856082302189907	4.710054461449717	5.825072384800299	0.0	0.0	0.1664184970703852	0.0022871750540922053	0.08818332742635593	0.33493287346177913	3.3517220031715356	0.004107523235160282	0.10901727755197277	0.2527706194206192	3.0861873825097668	nan	nan	0.0035951066082987176	1722.2220444402262	1884	0.0013981057830827676
-0.031033643430793068	0.6363681417315729	5.192095620671897	1.875902188425872	0.055781128609855735	0.4260142699968034	2.7024997514247637	-0.6688080112985442	0.0	0.0	0.15740120194093804	0.002688384773936958	0.061746607930629915	0.45078951485887453	0.938561414968619	0.0021251732797054057	0.038373510864636834	0.35474689278244775	0.2524542733400557	nan	nan	0.003572099238801002	1639.7236065031093	1884	0.00010088289376070638
-0.047747722780904445	0.6455158006232615	2.8161498168099337	-1.1534618850263654	0.041921682463708754	0.2597776830418587	3.9251861975247615	2.6570352522105636	0.0	0.0	0.1584494278920057	0.004166897843947304	0.05071857702982785	0.6196826582009247	0.35899341225484455	0.0010522787237465803	0.0372152482524058	0.21184829110750236	0.4498256964168893	nan	nan	0.003538062070182535	1650.1865135123492	1884	1.755609969369651e-05
-0.023832822623442218	0.4866467205155232	5.219140625595772	5.362128500772181	0.05494054251528113	0.37497489185001753	2.401917521254341	-0.5866609332160606	0.0	0.0	0.16129957801086947	0.00966887206191247	0.20888747363011959	0.588705151615061	6.738446382690683	0.00841851242009739	0.04230554286350943	1.0972325660636473	1.0440224143096277	nan	nan	0.0036000680374182886	1732.6799724231644	1884	9.051184128440885e-05
-0.0229122887798775	0.4815047285609041	5.593621722479184	6.181589867491488	0.05515041130570042	0.3812997601081233	2.605682349988304	-0.5801213427890559	0.0	0.0	0.15400813517728712	0.010373329347907467	0.238803847502563	0.5670018452793086	8.259856260403238	0.013014316222166311	0.04260328411134334	1.7322989608153447	1.7109839051436502	nan	nan	0.0035310457275961327	1688.4197095826057	1884	1.9393894222226308e-05
-0.022280377863051926	0.4847277086086911	5.790629035606065	7.161422222190186	0.04157476925618053	0.2813702979363422	4.115695876718335	2.7740754040664894	0.0	0.0	0.16106062005127592	0.0015457821776439507	0.05968825637203126	0.325730152369311	1.3445898033866528	0.000981172841330924	0.03573048236275567	0.20437743351244997	0.41355418561050433	nan	nan	0.003560213242966001	1717.0968167680724	1884	9.033100721106886e-05
-0.03433304864167297	0.6774792040412454	5.178666780871914	0.9856434234459719	0.05539049075099012	0.4108383864547504	2.752738872133251	-0.5971279855785301	0.0	0.0	0.1582607095209752	0.011100941670941666	0.1025777773984019	1.4083110095654712	3.0884655815562794	0.008815441521734413	0.042791724545673065	1.1914391795094743	1.129615527368218	nan	nan	0.003547259614289297	1662.33948761523	1884	0.00019280663602473964
-0.042319662721951534	0.6107795755448788	3.124752599113678	-0.6109561059520823	0.04118772601135445	0.24159330712773214	3.8720595906689113	2.9561061270704365	0.0	0.0	0.16028043236032877	0.0038409125851167625	0.04873476996571824	0.5959272193383152	0.4974576741045045	0.0010266834359433652	0.03671430845037199	0.2047291796987123	0.4699696346839966	nan	nan	0.0035633158532416553	1665.9669003630268	1884	9.15957529847974e-06
-0.035855083404614185	0.6854451739452965	4.820186482796559	0.7237415561026657	0.045533061422268206	0.3949327339024243	3.9654928698905465	1.2755009627720213	0.0	0.0	0.16122345449462586	0.002888202518026073	0.05564817293896801	0.4800241624590842	0.698118412968629	0.001355754754734706	0.03985216811424491	0.2500608252704777	0.3617779592568991	nan	nan	0.0035806474734452753	1560.746700999288	1884	7.297870513921096e-05
-0.03908945852880952	0.6555260718000183	4.039891575226825	-0.07155782843471849	0.040069717143868644	0.2692274402224226	4.340454359528999	3.4295449362892576	0.0	0.0	0.16030832294231975	0.0033412297071974684	0.05141305137830671	0.5531268460276761	0.6037014334733289	0.0010186999394981022	0.037211528412920525	0.20801541279793634	0.49051341947761706	nan	nan	0.0035723584784567303	1608.251662662113	1884	4.615595353292458e-05
-0.052124357162517176	0.6225996772151103	2.235922460525916	-1.4786532570534714	0.04275102610099024	0.2787719327356539	4.097008661925481	2.512323471368328	0.0	0.0	0.1570108887332965	0.004194289109619831	0.049613904916445795	0.5402675174371153	0.23937069687142173	0.001055239895457416	0.03693804625826913	0.21463199455336346	0.4304343946590985	nan	nan	0.00351419602543232	1659.4258489082047	1884	5.069071404512883e-05
-0.025662461325405728	0.5385209766377625	5.414612360485265	4.393967448611815	0.05567258610375769	0.3906652524674971	2.5663676995985685	-0.6342757324855783	0.0	0.0	0.15654592855931668	0.01166492601268282	0.22091860912057049	0.8061412216621431	6.845957992599997	0.019167511692442574	0.04495458953939249	2.4212570010825534	2.3874333609727967	nan	nan	0.0035463907623740493	1757.768953164726	1884	0.00019932328704518117
-0.042023014717274654	0.6936993203988906	3.9858612776089593	-0.6151207991684947	0.05514559760991	0.378763305472769	2.530170828477857	-0.5759092550241952	0.0	0.0	0.16538691415364926	0.027590942703371202	0.05897258414933115	3.732958571775673	4.022471629477933	0.021730119083650745	0.04087828118240702	2.677686495694944	2.7988891549134154	nan	nan	0.003601207436178422	1631.9526871012458	1884	8.094110525918868e-05
-0.04046593405922039	0.5955674855821651	3.092129743209319	-0.4324850352462823	0.05102361943782374	0.3494070953297609	2.857448530109481	-0.02755152114075631	0.0	0.0	0.16494025426302927	0.003933434011791692	0.05122805303230482	0.6027402968132081	0.5589397483975954	0.0018042750682951691	0.0383775678089813	0.31426122146789215	0.3199142472759944	nan	nan	0.0036252683650233875	1633.807430993339	1884	7.679621802693059e-05
-0.020779222105788864	0.5051098023661341	6.305882372183622	8.391896080220436	0.06378013006235439	0.4421255465255449	1.9805676356714075	-1.3532663983515214	0.0	0.0	0.15513436039477746	0.0016316705691535316	0.06505810002907444	0.35024483719835287	1.6603403959593936	0.002358224551642585	0.03588338509119601	0.32628861656573227	0.14949593773646266	nan	nan	0.003542699109394226	1722.1944822825026	1884	4.994332993990451e-06
-0.052437872790511486	0.6419827709735334	2.364076142807849	-1.5873470209068625	0.03940409010392587	0.2498337198817508	4.503384386745813	3.9388557869575647	0.0	0.0	0.15774350997118342	0.003994392675188141	0.05052054106670256	0.5472242039196344	0.22324680348014805	0.0009575402784495202	0.03513069597425206	0.19905060876118208	0.5004472370538533	nan	nan	0.0035648393778471843	1782.7431754890176	1884	2.0299838747978603e-05
-0.054140808156309395	0.5994937416436648	1.862512991843079	-1.5126998478554272	0.04079421495512481	0.30256443627745044	4.251405514692713	2.9435798989801705	0.0	0.0	0.16243996978185732	0.011524621150077019	0.07818934748658257	1.2227330285603513	0.5355424488184644	0.004630036347209265	0.10066139311668265	0.3586929806685053	2.043545317817067	nan	nan	0.0035743921954190655	1622.806418030917	1884	0.0001425601090376528
-0.03214039964165272	0.6067943784193384	4.575293141707691	1.5870676974141895	0.04795050395019662	0.3757894495158912	3.471427339156219	0.6925037831985477	0.0	0.0	0.16200302524049387	0.0025359301468550477	0.05711509744936971	0.41212870153209913	0.786693789381043	0.0014454710562031847	0.03872264851815799	0.2619028982792313	0.3249594078239361	nan	nan	0.00356073615248112	1614.0447438144752	1884	0.0001982148217286522
-0.0413571487090183	0.6478832280206775	3.646939680096132	-0.4551730308799311	0.0510713063610202	0.38767531579951164	3.184857912408246	0.08319650604361178	0.0	0.0	0.15931871512755819	0.0038025543751925017	0.05162647277816229	0.6227827607569631	0.565592254117943	0.0017728941106208707	0.038572582893309615	0.30441572306951237	0.3190301565622889	nan	nan	0.003542435710807562	1576.2615371862246	1884	5.779002132824226e-05
-0.025987785276364472	0.5548397326490275	5.504758105021041	4.398127672106056	0.055116492698225494	0.3856495114582741	2.4888500031591168	-0.5814537425985759	0.0	0.0	0.1597733903008166	0.01061164093769601	0.19818331588832527	0.7415842522260765	6.106007080498566	0.027542311946753606	0.04296690773186876	3.161805102613971	3.433584665315863	nan	nan	0.003588724779433533	1599.0565016547087	1884	0.00012373253602251393
-0.04524229085094744	0.6920004963312094	3.5464518639696796	-0.9014072032360182	0.04626703910490226	0.3427005973581367	3.802619544435921	1.2263280121418114	0.0	0.0	0.16240402741007093	0.0040235405446427674	0.052969450492773906	0.662854950361202	0.45941273148274336	0.0013500810231302784	0.03943520527259772	0.25027115094071783	0.38343604384831986	nan	nan	0.0035650575370488186	1718.2900274453673	1884	9.450175001222867e-05
-0.04246393187488684	0.7062645813299866	3.8581006939988436	-0.651325407227446	0.05538182762133714	0.4508542552969666	3.028835266369007	-0.5707156783610771	0.0	0.0	0.16974566603554642	0.004472148859373415	0.05601029939074109	0.7372794832925975	0.6089695172584642	0.0022992729647743904	0.039575428002319474	0.38065410143607825	0.29474585964507366	nan	nan	0.0036110623691062854	1621.4272596517665	1884	8.708410689848291e-05
-0.027121482961145804	0.5386793126718241	5.423196617785076	3.773936191234058	0.043374320718904125	0.2543698790214479	3.8242046927967794	2.2626506271665727	0.0	0.0	0.16319331600615822	0.001944654416304259	0.05859304970380169	0.3558681849176919	1.0286022603702647	0.0010027753004036022	0.035549758891597755	0.20893059666952518	0.40167185099524705	nan	nan	0.0035659333534527465	1673.8006110604797	1884	1.0691563152217138e-05
-0.03166129206639723	0.6064096723647326	4.73786960450309	1.586916948906344	0.05505983607579368	0.3902633864122828	2.7470345820576787	-0.5173689090656377	0.0	0.0	0.15897280148588167	0.03482958509081013	0.34787085894118774	3.4728011416427313	11.337141027348261	0.05398054602989344	0.050799141078047755	6.011498272743473	7.379178934635608	nan	nan	0.00354147886818465	1622.9518573108126	1884	5.857105504519853e-06
-0.0348663505580582	0.5979938873254478	4.1544138338252585	0.6522857570230826	0.05453746385654634	0.32612307896520865	2.210621768511945	-0.6134244453534989	0.0	0.0	0.1639361486339827	0.013372708172646908	0.10250855752834082	1.6714699276924965	3.284138579069358	0.01571251273763863	0.04247801458714082	2.094554666792077	2.0645160473637105	nan	nan	0.0036323230908896775	1586.4217635563402	1884	0.00016999322507078963
-0.0424440302875877	0.6970987690247583	3.85484588977532	-0.5937089371487896	0.05173528833115171	0.42028951142170995	3.307134403592639	-0.0230422449619772	0.0	0.0	0.15978974626714354	0.0039214929863697345	0.054433868360051485	0.6573029823785705	0.5453531329835682	0.0018735213664716754	0.03901486022109535	0.3172710557633778	0.31681537631917395	nan	nan	0.0035580954614243265	1654.2966815333662	1884	4.586720037459844e-05
-0.034842168254320405	0.6448590008697286	4.8644550537471805	0.8445679843990652	0.03532447627373325	0.2193627351184113	4.789477406767867	6.182109374454794	0.0	0.0	0.16079109235609346	0.0038966165303804257	0.05486871644396962	0.6305633666514652	1.1548239910308753	0.0016850648396082857	0.07273442593622761	0.20447472435888825	1.5045549284002802	nan	nan	0.0035728465671350795	1622.9639193530534	1884	0.13680014219093894
-0.03571114495918237	0.6126684999596075	4.06609869640816	0.5245181929524221	0.03768254624945144	0.20170796432597082	4.256000969663729	4.84960360656903	0.0	0.0	0.1653014975488151	0.00327396515647721	0.05674744481815269	0.49069357888072496	0.7692663277292322	0.0012199694746943823	0.035411690923046746	0.20417079736113664	0.8167880876825587	nan	nan	0.003382828536671406	1606.8777067058832	1884	0.017412052204334845
-0.05737715709901059	0.5846403254990632	1.6100623566005616	-1.7617669969600018	0.03871109085901492	0.28839486137079007	4.676018458183434	4.004442188659997	0.0	0.0	0.16098029941011843	0.004218648265972569	0.04490915216673602	0.41387583272263806	0.14262716437408662	0.0009567126714912222	0.03594091244113845	0.20214393117800133	0.4867644879080245	nan	nan	0.0035617912726846612	1755.8070075005592	1884	4.952597460701649e-05
-0.04156286801327291	0.659703417733749	3.6553785198799833	-0.5883840689478673	0.05129301399974162	0.4409103564896436	3.48295390294441	0.004294349278440106	0.0	0.0	0.16016678531202994	0.0036899327426337947	0.053468207717976945	0.6374664151937603	0.5249747609534863	0.001871558612944746	0.03971472741956342	0.3202281178293409	0.321307927737077	nan	nan	0.0035757078145548654	1593.714969173201	1884	0.00019956014385103107
-0.04201294281309609	0.6345297619331334	3.506434435385422	-0.5838339293368016	0.055044637482329684	0.36468694936983276	2.6107571560592664	-0.5374924569895765	0.0	0.0	0.15847963740635468	0.0038041942133063	0.052585512554545966	0.6425646007969918	0.5345916227975488	0.0021128266961314424	0.037995394499638985	0.3650037109437043	0.2903026869667272	nan	nan	0.0035231648956557254	1603.1014814343362	1884	4.0919559335441874e-05
-0.03538067318851712	0.6123581922393355	4.244426768788347	0.6185919076786693	0.049698850007926954	0.35566303816994516	3.2356792819073252	0.317421548045187	0.0	0.0	0.15557618439951335	0.0029392379485563835	0.05409473783225516	0.48638211330107306	0.7031894683783556	0.0015305712551441086	0.03822469033628395	0.2809621818569812	0.3163949322777482	nan	nan	0.0035639316754087352	1682.7189722378448	1884	0.00010273449848941213
-0.04203874580317157	0.6330258444799763	3.350003532914243	-0.6669274636914848	0.0492964466540573	0.35486434997287236	3.3584750371714507	0.3999285544756661	0.0	0.0	0.15364079064615915	0.00396049181721525	0.05230573500138336	0.653585735375152	0.5267319613321273	0.0015705993683018393	0.038957622995875574	0.28600878302054444	0.3415778824991238	nan	nan	0.00353574581148991	1714.614634177076	1884	4.201517588552421e-05
-0.042414562508554354	0.6295111578959208	3.2171221076612215	-0.6246880136443448	0.05258477180307297	0.41566614187736095	3.115116155323101	-0.1459284869659351	0.0	0.0	0.16596815174195856	0.004156528980452823	0.051961377816546084	0.6465970551026736	0.534843265659778	0.001996822764333772	0.038889026709065966	0.3291287923450259	0.3139431915420753	nan	nan	0.003577621762343719	1667.221883414169	1884	9.095139364571133e-05
-0.0230323843132878	0.570821649713126	6.404475016997879	6.57402189957615	0.05705925290251623	0.48975924790970804	3.075724986464042	-0.710342661354137	0.0	0.0	0.15401655230404607	0.001843046252043845	0.06590458122844767	0.36488100454794203	1.4588849314604129	0.0020612619688182843	0.03781390180183994	0.34457056371281825	0.23552822854533173	nan	nan	0.003507929347043734	1701.2837642837883	1884	1.682696950618114e-05
-0.027420483478728608	0.6010490183327748	5.857807083598917	3.683609498779297	0.04050912137882379	0.3409148316859435	4.637604510912689	3.0780549273856326	0.0	0.0	0.16059760627669856	0.0019949576739635155	0.05990597170651368	0.36818838613776395	1.0184828019795422	0.0010245674730622323	0.03773506064997878	0.21487856500907654	0.431924421807296	nan	nan	0.0035621612337361497	1645.1292732565141	1884	0.00013628558587236485
-0.034280748915645365	0.6376020083300762	4.543941794915203	1.0128803491752907	0.05536193655316102	0.4027016240890452	2.6911908166718357	-0.6030337234059995	0.0	0.0	0.15787105716099503	0.01102234015996334	0.1030920147750169	1.2730079983779576	2.9204472104354093	0.012700060279631886	0.04259002498999265	1.6771150315653205	1.62368147999771	nan	nan	0.0035668315538254086	1655.5258544054782	1884	0.0001791846262839073
-0.046873496661122616	0.6278376370911303	2.6718344556008997	-1.1336852200450924	0.04294530084392845	0.32991363036728066	4.085680985642472	2.0703200460794142	0.0	0.0	0.15591663093930858	0.004272959062854242	0.05090650291058674	0.6228078707250122	0.36727074578348934	0.0011863556706920297	0.0394277033094079	0.23114976478501448	0.418915537694165	nan	nan	0.003575175788725113	1686.0122890614293	1884	9.192863861406794e-05
-0.04265622983294104	0.7135877129815407	4.05555590759041	-0.5116282490521193	0.03796416789135448	0.28615965057486853	4.932851742819441	4.615193439544998	0.0	0.0	0.16140060373789455	0.003707842319095045	0.051004532518822865	0.609406510528506	0.5343114973474659	0.0009700027135185474	0.036277288959510434	0.2025218045108681	0.5340850890326837	nan	nan	0.0035331034987286236	1683.122104849046	1884	0.00012564242065235494
-0.03816171729450413	0.6550910636086426	3.940948069221607	-0.022962235322898206	0.05129062168390042	0.4077514257804854	3.202615555860229	-0.011396513968977364	0.0	0.0	0.16522364629725722	0.0036176474129336333	0.055062215663061354	0.5888872354599564	0.6615346901328802	0.0018226086693821086	0.039090351898887404	0.31329485063820806	0.31077257757021937	nan	nan	0.0036218294179439503	1635.8320660417926	1884	8.448813094519536e-06
-0.04341337368630849	0.6864819264778814	3.616859139835219	-0.6958143931103	0.04769833341070928	0.3871388522174854	3.7133497111224933	0.8248396648590043	0.0	0.0	0.15678096668487498	0.004008432920408367	0.053067279210840756	0.6490068000768618	0.5112351572695579	0.00151619589203833	0.03970332096021362	0.26671634108770137	0.35819227924071717	nan	nan	0.0035419876311335724	1659.4872958238636	1884	2.0153859701318345e-05
-0.037492612861380725	0.6797445542158775	4.337088260508468	0.1984052144464977	0.054250498790763935	0.44699232297326774	3.0431118514218336	-0.45802435426507415	0.0	0.0	0.1543098015451032	0.0036187827670327577	0.05613948728031937	0.5829076900903842	0.7288992007285027	0.0021058559160987977	0.038863128462908514	0.3510104509618006	0.28313100311832046	nan	nan	0.0035581068861805787	1634.8149103117564	1884	8.9011468564669e-05
-0.032327050458932804	0.6061549858033555	4.798827614279648	1.4303950715789744	0.047326035685849144	0.36330790736595747	3.8140764474045925	0.9972499309670437	0.0	0.0	0.15991899312306165	0.002502309019681126	0.05663668038857367	0.4353652229668392	0.7860323484998573	0.0013187295442239622	0.03854161782388221	0.2515010551837151	0.34321543044056063	nan	nan	0.0035129996747777503	1556.7955172220143	1884	1.9836169783001082e-05
-0.04061006183534799	0.6440897656694407	3.7534442946731703	-0.4622738190953247	0.04122343559694186	0.2885879547426235	4.347397032748201	3.01294687407527	0.0	0.0	0.16271466473713822	0.003539398810303074	0.05102038968671818	0.6148258590589835	0.552055474294845	0.001070500155492149	0.038127514542927926	0.2150976902057824	0.47467389732089016	nan	nan	0.0035602840724715396	1523.225937650424	1884	0.00011874552218642115
-0.03292711863907427	0.6495681124491306	5.157325685622696	1.5231265579083944	0.05601660310360379	0.3924434099285835	2.729649320909118	-0.6310007035982169	0.0	0.0	0.15583821478340362	0.002757722695943432	0.05930871301787799	0.45748163617851745	0.8616705470750854	0.0019794883684353115	0.0379847173856801	0.3521022337322657	0.25666811852906724	nan	nan	0.0035156649027940634	1657.110109932938	1884	0.00012809548951074883
-0.0328473314571478	0.6093977802063822	4.575424727588435	1.2407852718570933	0.05431584389066102	0.38221345732241113	2.756589352446648	-0.4457775603601673	0.0	0.0	0.15759442207670926	0.002799253090217557	0.05812976794952013	0.46350203793728495	0.8192809114718898	0.0019032445095452655	0.037591786889284745	0.3338465284302965	0.2696481970505104	nan	nan	0.0035247980110843374	1708.8069572916033	1884	1.4277940291477558e-05
-0.0506032126785243	0.6104227355933851	2.198950151166494	-1.387846079068675	0.04146261121490702	0.31867331700692764	4.445466274448898	2.816204201945628	0.0	0.0	0.16076076451239696	0.004302537770559556	0.049424179514445776	0.5512116585303458	0.26269443187032365	0.001071556803605933	0.03811746464592375	0.21826447206780442	0.443829620961522	nan	nan	0.0035489322527865047	1623.4541220265212	1884	0.00012834935909259769
-0.04268558051211124	0.6412790103103306	3.3864495053801233	-0.5981070732323076	0.03973971479024785	0.24725123168569552	4.195132943563372	3.6850442689638787	0.0	0.0	0.16483535961081547	0.008990102850852055	0.057293290021480814	1.2784989585864839	1.1938267765503496	0.007685911120257627	0.1921641393375332	0.4766632863331455	4.402991082032196	nan	nan	0.0036167246262732156	1701.5086146828376	1884	0.0001906179850340846
-0.025775630555995077	0.5036286648224708	5.164590682039009	4.134853234579927	0.04253548488449943	0.262966780812987	3.8380108266034716	2.430928511256161	0.0	0.0	0.1641594998004176	0.0018732993777494933	0.05959079666561651	0.3524358789383357	1.0802724408798914	0.001000324000824948	0.03588617151845594	0.20817462159224887	0.4044792254445857	nan	nan	0.0035858908286066082	1661.5600919896524	1884	0.00013197358917202542
-0.036934109146135485	0.670973450766535	4.599313931177166	0.30501711799604	0.05503837758524499	0.40435936304610454	2.751873141960571	-0.5706688209518466	0.0	0.0	0.15739282746054667	0.0034003153996506885	0.05601580323581801	0.5768522906163782	0.7459337054872043	0.0020859188217104974	0.03820524206201692	0.3566248644359884	0.2721082141419845	nan	nan	0.0035743803544127928	1579.2012393889859	1884	8.609772797171072e-06
-0.038048673455192805	0.7130619263855458	4.750912836899105	0.23466656229670846	0.056065251854500175	0.4695453543198918	3.1701755245308227	-0.5841162084130349	0.0	0.0	0.1598112173069426	0.023199482492455514	0.11276585915504755	2.9077610989505325	4.812714152111787	0.03174323102466359	0.043957005567242385	3.6490525553443898	4.057603633627443	nan	nan	0.003564167981044364	1588.392215993807	1884	4.9653374826921184e-05
-0.04253444099002568	0.727558346987836	4.088163868278211	-0.6192878959290026	0.04951148342757339	0.46749459401487675	4.097863734362466	0.46257777095682573	0.0	0.0	0.1570695149134139	0.0038331673049070147	0.055410797533105016	0.6612710404523081	0.5372192318269077	0.0016756318899840972	0.04055310833990014	0.29412618465044793	0.34187063490409647	nan	nan	0.00351950694214076	1663.3212260669868	1884	2.8305275198876736e-05
-0.04204657299864756	0.6751435624708733	3.844292117801679	-0.6029835246688507	0.05058177566837352	0.39031095410869493	3.38401854142445	0.16864873786029133	0.0	0.0	0.16023667449245343	0.0038690617871831035	0.05322467565682998	0.6682621850823354	0.5572964774328957	0.001699278135983029	0.039283853802152685	0.30396155708116557	0.3264846064586996	nan	nan	0.003568780490004475	1737.7412156260461	1884	9.04401920156671e-05
-0.028056539744082398	0.6033282117541939	5.63691643561196	3.2726448088976205	0.05354819887344808	0.4092135248806991	3.0401641369084356	-0.2863819955433713	0.0	0.0	0.1619504270680195	0.0021903236338871035	0.06215948902879603	0.3915885872482674	1.0343930161245924	0.0017735354475828524	0.03744841441819868	0.3123462014539182	0.26686683889261287	nan	nan	0.0035456756072165807	1606.9148023607393	1884	9.620315409131385e-05
-0.020221815377342467	0.4767454406790713	6.063581570946866	8.683814955666438	0.055282497589742796	0.4518950690185282	2.958476934547952	-0.585708266911965	0.0	0.0	0.1600747940853615	0.0015882537944180708	0.06547337529743846	0.3502269917368772	1.6981435818475092	0.001955067245582587	0.03784461440063386	0.33466890366542557	0.24418527088473435	nan	nan	0.0035707934087829546	1751.8223249282285	1884	4.980000960273814e-05
-0.03389423986507234	0.5940413824580385	4.213987788751196	1.0101113730033358	0.05392843889843846	0.3847191031186762	2.7104984768059905	-0.3524672558937023	0.0	0.0	0.15921440989428007	0.0029153024076671308	0.05568322744041254	0.4574957207702637	0.773978284575738	0.0019405539772041625	0.03731421543927976	0.32372934648257146	0.2743754606794328	nan	nan	0.003539255316913542	1658.165619379562	1884	0.00015157125065960034
-0.04075950523255223	0.6366282817792134	3.6096485618845997	-0.4291041401566395	0.03934399188267523	0.25440239562287986	4.4863206089003675	3.9562877241110144	0.0	0.0	0.15690212652023658	0.009706441838538138	0.05266940302864076	1.402335314999597	1.5147562137448463	0.002427249268922016	0.06497507244246403	0.27796615481710907	1.3832936314511626	nan	nan	0.003309315304881405	1510.0061582304347	1884	0.00036327467988761086
-0.03726400435193056	0.5998673167361614	3.7806226829585876	0.14033698368034644	0.055629222481357044	0.3836650326217073	2.647381132524762	-0.6128008705794273	0.0	0.0	0.1616436872672616	0.0035622627355911263	0.05305498805578107	0.5702124277936429	0.7087168329524656	0.0021120015434220596	0.03820155808396447	0.36508728761932097	0.27463473798718124	nan	nan	0.003550652546030944	1648.373013920328	1884	1.4361679179360236e-05
-0.030580057545868344	0.6288106346734215	5.238862251396652	2.135603553142639	0.055374719453724186	0.4195708556549911	2.901327073511376	-0.5797506274652918	0.0	0.0	0.1550753170784463	0.013952020480902494	0.17771683926030848	1.3768501734992258	5.1529000777795115	0.018283155338619017	0.04369567039113917	2.381299693103596	2.4215371534802497	nan	nan	0.003533036902727091	1666.5835550737852	1884	0.00017463588663819176
-0.04162070798117612	0.6541468308825762	3.650891675675234	-0.5849004159771474	0.04956884917781035	0.3237420925780529	2.9338446321691363	0.3031258671815872	0.0	0.0	0.1620866727520262	0.003861318946478731	0.05329332425363531	0.6573058087677941	0.553461669091476	0.0016057544296184112	0.03818638222937673	0.28389881632788416	0.33131303713067295	nan	nan	0.003585678382744026	1656.7047627051102	1884	2.9894839561524287e-05
-0.024645440854794476	0.5278431544745985	5.663438413140377	5.197103036007654	0.04159774372290026	0.2884120316059644	4.060201016761804	2.769181255358072	0.0	0.0	0.1606959246045839	0.001758230818652784	0.06015301013893248	0.34168892299285236	1.1671294550477773	0.0009963717413297157	0.03587277039074549	0.20293235531622789	0.41031403100257247	nan	nan	0.003541117423309023	1700.423326975174	1884	8.64789351287687e-05
-0.0375369709123089	0.6462233226220997	4.154620502442639	0.2415781561613789	0.05532667541800507	0.3513829782852176	2.4164781854632444	-0.6010495117103194	0.0	0.0	0.16194601142834716	0.018578242653206012	0.09895884052355197	2.312386986886224	3.7945656192414186	0.026864512554656717	0.04259874784027082	3.2602599776451333	3.533729953704955	nan	nan	0.0035726292419855643	1545.549090684522	1884	2.280692559225193e-06
-0.025312009379779843	0.5407690660872908	5.6382448760908455	4.351139620931702	0.054862497028041135	0.41279757118842414	2.9088507760224536	-0.5527488010222057	0.0	0.0	0.16055375911048164	0.014095056180350618	0.2660884528505244	1.0364843071336285	8.552790090144686	0.011984407892381865	0.04534398706281775	1.6368462568741031	1.6358918260542927	nan	nan	0.0035840141200949305	1651.7510336996686	1884	3.692103928333842e-05
-0.022325680257409886	0.509940835515766	5.768287345259093	6.58993414722305	0.055409139467223145	0.43858179887571125	2.794935413919814	-0.5901560677869574	0.0	0.0	0.16081928905240891	0.017870989995838804	0.40528017159560975	0.7413138980921046	14.750644605082606	0.01963801055019776	0.046573140629932785	2.374728466721875	2.4028203673870006	nan	nan	0.0035741481000672176	1725.4345355179623	1884	3.717849456131615e-05
-0.03438115699095501	0.6028454699853436	4.064621161615761	0.8530732304076006	0.05559706852744006	0.4251564800891734	2.6891688252509605	-0.5706189087537913	0.0	0.0	0.16276657029902197	0.013344041508671023	0.10924306174704562	1.5298427531554106	3.327039922170441	0.012923902676831411	0.042048515791449054	1.587624443121935	1.5693219105847172	nan	nan	0.003589224618047171	1553.7243497444874	1884	2.604317698494054e-05
-0.04203587771228323	0.6408009549129371	3.594691237443033	-0.5393073363347572	0.04164920855900167	0.2729283719073464	4.131633856453703	2.827310457976714	0.0	0.0	0.15801626142289152	0.0034271220182074402	0.049644304606830114	0.5812926552021738	0.4918415853797958	0.0010702774530052528	0.03782116511031486	0.2140914387631052	0.4667520561968473	nan	nan	0.0035351224277856558	1589.9723193769496	1884	0.00018321013147981293
-0.031607597717125846	0.6537032592461689	5.222586187596129	1.7556852970925008	0.05069465215283353	0.42594359986184044	3.5281591361001743	0.15385475100767584	0.0	0.0	0.15603451859062054	0.0026041499419263703	0.060719481716362655	0.449280935088356	0.8713167030841742	0.0016153330693124968	0.03876966269881621	0.2912475468495004	0.29677501863161193	nan	nan	0.003533122173655756	1632.4880484847872	1884	0.00016367899165513705
-0.04125712172654805	0.6441298707143074	3.614772494163571	-0.5591678868253711	0.055455102967898684	0.37961960818852486	2.578239101216153	-0.6060229206162918	0.0	0.0	0.15824644556494405	0.004226971140776692	0.053333111482135986	0.7067712852353545	0.6175362725411392	0.0022251990892316886	0.0383367778707408	0.3742832178123894	0.2863812559399641	nan	nan	0.0035227537703269585	1610.4193079235338	1884	1.3038005037747097e-05
-0.04247737945932495	0.6860034266441042	3.908968676779725	-0.5827427105513117	0.05534302798912427	0.41082587532250836	2.8720258234030016	-0.607337472606772	0.0	0.0	0.15919730135898244	0.012723849710175317	0.05643250664440269	1.8720780985142023	1.8296191253389	0.01578272031000605	0.04275275078227933	2.1382455554533615	2.1055671117817982	nan	nan	0.0035699206179459625	1563.5800534461073	1884	0.00019007133531152588
-0.034967879759097986	0.5942789718204925	4.152447356660488	0.7615019507826661	0.055299873790556786	0.36823018588580686	2.3713745402989335	-0.5822312250950649	0.0	0.0	0.1646038437272747	0.00990594530235167	0.0853939064368206	1.2233665373093872	2.4663319273254243	0.0074327297912362145	0.04109376345721835	0.9735285167265262	0.9207293132519044	nan	nan	0.0035810079161559816	1748.8775571841254	1884	5.9519454000020734e-05
-0.02840083248598002	0.5512480177389669	4.993186082580355	2.8818529424843353	0.0549027110984297	0.3826688995277821	2.4865561205941895	-0.5967539766654026	0.0	0.0	0.15779303025145397	0.0075070817338334095	0.1240233769195532	0.7073382849273222	3.338220515152647	0.010341586081692	0.04169486192577332	1.3547928431354048	1.2993543069960851	nan	nan	0.003612976319891298	1721.5612479992683	1884	2.3648495288148593e-05
-0.03347010748294277	0.641986230950542	4.872691854563559	1.080615726432558	0.05511072376040538	0.40043286453750143	2.757307124144482	-0.5570399949955528	0.0	0.0	0.15911626083005714	0.002953051094964354	0.05901336278575148	0.5003342542897569	0.8418270558456598	0.0020041808977987463	0.03803776388872376	0.34758315679884944	0.26433139091554164	nan	nan	0.0035651728830233126	1637.7923494108081	1884	1.5728269441533652e-05
-0.027487924403480135	0.5800767970382292	5.42821678134728	3.4037740780961454	0.05955621557131119	0.38555591568252284	2.0042569364490554	-1.0605028246381962	0.0	0.0	0.16098729506882545	0.002357154458807409	0.06435150207424561	0.39656725184358743	1.1497966403271742	0.002347001494393597	0.037183483360229946	0.35574177896715264	0.20024672874876334	nan	nan	0.0035857388302964754	1664.3236453370905	1884	0.00018648115307311948
-0.04092471637165829	0.633857501475946	3.8152944448764794	-0.5839135240489567	0.04037076467126455	0.2628349427673305	4.5672475237421475	3.6607864106352497	0.0	0.0	0.16438309919967606	0.003315788731472591	0.050435728332816676	0.6251170076418606	0.5171353986573809	0.0010144489184815697	0.03677304510661661	0.2097423001317913	0.5091155370971949	nan	nan	0.003587164691120734	1586.963198937569	1884	0.00012869943604932655
-0.030336965965051088	0.6389495822467126	5.463161916019006	2.2099465120069484	0.045029889147942814	0.3760999055372927	3.9757186439230185	1.341280064577232	0.0	0.0	0.16747237254319042	0.00233847789937891	0.06024090076492411	0.4226119139788631	0.8873790376604468	0.0012677318602039023	0.03940507618550393	0.24501251687327907	0.35812498814031635	nan	nan	0.0036429181193848303	1636.6208989922413	1884	5.362555108294478e-05
-0.02713248928307499	0.596291503394615	5.609260245295684	3.7284892538714076	0.05568617140083254	0.39947844838673663	2.42624882240643	-0.6065511462305161	0.0	0.0	0.1612102494919247	0.012011990981686593	0.2037859317662893	0.9301910721792055	6.129109961000726	0.021277282983418022	0.04382228004289146	2.444907430393674	2.4698778503867995	nan	nan	0.0035836420122517254	1737.3253196209275	1884	0.00010342650389387553
-0.04274625458214998	0.6590140762838486	3.5433553197401997	-0.6183476278859574	0.04601179572880376	0.3266278729859303	3.6052330821522793	1.2760193127817747	0.0	0.0	0.1558866855015799	0.013652308503610655	0.05982755548174834	1.9213166655565854	1.8368209448233752	0.017585007655082308	0.22540452405315065	1.6161124629509809	5.077083620637289	nan	nan	0.0035666793036953914	1684.4428609073577	1884	7.933191766212076e-05
-0.02645234899980342	0.5855100558894157	5.904503006566849	4.126536451225796	0.042685991052253236	0.3448370717439065	4.205331161482604	2.1257117796877916	0.0	0.0	0.1677086436253603	0.0019552480477539325	0.06150484971137715	0.3753125499572305	1.0908344427396777	0.001104991161736013	0.03835741571272766	0.2251531143057759	0.3880256541988559	nan	nan	0.003644167487965158	1699.4253269548087	1884	8.104644900485508e-05
-0.03074902302273963	0.5779018001795568	4.627698567811057	1.7169377200919262	0.054756296356699874	0.4133541153785144	2.760645614482228	-0.5925977799533526	0.0	0.0	0.16443265264328738	0.009800597396639799	0.12118950137830431	1.0922046786493418	3.369695352975044	0.013866912830281963	0.0432359265781013	1.8267096553160198	1.7939599207982861	nan	nan	0.0036300070579425303	1640.9014422479781	1884	3.730821966105495e-05
-0.025648220717395143	0.5273724987152069	5.297645305179028	4.339947183631987	0.038221649218719955	0.19397811112525787	4.205783561347379	4.690311067047246	0.0	0.0	0.1572134180413487	0.0036683198719974497	0.08118394173078256	0.46012091033028923	2.0047231435007684	0.0010005758091058414	0.03063813768842527	0.22597325066991214	0.5587563049955867	nan	nan	0.0035242614793692256	1754.5395295943079	1884	0.08834128785489409
-0.030396606582798413	0.5688481960412171	4.445831836956241	1.8548656117001376	0.054912344385447565	0.4061856595813608	2.6798839055678494	-0.5851893360767043	0.0	0.0	0.16477966384912518	0.0109424811657855	0.13598285714152983	1.1392468133893345	3.7937770931626953	0.010411565923773125	0.043163111672690074	1.3754387954424259	1.3289143343287135	nan	nan	0.0036215062173009516	1675.0804031586072	1884	2.4353022553634313e-05
-0.027669142743960595	0.5330692073929004	4.865324534394769	3.1484754018493035	0.046794092530409115	0.3115418855220073	3.2346330990531547	0.9328433169260493	0.0	0.0	0.16881395304654823	0.0020895269440587283	0.0596307057595207	0.36972981469720256	0.9753596067338507	0.001273267733234773	0.037481658026527476	0.2422380581120478	0.3298384282779921	nan	nan	0.003611518595566965	1590.5146439719276	1884	0.0001225949585418139
-0.04277170886910375	0.683031175238896	3.7540554949489735	-0.5972716454866919	0.05105323710516574	0.36902908636025117	3.0413622478410476	0.059513707147956035	0.0	0.0	0.15734465259181613	0.0037772996848630114	0.0536303468959205	0.631555977238353	0.5176584988845573	0.001774476687447013	0.038407225117855937	0.3051169773874083	0.31939016040098234	nan	nan	0.003546809368207185	1580.8568024166764	1884	0.00014246885922079163
-0.028909083378488853	0.5761464737900654	4.963175931661827	2.860629370502854	0.043184771916639386	0.31856825505282044	3.921697223349065	2.001085002304512	0.0	0.0	0.15721870930012763	0.002158545031512915	0.05842440947023325	0.3639727971961051	0.9099137651591002	0.0011156870689728038	0.03796216103949873	0.22292282071196823	0.38689345342443643	nan	nan	0.0035410014835100118	1593.2211251916938	1884	4.118514862851157e-05
-0.02971572363772812	0.5397898210811164	4.675554348924033	2.4008540772414144	0.04477669771298065	0.2907700495820159	3.762686247714008	1.7011929292292736	0.0	0.0	0.1573839973541095	0.0022006993397087338	0.056200938789137955	0.3685508437567533	0.8695075401553477	0.0011116621873631383	0.037172614255879394	0.22503957576765155	0.37871676895595385	nan	nan	0.0035221976056905024	1600.1131974182063	1884	9.210425628599821e-05
-0.033311543743105076	0.6856371235791109	5.358140211179472	1.479598627570237	0.05574222889606806	0.4520031465804554	3.0451677679769324	-0.6023254129755717	0.0	0.0	0.1570706083576091	0.01049796846799661	0.11413561893747792	1.1751470274324936	3.2105846576108625	0.024155783218264726	0.044108989269158516	2.9800470077668177	3.0912419606648744	nan	nan	0.0035666114334421822	1722.0375066520046	1884	7.139204710959804e-05
-0.04171178880642967	0.6171504909397969	3.184708833975452	-0.5888298978365635	0.05130739265856055	0.403716010345536	3.22428712702255	0.017317888805126403	0.0	0.0	0.15883882372924912	0.003702701586599466	0.05193010974934403	0.599207298514951	0.4915405585377387	0.001853416169329769	0.038983574262308196	0.31451241851968503	0.32161424326852983	nan	nan	0.003562842311653283	1690.9577539682616	1884	7.044607527529687e-05
-0.04334175811902519	0.6493254940686413	3.2581110508918396	-0.7438196536153605	0.046332410727216944	0.34398939928983274	3.518361968407644	1.0392941157579183	0.0	0.0	0.16180910075049385	0.00398993023292632	0.05219360685312785	0.6310132557723649	0.4818966681555475	0.0014232909120468484	0.039448784109562235	0.25424569010387543	0.3718112809050159	nan	nan	0.003575968539706445	1702.0573625036322	1884	5.53785710306376e-05
-0.023431423635488335	0.5080809643562604	5.8349081694333504	6.325970685839015	0.03495043848057566	0.19796290583189252	4.807858184523392	6.8528924553862	0.0	0.0	0.15787788032921685	0.001617823707048771	0.05817987246376349	0.32078377676976366	1.251750600868409	0.0008404220948992069	0.02906841807823618	0.16819759798476586	0.5809373682778748	nan	nan	0.0034984988419334423	1520.201351418213	1884	8.749549622349723e-06
-0.016617253697468026	0.33845750810307546	5.528557462194157	13.287270416053591	0.045136887668514314	0.42155080055427924	4.137390971652798	1.438349865646702	0.0	0.0	0.16502753777215	0.0021249868013487605	0.0845629244403587	0.34681939024902864	3.7118842072971847	0.005799119050926893	0.07854984210491722	0.5246609727061646	1.5595279265756772	nan	nan	0.003367167410417815	1620.0844877674335	1884	0.00042935132721915804
-0.03130923262162555	0.5839162927942437	4.79936259634551	1.9105266650996566	0.04176688550649277	0.2624804077148898	4.018533666192802	2.8171369133026234	0.0	0.0	0.15879937231725016	0.0023320272461851976	0.055613289905383445	0.3920350928364651	0.8109020663013672	0.0010014927169801346	0.036008889646419184	0.20508027575752985	0.43403272914631535	nan	nan	0.0035257345792536893	1637.2871227816258	1884	6.494397376548199e-05
-0.04175190171888665	0.6044008833195866	3.187661609618308	-0.5689060835961618	0.04772629767212955	0.32400652509520794	3.4162507255028665	0.7973048476484651	0.0	0.0	0.1598566541845342	0.0037276467241418865	0.05004976667195876	0.5993320924222518	0.5069415605451376	0.0014189634361094772	0.038970027734419016	0.2640028016969793	0.36212281498331256	nan	nan	0.0035814591646437383	1658.6161270454827	1884	1.1252345193161446e-05
-0.043586596472306116	0.6943447322205049	3.8639223495057786	-0.6078918299532721	0.04827522579804722	0.3748248153914519	3.746588718457746	0.7238194590464806	0.0	0.0	0.1582828388673813	0.00736335736719812	0.06828870918024893	1.1227500412843794	1.003336302287795	0.036728918809920574	0.34670168173782223	3.4909371894100247	8.864029686774321	nan	nan	0.0036816462453491683	1671.6727800710169	1884	7.633317969086928e-05
-0.03496844805797528	0.6539944564495592	4.660548446696327	0.8506320542306255	0.05565575903758124	0.4195196746114318	2.650909236652427	-0.6116684503001563	0.0	0.0	0.16239602133780429	0.012671058659164791	0.10639897844863894	1.5119083751268816	3.2347021971968375	0.016273895340931932	0.04270701829338258	2.0036727582507634	1.9607756822010447	nan	nan	0.00360383576520891	1615.1507296772043	1884	2.5576934618541587e-05
-0.024869686730446094	0.5242677154351567	5.444500189255086	4.846462018351403	0.04851651671380308	0.37391658514963244	3.357559538786643	0.5355753780694622	0.0	0.0	0.15796305329931032	0.0018331097774469396	0.061275127071063	0.34960255731751344	1.1571668869677945	0.0014215421146779317	0.03772989768311191	0.25948239817248875	0.303627570754301	nan	nan	0.003548092290383789	1605.856763724002	1884	2.750016756523633e-05
-0.041290589485101115	0.6003112051471069	3.169244765435253	-0.5710364727045372	0.04594295741421095	0.34478858462399037	3.7591147953439514	1.1946768506868468	0.0	0.0	0.15938548234496677	0.0037056752205302246	0.05008660539801235	0.6032924026617221	0.5097631625377655	0.0013640360988029787	0.03980395406514034	0.2536652936556316	0.38377420457200706	nan	nan	0.003556046483475822	1642.8124192492767	1884	9.71946839843754e-06
-0.033812606169904225	0.6368823769887537	4.749929901991025	1.0380592617559736	0.05541461868801578	0.40602599649245846	2.7544275757964423	-0.5923035276583347	0.0	0.0	0.16266288095302645	0.011568034024097729	0.10941931370741997	1.3915981603689267	3.221216940701044	0.011857120031124047	0.0424171061566356	1.5840290976267704	1.5384058542347896	nan	nan	0.003581340968694585	1520.3643032419948	1884	8.269084054536088e-05
-0.043084167190141964	0.7001817138449404	3.7428880546412997	-0.7575446838933478	0.04085658367182088	0.3433702384873227	4.6682230538181715	2.9365433159517456	0.0	0.0	0.15967904357624355	0.003826111618176753	0.05401505471655749	0.6525112965923607	0.49199816259445106	0.0011304329887034115	0.03994457417529981	0.22628583968195626	0.47204115707227623	nan	nan	0.0035676674036193845	1660.0899050164173	1884	3.612902066594746e-05
-0.036442728649612954	0.6157589700172599	4.066071832786618	0.44724085335332	0.05586323707030405	0.39048919581566827	2.5082482025259836	-0.6613917378092352	0.0	0.0	0.1545101854144465	0.003337279817105354	0.05378377375768406	0.5186587732795411	0.7320385247287197	0.0022112543802642604	0.03802570257832258	0.3638554622569625	0.26588043663403116	nan	nan	0.0035428111281797514	1600.0874482963577	1884	3.747095534378159e-05
-0.04263031605479917	0.6830914601249849	3.7267234807898126	-0.6996177549566392	0.04261911648336891	0.30973499021431283	4.127469431911003	2.384795466458589	0.0	0.0	0.16466292231633142	0.003785370997360038	0.05330227167919471	0.6495806354454401	0.5073886025728225	0.0011536241071470332	0.039041224366372085	0.22425615896987372	0.44154183846162776	nan	nan	0.003554610266833916	1658.3938522234014	1884	1.0935625109466897e-06
-0.041847825866561106	0.6599330190878181	3.718431026204936	-0.5067541869389646	0.0416165786146494	0.2813710728254426	4.305740007057962	2.9581913357821996	0.0	0.0	0.16218778892378855	0.0036230239833711098	0.0504537416094023	0.6027277950638426	0.5280275550258297	0.0010692588823760785	0.03779403423954211	0.2140948302038712	0.4725744368168552	nan	nan	0.003539595211999577	1676.3205458600935	1884	1.220072948435735e-05
-0.03591101397020835	0.624276253396453	4.153252556156469	0.44583843446204513	0.05463301880281923	0.3884960199693861	2.6764696332947677	-0.5677250877177191	0.0	0.0	0.15827831609950332	0.003352889780065371	0.05553023703590987	0.5380081685647733	0.7512131061421948	0.002068023143942166	0.03845613303009429	0.359002551733703	0.2750079121060812	nan	nan	0.0035863139606806677	1602.7310148864258	1884	5.426339090162173e-05
-0.053359114843445354	0.6110917709689971	2.0470654771837777	-1.561963001223367	0.04202835731498311	0.2733454373378906	4.000784363867909	2.5706614500427833	0.0	0.0	0.15997768998074674	0.0042038144301371205	0.048776375574827335	0.5085329206254365	0.209325086540708	0.0010415377423825811	0.03701802540748747	0.21339463330739994	0.4320033249251352	nan	nan	0.0035714631053632012	1616.9633384981103	1884	6.633783625127574e-05
-0.02701776031610692	0.5781273329941274	5.676851908625031	3.599777354514395	0.04186812447172694	0.35072023577172445	4.493178328733892	2.5213770851663995	0.0	0.0	0.1624689731311883	0.0020188321917928853	0.06097632787037488	0.38039518050769905	1.0450265526538027	0.0010722853581452974	0.03828147302060672	0.222343039535855	0.40742032920777443	nan	nan	0.003562013603479769	1781.900480138721	1884	0.00013945982552204916
-0.0257356958851227	0.5317302685982609	5.2924035433555705	4.172193367414464	0.03831897035911114	0.3223030259213601	4.760461768681613	3.8626229616667924	0.0	0.0	0.16871259758935842	0.0018666062813871842	0.05952641958137381	0.3506184472489018	1.0623304467746855	0.0009652239986686073	0.03721512221389908	0.20999181975351977	0.4694049076750779	nan	nan	0.0036251300732240282	1654.6412826208498	1884	2.9762903632184888e-05
-0.04296192599908799	0.6903088006119367	3.73821975926655	-0.6585384805514974	0.05243148701779532	0.37173980161689585	2.9956647184179337	-0.16624235124040387	0.0	0.0	0.15756851352230583	0.004027476186615364	0.054365200088581755	0.6660413564300183	0.5364411392803362	0.0018529835477029133	0.038365434399769194	0.3268059282277891	0.310888583368642	nan	nan	0.0035544385587087807	1648.4907978636704	1884	7.71519973388664e-05
-0.04295889462989988	0.657417532310959	3.540005661913983	-0.6069158788760579	0.043345819279579256	0.26545094307645767	3.7473070675921716	2.1997329259832794	0.0	0.0	0.15831830178536657	0.0036822075836756563	0.05071072238291341	0.5992806140657978	0.49247116699587706	0.001119273428280665	0.037816355353801456	0.21849603822933505	0.43379760290435654	nan	nan	0.0035327102108647646	1665.7124935425447	1884	0.00010441394877834435
-0.04841507447631699	0.6541489237956941	2.8376688028198327	-1.1755158820015392	0.04373336275395756	0.3287007449192379	4.081588955995402	1.9830181623210492	0.0	0.0	0.160825630327567	0.0043430081352527905	0.05108661382914803	0.6377835785572674	0.36449345380258663	0.0011921411263651205	0.039046340439227945	0.2314872611462626	0.41174233998906234	nan	nan	0.0035627224375474054	1703.1612082175825	1884	5.171437308417101e-05
-0.014491225079603098	0.2972129876903664	6.130908551099326	19.341352603128335	0.06600922303098145	0.3963000925847657	1.5858969087588752	-1.469045591517403	0.0	0.0	0.15699223900419926	0.002142490444167866	0.08802605589880602	0.32378799948572556	5.750802603077477	0.005146428990697727	0.04340970091008753	0.607136981810931	0.282278300546503	nan	nan	0.0032088939558184842	1675.6067848403181	1884	0.01633186542575408
-0.023185579914372423	0.49961607710669637	5.551430028732077	6.0887764192878375	0.05568493977393274	0.39367940168866783	2.577993259480205	-0.6098966833382043	0.0	0.0	0.15904305716727934	0.001847686296849227	0.06456496573386797	0.3482183235440295	1.402874871111277	0.001959235238561785	0.037211907938138944	0.3338083363900797	0.24208747118985413	nan	nan	0.003531799233188193	1670.8110995213447	1884	4.398722268323097e-05
-0.016695674551904793	0.3114951278668967	5.966536576684725	14.878043352713018	0.03770325681553799	0.1731471063614458	4.4836964788890326	5.636723508995245	0.0	0.0	0.15869616211696463	0.0010906886948400807	0.05466022754349201	0.2991024729346772	2.1280425301280244	0.0008547283852202714	0.02765868390413223	0.16354804286572033	0.5234860156468963	nan	nan	0.003496223814240862	1678.8053521678312	1884	0.00011053496619593088
-0.04974463519682182	0.6238834112049187	2.3951138117273714	-1.346710937344695	0.03944545661278265	0.27843654711812416	4.342180157562986	3.5049403010659503	0.0	0.0	0.15819385592586974	0.004224850213105036	0.05002419685228082	0.5763546328483917	0.2857969034888366	0.0010016415014311164	0.037073285945880524	0.20766491411174703	0.4807446498085086	nan	nan	0.003542947657936543	1623.9838894270147	1884	4.7737514940792244e-05
-0.0412084462346185	0.6221880652000275	3.350269385950408	-0.5696443832763601	0.04641632348442837	0.35633988071922257	3.585822993637823	0.9519287565724572	0.0	0.0	0.16131419708107742	0.003740504172726533	0.051671979216454056	0.6220468321960053	0.5251149557998053	0.0014489253664136115	0.03987880543568517	0.2616850417619967	0.37009011341143605	nan	nan	0.0036057841638879456	1496.4249004931773	1884	6.0821134470104464e-05
-0.021643912628590778	0.4879193031321962	5.7165597978420415	7.145173206127296	0.06388332404671337	0.4532834226783445	2.0085787109287088	-1.3310491747763757	0.0	0.0	0.16088355390256354	0.010711139103233569	0.26209226655526874	0.5055274874566003	9.602583525241737	0.01641204599265189	0.09684068546717395	1.9016760121342116	1.0357318839888956	nan	nan	0.0036074267796334936	1649.3152039133856	1884	5.743251091357794e-05
-0.0418864239659259	0.6093127330210595	3.1496103158087116	-0.5439232297780107	0.047257990745575684	0.3289964461740507	3.4336700094163124	0.899875319948197	0.0	0.0	0.16471342012886375	0.0037488586608325214	0.050248608917555615	0.5863688494147323	0.5013981970993344	0.0014183674347171271	0.039156717396389484	0.26084812910839617	0.3654041135288722	nan	nan	0.003579391832803619	1599.2084485982466	1884	0.00014383207029424676
-0.04212038465435164	0.6502536797159204	3.4937274653977415	-0.6031643368167763	0.054972708609986265	0.40157578471169403	2.7376258400873557	-0.5868231255037392	0.0	0.0	0.15078441284600874	0.01194804001495986	0.0558417875005508	1.7064170104880603	1.6341118728262376	0.01046535939610882	0.041976414096900366	1.4215593267737934	1.3757300794559641	nan	nan	0.0035360968395952985	1706.6970855903837	1884	3.973570231411069e-05
-0.03674548219506235	0.6177544411738951	4.062581211334245	0.3439139888926328	0.05588144579854548	0.3652822573755501	2.460014892236584	-0.6459132793858776	0.0	0.0	0.1523836251565364	0.003387545617656418	0.054170930939531625	0.5416925411977398	0.7257606454874574	0.002119049710456844	0.03781133966302666	0.3617439824621982	0.26682538891392404	nan	nan	0.0034897477201370902	1620.1331225878678	1884	4.161202297542439e-05
-0.026091624616726206	0.5359370540029146	5.278280967935159	3.98235212914451	0.045595149372296584	0.3661023081001252	3.805255492959021	1.1963310321354066	0.0	0.0	0.16217837565409526	0.001922160719479038	0.0603406197376046	0.35445741682518683	1.057658360610772	0.00126052070308047	0.03868222385486786	0.2443191962986513	0.3428701463735553	nan	nan	0.0035865534438310476	1684.2052414540817	1884	6.866103778929884e-05
-0.04271286114964967	0.6349716977328079	3.378675752764001	-0.6013256679600534	0.049820581226620586	0.30423634548365036	2.8404488646555484	0.33389957289920863	0.0	0.0	0.1603233966618201	0.0038121358171058772	0.051134790738533664	0.6130106706278178	0.5078156215046696	0.0015682171421809166	0.03759351031213867	0.2780009454778478	0.3313698900103169	nan	nan	0.0035403369598699386	1642.6570304895495	1884	7.800833974257956e-05
-0.024391665885319824	0.5352128198960806	5.613312373633832	5.288155969932528	0.056678477463721455	0.41252493701960213	2.6459593338997838	-0.6917330552863113	0.0	0.0	0.16168011166815444	0.001931922328294422	0.06421942339822223	0.3591656093915345	1.2887698378517234	0.002023196272292971	0.03710321290839791	0.3412373775566755	0.23811770373828325	nan	nan	0.003527480890930093	1603.7015359031261	1884	6.90430180943756e-05
-0.03562175360640585	0.6888373657630944	5.028503462196482	0.8088003571211541	0.05559137670997494	0.4301853196127108	2.9388964518145997	-0.5650826519755222	0.0	0.0	0.1583105173687095	0.0031081917009346816	0.05752015169137792	0.5147959279374446	0.7864968245097251	0.0020504095344571205	0.03836638068249662	0.3518209637549041	0.2658782558209631	nan	nan	0.003540685691290457	1606.808862946653	1884	2.3923396605812107e-05
-0.0420581560499218	0.5694861291606441	2.7784782418481164	-0.5892496415752484	0.03997948804622409	0.22311153154561247	4.1086861899373375	3.64017239426684	0.0	0.0	0.16300127878531062	0.010424552256844799	0.05040996360846611	1.3683881783860028	1.328054035780195	0.0032677128182744264	0.08565106147847018	0.3188109245374662	1.9417936845788621	nan	nan	0.00363615952633628	1593.633183137921	1884	0.0001735446992604619
-0.041545821028860064	0.600139918783429	2.957440319109441	-0.6315848819497091	0.05097719492537989	0.35651670761002036	2.970341706070594	0.05456250566518015	0.0	0.0	0.15932432159995077	0.004063516902905018	0.052164690375428646	0.6277787620376003	0.5155283277520284	0.0017731613549655245	0.03849616555014421	0.30753408852488295	0.32263542395093636	nan	nan	0.003568612872351981	1620.7493104065045	1884	4.185877689808087e-05
-0.04058209150805936	0.6548670267888703	3.698565758978626	-0.43916550303603763	0.05560420116477771	0.41523535328515276	2.770126662994338	-0.593417416382607	0.0	0.0	0.1509594182693767	0.01938608979559775	0.057307263972789346	2.65109045409592	2.968215255738805	0.008671549209847695	0.041559561959976066	1.161269962553999	1.1029616345236402	nan	nan	0.0035005486234558764	1614.4245386608059	1884	9.900754940822121e-05
-0.02267821097549627	0.4774887165222269	5.640175105285476	6.3222049416725055	0.04440646050589869	0.3526890789165399	4.02954513525151	1.6159406727978476	0.0	0.0	0.15859269547276825	0.0016300526092850043	0.061260210481191874	0.34009829820885207	1.3213983490425611	0.0011563386273554244	0.03808374572710074	0.23111039679718126	0.3591349939719931	nan	nan	0.0035648192418133023	1628.3711830497132	1884	7.563695060437982e-05
-0.04354875295398808	0.7134232539621461	3.910110607468207	-0.6751849809105881	0.052081850976694044	0.43094039946387375	3.3492374352890995	-0.05403826045457783	0.0	0.0	0.1622673786803281	0.004199175243046194	0.05419089091615742	0.6907165676896576	0.5564556086733742	0.0019086263427300354	0.03902618868792354	0.32006697939678874	0.31604736651874876	nan	nan	0.0035521435908648785	1633.173511943448	1884	8.724864412881836e-06
-0.027365628237589146	0.6103180277254252	5.753196865874538	3.461115356070745	0.055280323955925637	0.46067846186557393	3.169896789742218	-0.5437725541689613	0.0	0.0	0.15937083602221297	0.002262427653289434	0.06469591920869222	0.40601661932548394	1.1187836577124373	0.0019409304348046996	0.038691497020001686	0.34261179071322556	0.255300085996671	nan	nan	0.0035395809101558817	1601.9408744065436	1884	0.00013027546140686848
-0.03408324238994542	0.6099315175041655	4.372217522309775	1.0139177760418534	0.04706214908192785	0.31799215875152576	3.2093865415947564	0.8721783596461171	0.0	0.0	0.15949547046732432	0.0026786506894132533	0.054936315638110245	0.43987584473790653	0.7123265619680674	0.0013556528582095995	0.03806696921049349	0.24936636012496316	0.33972511992660437	nan	nan	0.0035372952145420328	1620.5238298423246	1884	6.078272025793615e-05
-0.028230027479919206	0.6055434693634943	5.684630558836137	3.35515580161006	0.055509617825960644	0.4236173272019472	2.9645414298325736	-0.588323652811612	0.0	0.0	0.15731563944660226	0.00954977002677454	0.15802630560001843	0.8084747388644762	4.543994914658198	0.01110819433847976	0.04313461671992222	1.527002281027383	1.4821581390264995	nan	nan	0.003564659855640001	1593.490327874808	1884	1.459095097005059e-05
-0.04203217571610085	0.6863429690365069	3.7901610258043448	-0.6421122108107716	0.05474161110460707	0.396615289815459	2.6893705875686464	-0.5452390318658815	0.0	0.0	0.159161688269441	0.014351177848440089	0.05887008394020993	2.1057893725330707	2.00432834231838	0.016993111525683058	0.041102636698685024	2.169009649298325	2.2448420152267023	nan	nan	0.003598954791842371	1772.7164301200307	1884	6.423037497994017e-05
-0.04119213088340268	0.5504361296418832	2.8766433555609883	-0.5814121667783853	0.0444011911344806	0.24375128604882124	3.5579027298333243	1.9233919010446467	0.0	0.0	0.15803988151678544	0.0035052179350637536	0.047659204062673155	0.5714972661414142	0.4775748021783743	0.0011120981352460424	0.0373604595119148	0.22290268448919082	0.42449309523082346	nan	nan	0.00350953069168472	1711.3534961781193	1884	1.0518009091149903e-05
-0.04188868861142925	0.5839993789711624	3.074466680513664	-0.5891702470806506	0.04283343625231617	0.2491830702631881	3.9856726432598673	2.5130862669745806	0.0	0.0	0.16182962706967377	0.006876129594342639	0.056210891885415004	1.0209758850953827	0.928399034246756	0.008720101973389016	0.19096215011876555	0.7449010176019912	4.156025320200255	nan	nan	0.003623802323259165	1597.825670242592	1884	4.862170076512359e-05
-0.013508715128387694	0.2515984149137918	5.780192363529622	21.57305712367903	0.04323390832472507	0.35871789616064054	4.313881694383587	2.107460643417829	0.0	0.0	0.1584968968381325	0.0032250065198726197	0.12942571363641636	0.38330235969949067	10.351455891948646	0.004193948317595564	0.07501590016301962	0.3660738171856115	1.4511994348785016	nan	nan	0.0035349209655501923	1643.565497614512	1884	0.0010337660620277267
-0.04183883796050114	0.6581365531553471	3.738806447541755	-0.5896192142819044	0.04441153073457871	0.3277637764573944	4.159080638819008	1.8202572388616831	0.0	0.0	0.1531101570649407	0.003498688101029823	0.05182828539224632	0.6152176463067782	0.5058317054535343	0.0012200023000805693	0.03961415507347532	0.2392153215058337	0.4183527189051245	nan	nan	0.0035339197072742773	1564.2994697546253	1884	1.7626791789931733e-05
-0.03272810741900656	0.6057302370950748	4.623677248546949	1.3907352789588106	0.04610536509523344	0.34296827739849106	3.764712524115085	1.2772648262136868	0.0	0.0	0.16518028464236678	0.002577234782183413	0.05633092490014929	0.4323983245876435	0.7774813654362865	0.0012639640912049943	0.038431826569237076	0.24046558991147116	0.35783234819607374	nan	nan	0.003559015888297934	1662.95771976165	1884	9.47452596040208e-05
-0.026865086297069074	0.5484743175459831	5.369988411585167	3.6973374571236524	0.03904236567739772	0.27302571771851936	4.527872877581234	3.9846743824679156	0.0	0.0	0.1606954141545797	0.0019629644800100987	0.0589423493253807	0.35244900693081993	1.0249096296034135	0.0009307768191102461	0.034852329755110656	0.1956789667708887	0.47238741380190474	nan	nan	0.0035419340211507166	1661.1797553324107	1884	4.190361311681864e-05
-0.03390425894379423	0.6014103409471958	4.588985940693887	0.8905055504759094	0.054784144689152825	0.31213842389235996	2.2934810066864513	-0.599219955872927	0.0	0.0	0.15437061117434303	0.012664361984406902	0.11076943930514621	1.632465405646278	3.5242093647334745	0.015015855492928498	0.04198240298535735	2.1322804031569027	2.1242371769146984	nan	nan	0.003556272115504064	1711.0255621575038	1884	1.585804543311751e-05
-0.041203909010075424	0.6066439653486937	3.1329159765208936	-0.5650988928720896	0.05512305274472018	0.41322694366825513	2.6389146576054805	-0.5959403235428398	0.0	0.0	0.16155482262582216	0.010969094020239767	0.05423810904039378	1.5273290181954606	1.4888416758833458	0.01341274474461629	0.04175245436194808	1.6944884910484974	1.6516195297945664	nan	nan	0.003608423678747419	1678.988487613066	1884	6.517123428881533e-06
-0.022909429626644107	0.5032691288144986	5.695206983119685	6.123352916168469	0.04146093037152698	0.3631855618024373	4.602683969638448	2.6237215941785905	0.0	0.0	0.16468945258222145	0.0016578065798021346	0.06149389241760761	0.34094141255839316	1.287364320061195	0.0010600230765136498	0.03815227713936295	0.21995906165648726	0.40632034023659497	nan	nan	0.0035917315532371236	1698.1965418916038	1884	4.713356841249445e-05
-0.04222501878912277	0.6652605568536393	3.6367591787439393	-0.6222617661511602	0.04425927553086417	0.326330108833199	3.9628756792413307	1.7590439550494306	0.0	0.0	0.1652058259456444	0.014121192473253497	0.05810951272180381	2.0308243452414283	1.9514659232018265	0.00822179793968314	0.1311746852256691	0.7419508118103979	2.7794099827248364	nan	nan	0.0036165999907502716	1673.8805341129623	1884	3.4821573619129095e-05
-0.026563303343223432	0.5830523188969876	5.710819086294661	4.05601316922102	0.04088500866946787	0.3379372122758345	4.390360643654752	2.7376503354065105	0.0	0.0	0.16099843862699525	0.0019473749917450212	0.060673760868170334	0.36497157304030114	1.0580040004806317	0.0010465994393089595	0.03795636617302564	0.21590580481053712	0.4163191235132843	nan	nan	0.0035821339041845063	1684.1212305747174	1884	8.843860890624662e-06
-0.020142343937943785	0.40259787688480997	5.316732135997231	8.591605112769784	0.04227039680808842	0.3253723086805132	4.043507413583985	2.3247508014212457	0.0	0.0	0.15588747717640342	0.0013810142726765617	0.058992869466850895	0.3105227421805079	1.4939752412794607	0.0010562972867345088	0.03702470620502207	0.213052808602455	0.38430118344019154	nan	nan	0.0035093738485626885	1735.4395806475247	1884	9.452459495442858e-05
-0.025469936593364717	0.5763517753831449	5.768271933941053	4.628880272252118	0.056091616037461156	0.4419788401065197	2.822829762459742	-0.6325348463930716	0.0	0.0	0.16070084506164478	0.0021318959423820005	0.06578594115935943	0.37806768425978143	1.2736366831131785	0.0020292997583896133	0.03784081149931226	0.3401337391655601	0.24244889621699767	nan	nan	0.0035388516751887478	1713.2454840030623	1884	0.00015637314091768292
-0.03654892944974408	0.6200100599280329	4.144074429564892	0.3313490330188563	0.05503076053342815	0.351548579879589	2.3913113331356035	-0.6017383820876863	0.0	0.0	0.16441575044657036	0.011299877562002014	0.07857965977846093	1.4910862394623576	2.470678274175378	0.01288886933282396	0.04135538216207904	1.7321004674420655	1.6862226692138387	nan	nan	0.0036236924883425864	1555.3263370940194	1884	3.0631141068752374e-05
-0.03781212050891625	0.6229322651040148	3.806119259350279	0.07354743201282397	0.03751767858127919	0.24367960126151927	4.54228183445424	4.8125677436732595	0.0	0.0	0.15900275075773984	0.003223617372513643	0.050706458942297084	0.5184949463476549	0.6101140801546056	0.0009459438245936758	0.03501315373258304	0.1923197179696028	0.5483977396432386	nan	nan	0.003529196361390513	1691.099516000113	1884	7.288684444988488e-05
-0.048148502391333614	0.6839459436335058	3.0188747967135483	-1.135001234544632	0.040477565560759876	0.34361083192123276	4.4029316336083495	2.85445513995655	0.0	0.0	0.16428216990873512	0.0042062086583162794	0.05173693407887858	0.6207924062778272	0.36561874409224515	0.0011301838809388842	0.0397955314358967	0.22373781536432658	0.4548408243551771	nan	nan	0.0036108469540418187	1757.1445167298843	1884	0.0001404571582148181
-0.025363355035087243	0.5367253868894625	5.762407340279083	4.802166523931945	0.038566734147760906	0.21224652504954522	4.3522393082757596	4.450391753138797	0.0	0.0	0.15478550964928797	0.0018091761807031426	0.05940852425420445	0.3459471211155032	1.139317490224756	0.0008858779321583299	0.031981370687740984	0.18299873672911815	0.49557427000083876	nan	nan	0.0035343237174629144	1541.9997966697654	1884	1.7565716997192655e-05
-0.050092129651000405	0.6614240942956484	2.631885910208455	-1.4094019072693857	0.041582169026175286	0.344228121791513	4.396534760934069	2.5389291916017007	0.0	0.0	0.16008899768835375	0.004214341260377563	0.05288343356633601	0.6083977693345952	0.2884402283305361	0.0011375386500103168	0.03936279936466405	0.22575299296863882	0.43601982017108626	nan	nan	0.0035789761537203535	1727.7753288860015	1884	8.168697389255874e-05
-0.04177225976965626	0.6147621919023893	3.413397437435771	-0.5518738771861359	0.042279294003452206	0.2439698851513067	4.019026094877053	2.7848051723661458	0.0	0.0	0.1605819311315513	0.010320317077040897	0.05499281797795713	1.5067765356844567	1.4803195246048793	0.0066427538798655705	0.15309064219357355	0.5579855085785175	3.3382880883494805	nan	nan	0.0035863799990309003	1667.2958607863475	1884	7.477337758388294e-05
-0.04251199552269813	0.6887963780002158	3.7717965462610707	-0.6613214311916027	0.055254959930105096	0.43662216681083527	2.925621461780099	-0.5679073723783531	0.0	0.0	0.15728818230647987	0.017253837307398767	0.058365525334542034	2.4600356669781966	2.3556992772071563	0.011378259766259613	0.04168220496886152	1.4909798581947393	1.467819212505687	nan	nan	0.003567491013321017	1655.1638777964167	1884	0.00011476029806765982
-0.042276650698759966	0.649785260844031	3.7787437847968715	-0.49923045079104234	0.04392560316833549	0.2752872316302185	3.86530536735437	2.1117979002350222	0.0	0.0	0.1619578037057427	0.003505563004309875	0.049625346552174654	0.5960029650072598	0.5208715193649933	0.0011316410385965314	0.03802236973670173	0.22399308854538447	0.4292949529046797	nan	nan	0.0035461678933739055	1605.9294789521118	1884	0.0001823476255809659
-0.0427247900586889	0.6675239264633108	3.6955087302121212	-0.6030555717283614	0.04229689015978533	0.2905680369015603	4.189590897231545	2.5842230974693665	0.0	0.0	0.15964772176220082	0.01047938026368822	0.057302535304305735	1.5335345825346742	1.452338080247169	0.007197169588381014	0.14631404602496234	0.5747333475115357	3.1340871384871876	nan	nan	0.003571730740146245	1692.293298690322	1884	6.620206362822225e-06
-0.03569280729238711	0.6200715938606975	4.242250978344413	0.8211433776688303	0.050506422270417684	0.33282721876177546	2.907376992618472	0.2323902063104528	0.0	0.0	0.16132676672202806	0.002906487918823586	0.05401202036882968	0.4548421839619603	0.6994480358280043	0.0015711890007956697	0.03724211527912544	0.2769820406175152	0.30587304160654455	nan	nan	0.0035261511008916474	1659.3727002755622	1884	0.00013022111725789065
-0.03328823330799069	0.6798773341836553	5.3731454817899005	1.391098282172491	0.05524665956671826	0.4256743474462647	2.8979703459822312	-0.589047650108698	0.0	0.0	0.15701443876250948	0.010506834118566122	0.11267280342516345	1.2249622948771473	3.2134691147288814	0.018014156685924876	0.043106002601578375	2.333589783755218	2.353128697869433	nan	nan	0.003557399967910463	1657.1879435917576	1884	5.4942528135365895e-05
-0.042019925931812696	0.6330952024804595	3.2566783687016585	-0.5528334232818733	0.04687288503055087	0.4122303573221523	3.8584703317139013	0.8602188399620918	0.0	0.0	0.16099242523940788	0.0037012816463039555	0.05095240403374124	0.5826791021796804	0.49002604823229634	0.0015438886403174035	0.040753908792676624	0.27395813459778573	0.36497628144504657	nan	nan	0.0035942826419363694	1646.813325272512	1884	4.248567025659753e-05
-0.03983879144211233	0.7188194617365746	4.592091479432302	-0.0730359680293286	0.05558070541310767	0.4181449997982942	2.821186658907226	-0.5899717925079735	0.0	0.0	0.16034652379794823	0.02873126147074656	0.09406507117906543	3.6048635566492986	5.2806466646185015	0.007759345260376471	0.0432175600294441	1.0580830053514823	0.9981797987944997	nan	nan	0.003545501756178182	1639.3380050493079	1884	0.00010545540548383195
-0.04532142357452951	0.7108838989204403	3.6184458229366845	-0.9950623854962404	0.04368759236028441	0.38736706263366194	4.331906204681636	1.7704400600536359	0.0	0.0	0.16449946901250112	0.004111299331931162	0.05446113327826502	0.6939920087677589	0.45566117681233753	0.0013116930305780983	0.04115438867577642	0.24765928699510686	0.4131869377300081	nan	nan	0.003583093017981473	1676.5626856352349	1884	2.9498582939614085e-05
-0.03010616906541641	0.5877185708800446	5.03787937466786	2.3759677491198445	0.055565368034042883	0.37713105606752373	2.5400921231484945	-0.6304293553284802	0.0	0.0	0.15459951032610755	0.002445685594151592	0.05990892470700787	0.4001803944049054	0.9473451695322705	0.0019865030225973968	0.03767297102045422	0.34632250878704474	0.25191511705473413	nan	nan	0.003527786387832521	1657.1094027827749	1884	2.614041238942425e-05
-0.026096379672533088	0.5261305723569341	5.323587691401612	4.112647087727104	0.05504470759708968	0.3721596392749076	2.6518480957071944	-0.5760940702998623	0.0	0.0	0.15855940710591707	0.009534613310048567	0.1770277819823786	0.7542979816088735	5.418569714560035	0.012332404579189604	0.04300993747431345	1.7107202050997876	1.6908011225627946	nan	nan	0.0035580197414477044	1662.7694727822711	1884	4.548601052657037e-05
-0.027943650402360243	0.6042307002945636	5.650371418928415	3.58929338323097	0.0448465855443021	0.38053692039485926	4.157108020231472	1.5890952222884902	0.0	0.0	0.15827050245655397	0.0020421784353962247	0.05962286062849542	0.3619666534155592	0.991533336261539	0.0012115141428810094	0.03861278926985948	0.23508367943590747	0.35930643866502543	nan	nan	0.003537604318199425	1558.1260872657735	1884	0.0001322574319029529
-0.031657358791641554	0.5730707598399241	4.4207104891382585	1.6522405842733192	0.05525299746252843	0.3874512391709743	2.4474101113875	-0.6014543870566564	0.0	0.0	0.16114089180092783	0.0076136199523126336	0.09698478323628607	0.8276975685907202	2.4584114958086465	0.00740759988548001	0.04184224001897055	0.9660756527071708	0.8992812496468433	nan	nan	0.003582460372838936	1555.1090699722645	1884	0.00010516486746389558
-0.03335744765878568	0.6407731175247905	4.743305101818798	1.3191387932005298	0.05454325738841126	0.38385836743124757	2.7007143231844726	-0.44904189210477574	0.0	0.0	0.16081238101843337	0.002839755424199175	0.058721241103344424	0.4535420658435414	0.8170257528596562	0.0019456397228131417	0.037572267435453804	0.3331045998336899	0.26825837145038295	nan	nan	0.0035492299672943844	1582.5797546698766	1884	2.547913674449447e-05
-0.03206392878743969	0.6254640612376849	4.803404363262511	1.4525796334309664	0.047739665094881145	0.4077244586877159	3.7978373043004723	0.7297279228444061	0.0	0.0	0.1567265447902396	0.0025954491110311007	0.05847092426170414	0.4437430023987643	0.8075678700794641	0.0014431235142184917	0.0393009002647097	0.2653552182925556	0.32926232865546196	nan	nan	0.0035418069795850465	1695.4312919014033	1884	0.00018874539305702704
-0.04364481504636386	0.7128543334283095	3.7172575729561608	-0.7414579925125685	0.050927763504420076	0.4250034048377519	3.347375464539833	0.07168695654396852	0.0	0.0	0.15980183183192834	0.004305970042286722	0.0554582971645734	0.6949597068067321	0.5362185382058482	0.0018713029485314392	0.03954024089935021	0.31328734731789565	0.32516270397908775	nan	nan	0.003585425341987941	1597.2565397641206	1884	4.820048628887295e-05
-0.0359498214037316	0.5903477275329521	3.8768746032944907	0.3800536696445198	0.051939179005290326	0.3340686585312677	2.6599608259156273	-0.12128200271868227	0.0	0.0	0.1536043718072485	0.00316856703416013	0.05365411838989709	0.5186734985515951	0.6959153314092406	0.0017456917873441835	0.037204942449317296	0.3059291697650044	0.293710435079961	nan	nan	0.00353513729721798	1772.0984576020496	1884	4.299758175117801e-05
-0.020511130927677867	0.4271084349453113	5.8729173817422975	8.777731055956776	0.0421862011399976	0.3070987051956486	4.160560096678748	2.4248696804474297	0.0	0.0	0.15746925693038566	0.0033849828211722777	0.10376066166798303	0.34542697718510507	3.7459081161146663	0.005201885747850188	0.09054383862313214	0.472659943377189	2.050331620355027	nan	nan	0.0035161556716776093	1565.1101299366057	1884	0.000622118368940739
-0.035784231059324156	0.6379750146820102	4.371531131185762	0.4194598725404556	0.03794382875142377	0.2652149251895805	4.660575674245527	4.369084430146521	0.0	0.0	0.1585018729066982	0.0029476466936984025	0.053322111540971884	0.5073394619543024	0.6754966548214227	0.0009634019592995591	0.03622881289880711	0.20194606206715626	0.5295183407410075	nan	nan	0.003589457659143938	1571.412214534093	1884	2.653222032847319e-05
-0.029862407930244306	0.6512907851196856	5.62044012836854	2.618259262895095	0.056419195046556014	0.4419626815096765	2.767145930073367	-0.6664125378641279	0.0	0.0	0.16525119513413705	0.0025944223674298494	0.0637645517789095	0.42615478361938974	1.043198237360832	0.002125624490186384	0.03806706929415801	0.3486259961302769	0.2466456817959698	nan	nan	0.003574359178896258	1597.8153358749432	1884	0.00019514761856575028
-0.04291546520079492	0.6706270996407768	3.538791607871696	-0.6537216746989251	0.04197612317832222	0.33913997455081063	4.314130150039747	2.510028717084498	0.0	0.0	0.16174973407206544	0.0036997390487820137	0.05165505291982969	0.6058521173270333	0.4816345135574296	0.0011744411942565813	0.0396478009673977	0.22731308104002101	0.44498501575158605	nan	nan	0.003560047718650622	1669.7017416744027	1884	7.246743848424358e-05
-0.042940382715427106	0.6526843302510044	3.320067714014068	-0.6424564660357673	0.055090581010951656	0.4201272428545546	2.7983111583756015	-0.5625410600562905	0.0	0.0	0.1674529136509042	0.020425502060226253	0.05646476193834554	2.6338962613123265	2.5854937450463003	0.012510252578100012	0.04178860574252702	1.6192097979335633	1.6108386145352855	nan	nan	0.0036405251352110424	1667.0711901191844	1884	4.7227499843837734e-05
-0.04163892451238871	0.558829646468985	2.722672474707244	-0.5897214116188759	0.05070253252797374	0.3042908010818884	2.5823324597858264	0.04884223108297942	0.0	0.0	0.15949807335693403	0.00368114787613949	0.04985883651544054	0.5663643665386895	0.4643931919987768	0.0017253008103382816	0.03776497442868404	0.3019891869643887	0.3205307627640277	nan	nan	0.0035455461293773805	1635.163872082208	1884	0.00017673754531522676
-0.0345781572876217	0.6449121773380992	4.627344435226134	1.0106601625141318	0.05587876107168732	0.4301884945643732	2.749602141148302	-0.6032888837583364	0.0	0.0	0.16375881004460552	0.011731787799375837	0.10655711718974148	1.3448369446181623	3.096466316217059	0.01547834248216029	0.04246120865757816	1.9193224602879653	1.8800167951112534	nan	nan	0.0035732241115676577	1642.7767102199991	1884	0.00010611511961012206
-0.02598591938380268	0.5378827525825443	5.390523711342949	4.268604424524924	0.04853628656594089	0.35980030526144646	3.479067404848041	0.5735464176239016	0.0	0.0	0.1591202424247855	0.00190991461826151	0.0605885230567558	0.35329499771842876	1.088239045979143	0.001364801244035374	0.03795684360147408	0.2616720992070274	0.31149841755280994	nan	nan	0.0035697268498381535	1693.5484569794544	1884	4.9301626797714935e-05
-0.03311201755325288	0.6421725278554462	4.779839071668512	1.2643115440973913	0.05551991853414062	0.4267523118056106	2.8205388934596853	-0.5863964939032915	0.0	0.0	0.1571090996843123	0.011863900848822884	0.12001620111892564	1.3423626740412773	3.449278148187962	0.00829384599282057	0.04282216466267519	1.1035497089711943	1.048177214897506	nan	nan	0.00352754919122511	1629.4967608660909	1884	1.2346217818453463e-05
-0.025546659790067094	0.5475652845654676	5.583834096461371	4.622252808991504	0.040054430082111736	0.29890641878649654	4.317305064490451	3.1763880223919436	0.0	0.0	0.16455975831848663	0.0018423691448206658	0.059949325261337116	0.34560558783984296	1.1054162783655828	0.0009828051061949727	0.036712012664471605	0.20716564987125263	0.43600866194767346	nan	nan	0.003595316356174827	1649.3482610571436	1884	6.562543247781042e-05
-0.04212255190967784	0.647592029928084	3.626352716234978	-0.6121812145789366	0.04618297225884449	0.2884753535326159	3.4890778638608073	1.225944944361157	0.0	0.0	0.16020127727577926	0.012431931340944224	0.05991400484406939	1.8462172408954731	1.764840601204918	0.014730377188832966	0.202112079481726	1.513206461473019	4.587900847168345	nan	nan	0.0036455980912750846	1607.2179368175364	1884	8.212932630869541e-05
-0.02909271230013799	0.5754915797398632	5.152016675270899	2.641283661166719	0.04303912687486622	0.324027805224444	4.113310252813892	2.0916062148280585	0.0	0.0	0.16150196116165055	0.002153544851120459	0.058230573487149884	0.38253217032188713	0.9071557981798459	0.0011044169058499476	0.038254731064673225	0.22596537494219548	0.39558664979645153	nan	nan	0.00359794348258749	1686.635860851285	1884	2.9483258262619436e-05
-0.03695576732720163	0.6375375639660038	4.238390290543826	0.45033812572999177	0.05550157125055	0.36377169233130496	2.345481750139899	-0.6335010157915599	0.0	0.0	0.156536689225706	0.01099531453060787	0.08024172635313664	1.3665040901427306	2.402361551546053	0.013185770597702207	0.04189495762113518	1.7023641532786393	1.6187697932032188	nan	nan	0.0035658564764845524	1606.1418252750914	1884	4.177210416844854e-05
-0.02836236050619101	0.5628730774521276	5.005392880257129	2.8324760228587356	0.03943758204934844	0.3076727646920798	4.624328825853426	3.479018831920577	0.0	0.0	0.1603814090326771	0.0021257739819834365	0.058430343099862114	0.36898911513274957	0.9286578033965603	0.0009872912995875227	0.03722898932668914	0.21097498269922177	0.462863453588549	nan	nan	0.003582911083251372	1640.3564787242212	1884	7.254448212687025e-05
-0.024720872473870115	0.5738266462676704	5.8363496365030985	4.954814871682271	0.055770427614245444	0.49922585411341847	3.1686446388833605	-0.6003658398472383	0.0	0.0	0.16078607288060445	0.002055805065032501	0.06590096105193888	0.3725281346597207	1.3035174959162321	0.0020488086218743984	0.03854301859815046	0.3415467066266398	0.24595612374890635	nan	nan	0.0035812268360508326	1697.583739040636	1884	3.984233121051665e-05
-0.03259099831386414	0.6064810952722994	4.472563683090176	1.3787312766256203	0.055080825846020476	0.39337740824622125	2.479784392927175	-0.6000392415590546	0.0	0.0	0.1642846570428224	0.011403608416661382	0.11963433374190166	1.2458200105704424	3.3845374803525887	0.013988460458410179	0.04265174802247898	1.744291875717512	1.7020146694535117	nan	nan	0.003625691064168768	1742.6331352317152	1884	4.496964087681764e-05
-0.02419152324573748	0.5116233608236587	5.5619604338085	5.297396822427327	0.055085791791521954	0.382252709573025	2.5252912435975956	-0.6117419826295624	0.0	0.0	0.15814990285225852	0.010277412577105127	0.21850444453787937	0.6329404702829846	7.086586252436008	0.01165193632298267	0.04305948742956389	1.5449798373950816	1.4791666890453519	nan	nan	0.0035662020287285656	1656.3419721460841	1884	9.217847036755266e-05
-0.043060524457606664	0.699083694801764	3.8031781342130517	-0.6124525359821454	0.05556929809955968	0.41692310451987885	2.8610666539784986	-0.596993957830139	0.0	0.0	0.15557974527386567	0.019304387016293167	0.05776210995433878	2.619691552072447	2.6100966998249078	0.008309543590416912	0.04237760900153481	1.1488639598145627	1.085655396487043	nan	nan	0.0035393382210259366	1680.6309333903375	1884	5.565585397438737e-05
-0.028756142582612165	0.580839194583352	5.017939495173179	2.7647246654184743	0.05564651199938253	0.40133109651674287	2.50926519608518	-0.6251658597444306	0.0	0.0	0.16670421639859956	0.010770060870587017	0.16134084397796777	0.9678123809776626	4.5617124394205115	0.018622826765564926	0.043834714208385694	2.253729780708639	2.2173649381361975	nan	nan	0.0036337126167758915	1592.8225879529718	1884	0.00011010459221442765
-0.03452208880969765	0.6652879023589953	4.756277838695554	1.0284291636103533	0.05512749483540769	0.4416406297720088	3.082460238661132	-0.5335130336882489	0.0	0.0	0.15794768944188117	0.0030125778633132705	0.05826873394350096	0.48084000752841805	0.793086570994436	0.0020158545058652777	0.03887072698620167	0.3526260449491041	0.27003042141275124	nan	nan	0.0035712305572963565	1589.3625416807527	1884	3.6726957996071896e-05
-0.03965668774364883	0.6448661467983225	3.830714512628764	-0.2077776933674415	0.05536352446392501	0.4095203225172394	2.7450317618970512	-0.5891961040852619	0.0	0.0	0.16072828966127148	0.03887072174324424	0.09201323394587996	6.853981747633166	6.61415292546947	0.0105368531067066	0.04289342914201072	1.4026029550571402	1.3532380245351716	nan	nan	0.003560898131160062	1632.2641084102015	1884	0.00012510956195383227
-0.0382284940988159	0.6020755747257114	3.547576754215705	0.05159173372364608	0.051204280931660406	0.3271707134782457	2.7392383034159984	0.03579614720897403	0.0	0.0	0.16074240108023158	0.00347917752161947	0.05226411477809634	0.540273241827185	0.6310658267369205	0.0017034692702874166	0.03753953329845955	0.29775927787774203	0.30916296157087053	nan	nan	0.003556009354089007	1637.8368089702894	1884	6.842356334507329e-05
-0.023074169524919697	0.5089446105496418	5.7749576586373	6.035690255814955	0.044518164332931764	0.36559353322389143	3.99731735675809	1.5211133674211148	0.0	0.0	0.15958637499640205	0.0016874933234607425	0.062364397830525525	0.35147712867850567	1.297367516599144	0.0011873816467824483	0.0383656815056522	0.2341193816732443	0.35294113238656144	nan	nan	0.0035862948173494003	1702.9898738458073	1884	1.2831930085310594e-05
-0.04029286352092609	0.6252685159274278	3.544906597254183	-0.27081326876250966	0.050216814747949146	0.3255088973690786	2.9333367012809086	0.22366016487582321	0.0	0.0	0.1629051603299051	0.0036839343644055056	0.051453936465604644	0.5832393769220734	0.5837872058351206	0.0016138691614011602	0.03783287482781508	0.28742792276370066	0.3246187985581066	nan	nan	0.003544093600814216	1644.6015440160122	1884	2.4028246565300706e-05
-0.04141829144849096	0.6426195482076777	3.4686570982647504	-0.587955895363098	0.055266700688861636	0.42178469474472485	2.7839711948679593	-0.579053544221992	0.0	0.0	0.15846452824004298	0.026868938215411087	0.0559712989369236	3.4859101118996536	3.7676958437363166	0.03893174936245214	0.04208355796533958	6.391209650683787	4.946189330761103	nan	nan	0.0035568668905830853	1695.4860071149503	1884	8.276879485590887e-05
-0.032788655665606514	0.6213218192490647	4.7541368624899984	1.38519929331088	0.045960518457806465	0.3833521796975993	3.869704320137935	1.156497208714911	0.0	0.0	0.16337332937581445	0.002559744802421382	0.056329900413083	0.4319236041728871	0.7712136265641866	0.0013380002475942288	0.03938431736663914	0.2501877601323108	0.35171547162086436	nan	nan	0.0035878302063619	1681.4641874318168	1884	1.5527183023755855e-05
-0.03410127466713597	0.6879530592719509	5.207448083478789	1.1407038708714066	0.055629641114320894	0.45204897753176143	3.0600993624677484	-0.5629112644085891	0.0	0.0	0.16084835921668705	0.0029944854727525505	0.05960096885186211	0.49417289343171733	0.8416309312620188	0.002052871537183698	0.03850706459354908	0.35071894271263315	0.2638404777332274	nan	nan	0.003561664331046488	1605.8375001263998	1884	2.1611030110556454e-05
-0.05252916646139749	0.6496775987252397	2.2770301912116917	-1.4149113759068899	0.040775510263342696	0.32086173748554564	4.2359030856014455	2.8065111316119995	0.0	0.0	0.16242684321600126	0.004380169772729536	0.05008638994276804	0.5347135476839244	0.24777981718040365	0.0010809384242002062	0.03840356947266113	0.21689563958558278	0.4381783854582927	nan	nan	0.0035838769355287653	1626.8842421735103	1884	0.00010103136048666353
-0.02461414854971533	0.5379755002715179	5.7802069428833045	5.024503127823377	0.06271651341213103	0.3886504481355322	1.7943412141426784	-1.3022135454091082	0.0	0.0	0.16310612676782876	0.01625640926577826	0.324287509949384	1.021011884070984	10.810597373129944	0.011937437055411393	0.06672598276939909	1.4038570605587783	0.8061424358990869	nan	nan	0.003590923989683706	1692.4084211780264	1884	9.27479332268506e-05
-0.038219051153063455	0.6848628567133375	4.501349361518408	0.28511756521948195	0.05594255202953957	0.4240381265963555	2.7886807371887965	-0.6104783149767192	0.0	0.0	0.15908162008183055	0.003487361953829815	0.05453103785775559	0.5509958269554962	0.7129598118911102	0.002182959474012258	0.03827345108886368	0.3608841473040605	0.2699304405964406	nan	nan	0.003539134765600152	1641.3289430789036	1884	4.076411088996156e-06
-0.041970012780295884	0.6414950018119012	3.357545571123678	-0.5308777370156755	0.04995007685812536	0.37149849271352775	3.2084293807621482	0.28267766626705565	0.0	0.0	0.1618773558130769	0.003972794712338967	0.051986358750988226	0.6182490827363845	0.5380297439144384	0.0016910570581252227	0.03882228503026536	0.29149216088422913	0.3316453242393355	nan	nan	0.0035676879260788663	1741.6570266636122	1884	3.350946462422564e-05
-0.032338155897734366	0.6102275608617652	4.657830875039741	1.6735066116008213	0.04144731512421518	0.3189533384822988	4.191408528726522	2.6151998651226713	0.0	0.0	0.16565898975540153	0.002459681959390947	0.05549523132993023	0.39591483888268586	0.7713627944269872	0.0010831824316736016	0.03835772615792579	0.21883909250547928	0.42616507372072926	nan	nan	0.003606645042834672	1679.3269924737165	1884	1.3430233772190303e-06
-0.03191519929584341	0.5848890606028643	4.598194980382759	1.6567833729903036	0.04593817969248137	0.31828320028922674	3.578720963858694	1.250880466180765	0.0	0.0	0.1587666463802267	0.0024499238993576644	0.056004101153855346	0.4059178758400033	0.7922923034203415	0.0012347411829567445	0.03796857555076688	0.2379112991873471	0.3568167065986224	nan	nan	0.0035188222136385144	1598.083868698598	1884	6.24297698557521e-05
-0.04289610781410558	0.6278000033504597	3.136078465397072	-0.6585823974175994	0.055468769041807864	0.34113755761785	2.142137345559241	-0.6062034897129569	0.0	0.0	0.16338582559217063	0.004634499763713107	0.05219440366260064	0.6923169035534762	0.5740680662289539	0.002322589163585409	0.03727560339074201	0.3616684175826903	0.2777515955778086	nan	nan	0.003597803852419923	1708.1547596444707	1884	3.018446750772452e-05
-0.029788129834747434	0.5737271579487997	4.943445631109981	2.3648685276667267	0.05548365045609582	0.35371131726540733	2.3140292571985404	-0.6655529426185846	0.0	0.0	0.16290442708545733	0.0025081657457893813	0.06091115930143176	0.41441414150417577	0.9858357411137394	0.00203177237547425	0.037455911723704105	0.34862807667606843	0.24989816817090252	nan	nan	0.0035938544689488733	1681.107921050174	1884	5.8165389557253164e-05
-0.04987262332655851	0.6455659619095888	2.579237577828954	-1.3397268643163704	0.04172018287426882	0.29122270883077955	4.249541164665002	2.797080788938342	0.0	0.0	0.15963649715406852	0.004122471848144349	0.0509318191674043	0.5809869817323279	0.2916567121755551	0.0010611640092533792	0.03760895559207961	0.2146580223408483	0.44889829457953173	nan	nan	0.0035449864902446643	1631.1929472628822	1884	5.6779549403357606e-05
-0.04187321017302037	0.6577582911916411	3.582235918893313	-0.6260468321419823	0.04497754547017996	0.3690123504385635	3.9666424041474437	1.4405510354132536	0.0	0.0	0.159256033998434	0.0037051121253390273	0.052697951256478026	0.6310203743840765	0.5116485971257886	0.0013561975654458047	0.04028134109462403	0.24853498833451182	0.3924233743969409	nan	nan	0.0035563031206919393	1754.0590767583844	1884	3.1903924185080084e-05
-0.028549016870636823	0.5656654576116669	5.028616390196181	2.8311286884266518	0.055211745871956985	0.3665789290185311	2.4301758291779603	-0.5946229845044092	0.0	0.0	0.15589443311191536	0.010156599112445874	0.15737489769532367	0.9187320554188503	4.431529639892013	0.012895275544344775	0.04210705219906699	1.6821266842786562	1.6426606485100717	nan	nan	0.003517439465395858	1569.1259267436756	1884	9.36532673338161e-06
-0.041426865009005054	0.6696093400550726	3.7577663343528647	-0.5577969745989392	0.04915134220692807	0.44704885539301836	4.057110668420538	0.522495985124528	0.0	0.0	0.15717951395647423	0.003852268698383343	0.053110738099443555	0.6552702850907401	0.560123279910212	0.001624798898601787	0.04059567303818251	0.29160150573577326	0.34600689219970376	nan	nan	0.0035277581804017133	1718.9524425793104	1884	0.00013295576776897573
-0.04221691755276702	0.6364446914522921	3.366912564272111	-0.5960263002789136	0.05025882737862153	0.37769394939749	3.2814353678569717	0.25452130219154234	0.0	0.0	0.16393985081762408	0.004024661766205029	0.051514930965526284	0.641523505311077	0.5403435968622227	0.0016924536167767235	0.038971776267810676	0.295915555673419	0.3307232887601836	nan	nan	0.003586482493148732	1557.247767337852	1884	0.00018340551311685907
-0.03331154705360517	0.5973893889318647	4.330052736899953	1.1254802434961075	0.05450633316202169	0.3823310404614985	2.5157124477171475	-0.49268090674669074	0.0	0.0	0.16243039566498696	0.0029572176601352362	0.057337267600441555	0.4719362778735423	0.8230518058944751	0.0020676657917666486	0.037509222218394145	0.337156361465514	0.2668146009113084	nan	nan	0.0035830732709496993	1594.6939218936518	1884	2.239487148479365e-05
-0.027712266620833814	0.5944589908330442	5.8377428021636995	3.7196083357960017	0.0418307764662349	0.28402746008227525	4.342382458667694	2.8004513603923584	0.0	0.0	0.15783581800353724	0.0019923983419896096	0.05933751847138635	0.36589682309976235	1.0144362711373416	0.000994994191754861	0.036221905479611655	0.2101346576938785	0.42906263965991603	nan	nan	0.0035649399308231855	1629.093071317075	1884	1.187058546575307e-05
-0.05042655529179718	0.6366491495128068	2.3971839600253015	-1.3884867673608325	0.03768792684419453	0.2490833145530048	4.518571850493004	4.595751074496319	0.0	0.0	0.16120467038178068	0.0077823991890713096	0.06108626030324893	0.9909480268092871	0.5264794461625831	0.0032516210713265936	0.07992137851102224	0.2673708589721855	2.0198389246741746	nan	nan	0.0034370670631531514	1662.3477859023046	1884	0.005290885948022408
-0.02465220531287282	0.5393750917168196	6.02003002948769	5.449138291753747	0.037658240153498834	0.2162088900335708	4.375302010203891	4.800471683263242	0.0	0.0	0.15531109289593845	0.0017373695170578851	0.059355829118450554	0.33946820793530685	1.1972244012141737	0.0008711197541829696	0.03179604776150735	0.1792218938326311	0.5037523158101335	nan	nan	0.003507832383789794	1711.1314046430716	1884	4.201153225216923e-05
-0.036728391439694086	0.6606737987982063	4.352504906814772	0.4933059082709595	0.05519712985255398	0.4044511366177245	2.728594653335306	-0.5359992452679729	0.0	0.0	0.1585896226932882	0.0034058505484922397	0.05606936325564493	0.5309434951334613	0.7455646408767345	0.0021040086808784553	0.038016976806819563	0.35088982344279884	0.27276117137165445	nan	nan	0.0035243816589599908	1630.3059283265497	1884	1.187441814393158e-05
-0.025717360689774482	0.5535448872104458	5.704407958845467	4.512743318517652	0.03894805361245157	0.28896238542471614	4.6840027173218015	3.9181226041685826	0.0	0.0	0.1626019432337077	0.0018588348549673506	0.059896464872251864	0.3480680099302207	1.106376091967621	0.0009393062614256875	0.035562639552246256	0.20118858695293618	0.4715734208596607	nan	nan	0.00358053151649651	1682.1372148745675	1884	4.85856640657529e-05
-0.018277897332967474	0.3588323604465855	5.485000934455377	10.972775212072035	0.04158065283626078	0.34796626218125276	4.2985798138284785	2.531510611654449	0.0	0.0	0.1589436486078637	0.001983100076487221	0.07252026516308996	0.355787880414125	2.750946708470571	0.0033937976475625353	0.06628810463429649	0.35894600714700164	1.2588151196117774	nan	nan	0.0035564686360591846	1646.567898808713	1884	0.014814397512898717
-0.032215792872419824	0.6173617633918043	4.906962116907897	1.4397182493305942	0.03302858961380517	0.18774854684316877	4.87800283102458	7.738824513899662	0.0	0.0	0.16248847916382436	0.009188331716546705	0.10718526807341822	1.0646480812943029	2.88511764148416	0.00363679370124137	0.12439693638384478	0.18564192879852914	4.096318406838712	nan	nan	0.0036289096858626024	1690.3628821919617	1884	0.000203756020894451
-0.029060660813643557	0.5917223561231131	5.142196838785774	2.49301066745351	0.05565243538817244	0.4073169562513661	2.6896143121137857	-0.6187562509471464	0.0	0.0	0.16124428513314948	0.00969726777372698	0.1435230722373401	0.9585759059577299	3.988529319692627	0.013700996749149263	0.04335210481029944	1.7856393252426277	1.7190836085389196	nan	nan	0.003551517684938929	1739.0293282628868	1884	1.037884567351987e-05
-0.03236162923318553	0.6039963295867024	4.818534290802695	1.5846918914239654	0.04570673720762719	0.30183194802874275	3.57643821826031	1.3597535847639441	0.0	0.0	0.16372981128106112	0.002478653936260067	0.05629981644899651	0.42001407768163324	0.7937687052815772	0.00119255188957057	0.03775413317108839	0.23478406534728014	0.36400452054019306	nan	nan	0.003573933193223383	1749.5575052293557	1884	4.825110229836577e-05
-0.04198472353481997	0.6378138561523132	3.576163677564326	-0.5931700138069342	0.0414929576291041	0.25749784403586523	4.043136760986565	2.838834326207837	0.0	0.0	0.15355553065776348	0.008065658482517557	0.06659249422189872	1.2482106852821937	1.1524268067909147	0.01866920368219671	0.39883357965295185	1.3100364187382934	9.159675858182759	nan	nan	0.0036636225500765313	1638.662443566728	1884	0.00010926502853937093
-0.027260967129851932	0.5280212803506457	5.04962602643661	3.5989057486621774	0.046093298885644174	0.3082967821548973	3.605496757380193	1.2760259589462106	0.0	0.0	0.16500903109946108	0.0019710070418431647	0.05842882943788061	0.3490210700827636	0.9923884339974578	0.0011772826480206389	0.03737918493028161	0.23418773035109686	0.3504486013906176	nan	nan	0.003566062228199926	1649.5252022650598	1884	8.492268881527467e-06
-0.041547618627902905	0.6213339164972833	3.3616035408474336	-0.5609471067973825	0.05534780101760317	0.3433251435863838	2.346191305936335	-0.6062330994265618	0.0	0.0	0.15997376865475482	0.004294679747827601	0.05215765534969685	0.687998447482336	0.602433368208479	0.0022184780222282985	0.03783987349505774	0.3732679939769832	0.28772815389816	nan	nan	0.0035370243338309487	1669.8426258805298	1884	9.64581423926865e-05
-0.03381807827251382	0.6342117933125857	4.523894269558025	1.0235017952468863	0.055206459160552335	0.4168524863192437	2.660528439492814	-0.5410851624323432	0.0	0.0	0.16939983494553917	0.003129441127512844	0.05886965395780591	0.4982090198556208	0.8397811920076445	0.002156244998669843	0.03806539027942735	0.3456478807362309	0.26535082677777216	nan	nan	0.003633813211835063	1727.5462981177545	1884	6.152725005740318e-05
-0.04122603883011222	0.665186974101815	3.7723979583923866	-0.5471510807959044	0.040999677076719365	0.357244342527047	4.684827529315147	2.8452548254186114	0.0	0.0	0.15896659518029702	0.0035937665315374234	0.0518444599948627	0.6230206570981789	0.5309048495388355	0.0011498459596568367	0.04027512224694521	0.2297357643493232	0.4648491751039635	nan	nan	0.0035709463583903506	1585.9894423927049	1884	2.1206074676291667e-05
-0.03652311059293234	0.6012505649043209	3.7905041962454256	0.3720374969710327	0.05548073523493491	0.3411040564602516	2.1734725362556757	-0.6153038621873326	0.0	0.0	0.16329602833372622	0.012430628338483518	0.08321839561538719	1.5219243946014005	2.611377796373531	0.009795007461695149	0.041046975977444444	1.2645916382374265	1.1923762108139977	nan	nan	0.0035687348583124667	1670.696742241525	1884	0.00010033429620320943
-0.042366270530415084	0.6422248815445523	3.3715293049859114	-0.6440612857101579	0.04410970139849679	0.2938270505172771	3.7914831162868707	1.8748618815789726	0.0	0.0	0.15758953268681108	0.014366555165962025	0.07766549962390212	2.054134074650981	1.9035453018516446	0.031755392691210305	0.4999918708570814	2.540432690463499	11.49498589501068	nan	nan	0.0038013539936621737	1749.5639983630945	1884	0.00011889028333246884
-0.04144488210003827	0.6306428600317998	3.297993588503913	-0.5753983820806486	0.05501783521634085	0.3924349062749526	2.5162141311320783	-0.5859718073847908	0.0	0.0	0.16468395125113372	0.012724337861371393	0.05566636242933243	1.7703162650034545	1.7339552631892738	0.026776512347513437	0.04158895999168222	3.0941446222503726	3.3221125707078887	nan	nan	0.0036302760790946215	1617.4538558117697	1884	0.00012129215834742349
-0.03362269275785201	0.6142904892903343	4.427907206934269	1.0286176772206495	0.05513365923182878	0.3835987893322277	2.5477872854954535	-0.5922973496759282	0.0	0.0	0.15834469163591441	0.0030086491809009352	0.05800098855100305	0.48700698499688144	0.8178915822038776	0.00208109571413706	0.037905956290519044	0.35174765994484325	0.26406208103605466	nan	nan	0.003572702552677054	1652.191400380359	1884	0.00012466061271261414
-0.041871163225515096	0.6638326523488556	3.729884583752855	-0.5896582153016375	0.04632659357121116	0.3741745340767829	3.92663435009337	1.1013683077519276	0.0	0.0	0.15131674391846683	0.003468771679073779	0.052533332315911896	0.6095028519376724	0.4957602806897769	0.0014054184975207384	0.04030120156479389	0.26157859694905583	0.37712218226158223	nan	nan	0.0035078064659501695	1636.2550774261817	1884	3.5256288876078056e-05
-0.04142463461293244	0.643720132683187	3.4651648669703814	-0.5583752535447944	0.04645540470908127	0.39153941286445926	3.7950048583050666	0.9215065018476711	0.0	0.0	0.1531329223450642	0.003797464324183708	0.0520222979739442	0.625182171683929	0.5313402707620623	0.0014929731285281411	0.04063417680895476	0.2694520570074699	0.36846187623812376	nan	nan	0.003585711503777747	1540.2875555651099	1884	0.0001628125151198417
-0.0381641619057167	0.6295646714735526	3.940361334926844	-0.059530801519357475	0.03895778678129358	0.28138484520173235	4.518317200428156	3.8238937323440743	0.0	0.0	0.1647722341320647	0.005157340224731299	0.061946528641911636	0.5038745010777805	0.8952404660239666	0.0036260744920887378	0.08842102307984473	0.3154838022284192	1.945072672726287	nan	nan	0.003515853740246183	1698.3443335426794	1884	0.0010875517313316393
-0.034345879745741326	0.6512422800963968	4.6473855726130004	0.8756835403254176	0.05337018671982685	0.4195137713880435	2.9498607910309267	-0.33597786882487346	0.0	0.0	0.15052470086478248	0.002978181662883772	0.057570703779616816	0.4916320098813243	0.7730805668490163	0.0019481465624768823	0.038213288868091555	0.32838533421529004	0.2784307181892956	nan	nan	0.0035183110293337677	1582.6882277306845	1884	9.527949077919735e-05
-0.05586043963104026	0.5807267432440116	1.6422183092979288	-1.6383307578595596	0.039604213652317366	0.2420062692177336	4.152083340143566	3.6021336213102866	0.0	0.0	0.1599421446642513	0.00426635444308715	0.045144948211594316	0.42343397634554236	0.1628111630651702	0.0009433983347421071	0.03489253703530276	0.19635632523138713	0.4721888210620386	nan	nan	0.0035660645620735204	1568.8744105663002	1884	3.998638277543257e-05
-0.040863721511701034	0.6152582236203541	3.448824912621546	-0.5403450961434033	0.0418242243703697	0.29320968697979166	4.210100317024744	2.639851048293899	0.0	0.0	0.16132467322094027	0.012270325052105568	0.057255875521640076	1.8071540059129372	1.8193253613442533	0.011557091711685397	0.22907863020262254	0.8594889139063386	5.0889992210319255	nan	nan	0.003642181737570499	1650.8631095629967	1884	9.535198280263638e-05
-0.04234226951588993	0.6279742142110118	3.259605848108213	-0.5521002051328388	0.05090779401159695	0.35958732885871464	3.0087212079705217	0.07395201969647322	0.0	0.0	0.161457252747023	0.003841337222641905	0.05102120051610076	0.5988665673042914	0.5092399566689695	0.0017602406072657617	0.03867232829234046	0.3076878052284011	0.3226845627674513	nan	nan	0.003581797569991302	1663.4744795192214	1884	7.061590499730081e-06
-0.04183033324365293	0.6859819124179967	3.739379504250789	-0.5999455951045777	0.04138617681543222	0.3530628935744079	4.404531841562465	2.5426656044588807	0.0	0.0	0.15759422288822905	0.0036560730552807064	0.05341605690047213	0.6211831618981767	0.5083256977671293	0.0011833604929575303	0.040450354606995975	0.23055917945590032	0.44941364743158235	nan	nan	0.003572124268916982	1626.1977496401178	1884	5.3952672756974865e-05
-0.04158694438070076	0.6058600372407371	2.996869567901305	-0.5240356210401848	0.055324861482778154	0.3740837808754552	2.397249574733858	-0.6216342275355461	0.0	0.0	0.1612043299329555	0.017380090205966925	0.05399822658928449	2.1758706358577466	2.266936152345407	0.023636948254252887	0.04294549409865381	2.827435165576756	2.900222829172506	nan	nan	0.0035876417891471807	1683.4639000950842	1884	3.484842526379896e-05
-0.04737302118888387	0.6214600700644528	2.6340848263288663	-1.1962589255988156	0.04318425957100969	0.30480601748941816	3.9855679552619714	2.154193569268937	0.0	0.0	0.16282443877575004	0.004251128152455319	0.05081303189426711	0.6257043073645931	0.35335675895132945	0.0011471469859061223	0.038566495420303604	0.22537256718734167	0.4211081435695828	nan	nan	0.003579612011734623	1676.1865755927115	1884	0.0001968000415058475
-0.04219450264867852	0.6294533333548924	3.2522578399182334	-0.6281517904680984	0.044648173545629666	0.31389258527453145	3.7637632922407214	1.6270631237331319	0.0	0.0	0.16286382776549962	0.015540104870978622	0.05961004765997746	2.1204220982694872	2.0374150773141158	0.015035314141526479	0.22502388736318993	1.3239774814061038	4.9414584612786205	nan	nan	0.0036344104984528947	1574.0815679700834	1884	2.3337366800640765e-05
-0.04133558575355878	0.6280168753832531	3.2466541012563206	-0.571482290743965	0.05145803179883601	0.44359096570799594	3.1882776618108495	-0.016105568570744702	0.0	0.0	0.16390368115482884	0.004019174820534377	0.05237593839311694	0.6384770566589102	0.5418404242538892	0.002037158856375787	0.039132060073281016	0.3183773936353582	0.32056451031583005	nan	nan	0.003625951065710703	1705.9757399436187	1884	1.49344190642501e-05
-0.04224547450154592	0.6089941609581697	3.2172207609963017	-0.6174603148371921	0.05505235420374044	0.2995786308062726	2.067326198047188	-0.5952730840889968	0.0	0.0	0.15962617030279053	0.01389184976951563	0.05474827510237029	1.9329175703852166	1.86025850702744	0.010563734812150005	0.03999442809472567	1.4508916304071473	1.401716755265016	nan	nan	0.003551650749621882	1660.2333819946384	1884	5.289447264597998e-05
-0.04169154611633663	0.6260964674033016	3.475124227592345	-0.5608366567803713	0.055078669950364034	0.39089445957978547	2.772913875961179	-0.5309771503133324	0.0	0.0	0.1623251309601159	0.003847469660871461	0.05190204312367963	0.6463765636116712	0.5495433436998048	0.0021397804534276643	0.03841192287010756	0.36695618538418406	0.29161042406584253	nan	nan	0.0035682639019756213	1664.1968341058282	1884	8.965465816331574e-05
-0.01894177242661077	0.3861961125227255	5.957605278606406	10.765324386749905	0.04429574408619974	0.30265445451018286	3.8713961196710245	1.852233746470446	0.0	0.0	0.1598712089275511	0.0015507645582318874	0.0683411002707355	0.3896221918721574	2.176399416761849	0.0022225579670211992	0.03649545682269953	0.36337598585998476	0.7910668426622876	nan	nan	0.0033794855688703135	1697.2509346025995	1884	0.018596664495269238
-0.03594887710522099	0.6723233219409277	4.569775900399079	0.6153166683324607	0.05570266002465463	0.4260971285697956	2.7508603557436553	-0.6071015450791468	0.0	0.0	0.16168280300511884	0.013181396284341396	0.09882664570427419	1.5996236052487773	3.0748332697826637	0.012826976628090403	0.04253308381310972	1.635526980202224	1.5765606500002018	nan	nan	0.0035906368382569026	1635.794927384481	1884	4.291089580656707e-05
-0.02039009184282281	0.49765529581809603	6.061473903280178	8.58902877150851	0.057470998391246475	0.4891443306022743	2.923245148957934	-0.7711227648298461	0.0	0.0	0.16164142199555206	0.0016221653730832397	0.06559053302930795	0.34509853988088546	1.6775571425319016	0.002116618625209288	0.03784299070547578	0.34449887539120905	0.2268003294715696	nan	nan	0.0035591321699398465	1663.0588479442263	1884	0.00017715310073559927
-0.030902773174013354	0.6647935433355758	5.69585463360323	2.2046418999182937	0.0554946258272655	0.42777916989654424	2.819650727807707	-0.6128339149147229	0.0	0.0	0.16037133073391152	0.009914422425848668	0.13299767363504456	1.0237887898399647	3.7150319201495297	0.01997789501668823	0.04373207917516975	2.507421769260885	2.511992752097622	nan	nan	0.003615864286367912	1595.1764637178976	1884	2.575783493054813e-05
-0.03387957893912852	0.660175323855585	4.70522157365418	0.9589665760315622	0.05534373459506692	0.4778580692222191	3.1242737308793664	-0.5779658568537951	0.0	0.0	0.1587275505569857	0.0031126934077581603	0.05946352416688949	0.5046962953816951	0.8268769393997645	0.002145489684611812	0.03936852178426209	0.3590733833189743	0.26783796766840884	nan	nan	0.0035697429613144732	1630.0227776785782	1884	3.916834234431838e-05
-0.04395264360406159	0.736985616482362	3.8741535575274897	-0.6276909415760459	0.055350112510121896	0.47773990563708646	3.1565459761956745	-0.5421818651123821	0.0	0.0	0.16498090659818687	0.004553577758137306	0.055463931542872436	0.6989753866243802	0.5804417498009867	0.002349731458065829	0.03981757202657821	0.37936866992196405	0.2980613518443015	nan	nan	0.0036028166583805254	1664.656959427883	1884	0.00016419825034276334
-0.04194326635672685	0.6260142422820887	3.2204266895293117	-0.6267916669952859	0.04995577487558123	0.38726016406794644	3.314228181483271	0.23687061832276632	0.0	0.0	0.16394928207107612	0.003952505495874947	0.052286269605323066	0.6319648140421867	0.5170504332346171	0.0017216477400621155	0.03927927487049135	0.2995318168507908	0.3334200057715035	nan	nan	0.003586496637969977	1750.8787206250818	1884	0.0001378452123057401
-0.042008714064574404	0.6396263173784567	3.3946789845677694	-0.7061331871424484	0.04367976824713504	0.27922215550219376	3.728836738206497	1.9414877142876545	0.0	0.0	0.16224313920113992	0.014473019437277967	0.0677660778285396	2.135360275565903	1.92761843798277	0.016926592301529708	0.2926225291676625	1.431963448952463	6.4155204328533575	nan	nan	0.003677195748195139	1606.9235753687492	1884	5.910350405646625e-05
-0.022438102127138815	0.5002906145962923	5.735580568438317	6.740676927034103	0.0558247024882379	0.4103614625098469	2.647283342795549	-0.6027118691697705	0.0	0.0	0.15977021176458786	0.012180886590312412	0.2858563685223739	0.5278540849085509	10.151698707338179	0.009796222263373733	0.042810396756893854	1.2642600127387102	1.2009210097674738	nan	nan	0.003585245489907851	1806.5765947724394	1884	7.238643109735091e-06
-0.027876662995606316	0.5414139941738105	5.057658637086431	3.0003457497890103	0.05452687432497627	0.3586764580363005	2.5402072849409874	-0.5676354585794691	0.0	0.0	0.16287622631401005	0.010074128908073354	0.1618855209134499	0.9391160626065296	4.708366585613357	0.013245998318714536	0.042663310685261385	1.8241715673963517	1.8249999931378462	nan	nan	0.0036159070722484865	1612.2532265474886	1884	0.0001213927101220451
-0.030992148732396196	0.5939616948235324	4.75415173273003	1.8046569677219644	0.05609239771110208	0.3993836256582733	2.4630958259279185	-0.6987678623232174	0.0	0.0	0.16205119025784348	0.0027210672245628342	0.06042658876045193	0.442131765007157	0.9321088990290162	0.0021753116698693953	0.03799103513348642	0.3545448752361544	0.2490595180639897	nan	nan	0.0035910999465617738	1658.1185310468659	1884	0.00015370519441567095
