Nu	Nd	a	b	c	kt2	Nu_err	Nd_err	a_err	b_err	c_err	kt2_err	chi2	ndof	edm
0.39198666927263964	-0.44392287142085113	0.96946544008881	2.8981948860393234	-0.024049221132298983	0.23646940767978777	0.02623900905965791	0.029532627011701357	0.027208074536480845	0.1094532320364403	0.101202378586869	0.007222594304347292	843.5628347598529	1000	0.0001170175136801258
0.26523198303895207	-0.29273039596367645	0.9530853314703626	3.0473926400887352	0.8615988020761116	0.26007003469402307	0.01784881066722544	0.019614488752238493	0.02670373454516162	0.10962232399583048	0.1614371287414676	0.007592680530673088	842.7109493800529	1000	1.2183671573901367e-05
0.3943773906134627	-0.4519366429848603	0.9926444398213976	2.993004877016446	-0.0039922799594591	0.2513292278004993	0.026411136939325265	0.030085659376311833	0.0273720549305076	0.11042264547506661	0.10269569674679167	0.0075090851764652595	895.224513145323	1000	2.3900270086248896e-05
0.40017070059232734	-0.4506677712211436	0.9974135127350822	2.9937571867660093	0.00028964416069372073	0.252046481572711	0.02668031741191593	0.02987994298463243	0.027217442941137707	0.10977785869046577	0.10247918504707684	0.007415253174289773	878.6014953410919	1000	1.1163858378996102e-05
0.40367319125892515	-0.44355732905121753	1.0272344284964556	3.169406069332522	-0.003658131148587768	0.2473968708988933	0.0270729230159291	0.02960706468207258	0.027538926565032	0.11191007715049173	0.10330012540742256	0.007352949475645118	795.5280325591302	1000	5.892017477375432e-05
0.3984367051228399	-0.4419781951250224	1.0005022505198153	3.033455446928069	-0.015475686252074685	0.2370380900854897	0.026582919367919507	0.029331149007387827	0.027284192066944574	0.11003109834679062	0.10168399975558516	0.007210360386466242	852.6958255406921	1000	4.1402019148233625e-05
0.4032216685125857	-0.4497623502174092	1.0086417442186937	3.014797094225438	0.004720615547810301	0.2528587906396319	0.026856998937742488	0.0298061230630147	0.027156809135019583	0.10910108295639911	0.10261216764736715	0.0074284397464451455	793.6186287274265	1000	0.00012645585590740068
0.3985156945155905	-0.45447263044318575	0.9758320727746587	2.8538216088177535	0.002764158451336081	0.25223781710550297	0.026368445629719836	0.02989770449309443	0.026936035721069285	0.10819185436448751	0.10144345700475989	0.007399055256614639	802.7046516702894	1000	0.0001584769918836434
0.2429102587886279	-0.265798800625029	0.9485323488298587	3.1019204048863926	1.0525697763237507	0.24220654935587155	0.06665009828604627	0.07367068056095538	0.04276381070490739	0.10895887297843831	0.7186722166382181	0.007118377439666442	925.4876783723785	1000	7.903479921015146e-05
1.0062423274877867	-1.109339318251903	1.1552419199024808	2.579522316965154	-0.9168056339122334	0.2460294235040047	0.21424604791280405	0.23553311993508488	0.04402664438309072	0.2047231193416545	0.12627312365393178	0.0069393167700159426	896.5480727831189	1000	0.005020658114292912
0.39950604800326855	-0.45073095104337896	1.016909464655708	3.117226871940321	0.0026847086347470553	0.25571489997379626	0.026829030043180057	0.030107334895991215	0.027557498077132515	0.1119012881595028	0.10371924025705023	0.007528791953511554	773.9817744520661	1000	3.114650962856461e-05
0.40195059199987676	-0.4445318813879724	1.0074220895806756	3.0376353353848295	-0.007454761184962169	0.23853894015739655	0.02659882796312328	0.029268700126718408	0.02725658387738211	0.11007917646801751	0.10130002085062854	0.007223957839494512	871.7373983639196	1000	3.146314980359937e-05
0.3998880051759001	-0.44718007604896576	1.0091597373251922	3.0390751533819444	-0.0040342052588129736	0.24002835435974562	0.026441121353617657	0.02940643997368442	0.027246296482849753	0.11006173409843585	0.10139884188913627	0.00721264069075301	915.7909956868648	1000	6.558214701925599e-05
0.39992986731119395	-0.4575668266656402	1.00953117291206	3.0332188773045865	0.014203320964651045	0.2577219455167806	0.026489072724492673	0.030133062787746058	0.027196890526947175	0.10970710218330745	0.10269735840988822	0.007504484752856969	807.0920628224287	1000	1.894580880272376e-05
0.39431643653140863	-0.46154389109617555	1.008125873758139	3.0459373297068884	0.014335788641730088	0.25186355661395465	0.025888334394961535	0.03010321948282791	0.0270688723496983	0.10927892550959892	0.10183442479084065	0.007403965587683783	896.2305673449318	1000	7.364563361821873e-06
0.9274958242282976	-1.0550325501082873	1.1364151968623726	2.603155173761105	-0.8696781881376092	0.25329048520782427	0.1418003466526651	0.16069119321123249	0.034710850053773556	0.1572134446116279	0.1009397448653491	0.007340767995046936	859.0356334171823	1000	0.0011978324150253548
0.40035291213214586	-0.447658446562532	0.9831660827105679	2.8989984176576957	-0.005961446998805566	0.24558962512418298	0.02658791822408088	0.029573823086772356	0.026950032954461623	0.10807896020199413	0.10140516983004136	0.007368682692782279	806.399569865911	1000	0.00011069528229133619
0.4047185585541432	-0.4450834581744076	1.0007701021355155	2.968546778868078	-0.0027717068499335377	0.2466455171866444	0.026927294015704536	0.02946522429233543	0.02709971028808783	0.10877315956970993	0.10191392541198732	0.007308568699568621	928.203968034387	1000	3.5277981907852664e-06
0.4014514859127845	-0.4487733063674641	0.9974852665712078	2.9636583647026296	-0.000585334330983861	0.2509101747045429	0.02677671080866198	0.02977568232388338	0.02719202474503858	0.10944753978399117	0.10231680452836535	0.007385974620088397	936.6074157229551	1000	1.5131487972772712e-05
0.39927325919866014	-0.45677641976793243	0.9913017951476634	2.904426864622394	0.01014077714113563	0.2557896552790404	0.026414201145188793	0.03004421168597568	0.02708354561424762	0.10855878836184966	0.10192792742058228	0.007487454135454364	857.4031142118733	1000	7.184411394128726e-05
1.067727198982379	-1.217132061282267	1.1699272773288503	2.5862743660483014	-0.9568318138708067	0.2573189600177431	0.23767438547650402	0.2709606719397869	0.04283000255207817	0.2421392396358263	0.12291818043699176	0.007520869085467572	812.6267340869508	1000	0.006124833863158081
0.23439802530856824	-0.2639176365206155	0.9178069580466357	2.930855973565992	1.1203005109734423	0.25724891141593226	0.015838940554099342	0.017739104681577807	0.02658866040652257	0.1091822843168047	0.17916586958501132	0.007585611915152985	860.8397463456738	1000	1.0376732310954319e-05
0.24798599906539157	-0.2765279025921659	0.9585950876116384	3.2281573307673055	0.9687887150655524	0.25098689251408823	0.0168542054681039	0.018697639885118845	0.026901723100706557	0.11170128208376866	0.17103171605014722	0.00742897279364834	926.3498822547388	1000	8.040115419568521e-05
0.39640235769497895	-0.454054045501965	0.9844145718656802	2.892193664872745	0.0012067549643810438	0.2523552323546697	0.026364825063118085	0.0300219057869488	0.02719589289225274	0.10904314314742207	0.10192689112848666	0.007487197447101242	793.0543802668208	1000	8.157484659073045e-05
0.3966663683089061	-0.4443169220025042	0.9878139593151093	2.9725191927645573	-0.015422698678775203	0.2353001727603806	0.026309198594011596	0.029298774866748943	0.027089644844943563	0.10903331572050944	0.10094260429545258	0.007170266152562842	851.8783065347131	1000	3.221923473454195e-05
0.40038681014657507	-0.4435250511449661	1.0086205490354827	3.070191048886463	-0.009576056076334358	0.2426560968499426	0.02676792056129248	0.02950139105489527	0.027350675177247392	0.11060741408195852	0.102353869926989	0.007305529010280389	904.7765408461339	1000	7.268465347971402e-05
0.40170301960659244	-0.4457375593608577	1.0013675102081172	2.9928061326331306	-0.004897530778411496	0.24187802081263227	0.02662049139964052	0.02938808711543747	0.027061157519893565	0.10838282306881575	0.10145932615639489	0.007296135430169753	823.1677788643201	1000	0.00018310389020342017
0.401427509039397	-0.4537436401329068	0.9838732774715704	2.8645326290557422	0.00611600179541157	0.2566349793556582	0.02667019649750358	0.029982369778908995	0.027044546930555507	0.10846341260463055	0.10202855809717741	0.007506624455510359	905.9812038706787	1000	2.9560361470507716e-05
0.3988929637837367	-0.44617546095029764	0.9867658733571036	2.932886512431057	-0.009403602518800253	0.2437603863200212	0.026572849769724922	0.029561923486151664	0.02713348591997683	0.10892061264923568	0.10160502897426525	0.007339516099486487	839.4975157872059	1000	3.337208619010226e-05
0.40231734688275594	-0.4493319498459266	1.0068581595810755	3.0309154347035308	0.002639792627634841	0.251856855890637	0.026813140593694117	0.02978889251056471	0.02722888381643913	0.10969047391218567	0.10264361904398689	0.007377717865314455	886.566968567126	1000	0.0001261415457308664
0.40106462425921213	-0.44945370089778425	0.9757868210500154	2.8401552251554865	-0.002859432225600155	0.24586721352700908	0.026486804261299502	0.029526456639350523	0.02679890204869063	0.10725309059848206	0.1008317193384125	0.00731355545489509	817.2561824820315	1000	0.00015051098463091846
0.39930758713385955	-0.46697087256658437	1.025570958663553	3.1357656984545104	0.030857042912987714	0.27316884615272025	0.026531889748754565	0.030839340760621108	0.027374392995044444	0.1111752482527523	0.10437856394664112	0.0077113222747750895	878.039582830475	1000	3.2279186322597644e-05
0.401953757906234	-0.4395394293916246	0.972103044149879	2.845010392712746	-0.019289683009094217	0.24034419525256878	0.026893662798548795	0.029268261149848995	0.02715041047339912	0.10866988079728708	0.10120782029564122	0.007332088841634002	852.1612944161079	1000	2.0698160365088343e-05
0.397637510466087	-0.4546500502386325	0.9997487497431059	3.0011022259499116	0.005998455783723238	0.25172712399949654	0.026347302535253678	0.029942234934277213	0.027131090013202866	0.10915652349586781	0.1021740998690473	0.007390460909433514	805.9652832338602	1000	1.1885332339386763e-05
0.879437818827428	-1.0124347325301761	1.1230657667478177	2.629277077602779	-0.8441547359178398	0.2536318392164183	0.2994283343703736	0.34624533876035607	0.06584891756055239	0.2590732200057125	0.22733627141672413	0.007287224358679426	802.9253596331484	1000	0.00046052670902807405
0.40026631818257513	-0.4572829789636974	0.9858000809894101	2.8895216159974337	0.011150868890616365	0.26329673059639513	0.0266894743868519	0.030320893052599482	0.02715965322851698	0.10909245510607797	0.10282766992241013	0.00763973687967668	890.2394914331742	1000	1.2137772895836288e-05
0.7934453183197252	-0.8941782245311152	1.1282223805959732	2.8150997007292022	-0.7605535299684318	0.25130291940843474	0.24750684186173597	0.27860699794594374	0.06468850217988395	0.20567992447684802	0.2405560720692179	0.0074820420167842705	907.1687923012719	1000	0.0006178230542045126
0.40285463241251707	-0.4465351799190684	0.9930856372460634	2.933863425286314	-0.0032965744357275964	0.24534920446901592	0.026718936777257896	0.029471265452906212	0.0269488656459997	0.1079178635890435	0.1014869394564337	0.0073169068077992595	834.7288892445158	1000	4.221665527528127e-05
0.25824563191975547	-0.2814661251903261	0.9282498058153192	2.9897573461659395	0.8583575330388451	0.24403114566032794	0.017511027624446555	0.019000202253681896	0.02674033326860598	0.10966275463670004	0.16257751747131907	0.007423396081584807	888.0954564068952	1000	8.77993532013011e-06
0.4002011158128179	-0.45440166525736725	0.9787548670674119	2.856289187852485	0.005118214358678775	0.2531409744989618	0.02645649881043229	0.029868400737095985	0.02681394710955458	0.10719246361919171	0.10147869903681085	0.00743427897617865	895.5857107793686	1000	3.951213413664211e-05
0.4046029767661378	-0.45634210006639386	1.0262893647641276	3.1101116801945157	0.019470714101469406	0.2618372960123494	0.02687001368497282	0.030149154511108417	0.027248666931449582	0.11024971608601011	0.10348681880710421	0.007525538566694355	851.9737452572075	1000	6.948889685349203e-06
0.3988832075055859	-0.45290526535166564	0.9929205037249885	2.949242866227888	0.0027038001993951928	0.24823849747590085	0.026348138623563132	0.029744181129310973	0.027064522410363435	0.10897301770256036	0.10150603905738642	0.007363315128201079	843.2343867126503	1000	7.686694284213665e-05
0.3990887614274302	-0.4524399581159886	0.9824765718252025	2.9074304517216736	0.0007611406268544121	0.2525362129790397	0.026520935644595404	0.029902865255982364	0.026953468500275024	0.10826641934073468	0.10195372024660307	0.0074459919861015605	821.2972148146008	1000	9.055447230469598e-05
0.23707232760958108	-0.2606896910222099	0.9324672614356518	3.02969615223891	1.1006889000724462	0.24839758296367967	0.016024798671007732	0.0175390217135306	0.026691627197439557	0.10986646629236371	0.17827522554163408	0.00745579636950169	830.679286325023	1000	1.7102135144885134e-05
0.2848798029664875	-0.3224096548025543	0.943838232308099	3.0168526693000026	0.6234141652519376	0.25173305038397314	0.01914884323200573	0.02155176262309248	0.026652650910569932	0.10894459164900121	0.14543324614461992	0.007418639124142941	862.0221766016449	1000	3.963941565538346e-05
0.9070251310506694	-1.0378881117481844	1.1356203224874357	2.66146589025006	-0.8607393794920445	0.253254528790243	0.24754002893136132	0.28564312232743444	0.054542422981868184	0.2305874496396965	0.17880825809992248	0.007593841067478007	850.4666092838511	1000	0.0015002842080806258
0.2443987587991671	-0.27299442894577963	0.9376290720190473	3.0438825370445115	1.0241305440702393	0.2538117839601375	0.016474094850527643	0.018307782482529338	0.026563151731724802	0.10911461423970761	0.17265523750989004	0.007473535443810713	880.3499737067248	1000	1.9662857245614922e-06
0.40042814745676863	-0.4470080689795714	0.98242383825813	2.918185405281086	-0.007111909346881075	0.24992351649459402	0.026782795559893924	0.029742612827086054	0.027056298748377276	0.10897498108602052	0.10218337915418442	0.0074106039711061954	826.4702376707387	1000	9.125077289422741e-05
0.406400616815379	-0.4428068887684256	1.013066252389872	3.0175724576633374	-0.0031575379750360755	0.24400872012333114	0.027028348022505977	0.02931735021166911	0.027270348636432816	0.10982380665233742	0.1019352956063408	0.007325992151570423	934.9688578611144	1000	3.2664203907591845e-05
0.8372472743152188	-0.9375164260351921	1.1370607864739677	2.7861272874062433	-0.8042206028374942	0.2470804904815133	0.18143584346160244	0.20468532680350568	0.04789196881202145	0.1767062967221744	0.1572703842072093	0.007752710698699088	801.0375741962137	1000	0.004499884466076174
0.39831231684722	-0.45141772034720423	0.9842834529644875	2.8952614896158653	-0.0013586374465216922	0.2440049062329857	0.026244222971421566	0.029575911208328146	0.026850385660820698	0.10736737341355441	0.10084497329073856	0.007323241850641517	860.5733789144144	1000	8.218290059963075e-05
0.9028465481565179	-1.0198587988110412	1.127014500843557	2.610704603268959	-0.8477622961251791	0.2501029950921045	0.23434186680097957	0.26852745289550534	0.048727698154741476	0.22525655880862297	0.17127171901337496	0.00750466284408465	846.4057301223376	1000	0.0005843487618682922
0.3992596550037626	-0.4482229107903186	0.9961392386412059	3.008072512293982	-0.00567729125719392	0.25232095420154865	0.026818865648567426	0.029955003304627054	0.02727297135306413	0.1102017827837137	0.10297442648810597	0.007503024257633773	839.4833361393031	1000	3.133648121083931e-05
1.3359462232142463	-1.5321898886991758	1.1886586454346906	2.26850138512768	-1.0558231203000035	0.2588131466305447	0.15888054572393043	0.17309341019137975	0.03236119387621926	0.14012472966887463	0.04880673988076116	0.00739278413063416	941.7096203547203	1000	0.017168219968058993
0.23187690872287575	-0.2608880228272734	0.9341987746818724	3.0592800884972626	1.1476935831916115	0.2476036359675941	0.10056025727881514	0.1145623392766618	0.061237179412207826	0.1102371070086274	1.1849118682843098	0.007407039729903704	879.0030331259072	1000	0.00018286663178348036
0.4020096832570944	-0.45242850194648176	0.9754843392311262	2.823442751172218	0.003241711423271232	0.2529906657259913	0.026609276122724214	0.02978937314146783	0.026728716686277285	0.10678491486699676	0.10138213820245069	0.007441958151466177	864.5804172802084	1000	0.00011689658279234875
0.39287288545343885	-0.44624665984130196	0.9737489181310336	2.912115809853875	-0.018344900552088705	0.24153033957317954	0.026315108909822117	0.029707335510361983	0.027243770684077826	0.10973387179877342	0.10164841621822698	0.007316413249995558	817.9673515907682	1000	9.961490953799696e-05
0.28020015244137725	-0.31913079427693003	0.9426894913448179	3.00328340657207	0.6794399137678608	0.25575439085091944	0.018725851273688726	0.021209821716149834	0.02657740950658528	0.10876557721828305	0.148198452388748	0.007472826779203081	886.668675106283	1000	1.1869021754912665e-05
0.40109250413701847	-0.4560919095968951	0.99877450793303	2.950935194629423	0.011745539911081944	0.2568445332853301	0.02655462020612143	0.030026148612134054	0.027045429474091727	0.10867802623120065	0.10224733777522887	0.007457067918179019	864.3459511716568	1000	0.00014556590482334457
0.2628015414325555	-0.2931887921849815	0.9455235434772588	3.0541208340297126	0.835927713665134	0.2463951325299428	0.01755383711301621	0.019477351965222243	0.02652651973610532	0.10865104879770401	0.15862121687809067	0.007299681154020727	870.4998340491284	1000	2.9742617395298535e-05
0.2342001748552727	-0.26619299858881224	0.9382365078660928	3.062977493597663	1.136623351435416	0.2574835005809321	0.015737919289057864	0.01778907121454696	0.02662594291843632	0.1098432225698315	0.1795942149199913	0.007519922974297727	893.7133643546354	1000	7.014398533931736e-06
0.8335187926908221	-0.9578941823949491	1.0987369866973213	2.574556418492203	-0.8028233223479676	0.2490283555881298	0.3210039258455815	0.36681915074633575	0.0744937048886057	0.2565460908020954	0.2720581769185126	0.007149925668114575	882.3402579938295	1000	0.00031707644297992424
0.40270386702518235	-0.45014575194120576	1.0085109820706237	3.0290611927057047	0.004414121857321634	0.2516706290270029	0.026770937559213275	0.029771313388040094	0.02714037390734708	0.10935152481482603	0.10247480627337884	0.007390502686220833	830.1427621943643	1000	1.7443497112152251e-06
1.1281968648679934	-1.2332184195147515	1.1625046487832655	2.414191707326576	-0.9763360421222512	0.24700270895741197	0.16953143422194525	0.18732380958286493	0.03308319553888474	0.17006552811123715	0.07646513061952491	0.007403137755553663	823.9165566928068	1000	0.0068706865658968224
0.23635787087350862	-0.2757144267719577	0.9349911962687523	3.0680971987352477	1.0862346805876926	0.2604140309569664	0.1091522419917581	0.12719711581465726	0.0631269972041043	0.1106148932033569	1.2180155952494074	0.007630799303594579	887.8777164481837	1000	0.0005713527705889026
1.1288713733944555	-1.2868719386559269	1.169562511029845	2.4400882921199427	-0.9737485963974047	0.2555123898814504	0.21135330829315563	0.23399179035187545	0.03978726424016554	0.18163031487937423	0.09570536668797973	0.006750962308218867	844.279121698221	1000	0.007449736025947204
1.0330267746236306	-1.1465749201315734	1.1684182854077414	2.615734168617098	-0.9358803859272676	0.25025688158329557	0.14195775472321254	0.1624075096013157	0.034736747830582185	0.1465736198295196	0.08188341362610012	0.007306890527704641	832.6370848644452	1000	0.005763856241268187
0.2698987349956083	-0.3083303746934556	0.9342369442608345	2.989105038044516	0.7431555121265634	0.2516332562002896	0.018063964082880753	0.020515914458925248	0.0265539730370341	0.10868919613068882	0.15265008814963701	0.0074101709679738545	881.4765020256792	1000	2.6431835388570163e-05
0.8408068721122367	-0.9225921204069252	1.1359956151295634	2.787695920058762	-0.8172567559524603	0.2365383463557188	0.20900412709188734	0.22613313126185697	0.05280796424135585	0.19809692533660253	0.17486469206629157	0.007586877645299934	886.7991070387998	1000	0.0020854434110564425
0.4016103052319747	-0.4556959101141733	1.0029473328939562	2.9794121100529116	0.012075876421061853	0.25767143360080946	0.026636020795578332	0.03005732608404842	0.027125606525837263	0.10918305932758286	0.10254426446094803	0.007474875818095814	871.9732646173668	1000	1.8796117520115388e-05
1.181718880848362	-1.3354397422387372	1.169102939470027	2.365916992383896	-0.9969424978106748	0.2531986761620528	0.20922036110407136	0.2344969834777113	0.03741212818572669	0.2012716316466251	0.08604184962674914	0.00713408330128252	866.3754951810197	1000	0.015340499114250153
0.4061623016434128	-0.4461920621936525	1.012898938779815	3.0373288844590594	0.0023976348950335543	0.2522390081400027	0.02712257321743721	0.029664425959298895	0.027284324106649743	0.10990985630627373	0.1028177627468611	0.007474630618594105	799.4635377312247	1000	5.7748735130266126e-05
0.3995344325665658	-0.4485789838236534	0.9859653261058432	2.916301100770887	-0.004191916603717313	0.2481605714073837	0.026605514279883315	0.029711523077423602	0.027072260176558924	0.1087041878068175	0.1018382830533293	0.007420472502003008	920.6041376202204	1000	6.0897918352151394e-06
0.24372893369939405	-0.2830638650762001	0.937711627774824	2.9981484710188084	1.0474544803185908	0.2677330240864495	0.13606717592697223	0.15838951063178539	0.07528445720451725	0.10865701023010045	1.4507961985263778	0.007761964278220488	811.3304159130803	1000	0.00011695290931849843
0.4030937838958081	-0.45377730679058303	1.028651460033701	3.171825400684528	0.013023228270071761	0.2615828883618862	0.02698029712294491	0.0302146666216237	0.027537004933500562	0.11232176763404829	0.10416306020537826	0.007534451372527916	802.5392346241903	1000	0.00010620669677152236
0.7343586025559118	-0.8144294060860378	1.1073597608756864	2.835553735894869	-0.701080679574597	0.24753054739322933	0.04889562996948909	0.0539127994133361	0.02741335863224989	0.11270928151979824	0.05405813685171197	0.007358434143946633	864.6018619574096	1000	1.4798414724506515e-05
0.6800937203795772	-0.7715763264669997	1.058902617645979	2.6650178018553685	-0.6422051009795178	0.245437287988896	0.044873113753938834	0.05058836911766751	0.0269910619438066	0.1087870880859729	0.057128322666692266	0.00730126886257041	839.9204271681792	1000	2.261258548548087e-06
1.0242015939002853	-1.1854491344484521	1.1687020116250575	2.632781046795878	-0.9246233603386648	0.2649218151317582	0.20102039960843307	0.22831099525468518	0.04228020049748345	0.19722861746609763	0.11381691970544504	0.007267704976248083	834.0999568950967	1000	0.010378525326732422
1.036719813612816	-1.1641512198475954	1.1586140258258566	2.5407978778487954	-0.9295170123844818	0.25595414351664636	0.1640000320719347	0.18317360017976178	0.0437257487919365	0.10532963756250666	0.08866972034053888	0.00800275833417294	876.2268330401077	1000	0.0071954255286816385
0.2449385336834076	-0.2658298621411614	0.9394373463676915	3.0419818481805434	1.0333308870607958	0.24476274614584878	0.14481320460130429	0.15731993523880689	0.0779757263375138	0.11001849894001503	1.5305203351675543	0.007400706798106579	808.9824414927243	1000	0.00010166697470158939
0.4044939659106125	-0.45067661951835775	1.012666247700642	3.0301013912393366	0.00806651270262881	0.2576450992500285	0.027027305798364338	0.02996398455634192	0.027317015899297203	0.11010863575756943	0.10318489778907915	0.007523959914242369	824.701682156737	1000	2.6449443965988708e-05
0.4010266006926068	-0.45924223657748264	1.0055913006868848	2.986946512851295	0.0178211753301509	0.26014648703087745	0.02650643374925946	0.030180994927908922	0.027041588577679573	0.10877630334861975	0.10254125856754957	0.007491805540719493	901.8395766106898	1000	7.98986255017304e-06
1.0404332627705901	-1.168962780755367	1.1457013216984697	2.4670000027559063	-0.9396652266598827	0.24601765514120216	0.27061244283852437	0.29775023570094156	0.04928880551422966	0.2512312871329476	0.14488577615455336	0.007654792183956954	858.6089009400521	1000	0.002210008778966985
0.4029390143359684	-0.4456860824176192	0.9981828496717434	2.9609341947175767	-0.0038657669501746404	0.24604301649745433	0.02681338909570506	0.02951099046745895	0.027131499117479325	0.10883281316646909	0.10184746258208123	0.0073325699899645476	840.76052247968	1000	0.0001617674542819836
0.39597845114328734	-0.455197070112345	1.0188643639732284	3.1386246508332882	0.0065841996972600195	0.25184827647901453	0.02633887052151371	0.030083707844334655	0.02739599446376519	0.11089176093750543	0.1030074122130008	0.007406505608284147	971.4047515063096	1000	9.768799674265583e-05
0.24297157921877843	-0.27477911636522917	0.945224542519837	3.0749753968389566	1.052013212708763	0.2561957047140783	0.01626907242329268	0.018295676520964158	0.02654505463766411	0.10921498510562032	0.17332269209079773	0.007418030198076427	876.4659484171063	1000	8.215824814211213e-06
0.4039091585157432	-0.45518003022994136	0.992942437501413	2.9149967683299294	0.0124976768951796	0.26212870723794934	0.026873479719622447	0.0301259763142544	0.02705398852043543	0.10857692516991818	0.1027388791221065	0.007565218862928498	857.2151655338537	1000	1.8075871751349956e-05
0.4040635152930302	-0.4499768457498696	0.987630632175842	2.8976383062084348	0.0032054561880609017	0.2548656818664982	0.0268975140166176	0.029808988924064764	0.027008829703839082	0.10831181971222106	0.10219081876087587	0.007479808948675839	820.5541807581633	1000	1.2985019558988625e-05
0.404364005942057	-0.4430613265097221	1.0184874009001286	3.0969412733840165	-0.0047590342961168885	0.23945051951374477	0.026786660183531506	0.029206965419331692	0.027187394366243504	0.10981562411618709	0.10172494259130413	0.007205544385648573	855.7292649836054	1000	1.4112218526434441e-06
0.4019907154320248	-0.4551802749641978	1.0125632192851886	3.0541463796612627	0.012591003669670059	0.2595656764205502	0.02675940540643476	0.03013945025495415	0.027267695845597524	0.11027761501569926	0.1032107831661946	0.007547342705111316	885.3674479361714	1000	2.9143088422471797e-05
0.2434253909112857	-0.2654897073490448	0.9318932128149122	3.007893328060791	1.0373268781274534	0.23900638141227995	0.016245040035470344	0.017633816488758915	0.026381532139204276	0.10792287924643278	0.17172787947893914	0.0072209995605154315	925.8743057912309	1000	9.040060624127554e-06
0.395109788515503	-0.43962645896510893	0.9734376022280216	2.92445462886239	-0.027173249714415065	0.23481065690183092	0.02650240766387083	0.029329329759131665	0.027274464927293324	0.10997509402644214	0.10132053278872247	0.007236993247380166	833.8477681623832	1000	0.00016832728873788003
0.22902096748668957	-0.2527535224442419	0.9463637911336779	3.128638815623713	1.1870512593324696	0.24103181847958627	0.015395045673490319	0.016905800484038228	0.02666832501510855	0.11001309267414676	0.18324305837703747	0.007290769737190928	780.6753324703523	1000	7.037021476449485e-06
0.4021978376407766	-0.4480559742015824	0.9979166536874531	2.983078036892756	-0.0013061482333398978	0.2459620613003048	0.026642465513090952	0.029523147451066035	0.027130482121950954	0.1094565711327385	0.10166288277341316	0.007267562203210894	795.5081547931343	1000	0.00013431302756239562
0.23840413629318272	-0.2672082990325912	0.9545005776597744	3.172333781470277	1.0744040156940187	0.2443298738915373	0.01598644779976859	0.017818985258618174	0.026653025715642268	0.10993898718839093	0.1754154397745853	0.0072832333734494156	836.1560694450982	1000	6.42964400344116e-06
0.39532113732790375	-0.4484378078310636	0.9886438445135929	2.9871378319656774	-0.009789156741431155	0.24648068549467791	0.026458188386921714	0.029831350780965094	0.027328754540931203	0.11047797460859073	0.10229258212069488	0.007363129020667691	800.0738338976685	1000	5.170173555184381e-05
1.296671007749066	-1.4578953875479004	1.1756936977748795	2.293352733598043	-1.0549852370413682	0.24018505271596052	0.19867118525211003	0.2225151329381406	0.03277396139947005	0.202385113708618	0.06483326210497511	0.007165636154166756	805.7020643703461	1000	0.017936842816101795
0.24632709569450528	-0.2771395111155947	0.9556455587129925	3.1844032073594746	1.0079219589172768	0.2550943092886857	0.01660785476269904	0.01858289051447843	0.026872998184654384	0.11155906234117763	0.17202575633977837	0.007477135437104646	868.5737381256706	1000	1.1757922327488804e-05
0.398284231489199	-0.4541070417330268	1.0026385146254435	3.014778017868703	0.0055583655471640415	0.2498912729599359	0.026344830312685134	0.02985528949295327	0.027132864875516593	0.10917466881150675	0.10199665444672729	0.007370351769475291	928.2338774134189	1000	2.5642595619462178e-05
0.40437644399932166	-0.4442986656367393	1.0006607929636357	2.99783219722279	-0.0032110467149541817	0.24691430850865778	0.026939417282718852	0.029461050395611057	0.027130694819895138	0.10923250483877638	0.10217700678926975	0.0073060337990206335	870.7511468813551	1000	4.729664410165138e-05
0.23549129889107917	-0.2653092372157576	0.9290984620592909	3.0377624246137325	1.0889236463020457	0.2498587196579477	0.015898077004309372	0.01781303276858614	0.02669912160993479	0.10974624916165537	0.17729111313829274	0.007487367144332649	939.887968347244	1000	1.2442721835953303e-05
0.23641701216002134	-0.26106286407126794	0.9388328826599268	3.074702676392382	1.1147248232321052	0.24757648195448234	0.1480374106466388	0.16314941861970195	0.08245093229991621	0.10952010338721922	1.6687503031204134	0.007398229312067192	952.3640416010883	1000	6.800001822473925e-05
0.3995097206275498	-0.4425966680745775	1.0114362584573824	3.1012541183217586	-0.01184016691303763	0.24356328808604533	0.026844824881911575	0.029591077027504274	0.02755185401019077	0.11157741059105554	0.10284990167597682	0.007420459902505435	839.6615266544165	1000	5.5730154416930106e-05
0.400133015172084	-0.4493321016728578	1.004230628850152	3.0358078198642806	-0.0003853488457473609	0.2487356138079146	0.026633114175940834	0.029746033456617166	0.027143745803816677	0.10939802008193868	0.10236877225745286	0.007369754639003748	839.242507697965	1000	5.5130779096630494e-05
0.40056560510707956	-0.4466577701442361	0.9973469487281266	2.9617067313311543	-0.005252602420844566	0.24341634558206982	0.026591997951484442	0.029492810203700575	0.027212896550192538	0.10942110099513201	0.10151223121636926	0.0072929207547926195	832.0439270629043	1000	2.8193528012284977e-05
0.39286379168621216	-0.44240345043423257	0.9815021946415687	2.998718740833708	-0.023970716777197556	0.2380816486725354	0.026421436265573472	0.029580378445236064	0.027286728706843993	0.1103572590813643	0.10204742367111792	0.007287433897825254	941.0532824768321	1000	5.767333293179303e-06
0.7374949078628015	-0.8248190418562854	1.1153620548242835	2.8914901128888593	-0.7185352605891305	0.23852708281036106	0.37732336926593874	0.42229908082144374	0.100381543408246	0.28206293297808377	0.4198939949951196	0.007190563765918695	847.5559321352098	1000	0.00010242215265484606
0.8224334900645355	-0.9406375867413348	1.1230676315730632	2.7535555300813894	-0.8001142721899565	0.24954908166143341	0.14629722597292333	0.16416797964752747	0.039245034139946865	0.16233279773241382	0.12855455076916225	0.007298651862448623	910.2457897139182	1000	0.0002853470050040446
0.39654736667972	-0.4426373522021259	0.9923403749900532	2.9808696707791458	-0.017617499394881348	0.24254993138243813	0.026702413303763415	0.029646955555669662	0.027536068936709422	0.11117326818112988	0.10234981443402107	0.00743508421333423	786.2064974225402	1000	1.0458479688626467e-06
0.8575471550392779	-0.9335627817748957	1.148017663125658	2.812430511349637	-0.806210341447067	0.24786063755195295	0.2604213095904977	0.2841975660406803	0.058327754728305516	0.22512210695000637	0.2174789268816292	0.007449258681596498	910.6530958436753	1000	0.0008860870779713533
0.3993469798691614	-0.4534084206429309	0.9843514468516349	2.894766927690149	0.0030784849235204158	0.25727381875985167	0.026666585179623305	0.03010986029696037	0.027110676767004308	0.10892648109928187	0.10250501274523127	0.007574575500673255	863.3093171946425	1000	4.845654453405432e-05
0.4012764669162684	-0.45325634149895455	0.9908313769786626	2.883675279797894	0.006287900073657462	0.2518410695711782	0.02653228195632258	0.029805605423131744	0.026999180314868733	0.10800284544543996	0.1015374588202666	0.00744167950987246	875.6786858962623	1000	3.727439238602843e-05
0.39767219464124565	-0.4552500994068537	1.0156461166089383	3.1163033237844906	0.008114582155660608	0.25536771006831593	0.02648786624134616	0.03014309519809429	0.02737082740656409	0.11116731682216155	0.10320440661178464	0.007445095540809766	844.8201177416502	1000	6.570886417435918e-06
0.24521592273416787	-0.2683962937745127	0.9439233237694317	3.1346245085190354	0.9887536381627979	0.2409448374123131	0.016610954779824872	0.01809395467285797	0.026769780845359425	0.11047102654744688	0.1715699723818636	0.007288684526399938	833.342801866909	1000	1.1423711778251308e-05
0.2418701887049706	-0.2710567534096804	0.9233900470736613	3.0414608101778895	0.9941856115454362	0.24335115445366276	0.016334718913295247	0.018210180235195148	0.0267356834132165	0.11056975148169243	0.17122619972290234	0.007392192372961156	875.1474348230736	1000	5.7108649330497755e-06
0.4010305551186722	-0.44092252054783754	0.9911808577949993	2.976309027148916	-0.015687582206986742	0.24520817190802183	0.027021518870261524	0.0295647837398748	0.02737662928337091	0.11038541065814188	0.10256529037546248	0.007390941212172313	888.718890214325	1000	9.82564353903515e-06
0.9245200678777147	-1.0407978920077234	1.1226600768217292	2.5458328457726926	-0.8677668104434011	0.24903829363629756	0.1596850016034268	0.18088181239860981	0.03482296357162997	0.17937121426796587	0.1101950796060139	0.007796017383576926	904.0376426891225	1000	0.005763829965353053
0.40526631544887187	-0.4417816120784159	1.0157672501310295	3.0677666441419356	-0.005951410807600466	0.24783528911030228	0.02721096963042201	0.02953019881494591	0.02752823618991628	0.11144960646621273	0.1029543171932187	0.007429171309058332	922.9969804778691	1000	9.483829918622487e-05
0.39826699572446755	-0.44767658343928296	0.9885332428985939	2.9316415085371386	-0.007125262092461404	0.24040085949476878	0.026344597334026325	0.029443914031869328	0.026932532065218947	0.10767982824206117	0.1009753395432354	0.007233411407187635	890.543386124931	1000	0.00018688684194928287
0.24367891525355215	-0.2725231837235601	0.9683466068160397	3.2306491559154917	1.0655918958800237	0.2581398168752743	0.1349169148193953	0.15076047518444483	0.0744817042352322	0.10982609264196148	1.453466602303279	0.0077053843232754065	842.9601764790305	1000	0.00011835783475520419
0.4036250430480984	-0.4394467898641084	1.010948825167003	3.071408207202073	-0.013046100086210944	0.2405007046579593	0.0270180369818959	0.02928702015051374	0.02748658429199039	0.11153706632549913	0.10226961665649077	0.00729849864718426	859.5778952986502	1000	0.00013257181948065133
0.39800098823158897	-0.4544874831191162	0.9920608699387686	2.9606768206268845	0.004662738214263823	0.2577592101108893	0.02659184207025267	0.030193757893659818	0.027136321748214513	0.10898585632612529	0.10287670109970709	0.007559653028440306	794.8444680557433	1000	0.0001536155606060531
0.39437863683022545	-0.4560547401393771	1.0055408016994893	3.0829650444560213	0.0045236669977719675	0.2541805531786744	0.02629827557686877	0.03021425832042931	0.027432349266124804	0.11126565247960037	0.1030505909990485	0.007432699801905765	911.6140599048301	1000	8.754484978854088e-06
0.23945914853299646	-0.2643677242310893	0.9492788491555632	3.113124699259174	1.0864710423215627	0.24590384578189614	0.01606692763350844	0.017652721325020673	0.0265585875156979	0.10915453342741369	0.17615309538374704	0.007343864025179636	868.8422220331611	1000	8.690285596683347e-06
0.915765661956139	-1.0164563756017964	1.1435759448005756	2.664736690016745	-0.8658885481490587	0.2416134512026806	0.1970853427305886	0.21764445509106173	0.04676002189038874	0.1854146581009622	0.14046352503212514	0.007723171979263073	875.1463755221542	1000	0.006002392406275572
0.40321774089152995	-0.44421531504567374	1.006059949378489	3.0415596857854608	-0.005908011368527969	0.24531470311788245	0.026900459025025598	0.02948767126050362	0.02724306099390347	0.1101690826344809	0.10229279907785205	0.007308807121389419	816.077060794136	1000	0.00017897181171015159
0.253054695024822	-0.285252904246077	0.9369817610422698	3.018423597460143	0.9198304786374581	0.24609384456984373	0.016845680196571296	0.018882485834223008	0.026357784294668733	0.10803794263072837	0.16350403918584042	0.007254523770260648	832.0307689755648	1000	4.737198626066488e-05
0.236632217833335	-0.2671672765864862	0.9603366428296571	3.219300648984816	1.1175789771804474	0.25425904403502786	0.015924136662752025	0.017878631093241188	0.026817198361148258	0.11131203079603588	0.17903425005353377	0.007407495702901344	878.5779817160553	1000	9.656425261197368e-06
0.4054299051160074	-0.44760814663158965	0.9864570697151092	2.902167373904737	0.0005430984180453996	0.251520505119888	0.026933433070757216	0.029602111281875416	0.026855841475107896	0.10757448833975414	0.10186002693888489	0.007416691755838082	799.8369237742638	1000	4.898563226773002e-06
0.38839965452734676	-0.4607391362397493	0.9775702951400173	2.946502655657162	0.0023374329983645668	0.24919822542048778	0.02562030238681135	0.030173725976953215	0.02690858518029996	0.10826116297736166	0.10146988255811842	0.007321815795127719	828.4645154079274	1000	2.8134149113481967e-05
0.715244881916629	-0.8093351769680348	1.0843484087657802	2.763641396269211	-0.6951782908473817	0.2470576969836758	0.04777483947510123	0.053712757295010495	0.027496203437400557	0.11297693575940179	0.05454634621626764	0.007424791699053419	809.4441019277315	1000	2.059891015752897e-05
0.24957655128930178	-0.2835628796315277	0.9414440367027334	3.0992117510565302	0.9306134407810961	0.2523992844510996	0.01687677989569757	0.01906763943474843	0.026819977121858917	0.11090302353775125	0.16718544801102364	0.0074819902992582996	884.7698539486732	1000	9.846237190568193e-06
0.6618259421101662	-0.7211865582948989	1.0906878067889614	2.8878333363299427	-0.601229890452305	0.2456359511928439	0.04396725854882234	0.04767389392786685	0.027480665352255143	0.1113675701956981	0.06097994680027687	0.007329133952495764	841.1687803184575	1000	5.806660940760498e-06
0.2579820334284223	-0.29678598482043234	0.9550072937576689	3.1021913819801425	0.8987695134510771	0.26327289653166214	0.017267201184572957	0.019743598716557443	0.026639783905902718	0.1095356885574684	0.16310842771864253	0.007543610448394602	830.0619090823798	1000	2.8178156072893304e-05
1.092732592380442	-1.2088672154439553	1.1501498614519112	2.425186145559855	-0.9718278666096706	0.23514476470989837	0.1737763460136492	0.1844818411007903	0.04195337389129895	0.14779030800263737	0.08130489605511998	0.007332471181397406	818.7964490161569	1000	0.040767543046019386
0.40161346595208186	-0.4411943651102548	0.9863522533307499	2.924985354956201	-0.015315021421132245	0.23660966596788902	0.026662908581767276	0.02914709969133032	0.027035417476153744	0.10853540948329975	0.10087177104435284	0.00719470299980245	798.9773686780236	1000	8.051208238356802e-05
0.23397006327927378	-0.27009448965490496	0.9456328296591847	3.1233345292652097	1.1405356035472523	0.26640506911944656	0.01580448396128789	0.0181361813535452	0.026859906440220155	0.11132013708445304	0.1809475728032357	0.007666080961812846	826.8968688800451	1000	6.790556561787461e-05
0.2537031378073175	-0.2871687069902741	0.9421079459935778	3.063580100762458	0.9040662469930673	0.2522773898398981	0.017080334178608863	0.01922655909022175	0.02672858339285669	0.10998855464241097	0.16448833764821819	0.007486932501103741	916.4723245513665	1000	1.967926671377041e-05
1.0835441496204974	-1.2049295201049042	1.16405653810711	2.5486702163998847	-0.9747521069967152	0.23207132577997716	0.22082551002777762	0.24197564680578287	0.04132291078714389	0.20707386188558874	0.10783820200869777	0.006841394156392775	841.4955158736827	1000	0.006580412993486159
0.6409915092632043	-0.7319884444983437	1.0558314238955309	2.745608132493076	-0.5984839213859335	0.25056570654700344	0.042802740808998804	0.048548256983765935	0.027380701294415423	0.11033118804231942	0.06116334330653707	0.007444124368557988	878.7370824348505	1000	2.43119758930872e-05
0.2458058498789679	-0.26890433268710834	0.949169010039072	3.0512217991400425	1.0689153374842126	0.26138552986208696	0.01660578715089164	0.018090666489013505	0.026617966854255392	0.10936847130800922	0.17593270651382442	0.007567479308475652	823.251748808548	1000	1.0696442632150161e-05
0.39561546141078746	-0.449269717945785	0.9876029884788574	2.979767486466444	-0.007952161326422118	0.2451382155188035	0.02635378155859939	0.029756647547184996	0.027115120562737564	0.1092291696807007	0.10190769747593112	0.007335135527816991	833.1795002845779	1000	1.2519579413992041e-06
0.25016711186826246	-0.27911350436144994	0.9391009850298776	3.062165337758016	0.960047156313857	0.25350149278412454	0.01687770534005174	0.018737445965018775	0.026639597171706827	0.10980360096715952	0.1686445998911021	0.00746622824110209	895.6060490788843	1000	1.1902993889674976e-05
0.3994037870535387	-0.44339279580685875	1.012309168260187	3.0999783173987865	-0.010675624880255554	0.2409704277676829	0.0267023123322012	0.029485861125415916	0.027547226332519097	0.11170617281132218	0.10237378948504924	0.0072783088086685755	852.0427405013659	1000	4.243451853349155e-05
0.3967346036082948	-0.4480790089776843	0.9772729797214159	2.8592723164357494	-0.009615181854045793	0.24386899919292204	0.026401092492867526	0.02964788791166702	0.027177555419495975	0.10878697327914785	0.10121666121585972	0.007342514124370565	846.6608883571037	1000	7.985948076438418e-05
0.39779092886202433	-0.45686346775572906	0.9934029660469318	2.9774130347768275	0.0069146677646441945	0.2576210005414942	0.02646081334412429	0.030214490223331916	0.02714428761192478	0.109580052491254	0.10263181108996426	0.007507551041267239	797.4089143851253	1000	4.514369744139747e-05
1.0857986709245804	-1.2056525071428552	1.171763028122473	2.5464766719193945	-0.9584640750004099	0.24551453460176462	0.283223589130056	0.315645096772389	0.04792051898728745	0.26842478134162445	0.14123124779235127	0.0076357716279784335	826.0742218154215	1000	0.002430655824633809
0.39830022056862135	-0.45208111983512217	1.0265530990807288	3.1739220363105733	0.0048951664793923785	0.25272134540342406	0.026623730724089606	0.03004592707420984	0.027550848630778918	0.1118834327314087	0.10348914201239957	0.007451791101561327	835.6578091400543	1000	0.00014467104248031294
0.400163811521438	-0.4506453188066655	1.0075060175269528	3.0611771186836823	0.002145795802505364	0.2536885042911601	0.026750731962140964	0.02996187543883657	0.027260232530798383	0.11019707821723776	0.10307034004824114	0.007451971380946824	968.2745515814026	1000	1.8169905106446253e-06
0.39871399419514897	-0.4578250033702557	1.0074775644654599	3.0476880383069127	0.012799839384476545	0.26118315889450683	0.026570065755389755	0.030334212602296455	0.027312754617056925	0.11038733000689417	0.10334826994411025	0.007596185181838502	806.8098957212915	1000	2.9372649703358553e-06
0.8544687854495537	-0.9598724347134101	1.1188794110615132	2.6912524827872253	-0.833256189083657	0.23458721324519993	0.18778681594474042	0.21389533268266428	0.04540740521607353	0.20014646482448847	0.14800519272122792	0.006946911014497481	918.7378099244143	1000	0.00047017592281555523
0.39819841031832703	-0.4477461711207432	0.9924312240381516	2.9977567692352833	-0.007026372593752713	0.24881928287369393	0.026659922183480796	0.029816609788659784	0.027260082712901302	0.1100344246646498	0.1025381210106395	0.007482552050422425	871.0220458609455	1000	2.9985461602709365e-06
0.24212007086600354	-0.2833313116266021	0.948389181791528	3.0631565326170627	1.096600359569044	0.27366874470353203	0.07259774997859861	0.08540865879967893	0.045245468725266025	0.1097721774270253	0.7818498259542115	0.00740945535719839	808.7539230165308	1000	7.310199598573684e-05
0.23710406289878294	-0.2656956874363892	0.9267268875899429	3.0137598803371493	1.0747074383618436	0.24700689429646389	0.01595124796082239	0.017777027762381117	0.02660982655109166	0.10948612802368098	0.17565185918931644	0.007357093090964244	847.8678068344547	1000	3.956294572130528e-06
0.40053228624505904	-0.4502732551810016	0.9909587722916064	2.9479890291151674	0.0001549922937835505	0.2504990384528614	0.026633817581466303	0.02977558078480142	0.026978614839184383	0.1080380649269859	0.10205447416338463	0.007418717994013225	887.6846162877798	1000	5.5904279187043186e-05
0.4018588475496997	-0.45562157063958686	1.01353406502589	3.042051251072771	0.013807775095067766	0.25743284329163124	0.026647728666866394	0.030049092723267674	0.027228279996551884	0.10981126192817706	0.10279002304089671	0.007469525947142653	860.0276156897412	1000	0.00012493617288505143
0.3943232626870689	-0.44909156031004355	0.9911353442607082	3.0140218203882316	-0.00970296668514475	0.2393199525642335	0.026119885131482366	0.02956686170430392	0.026969109337061044	0.10861858326262158	0.10132542754434733	0.007238898050590885	870.1119668191905	1000	0.00010926314862057644
0.2495904675765772	-0.28230468334431696	0.9417810543971971	3.0941348421273873	0.9127329184112317	0.2424713151517198	0.10839277634798142	0.12246371351548486	0.06252663354638327	0.11136399062125793	1.0706566484054838	0.007269380410986168	865.0563507031178	1000	0.00022476149222781734
0.39897732895289434	-0.4474327506888295	0.9910781147422714	2.959643741751068	-0.006734209643336457	0.24546273067544594	0.02657607219565771	0.029636608069760977	0.027099392853094685	0.10899063913560142	0.1018394156284945	0.007272498921053432	895.5173346944553	1000	7.222641598775269e-07
0.8124767997628365	-0.9175672867468702	1.1141492665274506	2.6831413336498513	-0.7791492605521944	0.24748162690137435	0.16169532123855257	0.19097178756828134	0.04330783198733767	0.16860860018706542	0.14907642561311904	0.007177002738717804	817.7733205262506	1000	0.0004821925456528874
0.24739379309228923	-0.27505302475307064	0.9399146213176534	3.0283309558489777	1.0057352800518946	0.2569821417123166	0.01671174041994993	0.018487964335945708	0.026649158356985527	0.1094240952376007	0.17169834340623139	0.007533498686979622	881.1902209004134	1000	7.472189526317985e-06
0.2427458945718827	-0.2714920043167695	0.9598047061684999	3.1067929266616026	1.1177554132578682	0.26592471159216247	0.016253781291213586	0.018090223512044406	0.026566793964662105	0.10920959726029254	0.17761034376251558	0.007582159737573441	899.0397214834605	1000	1.502828120225733e-05
0.6412747791078458	-0.718556675320768	1.078811338635804	2.8668357229215764	-0.570476413165519	0.2580739705393416	0.04264925673359246	0.047524357333643685	0.027411761538773727	0.11073847827646656	0.06309792492600755	0.007492452506865794	817.5172303187674	1000	6.6410970859853e-05
0.24163917339695645	-0.27283732832069035	0.9369668820842126	3.079225033893611	1.0241773931774811	0.2516606120696085	0.01632352055147074	0.018329022128687464	0.026665959340952464	0.11002485345951322	0.1731949942450215	0.007401607237709563	869.1621423688948	1000	1.626667599222318e-05
0.39934377674399335	-0.44495778149259935	0.9984733008791037	2.997691093225196	-0.009471698238442504	0.24320896469498995	0.026658165590642283	0.02954403627221697	0.027332557222182217	0.11009969414582838	0.10197579378690166	0.007326591974888885	871.0211022504135	1000	5.655568430873149e-05
0.39212844624437443	-0.44259523903164294	0.9904837958803012	3.0522191224770117	-0.02365609894572346	0.23278436475384648	0.02621239835514754	0.02940535214340934	0.02736613806548912	0.1110519143593119	0.10156206648221668	0.007137520314195946	847.466580393317	1000	8.93479329999904e-05
0.40028295075341574	-0.4518390874609259	1.007464709014713	3.054966758493721	0.0033749220131766913	0.25081534344030065	0.02658853387751683	0.02984509854213065	0.027199184139066957	0.11000871916890662	0.10245012784149483	0.007339532914799041	802.2680945977753	1000	1.9858285959519768e-05
0.4001652690225744	-0.4459904309129902	1.0014611571818606	3.0201208775065798	-0.006738134314849978	0.24259845388392665	0.02660170268603216	0.0294887220709444	0.027174035735674455	0.10952670171291992	0.10180214671831297	0.007276415792224879	820.0439295515674	1000	7.168937744230323e-07
0.2594104445887176	-0.2887700828808269	0.9257765947546281	2.9833741222961683	0.8196104513368574	0.2441276789875055	0.017564479117249603	0.01944987191590682	0.026768992359595498	0.10971245575137721	0.15969710458370717	0.007405281524563566	876.1471327014954	1000	3.900101118346975e-06
0.2555281900435535	-0.2890401043224698	0.9285121513415366	2.9423212546830264	0.9129895173732748	0.252006460048278	0.016965725509632955	0.01908267131178166	0.02626124100471746	0.10694648656097788	0.16234145124946037	0.007390925893013629	809.124439840431	1000	7.938678539241587e-06
0.26561792253251154	-0.29988991900398665	0.9339564231504313	3.000285610776693	0.7740541151250704	0.24736226146491871	0.017856652207851927	0.020039552294868968	0.02665055204483427	0.10886509292512175	0.155442210906463	0.007409569678879144	864.4633158731563	1000	2.844272906886352e-05
0.23161563203269805	-0.2558526664666764	0.9464320879627744	3.1351224213908258	1.1775329938778523	0.2453291394411289	0.0991989499487221	0.1097151398593258	0.058596959889448005	0.11124281886640607	1.1599963276490655	0.007292187970445558	785.4543845714405	1000	0.0005722965593272143
0.3960119804782863	-0.45082679996131886	0.9739626625139012	2.8865053169194117	-0.00677493628239298	0.2523957097230008	0.02652933313669274	0.03002560236435746	0.027166330396581596	0.10935123810463492	0.10230343857191634	0.007486033596144657	858.3958578656705	1000	0.00015135577732318273
0.3988286977686059	-0.443069735890597	0.9952505733341677	3.00109366244694	-0.013948601847801336	0.24447746145691002	0.026807218142357713	0.029625583902187592	0.027451003452092743	0.1109421876191098	0.10247329103985474	0.007390486798386177	807.2976662484847	1000	5.9173278829210824e-08
1.092554117736106	-1.2597392080625247	1.1515679784809134	2.4385774680739054	-0.9714118409367534	0.2516797947372604	0.2234635244443054	0.24498306428033212	0.0404426676203869	0.21067132826018184	0.10329382977194128	0.007049101420589451	779.106445760563	1000	0.017447926841425404
0.39818849440048176	-0.4497212771918058	0.9987176345349887	2.9916025548566947	-0.002431914558618878	0.24925500574134096	0.02657403961482713	0.02984863953684084	0.027299542493841596	0.10991471854337927	0.10236199737016252	0.007423319518958473	820.6698927427485	1000	0.00012551574805051368
0.4000357387872951	-0.4420926258476526	0.9982751767417496	2.988043769391806	-0.01407547789547593	0.24027421887198214	0.026746336980099813	0.02940678260742486	0.027373135804741048	0.11045931570695375	0.10181965694901592	0.0073170231838344596	889.3394764485171	1000	9.501034436813622e-05
0.39712935184884063	-0.45410108401297133	0.981350112762244	2.8869071752284596	0.0012936766087259393	0.2538422014801465	0.026435782514614262	0.03005271594097597	0.027115161443259487	0.10902216718386046	0.10205453407718905	0.007481601891794965	794.1453195204202	1000	0.000104303660986578
0.5618996720960029	-0.6210387831802948	1.0610345285214409	2.9726160109443978	-0.4462420330195882	0.24579905122480022	0.03733655122678114	0.041050987757832114	0.0275534186386363	0.11104829079187543	0.07196480298521109	0.007332188225447055	867.1859481797534	1000	0.00013550869729076685
0.39845154847198255	-0.4471210655733664	0.9942241510301351	2.981473459461843	-0.007555293232459555	0.24979010121570783	0.026758074451001174	0.029864740501614084	0.027446585813643416	0.11097085406878504	0.10270245485294925	0.0074338661866700274	818.4320937247783	1000	9.84422521204931e-06
1.123031672022911	-1.2551225542211608	1.1685888545826921	2.4939700856817284	-0.9883825764226515	0.24442317160438293	0.217351994313904	0.2411863434986113	0.03944535486410214	0.21730471764135467	0.09715754192362147	0.007462783063430175	806.9544285627521	1000	0.009121676783852672
0.23397402773665515	-0.2660677511620072	0.946421394474895	3.1206655904651273	1.1460952177396087	0.2554544525930337	0.083831192017213	0.09287593987507753	0.052321482748707064	0.11285360561852141	0.9511446448003604	0.00758318148102474	810.8333333839613	1000	7.868082569195937e-05
0.41078685556518624	-0.4506804405551266	1.0258341655687289	3.0523096238530725	0.01729974012412345	0.25716776440169864	0.02718389317550625	0.02969391652994348	0.027059139242248953	0.10860199214347685	0.1027304381877752	0.00742974527564026	833.1651051708719	1000	0.00016425516659685272
1.271931005553307	-1.4644737920063933	1.1832826865944777	2.336178803252008	-1.0348901994291857	0.2609389869642249	0.22581528027883468	0.2576758274265747	0.03441739178730502	0.22455592229033056	0.08069533600946033	0.007141757442614883	845.4957542245694	1000	0.026052912265527806
0.4031166765705368	-0.4450588234273564	1.0096298691260879	3.0606514002694936	-0.004132001449876377	0.24400681765135693	0.02680788147653666	0.0294430234285673	0.02713107882949418	0.10945679258531571	0.1021128935505988	0.0072711928539533404	900.4663428572105	1000	0.00018837379820632597
0.40412143181506327	-0.4487505263230756	1.0072640831404298	3.0302312264098354	0.003477973925623049	0.2567823591118144	0.02708727697428979	0.029936483485711655	0.027261493944394883	0.10996762278492977	0.1033171553064345	0.0075381608776291424	894.914034906606	1000	3.9460042257398256e-05
0.4020363788129654	-0.45549853532680495	0.9920711244625956	2.9134534596931836	0.010792502339862389	0.2565284045226725	0.026595783665551535	0.02996760656190084	0.02689112788757474	0.1077368540671399	0.10201661298577658	0.0074614901807174006	849.177058888617	1000	0.0001239042442134268
0.23768997168727776	-0.2712118640187771	0.93525062970611	3.0127144703058506	1.1040578397715177	0.25844935037851713	0.01589376026680732	0.01803180715438321	0.026493589866946644	0.10872847625879159	0.17631903387783848	0.007511248276917867	879.6957317853761	1000	1.659561059388032e-05
0.2279898489382888	-0.2483095534630989	0.9541714488987234	3.187847511226087	1.2217235396348052	0.244908303370817	0.015443206935409437	0.016753412707431307	0.02683722700208936	0.11120631409928555	0.18718137282702396	0.0073726046229885215	910.3583768513533	1000	3.7092506724764162e-06
0.4000257995353278	-0.4513307830835833	0.9946545080299208	2.9523132902507636	0.0015995068050500417	0.24561290030901384	0.02637893658217954	0.029594497922669525	0.02699279779524732	0.10843747825848037	0.10125490820981226	0.007296635052966395	817.3416721977248	1000	3.01525889706127e-05
0.3958748249821692	-0.4440469131115445	0.974668602251095	2.9060803592381945	-0.018366954462479473	0.24399483589863508	0.026612916604002432	0.029690055968976344	0.027315669862304076	0.1099733930429702	0.10200293801142642	0.007470302666715271	869.6452481136541	1000	2.462309279898466e-05
0.2333364240318114	-0.26792818709751354	0.9454281716639561	3.1135070209460163	1.140420956647209	0.25384095417774044	0.09017458682205028	0.1035433283262559	0.05415885016746014	0.11459348057142284	1.0433313798897883	0.007197064330911799	827.4596133084555	1000	0.0003553601051315092
0.4018668735253566	-0.4511639220146587	1.0192334259618887	3.104674000422061	0.006238839981163437	0.2535365632513679	0.026790300946298952	0.029917776905803342	0.027367055654846265	0.11099501059809386	0.10310508389469705	0.007431128042001058	822.1193236001543	1000	7.280701499363094e-05
1.0411327729340678	-1.1639068618248634	1.1581027693803738	2.542152483182978	-0.942437251554329	0.2444282195020143	0.39447466225517974	0.4381796349158704	0.06657334229995393	0.3512485059372104	0.20918481477421502	0.007219037116757706	815.9916430389387	1000	0.0008208643795618766
0.24782293746162626	-0.2736996784227015	0.9381650444618693	3.087804293175854	0.9728119843758202	0.2506533182846609	0.016838174094770914	0.018505060090914238	0.02682805957209907	0.11092430874639604	0.17086497293961583	0.007470082045983852	828.1007393446525	1000	8.232304588519991e-06
0.4078995975266175	-0.4533287549456189	1.0048246177349645	2.9084817278510284	0.015793767947905584	0.26063506319811053	0.027059542262771533	0.029935487973272612	0.027200593090118685	0.10910106468991182	0.10246064630849111	0.007579144957595873	808.3727674743197	1000	6.653282200440657e-06
0.25632225715481005	-0.2921897508916301	0.9357677779055925	3.0701121141568244	0.837128011541477	0.24823555590152516	0.017347274245884697	0.0196556113322689	0.026804605112884978	0.11033803463181799	0.16101460289443256	0.007429674533341027	903.0954829039758	1000	2.634691019149931e-05
1.2997079173906163	-1.455334708340656	1.1654495569456527	2.20785651348481	-1.0418852284764455	0.24895337238153922	0.23924175239824844	0.272658227366507	0.034313027611200204	0.24001049516555648	0.07980115584034797	0.007193734832757909	848.8388797230878	1000	0.007670126964911532
0.39576277949268013	-0.46154796318338764	1.011960670736267	3.0625274566138403	0.016532450541985107	0.2637835494435894	0.02638627576767359	0.030574212414594168	0.027459088624438716	0.11095789662772537	0.10360614885598803	0.007636140557829532	855.9332622413865	1000	8.304599011634045e-05
0.9296061448752613	-1.0389218355709908	1.1303016402885924	2.6140012874254857	-0.8935163686358566	0.2324625669383187	0.20541458489770165	0.22800642764386825	0.05089706505047511	0.1870246935693669	0.1351261228874435	0.0069245402123703	826.3214043472688	1000	0.0007919682491667444
0.6955830437757157	-0.7896327359632349	1.091120376309216	2.8675500013304847	-0.6719619763446211	0.2516248430289896	0.046582206526302516	0.052553791974527066	0.027663356695486047	0.1140584761121531	0.05667538191078949	0.007485364721934172	810.8650441132411	1000	2.934814845747036e-06
0.39347372989347057	-0.4567060242528643	0.9753738329648021	2.8910733309932706	0.0006207762432228868	0.2481413293857946	0.025949994675306676	0.029920290261429557	0.026867386011820402	0.10788427246397206	0.10112930737103601	0.007349191295396157	839.2417839927771	1000	0.00015686382985256007
0.24936109931931	-0.2867712241784863	0.9457074927460245	3.1192237891192396	0.9470631018269012	0.25913564544684614	0.016832531656416405	0.019244634375160143	0.026715384501510262	0.1104383674181484	0.16797829881189882	0.007544356959106418	815.2405022206158	1000	8.607625829297238e-06
0.2545581086235913	-0.27838412825604975	0.9520566697505657	3.1539829889731474	0.9196636784410727	0.2510430313311041	0.10866235755595195	0.11870951442403482	0.061193116068152587	0.11061205037190788	1.0686490560966075	0.0073278539664081675	855.3179897724108	1000	0.00033345378411096447
0.4021597738153247	-0.4471297261331777	1.0037588297866336	3.041372871306529	-0.002326334491048229	0.2545296495343853	0.027039601425316653	0.029921001860715977	0.027358797145726012	0.110876520927017	0.10337766405662033	0.007542067088161495	878.5601008516036	1000	0.0001330590169609991
0.2391230445524216	-0.26121301958412924	0.9336154818844483	3.0425233673815515	1.0826621792032858	0.24485004408320213	0.016110980618125978	0.01751981300649043	0.02660463927867235	0.10954961656339054	0.176546125254515	0.007349331774426828	734.8541775690894	1000	4.9561568987196086e-05
0.40002720319112656	-0.4539612226887315	0.9986417166220084	3.013832424258946	0.00661285301406848	0.2583969175418102	0.026702612629620478	0.030138271746249234	0.027134654419801806	0.10948367404345308	0.10310040153407952	0.007529248600264584	926.0635502733123	1000	6.623995690007216e-06
0.4007102844833914	-0.44922738581855726	0.9923556016880347	2.946597558327325	-0.0012612135975542571	0.2508138800810799	0.026710189458662437	0.029783047479984566	0.027222641843498256	0.10959558254208063	0.10219185239712873	0.007395690609709399	880.1306788097013	1000	4.117511985870742e-05
0.8518739744476792	-0.965909603705161	1.1364258405502707	2.75760100608692	-0.8188758456409382	0.2486919183658693	0.20810866905915257	0.23192871118199376	0.05127483578896733	0.1901362772555952	0.1698967935796956	0.007237471123800635	761.0046605213538	1000	0.0038834030671219487
0.25636989019176704	-0.28669196081416326	0.9313903076655706	3.016791996251578	0.8657911951862681	0.24995299056392553	0.01736860527862133	0.019319787544895488	0.026657268071216756	0.10933676989817678	0.16294285733316344	0.007430910543258364	885.4089463420389	1000	2.8181533505798055e-05
1.2343024468864694	-1.405105051484576	1.166097725953239	2.297854223731157	-1.0275528395945432	0.24589810587781333	0.22400985030836548	0.26086762556106685	0.03800919592680571	0.20448889762757477	0.0810823298708268	0.007059406872840383	854.1699229290342	1000	0.008868454522849486
0.2760682239077074	-0.3060309409319579	0.9361332788870226	2.983560973794922	0.7056888119015482	0.24884292030251004	0.01860437570118675	0.020522508778355823	0.026599222559566312	0.10874894951666449	0.1512487170867186	0.007385701067702356	848.8664090890414	1000	8.423959850352929e-06
0.2468384528714496	-0.27081646844158486	0.9729757280587823	3.2743235201082417	1.0218804168243836	0.2554146725922911	0.07877420830671772	0.08624765371200062	0.04853933935775515	0.11517784847330183	0.8210618158724053	0.007145489267919247	876.497001557467	1000	0.00031441051319836384
0.39698859841164413	-0.46183427844523117	0.9718745327282042	2.811680821662895	0.013281720360283905	0.26060269870048836	0.026210532840959273	0.030298622604650657	0.026757774337862996	0.10687598519789387	0.10170366536148243	0.007526312149750095	838.9486881475732	1000	0.00014452357637628968
0.23952330821229256	-0.27448983940327126	0.9226249093380124	3.01341818176717	1.0014803986634049	0.2437368501436095	0.016087189743941237	0.018319148412533254	0.02657368066952375	0.10905062952548625	0.17050695377563793	0.007315962811270214	854.4802478394533	1000	1.4630044404548632e-05
0.394455736235119	-0.45663139033891825	0.9917935112184083	2.9776343890359986	0.003851899870734526	0.25356124379027517	0.02621964547765987	0.030154353847789382	0.027193488587878085	0.10969235288256643	0.1023476520135157	0.0074038601480994224	830.9259812281665	1000	2.7151272610497146e-05
0.8286498399532948	-0.9380784407840698	1.1276018972996105	2.7513875939884693	-0.8013164956795976	0.24717500933025147	0.40968743431196625	0.46304598062819585	0.09834558842592304	0.3017440812222117	0.36453841092515116	0.006936040864890027	785.3063378696745	1000	0.001689408613585663
0.2774136893767107	-0.3153916431266155	0.9409415142017222	2.995705194199869	0.6976248506737274	0.254186443104153	0.018555648757673033	0.02097759383323116	0.026625075690754434	0.10877857669055851	0.14944611096253752	0.007468178627919148	819.2767958523513	1000	5.770801711533135e-06
0.9756103216730461	-1.1210073007028247	1.1419450254422367	2.600383976398187	-0.9160392655977848	0.2509779695788718	0.2729485515042481	0.3138307866912795	0.04796152505107068	0.26591997841389065	0.16658345732853894	0.007118322583619319	832.2072108175065	1000	0.0014614308852739834
1.1136506366773902	-1.2520152382230245	1.1577393045921467	2.3949197620693146	-0.9663752144021823	0.25311131046053836	0.2221539006415746	0.2488302194903915	0.039537057436741484	0.21483916847569173	0.1047158988367959	0.007399209839359085	828.3067491324274	1000	0.00810945760366741
0.404093090037257	-0.44588327195284777	0.9937180035880305	2.931979978000687	-0.0032820084947390513	0.24448312950064396	0.026760447812298065	0.029381514612921832	0.027036623581558117	0.1085506358323873	0.1013208540899446	0.007282735616023016	828.7374530108191	1000	8.488280815232404e-05
0.4026382271570129	-0.4441745901951324	1.0164768368757022	3.0986125871349377	-0.004946585248364752	0.2472570897898736	0.026982076695749365	0.02962464501766554	0.02746667748976103	0.11125800362894989	0.10294470595834435	0.007381780445437224	814.0843830445058	1000	1.9758769113444732e-05
0.7368259014872813	-0.8358423205650822	1.1061676863896115	2.8030336068528148	-0.6953375833256781	0.25789004276081035	0.048799464539659304	0.055004493884277486	0.027285450178437993	0.11169718087478973	0.05398486648579186	0.0075084265695873065	873.3904853643573	1000	8.045523107946984e-06
0.39642792063252547	-0.45181081833004905	0.9939385609448349	3.0114719571854627	-0.00219966544508246	0.24724587709967027	0.026318610143032217	0.02981415409237473	0.027150106511847048	0.10989146476532295	0.1020041070951033	0.007335521874290423	993.1775639728166	1000	0.00017615124279376186
0.40096215613040176	-0.4526696097682348	1.0117637769672145	3.0507136974927187	0.007346753002587545	0.2577028659723386	0.02681795940782921	0.030113570446532914	0.02734343935839405	0.11036054036335259	0.10334160977466353	0.00750092284852325	843.554386937672	1000	6.60436838265267e-05
0.23621371356958587	-0.26589879614990636	0.9524374625898727	3.1504997913612556	1.1385505550114847	0.25513028434035584	0.015818804764547747	0.017709866794498354	0.026643329579873948	0.11005526721642142	0.17932734215943305	0.007402523820695811	892.583110447599	1000	7.382312675870126e-06
0.4019388050099719	-0.45253260359493497	1.0003068158690924	2.963545405865571	0.006283643874569349	0.2564512140112032	0.026791350684043994	0.030003706049622946	0.02724530333002919	0.1096509807950111	0.1026561422293921	0.007518247967497311	863.6286677938401	1000	4.708357070656964e-06
1.1540190477024477	-1.324559753194299	1.1768192038053986	2.463280666846935	-0.9914412117165969	0.2565940355267327	0.17396075852408974	0.20202160846538547	0.03249971551271123	0.19624836085045502	0.07727355928168496	0.007100064125690076	914.2060303304618	1000	0.007683880224940237
0.4004300119261598	-0.4498141891583914	1.0047339625295104	3.0126919240231254	0.0005806384967139672	0.25410093421126706	0.026827426734441943	0.029981707855501853	0.02741187617694527	0.11092766443851472	0.10301103368133072	0.007523697783051292	838.1477949847515	1000	9.121304163481361e-05
0.39773441674225524	-0.4474515622256184	1.004364660967747	3.074533992772952	-0.006881733578079047	0.25043415237642136	0.02676019034854977	0.02994479356483725	0.027483879480387226	0.11168689702327456	0.10327158533255924	0.007466390351380294	858.0314648159942	1000	9.866731647770446e-05
0.39846357737908555	-0.4551284304588985	1.002471376639035	3.0163621836438	0.0070975415448520755	0.2544701845575668	0.026463104942549918	0.030049299649571332	0.02729620549105998	0.11044484545784757	0.10254596036755971	0.007450749147270015	870.0781943285476	1000	8.735740742953391e-05
0.39521938431041137	-0.44662553106681824	0.9982219902384114	3.0220378333866558	-0.011819079487887185	0.23522555093423547	0.02615832413074193	0.029381347951300023	0.02718854268339505	0.10959024225403755	0.10104754681324135	0.007147252271203264	910.5121290940922	1000	1.4310878527272845e-05
0.2575493562818754	-0.2869670958360627	0.9283308227826039	2.9831042255724594	0.8619106930471537	0.24573419667344898	0.017309777961624768	0.019186607024360078	0.0265126676097278	0.1085604243398748	0.16125547744937152	0.007372106849781476	766.4010328459946	1000	1.4627011926431187e-05
0.40109823034112224	-0.4471797360644292	1.0089543074015739	3.038459277529379	-0.0025336592986921094	0.24474579567617274	0.026652186650867323	0.029560017532844672	0.027212060508396484	0.10972486403984454	0.10201665148602802	0.007320057508623946	878.4349345053979	1000	6.319945884313813e-06
0.3995853285894336	-0.4432736720563823	0.9984091057609907	3.0106285385840144	-0.012468777018614282	0.2410852226063651	0.026696336046149186	0.029457339467546178	0.0273118860639776	0.1101107575892798	0.10194504140006111	0.007305738853555267	874.2212916277791	1000	2.7616179714050866e-05
0.4010197806678346	-0.4532283172783833	1.0030536793310623	3.004085278566756	0.007014419091693963	0.25390337320670453	0.026620035938241703	0.029914906964081084	0.0270989967588972	0.10920539346474219	0.10242801391475106	0.007386776929101465	878.9755364201783	1000	2.55162345510248e-05
0.24259156063529067	-0.26907940389834706	0.9325891382415078	3.0281985973063588	1.0192446498506187	0.24060360947914072	0.016236950257684516	0.017918345539351656	0.02650185814118707	0.10874606798802075	0.1711094783319424	0.007259934642146983	887.6476334708295	1000	1.2813423902004094e-05
0.39018056261632683	-0.4535110099598499	0.9807388592792012	2.953594932695739	-0.007993172468547492	0.24539905154735378	0.02596478051577899	0.02997911085320458	0.0272558594553533	0.1101490418219316	0.10172963761256	0.007343304599673334	860.907149442646	1000	8.15149422911876e-05
0.3980608059207875	-0.4538946348128857	1.0096734169324977	3.035040860606477	0.006051445700195275	0.2516046104791961	0.02643493264803165	0.029959864874783235	0.027339341169723478	0.11008623866298452	0.10242939864742898	0.007411084673647776	866.7044100138223	1000	0.00017263707711852628
0.4044997695123927	-0.4539657385403973	1.0085432950623052	3.0001461431470813	0.013290798489278034	0.25851287333223943	0.026842422089338815	0.029979409382336508	0.02718435048204929	0.10955401084575989	0.10273411952756104	0.007532797365459326	850.6456074895877	1000	3.589899875917349e-05
1.0721944170107816	-1.198492832207743	1.1485297715199392	2.4481513358226734	-0.9525566306087002	0.25377179636873654	0.19681372770819092	0.21916028648766434	0.039193590194801516	0.19699027016997445	0.10009797194910951	0.007228571954726419	773.6535531804311	1000	0.03871740985994951
0.7411243606194089	-0.8366700652668008	1.0995419602597254	2.762470899409382	-0.7044561620026505	0.25174395759779833	0.049008002421038414	0.054967741751393524	0.027198369668691037	0.11139228556188134	0.05317425008086008	0.007374643610974648	862.4230386842006	1000	1.03384620165232e-05
0.39831879100428275	-0.4532120899314065	0.9794852929427713	2.8935586351043807	0.0009347259189968007	0.25132550984468194	0.026409266746462816	0.029870372692625696	0.026891298925825306	0.10785436166615972	0.10167491465866806	0.0073804392630898216	820.5221637993959	1000	6.081196014016017e-05
0.4006253176506228	-0.45295162556277674	1.0050233642241204	3.0154693219706576	0.0067331012697868595	0.2535518776910266	0.02661685711759841	0.02992577886895555	0.027181464774778674	0.10928367096628783	0.10251892713818009	0.007444683523899091	875.6528996327313	1000	0.0001386040299000398
0.3980576056283688	-0.44846692318445264	0.9760411241446473	2.83767348532614	-0.007865778772534185	0.23682912863642025	0.02613137999085886	0.029268486642442568	0.02686417302543636	0.10728472826369435	0.09985771259980443	0.007156446383737141	822.9115189803144	1000	2.9190305225414934e-07
0.23946646754867343	-0.27428964609053325	0.9473638833972442	3.1527311324704597	1.0371864881778878	0.2465749346200396	0.01602972713315113	0.018246628035131864	0.026569209585009163	0.10958326497237178	0.17261636340222866	0.007281718918306991	932.2922183038332	1000	3.898529703567171e-05
0.4030293873148826	-0.4462449052010209	0.9873203588851082	2.9159480951489467	-0.004516011853591695	0.25179910396221594	0.026982329238363183	0.02973445346849742	0.027164741715537014	0.10925575438972981	0.1023831355428374	0.007485473464553654	858.186419267284	1000	4.5802620948975915e-07
0.8517957882615611	-0.9690633519713672	1.127149454450962	2.7188990406631866	-0.8170800217635701	0.25093675915094243	0.21809044029536884	0.2504099466296437	0.05667575141184616	0.19496111153885798	0.17908635330454223	0.007608683254202106	921.8595026397104	1000	0.0006025348219361413
0.40070596554839844	-0.4538878205468954	0.9926217103832243	2.948444107181255	0.006902448633977387	0.2543483359246138	0.026561315231061977	0.029920182652121596	0.02690817984109546	0.10786289938525544	0.10213793547848546	0.007440515556036375	910.1364633067099	1000	0.00011186844015910099
0.4026506955669532	-0.4494105881449438	1.015835772826419	3.0812546856344576	0.0042365892893624895	0.25396478750195534	0.02691765725437646	0.029888915725147788	0.027344959485774256	0.11051633227766318	0.10318968380634046	0.0074206691149242545	862.8231568247826	1000	0.0001435676927522311
0.2540635937114997	-0.2856301744244775	0.9304203929273619	3.021493322067346	0.8732104234352147	0.24080060169706877	0.017032463206826096	0.01904184752171492	0.026634817596520158	0.10942378131302347	0.16173149419263963	0.0072436903363284995	850.6979113625279	1000	1.8822479815846594e-05
0.9324229973336688	-1.047239272467419	1.1576585164345436	2.7342168715917143	-0.8728783752410957	0.2529259098657499	0.225757656252763	0.25377902666399044	0.04994848964527233	0.2095797103757709	0.1574074979662148	0.007448660654425142	935.9165543404731	1000	0.003265622669233758
0.4003278273859507	-0.443733191649015	1.009441120650848	3.0880802842851653	-0.009392605993214682	0.25221106977534413	0.02712968484232206	0.029925584315219897	0.02774120086363985	0.11275099608765743	0.10388172500655331	0.007573659363262599	844.4639875319037	1000	1.345766633995808e-06
0.4037308879683674	-0.45133294254737394	1.012884536232328	3.033662976736437	0.008424538685352227	0.25550557649609307	0.026884475863140748	0.029908928216542684	0.02723745681196488	0.10982269407967062	0.10287062706689876	0.007482777622690681	888.3724219259051	1000	5.556505950689011e-05
0.3990745891213378	-0.4400200893662806	1.0102021415636155	3.0936248208198864	-0.01678857672745313	0.23785441831140705	0.026767508275836117	0.029368387046868272	0.027535123193313676	0.11149013224436279	0.10231278554672991	0.007274785579847448	900.1376544699003	1000	0.00014573607279563995
0.2607176030475606	-0.2922958248268956	0.9682959786559462	3.230219491844057	0.8523513232752911	0.25170239828067875	0.017615900068065037	0.01964958201813135	0.027029686264432366	0.11222728358007082	0.16212920240091003	0.00742365099669913	804.3049363100752	1000	3.244654245209905e-05
0.40452715451817034	-0.4573452769560874	0.9844743269402036	2.819615049556464	0.016064889926084982	0.25790772104009413	0.02658723584283318	0.029904927831764135	0.02678352443274784	0.10688928225355122	0.10133742212337145	0.00753074407237241	890.271387686313	1000	1.892404380150216e-05
0.24206515175021348	-0.27212114101527124	0.9475453998001548	3.098488220333575	1.062266173566325	0.25898529445692986	0.016334421648801153	0.018268884649296782	0.02665201186719623	0.10946699860758152	0.17547571564047032	0.007565957711307194	856.0275702309693	1000	1.926818862973333e-05
0.6893587965455691	-0.7964997132107693	1.0999568483513082	2.8681797552661585	-0.6525244423156407	0.25379133844660456	0.25543305280673606	0.295570022825253	0.07615172163825369	0.18944289649320326	0.3268349468175569	0.007032592076924306	867.9509333459396	1000	0.00012462505497752842
0.40364350934767984	-0.45128549659835965	0.9847639930498567	2.8770390183808754	0.004423226301971112	0.252977277196407	0.026733891989066293	0.02974427001110579	0.026826498218780925	0.10744511128751619	0.10167857752574354	0.007409500369641148	808.4883872668584	1000	5.718078746929534e-05
0.911103900882106	-0.9970517871055071	1.1581716498186654	2.763523941618866	-0.856421812092079	0.2405306649699558	0.11050334355823921	0.12206197658706712	0.0273373400314571	0.15365676744792497	0.08413967404056522	0.007363303190546732	832.5543845370797	1000	0.00402241945188054
0.4020931215708655	-0.44786303051106474	1.0088119140570022	3.027259038734079	0.0016891551808731029	0.2520040993533809	0.026881898066457677	0.029793836643036645	0.02737765511137787	0.11043735477598271	0.10287225076243012	0.007496508241132882	826.9215306675724	1000	6.296845746008634e-05
0.24651206019994068	-0.282490115998198	0.9567209311023911	3.1995947771244326	0.9865099668514216	0.25830904737248456	0.09699205065895512	0.11085616576695159	0.05684935923136796	0.11113914585977926	0.9983089139540289	0.007409949239526263	894.3683036957465	1000	0.0004958801977051951
0.39715938648794263	-0.43855710844486984	0.9877720818575074	2.9729205118114783	-0.02443590351002662	0.2350998536170355	0.026666556299532285	0.029287642525516	0.027392580119396184	0.11031303429642259	0.10162506993896474	0.007204153171214602	825.4583945219381	1000	0.00010463093867574752
0.40332137877400903	-0.448031929188901	0.9951756145817342	2.953508667662596	-0.00012848783915756233	0.25329959954175313	0.026952585673563283	0.02979798628314209	0.027166332892095562	0.10931144058721262	0.10255272601398013	0.0074970859598165905	865.5290032994232	1000	4.763480879084572e-07
0.3965974444702822	-0.4454943439956609	0.9949530232956559	3.045386392061565	-0.012538284873885046	0.24474078951924827	0.02660657787192507	0.029716654287981564	0.027300126330281532	0.1104070735426882	0.10257766434751153	0.007335400414719587	857.0685045921247	1000	5.08691357994745e-05
0.4062592340393572	-0.44153695014421523	0.998805815187828	2.9432380459712904	-0.0072252595806517215	0.2402396998944513	0.026924998947252202	0.029129163677541647	0.026942735420563167	0.10767636635734829	0.10114266005055839	0.007227633107376039	929.0969740270289	1000	5.152847514480867e-05
0.9519265924549778	-1.0694907956484478	1.1523767984495057	2.637877910127308	-0.8811020307538908	0.24706014827038836	0.21947743354101482	0.24720694394619838	0.04780919713424159	0.2153962018348411	0.1436130607264775	0.007414210487168554	857.2651043092208	1000	0.002691427970399032
0.3999740987092946	-0.4439988783902138	1.0002505884744899	3.02157677312897	-0.010641843379507118	0.24278384676681022	0.02672259733272848	0.029508961135232225	0.027322357527119416	0.11039099014474048	0.10210474665223038	0.00732240907427556	880.6464307806943	1000	8.935328844791217e-05
0.23488663002587337	-0.26701293566143997	0.9219731307264711	2.967744532315182	1.106862037248835	0.25403406168492587	0.015770735686876324	0.0178256856631639	0.026548817379791187	0.1090470296534316	0.17722246561697036	0.00748674276562775	836.1548109762203	1000	7.2765912809042065e-06
0.23000496522929978	-0.25941696767046746	0.9505992263404789	3.2080733751313035	1.1544892579626644	0.2503878145116637	0.10316441388106566	0.11644741753427061	0.060762086446605024	0.11145488052362283	1.2140530182494653	0.007369082248130229	839.5349152807144	1000	0.0003936850060838655
0.2493285112148145	-0.28007308533444064	0.9263157679218597	2.9569829788873068	0.9584274478511109	0.24813317036592225	0.016643387320206794	0.018594609159000113	0.02641082584705775	0.10792813514727494	0.16634039251013133	0.0073841635494035305	880.4114591030968	1000	2.0255055441869345e-05
0.2371375552804887	-0.25893912384214546	0.9562468803956603	3.195221471966079	1.1156191332112477	0.24375632143536435	0.14094077056295792	0.1572702416614056	0.07896511995027652	0.11284941833293517	1.6021010715846418	0.007342277651036907	808.2409898666749	1000	0.00017674582394151545
0.39904136542585245	-0.44874172273141943	1.001759517147949	3.010543337016657	-0.002035465382349451	0.24874433487138697	0.026631549453587748	0.029782465386920042	0.02731406831292917	0.11014946901438386	0.10244280580858635	0.007405450005020401	875.727698239908	1000	2.1978326603348426e-05
0.236688472340688	-0.2706879191884988	0.9504117385000154	3.1215571790375902	1.1204857119998286	0.25844762062288223	0.09498513479732716	0.10794046654342655	0.05471857018058603	0.10883293141990251	1.0859816029107314	0.00731403497968535	830.0825346259193	1000	0.0011711074438264222
0.4021187285199643	-0.44163130712907	1.0130072642714172	3.0975741947479767	-0.010355353848877006	0.24478115336342637	0.02701824362436112	0.029530735035168294	0.027518277434615265	0.11155326751310525	0.10290692325367111	0.007359480514044717	825.4187257537981	1000	3.6501359213801555e-05
0.39894936136939774	-0.4472375108272323	0.9834440658726129	2.9270734279004036	-0.008251726347405935	0.246400135882599	0.02660127830887203	0.029658970908320294	0.027118994420441786	0.10923123535245817	0.1018027150449283	0.007357177185870066	856.1005305787318	1000	5.313127818349041e-05
0.40237081023604787	-0.4498395197828466	1.009712350166357	3.0582811688854927	0.0037110534150381026	0.2531451051974664	0.026836913542931034	0.02985064296713103	0.027232675330886403	0.10989778650987726	0.10290076396989607	0.007467643351559824	883.3446837051588	1000	2.3233807623446776e-05
0.263626806056704	-0.29035596047012613	0.9199855203077782	2.894625952074494	0.8168594482964577	0.2496488772637613	0.01779628575391327	0.019512084184878244	0.026529660440093843	0.10830194892427768	0.1587043360898368	0.007463426970026565	799.0130010220491	1000	3.561139543005767e-05
0.401677258202365	-0.4452561128854683	0.997309336206543	2.992904116839876	-0.00675904504785412	0.2426890106154919	0.026673054614736243	0.029412621541311437	0.02711770070069471	0.10936652314081272	0.10162635171022899	0.007250024115662361	915.433450154954	1000	4.0990831766571186e-05
0.792579137648029	-0.8881125331604994	1.1216813519545519	2.7922646318079387	-0.7656515662656269	0.2500217585950569	0.19936335812200962	0.2242788489426163	0.05429913784893353	0.17854500445110252	0.19155614721564004	0.007405874619229609	814.1809084805982	1000	0.0030244238965060556
0.2812000266044262	-0.32191448130402645	0.9442645051830699	3.03619257900625	0.6435657547519142	0.254415989796794	0.01892703273242336	0.021541091806081644	0.026779466609614614	0.10976159960081525	0.14702777421072538	0.0075046633349608195	797.8774464909545	1000	4.940561026851677e-05
0.40033140435206727	-0.44840273736225594	1.000088583449575	2.9731554792462678	-0.002147996034157107	0.24667328303996258	0.026615686853476407	0.029654891896815805	0.02720156190912564	0.10933412872974974	0.10188610022676585	0.007373150537706518	834.2809592885889	1000	2.5350297836422642e-05
0.3979128722845663	-0.45265463402759865	1.008230460932262	3.0344078671055685	0.003438161529927821	0.25216355227204024	0.026525775238525437	0.02999248056216649	0.02747975525798027	0.11093950894737595	0.10268454696799934	0.007429211082681343	948.6195453227397	1000	8.660914418045719e-05
0.2383513171030719	-0.26465536594454153	0.9253807080547408	2.96583178419808	1.0791845895227947	0.24530593917252225	0.015953515967285666	0.017626754777254575	0.02643678623992148	0.10810717340498988	0.17484912462872798	0.0073652225642338144	884.0605449446373	1000	2.0687134098535502e-05
0.4011777277005256	-0.46138588852268114	1.0017700958024436	2.952050637141438	0.02111844403732951	0.26118055417140623	0.026412471252982718	0.03020204273975541	0.027075492672749966	0.10916477596894013	0.10224184312396806	0.007501635824983155	887.9212477666263	1000	9.461693722433434e-05
0.3961972093887489	-0.4555077124779732	0.9807820658727697	2.9187974558974483	0.0023410310178009273	0.25113468514930876	0.02621209540715518	0.02995010192690176	0.02695552365237449	0.10856235037984684	0.10165580794435917	0.007383699007137665	884.557069333395	1000	0.00019681401041447998
0.22510033989573205	-0.25032950132183496	0.9348233426616632	3.0958855474696496	1.221246339215754	0.24638469634315657	0.14411858255997964	0.1606949207309143	0.08111550288988884	0.1129914623834684	1.7809974718611192	0.007357830070507899	879.0950754079231	1000	6.0519463463386586e-05
0.4009773980081139	-0.445001659684957	1.001050855173044	3.0151969155123224	-0.00653975448433324	0.2456891329384159	0.026784391358255274	0.029572719539808074	0.0272248237289195	0.10980060272003371	0.10230670144206531	0.0073509920691684875	906.0540185118759	1000	1.7199970352123488e-05
0.23578098383241833	-0.2625638623676243	0.9497595934933998	3.149980000407895	1.1056264057315017	0.2432681588358357	0.015826066553612423	0.017528032382834974	0.02667154084598497	0.11003107207473783	0.17762423777162	0.007272433589510205	829.1901972325272	1000	9.923872469719929e-06
0.26809802143037115	-0.30031643721549905	0.9299379987109461	2.9790716638666446	0.7445376407628347	0.2412476913993341	0.01797803251210658	0.02002630476263552	0.026607436378745127	0.10881844170333412	0.1530864720472534	0.007283975366165521	855.168256807423	1000	7.81211142834782e-06
0.39201338684139914	-0.4515430545154133	0.9945203231362849	3.0406569180014187	-0.0076583464758579085	0.2451285185261896	0.02614863293784829	0.02992038371319092	0.027309547583552307	0.11070377081002726	0.1022387291361348	0.0072875920318286125	838.0742667486462	1000	0.00013965785380445545
0.4005207122113489	-0.4554116860972508	0.9900970841655882	2.9182167114916933	0.008749915179427204	0.2539756046236824	0.02645364819085975	0.029904095327931018	0.026959840886839705	0.10823342823064423	0.10176592976395776	0.007416403391984148	919.0764732536398	1000	1.1149549992520864e-05
0.24248758507313584	-0.27000256613074397	0.921687455440438	2.9755248785220787	1.0166184447429063	0.24708737259627084	0.10834441136065871	0.12056274860994785	0.06203647815747	0.11151005631244977	1.147949128626261	0.007649283688743408	775.1500011626852	1000	0.0001582337635638882
0.8411851324959784	-0.949629485448512	1.1322423944648428	2.7463434875369166	-0.8003572699792236	0.25022097767123	0.25174545501586865	0.28151382630009153	0.059900355264512664	0.2100834667681018	0.2143718250288178	0.007223640553652865	781.7508130140777	1000	0.0005900834112580981
0.39067186379825225	-0.4567353197549217	0.9822335541597459	2.951502603271117	-0.0013244324941285683	0.2520538672502204	0.026045889393555895	0.03023964692008572	0.027163423446137466	0.1092261516718081	0.10230388195336328	0.0074415400727825	854.0119987103187	1000	2.2060790864802062e-05
0.7420828975947924	-0.8579466567564833	1.0965401470439997	2.7494257500171275	-0.7297609012931302	0.24295845947036568	0.28614414561572227	0.33034083573168205	0.07731751802934175	0.224665312894448	0.3079704457084013	0.007677528864473113	876.4571737805086	1000	0.00014756307357938526
0.4036786588754528	-0.4528160159115605	1.0023687341068608	2.9883971050826448	0.009350865375073814	0.25565260575525006	0.02677184636703909	0.02987795442301861	0.026985625724063995	0.10862907523764773	0.10243914143479005	0.007430129906586553	825.2530785119816	1000	7.3752738389655325e-06
0.40048176968763105	-0.4553420515585011	0.9989850932036393	2.9409704128759206	0.010117212623727813	0.25083398654082323	0.026351214969996702	0.029789601801405333	0.02695291759837409	0.1079849871457173	0.10143912960477326	0.007346226281798019	877.8137208392707	1000	0.00012595253032424475
0.23880473706489225	-0.2723474477344191	0.9404933681560154	3.0601258916849083	1.098468645694459	0.2606885432641786	0.09587892498454459	0.10972119618754844	0.055853921942158366	0.10904165499982318	1.0775199676485512	0.007684210637913072	852.028174612915	1000	0.0004235534550298288
0.40148841632430204	-0.45376952123066294	0.9960955421700463	2.969334271351931	0.0067430154630650435	0.26174553275484896	0.026893171245545713	0.03024061792017948	0.02726257202257488	0.11006614735795986	0.1033012107609413	0.007647695228427669	833.3855734635281	1000	2.1839348426083753e-05
0.40174925006655743	-0.4530455895399957	1.0142929122237545	3.046276715477016	0.009318516624017278	0.254200706031523	0.026685953823744217	0.029927201463976826	0.02715822845946669	0.10912334932735572	0.10267885140829938	0.007427434559878663	808.9467423212769	1000	7.973180797926365e-05
0.40261720153326597	-0.46193942556168544	0.9833674963385076	2.8211254329609883	0.021560148761442823	0.26227376791747214	0.026433426542985743	0.030151771906376607	0.02668981621021334	0.10653857183434717	0.1015716483952609	0.007469923855046375	870.3516053966503	1000	0.0001387884685831499
0.23713408443528494	-0.2664970323169801	0.9686025326382852	3.2948224267634485	1.1074765892256444	0.24989587258371085	0.17803471197947396	0.20041329923397908	0.10068854718286861	0.10927540511753943	1.9902034119596166	0.0071547750944053684	868.7330066357266	1000	0.0001511940034469275
0.8135392708624338	-0.9308825304638163	1.117497184523743	2.7184130746417687	-0.7837906629353816	0.2501445381700266	0.3803652724062242	0.4359926348682196	0.0900034600656155	0.293987923078081	0.3494840378672347	0.007043883628340526	800.2924852834914	1000	0.0004424419945086352
0.2576912551983472	-0.2860427034047117	0.9575573649389366	3.1758220216577286	0.8811248318707263	0.2536559369185826	0.017521670270205958	0.019361587590881156	0.027031521663701843	0.11218738954110224	0.1650448565287311	0.007548029382365059	898.7075929150939	1000	2.8883583200525617e-05
0.3992561577272325	-0.4605949970125207	0.989215175617245	2.891770022223438	0.016368470006507766	0.2589773475723043	0.026301184006147702	0.030162790505051097	0.026815096074064976	0.10715689847411172	0.10184324169760473	0.007520715121820316	860.1294343332825	1000	2.4240500163312353e-05
0.24515597061567995	-0.27393964118881936	0.9447676251846878	3.091127154739689	1.0152919572807744	0.25051664296174253	0.01647300884523641	0.018310615342476393	0.026608980602967163	0.10960909544912106	0.17164260406466986	0.007394449039809922	814.0531702159019	1000	2.0120126671320213e-05
0.3985933623185651	-0.4554119145322288	0.9904922723704529	2.9113299192214153	0.006929095045719963	0.2555205963187695	0.02646912233874691	0.030063970655972806	0.02709417566866027	0.10850012831787356	0.10214293204825796	0.00747513117345679	867.8846607427074	1000	0.00012329643610780556
0.4049366649072458	-0.4494709598621019	1.0071773401676585	3.009241767402743	0.005681724038693199	0.2518275025538172	0.0268679652570345	0.029677069932232524	0.027092130102073286	0.10910910747304188	0.1022982304160551	0.007395149257195171	866.069642925964	1000	5.32759630944277e-06
0.25195235335843386	-0.2842807152393219	0.9337351764083804	3.0703634221893465	0.8829033913686373	0.2410460370645913	0.016961249076232643	0.019025189117359342	0.026641208775427003	0.10952330500251066	0.16323171091020008	0.00726997921377999	868.7752973618242	1000	1.7307078427083515e-05
0.24747629885470274	-0.2882685827466419	0.9406262177270248	3.015085530437317	1.0055262691108013	0.26494309201074345	0.016444034057485495	0.019035432167706885	0.026407225537389938	0.10827257897547723	0.1686430193298432	0.007552929162020676	928.5754185231231	1000	1.3686974224601137e-05
0.24051851786623826	-0.2678306834818167	0.9229858296583776	2.944456019167177	1.064506310602506	0.25371147074541917	0.016200531572959084	0.01795269839368785	0.026581599628364923	0.10881164725499086	0.17491062320869927	0.007534646898898047	804.3363115886041	1000	7.240811494964172e-06
0.9150570296578681	-1.0212209615248178	1.1561078287659918	2.713556460499568	-0.8569598972066356	0.24607881126896294	0.26835137637314427	0.30050892817082975	0.05885135067390813	0.2367098669486584	0.1930158065427418	0.007132885515183892	921.8871866668474	1000	0.006764949667192637
1.0638843649912968	-1.175737754560655	1.1814427033414896	2.6862792693736495	-0.9709675401139715	0.2306055131007176	0.21325424266063212	0.22982993051026238	0.04025195084641067	0.22239320793503872	0.10611696975454549	0.0067370885655898514	882.9878554522384	1000	0.007234032790345073
0.3964097534725819	-0.44965547099991515	0.9788742102807361	2.909805832579816	-0.00743877493273174	0.2453414993549494	0.026342575454648406	0.029709282607446003	0.02698579261063439	0.10851621041678741	0.1014654768961503	0.007328215193673693	867.1206755763478	1000	1.3113467593298608e-06
0.39671732466817816	-0.4597399233008201	1.0043471280872582	3.037441720584815	0.013312629700332588	0.2597539692845301	0.026348916699878978	0.030344338206271537	0.027112212691223707	0.1094784348451664	0.1030030894315069	0.00749415013596329	800.931945407785	1000	1.6852563210288862e-05
0.40156257348517016	-0.447568766038363	1.0002770106510033	2.9760964608002354	-0.0021528248745113342	0.2487434267382925	0.02677736030733511	0.029688207622658242	0.027214872852458598	0.10935090827656291	0.1022100487601868	0.007397065648051947	836.1706669797808	1000	2.5785747966399783e-05
0.24702499126617183	-0.28158493756434083	0.9566963249412037	3.1995397644115755	0.963449697064954	0.24842127987362092	0.01660441996379945	0.018815528123148278	0.02681117038069446	0.1110218641833365	0.16858704673994104	0.0073444762877518475	825.1336068767637	1000	1.3066641884907046e-05
0.3995049424345871	-0.448412506088031	1.0240921128669451	3.1421391457527976	-0.00016577580429742906	0.2468663615338854	0.026652724623192934	0.029748044938014605	0.02748559773736176	0.11119117894662729	0.1028440022004776	0.007342513018838775	826.4937089727894	1000	0.0001623709929811923
0.2510336418907084	-0.28735564568857624	0.9305067420534622	3.003419140082873	0.934889690479993	0.2586557536186029	0.01688328652300178	0.01921379949279619	0.026595520182174637	0.1092965565522693	0.16619700097375334	0.007508257562255624	894.0877037606483	1000	6.719751076090767e-06
0.2512911587503075	-0.28021086225411795	0.964235242731763	3.176298299507156	0.9852734248619918	0.25630674334151554	0.016884348853862894	0.018733005195015903	0.026757622592042413	0.11066872497096764	0.16978264255565362	0.007437488655049016	837.6525001806008	1000	1.7519581682826356e-05
0.4033241567913743	-0.4611982220946448	1.0153091887128112	3.015659291094705	0.02533868048277144	0.2692883457605794	0.026810731565009873	0.030492495692653936	0.027252343356845097	0.10990578638456514	0.10364003954811167	0.0076789458307256675	823.2122663857998	1000	5.213886645147836e-05
0.8968778084541101	-0.9946840858576347	1.1411126557037994	2.701644180542639	-0.8414224401642402	0.2510648369202424	0.22457422367888577	0.24802560496874176	0.05115702558225324	0.2029840635998747	0.16919828633006426	0.007730929473261538	854.012172812295	1000	0.0036816207412286167
0.40302290556582415	-0.4493715623551404	1.0108196686287363	3.047722961704273	0.0038321910313651383	0.2511161327067435	0.02680710299273329	0.029736382636168054	0.027196369246720944	0.10970206708597424	0.10255358139470613	0.007388686935042741	841.4301855827591	1000	1.581168552181409e-05
0.26914268609488406	-0.29224438731328206	0.9430006756287829	3.05400588810099	0.7569122255168423	0.2390427569379447	0.018202992801670804	0.019672498815583177	0.026876741727968074	0.11061362769863672	0.15550353639756367	0.007254386996919708	866.7411363442498	1000	9.63067047706892e-06
0.6805609630753393	-0.7910738297588599	1.1033248949872096	2.964818099228404	-0.6528195750895055	0.2572985741851178	0.04532964092698985	0.05231177895943423	0.027627002387176098	0.11370288204849753	0.057904010888043395	0.007491984372212859	894.3871936512073	1000	3.739780546691705e-06
0.3960819472987291	-0.4439791286644973	0.9781911533170914	2.898828708585862	-0.017725044707800643	0.23662123869611265	0.026349519550384674	0.029366196435121707	0.02715584862093424	0.10901874847286484	0.10086835490262265	0.0072140365679356335	912.7495295732804	1000	8.742983887085652e-06
0.41015900619648354	-0.45337292859928435	1.0130028969911968	2.978138364978919	0.019184021071176515	0.2631008413204016	0.027214739449032216	0.029953417875099822	0.027053307705605094	0.10867684938998927	0.10295466206126513	0.007573327987131554	842.6223370723133	1000	5.246485160340085e-06
0.25366838299509803	-0.28031660962690585	0.9376679220315457	3.0673719630283243	0.9094996220046901	0.2514519253937331	0.017254038043809806	0.01897754844835701	0.026842106446508696	0.11068128847519636	0.16674220500057962	0.007546673295575769	822.6503295276289	1000	5.234184375991418e-05
0.3967961525328696	-0.4502532287626854	0.9849279040536865	2.9196926068818527	-0.005198821354800146	0.23788162552792796	0.0260491356763863	0.029369246059086127	0.02680071487841201	0.10724607112384277	0.10030217397650733	0.007105640571976827	949.628210158886	1000	1.4219995287432887e-06
0.3985436548515461	-0.4432259479211875	1.020534153704609	3.162881518119699	-0.010836230545204011	0.24603986126266475	0.026905813036069193	0.02976247226199497	0.027802377168885194	0.11314461508667067	0.10355746289142308	0.007393518444374605	876.471056692438	1000	7.26587706988602e-05
0.40070996498588857	-0.44906996335094496	0.9955592637730386	2.964129345035038	-0.0013493087080649817	0.25409894985062725	0.026855092468528945	0.029941119880567607	0.027381573370316336	0.11052629448809202	0.10280713314499292	0.007526807726435171	796.7779965717708	1000	5.0480716010783824e-05
0.4007909748394826	-0.4444991524567303	0.9910802475362823	2.9344738443399487	-0.00948982598800196	0.2436266703342594	0.026730395854075953	0.02949842420514735	0.02712676319042502	0.1087528586841363	0.10168170235797944	0.007344833027368282	817.7162217362486	1000	4.029268999554806e-05
0.23896230632355805	-0.2677705890031697	0.9519079400810159	3.114981730686353	1.0881537943883437	0.2530739632539963	0.016094081735013567	0.017939884236318492	0.02678325720407616	0.11008579896362455	0.17683990324969898	0.007503619662956124	790.4520165485649	1000	1.6956964390544858e-05
0.9028754780214149	-1.0193749213464987	1.1463117394777487	2.6926243882603274	-0.8396487582750819	0.25596501075775857	0.24606971523308363	0.2767717954813581	0.056068557499803204	0.2113146514068103	0.18356056523763345	0.007446635143001613	839.8237892407028	1000	0.002966146358636647
0.40176864656014816	-0.44632539926870973	1.0124931412441132	3.0900304625560215	-0.0028772833279447343	0.24969226628862537	0.026912017982628985	0.02974503046580602	0.02741053684375184	0.11109991853224678	0.1030420619336703	0.007442570590085	860.8051164807969	1000	1.4579352559539822e-06
0.2602216614897081	-0.28861274322199526	0.9360638897447666	2.97449816303073	0.8837647529178755	0.25439915759673265	0.01744150632258463	0.01925188282380836	0.026525660681026582	0.10857057489220713	0.1621057986863337	0.0074800561055948685	857.4931518780284	1000	2.0123586719974197e-05
0.4010228718252765	-0.4556748975952137	1.0395502467530044	3.2272023111146346	0.01568862951925409	0.25928976581789126	0.02675212917264863	0.03023081841168068	0.027480748376478004	0.11161516168181448	0.10407049987074851	0.007487424706089431	886.8474698637322	1000	0.00019185402792947705
1.0176799990177954	-1.179197210199048	1.1533317855091574	2.5604479152179946	-0.9298642466488201	0.25368676882334273	0.17099670249203375	0.19932779234029852	0.03815052921908387	0.17728361949640145	0.09722142787261155	0.007495133758179869	722.7981358305085	1000	0.00978063844585109
0.24708810925985542	-0.2872535244314692	0.953083710747162	3.16997532577533	0.9647565927125346	0.25485178747527726	0.016537247506119054	0.019103977032202752	0.02665337113300784	0.11004005457086252	0.16779489827581467	0.007462503288519587	846.9731836763488	1000	4.029947333436378e-05
0.2623397380549503	-0.29761073169075697	0.9439771080633803	3.061049844368463	0.8176846073505563	0.2530204167581581	0.01767101077652912	0.01993336279414237	0.026873736871864437	0.11059431104892634	0.1588152331505333	0.0074883533980367465	837.0791658678813	1000	0.0001520432058370412
0.4032347910687435	-0.4481917784902856	1.004182636281679	2.998726031613437	0.0005639645969571748	0.24765791772136556	0.026750961709032704	0.02958495481232803	0.027100268442138916	0.10920225856999903	0.101933675994627	0.007336692516256128	879.8502378258809	1000	9.765889637541622e-06
1.1369355953116165	-1.2832485794395612	1.1490180525841105	2.3246445330232293	-0.9747623416876411	0.25085804617529744	0.1833958186186895	0.20508715177470135	0.0353467391496341	0.17972208964582956	0.0828515833098364	0.007502530441795802	895.2666647603353	1000	0.016982307499091992
0.2372954083652572	-0.2664194285559297	0.9331729105357156	3.0656155330349684	1.0711275600636678	0.24979719528079097	0.11485963229780856	0.12903777979884934	0.0648299959920466	0.10494550407834802	1.2726825200060417	0.00755783054744529	792.3072469622139	1000	0.0001958046819177774
1.0764445720257738	-1.2266410547966327	1.1413904232871022	2.3797421773363596	-0.9622169369203533	0.24351565481779794	0.16079653142387249	0.1847132236057713	0.034887111451264226	0.17452457575655284	0.07968891262664099	0.007344526496788943	809.455513392042	1000	0.01188105814541621
0.40113673141290396	-0.44891426549753893	0.9827779543234676	2.898026080546493	-0.002966030845504615	0.24541720186458924	0.026521582156958583	0.02951499656542831	0.026922930351211793	0.108106445789271	0.10113627322709186	0.007234219216264953	804.5395196826911	1000	0.00015082794128198795
0.4014445036885159	-0.4560353306344868	1.021259603877258	3.10576204721461	0.01467386615722769	0.26065115256991284	0.026752615407606144	0.030223980291700578	0.027381724094657885	0.11082518834757926	0.10356852305942518	0.007565433012820571	755.3961492230856	1000	4.391928766336014e-05
0.2415189729159776	-0.26430301584281946	0.9497528383896532	3.1309073835309573	1.0752829649026647	0.2481680807597993	0.14070339366690007	0.1540146927238032	0.07854879719903238	0.1102330487718392	1.5300232723650466	0.007291364936799266	847.3732075962821	1000	7.165986523054301e-05
0.39714002071457033	-0.443391117189468	0.9803947862283678	2.894055335376648	-0.017178851103886537	0.23760879907887453	0.026456383477402846	0.029371921910082508	0.027135430422046296	0.10869170269362619	0.10099191134608311	0.007264721209947793	864.1739046855733	1000	2.5580728356463445e-05
0.9006803312957853	-1.0279630618374405	1.1131434228586266	2.5657864627333584	-0.8698964051359721	0.24136569293713878	0.20201550520953612	0.23384566602792006	0.045810121845521454	0.20444084363823495	0.1450996975003428	0.007134617255320611	929.8606762048892	1000	0.002586996668476591
0.3987258419599181	-0.45035837600880735	0.9634957075958908	2.7923907051899706	-0.005632914305737287	0.2469029510501378	0.026396544212824887	0.02965022909095739	0.02672733141011571	0.10681361543040223	0.10082572289896992	0.007364034542556862	868.2183475923557	1000	0.0001582641468820544
1.1991656388613035	-1.3560823574408283	1.1616589112505893	2.329580764438133	-1.0072468008168414	0.25451415312728753	0.22644301853404344	0.25578512197548287	0.029566998294552827	0.24500259752403777	0.0906428281166935	0.007298577248465532	833.444144543614	1000	0.00463090363186088
0.40275958556473074	-0.44941098136414337	0.9809648722969829	2.8574097944236883	-0.00013561136766705034	0.24843411023198134	0.02664210889146376	0.029579926901590815	0.026752016662413388	0.1067263924000246	0.10120517489785327	0.007384128647466954	881.2681998138569	1000	1.7782753761539723e-05
1.1076862196769075	-1.2215522792858262	1.1694955402025147	2.4896141226085895	-0.9671661933799981	0.24122843155271706	0.22847915040359934	0.24935538179165087	0.041562052420088896	0.22095369882714697	0.10903390806211069	0.007301079784018415	883.7632007316413	1000	0.005487836733345552
0.2438900142439807	-0.2631707486817955	0.932801708376386	3.063012530875828	0.990714413552354	0.23183352623315723	0.16054741656053448	0.17250922772195426	0.08927551569534704	0.11308754881926818	1.6600216313926504	0.007222476787927001	870.4932596069784	1000	0.00022188727939174635
0.39602794100007643	-0.44763373543331797	1.0201912477672397	3.166395769911512	-0.00637963435207577	0.23987889709812757	0.02633501633340571	0.02958848266363705	0.027534683357970394	0.1117935508779221	0.10226086478812298	0.00724871695412904	868.9048436064475	1000	3.3141449324061167e-05
0.39989648011095374	-0.45586590308996244	1.0020013525373404	3.0098061317064246	0.01009340044544918	0.25673304473867425	0.02653495987523219	0.03007974140523405	0.02709907751633775	0.10921313711362245	0.102630292233221	0.00750080112974226	899.5862721309941	1000	1.232246035615726e-05
0.9126522465034628	-1.0441413690638575	1.1363696462165978	2.635806301525505	-0.8631520185945056	0.25321331120645224	0.18061285479492065	0.20366669938030887	0.043131565883132814	0.1739492013861584	0.12768826548209603	0.007214832948255718	930.2317800087417	1000	0.001620255022325583
0.2322749092567211	-0.25865447193229696	0.9371141158528149	3.0628951338671624	1.1500408491938563	0.2495371262202021	0.015673512701319843	0.017363054619807392	0.026650473197721625	0.1095832198316724	0.18128668380507018	0.007424603487556392	898.1780220604234	1000	4.870852548711846e-06
0.2494248708974423	-0.282387825683474	0.9539112926691132	3.1592182495868912	0.9560683004290632	0.2542532124159196	0.057981698956132345	0.06283104255428308	0.0400768003518777	0.11105482335099873	0.5752556168539306	0.007361328892454064	807.6590243199494	1000	0.0002246634560768126
0.3963900233247582	-0.44767954610288824	0.9792168969991125	2.909290055755179	-0.010827868058813635	0.24026657527986556	0.026276429525731015	0.029497473293683758	0.026934635875731985	0.10790802137061098	0.10097885191719821	0.007204245750177261	860.1746807347371	1000	2.3480825952004506e-05
0.40408977700281706	-0.44392496321990615	1.0200787440639714	3.110626815279487	-0.0031088920578480226	0.2460066187986859	0.02699064415618824	0.029508375450874837	0.027395059828500237	0.11070207800280688	0.10272674036440838	0.0073339681212292165	878.9237285723283	1000	0.00011815748686286517
0.40066354076794725	-0.4458041319807547	0.9924818084350622	2.975179886356341	-0.007400534823859377	0.2519130622364993	0.026963806633644907	0.029855667557780536	0.027232955957859045	0.10976470524822605	0.10294468712837841	0.0074934741983342604	738.5568335920227	1000	4.6513407003750974e-05
0.4040422273967882	-0.4437502608748247	1.0077229408170076	3.0097635163783623	-0.004179027935008378	0.2421873753717151	0.02681496602189354	0.02930687948745596	0.02718950707100865	0.10929012011993575	0.10167039632318361	0.0072589848548283995	903.581752484673	1000	1.793393678182977e-05
0.4014419246015955	-0.45423488862590156	0.9966782631643563	2.950465701750274	0.009151854975369933	0.25764022673463116	0.026692424276837667	0.030036217922600184	0.027065089726533268	0.10866824036205064	0.10255663925865408	0.007513391584286818	807.8208005067088	1000	6.655990262060787e-06
0.39808670214973896	-0.4494255359960936	1.018291709545803	3.122518660554747	-0.0011257068421254958	0.24873002223005436	0.026618899027471058	0.029877058056242002	0.027524458740756732	0.11161613096737748	0.1030138977300732	0.0073815041231897315	932.7802767881736	1000	8.827439957600266e-07
0.7714899183577998	-0.897915081663324	1.110183171192052	2.7637345088927456	-0.7475503941897984	0.255393112960912	0.32490762509803656	0.37574389755180154	0.0830169327576816	0.24887783390937374	0.32584374631957597	0.007235575379343575	832.4468783585878	1000	0.00015868829062774708
0.24647064058695675	-0.2703871222112496	0.9361170530655637	3.0392097798478432	1.002736618904122	0.24754813363926462	0.1694397164870943	0.1855102378458678	0.09153315278167687	0.11250236769823803	1.7522990136295908	0.00755508125131099	897.3377427582138	1000	0.00012805735626948944
0.26583996108004404	-0.31156138909473785	0.9513243013376473	3.092526467590868	0.7856691024539024	0.268246093872982	0.01797228778004791	0.020930240839457336	0.026854387014336484	0.11048701106164005	0.1572405437532268	0.007747377628195241	837.4607572182814	1000	2.6666164725351244e-05
0.23611231010195827	-0.2656179666727523	0.942737123093003	3.090993471392024	1.1156966779772157	0.24846130122620727	0.015765824541433063	0.01763875749407145	0.0266156439422818	0.10992928967303	0.17714959277954775	0.007330159139434921	808.2127858022111	1000	1.145088608742348e-05
0.25860612066840255	-0.2892871952350823	0.9491185730484947	3.1194106180695274	0.850767627892213	0.2496862656618068	0.017523935260916258	0.019505075012679198	0.026857653126021345	0.11079847825141874	0.1622563201561515	0.007446214829897377	846.5293855554349	1000	2.5508657776951824e-05
0.8081322964105553	-0.9250935927612944	1.1276317806655822	2.802580217450358	-0.7915244597160918	0.2444608156002545	0.17154353567063146	0.19481995112512462	0.048729947957209	0.16247175848206252	0.1557396379379317	0.006992589277489397	840.4139971317838	1000	0.004693504696843675
0.39930588019410773	-0.45865502674694436	1.007306259003497	3.021282238220983	0.014818339826943793	0.26017249468157116	0.026505980530868552	0.03026372934818198	0.027185209166568036	0.10973595163733679	0.10293512209395436	0.007508867278338537	867.8921259597932	1000	2.8872989849173755e-05
0.3935601628073318	-0.4496926502128437	0.9978270604871579	3.0554816627345587	-0.008351297473406117	0.24441853284745574	0.026272616290349663	0.029836216435387003	0.02725079537598057	0.11018473000040645	0.1023162508991826	0.007320794302383817	789.609705585119	1000	1.5136512802435243e-07
0.4013785477054563	-0.447195624410832	0.9970238779850584	3.0079839279091853	-0.0030806218810433177	0.2519107064029833	0.02688637983435936	0.02980591767015345	0.02719247736612882	0.1097127474468883	0.10284063379696759	0.007435827401504868	831.9115162396354	1000	9.315414395408177e-06
0.3968764339791662	-0.45552825099514727	0.9866650097964303	2.9370220616754126	0.0039642855008009265	0.25440074313446265	0.026360785121431068	0.03007707986563757	0.02702850274212782	0.10881781239085007	0.10217449621885648	0.0074615162798794925	858.0430971713299	1000	0.00011675940236437244
0.2318924200548511	-0.2566839871777367	0.945709468943333	3.157834195048577	1.1517390477024945	0.24585443720335481	0.08722053953494857	0.09488643257841275	0.05325562639698151	0.11225673838479859	1.012309022814237	0.007387328703235994	885.5994458660128	1000	0.0003817136393941268
0.39532677781585135	-0.4539194283783754	0.9723524780693058	2.904661950232169	-0.002577294924633685	0.2559896461715759	0.026448730801880718	0.030183273580233896	0.026953421582834865	0.10859603438608757	0.10253943295430705	0.007458826256434266	775.6547163980129	1000	0.0001901349221384097
0.234055542436275	-0.2593114333291694	0.9224037168296488	2.978810538307089	1.124218769390562	0.24727503075116317	0.1330928242772178	0.14735281865925992	0.07517074182680879	0.11064008767054662	1.5015044507594877	0.007447263847562603	825.0120930664604	1000	0.0002968449753721174
0.39959626075114274	-0.45446764431617614	0.9897582676785012	2.9432838469681895	0.005899139412989034	0.2576628206579465	0.02662170930954722	0.030107342396476656	0.027094434015763724	0.10926941267735313	0.10261327623500346	0.0074852764291603825	882.6259479273825	1000	3.192719515176371e-05
0.9143162932888986	-1.0465559514226317	1.1193798695638766	2.572383954007521	-0.8705099817032115	0.25013692390605974	0.24450423848424954	0.27882728980638116	0.05109687884838379	0.22862005297277424	0.17051266767474613	0.007076286127814836	865.0614125236161	1000	0.0004034757600595672
0.23509460069638669	-0.2552692207404182	0.9653424756989814	3.1968061394593743	1.1693645135127622	0.2462889712553002	0.015807880732467524	0.01709303880624815	0.026704741929064232	0.11009402710804529	0.18224096614129484	0.007378377213275082	874.9073291231833	1000	8.540975382049549e-06
0.8938666051932749	-1.0080384403330713	1.1381396928647398	2.6672887577697058	-0.84094630521518	0.25112975463763115	0.20959207755911377	0.24118613816479792	0.048082879432193554	0.20105209810141722	0.15713549010249483	0.007276009544590219	873.2860033615648	1000	0.0026337820236154
0.40519918319548376	-0.45254537920660215	1.0202419752363319	3.074129127981785	0.01294071758808656	0.25920436932273705	0.027002239598086186	0.030006998562118137	0.027296607967464137	0.11020884241342933	0.10334651151195402	0.007501084161164122	836.4986588743847	1000	1.544871237734106e-05
0.7173498440268294	-0.8191312431534318	1.096535535437871	2.815729402943733	-0.6829852765505031	0.2504646893322673	0.04719492703756643	0.05352542802991605	0.027118921573439946	0.1109414052885939	0.05459318986638292	0.007294855716766402	877.991772165472	1000	3.543994323158352e-05
0.7917036224826662	-0.9039819914981398	1.1174378728345806	2.749375377053354	-0.7582974819942038	0.254087068471484	0.2965536016671725	0.3385734561652873	0.07818364454206626	0.23272634269596681	0.2811125778399125	0.007285954517176196	827.2872990661218	1000	0.0001264436589305482
0.23301640703230014	-0.2681742376138849	0.9541996941186938	3.160997599992621	1.1562512676679864	0.2639844097736735	0.015719220669303063	0.017986189788784215	0.026803564274044636	0.11082579063193419	0.18180282396963313	0.007619997035626193	867.1968541350576	1000	2.6073564595833135e-05
0.9717351727664731	-1.0997847745390767	1.1411894021829012	2.5706274718853215	-0.8967776695680538	0.2564610608631919	0.14283386872201695	0.16016428595706403	0.031354120877393706	0.16852239406490543	0.09184862557458556	0.007216433243403708	818.9733260310518	1000	0.002297610119719354
0.9193371031756669	-1.0242777912325933	1.1318472536854507	2.6123154741692773	-0.8641402550203084	0.23897033008346039	0.19734923316519776	0.21817568379775926	0.046495437190144005	0.19585130186095706	0.13372059704569877	0.007103780686854146	922.6488246756539	1000	0.002516861071877292
0.9623276482360652	-1.0845043051192345	1.1432396649424703	2.5958499642827664	-0.8899812414559247	0.2530085104407763	0.2563570722101653	0.28244271582790115	0.05026063708008963	0.23517711983692302	0.16381002418172844	0.007178866213277263	842.7751709655041	1000	0.0014606590902110647
0.4024961910156764	-0.4441692208361614	0.9781973114807584	2.8530315443054444	-0.009987373705916434	0.24264563897975439	0.026726036931039542	0.029346076023928483	0.026948615552795627	0.10789800639080581	0.1009722220692044	0.007295352536615315	895.3442260146787	1000	4.963283619738749e-05
0.7983344433094149	-0.9312656549974526	1.1040987094617096	2.6839886785128493	-0.7782843227046087	0.2561251868426681	0.3583653757371042	0.41719596780465656	0.08634367966859585	0.2846810228842236	0.334070674846209	0.007501602922679226	922.5547821561763	1000	0.00027490728024529324
0.3979193011984553	-0.4512974092303957	0.992022328186378	2.9512591962884547	-0.0009684845770298761	0.24844537535124206	0.02643468917302109	0.029805325673151424	0.027057392315900458	0.10856933424188528	0.10186582690785083	0.007346449447547091	879.2562133861826	1000	3.735004503030776e-05
0.4018582728499926	-0.4467494463179339	0.9796028094442129	2.872077061561953	-0.006091353704313259	0.2454131972677115	0.02666187952929488	0.029492252425213937	0.02694069925375647	0.10801259715433223	0.10122349936639115	0.00732466658131903	734.0521309642775	1000	2.9814735056785312e-05
0.27245648732135924	-0.31393733877911767	0.9409369051121796	3.004241978312355	0.7299906298574881	0.2533891880485363	0.018137740825311995	0.020772119452926986	0.02660887761036789	0.10896560474224547	0.1509190116904752	0.007411085180894599	920.9498195632834	1000	2.7771363322833277e-05
0.23455131260445325	-0.2601940624172838	0.9444617603440926	3.0763307381020994	1.175200830833117	0.2561300412225502	0.10792005865181566	0.11946130540854198	0.0605998176085795	0.11170715564556077	1.2564425013948946	0.00754825407776613	939.9582745364154	1000	0.0002894203259728813
0.40061714445476065	-0.44802864521479857	1.0133586382620308	3.1082421148876356	-0.0013660062866155023	0.2461660731868291	0.026645549557025233	0.029641464966942196	0.027352032652071534	0.11108832347668059	0.10247132287879993	0.007295792318470311	787.0514982532827	1000	6.870020256188807e-05
0.4029320515099085	-0.4471685805322895	1.0040014444632903	3.0063172226137653	-0.0009147727233289421	0.24893093919320228	0.02684545791746979	0.0296400902595337	0.02721518280692215	0.10966733648581282	0.10231620458868584	0.007370249914640205	918.8232165876734	1000	3.745636953890074e-06
0.4010005825815294	-0.4552192302947791	1.0035615155695676	3.0171067883723444	0.010554358473454326	0.254111205469298	0.026500572679941152	0.02990577184345176	0.026999324899092254	0.10886849612947094	0.10223846965783104	0.007335167328491401	914.4598563727354	1000	2.5771457069175132e-05
0.23988559913473737	-0.2693421378454365	0.9302912911060351	3.0350095339030223	1.041058906243784	0.24959485937696615	0.12787201374239765	0.14387442790711782	0.07021704980052569	0.1026526531926335	1.378201506361222	0.006580862055068459	882.2732636335934	1000	0.0001373465366044244
1.3382300877699733	-1.5305210564212615	1.1684502134265824	2.196686105717346	-1.0681185450267718	0.24751843550030522	0.24807489602474955	0.2815168408833136	0.03417438862337877	0.24685855797149125	0.07672852414129545	0.007783751013748735	873.7531582818517	1000	0.018234556850173132
0.40424641409885803	-0.4569269389135467	1.0200730856932099	3.091481003811452	0.01904683976124145	0.26406163743448835	0.026888476232500437	0.030235062109322933	0.027311988020928695	0.1107497659429604	0.10363511057506175	0.007609469462439466	933.6610590262043	1000	0.00011069907728711409
0.39503605771104905	-0.4551407646617535	0.9946613698929736	2.959201311018132	0.0029097233686504204	0.24787703241400114	0.026117485715729357	0.02989730667774509	0.027056980804805453	0.1084772586678345	0.1015836220729898	0.007304382555173348	890.3689317926273	1000	0.00018599842280000225
0.24076961849296044	-0.2662335025771172	0.9334871820988497	3.0356833176026496	1.0520853279906877	0.24815317676443988	0.016253769162273786	0.017886546243961937	0.026636627887494668	0.1096038004707109	0.1748197136142744	0.007421099884032785	848.6351308308729	1000	3.5108798023223104e-06
0.4023795749159313	-0.4557887773133219	1.0326903406226267	3.1717929287348774	0.01674320727719254	0.2634284272892982	0.026923192942598158	0.030332462438196667	0.027533911653066585	0.1117138134968114	0.10428496732005964	0.007574657407595738	841.4482353993865	1000	0.0001757882323326783
0.8356601623956623	-0.9466430357024657	1.1194733543024733	2.688784300968009	-0.8084392376275782	0.25133428302490596	0.17092020807103334	0.18699411311592243	0.03735238376763746	0.19010461697189926	0.14510538082639765	0.007582363072179677	814.7192940960705	1000	0.007867875419011317
0.4059370071826856	-0.45028484697389765	1.0112631859891925	3.0084457200126606	0.008965285342708481	0.2579133562156223	0.027096062442419022	0.029918324765208316	0.027197264945704836	0.10946812560437709	0.10306936136826067	0.007535615223099206	841.3157217872846	1000	4.444367976811897e-05
0.40031591689091295	-0.4556521917722556	1.0137677882753269	3.0692750254590853	0.011729614457374955	0.25767338135569823	0.026617317090072035	0.03012775929475053	0.027375724581611683	0.11092908417083833	0.10307394112094131	0.007501465305269406	826.8126450944619	1000	3.2331312413296565e-06
0.9465459947294237	-1.0811962256020111	1.1652610073444831	2.778478821709033	-0.9040106472801541	0.24422081864639275	0.17478804570246648	0.19873060546415808	0.042106666205461926	0.1875041412844255	0.11542136828229589	0.00837484484655199	859.5059666896047	1000	0.006138890682047337
0.399242593483283	-0.44784594645347947	0.9831566193532681	2.917009616099929	-0.006473504945626705	0.24394255530290562	0.02647611239134098	0.029536470922854746	0.02691753295089387	0.10773593378748701	0.10129694579123451	0.0072955631653372375	776.2305158730318	1000	0.0001002870986597818
0.39456967871410964	-0.44831920198038794	0.9899344888719641	3.006532421348116	-0.010702460839646249	0.24670221846528054	0.026457233584938396	0.029885514497066758	0.027372331918088324	0.11086131363724998	0.10251178474935392	0.007401788216201864	769.2045870023296	1000	3.5724471837760986e-05
0.3959913336719581	-0.4559292028360625	1.001172149478763	3.005293081530172	0.006087152089752919	0.25216502260540097	0.026256975510358306	0.03004912928000362	0.027228015475374196	0.10959050955794711	0.1022473756698873	0.0074483398070362035	742.587758579637	1000	0.00015781398433848773
0.40176622763824243	-0.4455032993114431	0.9900036100549063	2.9306990993433004	-0.006938557927117315	0.24593510395191054	0.02677308138378981	0.02954261974911545	0.027103870869111663	0.1089312337868956	0.10177078295355657	0.007350696264399136	869.2268795174163	1000	1.7566203150477326e-06
0.23368439080952444	-0.2620746008277435	0.9354336311681591	3.0746328116534483	1.117558607258304	0.24602205257417556	0.01571125583916979	0.017520624135056003	0.026642979345612525	0.1099545689504278	0.17852914185329535	0.007313818446747778	851.9814655481069	1000	2.3085753281077187e-05
0.9001247897558535	-1.0617116120424352	1.1235343129265534	2.620923269848542	-0.8684062546729034	0.25338629447929906	0.060000551069534946	0.07016563930839784	0.0268646142200099	0.11621305852149154	0.041714144037349965	0.007419624428611515	946.0865918723143	1000	2.6018910468564423e-05
0.984772976879488	-1.08505091246636	1.170109789354058	2.718644139853828	-0.9078167124754948	0.2478066031839809	0.16374353305708853	0.1801537084860243	0.038222038008633406	0.1765255873598737	0.10102069878853721	0.007245351449398099	779.3804653416682	1000	0.01158863789833302
0.4017772748555025	-0.44562038532729614	1.008258219368009	3.041067465377873	-0.00470315044351178	0.24072143490545314	0.026601119752308153	0.02934855691954153	0.027171208229159322	0.10971381220363857	0.10152778926379241	0.007214863931678459	814.5312242743342	1000	6.466532168959895e-05
0.40301009783930725	-0.45660943691582184	0.9991909605908725	2.9192596154600743	0.015157636639537599	0.2539949044877351	0.02647015319714012	0.029823228169016152	0.026911927818999287	0.10759067870502116	0.10148215847691787	0.007408383055165419	801.2478243391421	1000	0.00010884765803599754
0.4034022860853098	-0.4514994619643909	1.0160192081528139	3.0537022915135648	0.008864893528138214	0.2538155544031977	0.026796098759203378	0.02983733675830785	0.02724720350389927	0.10976338835829001	0.10268802358845565	0.007407424325627266	863.9191328093334	1000	0.0001736788114240594
0.3988662964201132	-0.448584426763762	1.0063958036316163	3.0642480636062954	-0.003236649127480154	0.2475194907755576	0.026606668978377934	0.029758028228365454	0.027363200405662785	0.11088696647070137	0.10252491468793679	0.007343517903486112	861.6909749807533	1000	4.705136018003876e-05
1.0875416747754807	-1.2320810037168926	1.1513054235210503	2.441197890859068	-0.9714367033335385	0.2456652115022392	0.21864724474789593	0.24585426880881853	0.04279647240109148	0.20692053104579353	0.10497163051451963	0.006946158786292484	878.5942853156497	1000	0.009284286481745528
0.39485838609313256	-0.45380646500130845	1.0077972924940177	3.0691211456315526	0.0016724717196133017	0.2497648122777175	0.026277696826866998	0.030016307529228344	0.027335164164279946	0.1104569028415844	0.10256433522285037	0.007425765398453231	902.316489435201	1000	4.685152061552638e-05
0.4039928027088084	-0.45034073645523653	1.0000318105655333	2.957207803760517	0.005871062062562944	0.2563364344332558	0.026949551493077612	0.029893871831829826	0.027157798455251944	0.10900610450627018	0.10270465599699098	0.007543304775654332	873.0928906728187	1000	8.419094118020042e-06
0.3953301995204153	-0.4473655657995527	1.0255645219227625	3.2465358541666984	-0.007264455272597634	0.24372591807195068	0.026496696058212477	0.029806195747270375	0.02760071909627929	0.11256730528835229	0.1033436398038266	0.007289677216712957	888.1415686237076	1000	3.123529080022637e-05
0.40007293149208345	-0.44884014353491297	0.9879706730867366	2.9237960806139864	-0.0034841114112185907	0.24827022495000967	0.026620447163679978	0.029700973781520344	0.027124489681497714	0.10915253203482744	0.10181660724216417	0.0073566623174978266	887.2763129195388	1000	0.00010270820052413532
0.9083745168107208	-1.0437287363331675	1.131644220495495	2.6379580215832488	-0.8703398539145749	0.24816082244491802	0.17461148027194562	0.20213819203349617	0.0437513788214406	0.17645946132324003	0.12447611205589273	0.00728801132373404	856.6391995240585	1000	0.0010655609363511092
0.24368527963280848	-0.27136768775145603	0.949384896289851	3.1294890341860437	1.0432631438572333	0.25770130613298536	0.0968670604070642	0.10802477143831637	0.056851046945441894	0.11323992766641931	1.0299016068647833	0.007744821235872382	870.208529728528	1000	0.00018023146067431222
0.23408046493693882	-0.26246944141680567	0.9591285221471082	3.170222234867904	1.1641703687421745	0.25585457857835975	0.015750265457428265	0.01757064928052386	0.026767655507892018	0.11025785146684232	0.18187865002275033	0.007512582676427941	859.2842357865464	1000	4.773304415903912e-06
0.9607858342847304	-1.0324984579668768	1.163618950160331	2.724414704006931	-0.8873246272361335	0.2387513233945685	0.138083630459743	0.14604752876133448	0.03905718574633333	0.1521323514430786	0.08443555153986736	0.006823166799316406	862.388568595095	1000	0.004774157393535372
0.40022855311243677	-0.45331430847346094	1.014729316589834	3.0758010274316043	0.007896691747472505	0.256072567888621	0.02670453492510774	0.03007867259281291	0.02736299578104562	0.11055444145895164	0.10320425669353449	0.007499156707831616	872.1133958469038	1000	5.288785723189486e-05
1.0349792979767936	-1.1803269062850295	1.1596077412030168	2.614787446792959	-0.9503951407235847	0.253043398503796	0.25261887089949375	0.28241120594409985	0.05007708747867365	0.23613670499169276	0.13288089609300144	0.00752436969934891	870.6159350242099	1000	0.0018386418679120344
0.3978263371656889	-0.44695146425511606	1.0198522967850734	3.1852714523879744	-0.005840245605604065	0.2508522267766666	0.026844080793303148	0.029993867963119297	0.02770720188994086	0.11308411186324507	0.1039552570707468	0.0074697342370347525	819.6100931249387	1000	2.1091194656635573e-05
0.8741971189859002	-1.0150558242647694	1.1457365225964602	2.758757484925946	-0.8330598954748728	0.2632176042356869	0.2234706956033664	0.2591573809192673	0.05361304681867401	0.20359075299268178	0.17689137486617637	0.007598637855175017	850.7793907743368	1000	0.002574568490561516
0.3963578079310654	-0.44760634903820273	1.0102223487979518	3.1151638019005152	-0.007438873325641029	0.24494135388572202	0.026514607386020822	0.02977047755089979	0.027505113675412758	0.11177193728570126	0.10272541937216519	0.007334033152637605	779.6411954439311	1000	2.5293487222802275e-05
0.23604926791843858	-0.2624233634795192	0.9446304434865883	3.097850374153204	1.1445009380411169	0.25420592448545254	0.015848482062690884	0.01753158321486805	0.02666531952237599	0.11033967836521244	0.1800819762439122	0.007415955198189563	871.9387545742825	1000	9.075795615198849e-06
0.39976333644328277	-0.4491257743531729	0.9960493725800479	2.9869835262981996	-0.0022992452057997164	0.2475168122739744	0.026580396061708998	0.02969710833153364	0.027093748197333636	0.10897789110481046	0.10200978976887605	0.007353849203411654	843.1572953198954	1000	1.8944589407997312e-07
0.2319407092279392	-0.26631557598591143	0.9413347301337344	3.103411927034838	1.122217797803554	0.2522842291996116	0.015623821258102284	0.017830460825501524	0.026773846612381136	0.11053087028272743	0.17918390995930364	0.007454989027352902	892.8264712792696	1000	3.205973948596296e-05
0.2296852883411497	-0.25338974613092324	0.9589985582708889	3.2370884257970225	1.200459289066607	0.24713533969572687	0.1407935072444293	0.1542081359241149	0.07811816208003375	0.11094403252229185	1.676726104631771	0.006959450754444752	872.4949647284086	1000	0.000340848876857482
0.3953242731341149	-0.44960956963705134	0.9842470640001648	2.9777729948159113	-0.008324645057162492	0.24632935167406453	0.026368627398226315	0.02980204109276783	0.02709254563186559	0.10916877221335791	0.10204758937574265	0.007316900670191734	843.2349663734565	1000	3.918020666095674e-05
1.1635168796327058	-1.2995430859873012	1.1612460026494433	2.369987087012421	-1.0001534682680924	0.24338568648614387	0.2515155534567246	0.27837215316561614	0.03977327323139121	0.24639038903580493	0.10581544197579068	0.007146515794115708	873.7355646597948	1000	0.0062201352383457285
0.3964713665034564	-0.4513081872687923	0.9916049677688863	2.9733046763272464	-0.0027875326791299156	0.25023920124935556	0.026457145747882386	0.02994313563463784	0.027151921191475362	0.1092206723127767	0.10233505785710675	0.007476260605040005	882.2453895010044	1000	1.6029673523572518e-05
0.4004700149538835	-0.45223724679333765	1.0084973008177953	3.029513494022329	0.005790099626079497	0.252546813448474	0.02662092429598432	0.02990087618005877	0.027147323193435127	0.10921439533937152	0.1025409970864114	0.007428674949929467	840.1383094811104	1000	0.00016263670400278664
0.8869462361316284	-1.0005631587518957	1.1421619020548732	2.7136900894414113	-0.8423585700594167	0.24794478572028894	0.22360391690723985	0.24462193411334404	0.05701233171627396	0.1693102476585346	0.1640927795289414	0.00746851218427356	894.2701708609862	1000	0.0005728105003120949
0.28936371746718675	-0.3260596567472556	0.942755442882121	2.990300670136829	0.5924951001128588	0.2540236229965783	0.019514994214006747	0.021873566343912694	0.026795004636703264	0.10941040123119045	0.14377531465427065	0.0074992433566340765	918.5661495661698	1000	0.0001274560049680216
0.3988207341067013	-0.44760621865888417	0.997542699368256	3.001079790982433	-0.005876955690607425	0.2445430885181393	0.026526860503893968	0.029616602174711862	0.027229467099733135	0.1098606066182548	0.10188034684678136	0.00738151408274528	872.9943654128385	1000	4.630956567161434e-06
0.39510927493950615	-0.4557493578431264	1.0141134304510082	3.121607828550587	0.00581310074543093	0.2564674269727057	0.02644562595806464	0.030315357487885143	0.027500378148321097	0.11157110567619394	0.10359939074203636	0.007530188235775724	874.8088761180843	1000	1.051206832115291e-06
0.23021255737016405	-0.25541753501719117	0.9393121513335754	3.0658585944686054	1.2052985625577466	0.24949559204902416	0.08047143302417815	0.09097216832607352	0.044557825782831455	0.10966600393705986	0.975873307850733	0.007352762606121426	860.5223280799614	1000	0.00011688151493647014
0.4031239074274909	-0.44763013116962375	0.9889068918463221	2.883867010385786	-0.0017170803766242467	0.24419139067071488	0.026620958703199048	0.029408371449760544	0.026926914835772586	0.10765576989670725	0.10093186133242896	0.007262517444305979	834.3382484246514	1000	3.105309613698553e-05
0.2726977715290584	-0.314498240056861	0.9316848884017974	3.027172372512572	0.6458528651703711	0.24210860454013414	0.018461770342998108	0.021150914751151616	0.0270003104071006	0.11067095660884065	0.14816287375944287	0.0073650093237782365	891.5627714675309	1000	9.244010756554149e-05
0.399895162242246	-0.443001363073842	1.0158861739656577	3.118358429429952	-0.01014516597895467	0.24362743281747729	0.026843180726508962	0.029591400827981385	0.02751236097354425	0.1114099804707637	0.10287278241577913	0.0073516187019050105	878.9248388889548	1000	6.2944062827136e-05
1.1019730650728505	-1.2634788832747026	1.1692550818111747	2.502330529891309	-0.9700085945096509	0.25490545092719785	0.2032214206239965	0.2317208779901136	0.03924272634152945	0.20050107070737688	0.09971725535786102	0.007157338194847302	864.4092045677492	1000	0.017509599341989777
0.40108978620987124	-0.4491449834604711	1.0209511110655958	3.1366880925252683	0.0018644750104690236	0.24733794244780102	0.026656552858192944	0.02968939793173221	0.027345193164952413	0.11120172553693103	0.10262782949399943	0.007296881781593662	934.2527190168786	1000	0.00016074828270366278
0.40083749456241385	-0.46174459351512803	1.0161513076028685	3.0597381169394424	0.023014205139003922	0.2726953779255379	0.026847432577278372	0.030753920359202293	0.027360972892306427	0.11072824613286258	0.10448045909113932	0.007682813810550163	783.3701673486103	1000	3.492091308606571e-06
0.39790085221570265	-0.4453564428268892	0.9895720286409984	2.991205698538662	-0.012055134684083459	0.23936448640092617	0.026433287407184942	0.029417151799194744	0.027100598986012022	0.10933835148571593	0.10140868247495699	0.007229676234991366	927.3966484623927	1000	7.60166669344542e-05
0.39835327463091696	-0.4492606875975862	1.0050176128809845	3.0497702878083595	-0.002618694911206733	0.24725522114488566	0.02654432389839376	0.02976813997874233	0.02732139498440072	0.11043914827858425	0.10239020730224925	0.007350855511185186	774.7168130509497	1000	1.0251082060194064e-06
0.26836496013091554	-0.3007632944379747	0.9359324434750971	3.0183593366546972	0.7522937573538797	0.2498237170575317	0.018164652601314578	0.020248650755388297	0.026752619969991256	0.10964998354454307	0.15517249058488256	0.007461998036615485	851.8143796352567	1000	1.0514987380977587e-05
0.40778396873663586	-0.44540169175720623	1.0083018698094268	3.007471848439505	0.002678778324037859	0.25218482080882837	0.027198550251646653	0.029582305417033775	0.027068805913687953	0.10878731132685973	0.10264122644416311	0.007446344606036886	778.5182699161273	1000	5.294348047497781e-06
1.2637251984999527	-1.4332075162805344	1.1852393064298545	2.3644103514967783	-1.047911287375504	0.23547676628725583	0.2579345622712408	0.2896834877059495	0.038694763154199195	0.25073633096553316	0.08480924157917512	0.007031175829645343	818.2637721149817	1000	0.005516157313997443
0.3997091519635047	-0.4486446557201238	0.9812294825653232	2.8986284127155337	-0.005167561966259211	0.2520322767866343	0.02675264173537907	0.029867064601352623	0.027137364580111702	0.10911436857492084	0.1022899513673029	0.007487067698173716	929.6820355655118	1000	9.395795282058923e-05
0.8813822022419361	-1.0208376997082738	1.143905384983894	2.741213457258802	-0.8394095165349371	0.2629032371646697	0.15073646441241106	0.17095211043041214	0.0443955010435512	0.1488448666776875	0.1160679904053893	0.007477354946577417	845.06362942643	1000	0.004403637089170821
0.3999796333478212	-0.44706808891153604	0.996006226311093	3.0124517036968497	-0.005984750151561741	0.24456991721261093	0.026588331457909935	0.029560794854985157	0.027063228594180314	0.10927959632228586	0.10189594665654077	0.007327326965201162	853.3166335230001	1000	0.00017021246607522227
0.9632104201987651	-1.0903796963366545	1.1646803212251797	2.715327360658643	-0.8924308433996265	0.2567711477105519	0.13473608551052646	0.15765038080466157	0.039043755559715135	0.1358346323048697	0.08607306794549471	0.007192163029301428	841.5494385543988	1000	0.004371191758484782
0.9665704760615915	-1.0590500536123577	1.1507423986470011	2.6495198457110956	-0.8975901580180791	0.24573505556323813	0.24102649576602952	0.26201679897634095	0.049564286594602165	0.23122230431172786	0.1528875229664054	0.007304720534042273	923.9602464657335	1000	0.0028113901320583035
0.40355889958795443	-0.45159663678823964	1.0121942439677607	3.0568064738175895	0.008406551624828878	0.2552877459272425	0.026850185027277762	0.029889149269157197	0.02709157199719058	0.1092448259518423	0.10289808675885002	0.007389660071156818	907.5523437793975	1000	1.2389200784557769e-05
0.4010047914312725	-0.440299244832869	1.019455307661103	3.1192470178553995	-0.013135955125192222	0.23560190258421865	0.026736525065428503	0.029209779839500002	0.02751941255207132	0.1116002442807165	0.10193410117106669	0.007152574931683491	890.6123557118217	1000	3.7653723444826906e-05
0.4061232040137844	-0.45610300934507525	1.0153727371225598	3.002966198552075	0.019919558107592446	0.2626659937434463	0.026935474710918856	0.030100903016257466	0.027175348460564932	0.10914985746959942	0.10300552298146684	0.0075427897835496594	816.6126201265859	1000	0.00014219726916863502
0.22395522037084623	-0.24587871355563676	0.9451340271829637	3.1708241770602132	1.2442458869335893	0.23928363570396338	0.17074087145691236	0.1883519363340321	0.09581855315111983	0.11260229432494658	2.11103325443367	0.007178653368681899	880.3390693491505	1000	0.0006702852229857556
0.23448951400561266	-0.27040472043195113	0.9423348252479978	3.1853451809130977	1.058045882299125	0.24459864096938247	0.015801651937641204	0.018102315734696575	0.026845793275849184	0.11156322183689206	0.17539812155344955	0.007296523952696165	879.0187774692338	1000	6.255816215966702e-05
0.9974503615784913	-1.1533895265754701	1.1605668144466763	2.6394905440687744	-0.9225535484708716	0.25517810138182356	0.15962933200373158	0.17834138798060872	0.03790820566171222	0.16181201509916415	0.09194494368204224	0.00733063167971032	892.1743736464775	1000	0.003106845293379567
0.2557656161048869	-0.28609980198109025	0.9391268537845378	3.0312289600008206	0.8798787087681592	0.2440969234524722	0.11784347030109227	0.1318790301236355	0.06646753483537313	0.11382411093183471	1.1196807162639664	0.00731613901654203	813.8938080556675	1000	0.0003907628262030834
0.8735938005235798	-0.9921312489833931	1.1316995456157979	2.6906814921881037	-0.8386341817445313	0.24598350230073487	0.1579458910691735	0.17521993596599864	0.0312503460514857	0.18836517135468128	0.12318011629727788	0.00706540864428799	887.2049188251424	1000	0.0020336733534516297
0.4031390063573339	-0.4519244603255536	0.991669192411616	2.8929389559179257	0.006283071812743337	0.2536164469364009	0.026726580187040754	0.0298071760505035	0.026991311991811692	0.10795676300755473	0.10186603338837777	0.007441408055160531	887.9622482893227	1000	6.900445004224012e-05
0.4051497917842472	-0.44682042828739593	1.0025654730684828	3.00591216029086	0.00092443348262532	0.2544355556147196	0.027117379002846696	0.029774660322906352	0.027156906970314643	0.10944886250627717	0.10295298158282759	0.007483226450423132	864.4119571579064	1000	6.638971468814439e-05
0.39661603129641093	-0.4487811508186887	0.9904114268799091	2.980128328799331	-0.007467879212119005	0.24490262133894894	0.02641014454913847	0.029710649640582065	0.027195366924628584	0.10972305657103738	0.10186804776117994	0.0073331424054928086	851.7918031877457	1000	5.931113063905336e-05
0.9609142003496252	-1.073983640287744	1.1485615628037333	2.584869922798923	-0.8805281209383069	0.25553818206941376	0.21023402625817342	0.23682190682493215	0.047119464482556855	0.18957260145559932	0.13781440879600415	0.0065701083558735735	854.1993817323192	1000	0.005111671233532815
0.4004552679807314	-0.44750977849039986	1.005310140099414	3.018049750284319	-0.0034803050196857968	0.2441082295908073	0.026583739368694567	0.029548765793528674	0.0272212319064279	0.10975263703539674	0.10179533102315395	0.007324531827206125	808.8943804054919	1000	3.886845170542504e-06
0.4062023810905744	-0.45307585201512907	1.016116913293514	3.0546355925689896	0.014364094891276498	0.2609776044435393	0.027053055871699944	0.030036215556848742	0.02716312292312401	0.10955815854490872	0.1033532607430663	0.007556354197464593	862.4872291321183	1000	1.1665845716530041e-05
0.869085822574328	-0.9980245827968307	1.1524778504501128	2.812678523224692	-0.8308042445563574	0.25787949872516236	0.1625706331585123	0.18669225635622683	0.043336636017175	0.16831278995201282	0.13078949648908356	0.0073992373550614415	853.1311843533485	1000	0.0028371672034162606
0.40083440657204084	-0.44833761085240575	1.00902736379022	3.0430071538387837	-0.0008070637684239436	0.24829516885403316	0.026710309660274684	0.029715081512200987	0.02736308882587404	0.11063208108156387	0.10243754901144697	0.007347460574047902	836.859638398333	1000	5.618810736180321e-05
0.40290438052297917	-0.4540451687723806	1.0177797914861602	3.081220167061461	0.012397374404197026	0.25538629942068614	0.026707591758721106	0.029934045934126373	0.02718260533356966	0.10991226508727119	0.10280410232165013	0.007402562708270731	865.7287475956506	1000	1.3156432895569173e-05
0.2393443026760076	-0.26628707193134243	0.9343284182327789	3.1442758212182422	0.9842342548177191	0.23638566926241314	0.016354024376160733	0.018098083916342926	0.027035389153779003	0.11219899892987358	0.1729541610267478	0.00733040018966202	845.2900166341572	1000	4.751850464424932e-06
0.40205940171967663	-0.4430765740875971	1.010427376771244	3.065996571540371	-0.008205533797602802	0.24410805617937895	0.026900471454205096	0.02949819873226803	0.027419412081962052	0.11082632858812394	0.10247772120968002	0.007325648205780505	819.6349352496825	1000	4.175654179072264e-05
0.8895266824237696	-0.9984538477894924	1.1587937490374591	2.8108821752844917	-0.8560171007953602	0.24065245572502214	0.1657983050173158	0.18797683207328633	0.04168191984363364	0.18077150765146702	0.12596350035474504	0.007140266712783007	834.7307916804361	1000	0.014358124716008324
0.9246083128036737	-1.0403947912742106	1.1301641969541052	2.5851673127661168	-0.8753666345394958	0.23844371703661751	0.22774632332264977	0.25992768489298645	0.04989292963111734	0.21511860497280538	0.15842538766885514	0.007223835752066929	850.9228837513886	1000	0.002377795889494171
0.24357501709337775	-0.2678049585305724	0.9198616314248378	2.9789781017316246	0.9880303880005242	0.23782229898519064	0.016405100368512313	0.017949077599976146	0.026554717906214696	0.10900509596934438	0.17009306491366796	0.007286560820927494	747.1922999533672	1000	1.167777513855697e-05
1.1689544172792823	-1.3453025994652577	1.1501443052708498	2.3289888222204294	-1.0119297070688715	0.24447220608869205	0.2799827934111638	0.32227617002687464	0.04000482711661807	0.27764290404562975	0.1152253653785844	0.006992512870637093	887.5914307898413	1000	0.010166676433297715
0.23205378122553322	-0.2560673859208975	0.947563925306028	3.1493606327194392	1.1447940311169922	0.24296578503549876	0.0156735161800548	0.017209704009213185	0.02680540010846802	0.11069575271346471	0.18141134907474507	0.007332181011375648	850.9594778272642	1000	2.956300717766539e-05
0.2474321659140485	-0.2787146693615867	0.9544669601551907	3.178687142002417	0.9850289801097946	0.25314264229533706	0.016690090447613957	0.01869671964765764	0.02682144320056686	0.11114145081340868	0.17058252351554082	0.007398430307933712	938.836203530056	1000	2.4064737590842372e-05
0.2579963918191896	-0.29224721538818815	0.9334463486919979	2.9667682007053573	0.8831966378775242	0.2527184053639415	0.017183472956173087	0.01935563908503194	0.02645665223644854	0.10834804605440627	0.16096825697795528	0.007378369067755136	863.6711096402705	1000	4.1022781686423945e-05
0.398927141193984	-0.4521040547585201	0.994645749319426	2.9594974683998108	0.0018260985238906418	0.2561048368663375	0.0267085272760755	0.030103945033682925	0.027253794121967972	0.10969209329296897	0.1028746011480139	0.007549915339597775	809.8962450988531	1000	7.919644906384551e-05
0.7223226802768615	-0.8168446221957973	1.0844000728217764	2.707540214126288	-0.6830070491346719	0.25282921684795645	0.047809106312933704	0.053723179751990736	0.027162944203497196	0.1105615789900714	0.054541860992625285	0.007385201364360148	859.1656253340723	1000	2.698457524303746e-05
0.9421755817979011	-1.0722954361913706	1.149151170643479	2.658502866317927	-0.8822028808597008	0.25222694577746196	0.2875927527035391	0.32714900562622706	0.05807902930596842	0.26252546848150315	0.19725433290612188	0.007404281135969224	809.7354788560233	1000	0.004097748809028477
0.39915365073536185	-0.45666259135614384	0.9878459959273451	2.9064526440398217	0.009086551447840546	0.25723339757459324	0.026463411534784157	0.03010395115431088	0.02699080239597144	0.10830031222011349	0.10214816934246244	0.007503991850981787	826.9475998760242	1000	5.311746169091574e-07
0.26899501440300017	-0.30279880897806083	0.9482545111872716	3.0143013482653633	0.8002902444326953	0.2563775160680293	0.017968500407670958	0.020121859419229567	0.026551677424513354	0.10854391471641373	0.1560574266875866	0.007483627660766499	818.2085156319587	1000	8.091754310522904e-06
0.9028550779937149	-1.0135674068169431	1.1291165023065166	2.6084242066542327	-0.8381426678061834	0.25698853579751496	0.19991680873079476	0.2205878732960996	0.0540508219299477	0.16721767394889073	0.1431769186565293	0.007545901535932564	910.9962781286823	1000	0.003732936694670346
1.2912527840750743	-1.4416062238711262	1.1769469835602229	2.2720668091143406	-1.0375745624051034	0.251148661304652	0.2651244466673039	0.2905006289376795	0.03715199991405412	0.23962680567550987	0.08923326329223263	0.0074762136534731695	834.4210538506156	1000	0.014859534082676573
0.23529694927168285	-0.2708132506769579	0.9464243142712205	3.182506136956229	1.0717453339386114	0.24695442832556191	0.01580415069484145	0.018072503916808882	0.026727031539718782	0.11067692803111498	0.1756414484132014	0.007297794603227785	937.1095564958516	1000	1.0909401895959678e-05
0.4006703913527204	-0.4467758711865222	0.9997298721021909	3.0119971273934767	-0.004764515889906583	0.24904840916078774	0.026805911156968665	0.02973469751235442	0.02724738905467775	0.10979627225629615	0.10256579606139077	0.007398863312507384	824.7681894945065	1000	0.00014768954234268758
0.24871583177556797	-0.2787779603313285	0.9197265168617728	2.981669480180561	0.9039498259517414	0.23762952847104096	0.01674514827726469	0.01866407595798603	0.02666109227022711	0.10955214666857681	0.1644283389185204	0.007244865021172513	855.8521128283844	1000	7.6196132725976806e-06
