Nu	Nd	a	b	c	kt2	Nu_err	Nd_err	a_err	b_err	c_err	kt2_err	chi2	ndof	edm
0.39129233348394216	-0.4445783159670192	0.9686355226843656	2.8981743877247594	-0.022363702079140558	0.2374277821336824	0.021697782058038406	0.02430794292031007	0.02502175686868325	0.10166566356618004	0.08343117788530974	0.005797855260819317	842.1471973579901	1000	0.0001574107834406545
0.40785011914545616	-0.4514581037369363	1.0190302971965945	3.040454678320363	0.012493523898323195	0.260368004619856	0.02255536826075724	0.024662682020927085	0.02510186426054961	0.10187606195944571	0.08513796481121136	0.006107620493684957	841.9058879208255	1000	6.728480929758065e-05
0.3941900612782676	-0.4514338627151209	0.9920522081667712	2.98778363739409	-0.0036813583080658424	0.25069024670845236	0.021855858274742377	0.02468343736013851	0.025173277038703968	0.10241292195921875	0.084513835837436	0.006009869040982987	894.8613445270721	1000	2.7019131653571325e-05
0.4001667774417462	-0.450402469800352	0.9987864769615626	2.998520079545218	0.0007609904724798361	0.2514714578118119	0.0220973359945764	0.02454024425572284	0.025057811001745048	0.10192463847292485	0.08440532436305792	0.005957116797525063	878.6870434741984	1000	1.2824242784961273e-05
0.40398036726510705	-0.44505632684417523	1.027654136905657	3.168831006358944	-0.0027023149995133175	0.24874423799207313	0.022435899445068793	0.024409566272067695	0.025342787522142574	0.10383113672303133	0.08509647751653712	0.005920658024631723	795.2532195069948	1000	5.840101383130338e-05
0.39850600975928346	-0.44435697047663825	0.999812537385846	3.0269326314748883	-0.012053859593994723	0.24055131043890807	0.02202369784004407	0.02423735565672612	0.02507986345462795	0.10209888032028187	0.08390491722825764	0.005818745184501493	853.2655272526406	1000	4.033160512590109e-06
0.4033444422156898	-0.45002249679802114	1.0091795153022096	3.0174241963587805	0.0044926423042854205	0.2526574312702321	0.022253402364574966	0.024511546242126165	0.02500257174889543	0.1013820862543046	0.08449903452514755	0.005969842116856393	793.5165509246322	1000	7.904084579825388e-05
0.39851660822533513	-0.45292716109276365	0.9777108614106391	2.868334548699955	0.0015445291279981219	0.25097996696710706	0.021877325282352894	0.0245289881282994	0.02483876352931125	0.10073545643616927	0.08364399753938796	0.005937418555967347	803.1100150205377	1000	9.69173200254522e-05
0.40614432148621776	-0.4457665088397583	1.0242122867779326	3.0795280389419135	0.0009435517402707353	0.24445942136736779	0.022301363466864763	0.02417118496681129	0.025082692339762132	0.10173325254949647	0.0839969479914152	0.00582284495894152	925.2107340708957	1000	0.00019103739752418468
0.9224885039306554	-1.0176104551834122	1.140670890221528	2.649004635211037	-0.8655686682057085	0.24488925810001358	0.1982349131096894	0.21867567747795505	0.049196846220167706	0.16800873585911621	0.1392509693610332	0.006075377860418264	895.7403565440559	1000	0.0025577712370671033
0.39922914380675417	-0.4494941801077818	1.0158236254764677	3.11083196115547	-2.5816126594181113e-05	0.2531154966488591	0.022202122003553915	0.02466796936444401	0.02537290265710166	0.10376921271138137	0.0852224745730771	0.006019365584705416	774.0949155919346	1000	0.00010347412174376496
0.4022254047979635	-0.44579196486235967	1.0088190337599299	3.04479526458272	-0.005012985417827677	0.24136751529769648	0.022075429932895206	0.024154235128487682	0.025104088328368634	0.10232305068054146	0.08367375523785134	0.00582141388248724	871.5373298160566	1000	5.583866661793737e-05
0.39996881376180554	-0.44790047477314665	1.0104412872357784	3.0440907171464757	-0.0030187991488348025	0.24211998968255494	0.021937463314054658	0.024243517700457906	0.02511805994972581	0.1023589665345679	0.08368204301445725	0.005813190596451614	915.6867583804378	1000	6.508406615536664e-05
0.40009207663729784	-0.45547918679823807	1.0074761411916369	3.0218029924658696	0.011270770507499587	0.25565230040995873	0.02196904079585684	0.02467394729824774	0.025039931331303698	0.1017994142027968	0.08446036771497914	0.0060129025541233935	807.336444878852	1000	3.641610368078345e-05
0.3952653192801135	-0.4591435932238183	1.0085182615576118	3.0399781346843633	0.01349149960333141	0.2513928176330071	0.021515040718156478	0.024635991700122286	0.024941970037545495	0.10153544688841457	0.08385350909236872	0.005932441079638282	894.7985753840624	1000	1.5888273774514358e-06
0.3986218644374637	-0.45266053760110847	0.9839670045386817	2.909852342196239	0.0016831739637502617	0.25265935840051	0.02195654230465497	0.02459883047156692	0.024929615588295866	0.10132415496721443	0.08404618676880823	0.005965818955921627	859.7066363184496	1000	0.0001978617553595284
0.399742106384284	-0.44787329499162726	0.9827100157992595	2.904714915545679	-0.006338625493882523	0.24549409474720046	0.022008635865684842	0.024336654969330334	0.024819867689918732	0.10057558030774869	0.08358507587934212	0.00591428024763328	806.2837665204432	1000	0.00015733749390715401
0.4047717193977457	-0.44580023130390284	1.000921718395389	2.970563279740089	-0.0030934298028005287	0.24704766134921752	0.02232484865840651	0.024277699023998133	0.024954673097553073	0.10111674840209597	0.08399008638353452	0.005889922358215908	927.5367112205486	1000	2.6460003148409193e-06
0.40168283504250096	-0.4495279260253477	0.999424190152708	2.975335956745725	0.0008813228278616046	0.251808303004253	0.022195291377267046	0.024517214864296	0.02503307097495968	0.10172508375675493	0.08437534436121809	0.005950612787945782	936.5378712685578	1000	1.2894764662327514e-06
0.3993275941247489	-0.4555376169876982	0.9935530817662176	2.9152466208307484	0.00939456904861824	0.2545724500488981	0.021898513809152278	0.024643064896311916	0.024956854716092585	0.1009308299332714	0.08396901915704802	0.006006190311418078	857.1864221906571	1000	8.495743230295634e-05
0.9164170681863031	-1.039091934143513	1.1444366912139454	2.707076821261562	-0.8669860733629747	0.2548372930289085	0.15608132785795725	0.17303003596360172	0.03928793942684248	0.15715495311779948	0.11003966378898558	0.005947672358602523	813.2742236570325	1000	0.011795234535320175
0.2480357085058376	-0.2795931039673776	0.9244762491210712	2.939398398166941	0.9578759982095029	0.253832327211746	0.07167038327038894	0.08026257230507822	0.04416415163015001	0.10282618349085904	0.7295516892272211	0.0060657887070829026	860.6213873426339	1000	0.00012178076662683068
0.24860077051064997	-0.2771902202256963	0.9573151614215858	3.2130971283263854	0.9654968844729535	0.2512656424658423	0.14598474922012689	0.16211257070572868	0.08041694044736597	0.10643504191370193	1.4839042719907207	0.006053320468349007	926.4697021833224	1000	4.25848529371993e-05
0.3960000316672039	-0.4535730163710575	0.9872040514157218	2.9051129464257643	0.0018117455489344253	0.2517364009160195	0.02182086051739436	0.024650919964058136	0.02506215555362522	0.10142599138713833	0.08399252201621309	0.006004185443288326	792.7143385066104	1000	0.00012311939024541596
0.39682874007145313	-0.4456394261125117	0.987141062463507	2.967133804752859	-0.012822539208483502	0.23784986587902351	0.021806822039313962	0.02415840997167248	0.024914842326054867	0.10122192782151784	0.08327002650843777	0.005774336184480221	851.3619182910292	1000	7.989356145847947e-05
0.4004344357702229	-0.4439003442178301	1.0053343024748607	3.0497416977531313	-0.010382474195567109	0.243083129698971	0.02218649454719759	0.024280709656397323	0.02516023473090487	0.10248538805991475	0.08425107255192019	0.005867741690637196	904.2746398417773	1000	8.469813207794525e-05
0.402057921628305	-0.4470459869075986	1.000020323757457	2.985442084928143	-0.0033741038853520654	0.2442163390283358	0.022085536273200545	0.024242081082315618	0.024889203082868277	0.10067109317305387	0.08368735392265884	0.005873529094766971	823.2246748580958	1000	6.865868430053954e-05
0.4004682967033986	-0.4535264808916657	0.9848486857466048	2.877265313747565	0.005507498704336496	0.2554758865101339	0.022052418108993926	0.024642272618520474	0.024924981544459365	0.10089449044350698	0.08407741836691572	0.006031286853146514	905.9399394365648	1000	9.496332291503373e-05
0.3988678330251617	-0.446052667169312	0.9867049176194954	2.934832934944515	-0.009791384400603042	0.2438228213227895	0.022033374541263823	0.02431624806049388	0.024993922817022337	0.10128678024433999	0.08375067160488626	0.0058910790588785076	838.8889079016709	1000	3.607857891837382e-05
0.403003034942137	-0.4492727459478625	1.0089006449600613	3.0356249424657924	0.0027396131586425966	0.2518313696823736	0.022252841339902713	0.024487596084028684	0.025076670454895807	0.10188964207635909	0.08455182455721637	0.005939098779213576	886.4161416549339	1000	0.00014423242320329383
0.40057886236263907	-0.4507089691110767	0.9764234549411015	2.8506734593882723	-0.0007478956945209223	0.2477012998004502	0.02193557729030406	0.024356442591406492	0.02467721556058222	0.09979339043651554	0.08326341948330292	0.005895705231123171	817.4753919461385	1000	0.00017635296521495433
0.4001028056376955	-0.46335041851363923	1.0258400003948966	3.1351541013898547	0.027274422802012484	0.2697468167357038	0.022034061978332235	0.025165142956163126	0.025225916360643662	0.1032339139878548	0.08580105610183965	0.006184229349363212	875.9819046166546	1000	1.646696202044751e-05
0.40170613816694706	-0.4416477805261405	0.9734376520554968	2.856065082781206	-0.01682164889200809	0.24241702855988773	0.022280853133956155	0.024188644359504154	0.024996238845768935	0.10103994893891682	0.08357853011906924	0.005910143728164826	850.7310988174257	1000	8.541702067139348e-05
0.39699216850713676	-0.4548323931609052	0.9953341308586658	2.9804306665028295	0.005702064906999946	0.25232070275168933	0.02179976577395279	0.024627243291057317	0.02494390433930406	0.10122553590003049	0.08412088662841127	0.0059493892263590845	805.3914935969301	1000	4.751401303120588e-06
0.8107165948929761	-0.9305838657962414	1.1097189398895542	2.6870800739160337	-0.7880989736076058	0.2522445921983483	0.19103707413765444	0.21814699259017228	0.04960269138552503	0.17055441604751803	0.17466360175079187	0.005923899374662867	802.6684529980785	1000	0.0029672422222522267
0.39936779866442673	-0.4552366696461038	0.985246944466267	2.8972715687105803	0.00770391777527791	0.25936613479914006	0.02206411972437765	0.024812054012762107	0.025013393884374874	0.10138994949777556	0.08454327497125043	0.006106267675819168	890.7094219112485	1000	4.009104250787043e-06
0.7883632455081918	-0.8860634137206334	1.1270133362905927	2.8211606903455704	-0.7559539496527871	0.25050117508353364	0.160261990872423	0.17801914405530211	0.046155551216241215	0.15065044959862917	0.15613465194777812	0.005805461977669372	906.9630359386467	1000	0.004641571279676039
0.402515467023915	-0.448572708704263	0.9918831798299479	2.9349570219993923	-0.0010437667330608455	0.2479207953390261	0.022124931963431058	0.024343692543635685	0.024778967283111273	0.10028854692888209	0.08376303820167078	0.005905986807653682	835.1328548259432	1000	7.018761351410882e-07
0.28198859261024145	-0.3096447935655889	0.9406190572377459	2.9930723475991496	0.6544605918089266	0.24610211856104844	0.015809409645767904	0.017150102835812423	0.024826796880604633	0.10199900174052508	0.12233462941262116	0.005974757238366815	887.7323843542671	1000	3.301491657411266e-05
0.39974542940488295	-0.4531306081363223	0.9768297777445897	2.8519449095936307	0.0031300724998325176	0.2518576035545512	0.021927555285360542	0.02452092512517245	0.024703473287766793	0.09971363101094682	0.08360531074589109	0.005970451534826943	895.4864278816003	1000	2.536705773724353e-05
0.40511462305344065	-0.4549039903832088	1.026274664467302	3.1118486697357723	0.01681490600895637	0.25986779026434986	0.022291001523772176	0.024708604567899462	0.025092533766305596	0.10239610867491844	0.08511358932473222	0.006033615810453022	851.3796828753469	1000	3.616491599557273e-06
0.3990026456697597	-0.4523689882595738	0.9934322734451262	2.9506839740820796	0.0027238238534722896	0.24871237538145408	0.021862800614945343	0.024452598700647168	0.02493764113216929	0.10127499547042193	0.08370555938385055	0.005920868439382448	843.3851693779477	1000	4.4338965168110115e-05
0.39835265142818416	-0.4530957118417002	0.9814180862799509	2.909802341025024	0.001979272208482706	0.2531016643447475	0.021930601647595836	0.024610582572284986	0.024799917718796347	0.10062239996096559	0.0840491192429841	0.0059849228438861105	820.8891026945896	1000	0.00012805619781918685
0.24984353794254474	-0.27529101985119925	0.940277027801355	3.034569269618147	0.9630116137486437	0.2484546676176676	0.11048456616118262	0.12151729819600242	0.06163075128180137	0.10091497018992521	1.1108075154193888	0.00582264517751188	829.6841240654492	1000	0.0001773501543141667
0.2781544423004815	-0.31431342090746184	0.9372607543890805	2.996894145382168	0.6730186644782453	0.24994535161928974	0.015491413011997825	0.017274753336501806	0.024615352539577532	0.10120071678120932	0.12250579894231818	0.005940448893067233	862.154694333791	1000	1.023713782082712e-05
0.7677423163459981	-0.8750382216660727	1.1072381545371768	2.770225563830454	-0.7416408862220318	0.25219310212612456	0.12471114332190952	0.13887873922064042	0.041704658030962384	0.11942782261146846	0.12727915037270374	0.005873994799052368	850.6196312459499	1000	0.0012443416190720386
0.2518363690796237	-0.28147283586316013	0.9400029036415962	3.036873192557317	0.9428657463782962	0.25287030589871234	0.014059847523115487	0.015518729787276307	0.024641341187823886	0.10150454678184376	0.13771851755602751	0.006001862572698345	880.177694709569	1000	1.7401689948314564e-05
0.3997287567300979	-0.4474040544197202	0.981457781483574	2.9155451286797986	-0.0072155603523864995	0.24922323923196532	0.02214601831659394	0.024465194533867387	0.02489873939684175	0.10113340745240088	0.08413866069870074	0.005950021136832358	826.1248165045188	1000	0.0001250236258603073
0.4065154268591295	-0.4432063371408479	1.0134051634671168	3.0222493946664217	-0.00490544027748065	0.24386618933083268	0.022420074475097557	0.024147981792073548	0.025127681426780103	0.10207406909133761	0.08397775708651586	0.005880700034942958	933.2577632920023	1000	4.680396591142008e-08
0.8132075838004871	-0.9108381620950291	1.1323323536468917	2.8043327170822323	-0.7816644838025056	0.24812442369300688	0.15881261192891735	0.17734151139807586	0.044167223240663044	0.15362938671541057	0.1460838069572652	0.0056864569295136105	801.0607102990443	1000	0.0020595015339663998
0.3981033330688939	-0.45127524567807925	0.9827295564841765	2.892182780602099	-0.0012671541964252616	0.24507976743630694	0.021765970986233008	0.024341875837675706	0.02472499445146296	0.09989396510560022	0.08319642259256524	0.005886500232654478	860.8144114830967	1000	7.02018311715851e-06
0.8656741350212985	-0.9743109980338233	1.1204433129017275	2.6490319556477386	-0.8185288553274129	0.25038386386713263	0.10871907779210897	0.1204665592686376	0.03688258127702708	0.0917833831598762	0.08901466644884119	0.005622765498890011	845.9428487281241	1000	0.002883078173477513
0.39887774044642105	-0.4485724798518696	0.9952281561518633	3.0045918493140085	-0.0044715261104372375	0.2516772241296823	0.022163451125673077	0.024602107799732823	0.025064447198402978	0.1021563870768148	0.0847410979375278	0.006004310472426599	839.8022764695556	1000	3.868904586219671e-05
1.1592865355791921	-1.3260520721067743	1.1730903227472806	2.4376457378328342	-0.9929445768422793	0.25778806327450104	0.12964489753738023	0.15260270784560856	0.029774363288593547	0.14910102478883872	0.05524122611820293	0.005915119135491917	941.1065065016248	1000	0.014960065553487495
0.2433909919591016	-0.2737404642844834	0.9404845295631843	3.061601964462895	1.0142874789887677	0.24721960691295752	0.0661488052594826	0.07522602148774248	0.0418730484127092	0.09976205928830591	0.7107858752193702	0.0058040876655519776	878.6846556811881	1000	0.0003399248165523731
0.40058284243829567	-0.4520886146374233	0.9728894424844691	2.8257718542597776	0.0013506337067967639	0.25176005635600307	0.021994443745478653	0.024496629090851298	0.024619313883644585	0.09940358564012422	0.08354540523897669	0.005969987525542828	864.6796808604154	1000	0.00017165609058963972
0.3925468746107568	-0.4478299809774765	0.9744739632916564	2.9104748931402553	-0.01419967566476156	0.2435170880511347	0.021755431509365736	0.024472928648501965	0.025044925458945256	0.10175902186049496	0.08380240245450048	0.005888541169812373	817.8715988372877	1000	4.226813023962644e-05
0.40015770528110695	-0.4530614780231513	0.9947965896909013	2.9719206515284977	0.005627993420465112	0.25382629944704005	0.022016861057274024	0.024598597983722947	0.024883441940125713	0.10093933716634658	0.08429064552010063	0.005983522912141523	887.090543707966	1000	0.00017382461258847034
0.401002352903638	-0.4552528617637068	0.9994788949793664	2.957225543420242	0.010855378813665412	0.2561460521541557	0.022011565229627206	0.024657668081855988	0.02491213665705203	0.10106592708141292	0.08425095522951867	0.005993267241960428	864.1717967735281	1000	0.0001277474580206208
0.27531113800403123	-0.30769276715362676	0.9499055855797046	3.0380416117660496	0.7289498870785056	0.24848339067216904	0.015231050722992093	0.016806592736188078	0.024592224839447865	0.10100355804495205	0.12474988888110937	0.005896631850750896	870.6793526820175	1000	4.656226059460358e-05
0.24490289098668389	-0.27910174764143386	0.942028037960017	3.0573361704570785	1.0101120388985527	0.2571542430728637	0.12454818849907413	0.14278631797235183	0.06876712451611264	0.10194418898579519	1.302914086853233	0.006233767233453537	893.104249613797	1000	9.417540978440796e-05
0.7353782521676225	-0.8432546032224734	1.0755832136662073	2.6406111017892573	-0.7088698854249265	0.24839198025992124	0.23562020676044096	0.2695970456975568	0.05943471643127295	0.18748729651836046	0.2677330643775536	0.006122029611913307	882.0821907495517	1000	0.001857720781745023
0.40244851915969904	-0.4506930762336577	1.0085343164383551	3.033258129048897	0.004475344033054259	0.2519231289556992	0.022164843232073298	0.024500692931860395	0.024990374058741997	0.10164165557441389	0.08442341288531297	0.005942344152278463	830.0349193075548	1000	1.5831431647547148e-05
1.0756508424523605	-1.1825455975849077	1.160229768100325	2.4807756885338765	-0.9529179946406258	0.24677421602997737	0.16654785172306966	0.181498712779014	0.03533540747547164	0.16287950851659574	0.08274375787970172	0.005705625069735412	824.3440197080738	1000	0.005924932691531646
0.23419628979135668	-0.2716710763349865	0.932279901911776	3.058770449215797	1.1016804979706518	0.2568838616668666	0.09938278759271825	0.11476778803592737	0.05794109804698488	0.1038865091966189	1.1298762128243898	0.005889926784786855	887.6946103166501	1000	5.6420437917612985e-05
1.0472884880320783	-1.1896927632468064	1.159436667680803	2.51460594406965	-0.9355183834258495	0.2537091928001901	0.15890135604935524	0.17999526433505472	0.03575305206473029	0.16484363868292565	0.08603716662736538	0.005922070469881546	844.7017696010602	1000	0.012150481559712155
1.002899542369907	-1.113796338557984	1.166586013149225	2.6548488711807496	-0.9194423978499354	0.24926503281559403	0.08132020261692015	0.09661127246155865	0.024981338959671237	0.1464366817263375	0.049533969837938376	0.005775325776715662	832.5620271586447	1000	0.004481673834427842
0.256843033230401	-0.2924296864771042	0.9260491447449597	2.979788253908374	0.8581772745882031	0.2505523926583554	0.014275971264408367	0.01603781170605212	0.024555414111146603	0.1012289362490228	0.13237560650913768	0.005946239264923852	881.6421413549884	1000	8.820587956355222e-06
0.841861530353715	-0.9308176225397469	1.1374612819294032	2.7889054086166056	-0.8173170498163306	0.2390524832268526	0.17625872316176625	0.19658438880290566	0.04312589736908477	0.18349384253290685	0.148925416564088	0.0055218464661072435	886.9089460277323	1000	0.0022699365004199184
0.40131000372324066	-0.45492520108831497	1.0036870527104285	2.9884990743757704	0.01086968649027443	0.25664530102001776	0.022062827489585546	0.024678493560162714	0.024997703685502876	0.10156684726708892	0.08446600641403373	0.00600977200755143	871.8262884508447	1000	3.3056248765676356e-05
1.0855882720284262	-1.223887523048715	1.1593429976236764	2.4593961519528214	-0.9554612082319068	0.2517227653648705	0.1782026389487821	0.20411463589454287	0.03501223811051586	0.1807264012544868	0.09012336306186165	0.005939304512531523	866.6685525252365	1000	0.009748112379502183
0.4062972744123812	-0.4467457434082207	1.0130043283603085	3.041736604239845	0.0014883479104382804	0.2516648110323654	0.022471406542529437	0.024407332527724503	0.02510460455480569	0.10205135209804123	0.08463836205566459	0.005989607525462156	799.2554856335854	1000	2.1498571448945282e-05
0.39915803823339585	-0.44781963662301233	0.985336587018404	2.916055292923384	-0.006351750200038908	0.24647758195520275	0.022032400211312596	0.02439311181697059	0.02493498478833441	0.10102486810908581	0.08380670096532301	0.005935653446881564	920.0682541975257	1000	5.532306190471557e-05
0.24668019471388714	-0.2857239216470067	0.9383421185393064	2.998212870528804	1.006323795404659	0.26489087865338296	0.013648646123373421	0.01559395186162192	0.024620891087549203	0.10140072502091521	0.13963763197016166	0.006141841561544096	809.9967993526054	1000	4.7732866120887904e-05
0.4044158161478195	-0.452708338339588	1.0299666561110732	3.1711305896459265	0.012112215482129077	0.26023715901708316	0.02240813189094894	0.024761319440822254	0.02533444688676229	0.10404049961627916	0.08566109790851922	0.006048858007247617	801.9113120230418	1000	5.866036397276885e-05
0.8314856554813386	-0.9266919457145554	1.1295398980511988	2.767366762548388	-0.7969725406156958	0.24879600323011739	0.24524081996869387	0.2726334534839283	0.05998508995239234	0.20515173470685943	0.2151869491841586	0.006101904970530057	864.4381432952265	1000	0.0012070129767434157
0.7176011546491916	-0.8158400218171296	1.068568780993507	2.6426892804240794	-0.6889073102144411	0.24607027953343272	0.039395327387183786	0.04413536977010289	0.02467563067999424	0.1005172885100639	0.04452573523319787	0.005870104265339093	839.5634661617775	1000	2.034657019823319e-05
0.8970488120373495	-1.032101806231594	1.1429106686958277	2.718433981422006	-0.8441715133380722	0.2615094698701326	0.1622215148872081	0.18585989714976098	0.04114083009411181	0.1611479034242695	0.12199691228650807	0.006135871867199903	833.4157037092622	1000	0.008922179142178775
1.0163117821762049	-1.1408618502553252	1.1538727498614665	2.5505722681523966	-0.9208711414504915	0.25325013118951406	0.18407257670075433	0.20594880625126968	0.03905601209956461	0.18207242250856945	0.10745159167605642	0.006039325268254029	876.4737908020608	1000	0.011889385351147537
0.2590851501692755	-0.28220251667187074	0.9482823491831067	3.051676028031335	0.893073163607198	0.2463828224954309	0.10171232297922049	0.11221570446237245	0.054666936744229074	0.10215571024739142	0.9625428615838278	0.00593018489786768	808.1650990940127	1000	0.00011876379443100804
0.40381098939014703	-0.4502080798784238	1.0120688495311798	3.0310976661227893	0.0055068874799852376	0.2553001416829178	0.022348338336985914	0.024596862196778896	0.02516325917410528	0.1022454099327273	0.08483853851994512	0.006028772702290326	825.0449903808341	1000	3.7844938283821806e-05
0.4011772420916242	-0.4577748270138322	1.0067203763180679	2.9927747812826375	0.016430473029976824	0.2590225190352527	0.021986592047845293	0.024751159204563715	0.024937408253390008	0.10122173704937298	0.08446344017215264	0.006021204593510661	901.3657685963144	1000	4.711836901934452e-06
0.9977652370077092	-1.1223141375328287	1.1413885182492582	2.514254558035336	-0.9160257813441934	0.24691927779441897	0.1764145318869047	0.19773759408253444	0.03648663140950617	0.1887823899201013	0.10324099102095115	0.005918789698459776	858.6431550124212	1000	0.002411125381633269
0.40236794115986035	-0.44623791833531257	0.9971646101659739	2.9614332873327496	-0.004781023246146053	0.24596186165138445	0.022195793830235507	0.024302117615559914	0.02498433753480914	0.1011655119800595	0.08390582179306463	0.0058916166325087855	840.4100988982352	1000	0.00014391596308496876
0.3966699676988675	-0.4523806895408929	1.0166076973657903	3.118781015456149	0.0030608820013300116	0.24959435175653633	0.021874390211063563	0.024596965550757452	0.025228514255192607	0.10285922576220421	0.08465038147987206	0.005928600541444898	972.1710868854898	1000	0.0001459462173722004
0.2481285753900991	-0.2796956667628019	0.9484082843725071	3.074222477713143	0.9968767712871283	0.25546678991221256	0.13990289835776695	0.15902954310080752	0.07517423789185332	0.10116725696547564	1.4484878326960249	0.005883784862922174	876.3100004863575	1000	0.0001875992576592424
0.4034941965421326	-0.45411478411053247	0.9927365801315597	2.9202227808167547	0.010282163670982851	0.2596440522344857	0.022245195999370835	0.0247099855738307	0.0249095168191336	0.10089541859221152	0.08453796144234543	0.006068938049953685	857.15796802032	1000	1.961577391629382e-05
0.40390628588622673	-0.44951031584401746	0.9879858207781079	2.9072576111144524	0.0016336308477970434	0.25351857884755813	0.022291591082083655	0.02449610679584976	0.024877797711158507	0.10074794079679346	0.08418826749345736	0.006000699202686509	820.2713316160205	1000	1.0590546794836065e-05
0.404293091395022	-0.4446890498291354	1.0167294978241526	3.087137653652527	-0.004166855761676311	0.2416347196105772	0.02220399835115374	0.02411495911423304	0.0250268479864381	0.10192644678458036	0.08386669889801397	0.005804654895253411	855.2159112080697	1000	4.1591706405050766e-06
0.4020450876050811	-0.4541452071779991	1.0134912418249615	3.0593297576358935	0.011045007647222018	0.25819903060514887	0.02218132036764419	0.02472854062951572	0.02513039288337666	0.10247465994512939	0.08496743181246345	0.006057328437481651	885.0735558705585	1000	9.717318998353417e-06
0.24317276038542443	-0.2662366934039794	0.9304593669241996	3.0056458468052942	1.03814389632268	0.24109888425590237	0.013477366983835731	0.014577369763829218	0.0244813397324519	0.10066558384297276	0.14190515896190498	0.005823500014918262	925.4036404097508	1000	6.263980975203482e-06
0.39510114659884304	-0.442373385101189	0.9758036656150371	2.929507099454682	-0.021790904597005403	0.23854605442110907	0.021946798715449987	0.024245045768733372	0.025093273288094197	0.10208306544925892	0.08368303626637805	0.005840606206976349	834.082368196784	1000	0.00011063044547478434
0.22800044187510507	-0.25313214657354494	0.946875389252904	3.1283247791111872	1.1998791413799001	0.24352517584479547	0.11243455636819082	0.12452992235124342	0.06621323627038404	0.10572704489996163	1.35870497137343	0.005812339947849311	780.0781741293873	1000	9.403705682718653e-05
0.4024047808212672	-0.4488449650719641	0.9974965402338136	2.984499654614613	-0.000334996105362548	0.24776489371140664	0.02210919291435475	0.024340326522239768	0.024967907172595616	0.10166138680535976	0.08389391118463539	0.00587088697371459	795.6919779601532	1000	0.00010512214457299088
0.2400747968172861	-0.2688688955604498	0.952605789156044	3.150348282397158	1.0591219687757658	0.24594122598594492	0.10207685610922322	0.11465179545902505	0.05917042997472875	0.10392697115315405	1.1104497186092666	0.0059400094268938965	836.4096916186679	1000	9.78636927425238e-05
0.3952883720256043	-0.44786377379372055	0.9874321054141143	2.978566362914079	-0.01005276449220153	0.24581240960142628	0.02191354485041774	0.024486093867350164	0.025139607567429327	0.10244147531912487	0.08418901800560286	0.005905568491832244	799.7320465113189	1000	1.7815406011364325e-05
1.09527147854209	-1.231829126974484	1.1525324203844352	2.471320018284286	-0.9765427793510228	0.24163732577048455	0.1579934242448926	0.17932527096861509	0.03242837594081405	0.17334000588624843	0.07615347246281064	0.005703325246413452	805.430347608743	1000	0.017845914515321706
0.25528094369034104	-0.2851333999022934	0.9576990573645864	3.1636887463959864	0.9188576759500148	0.2531536622341756	0.08861748890466745	0.09918784903824367	0.05107393321381804	0.10312206890003457	0.8610569575766877	0.006011170350560227	869.129658493903	1000	0.00020651276286330964
0.398025007737493	-0.4529659552088848	1.0002806791543963	3.0026077526952184	0.00373770292536501	0.2490885700844149	0.021831129377020152	0.024500603988882548	0.02498321772676269	0.10139133806157134	0.08395456134679637	0.005911782074172197	928.1312597777256	1000	0.00019100659252010288
0.40453391946461864	-0.44547079709460985	0.9998394369885516	2.9951529099654164	-0.003001956949467649	0.2481891809057381	0.02234621527251799	0.024301763267585586	0.024976413952350784	0.10147006322507927	0.08424822274465975	0.005889952927116083	870.3970428278872	1000	4.0385846005734984e-05
0.23085494343118015	-0.2597503952693837	0.9263224848339658	3.025795249702158	1.1404572019080863	0.24863052520554155	0.012914734579024778	0.014349650629820946	0.024769177080227023	0.10209882235272748	0.14889298497912568	0.005996890609360082	939.3239076887371	1000	9.677032610692107e-06
0.2426037162588263	-0.2683049925950604	0.9434776402353663	3.0756606819850143	1.0517472832576207	0.2491874251142804	0.09901100773617191	0.10946063167841348	0.05689936364816159	0.10110221485998093	1.0638304370899825	0.005846623898644114	951.9507756952509	1000	0.0003551693988047186
0.3988246094776139	-0.4441246289952663	1.0092973758705819	3.0926269530227803	-0.011141839277795558	0.24464718402301674	0.02219524559642472	0.02439570618197441	0.025338479900556432	0.10348164310514413	0.08470219154458572	0.00595063138468928	839.3313393554342	1000	8.10988484128915e-05
0.3994039340840759	-0.44990553020933605	1.001460816556963	3.0260841642754053	-0.0005915757805796602	0.24916804651552305	0.02202948179613838	0.02448540865814026	0.02498716621321585	0.10164146288626665	0.08431434162155377	0.005925316175256766	839.1680235519658	1000	9.171683613837336e-06
0.40043453624112635	-0.4482902486448969	1.0000619912140796	2.9714049686520863	-0.0025573089690047895	0.2456822780842914	0.02203006713895485	0.024338830683577197	0.02507364340828637	0.10170291936810413	0.08378232600965312	0.0058820729239687074	832.095801602107	1000	4.187038014500364e-05
0.39190260719352576	-0.4435054268602828	0.9777045112867653	2.977877808934387	-0.022576868465867986	0.23856963379927115	0.021807892870054434	0.02434038309481493	0.02506263027023795	0.10218038541208009	0.08395990582886514	0.0058364015907184305	939.939442358249	1000	3.057669180162755e-06
0.3975380121246978	-0.4462663005576273	1.0005999293303953	3.055191914858363	-0.009549294131408575	0.24143047263851547	0.021922319563818942	0.02428115867056159	0.025100320883313806	0.10251138908731795	0.08395466445064002	0.005822835931870521	847.7472002612844	1000	0.00017402219036729685
0.7201220913960404	-0.8221506330389063	1.097399283204363	2.814966727898625	-0.6972783604875402	0.24894202126436726	0.21951690439031726	0.25381827045284	0.06305023045497808	0.18315567773264954	0.2570710563023273	0.005864782181689162	910.3115522225999	1000	0.00033209084195274635
0.3954855155375366	-0.44406395528265175	0.9937538077788458	2.9908966360931815	-0.01615124183782855	0.24288785708966856	0.02204220863733742	0.024422006152159514	0.025346510057922773	0.1032475536235914	0.0843095837333555	0.005953500594063312	785.4785262481441	1000	2.7706624441443624e-07
0.8778336741975852	-0.955850653684115	1.1534768414486969	2.8063718102396296	-0.821046635750979	0.2487547883037117	0.15511976580667394	0.1723728579350984	0.02918780807600356	0.1837490839599778	0.12291031541409325	0.005758718394436618	909.5787420230242	1000	0.005385408478888191
0.3987166577269982	-0.4528207774892166	0.9856185026384688	2.9049875684178734	0.002480107947070826	0.2556092335073457	0.022054267163988728	0.024713007880336535	0.02496861180484136	0.10125443491934384	0.08439961484028835	0.0060696211142913575	863.0792962573629	1000	3.131578241285508e-05
0.4006803900787723	-0.4522419282384795	0.9913960046795612	2.8916752409964115	0.00425062785905706	0.25018454278474345	0.021968568657809835	0.02446802094412131	0.024879628332795445	0.10046623742322185	0.08361934263993867	0.005958709417719566	875.3885002820516	1000	6.587703162031454e-05
0.3979354099093464	-0.45461162477384803	1.0152789266799025	3.110254695613352	0.008133433244197873	0.2552667353320222	0.021955284185508156	0.024738136284530043	0.025194657227220012	0.10313595633013722	0.0849601421361303	0.005981030171687129	843.9482018217203	1000	8.882105534393437e-06
0.24494074160102727	-0.2689859171970375	0.9424601191498333	3.1240180099082178	0.9944561340076039	0.24255917875659114	0.013750002331617484	0.014915849209025158	0.024783932051169452	0.10267263613130329	0.14169606146251612	0.005865501546188463	833.0503400437719	1000	1.0023399952020523e-05
0.24414315403601955	-0.2745492989042279	0.9260951268363266	3.042718355491617	0.9743248481384825	0.2452318668100975	0.12938123838696694	0.14561387305544232	0.0715837792061325	0.10985627242996539	1.3409718274371987	0.00613174471528624	875.2930958399226	1000	0.00011744822478711166
0.4007897638432733	-0.4425755311410188	0.9928330171155386	2.9820282133498983	-0.014015043333856187	0.24567095259222826	0.022349363539259988	0.02436649943031073	0.025189498692222884	0.1024494456106543	0.08447842312877164	0.005935614706947809	888.3451292437157	1000	5.136078626062684e-06
0.8386824224077372	-0.9433368375846857	1.110565567034794	2.635730317570179	-0.8029917253883259	0.24844952814590368	0.18098772389418255	0.204425328607347	0.04714063546671809	0.17117366878122914	0.15416478218965188	0.005961414199626974	904.5249262682721	1000	0.0026400031658151153
0.4052309919210503	-0.4431988160823019	1.019193718050475	3.086733729952236	-0.005579951746462046	0.24798232145069968	0.02253155945360785	0.024341117959577083	0.02536255107726311	0.10355950309285146	0.08482135756026124	0.005961053446081899	922.6015241965091	1000	9.99248336142835e-05
0.3982603418677322	-0.4475886132533776	0.9878993701127368	2.9289464851566653	-0.007275853923885279	0.24129925794405413	0.021855869631648782	0.0242343695330225	0.02481136881479681	0.10023699522248138	0.08327483776159995	0.005816352072127508	890.2744948353575	1000	0.00012351767242552183
0.24991075133872578	-0.27838364340957394	0.9681306267865419	3.2101542380047863	0.9964313750464636	0.2564364081533609	0.12221243371793798	0.13582296876837047	0.06620822082623341	0.10252706014129437	1.2473772659280251	0.006026456205613716	843.2532500413644	1000	0.00013479449242100044
0.40370072711945343	-0.4430143467874226	1.0153533454395203	3.092084218455209	-0.008231256016666614	0.24453384135075454	0.022378546174815307	0.024256136003310946	0.025317446886333438	0.10363022598034471	0.08448793354724758	0.005889137866004123	860.2955271653245	1000	0.00013751759345392606
0.39705988088267613	-0.4533639019018926	0.9881408871597225	2.947911940246088	0.002361816808539064	0.255393428545148	0.021972410062601633	0.024746842509476057	0.024952080153682665	0.10113472493380554	0.08456558770742784	0.006049996524701536	794.5268369560556	1000	5.732571727598517e-05
0.395284371439904	-0.45347979829234647	1.004419215552951	3.066695279940099	0.0024793626815795377	0.25219700119302735	0.021840313920853126	0.02470164845712343	0.025246469863914357	0.10310762088292448	0.08471431952277575	0.005954612692014937	912.3854186476253	1000	5.34341452668694e-05
0.24226517840213724	-0.2673395098292654	0.9470336417491394	3.094569659747296	1.0541320225426978	0.2462203967731035	0.013480189034785062	0.01469560015173268	0.024620205970580476	0.10154769498390859	0.143488634646513	0.00590266740673664	868.3680663422118	1000	6.910531470487613e-06
0.8690127480965566	-0.9684301120188941	1.1371692573531451	2.7156063695034325	-0.8318379716688445	0.24285801339245155	0.15514445767911367	0.1698825080771636	0.0417274859899058	0.15330958861390967	0.12203010769550926	0.00559058955402262	875.2169594630662	1000	0.006559265993392872
0.4033968175573543	-0.44482533957454157	1.0059185269920492	3.038237448586595	-0.006073303245135548	0.24548968877086735	0.02229630672926924	0.024274538910705416	0.025076898748554552	0.1022047966601613	0.08423537306171842	0.005876261311462447	815.6486544954071	1000	0.0001002406075480066
0.40060832804288204	-0.45219642913602304	1.0056148699513772	2.9970178725239784	0.00569086026278907	0.2477084474866687	0.02189575115302957	0.02438409452485887	0.024815903386244988	0.10038129745304313	0.08368700644030923	0.0058443091892011675	831.5653719100749	1000	0.00018309612662959637
0.24158534727399475	-0.27137045488271916	0.9610464258946665	3.203332324391083	1.0658257781136335	0.25384875352314673	0.013475981613346002	0.014942099065786385	0.024875926419067166	0.10342867254996631	0.1446873754354617	0.005958955357695589	878.6565959812817	1000	1.2088353506201632e-05
0.405151560306316	-0.44827320474699517	0.9849396233715447	2.9034317060573414	0.0001279731169725822	0.2514878724186794	0.0223091601185107	0.0243801714326659	0.024706489899843597	0.09998131623405276	0.0839487617220248	0.005961578307442044	799.5027308170659	1000	7.128333881451742e-06
0.3896210233748308	-0.4572718344021712	0.9748474955137936	2.923371706073271	0.0010545839473249602	0.2480858564620174	0.021313430236156353	0.024643698281685417	0.024752864202475792	0.10041683284271748	0.08351254376899618	0.005865628582910186	829.518979609709	1000	5.046227109397184e-05
0.3955008863151247	-0.44772843124661366	0.9754245857408839	2.915776784771046	-0.011510131801685973	0.24712626730269838	0.021951337416867178	0.02451496892118316	0.025038996697577663	0.10188514694909027	0.08411390895082159	0.005962987144379002	809.1159812551415	1000	0.00012786763916149447
0.2512800456290715	-0.2858363048127929	0.9424404475250333	3.0952313317790408	0.9134451426555752	0.2525013136119957	0.08060998045341368	0.09034933149614134	0.04034145509991983	0.10334854353585136	0.7915493916609424	0.006025707007852692	884.5209212677414	1000	0.0001929862766392489
0.7418486102109237	-0.8113127409511555	1.1126861397131171	2.845337617638584	-0.7007643532182317	0.2469118784478991	0.19972829193878566	0.21921683542656392	0.055077487355366765	0.16858387255257257	0.22174449852037795	0.005982315140591136	840.78400314875	1000	0.0007872938918571817
0.3999860723118933	-0.4586094354233764	1.0182822393830349	3.0711249837737125	0.01819589352187273	0.2609435210750988	0.021993015128716858	0.024865612592941844	0.025057688837670934	0.10168652971193773	0.08499017569575008	0.0060576439645882935	829.7394714007055	1000	0.00015232967460757982
1.0497620827481742	-1.1679302959556788	1.1449924584383624	2.4649232324664987	-0.9504404436413536	0.2381140005991986	0.15232956675290898	0.16794532478564994	0.03469147849061244	0.1654397213331742	0.07932991262736794	0.005906480069673703	818.8615142617803	1000	0.042750214665172474
0.40132562320130843	-0.4430589388913156	0.9860457335893118	2.9277642568191027	-0.013500254160389007	0.23908046108240918	0.022095226529990068	0.02408379474079053	0.02488553789163372	0.10089956089639487	0.08328059220045023	0.005800676981519205	798.7158982030782	1000	0.00010519457935232882
0.23500728490093262	-0.27010375159814587	0.9460009598719743	3.118825999532605	1.12197723667297	0.2630880312033126	0.1172194666157482	0.134126049178299	0.06907629507686769	0.10467453012225737	1.3310457336836687	0.006199775707828063	826.5058685061431	1000	8.269187615830086e-05
0.3989908724836801	-0.4521504182041228	1.0102861974908082	3.0454522711267074	0.004357209191594583	0.25289466225559903	0.022036957855646654	0.02464006971563366	0.025129653588513722	0.10211248910409082	0.08465502327024259	0.006010307159143328	916.3562010458633	1000	9.789179784929305e-05
0.9855616702855363	-1.0980837167503295	1.1474335275010263	2.625811187805591	-0.9207066604602203	0.23498869084822419	0.2702277306398691	0.30433554082296776	0.051365327012386545	0.2475808819644681	0.16266887324900747	0.005995387544751615	840.2919585236041	1000	0.015002751001416353
0.6870321836943866	-0.7864380603911769	1.0700581449163078	2.722857514955604	-0.6610286276103032	0.2503373893839746	0.0380794492678274	0.042932717551385745	0.025017602298759496	0.10204301296821783	0.04679427808068285	0.005972439806320717	877.9194228149206	1000	2.0781129755098887e-05
0.2511998294284461	-0.2759121558886849	0.9531470325245117	3.061099583820932	1.0083196549389672	0.2609953084190895	0.014057085456067155	0.015261500033110484	0.02471502217000867	0.10190279320680792	0.14161855704681886	0.006098684391027619	822.0168718499815	1000	1.9716972408081573e-05
0.39568296494204985	-0.4497609479064658	0.9861454476953376	2.965812139601576	-0.0060806136198880215	0.2460369734924994	0.021818276255408536	0.02446383603897157	0.02492382896106174	0.1012349723186163	0.08391329527916375	0.00589058521299998	833.1047517028915	1000	1.3201075690170527e-05
0.28036552361204625	-0.31435358289633747	0.9528756715889983	3.0539741548667445	0.6834345457707395	0.2539989240681904	0.015626785888504965	0.017300269143839114	0.024778612734839382	0.10203702375844236	0.12325118562752252	0.006003015057376463	895.6692463632924	1000	0.00014826311347246584
0.39983915913890866	-0.44453210436008606	1.0135574386624109	3.1006178071366732	-0.00906840689940106	0.24259811451500662	0.02214075340563783	0.024294006632585335	0.02534674845244094	0.10360316307822288	0.08436661559523054	0.005853423817532705	851.7362118781523	1000	2.202421775031946e-06
0.39592250945030566	-0.4489279430980192	0.9790707410371741	2.8711645980924354	-0.007870987087108084	0.24479132237429266	0.02183388947511386	0.024421349118991163	0.02503292390894796	0.10118406814084716	0.08350097020141427	0.005899089215930936	846.3372018034373	1000	8.284276087459386e-05
0.3983766445047748	-0.45558632438750335	0.9952810964591653	2.980729111394112	0.008328055837831647	0.2572457514360461	0.0219528712008501	0.02476755959463167	0.024986854187466316	0.10172497636124088	0.08459099571355268	0.006031918314818241	796.9549584641064	1000	0.00012228641993903465
0.9589119758195829	-1.0636042744669771	1.1539459458180368	2.664012263050513	-0.8867325895276157	0.2464239658173809	0.0940688904739704	0.10317986612855476	0.03498583599437978	0.09057189822933358	0.06140257940468519	0.005720230629428032	825.7605371210702	1000	0.004575693734396103
0.39865195624241767	-0.45180386779298903	1.0247747096153292	3.1575082886331276	0.004713604538970253	0.25240875983838096	0.02205009012749326	0.02465420521145809	0.02531838068617695	0.10353410640672486	0.08507900656778461	0.005971067231001149	835.5526101165483	1000	0.00010864942553402362
0.4003872499008831	-0.45088852024637216	1.0061044125755958	3.047702265026529	0.0026636242856794266	0.2533201368942321	0.02214350597975665	0.024606957348655367	0.025050351905010815	0.10202099317298166	0.08475833250414433	0.005982646803572099	968.5512368038331	1000	7.557890550910071e-06
0.3990647043241146	-0.456024989664289	1.0074889100807694	3.044153319663126	0.01114552421542565	0.2591921215511641	0.022029952033183073	0.024834350559631915	0.025148334415363936	0.10245059255877495	0.08500362083206171	0.006085239788746523	806.5995248719611	1000	2.4821653496476854e-05
0.8019621411706546	-0.9010973332770686	1.1078022087754942	2.7299350823606554	-0.7854701707658627	0.23747851322545377	0.18361039404292084	0.2056660690852718	0.04885311435048507	0.16828219579735537	0.16969462720387835	0.005894775374499095	918.685131458451	1000	0.0014898677607347753
0.39800856859691175	-0.44848508753588157	0.9922870285829587	2.9990762028518425	-0.0057124457551834444	0.24913475836009885	0.02205699661104425	0.024525503579377574	0.025066191106251735	0.10211710451292878	0.08444976052808537	0.0059954906554162265	871.042696778475	1000	5.100256587788019e-06
0.24661451034772067	-0.28609065062234473	0.9470313042640967	3.043708730410774	1.039925277498157	0.26970473597927447	0.10207942302751052	0.11825397913507171	0.05748150674613548	0.09992284118871309	1.0667680914381792	0.005998225199893915	807.5671700446162	1000	0.00027508305193381757
0.23613598115135437	-0.26467687445062726	0.9276944976832632	3.0180074904541083	1.0859677025576595	0.24748028066970315	0.11037185417602094	0.12389223546033752	0.0631789513918984	0.10131126912710407	1.2324948331773422	0.005795097300421966	847.5486327528165	1000	0.00019414738982387507
0.4001361372442895	-0.44883134104272815	0.9859101933661042	2.9260515748120173	-0.003443214579725201	0.24836731547608348	0.022065772028507225	0.024422438913415705	0.02482274756173459	0.10029637425662555	0.08391738604601272	0.005940645478799954	887.2710908991114	1000	5.153404849853573e-05
0.40269366674260615	-0.45485596635158815	1.0151361477770682	3.046919051948565	0.01354569785910418	0.2571016293244102	0.022123820199615597	0.024662280905123145	0.02506647351168496	0.10197055491965147	0.08465621652288746	0.006002050571652495	859.4253483517625	1000	0.00010068209686501352
0.39438372919537507	-0.44976988549758345	0.9876289617093817	2.994850033430003	-0.00761800169641715	0.24185593646348416	0.021651767768977634	0.02434846739239329	0.024787292234697098	0.10079403312739593	0.08355626235685239	0.005824509633768366	869.9183272936409	1000	0.0001668276324720783
0.3961117803697347	-0.44940552247332055	1.0120596003511486	3.072448550818183	-0.0033880013548787365	0.24467152949951831	0.02185176539331646	0.024450354122114822	0.025182301606337273	0.1023171377858619	0.08420426392013157	0.005887866361328419	864.980113320297	1000	0.000157214221170163
0.3991782645481959	-0.4483688963713386	0.9910058943917384	2.954007255628266	-0.004794185110737795	0.24735330122001623	0.02203916293065142	0.024426976459909978	0.024945142816799142	0.1012291332189785	0.08400195052638394	0.0058784940173489545	895.4930187828992	1000	2.5905241066767743e-08
0.39852577215196977	-0.4522843159345146	0.9847645370216116	2.9050589007134366	0.001014321158441698	0.24893157269950264	0.02185045873834709	0.024461511378563717	0.02484495399913633	0.10082837138758381	0.08357914839009467	0.005903729020922343	817.9494310787888	1000	0.00019273656878792338
0.24657774498601112	-0.27402264726447917	0.938428727381133	3.0292160229807337	1.000818112523945	0.2534234305077609	0.10293530038199408	0.11397368849136161	0.058593403704920284	0.10118388012896777	1.0642564145812217	0.0059455798191351055	880.9282302824818	1000	0.00018030671565470447
0.23927091983725457	-0.2670795973094267	0.9581114578751995	3.1097499442089	1.1509926490861733	0.26414188403323935	0.13416010707611897	0.15002750719650346	0.07218455284716463	0.10024421667565278	1.5182528152854367	0.006235517544016848	898.0960625388411	1000	6.899558352582393e-05
0.4028281424820515	-0.4505969675181609	0.9937804450501437	2.965944321153464	0.002953869468226831	0.2560576325634371	0.022296333399664848	0.024620663130794633	0.024934083521868378	0.10139925443634841	0.08467700633794109	0.006019359669987328	817.4042397561311	1000	7.884658695634336e-05
0.23722701489120704	-0.2675470096070465	0.9340905898911662	3.0657386893213734	1.0740159719387228	0.25143116397567294	0.0132804878303081	0.014784885823473363	0.02470461083638568	0.10225524492289842	0.14544902379621072	0.0059536597568480756	869.1209945982685	1000	1.2442146574927516e-05
0.39930306793825027	-0.4467793690128507	0.9998157186954539	3.00099224319473	-0.006600496133092298	0.24534289793818664	0.02207126373973562	0.02437068376329735	0.025146081141628022	0.10219500038054606	0.08409265309844481	0.005902780118373774	871.2804767002073	1000	3.3352903441976776e-05
0.3932699923610652	-0.4431830035603515	0.9905101554092081	3.0397219473643946	-0.020656318761758437	0.23541297586880708	0.021777079821597243	0.024204662745938885	0.025160517492729885	0.10290846732347493	0.08374757959840802	0.005746042650125228	847.369960475882	1000	3.24006310103541e-05
0.40042895496390457	-0.4510886351799947	1.0055627789181945	3.0452832157099365	0.0028895993156564594	0.25047655864203394	0.02204123568174757	0.024500001515118944	0.025022145637589803	0.10203191050571382	0.08436212575416481	0.0059005078063906705	802.1392325062193	1000	2.307659653280095e-05
0.40031315783848526	-0.4470858936096688	1.0004077789178243	3.0104223737523608	-0.00515494495366677	0.244598728919438	0.02205618396290482	0.02431159103014674	0.025002673171351634	0.10163558711275965	0.08394211783746966	0.005867954599439566	820.2685292062943	1000	2.6116014646077e-06
0.2651023817099772	-0.29659457223275804	0.9296095010950726	2.98641395313511	0.7684532586690135	0.24494799995692443	0.014850004211229008	0.016399847858107806	0.024792811842378446	0.10204823607723877	0.12852172046421736	0.005941338993738144	876.3090766324888	1000	1.668926236332721e-05
0.2614825800322103	-0.29531372215458235	0.9261166955860703	2.9228738196732427	0.8501515006124146	0.2513568233499994	0.01440242459540274	0.01605292488767389	0.024342113090261408	0.09959045107170413	0.13049142160264895	0.0059429176770842435	809.226071285969	1000	5.47676234999671e-06
0.2689019260522508	-0.3043090939549389	0.9324479234271559	2.98170440962806	0.7395753313986265	0.24718618433043663	0.014977187098916041	0.01672071471718745	0.02467822384446211	0.10125161643851757	0.12611169571323738	0.005952286079338665	864.1475173857034	1000	7.905603311254168e-06
0.24765288716447906	-0.2742830819674045	0.9559603639637572	3.1361213840291353	1.0013329159934359	0.24726928133221804	0.08556385904801993	0.09497878273082123	0.049679729612016825	0.10218327540296954	0.8823133031799439	0.005819794125483318	785.0276147195781	1000	0.0005835428840224807
0.39546130732616613	-0.4503440729081849	0.9748107375116938	2.8924324186600945	-0.006629442589266009	0.2509890532000659	0.021937789607566243	0.02464094858395351	0.025016458872887858	0.1015911291312715	0.08422847526110419	0.006000085858978723	858.0686922661048	1000	6.678944397792307e-05
0.39854203830723717	-0.44469633607976355	0.9962660480590149	3.003594421714236	-0.011775567672051936	0.24591775259566992	0.022183099297886737	0.024430217832675984	0.025263032652234632	0.10296452234999995	0.08447360308455908	0.005946811142842424	806.8581633661851	1000	1.7588562446780042e-06
0.9976017193364675	-1.1465200769463557	1.1389419518647643	2.5237027632460287	-0.9247060612526031	0.24848892821538268	0.15029077173317734	0.17016411418379618	0.03538081539622003	0.1595392441436987	0.08771957020088787	0.00591180382069897	779.0574637621614	1000	0.016590452682803264
0.39813167374970243	-0.44911682485209176	0.9972790449184935	2.982646727984921	-0.003489950014278358	0.24848900983239267	0.022016919407094125	0.02450747150529225	0.025120740263601626	0.10199704509859939	0.08424555416934965	0.005949082753530552	820.4183868895129	1000	0.00010918358633212302
0.3997934599949131	-0.4442500088205674	1.0025514252611596	3.006620774370607	-0.010894708440208904	0.24254700334360968	0.022139889341563104	0.02428491303793795	0.02523011841146632	0.10270845574249285	0.0840350126438784	0.0058908462594277795	889.3278419249662	1000	8.363861270824768e-05
0.39660319331261995	-0.45276292837803894	0.982097640587374	2.8937541845855357	-4.8885876146398735e-05	0.2517108814189189	0.0218745289074535	0.024631783086246334	0.024978515399947155	0.10131856281283494	0.08399867596320411	0.0059871169082982385	794.151119913762	1000	6.59514129301635e-05
0.6655110459296342	-0.736688727068121	1.0916460532194552	2.9148979378828495	-0.6152634169468117	0.2468147362874731	0.03667693447506264	0.04004760019196458	0.025187721887126136	0.1032170669482475	0.04961831510151001	0.00588939197842431	866.6916049437096	1000	8.331138220923124e-06
0.398258690052227	-0.4467556100263275	0.9957425028995643	2.9891250935834126	-0.008211559208789593	0.24808776009057917	0.022138506768442274	0.02450739022731044	0.02526829378305015	0.10297870008054509	0.08448654473141273	0.005950345037615169	818.3440991526587	1000	1.096762553495708e-05
1.0318867730743126	-1.1550749813801209	1.1570999816290672	2.577124387908253	-0.9432139023013706	0.24461125471466585	0.13108588024272733	0.15103578530276135	0.03563328753190187	0.1458993771857271	0.07048163909576505	0.006000545949755608	806.8396889223055	1000	0.015959430313307613
0.23416773103298702	-0.26541103088733553	0.942246558262089	3.0989043264067493	1.1332761920764105	0.2531551995989906	0.08295521240251463	0.09381960233308287	0.05036304043845949	0.10296982866259738	0.9629919397772336	0.005742852333481271	811.2573306389896	1000	0.00036442376095186625
0.41101436586095713	-0.45103415854694545	1.02560301906164	3.054839975091128	0.015583508023620712	0.2570598315655885	0.02255354323405191	0.024452674860377797	0.024918719175000083	0.10094928883170176	0.08462759139674968	0.005987362846088835	832.2363713840061	1000	0.00011739211258365078
1.1409905571796404	-1.3045454488611843	1.1702086609653366	2.454396494841568	-0.9841682172661672	0.258142587011613	0.16510573835631953	0.19199870506705258	0.032559061700521266	0.17210812860025815	0.07698984232869911	0.006040875402192879	845.6395532267211	1000	0.008281007478552134
0.7754822629594937	-0.8578953587538185	1.128479230514706	2.865924555596702	-0.7404976424408948	0.24578763264820938	0.36039938324747645	0.3978232706525218	0.09112130739597316	0.26841089930702483	0.36257984483749406	0.00592534117117184	900.0721993747458	1000	4.114692626363539e-05
0.40413212147916605	-0.44848205257460344	1.0080386623590705	3.0392012800678025	0.0019274323552221076	0.2550085064720078	0.022431811661525424	0.024581448828474583	0.025099417091241083	0.10219195906282309	0.08500512804611714	0.006037145807071421	894.9855945521426	1000	1.2208426529627434e-05
0.40217601493703203	-0.4555277733429927	0.99350502208014	2.92116946673698	0.01168800998604425	0.25683430601461216	0.02204518080274456	0.024641182490025195	0.024766162665338334	0.10021860398266932	0.08410789111745201	0.006008450647078886	848.4317559153751	1000	0.0001506046602922955
0.23923480765772476	-0.27191783184619006	0.9340803384661808	3.00504825501587	1.0780824987820068	0.256034378423837	0.11861047716571971	0.13439756908409686	0.0669642306150523	0.0997194510100897	1.2980404626197068	0.005968445544205668	879.9100580916183	1000	0.00011453208311702491
0.2390901368808874	-0.26124887956368553	0.9595960250254679	3.1811141123028808	1.09305730663621	0.24631605532866896	0.08173373365736884	0.08984460024482932	0.04861184260746814	0.10621727168988608	0.908491297488708	0.006187709526091758	909.8310623057812	1000	0.0001031411386020941
0.3996177641825602	-0.45063169310608453	0.9926463802639328	2.9459671243977366	2.5052514103785493e-05	0.245231548896376	0.02185933531333002	0.024319679887338852	0.024863619579629896	0.10076876551256583	0.08341134134246228	0.0058596360413529424	816.9106233950866	1000	1.254537436474627e-05
0.3950943509772059	-0.44391867697960863	0.9740836669327366	2.910199076188856	-0.01903277855947687	0.24242096165240562	0.02199159325774811	0.024379670845578093	0.02512939352100228	0.10213619759670839	0.0839389790906884	0.005951161520673747	868.4487370412004	1000	1.4010072024131725e-05
0.23931869469835773	-0.2732030713703946	0.9513611739437305	3.1167750896387365	1.079753529359024	0.2541850377494327	0.07815872582527579	0.08922582736118906	0.04725272129877328	0.10405434703440956	0.858778311963827	0.005910158376612457	826.7276850200718	1000	0.0025426339108944175
0.40237392199137356	-0.45021314905266574	1.0202130049960356	3.106152436833759	0.004630074231008541	0.25264292512055553	0.02223551546748783	0.024557916960514105	0.025222647843683586	0.10309588191717134	0.08488111159546638	0.005969568935386468	822.0193787740803	1000	4.4840032878928595e-05
0.8945924824529543	-1.0029649700208698	1.1358348308293262	2.6750302934378443	-0.8507388775074972	0.2460669496775817	0.2553349277748584	0.2828653848944965	0.06250853040527365	0.19764735050365814	0.18676716620064548	0.0056409293633979535	816.2394608655331	1000	0.0027741310556482447
0.25095409256474804	-0.27683580151881515	0.9386309072870705	3.08159770321621	0.9363191572082865	0.2484719883446261	0.11611354302189356	0.12820867995596744	0.06486989727374773	0.10165897125416642	1.1543851599991213	0.005712518358848817	827.3145139987735	1000	0.00015316187265614138
0.40729118635600553	-0.45261944792876674	1.0085556161940434	2.9328671880170996	0.013204393956274246	0.2586035713572615	0.02241767217486965	0.024605302308705352	0.025120719557705548	0.10163305146203577	0.08443897191587574	0.0060854138638903234	807.7037083257426	1000	2.030537515558538e-05
0.24672081707385018	-0.281058730303006	0.9279510311209022	3.0506993951064927	0.9287029770084154	0.24744736023573496	0.10149989514055348	0.11562585676165327	0.05946080524506369	0.10849506441711496	1.0214679573891527	0.006083012945127871	903.0089722886225	1000	7.733405610760833e-05
1.135040418838143	-1.2705901851600754	1.1492917839804173	2.358271704168844	-0.9802938460462572	0.2487820960405411	0.14651740153629444	0.1647819014103267	0.033232091033214846	0.1633795506284641	0.06702591307683974	0.005860903165793028	848.8532126782718	1000	0.03731018892565674
0.2515922005487177	-0.29141778265681145	0.9421740440322857	3.06623761835127	0.9176397205563551	0.2598846172784013	0.08236715474097525	0.09533234182304608	0.048414000318478596	0.10285170176832585	0.8079319989199367	0.005884112642218305	856.2194087497156	1000	0.0005746614325253655
0.9078198047129837	-1.0172557528786856	1.1265306241337671	2.632798582736492	-0.8770408121751384	0.23484472993154987	0.12100908865406232	0.1352552890101987	0.03046073406111981	0.15763745625750714	0.08426588653249531	0.00585821285383738	825.3663766395264	1000	0.0011206020481257704
0.6775059008090748	-0.769543630112696	1.0847058125077937	2.8725997578307876	-0.6488711292482081	0.2510354709960224	0.03759270927631503	0.04207976033029975	0.02527260484096486	0.10418814061896105	0.04800033998773743	0.005990452574191604	810.1090355647032	1000	2.090020960167151e-05
0.3935494706130402	-0.4551924538979162	0.9740569966321556	2.887740868529026	0.00044036535539111884	0.24845255625671422	0.02154052778444822	0.02455672009941836	0.024747957154498876	0.10038090861704715	0.08342047526375324	0.005909462959636212	839.5816559487213	1000	0.0001555074359327119
0.24288185659923364	-0.2775281144944295	0.939545565786484	3.1011164117959495	1.0094760778855711	0.25553195158124026	0.11182243103534863	0.1261582354315804	0.06470577243758746	0.1016749242570435	1.171963506746041	0.006142219940161399	816.1215966970879	1000	0.00048707752998055417
0.2603441935535987	-0.28556900485607656	0.9554607645369626	3.151452820710982	0.8680122739849355	0.2518375346548174	0.1045881088278184	0.11482777808735413	0.05839291197688398	0.10295784717083253	0.9742999553667502	0.005978120977525084	855.2338507903967	1000	0.00032679636940139225
0.40199910742904665	-0.44704621956017243	1.0030582739766878	3.039094662470234	-0.0035452031092941916	0.25262743386491765	0.022368872955998233	0.02456110489914586	0.025166407502345226	0.10279053953677045	0.08498168999353167	0.006029918378047811	878.9610958132221	1000	7.135195409983821e-05
0.2434614746086739	-0.26715818341623215	0.9345316214311762	3.0356396677665254	1.033683878864891	0.24611666616959105	0.01359538242357001	0.014739684916483656	0.024670760533749097	0.10187739719559415	0.14281673929570943	0.00591702429669703	734.4025959722417	1000	3.676541089794223e-05
0.40028049993097004	-0.4532384065976153	0.9966011706554995	3.0045281420862624	0.005918139499394906	0.2573524725862784	0.022127053147514186	0.024723048849682728	0.024946474511729683	0.10152961738686618	0.08482801820391134	0.00604260360411942	925.5802544513556	1000	6.928783978158992e-06
0.4013762234969879	-0.44985403021016307	0.9970795203916191	2.9640868141721595	0.0009999090244467684	0.25173397688350124	0.02216121146106283	0.024513690061517057	0.025079382079521175	0.10185586788389647	0.08428989745987761	0.005960197676975414	880.0218705138763	1000	8.253629145895111e-05
0.7695083914803907	-0.8720107622336243	1.117089049414441	2.8117320305666396	-0.7447601033589841	0.24804903597769218	0.16651077020812	0.18932766789010086	0.046171653414570246	0.15718230169987327	0.17059967713048102	0.005827610543848467	760.8103533919846	1000	0.0012401496672402664
0.2560919332103607	-0.28716896274283926	0.9314638466035179	3.017938527908364	0.8686991276875305	0.25045988132538405	0.014371228208864715	0.0159102519568535	0.02468706282128676	0.10181729070898998	0.13438382897772874	0.005978516689673072	885.0876930123688	1000	9.674331748105863e-06
1.1051935639292993	-1.255612906844544	1.1493498693941135	2.4066060101094617	-0.9740712562940005	0.24710946434507028	0.17324521301621432	0.19226859283084904	0.03432685693928745	0.17180329242260223	0.08180016998019327	0.005540005797102572	854.0351421418563	1000	0.01739310795362114
0.2741678404800978	-0.30456339660235887	0.9337154910628435	2.976210693627552	0.7223163805526756	0.2493324463028787	0.015308671110746536	0.01679409300879788	0.02459673628612728	0.10115825978882304	0.12552603434953044	0.00594095232311574	848.4312237935478	1000	2.763211164863018e-05
0.25260693586328997	-0.27698468635622575	0.9759327628701489	3.268077873970831	0.9593371162935498	0.253359624295135	0.09491632256671209	0.10260328918140253	0.05750124885688048	0.10710914236055408	0.9376522916545119	0.005939517710534948	876.4812404564499	1000	0.0003354592335747587
0.3968895611650952	-0.45968197290346885	0.9716030108928602	2.815673904699541	0.01194268143037826	0.2586802999565235	0.021726146468871468	0.024809229261042308	0.02463279282759008	0.09939714073652217	0.08376969313474764	0.006045192540566151	838.3937696661937	1000	0.00017877918089235942
0.2349004350257366	-0.2682957794095433	0.9181852466518842	2.994794566431128	1.0539413442901933	0.2437082841563512	0.013082787735040853	0.014739965670792384	0.02462117320120549	0.10147840253232196	0.14343692646334916	0.005868420186597003	854.2855000409488	1000	1.3282038845026473e-05
0.39447979813254164	-0.4545711923517676	0.9903520806895455	2.9671321994993893	0.0021831585347658463	0.2518525144154004	0.021733473979310317	0.024687245346078177	0.025035964220978067	0.10178099882463985	0.08420615444409914	0.005942385953548805	831.0295605786557	1000	2.201933214808189e-06
0.7606812689282526	-0.861606649378992	1.112262160952211	2.79909371256365	-0.736782731937717	0.24787988126341895	0.20096525545462657	0.23130799398223073	0.05578334766147676	0.17283842888196402	0.21351377153997458	0.006038234577899191	785.2603041867885	1000	0.0005840236929942722
0.3988342766514898	-0.4536028499104089	0.9936519067083546	2.9674423261704077	0.0052141447810666675	0.2532767811574798	0.021936003097050467	0.02461094979228671	0.02488739889028732	0.10086233608196969	0.08421660382306989	0.005984426848273109	819.108894712139	1000	0.00014611062775081958
0.8676110261232728	-0.9961547188404649	1.1226320151742055	2.687983254511971	-0.8422831160063053	0.25034305255565603	0.23605354121303232	0.26873466238276655	0.05668712723630014	0.20953719364766482	0.18191227624269987	0.005820914649128965	831.5965348778294	1000	0.0008726240175426892
0.9941598013758873	-1.1167425093323415	1.143362982307977	2.510110694355183	-0.9042070591310055	0.2531402139750671	0.1771842828127043	0.19923342348996478	0.038971121443088085	0.171557420899307	0.10789023352355824	0.006069340748760675	828.2701309862089	1000	0.007583296995024514
0.4039872879362857	-0.44859244729084613	0.9968314416865789	2.948518109776899	0.0007462105612338683	0.24779814155041774	0.022166533601445274	0.024299834794148198	0.024896108729285202	0.10094106550988742	0.08370652278259365	0.005890489643094757	829.0842177472423	1000	0.00011846096432999424
0.4029368406799753	-0.44552789299556717	1.017078391402494	3.100147240389544	-0.0037808407112879605	0.24851982872969433	0.022361270467415966	0.02441622424406473	0.025268631336361855	0.10321744118106202	0.08481999959805966	0.005937939646987645	813.9667776640605	1000	7.03362257521663e-05
0.4011145792873462	-0.45335654499680855	0.9945759307829142	2.963708434916306	0.00655015900191821	0.2553949040046297	0.022084819655457763	0.02463100184756955	0.024895123919743606	0.10114310402472239	0.08438233973611617	0.006023735570957164	874.0260243681039	1000	0.0001417755709790655
0.39659680974764233	-0.45121378100025483	0.9912689546765838	2.994727701257317	-0.0022353871598231865	0.24750724662273102	0.021820883445893138	0.024484373257287136	0.0249689051904372	0.10184497467251899	0.08399622681093978	0.005893782793427922	993.1462179158816	1000	9.395200650070394e-05
0.4007902829177077	-0.4521993602903793	1.0133892029813005	3.05931043568491	0.006415272530535895	0.25635611958084836	0.0222000846670962	0.02471853082414185	0.025189673790538866	0.10259545264094687	0.08504666199716349	0.006022355306483534	843.4360977463857	1000	4.394696808199729e-05
0.2439304026814607	-0.2736189807482082	0.955979149228913	3.1407967027098347	1.0585199847521132	0.25558814832964694	0.01353420416070924	0.014988937880125218	0.02472571787430659	0.10229576087045383	0.14333685980770167	0.005968611640432908	891.8533995880589	1000	1.55972989311446e-05
0.4014868437807749	-0.4513233673411364	1.0012132586964841	2.971686380403109	0.003976557166603021	0.25423068733978355	0.022185013260367255	0.02461309469999924	0.025120179836943625	0.1019887674180757	0.08450054893329133	0.0060284770158301245	863.6319712852724	1000	7.870734234769485e-07
1.0695709711917527	-1.2213367016270436	1.1646344856152295	2.5307190821911187	-0.9531603486603998	0.25434540351118373	0.18318897316772761	0.20612290612017048	0.03608422748023742	0.18838247509626999	0.09307898987238508	0.005687275775682299	914.1944998537605	1000	0.009910709230076139
0.3995887101753375	-0.45041910536282853	1.0054309013852258	3.0184651207186497	0.0008354993873319436	0.2535972585976906	0.022164876091426245	0.024659015372581212	0.025242249245448968	0.10295459767901412	0.08480764524337746	0.0060320228820821015	838.0464936882679	1000	4.012535881327496e-05
0.39784447276687357	-0.4479939465203611	1.0049609422384918	3.073841473718942	-0.005646408441643252	0.25018380910900295	0.0221375178992326	0.02460028472057855	0.02526381219630178	0.10346081166876996	0.08495850272135742	0.005983738996850625	858.3608109280731	1000	7.856345725528713e-05
0.398464779527965	-0.4539240859408175	1.0034830745891188	3.017238316911958	0.0061284336320220414	0.25327530396553166	0.021931599942514014	0.024643167151085756	0.025153436807713668	0.10253300840522682	0.08441705033124378	0.00597410491789501	870.0169437155508	1000	1.8604885127272346e-05
0.39546314403830574	-0.44753260884132695	0.997714280346086	3.008556401035588	-0.009370948775272043	0.2377160963531977	0.021685910933609238	0.024203654759885396	0.025017111189215374	0.10162327225946925	0.08330517340165369	0.005756406316437891	909.7534354907544	1000	2.340117943732563e-06
0.2609421948047698	-0.29174047997218966	0.9291126822965872	2.9765688913602526	0.8287883877785185	0.24656845249162251	0.014528154393256934	0.016037749102924905	0.024566141614846385	0.10102554433404877	0.131000981680088	0.005926105466837785	766.2250743361597	1000	3.3962971522244348e-06
0.4012846564526771	-0.4477448365224486	1.0110425441957198	3.0449002356870745	-0.0018510406741827877	0.2456792773444565	0.022098248575816916	0.024339022121572202	0.025086094514202836	0.10204960446545605	0.08409373473715283	0.005884635501121159	878.1220494506915	1000	5.597958610334376e-06
0.3993340657154284	-0.44375248688082536	0.9972615004914184	3.0060034612136888	-0.012849504641034558	0.24140417286388655	0.022112202403081763	0.02425111534939083	0.025131912501507783	0.10221983513164341	0.08397305763818538	0.005863909917040719	873.3741388178371	1000	3.401818468795616e-05
0.40119917968112934	-0.45294044182742377	1.002805888355312	3.0040522416599322	0.006848812178452049	0.25369778202506793	0.02206434586181888	0.02457716001809747	0.024938107539174238	0.10141208375010102	0.08435845687496982	0.005946218761827502	878.726358303842	1000	3.251775050281205e-05
0.23717694443826287	-0.26332126683060253	0.9290542828320909	3.0181460948934475	1.0838215903587352	0.24279368257581704	0.013171999277756603	0.014442556857523513	0.024557752642263623	0.10125911716377548	0.14471718366335234	0.005847830054745054	887.1829155827153	1000	6.859799419179586e-06
0.39025763769286165	-0.4526027557214744	0.9811726078771161	2.9497525658179096	-0.00666963301948389	0.24569321983262316	0.0215157619604857	0.0245933855708607	0.025086500113023918	0.10222052962426433	0.08381905530798163	0.005890272753563196	860.4877245855059	1000	8.05218175194915e-05
0.2487346679786369	-0.28304910719683746	0.9385256449088115	3.0468899784893964	0.9461859528026645	0.25051950658379374	0.08125101983559245	0.09229987371395296	0.04911891453775209	0.10168996099315017	0.8138580438225708	0.006099987785985779	866.5088814473933	1000	0.00043840669237929644
0.4047568053128748	-0.4527715090374217	1.0078000631886248	2.999414714174354	0.010761677662590154	0.25679918868116997	0.022267549331698895	0.024596068863917974	0.0250277503543746	0.10171683191829273	0.08455005130597613	0.006038716060500477	850.5392846798461	1000	2.4624560914902765e-05
1.1172479354299691	-1.2555057370932303	1.1578311319952668	2.430230246096214	-0.97431360123684	0.25398984843726197	0.1393935851062366	0.16053844427356434	0.029760404186491493	0.16673518431093354	0.06321177936878675	0.005793238155814176	773.5753202617093	1000	0.02615755270683795
0.7438582660678598	-0.8383516213329935	1.0987677128713838	2.7537574999723624	-0.7072959122102819	0.2513014492737308	0.04087102711998244	0.04539969084299726	0.024853323804070356	0.10205362271764003	0.04373579227108938	0.005927181717559584	862.1848379938515	1000	2.5878813846824515e-05
0.39716219773211914	-0.45289723425913403	0.9750798607892317	2.8795956389841435	-0.00010006169012180695	0.25051701641355606	0.021822839551727456	0.024542062461025065	0.02473540130766681	0.10012360498761444	0.08370231381848023	0.0059316695879787175	820.0272932336991	1000	5.767634755713236e-05
0.4010102799661405	-0.45193229368883164	1.005626124855043	3.01591494224149	0.005473085586495206	0.25271249564787257	0.02208694870082171	0.02456132274241424	0.025043566643285442	0.10159380085770385	0.08442097778672115	0.005977158822642975	875.7293920325294	1000	0.00013963883448086823
0.39801092927143883	-0.4491597917084483	0.9756294133473955	2.834849003664258	-0.0060205042635836144	0.2393034194549774	0.021682980199275798	0.02413859018756563	0.02473142203733512	0.09969468431417793	0.08247470656763743	0.005774990774345929	822.4725585399979	1000	5.797720245446977e-07
0.24036007585584487	-0.27482555894552857	0.9444714438997137	3.131870567388656	1.027876117105139	0.24770215209145893	0.14602193240406777	0.16665937945461995	0.08093132517677923	0.10190653288098019	1.570841956528681	0.00576861185540669	932.3335653617976	1000	5.296427929212288e-05
0.40235007581424276	-0.4470530338758902	0.9860464654259864	2.920062886813189	-0.004792745686425648	0.25129269045554853	0.022311629992701264	0.02447816879059893	0.024978435761360752	0.10143768838881799	0.08432586659989032	0.006007283483556677	857.9424134197382	1000	2.1856650558673215e-05
0.39849360084680374	-0.45084888581442195	0.9859497772861208	2.954151452927073	-0.001638313010418869	0.24930194038054737	0.021940403846030354	0.024485012498229545	0.02495437968035015	0.10162440001624085	0.08399191087538402	0.005915991044874026	922.5925024416239	1000	0.00010639940927097267
0.40045557568367995	-0.45270325191673605	0.9898993857650364	2.941255217448245	0.00463256484383747	0.2528849884155795	0.022009125706632913	0.0245496613046948	0.024768301898348798	0.10026618871046347	0.08407423467696916	0.005968142990386904	910.1835238692506	1000	6.26207176517874e-05
0.4027598578697987	-0.4488329982667325	1.015486341719327	3.081456444748762	0.00227749439017551	0.25274444507488913	0.02231277316988743	0.024545103980708076	0.025184887415354143	0.10265022962768588	0.08491983294857051	0.005957151801919151	862.6629506896331	1000	0.00012030867826035415
0.25629670945499067	-0.2882389902024274	0.9323200345801804	3.021276738665984	0.8584534260806701	0.2429466881663144	0.014241763460708663	0.015808209213481257	0.02467132040805116	0.10183496432212283	0.13247752128328857	0.005836004871308494	850.7738781610608	1000	1.948697089236616e-05
0.8927409966286218	-1.0016083412278565	1.152807708558406	2.7766973070210774	-0.8437000017492036	0.25299040680473517	0.17011032471265608	0.19034668694082985	0.0419436593349697	0.17014295991779957	0.12828558136923082	0.005682910239145073	935.4503371485108	1000	0.005680474882595585
0.40045961164615684	-0.444324893627748	1.0114978505852366	3.0901504201100156	-0.008971900486959788	0.2513741730686184	0.022455582887588137	0.024600005799933076	0.025531594228044685	0.10447290252446355	0.0854529104947874	0.00606126126258646	843.6040449675279	1000	3.589408097709627e-05
0.40366640738291915	-0.4519417487331667	1.0144267956178596	3.046917996595373	0.008780826438824827	0.25577827457501945	0.022265379437094925	0.024612831300425256	0.025084485635757804	0.10214353103373122	0.08477127660816007	0.0060124257336736445	888.118913433125	1000	1.1786589899292674e-05
0.39920364600793645	-0.4427784629259679	1.0114428944419094	3.0939233474533547	-0.012955020411515614	0.2410769657900182	0.022160549498189082	0.024265320595748253	0.02532647482369203	0.10342657430123252	0.08437392681843534	0.0058553817157073	900.5798448542084	1000	9.911128900520684e-05
0.4019289204777117	-0.448345890352909	1.0329184147878856	3.198796504596525	0.002288297551358108	0.2509124033759447	0.022284774985191002	0.024538811594103524	0.02539566598444416	0.10398937507680503	0.08525144743709932	0.0059461748473801455	804.3695159192735	1000	0.0001652611683681737
0.4035052538023005	-0.4564437957554421	0.9841212644432016	2.8329900355384585	0.013813341177652904	0.25684885379393796	0.02202037521231751	0.02458706956331436	0.024697397770904447	0.0996216421925055	0.08359234781426521	0.0060472365222707805	890.7899760777977	1000	8.778979727463638e-05
0.24166877330720365	-0.2714165050669726	0.9456857703240239	3.0891128607443106	1.0627555153020531	0.2578549417514244	0.013519840768705877	0.014992456322987896	0.024721055627142195	0.10192528693117307	0.14467965094612328	0.006075983094101245	855.637553623857	1000	7.709096476513732e-06
0.39608804422985133	-0.4566113763801785	0.9988527293880561	3.000270831175346	0.008286600366481345	0.2540379775616485	0.02174813417188346	0.02471997186246433	0.024952454714383815	0.10165379170509459	0.08429077609100048	0.005945417846259559	867.4179684820051	1000	7.57322323988498e-05
0.40299853667599406	-0.45170334768628606	0.9844628294699782	2.886359908685127	0.004257865832969628	0.25275564875126744	0.022119890697038014	0.024479064680916058	0.02469551790540728	0.09995538394480866	0.08381273814845011	0.005950627133202378	808.5947684630958	1000	0.00011847962678263202
0.9614936085830565	-1.0552494764496485	1.168827231894572	2.731416055569705	-0.8893575395861318	0.24335286105063061	0.15674731283160664	0.17495110639356629	0.03756213462392037	0.1645089002117707	0.1030999699443945	0.005774537782808669	832.1310825198311	1000	0.005854736444767224
0.4023894777065828	-0.4490548150704121	1.0114629201993388	3.0409638629464513	0.001895822725197762	0.25236480104567643	0.022272108360584183	0.02453733808592394	0.02520627246444298	0.1025937649184404	0.08470548143824809	0.006014161512741892	827.0239808516133	1000	3.459302018525435e-05
0.23917703780489874	-0.2719642008101866	0.9530618097501754	3.1919977916399853	1.069083805471615	0.25622117774447856	0.11699026006508363	0.13386327873350992	0.06584014006392774	0.10337376991235817	1.2878983480155757	0.006255326238782598	894.596882587215	1000	0.00011876880617005358
0.39698788065423796	-0.4405401128165631	0.9882317503470156	2.971030069207026	-0.02179109537136412	0.23733405859564255	0.02207820008991664	0.024178424392356193	0.02520428555028123	0.10239606603320242	0.08381032221007208	0.0058020940919193	824.3111721807863	1000	0.00011371594912097629
0.4032025880171891	-0.44847973693654514	0.997430107228669	2.9706265697599283	-2.5393475259735665e-05	0.25276471408789114	0.02231839470138619	0.024512548972611504	0.025023861545617337	0.10167384389380751	0.08450104206948862	0.006010288865833728	865.673147065733	1000	1.8593733960055017e-06
0.3956771762480881	-0.445872655541464	0.9905282397448543	3.027580044758241	-0.013095503600538039	0.24421149108845355	0.021976293846464982	0.024427549918629367	0.025087058810643246	0.10232500424586473	0.0843677155928671	0.00587681938713268	856.377797415816	1000	3.815616668056502e-05
0.40637139608902517	-0.44382988234108267	1.0000900083899924	2.9530058417117893	-0.00527852051326373	0.24293760190716696	0.022329559922278728	0.024090030146484257	0.024810253521882514	0.10022095074910298	0.08351378326510452	0.005839737924459419	928.663649046595	1000	7.370049245927542e-06
0.8426825445755411	-0.9422026709009577	1.1294640990197373	2.716033349592713	-0.8008423542478573	0.2461664198360824	0.2217768675253523	0.24692007891550516	0.0552807204531011	0.18753179826523347	0.18842639684983228	0.005969750164159866	857.4780190731703	1000	0.0021994322370744585
0.3995774866622999	-0.4450640708718385	1.0006513930351324	3.022764283834054	-0.009816220398523718	0.2436614452447241	0.022119833813879115	0.024316986655670024	0.025159068603201346	0.10251504079502498	0.08414719009965844	0.005883551546093285	880.4014156657237	1000	6.269506856667447e-05
0.24223544513614156	-0.2746382742413646	0.9273683150825756	2.9747956943518608	1.024980045041615	0.25289851600702073	0.0671784129415641	0.0740275630228078	0.04326162237187172	0.10886460194032699	0.7089973801922638	0.006122271777806278	835.9236365201518	1000	9.903508824429423e-05
0.2364867479795036	-0.26648761111723646	0.955237199686667	3.2079339990011047	1.0814807376804139	0.25028393187617204	0.08109740534578737	0.09134936563524064	0.04934586812558295	0.10492635172381458	0.903447251801614	0.006075170950554792	839.1457088130153	1000	0.0002276068122738894
0.24676870502819737	-0.2773423124872188	0.9241229351716843	2.952574374686055	0.9866835083631355	0.24914382104881014	0.09008320303528006	0.0999570385811772	0.05185718521391131	0.10028494139043553	0.9326206510361521	0.006066423869555352	880.0220644554415	1000	0.000667727247173065
0.2511112867367031	-0.27492094255522326	0.9622891903421968	3.1917216911846116	0.9666715621896784	0.24535087742903355	0.09894694637600207	0.10821288744800722	0.056370576008774896	0.10271022316652523	0.9920947511743187	0.0058687592490046315	807.625813122545	1000	0.00046686825785415963
0.3986899280642313	-0.4479636124127291	1.0005476565489884	3.004404998632198	-0.004046366098995014	0.24721912052590972	0.02204891440312776	0.02444422634485839	0.025155133176125968	0.1022746228815528	0.08427097027791954	0.005925550198948768	875.4441363484798	1000	3.1047422145227496e-05
0.2343007787344682	-0.266574733197049	0.949804221239639	3.120279738066562	1.149518617972418	0.257423997895285	0.0724227711283545	0.08225426931187656	0.044964972857701464	0.10196374849209365	0.8353513247471344	0.005858600117688134	829.450613226544	1000	0.0002648024649209305
0.4020240032747411	-0.44427943901634853	1.0123459530238466	3.091483792449619	-0.007496675038921609	0.24701163975988724	0.02234784095995973	0.02438414744721338	0.025278816901241338	0.10329941743466382	0.08477791432185572	0.005924936506768034	826.1206369065296	1000	1.622940231813772e-05
0.3987323712484926	-0.4482303244305004	0.9828136145627561	2.929154543916015	-0.0065747330112821455	0.24748581345348208	0.02202188172303421	0.02442778236009095	0.024936957753656192	0.10139987131352458	0.0839336179954468	0.005916880711513472	856.126499783508	1000	6.7848512960725e-05
0.4026010338373044	-0.44945010008389163	1.0077666879527734	3.048781523082092	0.002313510598781445	0.2523057976233418	0.02224619261730145	0.02451561074829618	0.025046888417665086	0.10193852720068787	0.08466461849097318	0.005988721737121668	883.3310920908139	1000	1.1339280799471417e-05
0.25746302409545363	-0.2850082903040595	0.9180061809871151	2.9035223821709515	0.8714154311896726	0.24988234308153823	0.014407827332882216	0.01575545493113471	0.02456120840776667	0.10089389593474499	0.1338753577851281	0.0059984116310011866	797.9280669261954	1000	7.278300981546914e-06
0.4021902844066556	-0.4458047556579183	0.9979697732274759	2.989702771360677	-0.006031347405627927	0.24374240211627402	0.022137100690743178	0.024223179353752747	0.02496911952834891	0.10151281500642596	0.08376948589728198	0.0058337989240158684	914.9740875047221	1000	1.4833350987715217e-05
0.7677085674132474	-0.8613454882687522	1.1186388457250127	2.8232042513276934	-0.7418076400362656	0.2495352276859644	0.16883927067018	0.18830802801747204	0.04892591684329222	0.15908960787589058	0.1735102957785271	0.0058614947174526035	814.1276063831051	1000	0.0015624329728413007
0.26740713729834015	-0.30644387376070875	0.9349349216647563	3.019383683361352	0.7583365244154717	0.2544111800674851	0.014908324008591314	0.016856217391448745	0.024687252881619864	0.10186897104768874	0.12738719529308476	0.006019715872086549	797.4418883567945	1000	1.3602590661828577e-05
0.39994876302522286	-0.44895452032231054	1.000241625087638	2.974112675130493	-0.0018101439109203933	0.24730390100770575	0.02203941068046613	0.024417052212334242	0.025056262493248754	0.10161709745456247	0.0839740454821249	0.005925752572776492	834.1518796972248	1000	1.9081538060450225e-05
0.39799448377977015	-0.4518787732623299	1.0088386945522632	3.0323187855295215	0.0028205156545491874	0.2516623834557779	0.021989643806181573	0.024623552309042594	0.02531267267250618	0.10296654687968661	0.08455135760042788	0.0059692627240953144	948.5126207936818	1000	0.00014425731547042863
0.24240735301841193	-0.27024271814355705	0.9300300095355334	2.9802179587836433	1.036208616325309	0.2471622487477882	0.07957470234799073	0.08846699548488582	0.0386256416641169	0.09896387519695968	0.8524544996403935	0.005914320860414042	883.9635099263633	1000	0.00016153068865464913
0.40180694860983285	-0.4591587900426766	1.004120160404472	2.961615772623902	0.0193602085952235	0.25982294626989	0.021949604194557208	0.024747876957428357	0.024971033662741476	0.10147258272022816	0.08425645035563657	0.006032233965739307	887.6895041329886	1000	3.249160943778174e-05
0.39654607334614167	-0.4527710255456119	0.97894161706702	2.908828900257791	-0.0005883649153930156	0.2487602770605056	0.02176121873670872	0.024503074459472703	0.024821912758819176	0.1007940762059433	0.08364547863526853	0.005911709037635001	884.9496252169033	1000	8.246509697970467e-05
0.23069179565184356	-0.25742755524489963	0.9402712837162291	3.1004619868247323	1.1567382871654377	0.2480541583257957	0.05045634647588901	0.05840198705099797	0.03511224516942218	0.10202839811580316	0.6077721347407138	0.0059120349560550685	878.8918287494046	1000	0.00010457949802457044
0.40061030216443017	-0.44498197857356137	0.9994846442531481	3.0089342205970504	-0.008809531639871741	0.24489769358952648	0.022186949997652663	0.02432765822933109	0.025077441001681966	0.10200141225435105	0.0842014368345155	0.005895102884603759	905.3242013414721	1000	2.8447501824434746e-05
0.23716706359224438	-0.2648203418154888	0.9482508519507751	3.134630801583532	1.087347332506605	0.24508207050444247	0.11671413875133202	0.13064640569003938	0.06619071107016485	0.1025685693303135	1.303487696312317	0.005792725954833114	829.586912278439	1000	0.00011153695582286547
0.25483059178680456	-0.28576892983420604	0.9223677919502851	2.9723807719507063	0.8648821914386001	0.24210255919483656	0.014186565241078801	0.01570271241051888	0.02461575391859963	0.101389997556257	0.13300944688997585	0.005858604599229134	854.6898192537103	1000	6.708807470358802e-05
0.3923280347192001	-0.45126962219905564	0.9933480967419007	3.0285526562587903	-0.006036161376470488	0.246102802612426	0.02167056439880258	0.02457019725430309	0.025111459609436906	0.10261004974475964	0.08420865932364362	0.005860377247955972	837.7684550663045	1000	8.906948269773375e-05
0.40024732153636877	-0.4543682652198119	0.989569620561116	2.9175688875849426	0.0074168871486835165	0.25297916815203525	0.021923319597044015	0.024549931277990693	0.0248397805854219	0.10060314078442112	0.08383040745462333	0.0059599034099057915	918.9815948323342	1000	3.881134914925924e-05
0.2543258132385297	-0.28368584493633087	0.9286985678663274	2.981541621800772	0.8923270675768248	0.24682772421051422	0.06916588132125359	0.07690665135114035	0.043970968713428885	0.10313756701421349	0.6721053829010585	0.0057588182787847685	774.6101773851174	1000	0.00015953455599112298
0.7813172889571791	-0.8785601561691737	1.1192009873439404	2.789908012315118	-0.7442965141804556	0.2500458494989787	0.16031270046669158	0.17713770126847084	0.048040438030499635	0.14788097126899555	0.1544448839072459	0.005659488527428859	781.6041643828991	1000	0.000383280975396445
0.389917906148703	-0.4537071871220497	0.9777090966827234	2.928540410830783	-0.0050268979356755256	0.24869589518996243	0.02154762512867831	0.024704263176404156	0.025004430264204215	0.10137560865593634	0.08404476817696273	0.005945590819731079	853.5159856644266	1000	5.489007004148515e-05
0.3916642581170981	-0.45191153813343454	0.9779065388575973	2.918488679702071	-0.007110639358526499	0.2431269858913333	0.021505282352359958	0.024455120805459182	0.024884902814891637	0.10113035977172428	0.08336339430338044	0.005821377218228031	876.3652050364726	1000	0.0001619257310124981
0.4036794410225396	-0.4525034728134266	1.0020925619916183	2.990737143297863	0.008413663085655176	0.2548176889972586	0.022181208538599593	0.024545567612626395	0.024841294128156746	0.10091814854154198	0.08434520659405358	0.005969840212240656	825.0075364921026	1000	2.397243944794918e-05
0.40039265551691455	-0.4554110025887746	0.9994980697835402	2.9403294696732525	0.01089656120349473	0.2517126536469636	0.021840801699873603	0.024507363422378303	0.02482940481747821	0.1003685013981279	0.08363319118231266	0.005919413755061484	876.8269453197934	1000	0.00012019297927603448
0.2367595920891374	-0.26877629849648355	0.9401360881767735	3.0621828988473587	1.1214116364069424	0.25947072396682574	0.11525045646284189	0.13079620386776583	0.06418522034270793	0.10084591059831625	1.302597127324186	0.005996839710069179	851.7152109977498	1000	0.00011266436924911784
0.40080389083990964	-0.4528550004248614	0.9951045275423439	2.9700714087879616	0.005569305660576447	0.25939193048563397	0.022232048999019084	0.024793343446990877	0.025086573984351886	0.10213606359547879	0.08498892348364219	0.006120282959526133	833.0904067200847	1000	0.00012677290519273258
0.4014847504093222	-0.45302571579213863	1.0124129731500917	3.0398984349110116	0.008537427609498358	0.254568494768036	0.022112493006520132	0.024619748388016165	0.02500824882634563	0.10147232653114034	0.08459657007393011	0.005983935084339452	808.8807895290236	1000	1.868824067239535e-05
0.4016902097013583	-0.4612806413080545	0.983744693307619	2.8326105147280347	0.021047519822473486	0.26179757782280605	0.021880051213411803	0.02478446869390765	0.02460531749376559	0.09924231839631986	0.08378918424355472	0.006031541831740979	868.9900255820149	1000	0.00017015010233195727
0.2415732476523848	-0.2709189008458479	0.9689184556949564	3.2729168732382954	1.0639851573288979	0.2515957265347276	0.101329470736709	0.1135597700574625	0.057471967813415875	0.10335720756383415	1.101342938875027	0.005818497891714061	868.7577293124731	1000	0.00017907883511423774
0.39762198718536645	-0.45294091345094123	0.9849361437299957	2.927401755408922	0.001382150075013799	0.2493784339621399	0.02180968036540078	0.02450149056465017	0.02487298852999469	0.10099814264174535	0.08371941388815306	0.005916769968986237	800.8460739416148	1000	0.00012495865796789986
0.2561149632341035	-0.2847924851349013	0.9575031647198938	3.1719849338781625	0.9022286528554949	0.2543863276742725	0.13653195771249957	0.1522341991339356	0.0734020258324287	0.1051718093979611	1.3139044054313989	0.006213738222999212	899.023135916467	1000	0.00010149134352493163
0.39907066215033093	-0.4590919225177869	0.9884581503738689	2.893248399515517	0.015108879486440092	0.2576457568351645	0.021791871259820322	0.024725433817979123	0.024689172374875355	0.09965799067939768	0.08387083358901892	0.006028268683481763	859.3379009341234	1000	8.505167395464637e-06
0.24919541773091472	-0.27865087108763326	0.9447485893255458	3.0825674640273264	0.9640175015276313	0.24923713608291398	0.11344633578946488	0.12650449448515635	0.06358292986881793	0.10285349013772557	1.1425196621507046	0.006089941036142099	814.0005476444226	1000	0.00017155400547657176
0.3982212101669824	-0.4545532987416659	0.9901996178515132	2.910863053700887	0.006115304923642416	0.25439260613423753	0.021913822742772378	0.024672448434066005	0.024944409880278486	0.10080497033394005	0.08410251682889487	0.006003094023926281	867.5049062208413	1000	9.677285011884483e-05
0.40530883550615227	-0.4489703185033807	1.0069370257228187	3.008966985746106	0.003955853489795508	0.2510551504956711	0.02229682731582581	0.024389100683150016	0.02494992986474326	0.10133422226334583	0.08424093184086442	0.005939882663891548	865.726026561263	1000	1.201120515359794e-06
0.25980204517297867	-0.2932051495131738	0.9361926547140683	3.056255093089746	0.8119064037340351	0.24254216421674785	0.014484766672318558	0.01613041076607969	0.024698095479517537	0.10187213912039998	0.13046879079315188	0.005847721548590439	868.854206251262	1000	2.894476312367846e-05
0.2492416725571395	-0.2880263834540859	0.9406204181423978	3.012807071555658	0.9818897853073718	0.2617400210372396	0.11827070191857092	0.1373289942839197	0.06505954174403725	0.09954950837022417	1.2039023460811638	0.0061275810917183066	928.4983790985286	1000	0.0001425823861429279
0.24549519758866467	-0.2737676483242645	0.9246778435882524	2.943987182622499	1.0063417039283842	0.2527893951535692	0.013699741658765972	0.015088814833685831	0.02464820754669636	0.10125507898369641	0.14091099557415349	0.006044072723949639	803.4484644352951	1000	9.266130217771496e-06
0.8661715826835298	-0.9664125225362264	1.1472202589992102	2.75267131159429	-0.8195890904629525	0.24686327019670717	0.13981607693231773	0.14981512918641438	0.03896034562203707	0.13797104242216668	0.10902815977415097	0.006073862328948657	921.6653326861837	1000	0.008370140276938614
1.0392747013663846	-1.1503874543911778	1.1784004815262359	2.7054298944373527	-0.9556002490583415	0.23389915723697588	0.16809627434724358	0.18786280669840372	0.0348201974692752	0.18393601698946124	0.09071994654537367	0.005477533461495287	882.1596007578156	1000	0.01578325643536529
0.3961147219549236	-0.4484589318524051	0.9772652263716394	2.9072205749531235	-0.009109224672897128	0.24403820366959272	0.02182352087781215	0.024374680774873342	0.024844952917872084	0.10087049095210562	0.08354859140234162	0.005864424945213076	866.6287781327516	1000	4.641145586955998e-07
0.3968321244061532	-0.4568701742393825	1.002023745239126	3.0252316123547485	0.009918195064323823	0.2567202506250869	0.021841669981598755	0.02479542496627295	0.02496053821666421	0.10161679710095851	0.08464865285373963	0.005998855396899855	801.2097448610638	1000	1.7174667576213786e-05
0.4014408108231273	-0.44798738528704146	1.0003142509860752	2.974943025197084	-0.0021952167731440404	0.24894597221022863	0.022184929717654463	0.024435848859806417	0.025056729151929615	0.10155948255171177	0.08420670983363164	0.005947509591034656	835.771223688239	1000	1.2096418298559602e-05
0.25115502256295236	-0.2849661531415862	0.9561374866513416	3.1774393180592613	0.9244224756749985	0.248459176257916	0.013993589422514201	0.01566620826080422	0.02486454971917208	0.1031850313071962	0.13674340299412066	0.005900529217401783	825.4752159847817	1000	9.116162173958045e-06
0.40008394756913823	-0.4485138774523056	1.0242325082249555	3.1336281393308245	1.1132467386921227e-05	0.2473381933487071	0.02210316525675898	0.02445005648090987	0.025294694209871064	0.10310156925263123	0.08464327077485119	0.00590023322876502	826.3868975045382	1000	0.00014942253989186295
0.2464718376867894	-0.2806510495454887	0.9288601633165815	3.001352301001441	0.9845951131927068	0.2568910391297694	0.11078020672988842	0.12594178990120986	0.06294194913015169	0.1019604152693569	1.1408082237836397	0.006067800043341965	894.1093846112285	1000	0.00040920867274714926
0.25528066435405716	-0.28434924182713045	0.9659052866913738	3.1742478044156783	0.9440703996885911	0.2558110876335974	0.1427717527672799	0.15888936485033753	0.07681454437652163	0.10226559827499247	1.399466243210619	0.006172229959303535	837.1742998311785	1000	7.56277878894294e-05
0.40353489453610164	-0.45927377154533106	1.016313658292539	3.01921405269156	0.02278852052120722	0.26614950875625043	0.022212306719628285	0.024947938314846655	0.025094715303634885	0.10197328950107061	0.08518101607339602	0.006153642220205859	822.5216951226771	1000	6.427053746008168e-05
0.8703791490433382	-0.9662474081874913	1.1359607980529538	2.7272150476009704	-0.8216371267605839	0.2509643490725689	0.17481995080110183	0.19522117358282887	0.04383932330796533	0.16486265845177764	0.14125529477790494	0.005761098572021098	853.6891793289936	1000	0.004314581997398176
0.4032222121630433	-0.44973347030204136	1.0096669609265472	3.0392746841310814	0.003687313762495998	0.25157821940197805	0.022225234379032018	0.02447063989047704	0.025026541072251277	0.10179610471972386	0.08446394552707888	0.005950055775276698	841.3972569810849	1000	7.296802139619294e-06
0.40330651480818913	-0.4402576784757006	1.0052067894209111	3.0305511550096984	-0.014541924429483884	0.24144913813903898	0.0224095208269668	0.02415921784180068	0.02522697739149206	0.10263969684796997	0.08420802141532636	0.005852039033890147	865.87465147268	1000	0.00013106952857484298
0.39334927016308896	-0.4550596521214072	1.0004309369474602	3.0833972851814853	0.0026546630828255813	0.2557374605828032	0.021814684664746932	0.024880028696993052	0.025114947515763854	0.10291490321908842	0.08517186426742636	0.0060081217821926144	893.8783340188568	1000	0.000113764260303763
0.3954710239335606	-0.44528811697957144	0.9797797021311404	2.908378835493593	-0.015423357596874002	0.2386486786501228	0.021812597076109046	0.024227347147827323	0.025035452291339168	0.1014852974807311	0.08328008939162018	0.005812974293148804	912.3960426400979	1000	9.446984299048145e-05
0.4100080013824638	-0.4521302052595928	1.0149515878051065	2.9996178914167997	0.015206930483823962	0.2601681003319587	0.022560442175677008	0.024582779169370374	0.024957188495009174	0.10127919081037061	0.08475478739268243	0.006066027212710308	842.7474598329298	1000	9.122307879775789e-05
0.2620368969236875	-0.29138521164866316	0.9424417537216491	3.073286599742392	0.8229378150720487	0.25084774594942	0.014749296133975076	0.01619904764245229	0.02490443889321216	0.10301653894271218	0.13239807159540026	0.006040069464498441	822.8977241632604	1000	1.3670646739161247e-05
0.39675614148529853	-0.45045206430449997	0.9827021111244519	2.9073172953086655	-0.004175378051101574	0.2401244541856172	0.021616694192810076	0.024197768705810866	0.024677198537473712	0.09972008644789124	0.08278436319595582	0.0057419890285006344	949.6809969640133	1000	3.372306589781873e-06
0.3988982763055151	-0.4438943249631195	1.0211591891795087	3.1576951924365204	-0.010195871644504887	0.24630138634300008	0.022288293081408506	0.024477939887175885	0.0255753984484045	0.10479171388730715	0.08521032596106418	0.005932466445664175	876.0318340175502	1000	0.00012107062647448063
0.4008609735186771	-0.44920867934085695	0.9996304038476161	2.9813610235352535	-0.0006415422678138253	0.2534322966869618	0.022247723001648345	0.024607745178445432	0.02522860586857117	0.10267046000777928	0.0846915625910739	0.006037230288848248	796.5742597588642	1000	0.00014630772749700034
0.40096433983478713	-0.4455317672647982	0.9935566978015931	2.9475052222030005	-0.008021478971678379	0.2448339152021447	0.022160224591758444	0.024311459638571287	0.02498666148079228	0.10120587094948298	0.08387986280701958	0.0059042460076430825	817.3756839496917	1000	1.2971427908848456e-05
0.23637528536802688	-0.2651107522313341	0.9481627574783421	3.1034776776808766	1.1115899989340992	0.25232066437735434	0.013194870129428927	0.014611662559424697	0.024801236669302746	0.10235686882037721	0.14705019567338898	0.006016345183244882	790.3981369285314	1000	6.109804642288327e-06
0.8804323271687053	-0.9892375080007768	1.14011850614788	2.704556552224499	-0.8231150687902653	0.2546461441740405	0.16860457323572048	0.18911575614882398	0.04212277811236017	0.1584919783713222	0.13320555264650166	0.0059128379147727565	839.631805073464	1000	0.0043159482403626725
0.4014898839151999	-0.4454892516321182	1.01001079558735	3.0816033332139154	-0.006078004494774537	0.24773523472917786	0.022290529567262775	0.024415529305666574	0.025233979620693535	0.10310027980375973	0.08473022504527158	0.005952485446175343	860.2447218701957	1000	3.932145734934712e-05
0.2660361741690806	-0.2948989435482036	0.939650358209336	2.982316218079165	0.8308437938113062	0.25402477002004925	0.014777628883292019	0.016180655052779908	0.024602381194500894	0.1011262694135636	0.13071802616850262	0.0060131486186947355	856.9860617518709	1000	1.0392899443022555e-05
0.4021005180969464	-0.45426132067407543	1.0388843315663212	3.217817927713153	0.013969005612605985	0.25812661805979836	0.02221375688941186	0.024763282914664675	0.02529035829102607	0.1035128356170371	0.0855581158789947	0.006008409034268558	886.0795902782418	1000	7.123093584020711e-05
0.9735499067057152	-1.1162242182629951	1.1444294350385886	2.588552718986146	-0.9033396676348534	0.2512091032507841	0.20323840925648373	0.23118273744693923	0.04227759732599	0.1992275496264845	0.125296983245359	0.005933722022189632	723.8570697207183	1000	0.004107510382020552
0.2466923713302597	-0.2849622539637656	0.9505999093873869	3.1485528593089924	0.9722904859973206	0.25448353189178474	0.07643067168511056	0.0883209751886276	0.04676629137065391	0.10205042440271853	0.7814270879660357	0.005941518946426186	846.6819942153713	1000	4.2306817999227284e-05
0.24533862064307593	-0.278162260619594	0.9346707967167978	3.058662528803173	0.9783404229164095	0.2519907336044256	0.11769639094037886	0.13083284895310893	0.06674372469445716	0.10353857437047147	1.1982205430131172	0.006014761911878822	836.8675818135557	1000	0.00025131027783267785
0.4034623036805417	-0.44808052664702663	1.0048551405977757	3.000784414064871	0.00026088670396183733	0.2478217967397659	0.022193391775991132	0.024336807727930565	0.02496936972314324	0.10148556637738641	0.08401942292973545	0.005896965967441366	879.5364684286847	1000	2.5676859320610013e-05
1.1295763638677978	-1.2761137399060292	1.1492692801042272	2.340458783032703	-0.9723700772426924	0.2511077303092336	0.14681191493562523	0.16657350543779578	0.03623577687150699	0.14650897647694602	0.06443567353986773	0.00592325664449564	895.2289451960755	1000	0.023458844658669067
0.2460994830270577	-0.276417565410654	0.9382871841479925	3.0647916634291206	0.9767723811344928	0.24986852822363453	0.07936583609177687	0.08830178936908668	0.048765910474195234	0.10421663094177513	0.8212444089649216	0.006101743204858402	792.1281845506298	1000	0.0010677906375695032
1.0175332062142128	-1.1601513974782027	1.1359226898437966	2.443249441652002	-0.9321418825662262	0.24416726858100557	0.10130326872856553	0.11273236423562016	0.028431914148589366	0.14629101606898254	0.053842391901726724	0.006133037016696897	809.6002155517026	1000	0.008941459932617715
0.4008871814222977	-0.44912986364784024	0.9835856660058704	2.9038122809336753	-0.0026602951653828645	0.24621474140051164	0.021992364039720592	0.024312078684400128	0.024823057875753455	0.1006011047865508	0.08345802135379744	0.005838624623300383	804.6648001137717	1000	7.30270677808381e-05
0.40133097543649626	-0.45441254495132466	1.0190775948877262	3.095897990343199	0.0115548809846724	0.2583030569491752	0.022161129900732265	0.024758847719192803	0.025207533332117928	0.10283166200469501	0.08513158760861705	0.0060629424006239455	755.44019576348	1000	3.0816035772894105e-05
0.24810705415289988	-0.2725767641119805	0.9533373314250639	3.1329446146116404	1.006493205176814	0.24995759728984232	0.105550649275552	0.1165908382080083	0.06047627812562407	0.10275822238047008	1.0870359737692077	0.0059167018092410395	847.2860772611207	1000	7.221545590929214e-05
0.39680676486146443	-0.44529697265170576	0.9813507311063637	2.901101946265264	-0.013975752465870456	0.24024862995577623	0.021902688934476906	0.024250295067052997	0.02496571058460668	0.10105480375178587	0.08337573667493647	0.005849074350941757	864.2281125382538	1000	2.6503835389040018e-05
0.837861119468881	-0.956379268333678	1.098759754259468	2.6079744210492275	-0.8221008654518263	0.2417111806821418	0.18233404094246458	0.20906541221256153	0.044654107054817545	0.17798371788375766	0.15199326309255912	0.005917459848250498	928.8972412607225	1000	0.0016845430277980902
0.3984128041187647	-0.4501249458144073	0.9639731764191825	2.798811755195053	-0.0052582717463759785	0.24681059487834514	0.021872518843916153	0.024382747788581297	0.024631837987581503	0.0994028288816855	0.08316358398318918	0.005913949168655092	867.8383813172152	1000	3.443485970551564e-05
1.047546906760074	-1.1847399076703164	1.1426988434832623	2.4650256229719205	-0.9401837738065448	0.25363212631524384	0.1646148243160258	0.1895667914229003	0.03418549567775225	0.17667180517605682	0.08863426468124656	0.0057839209298628244	832.9812064744214	1000	0.011603057962808128
0.4021506536350015	-0.45095245174911913	0.9811435143291641	2.8676497164036063	0.001796245358900968	0.2503242977190638	0.022055435640270467	0.02441429280345856	0.02462803336174469	0.09936691253753484	0.08356470880359164	0.005954768546918097	881.5613060014681	1000	3.710560560564622e-05
1.0683984843046	-1.177644228133442	1.1656456299840279	2.53242598367544	-0.9472036710104684	0.24263925236754386	0.19216459366467417	0.21569138891278022	0.03865704810077775	0.18122886222038007	0.10030040012010105	0.005934901970352966	882.899503301951	1000	0.005226441423982366
0.40315649951012417	-0.4393397618914577	1.010783062066741	3.052126932153502	-0.01570602074734996	0.23710012725728005	0.02231528599606806	0.024017860890081913	0.02526154569582505	0.10278967484029328	0.08384193616987128	0.005767709656678861	871.5877957875376	1000	9.036579423146069e-05
0.39721951381820697	-0.44676727199846444	1.0205759700691739	3.1556219793103537	-0.0066313631673197695	0.240399535415224	0.021889929287631057	0.02428471224240762	0.02535079045623476	0.10367235687414225	0.08418797701913483	0.005808468948339612	867.9799169023651	1000	7.446590043427365e-05
0.39985774800344803	-0.45555487889361707	1.000334735376506	3.0073448308919333	0.010075087898090074	0.2565699714145025	0.02197605226341081	0.024700789093805398	0.02491096612550232	0.10136288536794216	0.08451343192196852	0.006017285045646683	898.5608014234774	1000	5.668545590501589e-05
0.9136241295836343	-1.0435228190149526	1.1373041616615631	2.6374665087066282	-0.8643901576132792	0.2519093292883211	0.27540644786047197	0.3147433203135461	0.05893962860757463	0.23368832263695402	0.19666638915116796	0.005868152488770174	929.9660138852528	1000	0.0017042861061778718
0.23023819056561845	-0.25616545745013775	0.9355443187346768	3.0578559004116714	1.1681300504580716	0.2480867677864767	0.012887027108621106	0.014158847361118939	0.02475420375853412	0.10212866094144027	0.15054179756728456	0.00595223652334334	897.1447875258264	1000	2.2345327603910363e-05
0.3997041379777895	-0.45224008880448086	1.0257667751181976	3.1424105136563205	0.0067778920592725354	0.25422852298722703	0.022116310592459817	0.024687930398432274	0.02534942778956008	0.10353794194187972	0.08514731739715099	0.005981192321236451	807.2433457500509	1000	0.00016347856660419303
0.3964005231551147	-0.44776428630326587	0.9774081343148626	2.896928506455196	-0.010074810828361256	0.2416526658810979	0.021797399637134587	0.024285402137991328	0.024793241790973995	0.10025794428551403	0.08328367926645865	0.0058078715251678285	860.1101266129647	1000	1.899693403046116e-05
0.4040576599336177	-0.444358056522123	1.0181174311677779	3.101049913649474	-0.004644507095752215	0.24599073965925544	0.02237013679904592	0.024293533304310434	0.025216721851082088	0.10274988215283268	0.08456383049244388	0.005895048756033939	878.4312496086362	1000	9.454067035631867e-05
0.40028700726049204	-0.44719812874413534	0.9933959488045503	2.981824074365905	-0.0057037343040929	0.25208768389832326	0.022286313448942104	0.024581634529295963	0.025047078746863304	0.10190074118366148	0.08477957762721004	0.006014742673273463	738.6899625334199	1000	3.293176680050534e-05
0.4039699338648921	-0.44571612448664083	1.0066671974620034	3.0059804724735635	-0.0033159806097044233	0.24460783385776516	0.022229728467865913	0.024217587787063954	0.025025461743487503	0.10152704921131954	0.08385853646632081	0.005859244718467869	903.7722790699282	1000	5.059547655722905e-07
0.40076691030379963	-0.4532031960642709	0.994377437895413	2.944966491916578	0.006233505072487124	0.2554271087197473	0.02208602317468884	0.0246427074484855	0.024921382965395717	0.10098509607077001	0.08434974403591483	0.0060221021998497735	807.8892552298342	1000	8.103583706743103e-06
0.39784948259852404	-0.4508891881368909	1.0193590597136324	3.1239525866724316	0.001427291224442494	0.25025080218693413	0.02200928522628361	0.024602592679015243	0.02531746945136401	0.10350314075127294	0.08484423250405537	0.005941229848456487	932.217682845421	1000	1.0811587855188885e-05
0.7235539912529455	-0.8386258541749747	1.097644480868205	2.7894933568435993	-0.6951045431905399	0.25474904448996066	0.28604511334193183	0.3291588792144197	0.07742523526637005	0.2146781811930747	0.3290281612857451	0.005708575502585586	831.5433412399461	1000	0.00017510813048221476
0.4049151334337919	-0.4460707773620342	1.0123224484184716	3.0289024701552214	-0.000978000620497278	0.24934957243542863	0.022400252371747094	0.024372953716104408	0.025154260661451173	0.10209257962620123	0.08447233457850079	0.005958727980653217	897.1899409120407	1000	0.00014798832210255868
0.25441500865815214	-0.2966193621237105	0.9435550743689968	3.086050965553778	0.8809424255218258	0.26333402913230275	0.16032660631898385	0.18682566656652172	0.08714801275956591	0.10202437644284304	1.5345177987911072	0.006079521405515286	837.0399353279876	1000	5.687200883744142e-05
0.24969882757821724	-0.2804079441473898	0.9482431699391192	3.08255158131239	0.9680359547698876	0.2485869995029664	0.07468987366214062	0.08337181962887552	0.04493620163852749	0.10102610188026809	0.7610812864413865	0.005698306803166883	807.8885661325261	1000	0.0007955372363915351
0.24881832348311086	-0.2784135480795087	0.94432224260609	3.114385969363424	0.949718130179614	0.24981894520145037	0.013971116315658706	0.015439031866497513	0.024832059096056156	0.10298912036545102	0.13918289612611273	0.005973565403690754	846.72764030168	1000	3.1561867749592937e-05
0.3939656227109664	-0.45037958012108503	0.9939636527157577	3.0181447839921303	-0.00609827303847711	0.2446233862240602	0.021714655857010542	0.02447291754913752	0.025173949307190947	0.10286858622540451	0.08397786650210806	0.005875366492088023	840.5637564334595	1000	0.00011051978516359129
0.3996491294048019	-0.45642310813494535	1.0073033592308025	3.022425364943049	0.012289641619789649	0.257906820740918	0.021988101581538147	0.02476896594686071	0.025041035529642947	0.10197478943698386	0.08468436074892308	0.006020575928713901	867.9940825602982	1000	3.544939138587754e-05
0.39357358207217663	-0.4494450844158556	0.9945086203834373	3.0335763973246523	-0.007953054189004317	0.2444651883968556	0.021747189681998475	0.024487060496098383	0.025032961354583508	0.10202292267488752	0.0841519052581159	0.00586448797025061	789.2665946347533	1000	1.4297424410068003e-05
0.4020405312035	-0.44714426165505433	0.9978103324905916	3.0108250459740287	-0.00364883731132952	0.25133485330190997	0.022308106023146045	0.024495318170756165	0.025025341911087604	0.10189555417804695	0.0846685106204302	0.005966389703857705	831.5326091706744	1000	0.00014365063621221255
0.39632316418708247	-0.4550400511827546	0.9850583485845233	2.9327710455769758	0.004061891173871027	0.2539219603925568	0.021808223760462632	0.024692644753651696	0.024868800810938403	0.10104488178236529	0.08414480478806863	0.00598877524077449	857.4109631003193	1000	0.00010009555173141797
0.2454488769427527	-0.2715536229544405	0.9525072465224275	3.1521637877449002	1.0023663363042747	0.2461700669756082	0.05898307250936105	0.06353351529307061	0.042432056684716175	0.10954084578068124	0.6146933202555167	0.0058177509405768985	885.1095845716668	1000	0.00022144846133521597
0.39471695206509644	-0.4540965467791604	0.9706445983133887	2.9013364763983263	-0.000957506355003405	0.25584072550682446	0.021857780125078195	0.024793643915741473	0.024774758730150077	0.10077937858844206	0.08445477610777107	0.0060023853045116085	774.10543665105	1000	0.00017046472963028452
0.25087203914467887	-0.2789688235533566	0.9348023519081642	2.995693909177847	0.9427343987288903	0.2480476534307151	0.1034153746191767	0.11455751730835875	0.060030345930457044	0.10591102498787318	1.0220277201037338	0.005911574751348714	824.6031700319987	1000	0.0002830993960925493
0.3993523277495406	-0.4533511426426575	0.9895896723558498	2.94953430170025	0.004486774858536262	0.255975602198665	0.022047549275711203	0.024694287818274485	0.02495611200895463	0.10156143158853438	0.08449060301257677	0.0060055255984571565	882.5415140284263	1000	9.804702931755192e-06
0.7744611427808482	-0.8824065136982253	1.0891714555441003	2.6719790641820156	-0.7556205397423456	0.24793243407118176	0.2464084862201102	0.27971809231871714	0.061277976469255584	0.21846609969571273	0.24502475684057193	0.0059550101111721454	865.1998763217442	1000	0.0001971578953034034
0.2375720877939646	-0.25932085939048183	0.9646232286246755	3.1839728685273796	1.1380510267127555	0.24819037105309535	0.01324743932879648	0.014292232848851562	0.024797102773837627	0.1025058327241029	0.14856058784039733	0.005944611510236683	874.7505206733554	1000	1.1543775193225357e-05
0.8664692103257096	-0.9770547693268279	1.1348645462476956	2.704262435841753	-0.8205443191314876	0.2515307565044892	0.13353100932112294	0.14879824166327885	0.037284444710260746	0.14174532482918145	0.10693351643990755	0.005942120060595877	873.0865423676926	1000	0.015372033261430966
0.40550653891385025	-0.4519975742001096	1.0210917216799527	3.079317865171722	0.011291408487539885	0.25800890484418887	0.02239225797876394	0.024642919726211684	0.02514312776231116	0.10240324162462895	0.08506582681476543	0.006028063940471207	836.1798474806095	1000	7.049486875677999e-06
0.7066114751692029	-0.8025568174257609	1.0913820972830333	2.810756829814408	-0.6684885730645957	0.25016286450666153	0.225040441396974	0.25213492688728334	0.06278499683330993	0.17278557052552576	0.2756779029195309	0.00573619199627333	877.6966120562224	1000	0.00012003662467232576
0.8014030115478227	-0.9126971524730244	1.1198518851544228	2.744100472925058	-0.7669354017785543	0.2539901475922241	0.26647978995940375	0.3021447296793835	0.06912133029816978	0.19996045416849265	0.25176462271265165	0.005947217724614276	826.9118705265796	1000	0.000402449469879613
0.23190555246491643	-0.2653419170134142	0.9519348676922023	3.141010581745296	1.1664787674958452	0.26130571413161124	0.012961356492604317	0.014635648127389028	0.024867963791380867	0.10297776744719761	0.15029054423735766	0.006101607956188788	867.2514847137903	1000	6.659902942311966e-06
0.898700494122224	-1.0143548401933575	1.1284622897148437	2.6302095245737123	-0.8471657854262457	0.2554469013633593	0.22075225641265625	0.24595112460578195	0.05275088934854798	0.18721236295255336	0.1632380324403567	0.0061194726144158445	818.507825936372	1000	0.0024800488185763828
0.8702464130921317	-0.9714294689106211	1.1215343769029535	2.6488686131247965	-0.8269880225699731	0.24188561749807644	0.19329908979390195	0.2231330778762348	0.04357067152455767	0.18681904526769447	0.15462060737420938	0.005975619390462412	923.127254544758	1000	0.003295872270356657
0.8913195728339331	-1.0029125341525944	1.1305263489881976	2.6536359586795903	-0.8419068683345055	0.2520411184329427	0.1525421101085562	0.17076473494595454	0.03838017847701824	0.15735616119460297	0.11136381892373289	0.0057042668485771395	842.7701797236664	1000	0.00425643700217946
0.4022671739671866	-0.44588123354225556	0.979901765380079	2.8619421211274796	-0.007701372761027552	0.24427109413137416	0.022134284481418385	0.02422076892959686	0.02481095910466257	0.10027298830770665	0.08332429717506333	0.005874668212032909	894.8307680165556	1000	3.3231896549390196e-05
0.7015763952621117	-0.8143837704313088	1.0793372870172755	2.744741327532947	-0.6777361204620338	0.2533735681032125	0.2878503966891366	0.3352112305412322	0.08185965067694406	0.21112987110018466	0.3498712261340214	0.005940087933688619	922.3904630125746	1000	0.0001533901368957353
0.39792480560364785	-0.45043577653927697	0.9910011473173541	2.9418358941907448	-0.0019316025754026478	0.24783277408209467	0.021915103965403145	0.02447182666128181	0.024915980886502043	0.10085290652145429	0.08387459070979897	0.005899244924048997	879.0584311779385	1000	5.1559654389284106e-05
0.40197876168440655	-0.4466469652550075	0.9784665617158403	2.8705526634720138	-0.006762115979910623	0.24527169861311782	0.022114620423484582	0.024260685002960438	0.024789456092855603	0.10032916336812324	0.08342382467070282	0.005882154847132469	733.1504170129849	1000	3.587369375681834e-05
0.3973722705829525	-0.456424185518159	0.9982159965488921	2.98250539511322	0.009416459751361222	0.253370003264058	0.021762252444383647	0.024646797460050794	0.024944089678439422	0.10118837791309718	0.08405917011969825	0.005957262032509146	920.6674697988	1000	0.00011646252437922438
0.23915039721975828	-0.26565216417123827	0.9455444967571469	3.0717947951242595	1.11546696550458	0.2553555975449204	0.07922635796122185	0.08850384253683256	0.04653188130075944	0.10383469683146553	0.8832698642138817	0.005970971383024025	939.7354528838946	1000	5.7540812551383784e-05
0.4014516067545533	-0.44769911606070883	1.0134741151467588	3.101418124696379	-0.0016640530583842232	0.24647558886789883	0.02212870299922544	0.024358019690909147	0.025178627307155407	0.102986074300651	0.0843866588329224	0.005859309518410065	786.748479844306	1000	6.700168094281754e-05
0.40303579137055	-0.4472757469036463	1.0038140118543308	3.0043003739117085	-0.001689369428146647	0.24890117415046747	0.022261733611965928	0.024390028090501017	0.025063480472952624	0.1018654189439676	0.0842877352829381	0.005931131683368903	918.4926859925615	1000	5.1765699797936175e-06
0.4015452346401035	-0.4545577905005158	1.0022621713314497	3.0066370475819086	0.01028754601443782	0.2542590462739983	0.021995989119166445	0.02456271065679096	0.024850992392145898	0.10102946684704432	0.0842103829888715	0.005916150436059282	913.9667462417723	1000	2.290516189772925e-05
0.2527483539434333	-0.2840793199815938	0.9365167031293333	3.0323938188218493	0.9062642322011776	0.24928112297442978	0.014127717425708033	0.01567358499641725	0.024795421566404963	0.10226063056323945	0.13587138264730284	0.005996238190324822	882.1968204964995	1000	1.9010342830077162e-05
1.2406197740128815	-1.4176192439928743	1.1606544407395998	2.2920261420525114	-1.0364131306300668	0.24750394773943774	0.15935267169312994	0.1839904123296005	0.027132989767265726	0.18090800822662684	0.05727943041524286	0.006187811011673995	873.2090981964111	1000	0.03744862299527669
0.4044142533771775	-0.45546489393787826	1.020247608865187	3.0948990275145953	0.016437150153909105	0.26193704072609614	0.022295783776993455	0.02478447166991648	0.02516482062180733	0.1028380694913917	0.08526599020962011	0.0061047708941745415	933.036135947333	1000	0.00010280202633580589
0.3949552812195695	-0.45402291590815325	0.9944780670834099	2.9566156873129845	0.0024526853403161065	0.24732177255853172	0.021636009255612994	0.024520665672747334	0.0249155959179355	0.10082440335922264	0.0836401935851449	0.005862103240735493	889.6522082802412	1000	0.00015222824618985772
0.24628312407366912	-0.27404409400806434	0.9365871945403118	3.0363616983898223	0.9912544912900483	0.24933668789948568	0.10010527076864417	0.11168922439528033	0.05754602363849809	0.10203672112420978	1.03593173813177	0.005954149257846778	848.9039370055576	1000	0.00027996293006157954
0.4028663385393475	-0.45421124743007535	1.0322284468584377	3.1673128399080754	0.014071075371331095	0.26106296462622397	0.022322428756075142	0.024837287251761486	0.02534432490322286	0.10361593077413328	0.08570052182184736	0.006074798040164271	841.1460864339168	1000	0.00014830396258349893
0.39607504179571734	-0.4499488188433466	0.9862251412469439	2.9450510446993126	-0.00562520838689429	0.2513545239897986	0.02199964346652771	0.02465744808851951	0.025183649776547207	0.10276850597762052	0.08448352283023677	0.00600352002823618	814.8576517345718	1000	0.00018963372316864794
0.4057609466664049	-0.44996362629298176	1.010656766169464	3.008043049942844	0.006801899999279314	0.25609303507023856	0.022435351972954924	0.024572370805997067	0.02503635176890049	0.10161808347090565	0.08477621072653602	0.006041573778360924	841.1411502820189	1000	3.147432822916345e-05
0.4005832654342083	-0.45319265588421576	1.0134358457638404	3.0654216854098375	0.008019027766796322	0.25492364306304705	0.022088573109489966	0.02465764783220549	0.025235254913890018	0.10299916821582904	0.08476776813602141	0.006003765982010855	827.33681570316	1000	2.605471441620286e-05
0.3929839428136306	-0.4485371311036388	1.0049422140160236	3.119890442096027	-0.009594641948432372	0.24463376872356854	0.02180651184137008	0.024539783967335964	0.02537733703020186	0.1043751391635449	0.08465815107666232	0.005885175855797288	859.7676663415111	1000	0.00019922683361506212
0.3993102357374534	-0.4475864120653473	0.9801647010194477	2.9021792490373337	-0.007133233386241489	0.2441124719878793	0.021957775342591596	0.0242876974343451	0.02476441350447574	0.10005214078016969	0.0834481439232827	0.005861418070035964	775.7267892972654	1000	8.208545203633898e-05
0.39496841532577687	-0.44683538136427897	0.9880146514980699	2.9900932686482657	-0.0121886905672716	0.2451018533270819	0.021939832876418527	0.024483969124100467	0.02517776942827116	0.10271045832165465	0.0842920007228912	0.005919168944526626	768.7591720973455	1000	3.336774801712888e-05
0.253988330127258	-0.29088846089561754	0.9344668389297771	3.021861804242828	0.8864703416878136	0.25073189585470146	0.0981729591967534	0.11208692040734276	0.05676187788993578	0.10539690503070065	0.9423236146094398	0.006089930429979093	742.4214300435243	1000	0.00044092821177201403
0.4010499222098842	-0.44834440228900513	0.9926202740768296	2.94902510236308	-0.0029266308115221324	0.24864521493744415	0.022126258211892298	0.024419567926753153	0.024946360122907657	0.10129527895497636	0.08402378314778323	0.005928804797828939	870.0754394054088	1000	1.81512966408606e-05
0.23866636064233593	-0.2673702542648443	0.9373910269111011	3.068441020850645	1.0618676993901504	0.24645834893965815	0.12570941703124847	0.1410494767553874	0.07075834597063314	0.10261683959622109	1.3800965772922371	0.005853256973552166	851.8445893040068	1000	0.00012655752332109803
0.7638077917525566	-0.896928719931166	1.0887272327881048	2.6961364865448405	-0.7551273647224015	0.25129196906729134	0.23158370006374238	0.2730246638774545	0.05939768034116495	0.20298390467589117	0.23363992483565013	0.005815032078220652	944.7837078371941	1000	0.0005485177818144284
0.9076403828904298	-0.9988456006814472	1.1578396433081133	2.7900556159580656	-0.8552232493038368	0.2479668099006486	0.14640697046376785	0.15719079012557058	0.038486348705386246	0.15525717956180296	0.10667295846486038	0.006168227378577034	779.0072455696134	1000	0.0034490156388745623
0.4018785908699964	-0.4469579856620233	1.00873149167752	3.042919850990763	-0.0031783100988192767	0.2434252738641143	0.022072996734004938	0.02423069390351335	0.025036668304643506	0.10200421451351882	0.08381881659424976	0.005827902659933832	814.8853439721215	1000	0.0001423584294602915
0.40300404112132554	-0.4553287982372433	0.9998120123305042	2.9268870563771032	0.013166588281906455	0.253372836714917	0.021973961383967094	0.024498556345772204	0.024820226462948156	0.10021950180249227	0.08367449852595292	0.0059605038809990435	801.4123227024776	1000	1.6477387657040598e-05
0.4040631604488586	-0.4524285261520446	1.0169720561869549	3.0544558482808246	0.010526119816669944	0.25546747296791916	0.02223446422440709	0.024576450479512332	0.025066323847906413	0.10186826886751726	0.08465721090638703	0.005980410675162644	863.32225645788	1000	0.00011119602978356886
0.39919935381982924	-0.4487111675344208	1.0069312378838746	3.06471894235593	-0.0026714371696264605	0.24794210960993193	0.02205702109142185	0.024464097528125384	0.025185244679373626	0.10289246856383345	0.08445119803719213	0.005900648847839816	861.5336602340271	1000	2.836519753891965e-05
1.0159385571813626	-1.1521482092081625	1.1432317253450797	2.5152024453466284	-0.9352538562571415	0.24586339992352982	0.18068162468849816	0.20186724805221942	0.03933745612542463	0.17061687448959315	0.10136394769329202	0.005859457033508353	878.5174199890149	1000	0.005869472819324023
0.3956507013077977	-0.452758524991373	1.0087251221129565	3.064369201853184	0.002009920180588409	0.250118345006857	0.021823614897587898	0.024628300910118656	0.025165438824857455	0.10254017825408561	0.08449013327467307	0.005956521889001972	902.5621111215893	1000	0.0001380538192655962
0.40387726998276874	-0.4498523036966676	1.000370470032214	2.9628786668011506	0.003583343150349235	0.25477603219448614	0.02233530806860793	0.02456298347596538	0.025019970129063467	0.10137010006649608	0.08454698718590636	0.006049653614240919	872.634906886424	1000	8.679532879151979e-05
0.39621171432292274	-0.44798290223539133	1.023155664844149	3.2211926580077086	-0.005338374620243061	0.24572256449556862	0.02198018466433308	0.024512331855328577	0.02535522893113495	0.10413013403044293	0.0850663257919454	0.005865160496104528	887.9633192879027	1000	2.800601466852979e-05
0.3997997660050274	-0.44865133164718923	0.9876844320318255	2.92413593557073	-0.004092720400380659	0.24745242637582926	0.02203955755195355	0.02440545598189198	0.024957016923725987	0.10128010056800694	0.08382871274611739	0.0059058488872763765	887.0139400617404	1000	2.3452784286881538e-05
0.8581936772758023	-0.9847861411210365	1.1210984933085086	2.6722663661861463	-0.8334349472936607	0.24751556192547938	0.2208549765422767	0.25341521540697026	0.05225262423837553	0.20169492798374541	0.17576558800641864	0.005780418745946003	856.0673996995048	1000	0.0017624756429778226
0.257712774636105	-0.2870019283768951	0.9595125370663536	3.145983071552342	0.90339489600408	0.25733639889181037	0.09187126068339455	0.10242280256187783	0.0538740061419147	0.10614269449812479	0.8738563214738962	0.006378088358286095	869.7248445771322	1000	0.0007730534023429102
0.23400630014695112	-0.26091101602668504	0.9571449084353757	3.156701442782634	1.159610016644347	0.25311005165234784	0.013060980819384053	0.014382261847315355	0.024856573056602625	0.10265802064690623	0.1497733966607211	0.006008199358161865	859.2487566092791	1000	8.335053474444784e-06
0.989203604326204	-1.0693634641881071	1.1684033504520948	2.704766513084558	-0.9042879504984248	0.24160884767392837	0.18501020885485966	0.19665993588714273	0.04071345426915254	0.18866053894952797	0.11374191661479618	0.006272001685082733	861.7542127612276	1000	0.008074387131477666
0.400065583424261	-0.4513991884559545	1.0118847774388926	3.063990978519665	0.004044681758178638	0.2531818658546173	0.022118985052578748	0.02462486938456133	0.025183892514988832	0.1025551969422748	0.084793512235391	0.005993994268795247	872.5067292945187	1000	5.1678424774545564e-05
0.9916382430221278	-1.1297558154070189	1.1519412734885717	2.6455561485191024	-0.9250967839566866	0.25229275553663383	0.16893432580050363	0.19288030846749823	0.035294603304512805	0.18352997157072243	0.09812689975061366	0.006111617872959145	869.7516112897716	1000	0.0031927178272552737
0.3979857475786365	-0.4471923339722387	1.0193241863987146	3.178861225372637	-0.00558877117095344	0.25026037940585305	0.02221241404841024	0.02462659432232501	0.025470878826445505	0.10470878973774238	0.08546769765575964	0.005982489684412211	819.3055230378768	1000	1.0245122859544953e-05
0.3964392669767908	-0.45767990540890807	1.0013876273972901	3.023850254841303	0.010741934869057545	0.26013399644337126	0.021901206042094817	0.024930300336524196	0.025180724784063382	0.10289276709363308	0.08501734008740858	0.006065432354085663	851.436337641646	1000	0.00010385248786732353
0.3969647386517368	-0.4483715450733586	1.0118447372580501	3.1143506688400433	-0.005009943442564614	0.24702618542451307	0.02199992897572939	0.02451176534020624	0.025327273951839164	0.10374911964812623	0.0847074366970494	0.0059080842663653405	779.5463089004156	1000	4.7132814161182796e-05
0.23959711164733985	-0.26594824152876856	0.9480436019347177	3.1014436662668907	1.1081777430102642	0.25445470410080595	0.08276722946455102	0.09181067292432452	0.049085456463289406	0.10051916176440885	0.9168183451789267	0.006100936209359293	871.270347512271	1000	0.00029232809829148634
0.39974783730960783	-0.4484451500906753	0.9952562366624695	2.9855159574152865	-0.003697485274848616	0.24643850229475162	0.022024594502800053	0.02437976016012741	0.024940506308532964	0.1012569734934007	0.08396321382513405	0.005890931075210007	842.8486008940538	1000	5.227082861175918e-07
0.22577073145156326	-0.25825816641507415	0.9391852966272989	3.1001359371285706	1.1962281691847418	0.25129570474945	0.012612783824820801	0.014233747225828085	0.024849684578647755	0.10297310455192436	0.151823607677548	0.005974318432488163	892.5093257820994	1000	3.747520364032266e-05
0.24054519493207482	-0.2650324274214177	0.9653580718807497	3.2336210732190835	1.0776489025550824	0.24762736609298105	0.013465706872054029	0.014656349269357985	0.025063857981220235	0.10453293019582231	0.14600360627746814	0.005896316448238521	871.7715732665583	1000	2.5932832119540348e-05
0.39561358001698677	-0.4486254634296017	0.9814971583513493	2.9619297710939048	-0.009000023420149092	0.24573175722177115	0.021866067048660214	0.02445065928973213	0.02491094230641361	0.10126588997397333	0.08399237563854679	0.005874177058751881	843.0215252281947	1000	2.380726476815517e-05
1.0078803819445152	-1.1281632593050614	1.1430709193710034	2.513439779002029	-0.925050268838546	0.24409679116490648	0.10503140918209514	0.11628366817041685	0.029492110397009275	0.14122952201136837	0.05758635863992756	0.00563276273860478	873.8358580680999	1000	0.006772332395768053
0.39637240059005596	-0.45155774876661653	0.9912898027757766	2.9724893660817533	-0.0014963498119021277	0.25058180698590626	0.02189827993281688	0.024607833884464334	0.02497126175327095	0.10141110631088142	0.08428859875491419	0.0059942940038076225	882.0998802162958	1000	1.8849347027863134e-06
0.40040260562923147	-0.4513559297265498	1.0058552685446152	3.0188872241637665	0.003792340192405319	0.25153495205423454	0.02205942009372011	0.024541506560997395	0.02497162832782516	0.10135100468343332	0.08437439813473017	0.005954960291446488	840.2653539685188	1000	0.00010429769648294565
0.845406170242069	-0.9533132705418986	1.1349018591883242	2.750619969180175	-0.8091588815398936	0.24839795473624596	0.21612989750821415	0.24354418077879295	0.05189928753212704	0.19701099886566542	0.18183399009409343	0.0058044408828483865	894.0391825633336	1000	0.002072206638168706
0.271112696488674	-0.30485196334059267	0.9325925454075605	2.9842033011549156	0.7351290188220858	0.2518148201377022	0.015168621781147648	0.016835485690037965	0.024725168074205748	0.10177735160809157	0.12649402395136813	0.006003319361897821	918.3821837410976	1000	2.2132308220480626e-05
0.39884991757508814	-0.4487322328786162	0.9977056879830843	3.00248379729649	-0.00383372733925666	0.24634207098733343	0.021976950189522566	0.024402498912546356	0.02504647379454636	0.10198294206526541	0.08401568360468394	0.005925134749157061	873.0724074744454	1000	1.0304349386108923e-05
0.3956480921608799	-0.45435370528268904	1.0148467021275902	3.1179272869921926	0.005415281946727843	0.2552744069607486	0.021924209972513733	0.02482239228283291	0.025312443330769308	0.10350001233651997	0.08520172546294663	0.006032641176643025	874.3547520724571	1000	6.768816072892883e-05
0.24455964498745666	-0.27152677078226917	0.9456934335460023	3.0566929799968277	1.0409477003010421	0.2501688427398332	0.013563522348759457	0.014871181088715437	0.024703724393137706	0.10199983471524932	0.14212330852685304	0.005916535354186959	860.0108935338992	1000	1.5128865852094136e-05
0.40230408365029613	-0.4488889263940561	0.9887313673780582	2.892730569013198	-0.001009468099319859	0.24558071704249054	0.022032555782654006	0.02426587624595574	0.024802678128720192	0.10020758272164333	0.08329613017656264	0.00585261079104826	834.5484417271945	1000	5.697360199413326e-05
0.2539296436971401	-0.29306367389227467	0.9179109393025172	2.998171291371387	0.8068788651769692	0.24180754105435537	0.014254235828406498	0.01621635667748841	0.024861550318507546	0.10262242345393052	0.1310095482830543	0.005896906981279	890.4590609680411	1000	6.23282915063117e-06
0.39969540231751044	-0.4455084327848157	1.0159336032935256	3.1177742014197505	-0.007086692496789567	0.24610166535445765	0.022198093548308175	0.02442594470871199	0.0252934147044839	0.10334256545660175	0.08477820906135758	0.00591511566885743	879.292214473114	1000	4.508885884998698e-05
1.0138941668779742	-1.1582879821226308	1.1583456781147603	2.5871105919008137	-0.9262670051040071	0.25308393156295383	0.1463143374424884	0.1660858409614739	0.035722221149406624	0.14051753807460435	0.08388422139273706	0.005752081812868216	864.3004664237183	1000	0.019484364526004175
0.40180901092832483	-0.4492127998545661	1.019766440097828	3.1276283650763443	0.001922991170153825	0.2482952360995175	0.022127769578703764	0.024415974501188525	0.025153276246554133	0.10306491523512107	0.08453122054183886	0.005871974210043532	933.8065087176703	1000	0.00015996824514611017
0.4011860016430813	-0.45972960327658974	1.0182049588291835	3.0696479256032085	0.021131960814151737	0.26950903963840334	0.022239403288191174	0.025145103498024107	0.025192834524232384	0.10281616522173496	0.08587890274327029	0.006165659830380809	781.8700429158921	1000	5.39634356675014e-06
0.3979914546621356	-0.4453242944854131	0.9870052436362162	2.9762545156276015	-0.012297032611813592	0.239953679541293	0.021919335148326727	0.02419851910629606	0.024936728070218073	0.10145036997593854	0.0835373133099894	0.00580873299621781	926.7379640498473	1000	3.2765357596928715e-05
0.39896253653301456	-0.44978382928428806	1.0056162043886054	3.04499815994569	-0.0008556813157095363	0.24848407549528992	0.022012898623690005	0.02448596279744502	0.025127314991039276	0.10239325165423287	0.08435205587400958	0.005912182266925001	774.7989866389238	1000	6.715191261979995e-07
0.2728887119903351	-0.3062237943635748	0.9367743613377265	3.0098499757098227	0.7130763215364677	0.24947178637404546	0.015286984024719716	0.016935661986501198	0.02473983355031073	0.10185401617793881	0.12551490856766626	0.005984598810817527	851.6545764821487	1000	3.677833663838139e-05
0.4075528248500148	-0.445743089843167	1.0062554745149153	3.004159640046326	1.186855800869443e-05	0.2510754662369992	0.02253226593535808	0.024348553152898904	0.024916888391765177	0.10109207461925224	0.0844656320464678	0.005971192201480617	777.9352825088636	1000	1.5342014537136e-06
1.0726090951990424	-1.2166045161737573	1.1621531514852055	2.533667240397447	-0.9709086706221659	0.23674507104384052	0.2528656028876551	0.2905304699463667	0.04467192319603401	0.2419271806246604	0.13144901293542413	0.005450419366038719	817.738225511317	1000	0.02440768602596442
0.39920484050879984	-0.44832898695752466	0.9799510956589725	2.8981723314732224	-0.006159403848455121	0.2503129921817105	0.022123631516594692	0.024519569450313406	0.024952159144949068	0.10121101557218024	0.08415786931144574	0.005996565982486607	929.4578985191604	1000	6.0907854584459484e-05
0.39664463904803215	-0.4564370886965369	0.9975567209597888	3.009791965431332	0.00815922081307632	0.26001658479545336	0.02196041758353075	0.0249233818968442	0.0251513546206072	0.10284277896856067	0.08506690416628172	0.006087181078860231	845.7653197950123	1000	0.00015657756716351356
0.3999725299916301	-0.44744342559583494	0.9938750936475457	3.0038146527240444	-0.005842595266953251	0.24533594686263693	0.022037548580531932	0.024330847117812592	0.024896864170809788	0.10144120281153209	0.08396329072032777	0.005886133362340777	853.0943095098071	1000	0.00016857569740718123
0.9280697200787273	-1.0469894309739385	1.1588107365736147	2.7483735178730067	-0.8695752021611254	0.2552188457075915	0.12284397231598326	0.1395846598966808	0.038948217203341656	0.11640944869059285	0.08324255319462036	0.00582803144741408	840.9844450565563	1000	0.006247771559282717
0.9693212749755292	-1.0700942097552026	1.15221487322726	2.6578996419388763	-0.8992235686682556	0.24790240371156913	0.19667234314990364	0.21908985426243607	0.040234771567620224	0.19677044521750903	0.1268641216834093	0.005894510045816289	923.6688392763195	1000	0.005514997699089854
0.40394287971347537	-0.45162064152321535	1.0109817460422055	3.0510616162201565	0.007963225466629175	0.2555110707211957	0.022273336971815737	0.024580317357981028	0.024936696239686546	0.10148680643234148	0.08475414427399644	0.005959110093854057	907.1708028945857	1000	3.074912181444493e-06
0.4018774854161362	-0.441893185596188	1.0222026519536784	3.1237713713492705	-0.011058134766486578	0.2383576311007069	0.02220545711791954	0.024109940903046877	0.025346623311799068	0.10361334833847259	0.08409009646726559	0.005768655288789008	889.6816683234933	1000	3.720679454456405e-05
0.40612655874733256	-0.45602400707127133	1.0177520822399948	3.0191954974402497	0.019363472639560658	0.26239445357171537	0.02233032533223152	0.02475555369933873	0.025054121857610467	0.10161041346410261	0.08491035359078175	0.006078920650992248	815.5553939314323	1000	6.532164351895906e-05
0.2329398170220629	-0.2574892030083126	0.9522308404656954	3.1781296260548824	1.1405718396847069	0.243089370451208	0.06630194111004177	0.07331795482160088	0.04245264697103626	0.1026855104620869	0.765848125408009	0.005783452726806629	880.383042160283	1000	0.00234363459698212
0.2370865949723234	-0.27219510232646726	0.942396806795276	3.1663446177468177	1.0330879126376482	0.24455730949147955	0.12190040231605956	0.14019485849788813	0.06670633801800697	0.10507183832287713	1.3343278169252544	0.005901441748268146	878.3509567653244	1000	7.758341236779079e-05
0.8893657074328765	-1.024538896872533	1.1407944114915674	2.7237349027521223	-0.8515652069807914	0.2540330045225713	0.12146236908292674	0.1355705789605429	0.031077996862601865	0.1399672631621843	0.09129623027746364	0.005711067273180896	891.5238120384288	1000	0.004246969845788197
0.3998255921597841	-0.4472127066464079	1.0064284738774976	3.0124951005843124	-0.003191252873831784	0.2439627511176839	0.022015005933981584	0.0243000268562279	0.025084555077179785	0.10167603388475882	0.08390944687607292	0.005871491878217444	813.4828190636522	1000	6.618461277440163e-05
0.7934618530332135	-0.8995996911728085	1.1167114304220322	2.758160285531778	-0.768178803959975	0.24730203562603337	0.1779053273339722	0.20025077459766286	0.04856532048247537	0.16060729805586355	0.1697141234206923	0.005961234137150734	887.2759835568419	1000	0.004752786018652091
0.40262472497596796	-0.4514823464528872	0.9934818261734804	2.9079294826753572	0.004953111184132677	0.25269091096903556	0.022140769804968412	0.024509306375467853	0.02490277624223972	0.10058197956063321	0.08397732269918823	0.005977460790331246	887.9473994493507	1000	0.00012575611259376643
0.40545664159548495	-0.448379112152072	1.003504437378262	3.014771815064533	0.0025808576869347614	0.2557593919291965	0.022477584908958292	0.024554300269764885	0.024986638872689385	0.10172941702055933	0.08490468465721815	0.006028280870629337	863.6108427229192	1000	9.357763225314036e-07
0.39683439440149765	-0.4498726408688411	0.991176556498723	2.978444250848143	-0.004408634871919879	0.2469769760225406	0.02188376431403354	0.024471888541449223	0.02501353887130528	0.10180346649173286	0.08400741736942548	0.005907680569011216	851.9181318023908	1000	4.074381971393844e-05
0.8837408271961092	-0.9871353651504788	1.137856079862323	2.6658445648628994	-0.8284897985796227	0.25362954148550326	0.13611821561499796	0.14728116384807255	0.03720230135278407	0.14033524212481538	0.10239495024737622	0.006038898206271533	854.7402039803852	1000	0.004895332804290178
0.4002429053410391	-0.4489987780923982	1.0067593377584634	3.026084333068131	-0.0009891090074468573	0.24626118935684074	0.022013231167223923	0.02437023381726832	0.025065949904606255	0.10201355981169274	0.08399167611199296	0.005895975182099041	808.8851783205254	1000	1.747133643868642e-05
0.4061131082921604	-0.45290447726137945	1.015525143689005	3.0553307173970974	0.012864172214627666	0.2597514089215028	0.022404762550763683	0.024674664463122255	0.025007380730420064	0.10175265229111947	0.08504741883469191	0.006063415180129115	862.1166289206762	1000	7.397270635260742e-06
0.8393832096401229	-0.9605703177404198	1.1478872094198733	2.841759591664823	-0.8070685518322888	0.2560332257792795	0.21752177822598598	0.249949290449423	0.05334390726824705	0.19564273826659992	0.1909570134244	0.005751130187940291	852.4209223055683	1000	0.0031476744186654014
0.4006411659992986	-0.4493544438291523	1.0109546285089324	3.0492660307675044	0.0005745556852397978	0.24935038782158625	0.022114989150615768	0.024478834583147913	0.025198722647546037	0.10272991315573353	0.08443141298011173	0.005918121231219352	836.8333509167571	1000	6.80536791370997e-08
0.40366946318930735	-0.451934899540487	1.0189560240114988	3.086883252051247	0.009102269706321522	0.25314671090436186	0.022186503726112833	0.02451658095915099	0.025067157101398032	0.10222569317082945	0.08458458033060191	0.005935762289054859	865.5420401128456	1000	5.026747546539356e-06
0.23838877563633457	-0.2659996791555844	0.9358495430461657	3.140772650652478	1.004143365392936	0.2386551121955557	0.01348068384398191	0.014851482999939034	0.02503926031105204	0.10424541385578608	0.14340553467711903	0.005880755677940861	845.2337397557467	1000	8.335296579363115e-06
0.4020557667459217	-0.44400788671181574	1.0087842184625	3.056530457222449	-0.008267278799292907	0.24475322527691387	0.02228566573790546	0.0242984130172939	0.02522240865939104	0.10276271811680182	0.08438408677182065	0.005888290197518958	819.259521180129	1000	5.4118467272878816e-05
0.3971765017601943	-0.4461182634846547	1.0131344220906806	3.104126354585971	-0.008963846114721032	0.24206429856105394	0.021975197629674276	0.02435057574909614	0.025446409358689158	0.10426723466719652	0.08430597018912071	0.00585171918994591	834.6889960080058	1000	0.000110913732747292
0.9200469562525782	-1.0355422112338717	1.1318603762715236	2.6038313541308473	-0.8709037649694559	0.24097293877551187	0.15244170423209225	0.17048933743691166	0.038269500826052606	0.154628592205754	0.10700525730888127	0.005935816557367963	851.1935435919397	1000	0.02029053568607959
0.24791854164396507	-0.2744919846458934	0.9235785679455137	2.9845663813128422	0.9450293395907783	0.240923020235434	0.09017944430217271	0.09942373397686484	0.05396439414018772	0.10044711621977966	0.9021474824475401	0.00597735610295674	747.30177279074	1000	5.423813413085042e-05
1.0397803249800344	-1.1982290005780765	1.1347114630778856	2.447541985744215	-0.9535448439586823	0.24539033994881562	0.1762033298822268	0.20400786487890601	0.0329277135751759	0.1926419259015217	0.09302649657049541	0.00570676244366607	886.410041697128	1000	0.008265154317632552
0.2337034985390581	-0.2580874742092375	0.9485885357104313	3.1407738964242506	1.1329596700995885	0.24494821152203253	0.013080467893727502	0.01426987957409804	0.02485434338770842	0.10290661827448956	0.14882879756100423	0.005899335148855654	850.593762202248	1000	9.742535201471746e-06
0.24457246960157739	-0.27415639018111065	0.948012898724843	3.146720782334751	1.013164519860895	0.25170024739407754	0.13989198878363238	0.15667751102540653	0.07664840419457528	0.10333047780783433	1.4724226947951309	0.005934289779550957	939.6241104979371	1000	4.9046534848726646e-05
0.40116783144010953	-0.45357261157199513	1.000155168192366	2.949164260253056	0.00830422758316176	0.251934402748094	0.02197156022433141	0.024510327336917565	0.02490895546966202	0.10070046630479769	0.083869940555681	0.005930063880720286	863.6857926783853	1000	0.0001936205785665269
0.3985167657980064	-0.45177099249545194	0.9971457360352635	2.9752228987314977	0.0019427972015103173	0.2547320052355462	0.022088906315762675	0.02470707924611765	0.025103599390128635	0.10199923228222221	0.08469935829014677	0.006048127789502696	810.0417680538499	1000	3.833361870540174e-06
0.4004411595638987	-0.45246607111167814	0.9788864001331485	2.8713334314469043	0.002568093720905143	0.25269819539801724	0.0220064338210285	0.024533641473182214	0.024775953175037734	0.10036912221356427	0.083802930200274	0.005952449107246843	859.4307640865761	1000	0.00015892647443889474
0.8088876013495808	-0.9189158333776536	1.1237924952113743	2.7668304526730547	-0.7783455112075232	0.2522941426232393	0.2178839504593651	0.24944651783595814	0.05586879223040973	0.1865997172562769	0.20411375062270426	0.006309475598766917	809.7638701194861	1000	0.0031410326198964417
0.3991064289929505	-0.45463974674715246	0.9878624883862267	2.9088768019800115	0.006664088900157359	0.25475085627061655	0.02193557390905239	0.024651730480006975	0.02486387254380412	0.10067205393450179	0.08406133293342896	0.006007044250049614	827.1669262417729	1000	9.457499759222766e-06
0.4031950012520383	-0.4538631465997299	1.0094387350060943	2.996574220324748	0.011733006578621601	0.2560180221154957	0.022152606669829565	0.0246115198334959	0.024939972289576964	0.10088578092829659	0.084429112677059	0.006016847783778408	818.0720794612315	1000	0.00017406726753758895
0.8484303503094278	-0.9467653914137898	1.1172936340605575	2.649801119574226	-0.7962144260664001	0.2547095762582209	0.17820703170337704	0.1989942921174969	0.04719932197771121	0.1509736203674824	0.15120503609024027	0.005968955091708844	910.7677869029945	1000	0.0027307951181889814
1.2611977872954272	-1.4072475828380533	1.1760672225790925	2.3095544693371473	-1.0280722161588873	0.2504421535125987	0.20857181163599983	0.23704370844235914	0.032494322015821635	0.20549100484527802	0.07607224348139116	0.005626465792249046	834.0559095863266	1000	0.007280674530619476
0.23597922202143734	-0.270351796550542	0.9420215984690321	3.145618087941302	1.064037722282565	0.2469711931168991	0.01314460320511303	0.014852238539578927	0.02476964059707204	0.10274137860286485	0.14433032567201337	0.005869662817697927	938.1257304124629	1000	2.9074606587890153e-05
0.28594021080222604	-0.32028055549176304	0.947477185639904	3.03217217493258	0.6225137029363959	0.25005773359391653	0.015948317307330703	0.01763409773847899	0.02477015471640422	0.10207121375279503	0.11997340915462842	0.005954646281384264	825.068560213792	1000	1.9746584126483342e-05
0.395911728552136	-0.4465612239012215	0.9924788503485166	2.970802581298245	-0.010963690888306834	0.24086638331321727	0.021841760368323037	0.024303323424051327	0.02508891844693143	0.10175311642470215	0.08363100399585076	0.005831256093295252	856.268230279599	1000	0.00012289624686603952
