Nu	Nd	a	b	c	kt2	Nu_err	Nd_err	a_err	b_err	c_err	kt2_err	chi2	ndof	edm
0.2386890315928499	-0.2765394461976205	0.9723745708382888	3.2772291454648808	1.1112961273814819	0.2668361510363372	0.029252142040677383	0.03449646811861494	0.03228201222682661	0.12930542200312972	0.32878491162305207	0.01613529127765147	308.255495797059	460	5.6417361741698864e-05
0.9668449902220693	-1.0973632615331974	1.1608221241405412	2.679218711111704	-0.9022983600765683	0.24406697800654725	0.6703370728371085	0.775832740571374	0.1277387795084867	0.5234650542449937	0.4240616859196614	0.01559933578332305	295.5136661036787	460	6.835823801085217e-05
0.4005011231960055	-0.44968534479386313	0.9957239922376983	2.9745328192261367	-0.0005055333355759573	0.25201675795053735	0.04888769608008039	0.0561098574741951	0.034320090482335544	0.12744476831174423	0.1895716831954594	0.01614637739770461	344.9351787724737	460	0.0001183722083885935
0.3965947427392729	-0.46841866313096997	0.997505734872447	2.955691194369865	0.005307812853221399	0.2425097639461609	0.047881363746372155	0.05762599744470298	0.03375014035144313	0.12318944327906896	0.1877926467381177	0.015774490896873973	328.81589072873373	460	0.00011691873818674972
0.4003403588253277	-0.4497358540157307	1.0073143102403066	3.0285355582131626	0.003067479298058055	0.24514799966823023	0.048798783209379366	0.05603676582455686	0.034260260296782696	0.12730750740628158	0.18984661937008007	0.015896417629495348	323.02564184979525	460	0.00011056949362925981
1.1461135264371805	-1.2327705632543866	1.1704715295251364	2.468229535966134	-0.9945744676506343	0.24531443155674154	0.32999054475745265	0.3558787855210256	0.054487876356621695	0.27544443547244724	0.14162506525128918	0.01566851549114149	298.065396707855	460	0.0006246287695949148
1.0013408076064407	-1.1135409940934973	1.1602745154050924	2.6169293917308663	-0.9135528809552885	0.2540603024470037	0.12158185269327033	0.13959639044185793	0.034517628062230764	0.15432736774781639	0.07089326131426034	0.015619291804801282	290.98337189370267	460	2.787610800636429e-05
0.22566711606553944	-0.2647035571998081	0.9600897041237254	3.2794912613777054	1.2079778638575633	0.24639718140778588	0.027693734768251203	0.03304948121082536	0.03225867810319508	0.13103423780450854	0.34137038721174945	0.015864655135258074	294.41387431219323	460	1.5059897118356957e-05
1.3871085364707467	-1.5531534173003985	1.1959165075932905	2.2573966477530756	-1.082756898873649	0.24187484589978697	0.621211246392714	0.6952243488175409	0.05402984590631905	0.5816064243822192	0.17141497494054192	0.015910154629542195	353.31971051491615	460	0.0005085832981908019
1.1128155612020147	-1.2348964245159155	1.1734498983304864	2.5168455797112452	-0.9791293083149931	0.24590637401891569	0.4457675454047599	0.4982842910008807	0.07113451205172829	0.3912038967079084	0.20580175007724594	0.015670326558240164	324.84722680769926	460	0.0005966329703157956
0.399139550402374	-0.45234614847421134	0.9960006726319686	2.9665032953263695	-0.0013525814287401808	0.2427339131328429	0.04853318712641866	0.056185029562363126	0.03411776183660731	0.12595446820604422	0.1885846865112995	0.01600610517511073	296.73909290400354	460	5.83124201524044e-06
0.9925842293395525	-1.1135417591421242	1.153109378086603	2.606107817907913	-0.9175019014687936	0.25001330446602826	0.1209232418877857	0.1399926920349252	0.03455533592763802	0.15556604794539441	0.07068906771888403	0.016184319307341398	293.72470758036474	460	2.1237147429208835e-05
0.39566582553519936	-0.46311585400429645	1.0122246423135022	3.100097707892514	0.001986023533744536	0.25171010593912596	0.048466836006453386	0.05789458217431081	0.034592970156009324	0.12942551996426996	0.19120703715318427	0.01590060352021604	343.99649585792827	460	2.003110542906777e-05
0.26692762234407946	-0.29692650100478263	0.9414401024802695	3.040131308962776	0.76751655510003	0.23707672869386065	0.03269018720998252	0.037087436658570214	0.032353776902543846	0.12607110626021334	0.2855941163281875	0.016015437228596947	283.78696659431	460	5.7787951183976134e-05
0.3924845032608804	-0.4766417777324962	1.0245354698023805	3.187476446284998	0.00750164154087863	0.25809365148547275	0.04813026977627154	0.05956046998464752	0.03476986756901437	0.13067972001527067	0.1924958065386663	0.01610887872521486	367.316807393386	460	3.113162057018609e-05
1.161928492555362	-1.3504678068989941	1.1927308937884342	2.5384101874334757	-1.0045571769807462	0.2508600019642997	0.6169139254328679	0.7288371116186715	0.08923033296944058	0.5164415940758357	0.2603009901048277	0.015445770194299168	306.89234057007627	460	0.00022850475768721178
0.4047955946119388	-0.4495204257434294	1.0026575138335647	2.981152900068517	0.015777511225102778	0.27259290280676113	0.0494586552511796	0.05614613111803647	0.03407514328542074	0.12509123607227332	0.1915442425759874	0.015962721434207437	274.5037410269377	460	6.293705085053399e-05
1.1005706672383473	-1.290539872627225	1.2113565973697478	2.7611855292616934	-0.9829930035416145	0.26209717562070267	0.25971793864935117	0.3055167968351672	0.04847978609122008	0.26111025394242	0.12571412001113855	0.016124053283772595	332.23654738959624	460	0.01224530393120811
0.7366367318972357	-0.7807852851346764	1.1069692177679933	2.8567525952678823	-0.7028164519932192	0.2552472887390424	0.09072234178152737	0.09934764062595892	0.036394624138991305	0.14089774153954918	0.10147728567120194	0.016231957611429395	309.55622663165684	460	1.2632775160804118e-05
1.0145968588438457	-1.1996928304648657	1.1858996892494196	2.7457664046596526	-0.9395667929295282	0.24955067749812665	0.3719314261652382	0.46921307374247756	0.06972535117085289	0.32814239712519183	0.2170944188577788	0.015390861126186095	297.55436193858947	460	0.00030210582087592707
0.25568198146443677	-0.29139966989230276	0.9438226825050111	3.060417391105626	0.907356990523354	0.2591684314295145	0.03125685309085958	0.036264174088752606	0.032010118268964265	0.12534634925839575	0.3020669798076166	0.015896486625270486	320.14992348162036	460	1.0955242662251105e-05
0.999554170751034	-1.1304778128724378	1.1607472637579732	2.6234028183018085	-0.9180673350663213	0.25075089228312053	0.12131851822453411	0.14148718676202243	0.03447127795769417	0.15537984490505882	0.07033926527208095	0.01588781300946693	313.8920917220021	460	1.8530934510447454e-05
1.479402642535993	-1.579106504206013	1.1979736130568897	2.154447576616947	-1.0871213829345296	0.26875659210745556	0.3692357568902611	0.4174512535584788	0.03887285825251585	0.33557282024613755	0.09408273184926276	0.015911099647924507	363.7976331165757	460	0.003042639288298126
0.4012311019512436	-0.448971885643785	0.9969391908622031	2.9878544011240193	0.001079109894764453	0.2597493555756981	0.04917350245690938	0.05625223252398313	0.034369092294672964	0.12742239344267967	0.190625310594606	0.016013224556770983	300.9510316230751	460	0.0001157051322957777
0.2506053966219841	-0.2838921031633004	0.9483271294958446	3.109693495551439	0.9546340191031142	0.2538144006064829	0.030650208545629252	0.035377239921858074	0.03215826533727643	0.12731642598492435	0.30831454792432766	0.016171127539825962	297.3608853322772	460	4.417953299893156e-05
1.1373501496024288	-1.27567908780776	1.1645570619326917	2.438414018907821	-1.0001711654607421	0.2326038732020836	0.1391362293985761	0.16083754156836477	0.033000603223308604	0.16992014603537334	0.0588191165450005	0.01583222994037042	354.544360011225	460	1.0677451384813636e-05
0.39856085006895686	-0.46277354149888716	1.0076750078722707	3.0322622835470487	0.00800305751455814	0.25220496482230775	0.04844609913280404	0.05739459079743991	0.03425772926251823	0.12763758778719128	0.18990133937377696	0.01591290499113751	294.9379041686416	460	4.354232150822851e-05
0.23345787977198662	-0.26899767404090885	0.9602446721264367	3.2362208019198437	1.1609515355029445	0.264941858322975	0.0286286348860401	0.03359371952308604	0.032220328556267344	0.1306117645268383	0.33501469794716315	0.01619036184966207	312.46950393798073	460	1.8379263067040853e-05
0.4026053468908152	-0.438881579508417	0.9929759647521372	2.944521945393977	-0.0034351393032982795	0.245233922519074	0.04918000143360636	0.05486635123841595	0.034029329205182896	0.1246544011472495	0.1891119966364164	0.015939226988754534	317.2920814521621	460	7.425058335159154e-05
0.24980704430225717	-0.28302726108764437	0.946914840727072	3.123320324393871	0.9410631725505721	0.24584607236645767	0.03063461916757769	0.03537028093988684	0.032352295688068154	0.12851331593831114	0.30770696694528854	0.01584580546197253	347.7300599740336	460	5.330100637327108e-05
0.682245501385022	-0.7724486289181519	1.0876667312157835	2.8192181202626627	-0.6343043901979846	0.2594620105920182	0.08282079057978682	0.0963816469635488	0.035720474408604284	0.13256561278782392	0.10832909421875457	0.01606089034077549	335.8763793148087	460	5.0343796563411115e-06
0.8602034453837946	-0.9831787359573902	1.1194557249316917	2.6211643342068243	-0.8207512998824469	0.24505986764359272	0.10346990699212201	0.12171766062996442	0.03488079753353828	0.1406018993141571	0.08233250084660439	0.015890241889555654	334.3981661541739	460	2.199971522242919e-05
0.40325676788182463	-0.4454753703843727	1.0096527319696575	3.0343180548465347	0.00769468707300638	0.2551048657071989	0.049260137682745335	0.055679784446387715	0.03434880696901174	0.12842175717864476	0.19082430983400778	0.01593453448068572	320.52206029323986	460	4.630099994712398e-05
0.4009563641400387	-0.45071088750589816	1.0005022491961812	2.9753532295585168	0.003309489237903414	0.24440956692752078	0.048705042369587635	0.055922614955403814	0.03409697804548345	0.12589990679623742	0.18889826334339035	0.01586465147792031	325.9652525922392	460	9.714856251512651e-06
0.796309141665256	-0.8845947106452944	1.1088585370579482	2.7307140390412497	-0.7790481354638564	0.23989579281798037	0.09729356541720838	0.1114010656881413	0.03572226236940741	0.1415978538559029	0.09007535013912438	0.016278063130007802	314.20723594629294	460	1.1834952168421192e-05
0.24601476355062563	-0.269085344066921	0.9397531448808885	3.061696662451936	1.001405613822374	0.23787823393281723	0.030024979290100676	0.03350457112700189	0.03192865182832695	0.1259670069240034	0.3131695540976572	0.01588401186421132	348.2172679114241	460	7.959978787297936e-05
0.4009208921781699	-0.456401166917775	0.9991686877712512	2.97855808973687	0.008887926438755762	0.2629785262833294	0.04891516811335586	0.05684329512262257	0.03412161986560142	0.1256207611018686	0.190475186539373	0.016040350070760236	334.4548628226465	460	2.360070816994454e-05
1.0661789109369808	-1.1827949110516882	1.166763891830273	2.579612057119639	-0.9629136058631765	0.2508537186322503	0.5792275326121421	0.6461622536014601	0.09098331218270361	0.5071102011303121	0.292548342063343	0.015943171735476422	298.65131344541595	460	0.00028560301322167305
0.889390010504084	-0.9449461349080666	1.127687999670302	2.6338709269690392	-0.8330716181953347	0.24858145922679314	0.10791539819140358	0.11853542016154182	0.03510008925759217	0.14377493350277884	0.08154426198518538	0.016202326189586405	347.05930112188327	460	1.0168143818258499e-05
0.7969951385187776	-0.9074711366018549	1.1116529947495295	2.7064664641781984	-0.7694003276091023	0.24179468355811348	0.09611210988563398	0.11269430397381776	0.03530519591103924	0.13756342583918382	0.08974086954286899	0.016025054848964743	335.0488276868994	460	3.6894415309716377e-06
1.0639206138416222	-1.2334821391309685	1.170283391129707	2.5651077851045336	-0.9668055790916529	0.2319892676879372	0.4054460162069353	0.4865999740698627	0.06863817729094417	0.35363911473844284	0.20579992376005116	0.015353524961954457	321.18879251574543	460	0.00095168873415066
0.6968713932565832	-0.8094332738724467	1.0975029549422042	2.820007210145674	-0.6463280219380518	0.2648916906208267	0.08400963434073909	0.10017085566535165	0.03558803616312731	0.13224101182836442	0.10587653776585959	0.015795922616253018	302.1439973812118	460	1.2656293262129472e-05
0.24788264930625536	-0.2793516353726083	0.9447284449377144	3.099760904837405	0.9791601716590851	0.25025117158161275	0.030318000106837543	0.03481429899849943	0.03219766176115344	0.1279073615358242	0.31131456369231086	0.015945522210689567	298.3740094708064	460	1.4007112161125744e-05
0.24970106553997426	-0.2852908762610992	0.9383492073291942	3.054034279258358	0.9351880446555472	0.23928002850367244	0.030429155246045243	0.03539256065904158	0.0319683781761743	0.12569703804110488	0.3045656741419185	0.01587979648805638	300.0369711642799	460	2.406814433503679e-06
0.40080022299034923	-0.45681791195538507	1.0113298356130889	3.060247008851267	0.010226510304939965	0.2635936715215093	0.049046336188044784	0.057081607416409316	0.03446771121665885	0.1285277865466726	0.1916598752267858	0.015952792086790055	332.29096127748556	460	6.071100507255349e-07
1.4598294920161294	-1.6694589533247657	1.2086174544366453	2.2166013967924205	-1.0917351335284375	0.26261823635280124	0.4700815773043058	0.5314031549005268	0.04384625521117454	0.43031402111920275	0.11952997319664392	0.014694980241587207	307.9338911592649	460	0.0026004113539223298
0.40098448852938806	-0.45990588508817404	0.9941589411738696	2.93597687502961	0.00850920622369797	0.26034338485636493	0.04871205313572083	0.05700349649523531	0.03388670977947004	0.12420710323849365	0.18929794549676246	0.01594313405927168	302.71545591237265	460	1.4688863390688402e-05
0.40561135316900554	-0.43962338271278967	0.9875738666417089	2.8847463702407383	0.0030124808961820176	0.2542345786536282	0.04931160124038378	0.054689620971547406	0.033938425296387006	0.1240192992988489	0.18860032976959412	0.016079685134144164	317.2348437668606	460	2.512874221897615e-06
0.2666328794283783	-0.303407064646998	0.9489160755962693	3.0944375922722407	0.7630695824808061	0.24157028558707158	0.032716885439956496	0.03792636334878526	0.03238610679377061	0.12623617389187644	0.285843145262425	0.01606523381555817	353.319576859832	460	6.694335130397845e-05
0.2517570685729181	-0.2904720788346663	0.9447601049733468	3.0926177630792933	0.9184823916546124	0.24656418655394455	0.030715445578141397	0.036071928717846584	0.03212703081313912	0.12695285320350785	0.30306130741584253	0.01624179577586603	305.3618140893544	460	1.0480172685606147e-05
0.4011203824505908	-0.4504932079782672	1.013812865270698	3.0828824339277343	0.007315576703042166	0.2608175666166113	0.04920578122031781	0.056491949634591816	0.034519781158674656	0.1282256332016845	0.19194846687226474	0.016166885354657892	335.198668924216	460	0.00017736135569955327
0.25152957007636645	-0.29668840528186363	0.9512530305844488	3.170796661009509	0.8810767251364842	0.24254264358284855	0.030928692850702183	0.03709395926479864	0.03237947309039205	0.12723301693202888	0.3014216391068882	0.016181722069118453	300.00934093565365	460	4.750813875373283e-05
0.2641495691604473	-0.2924258614645905	0.9398994368591677	2.9996791460919536	0.8338793911531215	0.24915400747463753	0.032167346061188117	0.03629212716698528	0.03203638119527079	0.12484632614366885	0.2915448776495173	0.0159744143490352	293.08005253177737	460	0.00011123037577642157
0.3994556826411854	-0.43404369178798796	1.0003585493708622	3.05302427657791	-0.01358259971121824	0.24416398844196027	0.049391363447733067	0.05498323740836953	0.03479249424615173	0.1305746453031046	0.19108940592949886	0.016248927111857478	333.4028295279778	460	1.2373042176636537e-05
1.3599930019746307	-1.5817407328857005	1.1991906141303035	2.2971043926533086	-1.073678159002932	0.2524625341711222	0.4213729797872716	0.5008140125250248	0.046268492061761375	0.3958334026460811	0.12506195975805037	0.015695304595060928	301.6519293637094	460	0.0022004766551024994
0.2943739874531346	-0.3332349532245165	0.9566504617930588	3.0651688458985564	0.5554605323770202	0.2577062439878692	0.03626513806252788	0.04184932623171657	0.03291437346744501	0.12648500064118612	0.2611653374662619	0.016098756402454915	323.2490770476482	460	5.754583214429174e-05
0.3982488446677846	-0.44653688421787574	1.0029656699185825	3.0393468630168026	-0.005952382620619255	0.24323521291186362	0.048888282607685726	0.05604635947360317	0.03442228166836963	0.12752642983705534	0.19035829587509664	0.01587401618247569	320.5024170057365	460	0.00011313901507973125
0.9344618018390859	-1.0357417103324005	1.1331354270804166	2.601825059491185	-0.8743797943349622	0.2617410937672177	0.11411678620859099	0.13053001974957462	0.034914561154111706	0.14837753766590417	0.07656774155795991	0.015981330602675852	346.4071318468557	460	1.701382023642235e-05
0.4006066228270581	-0.44259802698086365	0.9931728851426899	2.9726194352722692	-0.0056490436928906635	0.25125469330209105	0.04918599137883681	0.05557998832436943	0.03417961949847464	0.12514763713871355	0.19007230993012078	0.016147311553983582	268.94768469660335	460	0.0001128244501423096
0.40037073604747386	-0.4503605862370426	1.0065153124189299	3.026929862239031	0.003282994249154842	0.2478129066972254	0.04882608128642634	0.05612980495780235	0.034292035365548396	0.12729376952704252	0.18998098312720285	0.016020204718176844	308.6025049233805	460	5.7952176645656005e-05
0.40008450590002365	-0.4428907062718777	1.0003477154079035	3.0172691461768277	-0.0061137293460166164	0.24445184721938037	0.049019851146712756	0.055508897574287536	0.03441911538084729	0.12786360476905212	0.1898614834156025	0.016270494733885043	317.25993981668273	460	7.136030674926096e-06
0.4003812562103121	-0.45831905980166104	0.9999447827866066	2.9846078532789426	0.007328209497847294	0.2604980164186621	0.048804986641702026	0.057033187511144716	0.034001874887122446	0.12449645854705252	0.19014758366567747	0.0160066760245345	329.1527267883223	460	0.0001790292371463404
0.3985583584075049	-0.45982345579033834	1.0051346892158968	3.0091173164368823	0.005675224221621234	0.24551620557582154	0.0483462261895455	0.05691635338298359	0.03400654227021195	0.12511402342044017	0.1890526870952104	0.01602699724162296	293.589953435708	460	0.0001153175166651054
1.3272728178287327	-1.4202598287914052	1.174065815660993	2.211502333953979	-1.0494555898913758	0.2506432489968164	0.521029634005494	0.5893728173277114	0.06019090266062022	0.4377567079460816	0.17452397306012724	0.015392213600146358	306.0068180030103	460	0.0024813498107556058
0.3903869761067792	-0.47323143957035196	0.9993078705910184	3.0350423059439597	-0.008473644093506332	0.23532685685492832	0.04755488384162457	0.058719785904167064	0.034263341389912265	0.12671340965965155	0.18856970156017297	0.015863428123708403	375.86637329306353	460	1.9157668223884578e-05
1.2347229577132792	-1.4493004783640253	1.174303062211007	2.3276743279125554	-1.0310743943776417	0.2512381312073647	0.8204354222363653	0.9789828736830568	0.09575540495657223	0.7038159847413148	0.2951299480340497	0.01588863910965605	302.5019588106325	460	2.8572595765916073e-05
0.4054121064464821	-0.446237796194751	1.004791776354424	2.980167556312959	0.012746066015378098	0.26164595955438946	0.049338064972193556	0.05553946243075888	0.034054014803482635	0.12526265979498874	0.19034436432087554	0.016067749396139207	312.89055084146594	460	0.00019632681851695214
0.39778460113682357	-0.46067436436696774	1.0055322597188348	3.0181481980418288	0.004532885392278542	0.24533047719414647	0.04832648019525229	0.05711067847472555	0.03411288011937624	0.12589947266557192	0.1892955863364752	0.015904849559204584	285.09844428435537	460	0.00016713679356636943
0.40027650470092635	-0.45142292701607256	1.0083054698570073	3.016478732280966	0.004510883978171754	0.2375206160526461	0.0485244912005243	0.05592261674067328	0.034076131469297076	0.12654911144069816	0.1887969802149027	0.01578558139401798	347.673424356507	460	0.00010072598009670763
1.0493013756006864	-1.2578786446325487	1.1873931921359397	2.7030232785801385	-0.9674795245672971	0.2422212060205497	0.3413228626183303	0.4205543721337511	0.06425575556090818	0.3169679449747389	0.1812749582112478	0.01578928573263562	378.97649747685335	460	0.004760826816844911
0.6213686040162314	-0.6976590463299338	1.060438631873066	2.780437926651082	-0.5359354451037077	0.2640140472774704	0.07517644773136026	0.08663287604274869	0.03533174676071159	0.12721492718176688	0.12007853609028055	0.015959377334809805	307.2309926886214	460	4.908351750985172e-05
0.7173421267307774	-0.7762524490852941	1.0689312860717743	2.620941075622269	-0.6778587398098663	0.23503598270983783	0.08646470072239977	0.09641817264625192	0.03512464228227396	0.1300486812254592	0.10090932621890919	0.015905095040629622	292.0801315697711	460	2.070151182563746e-06
0.2720165018617196	-0.3021413160003509	0.9426772889685222	3.029208580636317	0.738344687961275	0.24912446306316144	0.03334612973737573	0.03777376238057903	0.03236271279005734	0.1252354883541473	0.2821965715165356	0.016384560859927476	337.9864985662345	460	0.00010274098879974533
0.7455100815860951	-0.8331305895556641	1.1063585014502415	2.7847235258671756	-0.7082509677940327	0.2515783227373038	0.09025221292666875	0.10386194203359064	0.03567782282451772	0.13573998231036258	0.09836165109204288	0.015955263257279695	302.47769077876956	460	5.496197680743788e-06
0.8733467439219886	-0.9642679015547295	1.123036896277032	2.651004557567278	-0.8322421075291123	0.2524387609511908	0.10645612609115772	0.12125109313303488	0.035268524060968295	0.14508926031601854	0.0822771542423756	0.01592927675912865	283.21827667656413	460	6.939145369185892e-06
0.40118465375548573	-0.4566318146557803	1.0079032159726098	3.039955988353111	0.009981275532885577	0.26563127140602755	0.049084901942367476	0.0570777479853319	0.03431776058938862	0.12799610237296305	0.1914961858841491	0.015973093463892123	331.3565398278495	460	4.261964783684994e-05
0.25838939359518187	-0.301288358031374	0.9531342413488428	3.126917229999371	0.8592951374251641	0.25422555284243115	0.031607459159689	0.0375021147573241	0.03233303885278757	0.12746144413345406	0.2967696324526579	0.015981357923752427	286.692753873946	460	1.0223242881765512e-05
0.3986416193843191	-0.4603369372109966	0.9871020506388852	2.917868065881024	0.0006874146254797268	0.2547642862122115	0.04849586534717527	0.057171400325961984	0.033855124720326625	0.12368308592091873	0.18871481818664101	0.015928192977345934	316.8209331286813	460	0.00018993140894873513
0.26068772241243504	-0.2968281953639156	0.9437816515717973	3.017751278141877	0.8703964242236711	0.2526471355733122	0.03162446258052841	0.03665935670538464	0.03189588084471947	0.12464655163929896	0.2948609270994587	0.015618641262281956	317.29389848174105	460	1.0392559111517765e-05
0.2595801816597638	-0.2938230632665963	0.945424744351382	3.101069285766432	0.8337888352167526	0.24734877988643753	0.03193123032545045	0.036843688753895806	0.032537773920253435	0.12833632733231243	0.29542896985219436	0.015990454966317163	293.446996796372	460	3.5667740943265235e-05
0.4033395418467442	-0.44665531952772575	1.003568736927589	2.9874587356320528	0.00736547208904477	0.25347650978226705	0.049104380635372626	0.05560322184943235	0.034106860208997204	0.12580577429298637	0.18986693393876	0.016023853100770653	323.5557560565081	460	0.00012861208586408332
0.2715294420500385	-0.31393552929546004	0.9456191347637675	3.0035002693523003	0.7591219021096202	0.2541094415111853	0.03293654583850873	0.03872872511129133	0.03203564193801305	0.12326409648018385	0.28123551954280673	0.01590142327587698	334.62869240363	460	6.011265114804595e-05
0.2873238185175091	-0.3220828130274484	0.9544123739294446	3.054923149419061	0.6184989457978572	0.25261188119889505	0.03522815829970124	0.040250505073425334	0.03269886005222621	0.12614260192513577	0.2675036947977904	0.016260988781553395	346.48248024091185	460	9.271552348191145e-05
1.1395747184686416	-1.288660578638607	1.186734737345598	2.5543901003947354	-0.9924572596667527	0.25653257013699016	0.3435277472919859	0.39851927731952136	0.05348723374894229	0.32374412457732527	0.1542332546373477	0.015199306719553465	294.83449146852115	460	0.0027160338567032414
0.3915224202800301	-0.4818193788197974	1.002201921563726	3.0200635798787796	0.00344379802833269	0.24333823873598426	0.04733922172446678	0.05929418768481277	0.034046661492376167	0.12598776026263714	0.18833145353765285	0.01596554501108242	377.49311918791665	460	7.259159661443533e-05
0.6980619011104995	-0.8270722628480893	1.1038459761682504	2.8785176294826136	-0.6711228338022802	0.2489380650363381	0.08459168077900239	0.10290899007722001	0.035819065027600835	0.13482793077914487	0.10381105064893492	0.015843726740728835	356.5500579131787	460	3.0045737708486232e-05
0.245173663830873	-0.278510109420851	0.9454732352264781	3.094332458235248	0.9993327296536845	0.24116631995435225	0.029856801992155433	0.03453392525746672	0.03178604759445048	0.12494326725827973	0.312261181671576	0.016043551227743737	334.815283441132	460	8.715302577884448e-05
0.25658651151568945	-0.2919478821925258	0.9460386674122118	3.065587358343889	0.8964799235147127	0.25406718222925445	0.03132315433673928	0.036281974646420696	0.03196483833101145	0.12469712820613159	0.30029433309650155	0.01588679416047401	310.61675435084686	460	6.844441829382823e-05
1.0549781562271745	-1.1954260964129428	1.146087685160128	2.4540157209202276	-0.9496687352494421	0.2503984055702207	0.1280028574224949	0.14955585134821173	0.03361091298553932	0.15648460549830423	0.0651332909078683	0.015926738166594942	321.35603589291384	460	1.1663384386298438e-05
1.5703716008544026	-1.738833716010672	1.1740744035950528	1.9134815336280866	-1.118315472491639	0.22878808019553692	0.37914761141203807	0.4620296405156343	0.03581115682602615	0.3463485290340582	0.0796249795065094	0.015487870294372845	295.37899900283765	460	0.00015817253130451006
0.39725936507199927	-0.4478190913752313	0.9888079271189243	2.94863476637794	-0.011790360201879941	0.2331750181556951	0.04848732291886072	0.0558529841740314	0.034043216569067974	0.12472582096761742	0.18808300953622803	0.01573596931064499	325.04034725671204	460	1.0562802442444621e-05
0.40154950037688675	-0.4480579461551341	1.0115395507414466	3.0678014657449406	0.005425820285922466	0.256413906058964	0.049231641598370235	0.05617589814568204	0.03459645273261464	0.13011230409294486	0.19153143020491212	0.01587437882734481	312.1830227887184	460	1.0913155664573007e-05
0.39958578456577026	-0.4629022205170474	1.001063491145625	2.9714828097658743	0.01022679779064964	0.25257325149204923	0.04837406344659111	0.05717820020443688	0.03400085345033444	0.12539315658166644	0.18901935129235656	0.015798745012622517	284.6493859439817	460	7.5603813512342015e-06
0.4042305884639689	-0.4467705294746982	0.9942521762347947	2.931492641772798	0.006927146180860579	0.26030313713974595	0.04925548434913848	0.05566424660180066	0.03401735171066984	0.12514950040789777	0.18971418168654525	0.015931614589684336	282.83099400188075	460	2.5257272459525836e-05
0.22826019322055865	-0.2721262994501603	0.9757655838702215	3.337591043008588	1.2034585351205884	0.2557634578353908	0.027931269569101424	0.033857677484944455	0.03228864820947385	0.13064508350586754	0.3398521178997828	0.015942580791372105	306.03245544424	460	1.2501827197666776e-05
0.3955146050987438	-0.45560258847125934	1.0256874056127427	3.213495195726987	-0.0006044114315707848	0.25432044020023087	0.04894748095195308	0.05763588713443917	0.03516201383984389	0.13355597057436291	0.19357703432626167	0.01607892719140048	309.2271250762633	460	0.00018617812845072727
0.3994481348116074	-0.45174725918818054	0.9967308332653454	2.9477267784323344	-0.0006182529050829373	0.23257894505955531	0.04831473787436017	0.05580156857784752	0.0340108559448431	0.12535274780798542	0.18745871490592575	0.015701353690130704	294.0720403827496	460	4.525861627636052e-05
0.25114311906699577	-0.29301865230126817	0.9472897336811222	3.0798965796568103	0.9381175584743059	0.24649333482611632	0.030477167972178403	0.036163136222719564	0.03182766193773754	0.12497709841418635	0.3035462483743838	0.015842927695572637	326.405987044398	460	5.437482507806015e-05
1.6048255516752252	-1.8311219708062934	1.2050038080529992	2.0349784671798345	-1.124450629184758	0.2559132700375344	0.9755105804178223	1.1122397942254532	0.04789838541232103	0.871368271752635	0.18953694377108318	0.015946968068521125	325.8019138118579	460	1.7216069969311079e-06
0.40061984980882953	-0.44041955417917805	0.9987162540004434	3.0151782780695116	-0.006212978440704568	0.24893034030932476	0.04922069661609919	0.055386317586890686	0.03461524495714065	0.12971545635011505	0.19044829212011946	0.016194959205670573	313.4219988547979	460	0.00019488710699895373
0.8627915866539883	-0.9817306223465675	1.1332373030658658	2.689339630976788	-0.8169573004380628	0.24938726454375112	0.10377625015672193	0.12167229526861881	0.03506841896654459	0.14121288393537187	0.083152757273069	0.015562735334697923	357.1875991432082	460	1.1865288775019943e-05
1.2949152189593724	-1.4058034858563584	1.1845745335502744	2.32548495735862	-1.0464144215831623	0.2544481348581027	0.25594502398930613	0.25228567768603893	0.03499438986746551	0.262344531373896	0.0808790058943208	0.01524109087069172	341.2958701672219	460	0.002961658114591065
0.40434770396131503	-0.44395856381988075	0.9897084838890163	2.8989976396906827	0.0036721574054628726	0.252178594224505	0.04913740250181808	0.055171135169242595	0.033835313053115754	0.12362970860003607	0.18863396897728826	0.01580452394988534	320.6520386575328	460	4.4839951251787504e-07
0.3954509570965263	-0.4499228445155176	1.0029126824273273	3.065912437009895	-0.010714524354689165	0.2407273862356941	0.0486634612321009	0.05657860116001311	0.03457721424676442	0.12854051509954245	0.19050112974761813	0.016074463795425716	336.2531096610062	460	3.63146095190277e-05
0.22730748208675422	-0.2626335763720042	0.9401994384067913	3.156289723257449	1.1780837423855128	0.24297256657082653	0.23626058168036673	0.27029295257949537	0.13128024706396874	0.13005738288351268	2.820533125986311	0.01647179393692055	309.2333301500592	460	0.00019450486540393264
0.4033988234035935	-0.45113191170428285	0.981291663088833	2.845183656895168	0.003989439341775347	0.254113777478499	0.04880271800551174	0.05573170066753166	0.03370601754827155	0.12314429600581249	0.1875010413209021	0.01605058953874622	349.206581380655	460	0.00014866454949008618
0.39747079078535796	-0.4589837093200492	1.0121283634102405	3.0826843937798056	0.003918124317033786	0.2519565815151819	0.04860782404505441	0.05730389512957577	0.03442311544778533	0.12797855897018928	0.19093113649934199	0.016147533245367277	328.2250543348638	460	9.371505897120075e-05
0.39810642519651174	-0.45881185449731887	0.9922182688366521	2.9427816980657147	-0.0004908441326384354	0.24361099171579703	0.04827665732542826	0.056773425704653935	0.0339108541418083	0.1242259897436008	0.1880405703607242	0.01592655045156947	338.14855041805174	460	0.00010063392003823129
0.2607112075489027	-0.2904101083917629	0.9473184346760642	3.099451544882441	0.8345554598741212	0.24351668064380996	0.031996489941588664	0.03635341445020277	0.03245161560164773	0.1282849465718427	0.2947348523436843	0.016163462432941623	290.6378776390206	460	1.9990511859992044e-05
0.39943232245910615	-0.439480704642791	0.9908183627204239	2.964767655265502	-0.012198921364724257	0.23720044171787666	0.04894863329424845	0.05510114850475987	0.03436575346766464	0.12743515846860018	0.18894242331652852	0.015906827303998807	304.46878577543845	460	6.412758763549632e-05
0.40573372916239236	-0.4391740679873617	0.9854575327619268	2.8703967489670164	0.002384265689823119	0.2533760534150658	0.04930180395382165	0.054607149486669046	0.03387705562098274	0.12360611709470024	0.18833949270142686	0.01602205048631441	298.3220122911688	460	4.234863170964387e-06
0.4007985372204479	-0.45286062922870063	1.0043654732143272	3.0097771020239446	0.005350282505803065	0.25166006876077723	0.04878767043622299	0.056318119340956804	0.03423838403885045	0.126826416319732	0.1897892031994918	0.01617316478298321	294.0004157602303	460	5.082556384532989e-06
0.4000725499582471	-0.4533880023469485	1.0038431730944524	3.009075374712687	0.004135890454175302	0.25007582346970525	0.04873613923294092	0.05641121592966485	0.034166863720450386	0.1257720344780038	0.1897791378270932	0.01606388820361718	311.7298008955318	460	7.726791349988427e-05
0.4043601402493	-0.4307510628645073	0.9805262541896442	2.8682800565921904	-0.009197034839081082	0.2418544538827447	0.04937110686196579	0.0538675917349449	0.03404082898620991	0.12493540811970438	0.18798762587570775	0.015898262123995026	281.86544620316016	460	6.233241569018525e-05
0.640457478418309	-0.7238603134548005	1.068454044797247	2.789782231136752	-0.5834568690565014	0.24201032132952124	0.0773739639476361	0.08985755055995312	0.03543407252231366	0.12926082259470248	0.11411629878642754	0.01604588404245356	343.1409546329004	460	3.916308989214143e-05
0.4006328269890852	-0.4458020974006438	1.0067915381322494	3.0434156326365134	0.0001972518717530795	0.24813486538252974	0.049044645075231826	0.055804184199290646	0.03453840880324743	0.1294758548580195	0.19050779378382723	0.016033266814491662	334.3232885648913	460	2.6376571871013685e-05
0.22545013969678965	-0.270625924522638	0.979162475358913	3.3829324257359885	1.2259501472411416	0.2537919007565032	0.027657627514303174	0.033756910879662524	0.032333359366700384	0.13183096971319672	0.34376400620210634	0.01592179122386556	309.1874785142432	460	1.8062138353689397e-05
0.8039280647041918	-0.8705432655599492	1.1093191602037749	2.7113049607916073	-0.7705904885768694	0.25258638413061174	0.09807475803772751	0.10967768555338524	0.035684998057119596	0.14053463349564718	0.09079265477057949	0.016399983919671825	350.45695540538793	460	1.0306367963564992e-06
0.24520788145187844	-0.2881107315788503	0.965898294764833	3.2416387006522567	0.9995557106293038	0.2585513350730295	0.030115037026045264	0.03598918902725526	0.032208395952110995	0.12778092958175605	0.31569228851327147	0.01600505140826514	333.936248599168	460	5.523284133144828e-05
0.39892715694978653	-0.4407136968913058	0.9943594981429484	2.9911977674103185	-0.011622282310138128	0.23783831187114451	0.048913384036211496	0.055288878980717555	0.034472926829532506	0.1287094272327696	0.18925847501289836	0.016090133921761573	315.9231461805264	460	7.848775493653491e-05
0.4016079888991801	-0.44499288665836945	0.9856804062094596	2.8919061654710516	-0.0038198032320006796	0.2413381783815775	0.04875086796537594	0.05522086921561267	0.03390394174729177	0.12473111741456012	0.1875513465294719	0.016019336453421316	336.39231714019365	460	3.552775510170689e-05
0.247081937506739	-0.27526983339801486	0.9484885621755974	3.1342669423702905	0.986379426419188	0.25052065045114397	0.030345917186630995	0.034466267290405195	0.03211892564080754	0.12690983044258408	0.31372510477099086	0.016161160791608953	298.0485803104679	460	2.049483281941865e-05
0.4014537826416333	-0.4557928578968814	0.9812555656785578	2.8540127265780737	0.002646365774427771	0.251998015981587	0.04856163198437605	0.05627535107334929	0.033588413340786626	0.12188624766570004	0.18738125780446208	0.015921959670524052	314.94483049602593	460	0.0001546447674816108
0.398654292495177	-0.4423267862335835	1.0139948836506056	3.118854232692286	-0.0052337482842701455	0.2447616915931476	0.04910900340686293	0.05577109759880402	0.03479525126125614	0.13040442653118128	0.19159824913645251	0.016298329727317803	323.53057135940026	460	0.00015068378361190706
0.40366535417267296	-0.44861288872762595	0.9936331110001558	2.931087513212299	0.006338105022010162	0.2586555622564416	0.049109377745813504	0.055800982307614745	0.033984773090128644	0.12525233659917834	0.1893655193005009	0.016028809142051702	304.9539844558931	460	3.7636523678764276e-05
0.39960066864472993	-0.45934686074217307	0.9990542069290895	2.982046995093126	0.005471284129634067	0.25620377229048663	0.048660940037117316	0.057086834213771316	0.03408171534860204	0.12528067829662354	0.18974268825397392	0.015889129047334378	301.00870805382823	460	8.201021975515219e-07
0.3991663898105866	-0.44497707438346756	0.9924012792758319	2.9746985339986556	-0.008095022038593011	0.2457073205983851	0.04890958033632238	0.05575572971098911	0.034313612538422106	0.12657409378971957	0.18947024158864695	0.0161211861049995	325.2522248171869	460	2.6714117634299005e-06
0.3954697288338868	-0.4559060598446235	1.008632018692536	3.0820870982273756	-0.00452756664121872	0.24163133657793326	0.048468907748493516	0.05705706852171004	0.034617366959958144	0.12940313510813878	0.1904427407031486	0.01598766751794795	267.71334143075256	460	2.9315019980163858e-05
0.923107100030073	-0.9757348628961542	1.1252017098372498	2.5815212552347697	-0.8595683578369692	0.2593143050038795	0.11291220690590575	0.12347608483812195	0.035060650379951555	0.14665140340340954	0.07854767998519062	0.016075447926882785	274.94013348529955	460	3.3234897132867235e-06
0.24979461534285863	-0.2940981821684378	0.940039452913848	3.102734382758861	0.8769300767934871	0.22634834430218187	0.030559025802255092	0.0365804115171891	0.03213553634482827	0.12581770931265965	0.29905966265529227	0.016110381368893027	292.71724863141566	460	4.6271499965010166e-05
0.2559807724447954	-0.27505331455354376	0.9413758420821917	3.0762993730013632	0.8949395033800261	0.24380358185434448	0.03148383239605425	0.034558249952208964	0.03227503346510451	0.12713116180774564	0.3027839351406799	0.01622138653906404	267.2082863970911	460	3.426451040884215e-05
0.2484542380664109	-0.2854408697446115	0.9434740609702189	3.085169996361338	0.9565749072992829	0.24573471285907164	0.03030274728031913	0.035437404040001313	0.031966735449030975	0.12567298914076122	0.30757475417953345	0.01608265310256114	334.0478892707894	460	8.347260010188738e-05
1.448243851819264	-1.6446037409435288	1.193490917339271	2.1368590903334006	-1.0901903991011852	0.23940967773207683	0.48406031906732117	0.5513633903860035	0.04497627935444102	0.43285202253427163	0.12336039913006436	0.015203034424136149	331.77701273738586	460	0.0022237850473025974
0.399529867673345	-0.4605376840860374	0.9906721623040103	2.9167036093855785	0.004626089279137724	0.25193067815249093	0.048460157086751686	0.056965694927253854	0.03375790481596234	0.12276493952968105	0.18843817770112967	0.015661263543715963	309.90086656286434	460	0.00012041049804731172
0.4058294152677281	-0.4270413039358894	0.9863953865955802	2.9156015156737434	-0.006258566513704007	0.25496551728653916	0.049901607841792615	0.05382973393302116	0.03425671623054314	0.12587932890213044	0.19001908484694857	0.01604578918096976	283.9157218767517	460	2.523946462448696e-05
0.39820667994440256	-0.44536798666293576	1.0180791376126244	3.1578245314049473	-0.0031902944788111693	0.2537839090045499	0.04922853856594242	0.05635814852753151	0.03505522423765558	0.13258151051006867	0.192803085761105	0.01655470571025543	279.7249712900156	460	0.00016427733722790548
0.7507108869129745	-0.8338127740506417	1.0893821029385866	2.640704902762922	-0.6902279191960713	0.2671726867148491	0.08982952091326096	0.10267976102623698	0.03502569087085477	0.13007075484538844	0.09841353607394282	0.0157111065042139	297.9014682757727	460	1.4653136274331272e-05
0.4033892722562043	-0.4469565405223855	1.0187301916501512	3.106283254196539	0.011547533579926557	0.2682844260142853	0.04961277712223602	0.056230291094682354	0.034680062752290484	0.1296473445760651	0.19307052052101312	0.016056139854843297	324.31690664239727	460	0.00012605697317567263
0.3985401715961742	-0.4494320972608465	1.0026124134752772	3.032584920135025	-0.0032248785497962073	0.2475415060191223	0.04884043899193005	0.05628541238544475	0.0343805569166933	0.12731078041941696	0.19029855372764073	0.01614741631482359	324.44347684518203	460	5.33278254047003e-05
1.5211171213527916	-1.7103003957015452	1.218119477470163	2.2159884775675676	-1.105168926697941	0.28049471266901477	0.8412217435120978	0.9528108280825157	0.06667249235849987	0.7193270370050103	0.19713678340942617	0.015759509745016085	353.6877199586913	460	0.0030054560328581486
0.9712372732284286	-1.0578028715985837	1.135138042947548	2.5364295459941153	-0.8966281651756811	0.24845968310938457	0.11809827867236104	0.13276974620893103	0.03445164431948359	0.1498509414375641	0.07281570816936384	0.015921101588684282	294.22029451432866	460	0.00011259909384480223
0.39272910752731904	-0.4603588499840864	1.0009641240511877	3.0415159455257754	-0.01065855243624562	0.22894502774350842	0.047882410258758765	0.05727659019856804	0.0344134356488131	0.12855658706896841	0.18852071400700623	0.01603674742891649	307.97391440077433	460	0.0001534893091442345
0.259293864894109	-0.29342304786533685	0.9327393925150971	2.995167642201712	0.8301738336431573	0.23379909362866302	0.03160547517689536	0.036431749406141294	0.03200459979039388	0.12468639180801738	0.2915798174802553	0.01579515327139663	395.80751565415187	460	4.65439802845117e-05
0.40516432223291543	-0.44191212644075634	0.9879145445062163	2.8887202025103926	0.0033357769718990664	0.2535462543627818	0.04925694990103675	0.054963028309223956	0.033943692933973806	0.12460446053549556	0.18866542909099807	0.015707723410873897	310.8797454581618	460	0.00011718222083716955
0.39605817771402796	-0.46695066756910253	1.0168761484753683	3.1007408394203284	0.007580904110445509	0.2479135990448225	0.04823413879849269	0.05800603671013686	0.03433994913922236	0.12804400063828808	0.19055785110604634	0.015780261117993008	289.19928134180606	460	0.00011239712252757357
0.4022089239151603	-0.4548087506000417	0.9924096185308391	2.9171789174613014	0.0074397489062206015	0.2568838604177119	0.04880769151407507	0.056352867063117484	0.03375251659105997	0.1229375857418303	0.18884734615073712	0.015943440485278845	308.96637455463724	460	5.8825508738681675e-05
0.6848433112851784	-0.7606526655314032	1.090609527099912	2.8470371534269914	-0.6381622359210596	0.2607958399210141	0.08359841596850721	0.09557068297387168	0.03599361640245664	0.13475758047335012	0.10867880925056644	0.016171876583656087	297.76960586407563	460	1.1812998238240191e-05
0.39958144325895134	-0.45244534029784933	0.977312254348473	2.8223107186339598	-0.005368781651310176	0.22872515272621	0.048044810727931375	0.05554672014910944	0.0333793979652725	0.12066947062927931	0.1850879777590618	0.015794006330038003	323.95172349883654	460	5.954329166107218e-07
0.28975422573956666	-0.3216570629110364	0.9514209698928021	3.0086080399531423	0.6141970862319438	0.252279269579124	0.0353969295130908	0.04005869480636225	0.03251495252000929	0.12490481312745857	0.2656486798462017	0.016084599840710676	365.19168409554663	460	5.021355067153854e-05
1.4832349734730863	-1.6541678656935834	1.1838969100848444	2.0590505529461334	-1.0938446371304542	0.24998797133819492	0.6340531339270129	0.7083477072153398	0.049641423436995506	0.5453171350174069	0.15418638214238492	0.01499450419736897	310.7849716966182	460	0.0007435730245002418
0.39444615993494403	-0.4616879672549275	1.008032755076499	3.0681380184549325	-0.003110338067182421	0.23675513468235448	0.04809927926328283	0.05743740565298493	0.03441709845668212	0.12852511193403793	0.18949518577830518	0.015888507887844003	360.3196498086788	460	1.4998466825759743e-05
0.2807752329592105	-0.32472698662996513	0.9617341163040277	3.147604948799384	0.6425358879466666	0.2518123363095256	0.034594477349729355	0.040755675574114573	0.03287100570733596	0.12784638928625444	0.2724483636421306	0.016272280402615465	316.6599246522919	460	7.83483128733808e-05
0.39326975623012583	-0.46957520202190906	1.0188056943276282	3.1635903309782107	0.0023935091118837807	0.2558639852384833	0.048344753140974306	0.0588677918514824	0.03485098688929579	0.13113346029901018	0.19233023504296667	0.016036580178401292	290.635576306105	460	7.962923604124209e-05
0.2803160651114917	-0.31630223197149443	0.9462138016623384	3.0275234553507993	0.6576640329383575	0.2452938534751095	0.03434847192588264	0.03949859252001132	0.03248014975539723	0.12513326455442483	0.272102120301578	0.01588820490546314	314.2747505789537	460	6.33988187232819e-05
0.24662495980642787	-0.28412327113795033	0.9479342732059377	3.1799622204722082	0.9311645339702124	0.2386735271188194	0.03042215233543037	0.035685826416734366	0.03242854545880218	0.12896713136208532	0.30875919034053645	0.016160655929092615	303.1831131391167	460	1.4629003640690646e-05
0.831676485056724	-0.9811142550238452	1.1322906397571253	2.746015325720582	-0.8009601105528479	0.2486474580339389	0.10001425908328507	0.12134236938331516	0.035260584741244765	0.14134980835527028	0.08556750508430033	0.01588766836439887	307.36555054484427	460	7.940036793541584e-06
0.40117182043683547	-0.4644284311737832	1.0017866376771911	2.9857194306066064	0.014218536666847635	0.2704407199542742	0.04883721536406777	0.05768573824147029	0.03405150422879289	0.1254832172294301	0.1906855007731844	0.01593249222109376	293.73206506256065	460	2.8132277481556854e-05
0.7267251455064324	-0.7888483520466641	1.0906864617218053	2.741055025405767	-0.6797267617043624	0.2588564613506407	0.08824558573438437	0.09874072227409085	0.0356369961407265	0.13388799527336886	0.10211165543646006	0.01606887572466783	333.8475772955017	460	7.62748142375278e-06
0.2737833334972861	-0.3033641701360171	0.9526649581690846	3.0838687327853087	0.7446419648321154	0.26032821244677934	0.03369279872784217	0.038080519427327	0.03263656746771108	0.12777316736552047	0.284280797315716	0.016018303568911204	320.3697617941756	460	0.0001031639442670713
0.3999134818494692	-0.4458156678851815	1.000446135124458	3.0031895182706037	-0.003139022414491208	0.24383588362539754	0.0488389728478527	0.05567587015902629	0.03427405718116776	0.12634442689034572	0.18946839810641922	0.0162297810174624	346.91424483865796	460	0.0001676947595186249
0.40110295727529627	-0.44550878944617833	0.9948421166401881	2.958956680491537	-0.0019390808040763816	0.2454111942995156	0.048881190982862484	0.05552511647593824	0.03408600996694868	0.125527294945901	0.1889282174119332	0.016077608184403656	299.5566388906583	460	1.593147430403675e-06
0.9387285593974204	-1.0477399036946218	1.140153068625366	2.639963760246599	-0.8814765020917151	0.2608357762473473	0.11494137845528539	0.13229420028822425	0.03505685719378687	0.1511903773119289	0.07610286955375563	0.015957026293042412	325.9259028224205	460	4.3660754208779e-05
0.4082859057080545	-0.44312451548573195	0.9993867038599606	2.927367055240038	0.016192562506093883	0.26725321466299967	0.049613826239290434	0.05509101863409684	0.03385564451998169	0.12387489133654327	0.19013045445985813	0.015892761330021835	306.61627424588085	460	0.00013863644841628203
0.402114183719238	-0.43569728138775016	0.9935804238264301	2.9679396288837605	-0.007063741379939497	0.24610821686694517	0.049330805439274004	0.05472480056059647	0.03436670946986077	0.12666076849141852	0.1897680958292203	0.01599498400271708	324.0363648931161	460	1.627441751127865e-05
0.3996213649293473	-0.44397855285568866	1.0036674694038663	3.043104450846594	-0.004502905739775374	0.24799742691273322	0.04910146417089364	0.05580858686007299	0.03458542374592162	0.12918223236920262	0.19075798643103098	0.016049586480169593	311.1232345321373	460	8.822612144948373e-06
0.4034447853857816	-0.45169166483648593	0.9983912677573216	2.9597361549625867	0.009395286721398445	0.2624312604176678	0.049126867196680496	0.0562164328611843	0.03409001475831956	0.12602594670029266	0.19004998409202234	0.015928209209634066	335.03429933678166	460	4.129500838539013e-05
0.40498339796467037	-0.4477605976376796	1.0015579184587085	2.9727291155340674	0.011361606274519188	0.26448786392519585	0.049333517304006286	0.05579552714258991	0.03418575834499118	0.126649867707118	0.19043646680935358	0.01602719346729105	306.1400603981735	460	5.152942949267947e-05
0.8783364939483164	-0.9763546407858849	1.1263839734059606	2.6599480689738746	-0.836034021066447	0.2547390053700748	0.1069654377808684	0.12267760289985728	0.03526743188186871	0.14485455856767046	0.08177529350759424	0.01611423010163674	303.4932296213494	460	3.354022792776408e-05
0.2418449565075979	-0.27660434806140033	0.9420222656421015	3.103122709267358	1.0219410150815913	0.24130446631292848	0.02952280664831729	0.03438097662005884	0.0319146381849026	0.12677148044991957	0.31596091026700507	0.015938639444067454	318.43006550502105	460	1.0578358759255938e-05
1.0076803634950475	-1.177962314099152	1.1840489283907314	2.7691556881278716	-0.9356170133599674	0.2600103814492385	0.37217112353763804	0.4597930628773109	0.06981688254365692	0.3279420372170069	0.21937976438185475	0.015255237877841993	318.1952613775924	460	0.0005811533552762281
0.25099873237619924	-0.28884291282504687	0.9480333342740408	3.1215341097333105	0.9278646860480183	0.2486312959189692	0.030741583959531336	0.03601756377436648	0.03227027059872522	0.12783831146621902	0.30552990304778	0.015905607663823002	330.02879107211595	460	9.1210936250424e-06
0.24203404738234516	-0.27787148032048903	0.9498344778013225	3.1429510764069577	1.0333940402820043	0.2468865670197283	0.02954476048584115	0.03454076535643846	0.03193221630447606	0.1269435215384108	0.31746733077862527	0.01602752472513428	271.9445647327966	460	7.881107330468978e-06
0.2714126107095752	-0.30446072712160355	0.9539284424471204	3.0792003999656763	0.7840546931123901	0.270914369925986	0.03329464791316755	0.038066401537931734	0.03244444135761238	0.1266777650733389	0.2880475524364821	0.016134403221365466	296.11894048759797	460	7.779044871279301e-05
0.39986796269833236	-0.43942274286483934	1.0077816123655754	3.0621726207880284	-0.005932563421953938	0.2395702993134154	0.04906018042952784	0.05519874766966916	0.03466071844393623	0.1299752996996967	0.1903725911349292	0.01611427357774826	298.35914332280095	460	9.320661555832836e-05
0.24403865153422566	-0.2839591243883928	0.9489535305116559	3.1237644303271326	1.006558673021535	0.24575717573030006	0.029731984052384273	0.035202606980815274	0.03193116872605524	0.12630038390143408	0.31345810121278045	0.015715317941120518	279.83360081111795	460	9.842125078335505e-05
0.3949607138193149	-0.4606349181463785	1.0106147322539436	3.096562705671688	-0.0017703116124893334	0.24643853648514	0.04838830139258837	0.05760280766619193	0.0345238181103782	0.12866444782743558	0.19077069455754422	0.016129099014082965	323.09041967961167	460	2.5696583218763746e-05
0.4000498243488294	-0.4264730722219078	0.9849369142528718	2.9548734262361305	-0.022018553572334166	0.23342299966328284	0.04929990608878708	0.05388302318282913	0.03463541574723617	0.12886903347809903	0.18897638071099332	0.01624444180284495	351.047287145061	460	0.00016590414153405656
0.400736419460091	-0.4420694926007061	0.9905971162000544	2.960220718052411	-0.006810452029522076	0.25149905455707827	0.049214594326684284	0.0555354751236468	0.034316546710906504	0.12637783494119853	0.18998142030787116	0.015988721129277492	278.7376593730593	460	1.4113074126629855e-06
0.399926450581042	-0.44185071541712645	0.998470099516146	3.0062487683963512	-0.0069416105560949895	0.24277812485523476	0.04896825426139279	0.055352039630043155	0.034473086318715825	0.12860195676179115	0.18959371914695758	0.016341851946984492	323.1480596270306	460	2.142879260369693e-05
0.22969872923615225	-0.2619636210341416	0.9421711336702998	3.1712981928160255	1.1368585771552706	0.2350637811560512	0.02819895948554865	0.032762409468988556	0.03222225104107494	0.1296827109176848	0.33246669489021247	0.01594275397028634	293.6391054622776	460	1.1139576931222234e-05
0.24672870829399213	-0.2802963199372226	0.94021499993089	3.057160512353247	0.9770825129218662	0.23755558645623392	0.029990097989361655	0.03468478769091658	0.03168875046262209	0.1243356751333468	0.30876776345097845	0.01596854563902352	321.91941190789646	460	5.087894470124934e-05
0.39999287799965627	-0.4517231537568463	0.9957812529786996	2.963392880761291	0.0003428338039505364	0.2480695166248348	0.04870788626711229	0.05616366480059166	0.034033442457896634	0.12482649029200779	0.18901192753662757	0.016150087188892	334.2192648395901	460	0.00010181671071410256
0.4051101134206594	-0.45118682036355884	0.9993665396706315	2.938324788041275	0.014207576630180586	0.26288427755452365	0.04914474274059821	0.055929647643334246	0.03380827451421291	0.12351986959960347	0.18963079886238285	0.015969433322910908	316.43197001111963	460	0.0001712941680953556
0.26976614277576855	-0.30704792439193956	0.9529599881329652	3.097394782016479	0.7423707434955098	0.24000949802799793	0.0330053982538631	0.038278307549636695	0.03246741691522952	0.12656156837901789	0.2824115629087999	0.016107649193053398	288.373028801247	460	7.524079257300971e-05
0.40395416810371415	-0.43929581542823387	1.0018382428837656	2.980841039297187	0.004987339887580245	0.2489041565854675	0.049268745690790344	0.05484706280735642	0.03418405260915151	0.12697662468367926	0.1899306195801047	0.015809234698710883	325.9927489164611	460	3.499875155957659e-05
0.402648098115642	-0.4466324696743253	0.9898756303443508	2.914675499740532	0.0010509903276638192	0.25014948842897183	0.04894291756055141	0.05550626768645058	0.0340102805692263	0.12545021647451093	0.18852630274733856	0.016009359843096475	345.076133750923	460	0.00011680667849299056
1.1835689846415136	-1.3237426488994843	1.157228914177205	2.317622795094914	-1.0087882886571609	0.242650428693343	0.716766988130869	0.8161726325895611	0.08973862772623464	0.6118008234728719	0.28292938432526504	0.015557523157432893	327.19949587371354	460	0.00013595959775257953
0.39411687122236133	-0.4684369783538444	0.9998729201690453	3.0256881741346886	-0.0009655365789003257	0.25090097582072	0.04812189208014342	0.05829994377585437	0.03421280526516586	0.1258953629990989	0.18983105846342377	0.016076362031400466	295.09454456250626	460	2.3751182748783286e-06
0.3996191406011614	-0.4340193658158691	0.9825154080930956	2.903618713816984	-0.01753554916303934	0.22690657591894353	0.048807951872993915	0.054245628106708466	0.034080006543233086	0.12447466223758485	0.18728366746086028	0.016132059936339364	303.8793884583527	460	0.00013220630037958785
1.3212333857034237	-1.4525387414816675	1.1671082690669012	2.1791582154322158	-1.0462868766683393	0.25875207340281114	0.4096936270743536	0.4552141298487188	0.050241026310866715	0.3516902162321006	0.13114969930782366	0.015080239326579136	302.60750615436746	460	0.005093071899477768
0.3289094600714128	-0.3584474222984284	0.9677090848051553	3.025390340719539	0.3419857759226496	0.2514798212986584	0.04045844940916601	0.04506729491231134	0.03349084180731351	0.1273867660803685	0.2341012871811315	0.016276188807714084	323.57280857003394	460	1.0240847808910494e-05
0.39692890252297874	-0.45676344615761405	1.0081762945070465	3.0697212649764962	-9.884089223781217e-05	0.2505953525306578	0.04865357936724432	0.05716763988737916	0.034470582082123856	0.12777861343181846	0.19089502882889373	0.01610282576895107	299.38615280180375	460	0.00016317612714981863
0.7262143406285081	-0.8346240879986225	1.1074131739170956	2.8671901245677267	-0.7200002661470335	0.22943690626003405	0.08873166138503394	0.10491223773805756	0.036140023804331685	0.14039393165954886	0.0985859602953766	0.015964322980730875	330.3864361751223	460	1.281992005996176e-05
1.2208921736802654	-1.3524749753068597	1.174126032933106	2.3498813624749006	-1.0219395401116071	0.24026591418678914	0.4648050672015936	0.5490152256990394	0.06218744509752803	0.4036587333697585	0.17817956634454235	0.015219951675833307	277.6876731747589	460	0.0006997481097030586
0.2655385589644318	-0.299561731192841	0.9397874971665406	2.982792577938102	0.8178339866066139	0.24912243433036313	0.032192838699243775	0.03699566585258078	0.031875479063949594	0.12356347338908126	0.2881606757664394	0.016119087922430855	303.1030095312783	460	9.148723414726363e-05
0.39871483440113	-0.4529236975364696	0.9997866290745671	2.986677250988258	-0.0007986442136664672	0.2395780033605043	0.04848573696693563	0.056239916611593	0.034130327131647056	0.12575780039085255	0.18873637724572073	0.01579861995324207	288.2041269368588	460	4.080334844311116e-05
0.274656070557642	-0.3093004617791295	0.9358027407010528	2.975957882665771	0.6789015860582375	0.22475488775464436	0.033466147582449965	0.03841117166487382	0.032149106697812964	0.12301508447822118	0.27296226592483347	0.015948398746069677	292.28348984229825	460	4.54456545733224e-05
0.23130571286551566	-0.2553096680278483	0.9445243065647563	3.177523663458826	1.1630255575962192	0.2509350656458666	0.0284958878580491	0.032090000045623866	0.03230546096403153	0.1308261559725155	0.33688379234144306	0.016222537217403823	341.3182037283251	460	5.9976787786046205e-05
1.0961287683743925	-1.2628216965560695	1.1635114064242005	2.467088893885411	-0.9720010860355757	0.24170903470462785	0.5625081035527079	0.6568912244968559	0.08515670712424543	0.47956653378290204	0.26884232062903	0.015412246770011897	295.62823387603294	460	0.0004134008335368861
0.24263052702208596	-0.27103152015547133	0.9489211678785681	3.1791102183138005	1.0230104861770333	0.25293277303618483	0.029954262614337833	0.03412869684229782	0.03246289832832839	0.13031171288013169	0.32033849732953185	0.016059616571355212	331.50108892851824	460	1.059757081170489e-05
0.39997073669782635	-0.451620025092491	0.9933437888188879	2.947867248427042	-0.00044782760357507776	0.2474817297360597	0.04867944946937277	0.05615863459116725	0.033988754158973046	0.12468811395500728	0.1887748426802704	0.016015185234309667	320.69880991174153	460	0.00016129979927151426
0.26967634321958706	-0.3164368744011725	0.9601238170305555	3.1759366519867487	0.7250230797514154	0.2508300723467484	0.03324270768347017	0.039709396819634764	0.032855464330856475	0.12897451900944434	0.28296958460862287	0.016144980647793503	287.81154464806616	460	6.049913778208868e-05
0.39322346889727156	-0.4597749730975495	1.003849754709441	3.0619846411298823	-0.008537207438942419	0.23594861253026583	0.048120326030067925	0.05740872665772496	0.03445562456690089	0.1280902189636738	0.18957287422994779	0.01607254632055343	290.85496661352744	460	4.640844943344034e-05
0.39745674371457673	-0.4497454690346481	1.0043923559355268	3.0566878980299803	-0.005552761352388119	0.2455583563312893	0.04877967510662048	0.05643503007636847	0.03463710564892801	0.12981245077198159	0.19051741702160976	0.016116409425808956	327.9157192900628	460	4.961350695807143e-07
0.24917219755191916	-0.2722047735912439	0.9340797633598353	2.9827879548807155	1.0013375033103291	0.24801860601250303	0.03021726641278646	0.033657769609502196	0.031573137940789205	0.12349863181493777	0.3105091012236247	0.0158963136075225	350.4498866920447	460	3.814107382973448e-05
0.39765434221346385	-0.45286279408333563	0.9836858092066647	2.8920936863509272	-0.008208999889439237	0.2318121567178183	0.048183984641551506	0.056033414340606	0.033725116887626624	0.12296603451365101	0.18668760858712163	0.015803721777142666	245.3689854036801	460	6.981926783608148e-06
0.402894300947562	-0.45164564718636685	1.0111984928756417	3.0541992505374065	0.011516428628224891	0.2681066922941057	0.04937559988771336	0.0565933296649219	0.034476587575380684	0.1287862002942016	0.19209716717262396	0.01594291327825028	337.1471114301152	460	3.8131165895626776e-05
0.40050321498995556	-0.44626266503766915	1.0014846913800788	3.0115289624003427	-0.001144892490175124	0.2483637927611606	0.0489853071136556	0.05580714002635721	0.034300056321983886	0.12707898738122614	0.19001937004881259	0.01615627466363381	310.72530715540177	460	1.0604303677834177e-07
0.3989089422784252	-0.45368098352631175	0.9927428645609006	2.9769409616254783	-0.002317030070926981	0.25860500621445653	0.048952380013572154	0.056868149972852944	0.034300767025468276	0.1265673863572691	0.190449988507501	0.015888326301828615	308.25396071466866	460	7.251155685876632e-05
0.40303130523737485	-0.4549951293394902	1.011497027951968	3.059786115417164	0.01417497085196396	0.27613950080765864	0.049488423711107524	0.05709125451842801	0.03449656156749142	0.12916901103860184	0.19280816063415673	0.015895390828421667	311.62528205640535	460	6.495091051806603e-05
1.411386764226588	-1.6106477251133131	1.1993079630156334	2.2361640697257776	-1.0810063190125596	0.2623531643354532	0.5732493120755806	0.6514743767441942	0.053661345680394094	0.5162245087648896	0.16098687836726808	0.015273505941908775	335.73998794968924	460	0.0017305561319824823
0.25045549821243196	-0.2804575488254444	0.9537492433010356	3.1690966848125366	0.9592920996918876	0.25919978239263003	0.030852493961140287	0.035235772033287385	0.032468779112937315	0.12988411063196306	0.31158092754875155	0.01598858743291988	299.9721417937091	460	1.5237030543714456e-05
0.4048092544938443	-0.4394285257611481	0.9886483517280114	2.896006826438694	0.0006882150616792774	0.24743101155173064	0.049145268098880666	0.05460494123773804	0.03394756863622493	0.1253180699375139	0.18811474048860527	0.01609602143742387	317.74565970141714	460	0.0001862076598889819
0.24193258194352826	-0.28511681647285386	0.9586066204107988	3.210723218512598	1.0247577646172314	0.2532203363479122	0.029609374352478585	0.03549143302429515	0.032094524360524866	0.12785446640249964	0.31758603599988317	0.016180488806821276	318.3228373159764	460	4.232453456150159e-05
0.6387719364138905	-0.716884339111205	1.0599691828955216	2.769036092940792	-0.5761593537920452	0.26389630308142603	0.07793004398666763	0.08983372939301057	0.0356160332355024	0.12944342803468922	0.11616242328305466	0.01590459267177923	290.66256266477	460	6.365165341455757e-06
0.4002211367798531	-0.452777897618811	0.9914716737231245	2.9300891260307678	0.000567363936380716	0.2477457399800095	0.048682390296926864	0.056244238900837414	0.03388324835162936	0.12350121029407769	0.18865301551584102	0.015696474149375982	285.52266725249984	460	3.1333547709562335e-05
0.3933804963958274	-0.4573373948834006	1.0250110380682875	3.2228420119714807	-0.004738528052649758	0.24815053994060018	0.04869429757560002	0.05783763948965236	0.03519301180894833	0.1335752564607149	0.19318667097344985	0.016169761439085682	238.90781030337988	460	0.00018759704221880884
0.27803626131908854	-0.31398724616058193	0.9502225494937818	3.046976631565692	0.6840423921872781	0.243773109105833	0.03398974127705291	0.03911509054053683	0.03249093023708158	0.126082137830058	0.2747090655159647	0.015835494877480906	320.094473946326	460	5.1344034573243264e-05
0.3993644905006176	-0.4518739006652305	1.0081431743605973	3.062107276581735	0.002088636684255852	0.25570403586191653	0.04900754157966042	0.05666930024553196	0.03451337494025775	0.12854395155238185	0.19133951929195916	0.01604821459854807	311.0548655238691	460	2.610042166109855e-05
0.3959329162926957	-0.4470570259659647	1.00344939363227	3.075777073255875	-0.011991476914961	0.2405827548682617	0.048776526007852206	0.05631160463144763	0.034707520414401796	0.13009573373790273	0.19065635136325793	0.01620026842802831	323.43536214760184	460	5.4772004563524915e-05
0.40409119879782407	-0.4452826590808258	0.9935357784741427	2.9198239793733323	0.005199965829282043	0.25169807448619563	0.049035978534120346	0.055251748919538	0.0339302272032264	0.12443724416751448	0.18864103770224622	0.01609451552458799	309.97609962633817	460	9.029111151160798e-06
1.3516950027616437	-1.4563792810872191	1.187072872858728	2.231540551404691	-1.0534441677598407	0.24834148391590066	0.46844001989541395	0.5316510334752232	0.049288481691561775	0.4148386346558886	0.1480875648618021	0.015469648503958208	321.68409104282875	460	0.0012449573291597486
0.7867965542388564	-0.8752182443467739	1.1062194614331735	2.7090506244007284	-0.7545798022961363	0.25042412289670796	0.09538102945382976	0.10932333771491748	0.035541335733984804	0.13809664130287438	0.09218804851528577	0.01608765730652031	308.5070896219462	460	1.7701490559050177e-05
0.6304486251051068	-0.7415588756028989	1.0783533274106003	2.8976013713944977	-0.5835961402722425	0.24955274381527967	0.07682605154534627	0.0926777601565638	0.03589317641046363	0.13202819832633608	0.11584277450201182	0.01585314822872751	325.1854920462825	460	4.641614169128457e-06
1.0036007118177195	-1.1281302116951188	1.1621516161921526	2.631208526190351	-0.9179647034087789	0.25816196875041514	0.1221441469413313	0.14159306841786298	0.034569351793503934	0.15620371907057357	0.07059003377063396	0.015936347595567096	305.17782489838544	460	5.025362141179593e-05
0.24776945561029165	-0.2872780193142411	0.953633211281154	3.194383075929814	0.9391116784034153	0.24705747178478657	0.030508134215235922	0.036003666803982884	0.03241461667585026	0.1286485605212379	0.3091243239965704	0.016226119010974257	310.30040058983235	460	5.701248724774068e-05
0.24045478492539096	-0.2839438268589614	0.9547313347952654	3.139134731988182	1.084732491732213	0.2632908798288543	0.02921163634735892	0.03505146398797167	0.03170856908986663	0.12563704611394835	0.3218417110430355	0.015575737207313306	354.49072163000983	460	1.739264313912697e-05
0.4001371109110401	-0.4496116088945195	1.0060418349699323	3.039137234353653	0.0013361300487623946	0.25003502980689857	0.04890692112801315	0.05617047083630306	0.03458812843875794	0.1297311126409583	0.1903656626883343	0.01609092222037999	383.55062330481104	460	0.00010164210497686025
0.7732552118006585	-0.8696761601450945	1.1057331652852898	2.7367137495587315	-0.7520751270789814	0.23814007519488495	0.09371270462953199	0.10864664860119427	0.03559864899574356	0.13856454317788638	0.09275626292321712	0.016210687714021708	294.6504997413788	460	1.775367283926173e-05
0.40455152138282574	-0.4413040360056084	1.0031651434075812	2.9997470826437342	0.006087949166774578	0.26110014483956706	0.04959855947977633	0.05537531191106569	0.03425610761647742	0.12677412161877127	0.19121272300669748	0.015784742363795023	321.4077242009738	460	6.343513531756113e-05
0.3946432687748163	-0.47321251017396865	1.0230102152899077	3.150456837453072	0.010397984480339672	0.2560138966185779	0.04820470067900009	0.0589041233372516	0.0345933472360139	0.12958310932253328	0.1917611196938166	0.016061763418259472	318.6125838612086	460	0.0001449359475995435
0.2483006565418664	-0.3061796084135718	0.9559290438740882	3.149844313260382	0.9500840004575817	0.25729992711007865	0.03014318074450298	0.03772422074002387	0.03182313193384188	0.12516425300110195	0.30544236285487314	0.015896693952243877	311.4471616745819	460	2.814291709107882e-05
0.24951343770630383	-0.29022974795402373	0.9548448739918098	3.1699439338756212	0.9226576778756633	0.2376229517197483	0.03055715101359576	0.03616060960492743	0.03218943569869219	0.12698434896301442	0.3051190763446586	0.015775940138710583	297.69794266606846	460	8.76308746088452e-05
0.23815184897365332	-0.28202419089705477	0.9581237666263976	3.217397279371703	1.0376457001286035	0.2344132221320853	0.02910424830750749	0.035039974062426184	0.03200177397891771	0.12744942268409423	0.3187025849353741	0.015746728759209877	358.1712716664406	460	0.0001001964203742373
0.2572773433249166	-0.2905439022119374	0.9521902183099531	3.119368274031342	0.8913318790560312	0.2565469680469218	0.031538413022600735	0.036275504873840105	0.032425243347585814	0.12834901311650218	0.3012519171437473	0.01604593477115612	312.1820964522211	460	0.00014226489321537145
0.4000374720624335	-0.44891662584269165	0.9946077980920432	2.9853247068202036	-0.0026956021611780215	0.25611030595455314	0.04906795214563739	0.05627786800600358	0.03435572225341571	0.127042723717055	0.19036725136909816	0.016054677329516476	329.4453147133116	460	0.0001542671397299785
0.7100792178326628	-0.8300411414467995	1.1076147637952687	2.8884845920490245	-0.6860346868568058	0.2521569429637842	0.08651939565586983	0.1038766224908102	0.03608450617498005	0.13763046220750813	0.10259940537869927	0.015873079649787732	294.03888796527974	460	9.837812945010262e-06
0.24624587875637977	-0.2841669461453183	0.9474701720970722	3.1131568700544516	1.0007157306683718	0.25844239317565365	0.03008027435857224	0.03531632392376543	0.032167502288689774	0.12761432669706244	0.3135089654472697	0.0159997494121504	308.6825225454587	460	7.259517037027058e-05
0.7132197885450919	-0.8132774392366225	1.0951414567590672	2.789339057344959	-0.6855312987761784	0.23837476719621786	0.08628554506354393	0.10117433421218809	0.03567501993447775	0.1349977884199554	0.10131958214729309	0.01582711456308087	329.07984115183643	460	3.396113199202878e-05
0.31561327639828485	-0.3456026678763948	0.9708480958794462	3.073624210867688	0.4493124900305375	0.269746642881585	0.03891756222289848	0.04353024399075618	0.03330326557490762	0.12735071735324846	0.2481634996473958	0.016150290577325633	302.7085978282956	460	3.893090940014172e-05
0.4059495936911118	-0.4373712673375901	0.9848740396099332	2.898959467276281	0.0009404543384072554	0.2679302463406352	0.04979435405060762	0.054922816891361255	0.03410137397182016	0.12522199296441353	0.19027234465872422	0.0161720792281691	290.1841271829094	460	0.00018304639795051894
0.2740170209565333	-0.31105348702365604	0.9512166402848947	3.050743964909444	0.7388173432880026	0.2553845399276642	0.03345999142300332	0.038683373256880434	0.032340115660532236	0.12572717972596362	0.2809886423509099	0.015850428346764565	300.75821692014637	460	9.217034596564649e-05
0.2454470609193402	-0.27894716243720513	0.9593506800905784	3.1809925247711743	1.0400751104128996	0.2686379262284723	0.030090519461016072	0.034837162468890494	0.03220206334817968	0.1283498447143255	0.31977369248638704	0.01603323844334753	314.5573854175949	460	5.4880469729202187e-05
1.139865796388594	-1.3286973881842654	1.1869635012262085	2.530455769791513	-0.9830559974014449	0.2698974824725579	0.4469106717764494	0.5384884482087389	0.07038548740798972	0.37056916767014136	0.199581033087453	0.015355424228963667	364.9302744037658	460	0.0007074053641238016
0.40002719352258936	-0.4412228931321768	1.002280458920922	3.0181379849347123	-0.00560449101021448	0.23889386735439908	0.04895875293762019	0.0552349524217671	0.03443003915691412	0.12736258546130988	0.18967249983973397	0.015974700082826296	303.34309977061974	460	9.671917910742325e-05
0.24685654784557737	-0.2987701307257675	0.9499651246723584	3.16767997586339	0.9200321530536563	0.24171250370433983	0.030207372430367682	0.037134043089036915	0.0321855484371537	0.12643115058012913	0.30468361129566246	0.016225536709355164	389.05683346904834	460	1.4373622154021138e-05
0.4031839964440553	-0.44724405111670407	1.0199869677442206	3.0977758778042577	0.011615730491139101	0.25772730171929104	0.04931620253362619	0.0559553985645307	0.03460268099357322	0.1300782306807292	0.1918743063666168	0.015963792053210826	341.01733598459094	460	5.398803029753071e-05
0.4026369008338511	-0.46286528503839003	1.02071145269457	3.1075243842250506	0.021721783286871132	0.2832978553217731	0.04940285060648896	0.057988411624420075	0.034577457054018025	0.1294712980881608	0.1937677202077528	0.015926359787450682	308.98571550005863	460	6.07238734660582e-05
0.39591551840267764	-0.4530408391970134	1.022758567829129	3.1830532108654617	-0.001987541416241119	0.24649502699615358	0.04878293881806071	0.05706044232995035	0.03502490738791192	0.1326216494224214	0.19235885893689816	0.016176268209862604	334.7971101173564	460	5.672708543708467e-05
0.40682050818654075	-0.43015585900439496	0.9921306225016726	2.9281101666422633	0.0002879386872192691	0.2563882365424066	0.049788759708565944	0.05395225712144993	0.03427074233381573	0.12613305301650188	0.18987905983672893	0.016210537270186415	269.7336538949468	460	1.1051869831477492e-05
0.4016429792379088	-0.4515819871216464	1.0059022116539444	3.037001012665953	0.00649003955346811	0.2645045295471266	0.049253110890729826	0.05661425501366758	0.03453803753792436	0.12926691290809614	0.1916085798925132	0.015951746555990392	332.34529075982476	460	0.00011904821206289195
0.6597755511245542	-0.7250917864885653	1.0631497426591954	2.702578100171791	-0.5963382760986172	0.2469776214944903	0.07949566320543788	0.08985468811896116	0.03516309368342581	0.127462015387541	0.11156807411166435	0.015784285176092042	384.5920636857818	460	2.954331247673082e-05
0.4037656679317466	-0.4323600147610299	0.9842262231261119	2.8957481940768	-0.008317537484823166	0.24347657220696894	0.04931600492295347	0.05407988725280244	0.03413326160584318	0.12550958231239873	0.18832665340334107	0.016233315024337284	321.6436764058303	460	2.6740670021110423e-05
0.2308672901851043	-0.25958160557475524	0.9477032818462905	3.1938054596450596	1.1800682482261682	0.26285581706045924	0.02846143134814147	0.03261900100381268	0.03230773289684784	0.13100620311449487	0.3392151061795725	0.01609349359898532	296.9631188138967	460	1.0423306547806111e-05
0.40119091429143955	-0.4392527514218339	0.9866059139340069	2.926670692138846	-0.009163131183433093	0.2432356719102722	0.04907490635410355	0.054981228822521884	0.03419631100735985	0.1261207816892396	0.18872973117380004	0.015987685461046952	292.0401186563165	460	0.00010680304027646626
1.212076220450981	-1.394345910856161	1.1725799127841579	2.3603284541263623	-1.0283175828993514	0.23861445127256095	0.14761653641644784	0.1746026081481006	0.03216310397933966	0.1745681483311392	0.054098610740693685	0.015821070835492192	313.8233585428013	460	9.700096840501828e-06
0.261452569874067	-0.30745545639994826	0.9589698296162441	3.1785715650537285	0.8084955191654539	0.2508795334404022	0.03214377516571495	0.038466804301682186	0.032660797450242626	0.1293700587084256	0.2923921285713164	0.015967760862392818	314.0487794879381	460	8.291960141604134e-05
0.39631491066057944	-0.46343655068314193	1.0021763476127397	3.0104027658118464	0.0017232888168385667	0.2444772292210672	0.048203025014012364	0.05748164664951402	0.03420548927515001	0.12659253946186633	0.18920574174028398	0.015745056087039667	312.9042486756261	460	2.2405539076164953e-05
0.3977697810204484	-0.454499272854122	1.001877826364769	3.0413961027565803	-0.0021188183048497025	0.25504190008108296	0.048892777305943456	0.05706049670168611	0.03453581829275745	0.12853376572466857	0.1911481512997666	0.015780165024111302	359.36088174700706	460	6.44367173933202e-05
0.3970930556955916	-0.4658742646094907	1.0279461015202627	3.1823850107614224	0.012028149815038533	0.2616172773886801	0.04867921547581603	0.058295285596266073	0.0348740417511308	0.1321338007617821	0.19287071800504682	0.016160316115339586	298.72661118044965	460	3.944856875423153e-05
0.3987696469677035	-0.4559254775086232	1.010940630895213	3.079870622972252	0.00405174323384793	0.2564461358925493	0.048862163872170655	0.05706540325938599	0.034570130314639236	0.12937533216678254	0.19137391057017394	0.016108851328665092	313.7210376097195	460	2.4307500208899965e-05
0.23821409662133983	-0.278319420998214	0.969596182065939	3.223727225900492	1.135657899082084	0.26637893597647233	0.02896888433499411	0.034422092499576604	0.03191017281636252	0.12774588159418163	0.3286672168875482	0.015743144435366414	340.1407951527033	460	9.897362308158178e-05
0.8781500978183059	-1.0070182843540043	1.1498072428820567	2.8082860253597812	-0.8534682118459614	0.2432778835734902	0.10756331895497995	0.12718514120149316	0.035701087044811	0.1515260135747849	0.08095035782690478	0.016035427052649768	331.1377830108337	460	5.621473545356651e-06
1.084930281004572	-1.1894492606308846	1.1421681699842294	2.389786926339577	-0.9652387120340931	0.2390508594758905	0.13205163211169998	0.14937098671042323	0.033334297215275095	0.1588649767997931	0.06286039511760548	0.01590979314791886	317.20592105533393	460	3.90661375792432e-05
0.23992539946088473	-0.2733334489633108	0.948283933055353	3.070108735872831	1.1183551425715137	0.25805657912021307	0.02898138255652904	0.033610274811893014	0.03143562179756985	0.12396193839029016	0.3235627699361748	0.015839087384119238	290.0938780056429	460	2.3648285004956462e-06
0.26753915362865355	-0.29954029765011714	0.9389261570190659	2.992013457267112	0.7889339117162453	0.24818513532894057	0.03260167551679051	0.03719015966397983	0.03204826561935008	0.1239365934030463	0.2862954549294297	0.01601484178653511	309.0577907309525	460	5.611151844900683e-05
0.24992319608340471	-0.277584918475087	0.952781102788814	3.143292769617648	0.975559591876982	0.25751129367926934	0.030691338648128518	0.034755193093140006	0.032226714257470604	0.12737067237577424	0.3123485044852009	0.016125874507120514	320.5377946297087	460	7.405008247904296e-05
1.071242099086024	-1.1617463868119349	1.1453293757387344	2.444097704138207	-0.9597183943319576	0.2443128403788481	0.1311157145288467	0.14687584171816515	0.03371348465632082	0.1603096809600526	0.06439222578737001	0.01611483944218162	330.4281815141226	460	3.0059757163004442e-05
0.40301534215206036	-0.44361703589903406	0.9902975197718217	2.9244542320628573	-0.00010498599160869507	0.2520809856813563	0.04912702871075427	0.05530570183888673	0.03407564417965587	0.1254592621645528	0.18901492373570422	0.016078183500561418	331.98558734328685	460	6.108809923188102e-05
0.39364811223643975	-0.4593921845992838	0.9905378716894839	2.9816978936694305	-0.011772484728118999	0.23747286429641892	0.0480960802995811	0.05727020836159141	0.03421508888998173	0.12589587106491182	0.18853886353463334	0.01601126873729183	329.9349124549656	460	2.404413479989871e-05
1.4026316409845798	-1.6152448514494198	1.1875237582727045	2.1716293906789352	-1.0742959823328042	0.26182877458391024	0.4727947990284016	0.5524469959141967	0.04704216206620741	0.42045484030283065	0.13158192596243018	0.015444455188536417	296.8916669185063	460	0.004766596526068955
0.39562487610248154	-0.46690266122374674	1.0160490419575998	3.10318346087943	0.006252829632535502	0.24911614142145708	0.04827722373361882	0.058106344685795105	0.03436099841365834	0.12830460146251824	0.1908261077257806	0.01581093005131401	349.0793324658572	460	5.00462237895081e-05
1.2152012727709625	-1.3174767196683508	1.1743628918255549	2.382501973733981	-1.015715850989477	0.25927818997932406	0.35696653522336136	0.40998841445777173	0.0530855854379108	0.3066196513009155	0.13839508008294332	0.015546001710478324	325.03363984276746	460	0.0005366285223101643
0.4057548581424864	-0.4494165407539414	1.0014920196357153	2.9773239399826794	0.014514383074835852	0.2777485035350852	0.049691629460584676	0.056275500694823774	0.0342515527734929	0.1265193234263638	0.19187851659236135	0.01582040167006266	328.38533107784264	460	3.254768036748237e-08
0.8863784172277465	-1.0334958565608223	1.1224386931966162	2.6049032534217558	-0.8640529383313748	0.22151423194868855	0.10705406376968613	0.12849065968269377	0.034729628525748686	0.14561272326781757	0.07721189384293584	0.01601087266578556	293.96984665549485	460	2.5810421354263185e-05
0.2398928562988063	-0.2681224464605163	0.9830518302625507	3.300311827199181	1.1609758614773753	0.27753002593893045	0.029374882770766133	0.03347982195236177	0.03230827558304336	0.130444196753231	0.33446195308721255	0.016083521985101518	325.4167721813103	460	6.540126396284722e-05
0.23863300697484552	-0.2734227956837416	0.9542592774992807	3.169463352743205	1.08723145570763	0.2510215951473514	0.029126471995085473	0.03398228466900366	0.031949878184316154	0.1275761406141131	0.32406636727038574	0.0159800816206809	335.93009919686637	460	6.340617442862155e-05
0.4041938082873544	-0.4415625393140364	1.0039484570844261	3.0237422714833335	0.0048174734765733685	0.2658511884641527	0.049648484774613866	0.0555247934268907	0.03464204352993286	0.13023000869750148	0.19169227081855658	0.016313814953449485	344.6643941611475	460	0.00015869879256166168
0.25478393655675585	-0.2759370234336507	0.9438843341486507	3.0830816093580355	0.9240414088154433	0.2523864030001624	0.03127895788391856	0.03459668493480871	0.03234433218771877	0.12815320808031755	0.305758400085961	0.016237145908491738	298.43890367023096	460	4.3803248293821336e-05
0.39735212899905975	-0.4448206544335329	0.9827772006432635	2.9133661385096645	-0.015596313549786286	0.2293257308815701	0.04841663645891163	0.05539354238667414	0.03399856285972116	0.12469483459246684	0.18712674043624003	0.016233975144802848	372.82147665386304	460	3.4778835755081574e-05
0.402713963455604	-0.441929088481573	1.0036042654988495	3.012004382006337	0.0018173818138192263	0.25178205967536343	0.0492475131899941	0.055298670935632885	0.03442406288713723	0.12814226297104783	0.19032670285689263	0.016200303390565773	304.6830100659833	460	1.5507988873465251e-06
0.6459794149319262	-0.7062717181485875	1.0661624586969674	2.7837389117852345	-0.5834112483909948	0.2536752487237736	0.07867409215741171	0.08854484053403652	0.03562385668759178	0.1297136822278885	0.1151093613638978	0.01593564484319004	310.69680403241443	460	4.557820786720308e-05
0.25405698996231585	-0.28710046321616145	0.945987016942028	3.1002241970992546	0.9095327661041914	0.2529532503084518	0.031130255134313983	0.03582728241318179	0.032306932137615464	0.1272412041547624	0.3033691457589535	0.016346921556898188	289.8152210793355	460	3.291187081752108e-05
1.5962639605010107	-1.8253161356843115	1.1881195182186115	1.951749761433844	-1.1178019846172704	0.2559619289145035	0.6567140416114967	0.7552490006115452	0.04136045853567651	0.5652093505083308	0.13215717492436121	0.014788550982852752	327.37964604832933	460	0.0003775762504808463
0.39878796610142936	-0.45566907034916154	1.0047054377820015	3.0349855810703024	0.0025845535731612874	0.25470952431356153	0.04883301880841836	0.05697640914806411	0.03441910880403837	0.12776769206607935	0.19081950556326502	0.015787417652504826	341.71031366277305	460	3.085494651535023e-05
1.0057376755526188	-1.1702399992762642	1.1490899702823143	2.5330826521702465	-0.9290269026730216	0.23715790367524783	0.12132569768516926	0.14526682651693573	0.03392522839824644	0.15394366942662058	0.06793638632539926	0.015777863704778516	341.7615984783629	460	2.06781811373713e-05
0.39878853914931395	-0.46097422598968	1.0156182005614072	3.101632532359091	0.009552060042744379	0.2641374647463771	0.048886251845829384	0.05767779284695948	0.03452892613093266	0.12864972823005533	0.19216892995095664	0.016188519726101615	339.292196970609	460	3.623657050267215e-05
0.23696715298492713	-0.26389270769126283	0.9507427414264431	3.230795752431963	1.061960023381454	0.2431584539689252	0.029335917180512414	0.033352522599939004	0.03264309236893178	0.13188314592652137	0.32651158023760685	0.016251004298356346	331.86202690841657	460	4.644136218704186e-05
0.8449669881088647	-0.9556540952621765	1.1216865711823847	2.6858988810132045	-0.8167570849914674	0.2406511724316293	0.10252382145299593	0.11954799415927266	0.03530163926244802	0.1428699376320639	0.08416024680163399	0.015694815805022314	280.05519011443636	460	2.160630484353783e-05
0.40075736319222527	-0.4505193306551938	1.010080636555075	3.06780562473147	0.00499815424244059	0.26027335738210494	0.04920231581981813	0.05653908774537406	0.03456266444358289	0.12875755769846595	0.19180345519653436	0.01602133780561192	283.96887932044467	460	3.447423888954505e-06
0.23302010574674878	-0.27043237499832334	0.943958155663801	3.156366840856476	1.1195839973820279	0.2491558470684443	0.028522661317350744	0.03369225766394942	0.032105162395548115	0.12919448798163868	0.32913299673436297	0.016111005175944774	276.8945370846213	460	9.204444495115203e-06
0.395273935840327	-0.4560153536776429	1.0107303734531699	3.1016262861973405	-0.004344252561969018	0.24343370830126665	0.04853107155749495	0.057176122285397216	0.03458999714206572	0.1288979393954269	0.19093238325422449	0.015953351671052943	335.44580331967126	460	5.8307363581813435e-05
0.4005231759225736	-0.46145022797096125	0.9962734198152856	2.9389061129420053	0.0092797307636798	0.25403128098396455	0.04846318015459974	0.05695457559070132	0.03378478422355064	0.12346021536009988	0.18859639686178284	0.015868105616691084	349.44138395136093	460	9.33380361046107e-05
0.8632290576896802	-0.9676329998679108	1.1333770825757963	2.7289785076030526	-0.820184168652698	0.2655729410577379	0.10534800993970066	0.1217508930394106	0.03554345555323202	0.14514647436705594	0.08436199459813802	0.015851289942530898	286.169387771861	460	3.2748468416840254e-05
0.4018869274910349	-0.45776042491154917	1.0049644501354504	3.016445136113976	0.011451518049426724	0.26870277708035784	0.049112263571699406	0.05712937330870519	0.034339843935474436	0.12782061940969622	0.19133651049375827	0.015880524345009483	303.83881406952105	460	0.00019836267764036003
1.5187185862228578	-1.7683829798216522	1.208417381961636	2.1538427689549766	-1.1156915091335404	0.2512487115686879	0.34893428438768853	0.40889219109714176	0.03424542365821895	0.3395785481768571	0.07846948750090539	0.015555124894883665	288.2607179263202	460	0.006874705460708471
0.245657480057267	-0.285983480017896	0.9478210647484365	3.146897219352205	0.9567323157511856	0.23992212283073705	0.030132804601102483	0.035686372274712816	0.03202710768495448	0.12597960042670484	0.3097852592798004	0.01572060770017095	344.0812811002343	460	1.3517516433279827e-05
0.4046416071694706	-0.44878394155641066	0.9924113360977352	2.9122391291340937	0.008467667281267334	0.25964498921395385	0.049138146363037184	0.05570945126555693	0.033937522518265324	0.12471032480082671	0.18914547694516984	0.0158921590077094	319.1793164159558	460	0.00012193364212214535
0.3957579017121618	-0.45361446205944056	1.0092462573677972	3.0999396752683688	-0.005293494019362021	0.24790522628836653	0.04871803300294823	0.057040200440317594	0.0346228303180369	0.1286545787860506	0.19134936992485466	0.016261285537980046	298.2246812478479	460	0.00014840143006843387
0.40009135502229004	-0.4555509018827561	1.0024948157758085	3.002611639556799	0.005262890326070133	0.2542578138851622	0.048746462620377316	0.05668634205312222	0.03416360107213029	0.1261986009921043	0.18991145329822062	0.016103383094661937	290.9859834363267	460	1.1938698953908037e-05
0.3997590211278146	-0.45364876024312273	0.9886000205553226	2.9207182558133535	-0.0011769213954739466	0.24790578090736093	0.04862181573591635	0.05632914277155983	0.033963168801524536	0.12510029424035715	0.18840410365018842	0.015862721517954374	340.5214564900705	460	0.00017166536248533145
0.24880168458134616	-0.2864609233942502	0.9519175554264273	3.1980460648808657	0.9167960805803854	0.24193131717484362	0.030715393712400188	0.03603073946925823	0.03269630096583804	0.13092508504891143	0.3073646318462282	0.015926161821450197	284.0794470749123	460	1.3927861991641362e-05
1.1277297183946435	-1.318655335315325	1.1697393575546309	2.4640159256506307	-0.9852752012283588	0.2596360781271798	0.13665893409782254	0.16444425519172617	0.03311587553947046	0.16418834006326044	0.060247691839665586	0.01594577058578222	339.9586139291255	460	4.519606506528665e-05
0.6073923624973454	-0.6613809649295319	1.0679744319394535	2.913755674187986	-0.53351413542918	0.25343289351462306	0.0747745337353046	0.08376984803988022	0.03616804806274838	0.13309745538826712	0.12366266352425626	0.016035918407841163	299.1105910308986	460	2.7764216000048523e-05
0.2826283060549453	-0.33063408054639665	0.9572685184058972	3.0872635714511287	0.6181768489596906	0.23787247374987505	0.034516023749857426	0.04109704005393985	0.03266796580798808	0.12648998511877932	0.26656798837865553	0.01614788495969607	283.0624308140567	460	0.00011795734873373913
0.40147598363769643	-0.4471938786742347	1.0084863710591958	3.030822916593628	0.004237403935302791	0.24593977979812565	0.048905857409277186	0.055703660159797906	0.034224259524301304	0.12709990599173854	0.18986253323241467	0.016049603011978775	378.65724111829564	460	5.268780191697912e-05
0.8793247411376731	-0.9897041452065881	1.135460375020494	2.7344054711468533	-0.8441430380761747	0.2623333847884941	0.10807214436265258	0.12548009336155105	0.03563950411393961	0.14882953838477456	0.08201848535869302	0.01603318684927276	311.0447840773771	460	8.929647806818601e-06
0.7248599446808571	-0.8222119903668405	1.1025517623611796	2.8172082666770706	-0.6909820419511	0.25494509320553654	0.08803979102557029	0.10271323938221512	0.035844723774651546	0.13595676166963871	0.10115421056591202	0.01604387712120012	301.9757968107528	460	1.339568406244953e-05
0.9436115713504767	-1.0933083389288927	1.1617175868610736	2.7222836523881617	-0.8774183395206236	0.2686619584331024	0.11433731358939869	0.13640151992547872	0.0350401115841463	0.15056270627049875	0.0760634125066883	0.015967835585124723	292.478198100376	460	4.40316578354678e-06
0.829171057779491	-0.9465092237499193	1.1247498471744137	2.718675514456695	-0.7920109220232555	0.25442107454882523	0.10018350320483498	0.11771710507817164	0.03532356524632315	0.14052350552467927	0.08697853049991908	0.015866316624550975	334.75790194127376	460	1.164413507546516e-05
0.2577135672818563	-0.29226879883735996	0.944684695493519	3.0815493992397682	0.8544612038673551	0.24150754637428856	0.03156035219051408	0.03645265792626037	0.03216921931907437	0.12569822997705402	0.2963653423366047	0.015865460726135726	340.31357967626843	460	4.519789141326751e-05
0.395910566036871	-0.4727843533330259	0.9946218090247858	2.955875406952229	0.00526213110574675	0.2500917353564821	0.047911450490536384	0.058292921309595125	0.03387381918500784	0.12424597307035361	0.18837158137528043	0.015629973523902062	330.2734498388253	460	0.0001940645148022707
0.40028395950851153	-0.4421415427706741	0.9924404165851017	2.975431934651692	-0.007736373834447013	0.24809717148940438	0.049145272731129806	0.05553674151345007	0.03438452978113886	0.1274776526027071	0.1899116800018663	0.01588770350013763	285.34385330457064	460	0.00013890611483815374
0.402538359618761	-0.44300769859005384	0.9939428202001657	2.949249502146869	-0.0003507131237447001	0.2506185591323199	0.049151226924694646	0.055329769178799615	0.03402604620939409	0.12463683978905472	0.1894222820471844	0.015978407491905534	323.93348898044286	460	2.6306352529252926e-05
0.7301406460083247	-0.8192251457695748	1.0972901810938909	2.7723672149412195	-0.6994736863906856	0.24533122915624186	0.08857468813216958	0.10227481656792002	0.035700985401661486	0.1358343788044384	0.09970456056165622	0.015910494628715244	329.7656961370002	460	1.4143490659359584e-05
0.3972189639545257	-0.4572284860979182	1.026777315526131	3.205154978504102	0.0051396513901965915	0.2621593085330917	0.04908515375182413	0.057754678564783585	0.035122349876578814	0.1330500843865251	0.19392556208177544	0.01606426934468164	316.2311025014952	460	0.00010688118789210649
0.39821962441972253	-0.4511169867190766	0.9931494050743946	2.9836305813352855	-0.005910509387554919	0.25042859286878455	0.04881683679609807	0.05650749574014531	0.03436877163303725	0.12719139393717432	0.18987481708987194	0.015995494486381656	256.62694836326136	460	7.820847903817314e-05
0.2468211186891654	-0.28266910066152495	0.9563254031076376	3.2084566341912244	0.9642374602576197	0.2500650437460273	0.03043307609442568	0.03550961496858336	0.03247732918274209	0.12931722969556994	0.31274788036898904	0.015986132066652205	304.4255565846184	460	4.7800663576613766e-05
0.8648745324552699	-0.9913869641668696	1.1413337751266122	2.7698942431734044	-0.8330523590468769	0.25188129079657384	0.105392911837712	0.12454246956076867	0.03554454492320739	0.14697915397967212	0.08287029559613258	0.015853521991282635	324.0931591415625	460	1.6417104152859384e-05
0.7930264895022668	-0.9147954385935079	1.124929800400403	2.814857251734154	-0.7784214685507517	0.23941267725945095	0.09646202152301728	0.11456397460976842	0.03578799948205609	0.14257847165591597	0.09013229914633614	0.016103781592148467	297.62244549415936	460	1.5555611535996585e-05
0.4007161423995266	-0.45223797008324573	0.9909494828791579	2.9324798301327157	0.0011098969068679787	0.2531036254082337	0.048801366384817545	0.056259024664171854	0.033957735930558966	0.12412202499719678	0.18900732504007767	0.01601118315711229	327.81603062700003	460	4.559598480259324e-06
0.3985847949038696	-0.45684944921334814	1.002687013390915	3.0225665751967457	0.0023171131552037955	0.2545200124765048	0.04871699837568716	0.05699708779035796	0.03435362174120972	0.12729623869254297	0.19035103797755243	0.016172951932145845	301.2791070989801	460	2.5836629064302034e-07
0.39717998806837634	-0.4571772598300667	1.0035037816537002	3.054344684498314	-0.0012125806584787498	0.256782699316382	0.04879689723013302	0.05735864532684785	0.03461806590541157	0.12932204635551872	0.19123001719042101	0.016056684184158863	268.76718905282735	460	9.899324160683116e-05
0.4014114695463981	-0.4464182886657108	1.0038017511404096	3.0015713725419593	0.0022309264501419843	0.2446556472163568	0.04888393290472528	0.055581822044899046	0.03430337896570211	0.12739778362765836	0.18944121558530702	0.015999058040973686	283.2703321428145	460	5.067778876066178e-05
0.24539946758373238	-0.2842842070973622	0.9605657469036408	3.1992095694515212	1.0044906364060924	0.25361626582742997	0.030024014637964204	0.03539795038964259	0.03210169219587845	0.12771159041272487	0.3148450298538632	0.016127698146479696	302.0861833766173	460	8.962849875224063e-05
0.4100757959641959	-0.42284706563610314	0.9976576754436337	2.937618174587827	0.004769865447544073	0.2561141474719736	0.05011452759601783	0.0530366042704349	0.03419771273451619	0.12673520881608644	0.19004580834227963	0.016164035601169222	304.23079137867876	460	7.073736529774313e-05
1.479180803236195	-1.6306406414480308	1.1792707314235316	2.0499407678035997	-1.0979681517419275	0.24061014222599383	0.2888713412069148	0.3509782135078343	0.02964759390080304	0.32325739054420155	0.07189707683268708	0.015180651305738658	306.33901652562076	460	0.0019288048720186022
1.3283010007944365	-1.4936843030105114	1.1794938124786123	2.2246281870503686	-1.0546141262074393	0.24725039945323043	0.4433299220804405	0.5067452833860615	0.050624299106001934	0.3927738940619615	0.14010074717530174	0.014948760414245444	346.9084768243183	460	0.0023082880227733283
0.4012214155432367	-0.4380922717293056	0.9950271213352752	2.969367483605824	-0.006975165069407603	0.2398480604143051	0.049085554677297256	0.05484797436221626	0.03421754946085347	0.12638151195436023	0.1891487311739539	0.015974125921906925	349.55016393250094	460	6.47683267051316e-05
0.40825184478497045	-0.4402951440583026	0.9749432468818511	2.762222148483804	0.006474655862975646	0.24888774457922064	0.04910426505417446	0.05415232908309664	0.03324352135638018	0.11959969038222522	0.186075777559001	0.01574839687635968	349.1096264216711	460	4.50257856806349e-06
0.3974600148571577	-0.448700928895757	1.0063800842890378	3.0817388042613088	-0.006028174222166693	0.24934419098758878	0.04894815620639909	0.056492757825260705	0.03475459540668355	0.13003497006467601	0.1913222584655893	0.01616175831278387	354.3616132600948	460	2.2446791368087422e-05
0.40072483063598	-0.45255413144828904	1.0081743666124998	3.027779159553274	0.005821912023474623	0.24780112297058982	0.04875522208645135	0.05625971974739662	0.034273769462105176	0.1277919785535789	0.18979056727604843	0.01595947253805712	315.58730056851664	460	4.6361824569527646e-07
1.2036274452147728	-1.3179767012765795	1.1835163566018885	2.4328739362447576	-1.0117508002747861	0.2517279085379026	0.3121479296631826	0.3589260334129597	0.05010496679945274	0.27492738344350154	0.12445277376657615	0.015523779751471768	274.98102657538584	460	0.0003147321259432132
0.40124960615886485	-0.4583878566783388	1.0034891884333852	2.9899355450168565	0.010723398385392992	0.2586836557185813	0.04875696024292618	0.05686216741225678	0.034085000594980604	0.12583167006536403	0.18989697392428695	0.016007579229337265	323.5001195273533	460	3.224616165023793e-05
0.3978147425058642	-0.4457976897267885	0.9868228698034438	2.927204810826055	-0.012510832346680921	0.22913308722205367	0.048394307625751684	0.05542831862896225	0.034149809131423015	0.1261322582981901	0.18723088219285094	0.016086775691771298	271.74533552972895	460	4.3850411900205115e-05
0.9673074545888372	-1.062626709311277	1.1508694883144015	2.6589223028578317	-0.9091810829737386	0.2428360093010137	0.11879922748817488	0.13490372466098358	0.03499772926968717	0.15700080153066992	0.07289944620142515	0.016188737328592412	307.451980923232	460	1.541968978684651e-05
0.39821444987358945	-0.4550335818668405	0.9964428926763671	2.9840533386293266	-0.001985939510381139	0.2466090491236272	0.04858063587436965	0.05670419590283578	0.03429163790498042	0.1277716669071212	0.18930125961975874	0.0157881574782579	297.02667705986715	460	9.335140651597723e-05
0.29055245790103684	-0.3238861192177417	0.9507726445306818	2.950577713483664	0.652115331104479	0.2666643768991625	0.03520542520545687	0.03998604903842388	0.03200975774581953	0.12161651976167501	0.2674641985898433	0.01574675816658818	294.94036433645516	460	3.5168477454224065e-05
0.2913308854227802	-0.32549059484123727	0.9524482908205949	3.0066412874533825	0.5988431174067566	0.2504974459549603	0.035560061387823055	0.040500919936238014	0.032515102896095674	0.12428112449348541	0.26354452309389087	0.01583117264504507	326.9959662290165	460	0.00010104594632336462
1.3590664030250905	-1.5684748072889612	1.1784855515433648	2.187766784118269	-1.0725562950514782	0.2435899162428232	0.6058925767988044	0.7171901891000164	0.059705085134365024	0.536292054192668	0.17654493055384626	0.01555445535117742	261.01123676808226	460	0.0005615010308423753
0.8678177511886348	-0.9691227565458634	1.1194760769237435	2.6213567228859427	-0.8196641112419517	0.2579380653662701	0.10486306216791835	0.1207554593191138	0.03502096153323745	0.14043306809328557	0.0828970560933797	0.0161298448782118	329.43250991576883	460	1.3412183342199043e-05
0.23780808465076297	-0.27146075234565775	0.9477412991545355	3.2083654129169132	1.0335486385413624	0.23882712709155607	0.02932874154091295	0.034122441204648496	0.03254983183925843	0.13157327960863155	0.3215446398364753	0.016381034412017176	314.3140225747189	460	3.3658638556872765e-05
0.2339671149584725	-0.27207542575631527	0.947353170856407	3.1790836916991796	1.1058309588094533	0.24925060549229894	0.02866660990233019	0.03393477480641838	0.03221982344712003	0.12976888775035625	0.32791502427922736	0.016172775568370785	325.53706794185496	460	9.561315233753999e-06
0.231560203149684	-0.26867446757193086	0.9559579263659171	3.2670994410594227	1.1055645507147351	0.23897747728705326	0.028556848570153722	0.03372553286631659	0.032460701338292444	0.13095195940209575	0.3305719011501679	0.016168321604632472	344.7209820503777	460	7.974619427561344e-05
0.3933195508400712	-0.4524993701259409	1.0178586050635496	3.178409586398747	-0.010280291954152615	0.23855294017027312	0.04858496507098447	0.05712334646641201	0.035014995279963386	0.13237310259780657	0.1918986624808358	0.016184733596912124	274.98235615979365	460	6.0399013502101925e-05
0.2437958000310438	-0.2735183663164514	0.946184119778217	3.129769249822178	1.0277841442986735	0.25617901953790145	0.02994017636480224	0.034230858079615484	0.03228470840528534	0.12865587411979268	0.3187943052227878	0.01594717728634584	313.9472445578973	460	7.3787424981071505e-06
0.40274754211363123	-0.44063109939492456	0.9774217187267292	2.842694631985811	-0.00669053115141587	0.24280988288403924	0.04897289877056062	0.05479291258354464	0.033797868815169045	0.12324820282443813	0.18730477034191803	0.015812514877919497	319.09837503284217	460	5.489696724080483e-05
0.4048700792678924	-0.4495530430991426	1.0003400275048342	2.9640941136056402	0.015033477154572183	0.27135618832644887	0.04940485090955439	0.05606881778390826	0.03407510339332118	0.12534310090393305	0.1911038706038891	0.016025127527556342	288.9026299743298	460	5.024065284788415e-05
0.4017295233844741	-0.451746154300781	0.9952502500908078	2.9491174915405565	0.004566713002223353	0.25510215767713945	0.048934853448960994	0.056221348840009316	0.03391809143537669	0.12426349340208416	0.18947435528540296	0.015815236920140207	301.44593417451097	460	1.6306116775307627e-05
0.24807455867035333	-0.2793972782570507	0.9533866359337975	3.1944780220398745	0.94873548653935	0.24709058579272503	0.030631208962515075	0.03518380104955633	0.032596083248428026	0.13008771682805817	0.31128522455399443	0.016161907059254344	310.05172342299727	460	9.668133874412532e-05
1.6320243240837384	-1.8019221642364598	1.196608788326168	1.9780504295872836	-1.1286854584971606	0.25512587984159224	0.8185126010706133	0.9019351995339984	0.0413656384911047	0.727072497709499	0.15211447796462232	0.01618984944945617	362.4970694455004	460	7.516607774198676e-06
0.40145371343352854	-0.4492698679272675	0.992815325339082	2.94176982190075	0.0011996149681227698	0.25225343516979737	0.04892684431999597	0.05595296708957466	0.034029515765622416	0.12459880247368639	0.18921336403524908	0.015915804357758544	335.9490952043734	460	2.1003674901282628e-07
0.40259931306482377	-0.44890682986833425	0.9925125479458138	2.926671041189769	0.0037146039505127565	0.25326836610303693	0.048941844813556935	0.05577348551878315	0.03400092440292307	0.125102854390563	0.1888769887423416	0.016058512116010948	268.305848717746	460	2.1569767771134365e-06
0.40747642236961823	-0.43541387310178004	0.9975285135344275	2.965967772527448	0.006820839065670605	0.2710826205744066	0.050022125602558164	0.054759862319085924	0.03446665518517179	0.12838639350301834	0.19148078407656774	0.016177369486935145	322.86333679614347	460	0.000169977540826985
0.40552586046522565	-0.44110242007324707	0.9968028564970515	2.955280079355351	0.006267296696021704	0.26328213017065666	0.04957702835408181	0.05519317921256701	0.034208454948929774	0.12637185971101192	0.19047875908117304	0.016038802809658876	299.02219912923204	460	1.950304965873101e-05
0.2459041397382711	-0.2743699314712554	0.9474211310158456	3.114863740344096	1.0267719134218223	0.26229145457181174	0.030138585929445395	0.03427354142056647	0.03214313718304776	0.12814461787872022	0.3178062121419322	0.0160951203223409	351.31037577351896	460	4.3700486361385715e-06
1.4615620955098543	-1.6542634271784191	1.2027825172805826	2.1980121487981896	-1.0973622219363952	0.25656699631050156	0.3002110370919127	0.35066330117480077	0.04044033687151667	0.21963905713776632	0.07413001682622854	0.015491355617003953	315.47616304070687	460	0.003374391701156968
0.4034685537441743	-0.4309887530201756	0.9910655680830782	2.9501423032473757	-0.008013705083423927	0.24655353754884657	0.04952916369869982	0.05421616519069243	0.034331983584217074	0.12714798875269476	0.18967169391195335	0.01607448127444861	342.1578950626077	460	8.913642613860864e-06
0.40318003063652835	-0.45328644097565524	1.0030073551958152	2.9909424272911402	0.011022836271366007	0.26465486466956945	0.049187788945222743	0.05649967274162221	0.03434896589134411	0.12831369161954104	0.1907830796332502	0.015772575157838795	359.73940990695627	460	0.00010436317821971575
0.2565888314117693	-0.28730403789424813	0.9380403325627171	3.0507751257715006	0.8679551179724543	0.2439627559737581	0.03148101493454925	0.03592568582580713	0.032266371876434094	0.1266133358106708	0.2985120133699429	0.015880308157306414	306.1567516149942	460	6.144172591609481e-05
0.267684116573572	-0.29226456691501596	0.9433815540529679	3.0132652875429398	0.817993399263593	0.257816049553974	0.03271945037805297	0.03643429259118884	0.03216275884895082	0.12488964545363138	0.2908176046391072	0.015914015591450253	276.94544744028497	460	4.2321379257780356e-05
0.40125921664932845	-0.4450939526241146	1.0048272563647458	3.0443806047050725	0.0003596588607097921	0.2575483483177594	0.04933235871152958	0.05597872581357043	0.03466861092863758	0.12965774401857963	0.19150069857099528	0.01597643798455013	331.87314186926454	460	0.00010392902348440138
0.4020923322689965	-0.4456879221912875	0.9956131864055879	2.9480061355596683	0.0008655495791741903	0.2450441026781983	0.048898807649113	0.055418675549540546	0.03417226083710959	0.1267426925997663	0.18874419142269616	0.015844506219551573	307.38955965395064	460	3.504022253229082e-06
0.2404434211522621	-0.26362799346768595	0.9443434564706755	3.118358111103434	1.0690438472946049	0.24626446591282788	0.029457931194926495	0.03295443534563951	0.03207796114188115	0.12820115920147937	0.32298753361541627	0.016116394148350255	276.5703922513766	460	1.566067480052098e-05
0.39893140316375925	-0.4528435121276978	1.0119763026256	3.0757889166515873	0.002889060031698435	0.2486632684023938	0.04880097002794329	0.05661385243141169	0.03446244793538654	0.12846353188340986	0.1908399718376623	0.015880809019170685	308.07978462576773	460	4.7310366327789425e-05
0.840186195979855	-0.9298350373353187	1.1346450740083012	2.775869304069478	-0.789211437549979	0.2785041178164961	0.10252700135380928	0.11701284471201746	0.03578356398594085	0.14281213663386733	0.08856115108262624	0.0158785316373446	312.56643632024577	460	9.40220902123556e-06
0.39718034119024687	-0.4565246378327728	1.002804436928476	3.024910765198565	-0.001390062674305236	0.24352126382003816	0.04841104423855852	0.05684940421004924	0.0342481605848928	0.12711899516150174	0.18941490998410776	0.01612887388633825	310.6125261717277	460	0.0001744258595251371
0.40013743315710576	-0.4479136149091951	0.9904505803308562	2.93762785462599	-0.003983782385910157	0.2441844653651155	0.04872486794813241	0.05573935226974391	0.03402973703336454	0.12478619574398796	0.18844083855907362	0.016132712210702827	288.25333210835805	460	2.3081166940173007e-05
0.22891611084735894	-0.26437143421654	0.950218995081298	3.182808981591012	1.2030664810876386	0.257523874823174	0.027976264364022	0.03288594197487155	0.031989072455114925	0.1292361622542206	0.3387388621916598	0.016071120133127455	282.0795962137623	460	6.743637200795685e-06
0.2617442502644448	-0.29596487652658504	0.9483984771007314	3.0479357573985792	0.8802446046682849	0.26807062453936437	0.031904153762963905	0.036737685506201434	0.03209128594357681	0.12537278120566386	0.2976657663346591	0.015952662928056548	305.7129554729647	460	7.420795698027652e-05
0.25415881379323146	-0.28877066210372854	0.937980370684147	3.0434917823361385	0.8783386514483185	0.23109368956874188	0.03099301234376952	0.035862370793467484	0.031970234855623024	0.12533644550085132	0.2978100660780189	0.01571953321191364	317.5937150467767	460	1.7070522688669627e-05
0.39807419606116845	-0.44978789710845885	1.010095588424714	3.077690841494108	-0.001925842066519971	0.24512950816713538	0.048783769630650245	0.0563436228928573	0.03456724415001872	0.12878301695843442	0.19067956959984944	0.016193231519035952	293.3466378102546	460	0.00016711994739697055
0.739572115030774	-0.8716027745950302	1.1137663814185117	2.8494247557055234	-0.7156500026987421	0.25545976719077573	0.08973443901037279	0.10864915984123286	0.03587104779541838	0.1374673271496631	0.09807707854612843	0.01585629881960449	302.74859380515136	460	6.015968629467696e-06
0.40153304997398287	-0.45115854640664904	1.0105420572446822	3.0577136094674335	0.00797725508168327	0.26277604953845707	0.04923292328245378	0.05653324558731409	0.0344313694759633	0.12757249169335025	0.19177590196879227	0.016071861339110725	295.3846460531475	460	0.00017098961913737732
0.3958944037218863	-0.4499639511408051	0.9873971774658131	2.945998862004137	-0.013607268772764126	0.23225929153370414	0.04833080487374184	0.05610041075313951	0.034072456820736605	0.12456660482324378	0.18788848012461937	0.016015343513503175	291.9416413523735	460	9.615594855216241e-05
0.28608213554930106	-0.31379326711111033	0.9513793975177546	3.006012758798249	0.6694732379922862	0.26431546065391526	0.034953805000766905	0.03911627754454075	0.03235871899297797	0.12441787869985581	0.2724044496010541	0.01615252691657198	271.99689729801673	460	2.3999983814977142e-05
0.39752931043986073	-0.4444422866046181	1.0074235797197737	3.085166787823619	-0.008247492600388342	0.24361805447864304	0.048960895484045926	0.055995969358885116	0.034752896648682544	0.12968310823719428	0.19107191382014319	0.016196329631012023	312.4035123425318	460	0.0001225973745959761
0.4042073369192033	-0.44330319917813915	0.9895541902196037	2.918609557478846	0.002687445705900266	0.26175971285996746	0.049426603766262775	0.055441824392823864	0.034055712970783296	0.12512456993327084	0.18989986273921924	0.016011929628353228	322.0153727185169	460	6.688701754493128e-07
0.24030974918070816	-0.2766951723239092	0.9556246915989578	3.2252053063713477	1.0144016425108062	0.23709285639112923	0.029566789788909736	0.03467327461437521	0.032372354166999476	0.1298125710498954	0.31829437218587664	0.015979926502466064	294.2164486286918	460	0.00010144710995528879
0.8764509438492921	-0.9595110073860242	1.1156520245146073	2.6092551354126448	-0.829389803973277	0.26253295806427207	0.10690247375538779	0.12081001460614778	0.03519072355725227	0.1429443017884307	0.08247842756694383	0.01617411770856381	320.4736334484631	460	1.6694775199298213e-05
0.40269813223077106	-0.430819516704927	0.9788002670005873	2.8730245418035056	-0.013565111685086723	0.23882323076968595	0.049225207953925494	0.05393964869793287	0.03405856629357932	0.12456195221491591	0.18778465623427984	0.016170182103670744	358.63402855360096	460	4.763889566025093e-06
1.0179144648358387	-1.1796283764310158	1.1545575982841443	2.554517306993178	-0.9355317758118917	0.2438737602170399	0.12333665936645102	0.14713724254360988	0.034012513672129464	0.1561950974432705	0.0675192048254883	0.01572249003958701	340.1579712712444	460	2.0399641955373705e-05
1.2869573853196579	-1.4140115482464715	1.1792224427556168	2.3020458537059993	-1.0469803062581464	0.24588121936833154	0.6938725049625918	0.7596576454429661	0.0699402397259926	0.6304765848600243	0.22682168311420595	0.01547697546903631	304.2893049954352	460	0.00017151573077179804
0.24265640172042474	-0.2638190371366265	0.9363178251244896	3.0836212215814216	1.0190398688526128	0.23734402668281693	0.029777784220569717	0.03304206432966434	0.03210592779253995	0.12771707068916724	0.31737098283997855	0.016207822138679478	344.5915523004036	460	4.855107144804043e-06
1.415264745587062	-1.5118415194312178	1.1848293381389285	2.1734227357319074	-1.0763856093995434	0.2602128081164417	0.4062440623957835	0.44642791706485896	0.04838608168854494	0.3055929555444885	0.1101104342732766	0.015366559361922931	292.9731145033485	460	0.0004630454845255594
0.24374635531189828	-0.27291122951186464	0.959025949556236	3.217337670824668	1.0318044710100445	0.2575542124648324	0.030027214582260327	0.0342806075635432	0.03233661762240574	0.12903854337643253	0.3207331488499698	0.016250793973980136	328.8012489707905	460	7.595874379455678e-06
0.2460343693366414	-0.28292911519673875	0.9437066823883072	3.1235647934044493	0.9649537298088252	0.2456607520882125	0.03017638721479924	0.03531286141238424	0.03219469893309499	0.12738759834380767	0.3106667806741355	0.016217450795034602	328.29563270573055	460	4.364161113753941e-05
0.3929180848592251	-0.45718353764411085	0.9911500595361263	2.987948168312985	-0.015106029615813272	0.22931351379344378	0.04796304814020915	0.05694705722186732	0.034259372552966384	0.1259893413618145	0.18800984003396634	0.0160680573628888	307.1867155471292	460	3.0133593586614463e-05
0.40917835170489253	-0.4330466339199664	0.9980596337592742	2.9522733732276873	0.009943853383094552	0.2731790592570493	0.05019171086855993	0.05443789626141865	0.03425951592999946	0.12653921377846974	0.19153981206627668	0.01606789758576604	334.7611999655554	460	9.09358280674484e-07
0.3992292512107959	-0.45656989333118975	0.9868166073992046	2.91875384127423	-0.0010041602048597225	0.25290709097591046	0.048616442366082695	0.056758025126663635	0.034000489247629426	0.12443181060546975	0.18875042994854022	0.015802622470665363	373.3815561212869	460	0.0001701482365617242
1.190884417427535	-1.3694373324230864	1.2036339859957577	2.5589238223604	-1.0155179129866425	0.2532708191543733	0.3268094039037564	0.37590978428172206	0.051318648553913764	0.31073318573070785	0.13290617304131594	0.01609101923361359	343.21590993306256	460	0.01134361196084662
0.40389514473919036	-0.43582957194324834	0.9754543875560132	2.830552647540825	-0.007783877271334687	0.2438889165665647	0.049172532526555957	0.0542984200374841	0.033713583019533956	0.12204707366142023	0.18737228789245755	0.01586143638441759	375.47484374215867	460	0.00010664133552476619
0.2397479847657931	-0.2856056108097731	0.9458734030245004	3.1477925074549398	1.015419706877138	0.240733204390076	0.029265045836809153	0.03543463507553961	0.03199067528468233	0.1273350499217158	0.3153869599948237	0.01598652438726877	312.0911803803818	460	7.973196580785361e-06
0.9560225664533103	-1.0680500461119384	1.1459497356732022	2.618550208007189	-0.8897101507089731	0.2506453075538603	0.11600113484620858	0.13373444423231717	0.034733714430661866	0.15027053409501467	0.07407572018030269	0.016083943578299013	338.74616906246325	460	2.545029909418292e-06
0.30483856349427896	-0.3347224341975753	0.9563443634009462	3.0086162599145245	0.5098186995712979	0.2602285021923049	0.03745300342227173	0.04197872051588126	0.03287526714395715	0.12559206627867364	0.25438814046237174	0.015887040406550805	258.01654721095485	460	6.856521417990673e-05
0.39866486582044836	-0.4545605585345019	0.9911043275737915	2.9532343292609804	-0.0026413794750361347	0.2506487331243044	0.04869118736255414	0.05668399215231548	0.03416206732506872	0.12589432208512327	0.18930342907428738	0.015811736715379335	343.98748962442846	460	6.61136635845505e-05
0.24938967107326945	-0.2793322997863217	0.9550439901626101	3.1611605432350194	0.9779540526490293	0.256813455613719	0.03056780722624183	0.03490212743955931	0.03235533954414839	0.1290721666211843	0.3121078880686767	0.01649238835342059	380.9162471830598	460	5.2801911597460493e-05
0.3996212373398615	-0.4506357086959007	0.9761787207743835	2.8321021264206925	-0.007270872956689565	0.23387576516428915	0.04827704194289548	0.05560304065603986	0.033601340383385456	0.1222800355473594	0.18589805868461887	0.015780267353569744	282.9960135273377	460	0.0001422946580004366
0.40431122552102405	-0.44910729586255244	1.0096237674762414	3.036606968837799	0.012492708588324193	0.2686293287464307	0.049468189526569374	0.056191790135563996	0.03443760560539627	0.12862925230484396	0.19178534999108635	0.016056889969766015	349.7415057058048	460	7.639792860498591e-05
0.24875774724652333	-0.282841833331782	0.9503158030381991	3.1498059759935626	0.9477218739338488	0.24660364071717183	0.030545473564007213	0.03537491938871915	0.03225843952428795	0.12730045836048348	0.3090283443304389	0.016190435839374042	347.90108960107136	460	4.741884766847877e-05
0.8581226309122686	-0.9343771869624521	1.1225348134134236	2.6737344531655793	-0.8115004218909382	0.25968263723443374	0.10445129531717441	0.11746655207857826	0.03536350950006382	0.14227101527614783	0.08493734255211763	0.01610687563981854	355.1161952340328	460	1.1335079896934203e-05
0.9374518035432997	-1.0436285467627366	1.152910171364419	2.697670125663248	-0.8763403159563482	0.25621615868522574	0.11418771433389668	0.13130078118600647	0.035138091460185615	0.15105282579174006	0.07661815409812837	0.015862432639445284	301.83881904315365	460	2.9598872491776512e-06
1.3111751287031337	-1.4780541564928509	1.1686916139471042	2.1759100523504347	-1.0509231838993582	0.22984086636417922	0.331146473479524	0.354977586636266	0.033660516200728456	0.34392889833125095	0.09959510960392526	0.01509406528125532	352.0691152746739	460	0.004387857643151359
0.39258100777942734	-0.4678743787625328	1.016288108504642	3.147626887037956	-0.0007871983687186833	0.24967939523615168	0.04826916223910551	0.05865496348675113	0.03464640433323157	0.1294187135962781	0.19185858490727478	0.015874429052420844	374.63228114525066	460	6.623132063965182e-05
0.7770770697998365	-0.8118456921794386	1.0921035209207333	2.6487773014877	-0.7316614681713314	0.25073335734725394	0.0943815388702714	0.10197023586943667	0.03545136126420545	0.13544826244483624	0.09498145068137767	0.01602452553667438	303.8864044377021	460	1.5731473700153375e-05
1.1070609894450827	-1.2732297661436263	1.1896978673654977	2.6087445766705226	-0.9821057969805717	0.24465126361416198	0.22973690480498288	0.2773319794195106	0.048982305519152274	0.20648791046082055	0.1053499165514038	0.015754474564270395	286.29720612124737	460	0.0038400845141522283
0.2357180928422034	-0.2782102211978437	0.9630619303633734	3.2757536940492624	1.105390162349645	0.2672548174177139	0.029084948399508762	0.03492905678823924	0.032468176515893066	0.13153977882278808	0.330592220482114	0.015853924764180537	276.4299895993595	460	1.2112256915630289e-05
0.4086792392376622	-0.43156159591699994	0.9912212513522952	2.879240666236566	0.005997554126877481	0.249416141627155	0.049546255797289336	0.05360534260119648	0.03387822118150518	0.12463045469266792	0.18825615178819224	0.01596907277829623	301.9486252490901	460	1.4784583130592092e-05
0.7893849483304863	-0.8974451688707502	1.0973582908236639	2.6470309916592365	-0.7756263519183895	0.223963703193627	0.09529541561192482	0.1115806488779503	0.035202066525743175	0.1375672040143754	0.08889643681743009	0.01588628203863922	290.6385212233148	460	9.56801726385814e-06
0.854903766670962	-0.9649924745710446	1.1119779276732857	2.5873978026113313	-0.8112126477755133	0.2473639642006186	0.1026993368526572	0.11947757044998497	0.034746855585807784	0.13765561792564	0.08324952561993389	0.015725606680928553	307.812709045634	460	7.115125825796534e-07
0.3986943878215309	-0.4574573506628523	1.0085928131928577	3.060992006368447	0.004733745666814028	0.25790874607976555	0.04882260410951572	0.057215019892851944	0.03442494172524749	0.12804429126760078	0.191212079876883	0.01608215834634668	287.2621075347392	460	1.6179094168975134e-05
0.8775864770891203	-0.9505161505353948	1.125475567406868	2.6546843405624228	-0.8314128368183487	0.2512341508332845	0.10688604394516286	0.11961255729501998	0.035296541028091336	0.14509201398861285	0.0823379125902384	0.016134858867501097	280.1963975700185	460	2.5129664459951033e-05
0.39688691829792355	-0.4557577811576672	0.9948273093607786	2.987712624472862	-0.005402408199229926	0.24372569374350564	0.048486355820488936	0.05685103823210984	0.03424023882300483	0.1266109192438946	0.1892365596907414	0.015737691261836186	265.9391969017711	460	0.00018815128605372257
0.39915317526257793	-0.45110119605989135	0.9899295827042609	2.9468492483946314	-0.00438998702681521	0.24847588135853568	0.048770221806825796	0.0563001056720449	0.03418853312411449	0.12609382410840198	0.18915122441798474	0.015820327390619126	311.46063606780615	460	8.95346439067803e-05
0.40027772229140507	-0.44560700065874903	1.003952070170732	3.0374792094747383	-0.0018074356206357139	0.250252750675546	0.04913163375760761	0.05592933977057498	0.03454812566265376	0.12888173140278283	0.19083363795928068	0.01584980551834531	315.79319674777145	460	6.61894636947517e-05
0.9119452964115787	-1.0498180355441753	1.1188093948770292	2.544931624364701	-0.8677786078037335	0.24780466965491904	0.11042838331441272	0.13089944266583886	0.034564302990735575	0.1445483230196513	0.076466890132984	0.015860002804436682	357.4716098469273	460	1.3472294365842532e-05
0.4001044318785508	-0.4427840824717384	1.0015635305105934	3.0181865956981224	-0.00478027573304282	0.24254696060106665	0.04901196197970505	0.05549243905677753	0.03446214930977863	0.12818486535550394	0.18997363607660525	0.015795248366826577	263.8236029845732	460	2.3664834095272668e-07
0.4036165042451795	-0.45182109239318513	0.9928407599226975	2.9225748327242687	0.008279234804710867	0.2610817426894443	0.0490344602845618	0.05609083818169858	0.03395286089022242	0.12465679242617578	0.1892883633149756	0.015982430476334134	314.54651065494636	460	0.000108277208179186
0.7059752676644082	-0.8144378994763094	1.095841517604537	2.816447107279838	-0.6768397723015018	0.24694080340272173	0.08555595440505638	0.10148123238813488	0.03572298160653001	0.13428770144093394	0.10279261772371033	0.0160483090341373	295.05096352487055	460	5.515202172852124e-06
0.4003847064793555	-0.43619444668615465	1.0045018016690221	3.0657737754162824	-0.008467968634317835	0.24821111380490188	0.049424967814801386	0.05513147082379509	0.03479991051907046	0.1304273067012689	0.19139350457762072	0.016218440352379036	331.0924664848231	460	7.30092578726192e-05
0.40166151773171416	-0.4480816035672847	1.0031994569207925	3.0014248160203874	0.0034651665699411524	0.24837465959593383	0.048934684995749406	0.05580964518731851	0.03431460049162756	0.12748933331619364	0.18972175066240266	0.01580690871902907	314.5670032810716	460	4.926041401203056e-05
1.589193711772493	-1.7696881019479833	1.2071431906155594	2.067901203012759	-1.1190560282156172	0.25902068139939943	0.6756691155596669	0.7540734551019035	0.04269171064490751	0.6061750183464679	0.14047623426759667	0.015003682501819979	298.84620101260487	460	0.0003606859785873441
1.1338826477459991	-1.2953304376989059	1.191738948114597	2.5714407905022063	-0.9869611828404589	0.25205030777977633	0.29531906974197486	0.33742345662685286	0.05550542775333471	0.2566132713890745	0.1320935301500444	0.014995484781141837	374.7336266874118	460	0.002392418551898484
1.1011366356286718	-1.1724458440146115	1.1469525116257173	2.3982853659251813	-0.9681325244733733	0.24358740953875696	0.13434967899477462	0.14795341696382588	0.033411072844087904	0.16039345971718175	0.06265454480258036	0.016235339640827948	368.4947070583781	460	2.4282199901720003e-05
1.631444186845379	-1.8348218375862233	1.1997983654883733	1.9752470865555365	-1.1249850484491732	0.2537798775891912	0.5692403958555329	0.6391629389408346	0.03660439332529712	0.4954161601091779	0.1068969953558211	0.01497491159111161	304.86831386795154	460	6.65197265592693e-05
0.911746656002946	-0.9927460718246615	1.1587486186562064	2.801430420923827	-0.8655597766397362	0.24989546205447138	0.11198086487583797	0.12606729619109236	0.0357884131461885	0.1548377086982821	0.0794547118304831	0.01624455403368913	324.92855276443686	460	1.092166160378154e-05
0.40398973600606775	-0.4478626223486234	0.987956598205821	2.8747875389934903	0.005453056925048996	0.24982834876577548	0.04887061449701654	0.055365598893402736	0.03365147520057048	0.1219636588326267	0.18778222539062628	0.01581927459129013	319.8330330584546	460	5.438721164175855e-05
0.24335803391646044	-0.26049410685716695	0.9561280347629076	3.162981462031715	1.0957537806269506	0.26773364899867086	0.029903823633588233	0.03270498689838163	0.032271214381407134	0.12936307990088144	0.3273724266668702	0.016112863260997895	349.4825762717325	460	2.9988547502231362e-05
0.4021325820128783	-0.4407672599435642	0.9856905317380223	2.902345194469636	-0.005647954835092417	0.24390650147315382	0.04901558220412105	0.054960294313957415	0.03398143512801949	0.12446487369455521	0.18824285791092973	0.015963210950648645	302.90759013023694	460	1.547364792091476e-05
0.24058761148396154	-0.2642805463092975	0.9403440534041718	3.0714888639542175	1.091746291917397	0.25510400586946613	0.029369053908112043	0.03290095571589161	0.03196092584489647	0.12744685693217855	0.3242066847433847	0.015919085692425564	296.7286923041922	460	2.725298086566826e-05
0.2640221377312104	-0.2992300962031162	0.9382214818306198	2.9994661518181975	0.8171948012818455	0.2491902972367447	0.03216048756910122	0.037128228910311985	0.03205827860749602	0.12460028420174832	0.2896435029339169	0.015845515402437105	311.8996265587022	460	4.058571301806584e-06
0.8443256473176618	-0.9408728993940066	1.1278565777152916	2.7199827650421997	-0.7999567433371139	0.2618241658309097	0.10245729933378063	0.11773588441186353	0.03544972984122335	0.14176650124286708	0.08637727880358162	0.015981612410561116	301.0778996697868	460	7.042185288367407e-06
0.4012374560382569	-0.4499704543262694	1.001635932850149	2.9992130241153965	0.0019088866666197226	0.25124094114873236	0.04896353177099338	0.05612838920355544	0.034258544455389374	0.12730930410400274	0.1898290473680235	0.015911720460784474	300.59588379012723	460	1.9295396851311972e-05
0.4012309480949423	-0.4581604171415073	0.9976321811862501	2.9398689612406224	0.009173386469567462	0.2507338511238279	0.048559218205828564	0.05657685347549035	0.03372907846641469	0.12298356006416598	0.18858347378668178	0.015672587116104385	314.89742958697155	460	0.00017008250835861175
0.2511885001179228	-0.2766850113324826	0.9382893908117991	3.0624568518993462	0.9293028407096687	0.23850526267414862	0.03075050500029979	0.034565502245059214	0.03227858050929261	0.1280385019867035	0.3054626509247538	0.016041134796882208	300.2120189164398	460	1.4184386265137744e-05
0.26881832542869216	-0.30118308853481895	0.9466725248458772	3.0573924597499844	0.7667889736212183	0.24617378869158368	0.03291306507646225	0.03759933998427324	0.03235159882117849	0.12641649186533566	0.2854065824622946	0.015953072879451507	285.36647987023576	460	4.0286063844979833e-05
0.25176038883358837	-0.30054296493691496	0.9442457103555567	3.0485756882958603	0.9319494012116546	0.2533288959212719	0.030443364676332255	0.036915025679712526	0.03167457937363332	0.1236424344790228	0.3014579692465042	0.016036614113203385	292.5598869349283	460	5.663461512145224e-05
0.6389975413444969	-0.7405203429346351	1.0825584009662264	2.9042801146927864	-0.5852612113292769	0.26122208236375954	0.07797169398076417	0.0927583481663133	0.0359811523112359	0.13283817368706166	0.11578062885956004	0.01615647301008142	331.19939032568374	460	1.5440876781180226e-05
0.4037658931544405	-0.4533537395470971	0.9918702158676613	2.9092261443599368	0.010078032213626126	0.2642157457079236	0.04907444919551851	0.056281816559620224	0.03381113060278935	0.1232706713406511	0.1894458283956317	0.015840192476777943	347.9639022720886	460	4.1725996518270427e-05
0.4020149354937707	-0.4507754578367066	1.0065692670417852	3.021096235042333	0.007926350653020227	0.2593720722812384	0.04914290184921049	0.0563158200754167	0.03429782313637067	0.12702258088390211	0.19094566965376436	0.01593429032406657	307.9680529430298	460	0.00018233350045261082
0.2455080168628173	-0.28413290441111855	0.9446194521836212	3.08486685303212	1.004511135055111	0.2505605748711404	0.029825786252390456	0.035124815773731416	0.03181581739734913	0.12558750628768434	0.3120633480300869	0.01600294832795615	308.9320561161485	460	5.513350223820526e-06
0.4017012263226891	-0.45005047035322754	0.9921479799977162	2.9349696212735115	0.002063721254469699	0.25319166522141445	0.04891415491789334	0.05600490271370886	0.034047593235878644	0.12534642247387523	0.18910307000956175	0.015895496987837304	302.06644490371474	460	2.4787547217930872e-05
0.26037127882043815	-0.29101191273338706	0.9462024264265567	3.100728413348161	0.8365858830633819	0.24912835775344683	0.03205136462223746	0.03651938663793234	0.032462296515206525	0.1274595255385746	0.2959396559617026	0.0161190539097003	321.13516309479473	460	8.014602502905759e-05
1.5386626704313342	-1.716154941139699	1.2008681226028501	2.0836375890682226	-1.1051560887826006	0.25845944312663044	0.4304349426129119	0.470399158547365	0.03577915545545031	0.39522983094823766	0.09399368708452917	0.014918580784638312	330.17266350857966	460	0.0023623332389460985
0.4061465567527336	-0.4327016199022684	0.9871365283987376	2.901681400286404	-0.0012262382711103834	0.25639861000741426	0.049717667452307907	0.05426110578303988	0.034192368851372855	0.1258850208090294	0.18961671361512364	0.015835378255220155	344.49731517368366	460	4.492923545138398e-05
0.39675743517761314	-0.4509694965681801	1.0039570974791676	3.066569282418342	-0.006863770005509305	0.24732933492329326	0.04880114216384905	0.05668200778627619	0.03475722049717703	0.13026419149131377	0.19089896491664624	0.016055507580810705	305.0063129344437	460	8.27481649609204e-05
0.39496346103813235	-0.4557580386084049	1.0073217566359502	3.0648757899363277	-0.006255100612873285	0.231859019686761	0.0482095381998581	0.05678779650400005	0.03439828686802222	0.12780586520416742	0.18930590190223906	0.015906965934999857	332.6084604734235	460	1.1365003305905748e-05
0.39708533710876553	-0.45240428791006293	1.0122498576543943	3.103852921310029	-0.002000398793326823	0.24813386042252933	0.04878442476414312	0.0567899685675053	0.03460473713508793	0.12892520437325145	0.1913239507626261	0.016192465327902344	334.24202021268206	460	0.00013814998773590563
0.39415911764057276	-0.46169158243722147	1.014275383534865	3.1499278725978015	-0.002598512764116413	0.25678152163658213	0.04869970916069186	0.05823676493491769	0.034909028394981306	0.1313125869641373	0.19273114240952954	0.016008709441752502	274.3577824277375	460	2.9351897661122644e-05
0.2705873302492283	-0.30421017358844243	0.9472065800657068	3.0670937720586284	0.7375953812651126	0.24239498201998266	0.03319297454002963	0.03804034861787871	0.032542743670981665	0.1270769201511604	0.2824952029350277	0.01591541105492439	328.870168547729	460	6.604471281152632e-05
0.404748038688256	-0.4508113740499364	0.9967621982030312	2.940339318025691	0.011589075953909051	0.2660009243403926	0.04925914215603688	0.056078064169768536	0.03404488015777071	0.1257234707346001	0.19006657588964523	0.015880925654857856	293.12624103006334	460	4.52819863261426e-05
0.7966298246835632	-0.8946489995314342	1.1212187008432368	2.76222984494255	-0.7546601146050881	0.26087411042023945	0.09637633658215433	0.11144455563375391	0.03559172408487098	0.1388449430020282	0.0921186678164331	0.01584332315683831	311.6018893327226	460	1.1351222100816978e-05
0.9076979575047833	-1.088475850072918	1.153248961567563	2.725180285292701	-0.8608248780403129	0.2574450769293257	0.10934126965103531	0.13476160836727938	0.03496001923864967	0.14752391633877313	0.07781474816048756	0.015684526746097438	345.9595070641655	460	5.432359467915928e-05
0.2589498450863764	-0.2926398220356091	0.9422180843768517	3.0561382012507345	0.8371933968724571	0.2320113139973964	0.03159786533577729	0.03638850130141802	0.03227910750729377	0.12681240595683269	0.2930614282635035	0.01567291888417145	279.0013051784782	460	0.00011377866253392229
0.3986786521345081	-0.44779152789067506	0.9951573707223559	2.9775831378148303	-0.006633995961760062	0.23808295470952962	0.048628053333226645	0.05583024501739349	0.034290003745394405	0.12755890966272362	0.1887016139607566	0.015899553625103077	371.4612411667539	460	8.89793416586625e-05
0.3997586826170527	-0.43932795404393254	0.9980283786843288	3.0026271685233734	-0.008976109572207921	0.23864064777552899	0.04900485759182442	0.055107803031513504	0.03442450734403172	0.12761057221303013	0.1895442938584848	0.01605245089103683	313.4234434328898	460	5.752076856528654e-05
0.401204234604851	-0.44851931806984957	1.018353226675097	3.113718955098045	0.007258313972822595	0.2591470059004258	0.04933717390400712	0.05640379403827093	0.03459575853239899	0.12940222015192823	0.19255461475499586	0.015859506138663656	330.69980289496533	460	0.00017517250253419928
0.7008841423484412	-0.7939057938311759	1.09140167028841	2.8196296914312335	-0.6748474666424368	0.24383986302213095	0.08545434721819468	0.09961266190234216	0.03585200811585292	0.13502093915656313	0.1037986615791461	0.0159048667410371	270.4639046781214	460	3.4972743561750615e-06
0.8695904520841391	-0.9998451730240189	1.1312603256248197	2.6860245212199914	-0.8390014710914586	0.23778457005579173	0.10522892167726466	0.12463823707227974	0.03511176397719199	0.14482631984651043	0.08099243358161226	0.015825472726664184	302.51466406770226	460	2.2088249156961057e-05
0.4016637415560301	-0.43789816665766684	0.9890367948093857	2.943450084574377	-0.008025990487352037	0.24733556699816048	0.04921934993196543	0.05492472641470563	0.03429164379592753	0.12677097540892004	0.1892984141919642	0.016261609052751234	337.5040970376402	460	3.6986601417220494e-06
0.7268793577414275	-0.8255961423435549	1.1044697851476748	2.836660797872768	-0.700441397359981	0.2510207843979453	0.08862989129043587	0.1035944455018492	0.0359454547690773	0.13720067801066083	0.10054596552790107	0.01594294145429863	313.26688975197885	460	4.949126463124945e-06
0.401639015405112	-0.44962744520276426	0.994854223222338	2.969229195504986	0.002140503483176565	0.2615678912886036	0.04913342654051724	0.05622276706938157	0.034288699133564936	0.12666462049810776	0.1902788344825298	0.01630506318094774	296.4998483910724	460	6.454825714239647e-05
0.7908386944630185	-0.8867349877249714	1.1340272546232026	2.8800565765428043	-0.7556050005863761	0.2683021505019766	0.09672332131178449	0.11180130630709523	0.03619761855626162	0.1431508866930063	0.09384352462691128	0.016105808216728645	349.69945074268907	460	5.386443140773092e-06
0.25166859899755767	-0.27193738396575406	0.944542364854668	3.0752544239640147	0.9662914596109369	0.2525600367694638	0.030841878495819333	0.03402224335815313	0.03202674688363703	0.12605808175295022	0.310198161085221	0.016171609537987523	305.042081963967	460	4.739468158156585e-05
0.40300455353790227	-0.457667596815202	0.9976263827593012	2.949392032437608	0.012381945838973979	0.2654381805926944	0.04900670570765938	0.05682377294887285	0.034039805280205955	0.12586005861279478	0.19005230429665126	0.015606678099697189	322.4295667809513	460	0.00016812072149364422
1.5004641060362711	-1.7139843453591228	1.2124380121511722	2.202664237260787	-1.109098658424507	0.25648964348588904	0.5189772077002803	0.5942413610686702	0.042341378315143036	0.4875202390700756	0.12121289048736344	0.01539680739671979	311.68529275127975	460	0.001829558693367986
0.398436591533818	-0.44512727087688186	0.9972296874185566	3.011930542443957	-0.008822515137260598	0.24294944406188862	0.048873323295159345	0.05583766481414059	0.03454287750593018	0.1288685988979755	0.18980837499005368	0.016102429442887357	280.2624112868697	460	0.00010915461518533531
0.9359040973260768	-1.0635444435126065	1.1642917829638433	2.77129828627981	-0.877898409491017	0.2638360136420358	0.11437386498290894	0.13399739596560015	0.03538324020171832	0.15401678991709897	0.07708904915939832	0.015810143450297416	354.76402010028	460	3.4912685044862156e-06
0.7173150834048445	-0.8357178543539169	1.0996042936158148	2.805863715426564	-0.6783837286372117	0.2659122588150124	0.08682835919002709	0.10392100906716237	0.03567110597554438	0.13359701504839588	0.10229446740997665	0.01588353765056298	319.01520990636476	460	2.5416216047683126e-05
0.3950139169117897	-0.4766625792166851	1.022686707146334	3.122934903479983	0.014051846293242961	0.25087771860464925	0.047936793768334075	0.05891464966869045	0.03437216822584081	0.1285132391324848	0.19068149545224894	0.015664405619733455	333.18333062018155	460	0.0001364913128242089
0.40219299190110996	-0.44072486898039603	0.9923788661679935	2.956476281176849	-0.003575239412061423	0.25260066858531455	0.04924160228098554	0.05520590506193494	0.034259699202087074	0.12618369479249775	0.18969351571219145	0.01638747581691044	308.4302356887828	460	1.2178299479634579e-07
0.4012702346537089	-0.4443209296238846	0.9949391391956117	2.9780455980751106	-0.002511102025327607	0.2549474017244252	0.04923704450072833	0.05575497899831703	0.03432325468378917	0.126791501464613	0.19036452044905244	0.015972531127616277	322.0829389263911	460	1.1666479041595294e-05
0.39548821716066157	-0.45879329683384856	1.0040690263001115	3.0366809693075654	-0.0033892554996585627	0.23750505876836472	0.048215502583000155	0.05707710330294417	0.03424954056677103	0.12680974042213114	0.18922222619302093	0.015873288544508455	329.50876640757446	460	4.3356999875577364e-05
0.40400553393916455	-0.44072508745589606	0.9987450361632223	2.9801948006031522	0.002611438703552289	0.25753582070785264	0.0494173259434475	0.0551750547490781	0.0343178454197251	0.12766648651647766	0.19030016350293585	0.01631491427222704	316.90749236128374	460	3.391180085394002e-05
0.4003072267805715	-0.45028507224891856	1.0022106022545325	3.0062300943944336	0.0018429176865073782	0.25012374179408425	0.04889086263222585	0.05619855771600023	0.03421529951780156	0.1261235225533465	0.1900240792473357	0.015888359019776564	317.1597449042041	460	7.895752595502798e-05
0.7269731213915156	-0.8322787803699625	1.1053874599589908	2.7954659771969927	-0.6781887052014958	0.2621048950525035	0.08749284397185147	0.10297200424770198	0.03550322687059632	0.13325324945371977	0.10146772457485809	0.01569121745522152	338.60334260464407	460	1.562107077450978e-05
0.28012826781064126	-0.3118601769760407	0.9510262829669381	3.026994564008375	0.6903109395058996	0.2486638420076158	0.03414753966903371	0.03876274692314275	0.032430274129663296	0.12601711510822652	0.2744424427766471	0.016116787948977127	271.4111537652949	460	6.40069109494293e-05
0.40015696254153116	-0.44851409979342255	1.000244000761898	3.0009692097074705	-0.0006636626502153334	0.247797632681617	0.04887285034210347	0.055996848640894145	0.03428659499362215	0.12741488379165772	0.18973469630332274	0.016049608695476142	317.3431191620325	460	8.382530154411314e-05
1.5997659050203168	-1.775264890337225	1.1925212611790237	1.9781251294607536	-1.117988766333256	0.2559148940302855	0.4534188696883332	0.5040176112432879	0.03723440197801061	0.40776123874169456	0.09142104388775567	0.015639969882871696	326.74899426713506	460	0.0027243442522588137
0.4036086908870217	-0.4380871108523275	1.0050254329555321	3.0250190004590354	0.00122116961759687	0.25278377696493254	0.049485596935945834	0.05501500604910321	0.03464231048213941	0.13007038788976177	0.19090723818183955	0.015877916232139792	332.3138549630506	460	8.081727260749689e-05
0.392105482359725	-0.4580495377804984	0.9980077501233067	3.0544740895924103	-0.014782673630638034	0.23681543695519494	0.048168380801579584	0.05743078021703508	0.03461458536947687	0.12936855050008603	0.1896840635555243	0.01626096002113079	324.26807118011004	460	6.585311450769001e-05
0.41015697502380705	-0.42941155143946014	0.9855179914657518	2.877308395691906	0.005879768244853409	0.2733340120623236	0.05032076647702961	0.05400979647539953	0.03403039438131895	0.12482048366033381	0.1907117616711384	0.01587793469904337	310.01895917536876	460	9.98847890305912e-05
0.25019302472832733	-0.285218087583144	0.9354469545567455	3.0159088515055625	0.9311031209587131	0.23321014862884307	0.03034696103141123	0.03521144810507246	0.03167859060695422	0.12354434467280627	0.30232803299467853	0.015974965640974708	320.9205348401263	460	6.97623196433756e-05
0.869166039310181	-1.0113872294360673	1.1225673227605815	2.6261702500317634	-0.8368662584578257	0.23837321220950947	0.10468361493790265	0.1253955963950431	0.034803666373780864	0.14184032215623119	0.08048451695074599	0.015631300171237372	290.95353216301595	460	8.90168045046655e-06
0.2349493818822089	-0.27791969454077325	0.9568588212674805	3.27813258342038	1.0677255979005489	0.2524791735754852	0.029047473044598635	0.03497072100729115	0.032665702159650235	0.1326744555058191	0.3268855992760994	0.01621438510711825	319.0601948158909	460	1.517439582983207e-05
0.2526437934458177	-0.2777886307985688	0.95003388889217	3.112602091235433	0.9520356348093632	0.25538121761127835	0.030977509518277137	0.03474528168194106	0.032161819849298744	0.12698007922452292	0.3087842763739685	0.016174511851097296	252.26553041103008	460	4.2042263717749476e-05
0.40361164446120146	-0.44843038081949316	0.9945608767338262	2.9376948292071448	0.006841441101757832	0.26152509447018846	0.04920582220879735	0.055892272918887945	0.03394056099370034	0.1241025016668627	0.18985296005760555	0.016001423448781665	326.99462653949223	460	0.00010976859922936103
0.804531088227201	-0.8915656319040914	1.1233304344108035	2.795036722120085	-0.7706512096387513	0.2647301044149451	0.09851706216690094	0.11257867762975586	0.03597822140171121	0.14285801851144525	0.09159786618598459	0.01597214337008121	321.87002484679084	460	4.878520876214784e-06
0.2527210943278615	-0.2854355332694032	0.9564433884915727	3.1638280289347094	0.9494064123303954	0.2675487277211227	0.031118123814186688	0.03581487315584333	0.03237471916502873	0.128487525146943	0.31006385182558155	0.015919541145641956	365.5645132444734	460	6.0793835223788906e-05
0.6461798612874003	-0.727405332810071	1.0815301451134818	2.8823371527973882	-0.5943856445541077	0.25227329942681875	0.07885087073375135	0.09126230380132316	0.035989851951069955	0.13349947818817623	0.11449944982787473	0.016257350005869878	342.65449061254145	460	3.8497713672076216e-05
0.24120248368549682	-0.2774254517931211	0.9528041367270631	3.1643436924825323	1.0532063094306547	0.25489163583937585	0.029512696797393052	0.034560813896110515	0.03203475043604162	0.12785616422057022	0.32072708011322315	0.015956497587033033	293.85659501398374	460	3.065618527647959e-05
1.241235777473179	-1.4174520981332266	1.2099276615925763	2.5200389261624654	-1.0269756384995978	0.26658747398034616	0.2876442653525966	0.32389211837108517	0.03768871737675446	0.2980204544403585	0.10376788997254137	0.01540102901037761	322.813517904142	460	0.004748056714570459
0.3973125835396042	-0.4534850072595176	1.0110703539511057	3.0803374641096846	-0.0007552733510070521	0.24392186646667957	0.04861726499006419	0.056676555363768165	0.03449637335086476	0.1282933077825903	0.19049472203110177	0.016130655582953873	296.3284409392641	460	0.00017575050594871984
0.6915750096617324	-0.7685418188934298	1.0773520775262906	2.7543419818232038	-0.6574066418076452	0.24562260892477297	0.08423123467515868	0.09631160961947692	0.03569746049890019	0.1327363139076386	0.1055483190316146	0.016029426967022753	324.70530764987325	460	7.798026977949846e-05
0.39853678583319224	-0.4515470006319587	0.9982962828925057	3.004038537726205	-0.004746722321678852	0.24660184563543922	0.04871671238118961	0.05639895078932107	0.034348223683127774	0.1273905326352773	0.1894960127826814	0.016199931628974738	290.5822887343363	460	1.81750988422281e-05
0.961654829394033	-1.0646942887949145	1.150246577284039	2.662345620957797	-0.9115469567438581	0.232656640719406	0.11804914698070125	0.13501887364819182	0.03491157035944476	0.15752100832677213	0.07257723162503082	0.016128423699002335	328.00842206925347	460	1.3787442109701577e-07
0.2491299682359504	-0.2791669810107895	0.9546931006407361	3.1674176367614533	0.9641670162610506	0.25189477946589595	0.030652863327732018	0.03501274948677617	0.03210370108520814	0.1264603791151842	0.3117065277574262	0.016057606889160945	308.97234902326755	460	4.2211761834661565e-05
0.39578868299488235	-0.4515664347450305	1.006249757795027	3.0927158756317232	-0.008393111050354148	0.24624142672641902	0.048763305562943074	0.056852118058705076	0.034813531494483	0.13068660036431237	0.19121688062668302	0.016101069591632433	344.31400298637504	460	0.00013950239166541224
0.40556878604677304	-0.43521607116916783	0.9968323131139989	2.9584426616027892	0.002030832311500438	0.25531547057945436	0.0495737279208099	0.054492554105312146	0.03428379423188956	0.12711021578445808	0.18998463264355572	0.01624493287095751	312.8892702523375	460	2.0062500774512246e-05
0.8280704961690941	-0.9085969630375941	1.1355683760884656	2.811292309627307	-0.7878206768695435	0.26234116723840273	0.10118638016415081	0.11457610694198939	0.0359483513663165	0.14462361960757927	0.08916359998730489	0.01603802121108298	306.2858857222424	460	7.484131637100228e-06
