i,Ebeam,x,y,z,Q2,pT,obs,Nacc,stat_sivers,stat_collins,stat_pretzelosity,systrel,systabs,target,hadron,Experiment
0,11.0,0.090102,0.628929,0.322515,1.167160,0.158526,AUT,2421284.409753,0.016795,0.011564,0.011553,0.070207,0.001121,neutron,pi+,solid
1,11.0,0.107355,0.599687,0.323197,1.328471,0.144373,AUT,2268973.316945,0.013007,0.009792,0.009776,0.070207,0.001148,neutron,pi+,solid
2,11.0,0.118944,0.582651,0.323539,1.430272,0.136535,AUT,2197245.580426,0.011040,0.008836,0.008857,0.070207,0.001167,neutron,pi+,solid
3,11.0,0.128694,0.566069,0.323636,1.503485,0.130117,AUT,2243477.440567,0.009556,0.008076,0.008107,0.070207,0.001183,neutron,pi+,solid
4,11.0,0.137403,0.549006,0.323834,1.556884,0.122713,AUT,2115656.382686,0.008956,0.007874,0.007929,0.070207,0.001199,neutron,pi+,solid
5,11.0,0.145818,0.531980,0.323970,1.600967,0.115651,AUT,2117094.087688,0.008439,0.007682,0.007708,0.070207,0.001214,neutron,pi+,solid
6,11.0,0.154443,0.513541,0.324216,1.636888,0.107731,AUT,2068765.508273,0.008028,0.007548,0.007583,0.070207,0.001229,neutron,pi+,solid
7,11.0,0.163426,0.495724,0.324230,1.672019,0.100191,AUT,1970772.910630,0.007980,0.007660,0.007684,0.070207,0.001246,neutron,pi+,solid
8,11.0,0.173117,0.476373,0.324408,1.701931,0.091795,AUT,1925139.571832,0.007887,0.007727,0.007742,0.070207,0.001264,neutron,pi+,solid
9,11.0,0.183943,0.454872,0.324599,1.726648,0.082149,AUT,1834078.069074,0.008047,0.007972,0.007969,0.070207,0.001284,neutron,pi+,solid
10,11.0,0.197166,0.429878,0.324701,1.748847,0.072527,AUT,1856179.618100,0.008023,0.008008,0.008001,0.070207,0.001309,neutron,pi+,solid
11,11.0,0.214843,0.400008,0.324672,1.772791,0.067893,AUT,1755911.772764,0.008432,0.008443,0.008450,0.070207,0.001341,neutron,pi+,solid
12,11.0,0.240444,0.363168,0.324733,1.800072,0.075046,AUT,1715921.859648,0.009063,0.008986,0.008995,0.070207,0.001387,neutron,pi+,solid
13,11.0,0.275668,0.326225,0.324618,1.854517,0.098383,AUT,950968.948455,0.018680,0.015434,0.015850,0.070207,0.001449,neutron,pi+,solid
14,11.0,0.065226,0.795780,0.322376,1.069539,0.327647,AUT,1407206.040628,0.019878,0.014124,0.013996,0.070207,0.001084,neutron,pi+,solid
15,11.0,0.072440,0.744462,0.322673,1.112955,0.314151,AUT,1273189.348561,0.015830,0.012429,0.012355,0.070207,0.001095,neutron,pi+,solid
16,11.0,0.076799,0.719817,0.322767,1.140974,0.310848,AUT,1261900.397433,0.014844,0.011881,0.011919,0.070207,0.001101,neutron,pi+,solid
17,11.0,0.080587,0.701567,0.323007,1.166921,0.308503,AUT,1366220.987482,0.013690,0.011092,0.011092,0.070207,0.001107,neutron,pi+,solid
18,11.0,0.083961,0.687798,0.323186,1.191977,0.306112,AUT,1233029.821803,0.013976,0.011453,0.011444,0.070207,0.001112,neutron,pi+,solid
19,11.0,0.087108,0.681175,0.323348,1.224779,0.304457,AUT,1284347.257600,0.013617,0.011114,0.011172,0.070207,0.001117,neutron,pi+,solid
20,11.0,0.090197,0.675698,0.323358,1.258013,0.302377,AUT,1212270.474582,0.013978,0.011423,0.011464,0.070207,0.001121,neutron,pi+,solid
21,11.0,0.093148,0.670758,0.323354,1.289674,0.301539,AUT,1171091.802460,0.014272,0.011662,0.011646,0.070207,0.001126,neutron,pi+,solid
22,11.0,0.096047,0.665483,0.323445,1.319359,0.299956,AUT,1152447.671835,0.014348,0.011721,0.011691,0.070207,0.001130,neutron,pi+,solid
23,11.0,0.098995,0.661029,0.323539,1.350759,0.298366,AUT,1175789.517602,0.014107,0.011508,0.011536,0.070207,0.001135,neutron,pi+,solid
24,11.0,0.101990,0.656524,0.323570,1.382144,0.296749,AUT,1140802.051306,0.014261,0.011654,0.011700,0.070207,0.001139,neutron,pi+,solid
25,11.0,0.104946,0.652583,0.323628,1.413657,0.295831,AUT,1071929.447197,0.014726,0.012029,0.012050,0.070207,0.001144,neutron,pi+,solid
26,11.0,0.107939,0.648644,0.323715,1.445213,0.294685,AUT,1102199.351169,0.014392,0.011774,0.011798,0.070207,0.001149,neutron,pi+,solid
27,11.0,0.110988,0.644608,0.323739,1.476776,0.293851,AUT,1029348.740363,0.014862,0.012133,0.012249,0.070207,0.001154,neutron,pi+,solid
28,11.0,0.114090,0.640454,0.323732,1.508283,0.293080,AUT,1062589.046747,0.014556,0.011987,0.012011,0.070207,0.001159,neutron,pi+,solid
29,11.0,0.117338,0.636806,0.323892,1.542369,0.292554,AUT,1045789.139949,0.014601,0.012067,0.012071,0.070207,0.001164,neutron,pi+,solid
30,11.0,0.120685,0.632947,0.323796,1.576778,0.292555,AUT,1013847.677757,0.014653,0.012160,0.012189,0.070207,0.001170,neutron,pi+,solid
31,11.0,0.124129,0.629408,0.323840,1.612698,0.291561,AUT,988737.757940,0.014802,0.012316,0.012329,0.070207,0.001176,neutron,pi+,solid
32,11.0,0.127626,0.624408,0.323794,1.644933,0.291264,AUT,920193.116751,0.015205,0.012681,0.012747,0.070207,0.001182,neutron,pi+,solid
33,11.0,0.131159,0.614682,0.323851,1.664121,0.290910,AUT,855838.890872,0.015278,0.012995,0.012970,0.070207,0.001188,neutron,pi+,solid
34,11.0,0.135041,0.604136,0.323827,1.683946,0.290691,AUT,870459.955687,0.014752,0.012695,0.012708,0.070207,0.001195,neutron,pi+,solid
35,11.0,0.139437,0.590491,0.323813,1.699455,0.290587,AUT,802542.215477,0.014726,0.012970,0.013010,0.070207,0.001203,neutron,pi+,solid
36,11.0,0.144299,0.574450,0.323683,1.710917,0.290994,AUT,747207.511078,0.014559,0.013213,0.013287,0.070207,0.001212,neutron,pi+,solid
37,11.0,0.149860,0.556582,0.323360,1.721518,0.292851,AUT,671453.219174,0.014654,0.013794,0.013862,0.070207,0.001222,neutron,pi+,solid
38,11.0,0.156312,0.532605,0.322883,1.718181,0.300735,AUT,580381.167348,0.014784,0.014882,0.014978,0.070207,0.001233,neutron,pi+,solid
39,11.0,0.164104,0.503998,0.321988,1.706752,0.316440,AUT,511075.918521,0.014925,0.016757,0.016872,0.070207,0.001247,neutron,pi+,solid
40,11.0,0.174176,0.466388,0.320619,1.676037,0.344405,AUT,452693.549758,0.015735,0.022593,0.022698,0.070207,0.001265,neutron,pi+,solid
41,11.0,0.187574,0.431389,0.319324,1.669512,0.364732,AUT,455965.935499,0.016501,0.031926,0.031924,0.070207,0.001289,neutron,pi+,solid
42,11.0,0.206000,0.401282,0.318855,1.705160,0.368386,AUT,511925.926488,0.015434,0.032281,0.032292,0.070207,0.001323,neutron,pi+,solid
43,11.0,0.233986,0.363308,0.318998,1.752059,0.368436,AUT,621398.084372,0.016078,0.031878,0.031898,0.070207,0.001374,neutron,pi+,solid
44,11.0,0.271704,0.325666,0.319687,1.824394,0.368692,AUT,425105.932276,0.027921,0.045497,0.045888,0.070207,0.001440,neutron,pi+,solid
45,11.0,0.061244,0.831095,0.322363,1.049786,0.501926,AUT,1417955.423947,0.007558,0.009311,0.009327,0.070207,0.001078,neutron,pi+,solid
46,11.0,0.066934,0.791195,0.323171,1.092927,0.496299,AUT,1377711.245921,0.007701,0.009009,0.009011,0.070207,0.001087,neutron,pi+,solid
47,11.0,0.070993,0.766495,0.323474,1.123116,0.492937,AUT,1337264.516638,0.007880,0.008859,0.008854,0.070207,0.001093,neutron,pi+,solid
48,11.0,0.074617,0.748530,0.323633,1.152801,0.491616,AUT,1425929.544350,0.007688,0.008422,0.008430,0.070207,0.001098,neutron,pi+,solid
49,11.0,0.078005,0.732684,0.323736,1.179667,0.490786,AUT,1321234.750019,0.008088,0.008603,0.008611,0.070207,0.001103,neutron,pi+,solid
50,11.0,0.081254,0.718613,0.323744,1.205209,0.490979,AUT,1377324.608652,0.008055,0.008348,0.008355,0.070207,0.001108,neutron,pi+,solid
51,11.0,0.084593,0.705552,0.323812,1.231950,0.490707,AUT,1421633.079730,0.008022,0.008163,0.008169,0.070207,0.001113,neutron,pi+,solid
52,11.0,0.087990,0.697965,0.323705,1.267655,0.490125,AUT,1380019.250423,0.008269,0.008282,0.008282,0.070207,0.001118,neutron,pi+,solid
53,11.0,0.091495,0.689487,0.323800,1.302133,0.489982,AUT,1406120.446622,0.008302,0.008207,0.008226,0.070207,0.001123,neutron,pi+,solid
54,11.0,0.095236,0.680344,0.323858,1.337406,0.489837,AUT,1469462.189539,0.008240,0.008054,0.008059,0.070207,0.001129,neutron,pi+,solid
55,11.0,0.099237,0.671541,0.323899,1.375557,0.489582,AUT,1476386.197956,0.008366,0.008089,0.008091,0.070207,0.001135,neutron,pi+,solid
56,11.0,0.103484,0.661556,0.323895,1.413092,0.489260,AUT,1505874.274886,0.008471,0.008120,0.008117,0.070207,0.001142,neutron,pi+,solid
57,11.0,0.108023,0.651489,0.323907,1.452601,0.488722,AUT,1506727.024020,0.008591,0.008201,0.008217,0.070207,0.001149,neutron,pi+,solid
58,11.0,0.112932,0.639592,0.323861,1.490870,0.488365,AUT,1540042.949291,0.008670,0.008258,0.008271,0.070207,0.001157,neutron,pi+,solid
59,11.0,0.118124,0.628742,0.323902,1.532948,0.488696,AUT,1497692.645996,0.008953,0.008554,0.008575,0.070207,0.001166,neutron,pi+,solid
60,11.0,0.123665,0.616862,0.323919,1.574529,0.487911,AUT,1527660.199605,0.009131,0.008774,0.008772,0.070207,0.001175,neutron,pi+,solid
61,11.0,0.129819,0.597733,0.324006,1.601497,0.487938,AUT,1569843.766671,0.009338,0.009103,0.009120,0.070207,0.001186,neutron,pi+,solid
62,11.0,0.137316,0.570659,0.323941,1.617132,0.487440,AUT,1698657.242627,0.009298,0.009409,0.009409,0.070207,0.001199,neutron,pi+,solid
63,11.0,0.146807,0.542784,0.324137,1.644325,0.484943,AUT,1760890.090856,0.008929,0.009574,0.009566,0.070207,0.001216,neutron,pi+,solid
64,11.0,0.159279,0.510043,0.324524,1.676043,0.480710,AUT,1910343.671637,0.008065,0.009308,0.009328,0.070207,0.001238,neutron,pi+,solid
65,11.0,0.176401,0.470997,0.324800,1.713550,0.474972,AUT,1884503.108184,0.007806,0.009745,0.009778,0.070207,0.001270,neutron,pi+,solid
66,11.0,0.202230,0.421643,0.325395,1.756794,0.468627,AUT,1882118.310827,0.008164,0.010449,0.010484,0.070207,0.001318,neutron,pi+,solid
67,11.0,0.249976,0.354206,0.326083,1.817841,0.462245,AUT,1623361.177013,0.012151,0.013299,0.013466,0.070207,0.001403,neutron,pi+,solid
68,11.0,0.065032,0.811530,0.325864,1.087148,0.668887,AUT,1375116.720863,0.007861,0.009862,0.009858,0.070207,0.001084,neutron,pi+,solid
69,11.0,0.077448,0.749054,0.326511,1.196546,0.664658,AUT,1420076.223235,0.007806,0.009117,0.009113,0.070207,0.001102,neutron,pi+,solid
70,11.0,0.089790,0.713541,0.326802,1.321874,0.663481,AUT,1338280.716752,0.008074,0.009237,0.009245,0.070207,0.001121,neutron,pi+,solid
71,11.0,0.104311,0.685709,0.327001,1.475657,0.662365,AUT,1354238.536876,0.008201,0.009139,0.009141,0.070207,0.001144,neutron,pi+,solid
72,11.0,0.123088,0.648883,0.327154,1.646728,0.660899,AUT,1306354.282294,0.008772,0.009425,0.009445,0.070207,0.001175,neutron,pi+,solid
73,11.0,0.159161,0.533461,0.327733,1.731276,0.656504,AUT,1187035.952277,0.014033,0.013075,0.013194,0.070207,0.001239,neutron,pi+,solid
74,11.0,0.234499,0.382862,0.331199,1.842484,0.636287,AUT,155223.755462,0.483214,0.267228,0.248472,0.070207,0.001378,neutron,pi+,solid
75,11.0,0.098684,0.602540,0.372980,1.224222,0.153458,AUT,2681407.904800,0.012306,0.009080,0.009183,0.070207,0.001139,neutron,pi+,solid
76,11.0,0.120641,0.570691,0.373523,1.420598,0.136117,AUT,2396208.860547,0.009292,0.007809,0.007853,0.070207,0.001176,neutron,pi+,solid
77,11.0,0.134695,0.548364,0.373593,1.524160,0.126271,AUT,2385997.286962,0.008130,0.007299,0.007315,0.070207,0.001201,neutron,pi+,solid
78,11.0,0.146978,0.525075,0.373905,1.592527,0.117337,AUT,2317774.943763,0.007626,0.007138,0.007153,0.070207,0.001224,neutron,pi+,solid
79,11.0,0.159110,0.500173,0.374049,1.642239,0.108180,AUT,2282055.923993,0.007323,0.007074,0.007102,0.070207,0.001247,neutron,pi+,solid
80,11.0,0.172120,0.475635,0.374273,1.689266,0.099229,AUT,2239048.843312,0.007326,0.007190,0.007198,0.070207,0.001271,neutron,pi+,solid
81,11.0,0.186834,0.447978,0.374354,1.726880,0.089073,AUT,2134863.440412,0.007495,0.007441,0.007449,0.070207,0.001299,neutron,pi+,solid
82,11.0,0.205748,0.414812,0.374384,1.760240,0.080204,AUT,2097346.502316,0.007667,0.007665,0.007704,0.070207,0.001335,neutron,pi+,solid
83,11.0,0.235371,0.370339,0.374597,1.795716,0.085788,AUT,2066064.134087,0.008235,0.008179,0.008172,0.070207,0.001390,neutron,pi+,solid
84,11.0,0.275009,0.326690,0.374257,1.852695,0.113426,AUT,856253.178371,0.020085,0.016614,0.016906,0.070207,0.001462,neutron,pi+,solid
85,11.0,0.069858,0.757811,0.372637,1.089948,0.326984,AUT,1636794.981761,0.033640,0.020428,0.020524,0.070207,0.001095,neutron,pi+,solid
86,11.0,0.079160,0.702753,0.373232,1.147951,0.310023,AUT,1413127.762446,0.026293,0.017050,0.017092,0.070207,0.001109,neutron,pi+,solid
87,11.0,0.084778,0.678952,0.373456,1.188045,0.306432,AUT,1362847.062753,0.024101,0.016077,0.016011,0.070207,0.001118,neutron,pi+,solid
88,11.0,0.089557,0.669481,0.373578,1.237559,0.304116,AUT,1242575.409206,0.024826,0.016624,0.016634,0.070207,0.001125,neutron,pi+,solid
89,11.0,0.094109,0.661246,0.373688,1.284482,0.301691,AUT,1303602.625558,0.023538,0.015922,0.015897,0.070207,0.001132,neutron,pi+,solid
90,11.0,0.098601,0.654697,0.373798,1.332471,0.298689,AUT,1253033.108819,0.023555,0.016102,0.016026,0.070207,0.001139,neutron,pi+,solid
91,11.0,0.102950,0.648042,0.373925,1.377097,0.296416,AUT,1203095.665541,0.023737,0.016234,0.016288,0.070207,0.001146,neutron,pi+,solid
92,11.0,0.107291,0.642788,0.373917,1.423537,0.293919,AUT,1189591.145300,0.023200,0.016040,0.016068,0.070207,0.001154,neutron,pi+,solid
93,11.0,0.111784,0.637051,0.374049,1.469910,0.291137,AUT,1197942.193691,0.022944,0.015941,0.015975,0.070207,0.001161,neutron,pi+,solid
94,11.0,0.116290,0.632217,0.374077,1.517591,0.288765,AUT,1092963.310722,0.023677,0.016520,0.016598,0.070207,0.001169,neutron,pi+,solid
95,11.0,0.120874,0.627936,0.374209,1.566709,0.286965,AUT,1132405.472810,0.022990,0.016169,0.016225,0.070207,0.001177,neutron,pi+,solid
96,11.0,0.125760,0.622361,0.374200,1.615558,0.284766,AUT,1091105.994911,0.022691,0.016154,0.016205,0.070207,0.001186,neutron,pi+,solid
97,11.0,0.130744,0.613333,0.374386,1.655174,0.282594,AUT,974831.815499,0.023161,0.016743,0.016797,0.070207,0.001195,neutron,pi+,solid
98,11.0,0.135969,0.601418,0.374443,1.687868,0.279958,AUT,908841.076760,0.023195,0.016966,0.017085,0.070207,0.001204,neutron,pi+,solid
99,11.0,0.141694,0.589515,0.374632,1.724098,0.276419,AUT,799039.832118,0.023529,0.017529,0.017715,0.070207,0.001215,neutron,pi+,solid
100,11.0,0.148185,0.574656,0.374859,1.757564,0.271606,AUT,721294.957446,0.023186,0.017805,0.017962,0.070207,0.001227,neutron,pi+,solid
101,11.0,0.156106,0.554786,0.374978,1.787352,0.264968,AUT,575466.798614,0.023429,0.018868,0.019000,0.070207,0.001242,neutron,pi+,solid
102,11.0,0.165887,0.528893,0.374596,1.810453,0.262411,AUT,379694.631141,0.024916,0.021829,0.022018,0.070207,0.001261,neutron,pi+,solid
103,11.0,0.178479,0.485420,0.373080,1.786704,0.285783,AUT,197877.527422,0.027476,0.030143,0.030241,0.070207,0.001284,neutron,pi+,solid
104,11.0,0.198502,0.411658,0.367297,1.684399,0.363185,AUT,106855.912867,0.033847,0.073468,0.073277,0.070207,0.001320,neutron,pi+,solid
105,11.0,0.231500,0.360792,0.365492,1.720396,0.381503,AUT,111856.144029,0.042900,0.087871,0.087306,0.070207,0.001380,neutron,pi+,solid
106,11.0,0.276243,0.320070,0.369510,1.823671,0.336595,AUT,75507.555904,0.075752,0.075946,0.075302,0.070207,0.001463,neutron,pi+,solid
107,11.0,0.063013,0.816763,0.373015,1.060975,0.508207,AUT,1300689.114232,0.008206,0.009803,0.009777,0.070207,0.001084,neutron,pi+,solid
108,11.0,0.070395,0.765674,0.373078,1.112240,0.503758,AUT,1351550.616664,0.008016,0.009048,0.009052,0.070207,0.001096,neutron,pi+,solid
109,11.0,0.075581,0.737740,0.373418,1.150807,0.499339,AUT,1279074.381806,0.008205,0.008960,0.008957,0.070207,0.001103,neutron,pi+,solid
110,11.0,0.080120,0.717297,0.373400,1.186144,0.497204,AUT,1279537.887210,0.008180,0.008709,0.008732,0.070207,0.001110,neutron,pi+,solid
111,11.0,0.084391,0.701127,0.373554,1.221271,0.497482,AUT,1242549.183939,0.008357,0.008690,0.008696,0.070207,0.001117,neutron,pi+,solid
112,11.0,0.088783,0.691551,0.373535,1.267309,0.497424,AUT,1320875.515948,0.008133,0.008346,0.008363,0.070207,0.001124,neutron,pi+,solid
113,11.0,0.093432,0.681542,0.373487,1.314342,0.497114,AUT,1297222.152892,0.008286,0.008394,0.008374,0.070207,0.001131,neutron,pi+,solid
114,11.0,0.098324,0.670934,0.373410,1.361633,0.497571,AUT,1318641.032740,0.008314,0.008333,0.008330,0.070207,0.001139,neutron,pi+,solid
115,11.0,0.103469,0.660410,0.373393,1.410415,0.497550,AUT,1266650.886102,0.008581,0.008535,0.008557,0.070207,0.001147,neutron,pi+,solid
116,11.0,0.108860,0.648585,0.373422,1.457303,0.498324,AUT,1278568.326805,0.008655,0.008576,0.008595,0.070207,0.001156,neutron,pi+,solid
117,11.0,0.114751,0.635142,0.373430,1.504308,0.498852,AUT,1290520.184617,0.008815,0.008719,0.008726,0.070207,0.001166,neutron,pi+,solid
118,11.0,0.121207,0.620014,0.373325,1.551065,0.498837,AUT,1307944.598539,0.008976,0.008927,0.008957,0.070207,0.001178,neutron,pi+,solid
119,11.0,0.128505,0.598672,0.373192,1.587622,0.499629,AUT,1393460.410410,0.009097,0.009209,0.009219,0.070207,0.001190,neutron,pi+,solid
120,11.0,0.137597,0.562170,0.373103,1.596032,0.501811,AUT,1462525.865669,0.010038,0.010711,0.010754,0.070207,0.001207,neutron,pi+,solid
121,11.0,0.149693,0.524291,0.373035,1.619119,0.503510,AUT,1562472.427729,0.011094,0.013287,0.013324,0.070207,0.001229,neutron,pi+,solid
122,11.0,0.167274,0.482496,0.373204,1.664267,0.499899,AUT,1869665.976424,0.009104,0.012859,0.012826,0.070207,0.001262,neutron,pi+,solid
123,11.0,0.196842,0.426244,0.373570,1.727248,0.492304,AUT,2190331.985722,0.007473,0.012919,0.012877,0.070207,0.001318,neutron,pi+,solid
124,11.0,0.249807,0.352824,0.373981,1.809259,0.480537,AUT,1668889.679881,0.011430,0.017612,0.017586,0.070207,0.001415,neutron,pi+,solid
125,11.0,0.064567,0.812159,0.374506,1.080413,0.680807,AUT,1309316.693529,0.007963,0.009803,0.009807,0.070207,0.001087,neutron,pi+,solid
126,11.0,0.075618,0.749541,0.374819,1.169129,0.677830,AUT,1390639.103258,0.008125,0.008956,0.008976,0.070207,0.001104,neutron,pi+,solid
127,11.0,0.085613,0.708698,0.375184,1.251952,0.675388,AUT,1392050.550178,0.008305,0.008634,0.008647,0.070207,0.001119,neutron,pi+,solid
128,11.0,0.096747,0.683306,0.375275,1.364037,0.674776,AUT,1447513.300110,0.008311,0.008385,0.008400,0.070207,0.001136,neutron,pi+,solid
129,11.0,0.110226,0.656502,0.375416,1.492984,0.674096,AUT,1449272.542593,0.008370,0.008319,0.008331,0.070207,0.001159,neutron,pi+,solid
130,11.0,0.127391,0.620296,0.375537,1.629349,0.672799,AUT,1473530.465249,0.008286,0.008259,0.008265,0.070207,0.001189,neutron,pi+,solid
131,11.0,0.154723,0.538307,0.376308,1.711391,0.667394,AUT,1328237.447406,0.009192,0.009082,0.009077,0.070207,0.001239,neutron,pi+,solid
132,11.0,0.211095,0.412759,0.376035,1.778505,0.664706,AUT,647840.025051,0.026151,0.020376,0.020943,0.070207,0.001344,neutron,pi+,solid
133,11.0,0.097116,0.715124,0.378819,1.384911,0.856915,AUT,1157210.398483,0.009586,0.012111,0.012142,0.070207,0.001138,neutron,pi+,solid
134,11.0,0.107439,0.581072,0.423071,1.284741,0.147945,AUT,2761729.981960,0.009539,0.007707,0.007718,0.070207,0.001158,neutron,pi+,solid
135,11.0,0.134231,0.543806,0.423567,1.505692,0.127502,AUT,2647726.213073,0.007305,0.006709,0.006753,0.070207,0.001206,neutron,pi+,solid
136,11.0,0.152298,0.510780,0.423837,1.604703,0.115632,AUT,2517991.786239,0.007004,0.006758,0.006743,0.070207,0.001240,neutron,pi+,solid
137,11.0,0.169609,0.477497,0.424089,1.670701,0.105767,AUT,2471379.034039,0.006951,0.006836,0.006853,0.070207,0.001274,neutron,pi+,solid
138,11.0,0.189193,0.442957,0.424351,1.728426,0.096054,AUT,2400134.898942,0.007137,0.007085,0.007108,0.070207,0.001312,neutron,pi+,solid
139,11.0,0.216750,0.397291,0.424382,1.774216,0.090853,AUT,2335273.404086,0.007460,0.007456,0.007468,0.070207,0.001365,neutron,pi+,solid
140,11.0,0.259740,0.342264,0.424082,1.829441,0.113072,AUT,1476100.018298,0.011765,0.010881,0.010888,0.070207,0.001445,neutron,pi+,solid
141,11.0,0.074547,0.723191,0.422631,1.109565,0.327308,AUT,1699350.610631,0.033544,0.020742,0.020480,0.070207,0.001105,neutron,pi+,solid
142,11.0,0.085853,0.670488,0.423451,1.187934,0.309639,AUT,1535997.169637,0.029424,0.018781,0.018733,0.070207,0.001123,neutron,pi+,solid
143,11.0,0.093531,0.655015,0.423530,1.264458,0.305746,AUT,1470712.973124,0.028153,0.018176,0.018285,0.070207,0.001135,neutron,pi+,solid
144,11.0,0.100402,0.643944,0.423725,1.334465,0.302277,AUT,1394714.126510,0.027455,0.018023,0.018061,0.070207,0.001146,neutron,pi+,solid
145,11.0,0.107001,0.633939,0.423872,1.400069,0.298470,AUT,1400686.141506,0.026228,0.017483,0.017450,0.070207,0.001158,neutron,pi+,solid
146,11.0,0.113537,0.625140,0.424010,1.465023,0.294576,AUT,1327763.535419,0.025899,0.017434,0.017502,0.070207,0.001169,neutron,pi+,solid
147,11.0,0.120013,0.618163,0.424101,1.531302,0.290956,AUT,1278259.528364,0.025099,0.017189,0.017200,0.070207,0.001181,neutron,pi+,solid
148,11.0,0.126552,0.611437,0.424288,1.597163,0.287434,AUT,1198611.741152,0.024889,0.017283,0.017319,0.070207,0.001193,neutron,pi+,solid
149,11.0,0.133291,0.597455,0.424479,1.643664,0.283291,AUT,1104964.003588,0.024524,0.017383,0.017397,0.070207,0.001205,neutron,pi+,solid
150,11.0,0.140605,0.582721,0.424573,1.691076,0.278620,AUT,988512.619836,0.024394,0.017624,0.017709,0.070207,0.001219,neutron,pi+,solid
151,11.0,0.148860,0.567445,0.424740,1.743373,0.272352,AUT,853467.930110,0.024325,0.018172,0.018142,0.070207,0.001235,neutron,pi+,solid
152,11.0,0.158814,0.548079,0.425235,1.796300,0.261052,AUT,650555.585799,0.024722,0.019227,0.019456,0.070207,0.001255,neutron,pi+,solid
153,11.0,0.171608,0.522835,0.425744,1.851230,0.243218,AUT,373617.828647,0.026825,0.022875,0.022953,0.070207,0.001280,neutron,pi+,solid
154,11.0,0.188239,0.486807,0.426535,1.889561,0.232978,AUT,86449.957662,0.040124,0.042333,0.042594,0.070207,0.001312,neutron,pi+,solid
155,11.0,0.242273,0.352342,0.430171,1.756406,0.233844,AUT,30557.118003,0.130727,0.099165,0.101060,0.070207,0.001414,neutron,pi+,solid
156,11.0,0.280306,0.321999,0.428713,1.861425,0.219799,AUT,78161.955842,0.270540,0.160282,0.160767,0.070207,0.001484,neutron,pi+,solid
157,11.0,0.065519,0.797114,0.422830,1.075775,0.507088,AUT,1242468.186746,0.009974,0.010655,0.010709,0.070207,0.001091,neutron,pi+,solid
158,11.0,0.074638,0.737792,0.423209,1.136255,0.505267,AUT,1216457.453646,0.009606,0.009960,0.009955,0.070207,0.001105,neutron,pi+,solid
159,11.0,0.081045,0.706778,0.423449,1.182134,0.501498,AUT,1213704.414850,0.009304,0.009496,0.009533,0.070207,0.001115,neutron,pi+,solid
160,11.0,0.086929,0.689757,0.423493,1.237594,0.500109,AUT,1200523.643976,0.009181,0.009275,0.009321,0.070207,0.001124,neutron,pi+,solid
161,11.0,0.092815,0.679801,0.423618,1.302300,0.499735,AUT,1143968.073285,0.009352,0.009393,0.009413,0.070207,0.001134,neutron,pi+,solid
162,11.0,0.098808,0.669488,0.423552,1.365371,0.500539,AUT,1097265.408785,0.009500,0.009466,0.009463,0.070207,0.001144,neutron,pi+,solid
163,11.0,0.105297,0.659268,0.423337,1.432796,0.501302,AUT,1130655.753389,0.009320,0.009245,0.009299,0.070207,0.001155,neutron,pi+,solid
164,11.0,0.112431,0.646282,0.423390,1.499681,0.502661,AUT,1083872.072296,0.009526,0.009440,0.009437,0.070207,0.001167,neutron,pi+,solid
165,11.0,0.120160,0.630538,0.423361,1.563732,0.503834,AUT,1064179.112125,0.009619,0.009560,0.009614,0.070207,0.001181,neutron,pi+,solid
166,11.0,0.128637,0.607023,0.423146,1.611303,0.506374,AUT,1014437.913476,0.009907,0.010052,0.010035,0.070207,0.001197,neutron,pi+,solid
167,11.0,0.139005,0.562493,0.422736,1.612867,0.511950,AUT,1014333.743828,0.010290,0.011125,0.011196,0.070207,0.001216,neutron,pi+,solid
168,11.0,0.154540,0.505403,0.422190,1.610363,0.523563,AUT,1127866.573794,0.011895,0.015808,0.015806,0.070207,0.001244,neutron,pi+,solid
169,11.0,0.181611,0.447461,0.422272,1.673295,0.523786,AUT,1512747.646597,0.009441,0.016513,0.016473,0.070207,0.001297,neutron,pi+,solid
170,11.0,0.237715,0.365390,0.422487,1.777508,0.517253,AUT,1674513.080404,0.010385,0.018489,0.018371,0.070207,0.001403,neutron,pi+,solid
171,11.0,0.065788,0.802406,0.424152,1.087219,0.687135,AUT,1367937.012671,0.007787,0.009094,0.009118,0.070207,0.001091,neutron,pi+,solid
172,11.0,0.077614,0.737869,0.424492,1.181208,0.685238,AUT,1357344.663048,0.008298,0.008639,0.008632,0.070207,0.001110,neutron,pi+,solid
173,11.0,0.088343,0.696752,0.424484,1.269995,0.684441,AUT,1436300.502444,0.008526,0.008334,0.008338,0.070207,0.001127,neutron,pi+,solid
174,11.0,0.100642,0.666867,0.424526,1.384637,0.682739,AUT,1491392.921321,0.008900,0.008368,0.008372,0.070207,0.001147,neutron,pi+,solid
175,11.0,0.115892,0.633033,0.424783,1.513307,0.682056,AUT,1543648.693221,0.009253,0.008626,0.008642,0.070207,0.001174,neutron,pi+,solid
176,11.0,0.136983,0.578725,0.424944,1.632800,0.679142,AUT,1671602.103968,0.008966,0.008846,0.008866,0.070207,0.001212,neutron,pi+,solid
177,11.0,0.178112,0.475983,0.425975,1.733132,0.670168,AUT,1566932.865601,0.008579,0.009413,0.009473,0.070207,0.001290,neutron,pi+,solid
178,11.0,0.243810,0.366916,0.426071,1.842478,0.654935,AUT,183003.526791,0.040580,0.036950,0.037493,0.070207,0.001417,neutron,pi+,solid
179,11.0,0.082377,0.744626,0.426526,1.252469,0.867461,AUT,1418730.470890,0.007857,0.009180,0.009170,0.070207,0.001117,neutron,pi+,solid
180,11.0,0.139286,0.595641,0.427245,1.672828,0.862129,AUT,754580.881879,0.013301,0.014165,0.014265,0.070207,0.001216,neutron,pi+,solid
181,11.0,0.116806,0.561902,0.473292,1.349609,0.141578,AUT,2880743.936995,0.007762,0.006757,0.006791,0.070207,0.001179,neutron,pi+,solid
182,11.0,0.148693,0.514857,0.473770,1.578271,0.119729,AUT,2719284.648262,0.006650,0.006436,0.006453,0.070207,0.001239,neutron,pi+,solid
183,11.0,0.172886,0.469358,0.473954,1.673143,0.108423,AUT,2652434.219292,0.006715,0.006636,0.006652,0.070207,0.001287,neutron,pi+,solid
184,11.0,0.201970,0.420165,0.474260,1.748066,0.100505,AUT,2672988.139490,0.006898,0.006882,0.006863,0.070207,0.001345,neutron,pi+,solid
185,11.0,0.248573,0.355305,0.474126,1.814299,0.112940,AUT,1814451.738893,0.009630,0.009287,0.009308,0.070207,0.001434,neutron,pi+,solid
186,11.0,0.079917,0.686882,0.472968,1.129417,0.323213,AUT,1833926.481562,0.027911,0.017651,0.017628,0.070207,0.001116,neutron,pi+,solid
187,11.0,0.094247,0.647277,0.473610,1.258907,0.309011,AUT,1639684.400304,0.024905,0.016434,0.016433,0.070207,0.001140,neutron,pi+,solid
188,11.0,0.104680,0.630054,0.473705,1.361178,0.304442,AUT,1558903.324871,0.023627,0.015959,0.015955,0.070207,0.001158,neutron,pi+,solid
189,11.0,0.114278,0.616379,0.473935,1.453777,0.299277,AUT,1498320.271422,0.022581,0.015502,0.015588,0.070207,0.001175,neutron,pi+,solid
190,11.0,0.123502,0.605314,0.474010,1.542994,0.293906,AUT,1388989.169687,0.021930,0.015432,0.015458,0.070207,0.001192,neutron,pi+,solid
191,11.0,0.132721,0.589366,0.474344,1.614309,0.287894,AUT,1288761.871769,0.021040,0.015158,0.015289,0.070207,0.001210,neutron,pi+,solid
192,11.0,0.142688,0.569022,0.474384,1.675579,0.281695,AUT,1141450.166880,0.020575,0.015306,0.015444,0.070207,0.001229,neutron,pi+,solid
193,11.0,0.154305,0.548062,0.474796,1.745119,0.273132,AUT,937420.649883,0.020088,0.015720,0.015796,0.070207,0.001252,neutron,pi+,solid
194,11.0,0.169092,0.521350,0.475459,1.818693,0.255010,AUT,590768.187906,0.020843,0.017703,0.017863,0.070207,0.001282,neutron,pi+,solid
195,11.0,0.188628,0.483544,0.476748,1.880034,0.229610,AUT,157220.250077,0.029486,0.029545,0.029894,0.070207,0.001321,neutron,pi+,solid
196,11.0,0.263786,0.335742,0.477287,1.820200,0.224710,AUT,228503.399228,0.082982,0.054356,0.054564,0.070207,0.001463,neutron,pi+,solid
197,11.0,0.308961,0.311291,0.473177,1.985271,0.239526,AUT,1606.380404,1.746130,1.264184,0.817888,0.070207,0.001549,neutron,pi+,solid
198,11.0,0.068641,0.775508,0.473612,1.095630,0.504233,AUT,1240921.483849,0.015211,0.012368,0.012444,0.070207,0.001098,neutron,pi+,solid
199,11.0,0.079842,0.708657,0.473636,1.167296,0.500210,AUT,1173539.486788,0.012753,0.011269,0.011302,0.070207,0.001116,neutron,pi+,solid
200,11.0,0.087805,0.683327,0.473723,1.238307,0.497504,AUT,1109696.758205,0.012377,0.011073,0.011052,0.070207,0.001129,neutron,pi+,solid
201,11.0,0.095732,0.670276,0.473815,1.324397,0.495263,AUT,1112030.183223,0.012055,0.010839,0.010853,0.070207,0.001142,neutron,pi+,solid
202,11.0,0.103901,0.661214,0.473876,1.417957,0.495982,AUT,986794.718730,0.012483,0.011254,0.011274,0.070207,0.001156,neutron,pi+,solid
203,11.0,0.112480,0.650790,0.473779,1.510844,0.497268,AUT,921836.340976,0.012566,0.011442,0.011455,0.070207,0.001172,neutron,pi+,solid
204,11.0,0.122092,0.637519,0.473704,1.606452,0.499095,AUT,890248.069485,0.012492,0.011504,0.011510,0.070207,0.001190,neutron,pi+,solid
205,11.0,0.133108,0.606921,0.473477,1.666520,0.502866,AUT,786091.834182,0.012570,0.011966,0.012055,0.070207,0.001211,neutron,pi+,solid
206,11.0,0.148154,0.538561,0.472558,1.643999,0.518133,AUT,673123.236003,0.012583,0.013952,0.014013,0.070207,0.001239,neutron,pi+,solid
207,11.0,0.177200,0.449690,0.471113,1.639944,0.544952,AUT,752230.351467,0.013210,0.023688,0.023711,0.070207,0.001295,neutron,pi+,solid
208,11.0,0.233248,0.368117,0.470600,1.758226,0.544520,AUT,815722.565644,0.014910,0.026437,0.026493,0.070207,0.001403,neutron,pi+,solid
209,11.0,0.067709,0.786908,0.473863,1.096644,0.691899,AUT,1328419.899071,0.007959,0.009037,0.009023,0.070207,0.001096,neutron,pi+,solid
210,11.0,0.081191,0.719399,0.474102,1.204623,0.688650,AUT,1374204.589181,0.008106,0.008311,0.008324,0.070207,0.001118,neutron,pi+,solid
211,11.0,0.093981,0.681418,0.474125,1.321163,0.688409,AUT,1422006.306580,0.008500,0.008255,0.008265,0.070207,0.001139,neutron,pi+,solid
212,11.0,0.109486,0.644235,0.474191,1.454656,0.687472,AUT,1513822.361036,0.009006,0.008518,0.008537,0.070207,0.001166,neutron,pi+,solid
213,11.0,0.130611,0.586719,0.474188,1.578160,0.687469,AUT,1649023.538563,0.010225,0.010147,0.010140,0.070207,0.001205,neutron,pi+,solid
214,11.0,0.174422,0.477520,0.474920,1.700617,0.678450,AUT,2108965.309420,0.007930,0.010504,0.010503,0.070207,0.001290,neutron,pi+,solid
215,11.0,0.240876,0.370214,0.475681,1.837594,0.650676,AUT,270306.535201,0.027520,0.045698,0.045783,0.070207,0.001421,neutron,pi+,solid
216,11.0,0.078150,0.746863,0.475471,1.194340,0.875560,AUT,1421486.118099,0.007983,0.008845,0.008839,0.070207,0.001113,neutron,pi+,solid
217,11.0,0.125616,0.620773,0.476061,1.585355,0.871501,AUT,1377140.083464,0.008493,0.008669,0.008678,0.070207,0.001196,neutron,pi+,solid
218,11.0,0.196939,0.446348,0.475391,1.810787,0.858426,AUT,77569.181522,0.076503,0.059043,0.061215,0.070207,0.001336,neutron,pi+,solid
219,11.0,0.096158,0.717771,0.478431,1.380370,1.068298,AUT,392535.402614,0.015894,0.020318,0.020419,0.070207,0.001144,neutron,pi+,solid
220,11.0,0.127013,0.542698,0.523513,1.415721,0.135047,AUT,3062875.271579,0.006670,0.006185,0.006201,0.070207,0.001203,neutron,pi+,solid
221,11.0,0.166216,0.479601,0.523975,1.642152,0.114114,AUT,2852899.880678,0.006435,0.006369,0.006378,0.070207,0.001281,neutron,pi+,solid
222,11.0,0.204825,0.415574,0.524230,1.750443,0.107088,AUT,2896770.523480,0.006686,0.006674,0.006680,0.070207,0.001359,neutron,pi+,solid
223,11.0,0.257298,0.345096,0.523648,1.827132,0.122914,AUT,939953.760279,0.014182,0.013406,0.013424,0.070207,0.001462,neutron,pi+,solid
224,11.0,0.085409,0.660288,0.523090,1.160541,0.319681,AUT,1896782.776663,0.023646,0.015438,0.015474,0.070207,0.001128,neutron,pi+,solid
225,11.0,0.103827,0.624757,0.523611,1.338350,0.307414,AUT,1748312.977038,0.020441,0.014083,0.014131,0.070207,0.001160,neutron,pi+,solid
226,11.0,0.117964,0.604372,0.523843,1.471268,0.301570,AUT,1630185.006381,0.019061,0.013655,0.013596,0.070207,0.001186,neutron,pi+,solid
227,11.0,0.130973,0.584469,0.524145,1.579525,0.293238,AUT,1507008.573466,0.018018,0.013316,0.013386,0.070207,0.001212,neutron,pi+,solid
228,11.0,0.144649,0.557334,0.524448,1.663412,0.284999,AUT,1293561.307952,0.017291,0.013406,0.013423,0.070207,0.001239,neutron,pi+,solid
229,11.0,0.160929,0.528530,0.524775,1.754715,0.272660,AUT,974228.393353,0.016842,0.013969,0.014040,0.070207,0.001272,neutron,pi+,solid
230,11.0,0.182617,0.488942,0.525735,1.839917,0.244921,AUT,409502.510243,0.019182,0.018446,0.018596,0.070207,0.001317,neutron,pi+,solid
231,11.0,0.256434,0.344550,0.526422,1.810847,0.232192,AUT,360118.949647,0.039847,0.030335,0.029917,0.070207,0.001460,neutron,pi+,solid
232,11.0,0.072007,0.752819,0.523667,1.114626,0.503263,AUT,1298113.389646,0.024431,0.016351,0.016333,0.070207,0.001106,neutron,pi+,solid
233,11.0,0.085544,0.686723,0.523996,1.212107,0.495980,AUT,1153670.229210,0.018551,0.013761,0.013798,0.070207,0.001128,neutron,pi+,solid
234,11.0,0.095913,0.666591,0.524123,1.319504,0.492079,AUT,1087827.147042,0.018250,0.013774,0.013819,0.070207,0.001146,neutron,pi+,solid
235,11.0,0.106425,0.654576,0.524221,1.437844,0.489351,AUT,984728.045755,0.018276,0.014075,0.014056,0.070207,0.001165,neutron,pi+,solid
236,11.0,0.117762,0.647111,0.524237,1.572898,0.489280,AUT,876677.148092,0.018533,0.014514,0.014576,0.070207,0.001187,neutron,pi+,solid
237,11.0,0.130539,0.629636,0.524182,1.695770,0.490012,AUT,746837.756646,0.018617,0.015073,0.015181,0.070207,0.001212,neutron,pi+,solid
238,11.0,0.147065,0.572250,0.523735,1.733599,0.495026,AUT,493837.345324,0.018205,0.016737,0.016870,0.070207,0.001245,neutron,pi+,solid
239,11.0,0.184939,0.433954,0.520067,1.645899,0.555612,AUT,327822.951835,0.019223,0.035815,0.035847,0.070207,0.001317,neutron,pi+,solid
240,11.0,0.238071,0.359122,0.518257,1.761077,0.561816,AUT,138003.827242,0.041485,0.074396,0.074444,0.070207,0.001423,neutron,pi+,solid
241,11.0,0.070548,0.766840,0.523788,1.112354,0.700201,AUT,1336613.977886,0.008073,0.009131,0.009144,0.070207,0.001103,neutron,pi+,solid
242,11.0,0.086174,0.698495,0.524007,1.241560,0.693803,AUT,1278711.253887,0.008332,0.008559,0.008550,0.070207,0.001130,neutron,pi+,solid
243,11.0,0.101841,0.662321,0.523889,1.391147,0.694262,AUT,1300858.955717,0.008605,0.008532,0.008529,0.070207,0.001157,neutron,pi+,solid
244,11.0,0.122396,0.610365,0.523831,1.538958,0.695095,AUT,1414832.631990,0.009046,0.009058,0.009063,0.070207,0.001195,neutron,pi+,solid
245,11.0,0.165453,0.488617,0.523866,1.650756,0.693368,AUT,2020917.733855,0.008931,0.012356,0.012337,0.070207,0.001279,neutron,pi+,solid
246,11.0,0.225315,0.389524,0.522576,1.808244,0.669568,AUT,389658.254176,0.019636,0.036960,0.036575,0.070207,0.001400,neutron,pi+,solid
247,11.0,0.076955,0.746704,0.524826,1.176412,0.883492,AUT,1329566.550707,0.008362,0.008902,0.008913,0.070207,0.001114,neutron,pi+,solid
248,11.0,0.118782,0.625241,0.525331,1.519065,0.878879,AUT,1540583.686920,0.008817,0.008406,0.008425,0.070207,0.001189,neutron,pi+,solid
249,11.0,0.175163,0.491197,0.526175,1.767209,0.864137,AUT,300788.258007,0.019867,0.021423,0.021352,0.070207,0.001301,neutron,pi+,solid
250,11.0,0.096060,0.711748,0.526726,1.374417,1.083994,AUT,702475.783257,0.011447,0.013290,0.013244,0.070207,0.001147,neutron,pi+,solid
251,11.0,0.137080,0.524425,0.573673,1.474022,0.130089,AUT,3173526.931085,0.006189,0.005961,0.005983,0.070207,0.001229,neutron,pi+,solid
252,11.0,0.188316,0.440562,0.574074,1.705334,0.113743,AUT,3062641.396377,0.006413,0.006379,0.006389,0.070207,0.001336,neutron,pi+,solid
253,11.0,0.243426,0.362032,0.573958,1.809721,0.118275,AUT,1253502.972223,0.011182,0.011014,0.010986,0.070207,0.001448,neutron,pi+,solid
254,11.0,0.091569,0.639598,0.573354,1.205242,0.318219,AUT,1990449.302322,0.019833,0.013458,0.013537,0.070207,0.001143,neutron,pi+,solid
255,11.0,0.115309,0.602516,0.573751,1.433153,0.305432,AUT,1819064.924825,0.016837,0.012236,0.012263,0.070207,0.001187,neutron,pi+,solid
256,11.0,0.133649,0.573714,0.574070,1.581628,0.295945,AUT,1579564.461855,0.015729,0.012047,0.012113,0.070207,0.001224,neutron,pi+,solid
257,11.0,0.152688,0.535928,0.574420,1.687737,0.283614,AUT,1305969.050584,0.014693,0.012069,0.012130,0.070207,0.001263,neutron,pi+,solid
258,11.0,0.177260,0.493237,0.575112,1.800962,0.259281,AUT,714094.317264,0.014981,0.014068,0.014132,0.070207,0.001315,neutron,pi+,solid
259,11.0,0.248710,0.355177,0.575232,1.806857,0.237379,AUT,469865.432313,0.025634,0.021798,0.021932,0.070207,0.001457,neutron,pi+,solid
260,11.0,0.076010,0.728164,0.573528,1.137181,0.503701,AUT,1407076.024213,0.032788,0.020402,0.020418,0.070207,0.001116,neutron,pi+,solid
261,11.0,0.092781,0.668371,0.574008,1.279473,0.494200,AUT,1191406.770467,0.027236,0.017991,0.018064,0.070207,0.001145,neutron,pi+,solid
262,11.0,0.106517,0.649337,0.574359,1.427369,0.488294,AUT,1072745.641675,0.026738,0.018090,0.018171,0.070207,0.001171,neutron,pi+,solid
263,11.0,0.121313,0.639372,0.574421,1.600881,0.485227,AUT,924283.158218,0.026848,0.018684,0.018736,0.070207,0.001200,neutron,pi+,solid
264,11.0,0.138530,0.614279,0.574659,1.754979,0.481135,AUT,657562.770679,0.027907,0.020449,0.020513,0.070207,0.001236,neutron,pi+,solid
265,11.0,0.163339,0.530483,0.573595,1.774411,0.493456,AUT,195754.304696,0.032400,0.030280,0.030728,0.070207,0.001286,neutron,pi+,solid
266,11.0,0.217651,0.381109,0.565767,1.708958,0.576222,AUT,32618.361171,0.080578,0.174713,0.173642,0.070207,0.001393,neutron,pi+,solid
267,11.0,0.072882,0.750598,0.573397,1.123775,0.702054,AUT,1179122.892092,0.009474,0.010141,0.010204,0.070207,0.001110,neutron,pi+,solid
268,11.0,0.091251,0.682038,0.573821,1.283660,0.698026,AUT,1165295.856175,0.009003,0.009154,0.009211,0.070207,0.001142,neutron,pi+,solid
269,11.0,0.111404,0.642862,0.573662,1.476358,0.699786,AUT,1144078.278274,0.009183,0.009165,0.009200,0.070207,0.001180,neutron,pi+,solid
270,11.0,0.144138,0.540262,0.573213,1.594181,0.707412,AUT,1290595.640188,0.009824,0.011332,0.011324,0.070207,0.001244,neutron,pi+,solid
271,11.0,0.194593,0.431551,0.571416,1.726673,0.699518,AUT,645771.052441,0.014124,0.025561,0.025570,0.070207,0.001348,neutron,pi+,solid
272,11.0,0.078762,0.738762,0.574564,1.190754,0.886186,AUT,1394654.153141,0.008189,0.008436,0.008422,0.070207,0.001120,neutron,pi+,solid
273,11.0,0.127690,0.597491,0.574912,1.551101,0.881185,AUT,1695792.477109,0.009601,0.009246,0.009248,0.070207,0.001212,neutron,pi+,solid
274,11.0,0.191903,0.468637,0.573484,1.854199,0.851773,AUT,87733.173755,0.042331,0.068588,0.069174,0.070207,0.001346,neutron,pi+,solid
275,11.0,0.096026,0.708180,0.576107,1.370705,1.097441,AUT,998771.229580,0.009705,0.010444,0.010431,0.070207,0.001152,neutron,pi+,solid
276,11.0,0.148986,0.502860,0.623823,1.531146,0.126396,AUT,3299883.169649,0.005983,0.005868,0.005879,0.070207,0.001262,neutron,pi+,solid
277,11.0,0.214929,0.401049,0.623665,1.763675,0.116505,AUT,2311211.504123,0.007746,0.007726,0.007721,0.070207,0.001402,neutron,pi+,solid
278,11.0,0.098583,0.620529,0.623486,1.258298,0.314841,AUT,2100388.634838,0.016510,0.011679,0.011784,0.070207,0.001161,neutron,pi+,solid
279,11.0,0.128687,0.576643,0.623955,1.529908,0.300781,AUT,1821424.024798,0.013971,0.010854,0.010891,0.070207,0.001221,neutron,pi+,solid
280,11.0,0.154451,0.527448,0.624361,1.679048,0.285542,AUT,1432185.013849,0.012721,0.010859,0.010935,0.070207,0.001276,neutron,pi+,solid
281,11.0,0.193546,0.451355,0.625221,1.786720,0.249625,AUT,717804.000118,0.014252,0.013813,0.013835,0.070207,0.001359,neutron,pi+,solid
282,11.0,0.255246,0.348792,0.621303,1.835152,0.246040,AUT,197534.525308,0.043617,0.035740,0.036129,0.070207,0.001486,neutron,pi+,solid
283,11.0,0.080818,0.702879,0.623708,1.166811,0.503704,AUT,1446634.144300,0.035445,0.021905,0.021979,0.070207,0.001128,neutron,pi+,solid
284,11.0,0.101695,0.649088,0.624272,1.361739,0.492913,AUT,1217186.447234,0.032562,0.020961,0.020984,0.070207,0.001167,neutron,pi+,solid
285,11.0,0.120296,0.630892,0.624455,1.566232,0.485919,AUT,1039233.922962,0.031931,0.021239,0.021266,0.070207,0.001205,neutron,pi+,solid
286,11.0,0.141770,0.603455,0.624825,1.763837,0.477858,AUT,670329.240890,0.034496,0.024095,0.024158,0.070207,0.001251,neutron,pi+,solid
287,11.0,0.167559,0.540831,0.624467,1.863174,0.461554,AUT,75212.594262,0.065922,0.056317,0.056556,0.070207,0.001307,neutron,pi+,solid
288,11.0,0.076045,0.733691,0.623876,1.144493,0.698959,AUT,1144234.231232,0.011967,0.011216,0.011251,0.070207,0.001120,neutron,pi+,solid
289,11.0,0.098462,0.669073,0.623906,1.358644,0.697533,AUT,1012137.418157,0.010934,0.010514,0.010532,0.070207,0.001161,neutron,pi+,solid
290,11.0,0.124968,0.614933,0.623537,1.580484,0.702984,AUT,906510.290830,0.010987,0.010830,0.010825,0.070207,0.001214,neutron,pi+,solid
291,11.0,0.168260,0.476462,0.620798,1.644903,0.717964,AUT,537217.418358,0.016164,0.025239,0.025333,0.070207,0.001303,neutron,pi+,solid
292,11.0,0.081351,0.727068,0.624385,1.209513,0.889306,AUT,1396216.699401,0.008067,0.008300,0.008316,0.070207,0.001129,neutron,pi+,solid
293,11.0,0.131058,0.590302,0.623829,1.575109,0.882628,AUT,1363394.553403,0.010829,0.010919,0.010871,0.070207,0.001226,neutron,pi+,solid
294,11.0,0.094802,0.707077,0.624934,1.354587,1.110568,AUT,1164800.958459,0.009530,0.009506,0.009546,0.070207,0.001155,neutron,pi+,solid
295,11.0,0.162324,0.480582,0.673780,1.585726,0.124827,AUT,3356419.856503,0.006026,0.005958,0.005960,0.070207,0.001300,neutron,pi+,solid
296,11.0,0.227970,0.385542,0.671930,1.810604,0.113891,AUT,668221.919433,0.014723,0.014761,0.014733,0.070207,0.001446,neutron,pi+,solid
297,11.0,0.106748,0.603362,0.673577,1.323680,0.312586,AUT,2176974.257245,0.014057,0.010482,0.010496,0.070207,0.001183,neutron,pi+,solid
298,11.0,0.145353,0.541000,0.673996,1.618746,0.293973,AUT,1733474.866572,0.011671,0.009907,0.009927,0.070207,0.001266,neutron,pi+,solid
299,11.0,0.191682,0.454396,0.674004,1.778440,0.258823,AUT,934915.807514,0.012604,0.012191,0.012186,0.070207,0.001367,neutron,pi+,solid
300,11.0,0.086431,0.679954,0.673746,1.206878,0.503177,AUT,1537045.257580,0.032229,0.020235,0.020312,0.070207,0.001144,neutron,pi+,solid
301,11.0,0.113630,0.628587,0.674157,1.473316,0.491130,AUT,1246142.893903,0.030277,0.019985,0.020006,0.070207,0.001199,neutron,pi+,solid
302,11.0,0.140009,0.596885,0.674671,1.722300,0.480856,AUT,811293.297574,0.031554,0.022077,0.022133,0.070207,0.001257,neutron,pi+,solid
303,11.0,0.168188,0.547481,0.676421,1.899319,0.448003,AUT,70284.560159,0.074105,0.061082,0.060303,0.070207,0.001321,neutron,pi+,solid
304,11.0,0.079548,0.719075,0.674050,1.172118,0.696714,AUT,1113657.019805,0.016055,0.012901,0.012930,0.070207,0.001131,neutron,pi+,solid
305,11.0,0.107832,0.658490,0.674035,1.464065,0.693990,AUT,902108.568628,0.014308,0.012455,0.012531,0.070207,0.001187,neutron,pi+,solid
306,11.0,0.141398,0.580440,0.672243,1.679602,0.706210,AUT,446333.836731,0.016682,0.016488,0.016857,0.070207,0.001258,neutron,pi+,solid
307,11.0,0.084512,0.713283,0.673916,1.232009,0.894559,AUT,1307395.457067,0.008323,0.008605,0.008589,0.070207,0.001140,neutron,pi+,solid
308,11.0,0.128897,0.606979,0.672467,1.603832,0.885871,AUT,735908.805625,0.013292,0.013547,0.013638,0.070207,0.001231,neutron,pi+,solid
309,11.0,0.089660,0.728476,0.673696,1.327026,1.118254,AUT,1005988.541767,0.010241,0.010185,0.010224,0.070207,0.001151,neutron,pi+,solid
310,11.0,0.156778,0.663346,0.323417,2.141501,0.142142,AUT,1365294.782023,0.015386,0.012178,0.012266,0.070207,0.001237,neutron,pi+,solid
311,11.0,0.176999,0.609219,0.323811,2.224968,0.124237,AUT,1372772.562779,0.011403,0.010209,0.010262,0.070207,0.001275,neutron,pi+,solid
312,11.0,0.189680,0.581310,0.324116,2.275633,0.115829,AUT,1355128.601724,0.010596,0.009924,0.009960,0.070207,0.001298,neutron,pi+,solid
313,11.0,0.200061,0.563000,0.324042,2.324730,0.109200,AUT,1337425.539301,0.010341,0.009892,0.009926,0.070207,0.001318,neutron,pi+,solid
314,11.0,0.209391,0.548352,0.324097,2.369909,0.103235,AUT,1283063.807104,0.010387,0.010071,0.010142,0.070207,0.001335,neutron,pi+,solid
315,11.0,0.218100,0.536337,0.324262,2.414416,0.098148,AUT,1250109.700245,0.010457,0.010229,0.010260,0.070207,0.001351,neutron,pi+,solid
316,11.0,0.226685,0.523192,0.324323,2.447942,0.093450,AUT,1233174.257109,0.010480,0.010342,0.010379,0.070207,0.001367,neutron,pi+,solid
317,11.0,0.235435,0.509312,0.324402,2.474966,0.089252,AUT,1231127.504881,0.010549,0.010471,0.010457,0.070207,0.001382,neutron,pi+,solid
318,11.0,0.244594,0.492927,0.324599,2.488458,0.085327,AUT,1231264.555878,0.010580,0.010514,0.010550,0.070207,0.001399,neutron,pi+,solid
319,11.0,0.254621,0.474903,0.324516,2.495736,0.081547,AUT,1184541.034879,0.010877,0.010851,0.010864,0.070207,0.001416,neutron,pi+,solid
320,11.0,0.265751,0.456434,0.324615,2.503413,0.079764,AUT,1154873.044331,0.011219,0.011194,0.011157,0.070207,0.001436,neutron,pi+,solid
321,11.0,0.278561,0.435547,0.324565,2.503907,0.081097,AUT,1179200.827553,0.011352,0.011290,0.011265,0.070207,0.001458,neutron,pi+,solid
322,11.0,0.293874,0.413459,0.324546,2.507451,0.086575,AUT,1175892.810111,0.011879,0.011678,0.011686,0.070207,0.001484,neutron,pi+,solid
323,11.0,0.313064,0.390694,0.324581,2.524042,0.097060,AUT,1195342.798419,0.013216,0.012411,0.012469,0.070207,0.001517,neutron,pi+,solid
324,11.0,0.348017,0.373937,0.324282,2.684125,0.114054,AUT,1245681.257763,0.017653,0.014666,0.014897,0.070207,0.001579,neutron,pi+,solid
325,11.0,0.140226,0.717934,0.323584,2.076336,0.298158,AUT,698125.178762,0.031637,0.021877,0.021687,0.070207,0.001207,neutron,pi+,solid
326,11.0,0.152297,0.682075,0.324190,2.143852,0.290934,AUT,671965.495747,0.029100,0.020804,0.020752,0.070207,0.001229,neutron,pi+,solid
327,11.0,0.160750,0.661898,0.324562,2.196077,0.281813,AUT,589573.309165,0.029401,0.021495,0.021487,0.070207,0.001245,neutron,pi+,solid
328,11.0,0.168126,0.646390,0.324611,2.243112,0.274808,AUT,534913.870288,0.029031,0.021702,0.021774,0.070207,0.001259,neutron,pi+,solid
329,11.0,0.175101,0.634361,0.324884,2.292733,0.269299,AUT,484864.860171,0.029079,0.022214,0.022270,0.070207,0.001272,neutron,pi+,solid
330,11.0,0.181966,0.625341,0.325023,2.348759,0.266172,AUT,428952.284651,0.029319,0.022991,0.023066,0.070207,0.001285,neutron,pi+,solid
331,11.0,0.188867,0.617564,0.324887,2.407539,0.264933,AUT,370148.988932,0.029680,0.024051,0.024057,0.070207,0.001298,neutron,pi+,solid
332,11.0,0.195880,0.610362,0.324708,2.467818,0.265642,AUT,330206.776537,0.029684,0.024688,0.024834,0.070207,0.001311,neutron,pi+,solid
333,11.0,0.203195,0.602501,0.324593,2.526987,0.267396,AUT,277031.193783,0.030833,0.026537,0.026616,0.070207,0.001325,neutron,pi+,solid
334,11.0,0.210859,0.592195,0.324102,2.577410,0.271715,AUT,245999.747612,0.030768,0.027712,0.027698,0.070207,0.001339,neutron,pi+,solid
335,11.0,0.219061,0.578819,0.323712,2.617088,0.276637,AUT,205619.172617,0.032425,0.030415,0.030589,0.070207,0.001354,neutron,pi+,solid
336,11.0,0.227873,0.554250,0.322760,2.606531,0.289399,AUT,166721.988816,0.033560,0.034419,0.034673,0.070207,0.001369,neutron,pi+,solid
337,11.0,0.237719,0.516584,0.321043,2.534025,0.314281,AUT,126711.518171,0.035149,0.043560,0.043824,0.070207,0.001386,neutron,pi+,solid
338,11.0,0.249075,0.464163,0.318160,2.385449,0.353258,AUT,99028.998188,0.038005,0.069033,0.069338,0.070207,0.001404,neutron,pi+,solid
339,11.0,0.262328,0.426241,0.316294,2.307373,0.373072,AUT,96879.202454,0.040110,0.087005,0.086985,0.070207,0.001426,neutron,pi+,solid
340,11.0,0.277893,0.399140,0.315739,2.288818,0.377263,AUT,106629.610452,0.043785,0.088137,0.088185,0.070207,0.001453,neutron,pi+,solid
341,11.0,0.296402,0.374033,0.316045,2.287527,0.377147,AUT,121887.987934,0.048873,0.086629,0.087020,0.070207,0.001485,neutron,pi+,solid
342,11.0,0.318784,0.355928,0.316566,2.342090,0.373144,AUT,123682.218526,0.057013,0.084046,0.084115,0.070207,0.001523,neutron,pi+,solid
343,11.0,0.356460,0.359320,0.320749,2.644385,0.326512,AUT,81164.716056,0.083940,0.075733,0.076501,0.070207,0.001593,neutron,pi+,solid
344,11.0,0.142776,0.710969,0.323375,2.092608,0.492021,AUT,747235.613804,0.013090,0.012394,0.012463,0.070207,0.001212,neutron,pi+,solid
345,11.0,0.160340,0.658030,0.322835,2.176802,0.501022,AUT,790276.009672,0.017830,0.016936,0.016909,0.070207,0.001244,neutron,pi+,solid
346,11.0,0.175058,0.619590,0.322734,2.238057,0.499830,AUT,915009.564282,0.016958,0.017723,0.017687,0.070207,0.001271,neutron,pi+,solid
347,11.0,0.189783,0.587296,0.322923,2.299959,0.497438,AUT,1031867.928437,0.014765,0.017202,0.017176,0.070207,0.001298,neutron,pi+,solid
348,11.0,0.204929,0.557905,0.323168,2.359282,0.494487,AUT,1089975.122041,0.013044,0.016887,0.016871,0.070207,0.001326,neutron,pi+,solid
349,11.0,0.221157,0.529882,0.323378,2.418079,0.491785,AUT,1155452.911514,0.011715,0.016760,0.016750,0.070207,0.001356,neutron,pi+,solid
350,11.0,0.239436,0.496324,0.323623,2.451767,0.488050,AUT,1196006.879449,0.010804,0.016909,0.016917,0.070207,0.001389,neutron,pi+,solid
351,11.0,0.261981,0.455975,0.324037,2.463958,0.482801,AUT,1259465.830672,0.010708,0.017387,0.017369,0.070207,0.001429,neutron,pi+,solid
352,11.0,0.291530,0.411687,0.324437,2.474790,0.476842,AUT,1232233.570185,0.012860,0.019088,0.019147,0.070207,0.001480,neutron,pi+,solid
353,11.0,0.336832,0.376266,0.324489,2.612960,0.473958,AUT,1125087.862159,0.018245,0.024087,0.024146,0.070207,0.001559,neutron,pi+,solid
354,11.0,0.159272,0.669468,0.326705,2.190525,0.662940,AUT,820734.686771,0.011409,0.011560,0.011619,0.070207,0.001242,neutron,pi+,solid
355,11.0,0.203900,0.579425,0.326972,2.432995,0.663184,AUT,700024.358381,0.014884,0.014151,0.014259,0.070207,0.001325,neutron,pi+,solid
356,11.0,0.264487,0.470640,0.326931,2.545803,0.661614,AUT,624524.886428,0.028453,0.022403,0.022832,0.070207,0.001433,neutron,pi+,solid
357,11.0,0.344598,0.388445,0.324780,2.761657,0.646421,AUT,43718.359438,0.335521,0.202193,0.210150,0.070207,0.001574,neutron,pi+,solid
358,11.0,0.164371,0.640688,0.373356,2.167059,0.138095,AUT,1524583.442514,0.011861,0.010208,0.010193,0.070207,0.001260,neutron,pi+,solid
359,11.0,0.187898,0.583530,0.373866,2.262253,0.118468,AUT,1492055.987686,0.009789,0.009310,0.009332,0.070207,0.001305,neutron,pi+,solid
360,11.0,0.202545,0.555768,0.374078,2.323157,0.111235,AUT,1414416.708667,0.009813,0.009547,0.009579,0.070207,0.001333,neutron,pi+,solid
361,11.0,0.214885,0.536580,0.374110,2.379751,0.105489,AUT,1424144.853445,0.009738,0.009586,0.009628,0.070207,0.001357,neutron,pi+,solid
362,11.0,0.226638,0.519573,0.374344,2.430334,0.099778,AUT,1407796.882711,0.009860,0.009765,0.009732,0.070207,0.001379,neutron,pi+,solid
363,11.0,0.238486,0.501417,0.374239,2.467985,0.096206,AUT,1399825.946672,0.009970,0.009914,0.009903,0.070207,0.001401,neutron,pi+,solid
364,11.0,0.251145,0.479854,0.374266,2.487107,0.093105,AUT,1387194.831641,0.010136,0.010109,0.010126,0.070207,0.001424,neutron,pi+,solid
365,11.0,0.265459,0.456089,0.374438,2.498526,0.091987,AUT,1341501.991650,0.010493,0.010471,0.010471,0.070207,0.001449,neutron,pi+,solid
366,11.0,0.282757,0.428716,0.374446,2.501311,0.095380,AUT,1389000.796663,0.010693,0.010615,0.010590,0.070207,0.001480,neutron,pi+,solid
367,11.0,0.305617,0.399008,0.374368,2.515783,0.105866,AUT,1396419.088451,0.011812,0.011307,0.011301,0.070207,0.001521,neutron,pi+,solid
368,11.0,0.343458,0.376270,0.373869,2.665174,0.123028,AUT,1168685.685450,0.017424,0.014853,0.014960,0.070207,0.001589,neutron,pi+,solid
369,11.0,0.143990,0.705709,0.373537,2.094826,0.299121,AUT,799785.631217,0.038487,0.025200,0.025383,0.070207,0.001222,neutron,pi+,solid
370,11.0,0.158998,0.662619,0.374098,2.174184,0.292135,AUT,738485.023739,0.035789,0.024320,0.024418,0.070207,0.001250,neutron,pi+,solid
371,11.0,0.169407,0.640277,0.374462,2.238682,0.282356,AUT,658392.511025,0.035095,0.024488,0.024571,0.070207,0.001270,neutron,pi+,solid
372,11.0,0.178582,0.625215,0.374721,2.304531,0.273567,AUT,582629.740682,0.034074,0.024601,0.024546,0.070207,0.001288,neutron,pi+,solid
373,11.0,0.187250,0.615074,0.375004,2.377260,0.266364,AUT,490954.275816,0.034665,0.025702,0.025643,0.070207,0.001305,neutron,pi+,solid
374,11.0,0.195881,0.608662,0.375356,2.460962,0.261101,AUT,427579.101750,0.034309,0.026215,0.026226,0.070207,0.001322,neutron,pi+,solid
375,11.0,0.204946,0.604027,0.375530,2.555262,0.256577,AUT,345752.239853,0.035397,0.027849,0.027979,0.070207,0.001339,neutron,pi+,solid
376,11.0,0.214452,0.600006,0.375657,2.655955,0.252315,AUT,278209.044832,0.037199,0.029986,0.030254,0.070207,0.001358,neutron,pi+,solid
377,11.0,0.224441,0.592456,0.375798,2.744583,0.246782,AUT,204131.176182,0.040683,0.034153,0.034122,0.070207,0.001377,neutron,pi+,solid
378,11.0,0.235443,0.576855,0.376173,2.803094,0.239252,AUT,130210.259410,0.045164,0.040425,0.040580,0.070207,0.001398,neutron,pi+,solid
379,11.0,0.248205,0.547681,0.376416,2.804949,0.238408,AUT,54781.305430,0.056550,0.058789,0.058954,0.070207,0.001421,neutron,pi+,solid
380,11.0,0.265076,0.472047,0.374107,2.579331,0.273181,AUT,16359.787241,0.094539,0.113026,0.114342,0.070207,0.001449,neutron,pi+,solid
381,11.0,0.288623,0.379082,0.378045,2.257080,0.263346,AUT,19078.390410,0.152307,0.125240,0.126076,0.070207,0.001490,neutron,pi+,solid
382,11.0,0.314193,0.361622,0.379718,2.345351,0.229869,AUT,61326.694026,0.200083,0.128245,0.128937,0.070207,0.001536,neutron,pi+,solid
383,11.0,0.355871,0.365323,0.378512,2.683028,0.221871,AUT,133668.824525,0.227999,0.132619,0.135487,0.070207,0.001614,neutron,pi+,solid
384,11.0,0.143814,0.708985,0.373934,2.101716,0.492619,AUT,596285.490828,0.013327,0.013312,0.013271,0.070207,0.001222,neutron,pi+,solid
385,11.0,0.163656,0.652246,0.372803,2.201787,0.509840,AUT,571046.029679,0.015121,0.015496,0.015529,0.070207,0.001259,neutron,pi+,solid
386,11.0,0.181573,0.602785,0.371981,2.257847,0.519836,AUT,624449.641006,0.018236,0.021070,0.021128,0.070207,0.001293,neutron,pi+,solid
387,11.0,0.199507,0.560999,0.371720,2.309139,0.522243,AUT,705881.561192,0.017566,0.023998,0.023990,0.070207,0.001327,neutron,pi+,solid
388,11.0,0.219063,0.523450,0.372043,2.365626,0.520908,AUT,821258.280221,0.014470,0.023202,0.023226,0.070207,0.001364,neutron,pi+,solid
389,11.0,0.242941,0.479272,0.372204,2.401098,0.518239,AUT,972329.048209,0.012077,0.022370,0.022338,0.070207,0.001408,neutron,pi+,solid
390,11.0,0.274535,0.426813,0.372581,2.415201,0.513213,AUT,1070197.655276,0.012559,0.023486,0.023514,0.070207,0.001464,neutron,pi+,solid
391,11.0,0.323988,0.377589,0.372698,2.521262,0.511344,AUT,1151229.144860,0.017813,0.027605,0.027531,0.070207,0.001552,neutron,pi+,solid
392,11.0,0.392322,0.360761,0.371683,2.921524,0.522940,AUT,15036.195641,0.238066,0.302030,0.302643,0.070207,0.001684,neutron,pi+,solid
393,11.0,0.161102,0.661011,0.374879,2.187404,0.678614,AUT,979594.570226,0.012489,0.011773,0.011761,0.070207,0.001254,neutron,pi+,solid
394,11.0,0.204524,0.573476,0.375836,2.415947,0.669525,AUT,952122.505536,0.011597,0.012458,0.012533,0.070207,0.001337,neutron,pi+,solid
395,11.0,0.255832,0.484177,0.376396,2.543312,0.666300,AUT,786555.704993,0.014703,0.015149,0.015197,0.070207,0.001432,neutron,pi+,solid
396,11.0,0.321493,0.406456,0.377084,2.692964,0.651706,AUT,175868.636363,0.046481,0.042839,0.043897,0.070207,0.001550,neutron,pi+,solid
397,11.0,0.197513,0.598655,0.378448,2.377636,0.861456,AUT,307596.049285,0.035986,0.032064,0.031934,0.070207,0.001320,neutron,pi+,solid
398,11.0,0.172450,0.618735,0.423478,2.194241,0.132679,AUT,1667453.946733,0.009846,0.009060,0.009067,0.070207,0.001284,neutron,pi+,solid
399,11.0,0.199560,0.558215,0.423944,2.298257,0.115322,AUT,1586578.555671,0.009159,0.008989,0.009004,0.070207,0.001337,neutron,pi+,solid
400,11.0,0.217128,0.529741,0.424053,2.373660,0.108747,AUT,1569101.063976,0.009285,0.009182,0.009211,0.070207,0.001371,neutron,pi+,solid
401,11.0,0.233214,0.506512,0.424067,2.437676,0.104166,AUT,1570021.997551,0.009414,0.009366,0.009369,0.070207,0.001402,neutron,pi+,solid
402,11.0,0.249720,0.480507,0.424140,2.476116,0.101910,AUT,1539183.664787,0.009675,0.009639,0.009609,0.070207,0.001433,neutron,pi+,solid
403,11.0,0.268881,0.451176,0.424201,2.502934,0.102270,AUT,1539015.028763,0.009940,0.009912,0.009926,0.070207,0.001468,neutron,pi+,solid
404,11.0,0.294688,0.414352,0.423956,2.518307,0.108558,AUT,1565299.885066,0.010537,0.010329,0.010323,0.070207,0.001515,neutron,pi+,solid
405,11.0,0.336507,0.380434,0.423723,2.639274,0.126959,AUT,1167291.618721,0.015928,0.014099,0.014219,0.070207,0.001592,neutron,pi+,solid
406,11.0,0.148175,0.692672,0.423631,2.114720,0.299675,AUT,906363.747162,0.032063,0.021549,0.021936,0.070207,0.001237,neutron,pi+,solid
407,11.0,0.166626,0.642412,0.424150,2.208779,0.293398,AUT,810615.715423,0.029777,0.021079,0.021202,0.070207,0.001273,neutron,pi+,solid
408,11.0,0.179406,0.618655,0.424379,2.290697,0.282437,AUT,694639.249705,0.029007,0.021396,0.021425,0.070207,0.001298,neutron,pi+,solid
409,11.0,0.190714,0.604208,0.424738,2.378418,0.273856,AUT,595638.686624,0.028491,0.021760,0.021862,0.070207,0.001321,neutron,pi+,solid
410,11.0,0.201843,0.596225,0.424929,2.484023,0.266973,AUT,496224.691242,0.028311,0.022502,0.022627,0.070207,0.001343,neutron,pi+,solid
411,11.0,0.213542,0.591700,0.425206,2.608097,0.261595,AUT,391156.781527,0.029221,0.024132,0.024242,0.070207,0.001366,neutron,pi+,solid
412,11.0,0.226018,0.583364,0.425418,2.721371,0.253241,AUT,290118.782285,0.030999,0.026766,0.026903,0.070207,0.001390,neutron,pi+,solid
413,11.0,0.240062,0.564615,0.426172,2.797172,0.239480,AUT,168210.405145,0.035150,0.032821,0.032933,0.070207,0.001417,neutron,pi+,solid
414,11.0,0.257823,0.512169,0.428245,2.722206,0.222546,AUT,64563.011085,0.048923,0.049415,0.049755,0.070207,0.001450,neutron,pi+,solid
415,11.0,0.284926,0.398458,0.429243,2.341183,0.215950,AUT,73386.463671,0.074318,0.060586,0.060467,0.070207,0.001497,neutron,pi+,solid
416,11.0,0.314849,0.372653,0.427233,2.421342,0.223636,AUT,181752.048855,0.108571,0.069535,0.069843,0.070207,0.001551,neutron,pi+,solid
417,11.0,0.356951,0.366708,0.426129,2.700925,0.234513,AUT,199529.063658,0.123851,0.077600,0.077958,0.070207,0.001632,neutron,pi+,solid
418,11.0,0.146189,0.702968,0.424095,2.117699,0.489353,AUT,560440.448279,0.017195,0.015648,0.015789,0.070207,0.001233,neutron,pi+,solid
419,11.0,0.168389,0.648948,0.423564,2.253948,0.498636,AUT,400161.147598,0.017228,0.017125,0.017277,0.070207,0.001277,neutron,pi+,solid
420,11.0,0.189119,0.591263,0.421817,2.305981,0.526238,AUT,344843.476393,0.019149,0.022621,0.022677,0.070207,0.001317,neutron,pi+,solid
421,11.0,0.211422,0.532169,0.420750,2.320220,0.542044,AUT,377268.084824,0.020464,0.032211,0.032331,0.070207,0.001359,neutron,pi+,solid
422,11.0,0.237885,0.477639,0.420695,2.342609,0.545075,AUT,452228.914784,0.017642,0.034058,0.034033,0.070207,0.001409,neutron,pi+,solid
423,11.0,0.275100,0.415911,0.420891,2.356489,0.543327,AUT,613348.359050,0.017563,0.032291,0.032306,0.070207,0.001477,neutron,pi+,solid
424,11.0,0.325682,0.370097,0.420123,2.486798,0.543357,AUT,456540.419868,0.030712,0.045612,0.045659,0.070207,0.001569,neutron,pi+,solid
425,11.0,0.165797,0.646304,0.424103,2.198250,0.686659,AUT,1011643.459668,0.015836,0.015203,0.015256,0.070207,0.001271,neutron,pi+,solid
426,11.0,0.216752,0.542746,0.424877,2.419636,0.678100,AUT,1224637.574665,0.011451,0.015000,0.015027,0.070207,0.001370,neutron,pi+,solid
427,11.0,0.283376,0.442725,0.425683,2.572759,0.662380,AUT,934145.782775,0.013696,0.021066,0.021015,0.070207,0.001493,neutron,pi+,solid
428,11.0,0.194542,0.603558,0.426773,2.364748,0.875220,AUT,540102.384242,0.016369,0.016060,0.016000,0.070207,0.001323,neutron,pi+,solid
429,11.0,0.180270,0.598932,0.473641,2.219118,0.129138,AUT,1720640.484475,0.009087,0.008684,0.008680,0.070207,0.001307,neutron,pi+,solid
430,11.0,0.211800,0.535338,0.473910,2.338932,0.114270,AUT,1704940.016539,0.008893,0.008810,0.008792,0.070207,0.001370,neutron,pi+,solid
431,11.0,0.234129,0.502110,0.474082,2.425404,0.109629,AUT,1699526.185050,0.009096,0.009055,0.009085,0.070207,0.001414,neutron,pi+,solid
432,11.0,0.257372,0.467365,0.474026,2.481362,0.108374,AUT,1718375.729382,0.009292,0.009272,0.009271,0.070207,0.001458,neutron,pi+,solid
433,11.0,0.289048,0.422829,0.474042,2.519071,0.112814,AUT,1736053.485744,0.009799,0.009703,0.009717,0.070207,0.001517,neutron,pi+,solid
434,11.0,0.335500,0.381939,0.473756,2.641774,0.131580,AUT,861838.984179,0.018086,0.016257,0.016371,0.070207,0.001605,neutron,pi+,solid
435,11.0,0.153324,0.677227,0.473936,2.137826,0.300387,AUT,989662.131966,0.026442,0.018822,0.018691,0.070207,0.001254,neutron,pi+,solid
436,11.0,0.175482,0.621288,0.474096,2.249583,0.292698,AUT,823982.891613,0.024839,0.018649,0.018699,0.070207,0.001298,neutron,pi+,solid
437,11.0,0.190938,0.597772,0.474357,2.355591,0.281353,AUT,711704.939848,0.023636,0.018642,0.018767,0.070207,0.001330,neutron,pi+,solid
438,11.0,0.205631,0.585950,0.474765,2.486982,0.273130,AUT,585632.233902,0.023107,0.019192,0.019299,0.070207,0.001360,neutron,pi+,solid
439,11.0,0.221066,0.578425,0.474965,2.639178,0.266131,AUT,444530.569720,0.023805,0.020895,0.020885,0.070207,0.001391,neutron,pi+,solid
440,11.0,0.238237,0.555669,0.475687,2.731291,0.249388,AUT,275039.296443,0.026256,0.024699,0.024892,0.070207,0.001425,neutron,pi+,solid
441,11.0,0.261362,0.478541,0.477186,2.576453,0.225459,AUT,152157.445172,0.033519,0.032539,0.032398,0.070207,0.001467,neutron,pi+,solid
442,11.0,0.294053,0.393722,0.476592,2.387582,0.227755,AUT,220403.507859,0.045465,0.036499,0.036550,0.070207,0.001526,neutron,pi+,solid
443,11.0,0.341201,0.369863,0.475846,2.603134,0.243111,AUT,418856.306056,0.056107,0.038040,0.039067,0.070207,0.001617,neutron,pi+,solid
444,11.0,0.149411,0.693832,0.474128,2.135357,0.485116,AUT,561906.894618,0.027360,0.020607,0.020546,0.070207,0.001246,neutron,pi+,solid
445,11.0,0.174303,0.647446,0.474651,2.328148,0.476619,AUT,319465.112594,0.026701,0.022903,0.023001,0.070207,0.001297,neutron,pi+,solid
446,11.0,0.198750,0.591858,0.472986,2.424623,0.504730,AUT,192032.478187,0.027507,0.028558,0.028875,0.070207,0.001345,neutron,pi+,solid
447,11.0,0.228281,0.495668,0.469802,2.330130,0.552239,AUT,153248.104478,0.029834,0.052472,0.052605,0.070207,0.001401,neutron,pi+,solid
448,11.0,0.269946,0.413022,0.468910,2.294663,0.563195,AUT,204379.927202,0.031530,0.059907,0.059858,0.070207,0.001478,neutron,pi+,solid
449,11.0,0.317452,0.372668,0.466359,2.442060,0.562128,AUT,99398.479520,0.067849,0.103407,0.103098,0.070207,0.001567,neutron,pi+,solid
450,11.0,0.169414,0.635850,0.473524,2.205570,0.696175,AUT,877591.824389,0.015766,0.016449,0.016388,0.070207,0.001285,neutron,pi+,solid
451,11.0,0.232104,0.505705,0.473781,2.406529,0.690809,AUT,1303836.439464,0.010909,0.017648,0.017627,0.070207,0.001408,neutron,pi+,solid
452,11.0,0.297608,0.421698,0.472950,2.586708,0.673133,AUT,450979.406395,0.021710,0.038539,0.038616,0.070207,0.001533,neutron,pi+,solid
453,11.0,0.195008,0.600779,0.475804,2.367835,0.889081,AUT,754530.809861,0.012893,0.013093,0.013011,0.070207,0.001334,neutron,pi+,solid
454,11.0,0.189204,0.578164,0.523733,2.246649,0.125752,AUT,1821210.490794,0.008593,0.008398,0.008394,0.070207,0.001334,neutron,pi+,solid
455,11.0,0.226489,0.511224,0.523888,2.387790,0.115171,AUT,1830539.995559,0.008756,0.008704,0.008713,0.070207,0.001410,neutron,pi+,solid
456,11.0,0.257937,0.466303,0.524063,2.479900,0.112981,AUT,1821207.512398,0.009132,0.009113,0.009115,0.070207,0.001472,neutron,pi+,solid
457,11.0,0.307957,0.406212,0.523683,2.571989,0.123311,AUT,1698502.643367,0.010693,0.010366,0.010386,0.070207,0.001567,neutron,pi+,solid
458,11.0,0.158954,0.661311,0.523766,2.162383,0.301225,AUT,1053377.324414,0.022093,0.016369,0.016445,0.070207,0.001273,neutron,pi+,solid
459,11.0,0.185904,0.599782,0.524242,2.300406,0.290578,AUT,881248.095607,0.020115,0.016087,0.016170,0.070207,0.001329,neutron,pi+,solid
460,11.0,0.205941,0.578058,0.524558,2.456918,0.278408,AUT,706489.487847,0.019278,0.016555,0.016674,0.070207,0.001370,neutron,pi+,solid
461,11.0,0.226362,0.563361,0.524995,2.631381,0.267445,AUT,500126.691933,0.019959,0.018397,0.018462,0.070207,0.001413,neutron,pi+,solid
462,11.0,0.250490,0.508161,0.525925,2.622916,0.241130,AUT,310922.838875,0.022959,0.022370,0.022477,0.070207,0.001460,neutron,pi+,solid
463,11.0,0.286808,0.409878,0.525870,2.422299,0.234535,AUT,327034.808509,0.028545,0.025634,0.025707,0.070207,0.001527,neutron,pi+,solid
464,11.0,0.337845,0.371511,0.525223,2.588409,0.254518,AUT,501539.186792,0.040734,0.029889,0.030214,0.070207,0.001627,neutron,pi+,solid
465,11.0,0.153310,0.682831,0.524499,2.155253,0.485048,AUT,594720.116517,0.041568,0.027757,0.027856,0.070207,0.001262,neutron,pi+,solid
466,11.0,0.181750,0.641870,0.525365,2.407193,0.466044,AUT,305487.390127,0.043197,0.031958,0.032096,0.070207,0.001322,neutron,pi+,solid
467,11.0,0.209976,0.606423,0.524800,2.624457,0.469328,AUT,116565.276555,0.051363,0.044586,0.044943,0.070207,0.001380,neutron,pi+,solid
468,11.0,0.254729,0.434714,0.517334,2.273627,0.566683,AUT,39981.976594,0.073134,0.145595,0.144921,0.070207,0.001461,neutron,pi+,solid
469,11.0,0.297909,0.378644,0.512480,2.329474,0.576696,AUT,13628.547368,0.215751,0.342182,0.337946,0.070207,0.001543,neutron,pi+,solid
470,11.0,0.170226,0.633522,0.522978,2.202600,0.706662,AUT,620585.896881,0.014726,0.015681,0.015747,0.070207,0.001295,neutron,pi+,solid
471,11.0,0.245937,0.480859,0.521888,2.419572,0.706222,AUT,961581.828219,0.012367,0.021843,0.021950,0.070207,0.001445,neutron,pi+,solid
472,11.0,0.197207,0.594337,0.525250,2.373940,0.902304,AUT,904037.480856,0.013147,0.014241,0.014200,0.070207,0.001348,neutron,pi+,solid
473,11.0,0.197951,0.559852,0.573770,2.273842,0.124301,AUT,1894952.479600,0.008419,0.008319,0.008336,0.070207,0.001363,neutron,pi+,solid
474,11.0,0.244115,0.484550,0.573902,2.437370,0.116630,AUT,1923665.237828,0.008806,0.008775,0.008776,0.070207,0.001458,neutron,pi+,solid
475,11.0,0.299150,0.416379,0.573738,2.558725,0.123787,AUT,1618618.621844,0.010651,0.010457,0.010474,0.070207,0.001567,neutron,pi+,solid
476,11.0,0.165055,0.645239,0.573784,2.188232,0.300929,AUT,1087540.093458,0.019168,0.014878,0.014944,0.070207,0.001295,neutron,pi+,solid
477,11.0,0.197388,0.580511,0.574316,2.363980,0.286876,AUT,864587.322027,0.017209,0.014761,0.014858,0.070207,0.001364,neutron,pi+,solid
478,11.0,0.222779,0.557021,0.574671,2.560289,0.272491,AUT,629806.507556,0.017232,0.016063,0.016156,0.070207,0.001418,neutron,pi+,solid
479,11.0,0.252735,0.493994,0.575395,2.570718,0.246009,AUT,445918.381263,0.019269,0.018823,0.018864,0.070207,0.001478,neutron,pi+,solid
480,11.0,0.301437,0.395606,0.574875,2.455878,0.250318,AUT,553822.554364,0.024268,0.021076,0.021130,0.070207,0.001571,neutron,pi+,solid
481,11.0,0.353297,0.371835,0.572770,2.710689,0.264579,AUT,222922.464284,0.061984,0.045689,0.046612,0.070207,0.001679,neutron,pi+,solid
482,11.0,0.157975,0.670686,0.574381,2.179919,0.486424,AUT,640680.798870,0.044410,0.029542,0.029416,0.070207,0.001280,neutron,pi+,solid
483,11.0,0.191661,0.631762,0.575503,2.498661,0.464685,AUT,299989.075378,0.050828,0.036722,0.036822,0.070207,0.001354,neutron,pi+,solid
484,11.0,0.222283,0.609912,0.576037,2.794758,0.448548,AUT,60080.769134,0.085883,0.070950,0.071497,0.070207,0.001420,neutron,pi+,solid
485,11.0,0.283666,0.384233,0.561585,2.249865,0.563863,AUT,851.262515,0.865417,1.157207,1.107829,0.070207,0.001528,neutron,pi+,solid
486,11.0,0.168433,0.641548,0.573265,2.202813,0.707176,AUT,423688.183919,0.016747,0.017081,0.017099,0.070207,0.001301,neutron,pi+,solid
487,11.0,0.239603,0.486711,0.570010,2.397067,0.725898,AUT,341048.115198,0.020934,0.040319,0.040250,0.070207,0.001447,neutron,pi+,solid
488,11.0,0.193900,0.597733,0.574103,2.353616,0.917056,AUT,849962.275482,0.015312,0.017213,0.017208,0.070207,0.001353,neutron,pi+,solid
489,11.0,0.208199,0.541180,0.623842,2.308860,0.123522,AUT,1981675.308427,0.008363,0.008305,0.008307,0.070207,0.001397,neutron,pi+,solid
490,11.0,0.276580,0.444812,0.623434,2.522927,0.121192,AUT,2035614.844559,0.009062,0.009032,0.009025,0.070207,0.001539,neutron,pi+,solid
491,11.0,0.172307,0.627545,0.623925,2.219221,0.299940,AUT,1143013.155386,0.016284,0.013367,0.013370,0.070207,0.001321,neutron,pi+,solid
492,11.0,0.211583,0.560212,0.624353,2.444879,0.281133,AUT,856470.857689,0.014960,0.013813,0.013875,0.070207,0.001408,neutron,pi+,solid
493,11.0,0.248314,0.500199,0.624903,2.556197,0.256211,AUT,606747.647141,0.016511,0.016183,0.016194,0.070207,0.001485,neutron,pi+,solid
494,11.0,0.305265,0.407980,0.622839,2.565178,0.256073,AUT,545531.081592,0.022720,0.020484,0.020495,0.070207,0.001599,neutron,pi+,solid
495,11.0,0.163088,0.658893,0.624390,2.208884,0.487529,AUT,669608.557248,0.040111,0.027275,0.027273,0.070207,0.001302,neutron,pi+,solid
496,11.0,0.203715,0.619020,0.625425,2.601947,0.465075,AUT,269336.063424,0.047748,0.036157,0.036203,0.070207,0.001393,neutron,pi+,solid
497,11.0,0.239593,0.588003,0.627079,2.903094,0.433554,AUT,13912.967220,0.136240,0.134024,0.132844,0.070207,0.001472,neutron,pi+,solid
498,11.0,0.166624,0.653372,0.623612,2.218568,0.698269,AUT,317239.186569,0.023148,0.021288,0.021389,0.070207,0.001308,neutron,pi+,solid
499,11.0,0.237307,0.499079,0.617249,2.443306,0.742915,AUT,60244.241305,0.051405,0.117653,0.117813,0.070207,0.001458,neutron,pi+,solid
500,11.0,0.185038,0.616434,0.622806,2.323017,0.936586,AUT,584072.569579,0.019343,0.021095,0.021066,0.070207,0.001347,neutron,pi+,solid
501,11.0,0.220759,0.520642,0.673791,2.349197,0.123175,AUT,2079054.066350,0.008381,0.008339,0.008333,0.070207,0.001439,neutron,pi+,solid
502,11.0,0.287141,0.440496,0.672241,2.606413,0.119171,AUT,743281.061358,0.015321,0.015312,0.015298,0.070207,0.001583,neutron,pi+,solid
503,11.0,0.180466,0.609602,0.673982,2.254549,0.298571,AUT,1179116.618806,0.014329,0.012384,0.012391,0.070207,0.001352,neutron,pi+,solid
504,11.0,0.230504,0.528680,0.674498,2.509405,0.271889,AUT,831867.739170,0.014087,0.013708,0.013739,0.070207,0.001464,neutron,pi+,solid
505,11.0,0.283222,0.448406,0.672117,2.615194,0.253788,AUT,431649.383427,0.021003,0.020603,0.020530,0.070207,0.001575,neutron,pi+,solid
506,11.0,0.168975,0.646985,0.674201,2.245050,0.488519,AUT,677458.432135,0.036031,0.025220,0.025323,0.070207,0.001327,neutron,pi+,solid
507,11.0,0.215370,0.605535,0.675268,2.689654,0.464420,AUT,190078.051037,0.048195,0.038899,0.039054,0.070207,0.001435,neutron,pi+,solid
508,11.0,0.314327,0.432014,0.664246,2.803598,0.404684,AUT,32.735007,673.692329,550.366161,140.818908,0.070207,0.001640,neutron,pi+,solid
509,11.0,0.163421,0.670990,0.674218,2.247380,0.684208,AUT,271940.382918,0.038259,0.029483,0.029731,0.070207,0.001314,neutron,pi+,solid
510,11.0,0.248846,0.541177,0.661354,2.779135,0.767309,AUT,954.875580,0.529896,1.586142,1.598815,0.070207,0.001502,neutron,pi+,solid
511,11.0,0.170910,0.650729,0.671500,2.272619,0.944515,AUT,293485.930734,0.024776,0.025894,0.025502,0.070207,0.001330,neutron,pi+,solid
512,11.0,0.248467,0.629586,0.323599,3.226223,0.120503,AUT,807575.150268,0.013233,0.013135,0.013111,0.070207,0.001409,neutron,pi+,solid
513,11.0,0.270049,0.605985,0.323943,3.377615,0.113690,AUT,783271.180215,0.013669,0.013609,0.013635,0.070207,0.001448,neutron,pi+,solid
514,11.0,0.284372,0.591066,0.324086,3.469096,0.108090,AUT,783875.412028,0.013872,0.013848,0.013844,0.070207,0.001473,neutron,pi+,solid
515,11.0,0.297890,0.562859,0.324271,3.460294,0.100020,AUT,702161.394806,0.014888,0.014865,0.014851,0.070207,0.001496,neutron,pi+,solid
516,11.0,0.312425,0.529989,0.324310,3.417066,0.091242,AUT,641720.421102,0.015797,0.015795,0.015824,0.070207,0.001521,neutron,pi+,solid
517,11.0,0.328518,0.500414,0.324524,3.392733,0.086580,AUT,609124.534784,0.016539,0.016568,0.016545,0.070207,0.001549,neutron,pi+,solid
518,11.0,0.346412,0.478536,0.324554,3.421240,0.088621,AUT,597103.721629,0.017161,0.017160,0.017114,0.070207,0.001580,neutron,pi+,solid
519,11.0,0.366665,0.458719,0.324555,3.471080,0.096645,AUT,614511.543995,0.017877,0.017605,0.017614,0.070207,0.001617,neutron,pi+,solid
520,11.0,0.392237,0.433098,0.324210,3.505057,0.109871,AUT,639046.021903,0.020704,0.019049,0.019141,0.070207,0.001666,neutron,pi+,solid
521,11.0,0.427778,0.414433,0.323904,3.658575,0.124740,AUT,431522.155177,0.036238,0.029273,0.029602,0.070207,0.001742,neutron,pi+,solid
522,11.0,0.241608,0.662588,0.324326,3.303629,0.284464,AUT,577981.126168,0.015979,0.015659,0.015600,0.070207,0.001397,neutron,pi+,solid
523,11.0,0.263011,0.658434,0.324250,3.574657,0.285750,AUT,521449.958979,0.018724,0.017612,0.017565,0.070207,0.001436,neutron,pi+,solid
524,11.0,0.277498,0.655710,0.324180,3.755892,0.287184,AUT,524004.039613,0.020412,0.018587,0.018571,0.070207,0.001462,neutron,pi+,solid
525,11.0,0.290641,0.643035,0.324193,3.857240,0.286294,AUT,419607.414386,0.025707,0.022350,0.022370,0.070207,0.001485,neutron,pi+,solid
526,11.0,0.306004,0.616357,0.324041,3.892328,0.288092,AUT,190297.234418,0.050401,0.039889,0.039756,0.070207,0.001511,neutron,pi+,solid
527,11.0,0.323982,0.576736,0.322439,3.855152,0.300026,AUT,43169.506518,0.114068,0.090904,0.089326,0.070207,0.001542,neutron,pi+,solid
528,11.0,0.349109,0.463845,0.318547,3.339989,0.332847,AUT,7521.927633,0.168974,0.193173,0.191117,0.070207,0.001582,neutron,pi+,solid
529,11.0,0.375406,0.422716,0.327679,3.274678,0.267055,AUT,14059.023822,0.270233,0.205015,0.206951,0.070207,0.001634,neutron,pi+,solid
530,11.0,0.403728,0.405604,0.329964,3.379810,0.232910,AUT,36516.439904,0.290593,0.182854,0.187281,0.070207,0.001692,neutron,pi+,solid
531,11.0,0.438931,0.407370,0.329373,3.691137,0.221451,AUT,37193.930216,0.506766,0.286416,0.302239,0.070207,0.001770,neutron,pi+,solid
532,11.0,0.255146,0.636532,0.323434,3.348798,0.494586,AUT,745692.968422,0.021445,0.019434,0.019305,0.070207,0.001421,neutron,pi+,solid
533,11.0,0.288592,0.594004,0.323430,3.534678,0.496287,AUT,754118.076311,0.018323,0.019041,0.018937,0.070207,0.001480,neutron,pi+,solid
534,11.0,0.325373,0.505040,0.322676,3.386454,0.503295,AUT,577762.506186,0.016932,0.028461,0.028386,0.070207,0.001542,neutron,pi+,solid
535,11.0,0.372441,0.446718,0.322761,3.429385,0.502697,AUT,560527.558730,0.022636,0.039116,0.039152,0.070207,0.001627,neutron,pi+,solid
536,11.0,0.422279,0.412082,0.322910,3.591323,0.503195,AUT,270703.556146,0.047049,0.068264,0.068319,0.070207,0.001729,neutron,pi+,solid
537,11.0,0.276374,0.613861,0.325470,3.484987,0.673362,AUT,589218.966863,0.017210,0.017234,0.017341,0.070207,0.001458,neutron,pi+,solid
538,11.0,0.364746,0.468788,0.326807,3.516638,0.662088,AUT,174875.528255,0.052827,0.042887,0.044029,0.070207,0.001615,neutron,pi+,solid
539,11.0,0.254163,0.619689,0.373687,3.247509,0.119534,AUT,850501.220129,0.013036,0.012956,0.013012,0.070207,0.001433,neutron,pi+,solid
540,11.0,0.279355,0.591756,0.373817,3.411632,0.113980,AUT,830764.140414,0.013514,0.013482,0.013493,0.070207,0.001479,neutron,pi+,solid
541,11.0,0.297941,0.557952,0.373980,3.430117,0.106599,AUT,787554.763091,0.014202,0.014169,0.014157,0.070207,0.001512,neutron,pi+,solid
542,11.0,0.317870,0.517340,0.374315,3.393164,0.099060,AUT,716510.906129,0.015253,0.015263,0.015234,0.070207,0.001547,neutron,pi+,solid
543,11.0,0.340487,0.485628,0.374390,3.412069,0.098969,AUT,691182.996987,0.015941,0.015983,0.015985,0.070207,0.001588,neutron,pi+,solid
544,11.0,0.368072,0.458316,0.374026,3.480447,0.107414,AUT,722777.271793,0.016668,0.016448,0.016457,0.070207,0.001640,neutron,pi+,solid
545,11.0,0.410662,0.423024,0.373786,3.582554,0.126345,AUT,683342.689928,0.023006,0.020271,0.020365,0.070207,0.001728,neutron,pi+,solid
546,11.0,0.244480,0.657124,0.374128,3.315034,0.287818,AUT,590780.685209,0.015383,0.015389,0.015386,0.070207,0.001416,neutron,pi+,solid
547,11.0,0.268031,0.653153,0.374170,3.613719,0.287751,AUT,537200.308881,0.017477,0.016990,0.017033,0.070207,0.001460,neutron,pi+,solid
548,11.0,0.284796,0.648098,0.374020,3.809543,0.288018,AUT,497194.908011,0.019903,0.018700,0.018666,0.070207,0.001490,neutron,pi+,solid
549,11.0,0.302351,0.622548,0.374219,3.884164,0.284262,AUT,248057.937687,0.034098,0.029765,0.029676,0.070207,0.001522,neutron,pi+,solid
550,11.0,0.324782,0.568646,0.376071,3.807752,0.270936,AUT,44182.523612,0.078499,0.070428,0.069849,0.070207,0.001562,neutron,pi+,solid
551,11.0,0.358599,0.446116,0.379998,3.300790,0.216593,AUT,32149.262846,0.168752,0.121606,0.122575,0.070207,0.001624,neutron,pi+,solid
552,11.0,0.388163,0.422427,0.377864,3.383300,0.222833,AUT,76732.601056,0.203679,0.126797,0.129512,0.070207,0.001681,neutron,pi+,solid
553,11.0,0.427117,0.408735,0.377025,3.603641,0.231541,AUT,112778.538347,0.191614,0.118660,0.118561,0.070207,0.001767,neutron,pi+,solid
554,11.0,0.258732,0.645246,0.373379,3.442619,0.497371,AUT,636244.463719,0.029043,0.023166,0.023118,0.070207,0.001442,neutron,pi+,solid
555,11.0,0.297023,0.588253,0.372573,3.598531,0.509322,AUT,493780.365665,0.024398,0.023145,0.022969,0.070207,0.001511,neutron,pi+,solid
556,11.0,0.349051,0.468992,0.370643,3.371818,0.540995,AUT,312731.381336,0.025868,0.045031,0.044950,0.070207,0.001603,neutron,pi+,solid
557,11.0,0.406983,0.414961,0.370272,3.483373,0.543741,AUT,215214.668939,0.049142,0.072782,0.072642,0.070207,0.001718,neutron,pi+,solid
558,11.0,0.284136,0.588022,0.375280,3.420403,0.674316,AUT,710404.171436,0.014969,0.017933,0.017939,0.070207,0.001486,neutron,pi+,solid
559,11.0,0.376909,0.457198,0.376711,3.548331,0.652717,AUT,230061.345204,0.036050,0.052484,0.052631,0.070207,0.001659,neutron,pi+,solid
560,11.0,0.281431,0.612815,0.376476,3.532356,0.872428,AUT,131881.280993,0.058920,0.046676,0.047111,0.070207,0.001482,neutron,pi+,solid
561,11.0,0.260672,0.609355,0.423678,3.274035,0.119772,AUT,897046.529868,0.012848,0.012812,0.012863,0.070207,0.001457,neutron,pi+,solid
562,11.0,0.291166,0.566721,0.423937,3.404056,0.114206,AUT,860016.328796,0.013620,0.013598,0.013552,0.070207,0.001514,neutron,pi+,solid
563,11.0,0.317552,0.516808,0.424091,3.385352,0.107830,AUT,801356.912053,0.014499,0.014508,0.014522,0.070207,0.001562,neutron,pi+,solid
564,11.0,0.349386,0.477186,0.424075,3.439371,0.108168,AUT,777414.649739,0.015354,0.015380,0.015401,0.070207,0.001622,neutron,pi+,solid
565,11.0,0.398354,0.434082,0.423682,3.562734,0.126172,AUT,759259.001373,0.019220,0.017895,0.017887,0.070207,0.001723,neutron,pi+,solid
566,11.0,0.248384,0.650755,0.424078,3.334932,0.290932,AUT,601828.287784,0.015447,0.015462,0.015443,0.070207,0.001435,neutron,pi+,solid
567,11.0,0.275244,0.645806,0.424161,3.669175,0.290127,AUT,550484.411926,0.017139,0.016875,0.016815,0.070207,0.001487,neutron,pi+,solid
568,11.0,0.295444,0.627796,0.424378,3.827008,0.285809,AUT,355083.555593,0.023752,0.022474,0.022416,0.070207,0.001524,neutron,pi+,solid
569,11.0,0.322288,0.552975,0.426227,3.671477,0.257169,AUT,95445.923138,0.044347,0.043425,0.043427,0.070207,0.001573,neutron,pi+,solid
570,11.0,0.360486,0.451688,0.427068,3.359176,0.226175,AUT,95519.983261,0.073916,0.059220,0.059631,0.070207,0.001644,neutron,pi+,solid
571,11.0,0.398111,0.419418,0.426041,3.444512,0.238294,AUT,171152.478321,0.087391,0.060913,0.061489,0.070207,0.001722,neutron,pi+,solid
572,11.0,0.437945,0.409374,0.425656,3.700564,0.247927,AUT,86474.245496,0.148066,0.099206,0.100814,0.070207,0.001816,neutron,pi+,solid
573,11.0,0.261391,0.655940,0.423979,3.536358,0.490454,AUT,530079.433649,0.033221,0.025475,0.025454,0.070207,0.001460,neutron,pi+,solid
574,11.0,0.303037,0.593144,0.422399,3.697538,0.509510,AUT,251233.582466,0.039327,0.033916,0.033595,0.070207,0.001537,neutron,pi+,solid
575,11.0,0.376116,0.434086,0.417361,3.360644,0.565875,AUT,89040.892281,0.066591,0.108154,0.107946,0.070207,0.001672,neutron,pi+,solid
576,11.0,0.437575,0.412186,0.413664,3.723074,0.568101,AUT,4799.956105,0.431657,0.590063,0.596088,0.070207,0.001810,neutron,pi+,solid
577,11.0,0.296624,0.563098,0.424122,3.401340,0.683385,AUT,791629.334748,0.015558,0.019285,0.019155,0.070207,0.001522,neutron,pi+,solid
578,11.0,0.390407,0.446345,0.422608,3.595135,0.663559,AUT,115937.599212,0.055461,0.091084,0.091309,0.070207,0.001705,neutron,pi+,solid
579,11.0,0.280462,0.609990,0.425805,3.505978,0.888191,AUT,180801.483070,0.033160,0.032830,0.032644,0.070207,0.001494,neutron,pi+,solid
580,11.0,0.267820,0.598361,0.473644,3.301512,0.120498,AUT,938352.634000,0.012810,0.012771,0.012775,0.070207,0.001484,neutron,pi+,solid
581,11.0,0.307273,0.533708,0.473880,3.380922,0.114966,AUT,888559.055411,0.013786,0.013782,0.013763,0.070207,0.001558,neutron,pi+,solid
582,11.0,0.350364,0.477157,0.473915,3.446502,0.113048,AUT,849230.123642,0.014853,0.014869,0.014879,0.070207,0.001641,neutron,pi+,solid
583,11.0,0.405084,0.429375,0.473511,3.585811,0.133246,AUT,423735.613664,0.027192,0.024902,0.024979,0.070207,0.001759,neutron,pi+,solid
584,11.0,0.253163,0.643921,0.473919,3.363059,0.293172,AUT,616735.894633,0.015585,0.015488,0.015543,0.070207,0.001457,neutron,pi+,solid
585,11.0,0.283977,0.633076,0.474077,3.709967,0.289387,AUT,507929.596710,0.018163,0.017903,0.017860,0.070207,0.001517,neutron,pi+,solid
586,11.0,0.312546,0.570301,0.475139,3.671782,0.264164,AUT,202879.454700,0.030185,0.029611,0.029540,0.070207,0.001570,neutron,pi+,solid
587,11.0,0.357318,0.459017,0.475955,3.382469,0.235725,AUT,158975.460548,0.045937,0.040704,0.040650,0.070207,0.001655,neutron,pi+,solid
588,11.0,0.406373,0.417931,0.475291,3.502668,0.254117,AUT,264940.337407,0.059563,0.043903,0.044380,0.070207,0.001762,neutron,pi+,solid
589,11.0,0.454910,0.408494,0.475098,3.835789,0.267070,AUT,25994.613672,0.261609,0.177445,0.184037,0.070207,0.001887,neutron,pi+,solid
590,11.0,0.264880,0.659688,0.474259,3.603969,0.485153,AUT,506134.504297,0.027052,0.022232,0.022200,0.070207,0.001480,neutron,pi+,solid
591,11.0,0.307815,0.604454,0.473090,3.830343,0.497879,AUT,96213.145708,0.084381,0.064150,0.064298,0.070207,0.001562,neutron,pi+,solid
592,11.0,0.384910,0.419270,0.461079,3.330242,0.580945,AUT,3850.715062,0.510897,0.716884,0.723450,0.070207,0.001706,neutron,pi+,solid
593,11.0,0.285017,0.587753,0.473905,3.426621,0.743555,AUT,692128.816323,0.017620,0.019192,0.019075,0.070207,0.001515,neutron,pi+,solid
594,11.0,0.366419,0.466650,0.470408,3.527063,0.704496,AUT,112719.233448,0.048802,0.086348,0.086214,0.070207,0.001673,neutron,pi+,solid
595,11.0,0.276375,0.583661,0.523705,3.319610,0.121627,AUT,968853.543297,0.012834,0.012814,0.012817,0.070207,0.001514,neutron,pi+,solid
596,11.0,0.331495,0.498430,0.523854,3.403314,0.115382,AUT,893496.888180,0.014290,0.014301,0.014286,0.070207,0.001622,neutron,pi+,solid
597,11.0,0.393285,0.440185,0.523625,3.566388,0.130384,AUT,441081.015906,0.024404,0.023236,0.023261,0.070207,0.001754,neutron,pi+,solid
598,11.0,0.259018,0.636131,0.523873,3.398589,0.293387,AUT,631395.254538,0.015656,0.015567,0.015556,0.070207,0.001482,neutron,pi+,solid
599,11.0,0.295592,0.603648,0.524517,3.677655,0.279661,AUT,412609.865740,0.020583,0.020364,0.020292,0.070207,0.001555,neutron,pi+,solid
600,11.0,0.345368,0.478433,0.525562,3.403578,0.244198,AUT,218431.815941,0.032329,0.031295,0.031144,0.070207,0.001650,neutron,pi+,solid
601,11.0,0.406165,0.420673,0.524865,3.521898,0.265983,AUT,333196.774166,0.046528,0.036129,0.036339,0.070207,0.001785,neutron,pi+,solid
602,11.0,0.267173,0.658563,0.524435,3.628266,0.484670,AUT,476410.157320,0.023155,0.020574,0.020567,0.070207,0.001499,neutron,pi+,solid
603,11.0,0.312811,0.607919,0.524111,3.922752,0.488319,AUT,35006.905839,0.218943,0.148474,0.149103,0.070207,0.001590,neutron,pi+,solid
604,11.0,0.435309,0.408751,0.533766,3.674632,0.408599,AUT,659.765058,8.905324,5.107090,5.207062,0.070207,0.001865,neutron,pi+,solid
605,11.0,0.284401,0.597558,0.523259,3.475600,0.763284,AUT,531266.488960,0.022831,0.022622,0.022467,0.070207,0.001529,neutron,pi+,solid
606,11.0,0.403560,0.467749,0.507891,3.896312,0.680554,AUT,178.769224,2.048506,3.906021,3.839806,0.070207,0.001773,neutron,pi+,solid
607,11.0,0.286282,0.565963,0.573705,3.327449,0.122264,AUT,977925.639564,0.013082,0.013059,0.013071,0.070207,0.001550,neutron,pi+,solid
608,11.0,0.364114,0.466588,0.573621,3.491362,0.123601,AUT,727632.726994,0.017081,0.016931,0.016877,0.070207,0.001712,neutron,pi+,solid
609,11.0,0.265373,0.627214,0.573981,3.431895,0.292810,AUT,639398.349901,0.015830,0.015760,0.015714,0.070207,0.001510,neutron,pi+,solid
610,11.0,0.314159,0.546570,0.574816,3.529659,0.262982,AUT,346633.627442,0.022815,0.022849,0.022713,0.070207,0.001608,neutron,pi+,solid
611,11.0,0.389722,0.435685,0.573702,3.495995,0.267193,AUT,381857.712823,0.033776,0.028851,0.029070,0.070207,0.001771,neutron,pi+,solid
612,11.0,0.269302,0.654987,0.574260,3.636008,0.486941,AUT,440487.608713,0.021832,0.020422,0.020408,0.070207,0.001519,neutron,pi+,solid
613,11.0,0.341846,0.556940,0.574631,3.882883,0.473553,AUT,7986.999236,0.188196,0.177606,0.176165,0.070207,0.001668,neutron,pi+,solid
614,11.0,0.274143,0.627575,0.573613,3.536838,0.787150,AUT,380306.117264,0.032481,0.028261,0.028041,0.070207,0.001528,neutron,pi+,solid
615,11.0,0.301110,0.543583,0.623642,3.349013,0.122123,AUT,1006772.937402,0.013267,0.013273,0.013277,0.070207,0.001599,neutron,pi+,solid
616,11.0,0.383167,0.453327,0.622813,3.581183,0.127894,AUT,235051.849698,0.031981,0.031347,0.031395,0.070207,0.001783,neutron,pi+,solid
617,11.0,0.272130,0.613645,0.623962,3.438657,0.290388,AUT,627859.180302,0.016275,0.016186,0.016159,0.070207,0.001542,neutron,pi+,solid
618,11.0,0.346612,0.484709,0.624097,3.450511,0.264445,AUT,389045.696715,0.023978,0.023522,0.023344,0.070207,0.001698,neutron,pi+,solid
619,11.0,0.409717,0.440907,0.618903,3.728134,0.266611,AUT,53919.130937,0.092174,0.079600,0.079561,0.070207,0.001850,neutron,pi+,solid
620,11.0,0.270177,0.652138,0.624244,3.631543,0.489075,AUT,376058.971591,0.022375,0.021560,0.021593,0.070207,0.001540,neutron,pi+,solid
621,11.0,0.384096,0.456915,0.621843,3.619055,0.416373,AUT,1508.845710,0.777897,0.585761,0.570145,0.070207,0.001785,neutron,pi+,solid
622,11.0,0.270143,0.646647,0.624130,3.599178,0.772658,AUT,273652.852860,0.050336,0.038534,0.038772,0.070207,0.001539,neutron,pi+,solid
623,11.0,0.271639,0.600669,0.673805,3.359833,0.219577,AUT,797516.110701,0.014605,0.014564,0.014560,0.070207,0.001561,neutron,pi+,solid
624,11.0,0.326781,0.508568,0.673632,3.421415,0.179891,AUT,679447.662856,0.016970,0.017004,0.016985,0.070207,0.001680,neutron,pi+,solid
625,11.0,0.378539,0.471727,0.669243,3.684827,0.173534,AUT,147783.657949,0.039703,0.039531,0.039523,0.070207,0.001801,neutron,pi+,solid
626,11.0,0.269715,0.651860,0.674090,3.624308,0.553159,AUT,460053.578829,0.021389,0.020285,0.020139,0.070207,0.001559,neutron,pi+,solid
627,11.0,0.331963,0.572130,0.672593,3.913138,0.527136,AUT,4030.026683,0.344572,0.282459,0.282037,0.070207,0.001696,neutron,pi+,solid
628,11.0,0.310988,0.651921,0.323416,4.182944,0.127859,AUT,789815.502843,0.014536,0.014386,0.014392,0.070207,0.001521,neutron,pi+,solid
629,11.0,0.336534,0.632718,0.323533,4.394907,0.125490,AUT,813607.991994,0.014858,0.014664,0.014647,0.070207,0.001566,neutron,pi+,solid
630,11.0,0.358085,0.620089,0.323738,4.582604,0.123132,AUT,794603.203981,0.015460,0.015227,0.015177,0.070207,0.001606,neutron,pi+,solid
631,11.0,0.383064,0.588694,0.323892,4.652828,0.117513,AUT,741705.161011,0.016482,0.016256,0.016233,0.070207,0.001653,neutron,pi+,solid
632,11.0,0.419166,0.534768,0.323933,4.621102,0.114093,AUT,619386.106957,0.018378,0.018466,0.018324,0.070207,0.001727,neutron,pi+,solid
633,11.0,0.468660,0.463936,0.323647,4.483830,0.124647,AUT,242328.983475,0.036258,0.033975,0.033793,0.070207,0.001844,neutron,pi+,solid
634,11.0,0.305939,0.658462,0.324296,4.156901,0.286503,AUT,810609.321772,0.018307,0.016108,0.016166,0.070207,0.001512,neutron,pi+,solid
635,11.0,0.328765,0.641174,0.324223,4.350853,0.286394,AUT,802921.017673,0.022841,0.018608,0.018645,0.070207,0.001553,neutron,pi+,solid
636,11.0,0.349274,0.632048,0.324284,4.556504,0.287009,AUT,805221.709577,0.026618,0.020734,0.020782,0.070207,0.001590,neutron,pi+,solid
637,11.0,0.373923,0.606169,0.324100,4.676701,0.288657,AUT,735794.013561,0.036393,0.026766,0.026847,0.070207,0.001636,neutron,pi+,solid
638,11.0,0.411430,0.562555,0.324249,4.773047,0.288049,AUT,455182.657923,0.035109,0.029318,0.029478,0.070207,0.001712,neutron,pi+,solid
639,11.0,0.464638,0.495595,0.325368,4.746033,0.271957,AUT,120499.080984,0.044216,0.045311,0.044672,0.070207,0.001836,neutron,pi+,solid
640,11.0,0.321132,0.646756,0.324257,4.283609,0.484752,AUT,791193.633116,0.026168,0.021464,0.021415,0.070207,0.001539,neutron,pi+,solid
641,11.0,0.372828,0.603224,0.324119,4.632601,0.486409,AUT,734398.788175,0.022893,0.022228,0.022121,0.070207,0.001634,neutron,pi+,solid
642,11.0,0.445650,0.497172,0.322954,4.558513,0.502337,AUT,228182.729008,0.031463,0.046716,0.046481,0.070207,0.001787,neutron,pi+,solid
643,11.0,0.351248,0.619982,0.324893,4.469218,0.702447,AUT,740477.741812,0.018277,0.018362,0.018467,0.070207,0.001593,neutron,pi+,solid
644,11.0,0.462228,0.489083,0.326324,4.664040,0.655848,AUT,19550.280846,0.184128,0.186826,0.189143,0.070207,0.001830,neutron,pi+,solid
645,11.0,0.317342,0.646205,0.373458,4.230157,0.127316,AUT,795574.715150,0.014725,0.014598,0.014566,0.070207,0.001550,neutron,pi+,solid
646,11.0,0.350524,0.624279,0.373544,4.515986,0.126078,AUT,806922.277439,0.015175,0.015076,0.015057,0.070207,0.001612,neutron,pi+,solid
647,11.0,0.384426,0.585747,0.373654,4.644085,0.121694,AUT,760900.995015,0.016246,0.016147,0.016105,0.070207,0.001678,neutron,pi+,solid
648,11.0,0.438884,0.505118,0.373654,4.559474,0.122258,AUT,524227.790229,0.020897,0.020905,0.020813,0.070207,0.001799,neutron,pi+,solid
649,11.0,0.308820,0.655780,0.373953,4.178649,0.290785,AUT,796688.852550,0.016885,0.015565,0.015597,0.070207,0.001535,neutron,pi+,solid
650,11.0,0.335400,0.637806,0.374057,4.415284,0.287701,AUT,805623.750836,0.020120,0.017367,0.017412,0.070207,0.001584,neutron,pi+,solid
651,11.0,0.361310,0.621196,0.374150,4.631277,0.287975,AUT,768750.926811,0.025596,0.020607,0.020642,0.070207,0.001633,neutron,pi+,solid
652,11.0,0.399859,0.574167,0.374227,4.733071,0.287647,AUT,560608.924330,0.030628,0.025180,0.025243,0.070207,0.001711,neutron,pi+,solid
653,11.0,0.459545,0.493970,0.374959,4.676336,0.270793,AUT,160113.912535,0.038909,0.039255,0.038510,0.070207,0.001852,neutron,pi+,solid
654,11.0,0.326157,0.644004,0.374196,4.331355,0.485050,AUT,811295.440103,0.037030,0.026709,0.026689,0.070207,0.001566,neutron,pi+,solid
655,11.0,0.390419,0.583336,0.374057,4.679849,0.490008,AUT,579017.395618,0.029006,0.026369,0.026328,0.070207,0.001691,neutron,pi+,solid
656,11.0,0.483549,0.464282,0.370740,4.633740,0.519942,AUT,17398.740617,0.127481,0.193937,0.192926,0.070207,0.001916,neutron,pi+,solid
657,11.0,0.354963,0.614171,0.374633,4.463146,0.724973,AUT,718239.368234,0.015947,0.017829,0.017954,0.070207,0.001620,neutron,pi+,solid
658,11.0,0.325486,0.640353,0.423436,4.298381,0.127395,AUT,799983.607235,0.014960,0.014841,0.014791,0.070207,0.001581,neutron,pi+,solid
659,11.0,0.371960,0.601029,0.423593,4.609334,0.125706,AUT,781538.205379,0.015885,0.015822,0.015813,0.070207,0.001673,neutron,pi+,solid
660,11.0,0.432247,0.514621,0.423615,4.572845,0.124570,AUT,459574.151993,0.022229,0.022286,0.022252,0.070207,0.001808,neutron,pi+,solid
661,11.0,0.312963,0.652243,0.423960,4.211328,0.294612,AUT,791395.260954,0.016251,0.015378,0.015383,0.070207,0.001558,neutron,pi+,solid
662,11.0,0.345732,0.632429,0.423989,4.512589,0.290570,AUT,800492.974746,0.019195,0.017110,0.017154,0.070207,0.001621,neutron,pi+,solid
663,11.0,0.384744,0.592001,0.424056,4.694988,0.287697,AUT,671658.553435,0.026365,0.021980,0.021995,0.070207,0.001700,neutron,pi+,solid
664,11.0,0.449165,0.502952,0.424571,4.648950,0.275554,AUT,229421.024114,0.032304,0.032697,0.032199,0.070207,0.001852,neutron,pi+,solid
665,11.0,0.331273,0.640885,0.424336,4.376501,0.485845,AUT,805004.966584,0.043468,0.030017,0.030015,0.070207,0.001593,neutron,pi+,solid
666,11.0,0.400093,0.575224,0.424134,4.733594,0.487961,AUT,351736.533618,0.042766,0.036557,0.036691,0.070207,0.001734,neutron,pi+,solid
667,11.0,0.352530,0.617370,0.424308,4.460814,0.736708,AUT,642565.636907,0.018224,0.019462,0.019528,0.070207,0.001634,neutron,pi+,solid
668,11.0,0.335528,0.633409,0.473505,4.380746,0.127589,AUT,793636.676430,0.015311,0.015215,0.015211,0.070207,0.001618,neutron,pi+,solid
669,11.0,0.407855,0.549592,0.473615,4.598262,0.126899,AUT,638894.648130,0.018431,0.018500,0.018469,0.070207,0.001773,neutron,pi+,solid
670,11.0,0.318881,0.647446,0.473858,4.258627,0.297942,AUT,811178.551804,0.015860,0.015241,0.015226,0.070207,0.001585,neutron,pi+,solid
671,11.0,0.361872,0.617957,0.474039,4.611935,0.290840,AUT,770904.215392,0.020068,0.017963,0.018036,0.070207,0.001672,neutron,pi+,solid
672,11.0,0.427217,0.530940,0.474319,4.656888,0.282200,AUT,402979.878819,0.024351,0.024386,0.024096,0.070207,0.001821,neutron,pi+,solid
673,11.0,0.336763,0.636449,0.474273,4.415172,0.486464,AUT,791777.483611,0.040374,0.028382,0.028449,0.070207,0.001621,neutron,pi+,solid
674,11.0,0.413346,0.561900,0.474263,4.781200,0.487605,AUT,186499.035585,0.059363,0.051052,0.051448,0.070207,0.001788,neutron,pi+,solid
675,11.0,0.349818,0.622077,0.474377,4.466600,0.743655,AUT,559054.514828,0.023976,0.023026,0.022980,0.070207,0.001647,neutron,pi+,solid
676,11.0,0.349235,0.619583,0.523500,4.452018,0.127913,AUT,791349.159583,0.015644,0.015601,0.015642,0.070207,0.001665,neutron,pi+,solid
677,11.0,0.431585,0.514624,0.523582,4.567527,0.128219,AUT,230178.781439,0.032334,0.032386,0.032380,0.070207,0.001858,neutron,pi+,solid
678,11.0,0.325780,0.643024,0.523742,4.320179,0.299718,AUT,796863.710782,0.016091,0.015585,0.015541,0.070207,0.001617,neutron,pi+,solid
679,11.0,0.385282,0.588260,0.524236,4.661114,0.289861,AUT,662033.830713,0.020466,0.019205,0.019171,0.070207,0.001746,neutron,pi+,solid
680,11.0,0.468681,0.466459,0.524061,4.507770,0.283971,AUT,91695.962978,0.064438,0.059855,0.059112,0.070207,0.001964,neutron,pi+,solid
681,11.0,0.343248,0.630276,0.524346,4.450337,0.487189,AUT,763163.854843,0.032997,0.024595,0.024719,0.070207,0.001653,neutron,pi+,solid
682,11.0,0.435576,0.537896,0.524228,4.827472,0.486806,AUT,68074.873382,0.082241,0.078335,0.078544,0.070207,0.001872,neutron,pi+,solid
683,11.0,0.347402,0.625918,0.524272,4.467169,0.743185,AUT,482945.503657,0.033763,0.028589,0.028629,0.070207,0.001662,neutron,pi+,solid
684,11.0,0.323579,0.642757,0.573615,4.289505,0.244223,AUT,786832.572507,0.015830,0.015598,0.015552,0.070207,0.001634,neutron,pi+,solid
685,11.0,0.370918,0.604261,0.573801,4.620288,0.226568,AUT,766983.663920,0.017320,0.016894,0.016878,0.070207,0.001738,neutron,pi+,solid
686,11.0,0.433281,0.515260,0.573487,4.592517,0.218238,AUT,361727.722620,0.026282,0.026418,0.026306,0.070207,0.001894,neutron,pi+,solid
687,11.0,0.334424,0.638839,0.574345,4.402375,0.549190,AUT,798688.475817,0.028933,0.022294,0.022354,0.070207,0.001657,neutron,pi+,solid
688,11.0,0.404380,0.571433,0.573925,4.758844,0.542960,AUT,214032.029303,0.057565,0.047471,0.047584,0.070207,0.001819,neutron,pi+,solid
689,11.0,0.332336,0.637042,0.623611,4.364864,0.243837,AUT,801004.139839,0.016075,0.015829,0.015818,0.070207,0.001676,neutron,pi+,solid
690,11.0,0.399231,0.565711,0.623503,4.641847,0.224520,AUT,591927.505813,0.020110,0.020057,0.020019,0.070207,0.001836,neutron,pi+,solid
691,11.0,0.341489,0.632453,0.624164,4.444891,0.551120,AUT,782368.872902,0.027029,0.021527,0.021562,0.070207,0.001697,neutron,pi+,solid
692,11.0,0.422675,0.552304,0.621978,4.814837,0.501576,AUT,50302.294478,0.102920,0.090419,0.090572,0.070207,0.001900,neutron,pi+,solid
693,11.0,0.343594,0.626699,0.673552,4.433880,0.243981,AUT,795964.115264,0.016481,0.016286,0.016296,0.070207,0.001728,neutron,pi+,solid
694,11.0,0.411864,0.553441,0.672191,4.700129,0.219642,AUT,193300.234679,0.036756,0.036556,0.036399,0.070207,0.001904,neutron,pi+,solid
695,11.0,0.340268,0.634628,0.673368,4.443451,0.557596,AUT,651847.930034,0.027179,0.022409,0.022479,0.070207,0.001721,neutron,pi+,solid
696,11.0,0.387653,0.651867,0.323576,5.213547,0.125078,AUT,541334.820655,0.019299,0.019079,0.018988,0.070207,0.001665,neutron,pi+,solid
697,11.0,0.418100,0.626363,0.323658,5.404959,0.121772,AUT,534836.758313,0.020298,0.020017,0.019928,0.070207,0.001728,neutron,pi+,solid
698,11.0,0.442861,0.599627,0.323790,5.480006,0.119703,AUT,528177.118710,0.021179,0.020895,0.020753,0.070207,0.001784,neutron,pi+,solid
699,11.0,0.474875,0.563116,0.323638,5.517092,0.119548,AUT,531648.199875,0.021759,0.021699,0.021558,0.070207,0.001865,neutron,pi+,solid
700,11.0,0.522309,0.521883,0.323452,5.622166,0.127074,AUT,334644.007779,0.028750,0.029170,0.028880,0.070207,0.002006,neutron,pi+,solid
701,11.0,0.385760,0.655077,0.324392,5.213819,0.286498,AUT,538474.687686,0.033006,0.025976,0.025986,0.070207,0.001661,neutron,pi+,solid
702,11.0,0.418536,0.629079,0.324293,5.433685,0.287569,AUT,537927.399691,0.042105,0.031576,0.031550,0.070207,0.001729,neutron,pi+,solid
703,11.0,0.449198,0.591923,0.324066,5.485782,0.288806,AUT,533175.410433,0.037098,0.030039,0.030111,0.070207,0.001800,neutron,pi+,solid
704,11.0,0.495009,0.541657,0.324383,5.528637,0.287312,AUT,537813.905904,0.025308,0.025756,0.025666,0.070207,0.001922,neutron,pi+,solid
705,11.0,0.545740,0.505026,0.324343,5.688705,0.285715,AUT,130005.613584,0.047950,0.055858,0.055355,0.070207,0.002087,neutron,pi+,solid
706,11.0,0.406500,0.637103,0.324294,5.337959,0.484752,AUT,536050.380867,0.032490,0.028781,0.028683,0.070207,0.001704,neutron,pi+,solid
707,11.0,0.484574,0.555203,0.324306,5.533596,0.485251,AUT,477334.572595,0.026017,0.033771,0.033664,0.070207,0.001894,neutron,pi+,solid
708,11.0,0.433844,0.608444,0.324499,5.415476,0.700593,AUT,407053.038325,0.027359,0.028739,0.029049,0.070207,0.001765,neutron,pi+,solid
709,11.0,0.394841,0.645125,0.373561,5.254032,0.126035,AUT,539951.920132,0.019607,0.019452,0.019412,0.070207,0.001703,neutron,pi+,solid
710,11.0,0.432733,0.610817,0.373715,5.453926,0.123868,AUT,532195.913032,0.020734,0.020602,0.020537,0.070207,0.001788,neutron,pi+,solid
711,11.0,0.474340,0.564610,0.373539,5.522793,0.121837,AUT,535525.219526,0.021799,0.021848,0.021726,0.070207,0.001896,neutron,pi+,solid
712,11.0,0.529642,0.516770,0.373255,5.646769,0.130315,AUT,163588.853141,0.042719,0.043319,0.042886,0.070207,0.002071,neutron,pi+,solid
713,11.0,0.389691,0.652083,0.374186,5.242229,0.287763,AUT,542058.559445,0.027809,0.023562,0.023481,0.070207,0.001692,neutron,pi+,solid
714,11.0,0.428025,0.618827,0.374177,5.465083,0.288658,AUT,532566.420043,0.036131,0.028647,0.028669,0.070207,0.001777,neutron,pi+,solid
715,11.0,0.471240,0.565624,0.374214,5.496391,0.287864,AUT,531458.148203,0.027259,0.025103,0.025064,0.070207,0.001888,neutron,pi+,solid
716,11.0,0.527302,0.515993,0.374136,5.612716,0.287493,AUT,269123.737720,0.032943,0.035682,0.035264,0.070207,0.002063,neutron,pi+,solid
717,11.0,0.413354,0.630007,0.374292,5.363805,0.485841,AUT,535527.109531,0.040973,0.032415,0.032430,0.070207,0.001744,neutron,pi+,solid
718,11.0,0.495108,0.544212,0.374174,5.547377,0.484890,AUT,313138.431783,0.035794,0.043357,0.043469,0.070207,0.001958,neutron,pi+,solid
719,11.0,0.431886,0.611049,0.374478,5.415579,0.715145,AUT,353003.027907,0.025063,0.030234,0.030324,0.070207,0.001788,neutron,pi+,solid
720,11.0,0.403324,0.637658,0.423511,5.303022,0.127311,AUT,535199.932464,0.020054,0.019946,0.019989,0.070207,0.001744,neutron,pi+,solid
721,11.0,0.456574,0.584057,0.423516,5.497636,0.123989,AUT,530814.113833,0.021715,0.021666,0.021519,0.070207,0.001876,neutron,pi+,solid
722,11.0,0.517548,0.526489,0.423462,5.619231,0.128616,AUT,181871.753900,0.040123,0.040579,0.040343,0.070207,0.002066,neutron,pi+,solid
723,11.0,0.394351,0.648144,0.424028,5.271914,0.289977,AUT,525264.463171,0.025770,0.022792,0.022767,0.070207,0.001724,neutron,pi+,solid
724,11.0,0.441212,0.602426,0.424130,5.481145,0.288721,AUT,529264.436351,0.030196,0.025952,0.025856,0.070207,0.001835,neutron,pi+,solid
725,11.0,0.504403,0.534778,0.424123,5.557278,0.290255,AUT,452340.678824,0.025352,0.026004,0.025677,0.070207,0.002021,neutron,pi+,solid
726,11.0,0.421138,0.621199,0.424263,5.381987,0.486190,AUT,533429.720000,0.044914,0.034211,0.034364,0.070207,0.001786,neutron,pi+,solid
727,11.0,0.508338,0.531656,0.424311,5.570157,0.484294,AUT,180961.869338,0.047440,0.057096,0.057331,0.070207,0.002035,neutron,pi+,solid
728,11.0,0.429717,0.613533,0.424415,5.412522,0.717810,AUT,310965.388341,0.030436,0.034633,0.034409,0.070207,0.001808,neutron,pi+,solid
729,11.0,0.414022,0.627676,0.473562,5.354691,0.127921,AUT,530276.607006,0.020595,0.020557,0.020488,0.070207,0.001792,neutron,pi+,solid
730,11.0,0.486401,0.554428,0.473341,5.552590,0.126309,AUT,346056.231510,0.028295,0.028399,0.028240,0.070207,0.001996,neutron,pi+,solid
731,11.0,0.401350,0.642515,0.474030,5.317416,0.291949,AUT,532252.610335,0.024299,0.022235,0.022185,0.070207,0.001762,neutron,pi+,solid
732,11.0,0.465160,0.573869,0.474042,5.497725,0.290270,AUT,533881.483813,0.024972,0.023758,0.023590,0.070207,0.001930,neutron,pi+,solid
733,11.0,0.534312,0.511349,0.473876,5.637675,0.296801,AUT,124107.339152,0.051551,0.053719,0.052825,0.070207,0.002168,neutron,pi+,solid
734,11.0,0.432228,0.609102,0.474244,5.404072,0.487416,AUT,532440.519460,0.041736,0.032754,0.032930,0.070207,0.001840,neutron,pi+,solid
735,11.0,0.529598,0.515986,0.473400,5.638536,0.475005,AUT,59603.550078,0.077646,0.097369,0.097237,0.070207,0.002149,neutron,pi+,solid
736,11.0,0.426765,0.616730,0.474210,5.406914,0.717351,AUT,265558.217231,0.042007,0.041363,0.041473,0.070207,0.001826,neutron,pi+,solid
737,11.0,0.430314,0.610405,0.523649,5.400737,0.128182,AUT,535942.051773,0.021322,0.021287,0.021249,0.070207,0.001862,neutron,pi+,solid
738,11.0,0.517416,0.527026,0.523474,5.623777,0.130527,AUT,85263.496679,0.061045,0.061533,0.061196,0.070207,0.002144,neutron,pi+,solid
739,11.0,0.409461,0.634333,0.524058,5.352476,0.293241,AUT,534608.449056,0.023786,0.022262,0.022173,0.070207,0.001808,neutron,pi+,solid
740,11.0,0.488125,0.551211,0.523826,5.536863,0.294202,AUT,400690.081073,0.027440,0.027449,0.027124,0.070207,0.002038,neutron,pi+,solid
741,11.0,0.420130,0.622847,0.524273,5.384284,0.546796,AUT,528949.569847,0.045654,0.034784,0.034817,0.070207,0.001835,neutron,pi+,solid
742,11.0,0.498812,0.542571,0.522971,5.580913,0.500142,AUT,121360.306234,0.059548,0.062618,0.062662,0.070207,0.002074,neutron,pi+,solid
743,11.0,0.403565,0.638832,0.573694,5.315718,0.234821,AUT,531723.622551,0.021585,0.021200,0.021202,0.070207,0.001821,neutron,pi+,solid
744,11.0,0.465587,0.574204,0.573700,5.507132,0.227977,AUT,540269.556389,0.023343,0.023159,0.023057,0.070207,0.002001,neutron,pi+,solid
745,11.0,0.530778,0.518289,0.571361,5.677066,0.231062,AUT,71163.932928,0.070755,0.071435,0.070874,0.070207,0.002246,neutron,pi+,solid
746,11.0,0.426488,0.617483,0.573561,5.409097,0.554687,AUT,529105.115556,0.040421,0.031889,0.032055,0.070207,0.001884,neutron,pi+,solid
747,11.0,0.544089,0.527849,0.556867,5.928268,0.417329,AUT,132.939385,1.562021,1.684338,1.820119,0.070207,0.002291,neutron,pi+,solid
748,11.0,0.413766,0.628418,0.623765,5.356920,0.236805,AUT,536999.166372,0.022082,0.021731,0.021689,0.070207,0.001882,neutron,pi+,solid
749,11.0,0.479501,0.561352,0.622587,5.549696,0.225284,AUT,263905.053689,0.034365,0.034391,0.034190,0.070207,0.002091,neutron,pi+,solid
750,11.0,0.418448,0.627446,0.623043,5.401313,0.543085,AUT,366425.677504,0.049653,0.038360,0.038495,0.070207,0.001895,neutron,pi+,solid
751,11.0,0.410652,0.633139,0.673509,5.357888,0.311395,AUT,530959.698578,0.023561,0.022719,0.022612,0.070207,0.001908,neutron,pi+,solid
752,11.0,0.466564,0.581139,0.669765,5.594076,0.235039,AUT,144625.788007,0.047573,0.046815,0.046614,0.070207,0.002088,neutron,pi+,solid
753,11.0,0.477047,0.643887,0.323764,6.334424,0.122526,AUT,533201.802806,0.021971,0.021750,0.021680,0.070207,0.001874,neutron,pi+,solid
754,11.0,0.540355,0.600499,0.323673,6.693012,0.121050,AUT,530570.268083,0.024063,0.024005,0.023848,0.070207,0.002072,neutron,pi+,solid
755,11.0,0.597129,0.585876,0.323631,7.223035,0.122584,AUT,166407.406046,0.047136,0.047492,0.047092,0.070207,0.002301,neutron,pi+,solid
756,11.0,0.481204,0.641739,0.324183,6.366391,0.288197,AUT,534184.724485,0.044554,0.033787,0.033871,0.070207,0.001886,neutron,pi+,solid
757,11.0,0.558866,0.589809,0.324238,6.798659,0.287291,AUT,530717.942679,0.030492,0.028718,0.028812,0.070207,0.002141,neutron,pi+,solid
758,11.0,0.625407,0.593676,0.324252,7.664485,0.286267,AUT,21582.288345,0.154642,0.155954,0.154983,0.070207,0.002440,neutron,pi+,solid
759,11.0,0.506109,0.624219,0.324239,6.501460,0.532322,AUT,534438.229931,0.025862,0.028042,0.027921,0.070207,0.001961,neutron,pi+,solid
760,11.0,0.594333,0.584092,0.324223,7.167524,0.499980,AUT,85012.398205,0.073666,0.098715,0.098682,0.070207,0.002289,neutron,pi+,solid
761,11.0,0.489637,0.635049,0.373518,6.408871,0.124716,AUT,532682.392407,0.022459,0.022341,0.022307,0.070207,0.001945,neutron,pi+,solid
762,11.0,0.567746,0.591676,0.373501,6.931692,0.123436,AUT,344376.660076,0.031750,0.031861,0.031702,0.070207,0.002225,neutron,pi+,solid
763,11.0,0.489760,0.635381,0.374088,6.412093,0.288022,AUT,532531.642167,0.035737,0.029508,0.029406,0.070207,0.001946,neutron,pi+,solid
764,11.0,0.570948,0.585064,0.374056,6.893610,0.287572,AUT,358715.504104,0.034353,0.033582,0.033436,0.070207,0.002239,neutron,pi+,solid
765,11.0,0.516793,0.619656,0.374198,6.585009,0.538437,AUT,533424.377698,0.031341,0.031043,0.031173,0.070207,0.002034,neutron,pi+,solid
766,11.0,0.637178,0.598541,0.374128,7.872431,0.475935,AUT,963.029026,0.900725,1.025640,1.033068,0.070207,0.002575,neutron,pi+,solid
767,11.0,0.508467,0.622332,0.423559,6.513519,0.125977,AUT,536760.458475,0.023387,0.023345,0.023207,0.070207,0.002041,neutron,pi+,solid
768,11.0,0.596519,0.586930,0.423520,7.228537,0.124335,AUT,84135.310418,0.069467,0.069725,0.069251,0.070207,0.002412,neutron,pi+,solid
769,11.0,0.500889,0.627012,0.424056,6.465808,0.288613,AUT,534324.160026,0.030230,0.026964,0.026793,0.070207,0.002015,neutron,pi+,solid
770,11.0,0.584887,0.580028,0.424068,7.004502,0.290463,AUT,180344.596953,0.047748,0.047982,0.047552,0.070207,0.002353,neutron,pi+,solid
771,11.0,0.515969,0.619967,0.424192,6.578336,0.538104,AUT,447717.135755,0.040279,0.036684,0.036686,0.070207,0.002069,neutron,pi+,solid
772,11.0,0.484756,0.638640,0.473751,6.381882,0.218003,AUT,532335.430171,0.024597,0.023738,0.023704,0.070207,0.001995,neutron,pi+,solid
773,11.0,0.562982,0.591449,0.473814,6.869600,0.222009,AUT,464576.288658,0.028783,0.028759,0.028419,0.070207,0.002300,neutron,pi+,solid
774,11.0,0.512393,0.623133,0.473823,6.567629,0.536611,AUT,363044.922198,0.049678,0.041986,0.042079,0.070207,0.002094,neutron,pi+,solid
775,11.0,0.497405,0.629583,0.523839,6.450606,0.224020,AUT,534685.574817,0.024955,0.024416,0.024228,0.070207,0.002077,neutron,pi+,solid
776,11.0,0.578636,0.585905,0.523530,6.998481,0.227559,AUT,213043.687604,0.044359,0.044554,0.044003,0.070207,0.002434,neutron,pi+,solid
777,11.0,0.505645,0.628973,0.523589,6.546813,0.535637,AUT,268880.289606,0.063236,0.050522,0.050796,0.070207,0.002109,neutron,pi+,solid
778,11.0,0.497101,0.630568,0.573771,6.456886,0.291433,AUT,539604.854365,0.026525,0.025340,0.025244,0.070207,0.002120,neutron,pi+,solid
779,11.0,0.575083,0.595685,0.571559,7.071875,0.239010,AUT,133267.841855,0.058011,0.057781,0.057243,0.070207,0.002479,neutron,pi+,solid
780,11.0,0.500220,0.633656,0.622684,6.529640,0.294483,AUT,436712.572753,0.029915,0.028770,0.028650,0.070207,0.002182,neutron,pi+,solid
781,11.0,0.485139,0.644851,0.671113,6.450681,0.276395,AUT,214997.721408,0.040984,0.040041,0.039972,0.070207,0.002170,neutron,pi+,solid
782,8.8,0.104995,0.653204,0.323475,1.126760,0.142973,AUT,1954792.009611,0.015031,0.010982,0.011041,0.070207,0.001730,neutron,pi+,solid
783,8.8,0.125106,0.586072,0.324139,1.210073,0.119976,AUT,1805604.260767,0.010480,0.008885,0.008893,0.070207,0.001780,neutron,pi+,solid
784,8.8,0.138997,0.557057,0.324371,1.278184,0.104981,AUT,1755566.662318,0.009096,0.008316,0.008328,0.070207,0.001816,neutron,pi+,solid
785,8.8,0.151645,0.535657,0.324433,1.341063,0.093688,AUT,1667755.597471,0.008727,0.008297,0.008310,0.070207,0.001850,neutron,pi+,solid
786,8.8,0.164010,0.516001,0.324509,1.397226,0.084731,AUT,1686426.424236,0.008422,0.008188,0.008213,0.070207,0.001884,neutron,pi+,solid
787,8.8,0.176794,0.496940,0.324561,1.450496,0.077514,AUT,1671230.177596,0.008413,0.008297,0.008311,0.070207,0.001920,neutron,pi+,solid
788,8.8,0.190304,0.482990,0.324697,1.517604,0.072708,AUT,1593994.361007,0.008679,0.008603,0.008614,0.070207,0.001958,neutron,pi+,solid
789,8.8,0.206479,0.465864,0.324736,1.587860,0.067448,AUT,1553140.192641,0.008926,0.008893,0.008885,0.070207,0.002003,neutron,pi+,solid
790,8.8,0.231412,0.438204,0.324710,1.673077,0.065392,AUT,1608822.926035,0.009066,0.009043,0.009038,0.070207,0.002072,neutron,pi+,solid
791,8.8,0.268789,0.408908,0.324660,1.813324,0.076792,AUT,711020.534152,0.015778,0.015057,0.015090,0.070207,0.002172,neutron,pi+,solid
792,8.8,0.086558,0.747080,0.323188,1.065930,0.312242,AUT,1237931.675813,0.009704,0.009631,0.009690,0.070207,0.001687,neutron,pi+,solid
793,8.8,0.098368,0.695004,0.323643,1.128488,0.302802,AUT,1124301.730108,0.009885,0.009593,0.009582,0.070207,0.001714,neutron,pi+,solid
794,8.8,0.107349,0.663305,0.323528,1.175535,0.301494,AUT,1050558.199740,0.009867,0.009618,0.009654,0.070207,0.001735,neutron,pi+,solid
795,8.8,0.115835,0.637830,0.323409,1.219789,0.305884,AUT,1021999.098764,0.009798,0.009700,0.009691,0.070207,0.001756,neutron,pi+,solid
796,8.8,0.124688,0.611389,0.323164,1.258517,0.312439,AUT,996691.618419,0.009848,0.010004,0.010001,0.070207,0.001778,neutron,pi+,solid
797,8.8,0.134101,0.582769,0.322797,1.290108,0.319492,AUT,980339.710888,0.010032,0.010670,0.010680,0.070207,0.001803,neutron,pi+,solid
798,8.8,0.144347,0.551277,0.322678,1.313582,0.326969,AUT,1002157.303974,0.010136,0.011680,0.011679,0.070207,0.001830,neutron,pi+,solid
799,8.8,0.155613,0.519241,0.322472,1.333749,0.333254,AUT,998119.338602,0.010421,0.013427,0.013486,0.070207,0.001861,neutron,pi+,solid
800,8.8,0.168038,0.486281,0.322389,1.348781,0.338596,AUT,1000981.277628,0.010636,0.015802,0.015788,0.070207,0.001895,neutron,pi+,solid
801,8.8,0.181962,0.456222,0.322283,1.370354,0.342586,AUT,1050834.950129,0.010469,0.018176,0.018127,0.070207,0.001934,neutron,pi+,solid
802,8.8,0.199230,0.438754,0.321946,1.443132,0.348190,AUT,1054440.087899,0.010641,0.020687,0.020693,0.070207,0.001982,neutron,pi+,solid
803,8.8,0.225931,0.422849,0.321606,1.576670,0.353936,AUT,1041549.449181,0.011588,0.023226,0.023275,0.070207,0.002055,neutron,pi+,solid
804,8.8,0.265550,0.404276,0.320708,1.771707,0.359722,AUT,444958.172899,0.022779,0.041727,0.041997,0.070207,0.002161,neutron,pi+,solid
805,8.8,0.089017,0.737851,0.324898,1.081602,0.483568,AUT,1483864.498882,0.008381,0.008219,0.008242,0.070207,0.001693,neutron,pi+,solid
806,8.8,0.106394,0.666676,0.324910,1.170171,0.478187,AUT,1469785.297102,0.008449,0.008179,0.008174,0.070207,0.001733,neutron,pi+,solid
807,8.8,0.121959,0.620338,0.325370,1.248457,0.474021,AUT,1518417.591207,0.008110,0.008025,0.008054,0.070207,0.001772,neutron,pi+,solid
808,8.8,0.139026,0.582026,0.325599,1.335303,0.471460,AUT,1504219.542383,0.008169,0.008231,0.008241,0.070207,0.001816,neutron,pi+,solid
809,8.8,0.158541,0.546073,0.325865,1.428611,0.469447,AUT,1480947.170197,0.008528,0.008612,0.008661,0.070207,0.001870,neutron,pi+,solid
810,8.8,0.181399,0.511162,0.325914,1.530141,0.467576,AUT,1421057.421387,0.009398,0.009376,0.009452,0.070207,0.001934,neutron,pi+,solid
811,8.8,0.214139,0.467540,0.326480,1.649602,0.466089,AUT,1385696.479170,0.011018,0.010747,0.010850,0.070207,0.002025,neutron,pi+,solid
812,8.8,0.262134,0.416148,0.326783,1.798464,0.464336,AUT,486157.936182,0.024870,0.023248,0.023115,0.070207,0.002155,neutron,pi+,solid
813,8.8,0.136375,0.641603,0.329178,1.390753,0.643689,AUT,766185.586497,0.032232,0.027263,0.024321,0.070207,0.001808,neutron,pi+,solid
814,8.8,0.112279,0.622857,0.373600,1.147907,0.136768,AUT,2137221.277687,0.010835,0.008804,0.008745,0.070207,0.001757,neutron,pi+,solid
815,8.8,0.136501,0.555135,0.374094,1.250423,0.111038,AUT,2005656.040057,0.008317,0.007692,0.007719,0.070207,0.001820,neutron,pi+,solid
816,8.8,0.153843,0.524813,0.374279,1.332686,0.096327,AUT,1910315.284526,0.007938,0.007663,0.007684,0.070207,0.001869,neutron,pi+,solid
817,8.8,0.170151,0.500591,0.374460,1.406049,0.086809,AUT,1896393.093888,0.007887,0.007771,0.007752,0.070207,0.001915,neutron,pi+,solid
818,8.8,0.187043,0.482427,0.374490,1.489763,0.081984,AUT,1859736.447574,0.008069,0.008002,0.007988,0.070207,0.001964,neutron,pi+,solid
819,8.8,0.208075,0.462377,0.374531,1.587673,0.077344,AUT,1887133.976909,0.008199,0.008158,0.008155,0.070207,0.002024,neutron,pi+,solid
820,8.8,0.247340,0.425037,0.374524,1.731351,0.082944,AUT,1822345.674943,0.009129,0.008942,0.008950,0.070207,0.002133,neutron,pi+,solid
821,8.8,0.090101,0.728457,0.373479,1.081165,0.305499,AUT,1251624.685128,0.013659,0.011302,0.011358,0.070207,0.001703,neutron,pi+,solid
822,8.8,0.104562,0.671980,0.373777,1.159698,0.294891,AUT,1027943.232765,0.013964,0.011750,0.011748,0.070207,0.001737,neutron,pi+,solid
823,8.8,0.115344,0.642851,0.373834,1.224147,0.291261,AUT,884022.034606,0.013857,0.012069,0.012090,0.070207,0.001764,neutron,pi+,solid
824,8.8,0.126114,0.619501,0.373656,1.289758,0.295297,AUT,814181.743339,0.013333,0.012146,0.012216,0.070207,0.001792,neutron,pi+,solid
825,8.8,0.137892,0.590324,0.373234,1.343656,0.302039,AUT,715057.454011,0.013522,0.012971,0.013058,0.070207,0.001824,neutron,pi+,solid
826,8.8,0.150642,0.552677,0.372700,1.374096,0.312792,AUT,647676.147741,0.013716,0.014279,0.014372,0.070207,0.001860,neutron,pi+,solid
827,8.8,0.165099,0.504033,0.372102,1.373086,0.327545,AUT,608576.839804,0.014034,0.016811,0.016911,0.070207,0.001901,neutron,pi+,solid
828,8.8,0.181685,0.452140,0.371423,1.355371,0.343656,AUT,587610.631901,0.014504,0.021254,0.021337,0.070207,0.001948,neutron,pi+,solid
829,8.8,0.203198,0.416867,0.370194,1.397916,0.362737,AUT,500381.228788,0.016370,0.031364,0.031244,0.070207,0.002009,neutron,pi+,solid
830,8.8,0.241569,0.404136,0.368178,1.610856,0.374171,AUT,336170.206590,0.024239,0.045636,0.045819,0.070207,0.002114,neutron,pi+,solid
831,8.8,0.090234,0.731943,0.374195,1.087255,0.490624,AUT,1387476.939649,0.008634,0.008366,0.008347,0.070207,0.001703,neutron,pi+,solid
832,8.8,0.109823,0.649625,0.374160,1.176470,0.491474,AUT,1594085.754231,0.009321,0.008725,0.008728,0.070207,0.001750,neutron,pi+,solid
833,8.8,0.129217,0.590901,0.374311,1.259423,0.485602,AUT,1803836.840272,0.008549,0.008747,0.008752,0.070207,0.001801,neutron,pi+,solid
834,8.8,0.150855,0.544027,0.374615,1.353884,0.481252,AUT,1783400.621953,0.008032,0.009029,0.009058,0.070207,0.001860,neutron,pi+,solid
835,8.8,0.175443,0.501044,0.374864,1.450145,0.477675,AUT,1783966.901758,0.007949,0.009456,0.009479,0.070207,0.001931,neutron,pi+,solid
836,8.8,0.209977,0.459572,0.375027,1.590077,0.474490,AUT,1881158.177992,0.008459,0.010758,0.010771,0.070207,0.002029,neutron,pi+,solid
837,8.8,0.259510,0.414589,0.375016,1.773924,0.469050,AUT,666366.999987,0.018492,0.024159,0.024263,0.070207,0.002167,neutron,pi+,solid
838,8.8,0.115029,0.661648,0.377444,1.235112,0.659597,AUT,1265031.033727,0.009626,0.010398,0.010408,0.070207,0.001764,neutron,pi+,solid
839,8.8,0.194151,0.511667,0.377369,1.621796,0.655344,AUT,587319.310675,0.032224,0.025589,0.025527,0.070207,0.001982,neutron,pi+,solid
840,8.8,0.119920,0.594975,0.423601,1.170180,0.130248,AUT,2370753.534656,0.008614,0.007451,0.007520,0.070207,0.001784,neutron,pi+,solid
841,8.8,0.148899,0.527597,0.424033,1.296092,0.104082,AUT,2185753.967437,0.007425,0.007161,0.007191,0.070207,0.001864,neutron,pi+,solid
842,8.8,0.170694,0.495695,0.424275,1.396456,0.092637,AUT,2061728.527112,0.007551,0.007458,0.007468,0.070207,0.001928,neutron,pi+,solid
843,8.8,0.193215,0.472996,0.424392,1.508645,0.088063,AUT,2088101.718103,0.007723,0.007669,0.007664,0.070207,0.001994,neutron,pi+,solid
844,8.8,0.228442,0.441175,0.424435,1.660677,0.088468,AUT,2131208.767100,0.008094,0.008027,0.008003,0.070207,0.002095,neutron,pi+,solid
845,8.8,0.277181,0.403858,0.424153,1.847513,0.108484,AUT,337398.377906,0.026132,0.023654,0.023762,0.070207,0.002234,neutron,pi+,solid
846,8.8,0.094060,0.710339,0.423711,1.099466,0.300747,AUT,1255937.415554,0.022796,0.015537,0.015657,0.070207,0.001717,neutron,pi+,solid
847,8.8,0.111933,0.649315,0.424229,1.199524,0.287218,AUT,1039994.702956,0.020625,0.015088,0.015126,0.070207,0.001762,neutron,pi+,solid
848,8.8,0.126373,0.626263,0.424413,1.306601,0.281400,AUT,836282.293904,0.020292,0.015635,0.015655,0.070207,0.001801,neutron,pi+,solid
849,8.8,0.141511,0.606316,0.424169,1.416361,0.279765,AUT,634468.764411,0.020905,0.017097,0.017098,0.070207,0.001843,neutron,pi+,solid
850,8.8,0.158102,0.573296,0.423704,1.495710,0.283962,AUT,465940.108769,0.022086,0.019428,0.019628,0.070207,0.001892,neutron,pi+,solid
851,8.8,0.177480,0.515757,0.422623,1.509500,0.300139,AUT,347209.901160,0.023556,0.023750,0.023995,0.070207,0.001949,neutron,pi+,solid
852,8.8,0.201390,0.441835,0.420054,1.465115,0.337431,AUT,173525.437455,0.030986,0.042311,0.042461,0.070207,0.002017,neutron,pi+,solid
853,8.8,0.252326,0.394599,0.419584,1.644276,0.337418,AUT,39524.925755,0.089416,0.093069,0.096755,0.070207,0.002160,neutron,pi+,solid
854,8.8,0.092547,0.721780,0.423598,1.098746,0.494973,AUT,1324979.912419,0.008306,0.008334,0.008377,0.070207,0.001714,neutron,pi+,solid
855,8.8,0.115834,0.624610,0.423489,1.192274,0.499914,AUT,1463349.501352,0.010141,0.009962,0.009991,0.070207,0.001773,neutron,pi+,solid
856,8.8,0.140223,0.551634,0.423526,1.274923,0.497939,AUT,1753654.348563,0.009543,0.011348,0.011305,0.070207,0.001839,neutron,pi+,solid
857,8.8,0.169498,0.491365,0.423764,1.372765,0.492436,AUT,1888245.551117,0.007977,0.011411,0.011421,0.070207,0.001924,neutron,pi+,solid
858,8.8,0.213058,0.444202,0.423754,1.557954,0.492027,AUT,2095832.667607,0.007964,0.013204,0.013195,0.070207,0.002050,neutron,pi+,solid
859,8.8,0.273174,0.405024,0.423293,1.825821,0.497461,AUT,258721.240758,0.033779,0.055829,0.056150,0.070207,0.002222,neutron,pi+,solid
860,8.8,0.107700,0.674519,0.425704,1.186331,0.670597,AUT,1411522.234892,0.008145,0.008393,0.008411,0.070207,0.001752,neutron,pi+,solid
861,8.8,0.172175,0.537133,0.426007,1.512170,0.665984,AUT,1208002.731255,0.011264,0.010526,0.010626,0.070207,0.001930,neutron,pi+,solid
862,8.8,0.251882,0.443178,0.425423,1.841615,0.652883,AUT,51866.208949,0.094215,0.073818,0.073669,0.070207,0.002164,neutron,pi+,solid
863,8.8,0.127250,0.571407,0.473761,1.191801,0.125371,AUT,2451699.040346,0.007548,0.006940,0.006963,0.070207,0.001810,neutron,pi+,solid
864,8.8,0.161584,0.503271,0.474280,1.341295,0.100485,AUT,2292972.774352,0.007119,0.007019,0.007039,0.070207,0.001910,neutron,pi+,solid
865,8.8,0.191120,0.470915,0.474278,1.485287,0.095692,AUT,2349067.150640,0.007281,0.007228,0.007249,0.070207,0.001999,neutron,pi+,solid
866,8.8,0.236181,0.434010,0.474281,1.686740,0.101406,AUT,2006091.562539,0.008603,0.008461,0.008445,0.070207,0.002131,neutron,pi+,solid
867,8.8,0.098490,0.690908,0.473915,1.118352,0.300638,AUT,1333915.557016,0.028811,0.018873,0.018781,0.070207,0.001733,neutron,pi+,solid
868,8.8,0.120566,0.628342,0.474369,1.250379,0.283071,AUT,1040788.981706,0.025036,0.017602,0.017706,0.070207,0.001792,neutron,pi+,solid
869,8.8,0.139536,0.612800,0.474667,1.411786,0.274544,AUT,744783.869203,0.025538,0.019061,0.019141,0.070207,0.001846,neutron,pi+,solid
870,8.8,0.160411,0.597752,0.474751,1.582769,0.266377,AUT,469931.453551,0.028134,0.022253,0.022427,0.070207,0.001908,neutron,pi+,solid
871,8.8,0.184217,0.570044,0.474797,1.732773,0.258036,AUT,239239.063583,0.033229,0.029195,0.029254,0.070207,0.001982,neutron,pi+,solid
872,8.8,0.248158,0.434506,0.478084,1.755505,0.228379,AUT,75718.259387,0.071567,0.056842,0.058247,0.070207,0.002165,neutron,pi+,solid
873,8.8,0.095031,0.712147,0.473858,1.112324,0.501732,AUT,1154504.202974,0.008916,0.009004,0.009009,0.070207,0.001725,neutron,pi+,solid
874,8.8,0.123182,0.600465,0.473103,1.217415,0.510957,AUT,1230212.273195,0.009874,0.010511,0.010507,0.070207,0.001799,neutron,pi+,solid
875,8.8,0.155167,0.505129,0.472993,1.290198,0.513819,AUT,1510625.669685,0.009553,0.014055,0.014008,0.070207,0.001890,neutron,pi+,solid
876,8.8,0.201069,0.441525,0.472671,1.462290,0.513359,AUT,1746924.829428,0.008526,0.015630,0.015582,0.070207,0.002026,neutron,pi+,solid
877,8.8,0.262499,0.411034,0.470461,1.780545,0.523597,AUT,212471.639011,0.033959,0.057810,0.057589,0.070207,0.002207,neutron,pi+,solid
878,8.8,0.109972,0.660256,0.474984,1.184555,0.681839,AUT,1574108.393274,0.008546,0.008143,0.008147,0.070207,0.001763,neutron,pi+,solid
879,8.8,0.176483,0.531430,0.475440,1.533615,0.668324,AUT,1459560.630378,0.008924,0.009556,0.009582,0.070207,0.001952,neutron,pi+,solid
880,8.8,0.128864,0.641531,0.477157,1.330512,0.869623,AUT,423714.783402,0.021205,0.021759,0.022118,0.070207,0.001814,neutron,pi+,solid
881,8.8,0.135636,0.547969,0.523914,1.216880,0.120064,AUT,2599187.781059,0.006876,0.006571,0.006595,0.070207,0.001841,neutron,pi+,solid
882,8.8,0.178087,0.479740,0.524174,1.408911,0.101998,AUT,2517213.990211,0.006912,0.006864,0.006867,0.070207,0.001970,neutron,pi+,solid
883,8.8,0.227433,0.442068,0.524102,1.653307,0.106444,AUT,2212001.480412,0.008053,0.007965,0.007970,0.070207,0.002119,neutron,pi+,solid
884,8.8,0.104091,0.669039,0.524134,1.142934,0.299854,AUT,1442967.330899,0.024714,0.016600,0.016675,0.070207,0.001754,neutron,pi+,solid
885,8.8,0.131164,0.609311,0.524448,1.319263,0.280790,AUT,974005.190385,0.023137,0.016947,0.017090,0.070207,0.001829,neutron,pi+,solid
886,8.8,0.156038,0.598713,0.524851,1.542311,0.270224,AUT,621357.340776,0.024372,0.019196,0.019250,0.070207,0.001905,neutron,pi+,solid
887,8.8,0.185078,0.578693,0.525453,1.766278,0.250835,AUT,292607.825802,0.028666,0.024893,0.025162,0.070207,0.001997,neutron,pi+,solid
888,8.8,0.251841,0.415316,0.527200,1.717777,0.222046,AUT,125670.314056,0.062196,0.047562,0.048461,0.070207,0.002192,neutron,pi+,solid
889,8.8,0.098353,0.700134,0.523467,1.130649,0.502018,AUT,1040671.073465,0.010442,0.010107,0.010092,0.070207,0.001738,neutron,pi+,solid
890,8.8,0.132806,0.572828,0.522936,1.249527,0.518533,AUT,959136.454495,0.010379,0.011605,0.011614,0.070207,0.001834,neutron,pi+,solid
891,8.8,0.176325,0.459001,0.521579,1.332085,0.530893,AUT,1093959.401409,0.010408,0.018483,0.018515,0.070207,0.001963,neutron,pi+,solid
892,8.8,0.230196,0.434299,0.518632,1.649977,0.541717,AUT,253183.938171,0.025973,0.049329,0.048832,0.070207,0.002127,neutron,pi+,solid
893,8.8,0.113994,0.642282,0.524591,1.190480,0.686686,AUT,1633269.418557,0.009288,0.008797,0.008801,0.070207,0.001780,neutron,pi+,solid
894,8.8,0.179751,0.524417,0.524596,1.547056,0.672685,AUT,1303115.838400,0.010069,0.013529,0.013530,0.070207,0.001974,neutron,pi+,solid
895,8.8,0.123458,0.656557,0.526399,1.309918,0.879991,AUT,659141.850576,0.012592,0.013186,0.013324,0.070207,0.001807,neutron,pi+,solid
896,8.8,0.145256,0.525567,0.574051,1.248266,0.117437,AUT,2819649.350322,0.006462,0.006302,0.006312,0.070207,0.001880,neutron,pi+,solid
897,8.8,0.204723,0.457382,0.574073,1.541052,0.108344,AUT,2841282.102941,0.006815,0.006783,0.006787,0.070207,0.002065,neutron,pi+,solid
898,8.8,0.271739,0.408057,0.573874,1.829715,0.121904,AUT,219983.381036,0.029840,0.028395,0.028385,0.070207,0.002274,neutron,pi+,solid
899,8.8,0.109710,0.649440,0.574065,1.167895,0.299471,AUT,1475195.924369,0.021382,0.014919,0.014988,0.070207,0.001776,neutron,pi+,solid
900,8.8,0.143531,0.594026,0.574414,1.407465,0.279002,AUT,921286.928531,0.019767,0.015506,0.015574,0.070207,0.001877,neutron,pi+,solid
901,8.8,0.178243,0.573232,0.575072,1.684128,0.261833,AUT,471879.893412,0.022208,0.019246,0.019398,0.070207,0.001988,neutron,pi+,solid
902,8.8,0.242430,0.427467,0.576095,1.699455,0.228302,AUT,202106.935050,0.038623,0.032821,0.032937,0.070207,0.002182,neutron,pi+,solid
903,8.8,0.102191,0.689394,0.573793,1.155732,0.497674,AUT,935710.673542,0.013654,0.011978,0.012011,0.070207,0.001755,neutron,pi+,solid
904,8.8,0.143855,0.549247,0.572399,1.294149,0.520365,AUT,640986.856413,0.013190,0.014638,0.014680,0.070207,0.001876,neutron,pi+,solid
905,8.8,0.191949,0.462711,0.568442,1.466290,0.549772,AUT,235065.741842,0.023155,0.046146,0.045963,0.070207,0.002023,neutron,pi+,solid
906,8.8,0.120023,0.622504,0.573868,1.209019,0.689758,AUT,1656218.543777,0.009380,0.009389,0.009397,0.070207,0.001805,neutron,pi+,solid
907,8.8,0.183857,0.526341,0.572312,1.594294,0.682020,AUT,693667.250933,0.014826,0.022673,0.022832,0.070207,0.002002,neutron,pi+,solid
908,8.8,0.121700,0.658886,0.575379,1.300414,0.889002,AUT,789407.424486,0.011499,0.011474,0.011322,0.070207,0.001811,neutron,pi+,solid
909,8.8,0.155187,0.508149,0.623911,1.287780,0.116700,AUT,2959383.170521,0.006310,0.006233,0.006238,0.070207,0.001922,neutron,pi+,solid
910,8.8,0.219600,0.455022,0.622909,1.644536,0.111892,AUT,1499130.628984,0.009670,0.009644,0.009651,0.070207,0.002131,neutron,pi+,solid
911,8.8,0.116129,0.629813,0.624022,1.197247,0.297997,AUT,1514716.509886,0.017951,0.013172,0.013239,0.070207,0.001804,neutron,pi+,solid
912,8.8,0.160194,0.577434,0.624495,1.526093,0.275793,AUT,819922.684060,0.017191,0.014623,0.014712,0.070207,0.001943,neutron,pi+,solid
913,8.8,0.217574,0.489479,0.623953,1.739606,0.238661,AUT,288256.748518,0.025091,0.023423,0.023475,0.070207,0.002127,neutron,pi+,solid
914,8.8,0.106168,0.681322,0.624030,1.185483,0.492061,AUT,875362.354260,0.019870,0.015109,0.015279,0.070207,0.001775,neutron,pi+,solid
915,8.8,0.152191,0.578126,0.622373,1.445513,0.503479,AUT,281452.955054,0.023902,0.023404,0.023318,0.070207,0.001916,neutron,pi+,solid
916,8.8,0.247103,0.475187,0.605146,1.938880,0.570040,AUT,49.427790,20.523330,31.878836,34.563762,0.070207,0.002218,neutron,pi+,solid
917,8.8,0.127468,0.618658,0.622658,1.272802,0.697416,AUT,1456731.473936,0.009233,0.009743,0.009728,0.070207,0.001837,neutron,pi+,solid
918,8.8,0.210212,0.534923,0.616151,1.855633,0.683135,AUT,29428.381314,0.070436,0.135939,0.136029,0.070207,0.002107,neutron,pi+,solid
919,8.8,0.117206,0.668768,0.623462,1.276363,0.902261,AUT,691552.410449,0.013658,0.012977,0.012883,0.070207,0.001807,neutron,pi+,solid
920,8.8,0.121899,0.596846,0.673903,1.190200,0.238897,AUT,1938371.069026,0.009998,0.008595,0.008631,0.070207,0.001832,neutron,pi+,solid
921,8.8,0.162310,0.521023,0.673533,1.394995,0.170100,AUT,1843398.500779,0.008416,0.008158,0.008201,0.070207,0.001964,neutron,pi+,solid
922,8.8,0.207783,0.493714,0.672267,1.688804,0.141209,AUT,1280955.709920,0.010383,0.010332,0.010340,0.070207,0.002117,neutron,pi+,solid
923,8.8,0.110915,0.672849,0.674225,1.222724,0.487415,AUT,840418.543128,0.028333,0.019666,0.019682,0.070207,0.001800,neutron,pi+,solid
924,8.8,0.161278,0.629681,0.675073,1.675720,0.459124,AUT,89402.706484,0.072694,0.055007,0.057311,0.070207,0.001967,neutron,pi+,solid
925,8.8,0.112551,0.673285,0.671863,1.232148,0.774491,AUT,1205276.390198,0.009501,0.009387,0.009369,0.070207,0.001804,neutron,pi+,solid
926,8.8,0.202563,0.566982,0.658834,1.896312,0.680437,AUT,2242.712949,0.286359,0.767490,0.755767,0.070207,0.002102,neutron,pi+,solid
927,8.8,0.238678,0.548701,0.324504,2.154408,0.079367,AUT,1095490.765845,0.011079,0.011024,0.011044,0.070207,0.002094,neutron,pi+,solid
928,8.8,0.291571,0.509187,0.324294,2.449734,0.087227,AUT,1337758.133790,0.010627,0.010673,0.010639,0.070207,0.002237,neutron,pi+,solid
929,8.8,0.338853,0.462212,0.324554,2.583273,0.096618,AUT,610344.483283,0.018287,0.017564,0.017486,0.070207,0.002362,neutron,pi+,solid
930,8.8,0.250487,0.548043,0.319963,2.261187,0.345425,AUT,388545.127946,0.021537,0.026015,0.025705,0.070207,0.002124,neutron,pi+,solid
931,8.8,0.306634,0.520564,0.321591,2.628787,0.323991,AUT,626959.319391,0.018413,0.019325,0.019184,0.070207,0.002276,neutron,pi+,solid
932,8.8,0.374338,0.445483,0.316491,2.754011,0.372215,AUT,10437.439963,0.190652,0.297486,0.299211,0.070207,0.002455,neutron,pi+,solid
933,8.8,0.264950,0.527656,0.325129,2.294895,0.471272,AUT,1186089.247955,0.011282,0.013964,0.013970,0.070207,0.002163,neutron,pi+,solid
934,8.8,0.336158,0.462930,0.325309,2.566355,0.468620,AUT,375005.477122,0.027992,0.032760,0.033067,0.070207,0.002355,neutron,pi+,solid
935,8.8,0.247746,0.538839,0.374495,2.194561,0.089219,AUT,1294921.349246,0.010391,0.010365,0.010368,0.070207,0.002138,neutron,pi+,solid
936,8.8,0.314240,0.486131,0.374278,2.514096,0.103236,AUT,1335578.958946,0.011342,0.011253,0.011198,0.070207,0.002321,neutron,pi+,solid
937,8.8,0.265743,0.575302,0.372651,2.522131,0.303875,AUT,231348.737169,0.035448,0.031054,0.031185,0.070207,0.002189,neutron,pi+,solid
938,8.8,0.312818,0.549538,0.373790,2.831038,0.295400,AUT,247071.871239,0.035569,0.031437,0.031274,0.070207,0.002320,neutron,pi+,solid
939,8.8,0.263233,0.528412,0.374217,2.284485,0.523492,AUT,1214599.281260,0.011194,0.013661,0.013724,0.070207,0.002179,neutron,pi+,solid
940,8.8,0.331439,0.467471,0.374009,2.554502,0.508899,AUT,416950.732635,0.024859,0.032779,0.032980,0.070207,0.002368,neutron,pi+,solid
941,8.8,0.259200,0.529055,0.424106,2.252881,0.099278,AUT,1496120.635451,0.009860,0.009845,0.009883,0.070207,0.002187,neutron,pi+,solid
942,8.8,0.325916,0.473018,0.423957,2.540229,0.114558,AUT,705784.121850,0.016545,0.016122,0.016114,0.070207,0.002376,neutron,pi+,solid
943,8.8,0.275301,0.583594,0.424528,2.648409,0.281366,AUT,263993.705334,0.033359,0.028645,0.028706,0.070207,0.002235,neutron,pi+,solid
944,8.8,0.328323,0.514738,0.425545,2.779766,0.268146,AUT,135642.364898,0.036090,0.036496,0.036060,0.070207,0.002386,neutron,pi+,solid
945,8.8,0.274493,0.520257,0.423465,2.341701,0.556668,AUT,1114816.682123,0.011705,0.015770,0.015769,0.070207,0.002228,neutron,pi+,solid
946,8.8,0.353743,0.454200,0.420999,2.652395,0.538138,AUT,72718.282827,0.066996,0.102626,0.103774,0.070207,0.002455,neutron,pi+,solid
947,8.8,0.275151,0.514418,0.473997,2.318305,0.108848,AUT,1685842.698267,0.009580,0.009539,0.009568,0.070207,0.002248,neutron,pi+,solid
948,8.8,0.363571,0.448898,0.474022,2.694811,0.128487,AUT,81229.365494,0.064273,0.056959,0.057073,0.070207,0.002511,neutron,pi+,solid
949,8.8,0.283656,0.559226,0.475058,2.605255,0.271280,AUT,348825.603822,0.023008,0.022290,0.022091,0.070207,0.002276,neutron,pi+,solid
950,8.8,0.350935,0.462802,0.475696,2.678668,0.247236,AUT,58682.583031,0.074650,0.066968,0.066210,0.070207,0.002474,neutron,pi+,solid
951,8.8,0.272971,0.530560,0.473089,2.378512,0.601924,AUT,793578.362647,0.013876,0.018562,0.018596,0.070207,0.002242,neutron,pi+,solid
952,8.8,0.252187,0.538609,0.524268,2.233138,0.135032,AUT,998204.895528,0.012144,0.012138,0.012155,0.070207,0.002202,neutron,pi+,solid
953,8.8,0.317587,0.488748,0.524107,2.554725,0.165683,AUT,824270.104630,0.014856,0.014788,0.014711,0.070207,0.002398,neutron,pi+,solid
954,8.8,0.266655,0.549199,0.522362,2.412830,0.625611,AUT,472886.044494,0.019764,0.024705,0.024267,0.070207,0.002244,neutron,pi+,solid
955,8.8,0.264327,0.530175,0.574248,2.302256,0.150945,AUT,1136957.349619,0.011665,0.011671,0.011661,0.070207,0.002259,neutron,pi+,solid
956,8.8,0.332251,0.470233,0.573561,2.575920,0.176339,AUT,360822.607757,0.024591,0.023799,0.023700,0.070207,0.002470,neutron,pi+,solid
957,8.8,0.266237,0.565431,0.572350,2.483948,0.620900,AUT,270142.592572,0.030738,0.033049,0.032786,0.070207,0.002265,neutron,pi+,solid
958,8.8,0.268517,0.532535,0.623821,2.351064,0.181339,AUT,1065724.299925,0.012273,0.012290,0.012259,0.070207,0.002297,neutron,pi+,solid
959,8.8,0.334724,0.486859,0.620067,2.688797,0.188164,AUT,119908.576229,0.040712,0.040539,0.040451,0.070207,0.002511,neutron,pi+,solid
960,8.8,0.264819,0.544317,0.672486,2.374228,0.188548,AUT,761757.482147,0.014563,0.014557,0.014630,0.070207,0.002314,neutron,pi+,solid
961,8.8,0.359293,0.563305,0.323851,3.336841,0.113752,AUT,1339798.651665,0.012298,0.012020,0.011934,0.070207,0.002423,neutron,pi+,solid
962,8.8,0.425890,0.526536,0.323687,3.700361,0.123348,AUT,473745.272065,0.020871,0.021305,0.021064,0.070207,0.002627,neutron,pi+,solid
963,8.8,0.370935,0.556165,0.324177,3.397556,0.290529,AUT,1315107.846692,0.017492,0.016889,0.016902,0.070207,0.002456,neutron,pi+,solid
964,8.8,0.445045,0.513667,0.324330,3.774650,0.288550,AUT,157478.296975,0.039282,0.052906,0.052816,0.070207,0.002694,neutron,pi+,solid
965,8.8,0.376004,0.554216,0.324230,3.429055,0.525969,AUT,1052795.782406,0.015637,0.016665,0.016962,0.070207,0.002471,neutron,pi+,solid
966,8.8,0.374784,0.554860,0.373684,3.422603,0.119471,AUT,1335719.208321,0.012112,0.012123,0.012023,0.070207,0.002499,neutron,pi+,solid
967,8.8,0.463536,0.510195,0.372999,3.905345,0.134040,AUT,14958.359105,0.132880,0.134366,0.133938,0.070207,0.002807,neutron,pi+,solid
968,8.8,0.361426,0.561415,0.374114,3.344789,0.358086,AUT,1342866.565354,0.015296,0.015323,0.015266,0.070207,0.002459,neutron,pi+,solid
969,8.8,0.428883,0.522492,0.374115,3.698252,0.353124,AUT,476204.342292,0.021828,0.027392,0.027206,0.070207,0.002676,neutron,pi+,solid
970,8.8,0.355999,0.564424,0.423971,3.313345,0.201125,AUT,1331551.633274,0.013274,0.012668,0.012583,0.070207,0.002470,neutron,pi+,solid
971,8.8,0.421407,0.529296,0.423821,3.679779,0.215319,AUT,644589.891665,0.018435,0.019179,0.018953,0.070207,0.002684,neutron,pi+,solid
972,8.8,0.372762,0.556683,0.424072,3.415140,0.542363,AUT,696395.657750,0.017152,0.021529,0.021591,0.070207,0.002522,neutron,pi+,solid
973,8.8,0.367393,0.558872,0.474020,3.382786,0.209646,AUT,1334272.098121,0.013013,0.012674,0.012587,0.070207,0.002533,neutron,pi+,solid
974,8.8,0.439954,0.516548,0.473848,3.751986,0.229411,AUT,196113.738733,0.034681,0.036447,0.035958,0.070207,0.002790,neutron,pi+,solid
975,8.8,0.370999,0.557921,0.473761,3.407451,0.533987,AUT,549141.442301,0.022137,0.026141,0.026078,0.070207,0.002544,neutron,pi+,solid
976,8.8,0.367651,0.558967,0.523797,3.385881,0.275062,AUT,1330196.291408,0.013479,0.013096,0.012961,0.070207,0.002564,neutron,pi+,solid
977,8.8,0.440097,0.517809,0.523235,3.762389,0.264250,AUT,162366.169825,0.038591,0.040747,0.040269,0.070207,0.002831,neutron,pi+,solid
978,8.8,0.370788,0.558423,0.573263,3.409189,0.281766,AUT,1113384.570582,0.014696,0.014346,0.014249,0.070207,0.002609,neutron,pi+,solid
979,8.8,0.362976,0.565163,0.622434,3.381799,0.260036,AUT,669354.617904,0.019019,0.018461,0.018441,0.070207,0.002620,neutron,pi+,solid
980,8.8,0.455442,0.568626,0.323900,4.272735,0.250415,AUT,798853.974699,0.017475,0.018293,0.018142,0.070207,0.002736,neutron,pi+,solid
981,8.8,0.504821,0.567332,0.323863,4.729763,0.254566,AUT,162547.635941,0.040543,0.044047,0.043617,0.070207,0.002943,neutron,pi+,solid
982,8.8,0.462839,0.569095,0.373967,4.346256,0.273108,AUT,768964.656127,0.018139,0.018988,0.018863,0.070207,0.002811,neutron,pi+,solid
983,8.8,0.462415,0.569321,0.423808,4.343943,0.277762,AUT,599492.509606,0.020973,0.021591,0.021556,0.070207,0.002850,neutron,pi+,solid
984,8.8,0.462033,0.569644,0.473667,4.342794,0.278013,AUT,455119.447151,0.024383,0.024980,0.024696,0.070207,0.002891,neutron,pi+,solid
985,8.8,0.460450,0.570402,0.523399,4.333778,0.266811,AUT,323885.353856,0.029095,0.029542,0.029046,0.070207,0.002929,neutron,pi+,solid
