Nu	au	bu	cu	Nd	ad	bd	cd	Nub	Ndb	kt2	Nu_err	au_err	bu_err	cu_err	Nd_err	ad_err	bd_err	cd_err	Nub_err	Ndb_err	kt2_err	chi2	ndof	edm
-0.04948852228600764	0.672192545284632	2.7173613009082804	-1.205542792243718	0.04049781689329213	0.32082212624395584	3.995277029076692	2.767114169364913	0.0	0.0	0.15852386207248764	0.006846071493703643	0.0639096300782579	0.9081068206564096	0.509147824789675	0.002246696038555873	0.06664151402781354	0.34498137146444074	0.8769647097698716	nan	nan	0.006891435228303516	1583.1675468110247	1885	2.7226324743261633e-05
-0.022729649567402976	0.4852963098453347	5.289492485195437	5.893636556848523	0.055622736685391416	0.45320875434962477	2.854746609354523	-0.6768233063964706	0.0	0.0	0.16674856499071666	0.0031756234573334097	0.09099347866871707	0.4662949405839041	2.4024467525130837	0.004040334691577718	0.061140725240536625	0.6233692642440831	0.47741766106546674	nan	nan	0.0070788814897429775	1660.6972031802318	1885	2.04123637312282e-05
-0.023987957483895705	0.5041233556524408	5.430806028397254	5.2625066552995765	0.05688637031128896	0.41240977778902516	2.5323114231643338	-0.6981775370463668	0.0	0.0	0.15837455113608345	0.0033115190445719422	0.08925159988626907	0.47779365888790304	2.2688054494922993	0.004078339848872514	0.057856387882897015	0.601960750669065	0.4585680403232884	nan	nan	0.006837942799681321	1635.5641641799602	1885	0.00015485408755460964
-0.036849655973144824	0.6444749171190185	4.1912487540245085	0.09860934208119208	0.03742968908875399	0.2854044520920732	4.683946109887879	4.283353303058065	0.0	0.0	0.1512567290175948	0.005293255789361018	0.0654496785609106	0.8401096996617521	1.0860884742557002	0.0019425585203257656	0.06588680235869543	0.3358655285382315	1.056359717674	nan	nan	0.006931889576800063	1705.289982054306	1885	5.376892909560886e-05
-0.02646927904735641	0.5135539923789467	4.888705503172144	3.5856073551567675	0.03789558997657827	0.2219671081349361	3.848311748927377	3.8179772003884813	0.0	0.0	0.16421037856397125	0.0033333926245199264	0.07987033903871393	0.48277053149585125	1.7189710050833522	0.0017775874975339834	0.061345274831530905	0.3072188016223014	0.9528641244681417	nan	nan	0.007133571924357873	1553.267243225507	1885	3.3138518604085456e-06
-0.03485098144843346	0.6458378308222652	4.711502218711502	0.7654985328369035	0.04487271467087006	0.39119316172390867	4.449925851594169	1.6760225833031985	0.0	0.0	0.15887509267247346	0.004705035235688604	0.06973237957152395	0.7183902146951753	1.2083815265591349	0.002519657845898471	0.06667622043054094	0.40023096698419636	0.7734386604206948	nan	nan	0.006766665144059061	1623.8601690918747	1885	2.2643624586804297e-05
-0.04233854318597763	0.6122260339497405	3.1970484797139695	-0.57611326631625	0.05409298449117994	0.30111596155842113	2.20921715132701	-0.49492522958633844	0.0	0.0	0.15738718610372734	0.01622380661947892	0.06382085421057754	2.170217531691517	2.1593135790608513	0.03675824805234451	0.06165384555113282	6.021429263159214	5.321610998967328	nan	nan	0.006824755843118743	1529.6538867570864	1885	0.00012778669411275367
-0.024861298962519762	0.5379705505094395	5.231635157918037	4.7867515320696326	0.05335567952221876	0.4564721558713153	3.021564540547538	-0.24306761796587997	0.0	0.0	0.16797191817165003	0.0032606638540256805	0.08469657959171123	0.45380995545286495	1.973206292780914	0.0037745100245125673	0.05982153617331226	0.5248954471926823	0.5174074406987609	nan	nan	0.006952971024217533	1622.7185677963967	1885	0.00017791080949391074
-0.013493391813604871	0.27885626501039573	5.870811156565374	21.178463278408934	0.04655624795061519	0.4835488977774573	4.597931989154809	1.1029406830436235	0.0	0.0	0.1574842016356221	0.002155753209407918	0.08864333637949709	0.4054047034500927	6.968098541952154	0.003756897295312256	0.06585349228114293	0.531874393378017	0.9252827123905281	nan	nan	0.006933780573911988	1689.04916271032	1885	0.014244035843642304
-0.028219107260225473	0.6313371702109551	5.702588657369852	3.1405443734938387	0.05519659463977322	0.47556358243949204	3.05215011234373	-0.5659506204109723	0.0	0.0	0.16275342991199848	0.01283445242407677	0.1932021710993592	1.1347447747342665	5.866490613593899	0.07173892499357865	0.06666168242797241	5.784499878893439	8.904056211992094	nan	nan	0.006979998105602431	1732.7884669832536	1885	1.2429591896049462e-05
-0.04223720944286746	0.6485587063658917	3.510110834304934	-0.5871698107149464	0.05529956207040354	0.3956192786896456	2.6765122920610644	-0.5864215851686234	0.0	0.0	0.15789838679981963	0.005293981552569882	0.06447806761897656	0.8613650160131321	0.7214309801387123	0.004321832984884089	0.05991567657977587	0.6623005887487343	0.5572234309726058	nan	nan	0.006835404150127122	1531.2751737793167	1885	2.2301730072491376e-05
-0.042124336945589036	0.6704096222013574	3.6780615237673997	-0.6020847864864785	0.04348189676967351	0.36197748794068724	4.1868592107265465	1.8977224502346446	0.0	0.0	0.1545223037760542	0.005784049992987039	0.0632149319189037	0.9256614245442221	0.8014995152047765	0.0025252576421819217	0.06796669168231051	0.3920822962381172	0.8236358048475213	nan	nan	0.006905771852143069	1681.4027986494575	1885	2.197784251971069e-05
-0.026387304599730044	0.5738026730819354	5.943604932479119	4.185905773295862	0.04467106832691159	0.310867021290681	3.8151395262773806	1.699856942081279	0.0	0.0	0.15158247895621044	0.003387528125851913	0.08475897032559318	0.5299543445461059	1.932067620043749	0.00222715403484397	0.06190622067750229	0.36058406427842793	0.7256843213421864	nan	nan	0.006766921424024366	1653.8449632287766	1885	3.694874071648536e-05
-0.03086971533556282	0.6534994848842126	5.493518630775924	2.4133916966583397	0.04032145080901972	0.3438120581843901	4.637298685815861	3.2911672362018813	0.0	0.0	0.15443412055725592	0.0039671425184141795	0.07740223756456455	0.5596712361986342	1.4884317192101049	0.002071990482273245	0.0649354084427119	0.33929443109160884	0.8829017910425712	nan	nan	0.0066531860398545695	1587.2795718402604	1885	3.89468432702912e-05
-0.035854844540060715	0.7209305828827777	5.177625116520269	0.9878074973039834	0.05657236142540767	0.44026028869451866	2.7688600725761594	-0.6039430660035446	0.0	0.0	0.1599737343791701	0.017894543085327452	0.14191225385647516	1.9685042254711136	4.555482394649241	0.016963685813682017	0.06430066000125664	2.045061983321308	2.0017474818889345	nan	nan	0.0068793681288769615	1729.0864383248268	1885	0.00014596604848645235
-0.04218921259258013	0.6874641250368629	3.673172076691691	-0.5735561867051514	0.052050446966998676	0.5269662188380675	3.7571819707135328	-0.015007916947411782	0.0	0.0	0.16191517567744174	0.005955326557009644	0.06404564092740739	0.9224473024831372	0.8081437278808689	0.004037927453005241	0.06500266951047534	0.5553004480362755	0.6232779826795911	nan	nan	0.006916443517305387	1656.0629184258735	1885	7.399237376315966e-05
-0.04220122434551854	0.645094092592581	3.4154237369696205	-0.5856211749139777	0.03356896869885295	0.2216561141074151	5.013320442368098	7.3630590029942145	0.0	0.0	0.16531067198709853	0.0054327865144930265	0.05940747258450202	0.8387323129599167	0.7284370300473912	0.0017185338217343693	0.05938796295789481	0.30694840856590533	1.3232388112359958	nan	nan	0.0068786632728520675	1634.1318248019527	1885	4.7651567631946e-05
-0.043346332509677676	0.686189151240258	3.652616034250249	-0.5629866108995493	0.0556238591874163	0.43145892762060406	2.9416275457581866	-0.5789191679770364	0.0	0.0	0.1570230536248977	0.02081098698152073	0.06573456106925413	2.680654884886906	2.7631348351409457	0.013034538135112461	0.06368241719501849	1.73188503215407	1.6933230436561395	nan	nan	0.0068637450712354525	1717.0197790020738	1885	0.00010487304151955458
-0.04235727517751009	0.6656460202835995	3.671431120662363	-0.5875621027844857	0.055611752259419056	0.3805723288843339	2.635845846267453	-0.5847903832606535	0.0	0.0	0.16514435513131023	0.020855879232184182	0.06713850409741917	2.8491572323707928	2.914872138652793	0.015559096004645001	0.06170411415373897	2.061514347410819	2.051359089820959	nan	nan	0.006877218079881509	1715.7899261980915	1885	0.00015346749661655136
-0.0422589096173116	0.640281768623161	3.559583086040179	-0.5757601343755582	0.0449219269278176	0.3043376979973757	3.7194524113368277	1.726268262224299	0.0	0.0	0.16106965789851482	0.01195689703701358	0.0844581520984512	1.7544887328301275	1.6871755819336853	0.036294785090850934	0.5077619603788834	2.829767522946092	12.024821041724426	nan	nan	0.0073905224552994475	1658.064673415485	1885	5.722240452422653e-05
-0.028552877230238694	0.6242870289987035	5.782388960095885	3.237513513830063	0.05538558392802351	0.4000527692919515	2.69669287215198	-0.6309786351182096	0.0	0.0	0.16334838344041414	0.01568771451286005	0.2318723945104361	1.3283006390167484	7.259359054080981	0.04739628853624578	0.07030246135013646	6.17802106763726	6.084325589181554	nan	nan	0.007018815877795473	1660.0121069216761	1885	1.1612518216716827e-05
-0.018338483562228003	0.3839296893608756	5.779172052469402	11.442807287819043	0.055582208909714215	0.3645632574273036	2.493606779202807	-0.5692563095420986	0.0	0.0	0.1540264183472348	0.002388193844494846	0.09102350651546476	0.4390369652917072	3.4592034407801595	0.003465331565792207	0.05586627410427203	0.5500080096913407	0.4488685292534977	nan	nan	0.006755177143481644	1603.0222448711486	1885	1.99051146113379e-06
-0.015956200299637402	0.3601940839455027	6.2654287541590925	15.805741801714893	0.0598310320175246	0.36617185307076744	1.9168019040244877	-1.071829334359215	0.0	0.0	0.156169369661892	0.018035837143562605	0.5819675557843045	0.7924078787240543	38.16186665046917	0.037697680652243215	0.17857627664030196	5.772400845864115	3.240847730917591	nan	nan	0.006944537108834012	1689.075332695079	1885	4.438788520588253e-05
-0.0428650853685858	0.6243724631535901	3.1376919256695506	-0.6215271078600654	0.046921918622327086	0.3243285882915565	3.4389712189116843	1.1171373260897246	0.0	0.0	0.15759484983092514	0.006426692907486542	0.06026133323717575	0.9212555756095733	0.805482367351671	0.002726777089154808	0.06273119605150013	0.39895873309795515	0.725353803281183	nan	nan	0.006727958890973551	1610.78375459893	1885	3.148982650415914e-05
-0.024899514185498295	0.5106256501353341	5.513140675515865	5.061154615430204	0.04223917268586663	0.2704699805907538	3.906307277986838	2.545579443455351	0.0	0.0	0.1763705060095112	0.003052569693940188	0.0827632905201422	0.46913082161592534	1.9941299290151921	0.0019979274369473776	0.06202139177508406	0.33893797502583545	0.8139525285661752	nan	nan	0.00698341842249009	1633.1252114861204	1885	1.6161330724404314e-05
-0.02608725257678246	0.5702659165535189	5.451489954775562	4.04047656782696	0.062149353947525965	0.4345032239540755	2.010634397192273	-1.2571472309635239	0.0	0.0	0.15942295176803895	0.0169952332529979	0.29751867438519486	1.2103639959583083	9.328897944835488	0.0217355284798455	0.13011007586367612	2.5476696308093274	1.4995910876184635	nan	nan	0.006979577334265227	1738.5554706745565	1885	2.9763424046661015e-05
-0.04875711141802186	0.6398182689732597	2.63864098191694	-1.3418601183790198	0.04496661443804828	0.32935360746351294	3.8836374188982328	1.6180862275601013	0.0	0.0	0.16725570061815764	0.042069773075535166	0.2946031883004587	6.15952654775186	3.155067705163183	0.06524268816214046	0.7682965319806996	6.890043778557629	20.71552080897313	nan	nan	0.008404855007841494	1670.1243582819473	1885	1.0129846722018545e-06
-0.043475196441444486	0.6873497772702903	3.6400666647949764	-0.6143158034223315	0.03851920421181876	0.298374547015554	4.543704136603664	3.975120917251943	0.0	0.0	0.16186531845634333	0.009613633929710208	0.08004284416023999	1.3912298706660704	1.24918909867424	0.021805803575493	0.4613796031642713	0.976382306291814	11.587041666495379	nan	nan	0.007135771464666804	1620.1212645159965	1885	5.033425788697944e-05
-0.042019280146875726	0.6416852836459392	3.3702980199311017	-0.5783629141962259	0.05142416598979982	0.4033217932296483	3.150703809963989	0.0513925585061875	0.0	0.0	0.16600616944931465	0.005888680362805987	0.06264185983808412	0.9004085373449477	0.7890386106889772	0.003658990387403027	0.06080257460867147	0.5190882679710127	0.6226554390043305	nan	nan	0.006924664692929919	1633.4620407388943	1885	8.051214755854204e-05
-0.027404576556049887	0.5845058527941072	5.700341169566311	3.8093460243645407	0.045474067463500134	0.35282265136856594	4.236629456878365	1.6052285130859445	0.0	0.0	0.1641905618289622	0.0035235267291015004	0.08282217787790236	0.5273882414812823	1.820844666802179	0.0023252406456856223	0.06366387264322165	0.3847104197967248	0.7288407858271975	nan	nan	0.006763423676609467	1666.80444931486	1885	4.324577169358228e-05
-0.023632159679835008	0.46871019891818616	5.068045229683959	5.427736076726497	0.03719089039274204	0.25722365904580563	4.573499248864402	4.6976268621737916	0.0	0.0	0.1580127023231599	0.00289782051469073	0.08212809726158535	0.4306872968945896	2.037273222912711	0.0017529579730509726	0.06069356484762492	0.3112478279853774	1.0056413129267454	nan	nan	0.006952746115725397	1611.6249055597768	1885	0.00015431314627016866
-0.03149352466901156	0.6104521097782021	4.997770902641389	2.1403037255793773	0.055156795262219616	0.36869465168226784	2.6227582287883333	-0.5648116864351315	0.0	0.0	0.16354182559208946	0.011896318185108001	0.14589493386444335	1.1611121949760577	4.211364846801669	0.01670656516230362	0.062402270704087465	2.2361810022925313	2.283552778207185	nan	nan	0.006850175365069974	1652.658599558457	1885	8.47198062554613e-05
-0.02940021935195869	0.6097129706623379	5.550181000977617	2.542562040959493	0.04342002742390383	0.3637272401608679	4.458432133846011	2.075406547332748	0.0	0.0	0.16562934697167808	0.0037602921360544994	0.07921295802998157	0.5792386135685943	1.5721520971918317	0.002300798996157871	0.06601874171927874	0.3788336201069078	0.7929028659527091	nan	nan	0.006917466455181279	1602.0585623092747	1885	2.496349491771221e-05
-0.022249139849248367	0.48857792750728907	5.782746931109478	7.190199023982084	0.04335000789405119	0.34004027954240335	4.210806737326727	2.11920443206197	0.0	0.0	0.1544521168325385	0.007371365497808535	0.1937878987313044	0.45090838190384686	6.607974344131823	0.009719843504052972	0.1608947333155975	0.7714513920292312	3.471719103556687	nan	nan	0.006780402914276118	1595.1362883928894	1885	2.2411234953280396e-05
-0.05413720359101337	0.6382030838403758	2.1989037456409646	-1.539000574358092	0.040027337521138184	0.2626636202475988	4.095955178916302	3.4701157756478644	0.0	0.0	0.15908645434021756	0.006258362354304048	0.06231202669239305	0.7654061588566273	0.306809340181236	0.0019640904855704466	0.06233801720475657	0.3157668779271934	0.9314054938087157	nan	nan	0.006783458031492703	1590.971708376939	1885	3.8736830126609417e-05
-0.04191860796980418	0.5730096323969326	2.8666725254191117	-0.6131955022755888	0.04453407745462212	0.23914474389396156	3.231946320732786	1.6410727146627997	0.0	0.0	0.15967300872138676	0.008848184473156107	0.06572782706364283	1.2532901127013565	1.1299368899631475	0.009858119176632374	0.17000850720062913	0.9626415112300508	3.583948443390308	nan	nan	0.0070544206470231074	1682.787810559984	1885	4.5253471145916005e-05
-0.020015173951371312	0.44190377093684324	6.205444028598243	9.623645291258413	0.034832372352019636	0.18574795459103083	4.809664680940503	7.017709097705941	0.0	0.0	0.1480253088283038	0.002368777432999458	0.08437099214506907	0.43928329123760346	2.8176251863545487	0.00160026431441751	0.0522006093479605	0.27706195172878	1.1708091452690315	nan	nan	0.006659311921384456	1724.65900859629	1885	9.806329105231822e-05
-0.04198140501793468	0.6142547147710979	3.1929763807640588	-0.5824413140323613	0.04120155637829459	0.30486123758030337	4.302371130314459	2.833973610248961	0.0	0.0	0.16162919657254507	0.0053817518050013335	0.0597974333746874	0.8257204302522454	0.713326343374216	0.002197576221635855	0.06683202346675857	0.35679511513174456	0.926135911517304	nan	nan	0.00689316155270249	1644.2375713460533	1885	3.722178113981652e-08
-0.04256827738414226	0.6657140358269936	3.610675785850575	-0.6487647871248052	0.04681823851729772	0.354208960127839	3.7175615061367706	0.8720163726837481	0.0	0.0	0.17516704829057855	0.012020215044376725	0.077284053411663	1.7824793411893465	1.6238146835614868	0.02816232116526529	0.299426266429817	2.782361993487739	7.36439844132108	nan	nan	0.007464963392627172	1680.4861721171442	1885	2.634770667674354e-05
-0.021335864294892426	0.5131017951633368	6.278582836610051	7.962617206886438	0.05601816493289791	0.4247531608997856	2.552799034624983	-0.6120356063465378	0.0	0.0	0.17229187758570869	0.013513543659518734	0.32401287630894404	0.5964231653079066	13.053550357027053	0.026505307927184196	0.06387795487128536	2.921207972880542	3.024821033129425	nan	nan	0.007070743820625086	1713.2848904094405	1885	6.632523385788934e-05
-0.03426383303750247	0.6140815096685239	4.3951693433503065	1.0028417890676362	0.04718126438805048	0.3973297257624056	4.066348861525469	0.9256889517337664	0.0	0.0	0.16282708656993772	0.004538094983284557	0.06936531569911208	0.641850952407675	1.1983953750867267	0.0027734595387903793	0.0657194704197265	0.4443218559115856	0.7026116157173433	nan	nan	0.006992167979695374	1627.8348611327376	1885	4.987546593136417e-05
-0.041565170301673726	0.6331212896661633	3.334538945479414	-0.5917025515654055	0.047760228587232056	0.4171758461062959	3.940388501568024	0.7924520706454455	0.0	0.0	0.16397327537744705	0.005894329209069793	0.06245975584516417	0.9149889518260557	0.7985957294525727	0.003068681204405732	0.06605309451863323	0.45446190990928015	0.7105243010574628	nan	nan	0.00695351184309502	1731.5347278260447	1885	1.7258473690469912e-05
-0.04190975606473124	0.5662776674283694	2.700269004867417	-0.5835707578419496	0.05384097308835112	0.3125456749391982	2.1184985908225236	-0.5788412562252473	0.0	0.0	0.1613573603779739	0.009472463773231354	0.06276832193176757	1.257311835105837	1.1657335445627142	0.02059601354244145	0.060747678476250316	2.6241757737406175	2.752305855905509	nan	nan	0.00697275916229001	1630.4648838410378	1885	6.146840560928939e-05
-0.04227179097176881	0.6172737808658015	3.0688628607646895	-0.626450071807518	0.05306104718149385	0.3699809645748857	2.770735185374062	-0.3182470502690714	0.0	0.0	0.15872096730544635	0.006724041795182323	0.06191293068091652	0.966835854389815	0.8451935791987838	0.00389153899431649	0.059091569863221255	0.5953027267376605	0.5934859435992361	nan	nan	0.006819748166255163	1617.4433130113657	1885	2.769136218828142e-05
-0.04120487864630695	0.6362461200163889	3.4172653158694906	-0.5900039828328889	0.051124449287937246	0.3778171477987085	2.9426646750418053	-0.012125322240397945	0.0	0.0	0.15538974933830102	0.005692797669371308	0.06408525733839077	0.9156142191859404	0.7917348311138311	0.003633001423276605	0.06056028746349207	0.531025034499794	0.6161239862553047	nan	nan	0.006909322121046765	1651.2969181626681	1885	0.00015262751926313985
-0.023222866632378603	0.4495460748306844	4.993145773949261	6.05778935721223	0.04076339539259166	0.23420823914249128	3.621929502373631	2.9533359073115335	0.0	0.0	0.16635723939866362	0.002790481245227072	0.08167670782617789	0.4242850584108191	2.1073564150582236	0.001855153636262985	0.06023327050498231	0.31128330284643835	0.8338481765569247	nan	nan	0.007006187321319662	1628.40363839518	1885	4.693517421554436e-05
-0.042158868382325854	0.6478619645503627	3.637853445563054	-0.6054271610690521	0.04598183954973867	0.31549414895819017	3.8234746956457903	1.3641522055939743	0.0	0.0	0.15542816686863964	0.011141514903145355	0.06924545261199883	1.6868866538498668	1.581607114274771	0.013652494340027577	0.19218258076160585	1.334190893454632	4.272523974904486	nan	nan	0.00700168982127905	1754.4971954171097	1885	1.3414969014697507e-05
-0.02750129171470239	0.5463375493078524	4.900903209198991	3.3277138701885405	0.04550715186398491	0.37139630500799253	3.913845625275502	1.2496577833938052	0.0	0.0	0.1531165584166511	0.0035755547994010817	0.0803558284134461	0.4949166972488088	1.683393900648995	0.002525558484206991	0.06420233959046712	0.39661495798843127	0.6955227355768848	nan	nan	0.006809604848341158	1647.670624767938	1885	2.9335132511799147e-05
-0.0414508295417636	0.6561199792585071	3.728425534239606	-0.5659846893081886	0.05186545954036248	0.36057867729255655	2.9131891328179393	-0.24383843233136726	0.0	0.0	0.17095453532448265	0.006619567136384397	0.06395534524264751	1.0646516680469258	0.9716460699500603	0.0036122995942100555	0.06050772735524376	0.5907926006174462	0.608441970196921	nan	nan	0.007152891287304591	1741.516577103811	1885	0.00014887504355393764
-0.028157512360935888	0.6213923485360109	5.85772335399434	3.440160124516842	0.055542935101613455	0.3849368143560417	2.4714125471804054	-0.664055068696208	0.0	0.0	0.16269493477871574	0.003963561181817066	0.08646625425593046	0.5646976571393894	1.9009389547944484	0.004023965199809965	0.05850995286884339	0.6182331822407254	0.4859840964688955	nan	nan	0.006957390965606741	1664.694543729775	1885	3.0909271240967876e-05
-0.029297159532372108	0.5612228928002796	5.031735235485942	2.5684840475701014	0.042885998128767255	0.27224659653868905	4.007825233586468	2.5250596409593324	0.0	0.0	0.16273621688990325	0.0037716913704200494	0.07780903241257026	0.5502398826723756	1.5692798716660357	0.0020288664988284966	0.06163082911029741	0.33587478057687203	0.8246419810138864	nan	nan	0.006838523773118055	1677.0124822178955	1885	4.294237082637391e-06
-0.028763941661685832	0.6234547815420882	5.997400697490053	3.1702320249960443	0.04470557972075251	0.33568291277912443	4.3300304457614125	1.9477443899996292	0.0	0.0	0.15064408400626583	0.0036688015939383978	0.08159898941775434	0.5683303775241897	1.7098930286586975	0.002229710634000237	0.06314196699605876	0.3653179399113149	0.7676268205098352	nan	nan	0.0067257942267425486	1689.9720774512598	1885	0.0001332219425781465
-0.040804140099980346	0.5493999866216253	2.6933963695751157	-0.601796741435782	0.054599547677707694	0.3323586739898649	2.3182918496280513	-0.5444180224967384	0.0	0.0	0.15908692130098065	0.00820753488047854	0.0640263689527226	1.176757657802739	1.0583064137084286	0.017665572518306805	0.06006506135871775	2.2948006543727533	2.4012251532084785	nan	nan	0.006943695842692527	1625.4454707071436	1885	0.00010706888270061652
-0.03012160969563782	0.6231013033372464	5.4800467910942	2.534726100268103	0.04363223288387119	0.29209028359493777	3.754889278206713	1.938568956814273	0.0	0.0	0.17025070395999203	0.003965960238436261	0.07962007767311008	0.58769069260117	1.588497657617275	0.0021772426383417365	0.06261357923792904	0.35288699587081496	0.7640526187030449	nan	nan	0.006959004626724025	1687.194319894993	1885	1.9403725675894142e-05
-0.022974226475917958	0.4845897389177855	5.547953195753362	5.757238872726979	0.045796840088422774	0.38384315163341703	3.996224416093969	1.2017469203805788	0.0	0.0	0.14961123911523405	0.012173339880092116	0.27493817662650233	0.7590645004421268	9.379542336378309	0.015265455762801805	0.17982232147941996	1.4491598064729556	4.152024271560872	nan	nan	0.006921532544764214	1666.0101601628862	1885	6.87979644739737e-05
-0.03194767493460471	0.5654155002440023	4.25981036082553	1.502024669768523	0.0418081344120107	0.29375927453574935	4.017182885580312	2.5519339316252028	0.0	0.0	0.1698697554730624	0.004215289186861149	0.07176198332952857	0.5851180575771329	1.3024506824104527	0.0021346748017735395	0.06452715829522951	0.3477231891491108	0.8502760405274384	nan	nan	0.00698789763344787	1641.3395289342852	1885	5.607419061926052e-05
-0.0429699464592066	0.7036330127856598	4.037424976564473	-0.5036234957826252	0.04325954244252306	0.2945158738753469	3.7011263405837793	1.9903608819941199	0.0	0.0	0.16473363034191962	0.031002269805151805	0.07161890060271442	3.8351353187207082	4.4985125412415705	0.01450091851301416	0.23838653374723684	1.1572284319002104	5.19246745549129	nan	nan	0.007006885912435243	1539.8125931112559	1885	0.00012908332541544098
-0.03638896009333448	0.5988013714792425	3.802121642655708	0.45161478926414733	0.055611992933615406	0.3590437649563812	2.537070529599413	-0.595366666497652	0.0	0.0	0.14354187860335405	0.01788839960298505	0.11302477934075122	2.056125962119625	3.8354522217419347	0.014466054006875173	0.0613214681626649	1.9743338058600117	1.9414234213565207	nan	nan	0.006642962284252624	1679.695514419154	1885	5.031013221080686e-05
-0.03717987250982335	0.6850589105055838	4.530976793109661	0.30184232724586374	0.05741406511253855	0.46203862215758085	2.829639504276148	-0.692474402168442	0.0	0.0	0.17191667600033958	0.01667766963615036	0.10049739359089055	2.1286291278788925	3.5506342247780114	0.041718679127327074	0.0764244179147325	6.412836627227794	4.671958670415501	nan	nan	0.006969742879839064	1643.927819629463	1885	0.000157064076859838
-0.04216433600450131	0.6796108979038514	3.838176596436247	-0.5859443594288762	0.04231355597250075	0.3417981161637733	4.3275711634832215	2.2813001274285023	0.0	0.0	0.16516864933202274	0.005437644470025427	0.06401418305831291	0.9026584504027184	0.7740345449990889	0.0023806418860297107	0.06858626772888679	0.3872854404955155	0.8752945493340135	nan	nan	0.0070424867283191694	1610.25020265798	1885	8.170835358965267e-05
-0.04175916058803553	0.6371670623980192	3.4567941549451486	-0.6607350571412689	0.05049527729874592	0.3305172890699326	3.135437343189655	0.1923350327457469	0.0	0.0	0.1630852561160197	0.016970866709756782	0.07260295948535211	2.463478725340705	2.3355217836645696	0.027570591588411575	0.18380185857144865	3.1565569309502957	5.773512383622575	nan	nan	0.007159540630244002	1683.3935920725494	1885	5.92506246780974e-06
-0.04244723887766311	0.6247144445858936	3.2791981500244156	-0.6167136922863238	0.04310932998537398	0.2605282558963768	3.506530094876025	2.138536993360595	0.0	0.0	0.17510556097406493	0.008384484567922346	0.06955414510343816	1.2441028383392851	1.1041569704110816	0.01002613619081294	0.18548546424241089	0.8114778343668239	3.866996317193143	nan	nan	0.0071811161379466415	1712.7160446980479	1885	5.471156710465377e-06
-0.02575679022190902	0.5490006129230648	5.446180583045562	4.447449694578244	0.05545511332952002	0.40052632119804	2.638699137619409	-0.6346888423187712	0.0	0.0	0.1586743588267757	0.0035069680802062297	0.08660754862443865	0.49061839055643075	2.0284851882393085	0.00390342555053802	0.058687059661379964	0.6088605148702857	0.48573940744008903	nan	nan	0.0068793493356087	1636.3373665938338	1885	2.1659667950767407e-05
-0.04170203067113576	0.6563703467600178	3.4506719561060106	-0.5432624619937039	0.05459062252479785	0.4235117796125957	2.7984578058190945	-0.5969692862222976	0.0	0.0	0.1586835307022545	0.007003392721434298	0.0640112308600741	1.0310052486299064	0.9557431542712949	0.00445299129822696	0.061651902026853056	0.6802132607713531	0.568283378938425	nan	nan	0.007001524271977394	1676.2317967274066	1885	5.281098708284251e-05
-0.04187355562619677	0.6307554591335733	3.3475568552255024	-0.5889408552405375	0.04772841575973996	0.37258755923206227	3.794656574373039	0.8824939574968025	0.0	0.0	0.14606525249631658	0.005651314635477411	0.061678445681720595	0.8807648866005453	0.765256048264723	0.0028765135137757136	0.06435508397697406	0.43946498482429863	0.7146737678065559	nan	nan	0.006634148226478592	1724.0279471149452	1885	2.242737918435154e-05
-0.022004225554024925	0.45833587009357907	5.47850410360954	7.110155520511176	0.04010225871918838	0.2776907061201905	4.275045987561025	3.3312665095370493	0.0	0.0	0.1616286728342339	0.0026712089428634345	0.08441020092208038	0.43742023037320443	2.3514585288212464	0.001879010354718491	0.061878592544375166	0.3247955569068768	0.8734004473079768	nan	nan	0.006941380560899657	1697.264103182211	1885	0.000130896296325886
-0.030002229038672223	0.5487179164604643	4.51203600044921	2.045943094350351	0.053402512401123925	0.3728248646753006	2.7357332430030015	-0.4077697990068278	0.0	0.0	0.1637981439663932	0.004071588236418899	0.07694722971463971	0.5693140953144022	1.4922612936076924	0.0036306695898563612	0.058553618295228566	0.5776955452242076	0.5338307539939802	nan	nan	0.006936384143034713	1656.8253317539197	1885	9.709497636211779e-05
-0.042060257444842875	0.6601188703086378	3.699991704084203	-0.5980045754012232	0.05149149987000867	0.3519865788859036	3.0257459277932957	0.06315878683503824	0.0	0.0	0.156690441245858	0.005462081766001159	0.06469078982982085	0.908228397139605	0.7719208996415565	0.0033481382650609737	0.05900673871306547	0.5102827874939031	0.6187856908080116	nan	nan	0.0068007155594527885	1657.4833027766203	1885	2.7640708710092514e-05
-0.04122683727980714	0.583631795197056	3.075642438095998	-0.5982958292091172	0.054063147427869884	0.26712806073454837	1.86879371352613	-0.5802887765986288	0.0	0.0	0.1596517552997058	0.016620086766269304	0.06472217812754577	2.309233212564951	2.281884251330216	0.008879726964640455	0.05780830106410165	1.2735081913635078	1.2156309377953287	nan	nan	0.006934715992495594	1713.024020471009	1885	0.0001246615910769016
-0.043148250443608926	0.7331168270256518	4.1223955741708	-0.5794250219804081	0.05633586703582405	0.4521023406457619	2.9691773294099777	-0.6141063722157286	0.0	0.0	0.1638869749658165	0.040377283422207144	0.06967977320649554	7.005392995223536	5.654205921921624	0.014956947536547971	0.06479399366537428	1.9186305271355995	1.8439409855568278	nan	nan	0.0068597937786917945	1715.9897513537624	1885	9.889238541963893e-05
-0.013674372955973846	0.2770866998306651	6.329056859044937	22.85185333919146	0.04961389004818417	0.3512060033833319	3.298740813932274	0.34210970632073656	0.0	0.0	0.16045302622187238	0.002821116414574887	0.1267686992827461	0.500438304712918	9.23586380947116	0.0041307428940065005	0.06135563320365711	0.5478041782994603	0.848573953161348	nan	nan	0.006842007768025557	1652.7582411447875	1885	0.01362379575356819
-0.022234827551080083	0.45135794497667214	5.407725904213903	6.616289458793271	0.05528609383924632	0.3454818071361998	2.2812651190242668	-0.643801919389123	0.0	0.0	0.14905653214083675	0.002847025337017528	0.08777579460799412	0.45817874059504593	2.414840814944315	0.003750503077412093	0.05538063454395989	0.5844245633258294	0.46866509932806466	nan	nan	0.006782536334333303	1595.2022899025085	1885	6.0097042559581934e-05
-0.029702749535426287	0.5340033537429407	4.436138124120904	2.1775887487938337	0.042856005713297396	0.2674259992634773	3.762620964317515	2.300642208563775	0.0	0.0	0.15618925046831714	0.003864129337291189	0.07552880194040207	0.5399993765444182	1.45743729772683	0.002076523756878612	0.06211061198252571	0.34073907292875383	0.8090121154701018	nan	nan	0.006775965828891728	1746.4508220062985	1885	1.06240751743889e-05
-0.04205960890256688	0.653548910999193	3.7334578670357574	-0.5735642647192157	0.03865333360709	0.2494345309694843	4.463729968958807	4.260336964103456	0.0	0.0	0.16377983338575003	0.0050716631018802305	0.06085155976749318	0.8536465216370168	0.7320589657370294	0.001912800924042335	0.06349706725253937	0.32509914603626333	1.055456592110262	nan	nan	0.00694048323647016	1569.7619539514885	1885	1.0256936714822466e-05
-0.02495682658429277	0.4866844910540272	5.038294109402716	4.633781056209213	0.05417662241217425	0.33020425678676135	2.2680969338833727	-0.6003240439814035	0.0	0.0	0.15733182842639312	0.011311954644259492	0.22030120021753344	0.7811832022522758	7.009636596726088	0.010076102928001207	0.06235554718770772	1.4259178953697216	1.3493485154352653	nan	nan	0.0069525153250386135	1639.9007414020261	1885	0.0001214922733789148
-0.03243580295860771	0.6276873666382223	4.843302088641868	1.4857907593787822	0.055396541009655964	0.4049318282873932	2.77320137946915	-0.6047609792531835	0.0	0.0	0.16413764040910278	0.014716164999014236	0.15052544366845322	1.610662349093007	4.5814916649859185	0.030674988097913358	0.06578626547447794	3.6144932032615915	4.00912496572634	nan	nan	0.007002677720599093	1570.4081449751836	1885	0.00011827895609128766
-0.024595401172091913	0.498452659840357	5.281606815051636	5.287094533611477	0.042254460953390804	0.29026402119372025	4.081096300927525	2.7103510004448887	0.0	0.0	0.1661167121250361	0.0030629547945069113	0.08271448236136356	0.45650720759643093	2.036750710998034	0.001976710719152064	0.06107541421403109	0.3251447603367581	0.797603851658245	nan	nan	0.0067361631425513074	1638.4569278094928	1885	0.00012714245201833198
-0.029388882522629722	0.5953445290568404	5.381714997891281	2.846379831898639	0.05389186654382949	0.37524950284566944	2.9216174565700284	-0.32189141104216173	0.0	0.0	0.16596792402171057	0.003831832713812433	0.07983799066941177	0.544182280046166	1.6337300682804388	0.0034236550829229717	0.05755227418287176	0.5491056206423284	0.5316060233270824	nan	nan	0.006893250762982389	1646.0985456160893	1885	6.250580712756523e-05
-0.0400520322172323	0.5604734347370586	2.7258781082396477	-0.4664892232009793	0.05198002696533521	0.38698267560076016	2.9338183793258965	-0.1344737763482331	0.0	0.0	0.15390436188937545	0.00677641511305388	0.05946162881918038	0.9262885882226607	0.9125926975767509	0.003785594734287856	0.06007351154713675	0.5572250811653008	0.6087194937758846	nan	nan	0.0067701288856164	1697.0591356610782	1885	0.00012082183173752128
-0.02969638533849861	0.6032893154692184	5.031326822213792	2.4614526554752705	0.05593005358381853	0.47594999922565245	3.182841898976138	-0.6021804407972422	0.0	0.0	0.15859735482048185	0.01028445078252821	0.1449877264032456	0.9662656379578736	4.0046218825169015	0.012862201054987699	0.06641656601741086	1.7004275459599278	1.6266939522726336	nan	nan	0.00679277808875417	1611.1931092732107	1885	1.724035086395845e-05
-0.03053613673870237	0.5563796847941873	4.460963662951649	1.8028027843887293	0.0339696422261635	0.16414292705775219	4.3092965855179095	6.545609581904465	0.0	0.0	0.1549302786859446	0.007538298608481209	0.11274490077187777	0.7694093120913581	2.560483365971797	0.0034079554284800473	0.14029924820209302	0.3325390051570045	3.830829856342908	nan	nan	0.007075117376546716	1594.9626024231552	1885	0.016342111243819606
-0.045074921113828936	0.6947666447050647	3.4161254551788147	-0.8504186237755177	0.04345998640068016	0.40292736834248555	4.4401250758653985	1.954406314803707	0.0	0.0	0.15153485146114698	0.006631083391945847	0.06338039435326637	0.9838629206351439	0.7353013225598931	0.0025993264871879695	0.06872162063325565	0.3909568341208667	0.8210230748020705	nan	nan	0.0067725032749900715	1679.8363275326049	1885	6.229060334295298e-05
-0.04191472751173708	0.6530724767910304	3.6481912653803845	-0.6107266366868732	0.05299960548651206	0.3572293379667053	2.8502360677093783	-0.31549666170972424	0.0	0.0	0.14384733138397954	0.005530284626153736	0.0644584612901371	0.919943902757697	0.7801546037700757	0.0036344488401514052	0.0581204718432288	0.5875063015389506	0.5873857754325256	nan	nan	0.006868586605840929	1681.1456692014267	1885	2.559350232688235e-06
-0.04109909321353755	0.6251186737055983	3.503815823593265	-0.5718909439794585	0.0395361216725687	0.2842445338563616	4.455985063707516	3.554695349922824	0.0	0.0	0.15555758293176497	0.005316221500363649	0.06046095850225469	0.8821835833315788	0.773320931786184	0.0020466013390492144	0.06606928837254689	0.34246889178558604	0.996635520642023	nan	nan	0.006861719427038143	1686.130039502059	1885	5.772579849899697e-05
-0.038825714282259005	0.6500110448740877	3.9897072424348896	-0.23144587461763888	0.0559820320578619	0.43428704904396387	3.049474846842121	-0.5824764194475825	0.0	0.0	0.1553955396819225	0.029348291666769777	0.087181102260874	3.7680570338609667	5.227901554028169	0.010919399415952546	0.06373353035546606	1.5086625041129569	1.4482343786407954	nan	nan	0.006852973749465016	1739.780537396595	1885	2.734286174334257e-06
-0.04283024152240689	0.6641522302666605	3.7881225922503816	-0.5907213590139355	0.04161554639339338	0.2564146946780891	4.35579080425316	3.198906389185188	0.0	0.0	0.1497111746542464	0.00904446878041687	0.06946720619574459	1.395170032541514	1.2830178011419315	0.011080848118422026	0.24355441215489645	0.8248153946434216	5.774455942544187	nan	nan	0.006769153055795396	1661.7592300238157	1885	5.8477201070416504e-05
-0.042834644312175874	0.6630924959818432	3.4167764018370272	-0.6303204194352525	0.05529823153054392	0.3979708754892402	2.5612802883261905	-0.5628609373121826	0.0	0.0	0.17368491798133562	0.0066738104893263595	0.06532994078857424	0.993565850693706	0.8537627464759573	0.004546038257860929	0.05938998407612109	0.6546113486610468	0.561598697005821	nan	nan	0.00708096055687657	1649.1099139695534	1885	1.98660286348373e-05
-0.04143680015672957	0.6367897647460061	3.4952276581313937	-0.6137329843973446	0.040146992919737334	0.272271516513553	4.190185211277871	3.1201199188028	0.0	0.0	0.16144203730756612	0.010580627068214277	0.07926343070533776	1.6219902959514494	1.4935837331222483	0.02010375437975076	0.41711977508280934	1.2636944100960257	9.936616525843876	nan	nan	0.007293421623654997	1608.1953411797176	1885	2.9304861539357126e-07
-0.043323093178685435	0.704793845070349	3.9823117789854416	-0.717290858803782	0.04541288038797453	0.3387812718756961	4.159542836938799	1.5093857206706773	0.0	0.0	0.16175849708642126	0.016384796334780183	0.07446634688104653	2.4536672029187754	2.2345570223463542	0.012240690377880226	0.18148369901820463	1.16863747842039	3.9599072448645485	nan	nan	0.00705170416749612	1671.702153072739	1885	7.22828476055723e-05
-0.042369436538104654	0.6543827483013669	3.396147810477114	-0.5586618795443921	0.043249978372063014	0.33805779604539465	4.002007648220645	1.9322281583794996	0.0	0.0	0.15265499207007707	0.006216123285583297	0.06157565171902851	0.909163227411296	0.8221227636761808	0.002473341020782893	0.06672823866442479	0.3734388593678455	0.8269086083936034	nan	nan	0.006842428280351448	1683.726855696868	1885	8.73852885152352e-05
-0.01726423921441611	0.36801173773721113	5.974988699052931	12.952847183364218	0.041217489804904694	0.3094112259322685	4.239131160256749	2.7313267464022086	0.0	0.0	0.16951461001452672	0.0020370368318656795	0.085543092486456	0.4336230933218519	3.434759982324787	0.001994556302476691	0.06284260770596525	0.3348917463954666	0.8124058485607261	nan	nan	0.006981844128734857	1765.618761373601	1885	6.448316947591163e-05
-0.042617684609854045	0.6484659227310182	3.3760517831656567	-0.6035803399002238	0.04583230567526253	0.3190008108022865	3.281088274370265	1.1630295966352362	0.0	0.0	0.1601931236298576	0.009402645237677698	0.07510900850368618	1.3539511451908277	1.2289213214871393	0.026389762481542345	0.31101494867847984	2.2618375026468223	7.085152386016969	nan	nan	0.007041895248193722	1589.1252971209108	1885	1.1799899827654212e-05
-0.03600608399088778	0.6182339191475827	4.0990907029265955	0.39735488106566796	0.03316921370751569	0.16636545222603738	4.549504661835714	7.4074598193595484	0.0	0.0	0.15986050626366452	0.0049101356126552975	0.063758327493311	0.7301177166011334	1.0872382805023841	0.0016660023574461835	0.05579603941714367	0.2868848910428028	1.3316716122534544	nan	nan	0.00703790890698551	1622.8023284165552	1885	6.530664351263017e-05
-0.05549630072240064	0.6174413084131187	1.9049232379961167	-1.6654894277820091	0.03524467881178173	0.20363753231577836	4.622310976066617	6.170989698516789	0.0	0.0	0.172088541423972	0.006045915411130309	0.060990051215022933	0.6861321642472689	0.23550975404471042	0.001694165831844785	0.057654701619045984	0.297509956633196	1.181361645988635	nan	nan	0.006951711527114268	1589.7802647830183	1885	7.49974833602512e-05
-0.042030454035816955	0.6747785309776257	3.556063648685396	-0.5993131013313988	0.055804627754439284	0.4601738747483083	2.9672878995854894	-0.6420042809611659	0.0	0.0	0.16046912672429284	0.013648600488526175	0.06870853662958831	1.914612347947922	1.8359740080591826	0.02201204641281551	0.06769307129931909	2.7183031002125335	2.683057482759165	nan	nan	0.007026799119118965	1601.2199673003806	1885	0.00013746112337146232
-0.03602452406441459	0.6787150028020096	4.943654751373677	0.518207527113397	0.054115291535525634	0.34686037162768196	2.3293584928698885	-0.5738547226499251	0.0	0.0	0.15420363540587795	0.017879441522024975	0.11739979761189312	2.364488970540438	4.352083314570142	0.008782837767949747	0.06220972587615617	1.2194912411506293	1.155999089873775	nan	nan	0.006991515947304197	1577.6354008259168	1885	8.236168751015821e-05
-0.028740960740346932	0.6005320864306702	5.245320282800096	2.6370131456037234	0.05606286604994626	0.4910568658700675	3.2853325235609256	-0.6311437855401192	0.0	0.0	0.1457011961780022	0.009206756225362211	0.14188901186073105	0.8904973554516378	3.863469100022243	0.01185866960037063	0.0676887304036953	1.6039012934123218	1.49067727314698	nan	nan	0.006669995339320209	1613.2161873992718	1885	0.00011067382454660632
-0.030902686276937485	0.6367545113657647	5.30300131643464	1.9386048289678735	0.05576270570043951	0.42847856957989544	2.875754998308099	-0.6178675996685604	0.0	0.0	0.16669640545022674	0.004536227485973987	0.08169704485612328	0.6728748552631778	1.623860068551857	0.004021997270608146	0.06079848074910263	0.6319534834106142	0.5076958013146391	nan	nan	0.0069350943676069615	1655.33979612122	1885	7.365213171375041e-05
-0.04755454755465094	0.6118387705656156	2.496550261397412	-1.3478393857175794	0.0434049045278857	0.32894630572802724	4.184888458753136	2.011760804400929	0.0	0.0	0.1650518014323859	0.006547401943677256	0.06649852340049689	0.9744358471712371	0.4843780903103051	0.0023711890377470235	0.06664089176506804	0.3867933014789118	0.8374532379771429	nan	nan	0.007042876401998521	1743.9698476254648	1885	2.9521723000011664e-05
-0.023486349902914205	0.5509653936137944	6.017622081724797	6.3144893609338535	0.04463482486646897	0.4213133065902867	4.538438090740491	1.627267593216195	0.0	0.0	0.15558500553976495	0.0029125640873962633	0.08522595119990553	0.4585956764964858	2.1936795686057997	0.0024456178975366116	0.06625697117149568	0.39411848086620527	0.7202828007923691	nan	nan	0.006793191972692278	1693.2057041562332	1885	1.0961871552277797e-05
-0.041199073092612504	0.6212430740959369	3.4853632493824493	-0.570299851131814	0.05480177647757012	0.31337550695421873	2.347490269008508	-0.5928286272180897	0.0	0.0	0.15535027614046434	0.01692947249015353	0.06619438249050147	2.449154544432022	2.4784189292379497	0.009651487491048605	0.06039363184386318	1.4559624457945346	1.388634139139002	nan	nan	0.006914071485965678	1751.6346871633023	1885	2.2995881252604526e-05
-0.030895819407245617	0.596764718855257	4.658377828685967	1.9469868534223773	0.055089736348640006	0.38972095416848074	2.400739776329481	-0.6724858135424425	0.0	0.0	0.1509018966131753	0.011070597535679128	0.13998484368612715	1.0780246505971702	3.78995262292866	0.025228396944790843	0.06726124499975727	2.9739989305027947	2.968804631975282	nan	nan	0.006937828711041427	1766.030623762752	1885	0.00017399455621152263
-0.031260517709317925	0.5857542779606886	4.672288058847958	1.844409875025373	0.0554782515224479	0.3388505454057414	2.2558549255033262	-0.6980323907262245	0.0	0.0	0.1607777804109089	0.004542776207484278	0.07861338386402272	0.6283476891050879	1.5452640492142904	0.003987643258393181	0.0574431293158309	0.6378186970632262	0.4968233378164519	nan	nan	0.006952009719878305	1587.0542251363727	1885	3.9611979110958296e-05
-0.04151998471956997	0.6832254160268794	4.052940064921184	-0.399020321555086	0.055261903351240926	0.3957625503570838	2.824776845266177	-0.5918356821561266	0.0	0.0	0.15779741829416497	0.020321471398558555	0.06827686836396996	2.769952833958298	3.1989648780439026	0.016848763462604	0.06272098855548278	2.2953064928587317	2.298147208962825	nan	nan	0.006918660820630321	1700.420386660921	1885	9.697179381654413e-05
-0.042259386104475216	0.5968523431439645	3.074366869051577	-0.600115163983692	0.0477036485238409	0.27992267528613224	3.0768835551754665	0.7791220769438175	0.0	0.0	0.16762299034041284	0.008110039451912798	0.06809169388824132	1.1820663868119878	1.057249414824543	0.018551834239629583	0.2026722335437619	2.0105683606149682	4.918446048022846	nan	nan	0.0070627697982172805	1600.3871305656633	1885	1.9003626117985032e-05
-0.025068199354377985	0.5454654017365954	5.633957939412059	4.855687435784908	0.044351424807805184	0.34952307192922544	3.777900887626239	1.5310595117720516	0.0	0.0	0.16834993823719024	0.003203663485901953	0.0849166213489366	0.49158546232642975	2.005399450864681	0.0024008926862384428	0.06415215607602956	0.3734444756340878	0.7071986252951884	nan	nan	0.007096479472104622	1725.605266302562	1885	1.4274127413604284e-05
-0.04240018403943324	0.617736302166248	3.219951892622605	-0.6071786029404557	0.04738830766509472	0.29053738331631085	3.1732113250892335	0.7900826450801576	0.0	0.0	0.16539730140181846	0.009833373439797177	0.06726727850855724	1.4090990308247142	1.2927632967934815	0.013345774273216815	0.15240040435558705	1.4811707569797024	3.541775725605022	nan	nan	0.0070709108208377724	1679.4201176288082	1885	2.5427435613511512e-05
-0.02569616970121702	0.5337659565830719	5.211954840908728	4.4721931299275735	0.05637642417561084	0.3964475714674584	2.500402211964347	-0.6479632529902483	0.0	0.0	0.15572957125453038	0.0034393659104978713	0.08500940989428224	0.4803260522387047	1.9807371865192311	0.004011594040675637	0.0570846986545237	0.5932374268280203	0.4704619968379052	nan	nan	0.006742034174817169	1737.10330922507	1885	6.838809981956681e-05
-0.026338569928726185	0.5921031018714588	5.714957750709344	4.063939833680152	0.05552246637141556	0.42603390369763555	2.4952089573418794	-0.6128197134046481	0.0	0.0	0.16548294625561122	0.01216991060372108	0.21065954874266427	0.9452775623633269	6.632480704202405	0.02242097121162634	0.06473216378914926	2.508570810902051	2.5188637413952564	nan	nan	0.007057382829356307	1518.827150306256	1885	9.189940143004997e-06
-0.02736346924788935	0.5781700593175481	5.330807731138965	3.699148766258035	0.0556803910411412	0.4196249012185434	2.740310154523007	-0.6344599714067984	0.0	0.0	0.17217900496914867	0.01462784139229728	0.23280526269503043	1.1041133012549156	7.276320366425483	0.024731137270398773	0.06791231968542316	3.00075964621273	3.0610728355614394	nan	nan	0.007089711691670997	1760.3156057036106	1885	9.157348324981927e-05
-0.03295976762091413	0.5822628295302525	4.345961898094105	1.0571731352745048	0.041061926630337364	0.26736091845435317	4.104426982159693	2.8039479849523365	0.0	0.0	0.14831135447172614	0.004396936679500807	0.07019639530762656	0.6509320626508979	1.2494541279647613	0.002029013984475414	0.0640613061879195	0.34337360067826106	0.9001791804214982	nan	nan	0.006907340591722919	1537.5326621104896	1885	1.4701006610390096e-06
-0.027239912470573335	0.5747743243670942	5.126404633124908	3.518596666133785	0.05366746703633507	0.4491335888743236	3.185809040944969	-0.34380778910627474	0.0	0.0	0.16070846870590658	0.003725773303753066	0.08408485131666729	0.5083670466498735	1.792973171843213	0.003693057181615944	0.06077397198387535	0.5646111422110476	0.5282534483904863	nan	nan	0.006923593058417485	1688.7236786790436	1885	0.00019074745116804155
-0.04485190417546192	0.6773645934603991	3.403161307089432	-0.8503979168247315	0.04630660398835729	0.3731180157235612	3.8159854984652504	1.1568630867304768	0.0	0.0	0.16151997632804777	0.006817023731259586	0.06317071592643164	1.0279708909404581	0.7758881154499706	0.00281608335835426	0.0654498215964536	0.41476695876013747	0.7396783748708472	nan	nan	0.0069923271272738785	1753.1934331220457	1885	4.0958298923852817e-05
-0.04203629991081004	0.6653818293744901	3.6563371715943926	-0.590644716782021	0.04660407730583116	0.3923794372572089	3.7673723191094504	0.8514085487392461	0.0	0.0	0.16074940688803246	0.00552948308885326	0.06362800185714568	0.8966242294575018	0.7693861568311324	0.002989433641081285	0.06666065716555611	0.44920662794455546	0.7225209767783243	nan	nan	0.007047527775220469	1730.586457010229	1885	3.388799150647753e-07
-0.03107938304157687	0.5993227470393399	5.007311850328899	1.9881083067663945	0.0457232350782637	0.30441696644946564	3.4856408937320573	1.2247147893171184	0.0	0.0	0.15682624767376893	0.004006653509125602	0.07567628300473822	0.5841034531817759	1.4291064595532628	0.0024245629536823188	0.062470773618742814	0.3906080615920149	0.7084724212783893	nan	nan	0.00686249337596706	1664.8980131330181	1885	0.00012776263805098638
-0.03112150308636963	0.602362636999614	4.713355822586963	1.82249093122487	0.054960589399326354	0.3662015395656814	2.260380395064649	-0.6479521772639542	0.0	0.0	0.16567598603997302	0.004603321080928535	0.07940521877802398	0.642578474052073	1.5523173624923918	0.004232870130626898	0.058160447707872515	0.6222924327981223	0.4993125823731072	nan	nan	0.0071329504075660355	1628.8778973163376	1885	9.194937523663133e-05
-0.04292859950528849	0.6680672169126691	3.4579704841236336	-0.533407617286686	0.047538610553602645	0.3615500430888781	3.479882879810028	0.7625146441828288	0.0	0.0	0.168807312981443	0.0067184974718692	0.06232909874930309	0.9487654581866565	0.8805582654094746	0.002890219066822186	0.06354178937603161	0.4361684932657661	0.680342616205842	nan	nan	0.006969558208287957	1749.960601707904	1885	4.887717096395167e-05
-0.03476077898344243	0.6500004608917931	4.541715475251637	0.8943362558462458	0.05457740046176185	0.3909111211878239	2.469642863149806	-0.598936892210719	0.0	0.0	0.15897629428732968	0.014372083684221992	0.12065696535763037	1.644572984756994	3.654170973061476	0.01217686077432456	0.0641930406807164	1.5659955272389257	1.4963939378358428	nan	nan	0.006998579689178372	1768.4850646577434	1885	2.299052646909336e-05
-0.031341838328818206	0.60453745840775	4.672673697470594	1.9019733070153537	0.0394629531193198	0.34005901190825616	4.382306566506596	3.3073925849524395	0.0	0.0	0.1754064526216783	0.003992538336203166	0.07355390732959977	0.5499917615523651	1.3303517723456157	0.0021110918955515867	0.06672213794691129	0.34467449979089304	0.8944101949692251	nan	nan	0.007041428067311076	1711.3612721981528	1885	0.00018240680817497519
-0.04662620994207489	0.6966197632276461	3.3885453748176095	-1.0489419892423466	0.04217092634006159	0.3292046285122785	4.460624871050683	2.5811203712121267	0.0	0.0	0.157123626752476	0.006740080813081306	0.06509662771018576	1.047403032051189	0.6802828742528035	0.0022706064067319343	0.06671956774117746	0.3667238819607359	0.8942170050495546	nan	nan	0.006876885293869331	1605.8466674550189	1885	1.6083987925623302e-05
-0.04139390161940393	0.6425976461340733	3.572637543787494	-0.588289609529314	0.04583649825607705	0.32959189341333706	3.4879651964315492	1.0096318134305722	0.0	0.0	0.15760374630791724	0.011031543439442515	0.07339919490937258	1.6747727820729632	1.5850240367260853	0.0228312765019566	0.2675325986957473	2.1898257751221	6.2054783523063515	nan	nan	0.007052672820279715	1673.5301656754523	1885	1.2288741055249349e-05
-0.04250444984756108	0.672058615820869	3.6196317724852474	-0.6376903365307602	0.04409189534347857	0.35842872698948136	4.125651236270737	1.8740451700699043	0.0	0.0	0.15994706248485988	0.005935155463003605	0.06377505640374315	0.9380879946080443	0.7957674412708989	0.002534862330640486	0.06683948723346475	0.38415251682164664	0.8105114901956535	nan	nan	0.006814623045515805	1595.3549417273775	1885	8.793205623671419e-05
-0.0414336717005217	0.6147954556268733	3.2916742998442636	-0.6092475260026522	0.040785399814796675	0.26766933181757907	4.056030266098774	3.09832247050697	0.0	0.0	0.15692501276352547	0.007067553660821624	0.07163896315308893	1.1212305726791174	0.97031519099412	0.012390010824211872	0.25889288218311424	0.821801623340362	5.921216652817785	nan	nan	0.006932517856795273	1678.8552189542647	1885	0.0001891295275248377
-0.025505745771916555	0.5134162141222789	5.064544446907352	4.459256527302306	0.032943316517228594	0.17857444955825347	4.746786229741299	7.841770044019419	0.0	0.0	0.15909975873943677	0.0031273907483500563	0.07922217257033753	0.4434802482262237	1.8196034570077106	0.0015987168741237179	0.053473981669042464	0.28326622263066303	1.279750476171696	nan	nan	0.006942460094995578	1582.7118475591485	1885	6.289465160436867e-05
-0.05215349398767766	0.6363755300089569	2.218430984240704	-1.4095433992966688	0.038035274144071485	0.270547487670154	4.4381792783232505	4.114332752385482	0.0	0.0	0.15284431060142895	0.006172522633084987	0.06101297693308694	0.7429584806071975	0.33907458030651133	0.00191373756598201	0.06390832870806568	0.32529880694987456	1.0122572909938554	nan	nan	0.006825135320615433	1687.8073718643159	1885	9.21499263108382e-06
-0.04103655066917844	0.6374918916969111	3.6755227899395804	-0.5697557486496804	0.036850577317566025	0.21534025338344026	4.494655342540996	4.977791647320185	0.0	0.0	0.161050264618814	0.005229595028424572	0.060676800546046405	0.8934560039736894	0.7818730713952177	0.0018153927161528305	0.06224977274819668	0.31899658297804656	1.150128456885323	nan	nan	0.007081568345248618	1665.8411967514953	1885	1.588475320386111e-05
-0.030328091159406823	0.6588713186405522	5.715031919181585	2.3373804543549594	0.05677399699248675	0.4735230694591651	3.099327373670715	-0.7346200821908481	0.0	0.0	0.15948709932032215	0.00427607753796827	0.08221956727794344	0.6247907474323027	1.656169104936143	0.004149925820902456	0.061238424016900744	0.6615613648090657	0.49464850820616263	nan	nan	0.006887921184610721	1672.9317304149258	1885	2.0365557533158966e-05
-0.024981855251269725	0.5289339536364595	5.528445578091382	4.769555495811211	0.05579154636156014	0.4020534316548801	2.7946020145955486	-0.6057868291776907	0.0	0.0	0.1640969968567999	0.011087016714916298	0.21533312695688314	0.8057976046514073	6.982359329226235	0.008258302883917379	0.06548021693737863	1.1857377674936391	1.0841549902807115	nan	nan	0.00689844738937441	1651.0919166297658	1885	0.0001458047803332606
-0.04276077058386818	0.7050510538837752	3.825026601752783	-0.6095073858971242	0.05517878757487815	0.4766724449531222	3.234103701797723	-0.5292171575691931	0.0	0.0	0.16643561643368948	0.007020437516480849	0.06577726049458782	1.072711158296142	0.949161996945885	0.004398811856424545	0.062452910268312206	0.6647167876603965	0.5744361447825173	nan	nan	0.006988436079449101	1554.4728600200547	1885	3.503973946700007e-05
-0.030031587405400573	0.6060680471693534	5.132129788672353	2.4419097662931826	0.04407263096679204	0.38223215649101716	4.26769218135518	2.0236841176897395	0.0	0.0	0.15106820156811007	0.003825449922078006	0.0766348979037445	0.5417235636405837	1.481983834224507	0.002379875958488653	0.0644621818818937	0.3586905446308144	0.7505971337608278	nan	nan	0.0066370308704213204	1620.847198800238	1885	7.800153751481536e-05
-0.040037325578622385	0.5843610968181373	3.1874227839276834	-0.5591246737678601	0.04198036679605366	0.27196377061004395	3.618094266828835	2.2740413305781266	0.0	0.0	0.15971273641268205	0.0054976500626284786	0.060453808240285734	0.90036178421502	0.80316688602276	0.002246042380193325	0.0654995581305749	0.3529756468414995	0.8621608388016119	nan	nan	0.006963820416809791	1600.5153865143618	1885	4.012962325654078e-05
-0.023072855538464943	0.47190155409394685	5.426281080559221	5.981519316781684	0.06801592522114941	0.32419144011302803	0.9373360716110557	-1.5053321355296045	0.0	0.0	0.16354106993641762	0.020344706534567936	0.4334038101055737	1.0381979378714496	15.82739093609339	0.016441262307375637	0.09233328916780598	1.2815709198732979	0.541115137122713	nan	nan	0.0070114472191590005	1691.3256803758454	1885	0.0001663636410996411
-0.042290416564178424	0.6622805594666736	3.5118722026308467	-0.7015305448619299	0.04174767871850027	0.31482593928329095	4.114749613739333	2.4748252532502413	0.0	0.0	0.15889134217750156	0.01626770332958244	0.07754937233512943	2.353226791027301	2.146315396067833	0.016364268513299862	0.29374761262368454	1.129529523132489	6.484869626871846	nan	nan	0.006962162391307064	1613.1657565429575	1885	3.7848137100606185e-05
-0.020287807721311113	0.41001673737144195	5.318320895095072	8.707784853666073	0.03758187594247686	0.27195869081581503	4.700447600643086	4.568440763736835	0.0	0.0	0.16197769966119274	0.0024024368159407117	0.08319836977814482	0.41108794973631424	2.5910084303712226	0.0017588080309652865	0.06090533944764964	0.31688479641681244	0.9792352182407621	nan	nan	0.006899194138629702	1669.4139673093512	1885	2.9242496469710424e-05
-0.042994583690347477	0.6392574996399296	3.3682075396201263	-0.5911256974132604	0.03602375807613978	0.15679478495006066	4.317623396596116	6.22831536445993	0.0	0.0	0.16734105427262547	0.009872108424422599	0.06694971574128977	1.394739202141324	1.296777083296088	0.005977552571440281	0.22608644566523775	0.3850117691868735	6.529938665680424	nan	nan	0.006997150245281067	1647.8169266569844	1885	5.3136966853537466e-05
-0.02993649319960734	0.5932611913003765	5.123037798987954	2.2289011221833404	0.0399086711460348	0.2961602689215601	4.252478352311239	3.1531767982062022	0.0	0.0	0.16374308333256998	0.0039029179695912464	0.07709626503042327	0.5815650592897961	1.509368081369358	0.002012203014581826	0.06463394017652588	0.3344803731196049	0.8954660284262906	nan	nan	0.007058920676304772	1574.7859458537287	1885	3.6122547202910646e-05
-0.032137780175682584	0.5936777190905929	4.528132924782548	1.2620335892443892	0.05543752920595346	0.36888086753805593	2.254278050000737	-0.5708037869879953	0.0	0.0	0.16703258363567589	0.00493205144929143	0.07673713675625493	0.7258576406863986	1.4973975540611038	0.004271295628102467	0.057035482952267874	0.5953431956303328	0.5005587732730894	nan	nan	0.006937601036183072	1573.2782484396698	1885	0.00011394102960581934
-0.0419737693493073	0.687399744601034	3.8309278911613602	-0.49546625258099036	0.0561010393025585	0.42112989346557	2.711821190699586	-0.7120328208459684	0.0	0.0	0.16110293316541735	0.007085623951769593	0.06459330608812397	1.0662882783688619	1.022787248697914	0.0045605424713084375	0.061070609947426635	0.6996260930681428	0.5437525716781011	nan	nan	0.006908559450778562	1634.7999966151683	1885	2.874514556031773e-05
-0.04077980024453276	0.6244486253088388	3.6121745135685615	-0.5938201381743461	0.04369655478701917	0.2611238781526752	3.7506598076057034	2.0035257497056698	0.0	0.0	0.15674586622220177	0.009029191596458375	0.07022403060943605	1.4756779690902397	1.3624450558416756	0.010310282720850994	0.18835499299655195	0.967798065495949	4.119429503709574	nan	nan	0.007041073881293949	1566.6884552078116	1885	5.360108092608425e-05
-0.032447793827177995	0.6072125268875513	4.961914109974886	1.437117626405154	0.05474874261291118	0.32069693194763216	2.3383058070107476	-0.5520395615877277	0.0	0.0	0.16187718070236892	0.013988397757218218	0.1448631741848365	1.6423332450404267	4.507233588835459	0.02658919121792369	0.06037882596926791	3.3050667812337506	3.755318188403912	nan	nan	0.006799701295521612	1672.073884998767	1885	1.114953074826678e-06
-0.04233145380936654	0.7581170341939991	4.685550468356939	-0.5620595417797002	0.049324561601010064	0.4398237668391594	3.9366836706693107	0.3793687591228653	0.0	0.0	0.15938291165363502	0.005870349585634926	0.0673337704391136	1.027778940762253	0.9104675129945712	0.0032474962417353703	0.06511546142832139	0.5044528841759226	0.6699893998848218	nan	nan	0.007005588739051147	1601.47420871258	1885	3.0038711675001065e-05
-0.04233560547214166	0.631264065796937	3.191856097283333	-0.5836619031193107	0.04416721768126619	0.333974056119392	3.7467039505389583	1.6923226125017616	0.0	0.0	0.14877190450890226	0.005925933369402447	0.06075662338458476	0.8650445018629309	0.7609831151197949	0.0025535094612132436	0.06561643950582216	0.3786676663742181	0.7884399819691021	nan	nan	0.00673308922626116	1656.0473610998629	1885	3.108447030031414e-05
-0.042156684695276	0.6442075768396662	3.3887681106638174	-0.6530280396353066	0.046519484816471834	0.3313337025563342	3.5796002733317565	1.0076830997990918	0.0	0.0	0.1547185878173491	0.013243412856328074	0.0732792285849076	1.9051263172884134	1.7551546564408458	0.020067248141016236	0.23693275251889928	1.9613296707515968	5.47002410654548	nan	nan	0.007079009605444858	1731.5898892344594	1885	0.00011827861161636943
-0.04298856874803625	0.6853689007306778	3.552608390100308	-0.6305056423288091	0.054366842102334445	0.45218209528521136	2.9972006962784987	-0.4605129430153988	0.0	0.0	0.1766735799881492	0.006384204810115757	0.06595093878793706	0.9619032904828599	0.8177748510033422	0.004461374803791829	0.061765358456816605	0.6448475950316246	0.5841967718382939	nan	nan	0.007141407100106328	1708.5750490185565	1885	4.6092913210151276e-05
-0.04628369061154569	0.706296317192566	3.3971779627719356	-0.9580072651618905	0.04531248700433843	0.4188708948303095	4.281132722288197	1.393163052957122	0.0	0.0	0.16842988591060887	0.006934198905412803	0.06494598609283053	1.0229495941632376	0.7132038821788825	0.002816441694227012	0.06846748981688214	0.42129213056075066	0.7710587590120495	nan	nan	0.00698181703874233	1689.3697061676432	1885	2.06704615177045e-05
-0.04291548442615223	0.6789196415260399	3.763340751744164	-0.5783942574155737	0.04963395233515744	0.3954854748774024	3.512266083762422	0.44483355574803074	0.0	0.0	0.1624197211075354	0.005532838477098623	0.06297744309183773	0.8834458720961385	0.7616936996206899	0.0032286028979719994	0.06279468470447536	0.47231669316378566	0.6611953237442092	nan	nan	0.006893070747707231	1529.4013401857096	1885	1.6043166134917105e-05
-0.030537199047060426	0.5820059854707332	4.705503780620494	2.0690863793291694	0.03708605334314563	0.26866529507436876	4.603375593430109	4.70037958673918	0.0	0.0	0.16184888639760522	0.013012620786490015	0.17526730591724451	1.2253655163364845	4.684355552308936	0.012153608036921226	0.2886630479192357	0.5924305731891182	7.594421219469853	nan	nan	0.007009486814611429	1646.8826885873225	1885	1.8729155231688794e-05
-0.01932003303217389	0.39991902503388005	5.729199891409281	10.481745491538867	0.04346046872925746	0.2780209757141345	3.7097497296152393	2.10053948905009	0.0	0.0	0.1552733102276172	0.002256009701301853	0.0836233262738815	0.41645026129497387	2.9085965154220728	0.002021409915073047	0.060260608957598355	0.3355216273908428	0.7369851810764779	nan	nan	0.0067549063860015135	1651.9070026201837	1885	0.00010481385902912397
-0.041233945011496465	0.5974471141670574	3.0751220266703028	-0.5846466431076405	0.05471106666695125	0.3650025942566814	2.4714907541555893	-0.5787215057306538	0.0	0.0	0.17016601580163293	0.01301594402574252	0.06485879586543386	1.8109361361877114	1.7509118186935044	0.02160243757016178	0.061842801035079165	2.7132281809264605	2.837508911077729	nan	nan	0.00715246119007773	1745.357565700258	1885	1.1535397421733095e-05
-0.023098220573839146	0.5089478551840771	6.124782784792315	6.8440501046011475	0.039955488871767475	0.2513984367499049	4.402320856114631	3.856717494179789	0.0	0.0	0.1600737792806876	0.004800243405936155	0.13568125570273698	0.40860820156518773	4.306012771270987	0.005436438317730774	0.12852265250632347	0.42436714498121875	3.1559971630568984	nan	nan	0.006853844844970758	1592.0379511067617	1885	0.0019168737156789576
-0.04063677869617588	0.6168208029677638	3.235893692276188	-0.5053727700139203	0.04959973813134533	0.36037601455119983	3.1978602808315024	0.307176267688957	0.0	0.0	0.1590968613245336	0.0065712307036442374	0.06288619053264083	0.9761318290822056	0.925627673398195	0.0032355183211209004	0.06171071092703034	0.4872747622163587	0.6539716652955995	nan	nan	0.006956591277019225	1667.094775604707	1885	5.09362433713257e-05
-0.03764478374367697	0.6511420079162695	4.351895633737508	0.16555999251027456	0.055077020344264316	0.34697124611652436	2.441180429417667	-0.6221870448746227	0.0	0.0	0.1711253343585336	0.018952735331142834	0.10027318092680404	2.4849715967107	3.9451321117002376	0.01409820741933343	0.06258439895907772	1.9699144921430194	1.8965418853156395	nan	nan	0.007138345997436679	1643.9246477825427	1885	2.5787743527048912e-05
-0.025333712701718136	0.5466114810606997	5.751819200268484	4.805257541613183	0.041301681878973984	0.31929776607729016	4.608002956341204	3.116876146533878	0.0	0.0	0.15596113553866642	0.003165887546838164	0.08359650062255494	0.48771296781437856	1.9744147840668538	0.0019975403791626656	0.06323661824406118	0.3390672254971041	0.8590740681115714	nan	nan	0.006728900455247502	1681.85227490127	1885	0.0001122284619780805
-0.04251380215649436	0.6460589909299793	3.3637890100587162	-0.6066543459179268	0.04043963097374692	0.30545838901385375	4.3012743118959	3.1068973520748706	0.0	0.0	0.15155436969279046	0.007247224166899713	0.08577154205392412	1.1071328747434226	0.9458081290921595	0.028544261385693992	0.5338703266788194	1.587154981064404	12.92882854279611	nan	nan	0.007154824360990145	1674.6273410437316	1885	1.629843712999357e-08
-0.03632827858883381	0.5944532474890347	3.828515528911551	0.3455157938935958	0.05542736000289428	0.35317773847869355	2.437077533690087	-0.6016635640340828	0.0	0.0	0.16879133220311476	0.018853499745628388	0.11024098533720236	2.29777116185329	4.042501271648272	0.03193951826413122	0.06256190626974256	6.2184906262192	4.204935362389155	nan	nan	0.00702801805253947	1677.7787269616033	1885	0.00014357246696981605
-0.03056799425548984	0.6197113094524971	4.901697230811664	2.229973205127526	0.056074888596518546	0.4453254080237439	2.7750167619256527	-0.6284632747706145	0.0	0.0	0.16541281074187641	0.01181236490359594	0.15197838477835612	1.0999865709349075	4.241584913352169	0.017713088787437714	0.0658448817904159	2.1567763313377935	2.0834700458455897	nan	nan	0.006988770921916632	1708.2358977666993	1885	6.202458876287815e-05
-0.042297625866276056	0.6041991600149135	3.0391165755391834	-0.5979989632464189	0.04653104165215005	0.3239905271503884	3.5128054375464406	1.0360495545910062	0.0	0.0	0.15448895457909761	0.005809200998419417	0.05990157961428988	0.852282210270831	0.7403130877907003	0.002716689686379836	0.06412340196729469	0.42089882270845136	0.7379322625624255	nan	nan	0.006896567062863471	1693.5735858085118	1885	1.6792720854132087e-05
-0.032985165242350734	0.5828832913666677	4.349949977363276	1.1829956411254647	0.054508453762609044	0.3157809063107054	2.1745809336209976	-0.5482689061575425	0.0	0.0	0.16490522694634996	0.004859746811870236	0.07434173922095227	0.6886330873794813	1.4009508684028669	0.003860450742938615	0.05617647553919064	0.5989982399569065	0.5157023722066651	nan	nan	0.006961144739268385	1663.163966205846	1885	8.150835762344916e-05
-0.048366764918654326	0.6696804799950717	2.8839915128177185	-1.1782611923266806	0.040415985561809586	0.30776161037664085	4.295758432832491	3.0821862396197925	0.0	0.0	0.16810377856240655	0.00660437478544007	0.0640401979724945	0.9347589512904433	0.5427628322567317	0.0021532232313854482	0.0663228522409759	0.34571344132427395	0.9278097581532029	nan	nan	0.00696953839476902	1617.3064496782235	1885	2.184997388058808e-05
-0.029617648525926188	0.562990316001458	4.73089202983875	2.065302312544187	0.04818231498540637	0.3658110031890446	3.285367115982643	0.47228328838380035	0.0	0.0	0.15498068139509227	0.003958967297645555	0.07757272420554912	0.5800021719244368	1.4940758447384466	0.0029286761458282573	0.06208037477771572	0.4486117146586497	0.6246483271690771	nan	nan	0.006948330342612163	1567.1012198654548	1885	5.777380400632437e-05
-0.04192533869649806	0.6482705093408415	3.4380369281630605	-0.5533002932210915	0.04310289534107947	0.33163790064212467	3.8703244876242393	1.905538145089971	0.0	0.0	0.15787984280159806	0.005958360092596537	0.06174277394663519	0.9028418187583829	0.8122674256807574	0.0024813931560727642	0.06682486363912546	0.3750705503279561	0.8219054354720887	nan	nan	0.006983722450698698	1691.5869019382899	1885	1.6701774720962937e-05
-0.05324309752109124	0.6518570125720199	2.3350650193602647	-1.6157217502854544	0.0373506199744611	0.2778683291460996	4.902509641167674	4.90094806443389	0.0	0.0	0.16113603108431407	0.005780761083412911	0.06480980413776766	0.7786917586471918	0.2906703056453407	0.0018679215170037677	0.0631307354121888	0.3274600377945256	1.0789194529685677	nan	nan	0.006951889473426717	1677.0551160160535	1885	2.1425785272667952e-05
-0.04219596309001472	0.6676286626425921	3.658529729960051	-0.6101852626644244	0.05480959508112049	0.38700959874825575	2.686654611283706	-0.5161748949156837	0.0	0.0	0.1599785197459297	0.006469580785270601	0.06482824617050076	1.0207179777192592	0.8935691267777371	0.0041903234578479776	0.05889957023788761	0.6383045732899895	0.5636500471672922	nan	nan	0.006847893747301784	1603.4694745146353	1885	8.689389963423932e-05
-0.02798841115209727	0.5736401423888454	5.308367289069374	3.330113246115091	0.055096174436860545	0.3625174044443261	2.4886201241034818	-0.5476497991369011	0.0	0.0	0.16394713380147483	0.0039522479118087595	0.08498211252706986	0.551796849203777	1.8694431292523028	0.003772487782401135	0.057062758183913126	0.5862158653973675	0.4969626656024248	nan	nan	0.0069108078393090855	1714.069139363084	1885	0.0001509885602632113
-0.026655308691994506	0.5962538466642968	5.971977261404497	3.7275101246092155	0.06119769446887502	0.41292771599726225	2.1157785486967535	-1.2114344208367294	0.0	0.0	0.15992963418193473	0.004006170574497314	0.09172931214725938	0.6036351799354938	2.154389068270571	0.0046603078199403125	0.06236973791457448	0.7050767656024379	0.3679886790376273	nan	nan	0.006985403862833681	1659.667960749081	1885	5.6853253373407954e-05
-0.041639596912494525	0.6072223832533961	3.2181304372744037	-0.543269891224542	0.054826192690416775	0.33370815808841703	2.3132524735142983	-0.5967126336482961	0.0	0.0	0.1552191191110577	0.015021703725459024	0.06388408325767975	2.04987348634786	2.074089585268454	0.007792070613176216	0.06159540101181235	1.1292125864218316	1.0396763386248085	nan	nan	0.006923971590807543	1658.7219260257332	1885	0.00014433324120813283
-0.0423196647645242	0.6441095127618681	3.357566519822033	-0.646545296506527	0.05466642209315142	0.41852492069921143	2.9622029801580756	-0.4792739034339232	0.0	0.0	0.15952869557305516	0.007131594622999393	0.06305967910953553	1.0684146701952657	0.932250390885627	0.004181328499044179	0.06019261813090171	0.6411777057271204	0.5767712807203362	nan	nan	0.006855306875592715	1571.9031298757704	1885	5.010781096547917e-05
-0.04870320520695992	0.5572921362557821	1.9295271021090354	-1.3135463791799062	0.042140514698977505	0.27328278203035467	4.08946997841951	2.670044172803808	0.0	0.0	0.16846621219568014	0.006732562127827246	0.0607321769674454	0.8202116412877858	0.4090301213352654	0.002089891740225003	0.06385949014114847	0.34860819976708624	0.8844380731732413	nan	nan	0.00700638217792636	1622.11428498361	1885	2.8922965287593627e-05
-0.04050803013882953	0.6315735610767235	3.5864191563857863	-0.6242108927518077	0.04828152755211579	0.29982828978084586	2.8257857240947235	0.41355229117615305	0.0	0.0	0.15350003380965427	0.006286886593704688	0.06431265667227315	1.0629965796198917	0.9334652934113709	0.0030068238871392428	0.06036226303532871	0.4562047275915566	0.6628442273297764	nan	nan	0.0068902513667476045	1685.8171273569847	1885	5.4287644896554666e-05
-0.03153082772563165	0.6183219139341215	4.729052773957122	1.671574260816518	0.05545481998015234	0.4607126799841855	2.9066195356784084	-0.6242881951800368	0.0	0.0	0.15763099298559666	0.010858636278689049	0.1299697879951209	1.123878172574237	3.500883761237377	0.010881070761511125	0.06673011965488404	1.4188145929924387	1.3092849222331457	nan	nan	0.0070475579205799	1581.1776886961593	1885	0.00013454853880446989
-0.02191520906576727	0.4774766264588185	6.123384824585493	7.480962557913404	0.06880949728624697	0.33121257680307015	1.0631541912017424	-1.615468125978061	0.0	0.0	0.15943058409297034	0.020349701323761737	0.4762034244653146	0.7990552635503887	19.192358564029742	0.011004058685978313	0.08673436641867768	1.0575438400440553	0.3823708035199419	nan	nan	0.006932429071454221	1610.8064313536593	1885	9.204000775703832e-07
-0.023179264419710632	0.48712863116515237	5.542974556216178	6.178990224460334	0.03496647235816619	0.21158072977980413	4.821274772315311	6.25763863247276	0.0	0.0	0.16339156643863467	0.002805207051165881	0.08257139964602286	0.43823538338446255	2.1673266543050995	0.001650620883903553	0.05691420602591293	0.2991157223494816	1.15620905156601	nan	nan	0.006996090659751819	1565.327611311517	1885	2.7534660322849914e-05
-0.03350225478601876	0.626176435840172	4.930370068162567	1.2205401262739486	0.055055408912261905	0.3215248675921962	2.2228868595963625	-0.5953314229017573	0.0	0.0	0.16066902146685721	0.01154176463951434	0.11860689109598915	1.3749617844285211	3.427959585032822	0.011801731493566558	0.06019747736161968	1.6226926373462425	1.5665127918601043	nan	nan	0.006864041301175808	1617.9099629862744	1885	0.0001817621755970227
-0.03635179590323956	0.6587738507440157	4.3100664891126215	0.5309030587554968	0.05564325490518418	0.42864830943095533	2.720657828893333	-0.6122731470067221	0.0	0.0	0.16491582696344897	0.017487056787936717	0.11550486675215826	2.043293914653951	3.8831354110934173	0.02570857134397142	0.0652216886637586	2.999435701442529	3.1092373251552803	nan	nan	0.0070620334594017065	1576.5678581043167	1885	4.6573341083417033e-05
-0.041344349522723145	0.634471555868735	3.5122789141140776	-0.561069033547085	0.05503985550207369	0.3723050582462505	2.600318523630767	-0.5712171132466194	0.0	0.0	0.16104776497087825	0.017507512158632388	0.06573499200062033	2.4772418915909302	2.526676950223681	0.05010034628623938	0.06149410112729642	5.994467266696162	6.745708185067813	nan	nan	0.006909703624606148	1589.623803336257	1885	6.54319733666446e-07
-0.04321862171183333	0.668386389251132	3.5584063212395725	-0.7164231373914176	0.056322761755047024	0.3991176270909662	2.694185044169193	-0.6438641434564191	0.0	0.0	0.15496950560743944	0.007286472178405279	0.06428969687090896	1.1208976639445365	0.9379177732781095	0.004380352497254991	0.05926615148117964	0.6737136154152377	0.5493120085092054	nan	nan	0.006747469281040155	1574.3357690612306	1885	2.3944866886700536e-05
-0.024671604346206855	0.4974146763522923	5.031674637393114	4.472177202643068	0.06793081814659452	0.4001818317981964	1.3505748112671245	-1.5413353545698585	0.0	0.0	0.16717012011491084	0.012557241353064408	0.241188969443356	0.9151288006220901	7.733542346066167	0.012603363918544774	0.09599510920503884	1.2453818375222547	0.49315757409571515	nan	nan	0.007082423187575959	1579.7956273995192	1885	0.00018920187066262897
-0.04275140244007902	0.6462913102857502	3.4714707393538893	-0.5635642759082967	0.05493028768624786	0.3208675753377486	2.2309484788503555	-0.5782547982083648	0.0	0.0	0.147306081361112	0.02471700839453761	0.0645493710924584	3.1469293924025354	3.3558482558923233	0.014635694043355962	0.05893708587262661	1.9656019205915345	1.9631591542523226	nan	nan	0.006750607583304535	1558.8457214129444	1885	0.00016608971121804536
-0.0243476605727746	0.4859941225350267	5.015702773642938	4.785700335779462	0.05575738928186724	0.3789192772254926	2.370695763920387	-0.7329036382346066	0.0	0.0	0.14983984976346276	0.0033272351823291912	0.08765204402457669	0.47754936102386925	2.126410868338012	0.004016928611554227	0.058453199653876325	0.6222006619976383	0.4665393645161858	nan	nan	0.006837197299941866	1683.8402504701262	1885	0.00010400880539044239
-0.04265690653057064	0.6756502781579335	3.613307320586132	-0.6207611262110097	0.04728134735564948	0.3533904229869095	3.2872451877870548	0.7354939163376195	0.0	0.0	0.1689511422569621	0.006213957265927328	0.06431715157132933	0.9598132498590886	0.8282173831484303	0.0030325616397466337	0.06388937117261714	0.4383361887833246	0.6959374441874279	nan	nan	0.006992781737838294	1573.1450213788262	1885	2.3977741903929002e-05
-0.04096411269186939	0.6035513978262004	3.3083077615580625	-0.563454240208015	0.03972064712829604	0.214015365833503	4.096576042903946	3.7133312740588877	0.0	0.0	0.15979165671882314	0.005848371992308143	0.059330698068933097	0.9289037853069066	0.8397503271596555	0.0018932014622303761	0.0623909849232053	0.3248200187119745	1.0253491537750017	nan	nan	0.006920769918026273	1619.5856266515357	1885	3.2301354560085354e-05
-0.02205355191991365	0.5291522901295886	6.055130950068682	7.305123374792712	0.0566291441647333	0.48725140237859255	3.1542946924104527	-0.5614909615241562	0.0	0.0	0.16086312061339741	0.0030692522360397656	0.0925879457410157	0.4798166989137145	2.6709971960183436	0.003921784789954197	0.05981564880265647	0.5832103678220693	0.47482385081258155	nan	nan	0.0068277424338000076	1621.5430655783573	1885	1.9787621895636485e-05
-0.022426093899642785	0.48496831330141754	5.948526488129923	7.189307479796087	0.039429543380034904	0.2611244015674362	4.669655518754744	4.045676523233563	0.0	0.0	0.16190925675691478	0.0027018849315920135	0.08432901963127662	0.4457451953376057	2.3767970059778714	0.0018042740502393073	0.06042582851743991	0.32493544861961654	0.9507054710198508	nan	nan	0.0068815268523367695	1566.2352838773045	1885	9.612812791961674e-06
-0.042030430554706455	0.6751189544966149	3.729486460006819	-0.5868806206089932	0.05491358547943048	0.40486310733067954	2.6606029017904067	-0.6207196492068751	0.0	0.0	0.15659271382430356	0.006535407992590947	0.06484999624716614	1.0306734886983828	0.9171619136237564	0.004426280230872992	0.060258191833307134	0.6740344998700265	0.5568264961087491	nan	nan	0.0069824252437875045	1653.5134387904893	1885	2.1950460169179378e-05
-0.042791898197570566	0.639783219062886	3.276157278587598	-0.6269409611806792	0.03602072260640532	0.2201400586551226	4.674894353301987	5.65993881473938	0.0	0.0	0.15746928435969174	0.01151362979194187	0.06604972818669763	1.4957971736678046	1.5191533024549766	0.0024308124317621305	0.116150437382179	0.36773192308239455	2.2550002800345377	nan	nan	0.006628028264631297	1667.8135810966305	1885	0.0029686532402003678
-0.029725824392484945	0.5276132004152003	4.397808986060776	2.3287328038634847	0.03875061263308388	0.19315104449944248	3.738141718115747	3.870147903580475	0.0	0.0	0.1730947541422237	0.0036394998647233945	0.07251268649704415	0.49330265846528953	1.3888288526232864	0.001755207407656445	0.059386401223240376	0.29879292417241343	0.9725453849147636	nan	nan	0.007134620757698135	1670.3686917836708	1885	5.0979784184325536e-05
-0.03129108225544219	0.6044960485053612	4.7585594877586574	1.7489232597140558	0.04803409591183505	0.39689642301798167	3.7334074701173083	0.7690730451354485	0.0	0.0	0.1515487410901832	0.004299218833095586	0.07633183535940602	0.6202622233045072	1.43641990297217	0.00282964712792122	0.0631973146830987	0.42723529168447394	0.6468488214645205	nan	nan	0.00668809110481966	1660.2749941742948	1885	3.192851352162163e-05
-0.040770021473109264	0.5766453778453787	3.0887065048154883	-0.5954955982186817	0.045124379627066835	0.2928954988254325	3.7971901610446723	1.7774737003460337	0.0	0.0	0.1606770218793259	0.0064841752948093245	0.06804524870817841	1.0468818742628958	0.90596944988638	0.01082303766093895	0.1758934213811083	0.9757041853939912	3.7663592079464423	nan	nan	0.006865487464762565	1702.841869189237	1885	2.3006126192300387e-05
-0.027203519048856872	0.5743140345390952	5.339506030229688	3.6393731519153825	0.039377679038855806	0.3247307701711554	4.522008256746965	3.2791691025656684	0.0	0.0	0.16169593738679525	0.003458378957658381	0.08096749126755118	0.5064209493107277	1.7260520863321895	0.002016584810609623	0.06590880509524916	0.3460747376902096	0.8979710944862599	nan	nan	0.006999914689881259	1645.5577617921845	1885	1.1646194169403966e-05
-0.03031493189792911	0.5895712095018875	5.009636014406049	2.4338569889846946	0.05556312477329106	0.3579850057244109	2.577666522725443	-0.5754650603910648	0.0	0.0	0.16485055295458587	0.004095444416368832	0.07900900855914511	0.5662884284229039	1.575947386935577	0.0037082103124569388	0.05710625841096309	0.6019346082570087	0.5045924446636945	nan	nan	0.00690202103118194	1635.9162483459354	1885	3.307906328064912e-05
-0.040875590804130724	0.6389410066559368	3.829727777283083	-0.6110736014304144	0.050964617820409064	0.29374393242718744	2.8793340789093986	0.11112427347758942	0.0	0.0	0.15517947302169072	0.010740258781034573	0.0698073864769812	1.7814124766049864	1.6693464334493366	0.014867192495311765	0.10681577421884111	1.9357399687599597	3.1499392231912227	nan	nan	0.006901159764443915	1642.6395636147881	1885	4.251321733947343e-05
-0.02447101989607081	0.5138282374996249	5.589578392903292	4.921911905925359	0.038057554625705814	0.2544015359575183	4.329272954405777	4.254094291577139	0.0	0.0	0.14858804728776231	0.003059735641297856	0.08407390671608839	0.4853772810573336	2.02546030440005	0.0017748299097920528	0.06037982646664419	0.3076266138751551	0.9550135194020904	nan	nan	0.006760257997879784	1560.3012691906706	1885	1.9165287116000354e-05
-0.03923921621348647	0.6355577141504107	3.8665657409178342	-0.28955852371124324	0.05455419809041606	0.3486626994081828	2.4433691326861835	-0.5844909691701478	0.0	0.0	0.1625475510561295	0.006573298174078923	0.06451514075825271	1.0456067248812477	1.1349444882581081	0.004058497219834978	0.058302132281595365	0.6470704611611426	0.5483177990440586	nan	nan	0.006917836263715671	1601.1733147025204	1885	0.00012694374616671999
-0.022445301157529185	0.48103433317887223	5.696070116808047	7.128075907133181	0.0372948163079605	0.2203479561327013	4.280516786680604	4.840218847143694	0.0	0.0	0.1661968355948396	0.0026951537384180546	0.08300636266914524	0.432097268242535	2.3178376886493464	0.0016819018443174905	0.05771399207283409	0.294056973832449	0.9977251188396492	nan	nan	0.006884222631654446	1607.5776749044876	1885	6.994450817427055e-05
-0.024543666095892314	0.5210867289293084	5.6718859178241186	4.821917220074531	0.05452940320092692	0.3593190826709037	2.4479431828234177	-0.591668151276463	0.0	0.0	0.16462878560476513	0.015016170450496247	0.28891629863813084	1.0880480178290517	9.909695084772617	0.010519005415263627	0.0654237148375858	1.4606149078595225	1.3902139139992258	nan	nan	0.007135652502579998	1632.9706315489398	1885	2.6657148090752703e-05
-0.02151808937121491	0.5127028402006824	6.156660479419337	7.666567929136078	0.04386136993957379	0.40849397447488445	4.355428123148744	1.6767755326334919	0.0	0.0	0.16863577754699294	0.002703273244436033	0.08783586878192695	0.46454925485336274	2.5152495321410697	0.002419359286024325	0.06644619781249875	0.38933129286546375	0.7220066309742476	nan	nan	0.007113965865409702	1562.5962438483102	1885	5.30988520613275e-06
-0.04238958581823493	0.6474941630045337	3.3740112588049858	-0.5818790217567714	0.05616624014843796	0.3901645231071432	2.4376832654724687	-0.6418760370246018	0.0	0.0	0.16185661635391851	0.013513008322966924	0.06630755822104506	1.849459720110202	1.7889816716220992	0.019953016547612723	0.06323131061231807	2.404423345691179	2.3455190657933436	nan	nan	0.006913129633310089	1649.99420327001	1885	0.00014665971745382827
-0.04160818306611758	0.7090077857202427	4.081343486100774	-0.41994914791978166	0.055518607127373665	0.45467923696211254	3.0451905518317486	-0.6022668672071045	0.0	0.0	0.16698855559092643	0.007225665459679287	0.06548300955179615	1.08896876762164	1.0979757280045033	0.004358427446807811	0.062395968813839575	0.6722664252008981	0.5532734522111833	nan	nan	0.007042340914437492	1676.2307765218934	1885	0.00018798093185869128
-0.03464511933606995	0.662426603310347	4.984002102006403	0.9670413149114745	0.05580612617005554	0.3971140075251049	2.8012193656302657	-0.6087424256011855	0.0	0.0	0.1635798500988216	0.01475395986017658	0.12715193291017257	1.7737859551830621	4.007856240514499	0.015626322420079553	0.06407817601444196	2.1275707882049986	2.082630338180556	nan	nan	0.00690134362405212	1679.9285246778245	1885	7.291872605247263e-05
-0.025984203980481735	0.5937257816653855	6.016428546412249	4.5455763260166115	0.05556844807641381	0.3979548601705615	2.514509887092876	-0.6327105226995552	0.0	0.0	0.15363733655325765	0.0037009851912181424	0.09010760740468937	0.5354926332225407	2.1710828645453173	0.003998165494081496	0.0582329591600442	0.5992491125343541	0.47746770797671517	nan	nan	0.006842579684730232	1620.9877039215535	1885	2.5272106616211215e-05
-0.04333200572005147	0.5937616943938093	2.8214720400082816	-0.5964767511713522	0.05463601693969	0.2723324720339752	1.617590611599058	-0.58315866855188	0.0	0.0	0.1651496528677286	0.014174748032134699	0.06268494431180732	1.7526015169340168	1.6814161034174708	0.012385199037714623	0.0572228418653373	1.476125416887868	1.4391527568245832	nan	nan	0.0069693166288843506	1566.7550366144324	1885	1.7397429481398677e-05
-0.041892436366506414	0.6623833722708237	3.6490506767596864	-0.4829413323811047	0.05711750075458655	0.45537624603032223	3.0382046872808433	-0.6310899085675808	0.0	0.0	0.15390205972534393	0.023315351506514037	0.06527312663763185	3.0118719601057133	3.356326418551313	0.018302939248612482	0.06463937327536179	2.3211346265287967	2.25440446231019	nan	nan	0.006674902660036869	1645.998239630408	1885	0.00015789159539735957
-0.024546164355273792	0.5393699149189954	5.735067700395917	5.216614556096579	0.042818043681090545	0.33917685726422486	4.048855296921835	2.149691873343691	0.0	0.0	0.15369813637107516	0.0030711957903949982	0.08460479341025107	0.4859750528216704	2.042388536949546	0.002207554343021112	0.06391182270839166	0.3504294939938668	0.7588299447129682	nan	nan	0.006797163211078469	1670.438365699078	1885	4.436624154673227e-05
-0.021721740956331836	0.4631845770857354	5.65702295186402	7.086175799088109	0.04704804392855255	0.3843121488826447	3.8853938679297197	0.901450694906689	0.0	0.0	0.1693424510123389	0.002749185495455664	0.08813660773065837	0.46948951364239244	2.477036088907297	0.002596159054007785	0.06358845599341509	0.41967091265283596	0.6503723959677079	nan	nan	0.0070170321933400726	1635.3804690403713	1885	2.1425828879103435e-05
-0.04113665182312709	0.6091895009957502	3.157181592752409	-0.5851221746021872	0.045023658209033535	0.32531227283204944	3.3508957207052905	1.1399768245649402	0.0	0.0	0.16641026509229778	0.005502804890926916	0.06226345494786523	0.8608418953538945	0.7419796252235029	0.002760626090517637	0.0656241626274861	0.4123089315594024	0.7487823929981627	nan	nan	0.007108663480217159	1651.7681124404235	1885	4.488198464880716e-05
-0.04231856239875409	0.6627124564635772	3.548034043770205	-0.6142259763846907	0.05444347291803542	0.38485668978119825	2.7051910560920964	-0.5427663629389514	0.0	0.0	0.14868448893758707	0.006638366320583344	0.06431445527291324	1.0191073690154027	0.8943046149601122	0.004149419514473562	0.05911202117123343	0.6512093127804377	0.566519165172682	nan	nan	0.006838055537977561	1568.6779946259069	1885	4.976315943326178e-05
-0.034200234292050546	0.6257163681302784	4.371720140916105	0.8564690217182694	0.05453617506207209	0.445058179931203	3.1370933966863075	-0.4018782237188572	0.0	0.0	0.15754386891360736	0.00503146140609273	0.07205562669845866	0.7167555660395581	1.2889447585105347	0.003913380968644242	0.06020914149679116	0.5916991154154199	0.5440553811681588	nan	nan	0.0067716646846534	1688.618329881824	1885	0.0001646793779945969
-0.041263256848037444	0.6061863072601389	3.104337784556026	-0.5653562863492553	0.04742092861016811	0.3693750951409807	3.431601930014472	0.6861579759807965	0.0	0.0	0.1533428883727898	0.005841135959525179	0.060890734297637084	0.8782295329973422	0.7812180689155739	0.003058336551817864	0.06441821158031619	0.45212404913196624	0.6964767070861984	nan	nan	0.006886764309194701	1802.4071261132563	1885	2.7681317815703914e-05
-0.026946858553615005	0.5931815716777193	5.791425715869613	4.0225449534797	0.042025157685560144	0.32986956665457706	4.2001009013144595	2.362117103889341	0.0	0.0	0.15854019123953328	0.0034092147635256254	0.08275260819762875	0.5066130433146041	1.816939678644396	0.0021581557879476465	0.06481236809572494	0.356788307299579	0.8025910783560811	nan	nan	0.0069344395294138605	1526.7181541874195	1885	8.096333448451014e-06
-0.04284789103829345	0.6240557655561965	3.0959359426169266	-0.5858790412579487	0.04746302743094444	0.35499241797888476	3.5279329846229595	0.9092972549082474	0.0	0.0	0.17318729524029117	0.0062694410651263355	0.060316103732254434	0.882715051591878	0.7823093476217535	0.0029088321334055367	0.06374385068442223	0.4218236319328226	0.7136307181921178	nan	nan	0.006976375992906736	1717.8704512849233	1885	0.0001314431795555046
-0.020595590897850458	0.4476681193354835	5.77528176304284	8.823067148183204	0.036531373185430205	0.27212288828800424	4.72952729668174	4.895388543318146	0.0	0.0	0.15468860638626222	0.0044306182289930995	0.14384812816217962	0.47240075625904776	4.84851773471065	0.010370388581820156	0.24164613598868476	0.5541131425812358	6.601924246418719	nan	nan	0.006516687787253422	1671.1771558271569	1885	0.0006923309183602988
-0.03155255160037995	0.6285514389902309	5.298663446024529	2.0589908096624776	0.05491034221140989	0.3707908626680304	2.7099879133343983	-0.5908102486179829	0.0	0.0	0.1748252046978485	0.011447524519907548	0.14246633895220825	1.1867195203507017	4.093021787630585	0.006652830836096912	0.06477225017567104	1.031830750070705	0.9316419474555796	nan	nan	0.007050762151429982	1694.0312114394637	1885	5.388155719044129e-05
-0.023330595607321758	0.5633917274889859	5.995047700421855	5.659534613812025	0.05588377959028712	0.5221703029323554	3.3080042423706058	-0.7135436648904598	0.0	0.0	0.15734966010642393	0.0034093179165433085	0.09468024108217343	0.5070410419466747	2.4522929732950156	0.004113045772412338	0.0647994778982312	0.6530004805598206	0.4835839031260027	nan	nan	0.007005146115152863	1718.3255452260873	1885	3.892912854749474e-05
-0.03696823696261775	0.6742357183499037	4.732231669417367	0.2887048009939664	0.052888970769396026	0.36944653148945283	2.9653408902665506	-0.22521661483020763	0.0	0.0	0.14322329164971878	0.005353354179255532	0.06863711444042586	0.8619640099186372	1.1938777419974227	0.003452653434088737	0.058138828719020735	0.5481049195623238	0.5675071218361775	nan	nan	0.006721334289094147	1598.2815813543834	1885	4.884041665597247e-05
-0.04223079569127952	0.6734031546135102	3.7925829038871783	-0.5846674745273789	0.05668152129337489	0.3901669334092558	2.590567018212825	-0.6194406550982233	0.0	0.0	0.16608075760975965	0.011479277457510317	0.06816820176943666	1.7188439800134339	1.63773849733629	0.014523227401176508	0.06200558151796681	1.8765566353210865	1.797192408656218	nan	nan	0.006820399364655699	1653.2336751757475	1885	8.322120081671397e-05
-0.04334083728068239	0.6767174428572775	3.387183291177218	-0.6740879294468347	0.05477319468712438	0.4494603348540542	2.971661412375846	-0.4765876626989924	0.0	0.0	0.1579111510120169	0.00722171219701051	0.06471796955457954	1.0385266669966122	0.881541285608693	0.004463456316713521	0.06083799583566382	0.641978371538872	0.5775025650985085	nan	nan	0.0068375104483290455	1600.9267650187098	1885	0.00016341452801931216
-0.032716489573885954	0.6211737951044223	4.665837517198962	1.4004729304425723	0.0555163461458521	0.38624968923470493	2.458993963106411	-0.5933795625596364	0.0	0.0	0.1574764501138966	0.015117236452140304	0.1500151707571262	1.6268446736193465	4.537320553292148	0.031052474051936008	0.06297852658833974	3.4146716379638455	3.7861612617385787	nan	nan	0.006865219341628204	1526.6719672236463	1885	2.0303474741434612e-05
-0.04209068388371695	0.6678882474248369	3.8274997932822785	-0.6199099579443468	0.04509322534947913	0.2979765219021098	3.621305535478412	1.4474893959778548	0.0	0.0	0.15496726716030282	0.008932493529843488	0.07200951362915847	1.4313073139075483	1.2882813883796038	0.01116987421596094	0.17016977553344811	1.063845117050907	3.592497475349595	nan	nan	0.006967895223080195	1700.9686326794829	1885	1.0514223514207603e-05
-0.04081277154197527	0.5677846276443443	2.873433861471517	-0.5009194315316043	0.04459470889116268	0.3229997713431286	3.6832156927991417	1.511557702913116	0.0	0.0	0.15597689948267346	0.005809415473797375	0.05782095997848086	0.8399885738845025	0.7878194284717587	0.0025651134544361076	0.06584124886739234	0.39579088170997223	0.7849786717342057	nan	nan	0.00693371851891153	1610.5725867540862	1885	0.0001043927770232793
-0.044112950678848684	0.658086191717882	3.261071261391465	-0.9624959646232014	0.04578725523189564	0.37474014793078175	3.920262145768023	1.232827329190911	0.0	0.0	0.15980496740025735	0.0068404858236935095	0.06505424135385801	1.0840903246934117	0.7597482220254713	0.0027680084926549053	0.0660926529138505	0.4156982635545785	0.7533882973366596	nan	nan	0.006890983333395939	1665.36442776664	1885	8.354848502154327e-05
-0.020683831106578343	0.4666732844533583	5.678646952882074	8.135398541685115	0.045941023776292056	0.4153390255001132	3.849475369208566	1.0443951812360182	0.0	0.0	0.16873665002347016	0.011254427196677519	0.28763427955661036	0.525994887931454	11.447618776289605	0.012506283094298465	0.14564213258000144	1.133358574789183	3.073307017094593	nan	nan	0.007091167027909254	1633.3347065611308	1885	5.2055035420774694e-05
-0.04283843474261406	0.5946150092261862	2.8555079358675286	-0.5977749994513525	0.03923036591948148	0.21758608657771172	3.9028192701855295	3.6567333302793017	0.0	0.0	0.16796807368252137	0.01022215065092058	0.06806941854242288	1.339482881684497	1.2354332623282296	0.012856277561010376	0.3163519746462107	0.8200472871330349	7.701919116065443	nan	nan	0.007254521299007249	1539.6524869144655	1885	4.351231002482416e-05
-0.04082513581403868	0.6409256482768357	3.566699250402716	-0.6065968231708031	0.044287112481537605	0.34174443665143667	3.907379482855501	1.6093732248028565	0.0	0.0	0.15678133337265293	0.010330125088519548	0.07632447439132733	1.619429854522469	1.500553319022431	0.02055888858184529	0.29439066228112676	1.6857601202741936	6.468358657987724	nan	nan	0.007089755106719969	1657.4057964829703	1885	8.166942946330931e-07
-0.041617858289746845	0.6631045062215095	3.6955015964838553	-0.542263850525183	0.04919582328425842	0.38128366410630404	3.585692589610081	0.5433821065051773	0.0	0.0	0.16331734549229207	0.006355414063519471	0.063724168229356	0.9981096649778007	0.9161016954365828	0.0030882049821014945	0.06308162003454743	0.4682174243412349	0.6761920443545958	nan	nan	0.006919678908931595	1794.9262678334346	1885	5.7376247162256395e-05
-0.04230110183451341	0.6193588347455072	3.078363094504329	-0.6264049708396134	0.054980988668011044	0.3609648091316004	2.495201751155868	-0.5901182944508888	0.0	0.0	0.1622178729296436	0.014337659306427275	0.06656780423232744	1.9096876889359446	1.8051262991601538	0.008191762784689693	0.062498569598487375	1.172087711523658	1.087964076868994	nan	nan	0.006956144545291892	1681.8227177457688	1885	5.315595702970107e-05
-0.038610193981167495	0.6462642991662049	3.953207127057419	-0.013091285704407252	0.03495679035043131	0.20253201522348463	4.616416457844045	6.3217379984169	0.0	0.0	0.16069789727041053	0.005401495332873707	0.0618558288623452	0.808029468589639	0.9909199407460204	0.0017257626794441316	0.05892306508380382	0.29900576101823706	1.2324830291045827	nan	nan	0.006935606779182604	1692.2218019186826	1885	4.278919532008121e-05
-0.04192218627512789	0.6379676981831273	3.3731040166165123	-0.5989235175338083	0.04507633395704547	0.34235811720824433	3.7399772247051466	1.4036812728802925	0.0	0.0	0.17206690195862517	0.006045586717479068	0.0625265760427175	0.9319926709014785	0.8145479722378031	0.0026630956146953544	0.06625142990605085	0.4024163373487806	0.7728127416165947	nan	nan	0.006994627159339184	1659.7362160006132	1885	1.9997640621056635e-05
-0.030178329374216828	0.6257520059125791	5.252020247725007	2.226684260643772	0.04468334886751668	0.39130743943910895	4.056317938030781	1.4729576837009046	0.0	0.0	0.15616126687425283	0.004032983178991367	0.07889518959993425	0.6026087423908484	1.5235807806442514	0.002550919754184866	0.06574494402409148	0.3887277626946499	0.7191584990991293	nan	nan	0.006869556481283748	1792.8048610085566	1885	1.6845550799463906e-05
-0.04165772793879918	0.6401991282815283	3.4394963148151274	-0.5330033601650064	0.054732099622059494	0.38544059448826407	2.5205183462110425	-0.5884689352651512	0.0	0.0	0.15278535642135582	0.01715685206023554	0.06474101526014164	2.3254984760198028	2.4029751833142337	0.03912253684158917	0.06240482065629893	6.238098130435583	4.966763411577158	nan	nan	0.007008620776925836	1682.3828916244188	1885	1.297241917206681e-06
-0.023230136228337916	0.4669044960330932	5.508308591107039	5.848648029778564	0.05520640483557204	0.3465920458470923	2.448579917659121	-0.5898086461440398	0.0	0.0	0.16148780109869387	0.011252976892144884	0.2473465404287144	0.7271014313067203	8.710406126012419	0.011394271641159692	0.061787589128859066	1.5955280656817894	1.5401266038725048	nan	nan	0.006859736470028077	1651.1399945385133	1885	8.244693141264597e-05
-0.029824474708398885	0.5986782728942246	5.041514392151973	2.4843095010500384	0.05561536034453218	0.3954238147941829	2.5869098933920265	-0.6033801642454447	0.0	0.0	0.1568062057358519	0.012165729988903029	0.16508121266285805	1.1318244471869376	4.7653160533281005	0.012990074326712509	0.06360048530184303	1.6868538120588492	1.6184469440334608	nan	nan	0.006905132665761399	1569.8471054095967	1885	0.00018971512937556058
-0.0227881814978661	0.5252917016786991	5.820795866154581	6.58912883589787	0.05650721283428939	0.4647806016685188	3.1034684277676297	-0.6116235921908427	0.0	0.0	0.15682091501524398	0.015441456088336136	0.3353066918188963	0.7075736816830442	12.302917235316452	0.01999800142656738	0.06647029309855729	2.5070484085477442	2.4978425821123373	nan	nan	0.006815601402096125	1744.753664734513	1885	4.845340893562544e-05
-0.04100147074648075	0.6387622447238072	3.5771622714879294	-0.5412273167049579	0.05489779019578567	0.3898090745625869	2.742705525351309	-0.5603104775697642	0.0	0.0	0.1587773577851261	0.007105910727726206	0.06317964695192435	1.1124807785846975	1.0462104755766728	0.0038908551472369712	0.059263636659159014	0.6249366610667075	0.5254401005466641	nan	nan	0.00693189860704467	1553.9607422817767	1885	0.0001153825285810557
-0.030348474842765927	0.5858851742051077	4.628009776530988	2.235535670721465	0.05532673157434553	0.40454743385047687	2.603038919070192	-0.6079373296762998	0.0	0.0	0.15604283106778813	0.0041473422473941035	0.0774830622266291	0.551217384133651	1.4947076519585751	0.004091338801596955	0.05815383290889578	0.6112208669186394	0.5014260994339012	nan	nan	0.006919041556248881	1634.0580248778892	1885	7.871051481485093e-05
-0.042241907813166724	0.644020343009343	3.527677359465411	-0.5199002265169926	0.04178704468436134	0.287436304675553	4.135483998916616	2.6440197050729104	0.0	0.0	0.16161900044800454	0.016898020498560984	0.07344858083185346	2.2798687894581877	2.3796621988236466	0.023318858402728515	0.42379800975546467	1.6628170774221778	10.132513934866529	nan	nan	0.007338355467580299	1689.956752621898	1885	5.6113093041376486e-05
-0.04125157191179407	0.6377805019642667	3.542116238938591	-0.5803160263266786	0.05090962408452593	0.3599603811882032	2.952463089808629	-0.003279608704255727	0.0	0.0	0.16040091981962573	0.005526010999593045	0.06402508604004986	0.9159017924990316	0.7924808473680109	0.003488114092460637	0.06005791914781164	0.529422964447136	0.6217150840575995	nan	nan	0.006871104121103033	1617.1900179894137	1885	2.5184629922738335e-05
-0.040775170816105266	0.6361682644987758	3.7937407416810007	-0.5587214771533799	0.05513962715089904	0.3406749755986855	2.595682992704984	-0.6011786010574434	0.0	0.0	0.16528968886339707	0.018034561630065782	0.06696316734028623	2.7358172202231295	2.8292518333281693	0.012974608822184153	0.06152470301632548	1.9328275273985787	1.884930087301873	nan	nan	0.006961635627076246	1711.7885616566798	1885	2.600271837711221e-05
-0.04229132289848281	0.5849704983709023	3.0069194405819246	-0.5909165211768567	0.04761353198801954	0.2651298727065767	2.9627863901628135	0.8826696792787935	0.0	0.0	0.16096073015270193	0.007224792328055618	0.06511278066259463	1.0630413251686819	0.939343270395812	0.011560175704480313	0.13962943068204486	1.2557658369437381	3.136782014486179	nan	nan	0.006902092661195333	1611.98802751336	1885	0.00017637348313776448
-0.0427676887752475	0.6477810242166383	3.281920434932499	-0.6009554774668848	0.04566145259230048	0.35261301440799625	3.5111939607348774	1.0377760493426729	0.0	0.0	0.16049417928764675	0.0058662149946711595	0.062283629283796105	0.8644928852281477	0.743727166090439	0.0028575388329725726	0.06593100768880616	0.4227387082101459	0.7375333330700269	nan	nan	0.007083689192704093	1681.4970517973743	1885	1.3937891754778211e-06
-0.04350442781173547	0.7018889239803042	3.844528438533294	-0.6038540707967475	0.044956520871749284	0.3647611637192012	4.158059996878241	1.7000579371148867	0.0	0.0	0.16509364997469306	0.006204224813624926	0.06308642107152429	0.9516382394858984	0.8320952343878771	0.0025861388139409858	0.0664774655949508	0.39464514785933047	0.7953363941415462	nan	nan	0.006859729234406781	1654.9944035615822	1885	4.4066984444291555e-05
-0.034122892504419466	0.6301251747893977	4.324999458615918	1.0185147019656209	0.05372498548962068	0.42662472727839484	2.8877626280807966	-0.35489242232286866	0.0	0.0	0.16147628764692495	0.004928499510921114	0.07226666901970208	0.6760319704761797	1.2743182467601626	0.0039833974973618735	0.05948328633399233	0.5723387343297746	0.5451518254936655	nan	nan	0.006977375081727744	1574.040609646891	1885	0.00013906583723892612
-0.04260420708235091	0.647385801019911	3.264179216493738	-0.6466483934269314	0.05503748171022771	0.3958158252804338	2.602094817662246	-0.5963250468507253	0.0	0.0	0.15160115425677753	0.007011183544889332	0.0639631499311279	1.0216493326383442	0.8817460082753331	0.004459354503320356	0.05975147582860382	0.6676690817402297	0.5619465561007221	nan	nan	0.006783123446957487	1690.5584193719485	1885	0.00016115012134168509
-0.023649154453960652	0.4761717430378282	5.193972861040914	5.60880721241527	0.03692602787798438	0.23242278445391495	4.3628558207416575	4.815314184169125	0.0	0.0	0.1639477899024196	0.0061897430921193375	0.14677472230961772	0.5027870071846889	4.811513926558828	0.0033867023679439168	0.1030767777269124	0.3346635441437007	2.3562288124115978	nan	nan	0.006962318511276586	1621.8108078632467	1885	0.007022104456592424
-0.04351875789267057	0.691133132085348	3.7570420349629217	-0.6100776837587305	0.055945428423031185	0.40528562749206204	2.9146268693176838	-0.5838263245444032	0.0	0.0	0.16304110206580275	0.014070249286872116	0.06767394859780851	1.9658726162450024	1.877980418889765	0.017235969100309556	0.06327053086634796	2.3242352711237237	2.3414628099914117	nan	nan	0.006856174563793574	1640.756419918896	1885	0.00011202908532589634
-0.020438520944116245	0.48122047948744767	6.286976897820217	9.098375138654722	0.04206197491296115	0.36151285001469513	4.638703952941429	2.6844949797350273	0.0	0.0	0.14617493521534192	0.002480188215780943	0.08654765306588094	0.4574712135567549	2.7219980389545366	0.00209106693170491	0.0638537455586004	0.3476016784514768	0.7968897326512585	nan	nan	0.0067337192217057085	1674.2383525309722	1885	3.13048580453595e-05
-0.029009492063510778	0.5566576042280525	4.589768556197715	2.4897234092195037	0.05563584244026476	0.4292933361565378	2.74713475725184	-0.6152066380032293	0.0	0.0	0.1548784251545341	0.004238444939009045	0.08141643040418917	0.5618777767226786	1.6793451211096684	0.004104164376665165	0.06017502638482536	0.6176708143587124	0.49678343799301555	nan	nan	0.006888294550237914	1757.0583754930917	1885	1.4972048034631316e-05
-0.04166289985375682	0.6384323671077956	3.4054148062502962	-0.5586058132447055	0.0431884033402683	0.36384731288156863	4.099684250800643	1.8714625832065455	0.0	0.0	0.15981492357188226	0.0058465733648915275	0.060977348211125826	0.8986415465656312	0.80545769286527	0.002556690646670967	0.06818110153968132	0.38792539412104166	0.8214920784629611	nan	nan	0.006831955317972205	1638.3109589190608	1885	2.405942520746315e-05
-0.040147943286629406	0.5678075662737117	2.9924298030064334	-0.4814061053058716	0.04399755771110714	0.29103155102873207	3.7898790656356605	1.9346170142592767	0.0	0.0	0.16356422950616403	0.02644761239360882	0.07510547714494223	3.278730853881381	3.812752975477163	0.027212618219182194	0.41990655482986194	2.209013879381586	9.865354665764087	nan	nan	0.007256467459458044	1713.885825488565	1885	0.00010336820171841552
-0.02769160039244134	0.612138881276997	5.675651812447404	3.611191459960171	0.0559531270210496	0.4412331550123451	2.926844115892818	-0.6364311062844555	0.0	0.0	0.1616784465465371	0.01213903719374776	0.196249737460564	0.9700560014388109	5.944679332886182	0.014645358982829593	0.06656045060756224	1.9252403988912676	1.8284612600959214	nan	nan	0.006895987211994081	1708.3917003850206	1885	5.7599600549801405e-05
-0.0428041881343334	0.6944399135812512	3.8061014912018414	-0.735029854570566	0.04189517537374954	0.3355797451376841	4.383535011600259	2.500499222020476	0.0	0.0	0.1560870665214965	0.018031498112588307	0.08259696845651698	2.668483260367358	2.41244313931184	0.018428992249330367	0.3262265816907336	1.246459583522408	7.282820865092949	nan	nan	0.0071630198689554	1640.9915147900879	1885	1.9210480785943502e-05
-0.028681755741977177	0.5943262468465949	5.202722767086652	3.31649492185114	0.056166419004828994	0.39633041470934105	2.5417290876664502	-0.6020399901537727	0.0	0.0	0.15328555785142772	0.0038686174311850507	0.08153180840759278	0.5083173715041718	1.7229449571346231	0.004012029653006288	0.056833966824859694	0.5895834557142252	0.48304349856186174	nan	nan	0.006725255712865225	1650.792027019688	1885	0.00012956664517092622
-0.0115336966741727	0.1694174211627339	5.668084910765085	29.82330162821803	0.0350912598597084	0.2948533504237053	4.859485891690821	5.34453208119195	0.0	0.0	0.1715085450217855	0.002235834481046972	0.11155101599902228	0.4500533032268117	12.051994289049125	0.004456156283831336	0.12811785632798595	0.32059414929672325	2.9537903739486633	nan	nan	0.006524663061908076	1728.2700869512892	1885	0.0049077892127821115
-0.03379925002603801	0.6284228082187353	4.518018398837257	0.8905110009376618	0.055484528928895216	0.39243264040345516	2.4065477786199425	-0.6916109382391006	0.0	0.0	0.15390459803273307	0.005179855344710105	0.07431341730959184	0.7476701459964548	1.3753493591041315	0.004380325752651459	0.05930958847613446	0.6471981737987722	0.5052976522149079	nan	nan	0.006997238799014177	1639.793255220654	1885	0.0001496640366858721
-0.05018614318013315	0.6249034575992787	2.3606377551282205	-1.3336372988985568	0.04108303821369841	0.25546593892326575	3.955785191885606	2.911811051877039	0.0	0.0	0.16197625563823517	0.016724573209234095	0.11292805686140606	2.104949517214645	1.0950507975267187	0.0170444940551	0.3407323561347571	1.1971633409257638	8.129513225805537	nan	nan	0.0070476145183017425	1655.0475953944788	1885	3.2305636305442334e-05
-0.03490264259688536	0.616886028245218	4.233353067573768	0.6240154937345229	0.05485434446599724	0.38303935438171755	2.4165183272330095	-0.6038093703405036	0.0	0.0	0.16196099078665266	0.012951279428351281	0.10431873668114744	1.5922765106982544	3.1310474944262214	0.01067340624695634	0.06286877939002836	1.3854080977284033	1.302250980535017	nan	nan	0.007011920415943604	1738.322912097564	1885	2.5711887151663758e-05
-0.032306010302974975	0.6258377902251522	4.953892336743805	1.518667235599837	0.055092639620195616	0.37637404267176866	2.665012472194758	-0.578778131147353	0.0	0.0	0.1490917029795284	0.019829259715297587	0.1959952495444961	2.145838884970509	6.3331753019485015	0.016335946979734062	0.06464171559338958	2.2081803672907223	2.222441052538201	nan	nan	0.00681532586835408	1693.2778815228135	1885	7.290100739529907e-05
-0.04236318563846386	0.7053168152855585	4.169881708362795	-0.604350439976723	0.04009039321972163	0.28563000074501743	4.425382492323583	3.3651914773118055	0.0	0.0	0.16561209958715745	0.011697662706013578	0.07625061492141394	1.8430432395076153	1.7347657582718643	0.01527613004248729	0.322406339951847	0.9299793622615875	7.670334094341514	nan	nan	0.007117621699106111	1718.839124039393	1885	7.822586924282585e-05
-0.04151469025820209	0.6679735070450812	3.7396848604891	-0.5936977733584939	0.05527540964756028	0.4035965873126233	2.7075410975606755	-0.5992382358755722	0.0	0.0	0.15348804788302475	0.024063737502017846	0.06822039830788906	3.3048280766649594	3.4766404591496065	0.012844315903641768	0.06295473002829552	1.7135472270787693	1.6498057562668913	nan	nan	0.006838312386163448	1667.457753661413	1885	9.684132913402454e-05
-0.060442156988316564	0.48549775124034134	0.7866227314557944	-1.6021558527369606	0.03853017657834634	0.16962602975725094	3.8654956485901626	4.421534186029465	0.0	0.0	0.15603776108977313	0.007831007385773858	0.047450603979952516	0.40383020398158936	0.14920933099724504	0.0016743482718576397	0.055082822730281894	0.28166987557531886	1.0000147550759146	nan	nan	0.006929036695029742	1665.8003654279473	1885	8.4290507526342e-06
-0.059172272420728755	0.6275744823252265	1.7167251964758483	-1.7487050141748535	0.03008588131577139	0.1355341853407654	4.843500842802856	10.64288716694	0.0	0.0	0.16295487162983127	0.005804346543585637	0.05642625850702343	0.5656667288582067	0.17496601257820033	0.001563883429628543	0.047464649576299145	0.2589818336805987	1.5270057865374118	nan	nan	0.006992123816130749	1559.9117784342716	1885	8.718849332086718e-05
-0.02375208216269642	0.5180225183023714	5.82788602474658	6.02898250971889	0.0352093090071357	0.22387737186509715	4.882754801694758	6.157539764539727	0.0	0.0	0.16048854282572167	0.0028666745183119624	0.08238931107018718	0.449460862264353	2.130482218870766	0.0016655192615515624	0.057673500627353935	0.3029235421265879	1.1411869312611298	nan	nan	0.006991012043343861	1604.7955814169923	1885	5.7764065700801365e-05
-0.041167875259375264	0.6378266414206243	3.576090547106129	-0.3626998711491538	0.05594658475104919	0.3594363991940874	2.5131439983399018	-0.648655328915807	0.0	0.0	0.1541408843273883	0.006603377954324252	0.0618923932713662	0.9612244350901915	0.9994552560404824	0.004141619630549154	0.05798381655892579	0.663021718338012	0.5400361934532113	nan	nan	0.006776085086570835	1660.8004765832438	1885	4.769904218274903e-05
-0.03062807048731009	0.6184052199679613	5.172537420866128	2.2519485469495133	0.055548645079131376	0.37807545799512265	2.586484133936449	-0.6264805699669662	0.0	0.0	0.15324042047434067	0.012174892653051828	0.15944105488233368	1.170815868757158	4.529754013763853	0.014540108718632316	0.06375971024994126	1.966891297528045	1.8865518866558655	nan	nan	0.006816917607716522	1758.6209224928684	1885	0.0001805288377917932
-0.04149253099557304	0.6589058801972127	3.7674827026398887	-0.5756345479200957	0.054118662066796386	0.3604030842741845	2.5369969521672875	-0.46391804821428195	0.0	0.0	0.1686796173590834	0.005669289239795483	0.06543608025596526	0.9570654951877453	0.8312081453129083	0.004079257480918086	0.05804562287524595	0.619447782544761	0.5665445765857656	nan	nan	0.00702616421069166	1638.7703166221372	1885	4.7059360820466514e-05
-0.033415157763023506	0.542381733870774	3.747966312552478	0.8012979677536257	0.053082362236211544	0.3348202217516979	2.392042206926272	-0.41392222798984907	0.0	0.0	0.16759552593702348	0.004900200019385681	0.06928184149527025	0.7004312871059812	1.2647044978056736	0.003780536134637691	0.05736567572858803	0.5824205498348742	0.5455718962059631	nan	nan	0.007082624521721093	1639.8388191734743	1885	4.3841876039830104e-05
-0.022220431948959174	0.5500667576689278	6.406491523840241	7.115632552781639	0.05999082189083271	0.4496630073541732	2.3591060790625606	-1.0796344748936735	0.0	0.0	0.15158970614231498	0.0031132787072861157	0.09386988624463657	0.49631907329373703	2.686733210972734	0.004509825588860927	0.061017241111376685	0.6677804961595529	0.38396616137167716	nan	nan	0.006855113087338188	1724.0120492346132	1885	8.923759461289268e-05
-0.027694220055903718	0.5962325524219876	5.675373939983054	3.4251461968288215	0.043786101712551595	0.372929261913915	4.526351490332873	1.9274441681218955	0.0	0.0	0.15206100362802857	0.0035759841706201057	0.08247374752776848	0.5403101125771395	1.750601873326805	0.002306414599862694	0.06604477121359145	0.38648470077717434	0.7744884073635636	nan	nan	0.0068683117727808	1789.2791087185758	1885	1.1907497681054416e-05
-0.05602994445557907	0.6032137151452293	1.704373547896867	-1.6107406525928076	0.03823592625741257	0.2770719742419342	4.4540107119684755	4.07535792250504	0.0	0.0	0.16366108998883308	0.006401422068402718	0.05975355400907778	0.6430484197152566	0.22938587455151105	0.001901365081482198	0.06330172739305545	0.3224572135049293	0.9873565044794285	nan	nan	0.006968286397228615	1626.6631428683982	1885	1.8130508607700482e-05
-0.034277962558383335	0.6328531084189992	4.419136334328292	1.0314388253755469	0.04731961706303589	0.38264715634925095	3.594670795665605	0.8390573070304665	0.0	0.0	0.16218216306335406	0.0047610824579582545	0.07153584995731777	0.6678212947800066	1.24290633459707	0.002864146414962354	0.06387661243349377	0.4250086289020576	0.6682720686041539	nan	nan	0.006910975911255918	1619.2217413182161	1885	0.0001020093194148612
-0.028210969752917814	0.5593629061431605	4.980928392335882	3.0364794249785767	0.05755826183930379	0.39068168673364423	2.3392681716023938	-0.8368074349303511	0.0	0.0	0.15719426619942234	0.0040423271382808434	0.08390193615511918	0.5418296704996362	1.8067536188691065	0.00430753195834277	0.05851497867154065	0.6496174736292346	0.45697484975875174	nan	nan	0.00684833532557011	1576.1201975448005	1885	8.309197787113172e-05
-0.03815693071033743	0.6416793249730032	3.9179806022043886	0.16998014729627367	0.05477214824701648	0.3522338239927713	2.217496291535255	-0.5678158697383892	0.0	0.0	0.16100122344359374	0.02678583777878546	0.11768251579701461	3.0875123504516737	5.126878865131514	0.019037162740816127	0.06167487802293209	2.271024894478892	2.3359834326188236	nan	nan	0.006962964179418357	1602.1963264821766	1885	3.078248900997185e-05
-0.03041698399174808	0.6040952000168711	5.234059205244611	2.4171027155367133	0.04565323817717659	0.3053800560085362	3.711343840392354	1.4727513434106578	0.0	0.0	0.1636514010176296	0.003929866193152609	0.07764846660110647	0.5667037571814881	1.524968246967314	0.002321507357371355	0.061998475232007716	0.373327984328077	0.7246214272553154	nan	nan	0.006897912438723258	1721.0773940917038	1885	2.8366901357035818e-06
-0.04186939115149402	0.7308892599819334	4.388640435002004	-0.5753035682460391	0.056071256933097	0.49506102045137806	3.265674485343686	-0.6351578344356154	0.0	0.0	0.17837598213484387	0.00615565001626367	0.06801930539418066	1.064116727684452	0.9375872324085823	0.004516377799757221	0.06360565134869989	0.693505380472385	0.5573253697933823	nan	nan	0.007069097865277901	1618.7863778291357	1885	2.8771978387516965e-05
-0.022799030922253438	0.4891484472197029	5.977789642624063	7.007743269458124	0.059078892722123744	0.3175335549941731	1.8115159815552988	-1.067954423059919	0.0	0.0	0.1669676742316153	0.0031700273401544243	0.09298442780792926	0.47657757642103515	2.7156092223712966	0.004220956871407444	0.0581236404730012	0.674850223417875	0.39866739839711135	nan	nan	0.0069123206411545735	1670.52084569737	1885	4.37777858360797e-05
-0.03399338068168711	0.6396681427729745	4.779748659663165	1.1191416760105195	0.05600303966862907	0.40096256111497747	2.8037867414212183	-0.5603781865696184	0.0	0.0	0.15774734509826174	0.012253037063120586	0.11728215448575835	1.425946100108493	3.4245562934787737	0.025926895628988422	0.061698061252111386	3.151355755593225	3.4372373457944576	nan	nan	0.0067531568393004865	1628.8212450269211	1885	8.830845558631078e-05
-0.04047225031027579	0.6362502106349414	3.732511835599743	-0.40307736622919366	0.0539864829443224	0.30509928629005406	2.1186428937937816	-0.6196629764969476	0.0	0.0	0.16654040342752124	0.02640634137833242	0.06996803839064619	3.47636114171209	4.221704922631351	0.01080029597719201	0.06144787603797605	1.554420324800415	1.4637696706185663	nan	nan	0.007099113553037828	1587.9916275762976	1885	4.907997513062452e-06
-0.042029307841282226	0.6601174917544377	3.5223001812273855	-0.5929803575960083	0.05130826047900339	0.41305507717149703	3.254457233001241	0.033501646873490463	0.0	0.0	0.1588769511501933	0.006090110097396517	0.0638077493030309	0.9446692831221037	0.8261005060778737	0.0036400142091964627	0.0614297761457816	0.5292619272504253	0.6244209638343672	nan	nan	0.00690949077391885	1655.8409426399414	1885	3.347815463711168e-05
-0.031048764841528964	0.629838671310732	5.303558684038716	1.984279073140559	0.029120638549825717	0.0995299861776423	5.037311602430431	13.040624582348313	0.0	0.0	0.16228729768898786	0.008434910111959015	0.11622076872758613	0.8974634075313088	2.9544497398974707	0.0025421193045304102	0.12559670589037175	0.29857364328847247	6.168322067308162	nan	nan	0.006889449803313311	1626.7552487419227	1885	0.003392346344935087
-0.04273039008582402	0.6540416039729782	3.4311712919296697	-0.5713693152550159	0.036966439357962066	0.22563365319399614	4.3991263480467175	4.979148876603864	0.0	0.0	0.16472084541692017	0.006068625334197997	0.05950558459133237	0.8943243641283525	0.8016577818992549	0.001818762363551829	0.06188421420998769	0.30854486446390084	1.119144907361305	nan	nan	0.006903591837847209	1614.0289646603683	1885	3.424410092397932e-05
-0.02199656564060215	0.5198985295768532	6.170298149255573	7.232104859886842	0.05523299588093655	0.453861298201497	3.150690695290489	-0.5609846741250207	0.0	0.0	0.1580944565902543	0.0028861620588898074	0.09021207065798303	0.47989838168089527	2.552626409821736	0.00372367048356248	0.05966510850890905	0.5964149736637192	0.49351957505461774	nan	nan	0.006927101072074934	1756.3934499771444	1885	2.4738635765655893e-05
-0.04043102862041026	0.6073458234729114	3.2837812166081335	-0.5956100949061918	0.041715110484347395	0.35118968283011537	4.3788559043528	2.3926688847634643	0.0	0.0	0.16322908237287836	0.00499557698894354	0.06257030978397304	0.8444597708590411	0.7093225350591797	0.0023817802107114483	0.06919292216190409	0.3765237345866854	0.8864166116663459	nan	nan	0.006983325109340702	1593.3059084801646	1885	4.8426382371898566e-08
-0.041622508099286804	0.5566108710054961	2.833985707030603	-0.5744112296953866	0.05461407444334632	0.30563413633360514	2.23418329120533	-0.4978337192220363	0.0	0.0	0.15745201881035797	0.005485409070246694	0.059002098513719486	0.8289495356399423	0.7202285829394618	0.003943987725885667	0.05558512532705259	0.6170122986479967	0.559466160742136	nan	nan	0.006789231431656703	1604.1092058072431	1885	4.55626928698668e-05
-0.043028539090729456	0.6997902047733341	4.007359186186089	-0.6550251382930536	0.04485321476835202	0.28948406869793036	3.667524522397075	1.613082505215695	0.0	0.0	0.15496256066621591	0.017640917887721597	0.07176853415377504	2.589984140401647	2.4821387523110214	0.009854449106009855	0.15823614583298037	0.9343804611809639	3.338287186191037	nan	nan	0.007048122234181262	1681.428111769265	1885	2.2541651048373165e-05
-0.042236006109726776	0.6481059777658875	3.516762554771965	-0.6336975665856701	0.050928090936060766	0.34232562720406695	3.1093301723639	0.09131713176750667	0.0	0.0	0.14871653149252764	0.013480087539478047	0.07349887143282507	1.9688158301604348	1.8425015772224178	0.04037845503918658	0.23147552654403894	6.546226612376115	7.9932798753960945	nan	nan	0.007000927384439637	1716.3866815706765	1885	1.6994112302068117e-05
-0.04235733951502252	0.6477324990408134	3.32637182981963	-0.6410477939460992	0.053066423977513155	0.42447915127624897	3.1865985885323225	-0.17782737685917854	0.0	0.0	0.17010426664134426	0.00644260442433936	0.0639617680832375	0.9688683153525672	0.8293339447687373	0.003900069667277184	0.06101928047778685	0.5707505638368207	0.6057193356544298	nan	nan	0.006953039829296528	1669.7465274410347	1885	6.333966447132258e-05
-0.032450809717397	0.6899166477263052	5.432460568223866	1.654961872049778	0.055313240342727665	0.48930863893281734	3.3067366551407518	-0.46984938288581124	0.0	0.0	0.14984702077299655	0.004587502381913078	0.07865347156388586	0.6562763370834448	1.4647234896109398	0.004001009778199394	0.060697566272354786	0.5974356767523019	0.5231866571654131	nan	nan	0.006742912678190258	1707.9166924003011	1885	9.270812239124759e-05
-0.03298717986457256	0.6506368630600604	4.884774718346653	1.274081539666864	0.05273434054293458	0.4864671933860118	3.6238097507637828	-0.1568419282455131	0.0	0.0	0.1588848214049298	0.00450464542823481	0.07432250062744317	0.6528561916872255	1.3153648708881338	0.00366815672845211	0.06312173452866376	0.5573677834711479	0.570937143001406	nan	nan	0.006916064619628612	1647.4951822759153	1885	6.542602281470113e-05
-0.041591996785573904	0.6624184197770289	3.692110851467645	-0.4727836231672857	0.05496410644521621	0.4021818450656	2.73165235316052	-0.6018178199696124	0.0	0.0	0.1523428483329741	0.007169343708242681	0.06308692809809119	1.0704356328449542	1.0489361493190932	0.004056931495727278	0.06039464600250774	0.6433125033870726	0.5267616870957473	nan	nan	0.0069682391025775725	1657.1724620193418	1885	0.00010446964907065635
-0.05118203358121365	0.6853796537788742	2.807451084599639	-1.4423777412038574	0.03823879430574806	0.2892206066438006	4.637356141520616	3.9985029811098043	0.0	0.0	0.1545947020245123	0.006037834574663226	0.06540990558881948	0.8799895954898345	0.402598903821466	0.001978390818956899	0.06563806107536843	0.3372852215919697	1.0259347555340326	nan	nan	0.0070189452542685216	1683.673938018027	1885	3.2821104699097824e-05
-0.05504492889103274	0.6802884872430843	2.448851457261658	-1.6212002988759215	0.03491328110947345	0.26382469264151376	5.376500338442138	6.565906289676606	0.0	0.0	0.16118429535057885	0.00565687514779234	0.06275107963410798	0.7397899363018545	0.27623446981861494	0.001762670996157012	0.06101468409981986	0.3205851743313368	1.2282250225041118	nan	nan	0.006838400427584865	1685.0983871252274	1885	2.371314957589844e-05
-0.041543622892203924	0.6596258729140142	3.5367477514864016	-0.6033450037949771	0.051623925428816664	0.42356951400950543	3.231868523823227	-0.06026271559410933	0.0	0.0	0.1728273144337177	0.00626875588886322	0.06508968339519117	0.9865440871819589	0.8630280982478082	0.0037888030840532716	0.06234614900202895	0.5542959251549346	0.621896687481184	nan	nan	0.007085325030419504	1637.4310251249847	1885	7.834508824755078e-05
-0.042787214329236156	0.6669223057717266	3.483757561645535	-0.6271211313860579	0.04429039274752955	0.36152754207731763	4.079200871902716	1.798492020458373	0.0	0.0	0.1578742881834705	0.0062705614025070355	0.06256820273181923	0.9422189967971599	0.8147305465311365	0.002569059027109466	0.06648790222554946	0.38320107551760474	0.8011023988559367	nan	nan	0.006850845889015134	1660.0226317068984	1885	2.383615571987073e-05
-0.021668940000381998	0.47185021960144036	5.456367855540284	6.961678442475174	0.046482334201498166	0.4166592952933373	3.9009436566007043	0.9221438871796018	0.0	0.0	0.1470981049554183	0.011514154141400446	0.2798955595653988	0.5780133474937279	10.111009512290359	0.016897856784609422	0.17699499530176785	1.5815526070454595	4.052836392169889	nan	nan	0.006957358450812176	1633.071961512118	1885	8.498859823556679e-05
-0.03425673833079523	0.6346298106210407	4.709871468677598	0.9330554875509596	0.056494350892678735	0.4160209993747264	2.9430634848566504	-0.5967547848678632	0.0	0.0	0.15910133644137997	0.016188673127400688	0.1358752970368723	1.9272879671562748	4.384662811127759	0.02233650358990369	0.06356160185988338	2.8609220179656663	2.9547771311856676	nan	nan	0.0067066480119818	1557.6431088255267	1885	7.481211828486151e-05
-0.030853097763733794	0.5995100376969982	5.06653608574553	1.849237485673581	0.042313329313024894	0.33925885252848104	4.493548569583225	2.572558605213535	0.0	0.0	0.16327177064138376	0.004043685110381112	0.07584909140191631	0.61218959049347	1.4462600076968775	0.002180997462366996	0.06529144321200897	0.35723861145313407	0.8412820205205176	nan	nan	0.006876083850865314	1524.8232138535698	1885	3.089827012705025e-05
-0.03578503263923394	0.6945343125684537	5.199432663448734	0.9044849958001833	0.05605710545587694	0.3735638694122595	2.754476591622424	-0.6133121554659262	0.0	0.0	0.14905304848921302	0.005198328336520508	0.07356907021859765	0.7781466706507296	1.3519456546668804	0.0037586316647755247	0.057568575826453194	0.6274017255228785	0.5160880963280485	nan	nan	0.006765964170380834	1658.1965319515427	1885	0.00018664119516003327
-0.04136914343209008	0.6373279733125974	3.539657642584635	-0.5915014633755423	0.05046508964146623	0.384111182926919	3.442329095154999	0.2502182498022519	0.0	0.0	0.156913486110915	0.005598248017907148	0.06343259422539399	0.9248745221789068	0.7992964316946934	0.003253872210294828	0.062012538660402045	0.5035084771060137	0.6485423391975905	nan	nan	0.00679637581163943	1710.2126906976077	1885	0.00011262669360215006
-0.026980897545482496	0.5793373638978299	5.659547748025809	3.708770383912923	0.04506566835369119	0.36650256365875655	4.22910593651618	1.6036119998124505	0.0	0.0	0.1612872470996694	0.0034713376900462056	0.08352198658698148	0.5350966637815509	1.808378692297307	0.0023817396131698976	0.06472261101965998	0.38909229795234523	0.7310799384259894	nan	nan	0.006862529638823847	1629.3594898127944	1885	8.613967772002203e-05
-0.026295870809966204	0.5326136309957097	5.15023489385968	4.0661003317445825	0.045122358625210746	0.3506887512866817	3.788979334348599	1.5073461217879847	0.0	0.0	0.16809816834391283	0.003333674730976399	0.08148466877781774	0.4821726481131017	1.8127846860233239	0.0024243905989388415	0.06344047498399458	0.3714654645588913	0.7007551109586994	nan	nan	0.006949458594462471	1707.074566028365	1885	2.724067464605636e-05
-0.03243510801486571	0.5572217301102854	4.1462623615567695	1.107330958214368	0.0459153111682451	0.3119978425155665	3.4841441422064956	1.2352947269658934	0.0	0.0	0.16768998865699997	0.0044036589143019444	0.07108402365060165	0.658538139918166	1.2772474616514806	0.002502255488648464	0.06301141511744193	0.394412632805869	0.7150458328836999	nan	nan	0.006995362426577889	1662.5691454731555	1885	1.6942939579055084e-05
-0.0364960533206139	0.6321026602297366	4.169235003274515	0.21610448337684676	0.05474568974876015	0.38169879788231403	2.6644276636139703	-0.5662891359461841	0.0	0.0	0.1541299468819239	0.005796940925897387	0.06864831881632955	0.8923733956663034	1.2352911495227916	0.0040035089260033185	0.05845034215722436	0.6334019761397369	0.5380897028079294	nan	nan	0.006945449899292008	1580.2403264342975	1885	2.4224245707241676e-05
-0.03198177669057667	0.6918995777821864	5.684206889915462	1.9377533820741988	0.05641567698318806	0.4734047290526706	3.2082390006645216	-0.5634901432175516	0.0	0.0	0.16317783470309183	0.00471421414361517	0.08156509260214889	0.6774085135437056	1.6189949825985692	0.004019566094768168	0.06023569763577147	0.6151904841113933	0.5100953866042266	nan	nan	0.006888309051992281	1589.4484743817748	1885	3.468689728405211e-05
-0.042241270318302604	0.7060006008879387	4.009325659195158	-0.5968869375908813	0.04555798554756052	0.44503973362823857	4.571347491488053	1.4317457099999613	0.0	0.0	0.15783367202235146	0.005874229074965598	0.06473004802198257	0.9650198995514967	0.8390800203999625	0.002818630748664508	0.06876601207056743	0.4227832787836707	0.7729720133446153	nan	nan	0.006808230302413787	1668.1689591971783	1885	1.745987368826422e-05
-0.041610492986723036	0.6443708112269082	3.5635339817367218	-0.5772488877736572	0.05530668773121783	0.3799723513673902	2.657877193737086	-0.6182758099664862	0.0	0.0	0.16085324470898302	0.018084427827388116	0.06648323486479857	2.5524904480687045	2.5833239802203587	0.020425204158620702	0.06363857364878053	2.698046006210755	2.7230643836163333	nan	nan	0.0069737936802296285	1738.8773856231205	1885	1.8668283338057062e-05
-0.03401368496292889	0.6481172761053069	4.9194057866789915	1.1913902999242145	0.04280415957214001	0.32657041944397586	4.19215204570611	2.3802677713318445	0.0	0.0	0.1651609249692329	0.004436903484828503	0.07138127841037029	0.6506265682747028	1.2568102893657933	0.002237376650247591	0.06476018748895646	0.3547033719116286	0.8242468535626871	nan	nan	0.006859749516904337	1610.1603948838142	1885	3.0291100876580396e-05
-0.03414255417949774	0.6418908894463105	4.530250504678897	0.8197290559464563	0.05583052225434826	0.44481415895545556	2.817800160526556	-0.6983282291622546	0.0	0.0	0.15912496789124686	0.016153383625606255	0.13100339910490832	1.9331961406089877	4.185011885795142	0.06028452679501067	0.08713109270180797	5.8833032582158475	7.163649297030721	nan	nan	0.006990946572468751	1756.1701541286452	1885	7.279367570129007e-06
-0.03214444778262826	0.5722937552528106	4.256894551491126	1.4239078237895308	0.05033548946283739	0.35509037687094974	3.099030147769519	0.29440604220359506	0.0	0.0	0.15294439500633428	0.004425814279505336	0.0731303742698115	0.6146073164784638	1.3384404944375687	0.003051011103270329	0.05902493729858593	0.4531546793532988	0.5974433692226958	nan	nan	0.006820644061771103	1658.4882326876868	1885	3.6944059873593444e-06
-0.04132844074467612	0.6340559491249008	3.5464965552340995	-0.5931459008651168	0.03852986448873108	0.2787687152164775	4.788755899686745	4.256114253497589	0.0	0.0	0.15472013425338332	0.012458045192007883	0.06823360391545191	1.8756317192412435	1.8024936173503006	0.010424960692218432	0.246724582402799	0.6220031810705633	6.199921298846776	nan	nan	0.006875334472344147	1509.394238240503	1885	1.7950678635048375e-06
-0.0298281208052823	0.5462927619266351	4.618014179080125	2.2640893362418595	0.055702658617621026	0.3497962984687406	2.5571335515025853	-0.5865642536067981	0.0	0.0	0.16224298678236115	0.014055669800734916	0.18224694159790833	1.3568691413032046	5.413341335755782	0.012564213014225944	0.062165166699575225	1.7808717798683293	1.740123973788458	nan	nan	0.0068266442849166525	1648.212798077455	1885	1.7452981232819665e-05
-0.04206581460595382	0.7167460808708841	4.252138443033885	-0.6043234629291927	0.05279982756453627	0.45716467764259144	3.675770542576871	-0.18067736823460973	0.0	0.0	0.14969723899876158	0.006074323594191411	0.06603342925694583	1.0388677641065356	0.9065433109664274	0.0036710559813681876	0.06228596181995283	0.5841025870765382	0.6089465159333727	nan	nan	0.006821349560987372	1664.3471388363778	1885	6.760215424457837e-05
-0.04831663809437192	0.6162928250794852	2.543761166615445	-1.3327266859165192	0.04429455796171844	0.25367166751881154	3.2449639413235327	1.6414810583271058	0.0	0.0	0.16499553970593323	0.006764124036457597	0.06603283972023688	0.9938710908470214	0.5030853837436363	0.002302545075283935	0.06219654607036859	0.3599900915180483	0.779178381039937	nan	nan	0.0069849656846296265	1655.7329461427266	1885	5.986898804041697e-08
-0.030030799751536996	0.622193035373984	5.465737145410356	2.41744343910352	0.04406734799242984	0.35394854982374774	3.9873609040167803	1.8692977565244593	0.0	0.0	0.15872169757884125	0.0038517200016439657	0.07813776710685072	0.5754135865577057	1.5260241275749076	0.002369014402380687	0.06388197470226628	0.35875188337533825	0.7435959083947365	nan	nan	0.006851895676280001	1703.512289815328	1885	6.823812850226102e-05
-0.04289614642722184	0.696655256976723	4.069306252406304	-0.6025057089858172	0.054932813317462026	0.3310867117749309	2.3819698741373223	-0.559299326013718	0.0	0.0	0.1652581820864858	0.01405049516345036	0.06861087662028925	2.111659270262738	2.0372282293517343	0.018722189191222816	0.059502044002351234	2.483430071983854	2.5994355714938906	nan	nan	0.006962235702711594	1547.6753794313322	1885	0.00011723169330727166
-0.02879171644221612	0.6062775400980978	5.6950115506342485	2.6076656184287814	0.05454185645759635	0.40686710257185754	3.037873298159233	-0.5255845218258757	0.0	0.0	0.16073683489593202	0.015726369807064544	0.21180999099257272	1.68471363166999	6.957262253334106	0.01613452501787971	0.06682439102210302	2.2400151280165055	2.3442173908283284	nan	nan	0.007001277494124797	1653.673417200741	1885	0.00017111251363811512
-0.029841093108705086	0.6039196661742229	4.935935250620357	2.23089563646015	0.055469117242195054	0.431069887652697	2.63676901926605	-0.6152650235012442	0.0	0.0	0.1627939468724835	0.011749570444094748	0.1549436271585597	1.1562839587037619	4.414335986586736	0.019454523494407017	0.06534898329896402	2.3089357534950308	2.2776906149082787	nan	nan	0.00694778263637226	1727.3284726650595	1885	2.305088674400758e-05
-0.03805567122840825	0.7170020122890699	4.633367656043056	0.2517545822402084	0.053620792655616034	0.4494155828304791	3.1828409953420653	-0.23912332234797745	0.0	0.0	0.1642717824440315	0.00611196302921585	0.07065967283810026	0.9012785018712579	1.2383047095530557	0.0038865834967191093	0.060078255227980604	0.5552529378060722	0.5628591245483017	nan	nan	0.006929639973734053	1558.849903257713	1885	3.0139552775021473e-05
-0.04696856306767372	0.7041504565034606	3.507850156958001	-1.1800937394583948	0.046181229312003635	0.37463056627018865	3.9789446946607803	1.1909759011690695	0.0	0.0	0.15737343060322015	0.006714172713695732	0.06756655028010672	1.112467700316671	0.6654530764456158	0.0027634782367981225	0.06588424528560016	0.41860578849154484	0.7522271428073573	nan	nan	0.006821319466714479	1589.602019210702	1885	3.390876281257395e-05
-0.0284238675199302	0.6014115824687294	5.4361099074429555	2.97730667523053	0.043656979739106205	0.37624833695805104	4.322306212708264	1.895776324398693	0.0	0.0	0.15322252572747536	0.0037156109831293915	0.08120300412971904	0.552363078315623	1.6592201495402559	0.002356694549061178	0.06571199967980682	0.37576235777182143	0.7596873043460544	nan	nan	0.006831027323065675	1634.0232447150233	1885	5.156543537869399e-06
-0.02996713364065262	0.6001002289872921	5.209078694072632	2.3053289913760064	0.056171178747705275	0.3737820588969018	2.499944487801493	-0.6622179135076318	0.0	0.0	0.15601853585459993	0.004413175999044783	0.08289825944611756	0.6316142711336292	1.7261891869550172	0.0039420093610360585	0.05742940536997457	0.6186129672247815	0.4894820522325173	nan	nan	0.00671967075851114	1612.3271952131622	1885	0.0001535171219712996
-0.032794138412725604	0.6339237521951795	5.029267052604146	1.4830723205192404	0.05519921362190616	0.40296833587377306	2.9271449543986927	-0.6094487484818695	0.0	0.0	0.15562507546283383	0.010373948297293933	0.11963993725779343	1.1574008450308009	3.2390197280122397	0.0071183023153290614	0.06564156965198292	1.094994772016387	0.9838520109956451	nan	nan	0.0068940628434981804	1567.8500969537859	1885	3.370429647082626e-06
-0.0429635039651135	0.6535483040555523	3.5164034182931623	-0.5978762808230158	0.05353109683315971	0.3475045149352004	2.4221826841878635	-0.35272556499332564	0.0	0.0	0.16823350399047726	0.005261249065049933	0.06448824854835827	0.8469872066055295	0.6991403061698508	0.00407476332242418	0.05727404992743748	0.5850959142569769	0.5747735956422841	nan	nan	0.006935596833892332	1748.8330207637978	1885	6.961793603411516e-05
-0.018274461299863987	0.40085567344119183	5.905837960511034	11.318647478974109	0.05453099746271417	0.3659086100042657	2.4029702864554365	-0.5990819204656356	0.0	0.0	0.15756635237964225	0.01247777234525932	0.366476977483433	0.4690594654488267	17.996211747864937	0.013751580410222175	0.06150931199525436	1.8052196955753343	1.755031316165342	nan	nan	0.0070779522427532465	1716.3921151771397	1885	1.6174589388202002e-05
-0.0410359214016095	0.6332842470185993	3.5055005436891884	-0.5883454248882357	0.05536462122766994	0.39401556367612445	2.674332974575667	-0.5797335199015331	0.0	0.0	0.16088265809967794	0.019714539233683825	0.06641185725984444	2.7957924564432384	2.8529182995550517	0.023877231702555957	0.06200293121588152	2.9345334761002433	3.1059629268830267	nan	nan	0.006948740708364973	1638.8406451451744	1885	2.321964649571323e-05
-0.04254087586156263	0.6977202661095516	3.9104988038495825	-0.6486551730226667	0.04854842153126415	0.3785494480656997	3.442184963254796	0.4580566804317889	0.0	0.0	0.1624507278524212	0.00591148347651449	0.0665933680991001	0.977882126982422	0.8195871487356434	0.0031681120052169387	0.06384583010795114	0.47507115105185815	0.677047661011128	nan	nan	0.007012411377198907	1665.0887671982023	1885	1.0710769737685957e-05
-0.040790754566176535	0.6089329423004793	3.347404973428577	-0.5953456716191918	0.05536747775197193	0.4133963402159931	3.0993402003392188	-0.5130833976928134	0.0	0.0	0.16912110938181996	0.005357448243308027	0.06417196218990545	0.9032989718664111	0.7664450055079312	0.004000868929345591	0.060564764481960603	0.653871320718467	0.5723747313571261	nan	nan	0.006956456394470206	1592.1532048270933	1885	9.506602246427049e-05
-0.024650712769465177	0.534833377613193	5.609368980030589	4.940145955411431	0.03919597607916869	0.3224273746075246	4.535316509613828	3.335832010741667	0.0	0.0	0.17102511399313647	0.0031332717102537377	0.08474012672029435	0.48373278594527314	2.020646150171615	0.0019849877785294012	0.0655528271135069	0.3442805610301347	0.8954369208678269	nan	nan	0.007138846311202318	1642.6686570772292	1885	4.745018449092143e-05
-0.02611116765992627	0.5539314290972221	5.272870128104936	4.166155521454924	0.055738427689825176	0.3813648453443999	2.1231333933538727	-0.6037253835560996	0.0	0.0	0.16467122701013143	0.014422768164546795	0.24810216963045928	1.0142604977286869	7.91515338192527	0.023795660133707708	0.06298169124792613	2.490701439036343	2.5433488580615133	nan	nan	0.0069814517666881015	1737.5082232467487	1885	3.525345593013103e-05
-0.042841620078071685	0.6353056416579891	3.2073759836685696	-0.6302388709834913	0.04482001714851158	0.3243025293211063	3.7478763154602412	1.6536430627346421	0.0	0.0	0.1566929796061749	0.02096769979342783	0.06890998194334058	2.6821993001974564	2.6466181653918888	0.015467756883658534	0.22351712559580436	1.2829693275714926	4.864189986283703	nan	nan	0.006844394135523776	1687.137838625003	1885	3.641449192362126e-05
-0.02056109844692733	0.4568958579229941	6.042587172896425	8.472617761384702	0.03783461530030108	0.2830107887946858	4.579257347206029	4.128772159567522	0.0	0.0	0.1751526961250335	0.0025316186018518594	0.08740204760109438	0.46209035130009735	2.6954670092743878	0.00180855692934756	0.06265600821957545	0.3241237359652547	0.9505766481795576	nan	nan	0.007220092891788127	1701.1033112965529	1885	5.870170114454012e-05
-0.025496323536082444	0.5215360011618557	5.199370967153202	4.083500182673428	0.05412212009916506	0.4021298429003679	2.7589018838855277	-0.5872202500798973	0.0	0.0	0.16531406040964022	0.012373564891371536	0.22406206291863412	0.9626161249360683	7.091502330345912	0.016792316307234212	0.06627675459779267	2.2500650711778523	2.2544690745932217	nan	nan	0.007135445645862298	1642.965465373395	1885	4.5979087774067286e-05
-0.02550954302324948	0.5216421642345233	5.299200788382653	4.479940858450655	0.03582280318495523	0.20341462340000016	4.525194949463608	5.91696345068848	0.0	0.0	0.1548672447972535	0.009677529273194485	0.17183868582606548	0.7913099832970603	5.622975725695582	0.002962328099830769	0.05592280766416646	0.380904476597443	1.914130691458617	nan	nan	0.006986315896874637	1757.4093217521831	1885	0.0006873238562902788
-0.041585755086185894	0.6256942437200066	3.159948467389648	-0.5965417012628965	0.05474518461121192	0.4076490732930036	2.706192331851056	-0.6036979633888643	0.0	0.0	0.1675322216886193	0.015313443480588163	0.06672443623225888	2.0591361957893244	2.0032443688703543	0.013698167031435005	0.06492962101288244	1.8227167167535057	1.7580273348665443	nan	nan	0.007097567066220278	1680.0840716603918	1885	3.66992323327726e-05
-0.04173142615739456	0.5993300270140055	2.9833700250062134	-0.6142038806094738	0.04688175959377805	0.29089634308459195	3.0502199215270243	0.8873518658158472	0.0	0.0	0.17655816299586607	0.006682198905606729	0.06080045524831057	0.9629903806807028	0.8550990715960765	0.00261309015583322	0.06100449026964022	0.40310831943257464	0.6755256217213261	nan	nan	0.007093025483827675	1593.5368513320973	1885	8.868705059368281e-05
-0.042463977183973434	0.6438291212333475	3.409123254917138	-0.5858150619790469	0.04677275314259277	0.34840848799426005	3.5532768444467844	0.9793934097544276	0.0	0.0	0.1546587487247933	0.013403642616701406	0.06897567934096388	1.8591718652995803	1.7969622042451585	0.02096656670383068	0.23252310776438317	1.974247978014306	5.39802364466949	nan	nan	0.0069680234812125735	1584.2431986988618	1885	7.961598515509056e-05
-0.050642733659693184	0.6766735022784095	2.7005527182959774	-1.312276045918898	0.04225253958664954	0.32817280358018996	4.1101762248691305	2.245671422454661	0.0	0.0	0.15189120735903816	0.026126702164103788	0.1721946770767267	3.2162591458557914	1.834671215411596	0.0357841475069659	0.5455470055722551	2.5011831720861553	13.259986713858343	nan	nan	0.007470797247991476	1595.302727274563	1885	0.0001371582297769412
-0.026057461715253027	0.5262261248651026	5.451331137188241	4.26295844087479	0.04710846472400476	0.32005061819454844	3.705267204344258	1.0649723358087728	0.0	0.0	0.15317749685596088	0.0033012772488043574	0.08310584192114778	0.5044021592919075	1.9140379757421224	0.0023879773929519343	0.06126647217209025	0.3953932493432373	0.6754022727097972	nan	nan	0.006782479058510885	1603.1493004993615	1885	8.054318755451225e-05
-0.029833955838688198	0.6557986321442326	5.749419032229566	2.7248762409969136	0.05572477528570685	0.45127511213707205	3.0401079254379826	-0.59171039030326	0.0	0.0	0.15674817347209677	0.01544790241187749	0.2070787771067592	1.3953817452733346	6.35017082848285	0.013154677990728558	0.06716459476747416	1.7420814175680408	1.6841867331679237	nan	nan	0.006916745077054684	1725.7788942140628	1885	0.00010254255402113457
-0.030444613588859637	0.5549701212585648	4.3107824729099065	1.9094539007039844	0.05343224567213456	0.3824634769703116	2.763281206921854	-0.3340533582366388	0.0	0.0	0.15485345367759296	0.0041603046427878265	0.07610732405109563	0.5616943215431913	1.4303837227416132	0.0036564170307393784	0.0579070787358969	0.5546810065123298	0.5346765823311119	nan	nan	0.006904245300289616	1689.5520371775208	1885	9.190417575015546e-05
-0.04822303657721738	0.5956084778796873	2.216281695818829	-1.190766222258607	0.04328270076201002	0.30922952432854256	3.7154703648715213	1.8925051912005104	0.0	0.0	0.16200672643772807	0.006992136035362084	0.06134315911311161	0.8703748174570045	0.489587504929424	0.0023830255994550242	0.06491144818099912	0.3647337486758535	0.8017149738671512	nan	nan	0.006930905071307267	1702.1824969166685	1885	2.3103023410800813e-05
-0.027417138512577766	0.5656827850670016	5.21227203599353	3.7127789262061666	0.034397010363938385	0.24799011448427116	5.040131717275016	6.814183745868914	0.0	0.0	0.15408991059969998	0.0033553589527041128	0.0777106240946592	0.4657989236578368	1.6579812513333654	0.0016616449095913088	0.05796910894694382	0.2981556487391348	1.175950766018169	nan	nan	0.00668949840260237	1520.093501559732	1885	3.2629288917716325e-05
-0.03223363676140989	0.6295064657677485	4.64430489261403	1.5180362214903922	0.05744652727142752	0.45607987739871414	2.7188046976658176	-0.6401690120142338	0.0	0.0	0.16769999541980146	0.016787725158373346	0.17049443508720488	1.7050156126295057	5.110644178094448	0.02058257296607402	0.06561170123735788	2.3327135090031668	2.262448262833581	nan	nan	0.006812738779345018	1627.6737759716884	1885	6.357659925342046e-05
-0.02005912315879621	0.41809044011167945	5.780035162419786	9.400735800071345	0.04099912858979615	0.270727152042116	4.215376864819596	3.1453238600368123	0.0	0.0	0.15811922886770935	0.002354819514401807	0.08403810627244929	0.4245609733352351	2.7394009937073505	0.0018759623115294222	0.06068833460907233	0.32107932124888316	0.8497533534934585	nan	nan	0.006816309820871058	1639.6581608416304	1885	2.7485563755747792e-05
-0.03963782375878233	0.5865361787762631	3.2346833757160223	-0.2722199090552539	0.053158628091524385	0.35277614666508184	2.783551393400181	-0.284857993916207	0.0	0.0	0.16273895666504898	0.006515996393012535	0.06075220880753185	0.9277338317705803	1.026156326884629	0.0036263523389162833	0.058129512591083315	0.5744914993272634	0.580614647822152	nan	nan	0.006959271432014427	1659.6554451093273	1885	0.00017959479752874296
-0.0436223129254486	0.6604656025918341	3.572308238418251	-0.5968034733210927	0.04470976844413044	0.3455503388179413	4.256830410405933	1.757777573298465	0.0	0.0	0.15695762297998375	0.007345272547416681	0.06808420443535756	1.1045939201325607	0.9696778014983793	0.012871074768603719	0.19847150228543214	1.1313927629031166	4.317800634885927	nan	nan	0.006924775836719924	1675.2480645202477	1885	5.518253349597164e-05
-0.033947593293171874	0.6410331829142162	4.491305571941259	1.1062517171193336	0.056873926165540656	0.43279657694218593	2.522995148712046	-0.7216393531971776	0.0	0.0	0.16605693822046097	0.005367681275368741	0.07578309243327053	0.7084562767851892	1.4286574395535703	0.004623992965282597	0.05991264638588106	0.6482250258621742	0.49350484504595654	nan	nan	0.007008277059355805	1619.1572045923874	1885	4.1107825453003264e-05
-0.03023939286152777	0.6101838600188688	5.08266497477872	2.2368252873835077	0.04374346054292455	0.34392226966262857	3.8851274427449067	1.8082328532885208	0.0	0.0	0.1599336404178115	0.004013474661663463	0.07824405005131657	0.5771291774599718	1.5033514577680627	0.0023687939641523492	0.06431023994759619	0.3646832821846395	0.7468991388832192	nan	nan	0.00681385747705647	1608.277779228544	1885	9.302651006836477e-06
-0.02278976801690802	0.44647661831675006	5.187598268415568	6.021970581914338	0.04777194521955441	0.34345157412748734	3.4795386022836046	0.7105585062980652	0.0	0.0	0.15546941373359077	0.0028570027540041343	0.08564201972268934	0.4563302573705492	2.2474744098425496	0.002590480002679918	0.06113819588586111	0.4160633218466696	0.6292306335447377	nan	nan	0.006851097889571417	1644.284419553021	1885	5.0729163606440646e-05
-0.02313805437445904	0.4682116389742846	5.334297692771077	5.730257668793896	0.05546835217766177	0.38174545513838287	2.643841618723445	-0.5957401493240035	0.0	0.0	0.16537472374483475	0.014704073108614879	0.31539601572888043	0.8406328410223991	11.125323505536787	0.010963448097503048	0.06422138147979445	1.5176948295324233	1.446305634496324	nan	nan	0.0069438043905321045	1517.009128041168	1885	2.0186260073728242e-05
-0.040915726064680746	0.6517027467586997	3.7388567634626457	-0.6062243733777853	0.03491709481394589	0.23096973191227682	5.02810695991349	6.350495207848166	0.0	0.0	0.1600327914258628	0.004938579473158733	0.06253849801034944	0.8735313486910783	0.7305667888014479	0.0017754528112224888	0.0613521542930934	0.31585722974722774	1.2646158018807918	nan	nan	0.006956118977896553	1658.494764526504	1885	0.00013543480457391504
-0.02528159903565874	0.5194826744617489	5.321120784739728	4.649678024199787	0.04436717796077905	0.3370930549291088	3.9023126581140977	1.6456185121979443	0.0	0.0	0.1509923653969395	0.0031416699561065964	0.08236662091835784	0.4602956610716391	1.9074734528928583	0.0023137492146561023	0.063623896981434	0.3732323864681508	0.7245975366315796	nan	nan	0.00685051322343895	1607.5215703328763	1885	7.794938230734062e-05
-0.04155386346662371	0.6470965863226741	3.729860615291487	-0.5929936013540839	0.03947690718551544	0.2729958191561879	4.362690264460582	3.720649606261837	0.0	0.0	0.16753839424941608	0.004887675681973458	0.0624555490178717	0.8570052686367107	0.7164331393566508	0.0020084079691838896	0.06491725560305636	0.3324267465452624	0.998156448350787	nan	nan	0.006900505828695336	1659.8423885194254	1885	3.312433490475219e-05
-0.04310278697370551	0.6763516347484637	3.758545296597431	-0.5810109112916492	0.04405926734236054	0.3282821830527919	4.10574311665043	1.9975644519623268	0.0	0.0	0.1635185261548065	0.020956848719702215	0.07336576110664972	2.8281409677681824	2.90282558562077	0.019785518502274835	0.3132563136064469	1.5070581198270867	6.9422569907941165	nan	nan	0.007005459686524912	1681.1081847256685	1885	9.372689006593218e-05
-0.04130719937170291	0.6343337969128481	3.4353276849051406	-0.6065412535440216	0.05276487081317427	0.3586418020774845	2.7178724588717795	-0.3705935189091086	0.0	0.0	0.15520785791566713	0.006602326586337859	0.06390098828301138	1.0397495598045159	0.9228419013242524	0.0038246713966952894	0.0585852058068784	0.6058818527271344	0.5890167550513185	nan	nan	0.006990398415829477	1604.3281922754365	1885	0.00014534811679104976
-0.04768494943129531	0.6444414714981166	2.7694003015874618	-1.1611100636114164	0.04446978272890734	0.30448019904452334	3.736768960708983	1.6018218278235672	0.0	0.0	0.16017729540010922	0.0066440072392247584	0.06391988088213896	0.9457511024280811	0.555649529647406	0.0024397009288300575	0.06493988108215912	0.38554148855023795	0.7968685280645899	nan	nan	0.00696431367327939	1619.4864006833345	1885	3.907793958762097e-05
-0.041164515095301724	0.6926729754793541	4.146881807167587	-0.5869086467175884	0.04233473367214513	0.35143963196893574	4.453375891961237	2.365769103722462	0.0	0.0	0.16581254173508536	0.0059722743492006125	0.065004267836483	1.0386963910252256	0.9221388787380523	0.0023725039678034188	0.0684060609453892	0.3802114333938986	0.8775424389147229	nan	nan	0.006931012432226297	1784.7012535450172	1885	7.952770880077178e-05
-0.05541430050278118	0.6139737257269835	1.777628868279015	-1.60558521709729	0.03343181946625773	0.21479717564974482	4.915338718043003	7.106071907294925	0.0	0.0	0.17544338635064188	0.0061466631827278295	0.05937439383015686	0.6363651207137356	0.23088442458856576	0.0016640829213507846	0.058112055420355746	0.3025427303968713	1.2648758935864153	nan	nan	0.007067700394044196	1661.269330720216	1885	2.6944606709438116e-05
-0.041592330379537246	0.6574451511274122	3.744236216644603	-0.511093274972054	0.05492617534391253	0.35222007596417626	2.4897132942764975	-0.5928988476584138	0.0	0.0	0.15241008172370174	0.006662251107048489	0.06335579431933025	1.0434350359858433	0.9859163717800252	0.0040758685488002655	0.057848099620856824	0.6516995198478298	0.5508387007031627	nan	nan	0.006916157157852848	1649.5421631144472	1885	2.861123106339218e-05
-0.030551023886837392	0.5876546547419171	5.013947643616729	2.392784202592114	0.04176022581548744	0.2329203907841485	3.8279376807537844	2.911208162418616	0.0	0.0	0.15520626323205447	0.0038685469762635427	0.07541017497180891	0.5390381924394747	1.4747498854762695	0.0019008165920193498	0.06015655941817391	0.3179247968228345	0.8639770757284824	nan	nan	0.006801681628000225	1666.8406614282017	1885	2.7483289023636466e-05
-0.04389954809071539	0.690426278271238	3.685496830583154	-0.680263366979161	0.044439352603037996	0.33460181257920185	4.044286727220239	1.7884904080662039	0.0	0.0	0.16171021264618632	0.036673435262500775	0.07864090737648777	6.78327551861896	4.718017574864503	0.017164676541957302	0.2553367033353555	1.4272276528290853	5.7084305840662175	nan	nan	0.00706740574742519	1708.096148098798	1885	4.2979446404837266e-05
-0.04091151663389481	0.7605406664023694	4.837629261542698	-0.17795729842185112	0.0509831333342361	0.41422539358110255	3.5071640835753537	0.16940175836863453	0.0	0.0	0.15412715776510383	0.00620110667076923	0.06804191454368824	0.9799040674854971	1.0857474398318891	0.0033107578324669262	0.06130690717608209	0.4974010311524948	0.6164154677709479	nan	nan	0.006785122298065702	1678.6465090924971	1885	2.3650231150303788e-05
-0.026251569245920203	0.5348835887199235	5.109848439250686	4.173985632438161	0.05589488685058264	0.3918308053389412	2.5945073416622035	-0.610510328820285	0.0	0.0	0.15745769698988868	0.009906954976263371	0.17964013691188144	0.7300777383834269	5.404210077661474	0.014071565385051277	0.06293745193893902	1.830533284208427	1.7628202929048524	nan	nan	0.006789424438008007	1671.104668113453	1885	0.00012286710830779283
-0.049974329080032076	0.7072733177001255	3.331196726165353	-1.4437057552055372	0.03961530126369639	0.2547120956537227	4.668283853877503	4.26918997549387	0.0	0.0	0.15952237911596198	0.006033769431383951	0.06833835841908065	1.0264143839479718	0.48681065198941353	0.0019232120064698321	0.0620090035472565	0.3243052307835703	1.0410012117249055	nan	nan	0.006693491793256831	1677.5898867415726	1885	2.837823559387409e-05
-0.049437552430497966	0.6592287011728064	2.6714454340115195	-1.359693113650271	0.03868476008351984	0.29672807144070523	4.523320756460453	3.6982591983582616	0.0	0.0	0.15418105442739904	0.012847014728185835	0.09637684209198355	1.7857371115696146	0.9131245048640652	0.012942359769018585	0.27227093742137143	0.7887162937784082	6.702147320432101	nan	nan	0.006907190078516645	1625.3491983436475	1885	0.0001971418806040382
-0.04207176755190245	0.6138390878881359	3.0490762368083373	-0.6743268680319338	0.04338105608917653	0.3143326352388863	3.802975773839346	1.7881048561191228	0.0	0.0	0.1616085135324941	0.034433589032802914	0.07714674545667705	6.504144115670136	4.3239008431075865	0.01826657403488252	0.28158936782806604	1.5165819099657538	6.235046294813575	nan	nan	0.00718991459212287	1498.1090582121344	1885	7.773120389503767e-05
-0.04170135256018481	0.6463364345560206	3.241598086860533	-0.6125952998414963	0.04548023564011583	0.43477306298254315	4.217649008228061	1.2535563453311662	0.0	0.0	0.16016015659067817	0.0064728910105453785	0.06327875391657678	0.9519169927572546	0.8335548477999141	0.0029268429021221953	0.06867458479022967	0.4299706006415882	0.7572632690337993	nan	nan	0.006974478056454417	1651.7269434563048	1885	6.009319255589196e-05
-0.041748634838465026	0.6042320000169474	3.1106057836040213	-0.5340584833168626	0.05136625135969952	0.3632194867635146	3.0299519352087367	0.0381414874172734	0.0	0.0	0.17014561740320894	0.006016301592890627	0.06046073660216644	0.8818295245156829	0.8047819083263382	0.0034686694786255634	0.06050304059535666	0.5281853440513662	0.6253658475407158	nan	nan	0.006952169477687592	1599.66830581194	1885	5.5592975610686373e-05
-0.03212160860634161	0.6026893092280965	4.639805611290107	1.4196117369942336	0.054465930101130766	0.39316595804155186	2.7411298066566134	-0.5676593078653978	0.0	0.0	0.14285562670185475	0.014704729278892992	0.14937489854813663	1.642961246213031	4.58252680200303	0.012837930947532161	0.06445564821386851	1.7612499188456257	1.7421284186631811	nan	nan	0.00679810098258847	1709.5345461894926	1885	2.5164219002122767e-05
-0.04168710473946469	0.6167333765742204	3.2624863509058466	-0.4564928051114104	0.05571962293832966	0.3384985546360102	2.3952201803327267	-0.5912990846653574	0.0	0.0	0.14508198828139066	0.007071186211239366	0.06088660233911336	0.9958482382988469	0.9878433063558695	0.0037154178668922233	0.05690848770565579	0.6007237217414263	0.49469541979256615	nan	nan	0.006613338744009281	1618.4314240532553	1885	8.033554091144512e-05
-0.01745464489592652	0.39133748262097606	6.207238716277683	12.826256833591293	0.04140551860595609	0.31633461371697563	4.215371387289082	2.541885830894067	0.0	0.0	0.16697197600842248	0.002073128791768797	0.08611453207501918	0.44620967474894924	3.4082691407438492	0.0020399088786821062	0.06379707280283214	0.34845989631739416	0.8025752371907122	nan	nan	0.007019090222074309	1682.3117673142228	1885	3.0222089571359654e-05
-0.03475723394369934	0.6008397662155363	4.277487345533018	0.896084568278433	0.04949537462702569	0.27743935672811243	2.7066169522921024	0.4152555163881209	0.0	0.0	0.1599020697941927	0.004849889727740142	0.06965740012875521	0.6974240873266364	1.2469877002700487	0.002760530751710788	0.05733903102471785	0.4272904485327642	0.6104911997556851	nan	nan	0.006870292586707807	1644.8457714315423	1885	4.5632045873498725e-05
-0.0424373073722476	0.6403628066976268	3.334353592145465	-0.6086837762412117	0.055005155947231765	0.40231606059111	2.8138269995855847	-0.45556451257997693	0.0	0.0	0.16270140040055847	0.007369584418326969	0.06193838731961854	1.0751125231677816	0.9678832073335211	0.004187843957977111	0.05856413249532755	0.6216088662382022	0.5696593388378222	nan	nan	0.006817628898431641	1608.1050400332388	1885	8.451444678438397e-05
-0.030555643712406266	0.6504958672550976	5.60966989390362	2.439766917358953	0.05695827412552945	0.4109498772959884	2.630076812619164	-0.7330233188650952	0.0	0.0	0.15771939242481747	0.004177413191728874	0.08084095691410192	0.6015743768589763	1.614654013458234	0.004141815188426268	0.05785374858053419	0.637320627510167	0.4818296042887934	nan	nan	0.006877594964811717	1608.8555554813743	1885	0.0001120916647369137
-0.04491695325144107	0.6022815001007944	2.694539078558541	-0.9319582427052283	0.043601930599038496	0.30041760986640015	3.882785556810324	1.9282062450652782	0.0	0.0	0.16483965649674878	0.006767289712131752	0.06033928043023551	0.9528774362884523	0.6711062220618011	0.002349511256904191	0.06565575822632935	0.37696525290849303	0.8329481288413102	nan	nan	0.007057886200057456	1602.580435509324	1885	0.00013654762626493018
-0.040916346273547566	0.6034733173625981	3.1617256263831273	-0.5934195511197425	0.04800763450119394	0.3558612650938407	3.526231853169401	0.7334067381778488	0.0	0.0	0.15846475802955007	0.005697125756690458	0.06238153525878415	0.8974612946183322	0.7795913148843967	0.002940755063738587	0.06372686545386602	0.44749122238093064	0.7009748510776884	nan	nan	0.006897066889104908	1625.311011638482	1885	1.03297470990506e-05
-0.040149189688358455	0.6733218236486118	4.0148009268501745	-0.345334974527121	0.05596891206526533	0.42378978303267095	2.7304510736966385	-0.5909766296319949	0.0	0.0	0.14456616717196052	0.02460049899184935	0.07263830122162379	3.2900227514238276	4.060775471711357	0.011064825596414418	0.062063509064119254	1.4214380860033529	1.3518702100368618	nan	nan	0.006681903710755124	1616.7323353784627	1885	7.207436742980777e-05
-0.02210004545727917	0.49920544346908047	6.09278390169393	7.2436635920526875	0.04221358123354402	0.3382945404515847	4.448333892777434	2.4377755896574205	0.0	0.0	0.1595323923508822	0.0027206370240786537	0.08675707337301886	0.4735156956487723	2.4320856423479156	0.002106477521347183	0.06459092498473487	0.3580433272684398	0.8021753107248103	nan	nan	0.006937140753090848	1630.2988007120964	1885	5.2579860387008525e-05
-0.04369103644989991	0.6803091681193381	3.546573634943209	-0.6673594209580406	0.04821870519308269	0.37034955210460474	3.445457658770059	0.6599772267089522	0.0	0.0	0.16595853969953242	0.021404204700422758	0.07554820116668537	2.8178702174912136	2.7103945314551527	0.02687858963692047	0.24719061662534716	2.53769572644151	6.039095570107092	nan	nan	0.0070895238968892715	1635.3885528361036	1885	6.7053362019830075e-06
-0.04160153341035655	0.7011927627526031	4.163049401410673	-0.5775885811035143	0.05540129925584325	0.4686092372671006	3.2510274089447173	-0.5428077491308475	0.0	0.0	0.16090443318484213	0.005358947570340333	0.06697248935841787	0.9512541449752057	0.8099994470150569	0.004252473555069636	0.06204874499529578	0.6598646718675019	0.5634545879110624	nan	nan	0.006856512527078959	1604.2716082377763	1885	2.5232150017327735e-05
-0.023968617403133163	0.5097251851934728	5.6623825036442845	5.854921767843233	0.039329240953025035	0.2356783329905161	3.8648211239028085	3.584763028268415	0.0	0.0	0.1625490283533238	0.0029328767854054916	0.08313590528949028	0.4506899633400647	2.1242212983739117	0.0017908469709474462	0.059691054913889846	0.3007174340183325	0.8870521664042862	nan	nan	0.006814484727111686	1619.688630099686	1885	2.3015499695075146e-05
-0.02374501434570253	0.5402742020356717	6.073753296087082	6.190115465997115	0.055541648780494945	0.4140161610766598	3.01457578014296	-0.5740220148328792	0.0	0.0	0.15823246772309207	0.011808350511962551	0.2502497847060693	0.6871250561976674	8.89944211691912	0.013982414625760331	0.06418683183876375	1.948609206582109	1.9370796728808621	nan	nan	0.006888371641532595	1596.4564823477633	1885	0.00010606363951494922
-0.04107465947861055	0.654593151744307	3.608824046579162	-0.5149369753003795	0.0545355649957695	0.38775103318006127	2.573615672693237	-0.52438049766334	0.0	0.0	0.16051812621638822	0.02086102489475511	0.06695768099688548	2.828234148695887	3.046114446889528	0.060719884681235514	0.06484940425957286	5.674806878308792	7.913480077554475	nan	nan	0.006977253649416731	1777.939816509136	1885	0.00016162036225133149
-0.041719407561611965	0.6056788263689498	3.259576656728247	-0.6200241837425283	0.04702989639509658	0.27088756786549895	3.3629345767965995	1.1555112013034385	0.0	0.0	0.1590998334810288	0.010293168782182949	0.0678115659177278	1.5373604543595092	1.414379606870076	0.011340482463744639	0.15671014536867606	1.2236072909505025	3.492353692780763	nan	nan	0.006806528691961397	1715.9704418444578	1885	8.161844176728045e-05
-0.04191742279325106	0.6137095881331138	3.3698776016323277	-0.5951247727360659	0.044846404795102046	0.2914193928168071	4.092860108132461	1.7757856947526554	0.0	0.0	0.16186546977673494	0.00865315807791972	0.06685855840573579	1.323736389354701	1.2093143914127977	0.009938002547702385	0.17087388454935348	1.006486846717718	3.738930929728728	nan	nan	0.007048938483269207	1597.198475240523	1885	7.750642135322381e-05
-0.04363019481804453	0.7547781495882472	4.3968620460854515	-0.7372433440227278	0.042285312480006	0.3750304574540855	4.6550895312394385	2.509553141098788	0.0	0.0	0.15609968089917547	0.00619502956695861	0.06620014336429936	1.0600947850026055	0.856406521515502	0.0023886622244584377	0.06801470715621447	0.36846073511353117	0.879027104391498	nan	nan	0.006810200128606836	1645.480677504369	1885	0.0001257582238753261
-0.034942922791754705	0.6318609752526717	4.4564215280876756	0.7847587278496808	0.0544555138099303	0.4041212553294816	3.15152354488486	-0.4623437986552428	0.0	0.0	0.14755515363700897	0.005034029812160723	0.0710997737292664	0.7264498747225359	1.2610728797723785	0.003623884964922053	0.05969117453097708	0.6126428065685319	0.549291527099267	nan	nan	0.006800143588187715	1561.0672667985411	1885	2.253875751648014e-05
-0.024113390375425925	0.4976652386047885	5.564367179368875	5.661842101475633	0.03814948496089143	0.2448969045835953	4.582317595574511	4.725758957942642	0.0	0.0	0.17285430431540524	0.006400256596846954	0.1278049611906188	0.5833772521610072	4.474466953325451	0.004420412115859973	0.13565258034467306	0.3726390071605148	2.9829544861646013	nan	nan	0.006925959730176609	1663.6647562569717	1885	0.0009247922705962392
-0.025382357946499234	0.5539874209063632	5.7604276808400865	4.7292185145800865	0.04039250241096215	0.31419551481291047	4.532621355982491	3.3683106479272564	0.0	0.0	0.16196615078005944	0.003206012764071564	0.0841343775741073	0.48823114489141695	1.971813185673054	0.001964097105519258	0.0629569318873277	0.33126244105279845	0.8740621622099032	nan	nan	0.006815677307338661	1665.1899832956778	1885	3.439949902214045e-05
-0.023690893137053748	0.42882258461547834	5.13485380030316	5.418305974963391	0.05458077889911972	0.27118187933391713	2.1045409114634532	-0.5865748648916204	0.0	0.0	0.15238754558462825	0.008537387998984902	0.19247725132722374	0.6295752476189298	6.3483651111164585	0.006660950449249969	0.0587712675897579	1.0728319419568775	0.994334166221479	nan	nan	0.006842733235493184	1713.6257739630155	1885	0.00012394134658813026
-0.025726807660231055	0.5378062753360537	5.3070286068133985	4.035319780817501	0.054893109659970296	0.4076514809124321	2.598620285381985	-0.6000053935878812	0.0	0.0	0.16030700030523534	0.010611253997668824	0.1925037557867014	0.8613766171071102	5.9334141236322235	0.00763575114116033	0.0651634101994602	1.0399493818975103	0.9331347337053795	nan	nan	0.007029646283273738	1682.5509072288473	1885	1.854563383522606e-06
-0.024412925315640654	0.5466707808410087	5.858715554219569	5.092304451149739	0.03769151290783279	0.35587001460341555	5.2270869035714345	4.25558301146679	0.0	0.0	0.16885160511483494	0.003120616399511722	0.0856146897844543	0.49643162345208536	2.079207082781242	0.0019231851727753435	0.06596350371916168	0.34484060145341644	0.972730234262231	nan	nan	0.007015489191428206	1695.7673271154924	1885	4.204977054132514e-05
-0.04278059877215579	0.6625073429527757	3.5956714665708023	-0.7271531559521608	0.045992024390705044	0.34858345006093056	3.7513750558451013	1.1814761791103787	0.0	0.0	0.1695833368355198	0.006469023855200096	0.06323453389133543	1.0418659381424948	0.8543872389343783	0.002732421829118259	0.06555636494156541	0.4171291893421074	0.7547170754209687	nan	nan	0.007065909961612882	1674.622362963807	1885	9.968674999482371e-05
-0.0435518966271804	0.6998950785417188	3.646486195190083	-0.6474756178603953	0.03982571196535911	0.3284917675825867	4.425478502713754	3.0724233619136494	0.0	0.0	0.16459893589408442	0.016845358440266966	0.11005300620989561	2.3450864356476067	2.155537207378876	0.04605207792420529	0.7650359758650928	2.4534386394943306	20.346300392755307	nan	nan	0.007817143141633232	1684.0280017744094	1885	0.00010157820287199104
-0.02176479942678	0.4482437321869943	5.035574550180053	6.906023841937805	0.055401521716006874	0.42289885605075306	2.639724880290929	-0.5103027612660735	0.0	0.0	0.15117302939366142	0.0028536972243297654	0.0870527490810632	0.4112387445524366	2.4236596225327736	0.0039062319658721423	0.05763149910890611	0.5527990863202352	0.47111795922875205	nan	nan	0.0067264477156523395	1736.5437603486744	1885	5.4945046059371645e-05
-0.024358433506862842	0.5550185197423796	5.7101629626212125	5.491408625794051	0.05561514959276814	0.4436814470493786	2.8988732620158535	-0.5466054690988659	0.0	0.0	0.16019801899229288	0.0034861455495140414	0.09132020733780402	0.49556878864662046	2.338504493661406	0.003901191203215415	0.059621912802767685	0.5864323855279878	0.4860998553573899	nan	nan	0.006820850059871583	1714.0480684752047	1885	0.00016975289569159396
-0.054721164203557215	0.5718011246491446	1.6178179223632	-1.6403433294511334	0.055219250287837696	0.3411660185831703	2.2822848578236505	-0.6377320162920024	0.0	0.0	0.16758064789326238	0.009987734995362929	0.07787904738193527	1.0318409254422654	0.3503186195068259	0.024688823655414915	0.06319695706436215	3.044689748592113	3.153301725295414	nan	nan	0.007075257606312585	1557.2008942485418	1885	0.00014077043168284338
-0.022124959345440454	0.46262510420559966	5.556333555247461	6.743258970313804	0.03263957316035304	0.19784069704176427	5.027137491251571	8.328871534568576	0.0	0.0	0.15466217772610488	0.00264794611618685	0.08272082549252291	0.4261198945787643	2.273385953560372	0.001560848273061688	0.052579573317603906	0.2764007791647156	1.2774647127657994	nan	nan	0.006767625577493039	1694.7821425653851	1885	3.2597104776905244e-05
-0.025665871227084525	0.5086808459289817	4.962974716991837	4.145864695717191	0.03036957291016784	0.112177181741625	4.710771264157234	10.650052021927202	0.0	0.0	0.16662606382574596	0.003177226287877033	0.07855175486014326	0.4452944905462073	1.7840507571914557	0.0016002012680220723	0.04494847352391401	0.25369124161516954	1.5241817503232777	nan	nan	0.007096101527598084	1760.6466243809107	1885	1.684526559484314e-06
-0.0273436570034008	0.5859355142530974	5.804365301245081	3.6681124051186287	0.03959768503365657	0.2489705537973167	4.258414036357666	3.5949738202370742	0.0	0.0	0.15047413791898573	0.003484347014829303	0.08229549971673478	0.5319628333615323	1.801193246419848	0.0018353788389627868	0.061073926822425045	0.3186250087312217	0.9262150391029726	nan	nan	0.0068278297171935065	1543.3117634445416	1885	2.3046693661460817e-05
-0.041710778859852526	0.6435761293256177	3.3772693873864124	-0.61793114953154	0.04331125237448563	0.36258856247028504	4.196586657478713	1.8676965439123396	0.0	0.0	0.15750495206818677	0.005987791431195155	0.06279836908991066	0.9289581974791203	0.8020151601908019	0.0025379458247207776	0.06822828679607712	0.39145758649023077	0.829707090546	nan	nan	0.0069471095479083644	1728.6326909544277	1885	1.1913910471929372e-05
-0.041687742838692254	0.6423433040167559	3.717594138408903	-0.5746279437036605	0.043311579691247104	0.2968296184500134	4.276150261395283	2.3912696326939997	0.0	0.0	0.16028872341156633	0.01108536171771668	0.07167673909857974	1.714541572270122	1.6461667792353516	0.017017928429093443	0.30577979278106315	1.3356554807166665	7.043830096237894	nan	nan	0.007017029171876729	1670.822950423481	1885	0.00011180817913395712
-0.023895108810660592	0.5320661392755321	5.838941079201993	5.278115382093479	0.05494495186080628	0.4152338209533585	2.809493581065081	-0.557085526474345	0.0	0.0	0.15329449585934013	0.016468436942148446	0.3263563473522189	1.0822690260453793	11.546838948142524	0.05552985027073376	0.06622248517794385	6.075944667739451	7.282738433400254	nan	nan	0.006933419146834888	1652.5147585912134	1885	0.00010165725988705259
-0.04296582234151125	0.6514965045189007	3.5952934201506306	-0.5360687144883418	0.045764105419777046	0.2756667742473556	3.600551540987578	1.5752418604422103	0.0	0.0	0.16522024961000534	0.0242446983466853	0.06700508777233449	3.1134766369364977	3.3744891730491218	0.014719374212692427	0.21885346446104353	1.4212673849784747	5.014153519162404	nan	nan	0.007007377545691945	1608.2244853424522	1885	0.00015838618367635792
-0.04241455605485833	0.6311062672536502	3.3033413107308016	-0.594966141203913	0.04393798035397789	0.30684032643484743	3.9309780793664806	1.8977066853231934	0.0	0.0	0.15897223865204663	0.01989493149151139	0.0704852116670488	2.622128299899207	2.64200798843014	0.01852844912567919	0.29454894852789026	1.5381380311750403	6.6131508104339884	nan	nan	0.0070622068797012855	1694.8296047904662	1885	7.61973763181401e-05
-0.04426433595935397	0.6472851329325668	3.2738089891463584	-0.625138866646579	0.04689881314122468	0.2911978363262121	3.229223282863991	1.1315218455949565	0.0	0.0	0.16313195478640902	0.01047492806059469	0.06645680058463421	1.4069721226216998	1.2785178138757451	0.0108025875541925	0.14302552322076204	1.0482876663438738	3.012095142541452	nan	nan	0.006851433630267287	1663.946719675116	1885	6.997990490322455e-05
-0.03159120579891639	0.6791737067966801	5.771455968761958	2.0572569731680685	0.054917223745706956	0.4154847068525876	2.8265504289674617	-0.5774571959468755	0.0	0.0	0.15681842996809062	0.015505700100947761	0.17983187186921595	1.6055677276770797	5.584812247447503	0.016489174162857667	0.06536918130876687	2.1567911820354553	2.1664188411252727	nan	nan	0.006911695616801286	1657.1808963139954	1885	2.758283175556948e-05
-0.04196430748032076	0.6599120395825891	3.4483484979497647	-0.5971581331112851	0.054863512463408926	0.44595414091544655	2.886506534611461	-0.592595941531992	0.0	0.0	0.16075469111586718	0.006565464020865719	0.06454501077424318	0.9933157741629417	0.8746007460379118	0.0045636322643000105	0.061927210792167814	0.6801333479949321	0.5688719042999973	nan	nan	0.007031084885407851	1652.0790430904606	1885	3.811992264290307e-05
-0.03386248814786397	0.6577640282771842	4.979703915880965	1.294949471837278	0.055654319300423305	0.3874474966719781	2.558186379750409	-0.591830251099438	0.0	0.0	0.16047668271416876	0.014700205351287077	0.1377675970852958	1.6414188936760246	4.2485398169993305	0.0085493154852756	0.06406419317261822	1.1597419284172439	1.0737758122789434	nan	nan	0.0067758015789883275	1642.7683440822811	1885	4.0385656122372396e-05
-0.04307461148919667	0.7191408895142102	3.956784540317665	-0.6804784285033824	0.043105535372394366	0.3594297751144076	4.215180909746173	1.870087770317938	0.0	0.0	0.16912853582066617	0.01687975838168232	0.09983715348948707	2.5018974259802516	2.2810104103082085	0.03973818562355691	0.5640663199046438	2.9275896457560133	13.370773607407033	nan	nan	0.007513060440868094	1677.6831217434546	1885	6.10786167066912e-05
-0.025812262546875964	0.5487936812853669	5.674942501208897	4.514631168950426	0.043276071133704574	0.31622330249212904	4.197145352792385	2.1921453249572074	0.0	0.0	0.1529267507842492	0.003224817251298584	0.08325809455645927	0.4973021012115404	1.917974759186554	0.0021343124096701027	0.06341525109004004	0.3601347503312802	0.7855346572590625	nan	nan	0.006789841302777058	1660.097506465423	1885	2.693371247160625e-05
-0.0415097384496762	0.5838473722278523	3.041637126340226	-0.62091779441913	0.05490701454800817	0.3125241514053385	2.3506627873699077	-0.5752177310554828	0.0	0.0	0.15980680764315397	0.011571550513985673	0.06525829988443271	1.664662733742144	1.5509486313073177	0.007622511370505847	0.060337275267750456	1.1696179875304593	1.10011964565421	nan	nan	0.0068547719359663	1665.3605020683851	1885	7.968818299328823e-05
-0.01958575994023215	0.43847831846525226	6.048974444437791	10.037218128004652	0.04014951998056815	0.3092069803087288	4.445072679418172	3.3048115215049476	0.0	0.0	0.15654499539470546	0.002341323378504012	0.08530441288880677	0.43882442083142514	2.870890586487034	0.001915852216914704	0.062215466200995634	0.32405428111558576	0.8520048755890399	nan	nan	0.006875077706290603	1564.0126469400516	1885	4.27879017526386e-05
-0.025013610875256775	0.4904972016548703	4.808328374651479	4.617773397250062	0.05529697661003663	0.37069088614500895	2.2621739570463233	-0.6150146288933772	0.0	0.0	0.1587801386037242	0.009886021663865707	0.19253358698368833	0.6620464873132179	5.908523281850937	0.008372254510617405	0.06270242085921351	1.0828902604102428	0.9794561172163034	nan	nan	0.00692500699810604	1553.008904997278	1885	7.197227442641586e-05
-0.03176509271055994	0.6251542230844274	5.027349058970616	1.9101438654115206	0.05533090599817614	0.39436473221483576	2.710176911266343	-0.5143171685838691	0.0	0.0	0.16113058851419443	0.004389976129378137	0.07741686288721994	0.6079344373073332	1.4854495235347265	0.0038785267643254295	0.058056462455100405	0.5919054517433591	0.5115548966088818	nan	nan	0.006840928097752469	1586.8965227806461	1885	0.00015171886588604745
-0.031554835389236535	0.6067135274183546	4.745965086967504	1.646133263248304	0.03935029859316708	0.3456681604067225	4.802933126177015	3.4675141066104107	0.0	0.0	0.15600053978093517	0.0040447821909095905	0.07322287691702134	0.5797628972284383	1.3150429208105707	0.002080712095487103	0.06704609081996277	0.3526817887575766	0.9371799555635308	nan	nan	0.006833462897818832	1693.8251816660745	1885	4.2909009717936896e-05
-0.03172074785888879	0.6042434913610806	4.64671264644029	1.584458605501365	0.04112317440841551	0.3429307639653742	4.218337095299328	2.5428443484224688	0.0	0.0	0.1568152379537539	0.004090586666173623	0.07306431387789614	0.5859432128376589	1.3007476766594366	0.0022371861596133247	0.06683952489471012	0.35888783395282386	0.8409090881060918	nan	nan	0.006985710331893075	1596.6910745580344	1885	5.1536313703986916e-05
-0.025960277725188385	0.5221687499283374	5.3943737519685815	4.248587630446943	0.06428148853581983	0.30474116581711186	1.1396440290622563	-1.347858726040496	0.0	0.0	0.14807935877332423	0.018732566754616875	0.3334271929187262	1.3219313259579435	10.939054122901778	0.013583384527405151	0.08224590257462278	1.340836948899625	0.6862870147244667	nan	nan	0.006787234524299246	1773.343225925768	1885	0.0001734598722846896
-0.03828969610897892	0.6508324310423486	4.136160768832054	-0.039864169771437155	0.050905504616831854	0.3535174827957253	2.9363989976170557	-0.016400481981691896	0.0	0.0	0.15485470530305526	0.005759917076975263	0.06564521775788895	0.9071368388465062	1.0965797005609659	0.003360823987117234	0.059405968116623104	0.5205029977784108	0.6047766982144801	nan	nan	0.00687086001472853	1565.9314545830985	1885	4.957626342880374e-05
-0.026070130179997264	0.5668854555497622	5.765382183041192	4.0861677124080895	0.03280489663152886	0.2190831624297493	5.257750537767196	7.815092672233764	0.0	0.0	0.1569138921943748	0.003292846594378951	0.08233425251697302	0.5063778973029849	1.8644438739778253	0.0016261306010173504	0.056475109551374664	0.3003634933769095	1.2999333183728143	nan	nan	0.006974983259701167	1571.2719738099013	1885	1.64257917951209e-05
-0.04283762851597506	0.7346655896351004	4.216289608733976	-0.5897337293560941	0.0562115322058363	0.46550912761385793	2.9507398077772438	-0.6067915996613265	0.0	0.0	0.17061234614421436	0.006804743414658143	0.06700946297739402	1.0909703984562253	0.9706470227191774	0.004613421885866331	0.06123787396991326	0.6660252996502356	0.549213716330412	nan	nan	0.006948548405749627	1598.8954932001507	1885	2.2737223914497217e-05
-0.042169128885917284	0.6605481321714777	3.46502557522683	-0.5614805895471339	0.05618950893459718	0.42523622234109104	2.6659157643356424	-0.6203527412722349	0.0	0.0	0.16324881799290214	0.04423658574439815	0.06616897356283663	6.7321646633508685	5.96488550995519	0.021921238856414282	0.0637215787925369	2.5916720880699335	2.592161583406515	nan	nan	0.006916363246667709	1671.5745875608134	1885	3.532136997358292e-05
-0.03679922362215493	0.633985112785506	4.043316179422764	0.40835927138590966	0.05510516429059775	0.39846881730154454	2.6153102571567857	-0.5789626646996199	0.0	0.0	0.1742955318200904	0.018005579193490884	0.10908113051562596	2.1234914595126044	3.8143535383891454	0.016972928749766303	0.0635227134840331	2.1389905188109837	2.1483887342640586	nan	nan	0.007125390269721921	1670.2432237038815	1885	0.0001392291545578228
-0.04169542759004563	0.5532747446855989	2.6394380664488777	-0.5924407177460413	0.054755560193323394	0.29366458890208286	1.8739158595752226	-0.5889509974672293	0.0	0.0	0.1596045928836596	0.006174872215853555	0.05989632449360724	0.8693602367983013	0.7612122524876962	0.004459330676465978	0.0556204734090473	0.640881058100991	0.5499738088247246	nan	nan	0.006798649900611131	1637.1847634882163	1885	2.3095052151375446e-07
-0.027828560951406178	0.5873146115269701	5.281563447790425	3.490233921374687	0.05641412039383864	0.42847502032145096	2.636436546959833	-0.6270561988129737	0.0	0.0	0.16529186929062828	0.010564432236494059	0.1717047687455092	0.8397958537800476	4.997570029794489	0.02783234090574538	0.0645700456988369	3.102440101985703	3.217319237027668	nan	nan	0.006897030828962272	1642.6828540042582	1885	8.793795649951754e-05
-0.04227956947849232	0.6633843949196476	3.7073797479923636	-0.5815034850724483	0.051161909707492015	0.37333412538869437	3.1904246267418435	0.024563802122478932	0.0	0.0	0.15778284883914104	0.005642555271435312	0.06328043786788318	0.9137099422721677	0.7948207950434347	0.0033977429199064657	0.060858042876017315	0.5339898930446829	0.6270402337109614	nan	nan	0.006942735822352233	1699.1243047126436	1885	0.00010826108555410196
-0.036981835519834694	0.6360802318902784	4.0069029956415365	0.2659790828794758	0.05566202208884574	0.40209007120455886	2.6321932082799826	-0.5910145247221872	0.0	0.0	0.15394195989002935	0.018036590873893144	0.1027729887808147	2.2018129687572405	3.693226057754191	0.009085226633386734	0.06301147069230731	1.21394270114476	1.132304420632775	nan	nan	0.006732061653903443	1629.9323227279551	1885	0.00012979744101220342
-0.014497402156535388	0.278793529458946	5.835627201274688	19.07302815833779	0.042670200636029554	0.341675313001173	3.9623719562782247	1.989767157745231	0.0	0.0	0.16710246456321814	0.002197760573891372	0.09257805055079044	0.4479697511274945	5.968554521804317	0.004012755814286395	0.0811872689137047	0.4817243404780629	1.3792696073834576	nan	nan	0.006962964054250398	1649.3176650385647	1885	0.001893889186783351
-0.0424365426970601	0.6435470973433528	3.599533972818319	-0.6006615338185815	0.042305471935310646	0.25878554977258883	4.02592368413212	2.6294916626857923	0.0	0.0	0.16623883821327798	0.012941127074258096	0.06850494227047127	1.9038577544085737	1.8214859007621098	0.010978827669299362	0.22459826590477616	0.8896799283153829	5.055869992819188	nan	nan	0.0070886201196356385	1609.8352439218081	1885	5.426832341745339e-05
-0.028311838059078998	0.5824551838438653	5.218208559066939	2.9636475411889958	0.05525575303250663	0.4205702449348785	2.8671228226211634	-0.6018682767659934	0.0	0.0	0.16458815194806642	0.003961067288181741	0.08379867841747835	0.5580409820195777	1.7611003150178925	0.0038971715325354372	0.06068445824634802	0.6233394371689511	0.5048647166680919	nan	nan	0.00697878926892162	1686.97374063191	1885	7.449873075231173e-05
-0.03370351601237587	0.6107769869596517	4.463082007572805	1.2090296506451317	0.05516993436786266	0.34026021356846864	2.1915552605230264	-0.6250655984781375	0.0	0.0	0.15536887080279024	0.011791672819583265	0.11785160067751571	1.2930899743722704	3.295685225748877	0.011133063126395726	0.06170047323826311	1.4714082959114032	1.3733047852355733	nan	nan	0.006902114423030181	1609.4705686937684	1885	2.2422065495376846e-05
-0.020016572206289163	0.43483756250177974	5.778910433494307	8.885407422342002	0.03949634597328511	0.32638583106742863	4.74408705867652	3.338179960408333	0.0	0.0	0.1628436839109355	0.0024301571434070524	0.08634022419601892	0.4405238478790485	2.7137453949271197	0.0019516613325559762	0.06516771787455916	0.3521546964854543	0.8910706433597115	nan	nan	0.006998436444372813	1644.3548036428865	1885	2.692603945968665e-05
-0.03067114972829421	0.6944526262487979	5.782083252212683	2.1950911688736072	0.05673900919196906	0.508954456859557	3.0743311239223594	-0.71395344539828	0.0	0.0	0.1601908082924724	0.004759116329553448	0.08548388042280414	0.6857409845036835	1.7615673241111618	0.004418896100054859	0.062072564825747856	0.6509640417317519	0.4896022834739791	nan	nan	0.00698425784941635	1699.289441294249	1885	0.00011478707221037159
-0.032292534064178535	0.588625807025125	4.3755961001507595	1.4723329435646193	0.05467496929316096	0.36764767035742146	2.199051791516784	-0.6051272539420832	0.0	0.0	0.16631924909403328	0.010978317047512898	0.12089412329057883	1.170684211403807	3.328610544232036	0.012755113787819683	0.06269854989903303	1.556558403843757	1.4848412817030263	nan	nan	0.007122761253429685	1741.0782140590763	1885	3.592317058471341e-05
-0.030624880813925892	0.5904360675238551	4.857069776207845	1.946848265363038	0.05585978737426722	0.3555712455448139	2.2214772171893467	-0.7567944953108455	0.0	0.0	0.15542842799424572	0.0044247337045051904	0.07964791664317045	0.6321273209778102	1.5824435261501448	0.004191533725886543	0.05792450096538357	0.6476576593648107	0.4840143583095423	nan	nan	0.006857977830137751	1659.47402369057	1885	8.224955240189833e-05
-0.04284763048918683	0.706390790453172	3.995923851114162	-0.6212978805853253	0.055651333059981045	0.42553708450675554	2.9678671425233443	-0.6028931545473679	0.0	0.0	0.15476060580949355	0.01431609957212615	0.06956212920888788	2.1164604607885558	2.0109592113916333	0.010615338097355154	0.06472192956314593	1.4891931168130528	1.4037585498682392	nan	nan	0.006845067893042539	1685.1827929814917	1885	0.00010876670461602466
-0.043140691906183415	0.6884293467630251	3.584697916036429	-0.6711094655263335	0.055789677208269106	0.4062678650841088	2.4973530767009806	-0.622892574566426	0.0	0.0	0.17098392817832142	0.007379135304399986	0.06590245342207374	1.0971268619411338	0.9406862553687536	0.004630337324893485	0.05911771258329032	0.6538151646121982	0.5383983993668569	nan	nan	0.007091501817047374	1594.5601478759086	1885	2.738187769530975e-05
-0.04327482425646567	0.6532999205465825	3.2238359143585837	-0.6279528626330958	0.055518912523115915	0.4248424395837408	2.992881775250133	-0.5770701776037711	0.0	0.0	0.1568750551957352	0.017629570337978795	0.06623918528004374	2.239290695676546	2.155505264919994	0.017507639126099983	0.06381037840388526	2.32576105050026	2.3525243567638334	nan	nan	0.0069179449811619526	1590.238809205045	1885	7.18334591269194e-05
-0.029352704973404364	0.5857869022599086	5.14743339824082	2.6366753930902207	0.054907620903208665	0.36273744481248954	2.4582339184649413	-0.5708649040504862	0.0	0.0	0.15857008144716989	0.013028789827292164	0.17931651617365296	1.2337490514682377	5.403632178076686	0.017056043714623104	0.06281589403742735	2.1988440138720637	2.2355862471219012	nan	nan	0.006908490660987032	1635.5526985031474	1885	0.0001576728569128071
-0.041899853257113984	0.5914785025827685	2.9871661863552754	-0.6382668227531318	0.04667504000596545	0.30122689449309586	3.3371239397890653	1.0900518990103472	0.0	0.0	0.16038312128692706	0.015652966176474492	0.07141225546286545	2.126488720830031	2.0167930909512086	0.025437572149776155	0.3016118577053817	2.3948858703296474	7.110665452486149	nan	nan	0.007152595719531765	1641.504436312812	1885	0.00015685405403726663
-0.045341570432583356	0.657485032346757	3.0617911674634355	-1.063263390264904	0.042895926091335745	0.3362465583574533	3.99935924930213	1.9411008766144986	0.0	0.0	0.15715685757716163	0.006623439885199589	0.06531505793468106	1.0196784917992916	0.6534865010481279	0.0024590915261170077	0.06723464352376246	0.3785312919988164	0.832043604154031	nan	nan	0.007046015893400426	1703.4805410245583	1885	3.301997000409545e-05
-0.04267110347456282	0.6402931262278264	3.4200776121552567	-0.6717249494198011	0.04663365622124105	0.3091164777473715	3.4725510112434566	1.0984217243251193	0.0	0.0	0.16704613013316955	0.026196774233382458	0.07377077166459134	3.439149701235385	3.4741950873536838	0.01869401691071293	0.23000165695524416	1.827645603255423	5.295318724432602	nan	nan	0.006988310238294382	1647.533965425399	1885	9.570841595130331e-05
-0.023315431414905552	0.5023561274411017	5.519469939597689	5.676263976653633	0.055494125758476454	0.437071299190071	2.8802679398092246	-0.5913703919552769	0.0	0.0	0.15854138078819405	0.010519883172196876	0.22643639197093432	0.6812854393324592	7.715874200795562	0.013634740735013695	0.06506856481087117	1.767484035656116	1.7165399093687217	nan	nan	0.006861554017090821	1696.7195170054424	1885	0.00016787381655193392
-0.03374089298606742	0.6503141799327579	4.785135111254046	1.04214202033445	0.05422917962263507	0.42963902580446867	2.933043985913958	-0.440327889499457	0.0	0.0	0.16535492514662875	0.004976281142139327	0.07448133782863886	0.7384574740505365	1.3732796557487135	0.00398300256973394	0.05991998771622645	0.5955727377922275	0.5381701837865526	nan	nan	0.006982659879777198	1685.037605975267	1885	7.192121554864549e-05
-0.03635208126326783	0.67572261433689	4.613219565051306	0.4706031359380328	0.04855217495719821	0.4507659695056222	4.073020114030107	0.6956645921649219	0.0	0.0	0.1613214916470084	0.005031507131163793	0.06868140230137082	0.7603853813666965	1.1396494158811856	0.0030668317416520097	0.06529085519871475	0.4551321979344216	0.6674922380025071	nan	nan	0.006902456244870056	1607.0828649552684	1885	1.975741976969115e-05
-0.0429551980952817	0.6490426437071828	3.209917947634752	-0.5112763230347324	0.03953035561044227	0.3166745181328844	4.2149138380776385	3.1778484879993556	0.0	0.0	0.16299848448261517	0.006186603547857827	0.059506221728734765	0.8390865103925662	0.7802432570133949	0.0021840812870177473	0.06744739259697882	0.3417643408889306	0.9392883590920015	nan	nan	0.0069069021561062455	1629.0947506766843	1885	9.077112309536867e-05
-0.0405211216330007	0.6295538869337742	3.53606848287333	-0.5123525733392329	0.056220188938732596	0.39297545665123834	2.5599055091286798	-0.71506340913134	0.0	0.0	0.16617207711552806	0.006646575764733154	0.06361079227420424	1.0543768211584024	0.9967502356616272	0.004498867330323342	0.06015558152356004	0.6952749640617422	0.5409007928424637	nan	nan	0.006931541984268888	1693.6371994716926	1885	5.009484049311549e-06
-0.027610183808331357	0.614463791941258	5.787381498235382	4.030295129080945	0.056133735233923066	0.4248300472350171	2.779704607973237	-0.6006805801394762	0.0	0.0	0.16156173365399967	0.01224243221945831	0.20220035800044808	0.8891870448741663	6.25755679788526	0.014544764145963729	0.0642119948986396	1.8516883683048255	1.7963650313501784	nan	nan	0.00682650787474226	1640.8113251781813	1885	4.3829221863477964e-05
-0.043159277566844234	0.6464422758369283	3.2987256694905693	-0.6381851466431901	0.04631025926220289	0.316999567689906	3.472857318124207	1.1475626631927642	0.0	0.0	0.1623778621392375	0.01804788630583376	0.0768804384105159	2.384234840654403	2.2813202393486147	0.03026116851153482	0.3583134968206896	2.7208746584531194	8.480026712552768	nan	nan	0.0072984413407505	1743.4341835699634	1885	8.974352568396497e-05
-0.030432346767102714	0.6473707998664905	5.571037756752064	2.6767434709941615	0.03750822513806096	0.27918390284300704	4.561789023440463	4.313548182467584	0.0	0.0	0.16623730608068532	0.003739530196290697	0.0764462179405962	0.5303782665821255	1.4750523220241871	0.0018637755451273996	0.0638212513057318	0.32777183459714543	1.004756713036455	nan	nan	0.007080499344496824	1681.0522495829389	1885	0.00012741835747807193
-0.027049169055270883	0.5558748884074654	5.495260005499515	3.7812877866107217	0.04201452003771	0.2861142838432958	4.181312661706531	2.696734243103294	0.0	0.0	0.15584296311023554	0.003416334484766803	0.08144410840027039	0.5021378404132668	1.7928446421402509	0.002005781379157745	0.06230891759713661	0.3368791620191356	0.834868556813016	nan	nan	0.00674346107991948	1599.108118398926	1885	2.3341905337460743e-05
-0.04270633991799033	0.6151148977891638	3.0073523380610783	-0.603680014211729	0.05579905259584805	0.3358072527931457	2.033555215445017	-0.6262926795115622	0.0	0.0	0.16551664586451403	0.012221105193586712	0.06529627677556105	1.6015895302990006	1.5066127992107992	0.05838379844509556	0.06703628247653615	5.169129940906409	6.729326419311233	nan	nan	0.007025172114433945	1711.6894312916927	1885	3.6798631337132514e-06
-0.0426150292588755	0.6260521741319568	3.2381386849277027	-0.5945346659679596	0.054452500215855126	0.3118659443412897	2.149239737235946	-0.5600064072291541	0.0	0.0	0.16674431664447514	0.0065298793653192355	0.06265278789633333	0.9604638482116363	0.8492839233440009	0.0041848831504009976	0.056725895133972526	0.6430586014879796	0.5596254339087801	nan	nan	0.006988452209465812	1681.0213097879093	1885	2.459249548999824e-05
-0.045222734593210356	0.6496209568469398	3.081163526836528	-0.891369150747198	0.04126184922366116	0.2891515831335905	4.332393027792944	3.0302484850201687	0.0	0.0	0.1618666715782886	0.006672933266561931	0.06139229772058219	0.9702603741130242	0.7047769402987862	0.0021192221845999226	0.06514027748813814	0.3456669719030707	0.9354276976611188	nan	nan	0.006876055220228092	1630.3941136191058	1885	7.609902922046358e-05
-0.026489297236393816	0.5382289752179227	5.12945181499031	3.5784666156789378	0.04411355352251012	0.3717379306621199	3.995749561374926	1.6275257298995407	0.0	0.0	0.16013507223033524	0.0034736272180684313	0.08260639026695427	0.5204701710922595	1.7964325923242934	0.002428417516672998	0.06499079299243549	0.3757795086501603	0.7215806512806057	nan	nan	0.00691479578203906	1756.0606478215466	1885	1.2915456178091127e-05
-0.027093333758557603	0.5634121182055132	5.581534025376131	3.8702919385241903	0.05505804688853022	0.32422030033545457	2.1367926114733358	-0.5857522094185544	0.0	0.0	0.1501100892724852	0.012405980702677566	0.2093638714182827	0.990588943519926	6.579229681007142	0.008657827666076812	0.06040953990072015	1.170105687139032	1.0986454364244882	nan	nan	0.006706986611869067	1561.9998923332096	1885	1.9464137358486383e-05
-0.024345054567702307	0.5482722735956267	5.901366743172956	5.179195080703384	0.04038235312225491	0.3954736218361044	5.315885168558294	3.3409000441352754	0.0	0.0	0.15682041955864068	0.0030895712359249594	0.08588421350111133	0.49941133384320935	2.0812826811724285	0.0020778773627861957	0.06693270017611935	0.3666359512403363	0.8860288956429224	nan	nan	0.006807345443983204	1716.174178603029	1885	4.4773523559429365e-05
-0.04157525299092302	0.5890952433349423	2.914157635090854	-0.4908787105601736	0.05545800432410286	0.35722790607849897	2.3569527148916345	-0.5426467087688287	0.0	0.0	0.16779973035059403	0.007144544291216304	0.06026701721851141	0.9667977965072707	0.9360530765352131	0.004401720474999871	0.05713378212119413	0.6356889975429267	0.556583204315258	nan	nan	0.006958259796459351	1556.4507399824638	1885	0.00011624279855549006
-0.04614000640696725	0.6640600788248545	3.013420880799489	-0.9542144028701591	0.04282297332821283	0.31208631427184	3.834893399383161	2.091087507597146	0.0	0.0	0.16325736647858188	0.0243953592906323	0.10778961175419599	3.072929074594835	2.4014237684464574	0.02442372156014394	0.3822059526703979	1.7927389679751464	8.718900734963084	nan	nan	0.007267776949347243	1596.879208906365	1885	8.97468026350285e-05
-0.029037680035915114	0.5998178684117177	5.480581787590282	2.8096016655880365	0.046880791386368914	0.37634063021372616	4.15753086131316	1.0397874516367123	0.0	0.0	0.1558894491702289	0.0037050549116975917	0.07993085197399691	0.5517226309663008	1.6053642492133031	0.0025560495897997138	0.06470380767997169	0.4296415883284379	0.6996112834263818	nan	nan	0.0068749178380507064	1636.3519837315635	1885	0.00012635406226469719
-0.022587951728504696	0.5489510163374397	6.503066538452551	7.143991027436985	0.03402042149541051	0.2590030920352055	5.083627903057546	6.6584766321330155	0.0	0.0	0.15828346786299563	0.0027937802224396457	0.086155876388148	0.48375365590145236	2.3969459075218174	0.001640434140754654	0.05877953961704055	0.30608470075922645	1.1478058331463552	nan	nan	0.006807325758612634	1662.1051431748365	1885	1.9358547758463496e-05
-0.04864944744151467	0.6489416017080378	2.712093873973289	-1.314168152923279	0.03817827292143505	0.2319009364248501	4.141949624865545	4.162440743189919	0.0	0.0	0.15063250392696698	0.006172094139017814	0.06392278032526577	0.9022589576420009	0.4650602200415632	0.0018612857775551772	0.06211790872139025	0.308687029682011	1.0273570655212707	nan	nan	0.006763782185111644	1714.5695331965335	1885	5.6966449182535275e-06
-0.031855825665225934	0.6367929095145954	5.010906217850027	1.9628167744885852	0.05589602651604797	0.41291175049335166	2.7119438341409285	-0.5845946487184929	0.0	0.0	0.15722521496977732	0.012990986847388752	0.15229443084681035	1.2535742323276202	4.357346427786928	0.022272918782817452	0.06308597357247958	2.686643023473943	2.779927505503635	nan	nan	0.0067345922911779404	1630.3137340974495	1885	1.555414001537432e-05
-0.024010754470705442	0.5802995232385104	6.589241526120869	6.001626058264251	0.03780442432150988	0.3185163490767155	5.074062296844152	4.381379697134751	0.0	0.0	0.16429346216280472	0.002976868579725067	0.08612407819792067	0.49398287393364004	2.2017434511739085	0.0018615301817438423	0.06396818321634148	0.3364339512806618	0.9848058219543079	nan	nan	0.0069891028369209185	1678.7855765836657	1885	3.2424957479499115e-05
-0.01589629942539328	0.28325672724650797	5.454481617818735	15.605262641916823	0.03571943168062508	0.23688505752894973	4.558755191330468	5.565210755915188	0.0	0.0	0.15678561704939833	0.002603245796107212	0.10445206861193432	0.3816236956843735	5.812073699426501	0.004408899088970575	0.11564104038272865	0.3294197142967987	3.1131766923108666	nan	nan	0.00685673075416994	1650.1347876574923	1885	0.00672938180418437
-0.03768343417257358	0.6298589716008587	3.7539804316090053	-0.052155622747081486	0.033470481560729626	0.26880405827356374	4.914846369431868	6.311070010169459	0.0	0.0	0.16680160576740644	0.0056229908117158	0.06322251564333248	0.8490621501772888	1.0295985617987793	0.0017768717540069812	0.06462072918731912	0.32341527704411765	1.2351522093860758	nan	nan	0.007020261695974611	1693.050481528045	1885	3.086153915291131e-05
-0.026182621087175395	0.5451688039344025	5.498414212129704	3.819152814407558	0.05536774558420254	0.378063563562076	2.5250311452115066	-0.6104850036109862	0.0	0.0	0.1612102944280671	0.011542571505501087	0.20383961965927033	0.9916040566058575	6.374958574897817	0.00936676130603209	0.06429437555109363	1.2893851638427012	1.1930035641490078	nan	nan	0.006904267437830833	1738.6703961557282	1885	1.5548883128387894e-05
-0.03380648832178934	0.6066472274310768	4.4790548736007745	1.1445901020687324	0.053636802584873466	0.31237626372951943	2.351261596764331	-0.3886873215902145	0.0	0.0	0.16578179274558685	0.004671304956021971	0.0724005179252103	0.6705168731161644	1.3001666698974428	0.0035624000630868347	0.056024134661860014	0.5637417235468003	0.535197124778201	nan	nan	0.006969448638549952	1750.7728173705932	1885	5.839307721865716e-05
-0.041448851383851903	0.6104000271490058	3.358348125914863	-0.5862653911407809	0.03791979540966284	0.21040735120638293	4.3476390195759045	4.590423799885914	0.0	0.0	0.1478801924427794	0.005111113897612207	0.05853442749313631	0.8375240414967529	0.7216735255892212	0.0018286793038936322	0.061478825874514004	0.3171264814176693	1.1046888322568709	nan	nan	0.006851456255674307	1639.5384480774278	1885	0.00019610248301180072
-0.028849944145510342	0.5685368400407124	5.1096343727873785	2.976422851633888	0.05400046888489207	0.35996960522565125	2.796117296584355	-0.3732203185895964	0.0	0.0	0.16890166558083336	0.003755643728008351	0.07997011772537918	0.5266759874529083	1.6414194481352944	0.003430392557091766	0.057489552618753215	0.5593023575970713	0.5274033750331647	nan	nan	0.006886960758931429	1651.9126738983691	1885	6.468711245043656e-05
-0.03057555316728877	0.5469257790382851	4.532252246009513	1.9399100735232626	0.05524148630608994	0.32204534163124093	2.2603131119030544	-0.5733100077054202	0.0	0.0	0.1570579815133428	0.011911737146931833	0.14711592201273813	1.2549688921780457	4.292986619288979	0.010991855052188915	0.059932326271506936	1.5175092837417032	1.4790539609640592	nan	nan	0.00677289617507866	1670.3662176480414	1885	0.0001007190079986494
-0.043263238091146516	0.6663156392263808	3.32527674859345	-0.5871925590224193	0.05131738019294341	0.4046095499157201	3.0422182677969003	0.07788581577658636	0.0	0.0	0.18033849299055588	0.006256698842953989	0.0637707817189902	0.8909156930039386	0.7761883460554931	0.003777493103218732	0.06140913334426304	0.5177641814814646	0.6255763875488772	nan	nan	0.0070942836257481545	1727.2372615298664	1885	5.946961669106254e-05
-0.023210049912191555	0.5164360645930823	5.849003418007504	6.007587696544542	0.033122436747375916	0.25881241084121687	5.4211174245871465	7.433467059868597	0.0	0.0	0.16016121634604594	0.002921060150913257	0.08531833070094744	0.46185319498393573	2.228257534761166	0.001632415570550494	0.05863688747020232	0.312309379896726	1.2340723374458629	nan	nan	0.0069167708208529854	1588.3453609406213	1885	0.00010429098874306264
-0.03198028398272468	0.5661977677143326	4.258622539706957	1.5334534275518699	0.055913997734641896	0.35609566770615675	2.2077332077053113	-0.6328349612750244	0.0	0.0	0.16452898176336028	0.010256159726311997	0.11924552303872685	1.075643871798451	3.176843560140279	0.009637146841167565	0.06177782743339444	1.2408682019860917	1.1295753842346412	nan	nan	0.006889494158273196	1673.2178279014574	1885	7.830569351934323e-05
-0.04333181967376132	0.6618062715583567	3.4144707282140327	-0.7757284530191466	0.04568127818876322	0.3227440252036992	3.778354595809688	1.471745239879534	0.0	0.0	0.15584287105326056	0.02186495298287111	0.07667725218019877	2.9861912699333715	2.701454743106837	0.011129552245710772	0.1612293893191056	1.0210455971899033	3.4223815842377032	nan	nan	0.006799973826179903	1753.9354368889562	1885	2.780325182699219e-05
-0.035256352149660386	0.570658227355819	3.5802707360918657	0.5060083273952628	0.05492507234212374	0.3588643388811159	2.1695660226143048	-0.606671005606989	0.0	0.0	0.16718703349244868	0.013456186758330657	0.09847529954376508	1.5719102698389669	2.9680565182207297	0.011397314749228449	0.061829556744555786	1.4142039074711874	1.3336871862076576	nan	nan	0.0071188941109310705	1616.8664983766912	1885	9.359533165464189e-06
-0.04179937388945598	0.636392990197983	3.355857362473378	-0.6133436145978053	0.05387267664092232	0.37375561476813773	2.621196384589931	-0.4367230768638888	0.0	0.0	0.1589468427385749	0.006742295297184064	0.06333542215082155	1.026018530422859	0.9076578782895143	0.004124634686422324	0.057815557325271244	0.6152174557977144	0.5754179491309079	nan	nan	0.006967201919241106	1654.8594690517193	1885	7.683784890736434e-05
-0.041920948966834404	0.6873934762759937	3.874145649861994	-0.5907196597701591	0.05113784188196835	0.41376883991360175	3.3761474927598667	0.0008065209611703106	0.0	0.0	0.14413575742273715	0.00564548359886019	0.06545438483955973	0.9367683427255833	0.8065226450285697	0.0035312591429350615	0.062055933189458984	0.5417186221692567	0.6244020252269491	nan	nan	0.0067471710088315845	1637.5962495643098	1885	0.00017046046605093153
-0.04488638172807313	0.6679453010036158	3.1132361234753914	-0.9248066732477083	0.045095611705630034	0.40994222205937025	4.004207865427935	1.1788145773665344	0.0	0.0	0.14887486833271943	0.006934630430617983	0.06395799797651036	1.0085460760750942	0.7185117579980322	0.00289755827202387	0.06811710907482904	0.42663546471503766	0.7548428143243885	nan	nan	0.006957167283975607	1544.0936591499867	1885	9.42359991555149e-06
-0.04126528870941393	0.6464869411246659	3.599145224609821	-0.6092307935736313	0.035298108369972825	0.24565960219210253	4.861351850095412	5.8539828923369	0.0	0.0	0.16834887962326717	0.005608703048832819	0.06123146150535974	0.9284033110578371	0.8029509701900412	0.001799989372481381	0.06277082444584989	0.3159102882804179	1.2084217966231774	nan	nan	0.007056658270380295	1699.8677566923675	1885	3.0602704500414504e-05
-0.03365813681855734	0.6551324165988501	4.7524091828022454	0.9145969686961373	0.05395803212085326	0.4417451211188074	2.9519061849305785	-0.42788236050972134	0.0	0.0	0.14363630502655902	0.0050762946734266845	0.07491231498047313	0.7594164833583557	1.3689799647183207	0.004019342826870109	0.06001240009613951	0.5898499372087116	0.53619788454804	nan	nan	0.006773631322788035	1588.1828194485222	1885	4.540931814808688e-05
-0.016304292095770556	0.2960887470756472	5.439867531039987	14.899729941515746	0.03956336962536455	0.27639170948951625	4.30166727266518	3.425434075566097	0.0	0.0	0.15631203791309067	0.004130994880517824	0.16580927019710617	0.4354113992806674	8.378823991791972	0.006936945500890301	0.14565573012442806	0.527395798621284	3.3886400426241643	nan	nan	0.006873808365396292	1566.04682241928	1885	0.0009944865911657027
-0.029502231304212367	0.582763861552609	5.038495341039323	2.3557937007887744	0.057162930200456374	0.3818602122813843	2.4045657642057816	-0.8646697231892315	0.0	0.0	0.16098084745311755	0.004362424804205511	0.08333666769017833	0.6202165526156853	1.734729986039156	0.004212548814904626	0.059907672003418205	0.6806731793457708	0.47087584329025617	nan	nan	0.006976857556327307	1653.028482934892	1885	8.788690720386487e-05
-0.04284371787083863	0.6200277289832397	3.1451747806106956	-0.5645916192031176	0.05528047072324105	0.3332916464107136	2.163494032195807	-0.6144166506841608	0.0	0.0	0.16312653412733655	0.01642381862634995	0.0634502259030959	2.1055941687981856	2.108882173987707	0.011490587815711328	0.06064850818706938	1.5130226237960018	1.427565636519381	nan	nan	0.006967193466251312	1663.0566594115814	1885	3.6173586024286315e-05
-0.05107569370263865	0.6340677819217944	2.2545334555812735	-1.466801376938587	0.0335407998911299	0.25252316270380365	4.855239695006867	6.451464858827438	0.0	0.0	0.1556189004803996	0.006209670256043243	0.06343468904222777	0.8042094294426267	0.34612056898178545	0.001721222009960166	0.061867950667276544	0.311133239029032	1.2156011943041303	nan	nan	0.006920638785415462	1625.1684881739507	1885	4.432115561992821e-05
-0.040074671888084445	0.5857529866441948	2.9850183341523784	-0.2845487244484872	0.05550029323506589	0.35212120496096	2.1683826791488143	-0.633582283669859	0.0	0.0	0.16293102366053724	0.01872319049083343	0.06907562239894333	2.199829354216048	2.726290034040729	0.027033183730580834	0.06261109038281995	3.0431840721337533	3.1769085999924465	nan	nan	0.0069194150779978425	1683.6455127136328	1885	0.0001126753317383084
-0.04228158426515671	0.6599755824421585	3.671733584964131	-0.5926811829397806	0.043833401942693584	0.2900145900162422	3.7650418690704477	1.959575801989142	0.0	0.0	0.16278005046739746	0.013833967740300546	0.06910382944824661	2.0128629891818774	1.9476246495334497	0.010502386020730392	0.17824823657920164	0.9068349774143458	3.807361963195294	nan	nan	0.007062977937304857	1677.181987591402	1885	0.00011586532549726264
-0.041452601328628935	0.6360559851188392	3.5048584572364176	-0.6273806874310487	0.04201959774536457	0.2890416923489935	4.0715661623531885	2.561071987151095	0.0	0.0	0.1681864010890285	0.04249231826380373	0.08257236763497655	6.743478139935408	6.029765702548974	0.022222704042123453	0.40366088886843604	1.5629029725039612	9.394994790001842	nan	nan	0.007264307175864251	1577.5776867807413	1885	1.7670987266911305e-05
-0.042401951273999705	0.6549922434576683	3.192971255836155	-0.5960122459627688	0.04307465143565947	0.3909334072809205	3.869487709924857	1.823534694485482	0.0	0.0	0.16700969400099702	0.006415741725495305	0.06274970564952048	0.9024164112311781	0.7945957263298745	0.002719314290053676	0.06783566776716865	0.3712664620249828	0.7898197816425401	nan	nan	0.00705151533997686	1713.968040105442	1885	6.44921850555275e-05
-0.04296724460590384	0.6176398673878246	3.2310546639472637	-0.6226485546802395	0.05512998566395777	0.28154737566464944	1.9698265591012565	-0.5777453036311394	0.0	0.0	0.16171652505733655	0.0128405559636115	0.06507159559829834	1.7791238429211103	1.6694106764582604	0.009513003147772814	0.05766658851297882	1.3313104672980134	1.2779470559320378	nan	nan	0.00680170044267589	1661.6338979476636	1885	0.00012978580877773117
-0.040669912277568554	0.5755483316725744	3.0113111389581118	-0.5524427678701145	0.05570196028057506	0.37303774811752616	2.657341432161951	-0.5994303585759245	0.0	0.0	0.16102234937817358	0.012254693451065557	0.0633176834339092	1.7307339666565371	1.7069623556491995	0.014054026426353783	0.06185753456234755	1.943939982691309	1.8968884460616247	nan	nan	0.00691230310140184	1660.9399777194603	1885	0.00010664590005253003
-0.027935168778921105	0.575632864739662	5.580472297160481	3.363988258784192	0.04290178673445144	0.2890253855698087	4.108255508507034	2.4851129995020904	0.0	0.0	0.1593347658277236	0.003523182245702361	0.08081351432273531	0.5314938946610006	1.718419628830552	0.002055512607521348	0.06221571146777943	0.3428524147460976	0.8135959948792288	nan	nan	0.0067430036546029665	1700.7863875848975	1885	1.743349078902002e-05
-0.03473477554859716	0.6467038750083105	4.521156512159333	0.9222605088897138	0.055820059483413065	0.3996180015575336	2.4668148053189993	-0.5926494582252001	0.0	0.0	0.1634298101069689	0.016406484638536445	0.13227724045251954	1.8504368889615521	4.1940000968973346	0.01947091270548973	0.0629085686696986	2.280969476324006	2.292485003257696	nan	nan	0.00694495022470544	1633.8780438361018	1885	0.0001315583818825087
-0.035893989015431726	0.7231030643790438	5.035570611110346	0.6055812752340576	0.05412588350691738	0.5237451458040954	3.58084603863146	-0.3203108577362243	0.0	0.0	0.16279505251483944	0.005497383660116872	0.0738407859490498	0.8307897755592895	1.3057774532160862	0.004062892458908229	0.06319456204142551	0.5895931521342603	0.5595073300599064	nan	nan	0.006877229079476355	1666.6099314040655	1885	3.9266889628075525e-05
-0.03313305592134974	0.6779389135190553	5.2628756528436025	1.5337803752805523	0.05562125407707663	0.4304387328085462	2.7804579277662316	-0.6305053545645224	0.0	0.0	0.16292848265510287	0.012870257820554343	0.1367798956429021	1.380799371441884	3.952512787995839	0.016913758092719333	0.06565573045788214	2.1521079389650213	2.0748360910048587	nan	nan	0.007078097225977575	1599.1351558260135	1885	2.5992122654944298e-05
-0.03089408243235725	0.6586616076599767	5.391204225643417	1.9965016671577482	0.05556354682570408	0.48482504999050613	3.123263029787168	-0.6106667724344264	0.0	0.0	0.1554144539328023	0.012248680683269342	0.15123663196435566	1.2732472757758018	4.3634183211168365	0.017838675327767173	0.06737748740785687	2.2349517724901187	2.190709247141651	nan	nan	0.006925284206186821	1637.0713250044766	1885	2.2326564208238732e-05
-0.04507456179733749	0.7523974850628785	3.9653032551424423	-0.6651623281288006	0.0547969082899471	0.4758031000613798	3.1477197280994975	-0.47011272571951834	0.0	0.0	0.17083763605503005	0.0070935278689229775	0.06603785948089896	1.0330059433707945	0.8756589284968671	0.004478818764455328	0.06215209133656613	0.6461109097469937	0.5800541546841587	nan	nan	0.007049241643852983	1667.3629986231915	1885	0.0001271805991090549
-0.03261961961785231	0.5926406072684547	4.3279035340143555	1.2887574246948799	0.05436037224397383	0.39263407176184845	2.7328831610219306	-0.4990840465019454	0.0	0.0	0.1679491808940552	0.004637432188082158	0.07412031198516689	0.6407177451145665	1.3448310384177102	0.003908507723624943	0.05917321305932313	0.6076452981839549	0.5322717938487491	nan	nan	0.006962990622298465	1750.181284429159	1885	4.086002187817856e-05
-0.04067081218290147	0.5790331272371849	2.995419658900884	-0.5284708550706785	0.04155270393034649	0.2524658935069677	3.860461529434091	2.729732917984447	0.0	0.0	0.16741199680980454	0.021121888860974547	0.0688079101856614	2.73154135776936	2.9302770307372805	0.015836368668555978	0.31670662057070853	1.1780707475731067	7.3595357056358806	nan	nan	0.007137115545019251	1609.370254567526	1885	1.6129943667355277e-05
-0.030644658370370337	0.6453693829694604	5.426741798590408	2.334212282859569	0.05638541975990341	0.4431105864975942	2.8419482921321597	-0.6018029316385181	0.0	0.0	0.15960371900540385	0.011056984837546191	0.14796237494743447	1.0682501202855783	4.15585036279876	0.01248168991334686	0.06385850444915128	1.5802122423150067	1.5053555053718428	nan	nan	0.006928757368773519	1812.276141505743	1885	5.8248458755614485e-05
-0.02978974906119758	0.5718775705571559	4.965246682941568	2.3015144181652123	0.05378970557739082	0.34097055316089997	2.6015782185450567	-0.4863603096418815	0.0	0.0	0.16444771853532753	0.00414993053788959	0.0803417276868689	0.6065958388853163	1.630741118214749	0.003507319481311777	0.05757495948209912	0.5921410009587205	0.5256375348576137	nan	nan	0.007010528478574918	1616.2824323520617	1885	4.0905961312385024e-05
-0.030953201941626762	0.5698466529803914	4.412695999969426	1.8531082756331825	0.04538308112970091	0.34603986799521	3.6064678462049695	1.2644228320063509	0.0	0.0	0.16057077315872179	0.004007365278342667	0.07383913600644329	0.5567042164759068	1.3470182064235907	0.002572354813350275	0.06404922116649342	0.3916851880464316	0.7055316622634141	nan	nan	0.00693408868618299	1659.658279273724	1885	6.327349982453724e-05
