Nu	Nd	a	b	c	kt2	Nu_err	Nd_err	a_err	b_err	c_err	kt2_err	chi2	ndof	edm
0.3995083751122121	-0.4515556399396337	1.000793735627914	2.989197386537609	0.0030804187414654885	0.24944779808078765	0.011001540896819864	0.01195755738910088	0.014013555503440358	0.052249190850377485	0.041093329753423745	0.0030886004119997797	1140.5166613518418	1336	1.1067833423360297e-05
0.4048656084295214	-0.4483143607338111	1.008100113070737	3.024664105666545	1.1914612262426232e-05	0.2530735712653087	0.011207493071347668	0.011949685516748023	0.01406498222649619	0.052528949187869066	0.041304731289387	0.003125835660491411	1156.938494249182	1336	3.173805762137734e-05
0.3985810118739445	-0.45130731287961817	1.0107779341319059	3.0362330267395494	0.002811015428283246	0.249560476334337	0.011003587075388437	0.011978017968121252	0.014111135432575011	0.05274556392868298	0.04121566802136914	0.003106950079632976	1177.4062576510346	1336	6.2942745879406075e-06
0.39976562473442157	-0.4500916846948086	0.9918001995885009	2.962962114755828	-0.0006023621819590524	0.25382590878705885	0.011066803484812567	0.011983308238304473	0.014014462074585322	0.05225409491898367	0.04121993243334632	0.003129607175327863	1228.931487919858	1336	2.3428487578019504e-05
0.40334336358270567	-0.4468546275482177	1.0084294711983797	3.0421419255815065	-0.00389282026046761	0.24774891504858187	0.011197384284784912	0.011944832478672434	0.014118337972001203	0.05279436869516245	0.041355413336769696	0.003099596774627038	1113.5208033991687	1336	3.5333795615310704e-06
0.4019732614876838	-0.448637877738839	0.9866327364562477	2.9423053360711466	-0.002870496344360619	0.2457633484722025	0.011093696371984927	0.011917261821368945	0.013933067099062056	0.051913982813553534	0.04105295245650256	0.003072375237332793	1169.8963028171383	1336	1.1267731669439737e-05
0.3994177421818451	-0.4495262597762726	0.9867656097823676	2.925571111125083	-0.0024748373237982093	0.24938190267737623	0.011055390343880348	0.011967962503225444	0.014012024257115825	0.05218595297167051	0.04112092781018087	0.003101552644721174	1084.3236709158975	1336	2.8516777514245034e-05
0.3989963985828157	-0.45162022950539693	0.9982741641147983	2.951196387137991	0.0027901206592291024	0.25061757737409573	0.011004483179491766	0.011975782081728607	0.01402020060326532	0.0521084148724297	0.04107691195536613	0.003103423352043724	1136.9092900336211	1336	3.7904086446702446e-05
0.27306997959475987	-0.3046194104886578	0.9489067789556281	3.0521540525946387	0.7392369093581086	0.249761726736219	0.06832324216597022	0.07619854556792116	0.037232466466849516	0.05273606348505746	0.5742935442297888	0.0031020952945049864	1222.601554886307	1336	0.0004778967560639397
0.40269502070893265	-0.4479171994753379	1.0143820591256316	3.069317806152618	-0.0015041737876670444	0.2472793425285277	0.011155037087646731	0.011943847738077397	0.014116800649078522	0.052806105095242625	0.04133666275813572	0.003094887612116755	1213.3659728641628	1336	2.2702230719963182e-05
0.40063226101465194	-0.44938674546437707	0.9935803321648511	2.9572867947425276	-0.0013863698276368795	0.25222730092341694	0.01109815257703165	0.011976439264721845	0.014033860840507416	0.05228403531783377	0.041215256811544275	0.0031214009691787835	1081.1821266497025	1336	1.6409206883479293e-05
0.28953022937248907	-0.32344255100818836	0.9532863585893694	3.00666082595161	0.6135649710130485	0.2536530552648206	0.08591414543671676	0.09479111223813201	0.04537695153306272	0.05217474510272703	0.6377626599792725	0.0031105576316363785	1194.644876462995	1336	0.0005692623283289379
0.8154236624799955	-0.9135396316184705	1.1396210288384752	2.8452315820805745	-0.7844363400401312	0.2456631131657963	0.07060189917390554	0.07860546563638418	0.022020544870881932	0.07031978041905668	0.06435709042909543	0.002910512289552731	1217.8340994343873	1336	0.03639536211092435
0.3979416008754817	-0.45084532797601007	0.9877667656581487	2.9504340019667437	-0.0004825667541997066	0.2514509746764834	0.010999482994818467	0.011980882087449926	0.014004956834656681	0.05225339097812549	0.04114711431809743	0.0031113713635124666	1154.4497978611053	1336	4.989535609417853e-05
0.39424519463788676	-0.4528382856121936	0.9987296348222612	2.9762189659131146	0.002473618348713245	0.24784040477431357	0.010873525142460356	0.011996925507717296	0.014078529586022381	0.0525121735145757	0.04108580306101412	0.0030930251592135812	1255.0251053741713	1336	3.973851369813336e-06
0.39958185820765496	-0.44957490980127696	0.997615633641697	2.956366219501176	-0.0012713206729834945	0.2422914374952218	0.011029381773966436	0.011936851627392234	0.01399291899891922	0.051996440463939704	0.04103837279956263	0.0030572979795107616	1200.269847357419	1336	2.2262401888005313e-06
0.3995044831700101	-0.4506243308802113	1.0027184201203796	2.992962085805869	0.0009097426422421512	0.2518384458188537	0.01104967722800573	0.011986379310536024	0.014081295408693888	0.05253051053998202	0.04121581377980946	0.0031141718841034426	1146.5520317677767	1336	2.1222411849585903e-05
0.4005456084366853	-0.448522612871688	0.9921874846816368	2.975890551666274	-0.003471768620137398	0.24767637719966532	0.011086361345550272	0.011946047241886068	0.014001952999588625	0.05226565071366759	0.0411840210061728	0.003098729717781605	1250.3415746732217	1336	7.0851900182878755e-06
0.401764980908	-0.4504495592729944	1.0190985771599308	3.071092544171249	0.0037134739612502406	0.2528940003717124	0.011103617653919127	0.011976801958747379	0.014141529646324669	0.05286762807299973	0.04133072059319245	0.0031100286974202625	1259.8247919609325	1336	7.331741923834184e-05
0.3994194757770818	-0.45183173598773463	0.9945488847428673	2.9580405511630308	0.003039398640410651	0.24970873339612742	0.010991018668559796	0.011955071746105647	0.013935783840673451	0.05186362005758993	0.04103268090953416	0.0030850054583621564	1188.8020696048718	1336	9.728182614553068e-07
0.39936237839309197	-0.4507241626718627	0.9918540452739412	2.9379498423966344	0.0005934865563023391	0.2536915465898948	0.01104479023408932	0.011987943781937427	0.013976596974311955	0.05191583087844922	0.041154767632716964	0.0031369370030368943	1169.2544161901183	1336	0.00012676863135563542
0.6831134316728805	-0.7745782252805578	1.0969559349424869	2.880646950920453	-0.6474040628844099	0.24561600001272843	0.10201687941313944	0.11505581414010435	0.03382373788578847	0.0758270145923936	0.13389595575332827	0.0030584121696248354	1174.5901998139886	1336	0.0034904243027669172
0.717279836884978	-0.8052583896613769	1.10657306405936	2.8468961980636767	-0.6819843716318579	0.25028736711061816	0.09873202126146675	0.11270007765728632	0.03223036440372601	0.07604123294300039	0.11878038817758324	0.0031188998398336	1269.6928614381645	1336	0.002394875887189117
0.39405990125602075	-0.45100712367619056	0.9766587480164008	2.895465756195995	-0.0033736191438381094	0.24780774418904783	0.010908574253833314	0.011994932358437904	0.01401271183945086	0.05217451553992561	0.04106024697651275	0.0030957457612533	1185.456387649064	1336	6.088452505543882e-06
0.26754380143290746	-0.30262388478244157	0.9559049429138694	3.0846605393949433	0.7702337695077164	0.24961475318257403	0.0626386588186107	0.07048703272985286	0.03560461471160549	0.05465873766544994	0.5415794330877542	0.003026793615931736	1227.9144964924549	1336	0.0005961897923780552
0.4046802230870786	-0.4487064801404921	1.0096727723803016	3.038775788472582	0.0007477475408219969	0.24948630167184144	0.011172509417501532	0.0119280865980528	0.014019066238290735	0.05239680896073074	0.04123465331711735	0.0030980453292612006	1300.9613007972462	1336	0.00019704150705128335
0.3977454875335975	-0.4503321961117994	0.9768612806899952	2.9217442193333683	-0.002767936231258128	0.24834037642278411	0.010982247352915624	0.011955476570288203	0.013907296380504934	0.05190472906459721	0.041056878149026726	0.0030851906283977833	1177.5601372926722	1336	0.00013271324613835648
0.4010545898770652	-0.45103823382997643	0.9955393318721941	2.952850903864808	0.002553779167014229	0.25200542683615146	0.011054976162260779	0.011959503711494427	0.013958064236831696	0.05188257007319678	0.04108784055277533	0.0031079771788774576	1244.6680292975689	1336	0.00012383005557240875
0.4002320003037625	-0.4514288142208395	0.9926566044702674	2.9279685790856713	0.0024827194848100306	0.2491369177499634	0.011015258481075076	0.011949604901103542	0.01390901201893696	0.05164752546176877	0.04098247926243687	0.0030896672285505343	1164.5445828415295	1336	6.535191095303454e-05
0.4004253015207802	-0.4494512582194579	0.9887666995118662	2.9561320015723127	-0.00197864897657866	0.24992519302689803	0.011069968485450365	0.011953954204280366	0.01398439641779573	0.05221151422608206	0.041146497095305455	0.003100404334029499	1218.4403847800168	1336	0.00014841756196155514
0.25787297728486186	-0.2881560792938678	0.9560177620749766	3.097080862494996	0.8911944108573868	0.2518390533182839	0.034432593406294655	0.038681609356854364	0.02250334589219883	0.05214005085538919	0.33110954997098263	0.003011710749351841	1159.11172080111	1336	0.00035814883905999935
0.4035200109228794	-0.4496839041781072	1.013947654341818	3.049372602263385	0.0025278360632936345	0.24594329123435238	0.011110695305351493	0.011918097636186748	0.014001860158061236	0.052268641131564146	0.04115420556442764	0.0030542429002569527	1211.6380019031044	1336	0.00010597840315639265
0.4023685281630532	-0.44905296364180536	1.0072415068183649	3.038444526617194	0.00012700455322994222	0.25333708381955805	0.011140355417401498	0.011965461427238255	0.014087306860937647	0.05263654338340978	0.041331657765491706	0.003131639451835706	1149.4151664336976	1336	0.00015025415715389526
0.6845495928899243	-0.7722480075739083	1.082392432812117	2.821389437855402	-0.6453376543269551	0.2494150198615669	0.09888901421844762	0.11170654886419767	0.03220315377843795	0.0790751709127596	0.12935706670293565	0.0030670014139424114	1102.4755781049648	1336	0.004355813114922689
0.39729995997003215	-0.4528356395740995	0.9771523815231008	2.879370677144224	0.002368169276260248	0.25137117782066987	0.010927729481109186	0.011970039024487083	0.013860007676916987	0.05147364246236197	0.04092025990118771	0.0031014058459765694	1144.1385910037093	1336	1.8768216553334994e-05
0.3984352712305352	-0.448148041976833	1.0018797919974185	3.0381392570805748	-0.0045880577495585936	0.24145459330577906	0.011036120839523987	0.01193995150909262	0.014089881196005525	0.05270507566943344	0.04124033156150944	0.0030605930441007104	1211.2817534502165	1336	8.522864272339818e-05
0.39967804171691723	-0.4510416692665793	0.9794633769669409	2.899474031415992	0.00018085943588688741	0.25256438928512975	0.01102251508311647	0.011962262952875457	0.013932544664156197	0.05189343828296838	0.041025489456227124	0.0031135862905467457	1241.7985583666057	1336	3.259505046900666e-05
0.7343583467480108	-0.8191406809538639	1.118870999757223	2.882514683217915	-0.6969635005441277	0.24866900144939996	0.09259012111672126	0.10493610363149576	0.027792749142232964	0.08002697838074307	0.10761953317977602	0.0030504389743889245	1164.6475696832713	1336	0.0034365693749613684
0.4032437720824863	-0.44766564883073073	1.0059814208044617	3.0128557008215715	-0.0023260579734558163	0.24849421973682595	0.011175979734276528	0.011945773657214588	0.014080122688349059	0.05249608809426172	0.041278533414749546	0.0031055038022286246	1187.6577076421167	1336	8.516441256768223e-05
0.40030041354408946	-0.450998264339461	0.9931177564718853	2.955768919041143	0.0016530489705430045	0.2539510748642358	0.01105128678781496	0.01197525979470621	0.014023503753733934	0.05232063004779407	0.04114436850439471	0.003119141041239813	1218.0167988345393	1336	1.540000061188084e-05
0.6566325996412088	-0.7351019028917765	1.0771120917128718	2.8559236121721105	-0.6005835660160563	0.25464548403688625	0.13450857069920455	0.14978573669611497	0.04421634960467094	0.08418612740479366	0.19177487841863033	0.00327893819690889	1177.7041807822084	1336	0.0008808683370933948
0.3977064799739824	-0.4518420727342	0.9970019444013378	2.9506582559121686	0.0023839050918130207	0.25265360827916006	0.010988946669356231	0.012000735300021607	0.01402767413940281	0.05215239439990902	0.041139925787959865	0.0031197476969526843	1209.4212002029976	1336	4.7361061090370314e-05
0.40229053784328545	-0.448664697665112	0.9968585456237106	2.989016809368616	-0.001770868319141016	0.24802693526110248	0.011121012591678272	0.01193759096110852	0.014026072402396587	0.05239377886330344	0.0411834168719023	0.0030773566813022055	1169.597997588422	1336	3.582934504062102e-05
0.27832227335754156	-0.31049103481214974	0.9337459388877387	2.977081851239453	0.6972247728527415	0.2502955581931231	0.05332211858581329	0.060909938576620824	0.030024160460030258	0.05258945026555172	0.44087427617002134	0.0031134419076822165	1158.703607033933	1336	0.00011581058757580013
0.40042154244042427	-0.44985428987295767	1.0264469135048842	3.1318643863923987	0.0022111838806698984	0.25159910759130427	0.011091584476693075	0.011986352785708409	0.014183996814153206	0.05317588459428874	0.04145963001842164	0.00310518696247771	1193.802517392164	1336	3.451893465531934e-05
0.39656755761231377	-0.450471205211369	0.9773337650912592	2.9050436525690086	-0.0030711107682800005	0.24757904661441185	0.010964037834438134	0.011972188647979713	0.013950245691381188	0.05199435741551773	0.041054325585714924	0.0030803273654654646	1151.498629085224	1336	8.62967853989845e-05
0.7169832681586757	-0.8034420924658673	1.1083839195484035	2.86909039767125	-0.6832028518483148	0.24674798554311414	0.13944535049654824	0.15450368257277222	0.0434425658121644	0.09068207808567366	0.1685567826398561	0.003091666144933451	1234.2708868909695	1336	0.007411108621264469
0.8096970906599548	-0.9038881844257153	1.1409704623266834	2.8444465454010373	-0.7772139320905342	0.24496127229143488	0.07684451456233886	0.08527665846967139	0.023926782318037205	0.07427290576828181	0.07137716011303762	0.0030805473980464915	1148.6197190026126	1336	0.015079977173858384
0.2667308639427861	-0.2958900478093511	0.9521934200357884	3.0434973437448187	0.8156132906145883	0.24909893730696867	0.06609013781379704	0.07310881563143781	0.03631152295364109	0.052463065958604144	0.5852019275118266	0.003100712117669612	1319.2308736172272	1336	0.0003303187344011386
0.2877404730409893	-0.32334362558491864	0.9490346567626471	3.0223026426978197	0.6079030790106861	0.2488504585029773	0.05194847105333705	0.057396984819853614	0.028613483487285696	0.05209495464781934	0.38943631122330147	0.003126277241824335	1219.7829500732673	1336	0.0002732317350432989
0.2730561395105404	-0.307601243387977	0.9480866137832158	3.043713417019125	0.7430489352932849	0.25234943980583247	0.08577637841007324	0.09646239309805393	0.04309853026536597	0.0526216298086021	0.7220716981708296	0.0030927484566793412	1214.5921387453727	1336	0.00018473869637906608
0.7213759732727283	-0.8061436912549579	1.1100042083028563	2.8832070848926685	-0.683038891895311	0.24991518158183398	0.11671491838282613	0.12972451571956892	0.03735642345806938	0.08276893036373428	0.13837074578879077	0.0031016700375230436	1153.0978197216518	1336	0.003142126668601246
0.39805608497668743	-0.44979385128525373	1.0040391676765643	3.027795354430499	-0.0012418616139423288	0.25002313939938997	0.011035718790711817	0.011990237353796594	0.014107808778997871	0.05276498960579413	0.0413156225824678	0.0031102427415773885	1178.950761143918	1336	1.3692973659688886e-07
0.7660253744844093	-0.8566098413741597	1.1317713247429841	2.8567825256097565	-0.7287768532845755	0.2514916494397337	0.05856611938249829	0.06506823626986982	0.021315805168609488	0.06602574062100496	0.059810654518318025	0.003100287401760808	1236.9985617093607	1336	0.0064939790739736315
0.28144622472968855	-0.319252258209509	0.9410205346960854	2.989799802758784	0.6472155761763699	0.2507124127512984	0.007827398422772337	0.008544670506983187	0.013890926779523163	0.05252867371152373	0.05903625149389738	0.0031025829362131413	1195.6377860325417	1336	3.421109845218386e-05
0.4015710807492751	-0.4494471187632656	0.9983298129090113	2.986503500024902	-0.00037575463207196596	0.24645229060593848	0.011081152836560209	0.01193420201820148	0.014000424886116577	0.052225810384013895	0.04112247101407127	0.0030741094520299783	1177.0247437788894	1336	2.3196920393895416e-06
0.7266334424480562	-0.8164630515111174	1.1084640464007438	2.833546537281447	-0.6878484986168519	0.2524504856232791	0.07167746533760401	0.07790683325637127	0.024487252761610293	0.06596550203168995	0.08042039533362082	0.003208018657658762	1150.2014213619736	1336	0.0034315779255681663
0.3987346625626943	-0.45196100672439804	0.9941461095525359	2.9628947277516726	0.002887471570367557	0.2521904734432319	0.010986931574623469	0.011972823718776884	0.013985958902560089	0.05212876930288639	0.04109092058697105	0.0031038357459816004	1250.2705178535589	1336	8.366116781692963e-06
0.2656267559893912	-0.3040733978612704	0.9363926111105518	2.979510759613956	0.7555574570948637	0.25036662758081923	0.0650493605547463	0.07437234754132034	0.03677189027464807	0.05456992493584924	0.5623100366214487	0.0031197053549035882	1160.6171596669171	1336	0.0010613641396312963
0.2746342658579177	-0.3020515505944777	0.9505552802432556	3.037730491364084	0.7570421791646517	0.25049722323421164	0.0641826964911027	0.07069270548629365	0.034969305300713585	0.05209458141958266	0.5401043312551138	0.003105367459643973	1159.7710309573945	1336	0.0012662919801406558
0.27094775540843763	-0.30526935189239757	0.9446682113845384	3.0487051504040097	0.7299217707745981	0.2448359924187175	0.06801038854718977	0.0764302188909321	0.03772344184036048	0.05261843235550068	0.5720747995800985	0.0030733183069359773	1261.616942182245	1336	0.0004162511485934763
0.3964884483675187	-0.45180223121761537	1.0028774224626582	3.019171293723774	0.0019708099781450446	0.2505153597011036	0.01095234670250137	0.011993368019439734	0.014079487214116192	0.05263230067117848	0.041217867063699176	0.003096549933941243	1229.7916737770847	1336	1.8202683754537984e-05
0.39775154749431757	-0.44926300102407	0.9791147117046168	2.9300830053339437	-0.00475410394057729	0.24937709424540314	0.011026015509063208	0.011976204107871095	0.01397770552855375	0.05218553975346632	0.04117633615333005	0.003090985516174867	1175.681705972438	1336	7.671496993462407e-05
0.2755243731005132	-0.3081575472957127	0.9531546332228722	3.070556087461132	0.7184977196458879	0.24908116547513573	0.09384755883788755	0.10545968501608757	0.049491184601122715	0.05216579016913894	0.777206601771009	0.0030453791614409383	1157.376642286959	1336	0.00019854050684092213
0.3982195415337804	-0.4516175895203554	0.9907152551683459	2.960323693240811	0.0016228164507978992	0.25339238112918727	0.01099124587890741	0.011981845248814696	0.013969660581459839	0.052049414187695334	0.04113810638921681	0.0031230480297124385	1231.1900136127992	1336	0.00011544783177552578
0.4002990591014499	-0.451005602182584	1.0086441795024113	3.041411237270475	0.0030062401736336846	0.2498831474083968	0.011034413237640893	0.011956866974201438	0.014074127026210742	0.052645716286315286	0.04119928624839203	0.003093130384662257	1201.184292548316	1336	2.7538137569853616e-06
0.4023020580311159	-0.448837600294251	1.0101563164386091	3.0317437926348627	-0.00018004921851381544	0.25171487808350407	0.011146924657881805	0.01196882064903684	0.01411843656532063	0.052741562920480746	0.041321224683580744	0.0031174180315138482	1196.1040671181936	1336	1.8700719515294965e-06
0.39412569812806775	-0.4507273319692347	0.9964165115110946	3.0100292746655737	-0.0022415475215013456	0.24906214238025856	0.0109321398613093	0.012012294301136659	0.014112346146165399	0.05281529599600177	0.04129478753484537	0.003105601668724609	1203.7891130244182	1336	8.956967419799761e-06
0.7393971309753484	-0.8284490772267801	1.1180628578924288	2.8341500309791816	-0.7054467062031944	0.24711869224503608	0.05613675490430763	0.06302906663260896	0.020161546303627844	0.06366511289808253	0.06330616226166096	0.002856310626408246	1206.5619458905294	1336	0.0054892881306863
0.2667520331674584	-0.30321963366732985	0.9409028278300551	3.0351423566962894	0.7616932559042877	0.24701124012596562	0.043680734570607775	0.0480741952566592	0.026253767884408998	0.052212180227478845	0.3732292576972446	0.0030747814849976284	1204.3029361982412	1336	0.0008778340763780153
0.4040175435535305	-0.44859727636069907	1.0225253983459535	3.0708069368916013	0.001466335730251391	0.24527157787851936	0.011155406306778241	0.01192548759239168	0.014104041112180542	0.05259899636318032	0.041239562179633794	0.0030740563452779377	1198.7830863994868	1336	2.4370103859269375e-05
0.3985587203963294	-0.45055588520864626	0.9923416843049224	2.980684674551323	-0.0003070564998111328	0.2548716502523039	0.01103617439453773	0.011995920816481329	0.014029776378080028	0.052403011602429314	0.04126403711562939	0.003132537697015978	1112.0981501779754	1336	5.637648118980504e-05
0.39894137214248765	-0.4498859915090022	0.9928153154520845	2.981824609431225	-0.001576335909085433	0.25166044582158686	0.01104372372575305	0.011976310339198198	0.014009144180808801	0.05234924397952884	0.0412253065280322	0.0031215712283676027	1298.5593751493361	1336	6.688321997091333e-05
0.2814934772175967	-0.317372640224781	0.9498884344207886	3.0549406173250944	0.6546708220509624	0.2479508159140087	0.06494687337285644	0.07337044243547972	0.03582954376959204	0.052191309031977225	0.5113674428138508	0.0031086499919181264	1115.5686450781361	1336	0.0005132331690420301
0.39634156603284787	-0.4506671107039152	0.9991189211306459	2.997751648536036	-0.000812555198278824	0.2536143103147389	0.010999528213950883	0.01202177945389819	0.014128503907068941	0.05280232841359663	0.04132359311408708	0.0031372879431819686	1152.7096174667186	1336	6.365651348343789e-06
0.39906943955562507	-0.4487691783375462	0.9942719347134387	3.0117383599756047	-0.0035691609668721956	0.24883201274762873	0.011061459804257216	0.011965153792105606	0.014055427941711215	0.052581383685284866	0.04128999299311283	0.0031010856880757383	1131.8214897806765	1336	0.0001273248099461726
0.4018085983210302	-0.450348405752209	1.0067408255551675	3.0256973830158693	0.0022719526065850537	0.2477490035585025	0.01106845995582876	0.011934889690332875	0.014026779632692287	0.05243099423116617	0.04114173164096574	0.0030764399503669976	1204.7294162686185	1336	0.00010162623455926405
0.40172933825335005	-0.45018802300628274	0.9941885745292552	2.9826774318297686	0.0008066977609316548	0.25129626058974225	0.011078616290865212	0.011944719405841388	0.013975851951795695	0.05221788782888553	0.041142069522548	0.0031062136127452964	1149.834731043731	1336	6.264547265784855e-05
0.3968809908343559	-0.4496112179994359	0.9882433023207793	2.955776335854796	-0.0037680687491951923	0.24792588086770734	0.011002098420412316	0.011983417085037319	0.014053193955637795	0.05251152866848837	0.041190731401116044	0.0030948573529066175	1235.9390718502762	1336	0.0001657541961584778
0.40331051837013887	-0.44920803474380844	1.0168878135933492	3.035264887613996	0.0018774333001262428	0.24876113420932905	0.011144523760176961	0.011948422847730678	0.014118756573572123	0.0526041498901106	0.04123466131071024	0.003098298336940186	1137.1417503422845	1336	3.552059725578811e-05
0.40523519816165554	-0.4495094371082335	1.0168254527139602	3.06215373371157	0.003449887069775818	0.25194076586793746	0.01117661408209804	0.01193589120471421	0.01408496758346247	0.0526734391290919	0.04126212659698772	0.0030966756821968386	1189.4874632068313	1336	2.63548724942268e-05
0.6775674248309261	-0.7626998908133985	1.0975268516248042	2.917473354280524	-0.6360554845277189	0.24808842389272165	0.1235131999315562	0.14055180108367937	0.03992883403521838	0.08916388834781246	0.16547661135113215	0.0029652653637299736	1210.907599045539	1336	0.005572561429309328
0.404219088846594	-0.45008722902567355	1.0064790313497234	3.0114705765238585	0.0033489745621307822	0.2513328371719486	0.011133473422385857	0.011932331190504743	0.01402701178470834	0.05230145293211242	0.04115451604805992	0.003096723679700385	1180.0571775823196	1336	0.00012846361794811932
0.7869801021460102	-0.87538197699334	1.1245110152710096	2.796886160007404	-0.750956981441329	0.24743843392938833	0.09472076454333585	0.10495342531744037	0.027470931499720602	0.08187596089241833	0.09390031690113515	0.003140334460993777	1183.7808672659	1336	0.006964889432594337
0.3952480973889276	-0.4507781957132959	1.003651230387857	3.0560877095895798	-0.0008219260600652727	0.25001856363875546	0.01095626095722933	0.012007264473324753	0.01412862735217951	0.052950243479761974	0.04136103012476518	0.00310392558285699	1263.9372660469198	1336	0.0001386799836290277
0.4014871451875832	-0.44877211804300077	0.984835289918238	2.927027473301792	-0.002948048551387113	0.24723940403928454	0.011092932599030384	0.011932394282856789	0.013945364176396214	0.05187662715456483	0.0410706699849134	0.0030811615994033254	1213.5607281961222	1336	1.713284373040744e-05
0.40023982633378824	-0.45065886865684324	0.9982946892033953	2.985099464996516	0.0014597302677756782	0.2501813575695672	0.011039548774351258	0.011956139647717818	0.013990779856686529	0.05213414456748559	0.041133969435632016	0.0031028728521124587	1182.3470025126674	1336	7.292833271213809e-05
0.40419542463739166	-0.44952836130747736	1.0113273122727808	3.0486929088781487	0.00239863401352661	0.24983971212547634	0.01114033526196843	0.01192613824120732	0.014044779806891535	0.0525150400239038	0.041207376220337766	0.0030947343391501255	1161.3635585690404	1336	1.6565648543025986e-05
0.4076601588572211	-0.4485447426066011	1.012941739037866	3.0729667324228713	0.002499520315745038	0.25337876832062034	0.011239109947207188	0.011912443180956061	0.014034734518845342	0.052580343059706276	0.04129021626788657	0.003108506285838241	1206.5768558861744	1336	4.4182598188942434e-06
0.4002651968934427	-0.4493565513734204	1.0064760526252239	3.0352136510570413	-0.0006560620319040437	0.24586845489995698	0.01106277192604507	0.011948358811713515	0.014051484577085991	0.05250201783220473	0.04122501412947779	0.0030671747724480562	1234.7266510825993	1336	1.2243891469039638e-06
0.6629482446290333	-0.7366728126780544	1.1045422071542432	2.944411178598328	-0.598718762109996	0.2560195875438461	0.07446206281670492	0.08286640520064062	0.026955005108446638	0.06539830686795121	0.1049809702957748	0.003028199837101372	1288.116786846825	1336	0.003336473083298191
0.4005929835583914	-0.44878547784162226	1.0141491420588649	3.0426765972809284	-0.0009745319399817398	0.2447887940158922	0.011088670833197022	0.011953356551429324	0.01414216972198981	0.05280764321247125	0.04125086993650094	0.003075291255345556	1132.3811710535072	1336	3.420082745733653e-05
0.6775961616772685	-0.7572834555214198	1.0969790633740326	2.8672414711903405	-0.626283743735032	0.24998943888980563	0.11302660043674306	0.12649055412946608	0.03600689195737375	0.08303685536559913	0.15249808183254013	0.0030835293949981997	1127.6054821632174	1336	0.0014119128186525652
0.7800187192464698	-0.8806242867073728	1.105746075847258	2.745974583222601	-0.7541180318314679	0.2514259174264982	0.09326548858983037	0.10529145460018902	0.027938638272321757	0.0823146913101095	0.09260789094835604	0.00311818302989026	1151.9636701633453	1336	0.01012426708792897
0.3985190634299552	-0.4503911028031294	1.00289794706145	3.0103389129476046	0.00015438620195975896	0.25169132460355714	0.011034452575253673	0.01199142860721687	0.014099444803116376	0.052685815567514484	0.041271423514076075	0.0031196442053185915	1157.1525362369143	1336	2.681200330455435e-05
0.4000227417310671	-0.44907229235055923	0.9974818539075293	3.003129294821878	-0.002262004030098381	0.24710853217912115	0.01106489918224432	0.011949558447601807	0.01405170252908152	0.05256368226840186	0.041203662468538904	0.003081931836435381	1183.4250875326372	1336	0.00011078268525062276
0.40085064370895684	-0.4506189727507242	0.9959835429345018	2.9821176570888914	0.001387989099825609	0.2535923023316158	0.011068246664958464	0.011967346571043359	0.014013722470476315	0.05235048151485469	0.04118298731449478	0.003124307609645171	1178.4509922655852	1336	2.872292722514004e-05
0.40117812713669376	-0.449561158055304	1.0027009338494677	3.0115694869126353	0.00010712722428605278	0.2512647418619399	0.011097148632293684	0.011964452439030122	0.014034163016953781	0.05233911601116998	0.04125436452868803	0.003099943295652449	1200.9922015427778	1336	0.00011448641058639979
0.26742757022775254	-0.303466510289961	0.920153293698888	2.9311202893886517	0.7493134231080939	0.247464625994996	0.08573998325607934	0.09738541431952678	0.046314048096714217	0.05197000531710867	0.7294346725146066	0.0030645049737367766	1281.6807122823566	1336	0.0005761293059129476
0.4041707083730862	-0.4472357844511172	1.001750446195621	3.023196323754806	-0.003248071518634278	0.24775727686902496	0.011190595052499705	0.0119241139797355	0.014025880532106242	0.052452693055054164	0.04126920206659152	0.0030947458790380918	1233.4296048514727	1336	3.5007968385669585e-05
0.39775389245700615	-0.4503844831757093	1.0140165864067605	3.063081142438532	0.0008025712790694112	0.2468078713046996	0.011001880959431777	0.011977629885362441	0.01413092397732091	0.05277964038482545	0.04128233347259498	0.003077101245571665	1261.38100331961	1336	0.00016532649943968192
0.40176494049806144	-0.44880060616582085	1.0048338493335451	3.0011191719196875	-0.0009855943790549808	0.24979184482538952	0.011126677253688785	0.011960991714432665	0.01409057339872768	0.05254274550214144	0.041246232740717544	0.0031160251444907793	1283.1208423459163	1336	2.607966319842379e-06
0.4001739923389644	-0.450028690467744	1.0005226514568006	3.006491660455647	0.00011915992352703057	0.24990700182564013	0.011058802051395488	0.011962871478955552	0.014026218483469924	0.05240600892427295	0.041212174734505565	0.003088087961957561	1137.0843397164676	1336	9.83747810447931e-05
0.40667096302357586	-0.44839399974005417	1.0087808051741562	3.0344302073768388	0.0011987517937115566	0.250034042165455	0.011212512745549078	0.011907993095848356	0.014039853410381218	0.0525249080363364	0.04120085627081387	0.0031010520392611976	1156.6196719395284	1336	0.00017304769649995576
0.27400752755014945	-0.3100584175639592	0.9515531293250298	3.034093298497634	0.7205736637614281	0.252364895087116	0.049290775717148176	0.05571010129421769	0.028486960613812423	0.052600156198583825	0.4114687490572038	0.003090006781151641	1123.3264731924041	1336	0.0006575002685302152
0.2633894836515186	-0.29671350047856965	0.9380161617331773	3.0108407868654643	0.8163570038655487	0.2527977332432288	0.08547477190485857	0.0962824996713311	0.04607688473534925	0.05275599744875374	0.7693127629303838	0.0031237894206234277	1229.00087384882	1336	0.0001973913015088587
0.2874282406385915	-0.3207433419575811	0.9418354622233026	3.0102152652084246	0.6287825439802165	0.2502003663435151	0.11156399993680167	0.12473129730352202	0.056971358030520176	0.05269484726363403	0.8517317216526531	0.0029565294442244557	1183.5548291715054	1336	9.65249383726088e-05
0.3976431696201162	-0.45024503117903963	1.0001058909412532	3.0258561744169032	-0.0008364153556303851	0.2483294434879677	0.010999425885986184	0.011973553084791502	0.014057726113793287	0.052578386426298994	0.04124901546650543	0.0030847431203961584	1284.960230492874	1336	6.884359555874872e-05
0.39955813625047737	-0.4503936687838989	1.0025660411623307	2.985691328180806	0.00112639635174213	0.25071081640647286	0.011049001611092686	0.011978729672808507	0.014046065004331304	0.05230716167860744	0.0412002333773552	0.003110712614844549	1110.0818354992984	1336	1.1988808911489783e-05
0.40548278807017973	-0.44797469704712267	0.9882192665499868	2.924559375586882	-0.002012770361504823	0.2536356444711678	0.011218253477742144	0.011936758343075612	0.013962153859653869	0.05195207221304364	0.041151096723242964	0.0031278371810589908	1287.923280293121	1336	2.3847999896885007e-05
0.40024138810808085	-0.44966462540109386	1.0076164596227362	3.0440227329427403	0.00011259840765907312	0.24861981226825847	0.011064992378557719	0.011958913235896648	0.014073106949454187	0.05262122982323107	0.04126336125892892	0.003094700137933285	1142.6460651246352	1336	2.1054768697439197e-05
0.26697249129831063	-0.2991706869142174	0.9541295906591779	3.075692111696772	0.7882109708953386	0.2441671473096019	0.08248725717698971	0.0921184090193332	0.044677772022958466	0.052320572853648946	0.7226038382836448	0.0030452095812038317	1185.4808364298456	1336	0.00020637416187475213
0.6681732974212238	-0.7499916661219758	1.0858121390408146	2.8475612894387883	-0.6144961528825141	0.2535470410536651	0.07218295448930766	0.08036475425322087	0.02578853938088227	0.0599613988231423	0.10037709177749406	0.0030955914984273484	1213.7425947738757	1336	0.0008195623371644995
0.40879547279173545	-0.44638096278857986	1.0106811422584374	3.056172426793176	-0.0015512266093793998	0.2523528999643054	0.011318593071928972	0.011910722650827271	0.014063219428093332	0.05264076860237591	0.04135420025962881	0.003125144304011664	1218.0041057411509	1336	5.898026413422538e-05
0.7979704171901267	-0.8964127403631158	1.1354909849254362	2.83125177933866	-0.7639100483132982	0.25142951949103265	0.05996654099073362	0.0688928237064042	0.020953610486943018	0.07100594339109996	0.056629664752304604	0.0030634730583959735	1183.9526509570283	1336	0.01363710879698192
0.39963989855004944	-0.4484820034954893	0.9801003346344451	2.9059197455573273	-0.005084361128668612	0.2482688818679738	0.0110779711448125	0.01196009381757478	0.013981291870165872	0.052037379404868855	0.041121871540031704	0.0031028651117342267	1189.0609777907462	1336	6.800818295936999e-06
0.4005143279198492	-0.448702030725117	1.0037478092224834	3.020756725430703	-0.0020860320102556356	0.24858735059993506	0.011099508813973981	0.011964352782282478	0.014089082018082493	0.05263485463616574	0.04128909755493374	0.0030965065354021833	1270.1143906965458	1336	3.826540699422112e-08
0.7437466352444808	-0.8188872218779324	1.121942432318352	2.8482655258408034	-0.6996617465290956	0.2472177849128938	0.08679180461240024	0.09491977707078361	0.02826754046138745	0.07363299149100856	0.09669794165713909	0.0030890609111264844	1261.4005670600231	1336	0.012290579108251931
0.2612443885020186	-0.29619219669699753	0.9369936890664966	2.993283795449348	0.8155567884435503	0.24870073958414626	0.0542263380849972	0.06129358767067619	0.032915094942214874	0.0539735500774259	0.4906265199802478	0.0031078102632718326	1259.5410771724378	1336	0.0007011757138340917
0.40110186824015	-0.4490239971064947	0.9938896690670735	2.9756517892053886	-0.0018915560723538965	0.25099077070807657	0.011103057206003205	0.011961220650178373	0.014035124510740522	0.05238247157523002	0.041219776135773885	0.003114851200826111	1156.9756532093156	1336	7.190801582460272e-06
0.4042817045583076	-0.448498070149364	1.0081916287573682	3.025539930864802	2.4742738970897774e-05	0.2506369715847855	0.011179554520094108	0.01194090583302029	0.01403975304057071	0.052423125108316225	0.041259689896013	0.003100423454210453	1199.9793450467328	1336	7.61144110551738e-05
0.3942703159667628	-0.45023248532163856	0.9891169446067363	2.9698460326171494	-0.00378471886599603	0.24799877480464913	0.010938977089398423	0.0120043799878798	0.014099533813824004	0.052697051103235935	0.04123146967937985	0.003102843737245496	1119.8001125345165	1336	1.8043576206143834e-05
0.39510525351753667	-0.4535134492606061	0.9816750464470685	2.911657767270121	0.0027807883007281695	0.25204244728830244	0.010878420204027187	0.011993806442407443	0.013943713778827551	0.051965581011743374	0.04099500379990833	0.0030896010900691682	1259.2301888787738	1336	0.0001200335957771397
0.40160455113154847	-0.45008738914785246	1.0334328609282322	3.135046699830996	0.00404143934001384	0.2519507138766863	0.01111459645448156	0.011983715785274707	0.014231187957843549	0.05331609670875593	0.041438575393728555	0.0031154643918275843	1183.36149548617	1336	6.42700307837652e-06
0.40086853779960546	-0.44871096189284293	1.0105526456140077	3.0247684014396468	-0.0011567121361068097	0.24285598457217294	0.011083613030793285	0.011938803127585653	0.014095613648296614	0.05253786864019231	0.04118741823612414	0.0030538577323775185	1218.9925974142573	1336	4.389650632421532e-05
0.4077274697808395	-0.44719260979433145	1.004656423107176	3.032529094085264	-0.0009752076775886145	0.253963578594811	0.011280554961862223	0.011921051026592733	0.014020705059583147	0.05244501616393051	0.04131938948764788	0.0031258888881581562	1132.2245885508914	1336	1.6477278169284636e-05
0.27081932451623636	-0.3029920673879808	0.9551170678654671	3.089868297206344	0.7656433159752966	0.25035135743006276	0.0613620690919766	0.06874385273349348	0.0341777489539811	0.05218576079993996	0.5307534067101065	0.0030308478733106193	1205.9449342899688	1336	0.00037037511846919636
0.7995771547440116	-0.9001541943271179	1.1335655752110525	2.812487985643615	-0.7685014837991834	0.2519167178209761	0.07031559563335171	0.07856001993978043	0.02148379391371932	0.0788075402092006	0.06493724945378987	0.003079305457325102	1226.0626290650052	1336	0.01834867263702969
0.40229840384113136	-0.4475092285875298	1.0106853750375882	3.0546005035724755	-0.0030709366721929283	0.24770396369364261	0.011160960010305112	0.011951996423075125	0.014153854738404907	0.053031177481574925	0.041355223621172776	0.0030941331528410313	1132.9161986516451	1336	0.00018505637511754622
0.3944528994252678	-0.4555596469393391	0.988980450119823	2.950097313843835	0.007480373478284367	0.25515228056147776	0.010825253522304146	0.012002025019486155	0.013964990467776085	0.05208121206723764	0.0409973844439144	0.0031100832296307875	1129.838345321629	1336	0.00011131461405101411
0.39581895727513267	-0.45082913128288543	1.00010990015543	2.9772938457419866	-0.0006492989295266574	0.24857664906229532	0.010966580550705944	0.012004909415212506	0.01411714969180674	0.05262210843797861	0.041205363752677276	0.0030991709760070244	1140.4422008759007	1336	4.0002845777600514e-07
0.25990897774524824	-0.29797351561084795	0.9179253655384442	2.9395871548539123	0.7998635186758445	0.24875781611015624	0.05404927852300084	0.06214927014216073	0.03140227684758602	0.05220270942997119	0.4898692637244999	0.0031619978698788948	1229.494855660936	1336	0.0012593783133692082
0.4011785349127334	-0.44809455123302244	0.9920453490916392	2.991622433063974	-0.0040482659337558536	0.2513157384608222	0.011129414391680095	0.011962868796152524	0.014032519709520894	0.05247808688007511	0.04130147093294145	0.003113560447666452	1185.4960308663904	1336	1.3994453659891937e-05
0.39961083325530167	-0.44928992039453686	0.9806550085839421	2.9147795962286303	-0.0033797960741244783	0.24694016067956143	0.011039733303396627	0.011940975024713231	0.013929348126531129	0.051841851622967436	0.04104253527199954	0.0030899599179215736	1163.2727705113184	1336	2.0116927467785477e-06
0.40517771535042246	-0.4488271713080637	1.0075823734069596	3.0167978667688944	0.0013644563049993673	0.24783775549466924	0.011165545741128014	0.011909891956955103	0.014008619956851499	0.052217150968946524	0.0411417014747402	0.0030892023951021815	1151.0287924696725	1336	8.129931274068324e-05
0.4006457818093052	-0.4490534725028294	1.0081624685245105	3.039649313243887	-0.000894449141039544	0.24959363238644316	0.011098397987693276	0.011967949372417465	0.014089375984094574	0.052642959561634256	0.04131170104728436	0.003099503607256483	1140.757287053103	1336	1.915578194397823e-06
0.27060672548740283	-0.3090224556598563	0.924523895827635	2.9188727020193683	0.7179389163676146	0.24608210310967762	0.078594534595101	0.09000648440401791	0.042769949824865004	0.05155315889129527	0.6603036579820188	0.0029959212781320087	1139.5927136293549	1336	0.0002654586319441248
0.40436175831769733	-0.45021326684590984	1.0095046602267252	3.0320157606344424	0.003466449320771665	0.25501532778260994	0.011154108499967261	0.011953702831268537	0.014039713567028825	0.05246007308871224	0.04124309141719295	0.003123001620532039	1213.36465687485	1336	1.8373572049420557e-05
0.3985715759076685	-0.4498381898991259	0.9948833123088731	3.002236343131459	-0.001743153355217799	0.2516518049594661	0.01104025848128287	0.011981803677971133	0.01407147399734388	0.05271411905804334	0.04127359168578571	0.00311887302521924	1128.7484655975818	1336	0.0001410062772560561
0.397960016078447	-0.45072100876157467	1.0047479432684538	3.0189364553962936	0.0007879874861975736	0.25091858441811116	0.011013035927669777	0.011992112841079672	0.014105422414726296	0.05267281058953987	0.041267118966703605	0.003103376161858962	1245.3601230574668	1336	5.4448855467197465e-05
0.829016233618153	-0.9101920848995777	1.1440335113323867	2.846675281772803	-0.7814211127652498	0.2532917351995554	0.05894100656383968	0.06269085259236894	0.022047934869865796	0.05707512514883553	0.050645654646077454	0.0031012223567207274	1150.5392808809859	1336	0.012957331517934424
0.3970388828871774	-0.45074540552439113	0.9860709077212216	2.9394225568037204	-0.0014262025891715112	0.25332560213227356	0.010998170209092287	0.012002607345954583	0.014016078574642576	0.05226994800903314	0.04119397323370253	0.0031228090932623794	1203.1171117835777	1336	3.0710018777456006e-05
0.4051164571836667	-0.44970665147082284	1.005592341650314	3.0364738632616923	0.0027183726580911447	0.2575214246477803	0.011184960472665697	0.011952660190685888	0.014022788505914164	0.05252825204633757	0.041300830832444776	0.003141236057922391	1223.8490352715723	1336	0.00014315753879508048
0.40045918350770454	-0.44873833293517307	0.9942482489940303	2.9783866157958774	-0.002857836302937185	0.24956052478773716	0.011093846106567076	0.011960651031680633	0.014055050537427706	0.05248440559572487	0.041222734676779525	0.0031197194438606682	1254.3457507755852	1336	4.195741902426508e-08
0.39985095749754174	-0.4490075683315482	0.9894222679343042	2.9643300965413686	-0.003175058123473439	0.2452407514922424	0.011050241972980029	0.01193699433089593	0.01403600195908789	0.05246136282765619	0.041111870429101686	0.0030683058657341323	1181.5780020372526	1336	8.993647080190857e-05
0.27509044093697504	-0.31177582682063004	0.9478739090395145	3.0313482812730417	0.705157586914428	0.24902720363215722	0.04357648899973702	0.04889477150094962	0.0294161015462116	0.053437417870476955	0.3562674033441547	0.00306734127521839	1089.43364929068	1336	0.00045014341501064034
0.40295522215178725	-0.4479097043526382	1.0024184349617546	3.0027450885244877	-0.0023632402619848804	0.2467153901956997	0.011151258384627657	0.011933550242131313	0.014029447895673706	0.052306624472535174	0.041215511322315636	0.003086412302237543	1184.4685289195872	1336	8.072514132866709e-06
0.3956132375779825	-0.45220295270058064	0.9988520218312159	3.0091296231152542	0.0019085115013738859	0.2488229508276089	0.010913661462201888	0.01198655333890392	0.014060153347501167	0.05254385056081272	0.041162211426631096	0.0030751696954069625	1176.541598987264	1336	0.00014976077585820966
0.39959975064338865	-0.44889788039444883	1.0169535946747446	3.095190592925643	-0.001116941611676933	0.2524944289874098	0.011104984891648906	0.011999105874348421	0.014189487656112505	0.053193258393900086	0.041489701619567894	0.003122641645043778	1321.2209412506681	1336	2.5880076379783865e-05
0.3976251276915107	-0.451535877715727	0.9721808845402214	2.898695826318504	-0.0006662076442250009	0.2549234543538941	0.010975501300140276	0.011980022527877745	0.013901833453100166	0.051865894382941445	0.04106661503887333	0.00313369562860143	1118.0982468703412	1336	1.2770397335311945e-05
0.3973323629527089	-0.45054063053317334	0.9866150361346318	2.9714544309568427	-0.0016404849827487394	0.24972537209681125	0.010979630877371555	0.011967850202689083	0.013973654169882473	0.052225671435237465	0.04115287192861887	0.003108406701227044	1204.6090630949275	1336	1.361823722124915e-06
0.2608784339474327	-0.2911858825227799	0.9426168248247314	3.033444359873121	0.8584840407881754	0.2559199663315893	0.07913485075687436	0.0882858264182304	0.04281498465048123	0.05182093744531638	0.727755539450453	0.0030906414368861634	1213.1984117627467	1336	0.0004880421597131423
0.39590894301491636	-0.4532732380307345	1.0090750027223852	3.0433886508356762	0.005218427868478064	0.25455831551875197	0.010923215807929508	0.012014786778807511	0.014097718172627139	0.05271352754764016	0.04125571408649981	0.0031241074121081997	1195.099258590998	1336	1.3377217411136477e-05
0.7348186026693891	-0.8306857589189108	1.1073123816180186	2.8316969839908315	-0.7035897688555299	0.252855542463788	0.09666620153184695	0.10929400017319763	0.030129802319606824	0.07678777882152357	0.10904368484834057	0.0032350486824736222	1166.2189462772017	1336	0.0033886336034086376
0.2771355780700684	-0.31291916131270264	0.9498044524420557	3.0535182853375216	0.699919667649432	0.25687899112368817	0.049128787647173905	0.054730334855039295	0.027269883250972564	0.05223218559122769	0.39833861601516557	0.0030877693468497327	1188.026460899885	1336	0.0004343204186307726
0.3966637551257995	-0.45147800494565243	0.9893645957348014	2.966470031642074	8.131166652630246e-05	0.2524157696272728	0.010966349171887851	0.011996297490228834	0.014006809221529585	0.05233580852308554	0.041183968861343366	0.0031059359471107993	1217.1559882682159	1336	0.0001958460554681637
0.4010886944189293	-0.45128289248797687	1.0042602442070425	3.007467814452948	0.0037911805298323034	0.2504322849941683	0.011042819126261658	0.011950549540549877	0.013992549965202465	0.05214448475142593	0.0411283677945475	0.0030845586679609485	1199.7099954619491	1336	0.00010837136695984014
0.39789525039857804	-0.4508478487881884	0.9956066821144457	2.9714473374803765	8.811879521625768e-05	0.24876889197990423	0.010992270101314323	0.011974932526271902	0.014044711661172061	0.052426198335759774	0.04113595833027136	0.0030933414138409857	1243.6210727543735	1336	9.372064951266417e-05
0.7418236330457424	-0.83230630567657	1.1132054144097008	2.831690412816095	-0.7100921454410716	0.24842681063255928	0.0787319264075731	0.08767644854515126	0.02526204776488747	0.07110419399697013	0.08685698226566611	0.003043319646066225	1197.1258616901264	1336	0.004993369296635746
0.400864509474074	-0.45103515412208345	1.0033261917396543	2.974539000408484	0.0029682953671089376	0.24884406035851647	0.011045199036709552	0.011954347686475119	0.014018534126845278	0.052190169883255505	0.041077468818539555	0.0030892233072897773	1125.970118767066	1336	5.239758103055529e-05
0.2703593949115353	-0.304962297304527	0.9349021325021579	3.001736553153579	0.7312232605719631	0.24841985069598393	0.06364268085304817	0.07176571463741421	0.03521673352962854	0.052818457010728403	0.5384165119646898	0.0028876693611944427	1192.9177142560552	1336	0.00040182251223828215
0.26996382141651115	-0.3043122266426775	0.9560645849451299	3.081116700708318	0.7613390127803685	0.25627867996196046	0.07261118580303406	0.08218534425652445	0.039675951315150136	0.053564105708779265	0.6234821329808735	0.0031568221862639198	1224.649224160452	1336	0.0005631959112261335
0.3974149732715808	-0.4506205910805537	1.0031142057006643	3.047882594862002	2.139636031158101e-05	0.2556802903829768	0.01102430502257738	0.01201679538727706	0.014141006407758741	0.05303679909517331	0.041413236741377285	0.0031382014188060304	1137.7320034450404	1336	4.215723620282847e-05
0.7259471646197685	-0.825158844558139	1.097979641327541	2.7921600021623196	-0.7000995312687947	0.24807245955654628	0.0797745695230938	0.09057467505430146	0.026640538349082157	0.07333557030741698	0.0916317324532982	0.003177788160172159	1209.7251036772986	1336	0.010038879643269516
0.4019721333309933	-0.4500886644242856	1.0136463890639207	3.0385729396461096	0.0026455987102139136	0.2526974027632206	0.01111245293731896	0.011971763804193286	0.014080790861326499	0.05248599512342876	0.041284439167496675	0.003115168349936649	1188.0532674029137	1336	8.967939516795304e-05
0.3967740705748017	-0.4501174616839953	0.9961915113994749	2.984007600748509	-0.0018753142006614953	0.2478741048419915	0.010991617980742096	0.01198750485128924	0.014057131793946496	0.05240877848249509	0.04121748902191374	0.003087126934197815	1223.9577620691562	1336	8.976264496923232e-05
0.2655520861737935	-0.29839240668854744	0.9319773242011486	2.9625311070732656	0.7971336868571312	0.2497077182928778	0.08177841334705786	0.09181994293104688	0.04423182036086053	0.05226072254484266	0.7232995924116231	0.003106798227299598	1109.5218035609078	1336	0.00024228851754130767
0.3977301478735349	-0.4505928194895694	1.0125898791928478	3.0717647612667687	0.0010282086083761796	0.24991944555488813	0.011007628004298829	0.011989922592034592	0.014152502362055001	0.05299818763955669	0.04133774125568936	0.0031054914255504973	1154.489139285799	1336	9.742481248803113e-05
0.6846302894567032	-0.7742189618616017	1.093027124672457	2.8368060696282082	-0.6439054617916558	0.25249762321654634	0.16652259425312568	0.18786036474905166	0.05226081717754379	0.1046545466291744	0.21628256570324064	0.0031049283387742798	1213.3896952315586	1336	0.000616701657214899
0.40048916443072774	-0.4490408134547134	0.9938408682051353	2.9772257129484045	-0.0023302788939092243	0.24736978712153865	0.011075359573956804	0.011947108094143608	0.014016962040558677	0.05234021026352682	0.04116344389314566	0.00309128724846897	1121.6047514626225	1336	7.761051999319261e-05
0.3965942469265892	-0.44996363572707687	0.9836161581905184	2.936314747398007	-0.0034522165263157446	0.2503449964864901	0.01099551753087267	0.011992303776881423	0.014029602054863432	0.05231647480513114	0.04118645759707649	0.003115621982947019	1160.4315578050023	1336	1.593181902352254e-05
0.2818399216028407	-0.312872079056885	0.9529660022633724	3.0232321260478328	0.6794614910757008	0.2501537439553449	0.0372815557372307	0.040911029238723966	0.02533442100151642	0.052858857552607746	0.2910502179093612	0.003011258512673197	1105.4703607393926	1336	0.0002833200150439628
0.40022429442613455	-0.45099340025977536	0.9982138500551031	2.962263442522091	0.0021953984607015766	0.25460293775955667	0.011058123543296659	0.011984712240917527	0.014046366073327843	0.05228707292796293	0.04117195861299886	0.003134582659148773	1159.8546112377142	1336	8.032556217893303e-05
0.40222846120681366	-0.45107189927687313	1.0230128136796963	3.0654016338151657	0.005704784166968668	0.2553825383746322	0.011109924407300758	0.011986856406832265	0.014150756228514976	0.0527783013800065	0.041322842766926916	0.0031323675362501914	1131.7763524000366	1336	0.00017020893283106354
0.3968635226555294	-0.44897481499695313	0.9830410200054086	2.960040113405283	-0.005525166456325608	0.24287600934599704	0.010982993702906535	0.011947246891787035	0.01398801406207248	0.05227562552541424	0.04112247246099969	0.0030584277022002765	1138.1944622844849	1336	2.2093642519679693e-05
0.39815390235985776	-0.4515075977321578	0.9947666627616872	2.9704806712957703	0.0017007124208186417	0.248035873867809	0.010971305133809596	0.011960352622261654	0.013977617096092063	0.052060357236292515	0.04107158074474588	0.003072946888608886	1136.158148217864	1336	7.541232314240539e-05
0.25921060468106283	-0.2910454726890566	0.9438020314726144	3.0388011691161725	0.8459734572638067	0.24803983969283758	0.03580294005069492	0.03851796884048463	0.023124756744405194	0.05265015443176631	0.3234062038792182	0.0030694073476398042	1153.179894196195	1336	0.0006194209415600209
0.3981495168924625	-0.45186919139767073	0.9923390947276272	2.965155638005395	0.002085295786373949	0.251475855748667	0.010971700975132488	0.011969554480509249	0.01397725192846877	0.05217207188592365	0.04108427438617847	0.003114540621756279	1128.483724789743	1336	4.587761528233289e-05
0.4012834810136631	-0.4500124202352903	1.008728369809959	3.019938261591045	0.001500263871227722	0.2505252157489962	0.011088751911886022	0.011964234167450462	0.014072654444279	0.052540532597129895	0.04122807864232866	0.0031060438524865195	1180.6306347148666	1336	5.1894377237441664e-05
0.2688740372011216	-0.3030864570179494	0.9501490125229278	3.055915632828231	0.7723869420806377	0.25428530339642225	0.07703183669057632	0.08647366272130583	0.04152272151787426	0.053487060850544506	0.6646690307872898	0.0031590074803127988	1119.748796846641	1336	0.00028851576426836765
0.2537567353003596	-0.2856176596603211	0.9283222655372455	3.0075137588950187	0.8993529460388456	0.251610036360212	0.05959358931797306	0.06707770260953581	0.03426222439884537	0.054592732862096593	0.5756864420685921	0.0031153556517366267	1142.02378014104	1336	0.00043206078474293183
0.25419997855259285	-0.28900192635623934	0.9460942306682436	3.077003185905846	0.8872034363369724	0.24900506301511682	0.08596964774838164	0.09719501617853392	0.04716569807365482	0.052383187302588965	0.8170010586954256	0.0030650860590749657	1133.5499810910865	1336	0.0006239291372612007
0.8620880807883445	-0.9441138203473696	1.133006212212462	2.747353464277761	-0.8063380906142665	0.2581430516008722	0.1160920549661718	0.126307695215168	0.030385635049401248	0.09276733835244433	0.09586901705368696	0.0032011908163878094	1115.2518324720022	1336	0.005633614878701058
0.4029717284570549	-0.44970173295688004	0.9928320090307472	2.946549049415083	0.000437351601583152	0.2512851760022978	0.011117313137051549	0.011940704546810687	0.013960076147923547	0.0519943925692287	0.041091818751025	0.0030998862382858273	1212.1207945406709	1336	0.00014575770061683987
0.405787861433647	-0.4472107672213237	1.0048788043930474	3.0072251545086637	-0.0019399177726923122	0.25013739704101545	0.011235289471218279	0.011927262079127423	0.014028439494902822	0.05228893152653743	0.041259565790318344	0.0031178402327416894	1242.8441056599656	1336	5.542470785239748e-06
0.2638149338541011	-0.2947151633556172	0.9254401065866487	2.9450391883217706	0.810881130944732	0.2444297147218307	0.08974676993165051	0.1000100203361385	0.048170464396533386	0.052146801056243176	0.8020803564395376	0.003127370371164615	1221.3447923903418	1336	0.00016384025862792073
0.2789360033097141	-0.3182049249478899	0.9184400790064311	2.869038453558311	0.6588617771684423	0.25274700004677403	0.05235876849416692	0.059467549423108404	0.03191433644860067	0.05397286075635752	0.41575784152873935	0.003125889347156301	1183.8061422287665	1336	0.000256879134679436
0.2490858134748384	-0.28843187666905856	0.940949557194369	3.0560183114547113	0.9024409390403041	0.25003536077010835	0.03993814572519788	0.04777831931822421	0.023708230939932115	0.053297672244422035	0.40657047467962243	0.003106672169505563	1216.5642203122968	1336	0.0014713151599302632
0.4040713682195098	-0.4490020962267319	1.000010591288432	2.975142733284558	0.0003291264655300273	0.2523561085881554	0.01116640054424375	0.011945738303094696	0.013998836146565122	0.052128392768275085	0.04118454457652147	0.0031184356696412003	1217.5209113727428	1336	1.5785267575298014e-05
0.2847833570056463	-0.31941979844289636	0.9349216201577072	2.9494560145990305	0.6465888174733777	0.25515998242605215	0.007898646735553941	0.008532110425137367	0.01379105176073819	0.05201190783451357	0.05884908477282257	0.0031347410525742036	1178.7133560605052	1336	5.8748682814715455e-05
0.39862118452279965	-0.4502204688764949	1.0232822805517217	3.0905578393491333	0.0017787109214249394	0.2486662437753423	0.011040074839919681	0.011990848515356025	0.01421040828709955	0.05310090359312245	0.04136568063136229	0.0030919008248138638	1194.3048310824997	1336	0.00016946682681980677
0.3932382271882852	-0.452936966952263	0.9808336377862527	2.937667184048847	0.0004914789093726953	0.25287847849523337	0.010862871542353795	0.012014519373670745	0.013978698335214137	0.052212521430394496	0.0411195728518361	0.00312438874011702	1152.9284414628435	1336	1.0297271157271084e-05
0.4041326995350376	-0.4486243155247411	1.008205437161702	3.0509740471579696	0.00020146203088686266	0.25517688154682977	0.011191685030319988	0.01196024750106652	0.014075672270830137	0.052706367372378486	0.04137439346923493	0.0031400938332448525	1111.0293944557284	1336	3.965520853622809e-06
0.4031659207250756	-0.4487465765964122	1.0020938395365628	3.0124572296525205	-0.000532422673985574	0.24937956324151028	0.011139089778998228	0.011934478920975948	0.014012846722661334	0.05230196034261317	0.041212572364408076	0.0030938180409813324	1183.750596642509	1336	3.2353063653658814e-05
0.2608120832619384	-0.29287881036926355	0.9454284608852804	3.0646104146081306	0.8338180557613695	0.25035019080119275	0.05753285612468172	0.06448126805071369	0.032831869524184466	0.05343576272872485	0.5235831308479877	0.0030892931466174455	1210.438053860521	1336	0.001204076982062354
0.6813471027656307	-0.7558391786288382	1.1018489811704717	2.891795645564934	-0.6280029348534848	0.24664289256864413	0.16831108319013996	0.18529628016910923	0.052145203801973836	0.10703436573896027	0.22637664500451826	0.0030406571927800254	1152.1804489038755	1336	0.0020466954639321595
0.39742273091241026	-0.4497251710408507	0.9852570424901209	2.9739905815712375	-0.0034834326049280125	0.24809403329434151	0.01099591042005016	0.011963310123206524	0.013970629243417399	0.052249153528352195	0.04117870449933987	0.0030910774089404117	1230.6950142391406	1336	4.470231640041803e-05
0.40474239244387555	-0.4487919843934386	1.0185571196668324	3.080107626019917	0.0017395258732910222	0.2502281206607868	0.011178933472113099	0.011935314817843021	0.014103905249103219	0.052818576328092455	0.04130731455347186	0.003099343006311954	1182.595406800123	1336	7.802564829663434e-05
0.738834446971023	-0.8401770256297179	1.1132787553614292	2.845687194716377	-0.7116262207385993	0.2514460671133872	0.09272832137382367	0.10456090939736636	0.029310406390093302	0.07507214319395107	0.10271724374686227	0.0031180086225147522	1195.812541734601	1336	0.00867365386185249
0.3996035635299716	-0.44949069198019964	0.9940374347353225	2.955621070138383	-0.0018279419614080996	0.24328938867595573	0.011028974433375615	0.011934295043959254	0.013996442130816605	0.052115968702225665	0.04104366028018592	0.0030588760686193098	1154.3450302280726	1336	4.303854331829091e-05
0.26875466947662924	-0.3019220212147439	0.9368324382784846	2.958995339173055	0.7676700047031354	0.24811134514065378	0.0074742571329718364	0.008086722614756755	0.013845970745442382	0.05217021132578876	0.06223555583739047	0.0030911616439917725	1107.3490890167295	1336	2.3637509965538562e-05
0.40013138830860495	-0.4518530077841676	0.9912641777704401	2.9303796529529365	0.003170646347776771	0.2516767666520564	0.011013102306503637	0.01195933305936033	0.013935611408553055	0.05183453668406476	0.04101025355596201	0.0031062158265546744	1178.7695903376898	1336	5.6541682649784255e-05
0.24659359661487493	-0.28077593563430814	0.9481618323159591	3.1035333941840975	0.9597734450301769	0.24890812255029887	0.0462316647146333	0.052745643366129434	0.028295226768109735	0.05221925984994798	0.4762589049367942	0.002978374421606664	1158.619553394593	1336	0.0004610876253720883
0.40032193831955265	-0.4483349396117344	1.0037033302574427	3.0456088800070726	-0.0030071078697574576	0.2500734383142924	0.011107470563808017	0.011969407195833882	0.014087750529733012	0.05274059537819867	0.04136869240545162	0.003121916522804577	1184.2249423994897	1336	6.526986958672766e-06
0.40060497377725923	-0.4486716280889774	0.9997524712864752	2.981687213609678	-0.002299007756010778	0.2515806545078934	0.011120631925964082	0.011982895857755868	0.014055971193654218	0.05230707535180431	0.04129161933501123	0.003116078343694776	1210.654267176566	1336	9.635286994618492e-05
0.4036186535061526	-0.44835437140985207	1.017497993384767	3.0721073619921744	0.00019526892054116065	0.24929527482441655	0.01117264046390178	0.011949011152724228	0.014139845634878903	0.05287723787160518	0.04134466917670613	0.003089708624425257	1100.9942235004526	1336	2.8713404975504827e-06
0.400022681002062	-0.4505765626416011	1.010201001084523	3.049432064436759	0.00214736014966839	0.2543486229363867	0.011067584782238184	0.011988681716095441	0.014108605119495566	0.052750296376822825	0.04133226198813612	0.0031323685441771126	1270.1119192948283	1336	7.414879671383901e-05
0.27374593843510375	-0.3075849356768303	0.9426047931376571	2.9943169466486803	0.7257877321628478	0.24914019075464452	0.11002691395690345	0.12299137113410634	0.057242519579551905	0.05365632750733078	0.9015232924246486	0.0030881612886963974	1242.4663062664613	1336	0.0004419293594273773
0.4031464172849342	-0.447887952617395	1.0135627111351184	3.0600937377622834	-0.0013088825073929449	0.24406750236895797	0.011143795041492679	0.011919411841854096	0.01407502033765447	0.052555346938698455	0.04124527170789535	0.0030680496002759685	1068.2406133433176	1336	8.528579009821817e-05
0.398341848198967	-0.4498047801552269	0.9857868975832097	2.958168305844025	-0.0027421965343153417	0.24949897028722937	0.011018189212362764	0.01196409271871349	0.013978736800609794	0.05221603558227617	0.041155845651302536	0.0031056027495583744	1207.638883349196	1336	0.0001349533395701734
0.40050963785694976	-0.45191791669779485	0.9973231748766985	2.974131409583824	0.004063713108562987	0.25014600323150793	0.01100668907530108	0.011944325957844329	0.013960550166863503	0.052040438245270805	0.041030523700927884	0.0030891773020702857	1174.594281150812	1336	5.703283583914786e-06
0.405876583546738	-0.44996967482599937	1.0082775521236818	3.0184582845327297	0.004090316067909112	0.2547947170809577	0.011180783552642206	0.01193443209398753	0.014028746400414318	0.052379124881161254	0.04119374173111005	0.0031148795113442786	1203.6123643095182	1336	1.278800374581164e-05
0.40418994337103686	-0.44656800765974936	1.0174564134711575	3.084812825659414	-0.0033359879594147463	0.24931237832989592	0.011234930981477317	0.011955365440549693	0.014150204514889134	0.05299951914068364	0.04146474065655709	0.0030975592946141705	1251.2822393070028	1336	0.00014607727495478736
0.8069155565644108	-0.9229278901395559	1.1063915151481256	2.697998009680674	-0.7840566432946668	0.24996579728588297	0.07300040318646535	0.08148592030844197	0.022183977700498732	0.07409710061207318	0.06413119620823682	0.003093072792790122	1154.7797038015744	1336	0.008206389385041264
0.399710765063628	-0.4535388771267981	1.0144241096511786	3.024750934747384	0.008647807707338551	0.25554817278169306	0.010994221851583288	0.01199074288025274	0.014057588190049035	0.052350689451102196	0.041161630112463106	0.0031171024971261884	1164.945527435727	1336	0.00019269012198374052
0.40030494358715735	-0.4517557474122188	1.0082636436394152	3.0162124999880326	0.0045698438964517606	0.24858177404707513	0.01101173307167692	0.01195089790491227	0.014005197082515373	0.052219895067667214	0.041101405536536385	0.0030756191510807394	1139.4329780546952	1336	0.00019206545296088465
0.39884553834693875	-0.44979359418195175	1.0027660965391767	2.9990378961405852	-0.0008575887029628256	0.24881281546475936	0.011046316796193272	0.011980897969643899	0.014073247004396874	0.05249207309121791	0.0412392666324419	0.003092582261033891	1105.0759061382653	1336	6.458112790869816e-06
0.40026111679043863	-0.44922321773838136	0.9958235356870841	2.9794653359300844	-0.001807310687502529	0.24454884838646443	0.011052895531836296	0.011934764831921435	0.014024782639063083	0.05232126216987309	0.041109027721271396	0.003058948909062286	1182.4238317514394	1336	1.7217337668609694e-06
0.396945325945545	-0.4517417255680699	1.003207038123419	3.019521379659827	0.002129985570093493	0.24796413683187618	0.010946596720543336	0.011974249335745518	0.014043818132253864	0.05246084008824204	0.041160095807045806	0.003086956971619519	1168.958157525104	1336	1.0076988539179249e-05
0.4004743065365591	-0.44849597350993037	1.0072065515087973	3.0519056749880114	-0.002251222444635626	0.24831264770498768	0.011101654552352678	0.011962362114802371	0.014126796198652211	0.052899010902652324	0.041340133812414595	0.003095441862229858	1179.6791068630037	1336	1.8652983645144314e-05
0.7321658978612315	-0.8195136565072427	1.1085039356932558	2.8386035015385067	-0.6991713446691221	0.2458154020298448	0.07868972957892066	0.08807369124926309	0.026628820427468478	0.06949292374244177	0.09017710733671155	0.0030573792245812367	1177.4026544849535	1336	0.011275105971158168
0.6550773702726542	-0.7292980536355106	1.0686710305640263	2.8037835891909566	-0.5937693228843086	0.2522361381650516	0.07807121444898213	0.08701435596350486	0.025882684338753074	0.06778003454032712	0.1134912611318384	0.0031507448893319124	1094.7840662159965	1336	0.0025139091938824933
0.3996061814203442	-0.4508959063709197	1.0059828103085877	3.0168380768987717	0.002245486051462685	0.2532835828080769	0.01104878557051488	0.011988887527135056	0.014095312556618549	0.05262053283601792	0.041264300508225334	0.0031117484360348277	1193.1569565918985	1336	7.367799066870708e-05
0.2937511183265461	-0.3311866881717043	0.9567948336382317	3.0753323268748742	0.5684835419676211	0.253214808164834	0.008165320326209313	0.008860262054004028	0.013901270212161298	0.052698834178517784	0.05699819222188876	0.003129772928176946	1325.3628167511279	1336	4.4337486920906914e-05
0.3972988917727466	-0.4509162244717281	1.0018333092023817	3.0177590441707793	0.0005322506734941534	0.2524769847327075	0.011001656547880309	0.012002307262651227	0.014091896155694792	0.05266456769742227	0.04129496575493349	0.003113365844854681	1223.724922847939	1336	5.2432067547503644e-05
0.40143910026842183	-0.45005947477482927	1.0074078881056867	2.99949731090713	0.001787772924509533	0.25136447503996295	0.011094391485872181	0.011967680121520233	0.0140838732286143	0.052446921937740865	0.041206204166653236	0.003120763254012122	1198.6523721296153	1336	0.00013478958771701838
0.39987320369687773	-0.4503607997528969	1.0030953362702988	3.0036095063015926	0.0008733882720506332	0.2503734265473112	0.011049804710142871	0.011969438780206348	0.014063219384120817	0.05251850074428066	0.041201508756974994	0.0031053308666911758	1171.009561395254	1336	0.00012878094904945995
0.716139401318114	-0.7989169453762316	1.0966386395509249	2.826392055947985	-0.6777008786522066	0.24979696814423435	0.10792493659084189	0.12280046794053866	0.03362022674045938	0.08374671174385853	0.13039662421535086	0.0030685620431634563	1265.7174415747074	1336	0.0011690907317923947
0.40094140334979705	-0.4497590950081906	0.988647328378783	2.9602782494154787	-0.0010324577674961895	0.24986942565069767	0.01106734384878587	0.011944159095292492	0.013964441450001652	0.05215303510979222	0.04111922989806056	0.0030969743257159023	1193.5850269460038	1336	0.00013223943319290793
0.3959043397113876	-0.45055291190994845	0.9825978812956259	2.911163815437747	-0.0026771835158147066	0.2516962712496878	0.01097820829091685	0.012008118675018376	0.014030667403778722	0.052208406232138585	0.041158723822322475	0.0031161906243692564	1193.4553361764163	1336	3.946104755268627e-05
0.3957211683195811	-0.4501287100947638	0.9811066322624578	2.928616166229908	-0.003898900088238819	0.24407245735020844	0.010940386849873798	0.01196272120261674	0.013961018306452076	0.0520342778792952	0.04105827279906265	0.003068025719936434	1151.8925708467855	1336	8.433611486849945e-06
0.3981855502444458	-0.45099342229544187	1.017373831450098	3.073993882175973	0.002552046030411903	0.2456893170125746	0.010988848864547006	0.011966097687940123	0.014110553610076678	0.05271427341898301	0.041234853866271674	0.0030580832519793676	1218.7079113220275	1336	3.90661192982595e-05
0.39955468351787976	-0.44929177117718433	1.0045427297984024	3.030743555707197	-0.0014008683810344618	0.25027076221574684	0.011076064397122807	0.011980558073838257	0.014127941815852559	0.052873802927154205	0.04132560716587152	0.003098605213756341	1090.5350225941365	1336	1.1032263677952935e-05
0.2694760767049585	-0.29980358803504803	0.9668006312909193	3.103824379427753	0.7802447072117894	0.24617412148260437	0.061588502083258514	0.06836674640133891	0.03426187418134013	0.05314680468370043	0.5311816571737173	0.003093207937585195	1184.9194710771162	1336	0.0017844025220931051
0.4001659374852172	-0.4502826145273545	1.0032927015756021	2.9970489789809753	0.0010179412038730826	0.2493834071664435	0.011053871057989119	0.011964633795278052	0.014035053386289567	0.052309785225633766	0.041179095064220274	0.0030981099930684325	1216.5780906872014	1336	2.4592505575412814e-05
0.90129192502376	-0.9980876202225659	1.157744810122294	2.769263274116558	-0.8469092474757299	0.24488362656798687	0.06692929504042748	0.07141397188685426	0.018337330515651822	0.07061684819336835	0.048881774935378756	0.00301193496813369	1202.1315067653288	1336	0.09986712863874711
0.882751795806739	-0.979410651034712	1.145133692376616	2.7653079316507796	-0.8322491693317035	0.2518238085141485	0.0811032094006466	0.08568226615024553	0.023128185543930476	0.07163447281027721	0.06159146772010141	0.0030497848715839225	1260.0378888624305	1336	0.02203389827078724
0.3948441072132758	-0.45219370331200387	1.0058692860404626	3.0375342426948935	0.0021481231814214127	0.2461138090773623	0.010892006194821481	0.011983079494219636	0.014082401452632546	0.05264187693999157	0.0411718056431049	0.003072702289799481	1141.2040497730634	1336	0.00016221504947833203
0.40211424569658294	-0.44939077740518135	0.9900921150421472	2.9615983804784727	-0.0010176558918953504	0.24944429124459583	0.011097651581649538	0.011934385993678668	0.013966538944611327	0.05215445615818838	0.04111183661611841	0.0030906182358989504	1212.5092810271644	1336	0.00015200686968391751
0.3957983337556329	-0.45002606351072577	0.9943947631383893	2.9850282347200836	-0.002849758056788761	0.2504958516618446	0.010987628176082622	0.012007948741811296	0.014081456523178522	0.0525756177538247	0.04128475525465349	0.003125675920117711	1203.3044811714606	1336	2.1732285850116683e-05
0.40355520714283893	-0.44907851184810305	1.0039601236606335	3.01162076180512	0.0005269173350288424	0.2500061323945446	0.0111423748670494	0.01193473208438709	0.01402383882477066	0.05233711788370314	0.04119749935299339	0.0031064822857161485	1069.1995266057454	1336	1.7684004392659149e-06
0.3999844677789136	-0.44920490573124977	0.9924695455707881	2.9551640458889383	-0.0022040426697728264	0.249375348062493	0.011076663893500429	0.01196696240380489	0.01402972206748333	0.052242672144080224	0.04118106840608042	0.0030989284390574804	1193.2416759741118	1336	7.174348970286262e-05
0.40217539527895063	-0.4498952083468758	1.0093251844907016	3.043956036297036	0.001740177593466631	0.2538474726904208	0.011119447307379762	0.01196871508909516	0.014107886287302352	0.05285149244090441	0.04130676048750058	0.0031263362241378445	1153.6868965328601	1336	0.00011444281857889614
0.400958834501242	-0.44966197075533443	0.99677927730407	2.9856078430047095	-0.0004617171903808909	0.24940302532998446	0.01107708970778223	0.01195175784222561	0.014042533342096633	0.05245903924358857	0.04116991810139597	0.003097026845648988	1212.434028527248	1336	2.034007721321786e-05
0.7637644128819844	-0.8723264146253317	1.1081650310172513	2.7512889259825943	-0.7382938601582484	0.25212163603788174	0.09167473891173683	0.1032058584914799	0.03322812083304717	0.05386367586197189	0.09198019458003202	0.003072251302917248	1190.5945951205645	1336	0.011705276663180778
0.4007487971890711	-0.44861521268653826	1.0100964376284065	3.0667148794882197	-0.0016104649683056946	0.24204712345965163	0.011068009822848644	0.011921732703188795	0.014086308858134923	0.05274606822790253	0.04121854549560662	0.0030541784809486293	1286.6436065118235	1336	1.0559127798581342e-05
0.4024083410153698	-0.4487648038525312	1.0113806494004063	3.052161619633498	-7.972290373780384e-05	0.25194081966232523	0.011148674460191459	0.011965397071056835	0.014110418433806362	0.05272296437662097	0.04135461238157749	0.003117521230202943	1202.985888312002	1336	0.00017204423752293995
0.39947732881402576	-0.45043120958662225	0.9966567755997383	3.0120504752321855	-0.0004335975428309333	0.2522978195106378	0.01104256750260079	0.011972833848488735	0.014049920441428412	0.052651966051446834	0.04123205726587337	0.0031245859606748826	1254.2763083889993	1336	6.294536587032088e-05
0.4006494636674508	-0.4511749149805656	1.0033532881313911	3.0091165783289244	0.003000752497978549	0.2540236985787755	0.011055474771019628	0.01197412940335249	0.014040004510751583	0.05248882534675972	0.041208338435520464	0.0031220635551593386	1242.5484514275595	1336	0.00016010383104732637
0.39965519982627307	-0.45055577019945303	1.0006165674284528	3.007617046230564	0.000891937928373891	0.2512726534107985	0.011042221923942516	0.011972935607630025	0.014059834622622646	0.05259502934083206	0.04122064268932387	0.003097717000362262	1193.3675195190053	1336	0.00011869815262973007
0.3968319441390718	-0.4526306303121613	0.9909278374559987	2.975188941922295	0.0027066966653856534	0.2537599093830081	0.010936562861215367	0.011986996021740897	0.01400557149078348	0.05240222803174599	0.04112399950810381	0.0031247502972661604	1171.7697031792209	1336	0.00011669566755861068
0.2748574268302381	-0.3061718801743482	0.9518527842136161	3.027584457030536	0.7285084427034496	0.2504448864318041	0.045080629243901195	0.050323283473760576	0.026391652526348792	0.05217609801496213	0.37765299586353684	0.0031240018475732633	1266.315758233855	1336	0.0016253467209442392
0.4013989516847001	-0.44756228373936285	1.009702119412368	3.059957895028406	-0.003561290272639568	0.2484074843818275	0.011148458814958021	0.01196406487726042	0.01416677037565957	0.05312438442573919	0.04139655930457319	0.003099841180930642	1195.846262556268	1336	0.00010772998935002322
0.4028112740856035	-0.4477149638795977	1.0049399863786843	3.028027138767662	-0.0027249771709763502	0.24898929346209867	0.01116848057975139	0.011950261909865178	0.014101407556396776	0.052750038998004505	0.0413187709552692	0.0031014528594923685	1194.347206064705	1336	7.890354847911245e-06
0.3990629157917152	-0.44858079705687476	1.0030815099860229	3.0055605154702176	-0.003138685272039104	0.24783931713221116	0.011081482348986297	0.011982229151187022	0.014112464675039231	0.052628118103117495	0.04130624471230781	0.0030919780661586185	1233.7251812336833	1336	0.00012523993715411806
0.2652779701596314	-0.30091567592766255	0.9312070568768981	2.9521443670649954	0.772774000618256	0.24530353611738795	0.06365346148861788	0.07195436419755935	0.03555115620869032	0.05174405449023133	0.5549344953952521	0.003188650152433215	1185.7247583068638	1336	0.0022884021734121767
0.40443362886913287	-0.4496414361459703	0.9933513720519297	2.947476723105869	0.0014247269759880153	0.2479934850249639	0.01112386375971678	0.011906042496975926	0.013886444905523475	0.05157748025394166	0.04100193249242997	0.0030857270439427127	1233.2739050754162	1336	0.0001298523471643022
0.27639526008145604	-0.31458690506996667	0.9368896383166213	2.949477708145064	0.674220927719425	0.24686322796857735	0.06042513226651825	0.06869084398124677	0.03366791966978202	0.05213806254363821	0.48541174539051685	0.0030699615389510994	1185.1084098984143	1336	0.0007565694893140648
0.3992690325969276	-0.4505755166140347	0.9950383426962048	2.963315185323775	0.0004090008580111326	0.2483447401955487	0.011019673445647991	0.011959594587053443	0.014035492298441997	0.05231372197528713	0.04110096509129826	0.0030871014416503106	1232.9712730408637	1336	1.2460617788726684e-05
0.4013322313313531	-0.4498115500479027	1.001935157483927	3.019246250265092	0.0004387893626633628	0.24627479348489006	0.011061435109960667	0.011929223428979	0.0139825202710633	0.052263637997598575	0.04114101286752809	0.003066198392158907	1111.1388018772273	1336	8.530683180415734e-05
0.4083249651629611	-0.44644278139721416	1.0074363928108707	3.0458749429049816	-0.00203568017158634	0.2491028704865229	0.011288439170585873	0.011894992041467871	0.014017676036311539	0.052488387906924436	0.04127948300236883	0.0030990498119005134	1145.7301961911794	1336	0.00014491997992352148
0.4010745913176145	-0.45013695476467874	0.9977354825498431	2.994542429148424	0.000761495905699292	0.2542288171121255	0.0110880328304781	0.011971367271512944	0.014050340268675205	0.052494030865315865	0.04123885858693199	0.0031285084856110513	1152.2132979576131	1336	4.836457767386922e-05
0.39728091767701146	-0.450603838346155	0.9983590448982326	2.9721103136320197	-0.0003719900431471216	0.24769655021452416	0.010987501681498845	0.011981238953405242	0.014042806165323926	0.05226791373774702	0.041151871750606396	0.0030975825853901003	1272.2438992226344	1336	2.720923138627607e-05
0.3964597064003994	-0.4509309482417166	0.9874239350279271	2.966634133611697	-0.0012164056486185888	0.2518266022615833	0.010968890897168617	0.01199137301253963	0.014001454753081366	0.05229125942628145	0.041194106009121455	0.003126204848859306	1199.2865919704645	1336	2.150650055401162e-05
0.3975984097959551	-0.45003292213054397	0.9986933820830833	3.0215416332949667	-0.0015600948577500998	0.2516743957736657	0.011019203784814456	0.011991041669697519	0.01409900331629011	0.05283321248212827	0.041309380963951564	0.0031275674233299453	1175.3676572278646	1336	3.140383638454919e-05
0.40248388769409904	-0.4489194534879207	1.0179560156644916	3.0746672983841026	0.0008060040900473791	0.24805502438651394	0.011132254603115385	0.0119505286271422	0.014142735088747447	0.05288437178649276	0.04131823040461189	0.003074087764333107	1193.1764875592926	1336	4.620475812521221e-05
0.4001163063984399	-0.4488239375636035	1.0102845245915397	3.0499543101324393	-0.001394980003909794	0.24657262097803603	0.011080660353571373	0.011958467915369832	0.014108328405806218	0.052686032723942296	0.041295958656041486	0.003084107876740312	1310.492248154874	1336	0.00015835921447478343
0.40165135889776327	-0.4489169723559451	1.0001444459326398	2.9951892054346065	-0.0010503831346453509	0.24698140826620504	0.011097794064552753	0.011937068219219818	0.014024066583708642	0.05229902207504699	0.04116992720788931	0.0030828657679742156	1177.6497866637235	1336	6.614614048065274e-06
0.3953847626874747	-0.45077456198094135	1.0075858310289916	3.0312573199335353	-0.0004270659279092275	0.2502978440738914	0.010973390017887706	0.012023052133645627	0.014176677495966182	0.053011271899461	0.041346279380016775	0.0031033576594429947	1173.0361387627743	1336	7.685751405294091e-07
0.3964751772249738	-0.4517363458635885	0.9774702554997877	2.9201168137775966	-0.000562695031428469	0.25013227717649733	0.010932949711393766	0.011971826104190855	0.013944478914996299	0.052088848466208176	0.041037041801100196	0.003084494189048621	1149.6655053096604	1336	0.00013392685607769813
0.4001973785338902	-0.44961114828051296	0.9955981436644585	2.962099895547717	-0.0010242126508477785	0.24777812530940518	0.011061973311206943	0.01195605776909964	0.014012114842012606	0.052170459971563554	0.04113216301021213	0.003087374218420605	1163.1910810827155	1336	2.600904154015281e-07
0.39869869123942003	-0.4497863975491292	0.9969317106093672	2.9713287286245884	-0.0014183694719836959	0.24853581245974626	0.011036888819964227	0.01197438669094133	0.014071431833669035	0.05245583898294823	0.04118055400013915	0.0030931588577616208	1229.9296056997687	1336	1.6228291132287705e-05
0.40667287808406777	-0.4472616400818871	1.022685491268571	3.0868489695522	0.0001707512618335838	0.24880816978523881	0.011252813815673522	0.011922952458019644	0.014136892561646965	0.052849412741211306	0.04134883661265814	0.003099031937207482	1131.174919268079	1336	8.377055500581954e-06
0.405830151907905	-0.4499870422199076	1.0132151654400146	3.055046035241621	0.004395228473025403	0.2524622203421504	0.011168572293420435	0.011923026647718778	0.014018799064062807	0.052450862140631965	0.04120732666800549	0.003094711321718395	1233.4659898380019	1336	0.00015759608588018626
0.39472635644301834	-0.453483089483777	0.9978106074499001	3.0174840249297064	0.0034688229453317893	0.2567944048140501	0.01090317648334117	0.01203077292432973	0.014094260063609837	0.052859601402356376	0.04126414617781281	0.003133282881140359	1168.4804239121872	1336	2.8710724921455012e-05
0.2700464448520629	-0.29873305023385	0.957230567088689	3.0557100549786385	0.7762524255868258	0.24847650381703232	0.07139588083971432	0.07851743748765751	0.038954463370070906	0.052441748950836864	0.6120560899370614	0.003122098180609482	1128.064422689874	1336	0.0003329004585450977
0.3986538640443094	-0.4502812587046742	0.990595967064492	2.958451160304669	-0.0010560594112082136	0.25161709501345847	0.011030040110118936	0.011979580769292146	0.014023356769102968	0.052342215465350804	0.041177164687604455	0.003116104952158172	1171.5332004972906	1336	7.17662895365585e-05
0.40387809533733027	-0.4495845005320092	0.9950356747287149	2.967687700635251	0.0010084576010254654	0.25467821973290217	0.011151889648254521	0.011948312911698573	0.013994536337003528	0.05218229118106164	0.041174515288421164	0.0031231972967644375	1204.6808238421936	1336	2.3933787342801506e-06
0.2689530732130124	-0.30515982573960304	0.9481147792409722	3.028893348178015	0.7540522684801458	0.25032967863343597	0.07679302222076083	0.08679396406902393	0.04127987961278198	0.053151826967951205	0.6576127225052476	0.0030805174624991107	1154.129565999283	1336	0.0003245362267977969
0.40594616428433383	-0.4476571345242164	1.0134838692878942	3.0359995756241895	-0.00021253042474615085	0.25073498342198586	0.01123867560959049	0.011937397072291744	0.014107243433034983	0.05265697250152951	0.041306083800921996	0.0030979560990556797	1288.359320576767	1336	9.529992002940429e-06
0.2638816527916943	-0.29541940943773676	0.94845963991799	3.0412604867330164	0.8171556042195063	0.248428328988863	0.09421058761458466	0.10528791548811461	0.050915495420093146	0.053012724511373094	0.8491027763333987	0.0031290529873176697	1140.7913657420513	1336	0.0009063277702603275
0.260769043294272	-0.2988035246890106	0.9130101722659739	2.9532627282422634	0.7844101347592622	0.2464208878389843	0.06735741145124254	0.07659739395602468	0.03793264434591167	0.052229797203518405	0.60552957404991	0.003033898708688683	1136.6778077653134	1336	0.00024954239032878297
0.3986143425761867	-0.4511603847424726	0.9966358387267698	3.0016611564728573	0.0011526943702968215	0.2494024742269168	0.010992523219558696	0.01196297156142246	0.014014323490154334	0.05245303610017334	0.041152357731786035	0.0030849313975482282	1182.7660795138108	1336	0.0001696964729830198
0.40012157807849286	-0.45015263068279365	1.0112127453118147	3.0528783388817624	0.0014633803400523797	0.2475019629352161	0.011047967041225999	0.011954844538488977	0.014068143391037152	0.05253056278778808	0.04123725622802489	0.003082072429344657	1286.2028603433855	1336	0.00017198323152550247
0.3977781483351724	-0.45037428350730935	0.9962621099119497	2.994216776809093	-0.0008787573677769179	0.24998355123862154	0.011006174488418934	0.011980876088946765	0.014060789573186315	0.05256719146338909	0.04121839176419141	0.0031043274595978793	1264.644411954977	1336	3.4033083537696965e-06
0.39807248844977355	-0.4517955494542323	0.9952586267964053	2.98177096287758	0.002151833595813691	0.24766287086898373	0.010958355949719195	0.011955713060626705	0.013961512436260662	0.05210932436037912	0.041063306763695684	0.003068421250852107	1227.6884032424007	1336	1.961143516692536e-05
0.40292282753489533	-0.44986706892081957	1.0068522795383168	3.0146590044718624	0.001958247370749671	0.24859863616403544	0.011105070459853643	0.011932339416715705	0.01404850576352082	0.05247032939767282	0.04114348538315413	0.0030891478109668765	1217.9829766301948	1336	0.00010282907709865842
0.4013356382455722	-0.44841896561166283	1.0173499634176397	3.082023379396186	-0.0009589476101410683	0.2510592348590699	0.011140166120289126	0.011978206391204876	0.014174786926861884	0.05303376357417241	0.04143240974252264	0.00312692927764915	1196.1377132783382	1336	0.0001217694209417118
0.40512964421189973	-0.4490803405509649	1.0246197324111768	3.0948197771552315	0.0032426091251340212	0.2503594307041561	0.011183771699827916	0.011936767784952134	0.014141719459272836	0.05289403311753744	0.0413168853238489	0.003099106068943422	1220.776847260492	1336	3.4280659147398986e-05
0.4036610667357326	-0.44898145931799127	1.0040120725086492	3.0054464497595736	0.0004714859476300341	0.25251484422626264	0.011160386478802325	0.011949835956557582	0.014028207674350944	0.05228960752998811	0.041243335096008936	0.003130313239466806	1199.9226987215234	1336	6.877872314590398e-05
0.3975864899947076	-0.4498737645730905	0.9738547841764633	2.887471707150247	-0.003967458135915309	0.24626717488981625	0.010980508155020382	0.011947315396167224	0.013911354566739762	0.05177023138122852	0.04098298390678244	0.003094761017641659	1193.6337063849355	1336	3.434251971740012e-05
0.2666989304722327	-0.3037502939944542	0.9399375581804498	2.9978957923836487	0.7664734624859293	0.24762531061863902	0.0321268106882745	0.03743992657985741	0.016657639722640602	0.053322470781723794	0.28608164762278177	0.0030819809410034807	1211.7091283952789	1336	0.0007967445267412445
0.39905249481739347	-0.44897433284592875	0.9963509897456695	2.9934493944285214	-0.002905379154537066	0.24507423141801332	0.011041486654110404	0.011950669999840572	0.013997826640547004	0.05215615370451642	0.04118601548781682	0.0030604062372470275	1252.169644967486	1336	0.00014983982067603996
0.2770594175607758	-0.31409745814311263	0.9509377487475682	3.0692843687656457	0.6736465393519465	0.24726777424076904	0.04111528932100855	0.04650559296696135	0.025743371257752185	0.052823627451273204	0.3294315066254159	0.003060498052586016	1110.0043643702168	1336	0.00017821764460633884
0.40006833582027596	-0.45097129699313987	0.9901354931223803	2.9889737047352662	0.0010442993703447892	0.25703380649092133	0.011050426489428356	0.01197894830967941	0.013989554408457101	0.05241437637910289	0.04123606285646126	0.003149669339037171	1080.4559270545824	1336	9.769533766429109e-05
0.25518638530784477	-0.2896513007795584	0.9255298202168136	3.005085481171605	0.8649238272122621	0.2441297267505556	0.03802560269472711	0.04313041982567019	0.023566494573945995	0.05333338316648789	0.36208955743273447	0.003057670113921293	1173.388310050264	1336	8.563710643167876e-05
0.3882877693643991	-0.4520641648156543	0.9849012960217551	2.96162858998216	-0.003809718509957957	0.24889911760474911	0.010793147034540209	0.012057644023391993	0.014138065595531093	0.05286653134058468	0.04126340515455434	0.003105542804287873	1218.4477177659114	1336	4.5966448345542265e-05
0.3992456172277386	-0.4486310478970415	0.9944287548043836	3.0142941431255	-0.003949972970629903	0.24892832419023048	0.011070492440188139	0.011967090700286467	0.014034899285973098	0.05259083110422026	0.0413037993692268	0.0030981608874868284	1168.9770986389885	1336	0.00011440288825957477
0.25688026021541027	-0.28956399578325526	0.9408966191878296	3.0309343074383084	0.8731733306877575	0.24826000284386865	0.05804204708493104	0.06517841403478083	0.032844650840757265	0.05330772920595014	0.5471067958055874	0.003064950234602426	1197.4844380014797	1336	0.0010622794876857982
0.2648607453352912	-0.3022280648701306	0.9289291554798973	2.972907462878485	0.7694840783742083	0.24981982963107635	0.04326214231299903	0.04789828000077783	0.024495669106802676	0.05441516781599142	0.3732428115017872	0.0031166135884982287	1206.6525924030825	1336	0.00018265748812592108
0.4008033109386026	-0.44998455648554153	0.9902091153030528	2.9464885956162563	-0.000499404800885245	0.250181798832405	0.011065620181016103	0.01195147149949223	0.013986987307611049	0.05216539743778268	0.041096802358622966	0.0031142685968186964	1161.844200089719	1336	0.0001542259813176318
0.39916279892723056	-0.4519281612557881	1.002456087775174	3.0163072629610888	0.003722534292744197	0.2542288861676516	0.011007440235097688	0.011980706218855058	0.014008040526275646	0.05233920971251715	0.04120402985656841	0.0031282181236110206	1145.6339759183188	1336	6.200220304659491e-07
0.3988760895758638	-0.45029871417225203	0.9818182184702818	2.9365402455483207	-0.001619678067014259	0.24657293299112712	0.01099663291420274	0.011938102968338547	0.013898984038335262	0.051817170907875854	0.041029021375332056	0.0030716302919379886	1221.292867920588	1336	3.7345041179968646e-06
0.4047265811649031	-0.4481379532163166	1.0193735254533693	3.0698010917219194	0.000674351309454084	0.24850585167646597	0.01119205923579763	0.011932590606577847	0.014112852488026618	0.05267603707497249	0.04130193067925889	0.0031022229967714926	1218.3473713013234	1336	0.00012573850677803031
0.707880190707241	-0.8054948134506493	1.1007112404069002	2.8644391875540975	-0.6813918391505002	0.25052358310249256	0.08358954697896749	0.0937556243613159	0.027931494616852064	0.07050632189269383	0.10015359183412083	0.003193376147790159	1147.8827509659718	1336	0.010783763596484775
0.39983446908903136	-0.44836062401214755	1.0011104228275636	3.000439539017659	-0.003649945847668554	0.24836094046232868	0.011098496893053353	0.011974529098725956	0.014095544727899206	0.052620165344809754	0.041287210055186194	0.003109436348620099	1253.790058105511	1336	9.626717396986894e-06
0.3964486291898355	-0.4538910565452541	1.0013814054301118	2.995531874921086	0.006150110698114963	0.2518518283905187	0.010898721493607344	0.01198688172386618	0.014047962282703868	0.05250369382846268	0.04107622219136817	0.0030935175178478025	1209.8899451602115	1336	6.045351825522248e-05
0.399792899531008	-0.4496998225348514	0.9869792025842862	2.940621690934515	-0.001865349836361816	0.25234732345200445	0.011068031798024036	0.011975450769295974	0.013996644583847698	0.052183107111765825	0.041178444917075056	0.003121036474768122	1117.7814222802144	1336	9.392209744693106e-07
0.739377735393729	-0.8394534109923403	1.1010788735743613	2.782687285121628	-0.713014509617815	0.24809680169477955	0.06980979015089915	0.08005064327088349	0.023396496069131075	0.06829056919183896	0.07672647692531678	0.00305833600062467	1204.5670427530354	1336	0.01307005987698714
0.4006773336301994	-0.4504426164530332	0.9938652637097426	3.0024636811249423	0.00062077148968011	0.2535970145658503	0.011062247788310118	0.011962610218630357	0.013982074246134134	0.05236379717254046	0.04122057712643502	0.003111060600041518	1229.3804040329417	1336	0.00011020749378599608
0.3973217068218368	-0.4526375810866929	0.9969857035191926	2.9677529318962614	0.0037911957513309287	0.2511625232671532	0.010945723876362607	0.011983717320048265	0.01402351828172871	0.052247631855885476	0.0410843393699168	0.0030908232331639564	1166.694826516529	1336	7.326912368102874e-05
0.3946158683877853	-0.4525487588942384	0.9945210765678941	2.9787233209945887	0.0018119916716189362	0.24812475337934148	0.010883237854432508	0.011989600154745747	0.014006484052854425	0.052210720902479975	0.04110208244797828	0.003084315561680696	1209.713301646359	1336	0.00018899000361639743
0.4018180226843594	-0.44967576390359526	0.999886325081652	2.9872356519235677	0.0002779915407946032	0.25014504990735686	0.011099352989875426	0.011952269799701177	0.014038415041857698	0.05242841324654557	0.04117235508988799	0.003091451793081941	1123.3737909756724	1336	0.00018738367461178576
0.3999014590623958	-0.4492705516571329	0.9984775466733654	3.0109866067958575	-0.0014775658846535294	0.2494837054286657	0.011069992633936153	0.011962998920830118	0.01404251151004356	0.052497026266689346	0.04126250196577404	0.003090865374829091	1248.1531474282808	1336	1.1591573446020091e-05
0.2608695019307117	-0.29187870862640947	0.9437719115081145	3.0291530938087523	0.8423847970194199	0.2509962801002794	0.05219623119211511	0.05833836483178325	0.030163246085782143	0.05369366055453339	0.4784424253568226	0.0031159725889081313	1206.3685402439992	1336	0.001487647131600914
0.2649362393532289	-0.30184103853695043	0.9289291032540778	2.970702023828783	0.7790360982936294	0.24816758114711973	0.06466115001333977	0.07379690240156557	0.0361309275425924	0.05197332413831987	0.5687037546885397	0.003077892159150892	1151.213232355067	1336	0.0003036519312450663
0.3998848910710644	-0.45175345703225456	1.0017012701403991	3.007342264341932	0.0037528945939200604	0.25157271027912514	0.011011582360477994	0.011962434302584849	0.01400353477520343	0.052270935624467156	0.041143431263719124	0.003098089832406345	1133.3156990108723	1336	1.0564991097383598e-05
0.39730749466603343	-0.45099996717986873	1.007843209784025	3.0298004895972417	0.0012462085448285386	0.2470278739750895	0.010976677163559089	0.011978628219097866	0.014078628095821711	0.05253550700769509	0.04121098903283436	0.003075362963412205	1164.2932046812039	1336	3.4009805354419254e-05
0.4006730957622716	-0.4501528687883936	0.9936373139917518	2.9645817169924675	6.111346534706016e-05	0.24816508175215604	0.011049830502425589	0.011942283809179784	0.013995605996827792	0.052231514440488146	0.04108221348757827	0.003081913427498851	1158.0196351053323	1336	0.00016020556305921442
0.2655695717332145	-0.29626651183608543	0.9462185264179078	3.0255057156186815	0.8137340215859492	0.2513719560688904	0.07195331286334095	0.07954321324646724	0.0391941075422477	0.05244548128668095	0.6360100471015812	0.00308783462735073	1171.658388568168	1336	0.00033440009778732657
0.39962714885722955	-0.4512047961411209	0.9952360168865728	2.978357418341286	0.0017808575297633578	0.25360507093486123	0.011030153458982119	0.011975059680574607	0.01400336955688672	0.052300102620527075	0.04116495724681681	0.00312376887604878	1266.510460694924	1336	0.00010917706723377405
0.4045742122006482	-0.448406748983506	0.9997632224654758	2.99295406861341	-0.0003052604163660492	0.2514875909893778	0.011179161924733718	0.011930193731898462	0.013987757472318736	0.052142229446736764	0.041207566644480935	0.0031176031474060254	1251.5932567639675	1336	1.6648989571077486e-05
0.26645833498345656	-0.30325052654726187	0.9494326208787868	3.074004207109932	0.7640235932277021	0.2478201449484405	0.06554429522362114	0.07438074530535309	0.03703904195790062	0.05500252489712538	0.5670035833121783	0.003129870401409915	1154.422574659269	1336	0.0004502237990331363
0.39965012482257395	-0.44948946257089367	1.00274818696421	3.020786457125444	-0.0010304114902498515	0.2486687847841359	0.011057978836927856	0.01196378762282329	0.01407553136040149	0.05262539095113463	0.04124862429102826	0.003099710261483426	1190.9563878906324	1336	5.017212317182725e-06
0.4042666107079945	-0.44883013280640144	1.004136540911451	3.0073444129210154	0.0005056943487971014	0.25135076745421353	0.01117117375357839	0.011941318176458857	0.014039592365690712	0.05235655044839837	0.04123137567450513	0.0030974411997686745	1170.4362599866427	1336	4.615002959904123e-05
0.9022453718401392	-0.9953844677004575	1.1490712577383604	2.7206188123731625	-0.8483093231386514	0.24786842449246665	0.08448357492588456	0.09269521828895516	0.023027652473656283	0.07720043456673908	0.06261701453508269	0.0031487982653362148	1175.5671607225026	1336	0.026761211780615343
0.39253400074005007	-0.45147636882435715	0.9705417533252034	2.888949995728344	-0.003786598825860316	0.24739139846191144	0.010859646155850609	0.011995674455996657	0.01392672557473106	0.05183388359857669	0.041036858360847576	0.003090269832196176	1238.006242713036	1336	0.0001270959914507744
0.39860648510447927	-0.4515842909544299	0.9864986848453728	2.929301919404167	0.001365767003670664	0.25105059815908354	0.0109876877808375	0.011967276462740066	0.013966660753476523	0.05201650525808469	0.041044294335063736	0.0031039034625973258	1264.853421295033	1336	7.748463404738495e-05
0.4062079684783196	-0.44851302719495917	1.0195180241997488	3.063806329170427	0.002328231713630842	0.2537018788401046	0.011234346906365733	0.011946163387243478	0.01412112169438908	0.052728589640112226	0.041343396938164176	0.0031277223192109033	1217.5616623774808	1336	8.198423750770628e-05
0.40082960441259047	-0.4471142331107431	1.0046850495102435	3.037659291885574	-0.0051614462172631945	0.24653559838809272	0.011139643742376021	0.011959417622276052	0.0141562899540387	0.052999029142528895	0.04136547951182903	0.003092329675741893	1160.9935438631956	1336	3.898692522478044e-06
0.3975125717254788	-0.4506326497882	0.983371125124537	2.93260024028802	-0.0015585468136400543	0.24808795344425474	0.01097858521331825	0.0119658929455567	0.013946596153619992	0.05196573606621337	0.04107704445159492	0.003079654860835985	1293.107608803803	1336	7.7576816261388e-06
0.40058377762081215	-0.4499629330896248	1.0146800210069726	3.053298846982306	0.0015288893596042924	0.25388517678731143	0.011102170748041621	0.011996397504964876	0.014174096832860252	0.05300719755256699	0.04137711494746501	0.003127954200213288	1221.642854622301	1336	2.537585687068306e-06
0.39677918603516016	-0.4514995035724577	0.9817260066334372	2.933375617435073	-0.00039986821611711726	0.25074143009992245	0.010949788530047149	0.011974968918601744	0.013962467184942312	0.05211248949462904	0.04107371504121246	0.003107525710713635	1110.2637367270113	1336	5.544242798192243e-06
0.40029722919051625	-0.45075316227890855	0.996005519208075	2.9642278213033615	0.001405020078407405	0.25058815189615136	0.011041757295831659	0.011959376640764153	0.014012776939381976	0.05222092247395336	0.04110608544740737	0.003102442981180888	1152.7579978178846	1336	1.2019870015080884e-05
0.39754356381483613	-0.4509623545672736	0.9947562326310821	2.961109018993104	0.00021518115621189907	0.24840657343796665	0.010979457729492458	0.011974154104921841	0.014022131133018458	0.05219357256049496	0.0411090325088879	0.003096097088710126	1138.09412390857	1336	4.283018975588173e-05
0.6911568999362113	-0.7738267965417189	1.100859567569194	2.8663399110060337	-0.6427777195246684	0.25494263932924616	0.07408784786610205	0.0830678400278335	0.025888786770257025	0.0708262838142815	0.09451112952371835	0.003146062528066136	1160.7404612017176	1336	0.003792150479986982
0.403389273038436	-0.44869058023810326	1.0128657759288686	3.074102266143372	0.00019011738557169706	0.2526136657663852	0.0111646022081611	0.011953499465019302	0.014104788495825183	0.052886035803938435	0.04136467884773009	0.003134240344314217	1203.7967080343253	1336	0.0001384728254501167
0.39954845130961936	-0.44789117355168445	0.9996954449530365	3.0212638071307447	-0.0047759102788767415	0.24589096572995317	0.011085950344241242	0.011956835232420852	0.014095433554053195	0.05275936586496076	0.041294095904447645	0.0030835862248721497	1202.1970326823052	1336	3.191832335093927e-05
0.3956122132956848	-0.4509311658132399	0.9806540392253905	2.93050672380831	-0.002442545334995152	0.24997910371045293	0.010947088268838062	0.011991605821794472	0.013979640211160986	0.05220880424252595	0.04113010790241571	0.0031051657901247373	1228.0771582351574	1336	0.00013756500998124457
0.39774611938151105	-0.45311195310221536	0.9899239636522302	2.9401495938521287	0.00432355384294446	0.25249896235464425	0.010940340258125932	0.011978335646176706	0.013957228719973028	0.05199314636999978	0.04102292157511166	0.003091713465640004	1038.8203739771598	1336	4.532379973108218e-06
0.3932165929695705	-0.45267391855717426	1.0063671457738244	3.036781403037071	0.00224731555494439	0.2513956404821278	0.010880681831045564	0.01202889906283316	0.014144517217693236	0.05289032568599779	0.0412850293457183	0.0031209155716664205	1193.8021400805396	1336	0.0001542082658145052
0.4019793948639414	-0.44903753512511896	1.000713776476779	2.9809780663401555	-0.0006777404238083626	0.2490032430093186	0.011114268853505622	0.011947674403560728	0.01403300067773818	0.05224349488031315	0.04117059612202196	0.0031079327690208165	1153.055854812893	1336	3.2270514613001905e-05
0.4029383928735187	-0.4493757893707274	1.0104768210963404	3.0469077115129526	0.00126121300011555	0.25174205705312414	0.011137742775868233	0.011954079898705066	0.014087141328272518	0.05270972989748105	0.04129052049896791	0.003109568428296663	1187.4470353367635	1336	2.371465720970684e-05
0.4081528880264643	-0.44859687663972514	0.9964849280787157	2.9509808084907045	0.0016352237642431517	0.24855731417348312	0.011220120219640976	0.011882059300308155	0.013898506812655965	0.051663573463932945	0.04100320299284737	0.0030726412400903774	1242.0099894156276	1336	2.245770430711935e-06
0.272060732792517	-0.3088062891427377	0.9527437039861951	3.0426134897246824	0.7215504480473942	0.24827460704723825	0.05336544614804909	0.0603827783738636	0.030522893574515025	0.05227535835400632	0.44402755971668334	0.003124429935822571	1140.09916254513	1336	0.0005402941881615509
0.40085636662482604	-0.45081890561193205	1.0032141818312093	3.0100710048676396	0.0023867186203440265	0.24958920764919762	0.011047440178618709	0.011950681910653094	0.01403411646887345	0.052463170515626156	0.04114756584917742	0.003080074055888212	1191.321833191465	1336	0.00011037208386311916
0.4012292272138969	-0.4481889192185512	1.0034782354168044	3.0358930828574615	-0.002785193043130864	0.24817764480497506	0.011116717849042683	0.011950641815442281	0.014102914840880276	0.05280624155606644	0.04130211299896622	0.003102160698178553	1142.5850496001017	1336	1.8257813862767138e-06
0.6793279899440448	-0.762162894578276	1.0993112236202678	2.8890884981630394	-0.6337301281382611	0.25148574761020637	0.08421914590951955	0.0936976279466634	0.029392957118773006	0.0697014376116901	0.11158812739951612	0.0031026151086946513	1084.7916162542265	1336	0.015182395705423186
0.402097195359291	-0.44918708056949413	0.9932701547890177	2.9882649007900004	-0.0011962216056074205	0.2544865360159154	0.011130319079054886	0.011964973680956243	0.014024435959850605	0.052492263613529155	0.04126757496674647	0.0031276985527822756	1190.4783557781132	1336	0.00014676622953838122
0.40037133768570055	-0.4511072333262384	0.998182344436137	2.9607060867967414	0.0024691470233296274	0.24957060986690605	0.011033732569039287	0.011957530528791496	0.014009043788030001	0.0521176893424972	0.041073160346412604	0.0030827225222538938	1179.052513569749	1336	1.4612356045911194e-05
0.26465130917931673	-0.3002088997349501	0.9187554528961758	2.9213158016710468	0.7843207793822476	0.24784742671541532	0.06538869328355541	0.07404253888518987	0.03643863865907022	0.0518260381117086	0.5777672865106185	0.0030783255535310416	1242.3053963463058	1336	0.00026650406927371554
0.893205446705085	-0.9970561293359128	1.14734658122151	2.7402181828740777	-0.8384448433206748	0.2543258744386983	0.0754014240231533	0.08310970055698969	0.021147694687886468	0.07155705967745858	0.057424256598628015	0.002689521229400835	1187.609065093338	1336	0.045316636862284466
0.4008728501219635	-0.44821470033486666	1.0273162219710803	3.1519581768012808	-0.0010708408738288413	0.24588033651687358	0.011115118601502445	0.01195863451804419	0.01424745189103125	0.05362251086535004	0.04146364629662304	0.0030805753103276333	1171.7011508790188	1336	0.00013690200608593162
0.4034001484283387	-0.44962008762644684	0.9933607292285725	2.9522807184485624	0.000780860380822395	0.24892063503758713	0.011110680579082769	0.011919882651517345	0.013939133767495705	0.05183034900997396	0.04104510859975319	0.0030933171004752713	1202.5715675300298	1336	0.0001614184801012159
0.4026612030452555	-0.44895887607352253	0.9928505275945861	2.954307609950941	-0.0012001793153258624	0.2533953709601702	0.01114694529517284	0.011961614368669712	0.013998295485735519	0.05216436066775877	0.04120431401917673	0.0031308147447031563	1282.2925241920716	1336	7.595535495914654e-07
0.4009324118229704	-0.44852634201375285	1.0090558236940075	3.0146757536393904	-0.0015716912156126803	0.25032454458992015	0.011130581669857852	0.011982076012108798	0.014127716602048203	0.052629123807246034	0.04133040769429897	0.003123922440812679	1209.268845629911	1336	0.00015474562691469311
0.4032583923033675	-0.45005568112889743	1.0178824525638477	3.048710288311956	0.0037516515408760427	0.25461207898559296	0.01114773948998584	0.011972556299291046	0.014135143953024003	0.052711791011897255	0.04131230238655641	0.003133291960435068	1194.5819933458847	1336	0.00018891260462884394
0.3999569588083801	-0.4503434077010599	0.9899557641745953	2.9523520893303044	-0.00018871636827004934	0.2491405832774395	0.011033867157780455	0.011949923666214442	0.01394990632524601	0.051991160417073516	0.04108266937481605	0.003096390097995526	1235.0401352440422	1336	8.612945133128609e-06
0.40159808382204293	-0.44963418904174457	1.0045747397643812	3.0031182856878584	0.0006214254213846117	0.24883844198889138	0.011090930529099869	0.011948322615287034	0.014023278024858716	0.05225544389140909	0.0411760660384337	0.003098190742081429	1270.4720810285294	1336	2.9575666831161433e-06
0.4015987471366727	-0.45040016225823554	1.008872821546359	3.023747409561475	0.0026087939531704574	0.2487467641877704	0.011073580722728227	0.011948814522234051	0.014065893400887089	0.05248968479639136	0.04117570607655841	0.003076666938112529	1228.6964864663287	1336	2.2315925184658708e-05
0.394417725066375	-0.450746179030241	0.9974474084639111	3.0083373557734254	-0.001945500625822472	0.24760826400973215	0.01093063658524852	0.012002108971445664	0.014090117992733815	0.05268414584256879	0.04125475029890307	0.003094164593917511	1143.1842003855859	1336	2.710610745767936e-06
0.39957368434692964	-0.45065937798481537	0.9891675973794677	2.9522182778466814	0.0001055524227565635	0.24783246934035852	0.011010135293705892	0.01194338519494827	0.013946242837962163	0.05200991663725769	0.04104478865412414	0.003080597595358302	1207.7149622389088	1336	7.941886157416752e-05
0.404524430336614	-0.44804905866681155	1.0112282397916361	3.0315342642040917	-0.00036895803072291544	0.24964757269917584	0.011193229746776171	0.011938137023561318	0.014081538823387486	0.052522308585325396	0.04127352202839389	0.0031064153773772106	1151.864391666617	1336	1.9423951469347866e-05
0.6993999476358206	-0.7794637184340463	1.0933509754219068	2.8457412912135602	-0.6609255351744258	0.24814503146564035	0.11355314443354325	0.12650521730638772	0.03585126697701399	0.08114242773773932	0.14230694014448036	0.0030522494538308617	1083.2419957178972	1336	0.0014557480698390072
0.4011558552698007	-0.44948522822822473	1.0102201371080015	3.0505451569346196	0.0003483979197495824	0.249332365377137	0.0110951279109133	0.011961534351754542	0.014095564330785647	0.05278496595951556	0.041292192665446995	0.003096100424071026	1216.1285134035734	1336	0.00014824691620739824
0.3958986736196098	-0.4491613180282296	0.9913608264060448	2.991765046641052	-0.004903199499915484	0.24500839189478527	0.010978890488763889	0.011975146744811737	0.014098813460319755	0.05275341040454111	0.04123147881077265	0.003084358772049337	1106.650982021301	1336	1.7226809012133998e-05
0.40017104832391726	-0.448452520701786	1.0065057979084933	3.036686731065697	-0.0025435283930863497	0.24463688343533938	0.011079891137949804	0.011947203885314695	0.014075927241884193	0.0525871700174228	0.04125666364700049	0.003072634413237292	1287.1186503445583	1336	1.5347620762334013e-05
0.39849955356132066	-0.4499363370324873	0.9875519910480669	2.956329804948859	-0.001981292058028687	0.24871871635585951	0.011015396552295494	0.011959788813444184	0.01399436897989388	0.05217250291276806	0.041131460734682046	0.0031011223248412255	1154.0640771377477	1336	0.00015686276348435686
0.2693322616497239	-0.3009413494787773	0.9605304922656549	3.1046014194470732	0.7922305215599034	0.260701520414486	0.08000877619703238	0.09002375952815513	0.04297418214573933	0.052557724884426664	0.701239888890064	0.00321879443233029	1240.4807027163195	1336	0.00019083080594691287
0.26127426594515024	-0.2981096192685113	0.9439872631884744	3.040063664726632	0.8119501127629046	0.24734034075101177	0.036935116907973686	0.042461742590829354	0.023433649220141215	0.05214610674398945	0.3398833832157003	0.0030253803190418184	1164.6560580916948	1336	0.001314156236900385
0.39652565757937863	-0.4528218837429863	0.9887099628967627	2.968627616385573	0.0029297420520654066	0.25673190903543686	0.010942184287302826	0.012004704472551518	0.013979537364355686	0.052200682357374587	0.04117324068076555	0.003142343993708819	1149.5380907216286	1336	0.00010717660652697477
0.40120108450752345	-0.45096048574225733	1.004962836975049	3.033084476602889	0.003128727868926127	0.2544599211642961	0.011068001639781512	0.011965968531275208	0.014013289537452131	0.05237226592020306	0.04124346917620057	0.00313096751415569	1164.7719091174806	1336	1.6112090894879654e-05
0.4009722808929476	-0.44937870482624953	0.9883861365468357	2.9628849912152404	-0.001828210688046457	0.2491024868346823	0.011073154555848416	0.011939021417165964	0.013990915365538419	0.05228869853364842	0.041121857508692426	0.003104860263443135	1140.990128218059	1336	5.562079086351725e-05
0.39647488629505867	-0.45106434237990023	1.004543421036088	3.0362682767901004	0.0005915424442388601	0.24929094387089595	0.01096343053553426	0.01198696743684341	0.014106236661271573	0.05276466428505751	0.04125171349573998	0.0031131585509400744	1237.075742071756	1336	7.871970639964546e-05
0.26008616981384824	-0.2965130004241202	0.9506065000393937	3.0963801829143263	0.8328564031099548	0.2552870285688108	0.07609622972359847	0.08643356982508311	0.041895061276622896	0.053824263531629245	0.6976287995860792	0.003184549450871156	1151.8176309218877	1336	0.0002871960909799292
0.2592286957383803	-0.29011473629535295	0.9541950446313295	3.097725950349601	0.8577607662299406	0.2502125788884021	0.06949264543201882	0.07773587579180494	0.038614038547703976	0.0526799706065522	0.6457184870038494	0.003074686475336272	1148.628462650715	1336	0.0002824947329338932
0.25055079686172615	-0.2811879488065385	0.9570145831073964	3.1167148331301116	0.9620123965799162	0.25047337305227707	0.050468845977077584	0.05678506058655547	0.0295824400391221	0.05260456775466829	0.5082260035516769	0.003124676646793371	1183.1079419060452	1336	0.00025746397339959263
0.24793267101830485	-0.278527496662719	0.9442287701697073	3.0613937000303997	0.9627394486396542	0.2496810831806093	0.07196197667892772	0.08063914845683313	0.040102207864276825	0.05262987873512259	0.7293379984551855	0.0031014741954517957	1202.2454485383512	1336	0.00030193285849241326
0.39981642667169875	-0.4500151083317458	0.9880315840832538	2.962319239017418	-0.0010773935073333724	0.24974130215735724	0.011037348234011948	0.011948830918196006	0.013972344957557841	0.05213964047215093	0.04111900677864797	0.003100059283211335	1119.2638641684803	1336	4.268223655172587e-05
0.4006351286577676	-0.4502435400196687	1.0208327465805014	3.0732396671239615	0.0028362588848394356	0.2506608028255798	0.01108009584731176	0.01197790117478814	0.01415947308250722	0.05286245253155077	0.04132380105256355	0.003109549955836119	1107.6621956233214	1336	0.0001988705627658254
0.26947295692179046	-0.30191057066351956	0.9512697964395413	3.0616674490632145	0.7661065798262201	0.24370684694375402	0.08047687777985942	0.09025470472428458	0.04337941323685253	0.05329660953954252	0.6934012329640146	0.003108780352666287	1248.3238991003375	1336	0.0003165845078833529
0.3965056277075185	-0.45044572600591637	0.9828669661245519	2.9364559038689584	-0.0025548437742189457	0.24737270594478078	0.010961069232798663	0.011969072331356365	0.013984533917426118	0.05214948271741165	0.041091119066006	0.0030905360801022383	1198.9967688562206	1336	3.831424053476931e-05
0.40287272908398203	-0.4478063522070871	1.0124681952462	3.072457693093637	-0.0018577862827274835	0.24783541864572461	0.011160447963717787	0.011942520121903642	0.014090107343132907	0.05274028868148522	0.04135265527664806	0.003102181515979303	1206.44005015169	1336	1.8510944353150685e-05
0.2589945163104654	-0.2928580766850215	0.937129682712882	3.019543708711684	0.8376075844278367	0.24638827003548627	0.059433794916000586	0.06716946523346595	0.03388944279649186	0.05291310414356162	0.5492209433823851	0.003059300553083636	1218.4098154449812	1336	0.0009958843570571228
0.40546334044919885	-0.4493108969177694	1.0222962621884344	3.0956555900509546	0.003776751648476392	0.25371966017714254	0.01119404990669273	0.011943378708671808	0.014097040642263144	0.05270217019185377	0.04134894260465236	0.003121721650278307	1145.3151701653355	1336	0.00016771384082070877
0.40026359207418843	-0.4505122977303731	0.9960506594838716	2.9777624129149816	0.000857008584684723	0.2500100539340353	0.011045440379002111	0.011957297576584525	0.013997083745385422	0.05222039143465392	0.041135560179985056	0.003088798167397582	1245.5297632493614	1336	1.2930880868131617e-05
0.25899384675225273	-0.2958392441287715	0.9381352435706184	3.0274411322348618	0.8367761409030701	0.25120641541269517	0.007200865300520394	0.007912618120149694	0.013854959037567772	0.0525345125260841	0.06413536503923034	0.003104148287678526	1223.439219742959	1336	2.15121760329883e-05
0.23660000121269914	-0.2705110885653517	0.9446048218868955	3.1126104494697615	1.0565727892822803	0.2512849057505516	0.06323890308117486	0.07228648728071944	0.03661609955902641	0.052802016803339596	0.7001701571360667	0.003118017621643753	1227.5787162468416	1336	0.00024885672643039575
0.3971065941666799	-0.450203598305342	0.9757919503597674	2.893765956495843	-0.0033821886750957514	0.24973558186214292	0.01098929024819609	0.011977389289241722	0.013965813642755912	0.052029642142253446	0.04107263600533008	0.0031032562261834617	1140.6746127194838	1336	1.442158939750432e-05
0.402049330386532	-0.44921653392777366	1.0133986932687988	3.0754574285109952	0.0007713641743432391	0.24958628458791526	0.011114246353931562	0.011949748799560242	0.014141269519376496	0.05297976549248059	0.04131840300753591	0.0031033092760696917	1301.405398948725	1336	0.00016946884457251992
0.40086757767871967	-0.4490925318857799	0.9777083392468893	2.897381820432943	-0.003409493192148005	0.2530929616660759	0.01110066118262381	0.01196474993448844	0.013958121269206899	0.05200537361696002	0.04112189237773299	0.003134518603584456	1211.9716163990113	1336	0.00014257254177536013
0.7787861317986129	-0.873024059967794	1.124210490140688	2.8311046332763903	-0.7459389778058122	0.2541060377193222	0.17036917326351456	0.18985720958664457	0.04637187168387997	0.11581751066147017	0.17052491619058754	0.003106051739856546	1211.7806990513525	1336	0.0038254931409927857
0.39439729022623077	-0.45209744681741676	0.9940840203870307	2.9875695491500553	0.0006634959492492445	0.25004815485977816	0.010902176899634344	0.01200462807683762	0.014052570695448715	0.05248724255726747	0.041186615578240486	0.003102414469157487	1273.2578133820261	1336	0.00011435567654779286
0.2641059431946165	-0.30181937066149095	0.9373334812862242	3.022237531907033	0.781670532216085	0.25158234131170204	0.07071669313392093	0.08041159436822838	0.03884913353418646	0.05429059919832563	0.6232032001809208	0.003123304185614598	1228.0380706794208	1336	0.00030299201252764095
0.693090196976311	-0.7767980084690618	1.0888928128771176	2.8056797677357306	-0.6522184958598864	0.2480737087948981	0.09269722151276952	0.10316488942306061	0.030994933583261518	0.07191599592817527	0.11748484881823969	0.00303600937576027	1055.1586569672488	1336	0.005555502541448831
0.395014755046718	-0.4525837061840112	0.9811296942501059	2.9455297174184945	0.0006909814472801601	0.25242317352885274	0.010897400735916565	0.011993608529928331	0.013920925400085228	0.05202519689760966	0.041099837819381174	0.003113325303912747	1207.8555320186836	1336	0.00017531990334699023
0.40335926316737275	-0.4486613024838774	1.0073352160286546	3.0166591108290004	-0.0001819189990423308	0.25261457595885517	0.01117141592149284	0.011961863231577158	0.014068755855771246	0.05250271917910711	0.04129897028767599	0.003125986427024664	1255.924695214117	1336	6.856868840998127e-06
0.40300170521460604	-0.44911905111952155	0.9925838003443134	2.9721270358326795	-0.0007750881765997082	0.2522661069961617	0.011134546420359858	0.011942397763219596	0.013984737062117263	0.0522149689086912	0.04117521084356686	0.003126537447273693	1111.6884269347931	1336	8.442866234441076e-05
0.4016945501237789	-0.4482200153559742	1.0082625872503332	3.0516368199237314	-0.0021569527358916464	0.24985200017913006	0.011140628573167308	0.011963138043061048	0.01414544913380405	0.05303800717329592	0.04136197406403729	0.003109269592918628	1269.215493449287	1336	0.0001439809569337914
0.8746861282393051	-0.9806388422544562	1.1344395158649063	2.7225395393967546	-0.8320381453545697	0.2511929408063026	0.06961637026947848	0.07738482909999399	0.020301907376910226	0.0723127400111487	0.054902269112111234	0.0031150653356676393	1220.5604580650738	1336	0.008874832506539702
0.39904708638550856	-0.44893813321935966	1.0077025839179554	3.00464960865151	-0.0019745192194641674	0.247018499570711	0.011071803153889136	0.011981917677875736	0.014127955741025277	0.05260000099602518	0.04127119038457538	0.0030874699382165576	1210.6302351984646	1336	4.577814147132692e-05
0.7140288607844579	-0.8036823198239749	1.0892603680334807	2.7852414867540225	-0.6782337408692672	0.24974467314467494	0.0917825379222711	0.09913946529480429	0.029919786207008844	0.06855031168634286	0.1071467083692478	0.003176068080024156	1171.4835523683741	1336	0.0038117837915239137
0.6086712838064099	-0.6803151480110988	1.079261719389825	2.930358018295835	-0.5224036578097575	0.2519090481573281	0.016763549452432806	0.018006354518135058	0.014108367361695937	0.052202284789900584	0.02670070702218852	0.003102394829318624	1275.0891634619443	1336	6.84588123461718e-05
0.27286661607918994	-0.3117315069769374	0.9323241269587313	2.957208758299756	0.7105215929346911	0.24782491090745448	0.0809482449365644	0.09253922402294676	0.04359872827862638	0.05171909962907348	0.672176931796511	0.003099374705044233	1224.8632138520093	1336	0.00022599814756710132
0.40279311418200425	-0.449485669573088	1.0124628832261824	3.048243218051644	0.0016258836447668747	0.25393696593852033	0.011144610704177717	0.011968862298955335	0.014112275477444966	0.0527720483142696	0.04132995007687743	0.0031369937414122482	1169.7806376301196	1336	2.5306572336297376e-06
0.40362850070254686	-0.44822939372446463	1.008113042815597	3.027698464014587	-0.0008187539402156156	0.25006664230879355	0.011172700516563876	0.011944392057088887	0.014079514335916555	0.052556410065691825	0.04128055211051317	0.0031071523293151283	1182.5738270535926	1336	1.2698626095166273e-05
0.39967894281146277	-0.4514745040032108	0.991439717054014	2.9421318980946864	0.0020913841419330603	0.24948024391911777	0.01100261874713296	0.01195205369919895	0.013923118877972705	0.05179412277380512	0.04101732808645847	0.003083085564907045	1224.2913759780133	1336	9.47551921744074e-05
0.4056228164056439	-0.4482737851828366	1.0330038673247697	3.1442652505109563	0.0024644381285939573	0.2524519353070179	0.011233170971374466	0.011954884106350797	0.014202327125160043	0.05325181561474393	0.041481749853322286	0.003104108842950133	1171.4419508860592	1336	1.245575782382277e-05
0.257401131668694	-0.29282229138729615	0.925241884871883	2.967858965467703	0.8509054899360845	0.25103787865754057	0.05898049941149697	0.0669910603647885	0.033531959141994014	0.051621806314144925	0.5493926832549104	0.003129650399410065	1167.6225325153737	1336	0.0003747712798091258
0.2740426572888458	-0.3103723001474119	0.9400479469931033	3.0100953950624154	0.716585902307881	0.2546416364565193	0.058401422640459145	0.06618348123547009	0.03277352528882723	0.056861133591219686	0.48353816625156937	0.0031288250125419198	1210.992249393773	1336	0.0006006099695314222
0.3963140441675051	-0.44991879292269826	0.9787848596894462	2.926004587083045	-0.0042778157827601795	0.2508617011178115	0.010988804953911701	0.01199198299375773	0.014018934290184195	0.052374672241611124	0.041176980933169974	0.00311817399217812	1079.890693835483	1336	0.0001059245587848839
0.39940494855370706	-0.4501893778326568	1.003011054743329	2.973908084137724	-0.0003432595956986273	0.2454182106904226	0.011032115990332918	0.011960011785549752	0.014063199549650783	0.05232056747722945	0.04108969209674308	0.003068367631635591	1097.0975257309608	1336	6.62352867059711e-05
0.39628763936573785	-0.4502124469246163	1.002269996788237	3.0071054221585984	-0.0015451936571858305	0.24527749815054636	0.010972029163312504	0.011982991710634454	0.01409678709794959	0.05262237970755725	0.04121258722144817	0.0030778597866437363	1059.3158944639645	1336	7.699841221983257e-06
0.40140809952193707	-0.44945353487988304	0.9859051632801229	2.9301488070026287	-0.0016355929437624009	0.2487126101560636	0.011078549784705993	0.011936438188276782	0.013937993656143496	0.05193133862662387	0.04105692659739283	0.0030980792117987414	1219.7334799526532	1336	0.00014836587222004466
0.40343232030046916	-0.4501191218586777	1.000319583668777	2.9765218350553018	0.0024491717748180513	0.25315850473493606	0.01112694785068845	0.011947853790853917	0.013984699661996102	0.052029138859690176	0.04114628676314243	0.0031194587647169454	1159.743483154632	1336	0.0001417233495552985
0.3946881701570987	-0.4526170025586518	0.9856980145199593	2.9576548331273806	0.0010185866734860683	0.24722586658593035	0.0108662294567112	0.011969552073594295	0.013926809179574999	0.051978719818255546	0.04102065419321319	0.0030751449585687068	1271.9254234261402	1336	1.9307219711588746e-05
0.4024505451748082	-0.44813771811679093	0.9950355013064531	2.967462806373963	-0.002773805057069169	0.25009201448550694	0.011149203035173624	0.011950565353474042	0.014016602640232878	0.05219876265602987	0.04121378793886464	0.003111257563809702	1085.1779541289225	1336	5.767266752045827e-05
0.8267632558590873	-0.9208271811915848	1.1288231974912595	2.7688043653794097	-0.7910143228814653	0.24812707630377615	0.1097657047658405	0.12139056607860545	0.029785387277980035	0.09092079125885412	0.09722075126901529	0.0030738268573455596	1117.140202483844	1336	0.008337808147466682
0.4028592368983514	-0.4493974866888542	1.0017913956920397	3.0216580217666698	0.0004884399370038162	0.25313979931525205	0.011130846369467035	0.01194857158956562	0.01404299573459372	0.05257449085547277	0.04125092123708568	0.003130776514790051	1128.6077382188491	1336	2.773297203581698e-05
0.27000103071991455	-0.3019790377656473	0.9672371559849989	3.0933080577790983	0.7782124662388255	0.2530859247701384	0.05770950597631214	0.06435957204780442	0.032186640849666166	0.052863187010773055	0.4956613673779286	0.0031277901626653127	1195.226849598206	1336	0.0011096027063782117
0.3969001026315503	-0.4509992471886402	0.982868288295465	2.9391174143913203	-0.0013042192571931076	0.2489728008868716	0.010958763495473506	0.011969705398269468	0.013944045851321822	0.05202196482944318	0.04108211449327324	0.0031001205326731795	1211.374502709164	1336	3.5407922499862295e-05
0.398361776666128	-0.4510420269258606	1.0101368990083692	3.036367229640411	0.0022130401667508374	0.2528816070684385	0.011024946374267292	0.012001548383130875	0.014123447385671726	0.05272666245310008	0.041308890066594856	0.003113052860871581	1181.6830595513525	1336	0.00016226320853802545
0.39668701646012827	-0.4525477062506831	0.9727212456427423	2.8729909712380537	0.0009675793804945004	0.2543311274539346	0.010939054167531439	0.011991800157311267	0.013921709088090494	0.051829496658062836	0.04099981347597958	0.003116049753534222	1178.8798963139357	1336	4.8202090094494945e-05
0.3991528598182513	-0.4499708847738818	1.0000226922418864	3.000662328356622	-0.0005520041103773644	0.25320455519890006	0.011062300349958927	0.011993761015316786	0.014125752784857849	0.05280762295318335	0.04129649922446001	0.0031218021274935365	1209.7482545368846	1336	1.8660563705141767e-05
0.7179337407478212	-0.8171136186743672	1.0969260583038185	2.791136826985452	-0.6932562493821902	0.2476296277790195	0.09156728851660675	0.10352130922599283	0.029589611381805443	0.07455141720793336	0.10727641905531916	0.0029100222147883078	1253.5042620422491	1336	0.006991066291164957
0.40437369299757253	-0.44939581405221096	1.0253794561659746	3.081590888676169	0.003547564264345681	0.2484443909419624	0.011158815498577591	0.011938853807590485	0.014135351061720593	0.05277879084421088	0.04127160879464909	0.0030838225794083706	1203.618167016702	1336	1.3901528075139875e-05
0.39585638743487017	-0.45051134660397646	0.9674866253560322	2.882636830760379	-0.004284507352605193	0.24699765099392113	0.010932300687261056	0.011958202849796066	0.013924812176505192	0.051971681677840116	0.040987537298113025	0.003089137815220947	1181.603882867875	1336	7.896655094330732e-05
0.40106352303362036	-0.44965037363173216	0.9971203125722703	2.9576615539975144	-0.00017731189806828086	0.24845148452662494	0.011079736466166175	0.011951995962474166	0.014016814861770501	0.052111499008890956	0.041115833317402754	0.003098291058887628	1269.082961447872	1336	0.0001349991746759073
0.4002326917526734	-0.4503456154456074	0.9949182674858936	2.955444963218495	0.00035630534467666266	0.25014899453483863	0.01105259447932382	0.011962334673298805	0.014008477321288319	0.052200453048563356	0.04111400857303299	0.003106066683111377	1187.024749852906	1336	0.00014642633855482066
0.4054539793048625	-0.44652977536411986	0.9972448208035993	2.9768655979502077	-0.004334446338761085	0.2484208575127981	0.011237225952926802	0.011921748774898868	0.014023773106050703	0.05231048447687773	0.04122490641253096	0.0031108951897590165	1167.7921521906892	1336	0.00011285092796186802
0.3999856772828396	-0.4514622606072562	0.9924236662579337	2.9304542545419934	0.0024690633689122277	0.2498823898012342	0.011015247636478391	0.011956769521683579	0.013936071521319726	0.051749677234629574	0.04101094628793471	0.0030932580761153417	1218.410228646171	1336	2.1787490177878552e-06
0.40172761094453713	-0.44964241714640035	0.9997747782303928	2.9904285417240137	0.00026470277687194277	0.24731254989854592	0.011083205779552059	0.011935900047166966	0.013988056635617455	0.05214784257169611	0.04112685222741934	0.003077695838095712	1208.1930941713383	1336	5.0610428072889215e-08
0.4033578768933721	-0.4493610255954532	0.9975419133582161	2.9836498895348753	0.00048185163726280523	0.25550911404749044	0.011156243795994182	0.01196224270917292	0.013983515514570367	0.05210839248684669	0.04124736249811516	0.003137471942613923	1173.378456806241	1336	2.5768498792576583e-05
0.3998034323857127	-0.451006517147873	0.9955900611519054	2.9792182094277844	0.0015160927363547956	0.25163614712840326	0.011029052776034928	0.011964589234310503	0.013970477270255764	0.052124518375620287	0.041139155696126264	0.0031044573349348612	1177.8289125098868	1336	8.190158002595192e-05
0.4016631635893529	-0.45037486664554766	1.0096014508868516	3.0519513170704515	0.002543042789629994	0.2561356747663362	0.011109398880895667	0.011983190289499731	0.014077341656923852	0.05268703150954746	0.04134980110157864	0.003137280510893313	1107.8863442157563	1336	1.511850249147946e-08
0.4014032815214563	-0.44890102925603587	0.9934030010291685	2.9871978981798755	-0.0020382360657224536	0.2534046202779093	0.011123526598855347	0.011969374030059517	0.014057506038441928	0.05256848336009336	0.041283399149935895	0.003130184218457484	1151.1117575395829	1336	1.0180490548126224e-05
0.40045574220749997	-0.44938966342921693	1.0101234977303855	3.0445544004225926	-0.00010712016667328164	0.24871016731390724	0.011083229448871357	0.011964915063012886	0.01409527360755266	0.05265702568317275	0.04128941099048857	0.0030970556711434442	1200.9526373719423	1336	1.0477595969000529e-05
0.25784365006071963	-0.29600870666578166	0.9329020874671692	3.001174852852044	0.8299375510511305	0.24799190383321026	0.0661793922900975	0.07593509896180586	0.0384007879086442	0.05604127496106816	0.6103100347643972	0.00313829112976121	1210.7160142779783	1336	0.00041209039033773614
0.400650992330728	-0.4511661609150145	0.998697049806523	2.9778754958232363	0.0027275185949542724	0.2548535660829736	0.011058409651257605	0.011977496178572177	0.014012467141016846	0.05223089703393791	0.0411761826834892	0.00312839425378567	1257.0243507519417	1336	2.3700774993358057e-07
0.40098224977640495	-0.4491692466215471	0.9915913184789886	2.973189842143402	-0.001920486791405981	0.24914287354343626	0.011084933516599603	0.011947472080863521	0.013967400057885663	0.05211188598317497	0.04116957473597446	0.003089547880808936	1185.8100642172553	1336	4.307940561657441e-06
0.4014525069669043	-0.44931051735252814	1.0070440038623814	3.036517661370812	5.613600140264111e-05	0.25380776837882235	0.011124510939081641	0.011978634741761005	0.014129822192995549	0.052869403937670194	0.04134957963564315	0.003132555921169612	1245.2901305079354	1336	9.37942511047913e-05
0.3996206307963663	-0.45212655988739353	1.0060197718201658	3.025842563675645	0.004643213846237351	0.25439591363080816	0.01101358151372816	0.011980382555877337	0.014075763600410749	0.05268117739872796	0.04120584389408788	0.0031197814073865363	1210.9326348925167	1336	5.33718944898437e-05
0.7115503099816004	-0.8024243070475127	1.1116515818451327	2.8801542915472336	-0.6688881636800744	0.2529570951370989	0.05097818522703207	0.05803970233803204	0.019755193105479803	0.06214586077792307	0.06189780423818103	0.003062722028630224	1148.9285947189794	1336	0.0026268088726584225
0.4031089112544041	-0.4484491428875617	1.0115101638338788	3.0348215331086728	-0.00036127973459873736	0.24427273702284033	0.011134095090077602	0.011924199003038635	0.014043046396611797	0.052360188814769226	0.041196020432909604	0.003063642720515029	1216.0732307942358	1336	1.189853414424149e-05
0.24487144760194016	-0.2767080049078514	0.9335863728404953	3.0494406068133717	0.9805178571640261	0.24884931919549014	0.07072732406230955	0.07969327271257155	0.040179933444673105	0.05415402090425351	0.7327942369948264	0.0031278684286365527	1235.3266315869355	1336	0.00021152237307046467
0.7172864941748002	-0.8091482754924669	1.1071172812609467	2.843727242484234	-0.6856604448143558	0.24385772080854995	0.10057464015238532	0.11314196255372388	0.03236143316263751	0.07694170024110404	0.11887781622033183	0.0031315165451704205	1194.9898117949915	1336	0.004948595147468617
0.2470821209249152	-0.28270421825110464	0.9264755788416239	2.986864735597563	0.9348747028682313	0.24892703115433942	0.06863654724735398	0.07846889550577908	0.03890695788138821	0.0527887326561463	0.688459520344269	0.0031152006587617607	1208.5774872532875	1336	0.00023533398830817036
0.4053211943170016	-0.4475980073236047	1.0046490341489913	3.0110857866287066	-0.0014076425188421864	0.24861275079088282	0.011208755233662712	0.011922116170249865	0.013998469329596454	0.05215597350869161	0.04123088732894543	0.0030902328877960403	1206.5338008257704	1336	3.0324339399732704e-05
0.40103149445531716	-0.449972805108108	1.0129381603936003	3.055435032436873	0.0017430579112114502	0.2484364939229866	0.011072970016636449	0.011952943479198	0.014116312878638581	0.05276581520731674	0.04124764629296095	0.003088259201337723	1158.8848098790977	1336	0.00013448521381504718
0.24344143493961296	-0.27710485056581013	0.950021675457083	3.101388719204608	0.9964032570360045	0.2504650438984425	0.05580603168566941	0.06423886529949008	0.0324055635197621	0.05310020630993053	0.5883666131623685	0.003020010216400922	1279.1582599082867	1336	0.00030483418578980246
0.3992574117111773	-0.449635636528385	1.0010958850337532	2.983346338245201	-0.0009396954265346846	0.24996843413342099	0.011063297571428125	0.011983868778763174	0.0141191833715646	0.052611317985802555	0.041238085890865146	0.003106778116254034	1193.446005313697	1336	0.0001268201797826237
0.4020420506072414	-0.449267118700054	1.0106710745813368	3.063099192238027	0.000515726992186829	0.2488890358247494	0.011106181640100955	0.011941991330494579	0.014108141245839112	0.0528674272359463	0.041271880740774355	0.0031038167257609016	1198.4146256248337	1336	5.962847650964372e-06
0.2768972844368811	-0.31351110967852236	0.9544853274278225	3.0904125871466968	0.6906666915144296	0.2538655130366276	0.07525411500481183	0.0857833870540633	0.040851003677478424	0.053576631530165064	0.6135779423736112	0.003160941557655798	1286.8929078164792	1336	0.0002550380677745178
0.3984923471412588	-0.45086938848087754	1.0000387835283684	3.007243225024917	0.000961644407372874	0.24972141879331997	0.011003527903652369	0.011970459333996016	0.014030829909012084	0.05241474953068696	0.04118828168514685	0.003093874119712008	1114.0725893032063	1336	4.710550529458326e-07
0.3985662710867233	-0.45085666231077304	0.9776278474456611	2.9081076119790574	-0.0010942049077340297	0.25518693564613576	0.011018978322376199	0.011984956298971512	0.013962347904397557	0.05210778854725804	0.04111815149399159	0.0031416160831396435	1278.5332288864397	1336	0.00012388506401993344
0.39524927229456236	-0.45204427615769993	0.9908101032088318	2.940595834594862	0.0006790326029844095	0.2505080033351838	0.010923213251568352	0.012003032565807705	0.014066411947416467	0.052445800392175716	0.04110556779672252	0.0031128875820493084	1142.0553604530487	1336	3.7832762175135904e-05
0.3995704414075633	-0.45108512301548187	1.0068786559299765	3.0195633276116123	0.0027025785918173206	0.25201374591660636	0.011033814227215898	0.011979396535405229	0.014038213036962552	0.05232855346670753	0.041226804344877695	0.0031031632952852953	1150.4833777254307	1336	8.118811410580743e-05
0.40349181459501954	-0.44757498526155653	1.021979256317201	3.0995250483096926	-0.0010538141212067932	0.24742551817142422	0.011184725243554319	0.011946659105904226	0.014159848129787555	0.05295979870123608	0.04140349738454337	0.003086775230352162	1118.927108217737	1336	0.00010991069145131158
0.40317350219631803	-0.44955279241895285	1.0069527039918356	3.022098956546804	0.0014881761266532108	0.25089516265205036	0.011130127620594904	0.011944371006460834	0.014035917885844365	0.05241304633103132	0.041216457086331565	0.0031030315757827475	1182.4497616181175	1336	3.136480671437021e-05
0.4013382623294009	-0.4491763811612357	0.9923065632560535	2.981479667846692	-0.001671865829228757	0.2545226748741206	0.011116935615897878	0.011971733654944926	0.014004982333641995	0.0523452699735799	0.041271507618178764	0.0031388168796899997	1250.204019953816	1336	0.00010669053443499205
0.39417184592763865	-0.44986518525743635	0.999940148707305	3.007122339201323	-0.00370601347798175	0.2429122625413737	0.010932751978901109	0.01198997456490681	0.014120932008914549	0.05275762435875283	0.04122911709360126	0.0030669974418950224	1180.2189760775996	1336	6.61692684641017e-05
0.40339095120489304	-0.4489819567909985	1.0092493974809476	3.061558263590277	0.0005624112196250545	0.2534848605960082	0.011160817522711666	0.011957373631932161	0.014066532926706758	0.052707973370817264	0.04135768159896336	0.0031118063022154453	1193.4977289757112	1336	1.3979871592824469e-05
0.3995047004922918	-0.4500312030203256	1.0052859197643027	3.0148358624445857	0.0002060560994148445	0.2507084248505442	0.011055286125996022	0.011977460142615878	0.014098610348439986	0.05268031974614553	0.041249941049270857	0.003126994388955607	1184.5386352099551	1336	1.995931391170972e-05
0.4042290926582146	-0.4477553442534377	1.0076834383298265	3.019667431071589	-0.0015886181050869099	0.25310574746870257	0.011216254354303281	0.011961951655059685	0.014149772293982572	0.05290888043241132	0.04134951925051626	0.0031348266317582927	1231.0742617383773	1336	7.45433438478929e-05
0.3986370294777808	-0.4488888532192049	1.017993734292491	3.101372682196587	-0.0015438785523291072	0.2508469945277555	0.011083669850892684	0.012002580129754093	0.014251825980901125	0.053472512538617845	0.04149779829827511	0.0031137905675836497	1281.0928565298902	1336	0.00019048576352089346
0.3968214409641794	-0.4512698707812638	0.9866167008055434	2.939077802007246	-0.0002548865097565943	0.2503084791921577	0.010962082616741415	0.011983145369267645	0.01397507131461214	0.05201894190443332	0.04110606869952502	0.0031002542333779357	1248.5693061974353	1336	0.00014839011001469747
0.7264134561428631	-0.8118904357849583	1.0941491991093888	2.7987697627329466	-0.6898551691196094	0.24998178101869994	0.13547525896426443	0.15062972869616173	0.04083036124236844	0.08962026637676007	0.15793612060355083	0.0029020148297598486	1169.4513187338002	1336	0.004013296160177849
0.3977312994452204	-0.44885429074603833	1.0065328143802517	3.0386358662345345	-0.003119811679894466	0.24295686301896113	0.011023076263781297	0.011963468500386433	0.014117513517881162	0.05275842189720714	0.041266431259289305	0.0030665920730595917	1204.5548483516377	1336	3.2978515153135666e-05
0.39341866837629597	-0.45127813436099634	0.9741909020587289	2.9097990502679463	-0.0033733698221628497	0.24818339506209267	0.010883787151261341	0.01199224044689863	0.013927645242746192	0.05187498934766348	0.0410752804840603	0.0030980007911679064	1224.4658493126567	1336	0.00012672253378335897
0.39827300061662685	-0.4513388777666164	1.007876042689893	3.027704398837474	0.0024700135506163672	0.24846022134911686	0.010987913679595018	0.011971628293539347	0.014082270090400589	0.05260820711514992	0.041183080006445494	0.0030914922551338636	1279.967803608265	1336	8.903658609364469e-07
0.2655895300584152	-0.29573195972543376	0.956189721233865	3.078651658847908	0.812186922943769	0.24626626967729914	0.06743399494404803	0.0747174793266953	0.03720480161253682	0.05251524319214975	0.5981148336346443	0.003132865013146875	1149.2682007474282	1336	0.00045045524242411414
0.3985842532981325	-0.45231207384142436	0.9918841001972017	2.957995506745685	0.00326975695248775	0.2531792952205442	0.010976792942100353	0.01197431866336454	0.013968615690539834	0.05211262920567935	0.04107834042338778	0.0031258260919994592	1197.5601552204353	1336	7.567877960404559e-06
0.25773328589816197	-0.2924594040192364	0.9392763647413316	3.058602701145209	0.8453011649111686	0.24840895746093616	0.07249991212282007	0.0819127121867162	0.04038060244868138	0.05299672508389176	0.6738461624637626	0.0030863063897619007	1259.3575073893478	1336	0.00025537314743857
0.40021186057856456	-0.4484221853032921	1.016285848423505	3.068757088673795	-0.0016629218046670402	0.2518478871868975	0.011128725408011339	0.0119974122240571	0.014228566822557796	0.05322489906614857	0.0414592271626326	0.003132293537261904	1190.4892094024374	1336	0.00015361217827200563
0.25999891005012987	-0.29301387185375716	0.948033962307615	3.039694605817809	0.8486614542595182	0.2507747797500849	0.053446951667198254	0.06016234362092235	0.031205250467333457	0.05321952922348955	0.493204249821171	0.003150176085906437	1178.4817635594623	1336	0.0017493978954221925
0.400599879221906	-0.4492184690040457	0.9934125434479049	2.976134016064007	-0.0018362813117142264	0.24712314926427978	0.011067469851630098	0.011941331306038583	0.01397880312304873	0.05213438214406278	0.04114025167103626	0.0030820649355727796	1209.6708136015084	1336	3.3650824761207278e-06
0.6667683600662236	-0.7434322828398533	1.0837419256156793	2.850714479298212	-0.6154100087892688	0.24912061445007458	0.08419751799506375	0.09362512447675629	0.029320181324170663	0.06759371164723833	0.11689803126196084	0.003249787175236917	1084.901838740328	1336	0.004295791541132603
0.3999509862195613	-0.45015214204789317	0.9914634621086181	2.97403618634435	-0.000453779527621617	0.25225679365483533	0.011052200341601492	0.011964813022488072	0.014019792870662994	0.05237425942203407	0.04118153607867008	0.0031200517171499076	1216.1236311603861	1336	1.3633835980917403e-05
0.397101543264159	-0.45161478379524417	1.0000963094850612	2.989023378594619	0.0017373503084092885	0.2502958269284823	0.010968742701973047	0.011989761785717819	0.014052863986505047	0.052395899809349125	0.041170282476930616	0.0031037394291268477	1180.0002968399026	1336	3.271581410620843e-05
0.4018960300068005	-0.4477669368561225	1.008125887195539	3.0357999830124927	-0.0028507387014503303	0.24811739986957426	0.011150390149031443	0.011958411214432314	0.014111235462733358	0.05272784362325784	0.04133603965698385	0.0030933324154536466	1138.901688900763	1336	1.0324505066918406e-05
0.3971818210157791	-0.449048885585821	0.9908621453529016	2.961023445666709	-0.004430045530702391	0.24345880681902432	0.01099952607744382	0.011959320910882209	0.01406939509511933	0.052496898938600225	0.04113605200170238	0.0030708492976843933	1155.3844703760305	1336	5.3620048610544314e-06
0.40264648189239255	-0.4492104032331816	1.0097187819892997	3.0251491396656323	0.0007333209429243995	0.24878901809821938	0.01112545997935522	0.011945893656148468	0.014064738430773473	0.052493824981697856	0.041221448723007065	0.003093232297455923	1208.7070743586933	1336	2.1070280111222513e-05
0.4030484278434222	-0.4490958689346117	1.0052621280929561	3.002751957710579	0.0002922315823475649	0.24987018875375513	0.011136355295773519	0.011943859977729291	0.01407361063670507	0.05254343972053936	0.04119372390166661	0.003113072579014969	1136.1877919288777	1336	0.0001362252464314903
0.3976182328003561	-0.4508104343727178	0.9945149951720466	2.9584153965213047	-0.00018068317288850823	0.2468052880351046	0.01097865753203034	0.011967003951715724	0.014014234343580886	0.05220001746955719	0.041084608220817	0.003080104863233687	1202.3724709651913	1336	2.2294417975130574e-05
0.28470223746381546	-0.3192856995983351	0.9423372056987979	2.979922641678265	0.6470407846764742	0.2495505005894461	0.08724801170331796	0.09777396619942991	0.04577325282458169	0.0516839192037047	0.6714381322978669	0.0029179712050660758	1183.8537738488355	1336	0.0001673649594267601
0.4026276065152326	-0.44891248535894224	1.003831173492091	3.0106374220818717	-0.00039847774018130546	0.2512796592091492	0.011140510578409613	0.01195489514219342	0.014094101654450122	0.05265520914294675	0.041257174581128306	0.0031104701743429448	1094.8167908017667	1336	2.7561277744982226e-06
0.39874352709169064	-0.4518345069252152	1.0000586316200752	2.9725194704886184	0.00316993321720784	0.24646649218590058	0.010969797590372851	0.011950706076270764	0.013971030572332906	0.05197807488662145	0.04101723448679699	0.0030643105357769785	1238.215073219326	1336	4.473819878567993e-06
0.39791442847045266	-0.4506668320168213	0.9908740745835549	2.9490139302510423	-0.0005923224352041194	0.2528302720941787	0.01101587216300642	0.0119941592714731	0.014023232814126787	0.0522562826891924	0.041182550981474005	0.003125524838565352	1224.685550284453	1336	4.1171744123823026e-07
0.4018476375612651	-0.448958434097668	1.017597663872988	3.0608214339208386	0.0004372700671378702	0.2490336468254827	0.011124217219491004	0.011959226633189206	0.014133010440214346	0.05277967756861661	0.04130881582795097	0.003114265344183799	1289.07482575571	1336	2.3116948800031966e-06
0.39793361677701644	-0.4494495089998819	1.002396290218305	3.0207702899747826	-0.0020892068649270455	0.24320389332524484	0.011004915071068913	0.01195282070521205	0.014047708986669795	0.05242785586925319	0.04119169149384928	0.003060555255096087	1213.546078323125	1336	7.056570765696646e-05
0.40014241001775336	-0.44972997149764976	1.005714635160136	3.01001166004919	3.587929006118312e-05	0.246339250415562	0.011054994016393382	0.011951890614846205	0.014080104483288383	0.05251807802781364	0.04117291473467447	0.003076028103952487	1157.7320346034298	1336	3.013128547321407e-06
0.3992405892802391	-0.4502953548469203	1.0035112568046354	3.0238503234438254	0.00043372957499782983	0.2496396106755619	0.011035689999344194	0.01197085028139392	0.014066599832612934	0.05260340589116118	0.04124053136752638	0.0030978002172830817	1177.9669585236102	1336	3.288068406472883e-06
0.8504743719478592	-0.9479868503053441	1.141230592675927	2.7741687116127243	-0.808016850713145	0.24751497642498324	0.06431844417319016	0.07264969739026747	0.018155404198574972	0.08147037689305674	0.05310568717652623	0.003094565712762621	1095.2825957195475	1336	0.09728709923071922
0.40186275163363283	-0.45062415620372726	1.0093466497629082	3.027868215913573	0.0031261418510115445	0.2522145830765653	0.011087782126440671	0.011961363261819355	0.01408135362351257	0.052642806968043465	0.041217938624288	0.0031072663355475295	1155.501257279117	1336	9.058516271146956e-05
0.4063012477761213	-0.4482198325096926	1.018677891470607	3.0655924907695034	0.001492954984122855	0.24900687481607733	0.011216733055138256	0.011919171557382402	0.014098990843767449	0.05273620265857387	0.041264777566232265	0.003090477884778138	1182.228997438474	1336	0.00014376561319798112
0.4020762311872238	-0.4498638554095207	0.9939670810590955	2.974723749667116	0.000316976388359184	0.25393166698057235	0.011110483758522057	0.011960804162936923	0.013967885158954836	0.05213553180620547	0.04119853247433435	0.0031202693012258253	1265.1780215860754	1336	9.589934014010099e-05
0.4003403638357936	-0.44907443188677026	0.9979805924778798	2.995852916751464	-0.001895759085357816	0.24977561583149352	0.011085553983529901	0.011963358210045802	0.01405491596383513	0.05250099470579162	0.04123922198078155	0.0031138265065257724	1158.5294286834728	1336	1.8871965107621284e-06
0.3968178162257081	-0.450048152648345	0.9966630038278496	2.9854704213658065	-0.0020274047984448996	0.24497733414916362	0.010977383320780243	0.011968274788653034	0.014038558723578783	0.05235754880456078	0.041154434185967856	0.003084009330997572	1310.7606599230103	1336	1.8991704320572464e-06
0.40147596879705066	-0.44868560731006546	1.0115136215137086	3.0519376451803084	-0.000939743090044296	0.250796883565432	0.011133277880144836	0.01197410677370073	0.014120538257506123	0.05280721980381943	0.04136888679862228	0.00310520835515068	1145.4316337273272	1336	1.842152880088718e-05
0.39827829952966165	-0.4517902168652922	0.9952611339296233	2.966989749753059	0.0023223077849866994	0.2536923811097349	0.010995502718956463	0.011989308285251483	0.014030576362594221	0.05233890185625704	0.04115081803755555	0.003125731597601869	1191.7416299458387	1336	8.72678984419929e-06
