i,Ebeam,x,y,z,Q2,pT,obs,Nacc,stat_sivers,stat_collins,stat_pretzelosity,systrel,systabs,target,hadron,Experiment
0,11.0,0.090102,0.628929,0.322515,1.167160,0.158526,AUT,2421284.409753,0.016795,0.011564,0.011553,0.070207,0.001121,neutron,pi+,solid
1,11.0,0.107355,0.599687,0.323197,1.328471,0.144373,AUT,2268973.316945,0.013007,0.009792,0.009776,0.070207,0.001148,neutron,pi+,solid
2,11.0,0.118944,0.582651,0.323539,1.430272,0.136535,AUT,2197245.580426,0.011040,0.008836,0.008857,0.070207,0.001167,neutron,pi+,solid
3,11.0,0.128694,0.566069,0.323636,1.503485,0.130117,AUT,2243477.440567,0.009556,0.008076,0.008107,0.070207,0.001183,neutron,pi+,solid
4,11.0,0.137403,0.549006,0.323834,1.556884,0.122713,AUT,2115656.382686,0.008956,0.007874,0.007929,0.070207,0.001199,neutron,pi+,solid
5,11.0,0.145818,0.531980,0.323970,1.600967,0.115651,AUT,2117094.087688,0.008439,0.007682,0.007708,0.070207,0.001214,neutron,pi+,solid
6,11.0,0.154443,0.513541,0.324216,1.636888,0.107731,AUT,2068765.508273,0.008028,0.007548,0.007583,0.070207,0.001229,neutron,pi+,solid
7,11.0,0.163426,0.495724,0.324230,1.672019,0.100191,AUT,1970772.910630,0.007980,0.007660,0.007684,0.070207,0.001246,neutron,pi+,solid
8,11.0,0.173117,0.476373,0.324408,1.701931,0.091795,AUT,1925139.571832,0.007887,0.007727,0.007742,0.070207,0.001264,neutron,pi+,solid
9,11.0,0.183943,0.454872,0.324599,1.726648,0.082149,AUT,1834078.069074,0.008047,0.007972,0.007969,0.070207,0.001284,neutron,pi+,solid
10,11.0,0.197166,0.429878,0.324701,1.748847,0.072527,AUT,1856179.618100,0.008023,0.008008,0.008001,0.070207,0.001309,neutron,pi+,solid
11,11.0,0.214843,0.400008,0.324672,1.772791,0.067893,AUT,1755911.772764,0.008432,0.008443,0.008450,0.070207,0.001341,neutron,pi+,solid
12,11.0,0.240444,0.363168,0.324733,1.800072,0.075046,AUT,1715921.859648,0.009063,0.008986,0.008995,0.070207,0.001387,neutron,pi+,solid
13,11.0,0.275668,0.326225,0.324618,1.854517,0.098383,AUT,950968.948455,0.018680,0.015434,0.015850,0.070207,0.001449,neutron,pi+,solid
14,11.0,0.065226,0.795780,0.322376,1.069539,0.327647,AUT,1407206.040628,0.019878,0.014124,0.013996,0.070207,0.001084,neutron,pi+,solid
15,11.0,0.072440,0.744462,0.322673,1.112955,0.314151,AUT,1273189.348561,0.015830,0.012429,0.012355,0.070207,0.001095,neutron,pi+,solid
16,11.0,0.076799,0.719817,0.322767,1.140974,0.310848,AUT,1261900.397433,0.014844,0.011881,0.011919,0.070207,0.001101,neutron,pi+,solid
17,11.0,0.080587,0.701567,0.323007,1.166921,0.308503,AUT,1366220.987482,0.013690,0.011092,0.011092,0.070207,0.001107,neutron,pi+,solid
18,11.0,0.083961,0.687798,0.323186,1.191977,0.306112,AUT,1233029.821803,0.013976,0.011453,0.011444,0.070207,0.001112,neutron,pi+,solid
19,11.0,0.087108,0.681175,0.323348,1.224779,0.304457,AUT,1284347.257600,0.013617,0.011114,0.011172,0.070207,0.001117,neutron,pi+,solid
20,11.0,0.090197,0.675698,0.323358,1.258013,0.302377,AUT,1212270.474582,0.013978,0.011423,0.011464,0.070207,0.001121,neutron,pi+,solid
21,11.0,0.093148,0.670758,0.323354,1.289674,0.301539,AUT,1171091.802460,0.014272,0.011662,0.011646,0.070207,0.001126,neutron,pi+,solid
22,11.0,0.096047,0.665483,0.323445,1.319359,0.299956,AUT,1152447.671835,0.014348,0.011721,0.011691,0.070207,0.001130,neutron,pi+,solid
23,11.0,0.098995,0.661029,0.323539,1.350759,0.298366,AUT,1175789.517602,0.014107,0.011508,0.011536,0.070207,0.001135,neutron,pi+,solid
24,11.0,0.101990,0.656524,0.323570,1.382144,0.296749,AUT,1140802.051306,0.014261,0.011654,0.011700,0.070207,0.001139,neutron,pi+,solid
25,11.0,0.104946,0.652583,0.323628,1.413657,0.295831,AUT,1071929.447197,0.014726,0.012029,0.012050,0.070207,0.001144,neutron,pi+,solid
26,11.0,0.107939,0.648644,0.323715,1.445213,0.294685,AUT,1102199.351169,0.014392,0.011774,0.011798,0.070207,0.001149,neutron,pi+,solid
27,11.0,0.110988,0.644608,0.323739,1.476776,0.293851,AUT,1029348.740363,0.014862,0.012133,0.012249,0.070207,0.001154,neutron,pi+,solid
28,11.0,0.114090,0.640454,0.323732,1.508283,0.293080,AUT,1062589.046747,0.014556,0.011987,0.012011,0.070207,0.001159,neutron,pi+,solid
29,11.0,0.117338,0.636806,0.323892,1.542369,0.292554,AUT,1045789.139949,0.014601,0.012067,0.012071,0.070207,0.001164,neutron,pi+,solid
30,11.0,0.120685,0.632947,0.323796,1.576778,0.292555,AUT,1013847.677757,0.014653,0.012160,0.012189,0.070207,0.001170,neutron,pi+,solid
31,11.0,0.124129,0.629408,0.323840,1.612698,0.291561,AUT,988737.757940,0.014802,0.012316,0.012329,0.070207,0.001176,neutron,pi+,solid
32,11.0,0.127626,0.624408,0.323794,1.644933,0.291264,AUT,920193.116751,0.015205,0.012681,0.012747,0.070207,0.001182,neutron,pi+,solid
33,11.0,0.131159,0.614682,0.323851,1.664121,0.290910,AUT,855838.890872,0.015278,0.012995,0.012970,0.070207,0.001188,neutron,pi+,solid
34,11.0,0.135041,0.604136,0.323827,1.683946,0.290691,AUT,870459.955687,0.014752,0.012695,0.012708,0.070207,0.001195,neutron,pi+,solid
35,11.0,0.139437,0.590491,0.323813,1.699455,0.290587,AUT,802542.215477,0.014726,0.012970,0.013010,0.070207,0.001203,neutron,pi+,solid
36,11.0,0.144299,0.574450,0.323683,1.710917,0.290994,AUT,747207.511078,0.014559,0.013213,0.013287,0.070207,0.001212,neutron,pi+,solid
37,11.0,0.149860,0.556582,0.323360,1.721518,0.292851,AUT,671453.219174,0.014654,0.013794,0.013862,0.070207,0.001222,neutron,pi+,solid
38,11.0,0.156312,0.532605,0.322883,1.718181,0.300735,AUT,580381.167348,0.014784,0.014882,0.014978,0.070207,0.001233,neutron,pi+,solid
39,11.0,0.164104,0.503998,0.321988,1.706752,0.316440,AUT,511075.918521,0.014925,0.016757,0.016872,0.070207,0.001247,neutron,pi+,solid
40,11.0,0.174176,0.466388,0.320619,1.676037,0.344405,AUT,452693.549758,0.015735,0.022593,0.022698,0.070207,0.001265,neutron,pi+,solid
41,11.0,0.187574,0.431389,0.319324,1.669512,0.364732,AUT,455965.935499,0.016501,0.031926,0.031924,0.070207,0.001289,neutron,pi+,solid
42,11.0,0.206000,0.401282,0.318855,1.705160,0.368386,AUT,511925.926488,0.015434,0.032281,0.032292,0.070207,0.001323,neutron,pi+,solid
43,11.0,0.233986,0.363308,0.318998,1.752059,0.368436,AUT,621398.084372,0.016078,0.031878,0.031898,0.070207,0.001374,neutron,pi+,solid
44,11.0,0.271704,0.325666,0.319687,1.824394,0.368692,AUT,425105.932276,0.027921,0.045497,0.045888,0.070207,0.001440,neutron,pi+,solid
45,11.0,0.061244,0.831095,0.322363,1.049786,0.501926,AUT,1417955.423947,0.007558,0.009311,0.009327,0.070207,0.001078,neutron,pi+,solid
46,11.0,0.066934,0.791195,0.323171,1.092927,0.496299,AUT,1377711.245921,0.007701,0.009009,0.009011,0.070207,0.001087,neutron,pi+,solid
47,11.0,0.070993,0.766495,0.323474,1.123116,0.492937,AUT,1337264.516638,0.007880,0.008859,0.008854,0.070207,0.001093,neutron,pi+,solid
48,11.0,0.074617,0.748530,0.323633,1.152801,0.491616,AUT,1425929.544350,0.007688,0.008422,0.008430,0.070207,0.001098,neutron,pi+,solid
49,11.0,0.078005,0.732684,0.323736,1.179667,0.490786,AUT,1321234.750019,0.008088,0.008603,0.008611,0.070207,0.001103,neutron,pi+,solid
50,11.0,0.081254,0.718613,0.323744,1.205209,0.490979,AUT,1377324.608652,0.008055,0.008348,0.008355,0.070207,0.001108,neutron,pi+,solid
51,11.0,0.084593,0.705552,0.323812,1.231950,0.490707,AUT,1421633.079730,0.008022,0.008163,0.008169,0.070207,0.001113,neutron,pi+,solid
52,11.0,0.087990,0.697965,0.323705,1.267655,0.490125,AUT,1380019.250423,0.008269,0.008282,0.008282,0.070207,0.001118,neutron,pi+,solid
53,11.0,0.091495,0.689487,0.323800,1.302133,0.489982,AUT,1406120.446622,0.008302,0.008207,0.008226,0.070207,0.001123,neutron,pi+,solid
54,11.0,0.095236,0.680344,0.323858,1.337406,0.489837,AUT,1469462.189539,0.008240,0.008054,0.008059,0.070207,0.001129,neutron,pi+,solid
55,11.0,0.099237,0.671541,0.323899,1.375557,0.489582,AUT,1476386.197956,0.008366,0.008089,0.008091,0.070207,0.001135,neutron,pi+,solid
56,11.0,0.103484,0.661556,0.323895,1.413092,0.489260,AUT,1505874.274886,0.008471,0.008120,0.008117,0.070207,0.001142,neutron,pi+,solid
57,11.0,0.108023,0.651489,0.323907,1.452601,0.488722,AUT,1506727.024020,0.008591,0.008201,0.008217,0.070207,0.001149,neutron,pi+,solid
58,11.0,0.112932,0.639592,0.323861,1.490870,0.488365,AUT,1540042.949291,0.008670,0.008258,0.008271,0.070207,0.001157,neutron,pi+,solid
59,11.0,0.118124,0.628742,0.323902,1.532948,0.488696,AUT,1497692.645996,0.008953,0.008554,0.008575,0.070207,0.001166,neutron,pi+,solid
60,11.0,0.123665,0.616862,0.323919,1.574529,0.487911,AUT,1527660.199605,0.009131,0.008774,0.008772,0.070207,0.001175,neutron,pi+,solid
61,11.0,0.129819,0.597733,0.324006,1.601497,0.487938,AUT,1569843.766671,0.009338,0.009103,0.009120,0.070207,0.001186,neutron,pi+,solid
62,11.0,0.137316,0.570659,0.323941,1.617132,0.487440,AUT,1698657.242627,0.009298,0.009409,0.009409,0.070207,0.001199,neutron,pi+,solid
63,11.0,0.146807,0.542784,0.324137,1.644325,0.484943,AUT,1760890.090856,0.008929,0.009574,0.009566,0.070207,0.001216,neutron,pi+,solid
64,11.0,0.159279,0.510043,0.324524,1.676043,0.480710,AUT,1910343.671637,0.008065,0.009308,0.009328,0.070207,0.001238,neutron,pi+,solid
65,11.0,0.176401,0.470997,0.324800,1.713550,0.474972,AUT,1884503.108184,0.007806,0.009745,0.009778,0.070207,0.001270,neutron,pi+,solid
66,11.0,0.202230,0.421643,0.325395,1.756794,0.468627,AUT,1882118.310827,0.008164,0.010449,0.010484,0.070207,0.001318,neutron,pi+,solid
67,11.0,0.249976,0.354206,0.326083,1.817841,0.462245,AUT,1623361.177013,0.012151,0.013299,0.013466,0.070207,0.001403,neutron,pi+,solid
68,11.0,0.065032,0.811530,0.325864,1.087148,0.668887,AUT,1375116.720863,0.007861,0.009862,0.009858,0.070207,0.001084,neutron,pi+,solid
69,11.0,0.077448,0.749054,0.326511,1.196546,0.664658,AUT,1420076.223235,0.007806,0.009117,0.009113,0.070207,0.001102,neutron,pi+,solid
70,11.0,0.089790,0.713541,0.326802,1.321874,0.663481,AUT,1338280.716752,0.008074,0.009237,0.009245,0.070207,0.001121,neutron,pi+,solid
71,11.0,0.104311,0.685709,0.327001,1.475657,0.662365,AUT,1354238.536876,0.008201,0.009139,0.009141,0.070207,0.001144,neutron,pi+,solid
72,11.0,0.123088,0.648883,0.327154,1.646728,0.660899,AUT,1306354.282294,0.008772,0.009425,0.009445,0.070207,0.001175,neutron,pi+,solid
73,11.0,0.159161,0.533461,0.327733,1.731276,0.656504,AUT,1187035.952277,0.014033,0.013075,0.013194,0.070207,0.001239,neutron,pi+,solid
74,11.0,0.234499,0.382862,0.331199,1.842484,0.636287,AUT,155223.755462,0.483214,0.267228,0.248472,0.070207,0.001378,neutron,pi+,solid
75,11.0,0.098684,0.602540,0.372980,1.224222,0.153458,AUT,2681407.904800,0.012306,0.009080,0.009183,0.070207,0.001139,neutron,pi+,solid
76,11.0,0.120641,0.570691,0.373523,1.420598,0.136117,AUT,2396208.860547,0.009292,0.007809,0.007853,0.070207,0.001176,neutron,pi+,solid
77,11.0,0.134695,0.548364,0.373593,1.524160,0.126271,AUT,2385997.286962,0.008130,0.007299,0.007315,0.070207,0.001201,neutron,pi+,solid
78,11.0,0.146978,0.525075,0.373905,1.592527,0.117337,AUT,2317774.943763,0.007626,0.007138,0.007153,0.070207,0.001224,neutron,pi+,solid
79,11.0,0.159110,0.500173,0.374049,1.642239,0.108180,AUT,2282055.923993,0.007323,0.007074,0.007102,0.070207,0.001247,neutron,pi+,solid
80,11.0,0.172120,0.475635,0.374273,1.689266,0.099229,AUT,2239048.843312,0.007326,0.007190,0.007198,0.070207,0.001271,neutron,pi+,solid
81,11.0,0.186834,0.447978,0.374354,1.726880,0.089073,AUT,2134863.440412,0.007495,0.007441,0.007449,0.070207,0.001299,neutron,pi+,solid
82,11.0,0.205748,0.414812,0.374384,1.760240,0.080204,AUT,2097346.502316,0.007667,0.007665,0.007704,0.070207,0.001335,neutron,pi+,solid
83,11.0,0.235371,0.370339,0.374597,1.795716,0.085788,AUT,2066064.134087,0.008235,0.008179,0.008172,0.070207,0.001390,neutron,pi+,solid
84,11.0,0.275009,0.326690,0.374257,1.852695,0.113426,AUT,856253.178371,0.020085,0.016614,0.016906,0.070207,0.001462,neutron,pi+,solid
85,11.0,0.069858,0.757811,0.372637,1.089948,0.326984,AUT,1636794.981761,0.033640,0.020428,0.020524,0.070207,0.001095,neutron,pi+,solid
86,11.0,0.079160,0.702753,0.373232,1.147951,0.310023,AUT,1413127.762446,0.026293,0.017050,0.017092,0.070207,0.001109,neutron,pi+,solid
87,11.0,0.084778,0.678952,0.373456,1.188045,0.306432,AUT,1362847.062753,0.024101,0.016077,0.016011,0.070207,0.001118,neutron,pi+,solid
88,11.0,0.089557,0.669481,0.373578,1.237559,0.304116,AUT,1242575.409206,0.024826,0.016624,0.016634,0.070207,0.001125,neutron,pi+,solid
89,11.0,0.094109,0.661246,0.373688,1.284482,0.301691,AUT,1303602.625558,0.023538,0.015922,0.015897,0.070207,0.001132,neutron,pi+,solid
90,11.0,0.098601,0.654697,0.373798,1.332471,0.298689,AUT,1253033.108819,0.023555,0.016102,0.016026,0.070207,0.001139,neutron,pi+,solid
91,11.0,0.102950,0.648042,0.373925,1.377097,0.296416,AUT,1203095.665541,0.023737,0.016234,0.016288,0.070207,0.001146,neutron,pi+,solid
92,11.0,0.107291,0.642788,0.373917,1.423537,0.293919,AUT,1189591.145300,0.023200,0.016040,0.016068,0.070207,0.001154,neutron,pi+,solid
93,11.0,0.111784,0.637051,0.374049,1.469910,0.291137,AUT,1197942.193691,0.022944,0.015941,0.015975,0.070207,0.001161,neutron,pi+,solid
94,11.0,0.116290,0.632217,0.374077,1.517591,0.288765,AUT,1092963.310722,0.023677,0.016520,0.016598,0.070207,0.001169,neutron,pi+,solid
95,11.0,0.120874,0.627936,0.374209,1.566709,0.286965,AUT,1132405.472810,0.022990,0.016169,0.016225,0.070207,0.001177,neutron,pi+,solid
96,11.0,0.125760,0.622361,0.374200,1.615558,0.284766,AUT,1091105.994911,0.022691,0.016154,0.016205,0.070207,0.001186,neutron,pi+,solid
97,11.0,0.130744,0.613333,0.374386,1.655174,0.282594,AUT,974831.815499,0.023161,0.016743,0.016797,0.070207,0.001195,neutron,pi+,solid
98,11.0,0.135969,0.601418,0.374443,1.687868,0.279958,AUT,908841.076760,0.023195,0.016966,0.017085,0.070207,0.001204,neutron,pi+,solid
99,11.0,0.141694,0.589515,0.374632,1.724098,0.276419,AUT,799039.832118,0.023529,0.017529,0.017715,0.070207,0.001215,neutron,pi+,solid
100,11.0,0.148185,0.574656,0.374859,1.757564,0.271606,AUT,721294.957446,0.023186,0.017805,0.017962,0.070207,0.001227,neutron,pi+,solid
101,11.0,0.156106,0.554786,0.374978,1.787352,0.264968,AUT,575466.798614,0.023429,0.018868,0.019000,0.070207,0.001242,neutron,pi+,solid
102,11.0,0.165887,0.528893,0.374596,1.810453,0.262411,AUT,379694.631141,0.024916,0.021829,0.022018,0.070207,0.001261,neutron,pi+,solid
103,11.0,0.178479,0.485420,0.373080,1.786704,0.285783,AUT,197877.527422,0.027476,0.030143,0.030241,0.070207,0.001284,neutron,pi+,solid
104,11.0,0.198502,0.411658,0.367297,1.684399,0.363185,AUT,106855.912867,0.033847,0.073468,0.073277,0.070207,0.001320,neutron,pi+,solid
105,11.0,0.231500,0.360792,0.365492,1.720396,0.381503,AUT,111856.144029,0.042900,0.087871,0.087306,0.070207,0.001380,neutron,pi+,solid
106,11.0,0.276243,0.320070,0.369510,1.823671,0.336595,AUT,75507.555904,0.075752,0.075946,0.075302,0.070207,0.001463,neutron,pi+,solid
107,11.0,0.063013,0.816763,0.373015,1.060975,0.508207,AUT,1300689.114232,0.008206,0.009803,0.009777,0.070207,0.001084,neutron,pi+,solid
108,11.0,0.070395,0.765674,0.373078,1.112240,0.503758,AUT,1351550.616664,0.008016,0.009048,0.009052,0.070207,0.001096,neutron,pi+,solid
109,11.0,0.075581,0.737740,0.373418,1.150807,0.499339,AUT,1279074.381806,0.008205,0.008960,0.008957,0.070207,0.001103,neutron,pi+,solid
110,11.0,0.080120,0.717297,0.373400,1.186144,0.497204,AUT,1279537.887210,0.008180,0.008709,0.008732,0.070207,0.001110,neutron,pi+,solid
111,11.0,0.084391,0.701127,0.373554,1.221271,0.497482,AUT,1242549.183939,0.008357,0.008690,0.008696,0.070207,0.001117,neutron,pi+,solid
112,11.0,0.088783,0.691551,0.373535,1.267309,0.497424,AUT,1320875.515948,0.008133,0.008346,0.008363,0.070207,0.001124,neutron,pi+,solid
113,11.0,0.093432,0.681542,0.373487,1.314342,0.497114,AUT,1297222.152892,0.008286,0.008394,0.008374,0.070207,0.001131,neutron,pi+,solid
114,11.0,0.098324,0.670934,0.373410,1.361633,0.497571,AUT,1318641.032740,0.008314,0.008333,0.008330,0.070207,0.001139,neutron,pi+,solid
115,11.0,0.103469,0.660410,0.373393,1.410415,0.497550,AUT,1266650.886102,0.008581,0.008535,0.008557,0.070207,0.001147,neutron,pi+,solid
116,11.0,0.108860,0.648585,0.373422,1.457303,0.498324,AUT,1278568.326805,0.008655,0.008576,0.008595,0.070207,0.001156,neutron,pi+,solid
117,11.0,0.114751,0.635142,0.373430,1.504308,0.498852,AUT,1290520.184617,0.008815,0.008719,0.008726,0.070207,0.001166,neutron,pi+,solid
118,11.0,0.121207,0.620014,0.373325,1.551065,0.498837,AUT,1307944.598539,0.008976,0.008927,0.008957,0.070207,0.001178,neutron,pi+,solid
119,11.0,0.128505,0.598672,0.373192,1.587622,0.499629,AUT,1393460.410410,0.009097,0.009209,0.009219,0.070207,0.001190,neutron,pi+,solid
120,11.0,0.137597,0.562170,0.373103,1.596032,0.501811,AUT,1462525.865669,0.010038,0.010711,0.010754,0.070207,0.001207,neutron,pi+,solid
121,11.0,0.149693,0.524291,0.373035,1.619119,0.503510,AUT,1562472.427729,0.011094,0.013287,0.013324,0.070207,0.001229,neutron,pi+,solid
122,11.0,0.167274,0.482496,0.373204,1.664267,0.499899,AUT,1869665.976424,0.009104,0.012859,0.012826,0.070207,0.001262,neutron,pi+,solid
123,11.0,0.196842,0.426244,0.373570,1.727248,0.492304,AUT,2190331.985722,0.007473,0.012919,0.012877,0.070207,0.001318,neutron,pi+,solid
124,11.0,0.249807,0.352824,0.373981,1.809259,0.480537,AUT,1668889.679881,0.011430,0.017612,0.017586,0.070207,0.001415,neutron,pi+,solid
125,11.0,0.064567,0.812159,0.374506,1.080413,0.680807,AUT,1309316.693529,0.007963,0.009803,0.009807,0.070207,0.001087,neutron,pi+,solid
126,11.0,0.075618,0.749541,0.374819,1.169129,0.677830,AUT,1390639.103258,0.008125,0.008956,0.008976,0.070207,0.001104,neutron,pi+,solid
127,11.0,0.085613,0.708698,0.375184,1.251952,0.675388,AUT,1392050.550178,0.008305,0.008634,0.008647,0.070207,0.001119,neutron,pi+,solid
128,11.0,0.096747,0.683306,0.375275,1.364037,0.674776,AUT,1447513.300110,0.008311,0.008385,0.008400,0.070207,0.001136,neutron,pi+,solid
129,11.0,0.110226,0.656502,0.375416,1.492984,0.674096,AUT,1449272.542593,0.008370,0.008319,0.008331,0.070207,0.001159,neutron,pi+,solid
130,11.0,0.127391,0.620296,0.375537,1.629349,0.672799,AUT,1473530.465249,0.008286,0.008259,0.008265,0.070207,0.001189,neutron,pi+,solid
131,11.0,0.154723,0.538307,0.376308,1.711391,0.667394,AUT,1328237.447406,0.009192,0.009082,0.009077,0.070207,0.001239,neutron,pi+,solid
132,11.0,0.211095,0.412759,0.376035,1.778505,0.664706,AUT,647840.025051,0.026151,0.020376,0.020943,0.070207,0.001344,neutron,pi+,solid
133,11.0,0.097116,0.715124,0.378819,1.384911,0.856915,AUT,1157210.398483,0.009586,0.012111,0.012142,0.070207,0.001138,neutron,pi+,solid
134,11.0,0.107439,0.581072,0.423071,1.284741,0.147945,AUT,2761729.981960,0.009539,0.007707,0.007718,0.070207,0.001158,neutron,pi+,solid
135,11.0,0.134231,0.543806,0.423567,1.505692,0.127502,AUT,2647726.213073,0.007305,0.006709,0.006753,0.070207,0.001206,neutron,pi+,solid
136,11.0,0.152298,0.510780,0.423837,1.604703,0.115632,AUT,2517991.786239,0.007004,0.006758,0.006743,0.070207,0.001240,neutron,pi+,solid
137,11.0,0.169609,0.477497,0.424089,1.670701,0.105767,AUT,2471379.034039,0.006951,0.006836,0.006853,0.070207,0.001274,neutron,pi+,solid
138,11.0,0.189193,0.442957,0.424351,1.728426,0.096054,AUT,2400134.898942,0.007137,0.007085,0.007108,0.070207,0.001312,neutron,pi+,solid
139,11.0,0.216750,0.397291,0.424382,1.774216,0.090853,AUT,2335273.404086,0.007460,0.007456,0.007468,0.070207,0.001365,neutron,pi+,solid
140,11.0,0.259740,0.342264,0.424082,1.829441,0.113072,AUT,1476100.018298,0.011765,0.010881,0.010888,0.070207,0.001445,neutron,pi+,solid
141,11.0,0.074547,0.723191,0.422631,1.109565,0.327308,AUT,1699350.610631,0.033544,0.020742,0.020480,0.070207,0.001105,neutron,pi+,solid
142,11.0,0.085853,0.670488,0.423451,1.187934,0.309639,AUT,1535997.169637,0.029424,0.018781,0.018733,0.070207,0.001123,neutron,pi+,solid
143,11.0,0.093531,0.655015,0.423530,1.264458,0.305746,AUT,1470712.973124,0.028153,0.018176,0.018285,0.070207,0.001135,neutron,pi+,solid
144,11.0,0.100402,0.643944,0.423725,1.334465,0.302277,AUT,1394714.126510,0.027455,0.018023,0.018061,0.070207,0.001146,neutron,pi+,solid
145,11.0,0.107001,0.633939,0.423872,1.400069,0.298470,AUT,1400686.141506,0.026228,0.017483,0.017450,0.070207,0.001158,neutron,pi+,solid
146,11.0,0.113537,0.625140,0.424010,1.465023,0.294576,AUT,1327763.535419,0.025899,0.017434,0.017502,0.070207,0.001169,neutron,pi+,solid
147,11.0,0.120013,0.618163,0.424101,1.531302,0.290956,AUT,1278259.528364,0.025099,0.017189,0.017200,0.070207,0.001181,neutron,pi+,solid
148,11.0,0.126552,0.611437,0.424288,1.597163,0.287434,AUT,1198611.741152,0.024889,0.017283,0.017319,0.070207,0.001193,neutron,pi+,solid
149,11.0,0.133291,0.597455,0.424479,1.643664,0.283291,AUT,1104964.003588,0.024524,0.017383,0.017397,0.070207,0.001205,neutron,pi+,solid
150,11.0,0.140605,0.582721,0.424573,1.691076,0.278620,AUT,988512.619836,0.024394,0.017624,0.017709,0.070207,0.001219,neutron,pi+,solid
151,11.0,0.148860,0.567445,0.424740,1.743373,0.272352,AUT,853467.930110,0.024325,0.018172,0.018142,0.070207,0.001235,neutron,pi+,solid
152,11.0,0.158814,0.548079,0.425235,1.796300,0.261052,AUT,650555.585799,0.024722,0.019227,0.019456,0.070207,0.001255,neutron,pi+,solid
153,11.0,0.171608,0.522835,0.425744,1.851230,0.243218,AUT,373617.828647,0.026825,0.022875,0.022953,0.070207,0.001280,neutron,pi+,solid
154,11.0,0.188239,0.486807,0.426535,1.889561,0.232978,AUT,86449.957662,0.040124,0.042333,0.042594,0.070207,0.001312,neutron,pi+,solid
155,11.0,0.242273,0.352342,0.430171,1.756406,0.233844,AUT,30557.118003,0.130727,0.099165,0.101060,0.070207,0.001414,neutron,pi+,solid
156,11.0,0.280306,0.321999,0.428713,1.861425,0.219799,AUT,78161.955842,0.270540,0.160282,0.160767,0.070207,0.001484,neutron,pi+,solid
157,11.0,0.065519,0.797114,0.422830,1.075775,0.507088,AUT,1242468.186746,0.009974,0.010655,0.010709,0.070207,0.001091,neutron,pi+,solid
158,11.0,0.074638,0.737792,0.423209,1.136255,0.505267,AUT,1216457.453646,0.009606,0.009960,0.009955,0.070207,0.001105,neutron,pi+,solid
159,11.0,0.081045,0.706778,0.423449,1.182134,0.501498,AUT,1213704.414850,0.009304,0.009496,0.009533,0.070207,0.001115,neutron,pi+,solid
160,11.0,0.086929,0.689757,0.423493,1.237594,0.500109,AUT,1200523.643976,0.009181,0.009275,0.009321,0.070207,0.001124,neutron,pi+,solid
161,11.0,0.092815,0.679801,0.423618,1.302300,0.499735,AUT,1143968.073285,0.009352,0.009393,0.009413,0.070207,0.001134,neutron,pi+,solid
162,11.0,0.098808,0.669488,0.423552,1.365371,0.500539,AUT,1097265.408785,0.009500,0.009466,0.009463,0.070207,0.001144,neutron,pi+,solid
163,11.0,0.105297,0.659268,0.423337,1.432796,0.501302,AUT,1130655.753389,0.009320,0.009245,0.009299,0.070207,0.001155,neutron,pi+,solid
164,11.0,0.112431,0.646282,0.423390,1.499681,0.502661,AUT,1083872.072296,0.009526,0.009440,0.009437,0.070207,0.001167,neutron,pi+,solid
165,11.0,0.120160,0.630538,0.423361,1.563732,0.503834,AUT,1064179.112125,0.009619,0.009560,0.009614,0.070207,0.001181,neutron,pi+,solid
166,11.0,0.128637,0.607023,0.423146,1.611303,0.506374,AUT,1014437.913476,0.009907,0.010052,0.010035,0.070207,0.001197,neutron,pi+,solid
167,11.0,0.139005,0.562493,0.422736,1.612867,0.511950,AUT,1014333.743828,0.010290,0.011125,0.011196,0.070207,0.001216,neutron,pi+,solid
168,11.0,0.154540,0.505403,0.422190,1.610363,0.523563,AUT,1127866.573794,0.011895,0.015808,0.015806,0.070207,0.001244,neutron,pi+,solid
169,11.0,0.181611,0.447461,0.422272,1.673295,0.523786,AUT,1512747.646597,0.009441,0.016513,0.016473,0.070207,0.001297,neutron,pi+,solid
170,11.0,0.237715,0.365390,0.422487,1.777508,0.517253,AUT,1674513.080404,0.010385,0.018489,0.018371,0.070207,0.001403,neutron,pi+,solid
171,11.0,0.065788,0.802406,0.424152,1.087219,0.687135,AUT,1367937.012671,0.007787,0.009094,0.009118,0.070207,0.001091,neutron,pi+,solid
172,11.0,0.077614,0.737869,0.424492,1.181208,0.685238,AUT,1357344.663048,0.008298,0.008639,0.008632,0.070207,0.001110,neutron,pi+,solid
173,11.0,0.088343,0.696752,0.424484,1.269995,0.684441,AUT,1436300.502444,0.008526,0.008334,0.008338,0.070207,0.001127,neutron,pi+,solid
174,11.0,0.100642,0.666867,0.424526,1.384637,0.682739,AUT,1491392.921321,0.008900,0.008368,0.008372,0.070207,0.001147,neutron,pi+,solid
175,11.0,0.115892,0.633033,0.424783,1.513307,0.682056,AUT,1543648.693221,0.009253,0.008626,0.008642,0.070207,0.001174,neutron,pi+,solid
176,11.0,0.136983,0.578725,0.424944,1.632800,0.679142,AUT,1671602.103968,0.008966,0.008846,0.008866,0.070207,0.001212,neutron,pi+,solid
177,11.0,0.178112,0.475983,0.425975,1.733132,0.670168,AUT,1566932.865601,0.008579,0.009413,0.009473,0.070207,0.001290,neutron,pi+,solid
178,11.0,0.243810,0.366916,0.426071,1.842478,0.654935,AUT,183003.526791,0.040580,0.036950,0.037493,0.070207,0.001417,neutron,pi+,solid
179,11.0,0.082377,0.744626,0.426526,1.252469,0.867461,AUT,1418730.470890,0.007857,0.009180,0.009170,0.070207,0.001117,neutron,pi+,solid
180,11.0,0.139286,0.595641,0.427245,1.672828,0.862129,AUT,754580.881879,0.013301,0.014165,0.014265,0.070207,0.001216,neutron,pi+,solid
181,11.0,0.116806,0.561902,0.473292,1.349609,0.141578,AUT,2880743.936995,0.007762,0.006757,0.006791,0.070207,0.001179,neutron,pi+,solid
182,11.0,0.148693,0.514857,0.473770,1.578271,0.119729,AUT,2719284.648262,0.006650,0.006436,0.006453,0.070207,0.001239,neutron,pi+,solid
183,11.0,0.172886,0.469358,0.473954,1.673143,0.108423,AUT,2652434.219292,0.006715,0.006636,0.006652,0.070207,0.001287,neutron,pi+,solid
184,11.0,0.201970,0.420165,0.474260,1.748066,0.100505,AUT,2672988.139490,0.006898,0.006882,0.006863,0.070207,0.001345,neutron,pi+,solid
185,11.0,0.248573,0.355305,0.474126,1.814299,0.112940,AUT,1814451.738893,0.009630,0.009287,0.009308,0.070207,0.001434,neutron,pi+,solid
186,11.0,0.079917,0.686882,0.472968,1.129417,0.323213,AUT,1833926.481562,0.027911,0.017651,0.017628,0.070207,0.001116,neutron,pi+,solid
187,11.0,0.094247,0.647277,0.473610,1.258907,0.309011,AUT,1639684.400304,0.024905,0.016434,0.016433,0.070207,0.001140,neutron,pi+,solid
188,11.0,0.104680,0.630054,0.473705,1.361178,0.304442,AUT,1558903.324871,0.023627,0.015959,0.015955,0.070207,0.001158,neutron,pi+,solid
189,11.0,0.114278,0.616379,0.473935,1.453777,0.299277,AUT,1498320.271422,0.022581,0.015502,0.015588,0.070207,0.001175,neutron,pi+,solid
190,11.0,0.123502,0.605314,0.474010,1.542994,0.293906,AUT,1388989.169687,0.021930,0.015432,0.015458,0.070207,0.001192,neutron,pi+,solid
191,11.0,0.132721,0.589366,0.474344,1.614309,0.287894,AUT,1288761.871769,0.021040,0.015158,0.015289,0.070207,0.001210,neutron,pi+,solid
192,11.0,0.142688,0.569022,0.474384,1.675579,0.281695,AUT,1141450.166880,0.020575,0.015306,0.015444,0.070207,0.001229,neutron,pi+,solid
193,11.0,0.154305,0.548062,0.474796,1.745119,0.273132,AUT,937420.649883,0.020088,0.015720,0.015796,0.070207,0.001252,neutron,pi+,solid
194,11.0,0.169092,0.521350,0.475459,1.818693,0.255010,AUT,590768.187906,0.020843,0.017703,0.017863,0.070207,0.001282,neutron,pi+,solid
195,11.0,0.188628,0.483544,0.476748,1.880034,0.229610,AUT,157220.250077,0.029486,0.029545,0.029894,0.070207,0.001321,neutron,pi+,solid
196,11.0,0.263786,0.335742,0.477287,1.820200,0.224710,AUT,228503.399228,0.082982,0.054356,0.054564,0.070207,0.001463,neutron,pi+,solid
197,11.0,0.308961,0.311291,0.473177,1.985271,0.239526,AUT,1606.380404,1.746130,1.264184,0.817888,0.070207,0.001549,neutron,pi+,solid
198,11.0,0.068641,0.775508,0.473612,1.095630,0.504233,AUT,1240921.483849,0.015211,0.012368,0.012444,0.070207,0.001098,neutron,pi+,solid
199,11.0,0.079842,0.708657,0.473636,1.167296,0.500210,AUT,1173539.486788,0.012753,0.011269,0.011302,0.070207,0.001116,neutron,pi+,solid
200,11.0,0.087805,0.683327,0.473723,1.238307,0.497504,AUT,1109696.758205,0.012377,0.011073,0.011052,0.070207,0.001129,neutron,pi+,solid
201,11.0,0.095732,0.670276,0.473815,1.324397,0.495263,AUT,1112030.183223,0.012055,0.010839,0.010853,0.070207,0.001142,neutron,pi+,solid
202,11.0,0.103901,0.661214,0.473876,1.417957,0.495982,AUT,986794.718730,0.012483,0.011254,0.011274,0.070207,0.001156,neutron,pi+,solid
203,11.0,0.112480,0.650790,0.473779,1.510844,0.497268,AUT,921836.340976,0.012566,0.011442,0.011455,0.070207,0.001172,neutron,pi+,solid
204,11.0,0.122092,0.637519,0.473704,1.606452,0.499095,AUT,890248.069485,0.012492,0.011504,0.011510,0.070207,0.001190,neutron,pi+,solid
205,11.0,0.133108,0.606921,0.473477,1.666520,0.502866,AUT,786091.834182,0.012570,0.011966,0.012055,0.070207,0.001211,neutron,pi+,solid
206,11.0,0.148154,0.538561,0.472558,1.643999,0.518133,AUT,673123.236003,0.012583,0.013952,0.014013,0.070207,0.001239,neutron,pi+,solid
207,11.0,0.177200,0.449690,0.471113,1.639944,0.544952,AUT,752230.351467,0.013210,0.023688,0.023711,0.070207,0.001295,neutron,pi+,solid
208,11.0,0.233248,0.368117,0.470600,1.758226,0.544520,AUT,815722.565644,0.014910,0.026437,0.026493,0.070207,0.001403,neutron,pi+,solid
209,11.0,0.067709,0.786908,0.473863,1.096644,0.691899,AUT,1328419.899071,0.007959,0.009037,0.009023,0.070207,0.001096,neutron,pi+,solid
210,11.0,0.081191,0.719399,0.474102,1.204623,0.688650,AUT,1374204.589181,0.008106,0.008311,0.008324,0.070207,0.001118,neutron,pi+,solid
211,11.0,0.093981,0.681418,0.474125,1.321163,0.688409,AUT,1422006.306580,0.008500,0.008255,0.008265,0.070207,0.001139,neutron,pi+,solid
212,11.0,0.109486,0.644235,0.474191,1.454656,0.687472,AUT,1513822.361036,0.009006,0.008518,0.008537,0.070207,0.001166,neutron,pi+,solid
213,11.0,0.130611,0.586719,0.474188,1.578160,0.687469,AUT,1649023.538563,0.010225,0.010147,0.010140,0.070207,0.001205,neutron,pi+,solid
214,11.0,0.174422,0.477520,0.474920,1.700617,0.678450,AUT,2108965.309420,0.007930,0.010504,0.010503,0.070207,0.001290,neutron,pi+,solid
215,11.0,0.240876,0.370214,0.475681,1.837594,0.650676,AUT,270306.535201,0.027520,0.045698,0.045783,0.070207,0.001421,neutron,pi+,solid
216,11.0,0.078150,0.746863,0.475471,1.194340,0.875560,AUT,1421486.118099,0.007983,0.008845,0.008839,0.070207,0.001113,neutron,pi+,solid
217,11.0,0.125616,0.620773,0.476061,1.585355,0.871501,AUT,1377140.083464,0.008493,0.008669,0.008678,0.070207,0.001196,neutron,pi+,solid
218,11.0,0.196939,0.446348,0.475391,1.810787,0.858426,AUT,77569.181522,0.076503,0.059043,0.061215,0.070207,0.001336,neutron,pi+,solid
219,11.0,0.096158,0.717771,0.478431,1.380370,1.068298,AUT,392535.402614,0.015894,0.020318,0.020419,0.070207,0.001144,neutron,pi+,solid
220,11.0,0.127013,0.542698,0.523513,1.415721,0.135047,AUT,3062875.271579,0.006670,0.006185,0.006201,0.070207,0.001203,neutron,pi+,solid
221,11.0,0.166216,0.479601,0.523975,1.642152,0.114114,AUT,2852899.880678,0.006435,0.006369,0.006378,0.070207,0.001281,neutron,pi+,solid
222,11.0,0.204825,0.415574,0.524230,1.750443,0.107088,AUT,2896770.523480,0.006686,0.006674,0.006680,0.070207,0.001359,neutron,pi+,solid
223,11.0,0.257298,0.345096,0.523648,1.827132,0.122914,AUT,939953.760279,0.014182,0.013406,0.013424,0.070207,0.001462,neutron,pi+,solid
224,11.0,0.085409,0.660288,0.523090,1.160541,0.319681,AUT,1896782.776663,0.023646,0.015438,0.015474,0.070207,0.001128,neutron,pi+,solid
225,11.0,0.103827,0.624757,0.523611,1.338350,0.307414,AUT,1748312.977038,0.020441,0.014083,0.014131,0.070207,0.001160,neutron,pi+,solid
226,11.0,0.117964,0.604372,0.523843,1.471268,0.301570,AUT,1630185.006381,0.019061,0.013655,0.013596,0.070207,0.001186,neutron,pi+,solid
227,11.0,0.130973,0.584469,0.524145,1.579525,0.293238,AUT,1507008.573466,0.018018,0.013316,0.013386,0.070207,0.001212,neutron,pi+,solid
228,11.0,0.144649,0.557334,0.524448,1.663412,0.284999,AUT,1293561.307952,0.017291,0.013406,0.013423,0.070207,0.001239,neutron,pi+,solid
229,11.0,0.160929,0.528530,0.524775,1.754715,0.272660,AUT,974228.393353,0.016842,0.013969,0.014040,0.070207,0.001272,neutron,pi+,solid
230,11.0,0.182617,0.488942,0.525735,1.839917,0.244921,AUT,409502.510243,0.019182,0.018446,0.018596,0.070207,0.001317,neutron,pi+,solid
231,11.0,0.256434,0.344550,0.526422,1.810847,0.232192,AUT,360118.949647,0.039847,0.030335,0.029917,0.070207,0.001460,neutron,pi+,solid
232,11.0,0.072007,0.752819,0.523667,1.114626,0.503263,AUT,1298113.389646,0.024431,0.016351,0.016333,0.070207,0.001106,neutron,pi+,solid
233,11.0,0.085544,0.686723,0.523996,1.212107,0.495980,AUT,1153670.229210,0.018551,0.013761,0.013798,0.070207,0.001128,neutron,pi+,solid
234,11.0,0.095913,0.666591,0.524123,1.319504,0.492079,AUT,1087827.147042,0.018250,0.013774,0.013819,0.070207,0.001146,neutron,pi+,solid
235,11.0,0.106425,0.654576,0.524221,1.437844,0.489351,AUT,984728.045755,0.018276,0.014075,0.014056,0.070207,0.001165,neutron,pi+,solid
236,11.0,0.117762,0.647111,0.524237,1.572898,0.489280,AUT,876677.148092,0.018533,0.014514,0.014576,0.070207,0.001187,neutron,pi+,solid
237,11.0,0.130539,0.629636,0.524182,1.695770,0.490012,AUT,746837.756646,0.018617,0.015073,0.015181,0.070207,0.001212,neutron,pi+,solid
238,11.0,0.147065,0.572250,0.523735,1.733599,0.495026,AUT,493837.345324,0.018205,0.016737,0.016870,0.070207,0.001245,neutron,pi+,solid
239,11.0,0.184939,0.433954,0.520067,1.645899,0.555612,AUT,327822.951835,0.019223,0.035815,0.035847,0.070207,0.001317,neutron,pi+,solid
240,11.0,0.238071,0.359122,0.518257,1.761077,0.561816,AUT,138003.827242,0.041485,0.074396,0.074444,0.070207,0.001423,neutron,pi+,solid
241,11.0,0.070548,0.766840,0.523788,1.112354,0.700201,AUT,1336613.977886,0.008073,0.009131,0.009144,0.070207,0.001103,neutron,pi+,solid
242,11.0,0.086174,0.698495,0.524007,1.241560,0.693803,AUT,1278711.253887,0.008332,0.008559,0.008550,0.070207,0.001130,neutron,pi+,solid
243,11.0,0.101841,0.662321,0.523889,1.391147,0.694262,AUT,1300858.955717,0.008605,0.008532,0.008529,0.070207,0.001157,neutron,pi+,solid
244,11.0,0.122396,0.610365,0.523831,1.538958,0.695095,AUT,1414832.631990,0.009046,0.009058,0.009063,0.070207,0.001195,neutron,pi+,solid
245,11.0,0.165453,0.488617,0.523866,1.650756,0.693368,AUT,2020917.733855,0.008931,0.012356,0.012337,0.070207,0.001279,neutron,pi+,solid
246,11.0,0.225315,0.389524,0.522576,1.808244,0.669568,AUT,389658.254176,0.019636,0.036960,0.036575,0.070207,0.001400,neutron,pi+,solid
247,11.0,0.076955,0.746704,0.524826,1.176412,0.883492,AUT,1329566.550707,0.008362,0.008902,0.008913,0.070207,0.001114,neutron,pi+,solid
248,11.0,0.118782,0.625241,0.525331,1.519065,0.878879,AUT,1540583.686920,0.008817,0.008406,0.008425,0.070207,0.001189,neutron,pi+,solid
249,11.0,0.175163,0.491197,0.526175,1.767209,0.864137,AUT,300788.258007,0.019867,0.021423,0.021352,0.070207,0.001301,neutron,pi+,solid
250,11.0,0.096060,0.711748,0.526726,1.374417,1.083994,AUT,702475.783257,0.011447,0.013290,0.013244,0.070207,0.001147,neutron,pi+,solid
251,11.0,0.137080,0.524425,0.573673,1.474022,0.130089,AUT,3173526.931085,0.006189,0.005961,0.005983,0.070207,0.001229,neutron,pi+,solid
252,11.0,0.188316,0.440562,0.574074,1.705334,0.113743,AUT,3062641.396377,0.006413,0.006379,0.006389,0.070207,0.001336,neutron,pi+,solid
253,11.0,0.243426,0.362032,0.573958,1.809721,0.118275,AUT,1253502.972223,0.011182,0.011014,0.010986,0.070207,0.001448,neutron,pi+,solid
254,11.0,0.091569,0.639598,0.573354,1.205242,0.318219,AUT,1990449.302322,0.019833,0.013458,0.013537,0.070207,0.001143,neutron,pi+,solid
255,11.0,0.115309,0.602516,0.573751,1.433153,0.305432,AUT,1819064.924825,0.016837,0.012236,0.012263,0.070207,0.001187,neutron,pi+,solid
256,11.0,0.133649,0.573714,0.574070,1.581628,0.295945,AUT,1579564.461855,0.015729,0.012047,0.012113,0.070207,0.001224,neutron,pi+,solid
257,11.0,0.152688,0.535928,0.574420,1.687737,0.283614,AUT,1305969.050584,0.014693,0.012069,0.012130,0.070207,0.001263,neutron,pi+,solid
258,11.0,0.177260,0.493237,0.575112,1.800962,0.259281,AUT,714094.317264,0.014981,0.014068,0.014132,0.070207,0.001315,neutron,pi+,solid
259,11.0,0.248710,0.355177,0.575232,1.806857,0.237379,AUT,469865.432313,0.025634,0.021798,0.021932,0.070207,0.001457,neutron,pi+,solid
260,11.0,0.076010,0.728164,0.573528,1.137181,0.503701,AUT,1407076.024213,0.032788,0.020402,0.020418,0.070207,0.001116,neutron,pi+,solid
261,11.0,0.092781,0.668371,0.574008,1.279473,0.494200,AUT,1191406.770467,0.027236,0.017991,0.018064,0.070207,0.001145,neutron,pi+,solid
262,11.0,0.106517,0.649337,0.574359,1.427369,0.488294,AUT,1072745.641675,0.026738,0.018090,0.018171,0.070207,0.001171,neutron,pi+,solid
263,11.0,0.121313,0.639372,0.574421,1.600881,0.485227,AUT,924283.158218,0.026848,0.018684,0.018736,0.070207,0.001200,neutron,pi+,solid
264,11.0,0.138530,0.614279,0.574659,1.754979,0.481135,AUT,657562.770679,0.027907,0.020449,0.020513,0.070207,0.001236,neutron,pi+,solid
265,11.0,0.163339,0.530483,0.573595,1.774411,0.493456,AUT,195754.304696,0.032400,0.030280,0.030728,0.070207,0.001286,neutron,pi+,solid
266,11.0,0.217651,0.381109,0.565767,1.708958,0.576222,AUT,32618.361171,0.080578,0.174713,0.173642,0.070207,0.001393,neutron,pi+,solid
267,11.0,0.072882,0.750598,0.573397,1.123775,0.702054,AUT,1179122.892092,0.009474,0.010141,0.010204,0.070207,0.001110,neutron,pi+,solid
268,11.0,0.091251,0.682038,0.573821,1.283660,0.698026,AUT,1165295.856175,0.009003,0.009154,0.009211,0.070207,0.001142,neutron,pi+,solid
269,11.0,0.111404,0.642862,0.573662,1.476358,0.699786,AUT,1144078.278274,0.009183,0.009165,0.009200,0.070207,0.001180,neutron,pi+,solid
270,11.0,0.144138,0.540262,0.573213,1.594181,0.707412,AUT,1290595.640188,0.009824,0.011332,0.011324,0.070207,0.001244,neutron,pi+,solid
271,11.0,0.194593,0.431551,0.571416,1.726673,0.699518,AUT,645771.052441,0.014124,0.025561,0.025570,0.070207,0.001348,neutron,pi+,solid
272,11.0,0.078762,0.738762,0.574564,1.190754,0.886186,AUT,1394654.153141,0.008189,0.008436,0.008422,0.070207,0.001120,neutron,pi+,solid
273,11.0,0.127690,0.597491,0.574912,1.551101,0.881185,AUT,1695792.477109,0.009601,0.009246,0.009248,0.070207,0.001212,neutron,pi+,solid
274,11.0,0.191903,0.468637,0.573484,1.854199,0.851773,AUT,87733.173755,0.042331,0.068588,0.069174,0.070207,0.001346,neutron,pi+,solid
275,11.0,0.096026,0.708180,0.576107,1.370705,1.097441,AUT,998771.229580,0.009705,0.010444,0.010431,0.070207,0.001152,neutron,pi+,solid
276,11.0,0.148986,0.502860,0.623823,1.531146,0.126396,AUT,3299883.169649,0.005983,0.005868,0.005879,0.070207,0.001262,neutron,pi+,solid
277,11.0,0.214929,0.401049,0.623665,1.763675,0.116505,AUT,2311211.504123,0.007746,0.007726,0.007721,0.070207,0.001402,neutron,pi+,solid
278,11.0,0.098583,0.620529,0.623486,1.258298,0.314841,AUT,2100388.634838,0.016510,0.011679,0.011784,0.070207,0.001161,neutron,pi+,solid
279,11.0,0.128687,0.576643,0.623955,1.529908,0.300781,AUT,1821424.024798,0.013971,0.010854,0.010891,0.070207,0.001221,neutron,pi+,solid
280,11.0,0.154451,0.527448,0.624361,1.679048,0.285542,AUT,1432185.013849,0.012721,0.010859,0.010935,0.070207,0.001276,neutron,pi+,solid
281,11.0,0.193546,0.451355,0.625221,1.786720,0.249625,AUT,717804.000118,0.014252,0.013813,0.013835,0.070207,0.001359,neutron,pi+,solid
282,11.0,0.255246,0.348792,0.621303,1.835152,0.246040,AUT,197534.525308,0.043617,0.035740,0.036129,0.070207,0.001486,neutron,pi+,solid
283,11.0,0.080818,0.702879,0.623708,1.166811,0.503704,AUT,1446634.144300,0.035445,0.021905,0.021979,0.070207,0.001128,neutron,pi+,solid
284,11.0,0.101695,0.649088,0.624272,1.361739,0.492913,AUT,1217186.447234,0.032562,0.020961,0.020984,0.070207,0.001167,neutron,pi+,solid
285,11.0,0.120296,0.630892,0.624455,1.566232,0.485919,AUT,1039233.922962,0.031931,0.021239,0.021266,0.070207,0.001205,neutron,pi+,solid
286,11.0,0.141770,0.603455,0.624825,1.763837,0.477858,AUT,670329.240890,0.034496,0.024095,0.024158,0.070207,0.001251,neutron,pi+,solid
287,11.0,0.167559,0.540831,0.624467,1.863174,0.461554,AUT,75212.594262,0.065922,0.056317,0.056556,0.070207,0.001307,neutron,pi+,solid
288,11.0,0.076045,0.733691,0.623876,1.144493,0.698959,AUT,1144234.231232,0.011967,0.011216,0.011251,0.070207,0.001120,neutron,pi+,solid
289,11.0,0.098462,0.669073,0.623906,1.358644,0.697533,AUT,1012137.418157,0.010934,0.010514,0.010532,0.070207,0.001161,neutron,pi+,solid
290,11.0,0.124968,0.614933,0.623537,1.580484,0.702984,AUT,906510.290830,0.010987,0.010830,0.010825,0.070207,0.001214,neutron,pi+,solid
291,11.0,0.168260,0.476462,0.620798,1.644903,0.717964,AUT,537217.418358,0.016164,0.025239,0.025333,0.070207,0.001303,neutron,pi+,solid
292,11.0,0.081351,0.727068,0.624385,1.209513,0.889306,AUT,1396216.699401,0.008067,0.008300,0.008316,0.070207,0.001129,neutron,pi+,solid
293,11.0,0.131058,0.590302,0.623829,1.575109,0.882628,AUT,1363394.553403,0.010829,0.010919,0.010871,0.070207,0.001226,neutron,pi+,solid
294,11.0,0.094802,0.707077,0.624934,1.354587,1.110568,AUT,1164800.958459,0.009530,0.009506,0.009546,0.070207,0.001155,neutron,pi+,solid
295,11.0,0.162324,0.480582,0.673780,1.585726,0.124827,AUT,3356419.856503,0.006026,0.005958,0.005960,0.070207,0.001300,neutron,pi+,solid
296,11.0,0.227970,0.385542,0.671930,1.810604,0.113891,AUT,668221.919433,0.014723,0.014761,0.014733,0.070207,0.001446,neutron,pi+,solid
297,11.0,0.106748,0.603362,0.673577,1.323680,0.312586,AUT,2176974.257245,0.014057,0.010482,0.010496,0.070207,0.001183,neutron,pi+,solid
298,11.0,0.145353,0.541000,0.673996,1.618746,0.293973,AUT,1733474.866572,0.011671,0.009907,0.009927,0.070207,0.001266,neutron,pi+,solid
299,11.0,0.191682,0.454396,0.674004,1.778440,0.258823,AUT,934915.807514,0.012604,0.012191,0.012186,0.070207,0.001367,neutron,pi+,solid
300,11.0,0.086431,0.679954,0.673746,1.206878,0.503177,AUT,1537045.257580,0.032229,0.020235,0.020312,0.070207,0.001144,neutron,pi+,solid
301,11.0,0.113630,0.628587,0.674157,1.473316,0.491130,AUT,1246142.893903,0.030277,0.019985,0.020006,0.070207,0.001199,neutron,pi+,solid
302,11.0,0.140009,0.596885,0.674671,1.722300,0.480856,AUT,811293.297574,0.031554,0.022077,0.022133,0.070207,0.001257,neutron,pi+,solid
303,11.0,0.168188,0.547481,0.676421,1.899319,0.448003,AUT,70284.560159,0.074105,0.061082,0.060303,0.070207,0.001321,neutron,pi+,solid
304,11.0,0.079548,0.719075,0.674050,1.172118,0.696714,AUT,1113657.019805,0.016055,0.012901,0.012930,0.070207,0.001131,neutron,pi+,solid
305,11.0,0.107832,0.658490,0.674035,1.464065,0.693990,AUT,902108.568628,0.014308,0.012455,0.012531,0.070207,0.001187,neutron,pi+,solid
306,11.0,0.141398,0.580440,0.672243,1.679602,0.706210,AUT,446333.836731,0.016682,0.016488,0.016857,0.070207,0.001258,neutron,pi+,solid
307,11.0,0.084512,0.713283,0.673916,1.232009,0.894559,AUT,1307395.457067,0.008323,0.008605,0.008589,0.070207,0.001140,neutron,pi+,solid
308,11.0,0.128897,0.606979,0.672467,1.603832,0.885871,AUT,735908.805625,0.013292,0.013547,0.013638,0.070207,0.001231,neutron,pi+,solid
309,11.0,0.089660,0.728476,0.673696,1.327026,1.118254,AUT,1005988.541767,0.010241,0.010185,0.010224,0.070207,0.001151,neutron,pi+,solid
310,11.0,0.156778,0.663346,0.323417,2.141501,0.142142,AUT,1365294.782023,0.015386,0.012178,0.012266,0.070207,0.001237,neutron,pi+,solid
311,11.0,0.176999,0.609219,0.323811,2.224968,0.124237,AUT,1372772.562779,0.011403,0.010209,0.010262,0.070207,0.001275,neutron,pi+,solid
312,11.0,0.189680,0.581310,0.324116,2.275633,0.115829,AUT,1355128.601724,0.010596,0.009924,0.009960,0.070207,0.001298,neutron,pi+,solid
313,11.0,0.200061,0.563013,0.324043,2.324782,0.109192,AUT,1337167.173518,0.010342,0.009892,0.009928,0.070207,0.001318,neutron,pi+,solid
314,11.0,0.209390,0.548269,0.324099,2.369539,0.103230,AUT,1282531.210161,0.010389,0.010074,0.010145,0.070207,0.001335,neutron,pi+,solid
315,11.0,0.218099,0.536377,0.324260,2.414583,0.098207,AUT,1252320.162394,0.010448,0.010219,0.010254,0.070207,0.001351,neutron,pi+,solid
316,11.0,0.226686,0.523093,0.324323,2.447495,0.093418,AUT,1232412.591496,0.010483,0.010344,0.010379,0.070207,0.001367,neutron,pi+,solid
317,11.0,0.235434,0.509337,0.324396,2.475079,0.089258,AUT,1230616.608418,0.010549,0.010473,0.010459,0.070207,0.001382,neutron,pi+,solid
318,11.0,0.244593,0.492936,0.324602,2.488494,0.085338,AUT,1231995.686670,0.010577,0.010511,0.010546,0.070207,0.001399,neutron,pi+,solid
319,11.0,0.254622,0.474895,0.324508,2.495701,0.081522,AUT,1184301.176729,0.010885,0.010857,0.010865,0.070207,0.001416,neutron,pi+,solid
320,11.0,0.265751,0.456462,0.324618,2.503575,0.079766,AUT,1154260.060782,0.011221,0.011196,0.011164,0.070207,0.001436,neutron,pi+,solid
321,11.0,0.278559,0.435549,0.324576,2.503903,0.081129,AUT,1180630.593253,0.011340,0.011280,0.011253,0.070207,0.001458,neutron,pi+,solid
322,11.0,0.293877,0.413479,0.324534,2.507597,0.086530,AUT,1174796.372240,0.011886,0.011684,0.011698,0.070207,0.001484,neutron,pi+,solid
323,11.0,0.313062,0.390665,0.324599,2.523831,0.097099,AUT,1195999.685164,0.013214,0.012409,0.012465,0.070207,0.001517,neutron,pi+,solid
324,11.0,0.348013,0.373927,0.324281,2.684024,0.114050,AUT,1245940.335250,0.017637,0.014657,0.014888,0.070207,0.001579,neutron,pi+,solid
325,11.0,0.140227,0.717939,0.323570,2.076362,0.298184,AUT,698344.374376,0.031735,0.021920,0.021736,0.070207,0.001207,neutron,pi+,solid
326,11.0,0.152297,0.682072,0.324195,2.143836,0.290930,AUT,672060.844305,0.029101,0.020803,0.020752,0.070207,0.001229,neutron,pi+,solid
327,11.0,0.160750,0.661896,0.324559,2.196076,0.281819,AUT,589536.202501,0.029387,0.021486,0.021483,0.070207,0.001245,neutron,pi+,solid
328,11.0,0.168126,0.646394,0.324609,2.243122,0.274807,AUT,534870.458652,0.029050,0.021712,0.021783,0.070207,0.001259,neutron,pi+,solid
329,11.0,0.175102,0.634343,0.324883,2.292675,0.269282,AUT,485154.728809,0.029065,0.022208,0.022260,0.070207,0.001272,neutron,pi+,solid
330,11.0,0.181965,0.625349,0.325027,2.348780,0.266185,AUT,428893.417290,0.029318,0.022997,0.023065,0.070207,0.001285,neutron,pi+,solid
331,11.0,0.188867,0.617564,0.324881,2.407549,0.264901,AUT,370198.512312,0.029684,0.024042,0.024064,0.070207,0.001298,neutron,pi+,solid
332,11.0,0.195880,0.610366,0.324710,2.467829,0.265651,AUT,330030.120602,0.029698,0.024704,0.024838,0.070207,0.001311,neutron,pi+,solid
333,11.0,0.203193,0.602450,0.324588,2.526750,0.267358,AUT,277048.188559,0.030928,0.026589,0.026674,0.070207,0.001325,neutron,pi+,solid
334,11.0,0.210857,0.591877,0.324111,2.575973,0.271383,AUT,244220.883123,0.031162,0.027992,0.028001,0.070207,0.001339,neutron,pi+,solid
335,11.0,0.219067,0.578474,0.323697,2.615608,0.276909,AUT,205196.841315,0.032505,0.030537,0.030688,0.070207,0.001354,neutron,pi+,solid
336,11.0,0.227866,0.554400,0.322796,2.607179,0.289270,AUT,167078.762280,0.033540,0.034324,0.034611,0.070207,0.001369,neutron,pi+,solid
337,11.0,0.237720,0.516420,0.321000,2.533227,0.314284,AUT,127408.312021,0.035023,0.043388,0.043702,0.070207,0.001386,neutron,pi+,solid
338,11.0,0.249073,0.464196,0.318208,2.385590,0.353020,AUT,99160.461777,0.037987,0.068716,0.069094,0.070207,0.001404,neutron,pi+,solid
339,11.0,0.262333,0.426157,0.316276,2.306992,0.373288,AUT,96824.149960,0.040147,0.086607,0.086577,0.070207,0.001426,neutron,pi+,solid
340,11.0,0.277874,0.399192,0.315730,2.288969,0.377154,AUT,106535.014358,0.043952,0.088448,0.088563,0.070207,0.001453,neutron,pi+,solid
341,11.0,0.296381,0.374069,0.316026,2.287571,0.377246,AUT,122094.392086,0.048523,0.086327,0.086624,0.070207,0.001485,neutron,pi+,solid
342,11.0,0.318818,0.355675,0.316539,2.340703,0.372954,AUT,122768.164095,0.057349,0.084272,0.084404,0.070207,0.001523,neutron,pi+,solid
343,11.0,0.356450,0.359848,0.320740,2.648197,0.327120,AUT,82243.996952,0.084586,0.075920,0.077398,0.070207,0.001593,neutron,pi+,solid
344,11.0,0.142777,0.710994,0.323215,2.092729,0.491740,AUT,746414.138707,0.013094,0.012375,0.012439,0.070207,0.001212,neutron,pi+,solid
345,11.0,0.160336,0.658031,0.322812,2.176745,0.500745,AUT,791956.670807,0.017801,0.016877,0.016897,0.070207,0.001244,neutron,pi+,solid
346,11.0,0.175066,0.619743,0.322707,2.238713,0.500112,AUT,916513.649521,0.016955,0.017735,0.017679,0.070207,0.001271,neutron,pi+,solid
347,11.0,0.189783,0.587177,0.322964,2.299503,0.497533,AUT,1029700.737203,0.014747,0.017144,0.017143,0.070207,0.001298,neutron,pi+,solid
348,11.0,0.204939,0.557884,0.323191,2.359296,0.494450,AUT,1088447.121842,0.013060,0.016918,0.016903,0.070207,0.001326,neutron,pi+,solid
349,11.0,0.221158,0.529697,0.323370,2.417249,0.492000,AUT,1154909.269263,0.011695,0.016736,0.016703,0.070207,0.001356,neutron,pi+,solid
350,11.0,0.239419,0.496461,0.323685,2.452309,0.487772,AUT,1200585.808468,0.010767,0.016933,0.016945,0.070207,0.001389,neutron,pi+,solid
351,11.0,0.261993,0.455849,0.324036,2.463343,0.482575,AUT,1254260.060399,0.010734,0.017426,0.017424,0.070207,0.001429,neutron,pi+,solid
352,11.0,0.291516,0.411634,0.324395,2.474330,0.476940,AUT,1228372.598092,0.012891,0.019103,0.019167,0.070207,0.001480,neutron,pi+,solid
353,11.0,0.336789,0.376093,0.324485,2.611529,0.474079,AUT,1128080.754448,0.018183,0.023871,0.023920,0.070207,0.001559,neutron,pi+,solid
354,11.0,0.159268,0.669347,0.326777,2.190077,0.663187,AUT,819037.729704,0.011416,0.011590,0.011627,0.070207,0.001242,neutron,pi+,solid
355,11.0,0.203899,0.579112,0.326996,2.431696,0.663415,AUT,694567.108414,0.014965,0.014223,0.014306,0.070207,0.001325,neutron,pi+,solid
356,11.0,0.264490,0.470810,0.326948,2.546625,0.661504,AUT,626565.442873,0.028307,0.022320,0.022713,0.070207,0.001433,neutron,pi+,solid
357,11.0,0.344892,0.388869,0.324408,2.766810,0.646337,AUT,42993.971393,0.335187,0.203085,0.209477,0.070207,0.001574,neutron,pi+,solid
358,11.0,0.164400,0.640573,0.373410,2.167053,0.137813,AUT,1521768.759781,0.011794,0.010168,0.010187,0.070207,0.001260,neutron,pi+,solid
359,11.0,0.187886,0.583273,0.373793,2.261114,0.118506,AUT,1493867.327761,0.009766,0.009329,0.009344,0.070207,0.001305,neutron,pi+,solid
360,11.0,0.202520,0.555586,0.373910,2.322111,0.111229,AUT,1427471.511883,0.009829,0.009549,0.009543,0.070207,0.001333,neutron,pi+,solid
361,11.0,0.214862,0.536499,0.374003,2.379130,0.105390,AUT,1416124.876544,0.009796,0.009642,0.009645,0.070207,0.001357,neutron,pi+,solid
362,11.0,0.226632,0.519620,0.374262,2.430493,0.100221,AUT,1406445.732407,0.009886,0.009781,0.009774,0.070207,0.001379,neutron,pi+,solid
363,11.0,0.238470,0.501521,0.374309,2.468323,0.096169,AUT,1397793.526890,0.009972,0.009904,0.009922,0.070207,0.001401,neutron,pi+,solid
364,11.0,0.251148,0.479807,0.374409,2.486897,0.093158,AUT,1390738.067987,0.010131,0.010078,0.010092,0.070207,0.001424,neutron,pi+,solid
365,11.0,0.265494,0.455925,0.374487,2.497935,0.091683,AUT,1352307.252153,0.010461,0.010453,0.010436,0.070207,0.001449,neutron,pi+,solid
366,11.0,0.282760,0.429148,0.374458,2.503867,0.095147,AUT,1379462.095792,0.010764,0.010681,0.010635,0.070207,0.001480,neutron,pi+,solid
367,11.0,0.305547,0.399046,0.374133,2.515430,0.105817,AUT,1411841.620555,0.011760,0.011253,0.011246,0.070207,0.001520,neutron,pi+,solid
368,11.0,0.343438,0.376244,0.373882,2.664830,0.123280,AUT,1172809.357738,0.017340,0.014794,0.014899,0.070207,0.001589,neutron,pi+,solid
369,11.0,0.144083,0.705392,0.373659,2.095248,0.298792,AUT,802606.593280,0.037657,0.024889,0.024892,0.070207,0.001222,neutron,pi+,solid
370,11.0,0.159006,0.662567,0.374099,2.174139,0.291912,AUT,738536.675225,0.035811,0.024315,0.024422,0.070207,0.001250,neutron,pi+,solid
371,11.0,0.169396,0.640144,0.374492,2.238082,0.282311,AUT,658957.238443,0.034858,0.024373,0.024437,0.070207,0.001270,neutron,pi+,solid
372,11.0,0.178581,0.625356,0.374675,2.305031,0.273478,AUT,582955.977868,0.034245,0.024627,0.024674,0.070207,0.001288,neutron,pi+,solid
373,11.0,0.187254,0.615052,0.375087,2.377231,0.266451,AUT,490204.363442,0.034541,0.025667,0.025593,0.070207,0.001305,neutron,pi+,solid
374,11.0,0.195888,0.608664,0.375409,2.461055,0.261333,AUT,426968.041689,0.034361,0.026193,0.026295,0.070207,0.001322,neutron,pi+,solid
375,11.0,0.204937,0.603958,0.375467,2.554853,0.256455,AUT,346955.310174,0.035604,0.027977,0.028072,0.070207,0.001339,neutron,pi+,solid
376,11.0,0.214459,0.599394,0.375647,2.653353,0.251998,AUT,276447.731923,0.037532,0.030360,0.030423,0.070207,0.001358,neutron,pi+,solid
377,11.0,0.224449,0.592622,0.375809,2.745455,0.246794,AUT,204405.861976,0.040695,0.034096,0.034154,0.070207,0.001377,neutron,pi+,solid
378,11.0,0.235443,0.576949,0.376188,2.803531,0.239010,AUT,130246.496534,0.045210,0.040495,0.040580,0.070207,0.001398,neutron,pi+,solid
379,11.0,0.248226,0.547586,0.376399,2.804687,0.238604,AUT,54536.296525,0.056714,0.058756,0.059172,0.070207,0.001421,neutron,pi+,solid
380,11.0,0.265000,0.471865,0.373974,2.577794,0.274189,AUT,16148.755878,0.095456,0.114675,0.115462,0.070207,0.001449,neutron,pi+,solid
381,11.0,0.288631,0.378691,0.378150,2.254800,0.262526,AUT,19369.443262,0.153564,0.126206,0.125941,0.070207,0.001490,neutron,pi+,solid
382,11.0,0.314139,0.361685,0.379606,2.345344,0.230132,AUT,62123.848020,0.197778,0.126989,0.127457,0.070207,0.001536,neutron,pi+,solid
383,11.0,0.355867,0.365083,0.378346,2.681298,0.221895,AUT,134278.491412,0.233068,0.133920,0.139701,0.070207,0.001614,neutron,pi+,solid
384,11.0,0.143796,0.709005,0.373932,2.101508,0.492219,AUT,592182.729384,0.013386,0.013366,0.013341,0.070207,0.001222,neutron,pi+,solid
385,11.0,0.163669,0.652090,0.372796,2.201445,0.509578,AUT,570415.438377,0.015184,0.015555,0.015552,0.070207,0.001259,neutron,pi+,solid
386,11.0,0.181573,0.602845,0.371876,2.258097,0.520048,AUT,628007.760262,0.018215,0.021098,0.021104,0.070207,0.001293,neutron,pi+,solid
387,11.0,0.199486,0.561219,0.371874,2.309771,0.522307,AUT,701470.317051,0.017666,0.024058,0.024107,0.070207,0.001327,neutron,pi+,solid
388,11.0,0.219124,0.523360,0.371999,2.365862,0.521074,AUT,824005.099709,0.014464,0.023231,0.023169,0.070207,0.001364,neutron,pi+,solid
389,11.0,0.242929,0.479446,0.372194,2.401845,0.518337,AUT,975750.173441,0.012030,0.022333,0.022302,0.070207,0.001408,neutron,pi+,solid
390,11.0,0.274486,0.426804,0.372509,2.414768,0.512922,AUT,1067001.478874,0.012564,0.023563,0.023567,0.070207,0.001464,neutron,pi+,solid
391,11.0,0.323826,0.377691,0.372752,2.520680,0.511380,AUT,1153260.985238,0.017801,0.027531,0.027507,0.070207,0.001552,neutron,pi+,solid
392,11.0,0.391985,0.361076,0.371604,2.921561,0.522793,AUT,15019.764051,0.231212,0.296318,0.298316,0.070207,0.001684,neutron,pi+,solid
393,11.0,0.161094,0.661264,0.374989,2.188186,0.678952,AUT,973757.499738,0.012525,0.011799,0.011809,0.070207,0.001254,neutron,pi+,solid
394,11.0,0.204500,0.573313,0.375900,2.414867,0.669725,AUT,951483.232514,0.011640,0.012511,0.012536,0.070207,0.001337,neutron,pi+,solid
395,11.0,0.255812,0.484208,0.376461,2.543336,0.666468,AUT,785665.360380,0.014716,0.015097,0.015192,0.070207,0.001432,neutron,pi+,solid
396,11.0,0.321677,0.406440,0.377018,2.694240,0.651451,AUT,172824.915567,0.046782,0.043295,0.044130,0.070207,0.001551,neutron,pi+,solid
397,11.0,0.197670,0.597526,0.378072,2.375547,0.861433,AUT,307053.020855,0.034437,0.031373,0.032306,0.070207,0.001320,neutron,pi+,solid
398,11.0,0.172463,0.618426,0.423509,2.193375,0.132779,AUT,1659727.618851,0.009830,0.009063,0.009076,0.070207,0.001284,neutron,pi+,solid
399,11.0,0.199540,0.558618,0.423892,2.299701,0.115027,AUT,1574134.755258,0.009235,0.009055,0.009035,0.070207,0.001337,neutron,pi+,solid
400,11.0,0.217120,0.529935,0.423967,2.374366,0.109086,AUT,1564769.631936,0.009312,0.009192,0.009195,0.070207,0.001371,neutron,pi+,solid
401,11.0,0.233200,0.506339,0.424093,2.436696,0.104299,AUT,1572200.916586,0.009379,0.009324,0.009354,0.070207,0.001402,neutron,pi+,solid
402,11.0,0.249750,0.480130,0.424213,2.474426,0.102040,AUT,1535275.843237,0.009687,0.009662,0.009659,0.070207,0.001433,neutron,pi+,solid
403,11.0,0.268844,0.451047,0.424230,2.501813,0.101959,AUT,1533121.832837,0.009933,0.009917,0.009921,0.070207,0.001468,neutron,pi+,solid
404,11.0,0.294759,0.414400,0.424080,2.519024,0.108946,AUT,1571029.976311,0.010526,0.010334,0.010323,0.070207,0.001515,neutron,pi+,solid
405,11.0,0.336408,0.380302,0.423754,2.637620,0.126810,AUT,1171569.504162,0.015847,0.014058,0.014153,0.070207,0.001592,neutron,pi+,solid
406,11.0,0.148204,0.692697,0.423834,2.115286,0.299474,AUT,899804.590003,0.031917,0.021558,0.021844,0.070207,0.001237,neutron,pi+,solid
407,11.0,0.166622,0.642568,0.424036,2.209266,0.293177,AUT,810672.080725,0.029655,0.021114,0.021075,0.070207,0.001273,neutron,pi+,solid
408,11.0,0.179398,0.618597,0.424483,2.290403,0.282901,AUT,694402.577153,0.029005,0.021391,0.021435,0.070207,0.001298,neutron,pi+,solid
409,11.0,0.190699,0.604130,0.424653,2.377902,0.273358,AUT,596685.697791,0.028456,0.021736,0.021838,0.070207,0.001321,neutron,pi+,solid
410,11.0,0.201865,0.596140,0.424982,2.483946,0.267095,AUT,493931.263889,0.028469,0.022594,0.022666,0.070207,0.001343,neutron,pi+,solid
411,11.0,0.213529,0.591183,0.425130,2.605659,0.261379,AUT,393677.165739,0.029158,0.024085,0.024185,0.070207,0.001366,neutron,pi+,solid
412,11.0,0.226018,0.583598,0.425464,2.722449,0.253430,AUT,291823.257173,0.030774,0.026643,0.026677,0.070207,0.001391,neutron,pi+,solid
413,11.0,0.240057,0.564642,0.426127,2.797227,0.239426,AUT,168256.144001,0.035057,0.032779,0.032949,0.070207,0.001417,neutron,pi+,solid
414,11.0,0.257799,0.512132,0.428248,2.721758,0.222538,AUT,64405.881473,0.049032,0.049485,0.049907,0.070207,0.001450,neutron,pi+,solid
415,11.0,0.285004,0.398479,0.429157,2.341930,0.215937,AUT,73422.117937,0.073916,0.060311,0.060246,0.070207,0.001497,neutron,pi+,solid
416,11.0,0.314856,0.372484,0.427289,2.420342,0.223727,AUT,180602.120399,0.107917,0.069214,0.069624,0.070207,0.001552,neutron,pi+,solid
417,11.0,0.356837,0.366465,0.426458,2.698476,0.234558,AUT,201353.247352,0.123280,0.077307,0.077625,0.070207,0.001632,neutron,pi+,solid
418,11.0,0.146138,0.703108,0.424110,2.117389,0.489517,AUT,563430.982869,0.017301,0.015699,0.015865,0.070207,0.001233,neutron,pi+,solid
419,11.0,0.168358,0.649180,0.423490,2.254306,0.498583,AUT,398057.976917,0.017289,0.017176,0.017290,0.070207,0.001277,neutron,pi+,solid
420,11.0,0.189132,0.591319,0.421822,2.306376,0.526316,AUT,344161.229580,0.019176,0.022610,0.022696,0.070207,0.001317,neutron,pi+,solid
421,11.0,0.211445,0.532077,0.420783,2.320065,0.542325,AUT,376676.840130,0.020489,0.032455,0.032404,0.070207,0.001359,neutron,pi+,solid
422,11.0,0.237857,0.477822,0.420669,2.343224,0.545149,AUT,457999.593973,0.017527,0.033953,0.033942,0.070207,0.001409,neutron,pi+,solid
423,11.0,0.275110,0.415832,0.420885,2.356151,0.543367,AUT,609572.732416,0.017652,0.032412,0.032447,0.070207,0.001477,neutron,pi+,solid
424,11.0,0.325770,0.370396,0.420038,2.489434,0.543558,AUT,454463.898970,0.030491,0.045440,0.045556,0.070207,0.001570,neutron,pi+,solid
425,11.0,0.165834,0.646137,0.424043,2.198068,0.686590,AUT,1009904.542515,0.015874,0.015272,0.015281,0.070207,0.001271,neutron,pi+,solid
426,11.0,0.216625,0.542904,0.424840,2.418968,0.677933,AUT,1231907.810980,0.011413,0.014976,0.015011,0.070207,0.001370,neutron,pi+,solid
427,11.0,0.283258,0.442510,0.425815,2.570619,0.662554,AUT,930977.717943,0.013697,0.021086,0.021074,0.070207,0.001493,neutron,pi+,solid
428,11.0,0.194463,0.603912,0.426858,2.366459,0.876179,AUT,536698.009199,0.016358,0.016072,0.016300,0.070207,0.001323,neutron,pi+,solid
429,11.0,0.180310,0.598955,0.473601,2.219826,0.129191,AUT,1718689.735699,0.009098,0.008682,0.008695,0.070207,0.001307,neutron,pi+,solid
430,11.0,0.211791,0.535377,0.473940,2.338969,0.114328,AUT,1718663.660448,0.008828,0.008745,0.008757,0.070207,0.001370,neutron,pi+,solid
431,11.0,0.234125,0.502099,0.474063,2.425315,0.109812,AUT,1698901.787535,0.009098,0.009065,0.009071,0.070207,0.001414,neutron,pi+,solid
432,11.0,0.257411,0.467553,0.474178,2.482714,0.108287,AUT,1727527.338784,0.009262,0.009249,0.009263,0.070207,0.001458,neutron,pi+,solid
433,11.0,0.289063,0.423182,0.473955,2.521324,0.112400,AUT,1723321.465163,0.009843,0.009757,0.009765,0.070207,0.001517,neutron,pi+,solid
434,11.0,0.335621,0.382042,0.473708,2.643375,0.131425,AUT,855771.399509,0.018127,0.016342,0.016395,0.070207,0.001606,neutron,pi+,solid
435,11.0,0.153293,0.677333,0.473657,2.137727,0.299798,AUT,993139.275643,0.026356,0.018763,0.018679,0.070207,0.001254,neutron,pi+,solid
436,11.0,0.175474,0.621305,0.474118,2.249507,0.292858,AUT,823324.899619,0.024886,0.018598,0.018755,0.070207,0.001298,neutron,pi+,solid
437,11.0,0.190929,0.597158,0.474470,2.353077,0.280697,AUT,718221.641107,0.023628,0.018665,0.018657,0.070207,0.001330,neutron,pi+,solid
438,11.0,0.205630,0.586018,0.474732,2.487235,0.273057,AUT,582758.917243,0.023164,0.019293,0.019381,0.070207,0.001360,neutron,pi+,solid
439,11.0,0.221040,0.578421,0.475031,2.638835,0.265621,AUT,440508.434223,0.023947,0.020875,0.021061,0.070207,0.001391,neutron,pi+,solid
440,11.0,0.238278,0.556139,0.475645,2.734094,0.249630,AUT,274139.752284,0.026335,0.024884,0.024881,0.070207,0.001425,neutron,pi+,solid
441,11.0,0.261396,0.478131,0.477171,2.574544,0.225494,AUT,152243.616632,0.033568,0.032518,0.032507,0.070207,0.001467,neutron,pi+,solid
442,11.0,0.294019,0.393834,0.476625,2.387977,0.227742,AUT,220884.282856,0.045173,0.036244,0.036518,0.070207,0.001526,neutron,pi+,solid
443,11.0,0.341203,0.369804,0.475707,2.602782,0.243127,AUT,422277.448006,0.055323,0.037698,0.038429,0.070207,0.001616,neutron,pi+,solid
444,11.0,0.149518,0.693351,0.474243,2.135468,0.484520,AUT,563096.050523,0.027257,0.020477,0.020631,0.070207,0.001247,neutron,pi+,solid
445,11.0,0.174294,0.647131,0.474593,2.326827,0.476788,AUT,318930.392693,0.026680,0.022898,0.023005,0.070207,0.001297,neutron,pi+,solid
446,11.0,0.198731,0.591826,0.472935,2.424228,0.504671,AUT,191138.264618,0.027614,0.028707,0.028862,0.070207,0.001345,neutron,pi+,solid
447,11.0,0.228324,0.495443,0.469832,2.329585,0.552202,AUT,152425.950047,0.029954,0.052729,0.052808,0.070207,0.001401,neutron,pi+,solid
448,11.0,0.269962,0.412585,0.468917,2.292295,0.563076,AUT,205775.761793,0.031491,0.059452,0.059410,0.070207,0.001478,neutron,pi+,solid
449,11.0,0.317735,0.372505,0.466537,2.443349,0.562799,AUT,98868.387622,0.067512,0.102453,0.101919,0.070207,0.001568,neutron,pi+,solid
450,11.0,0.169512,0.635524,0.473465,2.205719,0.696206,AUT,878133.201956,0.015701,0.016326,0.016294,0.070207,0.001285,neutron,pi+,solid
451,11.0,0.232167,0.505144,0.473903,2.404712,0.690830,AUT,1295593.340438,0.010942,0.017829,0.017751,0.070207,0.001409,neutron,pi+,solid
452,11.0,0.297607,0.421710,0.472956,2.586762,0.672927,AUT,452647.244395,0.021735,0.038479,0.038803,0.070207,0.001533,neutron,pi+,solid
453,11.0,0.195219,0.600537,0.476094,2.369909,0.887947,AUT,761455.511110,0.012822,0.013035,0.013025,0.070207,0.001334,neutron,pi+,solid
454,11.0,0.189334,0.577762,0.523732,2.246887,0.125523,AUT,1822904.294197,0.008584,0.008384,0.008402,0.070207,0.001334,neutron,pi+,solid
455,11.0,0.226505,0.510728,0.524037,2.385683,0.114818,AUT,1825941.208664,0.008741,0.008706,0.008724,0.070207,0.001410,neutron,pi+,solid
456,11.0,0.257885,0.465863,0.523974,2.477037,0.112757,AUT,1837783.198657,0.009039,0.009029,0.009086,0.070207,0.001472,neutron,pi+,solid
457,11.0,0.307857,0.406670,0.523713,2.574059,0.123309,AUT,1704006.595722,0.010660,0.010348,0.010359,0.070207,0.001567,neutron,pi+,solid
458,11.0,0.158784,0.661760,0.523832,2.161497,0.300509,AUT,1048705.949958,0.022136,0.016463,0.016471,0.070207,0.001273,neutron,pi+,solid
459,11.0,0.185908,0.599711,0.524229,2.300238,0.290430,AUT,885806.171663,0.020082,0.016079,0.016160,0.070207,0.001329,neutron,pi+,solid
460,11.0,0.205953,0.577770,0.524625,2.455822,0.277909,AUT,709615.124704,0.019219,0.016549,0.016577,0.070207,0.001370,neutron,pi+,solid
461,11.0,0.226348,0.563287,0.525034,2.630864,0.267495,AUT,503883.366721,0.019902,0.018329,0.018373,0.070207,0.001413,neutron,pi+,solid
462,11.0,0.250499,0.508155,0.525919,2.622947,0.240927,AUT,310522.436774,0.023056,0.022497,0.022514,0.070207,0.001460,neutron,pi+,solid
463,11.0,0.286819,0.409977,0.525932,2.422999,0.234644,AUT,326987.684827,0.028575,0.025662,0.025687,0.070207,0.001527,neutron,pi+,solid
464,11.0,0.337672,0.371354,0.525140,2.586152,0.254549,AUT,503824.313939,0.041492,0.030091,0.030633,0.070207,0.001626,neutron,pi+,solid
465,11.0,0.153357,0.682970,0.524405,2.156497,0.484705,AUT,590490.818442,0.041809,0.027950,0.027939,0.070207,0.001262,neutron,pi+,solid
466,11.0,0.181768,0.642022,0.525256,2.407970,0.465663,AUT,307548.682290,0.043380,0.031982,0.032141,0.070207,0.001322,neutron,pi+,solid
467,11.0,0.210040,0.605475,0.524837,2.621159,0.469551,AUT,115961.086222,0.051743,0.045081,0.045265,0.070207,0.001380,neutron,pi+,solid
468,11.0,0.254314,0.435216,0.517419,2.272940,0.566773,AUT,39450.338196,0.073619,0.146100,0.145620,0.070207,0.001461,neutron,pi+,solid
469,11.0,0.298046,0.380555,0.512762,2.342139,0.577824,AUT,12294.797278,0.226569,0.371276,0.367604,0.070207,0.001543,neutron,pi+,solid
470,11.0,0.170404,0.632754,0.523020,2.202211,0.706477,AUT,625861.709978,0.014696,0.015620,0.015715,0.070207,0.001295,neutron,pi+,solid
471,11.0,0.245977,0.480714,0.522057,2.419188,0.706672,AUT,962212.460981,0.012381,0.021867,0.021875,0.070207,0.001445,neutron,pi+,solid
472,11.0,0.197382,0.594180,0.525325,2.374483,0.902159,AUT,888997.633419,0.013205,0.014323,0.014238,0.070207,0.001348,neutron,pi+,solid
473,11.0,0.197990,0.559873,0.573728,2.274567,0.123901,AUT,1887748.642685,0.008494,0.008372,0.008373,0.070207,0.001363,neutron,pi+,solid
474,11.0,0.244145,0.484754,0.573838,2.438620,0.116899,AUT,1920099.759255,0.008793,0.008775,0.008757,0.070207,0.001458,neutron,pi+,solid
475,11.0,0.299232,0.416453,0.573726,2.559746,0.123323,AUT,1617720.376093,0.010673,0.010475,0.010512,0.070207,0.001567,neutron,pi+,solid
476,11.0,0.165036,0.645133,0.573845,2.187751,0.301235,AUT,1088025.704717,0.019060,0.014790,0.014849,0.070207,0.001295,neutron,pi+,solid
477,11.0,0.197371,0.580498,0.574234,2.363709,0.287036,AUT,870376.235306,0.017162,0.014765,0.014772,0.070207,0.001364,neutron,pi+,solid
478,11.0,0.222803,0.557233,0.574622,2.561467,0.272657,AUT,628541.132892,0.017176,0.016071,0.016148,0.070207,0.001418,neutron,pi+,solid
479,11.0,0.252712,0.493960,0.575384,2.570342,0.246265,AUT,442934.183854,0.019373,0.018959,0.018938,0.070207,0.001478,neutron,pi+,solid
480,11.0,0.301437,0.395716,0.574823,2.456576,0.250022,AUT,561569.774598,0.024059,0.020889,0.020990,0.070207,0.001571,neutron,pi+,solid
481,11.0,0.353143,0.371777,0.572681,2.709087,0.264598,AUT,221247.809110,0.062361,0.045968,0.046887,0.070207,0.001678,neutron,pi+,solid
482,11.0,0.157787,0.671096,0.574359,2.178616,0.486217,AUT,641743.389758,0.044443,0.029496,0.029491,0.070207,0.001280,neutron,pi+,solid
483,11.0,0.191714,0.631669,0.575519,2.499033,0.464723,AUT,298643.280923,0.051100,0.036999,0.037014,0.070207,0.001354,neutron,pi+,solid
484,11.0,0.222384,0.609767,0.576281,2.795396,0.448179,AUT,60401.144669,0.085459,0.070867,0.071100,0.070207,0.001420,neutron,pi+,solid
485,11.0,0.288748,0.386655,0.559777,2.302486,0.562065,AUT,824.136803,0.893647,1.133755,1.064400,0.070207,0.001538,neutron,pi+,solid
486,11.0,0.168582,0.640712,0.573071,2.202050,0.707310,AUT,420474.249562,0.016781,0.017179,0.017216,0.070207,0.001301,neutron,pi+,solid
487,11.0,0.239588,0.486499,0.570158,2.396016,0.726409,AUT,342723.920457,0.020860,0.040215,0.040200,0.070207,0.001447,neutron,pi+,solid
488,11.0,0.194220,0.597980,0.573867,2.358228,0.917797,AUT,856066.786071,0.015096,0.016909,0.016908,0.070207,0.001353,neutron,pi+,solid
489,11.0,0.208208,0.541276,0.623829,2.309461,0.123888,AUT,1997642.825336,0.008332,0.008271,0.008291,0.070207,0.001397,neutron,pi+,solid
490,11.0,0.276422,0.445047,0.623460,2.522947,0.120763,AUT,2030040.118504,0.009099,0.009066,0.009044,0.070207,0.001539,neutron,pi+,solid
491,11.0,0.172222,0.627727,0.623960,2.218733,0.300094,AUT,1138287.869076,0.016374,0.013398,0.013453,0.070207,0.001321,neutron,pi+,solid
492,11.0,0.211587,0.560249,0.624287,2.445047,0.281360,AUT,855348.041750,0.015008,0.013832,0.013909,0.070207,0.001408,neutron,pi+,solid
493,11.0,0.248338,0.500077,0.625000,2.555833,0.256071,AUT,607495.972387,0.016470,0.016141,0.016168,0.070207,0.001485,neutron,pi+,solid
494,11.0,0.305083,0.407760,0.622799,2.562369,0.256201,AUT,544547.384478,0.022603,0.020435,0.020484,0.070207,0.001598,neutron,pi+,solid
495,11.0,0.163167,0.658734,0.624355,2.209413,0.487165,AUT,667815.984446,0.040462,0.027360,0.027487,0.070207,0.001302,neutron,pi+,solid
496,11.0,0.203602,0.618641,0.625281,2.598948,0.464963,AUT,270460.914512,0.047736,0.036216,0.036228,0.070207,0.001393,neutron,pi+,solid
497,11.0,0.239693,0.586860,0.627666,2.898238,0.433100,AUT,13480.668302,0.136285,0.136567,0.134211,0.070207,0.001472,neutron,pi+,solid
498,11.0,0.166637,0.653432,0.623719,2.219009,0.697950,AUT,317855.286562,0.023153,0.021217,0.021367,0.070207,0.001308,neutron,pi+,solid
499,11.0,0.237243,0.498833,0.617520,2.441483,0.742817,AUT,59177.918912,0.051748,0.118849,0.118625,0.070207,0.001458,neutron,pi+,solid
500,11.0,0.184281,0.618401,0.622570,2.321074,0.936958,AUT,576798.081482,0.019848,0.021492,0.021555,0.070207,0.001345,neutron,pi+,solid
501,11.0,0.220633,0.520996,0.673787,2.349259,0.123319,AUT,2062935.660382,0.008398,0.008360,0.008370,0.070207,0.001438,neutron,pi+,solid
502,11.0,0.287319,0.440413,0.672210,2.607400,0.118875,AUT,747028.875771,0.015299,0.015308,0.015275,0.070207,0.001583,neutron,pi+,solid
503,11.0,0.180452,0.609739,0.673900,2.254808,0.298630,AUT,1185967.541028,0.014263,0.012315,0.012370,0.070207,0.001352,neutron,pi+,solid
504,11.0,0.230438,0.529001,0.674544,2.510396,0.272316,AUT,825314.344704,0.014202,0.013790,0.013827,0.070207,0.001464,neutron,pi+,solid
505,11.0,0.283285,0.448410,0.672036,2.615735,0.253515,AUT,429725.484796,0.021021,0.020624,0.020592,0.070207,0.001575,neutron,pi+,solid
506,11.0,0.168917,0.647350,0.674339,2.245680,0.488714,AUT,677147.464202,0.035927,0.025081,0.025320,0.070207,0.001327,neutron,pi+,solid
507,11.0,0.215369,0.605565,0.675191,2.689764,0.464690,AUT,189952.624112,0.048639,0.039232,0.039268,0.070207,0.001435,neutron,pi+,solid
508,11.0,0.318103,0.442075,0.668125,2.902780,0.408297,AUT,16.063831,821.966294,770.555915,320.029404,0.070207,0.001652,neutron,pi+,solid
509,11.0,0.163554,0.670814,0.674225,2.248642,0.683424,AUT,271096.542883,0.038381,0.029670,0.029790,0.070207,0.001315,neutron,pi+,solid
510,11.0,0.249686,0.537061,0.661136,2.767297,0.766588,AUT,996.012795,0.525443,1.655181,1.658744,0.070207,0.001504,neutron,pi+,solid
511,11.0,0.170836,0.651372,0.671147,2.274156,0.944667,AUT,289166.569601,0.024471,0.025239,0.025359,0.070207,0.001329,neutron,pi+,solid
512,11.0,0.248820,0.618893,0.323833,3.175710,0.112439,AUT,627978.642241,0.015884,0.015284,0.015375,0.070207,0.001409,neutron,pi+,solid
513,11.0,0.269956,0.591706,0.324177,3.296800,0.105264,AUT,622731.669870,0.015875,0.015544,0.015568,0.070207,0.001447,neutron,pi+,solid
514,11.0,0.284414,0.575530,0.324346,3.378370,0.098520,AUT,617168.974889,0.015910,0.015730,0.015811,0.070207,0.001472,neutron,pi+,solid
515,11.0,0.297974,0.549918,0.324484,3.381773,0.091999,AUT,592925.870627,0.016300,0.016199,0.016218,0.070207,0.001496,neutron,pi+,solid
516,11.0,0.312533,0.522576,0.324419,3.370591,0.086512,AUT,588801.610621,0.016558,0.016518,0.016480,0.070207,0.001521,neutron,pi+,solid
517,11.0,0.328596,0.498029,0.324530,3.377470,0.085386,AUT,594954.715553,0.016705,0.016708,0.016765,0.070207,0.001549,neutron,pi+,solid
518,11.0,0.346386,0.478546,0.324461,3.421086,0.088447,AUT,590884.062613,0.017249,0.017253,0.017268,0.070207,0.001580,neutron,pi+,solid
519,11.0,0.366639,0.458728,0.324472,3.470904,0.096573,AUT,615889.387248,0.017918,0.017623,0.017616,0.070207,0.001617,neutron,pi+,solid
520,11.0,0.392219,0.432901,0.324051,3.503276,0.110035,AUT,635528.850351,0.020854,0.019189,0.019141,0.070207,0.001666,neutron,pi+,solid
521,11.0,0.427741,0.414486,0.323940,3.658739,0.124843,AUT,429179.319826,0.036338,0.029383,0.029656,0.070207,0.001741,neutron,pi+,solid
522,11.0,0.241520,0.644365,0.325722,3.210816,0.249650,AUT,168578.359492,0.054252,0.043021,0.042124,0.070207,0.001397,neutron,pi+,solid
523,11.0,0.262647,0.641857,0.325965,3.480077,0.247094,AUT,110371.066812,0.059430,0.049470,0.049425,0.070207,0.001436,neutron,pi+,solid
524,11.0,0.277295,0.646139,0.325871,3.698479,0.247912,AUT,86162.025211,0.066019,0.055404,0.055821,0.070207,0.001462,neutron,pi+,solid
525,11.0,0.290260,0.634062,0.325574,3.798240,0.246443,AUT,55079.387404,0.076381,0.067334,0.067778,0.070207,0.001485,neutron,pi+,solid
526,11.0,0.305651,0.584969,0.323180,3.688352,0.272012,AUT,17735.262041,0.107170,0.116603,0.117874,0.070207,0.001510,neutron,pi+,solid
527,11.0,0.326607,0.495046,0.314226,3.335291,0.357515,AUT,6397.015743,0.166329,0.296944,0.298810,0.070207,0.001541,neutron,pi+,solid
528,11.0,0.349840,0.452340,0.316804,3.265057,0.342253,AUT,6613.605543,0.232151,0.279669,0.279789,0.070207,0.001582,neutron,pi+,solid
529,11.0,0.375115,0.422573,0.327574,3.270971,0.267512,AUT,14005.289730,0.267900,0.204715,0.203483,0.070207,0.001634,neutron,pi+,solid
530,11.0,0.403904,0.405713,0.329791,3.382164,0.232898,AUT,36888.195410,0.285677,0.182207,0.182886,0.070207,0.001692,neutron,pi+,solid
531,11.0,0.438517,0.407583,0.329080,3.689547,0.222869,AUT,36027.219720,0.481550,0.275525,0.289815,0.070207,0.001769,neutron,pi+,solid
532,11.0,0.255715,0.611582,0.321967,3.223509,0.511654,AUT,406278.502784,0.024995,0.033973,0.033956,0.070207,0.001421,neutron,pi+,solid
533,11.0,0.289607,0.561887,0.322166,3.355682,0.510096,AUT,470336.142156,0.019704,0.033259,0.033186,0.070207,0.001480,neutron,pi+,solid
534,11.0,0.326214,0.497820,0.322575,3.348121,0.505833,AUT,535442.360294,0.017759,0.034653,0.034588,0.070207,0.001544,neutron,pi+,solid
535,11.0,0.372541,0.446617,0.322884,3.429490,0.502516,AUT,559898.302980,0.022659,0.039256,0.039174,0.070207,0.001627,neutron,pi+,solid
536,11.0,0.422127,0.411820,0.322895,3.587687,0.503146,AUT,271218.899438,0.047068,0.068423,0.068754,0.070207,0.001728,neutron,pi+,solid
537,11.0,0.279268,0.587092,0.326876,3.364792,0.664556,AUT,352118.047815,0.021266,0.021446,0.021665,0.070207,0.001463,neutron,pi+,solid
538,11.0,0.364700,0.467695,0.326767,3.509035,0.661606,AUT,174994.923450,0.052892,0.043097,0.043879,0.070207,0.001615,neutron,pi+,solid
539,11.0,0.254288,0.610519,0.373817,3.200896,0.113466,AUT,703310.805074,0.014782,0.014457,0.014488,0.070207,0.001433,neutron,pi+,solid
540,11.0,0.279386,0.578550,0.374033,3.335799,0.107232,AUT,694032.184377,0.015126,0.014956,0.014933,0.070207,0.001479,neutron,pi+,solid
541,11.0,0.298010,0.547607,0.374241,3.367467,0.100896,AUT,691111.408550,0.015279,0.015235,0.015201,0.070207,0.001512,neutron,pi+,solid
542,11.0,0.317989,0.513172,0.374276,3.367320,0.097582,AUT,688114.819031,0.015532,0.015524,0.015550,0.070207,0.001548,neutron,pi+,solid
543,11.0,0.340535,0.485247,0.374278,3.409959,0.099100,AUT,692788.114714,0.015900,0.015953,0.015938,0.070207,0.001588,neutron,pi+,solid
544,11.0,0.368189,0.458508,0.373980,3.482970,0.107358,AUT,722096.252697,0.016682,0.016435,0.016462,0.070207,0.001641,neutron,pi+,solid
545,11.0,0.410620,0.423363,0.373774,3.585042,0.126116,AUT,682937.458599,0.022795,0.020123,0.020327,0.070207,0.001728,neutron,pi+,solid
546,11.0,0.244324,0.638866,0.375311,3.220039,0.260148,AUT,232110.453973,0.046827,0.036254,0.036592,0.070207,0.001416,neutron,pi+,solid
547,11.0,0.267584,0.634146,0.375789,3.502951,0.252729,AUT,156375.562104,0.048206,0.040471,0.040694,0.070207,0.001459,neutron,pi+,solid
548,11.0,0.284457,0.636430,0.375851,3.736625,0.249812,AUT,111548.428656,0.052562,0.045698,0.045979,0.070207,0.001490,neutron,pi+,solid
549,11.0,0.301752,0.609521,0.376906,3.794951,0.233826,AUT,41467.100296,0.070642,0.067468,0.068405,0.070207,0.001521,neutron,pi+,solid
550,11.0,0.329560,0.503835,0.381909,3.421746,0.213621,AUT,11455.801234,0.130558,0.127194,0.125257,0.070207,0.001571,neutron,pi+,solid
551,11.0,0.358620,0.445350,0.380170,3.295691,0.215725,AUT,31819.928723,0.185691,0.130499,0.131114,0.070207,0.001624,neutron,pi+,solid
552,11.0,0.388034,0.422197,0.377827,3.380365,0.222997,AUT,77221.331907,0.202188,0.126870,0.128023,0.070207,0.001681,neutron,pi+,solid
553,11.0,0.427434,0.409046,0.376668,3.608940,0.231594,AUT,114582.755052,0.188552,0.116066,0.117665,0.070207,0.001767,neutron,pi+,solid
554,11.0,0.259797,0.603005,0.370303,3.227626,0.540021,AUT,204231.150434,0.033879,0.051113,0.051221,0.070207,0.001442,neutron,pi+,solid
555,11.0,0.300605,0.535777,0.370436,3.318923,0.541656,AUT,246184.352987,0.025832,0.049031,0.048894,0.070207,0.001515,neutron,pi+,solid
556,11.0,0.349651,0.465982,0.370561,3.356933,0.542478,AUT,304395.492333,0.027422,0.050099,0.050106,0.070207,0.001604,neutron,pi+,solid
557,11.0,0.407079,0.414607,0.370287,3.481240,0.543496,AUT,212935.474462,0.049522,0.073088,0.072720,0.070207,0.001718,neutron,pi+,solid
558,11.0,0.287774,0.568412,0.375653,3.349097,0.670399,AUT,547252.983703,0.017213,0.022922,0.022945,0.070207,0.001492,neutron,pi+,solid
559,11.0,0.377015,0.456985,0.376701,3.547766,0.652864,AUT,228536.691731,0.036167,0.052485,0.052718,0.070207,0.001659,neutron,pi+,solid
560,11.0,0.291837,0.572190,0.376503,3.413440,0.868491,AUT,66511.625760,0.091856,0.074317,0.074962,0.070207,0.001500,neutron,pi+,solid
561,11.0,0.260601,0.600912,0.423766,3.227423,0.115320,AUT,768010.557318,0.014117,0.013975,0.014007,0.070207,0.001457,neutron,pi+,solid
562,11.0,0.291296,0.557409,0.423999,3.349759,0.110288,AUT,765010.134745,0.014540,0.014475,0.014458,0.070207,0.001514,neutron,pi+,solid
563,11.0,0.317704,0.513642,0.424083,3.366556,0.106500,AUT,768616.701469,0.014900,0.014886,0.014906,0.070207,0.001562,neutron,pi+,solid
564,11.0,0.349358,0.477212,0.424028,3.439243,0.108048,AUT,784991.622889,0.015345,0.015340,0.015286,0.070207,0.001622,neutron,pi+,solid
565,11.0,0.398216,0.434063,0.423642,3.561361,0.126185,AUT,770008.710847,0.019114,0.017752,0.017801,0.070207,0.001722,neutron,pi+,solid
566,11.0,0.247991,0.632723,0.424650,3.236507,0.272035,AUT,286320.275270,0.038124,0.030833,0.030733,0.070207,0.001434,neutron,pi+,solid
567,11.0,0.274687,0.625093,0.425286,3.544541,0.261765,AUT,198549.307917,0.037824,0.033255,0.033482,0.070207,0.001485,neutron,pi+,solid
568,11.0,0.295186,0.607367,0.426005,3.698764,0.249052,AUT,105362.883400,0.043877,0.042006,0.042043,0.070207,0.001524,neutron,pi+,solid
569,11.0,0.326028,0.507262,0.428570,3.408013,0.220287,AUT,48879.637921,0.062674,0.061141,0.061053,0.070207,0.001579,neutron,pi+,solid
570,11.0,0.360565,0.451586,0.427179,3.359293,0.226024,AUT,95560.475864,0.075804,0.060284,0.060270,0.070207,0.001644,neutron,pi+,solid
571,11.0,0.398091,0.419381,0.426121,3.444035,0.238480,AUT,172011.796041,0.087760,0.060977,0.061672,0.070207,0.001722,neutron,pi+,solid
572,11.0,0.437939,0.409450,0.425874,3.701230,0.248412,AUT,87282.372277,0.149442,0.100120,0.101519,0.070207,0.001816,neutron,pi+,solid
573,11.0,0.260715,0.605550,0.420542,3.249772,0.542397,AUT,71331.832301,0.047027,0.068589,0.068712,0.070207,0.001456,neutron,pi+,solid
574,11.0,0.312437,0.511637,0.418123,3.291238,0.563464,AUT,79808.637540,0.046256,0.101193,0.101582,0.070207,0.001550,neutron,pi+,solid
575,11.0,0.376136,0.433363,0.417319,3.355406,0.565820,AUT,88348.333754,0.067467,0.109749,0.110127,0.070207,0.001672,neutron,pi+,solid
576,11.0,0.437533,0.411867,0.413219,3.720001,0.567478,AUT,4815.684933,0.468433,0.605591,0.612280,0.070207,0.001810,neutron,pi+,solid
577,11.0,0.302697,0.540892,0.423934,3.338366,0.685338,AUT,637998.039329,0.016340,0.026802,0.026624,0.070207,0.001532,neutron,pi+,solid
578,11.0,0.390380,0.446243,0.422637,3.593963,0.662789,AUT,117067.395099,0.055123,0.090356,0.090706,0.070207,0.001705,neutron,pi+,solid
579,11.0,0.287749,0.578907,0.427167,3.408041,0.872251,AUT,108744.847531,0.040582,0.040607,0.041118,0.070207,0.001507,neutron,pi+,solid
580,11.0,0.268033,0.590296,0.473828,3.259136,0.116800,AUT,821951.156793,0.013803,0.013689,0.013710,0.070207,0.001484,neutron,pi+,solid
581,11.0,0.307638,0.528615,0.473987,3.353063,0.113178,AUT,846197.619113,0.014176,0.014139,0.014128,0.070207,0.001559,neutron,pi+,solid
582,11.0,0.350430,0.476866,0.473904,3.445087,0.112649,AUT,848874.443165,0.014891,0.014914,0.014870,0.070207,0.001641,neutron,pi+,solid
583,11.0,0.404979,0.429582,0.473500,3.586575,0.133006,AUT,421167.901167,0.027153,0.024900,0.025069,0.070207,0.001758,neutron,pi+,solid
584,11.0,0.252681,0.625949,0.474440,3.261869,0.277859,AUT,329846.018075,0.031391,0.026487,0.026592,0.070207,0.001455,neutron,pi+,solid
585,11.0,0.283689,0.610821,0.475071,3.575769,0.264401,AUT,216812.936176,0.031605,0.029506,0.029647,0.070207,0.001516,neutron,pi+,solid
586,11.0,0.315424,0.533323,0.476452,3.465164,0.232665,AUT,111539.801299,0.040012,0.039678,0.039625,0.070207,0.001575,neutron,pi+,solid
587,11.0,0.357373,0.458181,0.475955,3.376981,0.235415,AUT,158865.523018,0.046234,0.040837,0.040769,0.070207,0.001656,neutron,pi+,solid
588,11.0,0.406445,0.417950,0.475341,3.503482,0.253899,AUT,268172.110189,0.058819,0.043519,0.043995,0.070207,0.001762,neutron,pi+,solid
589,11.0,0.455061,0.408432,0.474913,3.836494,0.267013,AUT,26563.720115,0.265842,0.179925,0.184888,0.070207,0.001887,neutron,pi+,solid
590,11.0,0.257424,0.645888,0.474989,3.425219,0.467331,AUT,42576.708601,0.081667,0.074190,0.075719,0.070207,0.001465,neutron,pi+,solid
591,11.0,0.326291,0.487810,0.464735,3.271562,0.576808,AUT,11899.101710,0.151293,0.345299,0.344902,0.070207,0.001590,neutron,pi+,solid
592,11.0,0.386111,0.416646,0.461000,3.319627,0.582500,AUT,4353.496186,0.459553,0.637910,0.656634,0.070207,0.001709,neutron,pi+,solid
593,11.0,0.290785,0.557337,0.473354,3.316157,0.755591,AUT,471968.421255,0.019310,0.030522,0.030322,0.070207,0.001525,neutron,pi+,solid
594,11.0,0.366444,0.466643,0.470455,3.527333,0.704671,AUT,113250.078056,0.048957,0.086440,0.085940,0.070207,0.001673,neutron,pi+,solid
595,11.0,0.276525,0.576480,0.523822,3.280297,0.118876,AUT,878010.439703,0.013516,0.013468,0.013509,0.070207,0.001514,neutron,pi+,solid
596,11.0,0.331648,0.497234,0.523851,3.397118,0.114864,AUT,882277.738648,0.014437,0.014450,0.014403,0.070207,0.001622,neutron,pi+,solid
597,11.0,0.393343,0.439960,0.523686,3.565092,0.130417,AUT,441660.496408,0.024263,0.023140,0.023204,0.070207,0.001754,neutron,pi+,solid
598,11.0,0.258372,0.617259,0.524350,3.288180,0.280841,AUT,376715.668151,0.026257,0.023236,0.023387,0.070207,0.001480,neutron,pi+,solid
599,11.0,0.296706,0.575766,0.525278,3.520069,0.255596,AUT,225688.416297,0.028417,0.027892,0.027922,0.070207,0.001556,neutron,pi+,solid
600,11.0,0.346138,0.473530,0.525478,3.377963,0.241302,AUT,208710.046316,0.034090,0.032471,0.032439,0.070207,0.001652,neutron,pi+,solid
601,11.0,0.406112,0.420674,0.524919,3.521506,0.266081,AUT,334277.205424,0.046707,0.036255,0.036402,0.070207,0.001785,neutron,pi+,solid
602,11.0,0.256999,0.660615,0.526741,3.504330,0.443656,AUT,57044.608140,0.106369,0.082184,0.082155,0.070207,0.001479,neutron,pi+,solid
603,11.0,0.326075,0.525381,0.520341,3.495620,0.499812,AUT,290.446500,0.871852,1.246725,1.216610,0.070207,0.001610,neutron,pi+,solid
604,11.0,0.437472,0.409715,0.533551,3.700721,0.408416,AUT,582.904417,9.702222,5.471424,5.691177,0.070207,0.001871,neutron,pi+,solid
605,11.0,0.293350,0.556147,0.521854,3.335416,0.796235,AUT,309279.239933,0.024437,0.040678,0.040538,0.070207,0.001545,neutron,pi+,solid
606,11.0,0.402206,0.464928,0.509142,3.859969,0.682930,AUT,141.887857,2.312185,3.758540,3.560489,0.070207,0.001770,neutron,pi+,solid
607,11.0,0.287133,0.559530,0.573868,3.299716,0.120330,AUT,915599.156773,0.013566,0.013518,0.013532,0.070207,0.001552,neutron,pi+,solid
608,11.0,0.364030,0.466270,0.573768,3.488643,0.123276,AUT,729761.135431,0.017012,0.016895,0.016882,0.070207,0.001712,neutron,pi+,solid
609,11.0,0.264622,0.609037,0.574419,3.321521,0.281605,AUT,402896.479027,0.023479,0.021652,0.021721,0.070207,0.001508,neutron,pi+,solid
610,11.0,0.317095,0.524541,0.575174,3.421317,0.249647,AUT,265143.133146,0.026674,0.026388,0.026436,0.070207,0.001614,neutron,pi+,solid
611,11.0,0.389779,0.435645,0.573710,3.496103,0.266881,AUT,382208.956993,0.033998,0.028999,0.029085,0.070207,0.001771,neutron,pi+,solid
612,11.0,0.259083,0.655045,0.575926,3.502965,0.454962,AUT,79527.733108,0.087708,0.068044,0.069020,0.070207,0.001499,neutron,pi+,solid
613,11.0,0.409391,0.428791,0.578130,3.621962,0.409560,AUT,1763.696662,2.132208,1.286135,1.313501,0.070207,0.001822,neutron,pi+,solid
614,11.0,0.278909,0.582340,0.571150,3.333262,0.863734,AUT,149654.084450,0.037330,0.058708,0.059542,0.070207,0.001534,neutron,pi+,solid
615,11.0,0.302057,0.538654,0.623874,3.330303,0.121127,AUT,960006.155321,0.013621,0.013598,0.013596,0.070207,0.001601,neutron,pi+,solid
616,11.0,0.383017,0.453341,0.622817,3.579867,0.128005,AUT,236664.425408,0.031837,0.031220,0.031191,0.070207,0.001783,neutron,pi+,solid
617,11.0,0.272234,0.594918,0.624385,3.333329,0.279590,AUT,430258.986846,0.021416,0.020476,0.020515,0.070207,0.001542,neutron,pi+,solid
618,11.0,0.348224,0.478597,0.624190,3.425775,0.261780,AUT,369697.245088,0.025114,0.024385,0.024362,0.070207,0.001701,neutron,pi+,solid
619,11.0,0.409760,0.440940,0.618960,3.728809,0.267020,AUT,53565.084035,0.091975,0.079497,0.079957,0.070207,0.001850,neutron,pi+,solid
620,11.0,0.260733,0.648054,0.625439,3.487222,0.465416,AUT,92522.321041,0.076677,0.060329,0.061657,0.070207,0.001520,neutron,pi+,solid
621,11.0,0.385218,0.449091,0.622992,3.573085,0.410432,AUT,1465.088091,2.758764,1.739044,1.777756,0.070207,0.001788,neutron,pi+,solid
622,11.0,0.265116,0.614782,0.619830,3.355525,0.895776,AUT,52282.108337,0.065571,0.096202,0.096163,0.070207,0.001525,neutron,pi+,solid
623,11.0,0.271976,0.587881,0.673776,3.291590,0.204465,AUT,657622.357824,0.016519,0.016240,0.016249,0.070207,0.001561,neutron,pi+,solid
624,11.0,0.327441,0.504351,0.673464,3.401323,0.175535,AUT,651312.424593,0.017415,0.017402,0.017423,0.070207,0.001681,neutron,pi+,solid
625,11.0,0.378434,0.471630,0.669366,3.683104,0.173303,AUT,147024.848524,0.039790,0.039653,0.039540,0.070207,0.001801,neutron,pi+,solid
626,11.0,0.261953,0.642472,0.674936,3.472378,0.480866,AUT,104553.895891,0.066646,0.054141,0.054846,0.070207,0.001542,neutron,pi+,solid
627,11.0,0.349662,0.497330,0.670592,3.583993,0.411683,AUT,624.625961,0.655824,0.618866,0.637323,0.070207,0.001731,neutron,pi+,solid
628,11.0,0.311017,0.651862,0.323841,4.182973,0.111337,AUT,395180.541234,0.020975,0.020523,0.020574,0.070207,0.001521,neutron,pi+,solid
629,11.0,0.336526,0.632945,0.324056,4.396408,0.107228,AUT,406138.142296,0.021116,0.020757,0.020831,0.070207,0.001567,neutron,pi+,solid
630,11.0,0.358156,0.620125,0.324302,4.583716,0.104078,AUT,400889.819267,0.021599,0.021330,0.021297,0.070207,0.001606,neutron,pi+,solid
631,11.0,0.383291,0.584362,0.324396,4.620963,0.096225,AUT,388106.973436,0.022201,0.022115,0.022164,0.070207,0.001654,neutron,pi+,solid
632,11.0,0.420307,0.521538,0.324393,4.518476,0.097828,AUT,392132.155601,0.023362,0.023213,0.023194,0.070207,0.001730,neutron,pi+,solid
633,11.0,0.469408,0.455368,0.324018,4.408941,0.121205,AUT,204801.551299,0.045648,0.040016,0.040138,0.070207,0.001846,neutron,pi+,solid
634,11.0,0.304972,0.662682,0.326009,4.170745,0.239084,AUT,101404.934174,0.072318,0.056770,0.057605,0.070207,0.001511,neutron,pi+,solid
635,11.0,0.328180,0.653364,0.327033,4.425999,0.231790,AUT,65719.585173,0.074396,0.065299,0.065447,0.070207,0.001553,neutron,pi+,solid
636,11.0,0.348583,0.652620,0.327544,4.695805,0.228701,AUT,47451.967034,0.079913,0.073806,0.074536,0.070207,0.001591,neutron,pi+,solid
637,11.0,0.369415,0.632381,0.329072,4.820246,0.222131,AUT,15524.203755,0.111862,0.120910,0.120868,0.070207,0.001630,neutron,pi+,solid
638,11.0,0.423978,0.488910,0.332762,4.269651,0.215218,AUT,7309.120604,0.268183,0.218008,0.219273,0.070207,0.001741,neutron,pi+,solid
639,11.0,0.473312,0.443528,0.329064,4.331543,0.221920,AUT,28563.753681,0.506150,0.298415,0.307760,0.070207,0.001859,neutron,pi+,solid
640,11.0,0.321311,0.644523,0.321053,4.270993,0.525625,AUT,192655.962643,0.037103,0.055076,0.055084,0.070207,0.001538,neutron,pi+,solid
641,11.0,0.375698,0.589326,0.320766,4.557167,0.528950,AUT,206381.926031,0.030790,0.056037,0.055851,0.070207,0.001637,neutron,pi+,solid
642,11.0,0.451085,0.471000,0.321425,4.372991,0.525863,AUT,137363.097287,0.054593,0.089152,0.088744,0.070207,0.001798,neutron,pi+,solid
643,11.0,0.353935,0.615045,0.326621,4.461160,0.677928,AUT,261740.063460,0.026182,0.029196,0.029417,0.070207,0.001599,neutron,pi+,solid
644,11.0,0.462953,0.473658,0.328927,4.524462,0.635610,AUT,11241.225943,0.211638,0.278840,0.279664,0.070207,0.001833,neutron,pi+,solid
645,11.0,0.317444,0.646264,0.373775,4.231914,0.113292,AUT,443078.840834,0.019744,0.019530,0.019582,0.070207,0.001550,neutron,pi+,solid
646,11.0,0.350755,0.624025,0.373976,4.517078,0.110540,AUT,451035.929566,0.020291,0.020082,0.020240,0.070207,0.001612,neutron,pi+,solid
647,11.0,0.384928,0.580996,0.374203,4.611790,0.106283,AUT,452417.183090,0.020883,0.020815,0.020860,0.070207,0.001679,neutron,pi+,solid
648,11.0,0.441306,0.493293,0.374049,4.477394,0.115591,AUT,400972.686627,0.025311,0.024551,0.024528,0.070207,0.001805,neutron,pi+,solid
649,11.0,0.307555,0.659155,0.375322,4.183136,0.254259,AUT,145136.844017,0.056352,0.045936,0.046061,0.070207,0.001533,neutron,pi+,solid
650,11.0,0.334864,0.648092,0.375943,4.479689,0.242397,AUT,103789.628041,0.056378,0.050170,0.050229,0.070207,0.001584,neutron,pi+,solid
651,11.0,0.359181,0.639750,0.376564,4.741803,0.234719,AUT,65682.974911,0.060609,0.058498,0.058911,0.070207,0.001630,neutron,pi+,solid
652,11.0,0.406841,0.533206,0.378945,4.461240,0.220321,AUT,27432.617521,0.095970,0.091283,0.091675,0.070207,0.001727,neutron,pi+,solid
653,11.0,0.467754,0.450099,0.376523,4.341606,0.234548,AUT,59031.523073,0.190016,0.127413,0.127383,0.070207,0.001873,neutron,pi+,solid
654,11.0,0.325904,0.639999,0.368645,4.300419,0.552454,AUT,68233.073069,0.064346,0.109244,0.109721,0.070207,0.001564,neutron,pi+,solid
655,11.0,0.405804,0.535694,0.368256,4.448201,0.557744,AUT,76881.434789,0.054138,0.101941,0.102003,0.070207,0.001720,neutron,pi+,solid
656,11.0,0.482747,0.438830,0.367046,4.373314,0.557973,AUT,8882.003411,0.292706,0.412499,0.415780,0.070207,0.001909,neutron,pi+,solid
657,11.0,0.362898,0.601425,0.374638,4.456759,0.697512,AUT,319197.780471,0.024212,0.032736,0.032816,0.070207,0.001635,neutron,pi+,solid
658,11.0,0.325495,0.640308,0.423675,4.298155,0.114996,AUT,481584.335156,0.019136,0.019024,0.019028,0.070207,0.001581,neutron,pi+,solid
659,11.0,0.372553,0.598185,0.423828,4.594268,0.114224,AUT,495960.523676,0.019980,0.019864,0.019916,0.070207,0.001674,neutron,pi+,solid
660,11.0,0.434826,0.503763,0.423701,4.502322,0.118674,AUT,359288.224343,0.026209,0.025761,0.025741,0.070207,0.001814,neutron,pi+,solid
661,11.0,0.311829,0.655613,0.425017,4.218041,0.268465,AUT,180294.469114,0.046070,0.038879,0.039324,0.070207,0.001556,neutron,pi+,solid
662,11.0,0.344990,0.642494,0.425421,4.574946,0.252440,AUT,134095.976567,0.045144,0.041686,0.041897,0.070207,0.001621,neutron,pi+,solid
663,11.0,0.384398,0.585937,0.426655,4.634797,0.231534,AUT,69978.734085,0.054816,0.054405,0.054392,0.070207,0.001700,neutron,pi+,solid
664,11.0,0.459776,0.459551,0.425684,4.352625,0.245815,AUT,93789.852327,0.099762,0.075532,0.075835,0.070207,0.001879,neutron,pi+,solid
665,11.0,0.327701,0.639748,0.417919,4.319948,0.559936,AUT,13813.622918,0.138794,0.262750,0.261146,0.070207,0.001584,neutron,pi+,solid
666,11.0,0.415466,0.516898,0.414282,4.399071,0.577289,AUT,8242.110093,0.200004,0.394388,0.391402,0.070207,0.001763,neutron,pi+,solid
667,11.0,0.359249,0.604753,0.423327,4.442183,0.740551,AUT,251575.368336,0.027933,0.041339,0.041792,0.070207,0.001647,neutron,pi+,solid
668,11.0,0.335903,0.632978,0.473816,4.382699,0.117265,AUT,514086.115527,0.018895,0.018818,0.018790,0.070207,0.001619,neutron,pi+,solid
669,11.0,0.410861,0.540848,0.473743,4.555479,0.120307,AUT,479396.299720,0.021840,0.021644,0.021668,0.070207,0.001780,neutron,pi+,solid
670,11.0,0.317453,0.651280,0.474462,4.265130,0.278381,AUT,220861.248158,0.037981,0.033258,0.033398,0.070207,0.001583,neutron,pi+,solid
671,11.0,0.359767,0.626300,0.475335,4.646563,0.254461,AUT,152100.610409,0.038329,0.037207,0.037374,0.070207,0.001669,neutron,pi+,solid
672,11.0,0.444801,0.482245,0.475403,4.403067,0.252770,AUT,138842.319157,0.055071,0.048737,0.048686,0.070207,0.001866,neutron,pi+,solid
673,11.0,0.314321,0.665622,0.478670,4.315582,0.438594,AUT,8054.372046,0.188970,0.200103,0.202640,0.070207,0.001578,neutron,pi+,solid
674,11.0,0.442425,0.475476,0.468930,4.309120,0.527422,AUT,173.319835,2.277056,2.243667,2.171024,0.070207,0.001856,neutron,pi+,solid
675,11.0,0.351248,0.615237,0.472714,4.432384,0.802386,AUT,150404.232545,0.038018,0.059673,0.059502,0.070207,0.001649,neutron,pi+,solid
676,11.0,0.350036,0.617692,0.523847,4.447459,0.119773,AUT,547648.855102,0.018880,0.018797,0.018764,0.070207,0.001667,neutron,pi+,solid
677,11.0,0.433482,0.506615,0.523677,4.515752,0.124729,AUT,190760.069071,0.036520,0.036027,0.036128,0.070207,0.001863,neutron,pi+,solid
678,11.0,0.324329,0.646694,0.524374,4.325938,0.282535,AUT,247499.168487,0.033149,0.029968,0.030301,0.070207,0.001615,neutron,pi+,solid
679,11.0,0.389843,0.572360,0.525196,4.575762,0.254365,AUT,178943.252572,0.036258,0.035406,0.035418,0.070207,0.001756,neutron,pi+,solid
680,11.0,0.470563,0.449662,0.524414,4.364922,0.274954,AUT,66298.468558,0.112930,0.088099,0.089534,0.070207,0.001969,neutron,pi+,solid
681,11.0,0.315828,0.666276,0.528393,4.342237,0.430536,AUT,20106.530187,0.143094,0.129344,0.128891,0.070207,0.001600,neutron,pi+,solid
682,11.0,0.475323,0.440536,0.529284,4.322697,0.409174,AUT,691.946426,7.227821,4.129311,4.092161,0.070207,0.001987,neutron,pi+,solid
683,11.0,0.342421,0.627783,0.522118,4.421483,0.862615,AUT,81171.580427,0.055366,0.087579,0.087699,0.070207,0.001651,neutron,pi+,solid
684,11.0,0.323468,0.643056,0.574019,4.290108,0.205011,AUT,372863.899021,0.023330,0.022764,0.022780,0.070207,0.001634,neutron,pi+,solid
685,11.0,0.371426,0.601294,0.573973,4.602720,0.177259,AUT,368060.627265,0.024157,0.023994,0.024039,0.070207,0.001739,neutron,pi+,solid
686,11.0,0.436537,0.498618,0.573481,4.477083,0.189278,AUT,235925.593593,0.035279,0.034020,0.034018,0.070207,0.001902,neutron,pi+,solid
687,11.0,0.320516,0.660235,0.575588,4.365104,0.472077,AUT,39380.819864,0.095303,0.086094,0.088429,0.070207,0.001629,neutron,pi+,solid
688,11.0,0.429751,0.508576,0.571847,4.471674,0.508968,AUT,1674.779862,0.556601,0.473806,0.477266,0.070207,0.001883,neutron,pi+,solid
689,11.0,0.332403,0.637353,0.623906,4.367912,0.206451,AUT,401800.699473,0.022779,0.022366,0.022408,0.070207,0.001676,neutron,pi+,solid
690,11.0,0.402510,0.553707,0.623502,4.576965,0.184909,AUT,337246.112389,0.026798,0.026644,0.026747,0.070207,0.001844,neutron,pi+,solid
691,11.0,0.322577,0.658410,0.625868,4.380858,0.456321,AUT,49488.360751,0.090435,0.080168,0.079667,0.070207,0.001656,neutron,pi+,solid
692,11.0,0.430915,0.490222,0.621930,4.363050,0.413252,AUT,633.138265,1.710631,1.147129,1.230464,0.070207,0.001918,neutron,pi+,solid
693,11.0,0.344210,0.625818,0.673824,4.435065,0.208399,AUT,419762.516233,0.022654,0.022411,0.022420,0.070207,0.001730,neutron,pi+,solid
694,11.0,0.412187,0.546274,0.672106,4.643097,0.181249,AUT,114970.209755,0.046775,0.046812,0.046908,0.070207,0.001904,neutron,pi+,solid
695,11.0,0.325822,0.654295,0.674904,4.395522,0.472057,AUT,56312.460164,0.079968,0.071914,0.072566,0.070207,0.001688,neutron,pi+,solid
696,11.0,0.387727,0.651901,0.324191,5.214884,0.107990,AUT,282342.042768,0.026763,0.026453,0.026412,0.070207,0.001665,neutron,pi+,solid
697,11.0,0.418116,0.627181,0.324316,5.412202,0.101947,AUT,276351.625718,0.027707,0.027537,0.027568,0.070207,0.001728,neutron,pi+,solid
698,11.0,0.442965,0.600052,0.324390,5.485164,0.097712,AUT,271522.586842,0.028656,0.028596,0.028569,0.070207,0.001785,neutron,pi+,solid
699,11.0,0.474928,0.563063,0.324323,5.517196,0.097967,AUT,277099.637422,0.029553,0.029598,0.029545,0.070207,0.001866,neutron,pi+,solid
700,11.0,0.522706,0.521436,0.323999,5.621550,0.109845,AUT,180151.490490,0.042036,0.040833,0.040805,0.070207,0.002008,neutron,pi+,solid
701,11.0,0.381939,0.664346,0.327896,5.236339,0.227358,AUT,38301.225164,0.090252,0.084635,0.085498,0.070207,0.001655,neutron,pi+,solid
702,11.0,0.416758,0.655813,0.328842,5.641491,0.222209,AUT,15713.738841,0.118548,0.125275,0.126014,0.070207,0.001729,neutron,pi+,solid
703,11.0,0.446596,0.612946,0.331368,5.644453,0.215409,AUT,4588.534187,0.224921,0.232997,0.232681,0.070207,0.001799,neutron,pi+,solid
704,11.0,0.504937,0.521707,0.330363,5.433791,0.217194,AUT,14227.425770,0.345426,0.241636,0.243778,0.070207,0.001956,neutron,pi+,solid
705,11.0,0.546866,0.502124,0.327959,5.668048,0.225130,AUT,9374.891625,0.715094,0.449127,0.455399,0.070207,0.002095,neutron,pi+,solid
706,11.0,0.406862,0.634459,0.320036,5.320119,0.536421,AUT,105442.404713,0.046903,0.083687,0.083510,0.070207,0.001702,neutron,pi+,solid
707,11.0,0.484087,0.552418,0.319643,5.501268,0.542577,AUT,100954.585701,0.053727,0.099634,0.099700,0.070207,0.001889,neutron,pi+,solid
708,11.0,0.436710,0.606284,0.326466,5.429284,0.672183,AUT,157981.322920,0.037487,0.048783,0.049028,0.070207,0.001773,neutron,pi+,solid
709,11.0,0.394977,0.645126,0.373894,5.255972,0.111969,AUT,312373.539924,0.025708,0.025503,0.025588,0.070207,0.001703,neutron,pi+,solid
710,11.0,0.432733,0.611332,0.374094,5.458512,0.108628,AUT,309959.780522,0.026865,0.026757,0.026774,0.070207,0.001788,neutron,pi+,solid
711,11.0,0.474591,0.564485,0.374088,5.524572,0.106681,AUT,317260.343603,0.028092,0.028123,0.028039,0.070207,0.001897,neutron,pi+,solid
712,11.0,0.529869,0.516393,0.373778,5.645051,0.118485,AUT,99913.240185,0.058437,0.056708,0.056770,0.070207,0.002072,neutron,pi+,solid
713,11.0,0.386338,0.660359,0.375909,5.264312,0.238958,AUT,64819.563726,0.067282,0.063104,0.063395,0.070207,0.001686,neutron,pi+,solid
714,11.0,0.425686,0.640433,0.377547,5.625075,0.228130,AUT,29571.700277,0.086408,0.088390,0.088836,0.070207,0.001774,neutron,pi+,solid
715,11.0,0.476053,0.554115,0.378350,5.438743,0.221404,AUT,26685.812256,0.114009,0.106219,0.106062,0.070207,0.001903,neutron,pi+,solid
716,11.0,0.530398,0.511391,0.376348,5.595807,0.235675,AUT,31933.891798,0.203282,0.149849,0.150332,0.070207,0.002076,neutron,pi+,solid
717,11.0,0.412437,0.626866,0.367374,5.324344,0.562358,AUT,27826.125715,0.090966,0.198444,0.198432,0.070207,0.001738,neutron,pi+,solid
718,11.0,0.491386,0.542205,0.365965,5.486888,0.568767,AUT,13912.676055,0.168840,0.324410,0.326050,0.070207,0.001941,neutron,pi+,solid
719,11.0,0.435346,0.606109,0.373695,5.414211,0.699305,AUT,161320.779498,0.037259,0.058763,0.059183,0.070207,0.001796,neutron,pi+,solid
720,11.0,0.403506,0.637720,0.423766,5.306035,0.115918,AUT,336571.778270,0.025238,0.025097,0.025179,0.070207,0.001744,neutron,pi+,solid
721,11.0,0.456721,0.583745,0.423869,5.496502,0.112318,AUT,342299.943629,0.026713,0.026734,0.026732,0.070207,0.001876,neutron,pi+,solid
722,11.0,0.517921,0.525964,0.423735,5.617695,0.118680,AUT,119628.636709,0.051046,0.050471,0.050432,0.070207,0.002067,neutron,pi+,solid
723,11.0,0.391168,0.655786,0.425583,5.292243,0.249802,AUT,90016.283094,0.054213,0.051939,0.051910,0.070207,0.001718,neutron,pi+,solid
724,11.0,0.439837,0.611317,0.426616,5.542612,0.231182,AUT,52325.138713,0.067021,0.067041,0.066938,0.070207,0.001833,neutron,pi+,solid
725,11.0,0.510915,0.526660,0.425802,5.544074,0.243024,AUT,69163.719414,0.088524,0.077160,0.077323,0.070207,0.002045,neutron,pi+,solid
726,11.0,0.413316,0.625108,0.413081,5.314393,0.577562,AUT,2936.955590,0.288146,0.754000,0.752236,0.070207,0.001762,neutron,pi+,solid
727,11.0,0.497783,0.533348,0.408841,5.475394,0.587946,AUT,349.300776,1.909843,3.330063,3.337694,0.070207,0.001988,neutron,pi+,solid
728,11.0,0.428040,0.613460,0.422613,5.394601,0.750403,AUT,103407.912966,0.047327,0.081564,0.081504,0.070207,0.001802,neutron,pi+,solid
729,11.0,0.414158,0.627283,0.473729,5.353040,0.118885,AUT,358108.258074,0.025144,0.025022,0.025008,0.070207,0.001793,neutron,pi+,solid
730,11.0,0.486728,0.554227,0.473658,5.554060,0.117285,AUT,238896.650500,0.034223,0.034226,0.034217,0.070207,0.001997,neutron,pi+,solid
731,11.0,0.398146,0.649661,0.475078,5.334523,0.258189,AUT,116147.245112,0.046248,0.044771,0.044928,0.070207,0.001756,neutron,pi+,solid
732,11.0,0.467750,0.571099,0.475531,5.499036,0.242358,AUT,91589.169193,0.055764,0.054866,0.054818,0.070207,0.001939,neutron,pi+,solid
733,11.0,0.535483,0.509307,0.474951,5.627651,0.265785,AUT,33066.075309,0.152381,0.126064,0.126859,0.070207,0.002174,neutron,pi+,solid
734,11.0,0.381762,0.672182,0.482295,5.296299,0.420418,AUT,665.179449,0.576945,1.108182,1.084872,0.070207,0.001722,neutron,pi+,solid
735,11.0,0.548103,0.493477,0.489469,5.584632,0.408991,AUT,58.790307,30.394151,18.520417,18.762616,0.070207,0.002238,neutron,pi+,solid
736,11.0,0.417095,0.626153,0.471560,5.373740,0.807777,AUT,51008.923703,0.068985,0.123059,0.122883,0.070207,0.001799,neutron,pi+,solid
737,11.0,0.430756,0.609824,0.523808,5.401362,0.120289,AUT,378586.142756,0.025299,0.025219,0.025297,0.070207,0.001863,neutron,pi+,solid
738,11.0,0.517567,0.526963,0.523683,5.624717,0.123487,AUT,62106.227782,0.073047,0.072448,0.072452,0.070207,0.002145,neutron,pi+,solid
739,11.0,0.406430,0.640586,0.524875,5.365826,0.263951,AUT,142642.132244,0.041310,0.040534,0.040754,0.070207,0.001801,neutron,pi+,solid
740,11.0,0.493819,0.544973,0.524875,5.536489,0.260678,AUT,105340.886998,0.058145,0.055923,0.056008,0.070207,0.002059,neutron,pi+,solid
741,11.0,0.404133,0.642418,0.521929,5.344288,0.638736,AUT,7179.619552,0.177274,0.301485,0.303559,0.070207,0.001794,neutron,pi+,solid
742,11.0,0.522744,0.513565,0.526518,5.532014,0.454631,AUT,536.658410,2.275919,1.574378,1.577919,0.070207,0.002167,neutron,pi+,solid
743,11.0,0.403642,0.639282,0.574073,5.320543,0.189077,AUT,255107.871996,0.030552,0.030240,0.030226,0.070207,0.001822,neutron,pi+,solid
744,11.0,0.465834,0.574100,0.574237,5.508786,0.174369,AUT,253635.794069,0.033235,0.033211,0.033208,0.070207,0.002002,neutron,pi+,solid
745,11.0,0.531588,0.516835,0.572057,5.669692,0.196137,AUT,38620.946195,0.106625,0.101165,0.101213,0.070207,0.002250,neutron,pi+,solid
746,11.0,0.398196,0.652442,0.573633,5.341527,0.635681,AUT,11821.301764,0.140686,0.172339,0.173902,0.070207,0.001809,neutron,pi+,solid
747,11.0,0.542767,0.528543,0.561144,5.921708,0.414475,AUT,7.954297,53.883325,35.989522,33.276933,0.070207,0.002291,neutron,pi+,solid
748,11.0,0.413511,0.629085,0.624067,5.359395,0.194849,AUT,274481.102380,0.030339,0.030097,0.030116,0.070207,0.001881,neutron,pi+,solid
749,11.0,0.480797,0.560024,0.622951,5.550961,0.182089,AUT,141156.522753,0.046633,0.046737,0.046694,0.070207,0.002096,neutron,pi+,solid
750,11.0,0.396229,0.658086,0.625687,5.370562,0.457917,AUT,11099.313147,0.160972,0.170142,0.166971,0.070207,0.001836,neutron,pi+,solid
751,11.0,0.411097,0.632092,0.674004,5.354253,0.219857,AUT,220067.915422,0.034272,0.033969,0.034253,0.070207,0.001910,neutron,pi+,solid
752,11.0,0.468279,0.577319,0.670708,5.577670,0.179009,AUT,78615.599959,0.062207,0.062239,0.062418,0.070207,0.002095,neutron,pi+,solid
753,11.0,0.477288,0.643866,0.324366,6.337463,0.103663,AUT,283841.775670,0.029596,0.029368,0.029501,0.070207,0.001876,neutron,pi+,solid
754,11.0,0.540376,0.601014,0.324196,6.699034,0.101678,AUT,287212.872404,0.032269,0.032287,0.032404,0.070207,0.002072,neutron,pi+,solid
755,11.0,0.597210,0.585753,0.324044,7.222574,0.105747,AUT,93839.579495,0.062941,0.062995,0.063095,0.070207,0.002302,neutron,pi+,solid
756,11.0,0.468217,0.660548,0.330247,6.378232,0.220442,AUT,13339.854677,0.135500,0.147985,0.145824,0.070207,0.001856,neutron,pi+,solid
757,11.0,0.568500,0.567410,0.329756,6.653935,0.219269,AUT,16784.815060,0.207952,0.174343,0.175311,0.070207,0.002184,neutron,pi+,solid
758,11.0,0.625514,0.590371,0.329244,7.623369,0.219400,AUT,1092.378956,1.107422,0.856230,0.870149,0.070207,0.002447,neutron,pi+,solid
759,11.0,0.505679,0.623543,0.322281,6.489259,0.607508,AUT,125286.170875,0.046093,0.082520,0.082420,0.070207,0.001958,neutron,pi+,solid
760,11.0,0.591668,0.586694,0.319895,7.166910,0.587011,AUT,14239.782291,0.177497,0.328665,0.329423,0.070207,0.002272,neutron,pi+,solid
761,11.0,0.489833,0.634760,0.373959,6.408652,0.110934,AUT,321447.170733,0.028745,0.028620,0.028695,0.070207,0.001946,neutron,pi+,solid
762,11.0,0.567954,0.591442,0.373965,6.931447,0.110029,AUT,213751.568965,0.040138,0.040204,0.040074,0.070207,0.002227,neutron,pi+,solid
763,11.0,0.482031,0.644972,0.377627,6.402873,0.227305,AUT,35969.713268,0.085073,0.085970,0.086035,0.070207,0.001925,neutron,pi+,solid
764,11.0,0.574505,0.573248,0.376954,6.798162,0.230501,AUT,33591.821472,0.129733,0.117230,0.117703,0.070207,0.002257,neutron,pi+,solid
765,11.0,0.504403,0.627493,0.371618,6.515770,0.685203,AUT,65594.794033,0.064971,0.119512,0.119764,0.070207,0.001991,neutron,pi+,solid
766,11.0,0.635936,0.601307,0.359553,7.893267,0.571128,AUT,4.027676,16.457384,34.939297,32.998863,0.070207,0.002548,neutron,pi+,solid
767,11.0,0.508843,0.622479,0.423877,6.519831,0.115449,AUT,351636.881169,0.028713,0.028683,0.028716,0.070207,0.002043,neutron,pi+,solid
768,11.0,0.596522,0.586895,0.423804,7.228121,0.114497,AUT,56691.524074,0.084646,0.084835,0.084269,0.070207,0.002412,neutron,pi+,solid
769,11.0,0.498338,0.629403,0.426171,6.452233,0.236116,AUT,70642.411274,0.063693,0.063307,0.063342,0.070207,0.002009,neutron,pi+,solid
770,11.0,0.585720,0.573344,0.425609,6.934605,0.244768,AUT,31086.868003,0.133397,0.123906,0.123168,0.070207,0.002359,neutron,pi+,solid
771,11.0,0.491475,0.637774,0.421199,6.459680,0.751313,AUT,28438.068627,0.099008,0.190183,0.188505,0.070207,0.001983,neutron,pi+,solid
772,11.0,0.484762,0.638840,0.474138,6.384067,0.153392,AUT,222008.614853,0.035412,0.035325,0.035419,0.070207,0.001996,neutron,pi+,solid
773,11.0,0.563530,0.591349,0.474178,6.874980,0.158047,AUT,197373.614835,0.043568,0.043500,0.043429,0.070207,0.002303,neutron,pi+,solid
774,11.0,0.477508,0.648603,0.470430,6.385199,0.799802,AUT,9811.837472,0.169826,0.333678,0.332253,0.070207,0.001971,neutron,pi+,solid
775,11.0,0.497231,0.630087,0.524103,6.453400,0.167077,AUT,243050.458561,0.035253,0.035144,0.035167,0.070207,0.002077,neutron,pi+,solid
776,11.0,0.579126,0.585354,0.524133,6.997858,0.176430,AUT,101149.645143,0.064855,0.064616,0.064524,0.070207,0.002437,neutron,pi+,solid
777,11.0,0.472783,0.651907,0.519573,6.343414,0.763422,AUT,2748.797404,0.320596,0.543540,0.525933,0.070207,0.001990,neutron,pi+,solid
778,11.0,0.497956,0.629838,0.574159,6.459797,0.182979,AUT,202779.151648,0.039546,0.039391,0.039400,0.070207,0.002124,neutron,pi+,solid
779,11.0,0.577041,0.590887,0.572430,7.039347,0.175661,AUT,66289.490259,0.081006,0.080984,0.080854,0.070207,0.002491,neutron,pi+,solid
780,11.0,0.506758,0.628913,0.623280,6.564328,0.190445,AUT,186510.355631,0.042780,0.042727,0.042815,0.070207,0.002210,neutron,pi+,solid
781,11.0,0.490342,0.641466,0.671763,6.485587,0.202650,AUT,105410.165820,0.056658,0.056533,0.056471,0.070207,0.002192,neutron,pi+,solid
782,8.8,0.104995,0.653204,0.323475,1.126760,0.142973,AUT,1954792.009611,0.015031,0.010982,0.011041,0.070207,0.001730,neutron,pi+,solid
783,8.8,0.125106,0.586072,0.324139,1.210073,0.119976,AUT,1805604.260767,0.010480,0.008885,0.008893,0.070207,0.001780,neutron,pi+,solid
784,8.8,0.138997,0.557057,0.324371,1.278184,0.104981,AUT,1755566.662318,0.009096,0.008316,0.008328,0.070207,0.001816,neutron,pi+,solid
785,8.8,0.151645,0.535657,0.324433,1.341063,0.093688,AUT,1667755.597471,0.008727,0.008297,0.008310,0.070207,0.001850,neutron,pi+,solid
786,8.8,0.164010,0.516001,0.324509,1.397226,0.084731,AUT,1686426.424236,0.008422,0.008188,0.008213,0.070207,0.001884,neutron,pi+,solid
787,8.8,0.176794,0.496940,0.324561,1.450496,0.077514,AUT,1671230.177596,0.008413,0.008297,0.008311,0.070207,0.001920,neutron,pi+,solid
788,8.8,0.190304,0.482990,0.324697,1.517604,0.072708,AUT,1593994.361007,0.008679,0.008603,0.008614,0.070207,0.001958,neutron,pi+,solid
789,8.8,0.206479,0.465864,0.324736,1.587860,0.067448,AUT,1553140.192641,0.008926,0.008893,0.008885,0.070207,0.002003,neutron,pi+,solid
790,8.8,0.231412,0.438204,0.324710,1.673077,0.065392,AUT,1608822.926035,0.009066,0.009043,0.009038,0.070207,0.002072,neutron,pi+,solid
791,8.8,0.268789,0.408908,0.324660,1.813324,0.076792,AUT,711020.534152,0.015778,0.015057,0.015090,0.070207,0.002172,neutron,pi+,solid
792,8.8,0.086558,0.747080,0.323188,1.065930,0.312242,AUT,1237931.675813,0.009704,0.009631,0.009690,0.070207,0.001687,neutron,pi+,solid
793,8.8,0.098368,0.695004,0.323643,1.128488,0.302802,AUT,1124301.730108,0.009885,0.009593,0.009582,0.070207,0.001714,neutron,pi+,solid
794,8.8,0.107349,0.663305,0.323528,1.175535,0.301494,AUT,1050558.199740,0.009867,0.009618,0.009654,0.070207,0.001735,neutron,pi+,solid
795,8.8,0.115835,0.637830,0.323409,1.219789,0.305884,AUT,1021999.098764,0.009798,0.009700,0.009691,0.070207,0.001756,neutron,pi+,solid
796,8.8,0.124688,0.611389,0.323164,1.258517,0.312439,AUT,996691.618419,0.009848,0.010004,0.010001,0.070207,0.001778,neutron,pi+,solid
797,8.8,0.134101,0.582769,0.322797,1.290108,0.319492,AUT,980339.710888,0.010032,0.010670,0.010680,0.070207,0.001803,neutron,pi+,solid
798,8.8,0.144347,0.551277,0.322678,1.313582,0.326969,AUT,1002157.303974,0.010136,0.011680,0.011679,0.070207,0.001830,neutron,pi+,solid
799,8.8,0.155613,0.519241,0.322472,1.333749,0.333254,AUT,998119.338602,0.010421,0.013427,0.013486,0.070207,0.001861,neutron,pi+,solid
800,8.8,0.168038,0.486281,0.322389,1.348781,0.338596,AUT,1000981.277628,0.010636,0.015802,0.015788,0.070207,0.001895,neutron,pi+,solid
801,8.8,0.181962,0.456222,0.322283,1.370354,0.342586,AUT,1050834.950129,0.010469,0.018176,0.018127,0.070207,0.001934,neutron,pi+,solid
802,8.8,0.199230,0.438754,0.321946,1.443132,0.348190,AUT,1054440.087899,0.010641,0.020687,0.020693,0.070207,0.001982,neutron,pi+,solid
803,8.8,0.225931,0.422849,0.321606,1.576670,0.353936,AUT,1041549.449181,0.011588,0.023226,0.023275,0.070207,0.002055,neutron,pi+,solid
804,8.8,0.265550,0.404276,0.320708,1.771707,0.359722,AUT,444958.172899,0.022779,0.041727,0.041997,0.070207,0.002161,neutron,pi+,solid
805,8.8,0.089017,0.737851,0.324898,1.081602,0.483568,AUT,1483864.498882,0.008381,0.008219,0.008242,0.070207,0.001693,neutron,pi+,solid
806,8.8,0.106394,0.666676,0.324910,1.170171,0.478187,AUT,1469785.297102,0.008449,0.008179,0.008174,0.070207,0.001733,neutron,pi+,solid
807,8.8,0.121959,0.620338,0.325370,1.248457,0.474021,AUT,1518417.591207,0.008110,0.008025,0.008054,0.070207,0.001772,neutron,pi+,solid
808,8.8,0.139026,0.582026,0.325599,1.335303,0.471460,AUT,1504219.542383,0.008169,0.008231,0.008241,0.070207,0.001816,neutron,pi+,solid
809,8.8,0.158541,0.546073,0.325865,1.428611,0.469447,AUT,1480947.170197,0.008528,0.008612,0.008661,0.070207,0.001870,neutron,pi+,solid
810,8.8,0.181399,0.511162,0.325914,1.530141,0.467576,AUT,1421057.421387,0.009398,0.009376,0.009452,0.070207,0.001934,neutron,pi+,solid
811,8.8,0.214139,0.467540,0.326480,1.649602,0.466089,AUT,1385696.479170,0.011018,0.010747,0.010850,0.070207,0.002025,neutron,pi+,solid
812,8.8,0.262134,0.416148,0.326783,1.798464,0.464336,AUT,486157.936182,0.024870,0.023248,0.023115,0.070207,0.002155,neutron,pi+,solid
813,8.8,0.136375,0.641603,0.329178,1.390753,0.643689,AUT,766185.586497,0.032232,0.027263,0.024321,0.070207,0.001808,neutron,pi+,solid
814,8.8,0.112279,0.622857,0.373600,1.147907,0.136768,AUT,2137221.277687,0.010835,0.008804,0.008745,0.070207,0.001757,neutron,pi+,solid
815,8.8,0.136501,0.555135,0.374094,1.250423,0.111038,AUT,2005656.040057,0.008317,0.007692,0.007719,0.070207,0.001820,neutron,pi+,solid
816,8.8,0.153843,0.524813,0.374279,1.332686,0.096327,AUT,1910315.284526,0.007938,0.007663,0.007684,0.070207,0.001869,neutron,pi+,solid
817,8.8,0.170151,0.500591,0.374460,1.406049,0.086809,AUT,1896393.093888,0.007887,0.007771,0.007752,0.070207,0.001915,neutron,pi+,solid
818,8.8,0.187043,0.482427,0.374490,1.489763,0.081984,AUT,1859736.447574,0.008069,0.008002,0.007988,0.070207,0.001964,neutron,pi+,solid
819,8.8,0.208075,0.462377,0.374531,1.587673,0.077344,AUT,1887133.976909,0.008199,0.008158,0.008155,0.070207,0.002024,neutron,pi+,solid
820,8.8,0.247340,0.425037,0.374524,1.731351,0.082944,AUT,1822345.674943,0.009129,0.008942,0.008950,0.070207,0.002133,neutron,pi+,solid
821,8.8,0.090101,0.728457,0.373479,1.081165,0.305499,AUT,1251624.685128,0.013659,0.011302,0.011358,0.070207,0.001703,neutron,pi+,solid
822,8.8,0.104562,0.671980,0.373777,1.159698,0.294891,AUT,1027943.232765,0.013964,0.011750,0.011748,0.070207,0.001737,neutron,pi+,solid
823,8.8,0.115344,0.642851,0.373834,1.224147,0.291261,AUT,884022.034606,0.013857,0.012069,0.012090,0.070207,0.001764,neutron,pi+,solid
824,8.8,0.126114,0.619501,0.373656,1.289758,0.295297,AUT,814181.743339,0.013333,0.012146,0.012216,0.070207,0.001792,neutron,pi+,solid
825,8.8,0.137892,0.590324,0.373234,1.343656,0.302039,AUT,715057.454011,0.013522,0.012971,0.013058,0.070207,0.001824,neutron,pi+,solid
826,8.8,0.150642,0.552677,0.372700,1.374096,0.312792,AUT,647676.147741,0.013716,0.014279,0.014372,0.070207,0.001860,neutron,pi+,solid
827,8.8,0.165099,0.504033,0.372102,1.373086,0.327545,AUT,608576.839804,0.014034,0.016811,0.016911,0.070207,0.001901,neutron,pi+,solid
828,8.8,0.181685,0.452140,0.371423,1.355371,0.343656,AUT,587610.631901,0.014504,0.021254,0.021337,0.070207,0.001948,neutron,pi+,solid
829,8.8,0.203198,0.416867,0.370194,1.397916,0.362737,AUT,500381.228788,0.016370,0.031364,0.031244,0.070207,0.002009,neutron,pi+,solid
830,8.8,0.241569,0.404136,0.368178,1.610856,0.374171,AUT,336170.206590,0.024239,0.045636,0.045819,0.070207,0.002114,neutron,pi+,solid
831,8.8,0.090234,0.731943,0.374195,1.087255,0.490624,AUT,1387476.939649,0.008634,0.008366,0.008347,0.070207,0.001703,neutron,pi+,solid
832,8.8,0.109823,0.649625,0.374160,1.176470,0.491474,AUT,1594085.754231,0.009321,0.008725,0.008728,0.070207,0.001750,neutron,pi+,solid
833,8.8,0.129217,0.590901,0.374311,1.259423,0.485602,AUT,1803836.840272,0.008549,0.008747,0.008752,0.070207,0.001801,neutron,pi+,solid
834,8.8,0.150855,0.544027,0.374615,1.353884,0.481252,AUT,1783400.621953,0.008032,0.009029,0.009058,0.070207,0.001860,neutron,pi+,solid
835,8.8,0.175443,0.501044,0.374864,1.450145,0.477675,AUT,1783966.901758,0.007949,0.009456,0.009479,0.070207,0.001931,neutron,pi+,solid
836,8.8,0.209977,0.459572,0.375027,1.590077,0.474490,AUT,1881158.177992,0.008459,0.010758,0.010771,0.070207,0.002029,neutron,pi+,solid
837,8.8,0.259510,0.414589,0.375016,1.773924,0.469050,AUT,666366.999987,0.018492,0.024159,0.024263,0.070207,0.002167,neutron,pi+,solid
838,8.8,0.115029,0.661648,0.377444,1.235112,0.659597,AUT,1265031.033727,0.009626,0.010398,0.010408,0.070207,0.001764,neutron,pi+,solid
839,8.8,0.194151,0.511667,0.377369,1.621796,0.655344,AUT,587319.310675,0.032224,0.025589,0.025527,0.070207,0.001982,neutron,pi+,solid
840,8.8,0.119920,0.594975,0.423601,1.170180,0.130248,AUT,2370753.534656,0.008614,0.007451,0.007520,0.070207,0.001784,neutron,pi+,solid
841,8.8,0.148899,0.527597,0.424033,1.296092,0.104082,AUT,2185753.967437,0.007425,0.007161,0.007191,0.070207,0.001864,neutron,pi+,solid
842,8.8,0.170694,0.495695,0.424275,1.396456,0.092637,AUT,2061728.527112,0.007551,0.007458,0.007468,0.070207,0.001928,neutron,pi+,solid
843,8.8,0.193215,0.472996,0.424392,1.508645,0.088063,AUT,2088101.718103,0.007723,0.007669,0.007664,0.070207,0.001994,neutron,pi+,solid
844,8.8,0.228442,0.441175,0.424435,1.660677,0.088468,AUT,2131208.767100,0.008094,0.008027,0.008003,0.070207,0.002095,neutron,pi+,solid
845,8.8,0.277181,0.403858,0.424153,1.847513,0.108484,AUT,337398.377906,0.026132,0.023654,0.023762,0.070207,0.002234,neutron,pi+,solid
846,8.8,0.094060,0.710339,0.423711,1.099466,0.300747,AUT,1255937.415554,0.022796,0.015537,0.015657,0.070207,0.001717,neutron,pi+,solid
847,8.8,0.111933,0.649315,0.424229,1.199524,0.287218,AUT,1039994.702956,0.020625,0.015088,0.015126,0.070207,0.001762,neutron,pi+,solid
848,8.8,0.126373,0.626263,0.424413,1.306601,0.281400,AUT,836282.293904,0.020292,0.015635,0.015655,0.070207,0.001801,neutron,pi+,solid
849,8.8,0.141511,0.606316,0.424169,1.416361,0.279765,AUT,634468.764411,0.020905,0.017097,0.017098,0.070207,0.001843,neutron,pi+,solid
850,8.8,0.158102,0.573296,0.423704,1.495710,0.283962,AUT,465940.108769,0.022086,0.019428,0.019628,0.070207,0.001892,neutron,pi+,solid
851,8.8,0.177480,0.515757,0.422623,1.509500,0.300139,AUT,347209.901160,0.023556,0.023750,0.023995,0.070207,0.001949,neutron,pi+,solid
852,8.8,0.201390,0.441835,0.420054,1.465115,0.337431,AUT,173525.437455,0.030986,0.042311,0.042461,0.070207,0.002017,neutron,pi+,solid
853,8.8,0.252326,0.394599,0.419584,1.644276,0.337418,AUT,39524.925755,0.089416,0.093069,0.096755,0.070207,0.002160,neutron,pi+,solid
854,8.8,0.092547,0.721780,0.423598,1.098746,0.494973,AUT,1324979.912419,0.008306,0.008334,0.008377,0.070207,0.001714,neutron,pi+,solid
855,8.8,0.115834,0.624610,0.423489,1.192274,0.499914,AUT,1463349.501352,0.010141,0.009962,0.009991,0.070207,0.001773,neutron,pi+,solid
856,8.8,0.140223,0.551634,0.423526,1.274923,0.497939,AUT,1753654.348563,0.009543,0.011348,0.011305,0.070207,0.001839,neutron,pi+,solid
857,8.8,0.169498,0.491365,0.423764,1.372765,0.492436,AUT,1888245.551117,0.007977,0.011411,0.011421,0.070207,0.001924,neutron,pi+,solid
858,8.8,0.213058,0.444202,0.423754,1.557954,0.492027,AUT,2095832.667607,0.007964,0.013204,0.013195,0.070207,0.002050,neutron,pi+,solid
859,8.8,0.273174,0.405024,0.423293,1.825821,0.497461,AUT,258721.240758,0.033779,0.055829,0.056150,0.070207,0.002222,neutron,pi+,solid
860,8.8,0.107700,0.674519,0.425704,1.186331,0.670597,AUT,1411522.234892,0.008145,0.008393,0.008411,0.070207,0.001752,neutron,pi+,solid
861,8.8,0.172175,0.537133,0.426007,1.512170,0.665984,AUT,1208002.731255,0.011264,0.010526,0.010626,0.070207,0.001930,neutron,pi+,solid
862,8.8,0.251882,0.443178,0.425423,1.841615,0.652883,AUT,51866.208949,0.094215,0.073818,0.073669,0.070207,0.002164,neutron,pi+,solid
863,8.8,0.127250,0.571407,0.473761,1.191801,0.125371,AUT,2451699.040346,0.007548,0.006940,0.006963,0.070207,0.001810,neutron,pi+,solid
864,8.8,0.161584,0.503271,0.474280,1.341295,0.100485,AUT,2292972.774352,0.007119,0.007019,0.007039,0.070207,0.001910,neutron,pi+,solid
865,8.8,0.191120,0.470915,0.474278,1.485287,0.095692,AUT,2349067.150640,0.007281,0.007228,0.007249,0.070207,0.001999,neutron,pi+,solid
866,8.8,0.236181,0.434010,0.474281,1.686740,0.101406,AUT,2006091.562539,0.008603,0.008461,0.008445,0.070207,0.002131,neutron,pi+,solid
867,8.8,0.098490,0.690908,0.473915,1.118352,0.300638,AUT,1333915.557016,0.028811,0.018873,0.018781,0.070207,0.001733,neutron,pi+,solid
868,8.8,0.120566,0.628342,0.474369,1.250379,0.283071,AUT,1040788.981706,0.025036,0.017602,0.017706,0.070207,0.001792,neutron,pi+,solid
869,8.8,0.139536,0.612800,0.474667,1.411786,0.274544,AUT,744783.869203,0.025538,0.019061,0.019141,0.070207,0.001846,neutron,pi+,solid
870,8.8,0.160411,0.597752,0.474751,1.582769,0.266377,AUT,469931.453551,0.028134,0.022253,0.022427,0.070207,0.001908,neutron,pi+,solid
871,8.8,0.184217,0.570044,0.474797,1.732773,0.258036,AUT,239239.063583,0.033229,0.029195,0.029254,0.070207,0.001982,neutron,pi+,solid
872,8.8,0.248158,0.434506,0.478084,1.755505,0.228379,AUT,75718.259387,0.071567,0.056842,0.058247,0.070207,0.002165,neutron,pi+,solid
873,8.8,0.095031,0.712147,0.473858,1.112324,0.501732,AUT,1154504.202974,0.008916,0.009004,0.009009,0.070207,0.001725,neutron,pi+,solid
874,8.8,0.123182,0.600465,0.473103,1.217415,0.510957,AUT,1230212.273195,0.009874,0.010511,0.010507,0.070207,0.001799,neutron,pi+,solid
875,8.8,0.155167,0.505129,0.472993,1.290198,0.513819,AUT,1510625.669685,0.009553,0.014055,0.014008,0.070207,0.001890,neutron,pi+,solid
876,8.8,0.201069,0.441525,0.472671,1.462290,0.513359,AUT,1746924.829428,0.008526,0.015630,0.015582,0.070207,0.002026,neutron,pi+,solid
877,8.8,0.262499,0.411034,0.470461,1.780545,0.523597,AUT,212471.639011,0.033959,0.057810,0.057589,0.070207,0.002207,neutron,pi+,solid
878,8.8,0.109972,0.660256,0.474984,1.184555,0.681839,AUT,1574108.393274,0.008546,0.008143,0.008147,0.070207,0.001763,neutron,pi+,solid
879,8.8,0.176483,0.531430,0.475440,1.533615,0.668324,AUT,1459560.630378,0.008924,0.009556,0.009582,0.070207,0.001952,neutron,pi+,solid
880,8.8,0.128864,0.641531,0.477157,1.330512,0.869623,AUT,423714.783402,0.021205,0.021759,0.022118,0.070207,0.001814,neutron,pi+,solid
881,8.8,0.135636,0.547969,0.523914,1.216880,0.120064,AUT,2599187.781059,0.006876,0.006571,0.006595,0.070207,0.001841,neutron,pi+,solid
882,8.8,0.178087,0.479740,0.524174,1.408911,0.101998,AUT,2517213.990211,0.006912,0.006864,0.006867,0.070207,0.001970,neutron,pi+,solid
883,8.8,0.227433,0.442068,0.524102,1.653307,0.106444,AUT,2212001.480412,0.008053,0.007965,0.007970,0.070207,0.002119,neutron,pi+,solid
884,8.8,0.104091,0.669039,0.524134,1.142934,0.299854,AUT,1442967.330899,0.024714,0.016600,0.016675,0.070207,0.001754,neutron,pi+,solid
885,8.8,0.131164,0.609311,0.524448,1.319263,0.280790,AUT,974005.190385,0.023137,0.016947,0.017090,0.070207,0.001829,neutron,pi+,solid
886,8.8,0.156038,0.598713,0.524851,1.542311,0.270224,AUT,621357.340776,0.024372,0.019196,0.019250,0.070207,0.001905,neutron,pi+,solid
887,8.8,0.185078,0.578693,0.525453,1.766278,0.250835,AUT,292607.825802,0.028666,0.024893,0.025162,0.070207,0.001997,neutron,pi+,solid
888,8.8,0.251841,0.415316,0.527200,1.717777,0.222046,AUT,125670.314056,0.062196,0.047562,0.048461,0.070207,0.002192,neutron,pi+,solid
889,8.8,0.098353,0.700134,0.523467,1.130649,0.502018,AUT,1040671.073465,0.010442,0.010107,0.010092,0.070207,0.001738,neutron,pi+,solid
890,8.8,0.132806,0.572828,0.522936,1.249527,0.518533,AUT,959136.454495,0.010379,0.011605,0.011614,0.070207,0.001834,neutron,pi+,solid
891,8.8,0.176325,0.459001,0.521579,1.332085,0.530893,AUT,1093959.401409,0.010408,0.018483,0.018515,0.070207,0.001963,neutron,pi+,solid
892,8.8,0.230196,0.434299,0.518632,1.649977,0.541717,AUT,253183.938171,0.025973,0.049329,0.048832,0.070207,0.002127,neutron,pi+,solid
893,8.8,0.113994,0.642282,0.524591,1.190480,0.686686,AUT,1633269.418557,0.009288,0.008797,0.008801,0.070207,0.001780,neutron,pi+,solid
894,8.8,0.179751,0.524417,0.524596,1.547056,0.672685,AUT,1303115.838400,0.010069,0.013529,0.013530,0.070207,0.001974,neutron,pi+,solid
895,8.8,0.123458,0.656557,0.526399,1.309918,0.879991,AUT,659141.850576,0.012592,0.013186,0.013324,0.070207,0.001807,neutron,pi+,solid
896,8.8,0.145256,0.525567,0.574051,1.248266,0.117437,AUT,2819649.350322,0.006462,0.006302,0.006312,0.070207,0.001880,neutron,pi+,solid
897,8.8,0.204723,0.457382,0.574073,1.541052,0.108344,AUT,2841282.102941,0.006815,0.006783,0.006787,0.070207,0.002065,neutron,pi+,solid
898,8.8,0.271739,0.408057,0.573874,1.829715,0.121904,AUT,219983.381036,0.029840,0.028395,0.028385,0.070207,0.002274,neutron,pi+,solid
899,8.8,0.109710,0.649440,0.574065,1.167895,0.299471,AUT,1475195.924369,0.021382,0.014919,0.014988,0.070207,0.001776,neutron,pi+,solid
900,8.8,0.143531,0.594026,0.574414,1.407465,0.279002,AUT,921286.928531,0.019767,0.015506,0.015574,0.070207,0.001877,neutron,pi+,solid
901,8.8,0.178243,0.573232,0.575072,1.684128,0.261833,AUT,471879.893412,0.022208,0.019246,0.019398,0.070207,0.001988,neutron,pi+,solid
902,8.8,0.242430,0.427467,0.576095,1.699455,0.228302,AUT,202106.935050,0.038623,0.032821,0.032937,0.070207,0.002182,neutron,pi+,solid
903,8.8,0.102191,0.689394,0.573793,1.155732,0.497674,AUT,935710.673542,0.013654,0.011978,0.012011,0.070207,0.001755,neutron,pi+,solid
904,8.8,0.143855,0.549247,0.572399,1.294149,0.520365,AUT,640986.856413,0.013190,0.014638,0.014680,0.070207,0.001876,neutron,pi+,solid
905,8.8,0.191949,0.462711,0.568442,1.466290,0.549772,AUT,235065.741842,0.023155,0.046146,0.045963,0.070207,0.002023,neutron,pi+,solid
906,8.8,0.120023,0.622504,0.573868,1.209019,0.689758,AUT,1656218.543777,0.009380,0.009389,0.009397,0.070207,0.001805,neutron,pi+,solid
907,8.8,0.183857,0.526341,0.572312,1.594294,0.682020,AUT,693667.250933,0.014826,0.022673,0.022832,0.070207,0.002002,neutron,pi+,solid
908,8.8,0.121700,0.658886,0.575379,1.300414,0.889002,AUT,789407.424486,0.011499,0.011474,0.011322,0.070207,0.001811,neutron,pi+,solid
909,8.8,0.155187,0.508149,0.623911,1.287780,0.116700,AUT,2959383.170521,0.006310,0.006233,0.006238,0.070207,0.001922,neutron,pi+,solid
910,8.8,0.219600,0.455022,0.622909,1.644536,0.111892,AUT,1499130.628984,0.009670,0.009644,0.009651,0.070207,0.002131,neutron,pi+,solid
911,8.8,0.116129,0.629813,0.624022,1.197247,0.297997,AUT,1514716.509886,0.017951,0.013172,0.013239,0.070207,0.001804,neutron,pi+,solid
912,8.8,0.160194,0.577434,0.624495,1.526093,0.275793,AUT,819922.684060,0.017191,0.014623,0.014712,0.070207,0.001943,neutron,pi+,solid
913,8.8,0.217574,0.489479,0.623953,1.739606,0.238661,AUT,288256.748518,0.025091,0.023423,0.023475,0.070207,0.002127,neutron,pi+,solid
914,8.8,0.106168,0.681322,0.624030,1.185483,0.492061,AUT,875362.354260,0.019870,0.015109,0.015279,0.070207,0.001775,neutron,pi+,solid
915,8.8,0.152191,0.578126,0.622373,1.445513,0.503479,AUT,281452.955054,0.023902,0.023404,0.023318,0.070207,0.001916,neutron,pi+,solid
916,8.8,0.247103,0.475187,0.605146,1.938880,0.570040,AUT,49.427790,20.523330,31.878836,34.563762,0.070207,0.002218,neutron,pi+,solid
917,8.8,0.127468,0.618658,0.622658,1.272802,0.697416,AUT,1456731.473936,0.009233,0.009743,0.009728,0.070207,0.001837,neutron,pi+,solid
918,8.8,0.210212,0.534923,0.616151,1.855633,0.683135,AUT,29428.381314,0.070436,0.135939,0.136029,0.070207,0.002107,neutron,pi+,solid
919,8.8,0.117206,0.668768,0.623462,1.276363,0.902261,AUT,691552.410449,0.013658,0.012977,0.012883,0.070207,0.001807,neutron,pi+,solid
920,8.8,0.121899,0.596846,0.673903,1.190200,0.238897,AUT,1938371.069026,0.009998,0.008595,0.008631,0.070207,0.001832,neutron,pi+,solid
921,8.8,0.162310,0.521023,0.673533,1.394995,0.170100,AUT,1843398.500779,0.008416,0.008158,0.008201,0.070207,0.001964,neutron,pi+,solid
922,8.8,0.207783,0.493714,0.672267,1.688804,0.141209,AUT,1280955.709920,0.010383,0.010332,0.010340,0.070207,0.002117,neutron,pi+,solid
923,8.8,0.110915,0.672849,0.674225,1.222724,0.487415,AUT,840418.543128,0.028333,0.019666,0.019682,0.070207,0.001800,neutron,pi+,solid
924,8.8,0.161278,0.629681,0.675073,1.675720,0.459124,AUT,89402.706484,0.072694,0.055007,0.057311,0.070207,0.001967,neutron,pi+,solid
925,8.8,0.112551,0.673285,0.671863,1.232148,0.774491,AUT,1205276.390198,0.009501,0.009387,0.009369,0.070207,0.001804,neutron,pi+,solid
926,8.8,0.202563,0.566982,0.658834,1.896312,0.680437,AUT,2242.712949,0.286359,0.767490,0.755767,0.070207,0.002102,neutron,pi+,solid
927,8.8,0.238021,0.547223,0.324546,2.141865,0.077507,AUT,1062103.414210,0.011293,0.011212,0.011232,0.070207,0.002093,neutron,pi+,solid
928,8.8,0.291210,0.489887,0.324630,2.353078,0.074582,AUT,1057285.205605,0.012158,0.012089,0.012096,0.070207,0.002235,neutron,pi+,solid
929,8.8,0.340064,0.453256,0.324673,2.543844,0.092215,AUT,547680.962314,0.020871,0.019270,0.019299,0.070207,0.002365,neutron,pi+,solid
930,8.8,0.244751,0.532752,0.318509,2.139894,0.366168,AUT,286703.975604,0.022103,0.041531,0.041467,0.070207,0.002107,neutron,pi+,solid
931,8.8,0.309945,0.454584,0.317992,2.322501,0.371671,AUT,275715.807983,0.028791,0.053500,0.053708,0.070207,0.002280,neutron,pi+,solid
932,8.8,0.375080,0.445465,0.317011,2.759369,0.373830,AUT,9785.203804,0.202983,0.320901,0.325563,0.070207,0.002458,neutron,pi+,solid
933,8.8,0.262176,0.521377,0.325310,2.239278,0.467702,AUT,1066631.106085,0.011818,0.015078,0.015041,0.070207,0.002156,neutron,pi+,solid
934,8.8,0.337415,0.454439,0.325551,2.530161,0.464949,AUT,342053.513982,0.029999,0.035447,0.035818,0.070207,0.002358,neutron,pi+,solid
935,8.8,0.246544,0.536325,0.374402,2.172079,0.086369,AUT,1238918.832993,0.010647,0.010612,0.010604,0.070207,0.002135,neutron,pi+,solid
936,8.8,0.315519,0.471595,0.374386,2.450539,0.096373,AUT,1142623.699646,0.012830,0.012442,0.012445,0.070207,0.002324,neutron,pi+,solid
937,8.8,0.239924,0.543859,0.368810,2.128999,0.337922,AUT,65659.617845,0.047680,0.068087,0.067997,0.070207,0.002112,neutron,pi+,solid
938,8.8,0.326945,0.439889,0.370411,2.374286,0.324878,AUT,32865.531161,0.118063,0.111957,0.114188,0.070207,0.002352,neutron,pi+,solid
939,8.8,0.260512,0.519780,0.374009,2.218699,0.518439,AUT,1068284.890863,0.011983,0.015240,0.015303,0.070207,0.002171,neutron,pi+,solid
940,8.8,0.333010,0.454990,0.373512,2.500047,0.502210,AUT,367549.989582,0.028923,0.039244,0.039733,0.070207,0.002372,neutron,pi+,solid
941,8.8,0.257550,0.524792,0.424295,2.217860,0.095493,AUT,1379416.637701,0.010352,0.010279,0.010302,0.070207,0.002182,neutron,pi+,solid
942,8.8,0.327133,0.463167,0.424032,2.498198,0.110766,AUT,627540.089552,0.018490,0.017548,0.017557,0.070207,0.002379,neutron,pi+,solid
943,8.8,0.228958,0.572772,0.426823,2.134521,0.229165,AUT,46114.199293,0.067735,0.062968,0.063291,0.070207,0.002099,neutron,pi+,solid
944,8.8,0.343257,0.438572,0.428886,2.487828,0.218711,AUT,46575.187137,0.269270,0.168350,0.166843,0.070207,0.002426,neutron,pi+,solid
945,8.8,0.270295,0.509941,0.423288,2.252956,0.560035,AUT,941511.006312,0.012914,0.019132,0.019108,0.070207,0.002215,neutron,pi+,solid
946,8.8,0.353938,0.449260,0.421392,2.625690,0.539383,AUT,66236.593552,0.078056,0.123147,0.123708,0.070207,0.002455,neutron,pi+,solid
947,8.8,0.274252,0.509492,0.474069,2.285811,0.105965,AUT,1566564.997643,0.010058,0.009958,0.009973,0.070207,0.002244,neutron,pi+,solid
948,8.8,0.363628,0.447821,0.473852,2.688937,0.129226,AUT,82658.259795,0.064364,0.056639,0.057424,0.070207,0.002511,neutron,pi+,solid
949,8.8,0.264711,0.518391,0.477267,2.211040,0.226686,AUT,113488.928859,0.051295,0.043911,0.043946,0.070207,0.002213,neutron,pi+,solid
950,8.8,0.354686,0.444000,0.476209,2.600917,0.233020,AUT,45434.931888,0.205865,0.136027,0.136063,0.070207,0.002484,neutron,pi+,solid
951,8.8,0.266813,0.516672,0.472999,2.255111,0.615123,AUT,622339.863968,0.015739,0.024840,0.024575,0.070207,0.002223,neutron,pi+,solid
952,8.8,0.249949,0.533104,0.524328,2.187299,0.121913,AUT,903913.466353,0.012845,0.012756,0.012812,0.070207,0.002195,neutron,pi+,solid
953,8.8,0.319781,0.468366,0.524206,2.467582,0.142903,AUT,652316.251169,0.018318,0.017410,0.017430,0.070207,0.002403,neutron,pi+,solid
954,8.8,0.254068,0.534819,0.522448,2.230625,0.665804,AUT,338875.051999,0.020817,0.035487,0.035630,0.070207,0.002205,neutron,pi+,solid
955,8.8,0.261380,0.521530,0.574246,2.234294,0.134436,AUT,985410.084940,0.012688,0.012594,0.012563,0.070207,0.002249,neutron,pi+,solid
956,8.8,0.333694,0.457585,0.573547,2.519547,0.162237,AUT,309242.985556,0.029149,0.026808,0.027007,0.070207,0.002473,neutron,pi+,solid
957,8.8,0.242151,0.554688,0.570780,2.210282,0.699777,AUT,135305.338401,0.034558,0.061044,0.059684,0.070207,0.002191,neutron,pi+,solid
958,8.8,0.263907,0.521106,0.623880,2.254173,0.144559,AUT,865164.896270,0.013679,0.013583,0.013634,0.070207,0.002281,neutron,pi+,solid
959,8.8,0.335842,0.472685,0.619320,2.620347,0.153909,AUT,92953.667790,0.049859,0.047693,0.047886,0.070207,0.002512,neutron,pi+,solid
960,8.8,0.258581,0.535353,0.672540,2.274651,0.152771,AUT,602518.168452,0.016353,0.016282,0.016376,0.070207,0.002292,neutron,pi+,solid
961,8.8,0.359847,0.562750,0.324562,3.338687,0.078198,AUT,536010.992331,0.018301,0.018311,0.018278,0.070207,0.002425,neutron,pi+,solid
962,8.8,0.426235,0.525846,0.324409,3.698553,0.095367,AUT,203344.992883,0.034636,0.033508,0.033515,0.070207,0.002628,neutron,pi+,solid
963,8.8,0.363574,0.554675,0.314818,3.318964,0.379272,AUT,28806.623710,0.083641,0.183600,0.181722,0.070207,0.002429,neutron,pi+,solid
964,8.8,0.445250,0.508146,0.320892,3.736138,0.321884,AUT,2330.382427,0.527276,0.504440,0.508860,0.070207,0.002691,neutron,pi+,solid
965,8.8,0.376577,0.552696,0.324329,3.424310,0.504196,AUT,416053.623385,0.023373,0.030886,0.031083,0.070207,0.002473,neutron,pi+,solid
966,8.8,0.375748,0.554213,0.374174,3.426928,0.094167,AUT,635177.302064,0.017471,0.017419,0.017462,0.070207,0.002502,neutron,pi+,solid
967,8.8,0.463516,0.510270,0.373536,3.905744,0.119357,AUT,7888.763028,0.222264,0.199227,0.199275,0.070207,0.002807,neutron,pi+,solid
968,8.8,0.360685,0.559294,0.372244,3.324507,0.515715,AUT,170493.793359,0.033803,0.063087,0.062687,0.070207,0.002456,neutron,pi+,solid
969,8.8,0.429352,0.519528,0.372777,3.681576,0.481215,AUT,61884.886322,0.080573,0.097718,0.098018,0.070207,0.002676,neutron,pi+,solid
970,8.8,0.356138,0.564619,0.424299,3.315686,0.102160,AUT,378478.441896,0.022194,0.022184,0.022152,0.070207,0.002471,neutron,pi+,solid
971,8.8,0.421563,0.529163,0.424330,3.680285,0.125684,AUT,187148.843534,0.037073,0.035730,0.035784,0.070207,0.002685,neutron,pi+,solid
972,8.8,0.369881,0.558021,0.422945,3.399276,0.611280,AUT,167615.670323,0.035789,0.061373,0.062159,0.070207,0.002512,neutron,pi+,solid
973,8.8,0.367978,0.558676,0.474246,3.386936,0.118009,AUT,415501.883440,0.021865,0.021820,0.021781,0.070207,0.002535,neutron,pi+,solid
974,8.8,0.440026,0.516667,0.474150,3.753411,0.152817,AUT,64008.755090,0.072633,0.066769,0.066916,0.070207,0.002790,neutron,pi+,solid
975,8.8,0.357403,0.566865,0.471545,3.340577,0.657185,AUT,85718.352095,0.048609,0.094358,0.095148,0.070207,0.002500,neutron,pi+,solid
976,8.8,0.368492,0.558144,0.524248,3.388399,0.133009,AUT,358215.826260,0.023857,0.023812,0.023724,0.070207,0.002567,neutron,pi+,solid
977,8.8,0.440968,0.516145,0.524273,3.757742,0.170749,AUT,51768.596341,0.083502,0.076180,0.076115,0.070207,0.002835,neutron,pi+,solid
978,8.8,0.375525,0.554635,0.573856,3.427500,0.152423,AUT,336994.110842,0.025273,0.025127,0.025195,0.070207,0.002626,neutron,pi+,solid
979,8.8,0.368174,0.561371,0.623382,3.406163,0.149353,AUT,240313.136479,0.029767,0.029813,0.029714,0.070207,0.002639,neutron,pi+,solid
980,8.8,0.455367,0.568695,0.323793,4.272445,0.211114,AUT,218202.474972,0.033119,0.033448,0.033248,0.070207,0.002736,neutron,pi+,solid
981,8.8,0.504838,0.567468,0.323762,4.731050,0.211651,AUT,44564.874939,0.081491,0.080466,0.080459,0.070207,0.002943,neutron,pi+,solid
982,8.8,0.462498,0.569336,0.373890,4.344785,0.211469,AUT,211039.930473,0.034549,0.034402,0.034525,0.070207,0.002809,neutron,pi+,solid
983,8.8,0.461872,0.569936,0.423675,4.343634,0.180932,AUT,160974.361708,0.040133,0.039662,0.039992,0.070207,0.002848,neutron,pi+,solid
984,8.8,0.462261,0.569724,0.474202,4.345518,0.151603,AUT,122634.234201,0.046737,0.046431,0.046283,0.070207,0.002892,neutron,pi+,solid
985,8.8,0.463163,0.569178,0.524123,4.349939,0.151192,AUT,99934.548706,0.053045,0.052535,0.052418,0.070207,0.002943,neutron,pi+,solid
