Nu	Nd	a	b	c	kt2	Nu_err	Nd_err	a_err	b_err	c_err	kt2_err	chi2	ndof	edm
0.4009506722965607	-0.4535307412065251	1.0051560269149324	2.9727340585833364	0.009067840070818662	0.2517996274555449	0.016133718363671785	0.017763781091378803	0.019183098534658452	0.08143558982980738	0.061005681584079	0.0029822440386403056	1586.2682442414298	1800	0.00019972705303143593
0.40607010770551716	-0.44865234200648574	1.0165086768282945	3.0208047548090757	0.0037932979336529667	0.2532833556824207	0.016475961483903137	0.01773910982917621	0.01939703967855909	0.08248729858932502	0.061411389057291606	0.0030259091217719283	1661.1117352203855	1800	3.4062735044407853e-06
0.23951302003731104	-0.27493609039801187	0.9250890196196595	3.0000750300972943	1.0215145767774743	0.25089075046076426	0.11578031583391779	0.13257964238135125	0.06652229427806876	0.09086608377841648	1.2461892412915643	0.0030026252939814317	1638.862001287958	1800	0.00016400865061452972
0.39784229405091387	-0.44764917874729865	1.0026137870001994	3.030277899480262	-0.00646104587400629	0.24419176467345613	0.016180860860692467	0.01772599286686922	0.019429283284456582	0.08302625096789813	0.06127454264643063	0.0029831139069878107	1708.4415497513269	1800	4.032434839329366e-05
0.24484216414265958	-0.26947191801093084	0.9640276646684127	3.1816946939161976	1.0239028708816296	0.2461919869240557	0.045876037920739736	0.05139351446120156	0.029491301522988747	0.08358596791104249	0.48825362648056253	0.002946890259662106	1555.501536085601	1800	0.0003281503980923766
0.27278034061230366	-0.305198915133336	0.9356852641598131	3.0253506470886378	0.7222442311687756	0.24839337278323667	0.1241810664510061	0.13882211938821346	0.0661897831492339	0.08668325448828271	1.0450100716846973	0.0030152142310084524	1626.0123609613852	1800	0.00016116294117542323
0.4019520347604073	-0.4494590262008544	0.9882312396749201	2.9351736778163198	-0.0011891023119745456	0.25035773742209483	0.016273611568427528	0.017722247014245022	0.01915054862321062	0.08144618780794903	0.061051366691479064	0.0029973893806445164	1532.700823970527	1800	9.976344754566155e-06
0.23734156951832933	-0.2686182845403504	0.9571928797972064	3.138860499273837	1.0911533192354013	0.2530418334955065	0.06276893334975271	0.07035847412897128	0.03957756079627909	0.08619495472554427	0.7006287538480752	0.0030038221671372964	1623.5788529375823	1800	0.0012440781876609768
0.4047049365853835	-0.4467536729973199	1.0399246379971367	3.2070451619656937	0.0011511381118727447	0.24849280358800538	0.016427926052499795	0.01767020519343406	0.019610266357289564	0.0841605072622399	0.061687261747999794	0.0029859910159452164	1691.6132825956392	1800	2.883823402548072e-05
0.4024313408549603	-0.44860851438557114	1.023830013116908	3.1098980548059942	0.0018817060386997107	0.25127440363152687	0.016334926188373757	0.01773576246120525	0.019411973854885172	0.08280075802694224	0.061545633604312235	0.003007883071053195	1734.058659907928	1800	0.00016271271728832555
1.152467812317404	-1.2944947827746245	1.1632862908707005	2.391132282624333	-0.9870315386689558	0.2514274887722789	0.14684714674384952	0.16247494096753778	0.027584016070922042	0.145242497964761	0.065636299042584	0.0028651642083923415	1524.982690671679	1800	0.04509867209815554
0.794065798206773	-0.8929913412841597	1.1251693429569862	2.7833052999328842	-0.7619066147808785	0.24823202195617444	0.0997478686269923	0.110336492307248	0.030728617006612412	0.10329015614162321	0.09309904009863623	0.00281031602982861	1681.559126201369	1800	0.006255975352661574
0.39377107782806964	-0.44966795246349195	1.0038694436493472	3.0706755302968642	-0.004946257101709212	0.24511329373440072	0.01598755802302836	0.017760625957523805	0.019419748681475908	0.08316161124013778	0.06129788330381616	0.0029800030603774684	1655.058163031833	1800	3.434022517954387e-05
0.3996091068833516	-0.45264639665656325	1.0117470630776373	3.058758552009385	0.006848355784414257	0.2535707169732352	0.016119442563595363	0.01777003263020225	0.01923336361724161	0.08202955665587015	0.061270965792605915	0.00298595981926142	1589.5016336975027	1800	1.4809324906668122e-05
0.7703369525036405	-0.8756376493605836	1.1266155676195735	2.8630131122488933	-0.7399913550763717	0.2507307081522329	0.1297367469465856	0.14620651495728193	0.03776713668854597	0.1252560539014905	0.13357208352218974	0.0029678897917514873	1723.5045191525935	1800	0.009885281000862637
0.39762284940388587	-0.4535108840653198	0.9978325785280915	2.9780747204507234	0.005466814577573547	0.25502832744234016	0.01606079828204816	0.01782248637484156	0.01921425471425374	0.08185856623837154	0.06116237179869261	0.0030164476612921727	1658.2245879039474	1800	3.0163719068370354e-05
0.3981790288115289	-0.4523519515714004	1.0101746494625732	3.0376440394070054	0.0050812809713537575	0.25141658915673204	0.01608230985199369	0.017779142400370197	0.019319650414179754	0.0823450849365506	0.061223215850252526	0.003001973715417428	1642.9205324806699	1800	4.721971038786617e-05
0.4033316597439179	-0.45036144179739995	1.0011379871253878	3.006839275252252	0.003106362480767219	0.2520755439492383	0.016274016452669952	0.017696600310782927	0.019175021091227616	0.08185113797755174	0.06111467281733305	0.0030007713125467382	1719.4924676066325	1800	0.00019903359787657728
0.7535367459630977	-0.84639252562978	1.1004886763457236	2.742546761490187	-0.7189057019442606	0.2494820700056557	0.16334162623330492	0.18332954236840768	0.04608678161712191	0.13224324637026355	0.17502035938815994	0.0029486214771494855	1716.267901794109	1800	0.0015635689728427545
0.392946035985959	-0.45400822698882587	0.9750442103901517	2.9050563016484765	0.00043957934209735755	0.2526444892093962	0.015874318413370545	0.01783413134232565	0.01913773185906262	0.08148713050669577	0.060928400502375926	0.0030100726399084335	1657.7719990510136	1800	6.247369009346966e-05
0.7811324627377396	-0.8728279224986809	1.1292786500533258	2.874719652257664	-0.7524042998868179	0.2486373386448217	0.1343922350050467	0.14951419275302583	0.03859962201363805	0.12749502991793082	0.13422459322352825	0.0028738519066315504	1659.9923987111206	1800	0.005481926031413432
0.3986180326193867	-0.4520442578324824	1.0017630199990328	3.013358091663813	0.0034067192143240133	0.25214005066321843	0.01610556655920947	0.017773863396806144	0.01923511732749036	0.08204218537463055	0.06118403335344539	0.003004338924950899	1608.9808642613507	1800	8.165625289772832e-05
0.25200099659361935	-0.28002846814870636	0.9676070494027353	3.2090254891564585	0.9424543359878756	0.25147143507949166	0.060774720440272864	0.06584818905222765	0.03652917320668384	0.08391742642623143	0.593286060477062	0.0030394114274243473	1693.4705887912942	1800	0.0003613124890922648
0.25365722405041474	-0.2905576919386583	0.9248090316120877	2.960429763816723	0.8802056321686275	0.24777468806690517	0.09050111118710914	0.10350752514854569	0.049829772158430125	0.0816185241993393	0.8651388284475752	0.002993190287146926	1613.7140873089834	1800	0.00018077506881144977
0.40150114314373175	-0.4502200691588931	1.0082654606847603	3.032233087609033	0.0027494018400675843	0.2550119536864275	0.016283211850205464	0.01778092600547345	0.01941599868306817	0.08287425535522942	0.061421741483591155	0.0030206454391714767	1637.5014963439771	1800	8.870020129969808e-05
0.40362435321356294	-0.44847118653080487	1.0244749648454732	3.107629805509179	0.0024392608798038404	0.2519590334195808	0.0163839691953267	0.01773291813355169	0.019440074997778434	0.08300635544093223	0.06156333708578907	0.0030143805365544936	1738.6284189199566	1800	0.00012729673897982405
0.2455966622875346	-0.2798563085498623	0.9431599570216506	3.134759738940369	0.9597411107413975	0.25246477924480026	0.07807481079122164	0.08825270665300325	0.04617653733817566	0.08694463796549566	0.7969657960909716	0.003023616901626846	1667.2688356998206	1800	0.00012998162803244188
0.40170660166939137	-0.45035726348116517	1.0166051499657072	3.0866746735882	0.0038829430477538137	0.24988767770482387	0.016212445776651672	0.01769762031989002	0.019269195370617002	0.0823579303865876	0.0612537049190826	0.002995971403986638	1622.0910759711865	1800	0.0001480600766797951
0.39867673837419043	-0.4518713649455668	0.9974833883102618	2.9800211550049935	0.002864336563002755	0.24979180144815188	0.016087942872981327	0.017747697042698653	0.019126013950000575	0.0812846359492026	0.06103061042229813	0.0029937935555479902	1635.0696998249198	1800	3.668615321034221e-05
0.40349189222957504	-0.4484626897708291	1.01480200184128	3.107497678643731	0.0009951973684217325	0.2526539675956615	0.016342404043898796	0.017692526561291055	0.019346737153771842	0.08286851928131005	0.061459206883397885	0.0030078552652720047	1668.977066905906	1800	3.338688099045778e-05
0.2655071135231964	-0.29695610125326993	0.9589201612243132	3.105116523662117	0.8101507821847547	0.2479948686001828	0.0845723885305253	0.09476426846977566	0.046983476939218304	0.08455387783799516	0.7500431449663809	0.002964366099479778	1613.8430991521445	1800	0.0006760597303938849
0.4055997566076156	-0.44975267934553365	1.0051317475887047	3.03196442174078	0.004112456896842368	0.25146091817480315	0.016335340944141595	0.01764667066598064	0.01918013284189716	0.0818906589576687	0.06110096059901305	0.002984851925543553	1654.9036390945676	1800	1.1302417801370933e-05
0.24339149332300206	-0.2736526003189532	0.9387425750628786	3.0962005777273363	1.006424434871753	0.25496343443817704	0.06955105560031674	0.07810868707690549	0.04114619949379173	0.08272161775336405	0.7321946743824134	0.002959208773783309	1600.8836647945666	1800	0.000237981228926353
0.267564182749294	-0.29939312448874456	0.9498110560153871	3.0769423840373915	0.7872715990742124	0.24698186302745856	0.08244702686988113	0.09183585377202408	0.04591455483689107	0.0814696618048025	0.7279995703723986	0.0028142842452065285	1595.9813679210843	1800	0.00021626593606112368
0.2519074523969803	-0.28657604266248254	0.9295978815877204	2.993138050137578	0.9180183487890476	0.25102827961118995	0.0927851058350946	0.10565133067332022	0.052190163616140414	0.08468618826498006	0.9057237637050237	0.002920916455427715	1594.4848607569725	1800	0.00037099187183106284
0.39839525515837454	-0.453466579826095	0.9768808041109222	2.851311977018395	0.0037986721151007418	0.25308381245839523	0.01607339846522299	0.01780271912546404	0.019054044609194378	0.0805982005204649	0.06082442456601182	0.0030272129204936718	1682.0676115473266	1800	0.00019623681604915227
0.24753812297707223	-0.2787846040834036	0.955551976465019	3.162145882981523	0.9662480472226973	0.2471143068088849	0.07866378964342421	0.0888712606444582	0.04532894805263771	0.08655432755250904	0.8028776238892859	0.0029942254248531436	1728.4126099121104	1800	0.00038172294878242706
0.9499803700828172	-1.0643556038206488	1.1285201533022764	2.530369114337611	-0.8792889485285733	0.2514052724071037	0.1531117433387656	0.16876169257957704	0.034707788423712964	0.13834203095998457	0.10049027769192498	0.0030192910575523695	1641.5100550358272	1800	0.007979982837637069
0.40779137498624973	-0.4477221982687719	1.020098247780014	3.0645615407898874	0.00334547730898986	0.25591398687952965	0.016554383961316282	0.01771570477823088	0.01948544387075622	0.08327907565645418	0.06154316111716388	0.0030466424310695616	1684.9308484601427	1800	1.3261580559520726e-05
0.23532755070733172	-0.26727747556909487	0.939128514951328	3.0956449976679314	1.0839274103542813	0.2530212337535081	0.06716606275781811	0.0761443125401925	0.040904661533121035	0.0831663623035358	0.7510528569259461	0.0030428500451940856	1725.1240603271092	1800	0.00046654188265236505
0.4056041802037886	-0.4468861772669255	0.991101536309125	2.9705134199127747	-0.003677943522312615	0.24967352207553004	0.016432034844906657	0.017643532952416083	0.019140694740705972	0.08149155594584798	0.061115790507808215	0.0030046155264723223	1634.5898130583817	1800	4.803329799878707e-07
0.3975088321573656	-0.4511226965087161	0.9859546530522392	2.930254398726377	-0.0011473426134226937	0.2474338589840301	0.01606405011007339	0.01774217035031372	0.019129319444909088	0.08130424886904508	0.060909546706885725	0.0029899256116198286	1733.7009075736298	1800	2.8806630179324416e-06
0.8318021743246633	-0.9133997969890573	1.114216615607357	2.669230419126812	-0.7827178053143861	0.24693587264453706	0.16659267914645148	0.18202676717666275	0.04325679031805929	0.1382055330363138	0.14739382108038446	0.0029648364869722193	1632.0730151754608	1800	0.0029542954239317747
0.40333213226615183	-0.4501788831615654	0.9823433696580661	2.889514087355306	0.0005158265075781445	0.2511663285948056	0.016297383849326674	0.017718379605357635	0.019089816312369473	0.08109843691451166	0.06091586619737536	0.0029947484620407873	1616.419627422107	1800	0.00019799666756480317
0.8551588367833551	-0.9667716651183424	1.1359448869076179	2.7188566404030383	-0.8199545189244241	0.24857719593642813	0.10375781640720369	0.10864934602073127	0.030205510548873674	0.10104812377259166	0.08057425089816335	0.0030123667896761316	1653.182937167575	1800	0.01574658085884137
0.25738289511370954	-0.2879714111041761	0.9572157003108307	3.089314936590663	0.9048668123803623	0.25220674848725794	0.07030990115369726	0.07855619380897487	0.04124086315358801	0.08860746800215773	0.6662737577557831	0.0030411456159845254	1630.5354461772404	1800	0.0007300030729904747
0.783622931201516	-0.8840330358968115	1.0993747725871874	2.7025744744096585	-0.7564599815201637	0.24430651371234632	0.1757627638795553	0.197006366965386	0.04590050693339825	0.14845154201592892	0.17209389254395116	0.0029556797891094368	1750.673545016884	1800	0.001362719159637832
0.4049376523312422	-0.44822067109309166	1.0114473187452957	3.0336692720152647	0.0013274304013283513	0.24998672983353284	0.016403774284600086	0.017690202246681684	0.019288398738592057	0.08209406617111532	0.06129594937307775	0.002992262083835977	1651.7254349931773	1800	1.2442115400969437e-05
0.4047666842323699	-0.44568799662070074	1.0003456257964358	3.0194257961597706	-0.005774480058314809	0.2503969320760214	0.01647994767856542	0.01768540103488464	0.0192816705290527	0.08232712985240308	0.061408678183844385	0.0030204114728127995	1746.798470048052	1800	7.377620419814365e-06
0.4012597528453519	-0.45004745620511005	1.0033195712978233	3.0231818860094783	0.001449311710459155	0.2552467389908809	0.01628310968660865	0.01778239153518712	0.01931791301635563	0.08247695787629455	0.0614206071759042	0.00302285821172365	1667.2224659170333	1800	1.0124553638245908e-05
0.2416093476303337	-0.2741001959008627	0.9384480254734074	3.0897087331602098	1.018230334606962	0.24878465699127517	0.07588043077987267	0.08609289110759824	0.04391544755209816	0.08229004285384907	0.8094746900675333	0.0032440608251058304	1679.1695140231714	1800	0.000279817628612132
0.2679950979013657	-0.3054099326703446	0.9460680008055717	3.0930860424594386	0.7457036325584135	0.2525015791182794	0.08812473295234394	0.09998021194943602	0.050661082116072335	0.08481480882927613	0.7541884977836802	0.0029507278081526114	1693.3915340939632	1800	0.00028622148511929654
0.7888317094033219	-0.8962422471610335	1.0910566864532174	2.5928689506545277	-0.75636002596518	0.2527310740403617	0.0775253159652937	0.08800325610056849	0.019827569977893204	0.11515353559729796	0.07429878448619164	0.003006209607340998	1621.239833242943	1800	0.004480625734624317
0.4021938011545854	-0.4498662363801925	1.0063898837690166	3.026583580058269	0.0019358346515227754	0.2515635764676655	0.016272545780672255	0.01772598875485197	0.019265466216150957	0.08222123263755103	0.061249796822364935	0.0030019198649947486	1691.9158604987733	1800	0.00010155311756354108
0.2432843263180115	-0.2770633414194948	0.9286457544844153	3.008638854639177	0.9837295362775531	0.24749727685681308	0.06962489944963904	0.07922483410979196	0.04146652464661402	0.08248296876251383	0.7254937498964638	0.002975168089994313	1669.779053815966	1800	0.0005174037815206066
0.4019739166706536	-0.4507638294730425	0.9859700894547448	2.8990232122010458	0.0013977926858738264	0.25085536097718375	0.016241364829241815	0.017736884530813717	0.01909472589725739	0.08099527474644076	0.060930737699373516	0.0030070384233890886	1643.1049394688562	1800	2.7445843375416893e-05
0.40462310803418955	-0.4496945239640259	1.0008727382617846	3.0140455542637934	0.0027403003120474233	0.2529417698715424	0.016334952262000376	0.017686045988773002	0.01916313066288888	0.08183851873929752	0.061176274091475344	0.00299847997862141	1544.360391153995	1800	1.6160698762133382e-05
0.40050485799004953	-0.44910322704501565	0.9918947235435106	2.9467388671919887	-0.0025070416167324856	0.24177964037160282	0.01616447899844496	0.01765052240609898	0.019173773476219753	0.08143064710293983	0.0608037698765351	0.002946767218182399	1682.2621629467326	1800	2.8343116152947255e-06
0.3948097309190018	-0.4521563493030954	1.0049631218657105	3.0487304270882225	0.0013222096961721162	0.25386465493791144	0.01601566191321321	0.017842772863647733	0.019440238128404272	0.08325485819749352	0.06140870669738164	0.003028774448269319	1647.5847653514325	1800	1.0780481899669981e-05
0.8032233049559082	-0.8953104712001139	1.1210658899902821	2.781166903435802	-0.7706262034568562	0.25035776558541933	0.13280643323690988	0.14670577877235094	0.03643650398852945	0.13065738321887127	0.12404336852353502	0.0029955830049918373	1610.9534927402467	1800	0.007934004041823607
0.3963839600042397	-0.45009300709758643	0.9929767538297116	2.9998037152065002	-0.003537460250222007	0.25120045618269343	0.016105365782441938	0.01779434765204165	0.019339093458949408	0.08270984794368687	0.061291742794902335	0.003033507818774832	1684.6663669278541	1800	0.0001241518978133328
0.3973401422351238	-0.45366631038183675	0.9969056089188613	2.959462417575279	0.005779352055320306	0.253961921376468	0.01604043719883746	0.017818715218333142	0.0192438427388817	0.08181693364486005	0.061087952327922156	0.0030234121907055217	1718.6103436085905	1800	8.749080560436093e-05
0.40308075625775386	-0.4475209376119132	1.0088541758421061	3.0553259277815368	-0.002019275260535632	0.24816195113714767	0.01634272258846245	0.017676401272455487	0.019336819208643476	0.08257791028571894	0.06130640515650084	0.0029934623052303416	1637.3889846484906	1800	4.118451600295459e-06
0.40734283273510385	-0.44531750101751644	1.0188707189113653	3.0720259617044663	-0.002381786801769688	0.24865436493903756	0.016562584395717075	0.0176535403564382	0.01940647164261686	0.08281172137044764	0.061466226915245864	0.0030155955043964806	1675.1474266078249	1800	3.5173985007668424e-05
0.7479635254693704	-0.8557169005524992	1.08934470563407	2.693514844533228	-0.7232015862412886	0.24646645543259288	0.09279350855647145	0.11205118236868121	0.02920142994505246	0.10948750951477389	0.10180754399528354	0.002948483006421149	1724.2768236038194	1800	0.0021015871529011057
0.40303515383193167	-0.44989557804197633	1.0262562848393453	3.116351169261662	0.005198020041251415	0.2511577535827551	0.016294227459053772	0.017713675846783246	0.019368323593827758	0.0826916804429387	0.06142021435848827	0.002998799007745873	1696.4756840964312	1800	0.00010494760092650509
0.25499844956331	-0.2853376114503681	0.9322312175240565	2.999098007519653	0.8964660146628508	0.2522121358764053	0.06997248351728518	0.07822247770494085	0.03942452602504939	0.08461300050999974	0.6775507358844113	0.003023409780230927	1657.12445184282	1800	0.000919864003223861
0.39490502978778097	-0.4526884207153835	0.9883852187071709	2.9672611374702087	0.0003219246481515056	0.25187341301771005	0.015973929387118217	0.017810360786716672	0.019246602523090434	0.0822090198725364	0.061090614138922965	0.003002410810132352	1657.8106739780599	1800	0.00018675577532490073
0.39980488315138046	-0.4486907801552444	0.9785393549211171	2.8896266772214907	-0.005719776737897484	0.24837291420163696	0.016236204261037137	0.01774366652002398	0.019197684454105697	0.0816501338309692	0.060999552572068405	0.003009795054826622	1716.2822638847324	1800	0.00010784582896747298
0.8178425355401316	-0.9269414286002821	1.138739064453179	2.839543495107325	-0.7871921019760485	0.2535941168566407	0.13973068105361267	0.15371739008899968	0.03933334215517881	0.11815170104648494	0.12585846890117186	0.003029536114343394	1711.3038105767973	1800	0.003023641979882777
0.2535389619317927	-0.28010434425517583	0.9732908688585448	3.242176205169248	0.9503831649455428	0.24934949664857106	0.0723470713674632	0.07969637082248197	0.04174805489101159	0.08336488252404853	0.7116767172560233	0.0029876023550696033	1656.546443118727	1800	0.0005743557882288919
0.2585821465798979	-0.29075201385980953	0.9468513236842461	3.0569729320584496	0.8625473639248825	0.2504921606339714	0.03905108810176667	0.04326112298025468	0.03068699028820652	0.08538441111760424	0.35999366566402125	0.0029621820735085294	1600.4422229323359	1800	0.00020007998625744882
0.2524717682831436	-0.28599235011175794	0.9260772827954405	2.9150563319921496	0.9255647980242127	0.25273588575697387	0.0695010329322367	0.07845789092166756	0.0404238585963726	0.08038460103792107	0.6785046886893495	0.002986112382984526	1741.679913971158	1800	0.0007375547246995888
0.3982201960278342	-0.450913034352671	0.983544234035987	2.9439660327658443	-0.0015462157726992235	0.25060662557404584	0.016103313432667275	0.017748021249537244	0.019089200493134003	0.0813711057423196	0.06100992044154213	0.002997936802963732	1571.728439931444	1800	5.32851713735028e-05
0.40564683080655173	-0.447719486579568	0.9932272145652759	2.918202886322469	-0.001448322520884972	0.24862382029589353	0.016440119907542683	0.01768374130577528	0.019209511262109468	0.08145013327292872	0.06103517760161652	0.003011037315521985	1641.0631737900476	1800	1.7290764993702437e-05
0.6587928707730584	-0.7298190004002202	1.0908294247121368	2.8823312628476097	-0.5969027565618245	0.2510805069877197	0.17050853216101333	0.18810299681703566	0.05445982854018449	0.12475701449768738	0.24443885962837403	0.0030267662449132344	1570.060888531325	1800	0.003127933985629077
0.25325652063300186	-0.28663861998117507	0.9417973024243304	3.0356046305782862	0.9231823126569103	0.2554957690158262	0.07384425816854001	0.08268029639151261	0.04270813954407774	0.081724186706491	0.7159046621066715	0.0030084764997632806	1640.7165133003002	1800	0.0005167366338716848
0.3994352836744476	-0.45048238798620727	0.9850126039878029	2.952282493523285	-0.0010678121851188235	0.2507261141216943	0.01614483310227431	0.017726146407923363	0.019098374362802983	0.08127192106059006	0.06101989203286563	0.0030051303859327232	1650.0440250997474	1800	0.00017375024731275358
0.26971880233683704	-0.3038735432808224	0.9277252287127152	2.900845837681691	0.7551312002918418	0.2459479947645979	0.06043682004064905	0.06808465132433933	0.03756222363980934	0.08011629819647541	0.5222521610558987	0.0026376845339427793	1697.2874070354803	1800	0.0004242928859977056
0.4027163431042021	-0.44918858582704013	1.0127715800197246	3.0581959440217505	0.0019734866133287138	0.25080862534943044	0.016306134617740213	0.017713577574956386	0.01928529821390113	0.08213505725957966	0.061337855430465875	0.002996436227837742	1615.3556669266009	1800	0.0001321881628978348
0.2351148155007082	-0.26037841231265996	0.9461751588357343	3.0833562623319644	1.1326988163722784	0.24909532847330926	0.009563955904196588	0.010323059466695064	0.019103510433193548	0.08270594499004202	0.10690564682648819	0.003010432585769756	1602.455760040716	1800	1.3277545984238775e-05
0.39862214260302725	-0.4503956051355857	0.9941185735481759	2.9877765660500746	-0.001151109969426842	0.24438572690740543	0.01607486774718933	0.01767964891724675	0.019142438969541528	0.08160215878051744	0.060897272467363345	0.0029595033601223075	1678.9343812973334	1800	0.00016953975478451434
0.8707987856173401	-0.9835683315357056	1.1209852757347245	2.6592332314905605	-0.8378838518634192	0.24208597167448367	0.07299753497369521	0.07514861263398104	0.026268697848829133	0.0863498902971832	0.05401401257485298	0.0029186002165024565	1677.9930828382917	1800	0.009505480576505463
0.3976715591292247	-0.45001316145082976	0.9832932832087548	2.930758754719269	-0.0036263447632994537	0.2476285497292805	0.0161087703769137	0.017742933490377883	0.01915034839297303	0.08140978679487577	0.060992676304798044	0.0029846085874729003	1688.0818166640918	1800	3.992347728951002e-05
0.3912226071061798	-0.4520455784397761	0.9689992001475255	2.8902931939908507	-0.006051408637571264	0.24771512711787252	0.015860653155998015	0.017816765832922722	0.019119731725634484	0.08138243376106888	0.06089477910089947	0.0030041537248705194	1741.3448010783966	1800	0.00016095291546677187
0.7538916215098899	-0.847815251066397	1.105286634144326	2.7916451336416355	-0.7205353782001951	0.24798591883371568	0.09155847410965727	0.10828181162696472	0.028225919244149605	0.10695490871561796	0.10190481208984939	0.0029149041338749735	1664.0270146568037	1800	0.006218513424505185
0.7825057467704554	-0.8760033699451981	1.122532731315254	2.7942902386429043	-0.7444249520369886	0.2541600479831258	0.08857904354620287	0.10006990705100867	0.030423957932831237	0.09610467070696471	0.08984414748758153	0.00288844002426661	1650.4163038251966	1800	0.0008503724903520079
0.4001975064228511	-0.4467178201861097	0.9939343047274245	2.9957762955361873	-0.00769246364748521	0.24769319210684568	0.016296645930478318	0.01771757480676463	0.019335727087660105	0.0825173989590225	0.06129595709695519	0.0030181933163851015	1607.8550408388933	1800	1.210006905252373e-07
0.7707740001527279	-0.8526458025642973	1.116593347987624	2.8440690255383014	-0.7340034534054632	0.2547446417368214	0.1534579507982395	0.16535154988988202	0.04246613091670103	0.13583228285792937	0.15579704195187827	0.0030516146999983187	1671.6268265690433	1800	0.0006825952886319684
0.40143278939424437	-0.45008827668681173	1.0107098534510999	3.0376885311533623	0.0026144946415632793	0.25117928667195544	0.016255275404197363	0.01774648227431077	0.019318949352470423	0.08231003305071175	0.061311844314863716	0.0029987085251451475	1687.0462073398244	1800	2.5966904798609278e-05
0.2524606352166861	-0.2809888561793634	0.9565504098754019	3.1379728799582316	0.9391877312244957	0.2518449699601997	0.07469580640210721	0.08344816399951242	0.0431606175907047	0.08250167392901674	0.7403352116275959	0.0030455455073113247	1769.594661106216	1800	0.00024917804177550544
0.9116789585255674	-1.0292272587153661	1.1471570754387332	2.658858780995541	-0.855367029940351	0.25138537811816264	0.15775266869923044	0.17943999528599539	0.036903676213773925	0.14359196135166813	0.11683999229563295	0.002942495610068701	1593.344061321641	1800	0.07958054172900353
0.2528367837060565	-0.2827333640800279	0.9374331085099901	3.042703854126138	0.9172989983185534	0.2490988202669718	0.0630586492046735	0.0702480849282217	0.038583929062653954	0.08270679554570089	0.6198740100979389	0.0030024010516754643	1630.4203668816672	1800	0.0013733678536640634
0.40110650628984845	-0.4499342128067575	1.006205013874762	3.0264367570058055	0.0015480145742231182	0.2533090607571247	0.016265899328265675	0.01776748422541797	0.01927949276035217	0.08216856982169853	0.06137022195786945	0.003007328954097192	1593.391265048379	1800	4.985388707271638e-05
1.0181275949289648	-1.1434773532103861	1.1686776805012062	2.6116458579317356	-0.9257558685400418	0.24816978846294035	0.11930402709166965	0.13366711486810245	0.027122444840116933	0.1306613968954051	0.06977094260296089	0.0029415276319618502	1599.6934784291952	1800	0.04695225324766941
0.7880498760134428	-0.8878271227731948	1.09698924298688	2.689831693863766	-0.7643379345732858	0.2466726325007454	0.13469286138478642	0.15050946773808466	0.037787195735034876	0.12583926284489005	0.13119534986794523	0.0029880360684378616	1584.8080283979857	1800	0.006399709974449164
0.26577480081752586	-0.3002175744911035	0.9350507467021901	3.007567348182633	0.7761440228591154	0.24523013726921375	0.01076636475644881	0.011840084761191003	0.019011336329297267	0.08225593280154865	0.09226889084998749	0.0029658890395474007	1619.4226925788118	1800	4.920290924948005e-05
0.8516904180482398	-0.9629523327549868	1.1317963863722862	2.7383077733115386	-0.8206220808863813	0.2518501604949582	0.1090449938768668	0.12253815776018986	0.031315365632312235	0.11901429455971155	0.09062688638930555	0.003008280499494578	1653.4181737755484	1800	0.015104916250419471
0.3957244966642659	-0.4501908636099221	0.9946949825362525	2.9852839894646	-0.0032651437719048216	0.24943448135882904	0.016078332625386823	0.01779654145545474	0.019343525153714253	0.08241383217920838	0.061234089953120636	0.0030262770256379483	1746.658714884301	1800	0.00014554868975914955
0.40495990075137567	-0.44687547850820086	1.033684576830204	3.1918629748366683	0.0009833305863990512	0.24954801900389628	0.01642242245886146	0.017657395213752765	0.019468649482185782	0.08342965502986036	0.061631847670307195	0.0029967067012403367	1694.5730870005686	1800	7.899091907734164e-05
0.9231019272542987	-1.0378718162849208	1.1275234345829184	2.5922333450445585	-0.8684822683788957	0.245389603975387	0.11838619792751193	0.1314008648541026	0.029931471112342324	0.12074117416160521	0.08370265560509794	0.0029496146050889626	1749.8169551926726	1800	0.03125955131073409
0.40771063239580563	-0.44684859308389546	1.025805269506343	3.0703648918923574	0.0023412895410187557	0.2492122437474669	0.016540446872901404	0.017671769778075747	0.019400440354543014	0.08252527932287154	0.06143260910966176	0.0030119745278191726	1768.6340487631269	1800	5.977019738692045e-05
0.4048148958454236	-0.4493689502580134	1.0066728356462356	3.0017657727478233	0.003116152296705393	0.2520246313628483	0.016376799264023897	0.017709666838987365	0.019268632184901758	0.0819684072991998	0.06122249507301431	0.003008323290230877	1588.708761967896	1800	1.9487583949166408e-06
0.40171738359530335	-0.44725941839142036	0.9950683739108124	3.0447761229215597	-0.005636574203555472	0.2509259589360859	0.016309929526740218	0.01768570954634841	0.0191986045283244	0.08226145157972636	0.061338710490883123	0.0030105851359246653	1697.5758078233657	1800	0.00016369699212475693
0.7199935103626457	-0.808581803819403	1.091982281035143	2.773724092087657	-0.6835432432518241	0.25230986018417645	0.1416865885099072	0.15850978992966042	0.04246503354607017	0.12153816990789751	0.16752998753520484	0.0029764244797369833	1602.140813300906	1800	0.003517406817145902
0.402649940440487	-0.4505060275764606	1.0174807008602327	3.066975549138832	0.005309338372775529	0.2553551628641385	0.016307310195730892	0.01776703133746615	0.0193801948364241	0.0826677612558381	0.06145716528501527	0.0030295003603678966	1725.6191651809445	1800	5.0060642664247155e-05
0.7847403380544336	-0.8745231806709619	1.094627469296237	2.6671230184126453	-0.7469564190997642	0.24811114116980998	0.16992480089429052	0.18847788967942206	0.04536072851095424	0.1403287311808913	0.1677648673388032	0.002984017811008168	1678.4087366889357	1800	0.0017032219038184617
0.3999674148129253	-0.45110014317615377	1.004048956506951	3.0064667409813963	0.002979596334681007	0.24883333884350084	0.016145609730128276	0.017725918813847146	0.01928727125273344	0.08209745191752102	0.061083132995455675	0.0029786779450853094	1739.9414656865117	1800	4.327145380975968e-05
0.3999815394533556	-0.45051481351656936	1.016268801573683	3.0452434793739647	0.003303021652043211	0.2520113670175645	0.016227889676525095	0.01779549327798762	0.019428478361890066	0.08275627483351457	0.061418232198505215	0.003024117890974633	1527.653846497412	1800	5.886844034315124e-05
0.408607378836798	-0.44748611113208164	1.0266349063290006	3.107818083708929	0.004266462996862172	0.25441126565865646	0.0165581930105176	0.017675537857759317	0.019456527110323536	0.0831733068191082	0.061543813355828356	0.0030339556332941884	1761.0295935822687	1800	8.911046922711671e-05
0.25446039998778397	-0.2835962622051206	0.9376910622183534	3.02579385766507	0.8997723612389149	0.24422083400170067	0.09962945854021213	0.11084471498629597	0.05489369359206099	0.08185748235312092	0.9580468222264579	0.002974498205088568	1538.7444343361171	1800	0.00020511732265472867
0.4060127933906848	-0.448228684544952	1.0374821081266195	3.1617504154022718	0.0051808699998778865	0.246417754525676	0.01638346748676001	0.01762509816887345	0.019402061556737505	0.08282912329461514	0.061367574941667516	0.0029721121649674605	1683.479353905585	1800	7.4352963537213e-06
0.40133223520918987	-0.4502728985490396	1.0015412415357456	3.0091162817835615	0.0017375687156065992	0.2484318306322505	0.01618729973959463	0.017684124608695347	0.019201522613921225	0.08186474276845702	0.06103355311967607	0.0029933979517782292	1752.4559849682682	1800	3.7270677186409197e-07
0.8251397650959749	-0.9100790900431962	1.1297736725447154	2.7876459517380514	-0.7894298672296446	0.24302532812712627	0.1545101386634229	0.16952730344123146	0.04059158541727947	0.13832228022700313	0.13959572505000406	0.0029797836708613233	1725.9297663307266	1800	0.006377250431636688
0.4026146168293208	-0.448762388385314	1.0030002330051597	2.9962506776945337	-0.00012046363251261492	0.2489915699766293	0.016308556246012747	0.01770638100277898	0.019288476148471977	0.08204105257842056	0.06118504101966073	0.0029955911330276385	1666.3595285707756	1800	0.00011674072420209246
0.4045982235572623	-0.4487664333757109	1.0187038569959554	3.0563952463367547	0.0032244741808134	0.2504211434700281	0.016382092255374816	0.01770287529605289	0.01937883431176073	0.08251953575135293	0.06134096216061557	0.0030207499284427178	1631.8146169790948	1800	4.813610210126523e-05
0.4043927469095849	-0.450954389646109	0.9916739366204224	2.927467146873842	0.004222367201249856	0.24989742259910727	0.016273698037637226	0.017677376134530118	0.019084165880375665	0.08106974398372938	0.06084578867786794	0.0029778563204254974	1749.2595302340483	1800	6.772657740486021e-05
0.8832049954885501	-0.9710417399270218	1.1545092772809393	2.7693951594661614	-0.8258371555107925	0.25148729746913473	0.16485753350481	0.18346953445720401	0.039356878610436526	0.14862759303774747	0.13101034271073964	0.0030528940049090766	1771.2832474156899	1800	0.0026102648940967837
0.25637632318068515	-0.2898202303587215	0.9505123273117336	3.0946269745172046	0.8900029967391605	0.2553991633284231	0.08064941393421876	0.09113393577170342	0.04599492830832649	0.08637328562862444	0.7697523976279795	0.0030044023178866465	1716.5440672577588	1800	0.0004389789540512406
0.40284231237250384	-0.44722411374037363	1.0310859131386478	3.17728923396371	-4.1243520548899e-05	0.24801932566602192	0.01634051329914321	0.01767085709562223	0.0195085307964135	0.08359672071842214	0.061571765345134644	0.0029925807309422615	1603.5656588174193	1800	0.00012244062164162885
0.4016425338969585	-0.44751251351747867	0.9840342172040717	2.9304609834967046	-0.0061613608159497395	0.24972230146879112	0.016338913987389576	0.01773335390109443	0.019152876906093266	0.08145012215529504	0.0611877056338443	0.002989895228619307	1675.466220645113	1800	1.4431699974282348e-05
0.39576841309747846	-0.4514660359312819	1.0042598145080472	3.03355227288384	0.00039135834438565174	0.24821458523545087	0.016013865772289877	0.01777392239390315	0.019374628210147616	0.08280994247433508	0.0611864073071844	0.0029871438802801364	1596.9356999673169	1800	4.857619569778229e-05
0.8199963632344179	-0.9405247746078842	1.1231296362705023	2.723149637736291	-0.796335791499049	0.24713967307948867	0.10345648512677391	0.1179450303929808	0.030747329543303694	0.11253441055595621	0.09225842434606864	0.003025448376646652	1680.0186969271492	1800	0.007856097859344432
0.4008277687291728	-0.45022002998240235	1.0261991149809775	3.1036408893237755	0.004438014119768742	0.24779614427179342	0.01620074543789169	0.017717038472972985	0.01947724095632605	0.0831130895750464	0.06132048745694183	0.002990010177797333	1584.8252710815439	1800	5.752566003753993e-05
0.4035080864494017	-0.4479580378398906	1.016988866079407	3.0800780534203063	0.00013614618569602656	0.24836141996900016	0.01634990235831567	0.01768268730807124	0.01941048932674482	0.0829895397829026	0.06135367210521716	0.002990510466248151	1691.6598521885292	1800	4.2681473816910606e-05
0.4005375792780149	-0.44726288280711396	0.9824245008416448	2.941547766962082	-0.007833245482936768	0.24811604606942675	0.016285399028443125	0.017712313850981452	0.019217113163497564	0.08198813753129464	0.06113591522638594	0.0030080062837555873	1670.1718350334986	1800	7.97023277651117e-05
0.39820004532875164	-0.4499241722150691	0.9967134350586346	2.9954198776750274	-0.001793384185517928	0.25200887737407296	0.016174653421864946	0.017788838082388313	0.01928986031548974	0.08220545351288605	0.06130995278425	0.0030247307024561057	1674.8814106893055	1800	5.1513979841514654e-05
0.8272285221604233	-0.9296790959072269	1.1397165377190261	2.7978329784611793	-0.792367326398999	0.25249612838324786	0.09918218246186254	0.10915983390308748	0.03670390731190278	0.08705188798330686	0.08508474077902164	0.0030317099491734174	1654.0817240454571	1800	0.015454601717541998
0.40358030967391595	-0.44865662639559395	1.0187739216114582	3.0871777100556677	0.0018911512594711748	0.2534868756506191	0.016377995477670635	0.017735876637537742	0.019426956695349513	0.08313301647855521	0.061515900528010495	0.003022109930406434	1554.953979057501	1800	5.383007266126152e-05
0.241288923455117	-0.2802412607063282	0.9345358284916958	3.0749206156896283	0.9907050587753133	0.2466824679039052	0.10321397215821725	0.11936670201739732	0.05839313902577541	0.08165109336213625	1.0865941484204156	0.002919115877445912	1620.1568569643955	1800	0.00011333191742212822
0.3930951766008947	-0.4526658756198146	0.9645483165917956	2.795219609390556	-0.0035499820634293986	0.2473254845685085	0.015932179465802408	0.017847109573238828	0.01907455654057936	0.08063350231854141	0.06073108403364454	0.0030028530144197746	1600.7923565334902	1800	6.308266665887013e-05
0.3979521458231503	-0.45242417019590797	1.0008331691019503	2.9554314717747383	0.004124768709859119	0.25330758762569844	0.016127165065409708	0.017841536361092283	0.019345744935143287	0.08212589176630847	0.06121637769890313	0.003022801409269901	1690.0693018019242	1800	8.67850851347126e-05
0.39783426955623286	-0.4493578319617323	1.003423381716072	3.007993562668045	-0.002382768520343963	0.24833086243234892	0.016176565597040643	0.017786745602761306	0.019428840226692255	0.08278049444368914	0.06133171749726136	0.0029877435174753787	1613.5483353201935	1800	6.144855821451153e-05
0.4040392430915937	-0.4490126855211584	1.014420551810597	3.053659190373646	0.0027835305524344578	0.2493097094274499	0.016329959747535764	0.017677442660138227	0.019296787948338213	0.08213209994133942	0.06123672835436228	0.002999792568503259	1676.2433704254502	1800	7.244924468123903e-05
0.40305326279991854	-0.449336869685985	0.9947339739454271	2.968976883357026	0.00014519246910030248	0.2528056114317099	0.01632440932812915	0.017726782271630437	0.01918817743794631	0.08170939931994436	0.06118309603270741	0.0030234000052672054	1652.8904689109293	1800	1.0303020713622237e-05
0.24854207169117087	-0.28099697641150656	0.9266632308761273	2.986084957293393	0.9475273476411487	0.25295597744030845	0.07972593135448797	0.08998642944191136	0.04661774371059667	0.08362606836299115	0.8015622818187844	0.0030774589137432602	1575.2598374436334	1800	0.000554073462972015
0.39041375017576374	-0.4543196240630338	0.9779567292954682	2.882799293661441	-0.00036708924549912143	0.251157151647286	0.015828672437724754	0.017905212606367592	0.01926270225941498	0.08180607600576424	0.060997656102286225	0.003011923299568657	1579.424531054665	1800	7.242501875595594e-06
0.4022114268402793	-0.45027440829073956	0.9995251689541925	2.9984767215985837	0.002122563613576283	0.25528798001686837	0.016295043527120866	0.017764167862452742	0.01925619098519789	0.08219913303460923	0.06131175593635185	0.0030263118294801927	1633.2816269566833	1800	0.00010756276650968484
0.39460005828958356	-0.4489042939279444	0.9784247927530547	2.9283686454471884	-0.009142233233319285	0.24713916354519952	0.016066917270050777	0.01778587224039843	0.01928525790477178	0.0822631325228194	0.06111655480660522	0.0030153160510868254	1565.4880835544525	1800	6.304228954825733e-05
0.26652425081469105	-0.3029415358054203	0.9187996901424326	2.92893909514513	0.7566725904324924	0.24982125355838317	0.09245721864272691	0.10266222175891775	0.05294267333928172	0.08547138475110036	0.7898940345138311	0.002971074054666174	1675.1050291402303	1800	0.00015421600414675668
0.8017791667113611	-0.8837517635968729	1.1388409166484916	2.9259153538219103	-0.7726273945620408	0.24719973764678907	0.08237182585641219	0.08882040961470394	0.03100300948677485	0.08821272462671116	0.07776125289822615	0.0030087668653727027	1596.7308117960504	1800	0.0013576571978885445
0.763746905457763	-0.868987098494552	1.1186121395410837	2.8083479710056456	-0.7401431590297965	0.24351122447394066	0.12899722913470207	0.1487642503706935	0.03767666574133789	0.12381210093217054	0.13446702879519692	0.002880833475782415	1656.093983645781	1800	0.0031349130436682904
0.40207972150811266	-0.4478629624148832	0.9999882693392017	2.9891698388887624	-0.003060185150827773	0.2481268804258682	0.01632649536237106	0.017714046985899238	0.01926025098156348	0.08193718937166469	0.06122682395071553	0.003006627406503107	1731.3443829578646	1800	6.060994748167777e-07
0.7533233999256778	-0.8321487684472274	1.1241099633360607	2.878789507517334	-0.7125721100394418	0.2505451825114108	0.11110595998139758	0.1217972342866029	0.034257119187279306	0.1110814869840753	0.12195630211946396	0.00300022180036032	1713.2424403884902	1800	0.012703072384635724
0.40146095219170497	-0.4500573211556852	1.0088221641082726	3.0486546797580862	0.002300352458481791	0.25095582984049575	0.016227396254690125	0.017714450463201963	0.019316207309153965	0.08251140071020448	0.061242615980576835	0.0030071663109304584	1692.8166861184955	1800	1.4265106938988551e-05
0.8031132031156873	-0.9132097888931728	1.1185101093485104	2.770241018755469	-0.7773258777023452	0.25061266213700567	0.16173516231851431	0.18299803329960573	0.04123305476800633	0.15291348922238318	0.15062027967995545	0.002976079699862511	1526.3029873278813	1800	0.003169505290465795
0.2582109847497196	-0.2875465669745607	0.9572443748606803	3.1211545721262985	0.8840408217939087	0.2518173387612014	0.06861781570202388	0.07716399988317454	0.034995842579029685	0.08323453164587072	0.6554813397754855	0.0030017116307736952	1648.2911870817072	1800	0.00018866540797674876
0.2596345266013974	-0.2918310981949886	0.9430325312437203	3.0510485719423968	0.867627106267138	0.2534364135001496	0.11453138574527627	0.12832771107945737	0.06153609138034601	0.08254098054640878	1.05837354376568	0.003030449930013269	1656.0990320679462	1800	0.00028284858346810173
0.4001325107055666	-0.45036759102343205	0.9936953893084208	2.9360369513333877	0.00033233995024203866	0.2523418148705586	0.01623536774046468	0.017791100324416304	0.01925537698210782	0.08174651313821665	0.06117732541666256	0.0030367528327078777	1746.307082995475	1800	3.780561315691274e-05
0.24379070477426323	-0.2758321118677522	0.939333998100111	3.1334209605009957	0.9948690055338196	0.25020328819742593	0.07830865738133928	0.08844170877724965	0.04548345752081561	0.08369804774008768	0.8205928675030812	0.003010242719458357	1592.419364263087	1800	0.001398882920783695
0.805042172074213	-0.9115546499015732	1.1185849745187775	2.7136812369876955	-0.7755365359509236	0.2491364041592611	0.18071819253437493	0.20556128396189866	0.045507096622962435	0.15855832401115533	0.17248572630564918	0.002941550770103994	1666.9486148489054	1800	0.007886213925897102
0.4012702802847574	-0.44728465632008824	0.9794547306455215	2.921450051335089	-0.007664162441443644	0.24890581156300223	0.016304940451765507	0.017703927369631223	0.019189651836896686	0.08186021694051533	0.06107053606389903	0.0030288800956035583	1645.346513482979	1800	0.0001570281069560961
0.3969897279483288	-0.45157780465585695	1.0091874091621265	3.058499984022122	0.002314339220399246	0.2484616657756492	0.016038173053128234	0.017751173484913674	0.01933291227055016	0.08252394718756724	0.061198640406189574	0.0029811729034529798	1684.8193751010722	1800	2.6473373250765723e-05
1.030825252696102	-1.1652130371873939	1.1689949360788137	2.5864032492248183	-0.9324136722371607	0.2508323292419335	0.12156623250499075	0.1378229347134357	0.02808920500723332	0.12950123486389228	0.06860868335424035	0.0029609895805033392	1676.5114891043256	1800	0.024697307019468952
0.4007488188254313	-0.44952669240650356	0.9985835493498876	2.977645328588599	-0.00040412476509170316	0.24906717143489976	0.016232895386513468	0.01773102003776224	0.019296856514369635	0.08205532802813724	0.06114047714806778	0.003004747040222468	1681.998991116465	1800	0.00011031965021359606
0.4021785245035069	-0.45042932609656655	1.0198157432300212	3.0941177418498587	0.004694773779450194	0.2517835497233545	0.016250190932474665	0.017722957208008587	0.019359884390161286	0.08284994197617575	0.06135342939602029	0.0030083828077704967	1709.1722472373813	1800	0.0001702765061038576
0.40039329371569116	-0.4495946303684346	0.982432379825743	2.918789376117754	-0.002858757457157806	0.24416136734470162	0.01614478664944943	0.01765193630090492	0.019127978113335126	0.08139548506568375	0.060731208569232614	0.002972827652217202	1691.2649866073648	1800	0.00010864726033261251
0.4002274960787014	-0.45209685144769535	0.9798056296632441	2.8556523704741155	0.0022489171323090452	0.25234728451593785	0.016176538762830907	0.017789573667326797	0.019103947845386122	0.08096338840474203	0.060884056614150805	0.0030183041197598655	1661.2316189822045	1800	6.991034385673424e-05
0.24839559541920694	-0.27845526576058255	0.9445437943279102	3.0853386998190455	0.976356404706813	0.2533212537911201	0.09499041516344686	0.10720225612744491	0.052232914342439415	0.08534525253840163	0.9722213854829852	0.003044948372398587	1617.936724376682	1800	0.0001599286610791859
0.2554112821030679	-0.28759036310922975	0.9341610488838803	2.997913667147392	0.8769172430451442	0.24570253187303606	0.010365346782526567	0.01136598619522408	0.01902109549947862	0.0822828099601348	0.09638962940392178	0.00298953811225705	1567.830586274677	1800	2.4917101987655123e-05
0.40083757601025266	-0.45010628306258404	1.011366178841592	3.0385601776005298	0.002409381983385687	0.2507704520348332	0.01623498768778531	0.017749436048992602	0.01929347974640244	0.08211375749559538	0.061308519008882394	0.0030169357204615703	1693.6710779029406	1800	6.313814386404885e-05
0.3990720773082091	-0.44972402466253525	1.0148050924374754	3.085378650541283	0.0006069187321603329	0.2530064723905693	0.016213253751914798	0.017785398067108767	0.019508609396967844	0.0834933225303975	0.06152910038828602	0.003032245068809617	1678.6413164836974	1800	8.236573447284957e-05
0.3992482276477488	-0.4507486844604978	0.9881362789217731	2.9286678974651497	-0.0003679633159761418	0.25351394028837654	0.01620239137208745	0.01780667807499289	0.019221452513343708	0.0817483765155238	0.061183152582032524	0.0030217436918870263	1600.8147422067555	1800	7.691699147473766e-06
0.7146315199076799	-0.8008454739323041	1.1072003333924283	2.8507310356723736	-0.6733497883994433	0.24989725458208603	0.11823619704284918	0.13215707570947502	0.03632247320488142	0.11596393509128894	0.14286592567997106	0.0029929808663648515	1715.3893813813754	1800	0.008062555932587567
0.3945062117140369	-0.44968003719999283	0.991728838628085	2.986349481646785	-0.00600711860313132	0.24885085834475218	0.01606336272311158	0.01781526651727889	0.019392852053270945	0.08291473622571056	0.0612925635875307	0.0030140937563413127	1661.2812867136984	1800	0.00016604586860410124
0.8364380629932759	-0.9371846725523757	1.1166081641313215	2.684422656572028	-0.7993472926229286	0.2460290418982324	0.12254201993559555	0.14150423250315403	0.0318437363125598	0.12739783013247089	0.10712568914308737	0.002984729773224553	1657.141199386132	1800	0.004385763334014538
0.3991033947609765	-0.4493659607905749	0.9990160055610899	3.013294346158404	-0.00252088782636439	0.25007269447742964	0.016199503494468095	0.017756989333098428	0.019346784991583706	0.08267249081800561	0.06128146822048961	0.0029997552106066395	1572.6768603968844	1800	8.76662027107374e-06
0.39917828287713886	-0.4507504046308185	0.9902705058805251	2.9300687408156825	3.459863881248035e-05	0.25093198460383664	0.01617194292361206	0.017777274021547208	0.01922089103875938	0.08162707258488755	0.06107945374902674	0.0030224670383660326	1628.1769551029668	1800	5.9030199389163657e-05
0.3953830172105609	-0.44863925606265825	0.9808407810528941	2.9182036285578064	-0.008654342098252915	0.24534202602590058	0.016101532001738535	0.0177820624606147	0.01930521778194885	0.08217545857054538	0.061099107514859	0.0029849982955605344	1694.061882395025	1800	2.4489146456536943e-06
0.39994151590531024	-0.44865837295655375	1.008002211230012	3.037033427686881	-0.001944322223071249	0.2476940037376313	0.01623359892626967	0.017732270690164836	0.01935071314890012	0.0824834156250525	0.06130261988319572	0.0030052587595362436	1583.1979399782806	1800	1.3500189099461235e-07
0.39585573449739325	-0.45038161855323133	0.9906323188948682	2.998049090590645	-0.0035272714849364814	0.25202187157756856	0.016081619023337837	0.017802496774904145	0.019338277364140073	0.08273367469948772	0.06129845127738599	0.003018977797755307	1611.696349433291	1800	5.527816788764146e-06
0.4075503704396361	-0.44706022480094454	1.0208437357705507	3.0912693438986922	0.00185741238361878	0.252096471123932	0.016519194454571458	0.0176622059820273	0.019370921525444288	0.08269142782227999	0.06146640057789373	0.0030142684275821755	1571.0806502100247	1800	3.0446386651853126e-05
0.3974770452307863	-0.45036868814800796	0.9854774212767091	2.9452793831542943	-0.0028523404667887857	0.2466297014468936	0.016074085428236955	0.017727404652691188	0.019098140155296324	0.0812231556637593	0.06094498800723131	0.0029773671294074672	1621.3255869599725	1800	1.378635420826972e-06
0.759582954856729	-0.8464305303742667	1.1130083106734554	2.7759226148743843	-0.7179679975864653	0.2515069228206161	0.14772514147069818	0.16369371379305342	0.044516522895999076	0.12358588898887427	0.1575369974558747	0.0029589471233774133	1575.4531213468917	1800	0.0032043397230632938
0.7679135559314099	-0.8716417936184161	1.0935035061444	2.711598743716583	-0.7464822611214411	0.24759200694302794	0.11364268466822268	0.12781813106017617	0.0339570748333492	0.1123999313287059	0.1151437589029527	0.0030881004725384336	1586.2458865342792	1800	0.0028762370064652513
0.39722406292391566	-0.4523661063292938	0.9835847545815151	2.9275886971845133	0.0010951280052928433	0.2528261890642864	0.016056513272857703	0.017791101732190846	0.01923553075994059	0.08194338521684605	0.06101184246823971	0.0030120595299430006	1574.5639602816293	1800	1.2647663678424025e-05
0.2460079431034719	-0.27559745493898125	0.9428841815768182	3.0409654604194145	1.0014375722061546	0.25292666476182735	0.0705899179658817	0.07926203339755881	0.04184594262486379	0.08299787566136531	0.7301142602817756	0.0028708718594645634	1580.59807739317	1800	0.0003105570642415857
0.3996422355846236	-0.4501100688387937	0.9991999675077116	3.010399538527438	-0.0008321319024456918	0.24855199270048509	0.016164359421335792	0.017722413657145393	0.0192910878016948	0.08238653762503277	0.06111668452840805	0.0029865780851337925	1565.7049290237146	1800	2.569627803537105e-05
0.4038292943249847	-0.4477563098439694	1.0166219899611746	3.041254492321861	0.00021763344250638045	0.24614271404872537	0.016373216402073957	0.017687346115400678	0.019427307418662824	0.08265387991789598	0.06128101990307157	0.002983243481393371	1685.1883528850897	1800	1.3424383756817979e-05
0.8424187568798078	-0.9406329475778581	1.132520220718459	2.740169651165228	-0.7998214560255763	0.2508901882640391	0.10778554802217985	0.11694785015862458	0.03050553246418657	0.11310443048017432	0.09123561298938465	0.0029259927241343958	1576.2320629678666	1800	0.0074499275830784755
0.40249297409756163	-0.45041526345420274	0.9690136786357418	2.819615184050837	-0.0011544413956140827	0.2516272471698647	0.0162784440357744	0.017741626904908814	0.018956614840837306	0.08024608463391637	0.060798511805334195	0.003013417519749593	1616.3878916040385	1800	0.00015594127010111676
0.8597084827216769	-0.97332048564785	1.145115622488369	2.7845994551788853	-0.8226872561933667	0.24863366894996097	0.1272732517869817	0.14346132948874568	0.031677389485353175	0.12678258873746623	0.10392446732609416	0.002969227077373883	1623.3177065344914	1800	0.009336385913446085
0.26368449890301293	-0.29052587248015316	0.957951169645729	3.1701739277854193	0.8362825360302257	0.24887167987052705	0.10439254393713451	0.11443202310212718	0.056231537701786447	0.08343306004843448	0.945891465933792	0.0028999230242915857	1566.463910392341	1800	0.00018423390280406383
0.9610811004095731	-1.0672389759773628	1.1462839902428308	2.608417972922846	-0.8870021459691713	0.24794728087865583	0.12696995073396428	0.13906594107958326	0.030081766848418835	0.1303189770345002	0.08208658199050377	0.002989499043257755	1652.7568402351449	1800	0.017214422299106087
0.4059283328465107	-0.4476594317259133	1.0194428135660292	3.064336800411355	0.0018043098691280048	0.2478194189392944	0.01642469311602115	0.017651785546384823	0.01937525386136174	0.08260285023125086	0.061276779320991695	0.0029916510753172894	1669.6702247378894	1800	5.4170809911893605e-06
0.2620179655922909	-0.28984820498654207	0.9346518865556943	2.9954797543446174	0.8579560608309289	0.250047441338228	0.010601056604806694	0.011430964435849537	0.0188304654728466	0.0813126008019692	0.09541643992579582	0.0030105323988995356	1676.7879567831478	1800	1.3644590327041395e-05
0.3966021359735838	-0.4530382301246862	1.0056940205832465	3.006579835136244	0.004952620721606729	0.24916154468272003	0.016004848901505376	0.017785786725935848	0.019300869860143722	0.08207195702685491	0.061094230124733494	0.002982041659065151	1661.3782603260984	1800	9.060364041755633e-05
0.39050519071997786	-0.456333118061281	0.9643429148963325	2.8252517888904847	0.002147718450806399	0.2542568314605492	0.01576528489712192	0.01790258404590616	0.019039965011218282	0.08079000471530097	0.06076520247815711	0.003019414637559777	1703.181607650824	1800	4.6026149704620895e-05
0.40823985227126225	-0.44679731598767825	1.0219883434907355	3.08406077021134	0.00182262415208468	0.24941691731450144	0.016527611717068427	0.017635446939802596	0.019366848629664923	0.08271163360220095	0.061371381768359774	0.0029988664558650126	1645.6942978835204	1800	3.303716274746653e-05
0.4018299217551451	-0.4501326176253457	1.0107007823167131	3.0730471048487114	0.002999644368146288	0.2518183422428658	0.016228093181551308	0.017700066191843857	0.01927955685261172	0.08234665813230378	0.06127019726129021	0.0030105386786247754	1639.3000016561684	1800	9.016226671381527e-05
0.3924475680686195	-0.45064600469093163	0.9747495933650023	2.9092875486907905	-0.007277407243526074	0.24749222129689608	0.015951070584265422	0.017814179689750877	0.01924654858932024	0.08199579322491102	0.06102647709436651	0.0030046703146998544	1646.7957650474084	1800	5.8454261933832905e-06
0.3899089140147317	-0.45260374860407826	1.0026511267910676	3.033604548772494	-0.001384474758677639	0.24575931757088373	0.015810222457104083	0.017838470969596728	0.01947007410239685	0.08309855374042134	0.06120790864504623	0.002977298662706845	1564.7225449114862	1800	0.00010080614064192658
0.39830204344822	-0.4493082804034736	0.9955460052344631	2.9898758142670308	-0.003180968390458741	0.252194024859403	0.016210546404199392	0.01780021893667219	0.01936530078542491	0.08261076370365554	0.061372800787205264	0.0030235850620804563	1601.044551240158	1800	0.00011931648391328274
0.24593515772479105	-0.2732349527148982	0.9611305693725801	3.1619272811291643	1.0297555001829444	0.25390801163943405	0.10295927608514573	0.11426605008672504	0.05953943124155845	0.08304674742076633	1.085865331724297	0.002964516230886305	1606.481256654576	1800	0.0005681359454564257
0.3980168616870306	-0.4486873904780692	0.9911111311939752	2.95805623040825	-0.005486156723845232	0.2510633806334504	0.016229240013125545	0.017811696165708116	0.01935523654170409	0.0825256896917681	0.06134525766623425	0.003028414423904043	1634.4985410534232	1800	7.543927256157216e-05
0.2651936600140513	-0.2956585861564785	0.9664503302823384	3.1835189049878547	0.8111200288353819	0.2486734739052895	0.09990191620415766	0.11141152473187639	0.05423825475428581	0.08272383839648281	0.8826447442699955	0.002963671158832644	1564.5019182144554	1800	0.00021462703023102266
0.8620623606444032	-0.9756442047207448	1.1251010970177695	2.671826741139438	-0.8229575816528909	0.251185488337681	0.0803657588445441	0.08998232572986745	0.02914063425635911	0.08533534234769387	0.06285972916557607	0.0028898125579393634	1649.085514124053	1800	0.01051381879015914
0.8923090270162088	-0.9869669698490602	1.1428611198539358	2.7260063763089373	-0.840397727807135	0.24670196564400315	0.11821852085846768	0.13118377814462556	0.019989729257462896	0.16975499929170018	0.09015904311156393	0.0030791723470480503	1675.5583037793133	1800	0.09283395328586697
0.3983432982642692	-0.45058876240177637	0.9997320414648571	3.0340843568146507	-0.00015083271322920648	0.2514525800773379	0.016123243836916247	0.01775051721733682	0.019315257131411374	0.08267130221449388	0.06124645639670362	0.0030054745922906212	1681.0756244532877	1800	6.873833777523487e-06
0.40052927926637993	-0.4494948869931316	1.0040845579228181	3.033539368353437	-0.00039439849338732314	0.24552886722829176	0.01616953611571617	0.017669887461103918	0.019327070868916957	0.08264040905476096	0.06105908614435073	0.0029648931931337153	1624.6327937768779	1800	7.161717297245269e-05
0.40632760509536126	-0.4520109964080348	0.9924941428840991	2.904309122694176	0.008112381859081596	0.255430679926618	0.016354731589385284	0.017724733225243053	0.019053535515652687	0.08079880610301296	0.06093272166712257	0.003022165895231794	1572.6932170351765	1800	6.963864236306164e-05
0.7778890274688568	-0.8910832925693828	1.0961526510697186	2.6960532373223014	-0.755731596617676	0.2477632175163139	0.08871738664380957	0.10417271090154556	0.02621038091948806	0.10388763707496139	0.09026550200102891	0.0028417430177594127	1648.5799458403812	1800	0.004277591139314932
0.396852009230326	-0.451909604520994	1.0123167270806148	3.0644375961217722	0.0033192097074747776	0.25114314495188034	0.016063185401437714	0.0177964590622176	0.019410845707722366	0.082910741250147	0.061338566259841	0.0029931157423101246	1672.921663602162	1800	2.212639038546104e-05
0.4022641171804506	-0.44685714777424684	1.0153259076236871	3.0986188620678528	-0.003216727522047943	0.251828272049686	0.01639060275320935	0.017737163991217067	0.019457011368063916	0.08323131161960745	0.06163636035351841	0.003029642768062855	1636.0670284100754	1800	5.080544299297736e-05
0.864074517986266	-0.9715809682524598	1.1125729632397525	2.561278899810879	-0.8163115074507927	0.25090092326096075	0.1355414139748907	0.15160713371719461	0.03524422006385647	0.12200439174396181	0.10961674983196451	0.002933372601798982	1648.9504949328093	1800	0.00880100761977302
0.7387575219523821	-0.8211176627139388	1.110841331262837	2.8410291537219394	-0.7017381775234407	0.25006057772296186	0.16887821665650807	0.18618725129945443	0.04992274407330107	0.13538429765323995	0.18945435012285036	0.0029929158679277337	1571.419092296635	1800	0.001471550794630762
0.39722504271040915	-0.45265075113503633	0.988223625020672	2.92813572329128	0.002302004653186882	0.25259697120287483	0.01606473650767552	0.01781196927072545	0.01919145400195978	0.08155371606735491	0.06104964702540443	0.0030126303319356535	1690.0448505427057	1800	2.6929352411306475e-06
0.3987468905203448	-0.44966292286261567	1.0003245451667242	2.9951295583961506	-0.0008771358091639648	0.24888210344120115	0.016176003589510716	0.017756624961211734	0.01931013774703188	0.0822013101030481	0.061236164353049426	0.0030043838104866255	1806.0617226730956	1800	3.1326979210571296e-05
0.4016621687524688	-0.44862116625617426	1.0129624970072812	3.0764593227841712	-6.212659951519214e-05	0.2484566873213684	0.01626640415691002	0.017693534786303058	0.019346943815967417	0.08261286917633899	0.06132088414447103	0.002988401403578246	1528.7768414100792	1800	8.267677496997611e-05
0.4014651778643915	-0.4516799663473413	0.9913523603986887	2.9361824635908227	0.003747116855064589	0.2541173126685662	0.016214146580067472	0.017761072888721037	0.019082312215665757	0.08099993691154594	0.06105322250729115	0.00301928613736731	1722.4507185163243	1800	1.1603975530615788e-05
0.4049296969258241	-0.4489489349851925	1.025648466489219	3.1292366445184387	0.004530761885652234	0.2520839346347157	0.016373752802356673	0.01768391559072106	0.01934037815952771	0.08262814439174104	0.061464617782535036	0.0030055711292360787	1673.6637988306609	1800	7.530981104436184e-05
0.40473153951518126	-0.44834135970028716	0.9927755858246734	2.970590289621661	-0.001064792620761449	0.25497388912925745	0.01641772553310811	0.01771980265222625	0.01916522971023476	0.08171513419542628	0.061266545648586745	0.0030263678826796055	1703.2225150000547	1800	6.478557503564968e-05
0.95114615918893	-1.045677367452322	1.1841156323600421	2.788899213947732	-0.8782566976916723	0.2504853416163535	0.12390394544390378	0.13529759967325852	0.03097598885700451	0.12805621422700392	0.08460664667059821	0.0030130065317173042	1720.8233183340099	1800	0.0335279794474155
0.39357431709884794	-0.45301407625569323	0.973615362255674	2.89330494513419	-0.0016406602596435106	0.24515226613798774	0.015854991496665742	0.01774672278517825	0.01908772218765151	0.0812370523739432	0.06065673607947131	0.0029608579504017437	1599.1786976826638	1800	5.745658639246176e-05
0.8349393367227586	-0.9656415643639144	1.1144194609687932	2.645709987944164	-0.8095134130168967	0.25032287107676726	0.1286766877836602	0.14846948134681429	0.03400286007626055	0.12807830852247773	0.10937992803857165	0.0030400852289983404	1655.5403457540517	1800	0.0075436470872385945
0.4026404829991489	-0.4504013410455422	1.018323611583797	3.0640409640964954	0.004997267459810462	0.2487626516089138	0.016244644186909896	0.017695952307735695	0.01934107416296329	0.08249424253563316	0.06119535580156017	0.0029867239112287784	1599.4790542310084	1800	3.676514754574157e-05
0.3984923481223833	-0.4502525171216825	1.01377713873996	3.0676457653354188	0.001144628384600547	0.2473499040114639	0.016126990440190347	0.017737285565286958	0.019399581433171893	0.08282894107773954	0.06126523878257252	0.0029868539301402364	1526.7679434323695	1800	1.0924661348230595e-05
0.7491616643140722	-0.8444250675906362	1.1024714404930505	2.784096598106909	-0.7238053268898201	0.2461982480152391	0.12752957953579278	0.14147392932100233	0.03764875803734297	0.11740628200434372	0.13600354816050023	0.002974732891160547	1702.2185444984607	1800	0.0021422391059526015
0.3975258677272685	-0.4513350850328299	0.9649126992770148	2.8205576027338632	-0.0032953747748018635	0.2459872133289288	0.01604203498537119	0.017725924778625987	0.018928642094098364	0.08014668490751307	0.06058582133996189	0.002994619165860453	1609.092077552555	1800	0.00013651074297111473
0.39807701348766256	-0.45034982565980963	0.9939271634073588	2.9559490664302515	-0.0012203066554688673	0.24787635940365668	0.01613231045236413	0.017765255511735484	0.019265898296617637	0.08187009788061145	0.06109332732397486	0.002982366813601345	1666.0155986603258	1800	5.2442536197253045e-05
0.4038470980219391	-0.44862101098511387	1.0120949784161608	3.0382495828736436	0.0013825271468852812	0.24844759519345536	0.01634039746691742	0.017684101105182495	0.01928739901949388	0.08213116241647893	0.06123059387955052	0.0029904650040203863	1636.624215553943	1800	1.983944499943726e-06
0.4074730988981434	-0.448312352868339	0.9985753497924524	2.9500451110945773	0.0016187760150048625	0.2511985942977302	0.016471738776396676	0.017665417287417672	0.019178683992730483	0.08157098417257555	0.061061543175136575	0.0030262081794635368	1542.750926543764	1800	0.0001903724168026825
0.3956165763253493	-0.44982077847120844	0.9886301404467511	2.9555129924466583	-0.004883589995967737	0.24646191969601702	0.01606410855895389	0.017774427398307677	0.019238857480753213	0.08181820878642534	0.061106170025510546	0.002996183767756688	1658.610619567703	1800	5.060878937563155e-05
0.7906229361410506	-0.8979824887204065	1.1169044894847708	2.7591452380155865	-0.7655201969485783	0.2505382010323357	0.17171389264978695	0.1922920449105039	0.04575883531952868	0.14345687383113864	0.16367914868590688	0.0030722060670225274	1795.5033976699024	1800	0.001694733171529265
1.0214313687784	-1.1507336186037798	1.147970722358747	2.489004667201794	-0.9225768702059761	0.2498528436255564	0.1258352928092486	0.14433750407739626	0.027457034218078245	0.138812522556874	0.07192867755599297	0.00303150177667688	1678.2756235990362	1800	0.012694969467158049
0.4014549201965298	-0.44995070167497103	1.008948059769975	3.0323688091304746	0.0019510975988353003	0.25024207880430277	0.016239824313610964	0.017724969620900106	0.01934671045811902	0.08262561518774039	0.06122848518543251	0.003014541099705743	1695.7887824192799	1800	0.00013887312980708462
0.39965107873780226	-0.45054624810185145	0.996068547875593	2.9757955692823717	0.0005082461025279456	0.2505592094410153	0.016179907709318105	0.017758626457226125	0.019259070204879908	0.08203871013281516	0.06115275948439738	0.002990826942873726	1663.0189270783192	1800	1.8277388128880108e-05
0.3982300956348878	-0.45009942774219014	1.0039971600878144	3.007317725072227	-0.0003450247706912222	0.2442962630210962	0.01610010542914675	0.01771319142477668	0.019278674866206113	0.08194496576975775	0.0610495740804333	0.0029679767193242774	1790.106384539174	1800	0.00015489418200767866
0.7907179730114505	-0.8862404941794699	1.0992248446174504	2.6690528413550707	-0.7564286914665418	0.2471230497129507	0.19065781122444653	0.21315799402666868	0.05034186898522756	0.15175773720329225	0.18912967678792839	0.0030416846390398902	1681.517093713919	1800	0.0037429234767240127
0.3982766725766672	-0.4506193440426029	0.9847691502273842	2.9211757554053284	-0.001881545497056146	0.25183003183207747	0.01616145631240403	0.017797982407643142	0.019275346265283433	0.08208033972951817	0.061120511620119646	0.003010324679574277	1655.3541023124337	1800	5.356292177307995e-05
0.8523584616790287	-0.9576024330635716	1.140062141526636	2.751539687990935	-0.8096686618876984	0.24765941003861264	0.09891370936794266	0.11079119365996909	0.030008713312978257	0.10744352325810883	0.0808977875445226	0.0029035166343043288	1566.7149004169946	1800	0.017305536972758537
0.4014103515675437	-0.4519648616874909	1.0270873805888394	3.1191755615303736	0.008516366951669395	0.2531374961008205	0.016192157769600198	0.017746892806578422	0.019337825333981037	0.08258523825965733	0.06138776448472919	0.0030017151389768043	1745.4512355649204	1800	2.926992228748981e-06
0.3959130326500753	-0.4499279755351876	0.9785976466036308	2.927302771528253	-0.006035862967434892	0.248254603574378	0.016066997974432676	0.01776811705723096	0.01919656540022668	0.08190105220693715	0.06103227571822388	0.0030049775188393064	1552.679848838324	1800	0.00015173676998164588
0.4069792146368991	-0.448644533744031	1.024025575309924	3.078183178451607	0.00519123959008872	0.24907468707871813	0.016428135491010184	0.01764876648577834	0.01930735402566371	0.08225327292689143	0.061263358253373104	0.002991930194853269	1634.1963143585137	1800	8.620640966276493e-05
0.400890277651551	-0.44930666443064043	0.9837803949200649	2.935950101257079	-0.002898648026963009	0.2505254791452948	0.016234157175085816	0.017717104580513652	0.019130888563086725	0.08150263452679231	0.06103492117206735	0.0030199435950814895	1691.8164524650447	1800	6.678292053939723e-05
0.39857842810186694	-0.449299863172721	1.0047967084163874	3.0445970407494336	-0.001951482305330163	0.25173655170116976	0.016206069283769813	0.017782495390284668	0.019405123941587797	0.08295951086069274	0.061445255939802476	0.003007955316348619	1617.1927099837749	1800	0.00013646249186891602
0.7236333108289787	-0.8226269640487599	1.0718894373746843	2.6853642694824087	-0.7013604712773504	0.24893072312007242	0.1854383328973779	0.2100879521190801	0.052739469834283965	0.1483591546592287	0.2109096299597358	0.0030794715366836995	1713.0445048330614	1800	0.0012340876528191655
0.7910191509159245	-0.9102687953675234	1.0991006733862092	2.664759866166921	-0.7711546352772186	0.24749678431468297	0.12974458693569602	0.1491833907883619	0.03632155722408436	0.12755116202884512	0.12326979401774434	0.0030420511207670782	1612.0620946214735	1800	0.01050494461349469
0.7869639142792438	-0.8726679042662996	1.1151861812516208	2.7433507078769033	-0.7423312173640105	0.25090740970023967	0.09650086432565094	0.10659794752317577	0.029979989975808793	0.10359383368566269	0.09598671287763827	0.003094479820513943	1683.4710483494955	1800	0.040347038513646405
0.4006271488287535	-0.45229295322027513	1.0069638803205658	3.0324660013453326	0.0061216287355123356	0.25593527020230467	0.016178731062452375	0.017778655281252522	0.01926049335058095	0.08223910304828028	0.06128292472241129	0.003022484020499601	1654.3543303817305	1800	3.5093490371076127e-05
0.40455264525176576	-0.4487873352890609	1.0149990561523072	3.038620496163768	0.002777946551555075	0.24670312577373033	0.01633595237803586	0.0176569214700387	0.019241817555743276	0.08177158171700254	0.06113919812749269	0.0029857717539268592	1571.8851570534223	1800	3.739333845366906e-05
0.7948376158009375	-0.8867343000842427	1.124709023477781	2.778348824064113	-0.7594140351756202	0.24786897276360687	0.10427574792117181	0.11557284412217692	0.03075753497980422	0.11677032238904271	0.1006673239332776	0.002989803012521234	1691.5400679099268	1800	0.010360471667500136
0.40285705297340496	-0.45085410547391835	1.007719878286617	2.9895723689427416	0.005204247624585036	0.2529654702186749	0.016295562594725102	0.017759979921777073	0.019263754243044783	0.08174690980055484	0.061228444173565724	0.0030207894372942033	1621.53577371033	1800	0.00011296423306286527
0.9570459887266269	-1.0739218685669556	1.1480604916490638	2.6431097660449447	-0.8868838292329165	0.2567718849473005	0.10376808395659659	0.1155775451946389	0.026463141972354946	0.11594753779516531	0.06752018158907222	0.0029959621305042827	1638.2773402296957	1800	0.03636221968204968
0.3956181413210529	-0.4517586392519547	1.0186556802630893	3.1130802712424446	0.002842501710597829	0.24669718692005665	0.015971851914921394	0.017739937640057647	0.01940036791838163	0.08292081966562652	0.06123761594100651	0.0029841891361134707	1676.36260003476	1800	6.75909786158662e-05
0.4003949418974357	-0.4500008343644277	0.9907130551609633	2.936585870769552	-0.0007789003033586541	0.24700816410142348	0.016188604176589825	0.017714024682708603	0.019181639385116748	0.08145778143601413	0.06095069113229746	0.0029919566255845295	1759.2021990060498	1800	8.931033524711124e-05
0.40178054978572264	-0.4498730960319887	0.9829922318474895	2.8864784131746517	-0.0008330673816814871	0.25273891774916624	0.01629684800237758	0.017771790869354438	0.01913262870542382	0.08109523765364078	0.06107237640362267	0.003016953200741023	1635.434865661033	1800	4.4162493338470825e-05
0.25158379041020346	-0.28831546930619134	0.9080398043938741	2.8778528270259494	0.8907573135685158	0.2532289221561982	0.06599561373295658	0.07567575980784143	0.03909428491480304	0.08085669096940129	0.6385243952561535	0.003018472731622754	1713.4123695200478	1800	0.00026797913244085164
0.40243967046694834	-0.44785185488634593	1.0079701634146965	3.041684450844886	-0.002040615163225637	0.24658171685862557	0.016303542940886036	0.01767370696842619	0.019365773556155593	0.08277773802928208	0.061216936567761324	0.0029747838753675245	1709.3221112158337	1800	0.00011762666930432995
0.3984375101397958	-0.44802234431320026	1.0132348958487616	3.0915103452481616	-0.00383623626789782	0.2473424903728625	0.016203318284258566	0.017738313349119423	0.019490001535818237	0.08342093935035447	0.06145822161134233	0.003005501296400492	1640.6168868897591	1800	1.4779231776510814e-05
0.4025353162418572	-0.45162857959853686	1.0140443837608042	3.0646251917095895	0.007152590696950606	0.25171916100898495	0.016203497744007353	0.017699892313079	0.019249788166844486	0.08211691035761226	0.06117071867580192	0.002985312954925142	1653.9325050262105	1800	4.0741712067799075e-05
0.2528240952366086	-0.2804823654280489	0.9707373625119806	3.1895506138363925	0.9538402813465918	0.25493774422821575	0.05998561371035537	0.06652855503947508	0.03650531453595402	0.08671857844702563	0.5947667530012756	0.0030274640273371873	1729.7612183536735	1800	0.0016571693326339102
0.2579324114402031	-0.2894598143995801	0.938061986610921	3.0151333406574277	0.857499512474456	0.250365449919445	0.0786583799370087	0.08822529730054535	0.04596677627820291	0.08517503637812786	0.7344832103592928	0.00294244666487428	1639.7678622498543	1800	0.0003232871167830894
0.4026566144193918	-0.4502602501760501	0.9962433848604416	2.9519766007782757	0.0022517487059865323	0.2527137644115623	0.016300322929531416	0.017752043820291115	0.019190673905501044	0.0814897185035567	0.061156776252744856	0.0030071467191303282	1654.7114426256073	1800	3.8887847227730065e-05
0.4000305044553148	-0.44921744831356597	0.9849807322567132	2.9039285129755976	-0.003611715812500377	0.2477805081689862	0.01622562170987191	0.017743571414741935	0.019147298941249596	0.08131569164955152	0.06099373445330113	0.003007402930706396	1737.4969854876324	1800	0.00018534769664385945
0.39780752061646596	-0.4495819971185189	1.0008713120253119	3.0266472324329077	-0.002578350181820601	0.2452501154764462	0.01610134193169908	0.017710985272055644	0.019353495314657163	0.0827153920193166	0.061118006645854796	0.0029719087989696527	1693.4957143328133	1800	3.9189046828448156e-05
0.39776448412627097	-0.4488303419531504	0.9884779384517428	3.006738584486316	-0.005918942704672359	0.24826767621267645	0.0161343346439415	0.017721954993228605	0.019234261211637602	0.08237598563607072	0.061186523957100426	0.0029797625866815718	1719.8128824865207	1800	0.00011962645718881482
0.39577338139106477	-0.4514692160350889	0.9865305819369529	2.932154369912746	-0.001685450564020758	0.24664201995082827	0.016009450171373802	0.01776989845252453	0.019228635801316642	0.08185019924868533	0.060937726357424754	0.002971012071741271	1666.8572432538654	1800	0.00010007943413821197
0.253019443341017	-0.2853718939243211	0.9260233608942334	2.977426825621852	0.8999059064070107	0.24502731576078038	0.06628611110687904	0.07344293283250478	0.03978212303587155	0.08074193849101359	0.6382581787085433	0.0029839690047259973	1670.8974448612294	1800	5.7092763999502546e-05
0.3997395740912611	-0.450665598445573	0.9976014424783961	3.0052598191171773	0.0018266647076400468	0.2512871370155043	0.016152497172191405	0.01772689047041607	0.019147500393232337	0.0815682877472545	0.06116006438350209	0.0030155391471345175	1566.3560608724742	1800	5.384656245485417e-05
0.24704143376581303	-0.2714364043911553	0.9531871562609462	3.1360563641283834	1.02154303966213	0.25243386199417284	0.08630322743018055	0.09466309314212769	0.04824739901586562	0.08632104190992959	0.8975160937339756	0.0030307372193717325	1607.0268117647943	1800	0.00024148526195777654
0.6855473847942071	-0.7632626557413269	1.097460552334257	2.890588741823775	-0.6367970170777889	0.2471990461724486	0.02800893819764031	0.03036532219617125	0.019261524730403195	0.08166484061044992	0.03539771902835032	0.0029786993195038552	1661.5493383833077	1800	1.8733969630334064e-06
0.9565573625848348	-1.0705560317637284	1.160871110180049	2.6852302377585264	-0.884031085094955	0.24851698045978377	0.1689103651825561	0.18798960544250548	0.03895157681829957	0.14833830503749562	0.1092445082828387	0.0029609141504784954	1755.806288559731	1800	0.02390072478961092
0.39723283441091833	-0.45314475919857355	0.9717537118902257	2.8430538865216066	0.0011875302021131138	0.25749012320133885	0.016100377452793177	0.01787003494021429	0.019085113459434016	0.08105084391132902	0.061019458812749824	0.003053744673367848	1632.404434059873	1800	0.00010065639582783887
0.2549581864382961	-0.2853513775749309	0.9178130844095653	2.906657457698163	0.8913635184138875	0.24783026764514776	0.09211492304344426	0.10268795774322297	0.05119719467014097	0.08021936664406178	0.8810962655176451	0.0030174475669381895	1638.8911082213767	1800	0.00016320725187804873
0.39916036351853945	-0.447821143418384	1.0317192515565536	3.1784135387528702	-0.001349271831275652	0.2488854645957728	0.01625343321055138	0.017753773973322385	0.019579203144460336	0.08386599532686724	0.061727784025141494	0.0030047088162669594	1725.7111216013154	1800	0.00018205490953826674
0.4030108050443087	-0.447124964007254	1.0127256560471631	3.0878910480997606	-0.00253859110513586	0.2475449030170526	0.016345863533264917	0.01766455135933417	0.019345560224226423	0.08270993302996046	0.06136882940255259	0.002986889204258078	1792.886014220024	1800	2.7484303882629234e-05
0.2627614473385637	-0.29483109932691226	0.948267139632101	3.050722536003924	0.8398795586901264	0.2527212318772869	0.07930439839339228	0.08895049893835318	0.04463892627940424	0.08369049262173067	0.7224452516125579	0.0029905637792714693	1626.8295585287237	1800	0.0004845943071573756
0.4026041707225324	-0.4512437350196858	1.0037548325395194	2.9891246419954762	0.004626467408650577	0.2527604499461402	0.016254825072051955	0.017740292202500105	0.019261421660578277	0.08199013731248093	0.06112404385138019	0.0030206608280979423	1619.1042989590067	1800	1.5591679930197797e-05
0.2610857046762629	-0.2935604717266122	0.9343914746046552	2.996799046091284	0.8402119340023004	0.24869780645093678	0.07161393890723575	0.0807363958378111	0.04076990182038887	0.08198281997509789	0.6569716591938238	0.003015566813691677	1576.193716501015	1800	0.0004628795741692815
0.4031344649096096	-0.450809622028254	1.0156661612738669	3.0514564619630558	0.005931163613948606	0.25292937259359366	0.016283615596119457	0.017733270834306	0.01934009618990323	0.0825297169670724	0.061290786264712446	0.0030137473354269573	1604.9366298981374	1800	1.809628879094249e-05
0.400002152181722	-0.45015900572651024	0.9978536402972622	3.006082900392401	0.000525854053593761	0.24943256112065654	0.01616782410483289	0.01771355025064806	0.01920768410266911	0.08190763724135497	0.06113172297178212	0.002981568080251583	1723.0733739381758	1800	1.616252903991605e-05
0.8244944730571494	-0.9288995004635859	1.1223795027485366	2.7503461906294246	-0.7954451626343938	0.2533216340860251	0.08431190653035653	0.09717621712946777	0.022691293833357322	0.11877433990500291	0.07499367952680018	0.0029092566915262827	1625.754453186575	1800	0.003825939472186783
0.4028501620970744	-0.4470802150787137	1.0051459213504412	3.0562716865461286	-0.003525676803673557	0.24858519910725763	0.01634139269347498	0.017667038607638713	0.01932673735188028	0.08262119805208128	0.06131294557395804	0.003007051576925073	1678.5446728932975	1800	6.599695513004776e-05
0.395853175497533	-0.4532049606663227	0.994240612665497	2.9812598792273617	0.0032470047488733097	0.2524030999085089	0.015988610359358533	0.01780528334887933	0.019173112529086888	0.08160103752455937	0.06110296869957159	0.002995209543933021	1630.6268075132202	1800	6.751665151563336e-05
0.40575039140192437	-0.4464780546535548	0.9924160200898594	2.962866265788125	-0.004462424031738367	0.2521747429577036	0.016500813624498595	0.01769791207840668	0.01927479307024687	0.08229891758979915	0.06128871339826666	0.0030283543072680214	1592.9679011833982	1800	0.00018225352919038152
0.39827202665333017	-0.45140874445677437	0.9924827120077752	2.964071111863874	0.0006755035567753932	0.2530114600330912	0.016133628713208614	0.017796359598504712	0.019236067411418516	0.08203389208044928	0.06117419429701698	0.00302540291903002	1654.9936063695452	1800	9.870276273338175e-05
0.2540537075970577	-0.28710594876915485	0.9416666581965913	3.0782174523424493	0.8945281515799219	0.25327699387392283	0.056345233470083245	0.06509531778023324	0.036739614855020884	0.08843213180030332	0.553214559007223	0.0030378324568975292	1632.1389187697357	1800	0.00013590567073477373
0.4018367420369884	-0.45087935302086063	1.002727718535911	2.9980721999652338	0.003430391644382237	0.2526110927686833	0.016242921337760004	0.01774733007583397	0.01922927294147143	0.0819946634701983	0.061190294360075385	0.003000724600877067	1616.9170012978693	1800	0.00010815562312002544
0.24560453838225266	-0.2739600839488557	0.9551154387863579	3.1695371177678258	1.0035758314783652	0.25023447319903663	0.06140774804142485	0.07009145672630548	0.03700620540840785	0.0834987841124935	0.6557584965489672	0.0029675709229039114	1757.140805232355	1800	0.00032087831556953255
0.3989982270538494	-0.4493403085922343	0.9939042442175471	2.948842357170272	-0.0027946571413700557	0.24698227360901842	0.016188198936199723	0.01775033190016663	0.01924824045364938	0.08175093336686662	0.06109395729760303	0.0029859362308915635	1596.713200484029	1800	2.4872739455893326e-06
0.39532133340902526	-0.4524780222670068	0.9510947834638875	2.7756718940049416	-0.004348862901557498	0.24801998380910237	0.015953210967744994	0.017764333361633418	0.01886153362621276	0.0799070531013993	0.06051261027030734	0.0029845211914785994	1602.1579748294812	1800	8.475906066255146e-05
0.3981505729165932	-0.4498696130219139	0.9948602071080845	3.0077382586422776	-0.002508482762819973	0.24858273564630817	0.016122852138578902	0.01773042865585492	0.019290061527389463	0.08253159041713792	0.06114706118399229	0.0030008172705239186	1685.4427257435289	1800	7.228294027558099e-05
0.3989659961237737	-0.44913480722049254	0.9982259300357127	3.0107817503292105	-0.0028932375826906027	0.24734216674193704	0.01616982952462955	0.017720430691834037	0.019318076590637143	0.08247127275518218	0.061173723009570184	0.002984415786637859	1719.560974429177	1800	1.1381022536742275e-05
0.3965410611520603	-0.4524589450049354	0.9921243439394762	2.9458419444853225	0.001806503138514872	0.2527019676611563	0.016055907174841164	0.017824755312954185	0.019261155333795757	0.08195674008295009	0.06111884622346551	0.0030216993555745725	1672.8690900851668	1800	3.6373132114178478e-06
0.3971584903213293	-0.45205202066104727	1.0049123773708553	3.0369683314767006	0.002795787484209389	0.24906664407733206	0.016033402665546127	0.017756236924607195	0.01925189378252649	0.08215517534020421	0.0611454563934489	0.0029751093124724642	1710.2365948753538	1800	1.2755015638120108e-05
0.25104412299949463	-0.2830956694475702	0.9357362891135478	3.0601072675892733	0.9181228633966517	0.24788821962884314	0.09171145644034637	0.10329511172826053	0.05481298064814562	0.09872988908090355	0.8969938888663781	0.0030225312270410016	1649.0018670001832	1800	0.0008332671065334675
0.4031104403207299	-0.44883541786656656	0.9868672817498674	2.9341285417564436	-0.0019784999204390127	0.2472412129545754	0.016285902966476504	0.017663544887878843	0.019105058325312438	0.08131198605978142	0.06091177193295289	0.0029930495307349727	1658.0030432811095	1800	0.00010239765474991943
0.40211464646779954	-0.44704913764542303	1.0123091011929626	3.080885615057089	-0.003235587512357747	0.24832457287959783	0.01633249932751234	0.017686775288830718	0.019383656674693668	0.08285215800678518	0.061408178438522615	0.003025524309157567	1688.0512210203601	1800	6.0752417545326735e-05
0.402964726983674	-0.4483320708931966	1.0221350371113795	3.1616151030639537	0.001051891170697457	0.24892108110674216	0.016283281545951996	0.01764463388538793	0.019404710834632476	0.08336533296455197	0.061411747125732406	0.002980217198055449	1688.7035127413124	1800	3.4740789440884174e-05
0.3999713279120502	-0.44948402228514917	1.0139169102880923	3.0677744843701213	0.0006178130151480168	0.2530436186639136	0.016255051628924877	0.017785890673608615	0.019455497117443037	0.08314877492170636	0.061515014680471755	0.003035251352563819	1639.3626493946226	1800	1.5996805360994145e-05
0.39896637030097015	-0.451929801878597	1.0058703854780788	3.024869871671822	0.0040235664731330225	0.25082076066771647	0.016105202258938262	0.017754681754975965	0.019279527264167963	0.08222866531431602	0.061154636224453794	0.002998584930432816	1661.9441375795464	1800	1.6076946215279242e-05
0.40408341218468713	-0.44894956894268445	1.0175898819555118	3.0476586383839694	0.003089256146712174	0.2480751254396685	0.016346338303040765	0.017691915234859242	0.01926724290981686	0.08181305377950134	0.06125803059123834	0.002984160235694311	1637.700631807518	1800	2.9696939368530456e-05
0.3947644586158	-0.45119894177438	0.9843489635142497	2.945385627288371	-0.0030207999964882186	0.2484142739587522	0.01599200196088365	0.017782086733989122	0.019233167847257534	0.08183081929896392	0.06102930283229433	0.002989033640622746	1565.5086319360175	1800	0.00015334927837489402
0.27176331046046515	-0.3106635554997394	0.9338170610937269	3.019482529289894	0.693963145987079	0.24696022871305395	0.011050521362404368	0.012293343644981055	0.019099200517932406	0.08279467665385357	0.08940801419145734	0.003003306735713483	1527.130416931556	1800	2.5315902772722545e-05
0.8232645378773642	-0.9351806231945275	1.1276256085203809	2.787825543014774	-0.796260630349599	0.24660784491057328	0.13749151313059688	0.1564209746806172	0.03737432335034713	0.13639379090609302	0.12289466188846448	0.0030338884698573633	1656.5639532633088	1800	0.008320613647371229
0.3950612567296428	-0.45390370482599096	0.9784081003681315	2.889760003974736	0.002088934742778436	0.2503580984534374	0.015928471769510927	0.017799124629206322	0.019079688626980392	0.08103804374277183	0.06080373357674089	0.0029916322923785447	1708.6906799530204	1800	1.0585934309220481e-05
0.39933009893710936	-0.44941934861246235	1.0153190839806907	3.088363500586576	0.00011122509072493603	0.25267487861551224	0.016232278550639644	0.017784572095918803	0.019434022798795508	0.08308676326670553	0.06155310798492263	0.003023494938070772	1629.6768442387045	1800	1.2222835004149232e-05
0.25501610469358776	-0.2869788701433358	0.9521608467853262	3.1141389507266406	0.8971128431072009	0.24964139800721896	0.05299602551469553	0.05952586621779079	0.033476810472977174	0.08713275106413625	0.5121983983886635	0.0030541341758401567	1710.0436395206202	1800	0.00017509819143554466
0.2508886768855222	-0.2859320346918355	0.9277159227459862	2.982831902549343	0.9118039553430015	0.2485567199906658	0.06797256586011613	0.07754249751582362	0.040683793751694244	0.08845374080443358	0.6655788151735442	0.0030077157880505985	1666.833833291405	1800	0.0007930035525239649
0.39839799873040666	-0.4496404724846529	0.9851365616427707	2.923608912848668	-0.0038701631304103156	0.2479895191130598	0.016158840953885156	0.01775298808962867	0.019212952768315125	0.08170627555457285	0.061024942209312254	0.0030064878977777145	1580.449833516963	1800	7.610880777990175e-05
0.39496145151875983	-0.45350739602138496	0.9944001804234103	2.998055945522721	0.0029384786788915103	0.25219006765460217	0.015939455049624386	0.017799621612442695	0.01920985728361296	0.08206595352381711	0.06108430926795135	0.0030045781809409544	1591.1380438681367	1800	6.22971965080825e-05
0.3962577450549203	-0.4516915331169066	1.001181969889837	3.0540945573691474	0.0007253307151951541	0.25412904437558537	0.016056403155763628	0.01780492621893124	0.01932248228690559	0.08280437322508259	0.061374471741760035	0.0030180190482346865	1666.2096882865214	1800	6.39467431968118e-05
0.7684898760137755	-0.8597028209844915	1.11057964011445	2.784434563136935	-0.7377845715293837	0.24900709737230514	0.1433048522194071	0.15974940000957083	0.040871523181244436	0.13005926293616185	0.148227922059018	0.0029814712190779705	1738.9268813412682	1800	0.0054474151410622736
0.3964904405239155	-0.452593187880214	0.9920897541135942	2.989864018719784	0.002054493349753963	0.2541715102678128	0.016032214225420338	0.017803136815873113	0.019188483156444166	0.08184249466330826	0.06117988415130688	0.0030147684921172186	1609.1053709240207	1800	4.444210208568154e-05
0.40369339434271995	-0.4481642852226694	1.0070264166552614	3.004220365390246	-0.00045087947688270894	0.25063598307540863	0.016394523952982194	0.017732123453663564	0.019380707486987666	0.08261603172104023	0.061329285483427955	0.0030184623922343214	1755.6190788500076	1800	0.00011287220021529143
0.2539407794913796	-0.28999246579952	0.9274265684521278	2.9666707802965484	0.8830444892605842	0.24629739610792256	0.1183494410763975	0.13512279027364493	0.06448626890374771	0.08188919468430378	1.1332083416944667	0.0029567947378768816	1660.1759015091322	1800	7.294612409155339e-05
0.39800204203181994	-0.44799895968438735	1.0088577939341272	3.0879480777330635	-0.004657099293094472	0.24738529367898737	0.016180268159123944	0.01772986094959115	0.019453799508603573	0.08324496507043137	0.06143320693730546	0.0029906195494872737	1511.2084654597968	1800	0.0001233717135287592
0.39733425590986216	-0.4512051431243488	0.9969282103176013	2.995578182400521	0.0001613504117314712	0.2493466937093323	0.01606951591882829	0.01775763325303669	0.019320279125552717	0.082428277157467	0.06110595409385348	0.0029979423212899365	1656.4767399782193	1800	1.3232084880139246e-05
0.3970784463773185	-0.4473520928525103	0.9910881463496587	3.0305416655944533	-0.009294390148621	0.2456500880904231	0.01614521942185136	0.017706989943233314	0.01932820479983047	0.08289968618405416	0.06125271092141829	0.0029930746597761422	1664.29731017876	1800	0.00010340105610838516
0.39314629718294397	-0.45094554096767997	0.9855192842620029	2.9523919009476725	-0.0046029186499094415	0.24559864287058197	0.015939486248659516	0.017784101574412313	0.019239278263909365	0.08188959735612578	0.061020063101452936	0.002986940824419625	1662.5837137629655	1800	0.00016165473139212284
0.2505196137419205	-0.29040646165460676	0.9312620617692666	3.049241754385166	0.8830628573181901	0.24590301940704185	0.05866635271451575	0.06851593246357726	0.03306710389217862	0.08355870066489854	0.5801563218936009	0.002960477353874304	1704.335110374785	1800	0.00045800368996874247
0.711606572240442	-0.8026590850553261	1.0912471307743916	2.793440678291577	-0.6741801157111411	0.25449056824425764	0.1635870398330323	0.1866090644751	0.04783164521599152	0.13438211633408323	0.1994706526880543	0.0031903197540923646	1550.7893379278157	1800	0.0010216121890953864
0.6860717442898915	-0.7816759180419003	1.080965663683442	2.7994745418662688	-0.6613242330182934	0.248598928257285	0.12238560758246915	0.13816964908561838	0.03975979529653517	0.11405822512254882	0.15466683318890953	0.002812650580266266	1655.086064090357	1800	0.00104836953234173
0.4021994085186131	-0.45059194014774073	1.0133126397490368	3.0289868720547393	0.004626912099148173	0.2535928320941979	0.016292526346571426	0.017774361570694248	0.019346402399097004	0.0823431578885572	0.0613651435017433	0.0030250948847499294	1727.8352844434526	1800	1.6768190519388246e-06
0.8286971197923013	-0.9373457856039978	1.1357161604155188	2.780697103786853	-0.7953295947841039	0.2493779052169187	0.09965307607037467	0.1060092433610886	0.030550198545276065	0.1050216175427019	0.08407726979205658	0.0029561229040748643	1559.656716323382	1800	0.005104341779204413
0.3948758168407898	-0.4505838129815804	0.9854177918096477	2.981390605783439	-0.004534119502448997	0.24670603197051047	0.01597990959024419	0.01773959382399643	0.019270038212559702	0.08245112801378301	0.061014110883113655	0.0029784500891905934	1588.9730882220047	1800	3.9318771238383546e-05
0.39866441169128186	-0.44914769148869077	1.012180833701733	3.066936460731189	-0.0014140435309335675	0.2488200641008442	0.01619149595611594	0.01775812398298178	0.01941673019941993	0.08296723276850905	0.061401437285960446	0.0030073221290627303	1634.8911281843148	1800	8.488802715406158e-06
0.3944537405757083	-0.45048033446461333	0.9867419867400199	2.971466345487006	-0.004910394087116183	0.2459186789741514	0.01598287945236515	0.0177580286372588	0.01929190160568174	0.0824248366003282	0.06103086852904008	0.002983438371938923	1612.3015079101965	1800	9.021969981861735e-05
0.880030729734799	-0.9787869377834679	1.1299184070356623	2.7017215554094673	-0.8368484368924655	0.24619894128933045	0.09400305398613927	0.10558886388722445	0.028121775889834284	0.10280133081618431	0.07514567257342572	0.003011738347254792	1568.8315052160879	1800	0.005528018296776876
0.841297775766559	-0.9570656081268623	1.1157047414526922	2.6495411172199965	-0.8032487984936219	0.25333670852503043	0.10250283924749652	0.11328049054082158	0.029814372892418887	0.10631612106517975	0.0857399206130071	0.00301998227827413	1748.3803840678806	1800	0.02084012160712574
0.2484454754200003	-0.27444702518494307	0.9658947676867474	3.218990566354789	0.9811024474026273	0.24426337872300904	0.0734803611567526	0.08228658385163358	0.03975063419762173	0.08649061320246787	0.7604748512589297	0.0029655067131435673	1717.8019978799955	1800	0.00016577229301905407
0.3956075228997993	-0.45112685924918605	0.9657107517778044	2.8440771354159384	-0.005219552963169109	0.24771514999961794	0.016015071955077582	0.017770280897461917	0.019069161305556807	0.08103960587908426	0.060763297504556404	0.0030094184251083156	1637.4405604146568	1800	0.00017020469869865918
0.40094148776520405	-0.4488822801320422	1.001618021527869	3.005510232582347	-0.0016616753401749137	0.2490189886184015	0.01625797200443584	0.017727099337000847	0.019378439184659448	0.0828140464790437	0.06122382125428404	0.003005958071305612	1668.0725860244115	1800	0.00012892266574477868
0.39671123475821063	-0.4485089400700154	0.9787108131167794	2.95346132109427	-0.008564714830055194	0.25070981647983565	0.016149316611765257	0.017772173330992954	0.019339217195735663	0.08289143631424584	0.06122196303367935	0.003031542635249288	1600.8872147295076	1800	0.00017547344348580696
0.4068125990853896	-0.4472268001399351	1.0197838275704978	3.0646596551734295	0.0017004241385634353	0.2543135619091522	0.016538430457666366	0.017721066495560354	0.019368271355949845	0.08246516108351448	0.061569149217865625	0.003048659886306299	1642.102549170239	1800	8.047825865247335e-05
0.3996101304139425	-0.4529547404033351	1.0128923197047803	3.032290214969545	0.0077921471756594715	0.252061928449625	0.016110497109491504	0.017772940367293134	0.0192964402784626	0.08216595020979726	0.06117936849864232	0.0029970593384869145	1749.1430938691258	1800	2.7390178002117705e-05
0.3953999923356956	-0.45308962567796585	0.9907200839087923	2.9577314766688714	0.002217243509627847	0.2533242546961062	0.016003194367778813	0.017836789163720362	0.019274737236034848	0.08208308469305596	0.061146764452964096	0.0030016559569954002	1688.753913451662	1800	2.884639992278361e-05
0.2553728693536327	-0.2853151833679523	0.9509426796218614	3.1117664111185146	0.8991236366264141	0.2542275052838489	0.11415795078685201	0.12761174783651302	0.061933551083917335	0.08517793252926345	1.0966021886531316	0.00303889947717776	1705.1448047605086	1800	0.00017802255155558399
0.4022402677477193	-0.4465486281592549	1.0008627517645434	2.984644759648485	-0.004826652940696721	0.24885097624050956	0.016395194634632536	0.017733331783459236	0.019407045601765212	0.08258236580581776	0.061377198632745454	0.0030236645657948725	1645.255193761082	1800	3.403800401200865e-05
0.24397028124704565	-0.2757316738359051	0.9493057743936586	3.136472854255291	1.00484715770436	0.2509432557181323	0.06248274928889449	0.0716166097163689	0.03715413278412263	0.08258464092519419	0.6679786674259502	0.00297916372318794	1758.1457258998655	1800	0.0001219362905195284
0.7984511982428393	-0.8797936455856321	1.130182257481822	2.7914909552308727	-0.7558538917324544	0.24802640219184388	0.08893901831921248	0.09461106064217399	0.03531938945071149	0.09122716091150941	0.08304358663726194	0.0030192773131723773	1680.292106463758	1800	0.03926677203076372
0.25771851388645	-0.2898818329837755	0.9387909393712959	3.0049630963903056	0.8739773914134029	0.2538566876437442	0.06594315152346837	0.07427797812082473	0.035070375372083296	0.08523601201560814	0.6201095785267144	0.0030354007544257057	1598.9666329799713	1800	8.773718836720195e-05
0.40025285115874853	-0.45112815279323554	0.992157933574539	2.953935301032348	0.0015605027649963602	0.24928929485338766	0.016151388503913372	0.017722245827176866	0.01915659113365785	0.08154684927843708	0.060958787704773365	0.002988675941496196	1584.652570000792	1800	4.979301269163764e-05
0.4053072226987334	-0.4482490436369467	1.0187931359705418	3.0775120808120455	0.0024181533899355835	0.24838824815276125	0.01638615899815855	0.01765778325806436	0.01931372428285107	0.08238575488124329	0.06128905132224332	0.0029820608768980693	1598.383549093553	1800	9.20624371018707e-06
0.39862531763660325	-0.448141735519934	0.996077240945785	3.02255616431932	-0.0056054426921964265	0.2452956124455307	0.016163151011319057	0.017691143666454683	0.019321369719479686	0.08263797700521949	0.061157422839289766	0.002978166601970763	1603.9579153348714	1800	4.385375174615205e-05
0.40094144126629927	-0.4492290269964058	1.002143249698863	3.0410519659011395	-0.000975538868200388	0.25035947060345365	0.016230540331416663	0.017707701814534536	0.01930196300397543	0.0826490677966494	0.06124621418371341	0.0030041525044992006	1727.0450543290171	1800	0.0001119240474871036
0.24986706498086678	-0.27996921157409305	0.9417843237280126	3.0159325319188763	0.9651063274460879	0.25038843047972537	0.08443753575086146	0.09508042003396089	0.04737316276018881	0.0811887925173944	0.8545979644638945	0.003065554577699128	1689.0078724152886	1800	0.00020441250497274275
0.4003777970341774	-0.4522397099188911	0.9852038815860699	2.890633061718648	0.003283002417487282	0.2509301210130659	0.01614977570278984	0.017757976310724004	0.019052273781915728	0.08078721781016067	0.060860676016908394	0.0030039141025288386	1701.7113396106515	1800	0.0001217531991666702
0.24982967526506542	-0.2844509549687474	0.954053173556043	3.141336501024489	0.9490184701860597	0.2524198949869635	0.07049726893676615	0.08007143141935635	0.041983327052397296	0.08603109049681754	0.7041104210296784	0.002986003524724033	1524.462872143048	1800	0.000850956424712158
0.3953304658010852	-0.4555084299380234	1.0193027297815547	3.0825606359959306	0.010764095830364648	0.25718787987198394	0.015953329445887007	0.017874703799379537	0.019423109884591182	0.08298608628337031	0.06140502255236178	0.0030192185396184213	1629.0850791110938	1800	1.0856047171009063e-05
0.24268457914184838	-0.2724746955588153	0.9453722327021439	3.1258938151675206	1.0242914687012132	0.24911308940660934	0.09197472090773673	0.10318325637358956	0.051957146160589954	0.08231836923406642	0.9719239844432391	0.0029007588362508284	1640.8055171491715	1800	0.00025920912240445543
0.4008905423817997	-0.4516092062867736	0.9632295391718987	2.8042154464105566	-0.0005534611388899348	0.25220449873131995	0.016177916261478725	0.01774303637678488	0.018902822087460226	0.0800580820234292	0.06067486581956347	0.0030299444739329165	1658.4248012729493	1800	0.00019342733924799458
0.9164720768396142	-1.010914278710255	1.1346679834543116	2.664669362722861	-0.8537008019193524	0.24933030747427098	0.16974564467790662	0.1917225930659624	0.037877323557552536	0.15692204476189084	0.12541181243597227	0.0030272917064411388	1680.4194304899233	1800	0.002523834460373093
0.4019729329727736	-0.4518253989143281	1.0075254332996908	2.9880561693122694	0.0064778369546952055	0.25071618891152053	0.01620375250694914	0.017733187363506174	0.019222043642706656	0.08162554025018381	0.061053169634305605	0.003009119433704585	1618.4765746505182	1800	6.67661403598212e-06
0.3981031338718954	-0.4522630898117606	1.0066196646252672	2.9973385536454615	0.004484898556785249	0.2496207552886367	0.016084429185864793	0.017782543551962772	0.01929497066164592	0.08199573167501777	0.06112826598396943	0.0029909887715585926	1608.6496812934502	1800	3.738958079476173e-05
0.4000466455614757	-0.44887248853916434	0.9976973060491655	2.972342552460078	-0.002598952333709319	0.24975756865000837	0.016264708092086896	0.01777041318791891	0.019354303332292943	0.08238218719371797	0.0612720281582145	0.003011243176221377	1645.6744150653494	1800	1.247680689784033e-07
0.39960867926235605	-0.4491076718199786	1.0114671251603378	3.0562232652158365	-0.0007243530301943076	0.25009861009572215	0.016236620727944198	0.017767074893442154	0.01941532257085423	0.08280984059225661	0.061435332277256505	0.0029992224980159646	1522.5221150211876	1800	8.56621869041464e-05
0.39672083386143175	-0.4473636544737835	1.0052757786785473	3.074587600212177	-0.007735612462906054	0.2489328371674686	0.01620072662572022	0.01778323075659105	0.019505304995207577	0.0836719732531877	0.06157927040252583	0.0030124256036919168	1660.2401459288214	1800	8.818789194064851e-05
0.4014167914339111	-0.4501588526910734	0.9972773635412545	2.982088589522919	0.0011634230879236872	0.2478100547192206	0.016198417374444028	0.017688210900896232	0.01919920434814369	0.08167784024496251	0.060995919707321225	0.0029872002603451276	1608.8555023872245	1800	3.357325692080777e-05
0.395640196953152	-0.4512708256131309	0.9781476190709587	2.9319497735040683	-0.0034064943465082534	0.2498401062749643	0.016013287695650535	0.0177724383110923	0.019153212368531815	0.08178114671141168	0.06098882646946778	0.002994230285511963	1664.4612449272647	1800	0.00018336466612124298
0.4000196143859741	-0.4524395637980101	0.9880975936942769	2.954264084287996	0.0037254134874045706	0.2551492224436139	0.01613836590052471	0.01776497847376529	0.01904419944055494	0.08109902405592562	0.06105692245116099	0.0030049138238768987	1679.5826349277786	1800	6.668635991035777e-06
0.4024730504639999	-0.4467801350735871	1.0080874617812035	3.0140216760243628	-0.0038686739698913664	0.2467595525329053	0.016375853354126554	0.01771018435177381	0.01939304193070281	0.08247126546082513	0.06132793829409742	0.0030081297046257215	1602.6736958716251	1800	7.974821650458794e-05
0.4028138216141709	-0.4467610399916205	1.0022351656426405	3.025693502062652	-0.004688227013783753	0.24626418419031895	0.016344805882412355	0.017661817839989328	0.019306569026556246	0.08241155816556017	0.06122638493131728	0.0029942180729775002	1618.9496219339935	1800	5.551686753805682e-06
0.2564571908118218	-0.2910139314394434	0.9554876679000144	3.1689298752332538	0.8466034262770522	0.25122223946095845	0.06524872716810493	0.0741071133238499	0.03873410318408684	0.08444672674462725	0.6119531460269151	0.003033349227755068	1780.7269208396451	1800	0.0009700554776897526
0.4074482071344725	-0.4482863314990057	1.022929108427299	3.0648103446461326	0.00468312570937719	0.2530551189681231	0.01650571391798345	0.017701143510675654	0.019360949410247266	0.0824797571414775	0.06144131801800298	0.0030194714245133825	1667.0959110933486	1800	1.1041916759272257e-05
0.719439313371197	-0.8117608916675751	1.0896409124509008	2.7849916398003693	-0.688800650540099	0.2473601371928281	0.1440654435307672	0.16103790665675666	0.0414592987291806	0.13402996156880154	0.16692834930772002	0.003058920294375596	1649.3616663984908	1800	0.00028317994136000546
0.26407370914346995	-0.2955460226199932	0.9452627709776322	3.061621137333413	0.8215143285348314	0.24841653871349686	0.10330221838086107	0.1155378886765833	0.058205373294113204	0.08486856994502445	0.9270241417905841	0.0029991252401521643	1669.6019681320877	1800	0.00014460492872596787
0.4014992654282315	-0.4492969230901112	1.0085714914614154	3.0726559531446633	0.0003882798453619037	0.2502041104684062	0.016237404890196278	0.017693241598309133	0.0192787642490924	0.08252518155645083	0.06127872340332736	0.0030035930440558945	1707.956329480971	1800	7.290080787957632e-05
0.6909495153048462	-0.7735537390394366	1.1155894233941628	2.9866004041211154	-0.6511857631018017	0.24871157477951022	0.1281430865232958	0.14442673310311796	0.04385130123382335	0.10826860294292621	0.16395794614465026	0.002914742413097615	1678.4432759345234	1800	0.0017142084715999501
0.4023057974141924	-0.45127965195531106	1.0053581917812604	3.0016443256741265	0.005114043724618188	0.25165305907777424	0.016231077431824885	0.017728210745881993	0.019228571895908687	0.0818441420013865	0.06112035125470383	0.002994922421548236	1674.0684118279241	1800	7.221470297762319e-06
0.39560098967584806	-0.45111264395164097	0.991369180680972	3.0137895369161853	-0.0021190080901795955	0.2504930692072758	0.016017051786399897	0.01776982284109616	0.019308028900192467	0.08275338175701455	0.06118594806340217	0.0029966550148665815	1686.397022261551	1800	1.4616381349525934e-05
0.4043153042567042	-0.44908260027809427	0.9992871599369464	2.9561293489920595	0.0011509818725355676	0.25124845907041704	0.016379677364314893	0.017725510965823765	0.019281907884431407	0.08202502939225612	0.061163900300472994	0.0030054988295573413	1625.8354574093805	1800	3.7023134098121165e-05
0.40248628495808436	-0.4484437916445796	0.9917857439930576	2.933348463256769	-0.002404811300061237	0.24959094490879055	0.016334988630322917	0.017729885360269128	0.019215821040823283	0.0815815270531254	0.061125437717570244	0.003018859831585667	1498.262223482456	1800	1.5845036744920548e-06
0.40063015015168824	-0.44857091565417984	1.0034690024659112	2.9966954470071085	-0.0022498617075599812	0.2475041490289894	0.0162650565525485	0.017735784432858604	0.01932698236807962	0.08226722599471409	0.061229358931812417	0.0030115585832045932	1654.8106410075002	1800	6.835337428368543e-05
0.4009016971829989	-0.45174412652479695	0.9819735982529746	2.887879656926151	0.0022972447046516967	0.25371561105917984	0.01619762221007446	0.017770266935139657	0.01907850577281451	0.0809357439464604	0.06095279266882551	0.003023184954918258	1600.798498043773	1800	1.6902932863870057e-06
0.7947543257938156	-0.8837971314983175	1.1274650723159756	2.803004473633334	-0.7640624787232332	0.24413489648607575	0.17206716391584234	0.19005179752783258	0.048120244856158956	0.14263717528006534	0.16600926001385732	0.002978220210281562	1711.9587542562888	1800	0.0034171983159779792
0.714044374393699	-0.8089268806246571	1.093692420001777	2.808055695837269	-0.6843416306475203	0.24433297633814016	0.13254145590293345	0.14965647898138026	0.04173498245835162	0.11722009952899902	0.1544587416029006	0.0029142445403388074	1622.0047826019936	1800	0.0010823568249095277
0.4037512210965439	-0.44663207100889923	1.0330236384990201	3.1626535711627244	-0.0004612020635648327	0.25151467599862415	0.01645314600585696	0.017733267402481743	0.019608648932048313	0.08399515447174358	0.061788895240140446	0.003018265764286642	1684.6073831869087	1800	3.71560853854607e-05
0.397760254121508	-0.45245616068153777	0.9914410050137284	2.9461633286312794	0.0026415309893600214	0.24762288506549804	0.016022935074787477	0.01773610446694876	0.019169931748739596	0.08152774431695485	0.06085246977492729	0.0029820472253638624	1648.5211969602547	1800	4.484348797226363e-05
0.3976635994491422	-0.4518672555500947	0.9888638535681995	2.9543039430540157	0.0011043973180781277	0.25063151411079954	0.01606209924442515	0.01776127572564172	0.019145418761203063	0.08139374729066344	0.06101127314818877	0.0029967506993077513	1610.1960110195437	1800	0.00019852786692617903
0.399038574383178	-0.450928275345299	1.0024156956117702	3.04504175332999	0.0015475710743305252	0.25301885334137164	0.016149004030150495	0.017761552548103115	0.01921900348490365	0.08205779630059813	0.06131417057965859	0.003008200876293408	1607.895126124718	1800	2.8733405450680355e-05
0.40146854984390873	-0.4491649488212002	0.9906843921668048	2.9424166959149956	-0.0017994538537490492	0.2475379460081859	0.016239593053746636	0.017694585877656436	0.01922364590692842	0.08178067532416604	0.060971536465440276	0.0030052926553720766	1604.2866192453523	1800	5.540332482917028e-08
0.769553646100827	-0.8795517903455865	1.0944891691809011	2.6621648009927625	-0.7461356082626265	0.25108113407684657	0.1026225129560738	0.11677472140187342	0.0336886132733462	0.10691033443405318	0.1035907576167614	0.002986402896292292	1623.2832047958293	1800	0.021994058680576033
0.39127911916056074	-0.45245191302415205	0.9709116700823403	2.8912349307675886	-0.004971077414910532	0.24628292684580594	0.015835043192668763	0.01780318079478526	0.019157883245714644	0.08162787309188707	0.06081793087969696	0.0029799930070914496	1621.771963152619	1800	0.00014721142241681524
0.25648831648677495	-0.2858146576533558	0.9583930408721133	3.146099171591482	0.8968097736303494	0.25163431296113103	0.08330307042672953	0.09275127358409409	0.0476243812770884	0.08681034008211495	0.7961806496814937	0.0028872975775078545	1631.0361472279271	1800	0.0002592228064957769
0.4000721200076147	-0.45112461311087315	0.9938264986486007	2.978244767155761	0.0015474856502983951	0.24961013664495665	0.016137606308739724	0.017714741903667196	0.019142863343101526	0.08160881166502505	0.06099537249114516	0.0029884699996417735	1635.68637121563	1800	9.397817811979013e-05
0.7917142176566122	-0.8983053965142895	1.1124164573967201	2.7610321394041266	-0.7710099661424467	0.24940146629860327	0.1270965237878034	0.14324387343425615	0.035721110681296755	0.12195560322048246	0.12104612910472326	0.003074512359308493	1604.2078362495981	1800	0.005748971319378489
0.24189449193872084	-0.27414586045969075	0.9330898558117152	3.0576961609430056	1.016978200515509	0.2538708121281156	0.1011168826305152	0.11514013378514683	0.05748152818282126	0.08214145387273139	1.0784037839338183	0.0029232360720691263	1626.9197698475823	1800	0.00011217967717939172
0.40187858506216706	-0.447761670346857	1.0015678648769055	3.0400875085477788	-0.0034975885081942053	0.2491272820636958	0.01630256087166962	0.01769130101597344	0.019280978922618847	0.08244853712812189	0.06129241362631328	0.0029977704158729228	1602.6657994731484	1800	9.633851062286857e-05
0.40047991342644784	-0.44913970361845706	0.9966700396991154	2.974109920151944	-0.001887762138791245	0.2499660279648179	0.016251246479844085	0.017747801728287	0.01918601987250939	0.08153083102552945	0.06120181528222294	0.0030220210804742273	1778.4784990950873	1800	2.609024730505368e-06
0.396189701778102	-0.4527960992596316	0.9764416547537375	2.872897349059359	0.0005122184479323525	0.25092614990109374	0.016013793394582723	0.017805267363260137	0.019141826532095806	0.08119873664496638	0.060872409699115816	0.002998497480470083	1717.7946172071393	1800	6.516115605439835e-05
0.4041212426340066	-0.44662609863242125	0.9854508540954783	2.959620300568112	-0.006223741987857446	0.25189399298135384	0.01642781389099622	0.01769032382206483	0.019162773064443805	0.08179956103950412	0.061235319414079406	0.00302340459947831	1606.5861594691673	1800	0.00010376674892121727
0.3951295239961188	-0.45027030679830266	1.002914231071161	3.0667765837931245	-0.002863094700888053	0.2478608795160378	0.016021264910079474	0.017763063980461045	0.019315986003247174	0.08269745259318383	0.06130414977889899	0.002987242503833609	1648.023919491995	1800	1.159704885242073e-05
0.4022287929133664	-0.44715705745733875	1.0002817543203835	3.0305197851567693	-0.004685702029340954	0.24659696768053374	0.016310740164446034	0.017661974379995362	0.01922963362637503	0.08208611112002609	0.06120997667850572	0.002994780074046983	1570.568984420755	1800	0.00010408312518174751
0.25314415445586486	-0.28803462464137863	0.9443983491596578	3.1075862510041596	0.9055537331633189	0.2574290879724123	0.07291844284886292	0.08263563148020106	0.04232247966430776	0.08286962534522657	0.7054069838216659	0.0030291612439630484	1661.3404084524984	1800	0.00021227571103251482
0.39424366229759683	-0.4524122170944139	1.011650297751535	3.098533880411504	0.0023504723394430615	0.24973645049210383	0.01593883100448392	0.01778882626041867	0.019359486693345567	0.08282182146640049	0.06132166470639042	0.002990233112846424	1663.9376359099492	1800	8.432114041578635e-05
0.3963422608097309	-0.4522231080714525	0.976827583816298	2.870247138995886	-0.0005378375738011414	0.24972601704006522	0.016035064229483018	0.017799513540934443	0.019116763233809734	0.08095674447320829	0.06087546970502557	0.0030035692837489213	1722.2636788360246	1800	8.63506637909971e-05
0.39968979888249767	-0.44970534155262815	0.9946437958015864	2.9559684716618233	-0.0015753924449891136	0.2503090762998216	0.01622384457165663	0.01777250243337307	0.019275366901985024	0.08202515380227383	0.06118309781223264	0.0030245241320995563	1684.8369262944097	1800	5.681221339905187e-05
0.24679909636251773	-0.2777275774054345	0.9485761302455131	3.122938267110288	0.9660591526215467	0.2513455367966682	0.09167542252388375	0.10479446998087263	0.05106265184752283	0.08360598991160868	0.9513267537978751	0.002962005621948964	1702.867699020468	1800	0.00036185423096629963
0.39837723789151785	-0.45063063458472463	0.9845368866408473	2.9346968630152603	-0.0017183235287119244	0.2519751640410343	0.01614534537474405	0.01777671198855454	0.019162033223003114	0.08159863297340166	0.06109861976850311	0.003020775183976592	1676.0285418142844	1800	1.618898781278464e-06
0.40697559282154794	-0.44877392816231615	1.0168564659365338	3.0409181055355203	0.004562020662555527	0.250907113664897	0.0164459948013307	0.017673985018008632	0.01922836093473726	0.08183697097879913	0.06126080358089118	0.0029961323551846966	1686.4885994938288	1800	4.414458444662157e-05
0.234640599715223	-0.2656063642865973	0.9558197672048464	3.111393289979587	1.131528593994677	0.24992329025753046	0.06401830367034451	0.07226975104686627	0.038673256212977916	0.08170069177104998	0.7320035738824452	0.0028249254582983965	1735.1964039957127	1800	0.0004388048415174485
0.40154642983065436	-0.45185692426727575	1.0196542296900224	3.080633752417137	0.007336547436323188	0.2511842072105809	0.01617701585490499	0.01772224187982143	0.019361706334555532	0.08276550122443066	0.06122131606707355	0.002992737378709465	1712.0668971435207	1800	0.00012070948689161374
0.3982179957325523	-0.44984209685800397	0.9746981149543283	2.879068672755945	-0.004929070292726256	0.2501774846004015	0.016162309458185625	0.01777325761096355	0.019151299795246914	0.08147706548238193	0.060981411159528535	0.003015552576512624	1557.5366539001968	1800	0.00016749217848314828
0.2453031686872007	-0.28176276911796977	0.9346290936163301	3.0432662027151105	0.9542025071477275	0.24484001721693957	0.06720687965563525	0.0770343511123968	0.04012059906637463	0.08135935422970643	0.684017853803409	0.0029477085389479005	1699.9553656447872	1800	0.0005239715250618318
0.4066222387142883	-0.44799971239165004	1.0249442989245834	3.0839231011701247	0.0038692566343855378	0.2521016358420374	0.0164821555996841	0.017697871262987844	0.019358086661032847	0.0823899915624795	0.06148015285947902	0.0030261703934898582	1765.762860258108	1800	9.897107761709154e-05
0.400166607811133	-0.448470595529084	1.0068884390148978	3.0492869850673356	-0.0023855051894962334	0.2479063534588689	0.016236397383676483	0.017717668231483366	0.01936892322727647	0.08276832183320022	0.06130976124407433	0.002984411801597005	1548.951955547172	1800	5.248467371762404e-05
0.4010409611170007	-0.4473964897625077	1.0040230988376302	3.0116801959032458	-0.004305963471927166	0.24500232347284784	0.0162858780279284	0.01769623720596366	0.01934293476349909	0.0823837791008358	0.0612140660992542	0.0029867879086249278	1727.2165902608294	1800	9.033369713314148e-07
0.3983575297587155	-0.44941332173952186	0.9869949561503634	2.983896978898933	-0.004123493798998039	0.2517097092536702	0.016166273076161076	0.017752745690370726	0.019195628183055244	0.08196420728399628	0.06122366633132072	0.0030140780134082696	1672.313661157657	1800	1.0763288774833314e-05
0.3970454125811234	-0.45041630903133306	1.0085859993776463	3.039673661817513	-0.0003104111268778409	0.2509760965084087	0.0161389762752351	0.01781721022902402	0.019439878017390153	0.08297734031927949	0.06142794704743628	0.00302097196279685	1656.0310123024196	1800	2.1055002732334142e-05
0.40193608305274825	-0.4521969047700534	0.9842764904959947	2.934226498626418	0.003968430491172559	0.25489002836420677	0.01618609191359154	0.01772818077678378	0.01904995443437205	0.08124907137701112	0.0609411006114466	0.003012189085237755	1607.8104701577781	1800	0.0001637303224337465
0.4017215799814791	-0.44931239214689284	0.9925415383964498	2.971070321996095	-0.0013227274081870622	0.24931770971592568	0.016247887837134854	0.017697939018039975	0.019193148754872644	0.08188316275020509	0.06105820377290842	0.0029968995380589983	1696.4131349271224	1800	0.00012506240389511186
0.3992045901052929	-0.4533733031736735	0.9967235744774978	2.9911118764553586	0.006108974967492768	0.24959002764828794	0.016018206404660125	0.01770241339697806	0.019140299250691575	0.08167189077120338	0.060842737534928415	0.0029736493414494816	1664.1273904367667	1800	4.255262738935272e-05
0.4007076370113222	-0.4485326806216351	0.9997249425383453	3.0265565582363942	-0.0027231241710980033	0.2497686819056966	0.016251723331419558	0.017714233756709146	0.019259228421572683	0.08222791904031515	0.061273621857733086	0.00299643287788927	1662.0925361175746	1800	3.7669704333882684e-06
0.7377752465699898	-0.8212047949393707	1.1122487506977667	2.8375417039064903	-0.700849390101555	0.2494160198089861	0.10090619502426135	0.11537429569826202	0.0375504721141122	0.07620254845737728	0.11462870692181457	0.00298246783300189	1654.2328043226055	1800	0.0020628359135048888
0.928184072185725	-1.046605088574481	1.1439926497618973	2.664155078061565	-0.87024172741327	0.251605105453093	0.07816074525615574	0.08837179680996159	0.025140762227032064	0.10724555680849714	0.053839764142545946	0.0029651160784781305	1640.2919250372297	1800	0.00897496346101189
0.8391659571597428	-0.924065979638737	1.1479427523734604	2.807082435589732	-0.7906736224816607	0.2556476466400874	0.09154090705958198	0.1042801677646087	0.026138065352884123	0.11515207080612014	0.07955275846387772	0.0027694262906355206	1677.1001405291504	1800	0.010508947904625142
0.39868872934678373	-0.4496772886833772	0.9991799118059762	3.020925396985111	-0.0019438471478834866	0.24904332802021603	0.016157050908431645	0.017739391845433324	0.019397353296543674	0.08305540937173911	0.061224526884984476	0.0029909618637100517	1661.8767245848012	1800	3.9849293470572975e-05
0.9954601943294171	-1.1156071342536893	1.136167698355444	2.5100663894220623	-0.9120360893723743	0.2458454342324611	0.15003292763028944	0.16761928331850562	0.0318552742645015	0.1494185468073379	0.08878754064306257	0.0029548456476543626	1664.0910825084484	1800	0.009841392067195235
0.25909977428570663	-0.2913817923850692	0.9632169657731434	3.181072210773315	0.8644649073336221	0.25062272643956374	0.09480294088265537	0.1068695782218006	0.05208814117541501	0.08412733522516688	0.8885767956507918	0.00294597310580438	1562.1034459243406	1800	0.00025074258650987336
0.4051468287552067	-0.4512057382655055	1.0071127750941586	2.9634364230312062	0.007814368568305618	0.2499933715795017	0.016307816824084886	0.01769197008271643	0.019174071524619765	0.08122468428689926	0.060967401642268285	0.002995902471494835	1552.288386088054	1800	7.5267146307900964e-06
0.39824443304001234	-0.45197671042992044	0.998275509747054	3.0038508722418276	0.0030658424976830884	0.2482329378289707	0.016041033940653836	0.01771643364255049	0.01917954891518791	0.08175188175637135	0.06098442445180053	0.002969561490363864	1585.0276381650528	1800	8.59184314702148e-06
0.25550609948556885	-0.28668963035147865	0.9410069936638301	3.0498090077068287	0.8914356140454252	0.25052224705296067	0.010370421312061397	0.01133308686411731	0.019023050733464254	0.08246748111685077	0.09708094237036836	0.0030161899128178407	1698.3033401146897	1800	1.0815346821885251e-05
0.4006524332594579	-0.44969612873610737	1.0084167344835715	3.0386485950357027	0.0009250827882858375	0.24457806848330693	0.016161213238750933	0.017663045513985932	0.019241934623004994	0.08193954784512607	0.06103456994831933	0.0029790902559636225	1594.3427287183777	1800	1.790302439016239e-05
0.3959631862626057	-0.45345714500509515	1.0026546579911044	3.006486871103852	0.00495724341227995	0.25071877185008173	0.015973906829065947	0.017792377269115277	0.019320843960467092	0.0823075557411417	0.06109114516534203	0.0030112660997017697	1779.476348089896	1800	9.110699841616081e-05
0.25631495600554893	-0.285574663116224	0.9495527763119553	3.127940353265961	0.8798795213187485	0.2485566019995246	0.06593775329012745	0.07360060875337111	0.03882013189619124	0.0825858336975978	0.6271199538394231	0.0028992107895550543	1564.535046040357	1800	0.00038478511805157227
0.3978803628609627	-0.44718504767722733	1.0131434454556658	3.0968313290296816	-0.0062223766195111515	0.2470130474526696	0.016222699189343777	0.01775184595654718	0.01954378795412056	0.08377564895060922	0.061544643193835215	0.003008857990615527	1574.6092327000551	1800	5.3310796418147423e-05
0.3984890792028501	-0.4520589060589848	0.9893595398576657	2.953893390774678	0.0018620774712901848	0.25392226136639445	0.016114913400087943	0.01779211696378605	0.019188526843866585	0.08183554381289428	0.06111467911018778	0.0030066916704473722	1602.7892025324682	1800	6.81428318265301e-05
0.7849735864383176	-0.8864793816769149	1.1164248146804063	2.7485094266278494	-0.7521773199364935	0.2530380386744551	0.15733900765187606	0.17744210684862566	0.042291440229235165	0.1395654274295607	0.15510768387842389	0.0030316275827825304	1671.36215239058	1800	0.0027114679460357822
0.7055432398420668	-0.7880070443452866	1.0925431779375878	2.8101072720456104	-0.661188401400071	0.2523195853585538	0.19563507565918295	0.21762478313775627	0.05701163104138571	0.1437413561815042	0.243677464896231	0.0030659832469868086	1674.4809590465725	1800	0.001447489084458024
0.39959789173624405	-0.45087901298180694	0.983829874367407	2.889682627526969	-0.00029078954858245167	0.24880804146333804	0.016164936371690364	0.017758031327736738	0.019176084264906145	0.08137447687087344	0.06091351368186385	0.0029924535094433494	1641.4920620009461	1800	2.261569208762818e-06
0.40090392130208713	-0.4508987952654521	1.0146977312228316	3.0711117019294742	0.004586461642258475	0.2513314420233613	0.01619120864254052	0.017728261939987715	0.01930935929547713	0.08232265084891055	0.06128148727388422	0.002994579375685912	1645.0463200633098	1800	0.0001791029171185156
0.40175660238990346	-0.4486629098664918	0.9880477130369161	2.96568384096585	-0.003234960558864593	0.2475395082510491	0.01624245477003597	0.017665671950251347	0.01915093841747164	0.08170617352891173	0.06098705413250917	0.0029927155275254317	1698.965265518887	1800	0.00011641088157559198
0.6584674478666077	-0.7460422672910986	1.0927397173500253	2.8910478200187133	-0.6112612288668866	0.24604643468521153	0.13954074065204863	0.15855871687403333	0.04614836821382124	0.11100859636639014	0.19775300037041166	0.002924453223868731	1629.2774772709593	1800	0.0005632193653279901
0.40556189561647293	-0.4474188742892198	1.0371350161788475	3.172434327590851	0.0031605088358463355	0.25087659936907725	0.016457239940043188	0.017692941267156915	0.01955888858241184	0.08370229760896365	0.06167062610611742	0.003004348670162352	1650.9821825445204	1800	0.00015688094247261783
0.40106941711913485	-0.4515475889728962	0.9820659979295052	2.9144011270791665	0.0020079346223648435	0.253050647475857	0.016180782037639747	0.017735466020483908	0.019050435876970855	0.08100058058707033	0.06093441677176378	0.0030098490170406534	1610.763818078613	1800	3.138285492223886e-05
0.4059577481759777	-0.4486706992203617	1.0057393943046424	2.9891781698998496	0.0023214957267681776	0.2525565938309937	0.01644358868581064	0.017710174419534493	0.019283190279798718	0.0820533161932006	0.061253592121277595	0.003022927009073426	1686.1606389103408	1800	3.5236805471993023e-06
0.4031924853750047	-0.45015924093119475	0.9969818430548415	2.9734341988313258	0.002164440248566072	0.24789117257474216	0.016242506660584254	0.01766274038037475	0.019168649339144708	0.08166235884929358	0.06091983408822564	0.002984295574530478	1610.4073254425455	1800	0.00012769229458074318
0.4068283500737164	-0.44481040652245185	1.0365062234291322	3.18590891119874	-0.001715112566400362	0.2518952075317691	0.016601518249761023	0.017694261282537933	0.019624458402249346	0.0841137231904374	0.061890955517031915	0.003018364894632428	1644.508224233175	1800	6.079006854265543e-05
0.8738129848587237	-0.992003351129236	1.1466486915286098	2.7547432131096814	-0.8403713357821733	0.24590225390781137	0.14146537473073809	0.16162792644069615	0.03507520584681485	0.14040167363780592	0.11234232928573575	0.002951961886867769	1699.980348044262	1800	0.008816493217262349
0.40601878018729837	-0.450002349264735	0.9875138971186912	2.872753418359618	0.0031307916487877856	0.25203164309188814	0.01639951254590801	0.01771131094604435	0.019061239251534183	0.08059421354764072	0.06090743663890392	0.0030227535257776167	1740.8311892951724	1800	3.7820519225548055e-05
0.40177554414033434	-0.449015861990938	0.9920199730642703	2.936987831414412	-0.0016608257303689176	0.25204472861595606	0.01632341453991503	0.017766994728657913	0.019289980281477524	0.08198098775668809	0.061216819725852356	0.003020043841634859	1658.7551885423586	1800	4.717649921534352e-06
0.9530275639754886	-1.073705594098827	1.147137448942824	2.6249297641738196	-0.8853017521095544	0.2508373116760099	0.10359650341856204	0.11615875101718123	0.028402534631382436	0.1117851981837961	0.06787309058405207	0.0030266909767801093	1684.099912732659	1800	0.04062320695102056
0.40143873316035256	-0.4506860501187695	0.9996003226400627	2.961044017689905	0.002486214511438455	0.25240912026030665	0.016252570920884078	0.01776855604981333	0.019311299403016926	0.08218843981218364	0.061161706619585955	0.0030258550353442445	1596.479546542947	1800	4.468293098909342e-05
1.0490545523777173	-1.1609758591178616	1.1758784664268487	2.639934027234376	-0.9400224221174569	0.24733251636519804	0.11716383533316357	0.1264417050395014	0.026375252062062805	0.1275400537999469	0.06223702521941913	0.0029561841728246905	1593.6326506095302	1800	0.0050382070641880865
0.3988909615245411	-0.45065099499115585	1.011506893565284	3.0622207490726367	0.0021351357842226432	0.25211296181181664	0.01616776937575805	0.017778430680459326	0.019430468115034023	0.08298576231146697	0.061397074542941764	0.0030117269033803898	1635.903706057466	1800	0.00013321699230595905
0.39615450759310167	-0.45213747026901124	0.9834558790804772	2.9090305733769304	1.9808712997095986e-05	0.24741885256137744	0.01599503488512711	0.01776182711037667	0.019185903981220574	0.08140113792335583	0.06084043410978788	0.0029923480119982792	1642.5250602880496	1800	0.00019403301153406716
0.4000099940276038	-0.44874941000647295	1.018267698776953	3.0842055014707137	-0.0002997460907064031	0.2479693276523435	0.01623731567648993	0.017735725440010404	0.01942869086127892	0.08285920989724574	0.0614173379723125	0.0030067789445884204	1704.875861123254	1800	7.815803769598931e-05
0.39815932046711006	-0.4509924943741797	0.9858309767527242	2.9466483412933675	-0.0010618645749546746	0.2518081248106209	0.016122027700110134	0.01777358370054567	0.019196141553442438	0.08184987064584358	0.061092476862554895	0.0030019057479812395	1648.5768022297195	1800	3.453634210955216e-05
0.39988267536380223	-0.44992058994831213	1.0081202162395744	3.0242430357688708	0.0009343610219591286	0.24909732659262987	0.016205447257738717	0.01775247390859943	0.0193612682971111	0.08241117627739747	0.061271311614987875	0.0029946416717755134	1699.1857678448473	1800	0.00016138233090224355
0.25365662827377	-0.28609143615524313	0.9463103789810893	3.097595096837999	0.8993792278533197	0.2496107551675934	0.06888386314175077	0.07765961914803696	0.04032971622641023	0.082595185348256	0.6657155872307496	0.0030395339748670175	1684.9978519994866	1800	0.00028647744260809274
0.3984131581256376	-0.450064145308653	1.0117461649396067	3.103193956120779	0.00020474791086260019	0.2521914863740194	0.01615139180835744	0.017758435668631257	0.019355238349048145	0.0829413273689827	0.06146052774851494	0.0030213080074559195	1605.6663976903365	1800	2.2560717711968152e-07
0.7710238084805874	-0.8555518139961331	1.127967934335086	2.839134480181724	-0.7272009506403756	0.24811248851820433	0.15361448199042768	0.17021867646383526	0.03906758820863075	0.14390343819312426	0.16050457723276862	0.0029683051762223597	1632.1258664618792	1800	0.0023195040534992346
0.3966879222819033	-0.4507759707387854	0.9816748616327062	2.8979982749223914	-0.002903638849848423	0.25319718110728695	0.016140388054033363	0.01784940047099942	0.019297742966207888	0.0820852998384006	0.06119063751506569	0.003032554057398456	1689.7026734132141	1800	1.1600891876613094e-05
0.4036835542640995	-0.45095173157158913	1.0052481121610872	3.0348232517054825	0.005269778773463548	0.25517391236400905	0.01628578179224965	0.017716672175853335	0.019225676712821816	0.08219579515810896	0.06123606771116432	0.0030025970605810893	1642.5709714934794	1800	1.2880153493900406e-05
0.3991682470376932	-0.45057882930254956	1.0146235462996511	3.0819891074421015	0.0023409674780404044	0.25014983059665863	0.016151837741220768	0.017746382859146703	0.019422465694290843	0.08309812573386369	0.06133765140806079	0.00298924907421893	1743.3952562486966	1800	2.6489687224344323e-07
0.4080290440681058	-0.44774293595586334	1.016511746272918	3.081378270001647	0.0029636782365166795	0.25340602760063397	0.01650063126528439	0.01764883380108268	0.01929639023182157	0.08253477158454443	0.061380215045955804	0.0030213921476004223	1685.3156261245283	1800	1.915834836312267e-05
0.2555175448666194	-0.2868253058057203	0.9401559073814337	3.049258805388801	0.8970315581260669	0.24965657565294636	0.010340233534699756	0.011305197931263403	0.01897341384498828	0.0823100797814045	0.09702102651771391	0.002981187793841609	1600.1187567389434	1800	1.7472726539995593e-05
0.39941144421698005	-0.4524343027889026	0.9944215374757605	2.9237173240827006	0.004238428097584688	0.24738080915087893	0.01608456551630446	0.017735432627873655	0.01919386528112965	0.08147202203427652	0.060811003067833984	0.002991362049922697	1711.725143904624	1800	4.207582303917045e-06
0.4023351097620902	-0.45057513533726284	0.9914026379066441	2.9336866349339052	0.0018584433274779384	0.2529719404301423	0.016274041181458376	0.017748498137601317	0.019216997907978223	0.08182038871168157	0.061074308949646994	0.0030188332507095593	1683.5893400502737	1800	5.009590351687277e-05
0.40314303731364043	-0.45042047784247474	1.0077608549621153	3.0192800565231446	0.004177120898792674	0.252505790472657	0.01628879910155348	0.01772469598431133	0.019248743915145826	0.08201670681782146	0.06121908624586589	0.003010971253428332	1632.6575349254572	1800	6.997822403541446e-05
0.22842370180973923	-0.2589670988190558	0.938163783888645	3.0807518317324654	1.1698988512903383	0.25007617494126555	0.00927981929927323	0.010241818019542765	0.01914988723263212	0.08330607650401134	0.10820156635743672	0.0029983024106208845	1756.3882832214106	1800	1.387043136503296e-05
0.39772310312410575	-0.4510884573900705	0.9947830675587672	2.9863720952811414	-2.8925567554957003e-05	0.2503636679909678	0.016099085919867372	0.017769829184847107	0.019251628349550614	0.082109747651898	0.06114608144849849	0.0029895787336844492	1573.2872924213266	1800	2.2275641468783755e-06
0.3974683756133859	-0.4496075114379812	1.0045297421734696	3.054587888656046	-0.002389129809731821	0.25233514826454123	0.016164715019528396	0.017795454081042474	0.01945374700619065	0.08333366269858515	0.061468757049295525	0.003025569645070658	1726.5699713215145	1800	5.1657676218373394e-05
0.398577986033323	-0.45209870652822143	0.9858418589216357	2.915191955326321	0.0017451235052098276	0.24911131432600214	0.016067152166099982	0.017737366649221216	0.019122564151882696	0.08123259363904212	0.06082388818993934	0.0030091226125801554	1562.0497789282938	1800	1.0722532794675591e-05
0.4046122722629295	-0.45088767715426775	1.013476844691706	3.0099218598262696	0.007158296619903831	0.25389150447582404	0.01634836114063956	0.017745786396531293	0.019290768570473696	0.08199790780159759	0.061259028999401555	0.0030203397594435895	1594.890934925842	1800	9.702184064474404e-06
0.4036279203376664	-0.446847149753886	1.0014005121228435	3.0199673751848573	-0.003880844347142532	0.2494770513300191	0.016401822612194347	0.01769061758608176	0.019255015585609343	0.0820606110022513	0.06133578080732878	0.003003049664061547	1644.1556798241397	1800	2.295422713028749e-05
0.39711061422373967	-0.4510727883142174	1.0081051980787439	3.075724356695766	0.0008709779759256566	0.25177118199937176	0.016084200875588397	0.017778315662883265	0.01941314792446471	0.08330591372331665	0.061369155220179	0.00300449220267992	1665.4292126808682	1800	7.785739190400649e-05
0.24741843639867042	-0.2786498307626139	0.93863103360664	3.059211330777686	0.9675969880196367	0.25000517687825097	0.07117735959174622	0.0802423687826237	0.041528438048040635	0.08183225918304468	0.722620449571161	0.0030235036498392214	1723.1976392453969	1800	0.0006447420002685941
0.40167389679624316	-0.4528349288763518	1.0066956116031027	3.019210246511501	0.008056690840072675	0.25537368711981373	0.016185705305508245	0.0177620052472599	0.019196108718372844	0.08182719640856531	0.06118711851978067	0.0029963100913482864	1627.8491887642874	1800	2.7725018581611936e-05
0.40161524327553283	-0.4468239275904594	1.0173477231397705	3.127341633634033	-0.003595017013543002	0.24877886234697305	0.01632436788595057	0.01769092049216955	0.019438702196547402	0.08334763269922958	0.06153512067173201	0.0030113907064152996	1683.667561559861	1800	2.190925233393459e-05
0.24801597126564812	-0.27927928503717997	0.955879637385606	3.1147786401458575	0.978688435603495	0.25147582226033816	0.053053933944386754	0.05965734664801415	0.033087484190915534	0.0828107579811131	0.5461623414127544	0.0029823969156694695	1651.0934310616594	1800	0.0007906636819661766
0.40117619837594387	-0.44841153362176406	1.0135793342530444	3.04079122641806	-0.0007294189836822289	0.24918290355209835	0.016306682459215103	0.017751962912810556	0.01945128339383929	0.08287718540856545	0.06140900149738618	0.00300168977835763	1701.4930145546577	1800	2.6336394672675085e-05
0.39482312156166793	-0.44965950428725193	0.9974251641490515	3.007017042723372	-0.004958219152700144	0.24905139405477128	0.016083135166452406	0.01782363210270765	0.019471810501390303	0.08324555652701432	0.06137491637662589	0.0030011912865862073	1741.2634661919494	1800	1.604159872269755e-05
0.40240646083462406	-0.4492119245692684	1.015151229992633	3.079641686729404	0.0020407340311016163	0.25069287880907	0.016285098010680753	0.017704838781014406	0.019379089031060955	0.08278176967726535	0.061350845024693054	0.003012100780391989	1753.5423917793894	1800	0.00010874357144285449
0.39862506068101816	-0.4489315407677147	0.9798721408269023	2.9184446186590023	-0.005898226986275807	0.24602367359409713	0.01615737597779254	0.017714856457760844	0.01912774329152454	0.0813913744959827	0.060946883324051196	0.0029794828335017046	1644.7538595115002	1800	5.6862465608717474e-05
0.402192759187489	-0.44986973632981436	1.001857194935984	3.0196006072530728	0.0015078405878043823	0.25541270753887985	0.01630328142589164	0.01775760261870878	0.01927487794439865	0.08227472284719684	0.06136385227742063	0.003030127508858535	1655.5474348014473	1800	1.2103002354323343e-06
0.3956955791411466	-0.45229154326385734	0.9755714529629416	2.8856465811998575	-0.0012356277781835469	0.2509158183984192	0.016012540519601142	0.01780531915213096	0.01917615383154908	0.08152172414689769	0.06092308260240934	0.0029979512824874	1672.7894714732006	1800	1.424228582065631e-07
0.867224379682407	-0.9745989196814577	1.1567058417343523	2.786275761860795	-0.8135257660656643	0.2613580516140821	0.08539284759757407	0.0961674969331299	0.027266397485207525	0.09575874736500596	0.07034863836909039	0.0030323814250057235	1721.712481917953	1800	0.012228137973844613
0.3969888853344204	-0.4491777501939581	1.0096564316914909	3.0681795312321536	-0.002885212774886702	0.24924697820592515	0.01614661160384739	0.01778086500064156	0.019506483034779473	0.0834984091895066	0.061448492627833896	0.003013428001146276	1594.5624293910564	1800	9.893694868902997e-07
0.4001083476325574	-0.45245454186242473	0.9781514762473049	2.8609388428278404	0.00271004248010643	0.25200038881465875	0.01614137961693719	0.017769898587660392	0.019071392423281684	0.08089783675102713	0.06081996851488216	0.003007051184858988	1673.5006360832476	1800	2.491035700188514e-05
0.3955882999587181	-0.4509034664528941	1.0098431336491323	3.053629024656208	9.44653920433983e-05	0.24567465292543378	0.016013618445975243	0.01775897152327733	0.019369796789478682	0.08252245700140576	0.061209289265402665	0.002967884846422248	1754.0094452362518	1800	0.0001663345686577648
0.403014865125103	-0.44905971578306403	1.006138793503866	2.973741663239908	0.0013274417781540429	0.2507759394552585	0.016353380036821446	0.01775065407839996	0.01930279757013601	0.08182718361044918	0.06125084524446654	0.00302870045610401	1618.3636795786704	1800	0.00012727216002071887
0.3965540546022021	-0.4509075648700433	0.9898181009173918	2.9410110377265015	-0.0017218801052084711	0.24916036326712843	0.016084977108909236	0.017798139431978468	0.01927090444026179	0.08195957759109736	0.06110505838538738	0.003013238841859719	1654.0676343997966	1800	1.2951482155433374e-05
0.8130811225306834	-0.9176252779501471	1.116539719145109	2.739378103482668	-0.788938602090956	0.24427186202937667	0.14084068348302395	0.15601575672472223	0.038737992677562144	0.12747619186688164	0.12666230879650897	0.0030022516461667747	1638.5075755251808	1800	0.005424416090368055
0.4026728821998906	-0.4473838351233949	1.0053642734794617	3.008709621348667	-0.003012183636012949	0.24782286493527544	0.016362521394273504	0.01771041815163591	0.01939632151808071	0.08269345985778954	0.06129070013464814	0.003008442729578779	1550.0702101299694	1800	2.2453587140152764e-05
0.39891653423944057	-0.4496461660725703	0.9983818538802243	3.0089578683037104	-0.0017895875435990879	0.25255370464500737	0.01620885700419314	0.01778571243852281	0.019268106783441784	0.08211397647820133	0.06136654714788508	0.003021474151459414	1705.407400069304	1800	0.00013262200830967252
0.39565486761064084	-0.4518885492664531	1.004028022749817	2.9958253178108194	0.0016774615133098177	0.24503806740327724	0.015994620181658085	0.01777228830846625	0.019304102423771993	0.0819402287003095	0.061056684414748257	0.002964024731134851	1593.2968487639723	1800	0.0001814374097616503
0.2522727846276688	-0.27746434264738645	0.9559462937384128	3.1025352029737108	0.9745385353793173	0.2524727898101592	0.0802744109649024	0.08842352511658941	0.044064552682399595	0.08343270740039196	0.8046153948565539	0.002963567769750718	1567.0688854358027	1800	0.00021037796389881402
0.4002758123831736	-0.44703154739383805	1.0120502008637429	3.075889650026877	-0.004535711432852858	0.24525627415605689	0.016263912781625704	0.017689237739232932	0.01945834792277379	0.08307699876913187	0.061355587089306704	0.0029987847071223524	1651.5808621736992	1800	0.0001790090368105156
0.764005076199009	-0.8527554330589993	1.104454191005312	2.742128457231356	-0.7241947002560607	0.25066216841542327	0.09299600100195843	0.10227794159015474	0.029751315569504926	0.10133027056840406	0.09576669715250519	0.0029837230302806436	1664.271333840561	1800	0.00860267595310784
0.40006027379029757	-0.44966299923103475	0.9929283965104594	2.9451628740101894	-0.001502252736382222	0.24915830591130783	0.016223067053665094	0.01775526297315035	0.019233876836526057	0.08175066991172161	0.06111464673584148	0.003005968241862236	1631.8146057701915	1800	5.481489578559403e-06
0.40003914243730315	-0.45091965042674703	0.9859267564604359	2.8924876240321953	0.00022615776339487075	0.24828366356018244	0.016169402220524064	0.01774500275181363	0.01908132717560291	0.08086299227272872	0.06087344987807267	0.0029991020269182684	1685.8205949038056	1800	0.0001322229649872809
0.39534442559127336	-0.4507250081116899	1.0039656880848258	3.0592008595457716	-0.0015398228420086988	0.2490956168426294	0.01602943604440441	0.017778598658461094	0.019358808706937163	0.08285968266542647	0.06131405424820544	0.0029961007116922644	1676.3149670365974	1800	0.0001928586662916794
0.3983127331070587	-0.4498506990612898	1.0044505863499213	3.029048419045172	-0.0009070386863287666	0.2520073216397387	0.016186600949496567	0.017795779230785055	0.019377610501318643	0.08267899883111612	0.06141046988868656	0.0030223809163298773	1579.5569273687042	1800	6.683937133945699e-05
0.39811732594905413	-0.45379953389708866	1.011963257879026	3.0036234577420733	0.00854568545343267	0.2519710866787765	0.0160549097222349	0.017806625762065507	0.01930106584187429	0.08192200559996377	0.061132354519355656	0.003016004472116832	1723.6963301916005	1800	7.222972778022874e-05
1.0482471967372278	-1.182965502088601	1.1450799210662845	2.4623649306152933	-0.9404268068928255	0.24875344365946292	0.10496587238716938	0.12126066799039155	0.026307242354270833	0.10991424995780416	0.05625759455141636	0.0030274522104073013	1662.008000967021	1800	0.014241712237363315
0.3954018219074435	-0.44926413064229326	0.970193211927272	2.878909255069536	-0.008805030057741125	0.24322249228026743	0.016028911522415454	0.01772550337695639	0.019129144428246845	0.08137130359498443	0.06078995255759861	0.0029811397037885286	1662.210217461204	1800	0.00014446760681568544
0.3939593495439732	-0.45027226127754283	0.9987266424095131	3.0487236241421463	-0.00408826200946952	0.24725934858855314	0.015986052999321054	0.017775023868866577	0.019385719617483876	0.08299432359616336	0.06127974276288526	0.002975972480645547	1700.231518658797	1800	2.4862808020116267e-05
0.9405387938127261	-1.055136353374614	1.1511458273668813	2.6478574412253293	-0.8749807652169407	0.24668047611121308	0.12367570422910158	0.13781695035081876	0.03034401249571405	0.1251224376195827	0.08408842436695309	0.0029038935343451235	1632.50925832986	1800	0.013377881567050436
0.3985752946732182	-0.4511989433794937	1.0105270006477733	3.028156953447134	0.0029411935705419136	0.2534011146838999	0.01617463304576131	0.017821400298070642	0.01936335652470731	0.08244539536605011	0.06140656472054819	0.003025122430585631	1668.7579378368764	1800	1.581796486170024e-05
0.4022857082971196	-0.45006929349010866	1.011303496913457	3.0605538012313604	0.0030362491209344872	0.2533479852679889	0.01627798728518568	0.017734207878812015	0.01934160601811504	0.08276907244784852	0.061352344989358744	0.003019083907190495	1600.2823251462792	1800	5.592407181613885e-05
0.4000383188888723	-0.44885301211458106	1.007295180197007	3.0404423453985983	-0.0015361120621704047	0.24663499671494216	0.01620808777569654	0.01770750301181237	0.0193383441989408	0.08246865721514826	0.061223939470681984	0.002981580440881864	1638.6173186449714	1800	3.300775407768176e-06
0.9455111487585104	-1.039568648799835	1.169742638196058	2.7737555591465393	-0.8726468650414942	0.25110650538043633	0.11372723848022245	0.1240789960243746	0.029538019771368634	0.12124638496054195	0.07832677315733999	0.003078034752938308	1671.6805126222248	1800	0.021682634311591793
0.4052371807646825	-0.44960444181500586	1.0151340113658505	3.041885376481884	0.005001969481092237	0.2539114114852035	0.016400515240151785	0.017727284443830014	0.019306143053863026	0.08219963864730205	0.061370685630588145	0.003014356915512827	1751.2195038838904	1800	2.836765072893026e-05
0.25505901355333405	-0.28749295146429726	0.9287062605139724	2.961503371424713	0.8840395571468689	0.24982974365459942	0.08274865589597066	0.09375217292288607	0.04634042595162564	0.08146785808518514	0.7905434683165776	0.0030020055006374346	1610.0805927341107	1800	0.00022029952665955424
0.3966168874770477	-0.45398118139540655	0.9939323249497556	2.9669115656462637	0.005403022679659902	0.25222430630275394	0.015977818704609285	0.01779045859321006	0.01911563304052936	0.08130241063921659	0.06098792281456549	0.003011162676580172	1811.8773394702716	1800	1.9259127429406934e-05
0.40334127939125664	-0.4469157006336395	1.0031496962677302	3.0068857345848277	-0.0037321107930498813	0.2504640770270663	0.016416325538104615	0.01772240313906185	0.019347251207213798	0.08244227736978582	0.06138146179174248	0.003028183679678972	1618.0407737649998	1800	6.334390881590649e-07
0.26430160638578715	-0.2975441448609418	0.9404952990080204	2.969468614571018	0.8226577533220404	0.25302059651861974	0.07233311773010728	0.08006389506482538	0.043549528785845226	0.08326617583389338	0.6391022227541543	0.0030148293438175783	1656.4449109527486	1800	0.0007718126646096825
