Nu	Nd	a	b	c	kt2	Nu_err	Nd_err	a_err	b_err	c_err	kt2_err	chi2	ndof	edm
0.39808309450735085	-0.4508516840940874	0.9946464465649777	2.98998182215419	0.0003793959405360844	0.24947380445798556	0.010064638102654276	0.010963679793131653	0.013550006617034234	0.056437440805586055	0.037729845738653206	0.0020681781717072035	2037.6489545459585	2255	0.00018741928227507381
0.4006692198721593	-0.4472920054486622	0.9966627444110534	2.995439044041417	-0.005997840568124414	0.2449110038263131	0.010185685369321002	0.010948613817050085	0.01364088421254966	0.0568301700424829	0.03781826164521208	0.0020619452114223075	2115.4874245286574	2255	3.095616359682511e-05
0.27734384815113705	-0.3127579303458971	0.9717621602127163	3.158727912130058	0.6900538537099675	0.2462263144372305	0.030967226402946475	0.033448955803187526	0.02136219658544219	0.057763277244021145	0.24442257027864167	0.0020574037754030076	2043.9914279496422	2255	0.0008463615355190777
0.3942598065094781	-0.4524598432760985	0.9735648846696816	2.8753454564468846	-0.0006183555831528085	0.2507477049902817	0.009981091670414784	0.011008376134238265	0.013537603978372028	0.056345686225851975	0.03762514315731722	0.0020775627556504713	2160.5419987954556	2255	8.57291233140875e-05
0.3980830859924153	-0.4498852420513838	0.9891876966478224	2.958734664450689	-0.0024706128588231242	0.2513131383442081	0.010104360569427144	0.010985587993991379	0.013630652556671369	0.0568395818021541	0.037787271468026976	0.0020867040374567005	1982.4337948816574	2255	4.928467528009424e-06
0.3997123383318938	-0.44898956686314334	0.99828765704811	2.993300327863744	-0.00267375971593628	0.24878403453982895	0.010145034603707323	0.010967793473964616	0.013680475831830364	0.05709517025404075	0.03780891759659227	0.0020832773772917848	2099.480007979988	2255	3.494050535410963e-05
0.40479483761644147	-0.44887539227562145	0.9896446866074097	2.9600675098767115	-0.0007840908161920313	0.25061536744387186	0.010223675878126346	0.010919986549069602	0.013517761270627494	0.05629353124927421	0.037682092305425685	0.002079136172173885	1978.379507438185	2255	3.162157069518052e-05
0.6942625430038589	-0.7884912668841265	1.101121594812544	2.856273775979516	-0.6611589962878993	0.24913003326097105	0.05846659063160452	0.06641419203696712	0.020741430943583165	0.0656912857725945	0.07380366748133332	0.0020620102794800675	2086.2298753467844	2255	0.0065396340570753045
0.4042127017365047	-0.4473109326202766	1.0001238421438579	2.970840444889978	-0.003546995429307012	0.24691986794246973	0.010267281744856652	0.01094720732024495	0.013637859917762283	0.056711784375955	0.037797784886177924	0.002080018665284254	2131.288593095739	2255	1.4904942473314039e-05
0.4011359195847859	-0.44766089723429553	1.0061932287132573	3.048081239124106	-0.004065713701768594	0.24864633806272377	0.010195280172812536	0.010953881755081801	0.013791513686975908	0.05778949034339663	0.03789771645833529	0.0020802414135250207	2204.972888179101	2255	3.78759168592564e-05
0.3988716205020245	-0.45108620542300637	1.021644787899221	3.0788140398712023	0.0041602362670240525	0.2516363627743895	0.010099898493374351	0.010986904787341236	0.013788341803882534	0.0575570515516634	0.037892556210216546	0.002087870955544935	1956.635997742536	2255	0.0001564074411118762
0.756890078656752	-0.8434291603060001	1.1215311870445417	2.832798485134106	-0.7197176829176908	0.246743658506535	0.08346348538320413	0.09180652665635268	0.02577197485628872	0.07845544269920889	0.08896738212068682	0.0019670402568753315	2154.8711779431715	2255	0.009794093918423133
0.3962344172827172	-0.45164665071320403	0.9857169825031936	2.932837181381569	0.00012792232263785408	0.25211392920345116	0.010036642263074115	0.01099869188131303	0.013549765218973771	0.05637799806082568	0.037718261149472264	0.0020904834386750943	2079.5362404289162	2255	2.3987718071257873e-05
0.2486921157202331	-0.2798957984542731	0.9439137215076847	3.0526212159630832	0.9617190189840289	0.2502647466938432	0.04011215354105691	0.044847779891830676	0.026329502494667315	0.06087990380412565	0.406628720048085	0.0020709071136727326	2054.0220174635206	2255	0.0013479079665217578
0.3988372391992177	-0.45045586479688704	0.9780753835923379	2.901293007780336	-0.00196459675093299	0.2473348513415002	0.010081941344563961	0.010955128177245269	0.01351468258476512	0.05623195051458369	0.03759976240554792	0.002066577235423883	2176.181840101984	2255	4.76509506862755e-05
0.3983631806917919	-0.45107701893157665	0.9979760061392312	2.9816308144270636	0.0012900647639032278	0.25117690759578026	0.010082781779606857	0.01098120303101348	0.013625585634695776	0.05678684354790045	0.037756312447977086	0.002083234760436131	2152.307847150367	2255	1.2762355743684177e-06
0.2596537246618179	-0.2892410282788774	0.9507267857134698	3.078774567163313	0.8782015934084424	0.24973550769895914	0.06261158375425714	0.06967401983234564	0.03581894056302209	0.059069870033878626	0.5862217982553997	0.002061510992149226	2160.654661271427	2255	0.0005169528174610071
0.4020027121296733	-0.4488872740285183	0.9814063299954106	2.938204948645281	-0.003183602549205239	0.25053330233544663	0.010173748722434973	0.010938187107030713	0.01351754951521931	0.05632862929638403	0.03769360251194213	0.0020843572722830995	2187.9381184973636	2255	0.00011839993295214077
0.26486731802360103	-0.2969228340533909	0.9619394882339699	3.128613301775562	0.8098562722614777	0.24976575750484536	0.07138809883901644	0.07945446908560777	0.03913957106085624	0.05731549971261118	0.6373410402469462	0.0020748933096624454	2196.225037696545	2255	0.001657229727678215
0.39971993991309335	-0.45106831443290113	0.9967082969725886	2.9772537896789597	0.0020505685750130337	0.24864002679394454	0.010088881399910248	0.010953576435340541	0.01359443822895287	0.05658547721203884	0.03767835321446778	0.002066806924579253	2241.9250208287317	2255	0.00018751349417162874
0.39910173149702804	-0.4495583248938417	0.9913752480496751	2.983629448749126	-0.002431489345255316	0.24923884586620207	0.0101109300032019	0.010958733285368815	0.013613417823394744	0.056848873951742145	0.037758870698567044	0.0020788589269487927	2115.667310026845	2255	1.5116245274568963e-06
0.39612627172396286	-0.45012867352531416	0.995030972976747	2.9964230190825747	-0.002487801735341936	0.2470835746415595	0.010044075418497684	0.01097533111732967	0.013679864051549669	0.05713793854400891	0.037772592730398645	0.0020680506856027275	2099.366965656447	2255	8.507713266336197e-08
0.3959298200320533	-0.451656409820736	0.9920400494358291	2.9651961850611586	0.0007186034346693676	0.25032117161134604	0.010022979876536053	0.010991845237060736	0.013603607178302994	0.05664209286664041	0.037735127967370864	0.00207194610490258	2116.6867140784493	2255	0.00019137881326678274
0.3991706309118462	-0.45053779993066373	0.9918808141170249	2.9671095586168144	-0.00024218095659867293	0.24862622231702688	0.010091782346928141	0.010958261727897215	0.013603072271627879	0.05678683647579691	0.037692097795778874	0.002070138235991146	2105.932089791432	2255	0.0001193313065861823
0.3979645819346952	-0.44916077661019405	1.014244203721905	3.0667775157265256	-0.001534313766699222	0.2493131058207067	0.010121383555866028	0.010990142837192558	0.013812263276758602	0.057757044071380645	0.037947880253373104	0.0020822481511921795	2075.121487120149	2255	3.5267847749355686e-05
0.4011297055816694	-0.44928908442445614	1.004040661059122	3.0118390939745288	-0.0005621028327096994	0.25028661792300444	0.01016840479182706	0.010962975396005603	0.013687198828899096	0.05712227497562124	0.037819899541784927	0.002084509014011688	2212.3182447155605	2255	1.6489479911877132e-05
0.27853509169230534	-0.31314287260362716	0.947637097002883	3.0268399243214197	0.6857435677517795	0.24749083388067225	0.05220079882032928	0.058509466852178234	0.030405215498856678	0.056562590789717856	0.421615050694265	0.0020702206967375056	2097.7471986606606	2255	0.0004592673479177355
0.39960054087236047	-0.4492226136286179	1.0131583401790687	3.115553358575815	-0.0008753744628812857	0.25061041908367215	0.010120181057909343	0.010947422630960024	0.013750771274790153	0.057822640368743496	0.03791221737133	0.002077684052618934	2031.7083333393846	2255	3.826567410506902e-05
0.3989588017449187	-0.4505398563157037	0.9957301725650917	2.9855734399641385	2.3846204046013902e-05	0.24815945893178668	0.010083858745911799	0.010955320074925286	0.01360329612708781	0.05676987076683922	0.037702624610274287	0.0020739471634116887	2119.73212212059	2255	0.00013709105181208337
0.40204269368847434	-0.45004967913409927	0.994482176919876	2.9691439507165795	0.0006423244054128185	0.25351840270188664	0.01017383570513168	0.010963838207515042	0.013609283659293432	0.056776952952576225	0.037760268345951066	0.0020910925450259854	2107.4311165672398	2255	6.709708040879457e-05
0.4047592591810976	-0.44800280020174277	1.0156287702125049	3.06023674378297	-2.0058540045454824e-05	0.25334937305287875	0.010273215774726027	0.010954141550929233	0.013778040730863429	0.05754799231827009	0.037932851326809666	0.0021082212357683727	2041.732077618538	2255	8.926231725820751e-05
0.4000717938512977	-0.4486544304855657	1.0114049224027692	3.070404389817755	-0.0018860038509991013	0.25072312097815724	0.010161197200108649	0.010967797712568814	0.013800392428030103	0.05782823659288847	0.03792836931965895	0.002084298459793819	2123.957258494423	2255	2.600019545898638e-06
0.2612285781025308	-0.29562644759727524	0.952110194408323	3.08804441670132	0.8247339991344167	0.2512516363347571	0.0396589573218839	0.044854265031949954	0.025043831461360296	0.06137637891718592	0.3631163610362512	0.002083789577408628	2106.6802566092974	2255	0.00273373789629255
0.4021020870352435	-0.45008275127382696	1.0113975988531967	3.0400257628446403	0.0025179093188017637	0.24941452089314795	0.010161107883744741	0.010948365013142138	0.013660281641487923	0.057012884070126495	0.037787476541448754	0.0020724653673408135	2052.2634593344897	2255	3.4478109776632796e-05
0.24752078222641297	-0.2840473199602072	0.9374364917419029	3.0604198053031215	0.9303729296710693	0.25147279285352775	0.10508522045414771	0.12016383634082033	0.061276325308122	0.06007360973876337	1.0346188853269107	0.002067915313780087	2057.2859050704997	2255	0.003289635041011658
0.40035128511941315	-0.44935294619789784	0.9908891653962939	2.9753193471615678	-0.002321735260671953	0.2483483948061176	0.010132721985388653	0.010946085203893723	0.013613450519680334	0.0568756696518542	0.03772063070429245	0.002071248458467699	2154.7872498597417	2255	7.13887553782559e-05
0.3978829853094589	-0.4522666792695257	0.9951077017060035	2.9494140526526	0.003444707520088588	0.2551355768687231	0.010073671047693638	0.011010695701924627	0.01360236001525474	0.056568049950556795	0.03776476040820787	0.0020951391738208273	2185.5456886482934	2255	1.613365444874943e-05
0.39988221138256896	-0.44986426906140026	1.007332597249545	3.0503634946158087	0.0003825697414072181	0.2519384558615132	0.01012992237415104	0.010966113699670271	0.013685541917906831	0.05723577219822343	0.03786123928884079	0.002087846221265594	2039.8950316119815	2255	2.0682638887665377e-05
0.6954836807861259	-0.7796922958460344	1.1013023083071807	2.8709378390122313	-0.6524416115436106	0.2507114005216552	0.12703688577791264	0.141281078798072	0.03939043145228649	0.09116139239202196	0.16091433495889962	0.0021056558235640795	2153.6702396853134	2255	0.002490723664139513
0.3994988189091666	-0.4494516485849353	1.0070190528451493	3.0189174409064563	-0.0007170184316779265	0.247781220331521	0.010135034173010274	0.010972790884657099	0.013723865596641632	0.05721702331843277	0.03783261687364307	0.0020707213581757254	2183.714140004391	2255	1.7964740404309677e-05
0.4034378024640817	-0.44698269810224617	1.0130400608699448	3.0683030404791447	-0.0034564024811105996	0.25122083737648493	0.010267370717799599	0.01095803934779132	0.013781195860429434	0.057653845468261314	0.03798123574526144	0.002092493853434302	2085.3242897107307	2255	7.490698095904659e-06
0.3997027664369341	-0.449476278094203	0.9852005410778089	2.960267349613939	-0.0030763742704708096	0.24833204428302044	0.010113480237708023	0.01094427774532098	0.013568728244669506	0.05669296407663099	0.03769124785595642	0.0020720795201613794	2222.3450865306904	2255	0.0001559837135708719
0.4001715073664843	-0.44970934403170154	0.9974985883399667	3.021726666585416	-0.0008511153890180472	0.253225840551066	0.010133564726781858	0.010959028069281458	0.013651101728813371	0.05713556380966869	0.037823093375746235	0.0020951168502793124	2055.780924903954	2255	1.4588148842452071e-05
0.40049010878803903	-0.4489740363064095	1.006692852011629	3.0615525985681136	-0.0013841622450807096	0.25100243145380674	0.010151094641895696	0.010953360320252443	0.01373417429579325	0.05754481411341665	0.037874374054833536	0.002081711143435865	2044.937494271831	2255	1.402177194447094e-05
0.6914669244013064	-0.7877397938347388	1.0878239354857724	2.792865011815956	-0.6555133370018618	0.25121793876569143	0.06335680598640528	0.07215488061084158	0.025769320435456853	0.057643735525001474	0.08022649226464766	0.002058887669423285	2138.697909308295	2255	0.007154011163644429
0.4002783625675623	-0.44938041333364354	1.007105332995771	3.0562692775618485	-0.0006068880602457373	0.24855861961910367	0.010129454770427935	0.01094405943949465	0.013740818751795888	0.05757538790571761	0.037814397086082446	0.0020702395320630735	2120.0977828007403	2255	1.3702447454204523e-05
0.39815366710103717	-0.45079637702378744	1.002231209569539	3.014356713718449	0.0009182083668859292	0.24867393148633665	0.010071730276858683	0.010969061593419647	0.01366827266822874	0.05707655186745384	0.03776790365506255	0.0020622799998463084	2204.136901801934	2255	3.415530521030225e-06
0.86340359965012	-0.9592835663941315	1.1479539462826818	2.778421619494199	-0.8134505660002154	0.2536859232312292	0.09352999471811932	0.10698831538275551	0.0258505862741122	0.08836535332141124	0.0788725818932131	0.002041401702674282	2055.282743262496	2255	0.024675290684535812
0.39984829951273704	-0.44888119412040045	0.9999411399470718	3.0198431585805774	-0.002783299789379066	0.2528144953099295	0.01016021404155259	0.010976747953157437	0.013708342550439442	0.05739991028479116	0.03788857199142241	0.0020983435851223853	2192.5520256977206	2255	0.00012384936085862742
0.40240254756260585	-0.4492447871655689	1.0202662490352408	3.070395335731586	0.0019386832448504566	0.25049185688954073	0.010198729722148855	0.010962563739422903	0.013744375310204239	0.0573226862498787	0.037898459758611495	0.0020855300927234838	2119.5391668621746	2255	0.00013275063530307057
0.3985342390683625	-0.4505270478549228	0.9820143657934053	2.9051437733475893	-0.001615225557160049	0.24951886607521082	0.010096987624312862	0.01098117646521607	0.013516833832558701	0.05618691420945444	0.037674867006190556	0.002078049527331303	2153.47866125984	2255	0.0001415232039837975
0.26783445775760606	-0.30116484980789254	0.9599718547783592	3.114712330772856	0.775303387816531	0.2505491572841873	0.06243771590059622	0.0701322462276114	0.03515936609083754	0.05751268215821271	0.5427209613452633	0.0020028216169753906	2139.0781667266483	2255	0.0006246193955040823
0.39775952666002334	-0.44994506076268964	0.9864870871273019	2.9446823508797	-0.002791746221144975	0.2438084153270082	0.01006120198078567	0.010948895635388877	0.01356130747652767	0.05645833069921096	0.03763672039455555	0.002058108664808482	2059.1085942610903	2255	4.141973388215233e-06
0.3979985247696638	-0.45021228803545554	0.9864260159043879	2.9511514716722345	-0.002072644318112085	0.24938368535617808	0.01008217506773338	0.010970855720487137	0.013618113760967257	0.056825328631703975	0.037719948507510585	0.002073194058700805	2069.404569732064	2255	2.5668781422917927e-06
0.26315733076936937	-0.29833866421424166	0.9491320332477622	3.0340664976535616	0.8107962311409715	0.25109659138757157	0.043585713426752264	0.04939768190223452	0.02600935226140438	0.05879986295915263	0.3905921031497101	0.002132647008841497	2141.532401446147	2255	0.0017028329213062408
0.3992886565175518	-0.44979820838293433	0.9955707820505293	2.996921027454028	-0.0012674688636973067	0.2532908641747508	0.01012894307264446	0.01097861085048086	0.0136550829709277	0.0570249527369961	0.03783579943759948	0.0020989425653186425	2160.8793433034016	2255	6.911881807990873e-05
0.4014249907372196	-0.4490534116224726	1.0062501337275187	3.0480617536530965	-0.0007321276237122634	0.25058334137716226	0.01016691569485621	0.010948447884542228	0.013708968762895544	0.0573934159517793	0.037841658516106734	0.0020825086164389835	1983.7865305402738	2255	1.6734975254256366e-06
0.40152804360251243	-0.44811757934826835	1.0060927654713452	3.0414689664864554	-0.0026131362803857435	0.2469408922421601	0.010180182867297832	0.010938832777628563	0.013691654793294598	0.05716968637151872	0.03782990371886281	0.0020667847142129374	2150.7009908835053	2255	0.00015432708992953292
0.27822520240262194	-0.3153983560514167	0.9500504184721937	3.047296582744448	0.6682067805852557	0.2506641254043882	0.007062534967860514	0.0077018255637561015	0.013630717228698953	0.05764143275983984	0.05445653091606397	0.0020916916778002726	2096.9632326202905	2255	2.3090047318695146e-05
0.8264406929902388	-0.9200269014067329	1.1482657791835735	2.8328011277144594	-0.7877629118338166	0.25050951000269356	0.06910225082030612	0.0781313565648676	0.02152769666539923	0.07379533812439613	0.06252023323358782	0.0020919472141151317	2027.4756211084273	2255	0.03997961726192871
0.7535854342299811	-0.8553241290987099	1.1161794963904839	2.807639306931079	-0.7287657442423764	0.2476534427808114	0.08897310242870969	0.09975329936997	0.02750265416347433	0.07840962376141591	0.09434073081407067	0.0021446927456206925	2127.6448573844236	2255	0.007989889730540376
0.3983630248974086	-0.45076876984884795	0.9912382187235568	2.9482216542875737	-4.327370787711405e-05	0.24727628490210654	0.010076446216561764	0.010968119559789418	0.013573539405217005	0.056451593280189914	0.03767822306568554	0.002064132364697434	2118.3521849565964	2255	3.226955494798936e-05
0.78689211563053	-0.8806228303669713	1.1344009191958033	2.8567945492059645	-0.7553182473794013	0.2509340553730887	0.09854920737308934	0.10952282425708147	0.027890819736333165	0.09238764871565483	0.0967777397484836	0.002107980219648271	2114.557536486045	2255	0.006477136225214792
0.4042657069220123	-0.4495103665536486	1.0093418540367731	3.0346870406848603	0.002235300769887233	0.25079236455237114	0.010212652407316627	0.010936596086795966	0.01361265765644647	0.05680908905259356	0.03778899907413899	0.0020737287267258713	2084.160831988178	2255	6.025940546410794e-05
0.2654800192760981	-0.300707237747904	0.9589696077278892	3.098213111384967	0.7962308839759579	0.25251993142203616	0.04447277905500713	0.05034434919417614	0.026493743024755177	0.05816868257338703	0.3930630286368884	0.002086861353916122	2176.8528529484856	2255	0.0023679858671040777
0.3968779897430824	-0.44891342868499545	0.9934175520604379	2.9647562243395984	-0.004895009471802574	0.245340353720242	0.010094872785409862	0.010984527418198903	0.013681112434657843	0.05697176345151664	0.03779293633281072	0.0020709517109951635	2118.3182602693028	2255	1.4268686565569492e-06
0.39985831810510064	-0.4488776536106286	1.0052641818027253	3.0325863166525235	-0.002153556644044016	0.2467892176558716	0.010138530194197849	0.010953926377425363	0.013679062413919918	0.057128320436939266	0.03781877485073815	0.0020690384513888686	2149.4893370952295	2255	3.751793913269899e-05
0.40380184759596555	-0.4515825633955726	1.0108957402046739	3.028152076530599	0.006736460724321229	0.2558562660898585	0.010173326887360315	0.01095180099129849	0.013666478287876704	0.05713271338784836	0.037754457627079324	0.0021050422774724353	2114.2111746554274	2255	0.00017543224845968723
0.3988375442961028	-0.4494204730844161	1.0089185681304587	3.0484281970590272	-0.0010692999285027338	0.24773929949519963	0.010111877236219367	0.010962851564367338	0.013740032577572071	0.05742238667274567	0.03784027170060424	0.002076659267735725	2128.209485859711	2255	9.985940482431858e-07
0.40299259512739344	-0.44806210613904796	1.0040718980714634	3.0302710472715932	-0.0022497109800294476	0.24542665393226337	0.010196826340405104	0.010919058688785045	0.013659282020864253	0.05706910263754329	0.037763945123074134	0.002061482358334964	2104.1022907470724	2255	6.647028750765324e-06
0.25478501710227835	-0.28867181033831874	0.941178107197845	3.0616351727362954	0.873953170855944	0.25226764190357887	0.05631682324356928	0.06375402000302273	0.03210806034412262	0.05755685029763392	0.5364988459181201	0.0021018380666647982	2106.1361987951386	2255	0.0006543559826150196
0.40119888806932463	-0.45093398529831247	1.0062476166583272	2.9886675630190678	0.0035116779232477954	0.24834418309166978	0.010132511621037593	0.010960146359062735	0.013606682910535023	0.05655463299111159	0.03771199141975899	0.0020712029831684996	2064.49626629244	2255	1.5980555794636717e-06
0.4025835169821164	-0.4496483621079392	1.007141849929351	3.015968243338294	0.0014640884315733852	0.24870645126409271	0.010177163046968732	0.010944415353997792	0.013640124044416944	0.056826122461189024	0.03776340656595092	0.002072867103254279	2238.604752266576	2255	2.6524489011181874e-07
0.39909863425026065	-0.4505886665618227	0.9915302799973763	2.992841547129019	-0.0001798135598351883	0.25151368829523546	0.010085779653474491	0.01095471178879778	0.01357248985973451	0.05675135071229063	0.0377306517760497	0.0020809867862541537	2035.0477647382043	2255	1.5105551325381465e-05
0.39750172003094847	-0.4504837564431039	0.9939560063551148	2.971753374053154	-0.0009270409145673435	0.25036994535934115	0.010079517428089109	0.010986418987830945	0.013628760493282545	0.056780344034091317	0.037775540220464185	0.0020852147388156794	2090.9263113875754	2255	1.0395952875555808e-05
0.39869115527893484	-0.44981983342959747	0.9964397649400715	2.985313920276668	-0.001421832916343903	0.24927208000800563	0.010108874108596708	0.010973273081162546	0.013617913351601733	0.05672450274195118	0.03778418979346217	0.0020774674889623332	2016.08101659281	2255	8.519841104870373e-05
0.3997928906202328	-0.45149567639721655	0.9983089220920789	2.9775903267749855	0.0031113250159349546	0.2509336039452579	0.01009285064089924	0.010965753030317308	0.013573418528660125	0.05650310062207044	0.03770134170385548	0.002077775830284278	2084.66439707394	2255	1.6046282838319374e-06
0.39992425693730865	-0.4493246425982811	1.002055078138454	3.0080916533050295	-0.0011978949687603952	0.25069518964870097	0.010148512742724396	0.010973241347660017	0.013688847271459536	0.057059765109495404	0.037841311165109935	0.0020889077920443057	2085.9618278253624	2255	0.00015237209342066775
0.40442539579129944	-0.45010146864215667	1.010027784509807	3.0298079845922192	0.003968163042857847	0.2531989577477852	0.010209536546056082	0.010942083198473304	0.013589980583072427	0.05658141916306762	0.03778658945132518	0.0020915884331991954	2163.1918387965416	2255	0.00013444709379932266
0.4053848520274722	-0.4475586572200607	1.016800730960086	3.10164948974255	-0.0008539765267662918	0.2514039777862388	0.01026859506715944	0.010922812660289577	0.013748335833974439	0.05767941197069948	0.03791472969862639	0.0020855875370600256	2043.1580559801407	2255	8.069747163071235e-05
0.3994942337142416	-0.44918516706319345	0.988190154007889	2.9473642961788267	-0.0034028784922269556	0.2472726743727036	0.010129003694995465	0.010960500560313105	0.013612284190456405	0.0567327478062341	0.037719655639813256	0.002073528053375173	2100.0279283773298	2255	4.753822574440736e-05
0.2671968783644157	-0.3009690073653968	0.9545189115099226	3.0937445875324863	0.788746502770943	0.2544517147093365	0.045750109906202166	0.051694270472103156	0.02677996683248389	0.05741541873591444	0.40659554942521375	0.001992572893270746	2083.069245897704	2255	0.0014178017392850967
0.40209536818348185	-0.4503777106734823	1.025720261975477	3.1093798256271414	0.004729090560570555	0.2510652246773493	0.010158437952023923	0.010951864800756285	0.013741087534424129	0.057445793687150665	0.03787773917781256	0.0020767041654181796	2120.8039191647836	2255	6.453994981003027e-05
0.40160319848921844	-0.45052599909288665	1.0052489718524364	2.9928074608095434	0.00272321250664299	0.25363815372362203	0.010170241902370472	0.0109817523845423	0.013653481574308674	0.05684846528262965	0.03781457429161533	0.0020966753577370016	2164.1769226938195	2255	3.3760803452325797e-07
0.40187481877544545	-0.4514370348888828	0.9901733735534709	2.9063697259231978	0.003320944767656619	0.2523673924857088	0.010151590148948215	0.01097597931961674	0.013548548141341616	0.056243072088450474	0.03765099425983358	0.0020882782259224403	2196.5084033606718	2255	0.00014839647977460039
0.40149115653578155	-0.44963731188775263	1.0088275686036503	3.0531357552526774	0.0008249796058437395	0.24993659517161998	0.010151798485942465	0.010943810014580942	0.013688862138569981	0.05730106622710242	0.03780922066457205	0.002075989918050155	2071.8600923502136	2255	4.32346233752178e-05
0.39743502897504024	-0.452023995263693	0.9996432134849935	2.9905352349306247	0.0031746834854538574	0.25125617340516526	0.010042139191576224	0.010982673781431428	0.013597392921043212	0.056613045265777644	0.037735975435584344	0.0020812398771988686	2092.937264700785	2255	0.00011898721185934921
0.4047837413802822	-0.4490101421072279	1.0008171817794638	2.989082134579169	0.0009741089936503156	0.2504124713843328	0.010232898661575314	0.010933640897699057	0.013587700594948463	0.05655016929709456	0.037751583414003156	0.002074780410577563	2125.9505814752947	2255	1.5771101634861025e-05
0.767606744334588	-0.8312343165553318	1.1212523656254934	2.8425244080066188	-0.7143978054709826	0.24862181441483738	0.12417651118181292	0.13069681342312486	0.03804546810238605	0.07790768394053298	0.13117919404471332	0.002048286221699897	2042.958168755829	2255	0.020598378760043702
0.402884654781307	-0.4498108361449889	1.007611248501677	3.002441733868	0.0019573866942967106	0.2489481330933366	0.010188366152115859	0.01095217635932298	0.01367628239320363	0.05700336911024301	0.03775821638397193	0.002071300278823086	2136.533963423767	2255	0.00014618331488009496
0.4012862627655536	-0.447964323359182	1.0142797383808377	3.0729687864899855	-0.00249236849991179	0.25089181392628673	0.01020559027303638	0.010968477422958608	0.013781569763986196	0.05768205357757445	0.037961896598841915	0.0021020052217616977	2287.853819239316	2255	7.28431339796116e-05
0.27584705761932116	-0.3091435887262509	0.9663897687068533	3.13605631739451	0.7203269980501935	0.2507651639636555	0.060199209580837	0.0672617696704239	0.03366586157882302	0.05945462567749222	0.49569652176712925	0.002076773738257064	2059.887978936776	2255	0.0017961317576872604
0.8136314154849515	-0.9136408356568673	1.1133231402577353	2.7163505453448065	-0.7805758278975599	0.24715703458349447	0.09474999202721522	0.10485623392388028	0.02614628700611108	0.08856090179198442	0.08601225235436602	0.0020835523115996023	2053.2844528153214	2255	0.008529436511639822
0.4012724168782799	-0.44936787543026624	1.0082221978422952	3.032798750042719	0.0001047765788404311	0.2504721120243101	0.01017038920818436	0.010963104640856095	0.013653224169361043	0.056974071916321346	0.037845100011577634	0.0020843593494487647	2049.4408635839036	2255	3.459399630355167e-05
0.40369170417910794	-0.45008562941583263	1.0083351014882995	3.0105657466884708	0.0032756774188399916	0.25169625018062003	0.01020079974530308	0.01095111380481636	0.013624807831785357	0.05672766387688616	0.037774508529021464	0.0020858848297612186	2054.858718382915	2255	1.2082839932907679e-05
0.3981908064191753	-0.450631353695109	0.9953707405344503	2.97671875392011	-0.00013842218537068977	0.2516253964604053	0.010091716126223093	0.010985839033474555	0.013624769386483243	0.0568137646725292	0.03778084559362783	0.002087082103269173	2051.677677092662	2255	1.744879457538796e-05
0.25380835712906213	-0.28731283318751616	0.9264205951560327	2.9714666971041197	0.8961438427649036	0.2536157591929718	0.05227971485795538	0.05904808806725116	0.030426801922684328	0.05666606024027357	0.5037826091940972	0.002067040163158469	1994.7057224157788	2255	0.0011120726745344213
0.403031141708167	-0.44896687234678073	0.9999517967850717	2.995659258592635	-0.0010053973546409762	0.24894748684476772	0.010197570085002054	0.010940105753082961	0.013640559929680707	0.05692837529372569	0.037747386676317704	0.002077082574387234	2063.345761704556	2255	2.8380471174724616e-05
0.40177683981516293	-0.4504427299883564	0.9971788941496346	2.96062038431465	0.0018519820256245908	0.25019840371963536	0.01015583213157607	0.01095988443402785	0.013596225539870329	0.056526281431639805	0.037709855912700804	0.0020778110956878055	2212.1504961230867	2255	2.4441521781142444e-05
0.40399416434732693	-0.44852981858392066	0.9994883154857702	2.9894096642055614	-0.0011009118653369206	0.2516832979644561	0.010239878890010112	0.01095013359522023	0.01359689974051341	0.05665454276146832	0.037807460421906684	0.0020838081126826275	2184.113084822994	2255	4.2022541106128605e-05
0.401117168979485	-0.4505733064592876	1.0149005475668225	3.0504500315648295	0.003638480614181209	0.2526715110386624	0.01014918554818264	0.010971129080733527	0.01372284055571468	0.05723150561983182	0.03785265045516101	0.00209164210178066	2215.4662100474225	2255	0.0001702254067028816
0.40702425463426917	-0.44819657009227026	1.0184873203114337	3.072288368442085	0.0017532010575469865	0.24991181602866638	0.010286157555655068	0.010915329385506843	0.013710377511626775	0.05734262428255803	0.037830463176339674	0.0020739007735460727	2269.0509727940325	2255	0.00017885882159244002
0.6758619585685525	-0.7575060640101842	1.0819822227728493	2.821407870692397	-0.6273738233644892	0.25195821602331636	0.11561592053885232	0.13215582391297667	0.036880334963902875	0.09044775054128061	0.1600867535960787	0.002033448998373281	1988.4080770162304	2255	0.010840851449849573
0.4021977844899333	-0.44821127632721236	1.0022939390942815	3.006148113896833	-0.0024750557749885172	0.24826054884847037	0.010205728449529801	0.01095202098668221	0.013676317869786906	0.05701788807458197	0.03782434125145771	0.0020720818574022836	2151.043412882599	2255	2.893884110984997e-06
0.2748772860444245	-0.30831564298070324	0.9340478333786008	2.984787586696955	0.7115052709910837	0.248653079887788	0.03496323052901423	0.04067304596012601	0.02224215816834531	0.05753857765822921	0.29656157343503864	0.002089088690340354	2062.2449195048957	2255	0.0002511202384563804
0.39350197751795	-0.45240105175521533	0.9953542594595082	2.9666677881368355	0.0012301210118158068	0.24972003404389306	0.00997113984086886	0.011014995611824318	0.013659110177903161	0.056891433855781964	0.03774964768520199	0.0020774245974105273	2115.3821315933064	2255	1.94612735618592e-05
0.4045314347636369	-0.4482565196487076	1.001752635002488	2.996133010522973	-0.001511261855361571	0.25083126163314506	0.010254890667276785	0.010946459464494553	0.013697265115086402	0.05718440503398093	0.037805716157046074	0.002091707693894023	2128.644757940264	2255	2.8036326419189923e-05
0.3992487541513449	-0.4507317219948136	0.9875391266029382	2.950895558455245	-0.00010446953362567999	0.2502855820923482	0.010090132245327569	0.010958685041509408	0.013575651942618968	0.05660189224915668	0.0376756734945524	0.0020850363937075117	2201.1066198397316	2255	7.23972752868314e-05
0.39167513454963737	-0.45211961259039213	0.9918567178732618	2.977768847501615	-0.0008075711045649798	0.24797539537505617	0.009929794130125132	0.011010625709229657	0.013662148292634166	0.056987935404316105	0.03775281760032156	0.002066181533829426	1988.190525691188	2255	5.379156210940255e-05
0.404310290126209	-0.4497402459641637	1.0041390162058075	2.9908760599818542	0.002512640813242316	0.25627066653222375	0.010241445009363033	0.0109707476791514	0.013599495413451256	0.056550940863104526	0.037839009585273295	0.0021041811726552465	2141.7309437776585	2255	0.00011919386773607589
0.39981593211901234	-0.4501178008363658	0.9934734491870765	2.974996236517407	-0.00045358612826746904	0.2502824928134793	0.010117466657081936	0.010960412463681056	0.013624826214902064	0.056812394229415294	0.03773477605483913	0.0020799453802552415	2001.277456324695	2255	4.2991717338930934e-05
0.3999091444472142	-0.44895385196745474	1.0014662224099216	3.0383445925536976	-0.0022980803716205023	0.25168214983788256	0.010147265720229164	0.010963616813666891	0.013677989751142264	0.0572489881870026	0.03787599133578576	0.0020865862101251288	2121.064058441776	2255	8.762676297449888e-06
0.39893325537313157	-0.45216608532046004	1.0131786369583808	3.0263270432403684	0.005613408253591415	0.25367947648316097	0.010086304347424472	0.010995465217146007	0.013699976631092696	0.05711560571160379	0.0378162793670299	0.002093083684412414	2210.5557793058183	2255	2.598197765653595e-05
0.4040293239071866	-0.4476945159023539	1.0068351178775534	3.0430606731400576	-0.002174274438133288	0.2482448840658719	0.010236783418052411	0.010926839718414304	0.013679814229065931	0.05717240642487382	0.037832223623611244	0.0020715504974713294	2216.5384806791476	2255	5.215907978781801e-06
0.3983325291001064	-0.4491226809474945	0.9962051528086937	2.983317279642505	-0.0032584363899476965	0.24685863579411105	0.010112636564689933	0.010970771818761396	0.013691883157132755	0.057077488412504915	0.037787569399557026	0.0020744589639830535	2118.819450241758	2255	1.8985380263464033e-05
0.3985800242720851	-0.45094005388873754	0.9816878507940986	2.9260748162481507	-0.0006359794746575524	0.25028408954712966	0.010073954191583526	0.010963806171363092	0.013531471749130648	0.056382645011896416	0.03764899563551286	0.00207671286385222	2046.8563457155367	2255	2.13871866598236e-06
0.2631456285029668	-0.2952600492578301	0.950705625816617	3.094017627898262	0.822789593198957	0.2530305888109396	0.04941753135517921	0.05540595016600466	0.029177236345692244	0.059734514766529245	0.4465490107882067	0.002096623028524072	2198.553507674147	2255	0.0013189444567696595
0.2681959714742	-0.2973932197592782	0.9489704200664052	3.085454427306471	0.7886919843923775	0.24942858932368264	0.057657836215922895	0.06366522927457849	0.03238302956268627	0.05830820857171685	0.4996058354183192	0.00206917915274029	2243.0599697366924	2255	0.001351756057719054
0.27518750068305164	-0.30880916802982855	0.932963883361287	2.9854379307153587	0.704352131931951	0.24945758794181322	0.07686203326708299	0.08619816060733725	0.04188712451514955	0.0605795385399631	0.6323547098739528	0.001998658361938795	2177.467820166795	2255	0.00021990502462191912
0.4014027728154514	-0.44978552821233664	1.003079097833619	2.999476243654401	0.000653655486621004	0.25269609562286116	0.010175083831620496	0.010974283527021535	0.013650649505220363	0.056897887060996986	0.037828416798029584	0.0020912068882712118	2042.680279179862	2255	0.00018408315960300782
0.7718850445925121	-0.8577240222589851	1.1196919268646366	2.8349328173522936	-0.7382100378136542	0.2509630273668366	0.08963110809172192	0.09967350388028365	0.027236770802372016	0.08320421632001357	0.0940626636964438	0.002092206090310252	2098.816872974916	2255	0.01504017728972889
0.27736373139988596	-0.31499425438990847	0.9442478216274836	3.0097206770515266	0.6861963019153368	0.2496147536052927	0.06155306593694062	0.0700076969561835	0.03428624110598863	0.0603167790018709	0.4973411523345545	0.002072020549356046	2053.2282265077374	2255	0.0003551459862552795
0.7417377157529332	-0.84385817124398	1.1008274448298736	2.772778039120917	-0.7131990696152656	0.24892460249297543	0.06725675990336269	0.07443874805334812	0.022559593646794766	0.0699701611084565	0.07130276189322089	0.0020382858750620856	2150.2784455753294	2255	0.043222912430210036
0.2631605484532426	-0.2979884520451633	0.9339086891182393	3.0060136773196375	0.8020061251847479	0.25223038507862655	0.0696748975022995	0.07872161306360663	0.03881094367870279	0.061735184753526115	0.6179503947799659	0.0020886308703346513	2028.8522788974674	2255	0.0003164565918512422
0.39700461571296736	-0.4490573885910631	0.9929632696630329	2.988624310530523	-0.004547002589800703	0.2459845167784805	0.010080554354483415	0.010969175922864399	0.01365137437696645	0.05694418254614704	0.03778771623742681	0.00206452799419838	2111.9706705663784	2255	2.282291835160952e-05
0.40348413943487066	-0.4496212464115113	0.999752373575535	2.9838852095388	0.0012196947605891825	0.25345549468391404	0.010209409186782214	0.01095504713352923	0.013610584598124904	0.05669754697404209	0.03777681033766877	0.002102408349224777	2099.462791106207	2255	1.823138252458109e-05
0.26309823517051556	-0.2985576216066394	0.9509271286046468	3.0552260170333825	0.8013174585711936	0.24929378839699917	0.0562917688080337	0.06404927639009052	0.032195958532317825	0.057110876541990256	0.5039559854091812	0.0020623837072476507	2103.0332321736414	2255	0.0008362092274513858
0.3971254797771942	-0.4503219459417069	0.9882456236943596	2.972592056472974	-0.0023599457747925942	0.24979806803727414	0.010060955288355187	0.01097225868910931	0.013638090860397103	0.057060122525962	0.03774166799718207	0.0020751921719378676	2128.92397370133	2255	0.00019751690248032095
0.4067513968337416	-0.4486466016798102	1.007601842011153	3.0008146758653833	0.0017113279553379601	0.25318675009763425	0.010296966950722	0.010944551559759153	0.013640471660142928	0.05679720243494276	0.03781704351655109	0.0020999308756725803	2012.650816047909	2255	2.1548689315812323e-06
0.39579859010570734	-0.45173594855266325	1.003788128241221	3.048501429553722	0.0017711368732449802	0.25033870840266664	0.010005271509286233	0.010976444159950057	0.013679300579850872	0.05728335362854544	0.03779489576784778	0.0020660854352549172	2055.534341411589	2255	2.1474859767562473e-06
0.39652969174286073	-0.45129954889198415	0.995039859701051	2.984524857663572	0.0003000038118266026	0.24499141108086547	0.010011933472006686	0.010956760133319464	0.013615268353271497	0.05682339944420348	0.03765381396824997	0.0020546914563848925	2046.8593007946988	2255	6.94890031208991e-05
0.39731388234079223	-0.4532417138658711	1.0039916429267788	2.9820910288757885	0.006241780701367482	0.2523283256540598	0.01002647001585159	0.010996144290923065	0.013631700392264898	0.05669127975664122	0.03771256842245283	0.002089172613124189	2149.4239925693473	2255	0.00013778610652959085
0.39955788546091636	-0.4495868469968515	1.0214561747727526	3.078089849466431	0.001088826016185942	0.2471232384775421	0.010132512454342534	0.010970985333262778	0.013818521615337536	0.05770396626110178	0.037888456958249904	0.0020659233397771486	2069.5733468516246	2255	8.456919448368568e-06
0.39948486135146005	-0.4491561509190744	1.0164586533123614	3.05753772799698	-0.00038753551747941153	0.24908658987142407	0.01014942556464685	0.010981868605502796	0.013779245320002364	0.057484198478936634	0.037915939970491315	0.00208280284957163	2182.524318293013	2255	3.953065716819581e-05
0.7371255235516219	-0.8232010277090313	1.1404512855846258	3.0122674227356274	-0.707379719285953	0.24630348201240684	0.05278020129253824	0.05783196694032091	0.02169700148166715	0.06318418862175278	0.0574850486215202	0.0019955187865517794	2172.9892746872324	2255	0.010636959863524148
0.3999508629977138	-0.44979662094077616	0.9911566433815155	2.9420826862480784	-0.0014686307589356945	0.2510471017793559	0.01014514742581045	0.010980203701344232	0.013659892596696522	0.05693637375102726	0.037753165177155906	0.002096989369921511	2005.8079771756315	2255	0.0001245605561330355
0.8264512509020959	-0.9477709387097222	1.130935981560495	2.72663984349733	-0.7997410084396318	0.24848600555603317	0.07707241966380107	0.08886018251720539	0.023488024254316554	0.0799186027433735	0.06809577300627478	0.002068458533855177	2043.1289973231992	2255	0.02308308385393699
0.4008770068483677	-0.4495531242268727	0.9981912993961173	2.988418435709002	-0.0006074587437871441	0.2508043627248506	0.010158820804811787	0.010965195974100913	0.013637354547067545	0.056847668551351156	0.03779242884079832	0.0020811089275144185	2106.665014802255	2255	3.0951850647171784e-05
0.3989384959073088	-0.45136894784298837	0.9896879159919597	2.9376977507018274	0.001465987694866216	0.2501000268897384	0.010082123966014968	0.010973530995974859	0.013535680324311667	0.05626261457371453	0.03767127248594688	0.002073385977022777	2014.241278482933	2255	6.7119660960047266e-06
0.25980273648759517	-0.2971710433742254	0.9486230326729786	3.1070793732929998	0.8186136208335208	0.2539682457089381	0.05125455331651823	0.058600688972270366	0.02998167759001867	0.05843489162495617	0.4669477616557581	0.002101566248063616	2092.4693121775867	2255	0.001814251128532224
0.4004801186482813	-0.44916447850319097	0.9975017101779539	2.9899952352199146	-0.001891550284525349	0.25099422621354706	0.010163305348463976	0.010971046006198722	0.013619573008958098	0.05677132112710983	0.037822944655061835	0.0020868743231062872	2098.8971561616127	2255	1.0813996696864825e-05
0.2750313650746383	-0.31046455116088556	0.9507097769414244	3.0343012892541945	0.7222345964448753	0.25005806802710245	0.056970044781341704	0.06423197320912169	0.03201230089404375	0.0585530295359535	0.46999731246814347	0.00212381990212935	2091.642336137028	2255	0.0013007626811387893
0.401177942523182	-0.4505324991657846	1.007380629988611	3.0074408950568774	0.002704468851652333	0.25103631699909024	0.01014801463331526	0.010968515226950876	0.013684486209350422	0.05702577438472434	0.03778485902787165	0.0020866684621153563	2167.682249295149	2255	1.8410871665035501e-06
0.2717468773870652	-0.30455752113566276	0.9567023169591031	3.0880635533728933	0.7516168853579196	0.25268006588715075	0.06450020247175642	0.07236913975582909	0.03552112724034121	0.057128896082190087	0.5438677779690952	0.0020879852721882594	2132.5596379452604	2255	0.0007806510926282066
0.39645269417326606	-0.45225157017419815	0.9932176883252037	2.9694606550359435	0.0022014502427999253	0.25215178401260907	0.010021248389871076	0.010989987914225948	0.013610298388734106	0.0568042853147256	0.037716643197819304	0.0020858608435353363	2131.622548873805	2255	9.766850327872044e-05
0.39803823013695755	-0.45230989399482	0.9827730517501854	2.92009541928663	0.002219350837841263	0.25301317789559596	0.010047039072290794	0.010979339883270418	0.013491440969590193	0.056175000918624006	0.03763849416878783	0.0020855215594791205	1995.6856740922196	2255	4.193672445030332e-05
0.3997365688140846	-0.448083051836109	1.0084060351189044	3.0545577330073193	-0.00349220094233686	0.24940104568594157	0.010169538547990608	0.010972109363885764	0.013774624992739447	0.05758778396046955	0.03793962300604938	0.0020804742260673247	2083.5694649794136	2255	0.0001527307893165767
0.39777377580555473	-0.4512848590408978	0.9939358875246238	2.982673204403616	0.0009636120350987145	0.25162148889419833	0.010060055270033966	0.010975435884791622	0.013626756134523396	0.05689624458585863	0.03773777303995316	0.002085442224227799	2084.499244626006	2255	7.007413394704308e-07
0.39843222452147015	-0.45065796941327363	1.0068014933866432	3.0171424187507703	0.0014098722620213828	0.2496847902994339	0.010092415753724047	0.010980829962596615	0.013679787124377696	0.05699733763588066	0.037809718316580705	0.002078314143126839	2217.7679406580282	2255	8.0427427648157e-05
0.3973110855693621	-0.44976509251762603	1.0078295977861418	3.0484997479162845	-0.0013332852532432309	0.2479727336706651	0.010081308757589664	0.010976687844568641	0.013740420787384907	0.05746246970860992	0.03785963650216945	0.0020697675854993735	2040.0927203102628	2255	4.6644540434979086e-05
0.401419327616875	-0.4512239345080725	0.9777943637228131	2.893452284207261	0.0011590766923661002	0.25341938852800255	0.010129255982397578	0.010957848786897165	0.013477324799471516	0.05611721199084979	0.03760370716759675	0.0020854692669687812	2173.6741449136343	2255	0.00015853406251445428
0.6881240835472946	-0.7712152311860889	1.1023490144497083	2.879589347993739	-0.6423082103905572	0.25282328931031445	0.07026040842278389	0.07854167095029944	0.02484280037810184	0.07017280171566179	0.09116448009432454	0.002051161976751412	2126.87983316092	2255	0.008769610007023584
0.7022365180106536	-0.7823884610018151	1.097912834246988	2.835487477720896	-0.6577039210847925	0.25030225350476043	0.08867016294347009	0.09858018021557852	0.02917489141835068	0.07589605107753733	0.11269829642505688	0.002058434082164094	2167.9243081023183	2255	0.013408472369333756
0.4012359230544941	-0.4488703352529017	1.0081361281362102	3.0390120460639554	-0.0008981741996026063	0.24990328899191044	0.010176982763910214	0.010959744640860535	0.01368901834067485	0.057123833279423684	0.03786417027969368	0.002080092940698069	2150.881204132234	2255	0.00011187427431110562
0.26434006870300486	-0.29665771304874916	0.9466543087949607	3.0523230933524577	0.8055200086654185	0.24788048080534508	0.06962925050641383	0.07822944435970099	0.038437823086814635	0.05680230500479342	0.6208786182382751	0.002056488362215897	2155.3032681308214	2255	0.000287220281113394
0.39938942393384896	-0.45073176994785225	0.9732851527160865	2.8597285959334333	-0.001433513220641181	0.24765119612280365	0.010095154337447749	0.010962457671525231	0.013461615590510638	0.05584605910623767	0.037558017920647266	0.002068997000350324	2148.697668679525	2255	4.830917411970239e-05
0.40364729736536775	-0.4482817428405209	1.000690591242938	3.0182637155621435	-0.0017494281817740927	0.24593700232446916	0.010200874183094361	0.010911587483989401	0.013631016961728642	0.056949166214170927	0.03772838829760805	0.0020594180672765766	2138.18088276353	2255	1.0130837487652566e-05
0.3984057850785706	-0.4517873973107144	0.9971873728634949	3.0004811832226106	0.0027569549866943827	0.2539795140213712	0.010063410850526066	0.010974530756357804	0.013630827346709347	0.05697805969137577	0.037751625952563116	0.0020921455784788288	2174.223269669586	2255	6.312372785026693e-05
0.399057785021442	-0.44950598062614483	1.002284635969794	3.018174127703429	-0.0015721365653328786	0.24837347157048545	0.010116029263779469	0.010964661737260982	0.01375834955822985	0.05759052905640402	0.03780669664016196	0.002072652932598241	2064.414646416192	2255	0.0001327212162788102
0.39682484745475277	-0.45087436441188355	0.988494248046858	2.9495626187488067	-0.0010705963493228903	0.2505413534140703	0.010059215004693162	0.010990997038880956	0.013608937496286956	0.056708835686037726	0.037744191349907454	0.002076965796784884	2064.734794740007	2255	3.823766982963562e-06
0.39927498206987344	-0.44970977772922854	1.0183493344861794	3.0620519772866635	0.0009738310824456442	0.24757220079286646	0.010127061698323869	0.010975510504764332	0.013754704397363971	0.05733134437267951	0.03787809169941554	0.0020747397858653254	2170.523615465816	2255	0.00010041208429240601
0.39993115808660323	-0.45010813494778384	0.9979483329985471	2.999949826944357	-0.00015335370103325936	0.25103642630866024	0.010122143621317487	0.010962189637027423	0.013657073591474639	0.057097572131723	0.03777212946520029	0.0020745234979253225	2155.8446123687345	2255	0.00010573998346950157
0.2699297502627801	-0.3047754895941876	0.9357505882275932	2.9750918365105092	0.7535265354970135	0.24999819800313583	0.049273991084277095	0.05488999438478539	0.03362315764411037	0.05847124843883632	0.4191443338449569	0.002075910267362616	2069.161466801132	2255	0.00022868799237129296
0.4002628011915092	-0.4514965689172878	1.0045458281074395	3.019291127669326	0.0040158654322835635	0.2516363660339423	0.010095154244445542	0.010955662812019016	0.013596747382751252	0.05670358554785496	0.03773290039744483	0.0020837740887055954	2222.4348066050375	2255	1.938414119072511e-05
0.4005751333212703	-0.45120663872620226	1.0021437167184473	2.9929642816743414	0.0030732465942015087	0.25142950494671457	0.010117566898144028	0.01096564782561757	0.01362171700390168	0.05676310416040041	0.037731198125658415	0.0020808426467832535	2079.7506186557416	2255	7.773746885309965e-06
0.4005609199156839	-0.45075289025319154	0.9910843073724209	2.9509782551991095	0.0009642919176591878	0.24794243972218769	0.010106407646063768	0.01094440676299369	0.013562267429251474	0.056499926561472597	0.03762812198478101	0.002065937853706656	2113.527405069129	2255	0.00019749437907960003
0.40376787141359854	-0.44884948830149024	1.0088108256690145	3.040077874511086	0.00034732392982278145	0.2501910595019769	0.010215337321805847	0.01093612566164599	0.01368235307053927	0.05722482708721248	0.03781018098192528	0.002081660562115961	2035.1120111555144	2255	0.0001296183923366539
0.40143966484443855	-0.4491975226049853	1.005553159098542	3.020864122007511	-0.00029604067745204484	0.24757571957347552	0.010164421408443718	0.01094967877192041	0.013615135381828566	0.05669907600005317	0.037795370535508306	0.0020643377238655264	2109.666339832711	2255	6.697871776003574e-05
0.3984378834774122	-0.4503686791882799	0.9818512218892764	2.9079258050563506	-0.001868470648221059	0.24431779499873044	0.010072288097143129	0.010954005369629295	0.013527906618685647	0.05617932881717973	0.03759545127752535	0.002048110850191577	2207.0816775270355	2255	8.844793648702205e-06
0.4037862525331181	-0.4491514434555122	1.020075203773433	3.0797555643012204	0.0023997131314010232	0.24844789996397348	0.010206716659968989	0.0109337200190207	0.013719827669682343	0.057293220737719155	0.03783575342953095	0.002069049656949056	2087.663884591936	2255	3.5087989702165224e-05
0.3987332924328311	-0.45173011057906515	1.0035568982187257	2.9788968944955987	0.004075039163783416	0.2493824184611408	0.010075210515728126	0.010979402548196748	0.013639631381306663	0.056702755418309464	0.03772321376135517	0.0020766660903779152	2026.6143329792749	2255	3.266201973932413e-05
0.749347223331269	-0.8311135584718554	1.1135385512869065	2.824814713039056	-0.7105536039024702	0.25011141138537496	0.10353314688501913	0.11487400279232107	0.030974720104213718	0.08098293363390423	0.11446816548510327	0.0020759503272353916	1991.0665807323114	2255	0.003976193787809755
0.27108625084859705	-0.3069616608108439	0.9413519648217279	3.0493043359178773	0.7300363217707709	0.25025325796900066	0.0591041408127492	0.06830821996635557	0.03297673027169392	0.057019639764654156	0.509086463219473	0.0020295438106814226	2115.4482089381117	2255	0.0004913608531901204
0.28873005029672494	-0.32215996859694523	0.9614503802057848	3.0940864324923645	0.6173779798570126	0.25024575598474313	0.06544317874055681	0.0733987562796071	0.03529837008002041	0.05713577423973001	0.49452477852060767	0.001655641221605163	2012.4899701426648	2255	0.0006621326003435628
0.40017208487058903	-0.4497087473651079	0.9866109278786178	2.9409562979799126	-0.0019575053027505885	0.24736279270018444	0.010120910511101379	0.010946559728304432	0.013558438856331555	0.05645496137931989	0.037658984631347245	0.002065347934587872	2065.1350030105696	2255	5.908937153372679e-06
0.39847481814587793	-0.4512152578224751	1.0126470767514577	3.033886765214982	0.0032974544289441888	0.2484283278509461	0.010078362108555472	0.010977147670356062	0.013667913960343232	0.05688146635321754	0.037794862848899886	0.0020647389516231284	2064.511424563376	2255	7.503613150572775e-05
0.3985329125588798	-0.449346598270528	0.9874211641022721	2.951890664928188	-0.0035049920055630463	0.24937713882358806	0.010115244646059543	0.010973276581276916	0.013559083756805902	0.05641556420367419	0.037761733477623446	0.002084677345019349	2024.778744453165	2255	8.773318404640378e-05
0.4013630782701476	-0.45088882220057125	1.0113480205021699	3.0474826399181834	0.003931793280368174	0.2508195918467462	0.010128384063456817	0.010949801055992253	0.013618370694903747	0.056840135298194774	0.03777445886828891	0.0020766613585809688	1990.7078209821582	2255	3.5358941787135695e-06
0.4024491469970148	-0.4491317659353736	0.9802889729804479	2.9041987148679795	-0.002600995252944777	0.25068637878961236	0.010191485922863322	0.010952128994818643	0.013522444429718521	0.0562682300852426	0.037672609797157766	0.002083021038395823	2104.3600375219517	2255	2.6304937820341327e-05
0.26591864874678106	-0.2993825067072145	0.9559062097310576	3.116941667758116	0.7862617037724051	0.24896427090888001	0.06805439861856352	0.0764835926019417	0.03374107661075585	0.05768024819807383	0.6011485814886642	0.0020593535327357807	2009.294811143152	2255	0.0006667537659076157
0.39942395423274385	-0.4508802579762226	1.0003554300877768	2.967215961005311	0.00179105173911352	0.25052518927371065	0.01011600971901045	0.010986647596595851	0.013642382385031205	0.05671585341451239	0.03776018804143666	0.00208302971291943	2079.777864866115	2255	3.206112027793054e-06
0.4044325297192729	-0.45087905128960293	1.0150182219531017	3.042652380827413	0.006161284101321737	0.2530188509901963	0.01019443647128766	0.010943472140035663	0.0135930934717482	0.05661482317228036	0.037774575521054204	0.0020803826692285155	2073.4483619394805	2255	1.6293638072509286e-05
0.40205783602344164	-0.44852971571105	0.9923812253834493	2.9551021313231365	-0.002843275437674091	0.24912836677922623	0.010200659824842445	0.010958381704878443	0.01357278445581288	0.05642861834044359	0.03776898762445125	0.0020768534565537393	2003.4607074484607	2255	3.894408400245098e-06
0.3997870795196027	-0.4490685226358298	0.9908199567935806	2.9937384336632578	-0.003375491271267123	0.25296058741222033	0.010145925760771715	0.010967452188661091	0.013669638853468644	0.05726990791993597	0.03783075892575438	0.0020904612392838528	2127.7533874230444	2255	0.00013853940152560023
0.40483032789047085	-0.44709473831959773	1.0119902485924055	3.0678422566890817	-0.002644697702773117	0.25231313352223933	0.010287765626842561	0.010946431984962143	0.013753418736566056	0.057624745609135115	0.037955456802225736	0.002089401615736628	2119.507660398013	2255	7.646797029948212e-05
0.4030033182501032	-0.44799493302587967	0.9979157861617762	3.022879880378497	-0.0029678196593981914	0.2529447706387271	0.010223239180271708	0.010944346546627185	0.013666529647889647	0.05717515661957247	0.03786285669191208	0.0020941471567404906	2113.48693401147	2255	5.957851462988871e-05
0.26950256074915524	-0.3034269727525559	0.9548846443228471	3.066697963939291	0.7641408662992298	0.24710688275673579	0.06554428914766282	0.07350480968929603	0.036173166638331714	0.056773748798960945	0.5620091343364498	0.0020314779104410132	2069.622614762928	2255	0.0005596888427184857
0.40043051871683255	-0.45086683049084475	1.0074609639005225	2.9975731885363013	0.003148818714824207	0.24617613627870302	0.010110988193366824	0.010955553646433285	0.013599737586507878	0.056468670191124525	0.037703389218613007	0.002062551981392991	2190.06590059712	2255	7.25772888393893e-05
0.4091528787600459	-0.44673795347357453	1.0350426235636085	3.1523178538486274	0.0014778317631330834	0.2511347389181368	0.010366098740003557	0.01091284593351753	0.013826488375767868	0.057916845672440494	0.037992359611380394	0.002078042256936238	2073.5985190540805	2255	3.843169895623708e-06
0.40372085558532794	-0.4496061637024781	1.0092082891211767	3.0171666748477093	0.002198260066154586	0.24795617408311535	0.010196753192036733	0.010936110215635293	0.013614381860269113	0.056703206579474474	0.03774437672987639	0.0020671961484961788	2113.5280788763066	2255	3.438345245527264e-05
0.2629944224267729	-0.2992198453296952	0.9573510826298581	3.1166435887957835	0.80176213918242	0.25082653935245885	0.04298733013099182	0.04862541604182443	0.025980518387813314	0.05785986899530469	0.3824465574382685	0.002189291026747476	2046.5623786905094	2255	0.0008826526575166552
0.3975603489126675	-0.4517985179293615	0.9857516736181191	2.9197434446581174	0.0012194132578045845	0.24920912231177503	0.010045838432740014	0.010978799124464674	0.013533683484348396	0.05625471843272657	0.0376361996690226	0.0020704433270706396	1994.4754745152563	2255	2.5406647958667726e-06
0.3936087684503996	-0.4506958895077899	0.9866062442819208	2.960276285109853	-0.003612385839635681	0.24858335457658334	0.009997065804803534	0.01100191470905743	0.013682655189963167	0.057181024499643344	0.03776952142044454	0.0020805863210785363	2047.0097806531276	2255	5.8554644231763045e-05
0.6657396412881416	-0.7434607429226334	1.094001666837149	2.911955109820342	-0.6151722902506598	0.2506616516738117	0.08766319171511114	0.09669541513062042	0.030698015606035273	0.07433864841547311	0.12087484287989451	0.0021094742137393735	1999.0439480313944	2255	0.0072862422343351945
0.2779636625629932	-0.3154836032128285	0.9378064638645995	2.972097757591225	0.677485450415645	0.25097282925656955	0.06389906029464176	0.07251068839116995	0.03502115577593025	0.0566090869873828	0.5129127432489294	0.002084034792533883	2095.077256324469	2255	0.0006919201075460005
0.40261360542091745	-0.4485920935112998	0.9846068949331969	2.9259110703347053	-0.003308046813919293	0.2525296958233875	0.010217090973494932	0.010962167408154923	0.01355506153569086	0.05643701061407959	0.037753325141556326	0.0021033943389753623	2006.3846805944218	2255	6.254181246226902e-05
0.3971009053293931	-0.45157646627354525	0.9963652992583266	2.982176924416964	0.0015396394735711812	0.25031002409150105	0.01004364761226988	0.010982554187962769	0.013659222402925995	0.05697839671333116	0.03773692048937481	0.0020713029449099018	2071.721524399173	2255	4.8201269694923e-05
0.39975686330311366	-0.4478427271178792	1.004917536778092	3.0513067719121323	-0.004424927366863929	0.2507627968393822	0.010174333116626468	0.010970835394109441	0.013735441851393734	0.05746057289412598	0.03794756457626759	0.0020936475610752047	2113.7904266640135	2255	0.00011519260209540505
0.8544717080950147	-0.9640202043030648	1.1429513686879216	2.776211305228089	-0.8152584736109537	0.2532318146442705	0.07181464071335764	0.08342039282556804	0.022718297773557904	0.07592687279941572	0.060372373656812243	0.002065447305081295	2127.896129902381	2255	0.010533417994257261
0.39660524242072054	-0.4491814075728257	1.015742171969854	3.0988201681902736	-0.002140420215142675	0.24794597741501645	0.010078549040381756	0.010979289899362022	0.013831636470499098	0.05795274392464227	0.03794811602340872	0.00207712366967113	2063.5693925485084	2255	0.00011686589871407252
0.397945152000338	-0.4496588072272047	1.0089958542997273	3.065116125340544	-0.001151725786095711	0.25012778915259937	0.010096431854987375	0.010974217479726349	0.013751187132859383	0.05760813816987869	0.037889873116856175	0.002084451753820145	2031.418706678338	2255	5.583816427496974e-05
0.40059293219198117	-0.44915015501420535	1.0121242807093824	3.064644616745934	-0.00024662393311395325	0.24956038436013525	0.01015544555326017	0.010959258306366333	0.013727338127742001	0.05736404857902383	0.03788082431193158	0.0020755116838083896	2122.226488987641	2255	9.21249694646685e-05
0.40111865639514865	-0.4513389273285626	0.9906046473515268	2.9364129390064004	0.002725862583520228	0.2520797767604085	0.010125783540626638	0.010964710370325686	0.013535785171026776	0.05629261294103945	0.03766421559609387	0.002079912376357175	2159.225431956178	2255	2.028037208910811e-06
0.4022074087809449	-0.4491396130987705	1.0031402181451912	3.018796984033567	-0.00047052440006455185	0.2541387006317702	0.010198639491464502	0.010964360887667193	0.013736121518294273	0.05749556785238903	0.037857822056671375	0.0021051539753605655	2072.0962611745626	2255	0.00015941506423013935
0.2628139756854416	-0.29544578412646016	0.9411745644522008	3.041646852522362	0.8240167455833779	0.24827317411843647	0.057300601999642334	0.06438098874110344	0.03236404437975884	0.05811866902910752	0.519502289835558	0.002062044809858685	2080.7458599237225	2255	0.0008520078208367433
0.7213973287474267	-0.8019257774056108	1.0924361372917308	2.7719462284292957	-0.6785414769401988	0.24966075085693915	0.0954076774954819	0.10561028435295156	0.03005365398590377	0.07632871134070617	0.11353485530771788	0.002080253707869682	2018.4219824358809	2255	0.004770795075224414
0.39961671384464714	-0.4511587693791998	0.9899715920962033	2.957486854298856	0.0013791538097052813	0.25209158041809565	0.010096490392618613	0.010965800574627036	0.013514882472746183	0.056278919215338494	0.037697884061371915	0.002088437760117683	2201.5216005865423	2255	1.5662569421249007e-05
0.3977032437044625	-0.4497260945167344	0.9825698949803613	2.955620329858225	-0.0038099083313052917	0.25101968533696406	0.010086726119261886	0.010971632735340372	0.013590209426455852	0.05679387893283272	0.03775447429158127	0.0020842990529609234	2248.272033204057	2255	2.5568661346672974e-06
0.26851069796625127	-0.3033390244205467	0.9546521636911208	3.0780982164199764	0.7686631113808865	0.2512792472488901	0.07757345875960327	0.08762622278133526	0.042268747091616564	0.05703199160597639	0.6712501888105031	0.002092823258425022	2010.8274381625677	2255	0.00028298882295815715
0.26510188454163763	-0.3007349557637967	0.9271356347026373	2.9778294399234375	0.7785704274499942	0.2472813199008868	0.0589323051880454	0.06676691188379999	0.03325336372846617	0.056641414794874445	0.5154886304857234	0.0020520316682473166	2265.996489148054	2255	0.0012088504916312182
0.8257666657135092	-0.9276528858326852	1.150889525855443	2.9070380440577406	-0.8010704622609822	0.24784800395398257	0.050330724427148574	0.057530063972785477	0.018868639335778214	0.06568620634250316	0.0450120406342569	0.0020770702396157455	2173.263634477338	2255	0.01791445141122225
0.8035567904239508	-0.8971895858139043	1.136802007610328	2.8358342989549237	-0.7674855933809729	0.25044135521696254	0.049663148751519656	0.05979569055206987	0.01724063618728297	0.07406015279400646	0.049275694908580664	0.002063226967984064	2138.966487599545	2255	0.02501039257891488
0.7991762211170687	-0.8884454292195632	1.1332229018110476	2.8233594844766507	-0.7587539470018821	0.2514583363728867	0.06926914879432383	0.0775532023526578	0.02195623136135787	0.07654132199928022	0.0672573340413604	0.0020801350201531247	2167.198150624511	2255	0.02300622467064646
0.4008926682878432	-0.4513699894154464	1.003302374683538	3.006506433738603	0.004076720345909765	0.2523733417468549	0.010116455315506048	0.010959762759254072	0.013611304578886336	0.056717787208054905	0.03774039003388799	0.00207840221697892	2079.219315454384	2255	0.0001392639332751689
0.2543166448661009	-0.2915881990405844	0.952046592788384	3.1050709425349927	0.876049910570198	0.25066124645464516	0.06514454184780906	0.07477247170769863	0.036703923229085944	0.05748661399134641	0.6230008414009979	0.0020173615111707113	2133.826183760612	2255	0.00032252094404108296
0.40206652920864955	-0.45020249231790854	0.9791835566898761	2.8904511837585884	-0.0005293890725320512	0.24957828732601373	0.010156409569654433	0.010948709154875062	0.013455043146369076	0.05587365539057427	0.03760138475420051	0.0020709162976451302	2026.8154420734365	2255	3.501654198573704e-05
0.26225722489293846	-0.29647827137575244	0.9420327685037715	3.0393863874516773	0.8139180290780588	0.24866007991001715	0.07052228484207881	0.07943920231701897	0.03926755696004186	0.05713987633366479	0.6345982737470135	0.0020573352255333047	2057.8474176325094	2255	0.00024609159650136256
0.3985152833713637	-0.44970196410115987	0.9830125938134672	2.958750571715694	-0.0034346826088666156	0.2489999119244275	0.010088556731692714	0.010953222320800112	0.013554109606295033	0.05663403454628427	0.037705874943853995	0.002069316574432462	2155.433940699377	2255	5.71148594495854e-05
0.6778941502611149	-0.7570123614820919	1.1122507566526179	2.9848148617127643	-0.62615411908694	0.25468032216197006	0.08331459404389199	0.09329792244572399	0.02837955053016393	0.07448073656886739	0.11308375317547965	0.0020835698591372847	2042.8018058225825	2255	0.007012096648640015
0.3999565474549876	-0.4499999221101484	0.9941707206011918	2.974031781746132	-0.0005946628566481584	0.24793492905758366	0.010116273453207154	0.010952733752385204	0.013543443575652101	0.05636919871970147	0.03770959592668162	0.002069486472045076	2160.8147731211748	2255	1.2994543456462423e-05
0.4016058515386651	-0.4489337289018307	1.0033723409870448	3.0370750636468453	-0.0011805924726454964	0.2543224924370448	0.01018867947080688	0.010964502046810187	0.013695028267055775	0.05731952365196849	0.037892773036489774	0.0021010187652780892	2047.541059947205	2255	1.0705726542389493e-06
0.4022144895688569	-0.44883249889818044	1.001932676172984	3.027011291450092	-0.001243938960188342	0.24952596003265473	0.010179906725425262	0.010937200427303036	0.013682295495966255	0.05724294647292509	0.03779413460437253	0.0020776793409328534	1933.5523528351023	2255	2.0961761586432812e-05
0.3990078900125719	-0.451726159235165	0.9976574387023233	2.9514438944826815	0.003057734822855116	0.24933684403009826	0.010082144731192278	0.010979530274714593	0.013578988667807724	0.0564285277373083	0.03768081835752746	0.0020779765287418104	2075.061001265332	2255	7.786172977345075e-05
0.3984382002405486	-0.45147258001398344	0.9789660589155363	2.903549772285704	0.00027856321700679606	0.2502610466038835	0.010062321565066822	0.01096683323379254	0.013523573946192009	0.05626261556817158	0.0376084839968552	0.002070807648246774	2223.23871361306	2255	1.1414840988759232e-05
0.39931812794378746	-0.45021373794659025	0.9990899129575549	3.0027092268218296	-0.0005663181017896146	0.2493949408189056	0.010108871569860307	0.010966197804686391	0.013649601318943338	0.05701009200730522	0.03776551445513296	0.0020726863983619188	2115.3422233665506	2255	5.0601734951652514e-05
0.4041570988964973	-0.4488989281953569	0.9972423919989812	2.967330040657732	-0.0002903921548815538	0.2530013069136409	0.010244031807501412	0.010959080899109226	0.013615034195042059	0.056679313637352687	0.03779540940101463	0.0020952380583304977	2130.691201913762	2255	1.4026544044367767e-06
0.4033224917473944	-0.44987379381486314	0.999302651097764	2.9759202282476735	0.0016117668342379057	0.25001147901589493	0.010190973167791008	0.010945597401306798	0.013571518361830175	0.05645655612013101	0.037719246977001464	0.0020735329884145354	2130.1805286054923	2255	5.20251844128159e-08
0.39598929883992506	-0.4513432496968836	0.9983935090573213	2.9980301751664222	0.0006315627547625123	0.2500752831874482	0.010028818865205062	0.010989468901216989	0.013636523788555446	0.05683914982781037	0.03777872198406508	0.002076811680409079	2235.6093985940406	2255	7.292526268679709e-05
0.3974710393891283	-0.4500028763250769	0.997650881541945	3.00225001284549	-0.001736318301659342	0.249912573735971	0.01008551309121574	0.010982479592479104	0.013665849320071416	0.05706273293948539	0.03782089582466591	0.0020818763396441785	2150.8184509097396	2255	2.798880288131855e-06
0.2650695125336809	-0.30459542891006824	0.9399499040603833	3.0256475377569254	0.7669798921526491	0.25046392355000713	0.042138770507730954	0.047744673583406366	0.026904855588401926	0.059334986455515104	0.36640571928378085	0.002034396727353243	2123.5098258309417	2255	0.0002962969906722844
0.3999149934191949	-0.4488176640384188	1.011624627254797	3.0629315206826946	-0.001537563206979751	0.24765681710978674	0.010144823494139175	0.010958605402955615	0.013763078067730536	0.05758102769516196	0.03787483541407729	0.0020705151274569298	2015.346743067709	2255	8.614306632388757e-06
0.39838170772112896	-0.45121243932329547	1.0034548669139618	2.997530298947027	0.0021934671969887375	0.2513842650755816	0.010086263487401237	0.010988457475349486	0.013686815459448066	0.0570668627036399	0.03778954669143498	0.0020803810883163634	2198.30841962683	2255	1.2776187297737311e-05
0.4009130205852405	-0.4505685934094881	1.0041010479801291	3.0159905072417343	0.002138147838196297	0.24905024138387255	0.010122090408521368	0.010947525216915008	0.013675833849061592	0.05714118587367002	0.037731751755077744	0.002064857310648055	1971.363944625857	2255	4.924154868853213e-05
0.40445609434404745	-0.4479653485376218	0.9873930205463928	2.9488071637625364	-0.003411763067432294	0.24724575172708016	0.010230270425243002	0.010916016366927957	0.013560373006433406	0.056533562294884494	0.03767248393703648	0.002070480892960925	2096.2150961085654	2255	8.380663821004103e-05
0.27740424809219655	-0.3114501661828359	0.9626921113552108	3.1288251591599656	0.697692269534123	0.25289467615981365	0.07027952660658456	0.07866452095340624	0.0391892385159635	0.061463986157881054	0.5696270638014527	0.002095751789208164	2162.49656230627	2255	0.0004182531497459207
0.3989972694140054	-0.4510565143421021	0.9962099608158433	2.9597416794137037	0.0016161485516908729	0.24891132815549658	0.010089698248460658	0.01097248976506094	0.013578877142843771	0.05638378824660173	0.03770261453764216	0.002074078995365634	2042.9734757520025	2255	0.00017808445375635553
0.39984571951478065	-0.4492400067916949	0.9993510847159732	3.00354638118672	-0.0018762931951101533	0.24867265323086415	0.010138243987845916	0.010961841236370423	0.01362894080182848	0.056836042928979334	0.037800725506877936	0.0020780921805590756	2144.2358814525533	2255	2.1945646653482264e-05
0.3971407461043052	-0.4533104076846553	0.9860780854896457	2.931518332486982	0.004302012146038151	0.25136790382738394	0.00999880619032828	0.010971528409568176	0.013525525205288918	0.056353321447845064	0.0375826867944618	0.0020797121348293153	2082.8384999073246	2255	2.1999832470367936e-05
0.7259586118641796	-0.8203632239600549	1.1000148334096582	2.78498438695705	-0.6894374337563168	0.2520622179047701	0.04646111815054051	0.04827733603002379	0.01923533349690656	0.06661423559675102	0.05061367437181883	0.002073850704168192	2120.0550039835794	2255	0.005156582261093381
0.2741251282620533	-0.30589770783147485	0.9857602823935885	3.2176424821591496	0.7380759997839328	0.24903671108893533	0.03897697663102901	0.04343918280359784	0.024402995117380498	0.05911442726312779	0.3281470739544028	0.002072419521634299	2122.5255647533522	2255	0.0017329917791438236
0.3980779811950326	-0.4506335351688307	0.9974901029599426	2.987799526332969	0.0001955466876333413	0.2502847641356558	0.01008350082058145	0.010979745844260718	0.013628747094143434	0.05676627035569459	0.03777652042562333	0.002078287624230058	2035.1008033353799	2255	0.00019160568680120897
0.4009046167795856	-0.45006903155902017	1.0001739577616404	2.9950613131029513	0.0002649729980743975	0.24847621180622317	0.010135489011590641	0.010951073612059124	0.013628985080520033	0.05684677968238449	0.03772341334788072	0.0020719748350251544	2098.9187372604783	2255	2.93792979696365e-05
0.3967982478705708	-0.4500610252638933	0.992295797510815	2.99434279343257	-0.0025810725890827516	0.2507830246442674	0.010065952841429353	0.010979591394357786	0.013676790916679081	0.057232287357463135	0.03780215827112878	0.002086384409451689	2135.518098343295	2255	2.9490058416689417e-06
0.40092766005475855	-0.45078470763329476	1.0054431787433995	2.9913752077861684	0.0030185851163449834	0.2506139789253979	0.010141302715809533	0.010973746184153445	0.013623818644848278	0.05663600820830088	0.03776913947619359	0.002077690981902384	2161.4510240334894	2255	4.845169875052412e-05
0.39864423253496856	-0.4479357605138466	1.0008499811874152	3.0217398516465193	-0.005237872142470301	0.2425057477810842	0.010122542451187015	0.01094660655151055	0.013661604810841636	0.0569518285774666	0.03780320536480804	0.002052339023763684	2168.8528032576264	2255	0.00012272392921582534
0.8227273365282516	-0.9098318474004248	1.123884756407137	2.7642535981083984	-0.7801583670035542	0.25065248475626406	0.07286792249431147	0.0783482770133901	0.02248662312037828	0.07192597714258636	0.06459544776044868	0.0019218837241073712	2194.209595423822	2255	0.009550271519992036
0.2636165098274023	-0.29553327637916077	0.9528838982154838	3.0985484871658957	0.8122087505959475	0.24726495285802888	0.03565763555281441	0.04010269743803225	0.022825853685874878	0.057646940906009324	0.3232308378400074	0.00209628777458131	2045.216528992877	2255	0.00011975537277222553
0.7107046754056843	-0.8014119448780005	1.09645541496332	2.8203357790391035	-0.675301990788538	0.2510087085051495	0.06861526439563605	0.07455468332442701	0.02243238680319902	0.0688879890284938	0.08108524642685876	0.002044548435206064	2182.192513088081	2255	0.005554960284251076
0.40067206493712154	-0.4495185111458007	0.9720137355015316	2.8838306859447083	-0.003739149311922749	0.2532856359706559	0.010160009302832557	0.010971100502242974	0.01347908892941348	0.05613186371997345	0.037689508508978106	0.0020910359770826606	2121.2417817353826	2255	0.0001629382912412538
0.4005270622609895	-0.4510833629148217	1.0142192021210952	3.0346345871642995	0.004294578895409183	0.24836063503719163	0.010115285706351422	0.01096269932724535	0.013683119632117876	0.05700090532150428	0.03776962766400141	0.002063101432680287	2056.026889945528	2255	1.6383201084874987e-05
0.2802872746070422	-0.3188227679194178	0.9419158703509054	3.0346855914528144	0.6398969027764945	0.2514087571843989	0.07041161902812597	0.07954407460264222	0.03796099783129664	0.06504324736069264	0.5489998252955682	0.002089223891599978	2105.3152090648896	2255	0.00034064060749574416
0.2773715209045349	-0.3084554521972701	0.9579821193089464	3.053607064844334	0.7201465114417417	0.25273132924375913	0.029528455582071712	0.03350773136301676	0.019653316430020114	0.059042001308073515	0.24486465558383966	0.0020810764087034117	2240.4210282298177	2255	0.00028508851136567075
0.39598091646655253	-0.4514382820502157	0.9962197464062886	2.9733518322705157	0.0006180645945534693	0.24884514058617002	0.010028007200174738	0.010991565266820588	0.013657317569733452	0.0568877574539893	0.037740699181510254	0.002074977098581261	2076.043010323226	2255	2.510319524652259e-05
0.4000076991758552	-0.4500039243463525	1.0055769840287034	3.047122559701616	0.0005405117419775638	0.2508884723867292	0.010120806768124099	0.010955609834891196	0.013704967870269598	0.057352256817302764	0.03782224668417963	0.002073129398234525	2101.331543080668	2255	3.064752771848328e-05
0.4013222503691913	-0.4503366374958491	0.9921631703068425	2.94322876009841	0.0006405334780371966	0.24893633232109827	0.010142359579562419	0.010954590361866398	0.013573103767618907	0.05648629471774643	0.03766762181631116	0.002074190789196825	2213.7220109634045	2255	0.00012102827648002336
0.39750349248058053	-0.4490924276841968	1.0072648056549158	3.0614398206378834	-0.002682963862320066	0.24789666553957754	0.01009381331047297	0.010969592495926472	0.013740685413235693	0.05747533507267856	0.03788753223439941	0.0020696074583073905	2131.8111971830895	2255	0.00011598919017918622
0.40149405460447685	-0.4494546553084913	1.0230695404350556	3.095941032410588	0.001875998116017507	0.25304974233877253	0.010186366171474047	0.01097662490230512	0.013832453786381578	0.057960911769482336	0.0379617628619484	0.002093782511619044	2163.2692836460587	2255	0.0001245278675794471
0.40126759558626796	-0.45159273982519194	1.0202672438500753	3.0474026101924268	0.006626886424284669	0.2517519757758695	0.010134843235031677	0.010975011174724245	0.013676200115685898	0.056860244458178825	0.03781532669457358	0.0020814802489821944	2153.822695876698	2255	0.00015383698054533074
0.26768411652956803	-0.3033933419662659	0.9507722845614448	3.08068010732014	0.7576235930964984	0.24882907980274235	0.056490943492450235	0.06437791034093655	0.03222677455855683	0.057810597577561115	0.4903958233317795	0.0020875649659437934	2138.5140237066626	2255	0.00036159157513917064
0.40043681402409675	-0.4499954103645339	1.0038900067105772	3.005823612657959	0.0007673604703528138	0.25249564000455404	0.010152463220773388	0.010979850512609872	0.013645862353346918	0.056831739445574875	0.037839499531410414	0.0020950049859499967	1979.3690880607244	2255	7.188048906985293e-05
0.2794028157643811	-0.3122529088030037	0.9395071772397343	3.025304139801739	0.6647687471299162	0.24517104461987096	0.0729656510134997	0.08156269120477329	0.03964412638362694	0.06039592611503347	0.5785140894156038	0.0020654483753536085	2070.009879948346	2255	0.0003346231773629618
0.4016912989075234	-0.44974506302260303	0.9845081266337248	2.946887154403447	-0.001330244833678467	0.25096233159437314	0.01015163349563247	0.010941265027186016	0.013548245819965502	0.0565710151722835	0.03767634506729545	0.0020834889025016885	2139.7150654071575	2255	6.771825199641781e-05
0.3988129955088025	-0.4480767157258353	0.9917128442055718	2.990461327529672	-0.005838229664288065	0.24826748280426	0.010139700021469068	0.010963785516510643	0.013655309026162174	0.05702665530488351	0.03782924437867107	0.002089494380968735	2204.2320167193275	2255	3.3768192972678966e-05
0.39979576554100965	-0.45158606293261	1.0209008682685854	3.086918939110188	0.005512470086626741	0.2512675273449872	0.010091260556571868	0.010965987220745948	0.013701975794642388	0.057269148513225	0.037831158783364724	0.002075119912508558	2138.318375227646	2255	7.058245930387194e-05
0.6750749359035958	-0.7666342555322975	1.0880245708473155	2.850354376434042	-0.638176507960117	0.25056113528977314	0.0845943402479596	0.09617311642429739	0.03230196721621386	0.060802487046785016	0.11368133400675706	0.0020799442061315136	2050.2630076006576	2255	0.0027249717942594474
0.39735634171099726	-0.449210107786059	1.0005276946889403	3.0198093164150244	-0.0033451040913831886	0.24694827967664046	0.010088888768444854	0.010971056787598576	0.01374069802315766	0.057479922244741743	0.03782656480954506	0.0020690767162252566	2199.0128489382696	2255	3.13521425271905e-05
0.3994906167131379	-0.4483052014986148	0.9720207081385099	2.8932728168299726	-0.007011330747188094	0.2504903693661081	0.010156187027115588	0.010970289751643846	0.013535747890792316	0.05637275783053976	0.0377285826046744	0.002092454358960692	2224.4449401289125	2255	3.3521907404554786e-06
0.4032669749999617	-0.4483365535683513	1.0094714961205198	3.028283141800437	-0.0007977336408939357	0.2503565388837459	0.010233197283098988	0.010957184155664618	0.013714093353594881	0.057199993416062855	0.037870784667350686	0.0020839840018010243	2061.9510248099846	2255	2.3171091138764794e-05
0.40299363594273246	-0.44903250602132355	1.0122864954773645	3.039144935700205	0.0009595631582049028	0.252191402938649	0.010219514610698095	0.010964792580416894	0.013704059495328045	0.057128416871200315	0.03788659687504283	0.002093611656731095	2089.5026798676877	2255	9.677624132980939e-05
0.4007345201018054	-0.4501134791553053	0.9928772993257581	2.976073649345718	-7.328280523032471e-05	0.251057419678535	0.010134133503434969	0.010954273513867149	0.013587530054978194	0.056681066488049534	0.03772893075503408	0.0020790890619566452	2019.8460524570792	2255	3.561188827893527e-08
0.39786489301258976	-0.4507814100256874	0.9873488996492249	2.9279115897740238	-0.0008766451235483859	0.24462955090146687	0.01005686253265082	0.010961278425355417	0.01355156982373089	0.05636075304573311	0.03761694107439435	0.002054654024217671	2042.1430974645157	2255	0.0001381820881589989
0.401735235794893	-0.44903006970659143	1.020620534912746	3.093034573603624	0.0009149762214127737	0.24561455972135054	0.010163220790024489	0.010935682746688546	0.013720898627301206	0.0573268575215479	0.03784205583011835	0.002054656446172737	2198.8065700855323	2255	3.653132102591214e-07
0.25054200020245343	-0.28355526142383447	0.9515072049885678	3.093522442792572	0.9254206237465593	0.2506434765426179	0.0470596428542887	0.05366524768123303	0.027981358602339013	0.058952744145639786	0.46845062510579855	0.0020677757761757383	2090.2883324106942	2255	0.0004302925126239916
0.4023120744957764	-0.44841437496600256	1.0262166309823584	3.125240059474357	0.0004536700789787626	0.2502980979719876	0.010205946867086141	0.010952472068824609	0.01385585563614313	0.05805507039270458	0.0379682902240418	0.0020866344070027535	2099.292525199396	2255	2.5705432692935916e-05
0.3970458073624087	-0.451774459704528	0.9796964981269937	2.8758730848789966	0.0002088569986757895	0.25240781798107387	0.010064723130719305	0.011012726193135538	0.013526319884553065	0.056120887219325184	0.037677902383629266	0.0020984396261148714	2043.2135574450392	2255	2.1945303779301512e-05
0.3992488952071431	-0.45017433386561356	1.0088417233019966	3.046489154320604	0.0009191408790887607	0.2501286287832474	0.010109191990999442	0.010967354943000631	0.013682495553667105	0.05712915249268829	0.03783690171705868	0.0020752025258604914	2100.2228710762683	2255	4.631786384018327e-05
0.39766070856828034	-0.45152459504111137	0.994300350480032	2.959469635493725	0.0016089512175029876	0.25308887240714745	0.010071910072803598	0.01099826553350063	0.01358979794323552	0.05652986475727376	0.03776364941276295	0.002092764522688447	2117.674114736239	2255	4.745846875757569e-05
0.3998338206580643	-0.45053037973487053	1.0058834641763732	3.02151986771435	0.0017036110549747835	0.2509159627612259	0.010117178296321892	0.010968821099272693	0.013687680219012123	0.05714712459922813	0.03779954367605115	0.0020791071829372246	2131.0044542331716	2255	1.3491904767214032e-08
0.4004266566950401	-0.4498278593258233	0.9956376577753787	2.997223027866144	-0.0006831172356354428	0.24706715279078012	0.010115168324518416	0.010936592907505403	0.013558421548319462	0.056575368379679906	0.0377032804603272	0.0020511225879532233	2075.76433664667	2255	1.8866033341221685e-05
0.4011186980859378	-0.4492887917932109	1.0138816941502191	3.0544596862304156	0.0005284108260768702	0.2496150316476788	0.010167573686113193	0.01096222209865621	0.013708882986645111	0.057191213885808286	0.037868605053047406	0.002079651949626201	2240.306761037603	2255	1.7804476962650827e-05
0.39768447311457616	-0.45022817346891797	0.9944503000809539	2.984700339325746	-0.001448435840701166	0.24808973049668198	0.010073665640278735	0.010970582332529413	0.013612445125785383	0.056790918657088414	0.037751686004582834	0.002064062168213097	2020.041277156409	2255	1.0871147902570453e-05
0.402695690423835	-0.4512118415819572	0.9970797254765308	2.954045030162691	0.004023502213250931	0.24912097243271755	0.010142685623408532	0.010940791421860562	0.01351498951418259	0.05614486546828572	0.03761904259442507	0.0020705601861803007	2073.94129361707	2255	4.136116656333552e-06
0.2566630625731118	-0.2903389159440385	0.9486189576913504	3.092483558145844	0.8615018578846299	0.24385523688285682	0.06671967747029715	0.07549018630780152	0.03711586553909892	0.05758817587428627	0.6281495444758454	0.002036996419640093	2091.0441763385097	2255	0.0003004452584983294
0.4005875263048837	-0.4493731820124833	1.016169546037773	3.0802499486994908	0.0004892052614062668	0.24660979614326348	0.010135396005866515	0.0109428574630618	0.013752401804985489	0.05755749248940214	0.03782980740695076	0.002066323050703418	2167.781339856264	2255	4.65124812162216e-05
0.3994754543778295	-0.4504530077709792	1.0105528755454987	3.018417047891788	0.0018657064670110353	0.24895355446726003	0.010121047852269374	0.010980965701998012	0.01368528961966691	0.05698888925275602	0.03781731721237299	0.0020746966002632766	2104.1331932760554	2255	1.0542180239176149e-05
0.25899285170516767	-0.29743272091672923	0.9392021801967405	3.021706695482004	0.8065450710025351	0.2514969581535121	0.041134376455239076	0.04704435323802091	0.025325534843944338	0.05780911280559992	0.3733036353393358	0.0021812676093194653	2202.0617845385905	2255	0.0006140267248915915
0.2536125451309171	-0.28646280126200796	0.9298908919067558	2.9977245334647624	0.8980095160970067	0.2505391743655955	0.04632083876620785	0.05226534829070333	0.02782623181552758	0.058605821904946315	0.4478695498217231	0.002080439136445235	2110.709999369622	2255	0.0025753832547287673
0.3996693579589188	-0.45013891839121356	0.9998595731771732	3.021142950256995	-4.09609757116323e-05	0.2541525363361182	0.010127393441907693	0.010975167735655652	0.013695712032430573	0.05737775906904481	0.03784699180279594	0.002093923430337065	2088.233705363557	2255	6.035980572120773e-05
0.40024800959256446	-0.4502354669435471	0.9823966728189105	2.9112198342885174	-0.0010094885829109264	0.2521966825874247	0.010138582329715937	0.010975989006580504	0.01354435890581377	0.056287432734874944	0.037704302694152085	0.0020896361215634375	2118.2339133684877	2255	0.00013194257556350996
0.2724919812663334	-0.2985204263396153	0.9640287447448911	3.117432162229132	0.778830647433798	0.249728485511266	0.05179419038445305	0.056684770055481656	0.029287646428597155	0.057449399859783916	0.4434982145934973	0.0020501240915076616	2116.6835565011434	2255	0.0026474514337223674
0.39899103906701605	-0.45029298975698684	1.0069810826833405	3.043633273242711	0.0006769106600726644	0.25150045935741777	0.010106802537547038	0.010973680505779515	0.013718278561582248	0.05740655286968838	0.03784862991961922	0.0020804411090677368	2051.4180152096696	2255	3.924388133567872e-05
0.27207876671906334	-0.306228183659556	0.9615940383499593	3.1201281224228663	0.7441243303570078	0.24968853878508743	0.06911874851219019	0.07781937985508872	0.03881664328035248	0.060518971659466396	0.5815643028519587	0.0020546819702847298	2113.4256154283917	2255	0.0010322357977108879
0.721898002359797	-0.8033414999446842	1.103710813082939	2.822900669394087	-0.6809310922974983	0.24919781258997165	0.07680431737496547	0.08644692187379718	0.025171580040454365	0.07463895537958087	0.09115332923414494	0.0020523553551363783	2092.0459840373283	2255	0.006124822472822394
0.2739218722358717	-0.3102961494478933	0.9530540093024337	3.0409555115878755	0.7156666342345746	0.2488450261316249	0.05280018218698728	0.05968877394648176	0.029971395841100718	0.05669092738272396	0.4360237043202207	0.0021241821331357204	2024.9155353478166	2255	0.0019633408154491813
0.4016455137843414	-0.4505658520135844	1.0055650395229467	2.984291359265955	0.0029228221272115966	0.2531368960106464	0.010173835065409509	0.010984592183667565	0.013635045124661786	0.056677821051149865	0.037807058930564914	0.0020955565932873417	1993.3129387653412	2255	7.792941955841002e-06
0.4000301051355533	-0.45097940672915005	0.9849064958414256	2.936124357056897	0.0006546157226898371	0.2527683264080746	0.01010799250064141	0.010964472202031578	0.01350181441948831	0.0562265647654269	0.037678047189865956	0.0020919354716741195	2074.2792720392845	2255	2.9745276489169665e-06
0.3996569584137022	-0.45116003094247165	0.9815975266978323	2.917648843064873	0.00037679887996727555	0.249449871312894	0.010084560253076361	0.010953270102864308	0.013511169566139047	0.05628662528240753	0.037602030053020444	0.002068686130729746	2119.9171566733185	2255	0.0001289588006357538
0.40359615858436576	-0.44852857787662365	1.0102921847468758	3.0262274386795776	-0.00014584949438385138	0.24934871034204917	0.010230005217617815	0.010950194038942374	0.01369293650639071	0.05708911553807366	0.03783773842454821	0.0020785598366723354	2105.6935780609288	2255	4.454689869970256e-06
0.4043631333981676	-0.4483079614159986	0.9897136047627346	2.9559898126165787	-0.002425819169906694	0.2485777781651355	0.010230798403820953	0.010926266514737788	0.013540750695122285	0.056425627905075416	0.037703132303115644	0.002070625291865652	2129.0440169128233	2255	5.3029728055018356e-05
0.4008377927989473	-0.44953483045386905	0.9988110835975367	2.9957536271159966	-0.000720671403227421	0.2527898695597013	0.010165741804196911	0.010972810257883473	0.013681323831468403	0.05714932483616708	0.03782808536788494	0.002091664232490398	2101.8976128379963	2255	9.323113245724171e-06
0.3990697023600256	-0.45097824972321826	0.990066714309916	2.960221000925488	0.000611239070543456	0.24946194183048095	0.010079339473785176	0.010958442160196398	0.01355609389665342	0.0564974909765951	0.037674516149151335	0.0020664253886770083	2060.785391036277	2255	1.5200414356127258e-06
0.39652423475460186	-0.4513128731605506	0.9842282297013767	2.922150325718044	-0.0006450325034510938	0.2504617159681662	0.010044576238531819	0.010993681456399307	0.013578522422947449	0.05649676414544226	0.03769749434106081	0.0020789167644144073	2012.7779250832302	2255	2.6322772017782466e-06
0.40301499684932707	-0.4492317100926271	0.9936994043704156	2.9499472707771934	-0.0006319899915346904	0.25039225574160395	0.010206100667217664	0.010955430825223341	0.01355704485214683	0.05636759763771484	0.037734085514824066	0.0020830869701795943	2110.7531475215415	2255	2.1932097210650173e-05
0.7441198905006442	-0.8408614936784525	1.1117439291351168	2.8049947152172288	-0.7177867053584088	0.24636469066659905	0.0631080225549622	0.07113175191230485	0.025815156829168184	0.05338683339547473	0.06750659740719371	0.0020579963481233256	2162.8766849839394	2255	0.010357893901384106
0.3987717806448596	-0.4493943229827403	0.9946781053593602	3.0039331376475014	-0.0026693094045856184	0.2507487077887337	0.010113827562632995	0.010966259310641093	0.013668273765731098	0.05716905907429464	0.03781286616399417	0.0020817109332719875	2137.2681299172073	2255	5.409851900122343e-07
0.40421130478941464	-0.44941751952991027	1.004522258419498	3.0062040877711196	0.0016157646849859488	0.24923635213297127	0.010207212925104021	0.010929799253436488	0.013621475786903217	0.05677911742092626	0.03773118471450456	0.002070223220543871	2217.2601493478987	2255	7.094075147022543e-08
0.39800601644159056	-0.44953493980849235	0.9983640816968005	3.033621491284821	-0.002434822922048684	0.2479257933676506	0.010080787437627161	0.010952835387241412	0.013653658711869587	0.057144127485265934	0.03779764463719585	0.002066766300578467	2084.804550392615	2255	7.149630921730867e-06
0.40369190117662596	-0.4492125297542482	1.0138406370347675	3.0359191892497015	0.001992302696108119	0.25078149931078847	0.0102206978085282	0.010953123764334625	0.013689547864687332	0.05699389435729027	0.03783965271365904	0.0020906437218184207	1964.543447430669	2255	0.00017967004442865693
0.6721257107779405	-0.7560753369917962	1.089493752939312	2.8516252811945306	-0.6235158438432769	0.2503374910764071	0.0787957423784956	0.08625736879222987	0.02741523374370946	0.07144603857769156	0.10325494666346396	0.002042866354097644	2147.371369689349	2255	0.001447996654776981
0.4005241813377942	-0.448542615895256	1.0032304382315915	3.0145870134335624	-0.0026257960035377006	0.24694022178551872	0.010163241926042383	0.010956677443495468	0.013725180247010938	0.057314147748719436	0.03781992390545371	0.002073508323629985	2087.0412979683347	2255	4.3332618109893477e-07
0.3947754805244952	-0.45202754026034775	0.9940122314025714	2.9581247464320852	0.001052458756281665	0.24845513909012196	0.009995038099007602	0.010999260127826632	0.013632387241434209	0.05671031452523221	0.03771292306831693	0.0020723330394863365	2115.0259050173163	2255	4.060727264066002e-05
0.26578695248641127	-0.3006720856458478	0.959497615770162	3.0919805780234553	0.7908812364848761	0.24722168684769236	0.04485824569971853	0.050606595551792304	0.0270247548001194	0.06055783671008989	0.3980392229363866	0.002041713657660175	2129.0417942549507	2255	0.0007190205308936319
0.39709446886192906	-0.45075804679926945	0.9894040159703862	2.9598535434361306	-0.0009443980319529825	0.24733405470472594	0.01004524368627916	0.010966703380442946	0.013558573975153069	0.056420127724834755	0.03768755463689691	0.0020630841263071043	1951.2163488581052	2255	0.00014304213525331703
0.4010167480300598	-0.4515811851904635	1.020993803396153	3.045467334320759	0.006541456216582406	0.25178302083388154	0.010133666610465974	0.01098118841555113	0.013668484826992835	0.05680228027830893	0.037826411137941794	0.002083185067715149	2105.524063082452	2255	0.0001492436141933841
0.3973561595549101	-0.4504480057736102	1.0026517615885093	3.0198630381324016	-0.00012931016009830567	0.24981774657602335	0.010071318227471584	0.010980443841491534	0.013691076051428818	0.05714650853078898	0.03781931161432077	0.0020828387278162786	2179.6210756997916	2255	0.00013310990976236417
0.4016297527115233	-0.44815497820365824	1.0069999347502814	3.0606488532827214	-0.00242992898706532	0.2483856985689999	0.010180751842651898	0.010937302360326175	0.013685165777286004	0.05722905392544722	0.0378578300017187	0.0020710024903679547	2002.8317991567646	2255	0.00013192283983276383
0.3953224429555055	-0.45172566615564463	0.9919331170393632	2.973220778733427	0.0004227746895312972	0.2508937174160917	0.01000960033269087	0.01099489726520541	0.01363115015745087	0.05684795784863463	0.03774945893143878	0.0020785414426754195	2047.1063516160964	2255	6.165798809412561e-05
0.6898970488896246	-0.7738836486181553	1.0809854285464329	2.7649814163719264	-0.6403135380152781	0.2534680246908796	0.07497603792332326	0.08483972443516782	0.025629801458605092	0.07024259905153006	0.0979209620582348	0.001912239989983271	2124.779901188084	2255	0.00568582252088656
0.3939036024007247	-0.4523223017301128	0.9971612067284057	2.9956447077860346	0.0015061696866737037	0.2505846663723119	0.009972649106007493	0.01100382183613804	0.013666917719909329	0.05701674667291789	0.03777139007835794	0.0020742167940359314	2101.26878837858	2255	8.078417249764418e-05
0.40000069774433517	-0.4502788596863194	0.9821178675518394	2.9116101123266698	-0.001138972870952137	0.25285572372978393	0.0101357755231543	0.010979702647313183	0.013525191254147776	0.05622515160911248	0.03771302319331345	0.0020954827469755605	2071.1608489857235	2255	3.0349854592780463e-05
0.3978670559685698	-0.45182434130379	1.010769630089811	3.030081342791606	0.003956369970460576	0.24962294541041907	0.010054043654555315	0.01097978395373546	0.013702003612142527	0.05717265618181288	0.037772792340956214	0.0020727859033015847	2166.396266228168	2255	2.0310397398746916e-05
0.2590595118897421	-0.29035849318434787	0.9339091089221631	2.9925599514384777	0.8543481627633761	0.2518975391251076	0.05242630708376361	0.058685202734582144	0.029305348630661886	0.06062127307260213	0.48743051926817527	0.0020996749250053403	2163.4781681601876	2255	0.0013841659486374476
0.40106304813652693	-0.44932887421288237	0.9936398990157578	2.9875492269007955	-0.0016997847976840204	0.24973476963062097	0.010150966031154248	0.010946810505009456	0.013616339664789824	0.05689314369289181	0.037747604574578604	0.0020722245572695978	2067.371872371376	2255	9.546661815402349e-05
0.39914151154753436	-0.4501017859951252	0.988984280213169	2.96002464553696	-0.0015085624874406948	0.2483482432897197	0.010098058740432916	0.010956320656868744	0.013572184212121273	0.0566100902325486	0.03769528671703478	0.0020708146912563107	2136.1887560581636	2255	6.673444746412036e-05
0.4021275351549354	-0.44835858329218564	0.997755396296821	2.980416039354738	-0.0027057648577344844	0.2509940506331076	0.010215635457599096	0.010967206558867987	0.013636487588160601	0.05681025568974884	0.037834976552545634	0.0020921052544938313	2072.6564855523293	2255	1.6439342171100467e-05
0.7076390546746723	-0.790353119116778	1.0993273364224907	2.8147004301046117	-0.6601875865576706	0.25267272250792494	0.05681877931734788	0.06324370196170023	0.018572002980746318	0.07301707631446162	0.0685948775925025	0.00209314208313283	2111.737109458247	2255	0.013322934590376511
0.3967529660433518	-0.45150953732638616	0.9959676464510296	2.9797378016546188	0.0010755983975940444	0.24614066893682976	0.010019758836235458	0.010964410003538594	0.01358909264756089	0.05662650917928991	0.03766690372358053	0.00205772776412973	2170.195856950523	2255	1.1367111325661619e-05
0.262306508429147	-0.29935590524305744	0.9394890169866494	3.01236801542534	0.8093001873531448	0.2529409475313745	0.06160275174671753	0.07047288398831815	0.03308276924648736	0.05838701425728845	0.5554892617186891	0.002071750829049055	2137.787435561955	2255	0.0004436774426720004
0.40154655868497996	-0.449183048227636	0.9928893106516623	2.956388897859151	-0.00156417667909688	0.24985376249687796	0.010179418494321801	0.010962769795382018	0.013593124594879737	0.05653338148969222	0.037760053197019194	0.0020769384078017667	2165.1718409127616	2255	4.428685046340523e-05
0.3990142297782955	-0.45055677279981443	1.0042748282495704	3.026256167298101	0.000982833658189351	0.2506115891148161	0.010097756077055575	0.01096822963015861	0.013670016510749285	0.057146815351665166	0.03779785571451743	0.002077535286518554	2101.271664868936	2255	9.287113465204633e-05
0.4022644831642962	-0.4483510678577854	0.98921207510841	2.932655404693139	-0.0034483762116277726	0.24808152958684365	0.010206795361650839	0.010955699484490263	0.01358905038407091	0.056482589802153836	0.03773357393984276	0.0020786869958826465	2193.5635417715566	2255	2.0063414325534857e-06
0.780974871707016	-0.8833579019713517	1.099810179944408	2.705285437424886	-0.7545607736777971	0.24597869916309248	0.07085962040876333	0.07973901244188152	0.022801661472509924	0.07376095281078024	0.06986769414660009	0.002074375479041148	2138.1095538223076	2255	0.04044981171108742
0.7879730107602925	-0.8838902706104692	1.1137953956619842	2.78685826434774	-0.7570874139482264	0.25249256820348764	0.09093232801721648	0.10163490648236459	0.027272331897596425	0.0844035763020712	0.08879717149929132	0.002097631699404447	2070.732706977797	2255	0.008159565251472841
0.3959298085226717	-0.4499057067674548	0.9964296668464723	3.0321488634034828	-0.0029957097352821095	0.2481494410636059	0.010036296069601297	0.010966145869696934	0.013687365314442392	0.05733742035559446	0.03780922080577161	0.0020677594259583543	1981.841067877657	2255	1.2978583114855116e-05
0.4025151384417749	-0.45025748036318125	0.9947964200344036	2.9865005668402866	0.0014018777229222346	0.2517614452232492	0.010156997711013966	0.010937693168638308	0.013536165938706527	0.056487837401255805	0.03770368679463735	0.00207848575750584	2071.4151622259105	2255	2.5820973426394477e-05
0.4027464855629264	-0.4483571921140362	1.004839172647572	3.0224047492195187	-0.0016466737181578402	0.2524750297652667	0.01022712468046595	0.010964209257976578	0.013740181481944697	0.05745883318066268	0.03788942425486721	0.002093172312244862	2076.152499920533	2255	1.0862726312555393e-05
0.4000721632657594	-0.4505588664157741	0.9910647892037462	2.9551393399692394	0.0003552865951688343	0.2520048346408582	0.01012334965979097	0.010970247572688063	0.013581388246329346	0.05659462133344193	0.0377272917147987	0.002087379451535234	2209.0256589302044	2255	1.140612431917699e-05
0.4017208671911695	-0.44884895912444317	0.9931978267332898	2.9522571649154425	-0.0022307996620967497	0.24864649095269836	0.010188837794961082	0.010961001189957555	0.013609157908075055	0.05661069004245377	0.037755026347121974	0.002074536913192848	2121.5804429714053	2255	1.3199416741729375e-06
0.400252702433828	-0.4490093583271355	1.0156205269173704	3.0767908228444667	-0.00045594229668116047	0.24768007837848457	0.010146797237147972	0.010955222504354507	0.013731262924235791	0.05736890112614619	0.03787693172263536	0.0020740375128973807	2127.9179587784865	2255	1.6871105713544213e-05
0.4007336016198975	-0.4504614911484431	1.0070509483297398	3.0106851785698794	0.0023615485784739864	0.24975236159169614	0.010135603674765207	0.010964850864270459	0.01364640722033837	0.056788845665884935	0.03777790059876045	0.002075597983879449	1969.7968278434582	2255	0.00012396879916915375
0.3990731320266959	-0.4516286976566287	0.9967191463687559	2.94527354297091	0.002813284550162981	0.24920092916440492	0.010087122202561468	0.010981764143072925	0.013608963924642253	0.056568922236067826	0.03768255611347837	0.0020790235190714696	2050.8210096536877	2255	4.632895080114975e-05
0.27276039282306597	-0.30628326449244453	0.9563453136856204	3.067030535781989	0.7373464380726585	0.24960297472427576	0.052838450990137995	0.05947138763858013	0.030414425184689318	0.06062991997947421	0.4445210980086716	0.0020369358605541333	2103.2357374369294	2255	0.0012510011186716052
0.4035958032037992	-0.44794310310413804	0.9951202244497402	2.9445809970829986	-0.0031007817232311316	0.25076370114817476	0.010262283417936039	0.010971702093485733	0.013625941851710253	0.05665813964719099	0.037818885171331675	0.0020920621143781476	2131.6080779155877	2255	0.00016011842864922086
0.26649431488424896	-0.29481587106226537	0.9664889788696974	3.1593693750868836	0.8150141689717941	0.2513578785885225	0.06376204952473168	0.07076206407498407	0.03427557681072454	0.05995246152097618	0.5685065260195428	0.0020866972815682377	2168.002488846863	2255	0.0004502238611031506
0.40113053006998567	-0.44943383577625773	1.0045068993854798	3.0208869072723252	-2.5637205184046286e-05	0.24886575733989486	0.010152577949397081	0.010949303356329572	0.013605439545078396	0.05666195444497607	0.03778843048992543	0.002079840237293119	2058.187492332131	2255	0.00013369784053484873
0.4016977948459839	-0.44932891218392557	1.0213430280729783	3.104016491055943	0.0016767364136035844	0.25043320130204255	0.010171558959778013	0.010952626854607139	0.013771635810384576	0.057643279559823804	0.03790960260675568	0.0020764949029528864	2060.2747271524645	2255	4.1700165136545894e-05
0.6512242811329028	-0.7305175046175569	1.0921556273531774	2.891893694814647	-0.5941493462402353	0.24933596487672222	0.07719433723890973	0.08668944364115783	0.027561335023327135	0.0708343327469183	0.11277496601191499	0.0021824613901223907	2139.2852643413435	2255	0.004064861786699275
0.3978666214597296	-0.45117828538338856	1.001432391094263	2.997663981675297	0.0019445445461298068	0.2497238380146988	0.010064984839163151	0.01097764575554961	0.013639414643912972	0.05684038986812105	0.03776168643213064	0.0020763524246889967	1947.1803473585487	2255	1.934948548379801e-05
0.7617532999061881	-0.8540632760196656	1.1147770041546416	2.793912643380143	-0.7282270868274711	0.24620621626541048	0.07550194833271782	0.08500242878568662	0.02399697736928552	0.0756171606767985	0.08001869166933544	0.002214694115681752	2091.5283268303037	2255	0.052019050798221854
0.2579468282336848	-0.28757388499039793	0.9399104140418212	3.0689856070878196	0.8797748496713982	0.2520963024487115	0.08353753007099053	0.09314534022474977	0.04536241534561215	0.056934767468579256	0.7907605835769678	0.002063879475296748	2055.1385529744575	2255	0.00013652258516718893
0.39893886462362	-0.4511203058582987	0.994059278180727	2.9444275188463256	0.0013497774098344929	0.25276049616777996	0.010108272810124944	0.010996067749979419	0.013583748548762311	0.056456334025020274	0.03775402367499411	0.002095177997959549	2105.5514313820786	2255	2.991118318957313e-06
0.40170029541429825	-0.4504564550653248	1.0100180106299965	3.053655510314742	0.00302741859455359	0.25479241219196647	0.010158981983505065	0.010963426718153223	0.013698692274400182	0.05728864171955036	0.03785612030219476	0.0020878726209477986	2100.754903212556	2255	9.648441832894688e-06
0.3965818072499723	-0.4515949273727382	0.9794750089104433	2.909923910892346	-0.0005385020150467674	0.25102006631612245	0.01003565672654543	0.010987688835968479	0.013507906555445637	0.05620799216407403	0.037660778893713706	0.0020820274375086653	2079.6206819945583	2255	4.4630312125430485e-06
0.4016368374061015	-0.44893985482957166	0.9997144248363795	3.0002673311826924	-0.0014602129771557875	0.25162144672683023	0.010187609686368457	0.01096326255569334	0.013688764124795996	0.05715825994807417	0.03783000914246419	0.0020904081318834852	2071.7361653672633	2255	1.7672944728382454e-05
0.4010816049224923	-0.45010080578710593	0.9984614648966199	2.967193326605767	0.0008075785874044925	0.24996757590823115	0.010154103333120805	0.010967904008251166	0.013574305026584273	0.05639611131597764	0.03774702520644362	0.002082931924447187	2237.615394916391	2255	1.7430318125140452e-05
0.4029093376010539	-0.4481545220235015	1.0166476505004576	3.06104134343964	-0.0006656232554543247	0.24971431395167862	0.010230144384475556	0.010958191907386642	0.013747655566092082	0.05735264146337762	0.03791528422889099	0.0020864175909214495	2145.695400167365	2255	4.738294134439791e-05
0.26405835507549913	-0.29672145589562815	0.9313791533709731	2.9491163634986526	0.8096172181449671	0.2497912665300007	0.03481112753051171	0.03917017015587208	0.021682278536303706	0.058186941348920634	0.31475393410550684	0.0020656119561725116	2126.050449773744	2255	0.0006398881673599744
0.2654760490300537	-0.2972065091842482	0.9527917322226402	3.090240929676849	0.8066957823225158	0.24895904931955876	0.05964525922482221	0.06668621191527908	0.033664291601277686	0.0573972415630487	0.5300988996568502	0.0020580597549196703	2100.579948348588	2255	0.0004311533203557698
0.3992029649059329	-0.45065937134424183	1.0132367356392564	3.0518483634710796	0.0024949644714914675	0.250474922666216	0.010105756865869798	0.010975505966986737	0.01373375650832814	0.057332780878693264	0.03784636512253858	0.0020779147492104868	2134.1568617913445	2255	9.592784784595927e-05
0.39782663415740877	-0.4499879456179978	1.0029585266763228	3.0363228642211686	-0.0009210246269590586	0.2516394245515779	0.010092719803754958	0.010980660132165178	0.013696879990392685	0.05725554603540676	0.03787001846074683	0.0020821470776430945	2124.6833206383926	2255	9.593116277702515e-05
0.7084895213946154	-0.795471865327426	1.1222944472782355	2.9419630626737745	-0.6698015718629167	0.24702142409212596	0.09181950313080135	0.10261154072064632	0.02986873727282546	0.07924332753618855	0.11369028372482352	0.0020477706836688685	2119.371297556447	2255	0.007099541999906542
0.2535825151449093	-0.2891815181105595	0.9392156681659245	3.0471106360079614	0.8710762587548654	0.24848061722167503	0.0499957215543445	0.056823831107448736	0.02963517352278272	0.05841240927238932	0.4761745743347787	0.0022073913889504794	2118.8001172165486	2255	0.0011659011396998836
0.40061763554329527	-0.44931636771309025	1.003183564148527	2.9966496260154956	-0.0008534640594110571	0.25051692540497283	0.010169377275007205	0.010978351166291818	0.013707996056181422	0.05715587883364504	0.03783830951927381	0.0020842830263285163	2063.017818040911	2255	1.806926488141131e-05
0.39985376991832866	-0.4504200651988762	0.991356030498053	2.9444352031733603	4.850685520654334e-05	0.2462688281227458	0.010102177637994711	0.010951400087273466	0.013552893999218689	0.056329547149990875	0.0376425519431046	0.002064791680967033	1955.8067527235562	2255	8.537424711932393e-06
0.40487171294854785	-0.4475151006936055	1.0023618669665717	3.0250827964234905	-0.0026883007157952957	0.24685774006254743	0.010246253591339415	0.010912287286070382	0.01360726897367056	0.056839427429669694	0.03777620916122029	0.00205873773842509	2113.9563528581307	2255	0.00013190220613435504
0.40241672565373526	-0.44890931383911875	1.000892008381088	3.0013860412152	-0.0006054428360919884	0.24894508229863097	0.010185434030891234	0.010940925233974545	0.013616256019292753	0.05674644186158956	0.037770808848563486	0.002078409502329845	2056.6155220231694	2255	1.93097102155191e-05
0.40286602771143604	-0.44842912054243966	1.0071364117619979	3.0428186714117245	-0.001237703984597686	0.2498125724123986	0.010207088542945393	0.010940714252189912	0.013698319904592098	0.05729268609931778	0.03783961245793429	0.002076205120786612	2184.0429174347646	2255	6.0815778074779214e-05
0.39655889760780105	-0.45175425566617544	0.9798808451671381	2.8941409164844183	-3.888191270914608e-05	0.25210253853270626	0.01004648122696767	0.011004847441585527	0.01353027574888302	0.05618632752369569	0.03768354837653038	0.002083459401085181	2051.903481059553	2255	9.041839450961249e-05
0.2759250385182595	-0.30969002191989076	0.9362318506164826	2.98377339805381	0.7091125052661488	0.25532440939972056	0.05885185992361353	0.06629581727925216	0.03288785348970567	0.05668793568293927	0.48320362029163716	0.002051276591809275	2143.7093543520427	2255	0.00016008469663405115
0.3972118431375249	-0.4519611645188854	0.9949972408875233	2.977705841973469	0.0023629157013035085	0.25066287722642944	0.010035109552191583	0.010978662436494818	0.01360326568497563	0.056682614639802655	0.03771053780040479	0.0020711515311468004	2127.2578129718886	2255	8.834180822573486e-05
0.40107850486510555	-0.44944809507519035	0.9978726739437015	2.959422007677457	-0.0007845940176118867	0.25135223156506126	0.010183743386674418	0.010984681784845301	0.01363283712977636	0.05668721191204523	0.03780803186927727	0.0020970727678862136	2097.920832870014	2255	8.400092397465009e-06
0.3992972757442197	-0.45208003466696767	1.0000325824797325	2.972254821189439	0.00433717089630045	0.2525484722667735	0.01008583869100025	0.010983744342254322	0.013598987637578632	0.05659798974634983	0.037722836762402144	0.0020845823048103317	2102.0540333246918	2255	1.4544960220155528e-06
0.6554677411739591	-0.7319416921986268	1.0895476847970211	2.914913774248441	-0.5998944695352325	0.25080517461380913	0.08061767474290127	0.08959290170630704	0.02858756894883745	0.0753210075792198	0.11437487980255963	0.0020911408802202036	2051.8383414081404	2255	0.0022636839422931904
0.3999874640980141	-0.4503020943845176	1.0007319784958335	3.0058237930941285	0.0007079549148019443	0.24840627173192062	0.010111055510644496	0.010953040822039059	0.013632097952465	0.05688237479566072	0.03773989081976803	0.002065582936303185	2056.916171529883	2255	5.9664541545426964e-06
0.39510431353205255	-0.45296338886302173	0.9986578309682669	2.972401709904376	0.003752325382195624	0.25117308856581344	0.009989516946031245	0.011006574997512786	0.01364762297543261	0.05684920706389997	0.03772454445095065	0.002084448793982355	2012.6146532268701	2255	1.0652400337143668e-05
0.2771174179190598	-0.3117513470338716	0.9329951780712842	2.947145221034248	0.6932849457251373	0.24888414403246997	0.0722455423156536	0.0815391829311887	0.03895744837382341	0.05776042718854494	0.5864281050956367	0.001982326373036071	2154.2477489946177	2255	0.0002240443363730259
0.4028868567793986	-0.4503462825921445	0.9903131766961193	2.9451147704291936	0.001483987119966019	0.2515244965797381	0.010170685845639696	0.01094508679303019	0.013531250493866456	0.056312424723147125	0.0376675228929825	0.00208367354224702	2030.6983215001253	2255	2.488634875105113e-06
0.2737180093952555	-0.3063870256683096	0.9458041917276429	3.044902434059372	0.7272027524916059	0.24988230632930153	0.06170687666022915	0.06944624700072782	0.03302791964928472	0.05856059752553541	0.5173404252528894	0.002057603074661138	2077.543764397738	2255	0.0001688044426322169
0.39516194924571335	-0.4522621918840732	0.9829231678034686	2.915648016535673	0.00062507547895944	0.2496336315435318	0.00999343211851192	0.010993441723847369	0.013584845871689687	0.05651367554981282	0.037644490306431244	0.0020744397702628058	2061.857009768294	2255	4.53063912907173e-05
0.3997818055924543	-0.44976126392694654	0.9907470567845099	2.9786390665635576	-0.0017174902148380385	0.2509856762903479	0.010122371396633295	0.010958974084492586	0.013580684781521614	0.05670481053270591	0.03775350783857716	0.002082936472618304	2066.4190642153235	2255	2.547484253852372e-05
0.8435886424253677	-0.9497134933181011	1.108056317913385	2.652047298120049	-0.8066913185409862	0.24610446273995373	0.06620657510410595	0.07533857331509299	0.02018791056885841	0.07208733740514382	0.05662111299004517	0.002041897240046947	2289.672185406851	2255	0.05065577227781322
0.39579602743042447	-0.4515021694023725	0.9849219828994312	2.9581493629207865	-0.0005916499211480125	0.24911510246883492	0.010002802324359943	0.010969302773891514	0.013580827721873582	0.05667653833915963	0.03766913741106734	0.0020724184273643014	2179.1830964010333	2255	3.830100334108945e-05
0.6989395658918074	-0.7617758148976548	1.1062810721047645	2.885892119526437	-0.6404554989916827	0.24816757327767663	0.08531440728825739	0.09190311494438701	0.028047299849690923	0.07158647474917658	0.10873471373478459	0.002072279675596179	2047.0712515716866	2255	0.006784296956466053
0.26399692018909016	-0.2981703598526963	0.9280631015152578	2.984938027366827	0.7906119132400828	0.24980546536775544	0.0695210863184173	0.07810652580641297	0.03121845297782442	0.05979822201183057	0.6166419050830013	0.0020719794044055254	2109.645507807538	2255	0.00035345448818950543
0.40354347210138974	-0.448356746361395	1.0117077393241958	3.0532777770859947	-0.0003721603685708476	0.2490776161555957	0.010222428655159528	0.010939365861993098	0.013716055930238131	0.057292190393241	0.03785305461446843	0.002071480922996218	2051.649627242552	2255	5.3814879205733516e-05
0.39625401246860725	-0.45042141032344907	1.0027491787276859	3.0202684215496802	-0.0008603798042172081	0.2509385920718962	0.010063749234044713	0.010999692851070646	0.0137481199365901	0.05745139524897035	0.0378712533182297	0.0020826127578814154	2096.8624671891093	2255	4.961333172600957e-05
0.3981244447402075	-0.4530769039838893	0.9981567695384028	2.9588295171430308	0.005702847152854671	0.2533393259883008	0.010046955162757871	0.010994329848039726	0.013560949138998817	0.05638310516349398	0.03769486936869182	0.0020851528342254308	2125.5622129348344	2255	1.5249385940749042e-06
0.40061186140476285	-0.4511131190709405	0.9949087914353841	2.94778536428924	0.002534324851409941	0.24945743208299181	0.010117021679608823	0.010962975135432118	0.01349882799842089	0.05599036984771587	0.037669475432218	0.0020728950844986233	2198.719258930226	2255	0.00014429088214308272
0.3958076839576084	-0.45182120664139175	0.9929729634770175	2.978375923500839	0.0009318203719914763	0.249765363255099	0.01000560625562626	0.010979412757657842	0.013614464162660805	0.0568163140039609	0.03770491148376189	0.0020825282676719186	2156.163309890626	2255	2.5646087840808905e-06
0.40396078310246997	-0.44938880310376295	1.0176406670112155	3.074021808780668	0.0027003273716776515	0.2565159849978654	0.010237564413113567	0.010967166736475667	0.013785241681896616	0.05771719216717016	0.03794230346543261	0.00210680070273675	2160.7281992159415	2255	5.102995273726794e-06
0.3962841345303035	-0.45073664394875246	0.9743658121052421	2.8849481097402747	-0.003216314649065309	0.2491655257433209	0.010047001211437753	0.01098919668798449	0.013543231376951828	0.056353373716648156	0.03765358141953076	0.002077852797376897	2151.698029230555	2255	5.008844523763011e-05
0.7699414468870388	-0.8575184955831041	1.125177767364231	2.841793706357988	-0.733029998711994	0.2502080137693974	0.08978827737527509	0.09944030588331919	0.028541183825547482	0.07688342585392016	0.09359632158585107	0.0020984664460815105	2188.1119563963466	2255	0.008249302886467998
0.3967464520789313	-0.4514196034769025	0.9881285723345529	2.955489997205094	0.0001955525796482285	0.2496251449841426	0.010032672889333037	0.01097631669475823	0.013551536064367322	0.056421673713968945	0.03769248752647964	0.0020699316236536167	2223.0900941615973	2255	0.00011799983705020415
0.4011262110310759	-0.45080856566338995	1.0080817411834166	3.0208251687208927	0.0034790203765685188	0.2502800526200738	0.010129947149183737	0.010955800483007396	0.013642880713109363	0.05683744802015297	0.037758273775619446	0.00207880837181614	2186.7789105549346	2255	0.00017597596590712437
0.3980054664684202	-0.44957860892174834	0.9844057668398881	2.931428477514696	-0.0036690470195929964	0.2494124216824021	0.010105351492657243	0.010981928254737193	0.013633847776502573	0.05680814647621145	0.03774479320278217	0.002081309626975865	2003.5264015961236	2255	8.724034725835391e-07
0.6779108907204306	-0.7570925107219344	1.0954721127322753	2.8747773869158313	-0.6272361220624154	0.24782941453135282	0.08786283518045927	0.09809620293168192	0.02946542055293113	0.07450466150765366	0.11840491144231924	0.002044184126734138	2147.510754201055	2255	0.00131203690659888
0.40232089413400807	-0.4500668540603184	1.0035964499383472	2.9947411087417812	0.002003661978114232	0.25382937991566396	0.010188420456235919	0.010972021526289025	0.013611406669648619	0.05664551133851981	0.0378158711700881	0.0021017575274322295	2230.531918354667	2255	6.84616148955916e-05
0.6398339297419592	-0.7237956928045358	1.070319822482852	2.8289133755865326	-0.5861865041967815	0.24834587305851136	0.09068964903100646	0.1015909702751043	0.03152297300536088	0.07306096787184621	0.1347802291313679	0.0020772675290481797	2001.1187631245853	2255	0.0084906332766053
0.40108770281225054	-0.44932233099642976	0.9875598626866244	2.9439502520202367	-0.00225809734363493	0.24697072266469028	0.010146260439292521	0.010941904093858517	0.01356566576067306	0.05651491112116561	0.037667851889985234	0.002069570082120615	2199.5712038577494	2255	5.5880614625457565e-05
0.27221395924801906	-0.30748393356018494	0.94431203795726	3.048005632192003	0.7246935240912252	0.24943531980254025	0.05419895371561702	0.06112115651729098	0.030593270228909054	0.05702807410605251	0.4540815102511605	0.002058961823635386	2148.6831247244454	2255	0.000985691628564404
0.39751697491834015	-0.45032679201249426	0.9916276467185889	2.9729473991837088	-0.0017263902461478174	0.24724021642777833	0.010063647926803032	0.01096544577199194	0.013613241659125678	0.056836092499876055	0.03771325247880024	0.0020644269713653795	2109.27373731236	2255	0.00016226829630835608
0.39781440362761117	-0.4498158170238234	1.0093350797327976	3.0420905181089193	-0.0006560027614131703	0.24735993437420095	0.010090821585806525	0.010975453477736525	0.013755460205069521	0.05744389016274558	0.03784613335543915	0.0020704396958992253	2084.092302135975	2255	2.5902992603327278e-05
0.4028219828100115	-0.44759993592775704	1.018873536525243	3.0971227897596965	-0.001913999998967023	0.2497094059555465	0.010232648239415611	0.010950191830372836	0.013785933545511846	0.05772563527495219	0.03796138970065472	0.002079958769033159	2161.1723831976806	2255	1.124302200787773e-05
0.676748653617282	-0.7634313199978964	1.0910660751349686	2.8602327553844806	-0.6327243321034277	0.2518353024423461	0.11463599999114353	0.12882520146694384	0.0369003652447211	0.08508145916203762	0.15370974127850404	0.0020620395176275583	2057.1540274478775	2255	0.0026718106457153216
0.3987624598705177	-0.4499479938356429	1.0264275854788962	3.126230223049539	0.0018566464433468154	0.25335036987703285	0.010127623132723649	0.010992606312543193	0.01384888597530938	0.05803010315020602	0.03801582517783957	0.0020965741180708364	2183.112257912054	2255	8.640236352031512e-06
0.3984837711233468	-0.4488890008066583	1.002229680459425	3.0220431215729584	-0.003017823639111735	0.2507163145766367	0.010133948513835688	0.010984717042071764	0.013732336056261712	0.057334532264234364	0.03790094214238306	0.0020919582969453174	2107.867550072828	2255	0.00015355475553961308
0.3975939491912722	-0.45182732128789244	1.0007724661082393	3.0010540388089515	0.00293454187596693	0.25222001480024764	0.01005173898636962	0.010984233553304558	0.01364221979944878	0.05691639675543441	0.03776594460811476	0.0020801884485167183	2093.7458444900276	2255	2.989846274923038e-06
0.7088488322594572	-0.7976271026503645	1.109342218626737	2.8848345760263143	-0.6726725844882327	0.25087809472344547	0.11907344628489949	0.1322019813664954	0.03810697418896455	0.08588561679222645	0.14384865695230437	0.002077255164968337	2182.2650934122676	2255	0.0017227098108903304
0.400377540549029	-0.4507089138598835	0.988981058526686	2.919865329517033	0.0006947652136833533	0.25208493822065164	0.010137698242307997	0.01098231937479099	0.013560572542799054	0.05635215607948324	0.03770467159822427	0.002097148440965664	2092.5355287443826	2255	2.8267979967788773e-05
0.3999310462848349	-0.45171891463861585	0.9988073087000877	3.0049403164122612	0.0036506485823457535	0.2554706216170318	0.010094793090133967	0.010967800620853339	0.013622371176048444	0.05696819165951173	0.037753980812258364	0.0020991848241885508	2107.5023318321046	2255	0.00015011278506717356
0.3987591941301094	-0.45067828993020387	0.9954176757229731	2.9951377667060224	0.00015937210679737129	0.25086247551492014	0.01008457322124464	0.010964216812463205	0.013656956037291302	0.057137762537662486	0.03774535127632794	0.0020758064945958225	1986.933385818441	2255	0.00013556891917586414
0.2622632407979065	-0.29500917306785573	0.9546074233576947	3.108980593042979	0.8296369222493098	0.25296709363095665	0.05777031378855146	0.06487923524393595	0.03273914889182325	0.057599449791565865	0.523820561267635	0.002104047543845991	2001.9001851346143	2255	0.0006452429805321154
0.39795473377463303	-0.4499425292925594	0.9969743705860205	2.9973286949671394	-0.001630523748132435	0.2513634424806523	0.01009951367177587	0.010983845272514387	0.013699869676930794	0.057230818394389864	0.037826409341711775	0.002090632186934788	2041.7056698005572	2255	1.547129272268551e-06
0.3985671848659783	-0.4494902102845877	0.992205620145107	2.9715148896415506	-0.002852979501354167	0.24910052297911578	0.01011286158342797	0.010973984222760044	0.01361615829604892	0.056775953958241254	0.037778475415780485	0.002080489273518294	2162.1325102331066	2255	4.2324074508424444e-05
0.40277381856594735	-0.4497758449712327	1.012767597016475	3.0504527771001	0.002547264582724122	0.25197032165895855	0.010187123212075452	0.01095252355332503	0.013656780088869258	0.056956362972113254	0.03783952432119828	0.0020843294461385777	2039.0503901376292	2255	0.0001387845828457531
0.7492947074326614	-0.8546174721628781	1.1070937937510548	2.7920799009777393	-0.7293638394014902	0.24583680888159679	0.07420911835576567	0.08625643138510258	0.02397191044488126	0.07588608078521521	0.08075998786362008	0.0021017865935708613	2165.2401471911844	2255	0.013639894680414618
0.3961231929740996	-0.45114139412145954	0.9938964205251615	2.9814970624404418	-0.00041145321170960736	0.24983651473206617	0.01003107182957301	0.010984630987750092	0.013621486532430751	0.05686110836452015	0.037747415677123725	0.00208486785323477	2015.0650413282872	2255	6.94982577613552e-05
0.3991449087068407	-0.45005274633282155	1.0094050151808551	3.023143612674405	0.0005367682386363236	0.25096363665028387	0.010132578976563512	0.010992921102462173	0.013734922117749133	0.057333042968955	0.03787609705625701	0.0020815851923733047	2065.728514682565	2255	7.23364456440179e-05
0.3981506208008459	-0.4480139610698298	1.0015372502945858	3.0345523525740883	-0.005534077074498881	0.24248178473206472	0.01010844925765795	0.010946042924086621	0.013711383009386327	0.057352775716972226	0.03780905813094572	0.0020500959810097097	1986.6200872040881	2255	0.0001232738132557273
0.3964450986722883	-0.4491951739485467	1.0000151498236671	3.0217941117693456	-0.0037795200366199182	0.24913516371316025	0.010082419248251913	0.01098760697019264	0.013737972203172067	0.05741874390712413	0.03788089828997769	0.0020844472776687857	2123.7852023863697	2255	9.887361769862577e-05
0.6959063330119146	-0.7808393524226263	1.0966901165252576	2.8728457508578735	-0.6570108510604773	0.2520385379096444	0.10262969399162183	0.11461177211143588	0.03207981633564317	0.08320189247354451	0.13005970601422823	0.0020722378267100457	2122.6536003759315	2255	0.005696656824625232
0.28008820376517857	-0.31383850887534753	0.9437450889419113	3.0124982014358914	0.6787050924048659	0.2496405796282413	0.09078238988122737	0.10137764701322044	0.04903240647878784	0.062217501289369245	0.7222377591471038	0.002075390195248448	2110.518851699233	2255	0.00017103744793059468
0.3956206381236475	-0.45194134928418983	0.9930745815624913	2.973727331050591	0.0010826610896057744	0.2530834960182466	0.010022018477800607	0.011005083111863405	0.013644001183538371	0.0569592541016922	0.03777670578357842	0.0020880517946056123	2076.9801621027136	2255	1.1144670617936463e-05
0.40201269739532286	-0.4484799699334023	1.0061537851980884	3.030271668219688	-0.001659412519410885	0.24900964863872066	0.010195754513741991	0.010952264358026511	0.013701683380135133	0.05723508157012354	0.037846661110271664	0.0020739470060459793	2143.5601833462147	2255	7.745850228542531e-06
0.4021875978167197	-0.4509098521895728	0.9878574473345662	2.910647791609422	0.002148969208038798	0.24984419871816294	0.01015029915033306	0.010954720018979507	0.013516313285210064	0.056099681768084435	0.037615780878658904	0.0020722712626542157	2073.400626495799	2255	4.54758166237788e-06
0.40340216770868537	-0.4490348190071347	0.9962081262590857	2.9868030974486968	-0.0006121180997189073	0.25041703568274987	0.010200511104234207	0.010933974958758762	0.013611688593204363	0.05680291802404054	0.03773534212518638	0.002086208931765237	2099.4122496976897	2255	9.905583042784562e-07
0.26285487533844276	-0.29693054236898553	0.9419347052650973	3.043892884729246	0.8142643191408689	0.24977933009259698	0.05167750583560634	0.05829452515891219	0.030078389877668088	0.05681953720522991	0.46492768399687084	0.0020970853922373136	2078.6934591513063	2255	0.0013136411683399099
0.6910658720906702	-0.7689733457886191	1.1131744411853215	2.958564156829041	-0.6512940178543983	0.24776680678146182	0.12133874532735378	0.13446948215306334	0.03932624959924602	0.09069854047156346	0.1605897966443311	0.0020525683128999055	2155.53979311676	2255	0.0013068701251341523
0.4010584583487757	-0.44792726266739197	1.0097309340611496	3.057133800884635	-0.0031457599792909545	0.24595140292786516	0.010175464568245316	0.010941782379884498	0.013777392156987638	0.05768424049538411	0.03785221556577774	0.00206511885603425	2080.445025135883	2255	3.591095559730369e-05
0.4068664174083835	-0.44654445280948474	1.0040454562543637	3.0063444015166976	-0.003235761575528206	0.25372064407326506	0.010349899311122417	0.010949543729818205	0.013676192374523713	0.05699012628505492	0.03792380356837432	0.0021056161250688336	2059.0842150526505	2255	7.630042025586144e-05
0.39689688809590473	-0.45076694201951745	0.9892428792686778	2.9528277286230717	-0.0012428415404892306	0.2503589718841403	0.010060891879765823	0.010988845198623053	0.01362125901886505	0.056806425336930665	0.03774334936429176	0.0020820816125518005	2133.706460173029	2255	3.969567746026993e-05
0.2648541030510508	-0.29684362206855724	0.9366148025982836	3.0333634881388423	0.8001664264832887	0.25004279014665953	0.06442862839810187	0.07187360112561798	0.035771564898963694	0.056758363792838884	0.569830170353583	0.0020239248908813395	2198.004632758041	2255	0.0005949335356194413
0.3998937161453422	-0.45050925377100237	1.0065360741359242	3.0080054972180124	0.0017524514283955325	0.2490461538955655	0.010118958397267975	0.010968949381721856	0.013655640329184955	0.056884382493742496	0.03777302477659646	0.002075109958111603	2089.684437512721	2255	2.0346272868348496e-05
0.40076804989814674	-0.4499402019735585	0.9850472604886127	2.9388127966997133	-0.0013915765559882665	0.24718921064581637	0.010122056716451697	0.010937540285298461	0.013499910277072393	0.05623031960077906	0.03762804762933557	0.0020606053629589408	2111.6449103049586	2255	0.00018996703621191038
0.4022950403995598	-0.45001945800803794	1.0147027862507765	3.0483183704711347	0.0029912969524843484	0.24944212665444493	0.010167911613946	0.010949732464604789	0.013667979308236511	0.056958687830262755	0.03780479411354145	0.002072447414220206	2050.5299344816435	2255	4.440433442762486e-05
0.7102246318252738	-0.7753365653908688	1.1056590889853328	2.896584739243905	-0.6543383320234047	0.2536402979385661	0.07513078728106677	0.08191783960473648	0.025323438054989027	0.07155842166005816	0.09383493835596371	0.0022305846363811607	2045.8083493154554	2255	0.008485514980536709
0.26505388496012633	-0.29880827501054746	0.9462017731142738	3.0437781949153093	0.7896461284087706	0.2482021331358416	0.04784579638467447	0.053623653518381664	0.028165462229509355	0.05856446835869667	0.42162518728198517	0.002049180652035949	2153.349027413264	2255	0.0005214970924884067
0.3994403132208783	-0.45158707542114046	0.9956006231636881	2.978672741832238	0.0028593208830558336	0.2546589040398888	0.010095417611157032	0.010978751871326879	0.01357125620021598	0.05654059643382128	0.037750881721844654	0.002091905689386937	2085.125614420581	2255	3.892701296477135e-05
0.40258313518684036	-0.4490553670726593	1.0031701857348445	2.9947891043511814	-0.0002642371565493879	0.24817161618241793	0.010194814983299964	0.010949361938156205	0.013595094956981966	0.056542051022875954	0.037770422956433035	0.002071874464181544	2160.218715689851	2255	1.1629072415775755e-06
0.39486560320957265	-0.4500682192607972	0.9758593267112137	2.907787001532197	-0.00526298021061406	0.2485858853505891	0.010032249891213743	0.010994275713529343	0.013604684420750449	0.05669076634415014	0.03771483712166331	0.0020836650237817567	2081.033180074235	2255	1.6047478418296072e-05
0.39969378954774915	-0.45217991626375154	1.0090154518112626	3.0090209858907673	0.005819072934694344	0.2551755289868717	0.010104000805235694	0.010995699599374823	0.013653185921833172	0.05683044251040374	0.037810196854477174	0.0020982523350506306	2128.323033411767	2255	8.431796399621328e-05
0.3970043355987185	-0.450129550563962	0.9789485190456235	2.928980748344754	-0.003604506330322771	0.24731923075992687	0.010051431404263057	0.010961027294208066	0.013541598075404568	0.056439427144307365	0.03765883545350422	0.0020666659028847198	2128.902873515142	2255	9.039488888249737e-05
0.4016071767251976	-0.4493144992145872	0.9980243143319414	2.9930889940960057	-0.0007665120329661286	0.25200137018902735	0.010178220970877432	0.010962573324254654	0.013630699649938273	0.056851443738487474	0.037808964382971835	0.00208898413496873	2057.0367263076596	2255	1.9526888941920304e-05
0.2684747011889909	-0.300176566737635	0.938742515621116	3.0379976227789935	0.7733439561066867	0.2491230616540799	0.040633146140747166	0.04536716050250433	0.024548168163378015	0.05921131421630243	0.3545334440367071	0.0020768163477599957	2110.1673407528815	2255	0.00033884168381801875
0.3939306272667558	-0.452071010120181	1.001453247333671	3.0129226436869034	0.0014268772472031906	0.2514181829736648	0.009983711656449687	0.011009038654793317	0.013725535587247808	0.057310828874597396	0.03781601884884231	0.0020913750966642087	2166.6365308088007	2255	0.00012735210724729046
0.39895383424610537	-0.45016829145814424	0.98612195042818	2.972374644794775	-0.001735181680460438	0.24982632309871497	0.010085706466886205	0.010948571318666618	0.013586194692539676	0.05679585269355645	0.03769960879154301	0.002071946053643802	2059.9836353134046	2255	4.631438863967208e-07
0.39942939080560474	-0.45075641787431403	1.0321651057295331	3.1487485220958313	0.004685651149078859	0.24950891334314398	0.01009907366395747	0.010963122241158618	0.013833187915112524	0.057960338870628125	0.037922409733606985	0.0020713241138786472	2215.60982983322	2255	0.00012802012761141808
0.40259965277245685	-0.4479009323969553	1.017362978293053	3.0991902462789174	-0.0016539094918615364	0.251643239490294	0.01022469609733442	0.010954186461062465	0.013816921975503303	0.05800667589182694	0.037968912526599584	0.0020874212657342873	2124.034488275457	2255	0.0001349087551763913
0.40586825162202933	-0.4479040510649549	1.0026346732847333	2.999002207850742	-0.0010378179089248587	0.2513896290026555	0.010286165578589267	0.010938215241073947	0.013604111607991893	0.05666782096520433	0.037818285477563	0.0020850877714825426	2034.4291961628169	2255	4.679369344357202e-06
0.40188397929899233	-0.45136895340024846	0.9980594071757586	2.988200842446659	0.003803332161635872	0.24824482294356295	0.010105130910405333	0.010922975950313147	0.013531215458855208	0.05646177804782319	0.03760177590320266	0.002067508843413087	2129.0400940105274	2255	0.00017854065568690197
0.4000906310970422	-0.4506164886532303	0.9925197904918444	2.9790003294422704	0.0006147511762122987	0.2513447396517469	0.010108243251007006	0.010954659537355233	0.0136130791811014	0.056865892644745994	0.03771310007879371	0.0020840472352003404	2080.1747686824383	2255	1.4369379879652876e-05
0.4017589843215909	-0.4502030901023623	1.0095036404601923	3.0426034890142657	0.0023457084234083025	0.252640258603663	0.010160080503728176	0.01095840876692071	0.01371739732780918	0.0573985655334993	0.03782466774851233	0.0020861375613240997	2119.67956531108	2255	5.32848299854985e-05
0.40847421280586355	-0.44864101106550236	0.9960629301253141	2.9462075939386723	0.001533457681952823	0.25266468876922826	0.010318671461138374	0.010924789411501736	0.01351991196295765	0.05615903041635864	0.03770428266008363	0.0020921405115938868	2187.2899807137483	2255	1.3440558857440445e-06
0.39470916706902937	-0.4532710819018938	0.9899910217627724	2.9581982415946753	0.0032844114181436695	0.25241314317322494	0.00996674437143676	0.010998155561181857	0.01354898912189123	0.056449790672911525	0.037684564337186775	0.00207697846208937	2023.1567550212376	2255	3.5368999096996098e-06
0.7436172837817335	-0.8282893470107623	1.1207232237334515	2.824974673607191	-0.7001433320041998	0.2495000153063176	0.07073280883829139	0.07826339945771103	0.024067586406260957	0.06966814018018107	0.07870091841497126	0.002069280813543252	2144.814084792667	2255	0.008069568665866918
0.40136273673894873	-0.4509332343802581	0.9911110177115636	2.973795435039556	0.0017753515588872753	0.25150289019541894	0.010116356686445767	0.010938477011302534	0.013568248920383065	0.056720850867991016	0.03765659357843214	0.002076026376336409	2041.3125824683232	2255	0.00015937023837545665
0.40305689416673984	-0.4493938817760062	0.9959733320275598	2.9621862021731613	7.961745619324408e-05	0.2500660476195599	0.010200232324033696	0.010951830276213012	0.013610814509650244	0.05663574411572731	0.03773595611692874	0.0020742608558831097	2043.3927146389867	2255	1.1797199264676115e-05
0.40300042938617076	-0.4482072816566209	1.012171806693344	3.020972720483928	-0.0009921927528537306	0.24964439574566105	0.010240123053529749	0.010968024352422907	0.013731272903329235	0.05719634020012399	0.037885077523237734	0.0020932204054945128	2128.332362771154	2255	1.3372449842884666e-05
0.3978951548742353	-0.4509916713826735	0.9905411654573859	2.9679166923857494	-8.672648341386587e-05	0.2502682358422584	0.010062113024358606	0.010969203442351775	0.01363846827032571	0.056991819651016774	0.037706785410246746	0.0020749477572832875	2114.7718344644177	2255	7.66331085966688e-05
0.4001622485250739	-0.4499735459279127	0.9992366821036505	2.962884905949301	0.0001303765902732207	0.25104039657026195	0.010155133188851117	0.010989171465817543	0.01363535179798425	0.05663939921474695	0.03780190729753521	0.0020895105951276496	2184.6794013755366	2255	5.4275490609383697e-05
0.401276407397904	-0.4492252828060499	1.010268231580363	3.076183055879395	-7.929983217015229e-05	0.2488549938231062	0.010146047253647887	0.010933135191727889	0.013711433063397623	0.05748383519586666	0.03782070597805953	0.002077151171005511	2122.266313471083	2255	3.208380858419368e-05
0.7086822220626184	-0.7888554097056203	1.1004855624836922	2.8402648600491207	-0.6677599148401796	0.2499820623408804	0.09031204466248682	0.10067028137615812	0.028006287337575445	0.08220154104389756	0.11097777955372487	0.0020932487014663197	2151.806120313145	2255	0.005897248956374044
0.6818589515593699	-0.7662563581978108	1.1119914381722094	2.9427513612137455	-0.637683616703552	0.2513242744292634	0.08346744564066594	0.09340700024190438	0.02815153716406891	0.07537515990214384	0.11031477878012062	0.002131783133670721	2085.7364238383884	2255	0.013404262162078994
0.40018824716054796	-0.44947186879924045	0.9947465735586652	2.982689747935919	-0.0016448551375304666	0.25019141787199545	0.010141930406468047	0.010962878173980341	0.013628715058832397	0.056846889256756544	0.03777687710082027	0.002081444273664294	2162.050723479346	2255	2.0498789890012616e-06
0.2668384484507949	-0.3053530240775772	0.9411558610330125	2.992925675642975	0.7639795594061686	0.2506889132347444	0.044825719708676846	0.05156932424622571	0.030000324713255797	0.05906563235851055	0.39283145598791525	0.0019582913074473246	2182.985233720111	2255	0.00046640319619508145
0.3999435695443392	-0.4488907359602701	0.998025070614224	3.013332153512778	-0.003070776794793888	0.24778701377572085	0.010136810282718975	0.010949390921687388	0.01366840647542196	0.057154961169953736	0.03778536433135583	0.002070851322221794	2211.8801464404096	2255	1.343389861996702e-05
0.3992958391293975	-0.448886878235407	1.0125054641509221	3.0715289347747756	-0.0016983937606713049	0.24757698303020864	0.010131858454562798	0.010961190799105062	0.013777962900949951	0.05767929620326916	0.03788664078513701	0.0020678606750061633	2084.5289615963393	2255	5.834566573412884e-06
0.6286489332463419	-0.7076252049464045	1.0838024686353727	2.919746461695625	-0.5631051302114392	0.2517433109595823	0.08646086297346355	0.0960858792476836	0.031100798825314604	0.0715988423924181	0.13433481451722068	0.002091503054975992	2026.0665984479097	2255	0.01394829264161023
0.39683190275979774	-0.4508871542253925	0.9937826062285025	2.9779325711219364	-0.00045902889288689533	0.2493515370147969	0.010048301711496054	0.010978812640946639	0.013637157248589276	0.056897924800236685	0.03773959992397578	0.0020811298712017264	2098.646072755923	2255	7.488718605164271e-06
0.3991914119296093	-0.4503664864235049	0.993784643401148	2.992403254712415	-0.00036806205017934245	0.2483552883753713	0.010085815294755598	0.010947800817670033	0.013614296671043613	0.056875588529216904	0.03770710269703922	0.0020625838583450324	2192.4166713739305	2255	1.4873537923222557e-05
0.3976310784731178	-0.4521653110409955	0.9909542164035811	2.944584843615301	0.0024797879196313414	0.25329653325292395	0.010055828375591132	0.010995182429302783	0.013570599293135133	0.05651820654759943	0.037711471128208524	0.002085761501520535	2039.3544370763798	2255	0.00011685763025337615
0.6247715759072942	-0.7038132109451117	1.0678302791829823	2.890139989940452	-0.56882618192743	0.24479100132968923	0.06583761293034034	0.07543493911585872	0.024606796239468175	0.07015331656836521	0.1031485095113145	0.0020157844064800146	2106.2070481266064	2255	0.0021254865420318914
0.26446979161298473	-0.29658385136038046	0.9374739322498317	2.9883708096634676	0.8228147688920637	0.2531936155648333	0.040408344198687746	0.04578768125556241	0.02875665785190845	0.06037567601449285	0.36663285788239935	0.002082003598506923	2199.6776129096434	2255	0.00037067125217876706
0.6460282262795745	-0.7234788364365068	1.0914476565716178	2.9012905170021397	-0.5848792370003858	0.24759925563045698	0.11300965873770394	0.1268163305994048	0.039126238188330796	0.08084760228661052	0.16799275931239924	0.002072955473277515	2064.319767104094	2255	0.0017220925902392663
0.39659831636954784	-0.4509267388862706	1.0126946119086553	3.068219072367349	0.0014592938723930662	0.2474025147785113	0.010034845269713268	0.010971049995691831	0.013750950235447881	0.05750591055655537	0.03782007600250722	0.0020647219357170137	2062.265902250204	2255	7.856260121914767e-05
0.3979105495059023	-0.451304071383353	1.0153834704104923	3.0618330997405345	0.003393810079209718	0.2524870416893739	0.01007796816603584	0.010992689656981932	0.013739171968233497	0.05736976173093441	0.03788065228391421	0.0020877373849252797	2036.2475608088473	2255	9.995492074238812e-05
0.2690052856064095	-0.2990513531667906	0.9486990303172468	3.046043357187896	0.784552810361143	0.25006422845082765	0.03944304468368121	0.04536602107273141	0.024364320537297913	0.06010524024655119	0.3531910592910502	0.0020640682937578016	1979.7956758704786	2255	0.0007781191448142878
0.8765379129159938	-0.9758658407992588	1.1486088274281963	2.7557641863302904	-0.8299300046603929	0.24883068863411	0.05166186246202029	0.057118841110874626	0.017104914223436636	0.07110995406806764	0.039200067929945424	0.002056530246540537	2130.9443913374726	2255	0.05621666427299899
0.2596975466318912	-0.29321569134371356	0.9507605642899867	3.0762624233095646	0.8379475180505089	0.2498596494702984	0.06858785868132006	0.07762314267965838	0.038086763966838764	0.05789335253880578	0.6320715504309591	0.002089377323186008	2033.377038740457	2255	0.0005123192149611423
0.6779228944617152	-0.7624657065639406	1.0792751939921164	2.7950235084371955	-0.6333554866996154	0.25040400440229776	0.13172657712234023	0.14749069278469645	0.041716951384141145	0.09168431135292061	0.1748874891870514	0.0021026155383793805	2061.2119641821682	2255	0.0009791911772517679
0.7447175169062208	-0.8414045484408831	1.0927491484662775	2.7236800272369925	-0.7138449109451317	0.25182299712437195	0.08572974077967388	0.0961401427997275	0.026901744517389546	0.08012015321212672	0.09385726187330326	0.0021314247818073357	2127.8863456012778	2255	0.03190281050668369
0.282304578693636	-0.31796224905290366	0.9476106889492505	3.037204004691154	0.6512605592755359	0.24873481357739596	0.08468584951515694	0.09537311317055004	0.04470241766930323	0.05674609284661463	0.6619079723653913	0.002144352524879637	2120.7827207962137	2255	0.00019467422313139475
0.3980319074167967	-0.44953644531820974	1.0128760902376526	3.0762348030274227	-0.0007870154389988619	0.2493346268224942	0.010101558919871889	0.010974969323324571	0.013784046313336537	0.05768653331846434	0.03790993083359329	0.0020755980231046077	2105.3856698544546	2255	0.0001265102556134413
0.39690341060834944	-0.4520179900507092	0.9849010183600448	2.918250989361606	0.0012263869310406145	0.24989431419945074	0.010031558766724683	0.010985535952416898	0.013570827118685423	0.05646039762948598	0.03764454497113406	0.002073966678818399	2114.4627277873574	2255	2.787772244711666e-07
0.39852333853851946	-0.44854715791393696	1.0223114570801295	3.1018527736830954	-0.0017477615433222217	0.24850247316339186	0.010146101274072217	0.01098822417505315	0.01385395140085076	0.057913605138721985	0.03800819631805194	0.0020759558212278626	2108.422107276452	2255	0.0001360637845443936
0.3995928278833349	-0.45050560265657996	1.0042838124537146	3.0338609510067807	0.0012912937805584451	0.25199466121496233	0.010107518150822144	0.010963373199249716	0.013704035676862307	0.05733622383947498	0.03780642455757324	0.0020845306083927383	2034.4345584520388	2255	1.1196749843328339e-07
0.4000520924008348	-0.4488935021825927	1.0051685480040253	3.0551473880101807	-0.0019524826929145955	0.24767717654623986	0.01013200199730386	0.010941953306200628	0.013711221016964393	0.0574026077888699	0.0378255782380724	0.0020660849595932835	2202.130697915403	2255	2.522290945023096e-05
0.30180250137925385	-0.3417326602989776	0.9513638736713728	3.0327907756411685	0.49063623718849686	0.24623113229956767	0.007642376494194266	0.008325179024113512	0.013570445122037107	0.057313014304980585	0.04999562702896707	0.0020623695899374926	2176.803741097917	2255	4.9210903614802095e-05
0.4002831003602124	-0.4493995305275999	0.9945845801269516	2.997993375200531	-0.0017954619022131023	0.24874276655871397	0.01012955239610753	0.01094550091339781	0.013582054038899739	0.05670995199165386	0.03775038420969402	0.002071205641272847	2156.092405308595	2255	4.161450703844702e-09
0.26312045174716847	-0.2977096518922533	0.9661779361854891	3.1369223895436535	0.8128347906588916	0.2498076692351527	0.03583387416278886	0.04046479665067121	0.02277105871161532	0.06016696067195572	0.321953615834945	0.002079725387617967	2127.3593940202136	2255	0.0003090091748931041
0.28029413465273406	-0.31815405014969894	0.9347391302641427	2.996216118220947	0.646507976034693	0.2473354424262752	0.046592115583515406	0.05450480141310965	0.02699001825839433	0.05633162602220415	0.3763842597712636	0.0020576264015281366	2052.6512766275637	2255	0.00020366582279870431
0.39982982005866957	-0.4502642641117842	1.0036172510111085	3.012937349678147	0.0008352277576136233	0.24902617226061605	0.01011657721563286	0.010962551468845089	0.013636772779624159	0.056869650372537286	0.03777631696013608	0.0020731106453245832	2120.011082502285	2255	1.007110983362352e-05
0.26317958061466507	-0.29803647740929545	0.9658594819488268	3.1296839172811084	0.8143994926466953	0.25147595559725244	0.05728184556908259	0.06523627806428901	0.03267030205541771	0.05965948878486558	0.5168819626046582	0.0020816008887659426	2049.4476580797473	2255	0.0006530477054114572
0.39739576597811643	-0.4503236607691044	0.979131036712781	2.908818277393785	-0.002938382653466391	0.24720495061760753	0.010063776400803966	0.010970226443899979	0.013531543094108483	0.056281744665087195	0.03764806967368959	0.0020620564422858087	2067.5596312427656	2255	5.844922482522428e-06
0.28487611138031793	-0.32047438056209027	0.9458108161752787	3.0153043619422277	0.6291947297816554	0.25123203400664945	0.07531107029957737	0.08472863239020532	0.03663775380187347	0.06068842832396622	0.5784426163441997	0.0021114419843645594	2188.126975725043	2255	0.00016871384816414666
0.40387361554563966	-0.44860253306191883	1.0115689887971986	3.053838392046384	0.00038290038019220176	0.2508103054448164	0.010226270316605878	0.010939678609351727	0.013667250115014193	0.05703768799268449	0.03785479229740089	0.0020826594953884093	2175.8742900449706	2255	0.00010543586268287965
0.27971850143395716	-0.31452508225881853	0.9466537478603345	3.050990837925688	0.6718702209340232	0.2514208153128548	0.07018852057881851	0.0790604643109591	0.038499954296396396	0.058007616472282	0.5610273321685021	0.0020747073585791276	2088.4129045819345	2255	0.00018635055178288555
0.40126333651516016	-0.4498745706339054	1.0138899162383095	3.0355215875909787	0.002028893318008002	0.24901169768342357	0.010162463658874228	0.010966329935457209	0.013731595585615266	0.057216663581405224	0.03783218155453364	0.0020711339098981223	2313.248040585939	2255	5.724876327415672e-05
0.40220284335414574	-0.4491489442257047	0.9914017211263011	2.9635966066846535	-0.0016220999175814725	0.24755433019047163	0.010168408653275798	0.010933329189077098	0.01357965154465044	0.056628059372603484	0.037682719768195434	0.002068756055508727	2043.3775088249813	2255	7.349607838646197e-05
0.3957548803114302	-0.45204273720721194	0.9758363369064419	2.8919278670776696	-0.00038982682364376264	0.24967530590432485	0.01000264969585035	0.010983656564961771	0.013531865151464578	0.056336505784495484	0.037599023341699275	0.0020816973192401673	2110.1807333628167	2255	2.4858599973081386e-06
