Nu	Nd	a	b	c	kt2	Nu_err	Nd_err	a_err	b_err	c_err	kt2_err	chi2	ndof	edm
0.274084009021217	-0.3102756250671952	0.9498310584598841	3.010562980975997	0.7329280048315276	0.2551791898463905	0.07520155469505431	0.08520158314179507	0.04014484470380531	0.07933201601656502	0.6267908085251376	0.0032869302300594593	1148.2845836111119	1345	0.0003328113954502135
0.7167320682623298	-0.8006142042577313	1.0975240269723414	2.806072263443959	-0.6744782035542527	0.25290243974415516	0.10954995973319614	0.12097558598291981	0.03183534248071444	0.11022138516316107	0.12989365497627048	0.003304439554849685	1163.712597005371	1345	0.0023574447158540342
0.3931419225729299	-0.4513432048708903	1.0025710876958722	3.0221924994616094	-0.0008891629373885559	0.24341924027398373	0.01103237393461588	0.01214304203268644	0.01677670190455826	0.07338336550654889	0.04167276015936127	0.003217223817180176	1179.0887004348265	1345	2.1881386797344665e-05
0.3999671134638156	-0.44890990013874604	1.007900927379205	3.0347982867281966	-0.0015661359448738631	0.24890945217602162	0.011251285109173167	0.01212635386083282	0.016741772158783464	0.07307131377583843	0.04180781412743579	0.003260960288168226	1233.2572179154004	1345	7.189787081650565e-05
0.402462877382089	-0.4457471416477355	1.0245864040792005	3.1257254407963813	-0.005581193602647411	0.24341016023951875	0.01135530780552964	0.01208902524654352	0.016853391894876606	0.07372204040869894	0.04194962061268731	0.0032329717672323374	1127.7530078473296	1345	8.77771036607301e-05
0.40268048268332374	-0.4493481252970122	0.9948561383121752	2.9678042156417237	-0.00045457840054962474	0.24865609792092566	0.0112799669592231	0.012094409771369094	0.016585830793681602	0.0724337656529089	0.041623292410970694	0.003246151168918423	1179.146472871044	1345	8.867648140042866e-05
0.3989047169641179	-0.44919560370302386	1.002602482030413	3.0209100204623796	-0.0021684746985818066	0.24800558960724375	0.011212757086934512	0.01212164049812339	0.01671497538942304	0.07306794096541709	0.041754294722536285	0.0032649809440172	1096.88071645172	1345	3.195396656423336e-06
0.2815087850948415	-0.3187029504908836	0.9497212276611455	2.9974653545223835	0.6606794688795018	0.25013574114604353	0.0770710194257099	0.0871403318736	0.04225561542850645	0.0778516682853547	0.6014258422060369	0.003254334767229118	1144.1544809129177	1345	0.0007685840367008391
0.4014856914524175	-0.4498043120306602	0.9900923204346456	2.9303435236809845	-0.0003894112107245957	0.2491275762732704	0.011260285261187294	0.012118628704532517	0.016542347067688482	0.07202911520515609	0.04161590358741441	0.0032516983401496514	1241.9264269367918	1345	3.1618789311598763e-06
0.40029373432210197	-0.44845161614369666	1.0085773636084352	3.0659712902224046	-0.0026609599879578514	0.2477452191179817	0.011248337851063621	0.012101685579052716	0.016761669807815398	0.07351671735869812	0.04179970685913345	0.0032560792748202263	1233.8914200267727	1345	7.95225836087588e-05
0.40237589802599316	-0.44953296751609695	1.0000708369885696	2.9496913968701626	0.0005415902685687111	0.24955140857017383	0.011303702968943077	0.01213433171557174	0.016665799544992824	0.07251991749002848	0.04169337399727171	0.0032519347198861725	1090.6312833332074	1345	2.8527934386499523e-05
0.2863573454483314	-0.3185763666484914	0.9598878342178794	3.056171511308403	0.6455952683939059	0.25351785016541567	0.06403197388540834	0.07127276149281443	0.03592852378924559	0.07616457027513077	0.4910471060697095	0.0034124594582357576	1208.716965782043	1345	0.00033766832838138736
0.3993535844574042	-0.45058638704029846	1.016393917659717	3.10635358508427	0.0021522836073393174	0.2506695498534394	0.011182413778580839	0.012110176127315159	0.016785014026090048	0.0736917808337545	0.04179512166236724	0.0032519958307600906	1227.0746679085764	1345	0.000159427267849946
0.40019885037053216	-0.44965116453159676	1.0017587312953904	3.008846186633812	-0.0005762955323182473	0.24891364916863767	0.01122994931012015	0.012116868029437027	0.01672479309247725	0.07318540787100639	0.04171496685793361	0.00325281348093819	1165.1069002473027	1345	2.9404147792161303e-05
0.3941454454071761	-0.4540875670256229	0.9892905772667208	2.9213648482101964	0.004554009128492726	0.2520574688049203	0.011030518628823401	0.012180792211263032	0.016650702132900586	0.07260339751085988	0.04155863985213595	0.0032707924571287834	1256.3022439902438	1345	6.141870477991969e-05
0.3992341434914475	-0.45083220887373643	1.0072810635252751	3.003112375922045	0.0020617414622222	0.2458561913995175	0.011179819605633658	0.012119043975534372	0.016633850187962314	0.07248179431098238	0.04163803774633152	0.0032256969504201793	1214.8833295150084	1345	1.3341865646642658e-05
0.398004663531636	-0.45196662158984374	1.0028881121796835	2.9719347841171193	0.003550173328034575	0.2547047019320006	0.011182471612836701	0.012186476843899298	0.016695900464198204	0.0727116788285772	0.04176454391127195	0.003281514793702737	1150.9339598831848	1345	5.324880431463996e-06
0.4004359921250551	-0.44883865496716147	0.9887052814180992	2.9514566627855117	-0.0030914082315186974	0.24981773730348292	0.011260418992842296	0.012121821389903186	0.016560125685191635	0.07221603566847362	0.041702581199955	0.003267216772876861	1263.609506110865	1345	6.386931283540368e-06
0.27096252317326674	-0.30728090598771013	0.9395188377299493	3.009966337293603	0.738729858192977	0.2527853790574245	0.0685129080986851	0.07739404804507849	0.04085095596760825	0.07501153376081461	0.5774368668319457	0.00326378584526896	1265.98735024492	1345	0.000370216117931917
0.399082621586038	-0.4527002117309261	0.9967140760907847	2.9819574903772788	0.0050506142520192416	0.2539554227289396	0.01114594976037037	0.012131455403353938	0.01658196277752306	0.0724316709365944	0.04161115530196523	0.003269364495681534	1196.6601131666416	1345	9.893139017451188e-06
0.7375669266893239	-0.8308120264898953	1.1077587358098093	2.7816285231955318	-0.7006549692986804	0.25119046366898606	0.06856129171166442	0.07681720360151596	0.02308312972301496	0.09151282282408088	0.07785862654226565	0.0031840310436708325	1178.283962014189	1345	0.004759541631855728
0.39442560323062925	-0.4513286469491101	1.0007033399710554	3.061452946764153	-0.0005483876528177284	0.24805047918156634	0.01104977264582345	0.01212354689750114	0.016750076365788447	0.07361255123332748	0.041713711955657734	0.0032418791653191377	1177.0933158435046	1345	6.0075436550061904e-05
0.4016617345084546	-0.44868220873846254	1.0091560838596108	3.0648870546178264	-0.0012128869155989231	0.2521780490267372	0.01129019402694389	0.01211361996747513	0.01670156044532807	0.07312838121691415	0.041851819935464205	0.0032694896561438055	1288.9040513433258	1345	8.797380972250809e-06
0.3941378924490766	-0.451827273857028	0.9822284164579788	2.930139798265779	-0.0010368178311725403	0.25158737614089727	0.011074055318329801	0.01217214985434324	0.016637832211868583	0.07267898563179744	0.04165478843522412	0.0032747551086815133	1199.2065091743857	1345	7.809205618327634e-06
0.2614308457227559	-0.2949290555802478	0.9548062424229767	3.0644086156994343	0.8375033962535015	0.25126225478162073	0.062006777428462376	0.06993248545738527	0.0360895192691746	0.0745194023621483	0.5667046475628159	0.0032798300294747318	1232.0415787436239	1345	0.0008142812577522114
0.40725989253258715	-0.4482078225591825	1.0257987441865877	3.1090151617415427	0.002602437562086912	0.2513569737387566	0.011405846759519545	0.012070371711430137	0.016738014739539148	0.07320618681658295	0.041827333947266156	0.0032569579178175633	1303.9211323960021	1345	4.2563302647314245e-05
0.39766216400232646	-0.4499613965732653	0.9873754230221413	2.9476589826257538	-0.0024760667243085206	0.24736804077431657	0.01116831925132656	0.012129909537955114	0.016573327356238315	0.07226749582551126	0.04164486994261735	0.003245301292448649	1185.263963222209	1345	5.631692161199127e-05
0.40285040151515134	-0.4508950037292725	0.980816308422854	2.8805142278229288	0.0019182923042738024	0.25257924200277954	0.011270334522261623	0.012118287604935513	0.016431505915328385	0.07149198075724257	0.04152377210827892	0.0032700638999662137	1248.1967719702511	1345	1.6601198701057987e-05
0.803332393949498	-0.89739970498387	1.121407451260326	2.7118220603410226	-0.7595277159108588	0.2483341753477712	0.08227413904141781	0.09137413231736914	0.0270449058861307	0.09362999079103478	0.07765209553072877	0.0032636145247734944	1166.9115107239618	1345	0.02293876066921538
0.40139777596182674	-0.44998528515906583	0.9948355617865495	2.9721991398872696	0.00015114105531478724	0.2512789756759296	0.011251418560726176	0.01211362754857118	0.016620825535009855	0.07265433848315116	0.041659167445834665	0.0032745579981998626	1227.9732130632106	1345	0.00017465763243686668
0.39851814608202424	-0.45043619365709126	0.9813712634729327	2.9197487211184803	-0.0016226521120458126	0.24891749955743078	0.011171367303747024	0.012121273441221742	0.016491902389944083	0.0719347527576778	0.041571174071850195	0.0032680770783387976	1175.6536459542288	1345	4.156103228664177e-06
0.39996257019252957	-0.450399082927635	1.0031510885141348	3.004118380535343	0.0009981311769822825	0.24401883259720797	0.011183350049503497	0.012092617642108358	0.016648668531186135	0.07274346209638147	0.04158703016318158	0.003200931468290588	1227.6915259165617	1345	0.0001113316100579283
0.67471410086025	-0.7534342705774318	1.0827395696465463	2.8171415378202282	-0.6187009521957267	0.25720431599465243	0.08706657020591584	0.09575365962909842	0.033673445393995215	0.08339718110666602	0.11700334109752268	0.0032915400709812043	1150.2557369289784	1345	0.0020148788299523897
0.777025817446185	-0.8843166746562665	1.1014614080576368	2.738958708883244	-0.7525862909717345	0.2542828108325419	0.07188309781002378	0.08181351044384215	0.0262728572400768	0.08829072691894019	0.07170173309916412	0.0031748467991810974	1103.892175371742	1345	0.008765472357404772
0.39652787305343656	-0.45227725719221057	0.9786785292558473	2.8657364688941613	0.0010335456974438885	0.2466406998114748	0.011100918268204365	0.012149465125826538	0.016496005383784484	0.07174986971105937	0.041465582153367056	0.0032277190727959208	1153.1279776557917	1345	4.87571718570765e-05
0.2749288208731766	-0.31131226314592925	0.9406568733386659	3.027741787051002	0.6940368973711142	0.24383159000588908	0.08820353309172665	0.10002388247061278	0.04850304006707425	0.07529176786222479	0.7227417327868616	0.0033160249752490134	1226.2135772024017	1345	0.0001943480008783979
0.39806999173163565	-0.4494745141410122	0.9925503711572563	2.9863489753293715	-0.0031460680365286656	0.24784442966950557	0.011186305327622768	0.0121248707759928	0.016654080953235537	0.07289878789994891	0.0417060696850633	0.003235673116638447	1249.4854696064372	1345	9.329448171426721e-05
0.3999782551312794	-0.4493982654706786	1.0193251087645292	3.1155251613529855	0.00042715064838376714	0.25059244657337937	0.011228910234579857	0.012113050117305261	0.01683752814991263	0.07380820953317908	0.041869266805224466	0.003262820629514649	1173.7794458212443	1345	6.457772632055492e-05
0.404367768337572	-0.4488897346621793	1.005934843368038	2.9886926229599706	0.0008805905408481008	0.2501331976057855	0.011347994252116734	0.012108084349643345	0.016610975860610097	0.07227562089112491	0.04171923873927464	0.003263069485321999	1202.6629694295461	1345	6.79639405952513e-05
0.4026911943406233	-0.4491931739856028	0.9984224317232494	2.99531871649307	-0.0006161592577134187	0.25270321355683173	0.011302912234898415	0.012113275062752936	0.016636771736858496	0.07273757830153864	0.041734682567898425	0.0032884569096348413	1231.292670999981	1345	9.471650539231806e-06
0.4010945519698219	-0.4509113330564177	0.9984168470922459	3.0013657533847606	0.002021175136743685	0.2542053302012221	0.011230537087014233	0.012122736652781053	0.016602335004964476	0.07259729543507798	0.04169476487744066	0.003265632000529151	1184.1376406423724	1345	2.5150031388076947e-05
0.3985195127499483	-0.4516964284339626	0.9967982573078816	2.9695022134286235	0.002530388863183605	0.25300033921179615	0.011170851098109827	0.012150622492449062	0.016633848095562134	0.07259238154484607	0.04167428538796271	0.003277996823709723	1219.4867765504337	1345	2.732524962710814e-05
0.7388828779348191	-0.8093833357641994	1.117663472381293	2.844778843878953	-0.6865445778136634	0.24781441812655292	0.09978373259152158	0.10879885601239314	0.031253152903605155	0.09615672909960966	0.11440779431252482	0.0032080123912261874	1163.8353057298605	1345	0.009818359002280234
0.396686072089961	-0.4506098607025932	0.9768654990083308	2.9127541928067826	-0.002646796217668378	0.24927915678327756	0.011134679897460847	0.012136410324575363	0.016480128246803075	0.071854254755589	0.04159755586122718	0.0032505381474406893	1166.3313936882487	1345	3.5979235012403176e-05
0.39803071676560736	-0.4482603824789394	1.0194946155706435	3.1254930973388766	-0.003312626591114557	0.24737242480685356	0.011215668994719492	0.012125458376248779	0.016859546336161716	0.07393084516348852	0.041940136826612275	0.0032471848107807084	1202.884349410749	1345	5.872690310808109e-07
0.3969272403478969	-0.4508073123843428	0.9728454863827851	2.868286669960163	-0.0025965612310494975	0.24353172835591078	0.011117946580426785	0.012119030330402361	0.016483569778098606	0.07184356867933916	0.041445674770352194	0.0032017295538660103	1159.222434322714	1345	0.00010881605286101699
0.400090682178266	-0.4483586451441633	1.0079543565580602	3.058706109913893	-0.0030366268125148568	0.24469785870036997	0.011234923370234675	0.012091181855835112	0.016727871259788068	0.07327745450944302	0.041751898049576366	0.0032208189057596616	1250.632010656686	1345	0.00010024629629117838
0.4017209245888128	-0.44832460208960306	1.0144441216626856	3.0647775033256752	-0.0013998529985635628	0.24475552954549656	0.011275224444029596	0.012089118375125659	0.01674543723964649	0.07320945205239543	0.04175853140597288	0.0032188423749728843	1162.7772656061948	1345	5.449907122189293e-06
0.4094751337730378	-0.4486821466732432	1.0200436376866788	3.0205150672793617	0.0047988050740053615	0.2497978345876729	0.011451231208373656	0.012070655968131892	0.016645302762222692	0.07231745241221343	0.04168700334236365	0.003250018466453731	1315.4166716138166	1345	0.00010392792512712569
0.4014451024996869	-0.45097112334188416	1.0037089521287075	2.9877650084562	0.0035313706258154865	0.25481078050071254	0.011256414489938882	0.012142654442479937	0.016626751401228435	0.07245447498270884	0.04173232926649696	0.0032872534498157454	1224.3303597632064	1345	3.222615620526075e-06
0.2740941163427108	-0.3067805814661118	0.9600792016857044	3.1056871997055056	0.7387581045947759	0.24723537516240576	0.05826233725980522	0.0651546811395486	0.03395769222245264	0.0764080773663259	0.48738025556160725	0.0032417131550586107	1219.292480687518	1345	0.0008138537480321451
0.3979164652740876	-0.44958243945720017	0.9993296374425582	3.0191655067053857	-0.002277467534823088	0.24658888511020785	0.011168687572376957	0.01211280551719294	0.016701979495938258	0.07311050431354812	0.04170442775286694	0.0032447524462533915	1167.464754477606	1345	4.294201128691367e-06
0.25244975455738766	-0.28706220580259684	0.9362339664372517	3.0502512167293405	0.8841111336588705	0.24647550403146165	0.05141748790458557	0.05846810969765496	0.03166642584530353	0.07447435834849314	0.49695844993020616	0.00325425015269512	1186.1577228428982	1345	0.0007291056244784194
0.4019993501645309	-0.44964747789375414	1.0188337994445684	3.0830912674041224	0.0021259313637503594	0.25166913419702014	0.011275765855903832	0.012114273967192725	0.016782287662479772	0.07340515312753258	0.041827131096591155	0.003269447186123692	1242.9317320711511	1345	4.908308196758197e-06
0.39933736988282165	-0.45203266982864426	1.006837175402382	3.009389542473301	0.004857236727263532	0.25308210652196544	0.011174978667945798	0.012139917683130086	0.01665989918395046	0.07261930537694378	0.04168932302942481	0.0032712139507640537	1202.5995836116256	1345	5.558907350199235e-05
0.40243001604315043	-0.44871615122834513	1.0113474729455516	3.044783834369073	-0.0002301396793203073	0.24518240710780195	0.011278608263320835	0.012083554973878705	0.01670617731298456	0.07292858927503368	0.041710071791803506	0.0032154588757966136	1180.5640822121063	1345	7.200926535919681e-05
0.782859838336583	-0.8768594689051188	1.12222984230736	2.7863614943034367	-0.7445340934659498	0.2501957626054285	0.0941147607319715	0.10681362951567448	0.028435521563836667	0.09643525445508587	0.09606078718278563	0.0032435146460612027	1155.3485704709503	1345	0.00999314282704908
0.2637440580320809	-0.2992515443734348	0.9477123279267673	3.051108588440357	0.798127541671344	0.24867027490997634	0.0714630507645983	0.08101184208217187	0.04201382800504458	0.07573226270784632	0.6367291735966318	0.0031806257323700824	1263.3566335427536	1345	0.0003924402395821451
0.2673842015942886	-0.30451950629029995	0.9469516814919527	3.03751153908489	0.7528868495567503	0.25149711478325365	0.054404746148825844	0.06194492766117693	0.03246477672783332	0.07304595082668693	0.46789709991630346	0.0032759922979579137	1175.1229391423217	1345	0.0012363451197168458
0.40548978450226963	-0.44748036963535104	0.9922372634036719	2.9556684699732463	-0.003215674532670965	0.2457103140152466	0.011367845475846836	0.012063460260388145	0.016525410242701828	0.07216677756918152	0.04160315193513213	0.0032358354106864664	1167.7487228457785	1345	0.0001997979623221987
0.39984512129908845	-0.44891271765086765	0.991333762414441	2.9730410981337623	-0.003326366394383281	0.24891462889249252	0.011239285513080524	0.012116542692570629	0.016625883485520986	0.07265343926721336	0.041702042334257027	0.003262867675660855	1272.0650775692634	1345	7.893833330682592e-06
0.3981670997074072	-0.4515738412614736	1.0022304790614276	3.0329708446610835	0.0024575993453543367	0.25332568061777083	0.011149564695700892	0.012132936158911548	0.016623633387481043	0.07275779182661413	0.041728255139111055	0.003262779348581156	1239.9824532919279	1345	1.5813093634429274e-05
0.40127794949891915	-0.4475078414554263	0.9905592175250939	2.977246368262766	-0.0057984316278257555	0.2465411811173876	0.011291648743291863	0.012098556314394967	0.016642500426141075	0.07284608830285193	0.04171678168468579	0.0032374821546363912	1183.875827363655	1345	0.0001411595886601836
0.40169309054293356	-0.44857181427824466	1.027895045422704	3.145933204274259	0.0003957459242350308	0.25094935870877866	0.011290341857272172	0.012109794446311132	0.016812077550712925	0.07357663820440942	0.04194262865793707	0.0032632449091102972	1165.0277656165513	1345	6.143791299016459e-05
0.3932198253832201	-0.4513163753894683	0.9876460731221713	2.955028241472874	-0.0021012923751960724	0.244645291683381	0.011036339313749755	0.012145501265337439	0.016611012773402132	0.07246690302565828	0.04160224384855654	0.0032324961332580934	1237.539599663056	1345	3.918452236514984e-05
0.4025620398629379	-0.45052746039020003	1.010936780796945	3.071486452721375	0.0035824869808799534	0.2541117330959808	0.011253106032659825	0.012094497921893325	0.016675510725485822	0.0730454684373847	0.041743945967835254	0.0032755185164241077	1204.8417495998317	1345	1.4459903651054153e-05
0.4095659050015562	-0.4482482456476764	1.0379380444266249	3.119181369590231	0.0054340015878467695	0.25460278428073596	0.011485444513368586	0.012091438474407976	0.01682668939043437	0.07334007775872743	0.0419116826813242	0.0032862867341811168	1193.2564046425232	1345	8.676440271611856e-05
0.24539712294250668	-0.28230816165881134	0.9422755468017936	3.1127187544248875	0.9468568596997452	0.25518922239346725	0.0374644897210367	0.04292736685708931	0.02205402025770663	0.07739438731871	0.38683745299506517	0.0031280074110070243	1199.2984426963435	1345	0.0005315973977546087
0.40143773583259057	-0.44960290016276805	1.006355311643039	2.993207328292095	0.0007896114514879334	0.24838722476462388	0.011268731991638126	0.012123037184492088	0.01670011702830606	0.07270527053337413	0.04171192845872825	0.0032500410219819665	1218.0444271357662	1345	9.512549120037002e-05
0.3966914089669119	-0.45301802811703346	0.9948299037258349	2.949527345359467	0.004421509170614545	0.2521823082806749	0.011102418037750984	0.012161682461288284	0.01664445319233566	0.07250098028751684	0.04161064844321811	0.0032652709458918993	1209.6316918868386	1345	6.838831973519932e-05
0.40243275038337806	-0.44817799003651204	1.006102088115657	3.031727544707727	-0.0020557698559006445	0.24502289480335618	0.011288904035991814	0.012080425540874512	0.016636844663872694	0.07267234883227913	0.04170812576817754	0.0032223799207860473	1207.4193368832766	1345	4.843168445613947e-06
0.3976540871623215	-0.4488452630083736	0.9960741083613467	3.016472587044205	-0.003594828824192621	0.25131793128659985	0.011204337346489948	0.012139066958779834	0.016705237979275027	0.07311022337087492	0.041843942531038965	0.0032799022930479487	1121.5323081193308	1345	6.372874388614074e-05
0.2561401468987236	-0.29094842219036576	0.9448061976903261	3.081846889382376	0.8605505761256862	0.24933612503524877	0.0477328352128798	0.05410680208138554	0.030421182854977646	0.07686563549725219	0.44909245863528213	0.0033640507182393694	1305.210871750403	1345	0.001970431539279635
0.39752759307749497	-0.45083305692185094	0.9873067613374022	2.9635716653920023	-0.0009140159209245935	0.24728510797538739	0.011127322521826476	0.0121103995307966	0.016575396451088926	0.07249777010966615	0.0415759715854416	0.003232408075442805	1125.1023421932427	1345	4.2287353776390056e-05
0.25503596325793276	-0.28797365934013996	0.9467135187455765	3.0653088893529272	0.8870062498608747	0.25596689341701634	0.043586138852277204	0.04888081328011745	0.028204028479644226	0.07590284854431235	0.4184959374552258	0.0032902893932706483	1167.078502612375	1345	0.0010717393944895983
0.4005174063746429	-0.4480609963449187	0.9977272712492896	3.0121283802837424	-0.003631810051446309	0.24788695435583497	0.011263422934418215	0.012103215633466176	0.016677654007005036	0.07291492074204156	0.041769125817418755	0.0032477246809347665	1144.2918370547447	1345	3.969216949480209e-05
0.39848670213396836	-0.4502521295543146	1.009509981560751	3.0760751504725663	0.0004073102693647944	0.2484741780871299	0.011164524125700886	0.012107915185112292	0.016708060764067948	0.07322698598717144	0.041752325835201644	0.003243572163918611	1208.3060898083158	1345	4.0593604703806975e-05
0.39858071639316484	-0.4507887721577602	0.9898547735712868	2.9654768452106097	-5.321391156983643e-05	0.24999019363336808	0.01116667116174257	0.012122473471515152	0.016571302789440214	0.07240186047766504	0.04162944907407742	0.0032551973757627807	1165.6175544473822	1345	7.263164450743888e-07
0.39753014536208187	-0.44895651971592526	0.9946108924247116	3.003616541012861	-0.004468281738095149	0.2490969612373467	0.01119616325256367	0.01213605828639857	0.016691411940904656	0.07313725028697136	0.04178216825073732	0.003269344897085334	1242.445393919771	1345	0.0001575530058014024
0.40061762229021297	-0.4486057384295744	1.0125582596675995	3.0549723453952344	-0.0014190920864151778	0.2479564379838653	0.011265945419147095	0.012117175955419746	0.016748023908758965	0.07312039634759336	0.04182025338077769	0.003252985289432068	1148.0555793605142	1345	8.669681937240972e-05
0.40289006114689063	-0.448698866166401	1.0116641695579704	3.048819586831114	-0.000300111991724843	0.24797819435735594	0.011303348403482561	0.01209634316971072	0.01672189182121702	0.07318225811728643	0.04176082640220264	0.0032361439496900258	1205.2232906051547	1345	0.00015198236269327152
0.39808404668953223	-0.4480602607458087	1.0019371251051459	3.0683528474572284	-0.005237623799363957	0.24320120294227537	0.01118392614146646	0.012085008834057671	0.016688501938443775	0.07314679485774112	0.041761250226055945	0.0032124043675297266	1218.6987901537016	1345	5.213115872620097e-05
0.40055590385512024	-0.44972001184361354	0.9908517079006932	2.9813913903010767	-0.001281838869224077	0.24942910530307644	0.011223873135787479	0.012101225334312052	0.016563055392524038	0.07248612773094583	0.041650319779833474	0.003241380071444172	1188.7741661096295	1345	4.75567261114616e-05
0.39937774638470475	-0.45040852193910524	0.988943910189586	2.9448245713242867	-0.0004725839351955884	0.2507701122773612	0.011204530669670677	0.012131195544808633	0.01661716875997256	0.07255178714760083	0.04164266303133663	0.003266190289234963	1197.5120876879214	1345	2.7057252098546987e-06
0.2669154368895812	-0.30438924213915725	0.944772459739592	3.0842643130210408	0.7483670218995958	0.246913350043277	0.07999953876594151	0.09121584869059125	0.04417011436459367	0.07313775441385803	0.6862781654633088	0.0030751131896170217	1275.8089237419563	1345	0.0006097866425437198
0.39801167774921714	-0.4501711688580107	0.9750648674597686	2.8733475111988795	-0.0029905952276386445	0.24607451635828811	0.011171092509694306	0.012129245730775859	0.016496153687988582	0.07181156797494294	0.041524423702030314	0.0032321088142680528	1226.6140560069534	1345	2.3175417001465474e-05
0.4018736124585491	-0.4500949780113322	0.9916394262157607	2.9536206065802855	0.0005118355248612174	0.2511246757280738	0.011254114947123828	0.012106982317911264	0.01655499875417105	0.07224632753379034	0.04161387336918298	0.0032771480294093882	1190.7185038646057	1345	1.2202401506582951e-05
0.4039598887171184	-0.450024705902027	1.0050540308085805	3.0038376575777748	0.002985008620593287	0.25017533067760717	0.011292356124541554	0.012087858409256223	0.016582411694272138	0.07226819864051236	0.041641178485726744	0.003251267099085128	1168.7799846982014	1345	5.8353782121072946e-05
0.40521144337432274	-0.44699916224605096	1.019102615111143	3.1338452478452075	-0.001853787876505726	0.2481153581834703	0.011361174538897584	0.012049261263681676	0.016717557953916655	0.07332868727305696	0.04184685741818612	0.003246834236849543	1218.7558082964945	1345	4.892022581458375e-05
0.3998118418013648	-0.450815507399651	1.0018980968023339	3.0230590403016735	0.0018265446063682397	0.25371277401065584	0.0112045226893896	0.01212716739363105	0.016654365855281263	0.07285293909063949	0.04173979915639718	0.003283894557924837	1243.3051272105013	1345	2.610345459401892e-06
0.404029444533777	-0.4490485157462872	1.0108447825977536	3.05912138036346	0.0011182403742632015	0.2527669972602249	0.011324737811251475	0.012095296693525201	0.01673087899761938	0.07332703465569222	0.04178870123368563	0.003270134785993703	1302.623518072437	1345	3.0321205175573657e-05
0.4005112499088444	-0.449153611253826	1.0188900291912464	3.0662906628215265	0.00035703980653367147	0.24775833845814296	0.011256747431452533	0.012123577442250432	0.016814630214669054	0.07336992631185342	0.04182112687145904	0.0032574818087398824	1147.1260701967524	1345	0.00011500950194653132
0.7017068675237292	-0.7892127306608892	1.0865170330195044	2.767985713332196	-0.6617766681684847	0.247609871685187	0.10757704585627455	0.11973791876168614	0.035320998892735656	0.09940246002784592	0.13220155993668659	0.0033944404862046454	1140.1583537866002	1345	0.004108855640351533
0.39740224006840474	-0.4510314256335972	0.9864595460834409	2.923379210989211	-0.000583511005330009	0.24940845055579414	0.011155283876477568	0.012150791878226532	0.016618730777723103	0.07253307829811581	0.04161886676191184	0.0032585893915358906	1166.7843899402849	1345	9.153155037179789e-05
0.396288776892824	-0.4499230121362624	0.9989583500438123	3.0072858794153303	-0.0024469150958176464	0.2475174652750004	0.011145134545091922	0.012140406794710354	0.016748796837526555	0.07322367895744651	0.0417416994745753	0.0032609599850144293	1161.1645571126219	1345	8.241958624340497e-05
0.39992050473648627	-0.4504782287288237	0.9937936191500722	2.9858482973475717	0.0002539144997583809	0.2512768420064462	0.011203750498010322	0.012115226064586702	0.01663873922294503	0.0728594723595198	0.041659262713055874	0.0032698954547436213	1189.6883830677139	1345	9.245356669872483e-05
0.4030437985843058	-0.45043370386421966	0.9986205495237582	2.9723765284273798	0.0025583370645391023	0.252444207508431	0.011282230581401648	0.012113042659728039	0.016584009264459146	0.07236098378939025	0.041652099958895794	0.0032682479855262307	1184.4289080754381	1345	3.86945444551612e-05
0.2623288754985719	-0.2948879005979021	0.9542050385260175	3.116140000702497	0.826200737060961	0.25182374274415553	0.06195433703264633	0.07029897173253111	0.03714366628985818	0.07634142375628364	0.5650377201220251	0.0032795241069772927	1223.5919412439412	1345	0.00036633067601591366
0.40249650164790096	-0.45041074211524834	0.9831646864521555	2.9081527260467586	0.0008516038540710828	0.2534466698440772	0.011277123377490768	0.012119915057202675	0.016469813083835355	0.07175396462154793	0.04159521326849057	0.003273772685456032	1292.8200874057015	1345	0.00017142407681053335
0.4036939111027205	-0.4469647993952165	1.0182576191883321	3.099907539410889	-0.0028477484730112645	0.24588289220394896	0.011346572959155502	0.012074807943397953	0.016740667533041428	0.07323781229348444	0.04184697413969649	0.003237152085842102	1235.8892266491648	1345	2.6540533146626504e-05
0.396441481932771	-0.451477402738158	0.9913595028094799	2.977546949070502	0.00021024552339871382	0.24986632640139336	0.011108756719265495	0.012134826289501806	0.01660164187344666	0.07259687325872567	0.04163660465956153	0.003254673198241117	1274.7575839800493	1345	7.774824193289406e-05
0.40129189795358405	-0.44961354216202243	1.001723839708532	2.9954241692313373	5.9373566831533746e-05	0.24947302957681136	0.011256391479416306	0.01211400679835022	0.016660206297935066	0.07271226447162438	0.041696024481525186	0.0032611038817002592	1292.8622081518788	1345	3.4972136060205947e-07
0.399897156666626	-0.4512616363314926	1.0070065942076993	3.0300032157007335	0.003333365925768488	0.25234869285168077	0.011196811298570118	0.012127592042603616	0.01667466589059104	0.0728568968503308	0.041722205982779634	0.0032500674164805407	1147.1956278459359	1345	1.700821127790266e-07
0.7820890684164321	-0.8658170477532032	1.1197816010580581	2.8214685763554685	-0.7403666517772133	0.2515473683462266	0.0706155441832304	0.07191911168992353	0.027151880059961914	0.08471529681793344	0.06703748734305987	0.003247111609266627	1169.9694318059542	1345	0.005394924493971392
0.4033889477933176	-0.449595458857417	1.0229211249487906	3.1028644522176325	0.003340533926279811	0.25072571958588513	0.011290778239407533	0.012090035808947833	0.016741132533668202	0.07313690153926578	0.041794917470611044	0.0032616315475606098	1136.0114118255315	1345	0.0001612633765527799
0.3980632744129509	-0.4498069741021165	0.9771369556019152	2.913006032886548	-0.003802118624053954	0.25156324527798724	0.01119327891836431	0.012141283022853895	0.01654825274715668	0.07234986291127504	0.0416528233771635	0.00329202494230449	1236.4297161734964	1345	0.00011594459194104445
0.4024427085338903	-0.4502916344255928	0.9952918394951284	2.9800155303375115	0.0018171521651355982	0.251196914441756	0.011253337863218513	0.012093712615637027	0.01650144604687398	0.07190168036891523	0.041620422882117716	0.003260814488331949	1196.3392492165603	1345	0.00015185988747765645
0.3971071211805561	-0.45063363830010905	0.97717654976964	2.9233788010625834	-0.002495697398293963	0.24740065717285378	0.011125850635102146	0.012115504973869162	0.016505685890445168	0.0721635025715627	0.04154846710138312	0.0032305054136252645	1289.290666084043	1345	5.433757370509106e-05
0.4004363210143029	-0.45065660433090543	1.0072473460231874	3.0244511209306553	0.0022440062462991774	0.25365502268703133	0.011235090897434387	0.012139889521434946	0.016688484882993463	0.07295880294011818	0.04177511936448091	0.0032804667305896423	1118.3984476080736	1345	6.074111252318424e-05
0.4051817058249058	-0.44734489855040005	1.0001156583034203	2.990060005597775	-0.0027935912504601108	0.2515058316286128	0.011398221084108139	0.012099732335313298	0.016622406980352968	0.07253677008479271	0.0417768580114231	0.003290341152365022	1300.2907868331822	1345	4.024009313889973e-07
0.399003772759197	-0.44980279664355954	1.0103454132228176	3.064775377598152	-1.4391129023250192e-05	0.24964412811836612	0.011199851712104875	0.012120764297722091	0.016715428949384725	0.07307777035948587	0.04179715638046325	0.003263231516706558	1149.3348027016834	1345	6.232457073534408e-05
0.26877295261473494	-0.30103118415316726	0.9575145018966925	3.048044420891368	0.7890747074647919	0.24821648027826881	0.05523070190968216	0.06169148509333656	0.0323746915912115	0.07244512214704621	0.47904097963882336	0.0032057735465743785	1186.5406033589625	1345	0.00048047771410015785
0.7209243370704933	-0.8189976152752954	1.0996819162148062	2.7946966970927893	-0.690511957107729	0.2511785523927141	0.0929054562180526	0.1070364598277909	0.029172082255034985	0.09862951615366508	0.11028969911548775	0.0031905389317087294	1229.825802129029	1345	0.006859797691220784
0.6677672240194822	-0.7412842933602006	1.1004955738141522	2.9455238624262403	-0.6166809399549583	0.24918605690958684	0.07960781883517336	0.08794400530454614	0.030135811150411678	0.09161906834447196	0.1103411462078612	0.0032626772098463186	1227.7794548598579	1345	0.007503512376397807
0.7887467085868667	-0.8924024162165275	1.1130581380068134	2.7595506336208713	-0.7636146894097169	0.2479596325668837	0.1103447998564312	0.12539759033949058	0.03125012454874039	0.11114315167496301	0.1073395821948745	0.0031662074398531312	1195.0047114910867	1345	0.00798904772598229
0.4000693015459025	-0.44863773973605453	0.987315940075892	2.9421467006642854	-0.003986609321105175	0.24826028048926055	0.011254673224928527	0.012121419955895867	0.016564231012673847	0.07217562570953404	0.041684185081299646	0.0032624948351988917	1201.1078294616627	1345	5.461687913220869e-05
0.40267513732820753	-0.44949580171778275	1.0165687763750566	3.052908236904241	0.0021491371101255625	0.25042147855050406	0.011295258434378931	0.012113008869988184	0.016758078435445706	0.07310294441715065	0.04178645531552733	0.003260929804288434	1283.8364486248618	1345	8.714993540381677e-05
0.7370549391204444	-0.8117897660672975	1.1347722274290981	2.9490971330336184	-0.6941103531874095	0.2496261077499067	0.06361447072336847	0.07090854169286125	0.02342376370657079	0.08526352719377069	0.07131475154072275	0.002842212380950798	1291.7068705989147	1345	0.02225630502004885
0.3984234263595932	-0.4496225153870548	0.9987774489466075	2.980190548149939	-0.0017145004188396347	0.247039891175993	0.01120072154164011	0.012134511663809761	0.01665175429648902	0.07254146803337619	0.0417082370083846	0.003243003596302263	1268.4405117162896	1345	4.1360540159405916e-05
0.25012361920140186	-0.2818765686274539	0.9585897874091639	3.1517448594666275	0.9452223123981808	0.25626660946086927	0.051450182323410545	0.05579543575440491	0.034049478529799705	0.07664011813235994	0.5033128814761285	0.003234647001573098	1158.8775512941916	1345	0.0016012373118140875
0.40272013989515276	-0.4492471970374678	0.9917035229801462	2.953845743928843	-0.000983515821764072	0.2510097455913346	0.011297141597322286	0.012108888181174646	0.016532785051045048	0.07217694285704092	0.04165810684769428	0.003272782966234172	1209.2046807562438	1345	0.00015181994997559174
0.3982461268827431	-0.4505494271915266	1.0116216008125944	3.0648365742223147	0.001337398890648803	0.2547507376683031	0.01119780788915962	0.01215680369416368	0.016785081482786686	0.07339942956019031	0.041880385606362265	0.0032877971064504343	1129.6340198426226	1345	9.54851063026668e-05
0.39338570893072566	-0.4531273907250528	0.98556327474681	2.9361135026022316	0.0017408039378264354	0.2519089131390722	0.01102872757270502	0.012176131220984359	0.016602372990464524	0.07242319822242954	0.04161664836518438	0.0032652759063144655	1265.7784407762829	1345	7.5063921298501275e-06
0.39660323434339334	-0.4514199738679665	0.9962262705085041	2.9708747954136974	0.0008707030963541399	0.2511489005782069	0.011140689041279952	0.012166563987767701	0.01668406193669554	0.07281207350811725	0.041718020883297874	0.0032586373468503904	1195.4422954603665	1345	9.874841507440682e-06
0.4029671162684157	-0.4492327164805471	0.9982798723293682	2.9654522194125583	-0.00019564648994225094	0.2489738976459068	0.011304196375822735	0.0121094556595482	0.016617486391856322	0.07250741690460051	0.04166416054579755	0.003247823463483814	1228.3459988523712	1345	0.0001093409553327145
0.7202295587667948	-0.7885155159736611	1.103167230528557	2.8599771989123863	-0.6753526653520658	0.24758304534067185	0.05155622158352404	0.054143093414859615	0.022429347171050575	0.08549758145503568	0.05885654443877968	0.0032390249992725025	1136.537438380839	1345	0.0033104197181762435
0.4011214666906567	-0.44808836411658154	1.0147443251604968	3.093443746314079	-0.0022606126176060778	0.24474976385813813	0.01125742474100074	0.01208024215220557	0.016734361654557946	0.07326255522080656	0.04178820652355006	0.0032200018449114907	1216.1583735489903	1345	1.7166824729220695e-05
0.39761968658157365	-0.45067868762153385	1.0076549223884461	3.0120637069040606	0.0010132018214501586	0.24946166729282432	0.011175482061342596	0.012156049346408728	0.016762317698747475	0.07305803289505952	0.04176822307160923	0.0032540228821319995	1234.4954447652365	1345	0.00010163043133005242
0.4033036676980802	-0.4469968507778765	1.0139269894735274	3.050307234744852	-0.003360293139618091	0.2464016609557988	0.011357053864943139	0.01209975409591349	0.016757569959313497	0.0731796502071499	0.04183683708176698	0.0032504963622841275	1143.2604912395618	1345	2.2352175724074654e-05
0.39152342536454476	-0.45374233866044594	0.9770621139551794	2.904391645079052	0.0009936665995004161	0.24689917262714714	0.010947679157618198	0.01215671543059513	0.016596892762387083	0.07254580234411236	0.041459300354612094	0.003233963590357338	1144.8986736655197	1345	0.0001231589792400602
0.3963392990905547	-0.45044849302407536	1.005871653189171	2.9988760315864305	-0.00034519604928468607	0.24733538012114994	0.011153765252974918	0.012163587547799221	0.016775334306471816	0.07306655382157125	0.04176276394471622	0.003246037209336931	1157.2350665383124	1345	0.000147168926257885
0.3970365223028441	-0.45136100793712336	0.9895254407910737	2.9394431978271394	0.0003551784397907328	0.25439645410349204	0.011164621614218816	0.012176422593350842	0.016671357107045835	0.07273921449448477	0.04171751910555933	0.0032964396966693307	1238.49948684798	1345	2.7257405849863675e-05
0.26258194270401053	-0.29527251557161205	0.9343570116083564	3.0296552861484374	0.8034011727182944	0.24929287394442717	0.051574572281459743	0.05792936152083466	0.03129062990284195	0.07675809079640904	0.4623231681602308	0.002851836832192951	1187.824350106398	1345	0.0004885546481498457
0.4005231024293595	-0.4493875392623247	0.9837050575076788	2.938158579663815	-0.002742786286862189	0.24990232241044094	0.011242150313626189	0.012114983658872942	0.016547551482192616	0.07234490026928156	0.04164014144963541	0.003252976494920175	1182.447465082887	1345	0.00017283554353246685
0.40840077348819487	-0.4480880912180372	1.002654181697784	3.0031324879490313	0.0008505381936808136	0.24920626866465362	0.011410889620731595	0.01204372892530056	0.016534801278624594	0.07222774006119823	0.04162051219648103	0.0032422418139295625	1169.6310139636405	1345	6.967725289993522e-05
0.4008820956591234	-0.4484980929879509	1.0061463542427984	3.038264066760148	-0.002170435854527498	0.24832603752429394	0.011268002589907176	0.012109392361146267	0.016689695282014118	0.07294827695278193	0.04178852727648874	0.0032612883256259483	1150.4032410788795	1345	2.8910014636913114e-05
0.3949831882804403	-0.45141032062651076	0.9631488402410934	2.8285090809369553	-0.0032600563453749256	0.24663763190672777	0.01108114971245257	0.012148077382563344	0.016405588408311477	0.07143206445521234	0.041448342992182474	0.0032416943859951194	1142.1997900184547	1345	5.3727656329507306e-05
0.40386089076411197	-0.448122980575546	1.0090704301982318	3.0464956347000407	-0.0011616891139622147	0.2501117746944563	0.011338401585255406	0.01209133447421348	0.01668670432217784	0.07298294958143096	0.041785971377102805	0.0032589425680701837	1224.4325267509657	1345	3.7820058165364276e-05
0.4032523295249856	-0.4494563009725715	1.0111774583872166	3.0466776448552246	0.0018525198307835023	0.2535120022956542	0.011309498985965885	0.012111234122883688	0.01676044964659388	0.07326930263565784	0.041796509690709686	0.003282686679282849	1141.8652851695108	1345	7.848729282834269e-05
0.3998278585774994	-0.45086739240640994	0.9966677801352395	2.981921442535794	0.0013987233465970307	0.2529806138626565	0.011210677134313167	0.012135994611848892	0.016669992714276622	0.07288842507285664	0.04169771926490976	0.0032711187270147326	1258.9500491985896	1345	4.838920811488485e-05
0.40718329590230073	-0.44608519356139753	1.022963362627958	3.1253150343854275	-0.0025889882076189316	0.24714973338204138	0.011432886615956907	0.012047747961588497	0.016797905963617056	0.07372406115659978	0.04186093482068939	0.0032451456125025986	1159.2412631955976	1345	0.00014732746006953232
0.6958931641623213	-0.7854717284739804	1.0959408143405138	2.8473149592906783	-0.6600438278858651	0.25205970089379587	0.13617044330370395	0.15309665817586487	0.04200050666764375	0.11285376516138368	0.17067322016202793	0.0033180468657619247	1212.546951913284	1345	0.0018388975378511232
0.4022554905814507	-0.44941967209296546	1.004806994339429	3.040548361450537	0.0003081702719294773	0.2533311518684407	0.011281099871331092	0.01210757541702634	0.016665801181557405	0.07300898658968939	0.04177639907066407	0.003288190040890226	1238.1918515503771	1345	7.387029440447971e-05
0.4049121369247058	-0.4476735332461064	1.013828312160172	3.064855143224964	-0.0009069343035559068	0.25021824109754726	0.011372186745672596	0.012087026010889882	0.016734926906423947	0.07315663943616561	0.041826141809481125	0.0032620699879384817	1259.8627833543921	1345	4.3327168116722035e-05
0.40182739681427027	-0.45018631775826945	0.9867842731981187	2.934879525064424	0.00034482789497377757	0.25030480915611625	0.011250058922536204	0.012105459222648659	0.01653621384652668	0.07212991843465048	0.04158750640269024	0.0032455985872841355	1187.6774146535643	1345	1.4613117948178099e-05
0.39575238334176943	-0.4509738799528205	0.9971783649750029	2.995688532713843	-0.0006265363688150328	0.24631086886383247	0.01110098519222279	0.012135994258673764	0.016669803588190514	0.07283894510699745	0.041664619444389143	0.0032269574993200045	1095.8209946300922	1345	1.6643932454112144e-06
0.2662181932609215	-0.2969440276962388	0.9445725435777558	3.0294041979217288	0.8011670853281336	0.2499149873160252	0.06024728767403613	0.06758220251627621	0.03437962542649907	0.07500966326965879	0.5358608656441949	0.003266744903941516	1201.0205323244259	1345	0.0005120102528288637
0.39682853847344496	-0.4510637222053507	0.9948789673127139	2.985760469853986	0.00018123377151082885	0.24735931886360069	0.011117050970653755	0.012124551971757169	0.016642006011790566	0.07263527958179565	0.041630877696021945	0.003240822701377879	1189.3522609631646	1345	0.00013318192292090163
0.3975426260671223	-0.4492341809636094	1.0098506119944721	3.0627890118065615	-0.0020840694626909546	0.25106034307502	0.011203130006901338	0.012150031358836669	0.01678495472590784	0.07336616989182919	0.04189608495347922	0.003279391209674185	1335.2730864286088	1345	0.0001502252299631712
0.7575835807817138	-0.8515327458072225	1.0937556241187119	2.740463174992913	-0.7247290624605974	0.2542022433771822	0.0766021970936533	0.08688499996556463	0.025350987902726125	0.0872678960348773	0.08226285271470893	0.003305968350888425	1136.559639691166	1345	0.013636023552893471
0.39948983786469705	-0.4498966218915885	1.0053903549586836	3.050595440940501	-5.0625674362268606e-05	0.2521637105811709	0.011212355156693594	0.01212140076055021	0.016711721387162103	0.07316016463664299	0.04179137983422321	0.003276211301518983	1214.229393712374	1345	1.6102605636478684e-05
0.27667483964722284	-0.3102846240908511	0.9387461180151075	2.981974489301663	0.7071372106465146	0.2539192628058979	0.07747886448633436	0.08689624984644295	0.04276075957010733	0.07496004170242784	0.6284275120996877	0.0032096744437685315	1219.5330609188147	1345	0.0006383651434076024
0.3954418376685451	-0.4541771951692206	1.0190519006234615	3.085359407444762	0.008322239963240509	0.25697245538387586	0.011057665135196959	0.012173717031554598	0.016787754190287073	0.07339324642230474	0.04178885802351873	0.0033031020543482685	1193.677265552672	1345	9.305611613114314e-05
0.400534691356102	-0.4502095895503656	1.0074925685049607	3.0564797414828266	0.0014190477541957264	0.2512833550388394	0.011216602930879125	0.012104666886931757	0.016656033907016744	0.07287591441861516	0.04174263957822322	0.0032639804598345477	1176.1642697113944	1345	9.603716317748093e-06
0.26079911424825963	-0.2927299145519235	0.9538966036292508	3.1117825906222083	0.8503667111495005	0.25538853509934467	0.06998559816722127	0.07854969659995507	0.03975810761023498	0.0729219054457619	0.6456796394034909	0.003162326158168974	1196.9121368113983	1345	0.0003413848719400692
0.3952575915637237	-0.45051139247413025	0.9935739802716305	2.9780908318084207	-0.0023223478539060164	0.2480766608589439	0.011120488049517954	0.012158602758245221	0.016744229375202837	0.0732307652603878	0.04172547311567619	0.003235938727277316	1226.9845146701095	1345	3.645682020414794e-05
0.39764669025841015	-0.4510326135285079	0.996987706110508	2.9850311505288314	0.0006605560387907904	0.24728842593017708	0.011138452567450599	0.012123156677485623	0.01662107435132815	0.07252197520843515	0.04162585600649691	0.0032369396022140806	1205.9003018628498	1345	4.727195399187678e-06
0.26176186010232627	-0.2935907083371362	0.9416664129323232	3.0259714273372254	0.8355001338376137	0.24735242983399136	0.04850507837233145	0.055180882372442265	0.03407252382889115	0.07550629927344088	0.4513266483316289	0.003172168595385547	1250.724280521609	1345	0.0015988257806350407
0.4007923118640974	-0.45018492403992727	1.0029207204811994	2.999888705453338	0.0010415635491078405	0.25089900096405443	0.011242148540377516	0.012126780773744256	0.016712732924382037	0.0730457281432398	0.0417169017527981	0.0032434480243775233	1203.0565885787032	1345	6.259185755784139e-05
0.6531803513666369	-0.7304780206359401	1.091191716381598	2.8862766750628532	-0.5956081382590567	0.24292719716696096	0.08673786130371529	0.09728282217468856	0.031621832712477364	0.0924428931201044	0.1261103192637101	0.003195547718953077	1139.2777857382994	1345	0.006253015342999108
0.2529759516130783	-0.28522455266351454	0.9376486355401258	3.077671231999089	0.8921499098091367	0.25087177222221496	0.05285577587585045	0.05955339093030178	0.032471194279140275	0.0753149295934276	0.5113590230887127	0.003272275419039629	1197.1758384980872	1345	0.0004362653551607335
0.39927774969340896	-0.44950140057134064	1.0058486239703295	3.042993730232059	-0.001042611081246152	0.25442812024326544	0.011240681950979445	0.012149503357159653	0.01678123618949459	0.07349448121785203	0.04187817669118168	0.0032942182944520823	1231.7138131498818	1345	9.150498374862862e-07
0.3980945938174841	-0.449881446980971	1.0059920427868891	3.0600637823154684	-0.0009316758507431014	0.2530609434824925	0.011193968302499071	0.012140867270682133	0.016758538442040755	0.0734584436762553	0.041854185903607725	0.0032923626728680057	1150.4622501439835	1345	8.600911456205196e-07
0.4001538211245317	-0.44927445310718994	1.0167825500182475	3.074330044045892	0.0001724072086113638	0.2487624789332635	0.01124473708457271	0.012122789872984149	0.016807631496211242	0.07343246019807795	0.041836281842674065	0.0032467541279123046	1224.281034482004	1345	0.00010549400618029925
0.3988578892409665	-0.4506343078767618	0.9977760169622519	2.978882608748292	0.0006044785915693072	0.25267292575447	0.011201879343809848	0.01214839929033562	0.016635283925022223	0.07254065235906906	0.04172712147944359	0.0032875166416219434	1194.1069856986824	1345	1.0261240927757126e-05
0.3963782331422587	-0.4498597922936592	0.9874713114240999	2.954906607948841	-0.003538395708762476	0.2455350613397714	0.011138362586212086	0.012130841048388229	0.01663409052979628	0.07263615608844844	0.04164565488888488	0.003230986049622795	1232.5590026536343	1345	4.5321524607706606e-06
0.40191967427721775	-0.45139158329786805	0.9752886873386816	2.8622480999608655	0.0019017573481338295	0.2554347256021977	0.011252355336198817	0.012136841009404901	0.016410138321948337	0.07143619308777203	0.041537310369791774	0.003288531212742829	1124.8228184598815	1345	2.9806359337018368e-05
0.24664682785957773	-0.2758843042230139	0.9548452958201262	3.133014867831968	0.9937640553809813	0.2524299535344406	0.05529845803662732	0.06184866631087501	0.03314092139035842	0.07287207825540021	0.5720913778786374	0.003286103169492177	1165.171868464177	1345	0.0008773977713738985
0.3980225089252306	-0.44920231163936514	0.9948931633083078	2.9784781858423477	-0.003374827143092505	0.24641629636865808	0.011195187829814855	0.012129110460800186	0.016678943843875586	0.07283320938278982	0.04170664744189305	0.0032396010987235184	1223.3265589239481	1345	1.7362733066254641e-06
0.40156178760506245	-0.4492000146354464	0.9911417455009301	2.953502241732252	-0.0017195394989947051	0.2467676286607024	0.011257974512069079	0.012097916049366962	0.016568070853227684	0.07231936995904452	0.04160913057362889	0.003229524420518644	1138.0400267569876	1345	3.524550961744081e-05
0.3950947148429909	-0.4513247728327796	0.9729494648297479	2.899972291223282	-0.00246372547977952	0.2514491471061479	0.011094643219197217	0.012155495643990584	0.016564312200025227	0.07239571101887778	0.04159913381345662	0.003276864312614548	1164.347456427686	1345	6.827185541696492e-05
0.4049546876304372	-0.4494738339723592	0.9902029835005398	2.944975651925622	0.0006550851395092607	0.25413057854243853	0.011342441960162259	0.012101410129095673	0.016510260219606797	0.07212000709724513	0.0416421396554465	0.0032851098056596783	1114.4277160974523	1345	0.00019922858907997138
0.26415087143031196	-0.2980064839144769	0.9317575576183337	2.96589138569634	0.8039474442001623	0.2517048735205557	0.08307435406602882	0.09345792778209845	0.04581163656159195	0.0769997887220246	0.7397861058438968	0.0032957001619573173	1171.7970161186968	1345	0.0002255543548823619
0.2622591019145804	-0.29333143160967384	0.9671969460408151	3.148519488030244	0.8465104820450811	0.2546770121911806	0.05891076105320623	0.06587199018287586	0.03440666541463722	0.07421365654169726	0.5357598579118723	0.0032967354588522325	1143.7440056152905	1345	0.00168603305711475
0.6718746686805072	-0.7545800510688929	1.068118642684129	2.7471783149153737	-0.6254016969044854	0.2423759250149759	0.12103349510502925	0.13735122597621371	0.038849908046923544	0.10434093122009863	0.16569589711932464	0.003193214405257893	1136.936268493333	1345	0.0014477979662824696
0.3991882748034168	-0.4508907856556349	0.9986205614028704	2.9860498151346078	0.0014414519572291788	0.2480308114385556	0.011177864167597746	0.012119462198369018	0.016599698936910875	0.07239331012056285	0.04163640328492829	0.0032264532038684735	1153.6768833382412	1345	1.821334943661105e-05
0.3994336515309934	-0.4506353517518601	0.9978089316509475	2.9683905787521296	0.0010006507095650938	0.2543850270686676	0.011229860325543344	0.012162075330471247	0.01665095063275743	0.0725760640732715	0.04176070058074233	0.0032911377935060104	1163.136426661907	1345	2.692207653974661e-05
0.39795087349594477	-0.45140184104359266	0.9760647726157542	2.8739197717087395	-0.0003719950621183163	0.2455409610282237	0.011128856193986954	0.012116345778904082	0.016442731564893766	0.07160741269273949	0.04143056562793781	0.0032272240414285337	1135.849964947201	1345	7.727887609662855e-05
0.40086858716738427	-0.4500704643861609	1.0187194455781032	3.0617559400018397	0.0023448571828464924	0.25169825653151423	0.011256294949854395	0.01213614638169395	0.016801619953658697	0.0734144989754779	0.04182366080541322	0.0032743734666906815	1196.793910938754	1345	2.493790567805316e-05
0.4014710999894579	-0.4500726532556495	1.0196097209627735	3.0539948845178286	0.003058117399606942	0.2469841388835029	0.011246705580323726	0.012109635694722764	0.016742367452422885	0.07290957288550408	0.04172949651481846	0.0032315232587591313	1131.2626106491302	1345	0.00013184297951402354
0.39948897357181135	-0.45028038967885287	0.9622000928108357	2.8338209781122377	-0.003272012735241613	0.24879584945194633	0.011193452817127456	0.012114148386978522	0.016359474366359615	0.07131622981922273	0.041451087343227715	0.003245260604421643	1148.7249920502063	1345	0.00010951062446063834
0.3989242815114203	-0.45196012882701986	0.9968531124211204	2.981995746465788	0.0034894454044444062	0.25350590467940604	0.011162526731102561	0.012136423860896046	0.016576173178393293	0.07230222405660601	0.04165383079619232	0.0032792316238209	1143.3710387645042	1345	3.897494846412257e-05
0.8459395067910801	-0.936431064061851	1.1263694966257274	2.745407963832161	-0.8022287903183547	0.25303860165347347	0.08896423202483422	0.09805557189429351	0.025004508385996143	0.09924570433565773	0.07610953638533226	0.002891264861528056	1130.4414300916105	1345	0.018667624980345368
0.40405886635447463	-0.4490223412687158	0.9964736855671575	2.946946827268389	-0.00011894603401795215	0.24756034473793176	0.011324994478101383	0.012096809912031443	0.016528369243716385	0.07195520071931359	0.041612635523339075	0.003241471254091135	1215.7901958835434	1345	6.933695114795836e-05
0.4041475516811996	-0.44937807506666916	0.9957669839052711	2.962435532777608	0.0007019701782599022	0.2536595177103494	0.011334404696158993	0.0121121707208528	0.016595838177122187	0.07241755230130247	0.041691760039077146	0.0032939999962204214	1251.544294793391	1345	1.2751090021476837e-06
0.2705792114129848	-0.30203480657658793	0.944180084310963	2.9929799255017446	0.770944807316933	0.2475605662556344	0.061834291533066875	0.06855324151351173	0.037732178733243284	0.08695751521597662	0.5232340142471601	0.0032336490374781568	1227.9301620376082	1345	0.0015670175068477692
0.3978318489242528	-0.4521738557868967	0.9795965122360731	2.8652729728371256	0.0017637339602183412	0.24935210180071438	0.011141331047337354	0.012151914799872014	0.016467438689992186	0.07152584954043426	0.04149520879980335	0.00324963805996441	1195.529339500599	1345	1.3052206088715503e-05
0.39491487311732026	-0.45345462001548154	0.9987536430525106	2.981962196707371	0.004650591068364091	0.25309519344049586	0.01105861407115082	0.012172601827174948	0.016646277620792235	0.07256692737434486	0.041663506335332764	0.0032744823587727446	1238.9538907993442	1345	5.5319331138586166e-05
0.4040204098726496	-0.45038451948908387	0.9890570040202731	2.9127246993013465	0.0023612040416662477	0.2545699607739419	0.011317466393973049	0.012123351048264475	0.016498759113272525	0.07175204284328573	0.04161677490713182	0.003283300949655974	1223.4539792651922	1345	1.9304995606109898e-05
0.4002242673047619	-0.4507037930639374	0.9836663438760137	2.9297011370843116	0.0001116407008608352	0.25440557421656623	0.011218740094611003	0.012130004933923287	0.01652982464988743	0.07217532160448749	0.04162855057518321	0.0033008439819935884	1189.4080674472364	1345	2.4380311757608153e-05
0.2694743002697162	-0.3054085709492325	0.9542927118635568	3.045772567954945	0.765720990678454	0.2550731391876328	0.03661705736499562	0.04248236553025204	0.024674027709984406	0.07339784244928538	0.3241426965401317	0.0033274452754654504	1192.6632420955625	1345	0.0013825475040476073
0.3975398609823737	-0.45114169690789824	0.9966073892279785	3.0075285886168026	0.0006174321514432578	0.2510745976082936	0.011141569851983807	0.012131217952384364	0.016622784077764574	0.07275040550756094	0.0416950235720561	0.003258304440418799	1171.3890258657623	1345	3.124580697594492e-05
0.4031694409468652	-0.4483000971106395	1.0143818518598808	3.0714238319249434	-0.0006539703848384503	0.25051860272035803	0.0113267077006169	0.01210249470313404	0.01679121992942269	0.07353997239189443	0.041839425001300556	0.00326225468849778	1121.3601036434247	1345	7.034188253952817e-06
0.40043112058769276	-0.4505108032932694	0.9765879416566248	2.869301239522377	-0.0008802004733877719	0.24820396382773388	0.011216239168911752	0.012119094163063929	0.016462736468085232	0.0717161544446062	0.041491949799892826	0.003247618893437341	1187.069783077746	1345	0.00015148513143921984
0.3963086925925174	-0.4505499309910843	0.9854720813708865	2.93400644696744	-0.002300353737229937	0.2502912031144792	0.011145847266080604	0.012158157819836661	0.016646415250836107	0.07268900562411741	0.041674799154839015	0.0032785397238069415	1219.2545375276309	1345	1.341306115098615e-05
0.4028174228274996	-0.45013527678352994	1.0154350480783436	3.0427687958452343	0.0035111359450485735	0.24820152930536526	0.01126872740370874	0.012097096084925471	0.01663640644202775	0.0724711158835151	0.04169512085296226	0.003227259459710685	1156.9943454680933	1345	4.8391723031133424e-05
0.6908770340004455	-0.7835192616252614	1.098805299576939	2.8905579140407514	-0.6610798610011863	0.2488294880239854	0.0774495349778533	0.0872083281244268	0.028016706521965296	0.09333612130808128	0.09862496395328635	0.0033684435576744835	1240.3265439883858	1345	0.008024696061620262
0.4058367919250216	-0.44945741031318914	1.0124907108220982	3.0444505808600923	0.003236510861652257	0.25236313966538304	0.011348008036091359	0.012080674390561597	0.016653795658521247	0.07282358210224399	0.041712776069581424	0.003271882664593831	1186.140818340439	1345	7.03987504793769e-05
0.39761772883569607	-0.4512268469250685	1.006152320136338	3.0288127287886715	0.0018435556992480277	0.24720614774977825	0.011130280005730247	0.01211988283136608	0.016699186090863207	0.07297589366832295	0.04166417896771414	0.0032356937226147306	1211.4093720135893	1345	1.2166037532485354e-06
0.3978140644859217	-0.45075230790956855	0.9648552102840441	2.8140284463280563	-0.0028859283125063505	0.2440060983950394	0.011146115728421467	0.012123134366253589	0.01636242797159282	0.07112715425737082	0.041386161397808735	0.0032256381596073758	1165.2116801236443	1345	0.00017272452474918464
0.3994271649828843	-0.45044888593331917	0.9849863233237746	2.906552286373688	-0.0007022933257469102	0.24733826447620172	0.011197018960178254	0.01212453450013726	0.01651389432757844	0.07190303872090786	0.04155017225335063	0.003247715904742734	1126.246332969904	1345	2.6070224617507753e-05
0.40207207168522496	-0.45156300176486963	0.997652273649156	2.9406980912641085	0.004499440580320724	0.24923127887484062	0.011228957876580388	0.012111833043630539	0.01655131648060404	0.07200167231906641	0.04153318976400444	0.0032403617831872787	1189.853009433417	1345	1.9933226382179174e-05
0.2506091892838414	-0.2843875182893976	0.9385542819196416	3.0477099872886426	0.9195991749592881	0.2483893344107073	0.03629942275197228	0.039463934959538	0.025603149260947502	0.07689563076155555	0.34967475378040386	0.003176730383692962	1168.180447781982	1345	0.0004808219110008184
0.40523736082542955	-0.447365013681749	1.0237849412995959	3.1252265473502123	-0.0005406962060564828	0.2510206377475078	0.011383249472303453	0.012080362018240651	0.016758050366304886	0.07331247824526814	0.04190758457443988	0.0032732027576221788	1199.3908091378958	1345	6.710880885749728e-05
0.3979120053444083	-0.44784738381067624	0.9964163296274223	2.975598682621702	-0.006203981459414243	0.24431299688796687	0.011230685963011898	0.012137017756640807	0.016671497460240017	0.07265188447667219	0.041766614898916456	0.003246628696909469	1215.7102122148526	1345	4.920461352487176e-06
0.7630909037377461	-0.8476022827956043	1.1233544367768502	2.8643979696839335	-0.7305964958039745	0.2467561365970593	0.07910544725494535	0.08729715447608395	0.02579080811043793	0.08945300295667699	0.08327344498279454	0.003194238781542069	1117.11183694248	1345	0.014747579873605749
0.3996018565767712	-0.4511142899644455	1.0016489800721997	2.9860439060144635	0.002761317591630342	0.25237351079036396	0.011200126129310976	0.012137085214330922	0.01665279502057171	0.07259431849229908	0.04169080114022382	0.0032922673688146682	1276.8887590265158	1345	1.5048116258459567e-05
0.40120713758181903	-0.450444802932996	0.9898317732659361	2.922015823592661	0.0007976386934386363	0.25260605543422643	0.01125838229756057	0.012138801951868394	0.016594731472067466	0.07228967905599308	0.041640986186371666	0.0032834262255076155	1252.6120454484376	1345	8.07845271655343e-05
0.40209225256648096	-0.44993799407131435	1.002026779117359	2.9867204955748194	0.0020606262063557605	0.24868796968903337	0.011256783307874461	0.012100304900778475	0.016586131156791528	0.07223201713445414	0.04165072994082922	0.0032369266424567577	1082.7628338697139	1345	6.739504049910753e-05
0.4008280825834342	-0.44984771374592425	1.009972046874137	3.025847272068818	0.0011366242203125691	0.2509387222485625	0.011256630617996177	0.012132307938251872	0.01674434524416728	0.07307040645081339	0.04178001373592817	0.0032652426315917466	1218.6420996423935	1345	6.6151917146463065e-06
0.403060648572274	-0.4518666976278268	0.9817513389075223	2.8752021352987396	0.0042573251676936135	0.24991026185241297	0.011232333681932159	0.012096706860395576	0.01637349950687867	0.07115081429259837	0.04140477799920093	0.003246214439330637	1186.0437439876393	1345	1.774337593742446e-05
0.40306994188326734	-0.4489057153856658	0.9959734995677173	2.976829994258325	-0.0009600442730863087	0.24753711025564534	0.011293586572074325	0.012087136240574312	0.016553352348217712	0.07221685143831415	0.041638076211647675	0.00323172019945485	1216.3864395875173	1345	3.002872571644529e-08
0.402432495005229	-0.4471488344960181	1.0044034436924778	3.026347853687987	-0.0045736043852069915	0.250046498451408	0.011348744912067171	0.012117802615994466	0.016692220628705227	0.07298555139743598	0.04186560304552943	0.003272075162300033	1266.5839469385828	1345	7.753380321760436e-05
0.397789443654896	-0.45242933055075263	0.9801214171340014	2.881632651095607	0.002227397185504768	0.25080355686604444	0.011132288224861168	0.012148818478366937	0.016504577183069233	0.07186071628815797	0.04150796426154052	0.0032549627094511343	1175.6002520649718	1345	3.212372578776843e-05
0.3972152355807963	-0.452837358145997	1.000698604869939	2.9710467999629566	0.004785034375977966	0.2495416567788671	0.011107156669783489	0.012147271085080817	0.01661520426053603	0.07235689313645638	0.04159639799083232	0.003241352972513614	1176.3513295559617	1345	6.917001861309835e-06
0.4005086828663926	-0.4499938927625907	1.0279296055082636	3.1185524222186087	0.0029472682762723057	0.24555352939558076	0.011213548344136992	0.01209706258901691	0.016745375659368268	0.07308896659262554	0.0417770943322685	0.0032234293917512975	1147.3193671967092	1345	0.00011828732268954467
0.40079409801859656	-0.451166080483453	1.0040824088875884	2.971095112131097	0.0039934228728691614	0.25340668342069833	0.011243518960036756	0.012152621869561406	0.0166774696008193	0.07258824774544301	0.04172113974698346	0.0032767239558336965	1107.076250974355	1345	2.821937610374728e-05
0.40437453664668105	-0.4507717214150877	0.9861307162740096	2.9094609509514555	0.002926066648839254	0.2519013385492924	0.011291349393412763	0.012094963238877028	0.016441251385883805	0.07164161026718213	0.04151006736306963	0.0032584522795675135	1190.5816119866154	1345	6.67504608598332e-05
0.4008554992317467	-0.4512844616861145	1.0070161271948255	3.0237285647019365	0.003919765863326178	0.25122627449390833	0.011205773391012247	0.012112238638052397	0.016656950978256906	0.07279275325129503	0.04166679858648054	0.003257449770632049	1178.4850812259217	1345	8.143444711269398e-06
0.39914527594967225	-0.4492968683909481	1.0074555454806893	3.0602126783945205	-0.0013614373715980926	0.2474739352344876	0.011201310445425368	0.012105365481616998	0.016736629143156267	0.0732855624864496	0.041763411833042156	0.0032408494024418534	1197.274402631988	1345	4.154704980179794e-05
0.7702807079102122	-0.8636924163507824	1.1089061180581432	2.7768630251752264	-0.7406313519700941	0.24713599255222457	0.06066067278128406	0.06638963544130862	0.0214605774873317	0.087815373828278	0.058817908437644784	0.0030533244948280267	1182.3663128109872	1345	0.013549346941972403
0.7347392074482587	-0.818639420852322	1.0928790678968414	2.749945948345188	-0.6968374081634379	0.2479994505375333	0.07479678135930642	0.08261134849100138	0.026711182763555108	0.0914940059305538	0.084472170965807	0.0032346906337695925	1114.8584550300939	1345	0.017063923930648706
0.39771616371027474	-0.45113194351137154	0.9881423570118608	2.9393340961850174	0.00022145607081568044	0.24862329646553466	0.01114524801637319	0.012132293076997218	0.016563434157764685	0.07217578026743586	0.04159286710569789	0.003250474961095141	1208.103622652688	1345	6.743856176122447e-05
0.26416863083002895	-0.2988838163990978	0.9479891668592826	3.092253325310348	0.8026268710690034	0.25239120693455114	0.06804728915598643	0.07709494839495967	0.03915664781488024	0.07844258198582615	0.6057347639854926	0.003168672091798169	1334.972797392313	1345	0.0008651518444349521
0.690173109830034	-0.786196210722196	1.0870682169979238	2.7903505118566594	-0.6546431561483623	0.2506687305690427	0.07153413570542873	0.08149434297061055	0.024725639758561777	0.09125010097161369	0.08932211098080167	0.0033084480087603577	1234.186008881029	1345	0.010934898837450429
0.4051677547879073	-0.44969549433374323	1.0136816791503496	3.0174109772645803	0.003720646928305421	0.25452981033117483	0.011362573511594204	0.012121755501831238	0.016706362268432688	0.07281511993096768	0.04177777981203476	0.0032912354467194184	1202.9713488034245	1345	7.865016244588882e-06
0.3979615522811209	-0.44929567031026113	1.0048058737552332	3.039889259992069	-0.0023928941219644563	0.2487256100485858	0.011194128840367603	0.01213148997215972	0.01678298734181119	0.0734984676338306	0.04180142233588538	0.0032569706589956108	1173.5487729052174	1345	1.328944100228464e-05
0.4021054754152208	-0.44773173255000276	0.9923629785386637	2.950906785780697	-0.004396040211538803	0.24186337541520866	0.011291726089273708	0.012082289497114814	0.016551402305467477	0.07212421219544442	0.04160465860937732	0.003208328714732637	1269.8070208397894	1345	8.125555271702898e-06
0.7494322439784489	-0.83534379621575	1.1013848622968752	2.7664853438434687	-0.7061217680904501	0.25339972631549795	0.09691565387842384	0.10761767147692673	0.03014224700926077	0.0957115714119544	0.10780436851346659	0.0032595385734799126	1191.8434938098358	1345	0.011505009965787107
0.40006767315868946	-0.4491631369533603	1.003174699133626	2.9916261880599713	-0.0010049216715609945	0.25245558230094883	0.011272287266802825	0.01215311449524103	0.01674252381977945	0.07299281999760153	0.04182697792575196	0.0032953777431262866	1209.4548065344518	1345	2.407858830650291e-05
0.40112267146239605	-0.45036600324841414	1.0018965416264016	2.9926753090824967	0.0011404333297888782	0.24937777123085023	0.011237646819279157	0.012116774888099379	0.016632025803473467	0.07258805190590426	0.041658223409225474	0.0032537171659424596	1164.4424573570855	1345	3.697865164482827e-05
0.39902509562250577	-0.4498783769475535	1.0227349234577268	3.1307980279892105	0.0009376871195599933	0.24686395241222492	0.011182601696258532	0.01210136416836611	0.016775243483106314	0.07357821533187185	0.04181064571664218	0.0032212199445808562	1222.6754600844765	1345	0.0001673270479546373
0.4017289031311293	-0.44831861813725543	0.993938443206229	2.9807668856929275	-0.0033341160919424743	0.2487225253042425	0.011289678890585752	0.012104414076312062	0.016615946865813122	0.07262700883896772	0.0417121522270257	0.0032577722888510333	1102.2815717890217	1345	3.4255196127913426e-05
0.275754849006827	-0.30600560535177557	0.9544796977094211	3.0342608152641644	0.7284502448845819	0.24845039958598802	0.03695684951108452	0.04069750843932724	0.023932023686488627	0.07329403107584538	0.3059901058510445	0.0032478205221719166	1195.5099841332797	1345	0.0004944721956955044
0.3999954114226247	-0.44997900636458193	0.989322896397711	2.942557926962956	-0.001098168665308398	0.2485036497445708	0.01121865058005948	0.01211902407096253	0.01657008597808501	0.07230260677924613	0.04161583228087071	0.0032509059617359336	1223.8952109057275	1345	5.359574182694008e-05
0.40051610637853036	-0.4496362879929566	0.9885741099869029	2.949449708751207	-0.001660004549079867	0.24909533372048773	0.011234792715029626	0.012113618429724237	0.016555828466999833	0.07232204716174953	0.041633106788786706	0.003255602824012474	1211.2777781363275	1345	6.933023859244124e-05
0.40164586716161	-0.4488222087036035	0.9964114431209719	3.018113490874977	-0.002511884858532288	0.24720781695041202	0.011249628857194278	0.01207507516567491	0.016629679111523885	0.0728784962504198	0.0416538646354974	0.003239478606950914	1266.8363441823212	1345	2.954102207905806e-05
0.39425418936187984	-0.45295348426751836	0.9926954783986328	2.9546236330204483	0.002352310092787898	0.24566498524556624	0.0110243733082397	0.012143799514790752	0.016644333062221132	0.07269681757021068	0.04152818312403464	0.0032225364611535353	1152.2309928451082	1345	0.00011333575099590756
0.402108846389936	-0.44981760964753287	0.9860029593241049	2.94108741198373	-0.0006359590803403238	0.2521183977399388	0.011269562485239925	0.012109701185504945	0.016525739698499353	0.07222298486555612	0.041628773577018954	0.0032686910807696676	1216.4996651348447	1345	0.00014728517522901333
0.3991580297198153	-0.44967879763314156	1.0169870458823025	3.0777560109517603	0.00043075606731365386	0.251656146110695	0.011225643541522046	0.01214042217919779	0.016857609657958135	0.07373464355519653	0.04187115831716392	0.0032903413417744707	1220.254671046879	1345	4.81536632806068e-05
0.4012121718488336	-0.448700252954742	1.0051082462084477	3.0256785116469684	-0.0017311601479815006	0.24596713414694907	0.011257610923427645	0.012093626031516445	0.01665726286128348	0.07276752804529828	0.041708153732200486	0.0032397323695513847	1076.0373420049752	1345	8.247437604165534e-06
0.39828614717622507	-0.4514026870775671	1.000620378583604	2.9626728474679576	0.002446724761834273	0.2507542648045006	0.011181164377918447	0.012161825840992216	0.016679931062235098	0.07253450446205773	0.04169692796734341	0.003248000207318534	1198.4397168693558	1345	0.00017775328452956365
0.40024876576442064	-0.4484818783680876	1.0266483592346587	3.157337776009185	-0.0008962669669434935	0.25172390897482816	0.01126611457615186	0.012122069478897695	0.01695025021955172	0.07448805187919251	0.04198941984017634	0.0032852597167562637	1151.8829606902877	1345	4.977700127902209e-05
0.39955310890237866	-0.45122135886563725	0.9831317620992004	2.907551328125643	0.0009281107297615595	0.2508457201064695	0.011189305792382495	0.012131065247272586	0.016515865307110474	0.07196657521119262	0.04155952243057336	0.0032532679634822807	1214.777958112687	1345	5.02506766994307e-07
0.7765286156698638	-0.8744112206684772	1.123245538161545	2.8147617305782724	-0.7425460877127362	0.252983306253023	0.06766433278064826	0.0746078445849371	0.024459220998350597	0.0867656141378225	0.06655908072709968	0.0032237724252490688	1198.5161982817185	1345	0.04674361824778754
0.2597986982762339	-0.29337384822579937	0.9459328785227281	3.081111876765573	0.8442102420460973	0.24839156097938253	0.06777834513180439	0.07632870011035289	0.0396482620494515	0.07632207700829735	0.6253303699176329	0.003187113920266869	1308.2535996607073	1345	0.0004987675515282157
0.4023803556250692	-0.44818749516071676	1.001394934367836	3.0155042350159205	-0.0025722063437265347	0.250021209244341	0.01131091658313047	0.012104917112969701	0.016672582272298817	0.07293816501624528	0.04177246835327438	0.003268596390498719	1212.718697756331	1345	3.4497010439203015e-05
0.3987332694665255	-0.4502324733626685	0.9993273497092031	3.011295213245141	0.00040303656441740144	0.2507120469275949	0.01118296366912205	0.012119352674924838	0.01662753699192248	0.07260795660100282	0.0417213483897718	0.0032719060053908126	1261.9570202191494	1345	6.412743439359533e-05
0.40185339183776103	-0.451639722014564	1.0259103509420073	3.0873702878803937	0.007136511069281732	0.25300963859717956	0.011232834679422286	0.012122141950203282	0.01679921272060614	0.07334893771889217	0.04176613404261163	0.0032649041297246363	1247.5891639445267	1345	7.910296284001391e-05
0.40046347245730074	-0.4501309242773219	1.0069889352922814	3.041461409169583	0.001112638616978509	0.25243112202371687	0.011230889302003024	0.01212084069661386	0.016712842817340968	0.07313340116863687	0.041767559925279064	0.003277334614089646	1200.7728404700601	1345	7.703478017100955e-06
0.6938945530969158	-0.7850837722693326	1.1008874070001147	2.876458303832028	-0.6521784646882706	0.25602525525599407	0.09077927054972387	0.10202277411684893	0.030873738935668225	0.09425706949916277	0.11607724056929394	0.0032835576698657903	1176.9657764165775	1345	0.009164267347650908
0.40414856791596493	-0.4482352051392403	0.9990933233502718	2.9700953389401525	-0.0015254119584297962	0.24800283883630525	0.01134619932568904	0.012095868239551763	0.016626062899954323	0.07249172706396599	0.04167846392845828	0.003248203164910978	1279.918042109167	1345	2.195051266296755e-05
0.39757964086412795	-0.446772427916218	1.0114953003315523	3.115889359109021	-0.007667730417442565	0.24788026206277003	0.011240920897668894	0.012127789406204086	0.016916288860108517	0.0743910957823639	0.04200338432875602	0.0032676068970345696	1199.8360915491703	1345	5.836494164364722e-06
0.40444874309534046	-0.4481743555198797	1.0109776704477373	3.036098932528116	-0.0004889814707553132	0.24831136558033953	0.011350529748907696	0.012090648854907723	0.016679871649807526	0.07287051601730578	0.04175891269884921	0.003240484024824475	1205.4175794947137	1345	6.459531285349767e-05
0.39831149251070636	-0.44904398923993716	1.0016009346960615	3.013919136702208	-0.002884648813588799	0.25012936013129766	0.011222348349586448	0.012144781238668854	0.016724507968654833	0.0730675329815946	0.041821508660903325	0.0032765541672495793	1244.635577342131	1345	1.7668643165015072e-05
0.40038419424571525	-0.4514110570233135	0.9779567580824141	2.8460371597725342	0.0014625022240519361	0.2507384512211617	0.011223253154859504	0.01215020433605277	0.016472821337501265	0.0715140096172463	0.041515574039419204	0.003262397823772196	1197.8995407380517	1345	1.4565186364678822e-06
0.7352254760170305	-0.8313468151450614	1.0789543803352453	2.6804970910643062	-0.7020305968624153	0.24770650534423147	0.050484858140071046	0.05859750839601479	0.02492243438103342	0.06917876247617652	0.05828360904560552	0.003168950016461952	1244.0771769470587	1345	0.004847484003854769
0.3948869605091285	-0.45091551230779	0.9810156581235054	2.8888873826036954	-0.002581874047418015	0.24457263080681393	0.011096025714622709	0.01215390027259471	0.016558414540545026	0.0719967238750277	0.041549521917213464	0.003241246740646674	1190.2719295695226	1345	8.606456033000526e-05
0.7894275006509369	-0.8866183818537012	1.1126054354741306	2.7517561248722227	-0.752983176413515	0.25504841167124104	0.07734143217451057	0.08741815600839367	0.024958848318887384	0.09649130344473686	0.07612064251434045	0.0032407402771339675	1237.4305707407214	1345	0.02986597619216247
0.27514112384790046	-0.3086196467831138	0.9612283871414079	3.093241897851343	0.7200644944381019	0.2441532845181334	0.07166938461414235	0.08047711436906206	0.04005890624161623	0.07621438669895853	0.592965541003149	0.003275892578259457	1120.768860535287	1345	0.000546353087894593
0.4078065026632893	-0.4480509403085033	0.9968191146769234	2.9831538253493592	-0.0001758260447414419	0.2523157474174369	0.01141771385927984	0.012065841632191704	0.016514876917795067	0.0721709105836175	0.04166806556663865	0.0032678261748280706	1158.5420208264131	1345	0.0001240945894016609
0.28471988600803455	-0.3203652468520717	0.949567214362647	3.036547836032101	0.6300345667541137	0.25102228384838415	0.08071146775994499	0.09040696665865991	0.043546485791842705	0.0781859830110087	0.6170540757373539	0.0032600125890718244	1165.371299999586	1345	0.00029671832803541975
0.2584038111775352	-0.29147987095899797	0.9380365015381253	2.9920602312261937	0.8643794037599847	0.2516954386826262	0.05444493481645717	0.0611520803722815	0.03362825307337386	0.07672073230935651	0.5072181517032017	0.0033450418448972468	1277.184407060701	1345	0.0010486549182650174
0.2818626922956074	-0.3187004330444414	0.9413388161720195	3.0488461912319584	0.63561477302504	0.25071640083817015	0.0986996226052946	0.11150201470342869	0.05174236680058374	0.07977420178397054	0.7686479294368345	0.0032522944701987534	1201.4022549324925	1345	9.853397281966235e-05
0.3991822102253354	-0.4496194605768142	1.0061486300358549	3.0328114503009465	-0.000603192033856956	0.2515481455430467	0.011227389485479524	0.012140954227069145	0.016674851134952304	0.0727558987603732	0.041825844140698405	0.003271985108013875	1183.1266783998985	1345	0.0001807998072730565
0.3982427352000747	-0.4486388857585388	1.0056418628301607	3.053321265311464	-0.0035858730724215755	0.2467686047934356	0.01120591942179892	0.012120057516012018	0.01680531252339769	0.07366832050136518	0.0418140154691817	0.0032416921530926167	1198.6959833956018	1345	1.8247317044796625e-05
0.40355164568279567	-0.4475685594437977	1.0247794444303835	3.1022508959530533	-0.0009742135234094892	0.244711080194056	0.011332073818378783	0.012079170344184587	0.0167881008707924	0.07334079713589502	0.04181853330525907	0.003229349697878285	1309.0587016654881	1345	2.1130480776946496e-05
0.4021513749497816	-0.4507219381463702	0.9982497840301611	2.9775575915806503	0.0027302100770196258	0.2524785992563287	0.011254466152304517	0.012114811834686797	0.016579038948237472	0.0723071335294213	0.04165151246639642	0.003261393112367798	1180.836510281334	1345	1.7552635484067893e-06
0.40031701129331115	-0.45033120365446594	1.0198217791402644	3.0930883852557294	0.002800551659062316	0.2515824851797332	0.011226357105143026	0.012124455345396693	0.016774541439260618	0.07335190235651043	0.04183344352746891	0.003260303888880615	1184.6301484624346	1345	6.11432882377438e-05
0.3936066387646879	-0.4531078006478686	0.9634044095400291	2.842241379536317	-0.0004149417375155889	0.24847291180778802	0.011014028939557604	0.012155065474125619	0.016412529225444637	0.07157026853349543	0.041425146309438415	0.0032175673853326687	1153.071737381654	1345	7.652850799290911e-05
0.3991020230785744	-0.4502637006540613	0.9788144186001757	2.9004629499790195	-0.00201431117401637	0.249327770326908	0.01119748697382432	0.012128767231940356	0.016534699938095483	0.07219199868756032	0.04157519517618434	0.0032537783601282065	1170.2436806775613	1345	0.00014079879387243825
0.39755449383889707	-0.4507619461821264	0.980394965429915	2.884814851465041	-0.0013950857240075248	0.24912712677293902	0.011169000370367586	0.01215432498492971	0.016538991439317682	0.07194692936557591	0.041588233603330374	0.0032704416168591495	1240.1139423878271	1345	9.795057909386194e-05
0.40526125501342314	-0.44825138645266055	1.0208932462849898	3.0653213164940403	0.0013399143475456945	0.24935605256412804	0.011374512093305313	0.012095287444640439	0.016706057764925376	0.07279672349955987	0.041815134504419524	0.003251441119217507	1136.807507278762	1345	0.00011804346815730159
0.4029657079689211	-0.45081602315196234	0.9849510806548448	2.9209181041664594	0.0020805570419199487	0.25044719627073053	0.01125181041826508	0.01209308126474211	0.016454983402615996	0.07176727089393294	0.04151272157136743	0.0032367442748084617	1240.2404090045782	1345	3.987778526644749e-05
0.3928164616014494	-0.45185603510585587	0.9928705714204203	3.019239891493197	-0.0009815228937228512	0.25020048990725396	0.01102152236951117	0.012152671997428722	0.016711341754265353	0.07334647021435593	0.04171545465773017	0.0032588065507543956	1182.0343260123327	1345	5.96227639163264e-05
0.4047537679396722	-0.44717969276129665	1.0215035406416515	3.0633152167839426	-0.0012662642700330146	0.2495665803211781	0.01140488296663266	0.012114682794885137	0.016818576960268693	0.07333242997018691	0.0419026721854954	0.0032738862301571665	1140.6914921693206	1345	6.440492847056455e-05
0.8100869193578031	-0.9076611572109088	1.1111175513491556	2.693307280870521	-0.7728611618402116	0.25103401915584245	0.18980638197742514	0.21169754659433954	0.04861578312529633	0.15525436179001761	0.17549188562349555	0.0032335644713371646	1178.0787933187073	1345	0.01023452575464456
0.7799381002548608	-0.8803177128569192	1.0910842495954336	2.6524067381065057	-0.747840978466513	0.25450058931979724	0.08729781362764351	0.09835622413240663	0.027726125083063206	0.09601173199138778	0.08709989236823927	0.0034260479762293857	1207.2623810864839	1345	0.0278333676729344
0.39727358539668645	-0.45113321109620835	0.997731944395903	2.9709267984399297	0.0009050035379654312	0.25188018118876815	0.011163126532443854	0.012164777857760453	0.016639534175066483	0.07246876068597619	0.04172925701539384	0.0032750396191241053	1161.8516603172914	1345	0.00010596217870234279
0.25210039443770643	-0.28063464847869224	0.9396181606919769	3.0540454219442354	0.9344103612420998	0.2516136029937232	0.037174461158412365	0.04271244966530452	0.01820976945200747	0.07330668709824541	0.3781970546680157	0.003303278176120871	1293.2752275267185	1345	0.0003561547941790513
0.39913313714446946	-0.45135113497739515	1.0086459640499044	2.998014744177674	0.0035519300370129977	0.25215610618782663	0.011200916143905228	0.012157038270763313	0.016679956973193064	0.0725427768987006	0.04173888984297479	0.0032904361770142135	1149.7403482156897	1345	0.00018442293457951383
0.2656033939370043	-0.301986477878173	0.9467488389185308	3.0980333271699334	0.7591403369722484	0.24784142099898573	0.05644906883123499	0.06413595023598315	0.03330282223711384	0.07299134562006132	0.49051813499513885	0.003264870975332634	1152.1652020925967	1345	0.0013870101619662073
0.40165653602533447	-0.45093332333543246	1.0116493986243293	3.0531818912441087	0.004138937900926694	0.2519971814297637	0.011229099347929216	0.012105926267981825	0.016691062786253482	0.07294559128393897	0.0417161576970433	0.0032517086623484884	1193.53232796635	1345	3.484287649054039e-05
0.3970237614276418	-0.4510395993306764	0.9757303856552871	2.9282737907467746	-0.0018480784808370483	0.24889396504228584	0.011112389909535288	0.01211226774162376	0.016468429930628296	0.07204303738983246	0.04153908789017482	0.00323883762344279	1288.5770193396186	1345	0.00015033136185806098
0.39794973877267914	-0.45011480039724394	1.008019180834067	3.056856832299591	-0.00014099495418291584	0.25031421810569654	0.011174439789953776	0.012129862226026219	0.016744686359281745	0.07326101187399198	0.041795245431280624	0.0032741784377784793	1271.0138631779155	1345	7.89646762020418e-05
0.3973845123672904	-0.44907482158420076	1.0126142463916452	3.0940294445646943	-0.002551306626677321	0.2393514705759658	0.011133575964579704	0.01207568159227035	0.01668862560641606	0.07306734062800983	0.04169323307010217	0.003177066686537913	1222.7670520077565	1345	3.415736347116585e-06
0.4021062270528964	-0.44977134881381486	1.0063431576980022	3.0234611533163176	0.0013983776197128725	0.2475836014890538	0.011249203961376792	0.012086455074502662	0.016599582579766726	0.07239491523824554	0.04165363591770928	0.003237426914358907	1222.5808252298264	1345	0.00010974860731735635
0.399133913587946	-0.44750928668486145	1.024132608917791	3.139125801094606	-0.0038865165508440752	0.24826859861335704	0.011264342530205486	0.012129086228647626	0.016933326170200682	0.07429259113057246	0.042003674709307666	0.003264526298812965	1198.611301888414	1345	3.7012054448689036e-07
0.4032914849541177	-0.4484470823714895	1.0107787621718103	3.057553978872362	-0.0005594634590169413	0.24927451973221662	0.011312192334194606	0.012086499637105745	0.0166939161308655	0.07301913981492082	0.041768469136828155	0.003264696499737262	1225.9775969553825	1345	7.416147155497607e-07
0.4023165347178514	-0.4473033239380177	1.0208902642736775	3.120663844262181	-0.0027130829958975375	0.24890315275422714	0.011325674766273676	0.012099087988008959	0.016834244463542244	0.07377450376233823	0.04193106821496862	0.003266539481202311	1204.2726935704832	1345	0.00011316598084345858
0.40178978512157454	-0.45046421712029355	0.9968181388458706	2.9841607005143223	0.0016453737651830184	0.25425414945084934	0.011256123001700027	0.012120096144062923	0.01661988286741036	0.07266781763537578	0.04168859994733158	0.003288193643681013	1206.427808768038	1345	6.763523838961244e-05
0.401373973694079	-0.45202716726174247	1.0080377339231796	3.001954608650199	0.0060407803419684075	0.24980951366368861	0.011197324244389281	0.012107384224194648	0.01661439534902475	0.07241381098373441	0.041584180540969004	0.0032498808298165134	1218.200425188314	1345	3.6834070769216985e-06
0.4016662620893358	-0.44900279993460146	1.0019295959820023	3.0107642929499465	-0.0009770126684288411	0.24766619998687306	0.011265877060665667	0.012097147782401	0.016552094580418956	0.07216628449752385	0.04170089548013901	0.003242373447484185	1258.1674789508984	1345	2.0081380709665344e-05
0.3949220065296727	-0.4508476256868721	1.0000144417746895	3.0206948674679404	-0.001043848192717129	0.24969160221236814	0.01110051735697934	0.012154209553811671	0.016729751308774785	0.073159267702812	0.04176407581341888	0.0032702999776209277	1120.7360334457508	1345	4.250329337315034e-05
0.3989048775335105	-0.44871967575738136	1.0004099976200713	3.0485435509868313	-0.0033580579956499538	0.24934482012144935	0.011214459436094075	0.012111364045598844	0.01666500109429307	0.07295110374347019	0.04180684727639238	0.0032567683475886416	1097.5496562362773	1345	0.0001275786774645709
0.3943412800165301	-0.4523945547879592	0.9892607666182681	2.9556507871673463	0.0011931486733237353	0.24683402657999415	0.011038098180355572	0.012141720664134898	0.016565281393665386	0.07216518281745768	0.04156822025174221	0.0032209899008538213	1184.6740087740668	1345	0.00019965680222417504
0.3931702705851238	-0.4507485531797709	1.0025979756860126	3.0366451528752587	-0.002092628769965081	0.2519207352437041	0.011090660425503064	0.012189636423349116	0.01685517705538888	0.07382331781405335	0.04188745816607162	0.0032720145589567933	1231.6710519344028	1345	1.8182669170247313e-05
0.39992954806433245	-0.4494360684754947	1.0019662973926895	3.0254166793530652	-0.0010316120938040198	0.25421095298136637	0.011252227267905804	0.012141102228969317	0.01666424388985012	0.07280754738214883	0.04184383870108706	0.0032918012722237553	1177.2546393075145	1345	5.493431940610413e-05
0.4019586478973002	-0.4512639177273948	0.9938533330179441	2.9635602124567373	0.0032849318415638824	0.25596395751564227	0.011247305830216763	0.012124557266469537	0.016559734403123406	0.07232503789343406	0.041648227536453065	0.0033051164435586367	1207.1595720392224	1345	3.4252775973930656e-05
0.25994363079685157	-0.29510358883262755	0.9283109703184755	2.968936039777778	0.8227426300912368	0.24817045287641185	0.040345070039020305	0.04572449677502191	0.022848110375666426	0.07461102354243923	0.3729021663056795	0.003239226486422532	1214.8090854590926	1345	0.00044130088075570756
0.40146925328351335	-0.4498966530078834	0.9940468317201575	2.98096171690335	-0.00011207005535449608	0.25386260990285053	0.01126284207701172	0.012121127097132494	0.01658005129675207	0.07250870468558304	0.04171053769453909	0.0032970457952185036	1177.2652814025862	1345	0.0001410116774449325
0.3979334461380482	-0.45200954177296543	0.9936051432568322	2.9637769563301744	0.002747730053772432	0.2518199601788766	0.011138427153472963	0.012139942973936347	0.016581769104712044	0.07229683515066526	0.04162383905067552	0.003267386300357004	1162.4159294106107	1345	4.9461667496258556e-05
0.40062542407907564	-0.4508665771567594	0.9811116007688127	2.9142828477232694	0.0005255408221727494	0.2477145634845397	0.011189908894373634	0.012092133886544773	0.016422617628305367	0.07159931300589452	0.04147702878166421	0.003225097875368785	1227.3977824261976	1345	3.0905078950411384e-05
0.7175043827570007	-0.8082483188612832	1.1060847842760022	2.8610491908344007	-0.6881183293224925	0.24734080174520007	0.1294404652591014	0.14514364710106475	0.04088173320522568	0.11064346249645948	0.15261147650420775	0.0032374753182106194	1225.1939788434001	1345	0.002752496142442769
0.39404348652539234	-0.4494519512371083	0.9782938003747087	2.96630293441216	-0.006964243038573198	0.24415827023426265	0.011074995713697617	0.012116906344340074	0.016571904060442438	0.072685060006825	0.04163482292942248	0.0032337140661215067	1152.1744854361846	1345	0.00017216422797614018
0.3991357173340259	-0.448270431282054	1.0078207198124753	3.0488121683329488	-0.00356644536327454	0.2506292083050323	0.011259197255930643	0.012141973580766947	0.016778084464425646	0.07337406550901693	0.04189966696750649	0.0032844489288863686	1261.3480564668196	1345	3.0345095277474104e-05
0.3945705115680827	-0.4532857568243856	0.9912507382750707	2.9717804599121203	0.003083383805812663	0.24885482009614807	0.011019062199688269	0.012135953628700026	0.0165843378611585	0.07252924518480049	0.0415392224649319	0.003246362465855074	1213.4098512592532	1345	7.768236048983684e-05
0.39814317116290254	-0.44982957730568673	0.9948104526969782	2.99136823140309	-0.001989808123677224	0.2507200210489383	0.011194578338048954	0.012141232546964526	0.0166606413848194	0.07286229897722976	0.04175538222110735	0.003266422928270519	1125.2197369562214	1345	7.677745600866176e-06
0.3968679035181296	-0.4505496668590378	0.9907135879186908	2.9735407422217777	-0.0014855452515073566	0.24815153436029203	0.01113389768831103	0.012129010482649862	0.016617686400931284	0.0726198149031257	0.04164927610441108	0.0032513669845622636	1229.8786237798756	1345	8.229366038878374e-07
0.3982109205136019	-0.4502141009669327	0.9798150006608086	2.938765532904592	-0.002618685505585329	0.25051531487493717	0.011167380688640122	0.012119147530063044	0.016494020428294235	0.07214502497267025	0.04161242956853284	0.0032703453852470812	1239.7808951816814	1345	0.00011050982253065182
0.26775960871022736	-0.30250267768322664	0.9361277384438577	2.969829550607155	0.772901068763361	0.24772409128599562	0.0580893704917223	0.06418429194013427	0.03410443354631798	0.0717040365818702	0.4966078947079177	0.0032479900038742157	1172.523572603467	1345	0.00039542590403480944
0.26789934866925036	-0.307366826944429	0.9268342170772245	2.952461742626058	0.7360540481692388	0.24458628526745257	0.06330899027909538	0.07249200464299385	0.03708468893818415	0.07169320869595207	0.5382401135260623	0.0028406807381367114	1236.1785799380718	1345	0.0007376296434685965
0.40020675374402426	-0.4491181234485531	1.0000126736018335	2.99937300485165	-0.001793705762375189	0.2481285444667401	0.011244274763083624	0.012118239295822173	0.01665071331399223	0.07265362464591349	0.041728345253882144	0.0032486386381565566	1129.5165565760497	1345	6.37479886341929e-05
0.4009653346442005	-0.4491304791889164	1.0090396380869782	3.04898337461653	-0.000535376036406027	0.24812106595605005	0.011252817749501657	0.012105336272214565	0.01669007148701815	0.07295314435659145	0.04176632308795132	0.003234899680138652	1254.5157338107	1345	1.8392022654891742e-06
0.399969799691375	-0.44967496911019894	1.0031966911816566	2.998271497930005	-0.000271640052265046	0.253682120881903	0.011262912566427188	0.012160094989408963	0.016730961557209573	0.07297893556540132	0.04183668612296043	0.0032837177340908903	1216.0696132453718	1345	6.815548001150483e-05
0.4010870929157285	-0.4527771595690074	0.9968107539790095	2.969548458237009	0.006464556632628408	0.256182967623038	0.011191580355828687	0.012127875793444208	0.016547481203198308	0.07220161149269784	0.04159929802385598	0.0032927095783693715	1149.1931680814798	1345	1.352261676978942e-05
0.7359353526799816	-0.8289822308517388	1.1261840334894064	2.89756026355873	-0.7023662290666078	0.24721662144401904	0.066425071301462	0.07401706694147214	0.0245239234206561	0.08730871979474306	0.07503144049971282	0.003215314866571486	1139.7510549695228	1345	0.009299845585655737
0.39862551426935866	-0.4505635929341913	1.0098998737977678	3.0533363149807946	0.0011237262335706084	0.2474709462282407	0.011165932996783675	0.01211340170334051	0.01674302919271752	0.07331005355324159	0.041711133413547145	0.003227484626483633	1172.3076722032708	1345	0.00012670279545200715
0.39980179120906323	-0.44982929016646	0.9929636907699859	2.97568612116982	-0.001094287258220445	0.24982828508558474	0.011218717165822116	0.012119131479749854	0.016608599306876505	0.07252723520296914	0.04168006629809113	0.0032498190237050893	1170.5639123410015	1345	5.280105261461299e-05
0.27384043433716676	-0.30554563970852416	0.9422830963461877	3.008443762755186	0.7389694788098956	0.2541642276174699	0.08457178597766124	0.09382665908845363	0.0466442766506297	0.07806026673543433	0.7046848111041708	0.0033023522485410876	1175.5011950358407	1345	0.00018463120343005399
0.39741725073895817	-0.4511684271509815	0.9960695718379894	3.000115207456875	0.00047047200391352466	0.2512463324706044	0.011140936680036247	0.012135282344649403	0.016682522415667568	0.07308751987799524	0.0416889899015076	0.0032649513759484355	1281.501649211296	1345	0.00014290934095208933
0.40331906999692974	-0.4486401219805901	0.9939959142421555	2.9897045528672863	-0.001690734048460715	0.25298067046339734	0.011320690385811252	0.012100351965560556	0.016559425720347635	0.072386925097679	0.041731285935291254	0.003281073906005789	1260.7218295906096	1345	1.90470131847244e-05
0.4019128178286535	-0.45030925736211036	1.012453054220838	3.043041796534235	0.003064951326143221	0.2521905406710113	0.01126109448387392	0.012116948136215416	0.016693586688692467	0.07282635908493253	0.041756691457616124	0.003271150897203525	1168.9935704148002	1345	6.063732997048287e-05
0.3982175442665775	-0.44924455235783006	0.9868791670080058	2.9437002853510132	-0.0038188796769468214	0.24974711218565468	0.011212546262888395	0.01214409384876388	0.016653236864820883	0.07270214226415939	0.04171707642811744	0.00326856382017257	1198.31802429504	1345	1.8573521532623433e-05
0.4029310108636123	-0.4489477763739635	1.0050286076776123	3.03225826026332	-0.0002354405691023394	0.2505441439662047	0.011299572446356656	0.012096006939364249	0.01665381291912628	0.0728364112891963	0.04174662326881127	0.0032534165102399305	1179.4060424868778	1345	1.6091232416419378e-05
0.8964125928784434	-0.983036920763824	1.1504337862594323	2.74628843968518	-0.8380972606094029	0.2509594473541952	0.08314927373717604	0.09305659011961682	0.024384837908792638	0.1015087996617297	0.06464554046560002	0.003301322265956971	1184.228708986527	1345	0.029733600758266872
0.3969225737680142	-0.4519293245708703	0.9675737832755513	2.84109841906591	-0.0006495473294034705	0.2508376886469899	0.011122733916462044	0.012150484474790828	0.016442746160467595	0.07163766100318267	0.04147605803705043	0.0032623734890599126	1249.4039741563192	1345	0.0001294801920942581
0.39815944187341973	-0.45102365920746057	1.0058592431296314	3.0248028907036155	0.001820463018090364	0.25018641473604936	0.01116330098639688	0.012134825549632763	0.01671503055222151	0.0729891309453089	0.04172561847618221	0.003255874292138657	1274.4589385841225	1345	5.839868937280432e-05
0.40255906657085866	-0.44881553333037133	1.0002962572661194	2.989113101094153	-0.0008335549286159088	0.25069080953383355	0.011307703800348401	0.012114246369566258	0.01666325414631285	0.07273603472044099	0.0417408665000708	0.00327014815027584	1232.893881776343	1345	5.757253502631158e-06
0.40321378310138145	-0.44787277364437633	1.0046587928758683	3.0193088723415675	-0.0022037048184237445	0.25104662800899025	0.011346693733960599	0.012111367904001977	0.016691943330241005	0.0728467019073752	0.04181966911477904	0.003271888458127416	1171.3734479053046	1345	0.00011028872923196253
0.26501113371656876	-0.30091535047890144	0.9368425282854898	3.023012484823569	0.7794349643275224	0.25032234913239876	0.04884098729710871	0.05478371627248184	0.030363214761417723	0.0783508189385357	0.4305134513731164	0.0032717857636844704	1301.2637059308913	1345	0.0008015891832281462
0.4026420514010868	-0.4484139001473446	1.0084993006658238	3.050029948080451	-0.001231208835820999	0.2529048002199555	0.011322339758847772	0.012114862948426286	0.01675108968574321	0.07332330356083169	0.04184982432068688	0.00328345086650136	1231.1114035645091	1345	3.0839393355978446e-06
0.39854650637057565	-0.44999001608804245	1.0010305898859846	3.021938974252139	-0.0008866376229965716	0.24772258655094942	0.011177597571321373	0.012113985198987485	0.016701492734824228	0.07309878016091696	0.04170217266157371	0.0032377981466503417	1130.3652799193192	1345	1.725887118835019e-05
0.3993355546017257	-0.45106108752890084	1.0039283198130242	2.997221389208865	0.0025029345100170356	0.24845361902324117	0.011180641025489416	0.012123418517693756	0.016650001895580642	0.07253843022606418	0.04165193944357775	0.0032420359277321874	1166.2854132172877	1345	9.793973688981765e-05
0.39904813397916444	-0.45186759024112505	1.0048051265689373	3.002639652744683	0.00414597408568206	0.25363118706047294	0.011179482776956627	0.012148754152731424	0.016666162875623215	0.07264478828498182	0.041715116798316215	0.003270102676317587	1150.052413214879	1345	6.42411134915053e-05
0.4023768249247121	-0.4494622847768523	1.0095150980457777	3.0394819635067947	0.0010369041486637726	0.24894212016787567	0.01127160280106253	0.012095918735270998	0.016715556310384707	0.07308947855684571	0.04171731047188877	0.0032432144783503315	1172.002548675229	1345	7.385220117706201e-06
0.39780929160328377	-0.44959956981948795	1.002510060734529	3.0588120812786728	-0.002214009499844517	0.25204918659089215	0.011181779330214175	0.012128043660120696	0.016741583370462703	0.07351284955875306	0.04182359806216703	0.0032937826825913466	1212.9256910800361	1345	0.0001078654248416169
0.398560198790823	-0.4489542745737405	1.00679778886054	3.0652963894602947	-0.0026863194677487602	0.2494544777650921	0.011212405020269042	0.012124125767946784	0.01674711451232075	0.07342020024535566	0.04184142720950355	0.003258879474016348	1214.9614961986476	1345	3.4334218294892234e-05
0.3985906056671745	-0.45122623113692584	0.9948757972646043	2.9565884521407217	0.001657701994762409	0.2506326602347102	0.011174646804765044	0.012140629494329657	0.016607684578288085	0.0722739646402386	0.041644901318050695	0.00326526693965546	1242.033480933713	1345	0.00016448208598921857
0.39723498612993047	-0.45159692894095943	0.9900535665966885	2.949876404042302	0.0010530220073501858	0.24701417439825982	0.011113641777979523	0.012122936088051558	0.016543183133037567	0.07211438932239711	0.04155183218107747	0.0032337911930802963	1049.3966607868638	1345	1.2461527543224641e-05
0.3908296687594446	-0.45225580370761215	1.0030590139984206	3.0352427323120734	6.503020175551702e-06	0.24685023407520063	0.010977301784868547	0.012170289142474672	0.016750359139251506	0.07318375105601119	0.04173338736706684	0.0032449695371586057	1211.5404583205784	1345	0.00011240477614417693
0.4013888859104903	-0.45116104502244325	0.9824413001838411	2.886750136697563	0.0019141050979192742	0.25113340287080604	0.011230646226069394	0.012122980136986808	0.016445541446061213	0.07147509460397174	0.04152025598052913	0.00325509767608769	1164.9498033552907	1345	1.908351544731689e-05
0.4000757483331338	-0.4484394053583736	1.0065688641861692	3.0595209010878555	-0.0027844843474225567	0.24974815488487992	0.011254651407660902	0.012115310356118663	0.016703129560957198	0.07312505897124842	0.04184323955117695	0.003267741083562126	1193.5842404150376	1345	3.704421828522228e-05
0.4098805572232028	-0.4491922548341908	0.9985263447289093	2.966625908343586	0.003846535546118756	0.2504987264738377	0.011414609086393244	0.012035609646491918	0.016438153682213064	0.07166599211225885	0.041515198513381674	0.0032447738328916097	1253.0509718234202	1345	4.081863986541188e-05
0.24283744855992473	-0.2734741275752115	0.9501700051348705	3.08310055037179	1.0172360387699828	0.2482774621817524	0.06137699782871402	0.06931568764892765	0.03637870435639628	0.07293119553295814	0.650637709248789	0.003360932510494026	1143.846770101179	1345	0.00048287035210746064
0.4014274451287658	-0.4513416939891907	1.0053279412553833	2.99357571878676	0.0044037301795094245	0.24824710562355173	0.011209196644918696	0.012101166270065904	0.0165580972651556	0.07206443027665917	0.04158228830279499	0.0032340334268936262	1193.5438288692922	1345	2.302244584318139e-05
0.4031175726611359	-0.44774480821181745	1.0127671881777274	3.0960911634329236	-0.0020504502647947236	0.25134895306234945	0.01132636912420895	0.012088100246975177	0.016758464724538482	0.07350885953151749	0.04186862387029546	0.0032811669267156307	1150.3430042679324	1345	8.730224622190363e-06
0.3971699377482591	-0.450287462008331	1.0006215640777412	3.020655830906039	-0.0010494185993984544	0.251258640373468	0.011165037337846288	0.012146017209923093	0.016756459882285964	0.07336454703069135	0.041782318091054496	0.00326829500824078	1097.5351442050146	1345	7.898705544682524e-06
0.7289858993865662	-0.8131909096870297	1.0995517126301686	2.825978025246532	-0.6926447951172711	0.253626561363941	0.06142884549440374	0.06957911483552455	0.025591364173792198	0.08166466657389429	0.07029533955850964	0.0031586772094900845	1196.4846377193217	1345	0.019481814897130023
0.40244151497341973	-0.4506160578152259	0.9896332288754821	2.9147763915871896	0.0018061099913669254	0.2484529261332208	0.01125555081982942	0.012107016369051544	0.01652795864518079	0.07198285344972308	0.04152591137704541	0.0032461399590515525	1189.2466472218966	1345	7.143247245020284e-05
0.39619033791864733	-0.4509256271084728	0.9693639134309011	2.8484431059535074	-0.002905501288537098	0.24547989785696941	0.01111721771042297	0.012141353891645008	0.016451395325872763	0.07158512827930594	0.04148181783678682	0.003220159760504917	1248.5825919598296	1345	3.093363004495735e-07
0.3983136629950433	-0.45014307719263935	0.9857909160937219	2.9397336252346435	-0.0021717155739403747	0.24537382751952289	0.011161705176780334	0.012109306285566786	0.016568901974961706	0.07240616767673744	0.041558446460345816	0.0032281840428977937	1206.2583652608978	1345	0.00019631903331388835
0.40054188540366487	-0.4471611878512111	1.0324862583024903	3.216197495140242	-0.003232969929372329	0.24587161866894452	0.0112678168327417	0.012082563606719247	0.01691875858709463	0.07449496649679574	0.042000005666081336	0.003235159333586143	1174.1760889018867	1345	9.471261546520064e-06
0.4026098011940004	-0.4495862753347825	0.987346458235958	2.9381640592883107	-0.0005468017449509514	0.24801690091705383	0.01126423728869318	0.012084502757832679	0.01651219873699563	0.07202587355821644	0.04154988425216022	0.0032369563168341484	1210.0183782247082	1345	3.153111109417586e-06
0.4007837844271966	-0.448596207421118	1.0014910116345186	2.989335351604261	-0.001904289704388691	0.2484575939818981	0.011275533782445116	0.01212333246850855	0.016699252686552993	0.07282112394175877	0.04175796874266961	0.003260461042639114	1289.3170115382381	1345	3.9229286270601564e-05
0.27781241912125676	-0.3098710860867829	0.9458615100985723	3.0021685423702764	0.7056922711188183	0.2532434601256475	0.06293489528230616	0.06971208591559462	0.025448775844275472	0.0753716452823084	0.5128120155575582	0.0032703139084039505	1218.2486306165333	1345	0.0004075240285339984
0.4022244926025093	-0.4506544650126293	1.00094957201662	2.964569461020011	0.0030341513475724874	0.2525139746382616	0.011273310358243242	0.01213116956226553	0.016598977767132615	0.07219023687354809	0.04167547563691895	0.0032761249450469986	1205.350468702768	1345	7.918756372384393e-05
0.256688475258016	-0.28675429760323956	0.9464908165435987	3.0673840497431413	0.8894538282594612	0.24845066613498487	0.04671984081487481	0.05033283989352427	0.03094356910402487	0.07763261539806983	0.43366069850791633	0.003165421035901379	1240.1487173542641	1345	0.002662880959826777
0.4003986738518411	-0.4511343237919967	0.9896778154532674	2.9522537367575348	0.001672987205589685	0.25167579288315467	0.011198033870609954	0.012113591061411659	0.016514234334078552	0.07210299019776518	0.041584796787977586	0.003266940498291724	1277.2900530824477	1345	5.5842854721167396e-05
0.4012625239769589	-0.44899286389709764	1.0194007992748038	3.103421592205304	0.00020385773806204946	0.24697470840264976	0.011249786031073471	0.0120910805164298	0.016778006788542545	0.07349121533381	0.041797150164653823	0.0032319295502195615	1238.745682266089	1345	1.560344696366966e-05
0.26691911043339517	-0.30112623186876447	0.9544325226661298	3.0996862954457955	0.7739260461578069	0.24837876841122414	0.07502387912503856	0.08497556296596558	0.04245283930425272	0.07289694994101477	0.6559075960586961	0.003197254786587199	1155.4707790613784	1345	0.00028161223813498687
0.2666429159219613	-0.30007630071047153	0.949206104486877	3.080401528971864	0.7782664313052541	0.2450061334202342	0.06954571308209885	0.07823808495841843	0.03965659227738559	0.07713816253277829	0.6060216182678135	0.003182728996939561	1223.0666295546168	1345	0.0012611506964668464
0.2745322938836236	-0.30428086382677283	0.9530836677104746	3.057884438584882	0.7355835068482832	0.24697186182676895	0.062199194357861344	0.06892845576959641	0.0354397308530352	0.0740104816896756	0.5186490318732748	0.0032961573194987704	1161.400130142647	1345	0.001965020717328498
0.7622275962891564	-0.8496667422101993	1.1074855824555248	2.774486443528876	-0.7275905241682713	0.2541454240782467	0.08840314320570963	0.09824646165708781	0.02840007224344202	0.0951419810795601	0.09369904150306647	0.0032521831995607755	1090.1474654906217	1345	0.018139770486058845
0.400756057230007	-0.448783130335715	1.012352950506866	3.085013252326573	-0.0010541803636678192	0.2488931300602512	0.01124941869068683	0.012098166841368982	0.01670378735140291	0.07309487845590347	0.0418153058347435	0.003266538870894655	1224.5787758929896	1345	0.00012683590777680373
0.4018404751408316	-0.4489040147031015	0.9985038943930239	2.991114905545455	-0.0014222293627535662	0.24785565719282243	0.011274747202245928	0.01209960361097996	0.016609607196832656	0.072489306701889	0.041684978887314705	0.0032408331170116086	1116.9569689885445	1345	5.370132160669783e-06
0.40467920096751464	-0.4471562551854426	1.0400932787785906	3.171683381854676	0.0003113408908293579	0.2441313476581285	0.011365222499532646	0.012071386143535512	0.016868054256938755	0.07367381190573576	0.04191048238995494	0.003213912925293384	1285.13836695033	1345	0.00015720426369933874
0.3978958666559074	-0.45055916725138345	0.9889855542773143	2.9594987351987028	-0.0009041120900755035	0.2508734240479084	0.011169637266820008	0.012136934139552604	0.01662325389795121	0.07255553025441433	0.04167223407272303	0.0032668131692917793	1160.3088080698167	1345	5.428118687752564e-05
0.2533356608069748	-0.28343563300166874	0.9711797522052202	3.219788569818378	0.914972408009148	0.24996823537929178	0.03191490526467592	0.036927512103005274	0.02240378476624887	0.0738331227425804	0.31972806769516143	0.00311880193407537	1253.1831864658811	1345	0.0006383640833787364
0.25094339804882776	-0.2894237878862658	0.9248895000276112	2.9846020967376736	0.8802770229887148	0.24596449242258533	0.03820384957041797	0.045837385658225364	0.026209599016330378	0.07682333747732192	0.3835436584044029	0.0032141523602696085	1170.876705203128	1345	0.000359692164488965
0.39442871754841646	-0.4519706625068532	0.994394070698291	2.999439561866406	0.0006065430007843629	0.25183152894385896	0.011068822447214932	0.01216017819027148	0.016683335361500243	0.07294547239811143	0.04171747261940078	0.0032702146286009855	1161.7184663442172	1345	5.354118014768477e-05
0.39841229571726483	-0.44992147159776136	1.006398077343483	3.056832100375155	-0.0006142229011617372	0.2483366493453416	0.011175152534982071	0.01211360927580499	0.016682875827608416	0.07301325635629999	0.0417563303279504	0.003242715819982908	1179.9936532564225	1345	1.852562734237421e-05
0.3990167374405177	-0.4497499580972889	0.9878806316030976	2.960249771851505	-0.0024277364340288213	0.2459939491858987	0.011183356676577072	0.012101990610727377	0.016560219232521625	0.0724113068011864	0.041593029719313966	0.0032335418730480335	1142.0385895830998	1345	0.0001314984528075052
0.39927712413149363	-0.45054351268269155	1.0044037453984018	3.0395907104817637	0.0011063841155914017	0.2529880188125778	0.011195757591964561	0.012125047149557052	0.01668889043572833	0.07304227546703654	0.04175807925852831	0.0032897033573795744	1243.2721764975206	1345	8.294001480072314e-07
0.39036001501646855	-0.4515916019231438	1.0008485403289165	3.0656648296798132	-0.001981546372929345	0.24933017056813225	0.010981521023278163	0.012171418397258722	0.01680797253962023	0.07372885717745563	0.04182636046513146	0.003257699730215339	1151.2791808128868	1345	0.00015614929181751241
0.40229918661002495	-0.44841203273946323	1.02269164326898	3.0967410709640912	-5.63420885397057e-05	0.25187294592568116	0.011324381508480983	0.012126956634517974	0.016851186500392776	0.07370578370622603	0.04193019946968739	0.003276643923269692	1156.6845756463224	1345	1.3976878839302215e-05
0.39908346585431087	-0.45107537684934773	1.0087593350308255	3.042375470489172	0.0026494065790470494	0.2473122587009605	0.011157891898373634	0.012105191936698937	0.01667181836858356	0.072848671392373	0.04165881786963125	0.003226112382595341	1197.2984998295153	1345	1.3560029988053159e-05
0.40161351050605343	-0.44959602337928417	1.006012124667747	3.0255682697466244	0.0005219810205776406	0.253393154204918	0.011278658752625988	0.012127734687491162	0.01673278303551768	0.07321190264380864	0.04179484937740892	0.003286528289424947	1213.634239638834	1345	2.4399830108850203e-05
0.40269236613011655	-0.449635716210996	0.995530573360599	2.9855194678256476	0.00037863502782410917	0.253151788822351	0.01128639622517974	0.012106598344306089	0.01659102526538924	0.07247914016830297	0.041695128565194396	0.0032807546010998226	1125.0154537106826	1345	3.598383797099357e-06
0.40061311005079697	-0.45143025122533076	0.9991087271257356	2.970605286104869	0.003542839900490311	0.2521973735166945	0.011212742498571538	0.012130439878673021	0.01657134055464147	0.07216283699783772	0.041642356892091545	0.0032647203243794383	1116.5000451853898	1345	2.2911851910250593e-05
0.6423036575850274	-0.7193385147993342	1.055467872898145	2.741322906370838	-0.5725777072585764	0.24812634724721921	0.1370183146176902	0.15278312774258018	0.04416285476203119	0.10543500921472111	0.2041292441310808	0.0031702934687238807	1262.6689022377993	1345	0.0010010973578309268
0.2626335044690137	-0.29709062701742245	0.9379768852705865	3.0393242720315756	0.8023427018640227	0.2478062701244851	0.06113389507173785	0.0690352196941291	0.035917328578122916	0.07475345281172126	0.5476109278454695	0.003226967903900532	1210.8731717951064	1345	0.000771168785215537
0.72286229156011	-0.8014164615595532	1.105458086241631	2.866916951140095	-0.6798430459848667	0.25138195134005137	0.11438440840966463	0.12474517131494625	0.03474603702108734	0.10577909680492648	0.13398715149678223	0.003267115167513716	1212.0519702021588	1345	0.004370853679373627
0.39941286693160283	-0.4509264812995664	0.9854538237436055	2.919538825046863	0.00034375371230078663	0.24913851640586235	0.011187869900448642	0.012126059930207425	0.01648905065093139	0.0718461444541838	0.041566480141949885	0.0032385351107203247	1225.2777851642456	1345	1.6700103058067857e-05
0.40511728365900046	-0.4481703948078843	1.0312572772896944	3.159607082012277	0.0018136536503666316	0.2525509167984757	0.011364123229987625	0.012083105281493594	0.016784825902788007	0.07346830074637614	0.04192847668927684	0.0032746173799666246	1154.3191631400985	1345	0.00010603445957141424
0.26622497262365197	-0.2983806175377	0.9482112590793795	3.052560820960557	0.7894635279587563	0.24408984247856297	0.05117338800292954	0.05720717001532953	0.030925685044538555	0.07487679541872594	0.44925807624823516	0.003224164083313705	1249.0102853526319	1345	0.0006435279323088761
0.3948450936720633	-0.45178607000070536	1.009948648358598	3.051807354108012	0.001918480942032993	0.24625626876275855	0.011061382600634986	0.012136459685971355	0.01671771774946306	0.07299197734057906	0.0416990979957256	0.003226953952627646	1230.3876237135873	1345	7.178650060157345e-05
0.254785416969198	-0.29337899716396737	0.9341122557916318	3.042005162112757	0.8433044056736547	0.24862902700186307	0.04224856315137417	0.04718961382868945	0.03167055617102445	0.08273691117268214	0.3905659673034728	0.0032712298526563544	1233.1174053434556	1345	0.00045457922971267465
0.39958933581574785	-0.44973942170561215	0.9832298976716469	2.910384215846466	-0.002384992020629298	0.24906352373548335	0.01122558671849519	0.012131952433242863	0.016554323177478243	0.0721833871896165	0.0416162689610028	0.0032549444627860955	1161.099983541375	1345	6.93913673260101e-05
0.39978880322007126	-0.4504295011312374	0.9969747421514744	2.9839782309589284	0.0006716325156279559	0.25038377264287276	0.011207565839669411	0.012123459979385602	0.016613845202821963	0.0724730711905608	0.04167835234823946	0.0032484745607382066	1309.4162088308829	1345	7.158931873064775e-05
0.9312521869070952	-1.0378518360084001	1.1191456563770992	2.5539171492525687	-0.8692826410442297	0.2513668350203404	0.05494551523299079	0.06109686810624984	0.019037453899017343	0.08327910989851897	0.03696628615029722	0.0032120418154417325	1225.288441820617	1345	0.11078880586046716
0.8783330716721567	-0.9812762339293852	1.1342554460173289	2.71353817612043	-0.8320988015735638	0.2520393521990387	0.07405052532254629	0.08282972828304139	0.025147283335576653	0.08455933823684476	0.059494413237334585	0.003316173451095588	1234.8523932480296	1345	0.02072459193775808
0.39214770124995885	-0.4520538800191198	0.9958660765592823	3.025740491970566	-0.0005446687219240311	0.24765309291794754	0.010999118007645787	0.012151116683017113	0.01670522422671929	0.07320194790995448	0.04169902608919213	0.0032241652329843924	1273.3597427660698	1345	6.951157170584345e-05
0.3988057163163219	-0.45084770831702004	1.007106989376078	3.049200060669996	0.00183352029068616	0.2515030349407572	0.01117373278901181	0.012122719337117407	0.01670754404826968	0.0730938379749357	0.04174469807596177	0.0032751999231748065	1239.0720150613297	1345	3.03687703507872e-05
0.26500533441225677	-0.2958378224121162	0.9425619726385096	3.031087782799594	0.8055490891324137	0.24772229523485806	0.09346512266899955	0.10400528317743622	0.050489039263495746	0.07497570426891365	0.8312211709439157	0.0033090437299560242	1073.9871957206371	1345	0.00013076554758782036
0.39332095751175256	-0.45245581953013314	0.9755875740311235	2.914889346728833	-0.0009724093566189465	0.24891099795432367	0.011018607570019885	0.012150868109870728	0.016506665620968884	0.07218089148840345	0.04153805049372023	0.0032506903814155316	1218.7428739304332	1345	0.00014526346694375964
0.40760325156875926	-0.44865302742338214	1.0151971955918435	3.03781770316288	0.002893542682299244	0.25405311259392355	0.011423719471136507	0.012092265898421118	0.01664113266042602	0.07258741697166675	0.04178453087163122	0.0032782473985881835	1260.245989589931	1345	1.2285838434623955e-05
0.40044397038536783	-0.4497137471126821	1.0081891028116623	3.0361456237061613	0.0005069314115987133	0.2514327318536774	0.011245984906058014	0.012128093278428743	0.016741296283340982	0.07311578071759593	0.041794089971878265	0.0032723267232612607	1121.7419293480548	1345	7.743253458424861e-05
0.4005657033394039	-0.4481073726537728	1.01141025981871	3.0691677356310274	-0.002860095743647141	0.2481060269579579	0.011270004358328327	0.012109212557485777	0.01677680694858415	0.07343546524331979	0.041840676957979266	0.0032573794352087474	1286.2875200546514	1345	1.1736819018597433e-05
0.4012455271924315	-0.4494428363982307	1.0140765478001104	3.0878029690103457	0.0006717109551340739	0.25145176660237806	0.011253782167280558	0.012105436953693979	0.01677761617779922	0.07353871848946625	0.04182015963748297	0.0032626985398942045	1227.8830640677256	1345	1.3318705250437892e-05
0.40121201354537017	-0.44810184810412773	1.0256455941964413	3.1039776920585367	-0.0010868743247782586	0.24840958005680855	0.01130353070919152	0.012126419717102738	0.01690819130669579	0.07392640128984405	0.041928385012002536	0.0032533144455324987	1216.8844506755172	1345	1.0827138870161242e-05
0.400376376370236	-0.45076559105424524	0.9948565459245586	3.004476663376269	0.0013977882003009198	0.25395341900539137	0.011206762217873322	0.012112737074977332	0.016598822800023397	0.07263268613251633	0.04168933661995716	0.0032724953728645325	1197.0655992488616	1345	8.809998660387714e-06
0.7381583730680494	-0.8274485785993728	1.0958182647460442	2.754258984877644	-0.702652266481531	0.24698841430870516	0.06972676159609714	0.07633323632025939	0.027190754178948326	0.06493979554400586	0.07820884904200495	0.003096611204659765	1279.4569579716463	1345	0.009914686588180479
0.39749909853721654	-0.4528862806029205	0.9933294501213863	2.9494451892827662	0.004464769558780424	0.24998335777625202	0.011101361751886809	0.012134320615089535	0.01655136905552489	0.07206470912826927	0.041540390189024626	0.0032472118574888827	1237.5114984921947	1345	8.43801719766553e-05
0.4007123299224633	-0.45102557180421204	1.0036574577831898	3.025929421647915	0.002844515553010796	0.2570147529210698	0.01123308040979141	0.012138234447665734	0.01668987013389635	0.0730853806940264	0.04177879564545574	0.003311017779611367	1177.0262210951232	1345	5.989638168433862e-05
0.4007175338270901	-0.44883110654881136	0.997185015190946	2.973477639867813	-0.0024017982575556896	0.2464307212856972	0.011257921116648324	0.012111945844560967	0.016644802182202732	0.07262701085393755	0.041677806460357944	0.0032529394338186397	1190.6077157244026	1345	8.695758014251178e-06
0.7881386244160563	-0.8973989697185166	1.0919852360752287	2.6217299397420035	-0.7573495923469368	0.2512543238973592	0.09546535597494828	0.10814434777264344	0.028508834253635103	0.09778436669044159	0.09350448084843246	0.0032421814839080094	1224.1290050384728	1345	0.01521780888096868
0.4028220077155339	-0.4474037817901155	1.007255895281209	3.034344582491477	-0.003534354050245684	0.24572740527725973	0.011323494003594774	0.012087687658684662	0.016693234135294617	0.07300115257077566	0.04176229683892393	0.0032424066977200464	1185.8136267170457	1345	8.627469492141366e-05
0.39857981631187617	-0.45191846692032334	1.002251744656302	3.026424038281317	0.003614557995496511	0.25726193073631254	0.011166057934977493	0.012147851843248944	0.01667536411879888	0.07294331562262268	0.041762280342413506	0.0033126227481187305	1166.939871589827	1345	4.768332059784516e-05
0.3989497309604061	-0.449257973519275	0.9995863260105887	3.0191055265071935	-0.0022565727860067377	0.2491102293560672	0.011211804589564202	0.012120061399142462	0.016673081982804767	0.07287948534931407	0.04175795024130231	0.003261953772622496	1224.1983425108988	1345	2.2787366437060817e-05
0.4014234882551886	-0.4486224600993526	1.0177053830090883	3.0822634599243566	-0.0007541901746315103	0.2503484772751511	0.011293145992494646	0.012123968650697026	0.016811833645538458	0.07361171439205583	0.04188380473010933	0.0032619541387806043	1094.1044476397212	1345	7.811479198933229e-05
0.39964875547719236	-0.44929165584563774	1.0060380986253412	3.008587352254921	-0.0011161080653391375	0.24618122830959044	0.011228495995206086	0.012121251558023542	0.01670223288173241	0.07282564271578454	0.04172127605120731	0.0032401338066474815	1110.7228812789563	1345	9.380969105640276e-06
0.718376253859631	-0.808289704538269	1.1087916333782695	2.8583920197712587	-0.6844218479773321	0.24911014830844977	0.08002924458032286	0.08870174514963787	0.028287262398080913	0.09006510285324487	0.0938463255046421	0.0032280129976658143	1080.867808960289	1345	0.013353049483488914
0.3991050863813102	-0.4496332737435892	0.987002862408497	2.947189465756859	-0.002550552381343335	0.24867865225119412	0.011207086423622704	0.01212287331805167	0.016551618832775148	0.0722564256641805	0.04164924970434576	0.003255495024762166	1228.7287404484691	1345	3.64292171740043e-05
0.39954029471899755	-0.4508394272334787	0.9823561111285202	2.8876007855676766	-0.0001252167286768574	0.24894054357720186	0.0112013927862132	0.012135602578723925	0.016548434899439423	0.0721081312007732	0.041541190903110974	0.003259217309073022	1171.4464784610254	1345	0.0001968851456114332
0.3932972432780702	-0.45446717313827034	0.9783950438027067	2.9155365078862086	0.003861397991569388	0.25172080129373703	0.010977615437733483	0.012155296044129446	0.01651241163869354	0.07210670554899692	0.041481287866103805	0.0032491070756556877	1281.8206257437294	1345	1.574593589399453e-05
0.40475878523098163	-0.44821799641221555	1.0109458941069522	3.033795754306606	-0.00014742802333927974	0.254246122854817	0.011387314946658423	0.012121109394794367	0.0167419294599561	0.07315426566985998	0.04186395144993232	0.0032853614330865086	1095.9517913352784	1345	1.5990636552610384e-05
0.7808056991751059	-0.8643287869826626	1.1280312476853824	2.83788005640585	-0.7419403213166286	0.24832435602745886	0.0840282995906453	0.09291349711821151	0.026233996696980073	0.09462397249489375	0.08442484021046606	0.0032519238799773326	1122.6471737023385	1345	0.032330720928398435
0.3986444843124773	-0.4490238070288281	0.9852499307693575	2.945317234901063	-0.004264903507732745	0.24500313317022815	0.01119397906606492	0.012107203253264955	0.016540826115418426	0.07217129295490406	0.04161335947815779	0.003236309064432686	1132.0661018621472	1345	3.2954631592479434e-06
0.39688062437223287	-0.45119297540996334	0.9853926296267957	2.8982841914693047	-0.00042339728293899607	0.2485808711887522	0.011149146882297466	0.012163950507250382	0.01654490285276434	0.07193294352746149	0.041605110472495974	0.0032443058268134036	1203.3995951127804	1345	7.985655594389295e-05
0.738991759357249	-0.8320625143761639	1.101145790571369	2.7807747848446946	-0.7020699270282903	0.25382203532424136	0.08414536440320132	0.09311520943537657	0.0289429687424976	0.0881769800839554	0.09318296127284866	0.0032473393451341787	1219.3605431587791	1345	0.014272780172093283
0.4003882564393472	-0.451696952175317	1.0045957058330064	3.0078943183243916	0.004270263821851698	0.2574187848651652	0.011222199827468039	0.0121529043098468	0.01666598011519575	0.07283181615377457	0.04176081710364579	0.0032986773620132174	1191.6417316276538	1345	6.619925301556653e-05
0.39645585184030613	-0.45245420335326586	0.975522369900213	2.9011040931009755	0.0009331456380209273	0.2529678778514798	0.011096027710636969	0.012147043866522586	0.01655200917981907	0.07236952568217826	0.04154179128955824	0.003270569658406572	1194.1903910909737	1345	0.00011451596721978107
0.39960957161562205	-0.4507652758090847	0.983051442803064	2.909254163472619	-0.0001611114144133079	0.25416737034591547	0.01122144009108223	0.012152976680507214	0.016579556923456237	0.0723448108879288	0.041652083898788723	0.0032850015234868473	1214.2960074952514	1345	0.00012995551856874915
0.3964056762433432	-0.44838932549511046	0.9867406513371438	2.9610807389963907	-0.006933762034314435	0.24461471188073472	0.011177535419314464	0.012135362676935183	0.016666813873653038	0.07287117845138485	0.04172573057950692	0.003231454158857317	1256.968896018027	1345	2.5084985900366824e-05
0.4011910060548026	-0.4502439762852704	1.008800791119737	3.015108904353097	0.002107346866773458	0.24875277528031475	0.01124027512122931	0.012114704721949199	0.016707706073622573	0.07289395922326394	0.041692303701480755	0.003242406540313862	1212.4332507239287	1345	2.1196569892657896e-06
0.397544380255669	-0.45197261612647954	0.9615153249351222	2.8271386331593886	-0.0007591632691743916	0.2517418599234175	0.011129072734239858	0.012141892397639614	0.016431626964970622	0.07169184321168642	0.04144837854944999	0.0032560516183634267	1194.2528418036125	1345	0.00016770614343225796
0.4038447947342193	-0.44980825816531156	0.9915040914884493	2.9074920105654356	0.001366404978055368	0.24803625074980623	0.01130747130431732	0.012104065153738347	0.016457362264710233	0.07135075129601276	0.04154919101980465	0.003250636639948771	1271.0349115240895	1345	0.0001473456772174473
0.39828049527115217	-0.45036821294924934	1.0004023083470057	2.973668513480616	1.8747689463083605e-05	0.24510116615356958	0.011172444841297775	0.012127382379294685	0.01663691457468116	0.07240407960521694	0.04163577666762061	0.0032282581906656646	1189.8170006299267	1345	3.869816084592491e-05
0.402968750324453	-0.4480283648332402	0.9814314734700947	2.90268556427978	-0.004323721895834303	0.25121475451936776	0.011344479415909041	0.012123205111530578	0.01652649077465166	0.07204881092619503	0.04168449775470086	0.003273944031046709	1182.237669287781	1345	2.5779953448579662e-05
0.850214092930023	-0.9643993817264235	1.1132773971008112	2.6026879147280892	-0.8110009926779437	0.25058065967362214	0.04923349398966513	0.05526953614739905	0.0197656299324704	0.07688206223238819	0.04117702705309802	0.0033185317561941685	1222.8311728253348	1345	0.010132233529584317
0.3989285026808952	-0.44971059371874084	0.9898124173626728	2.9565963733693623	-0.0022587971728607655	0.24525580282414633	0.011186277010283206	0.012107260685767212	0.016564660416184346	0.07232307560610922	0.04159764214320183	0.0032318092246356573	1221.6673768236847	1345	2.4566403429810597e-05
0.4005158967216565	-0.44783927430791987	1.0129293005336966	3.0614225433984235	-0.003151219301446893	0.24590882893565838	0.011274018951779787	0.012109409524575348	0.016779507895007168	0.07328198180456194	0.04183033626829059	0.0032464859074143467	1179.840871570114	1345	8.037419790171925e-05
0.39822721652780896	-0.4518400974209304	0.9748500102623513	2.876630199774813	0.0005369357226165318	0.25176220471443483	0.011149454816626235	0.012140594162640435	0.016448675906198452	0.07172529328519532	0.04151284209924702	0.003264676102327091	1185.3097615317392	1345	0.000177478891247612
0.40210268935621574	-0.44794301111274937	1.026288417007243	3.128524373468058	-0.0009059126547921764	0.24976978857162907	0.011318998949479138	0.0121142661759852	0.016874033297351754	0.07387714236922364	0.04195287300174715	0.003252630171381457	1114.7564468449623	1345	2.5094289006989233e-05
0.40118380460691216	-0.4480929128456869	1.0032620308811047	3.0464510907235165	-0.003336011917334118	0.2509827804703055	0.01128964783571256	0.01211273575408223	0.01671678420133563	0.07325887889905353	0.04184499763204918	0.0032708524185494285	1156.5553977508928	1345	1.9400864520494435e-05
0.3987588544788376	-0.4496128926220022	0.9897809736353618	2.9453865605860385	-0.00244618434762578	0.2476720340374554	0.011206269175767834	0.012131070710990989	0.01662179058310111	0.07249567012572361	0.041658481309145144	0.0032558269014344512	1204.6926233329755	1345	2.0778167444254303e-06
0.26178364581848235	-0.2995159630204645	0.9318835894054966	3.0063150954121785	0.780550604204776	0.23978407679907607	0.060538340123862174	0.06895361739232442	0.035672814107568465	0.07240922006415502	0.5385755666384984	0.003283400371381566	1208.8990217537867	1345	0.0008623271582489458
0.40081167250904903	-0.44989175977143464	1.0037716762242943	3.0074453267189147	0.0006323366890106281	0.25305305805454764	0.011258521036987646	0.012135779550615988	0.016692027458111314	0.0728712354494647	0.04177366126097522	0.0032884275819551616	1266.6204527935433	1345	4.527529993771518e-06
0.40248605914664337	-0.44876516156164115	1.0162147450976073	3.088237359452581	-4.008167873744293e-05	0.25146623255030537	0.01130155336010184	0.01210561721373197	0.016754684051264214	0.0734376380906284	0.04184983604971017	0.0032738825771967683	1193.7453747779405	1345	0.00014047380009888958
0.4001090318812678	-0.44894569681987423	0.9944891450337808	2.9655998320309305	-0.0026666464558318345	0.24883014549744084	0.011253867836562115	0.012126667476875519	0.016637913500005402	0.07255574385813907	0.04171254020113365	0.003278927352217472	1252.0881293458451	1345	1.0464258506116522e-05
0.4003008376502636	-0.45056205028886426	1.0130882626359612	3.0730767334998745	0.0023715141622652645	0.253186575636286	0.011219535852424606	0.012123055049554776	0.016764043150738452	0.07350346491525991	0.04179763942291373	0.0032867810753808378	1222.800769916595	1345	0.00011878238180241637
0.7477358057750025	-0.8375559693590807	1.1279111753826407	2.880667993321879	-0.7046152143329306	0.25020205833341497	0.06437976883156075	0.07097172461259467	0.015731186307634135	0.09988529797313311	0.06903453997977796	0.0031757284325217255	1149.9732661137239	1345	0.016096609895245605
0.40426959383311967	-0.44721644591776566	1.0241947181638758	3.12248987220449	-0.001660239916365014	0.24306562570886295	0.01133805211353704	0.01205681651598983	0.016777317370759454	0.07353807602700019	0.041801568543342854	0.0031940614929945607	1214.3460757606986	1345	0.00012487274809977282
0.2629758137116869	-0.29578835221093264	0.9554036018202419	3.1175487358753693	0.81747662765064	0.2520248041714172	0.03605319945268804	0.040893226710340534	0.024495204704685587	0.0781328844046828	0.32462598031529943	0.003243078241493126	1237.6216239935347	1345	0.00030813933509056535
0.4006939727318979	-0.4502145516523414	0.9957686628893261	2.984567843675287	0.0003531398845256836	0.24983911713019388	0.01122062798385397	0.01210613457666558	0.016613814173137564	0.07263952333846614	0.041638408273101925	0.003259219088680332	1203.6757662124749	1345	6.781028783742359e-05
0.3945021540518772	-0.4513762329855778	0.994096186863996	2.9726400240597397	-0.0006219966359890556	0.2506252982980961	0.01109616482143175	0.012175665988757545	0.016693194682573124	0.07284365061335275	0.041733995845807656	0.0032693533217131947	1216.488618507171	1345	2.792041170776388e-05
0.40825135079376856	-0.44748529263762316	1.0187797116740045	3.0748418840008274	0.0010155370952084637	0.25031487533579705	0.011437929963226899	0.012060155597227604	0.01663077154780322	0.07261755578337888	0.04178781128845006	0.003262636240996806	1212.3588772148996	1345	4.7422239235096313e-05
0.6841628432711804	-0.7686622587018004	1.0961968341691706	2.8883338726843246	-0.6423111077268379	0.24711842174909482	0.09260596140846669	0.10225276266727404	0.030687709365004312	0.09485310436323191	0.12029201414813756	0.0032160530818865374	1167.5431369056669	1345	0.005779290522491832
0.3967410392299668	-0.45160220788645306	1.0180152102838431	3.0978549386761784	0.0033360186939041594	0.252939124901102	0.011129582653567288	0.012150366033999483	0.016791177603982344	0.07344868907364556	0.04184658212927876	0.003271604310034177	1291.8710481780777	1345	0.00012749590025833016
0.2653560705880471	-0.30152916323272616	0.9214346931165244	2.92564767249599	0.7555959731410867	0.24179433214348425	0.07375544343919349	0.08358801137376634	0.04144253720970966	0.07194834016245154	0.6400994975980656	0.0032206488381349746	1192.8203096831344	1345	0.00041554393744860034
0.3989400461588807	-0.4503240090770836	1.0098889706159093	3.080151639776905	0.000833089191681013	0.24840248615867785	0.011164474571482568	0.012096085141486053	0.016703589495457794	0.07322016569929579	0.04172316419263093	0.0032527565840370105	1208.0219521499412	1345	5.249388012918191e-05
0.3939710444003607	-0.4517642094026409	1.0102555041022718	3.082242864925713	0.0012414815855011402	0.25075179542746406	0.011057874782060622	0.012155545050788403	0.016760804061445297	0.07341912312458669	0.04181362261651805	0.0032612506361156075	1292.421302147874	1345	3.6580176266894586e-05
0.39805799084430293	-0.44801962867548556	1.009332874697325	3.077040756388589	-0.0048332001979664455	0.2448493889733579	0.01120957524276422	0.012113968646797342	0.01686947553572461	0.07404905843809116	0.041843082181143645	0.0032273952943697444	1116.3104270466624	1345	8.156501075654832e-05
0.4000437671290332	-0.45059859917239964	0.9804622918765776	2.921566953201876	-0.0005855101208978593	0.25510331998411795	0.011221541530871905	0.01213545897757901	0.016513660656505558	0.07215466261624336	0.041641877062268344	0.0033054315476211387	1288.5755690118585	1345	8.373532154992778e-05
0.39893994156084783	-0.44947661062733996	1.0036036895457334	3.020590866180166	-0.001552301047903006	0.24698045087169124	0.011203666633876593	0.012119167572949424	0.016702844989633925	0.07303693047353069	0.04172911081147348	0.0032366419061754972	1151.6779847931955	1345	4.395621770713418e-05
0.4008407935496513	-0.45090490638520025	1.0082819730061026	3.0202674085863044	0.003435254224720726	0.25144039378927346	0.011223888614663674	0.012122838142544086	0.016637644145869074	0.07249101393041778	0.04170992727211233	0.003254174500192107	1155.7059374055702	1345	0.0001252347904497602
0.4053487043222875	-0.44839471390582647	1.0155079050402174	3.058652623918629	0.0012128255776920457	0.2534067957813386	0.011381465012934711	0.012103163587191585	0.01673160616259873	0.07301781490104155	0.041846484471679206	0.003277446331097131	1130.1543416491427	1345	0.0001650294441441446
0.4024068199369681	-0.4494829104729958	1.0121516449680887	3.034769336789543	0.0013124884266353908	0.24754037706633747	0.011275633694787427	0.012099941319923108	0.016681675681092772	0.07283304921697431	0.04171049713963237	0.0032365294464710473	1190.9009734023443	1345	4.578993523432426e-05
0.3999750892014937	-0.44945932687857626	1.0124934332005295	3.0742807216285852	-6.238384081573724e-05	0.25269725471931404	0.011242293513968984	0.012128934234191239	0.016762164211533932	0.07334872632155397	0.04186222015858569	0.0032950012277514792	1264.3442184159271	1345	1.890935680598182e-05
0.39486631522340365	-0.45056038515482905	0.9968522524978088	2.9942736258049503	-0.001938227627319129	0.24683712375981753	0.01110134221777172	0.012149364932115814	0.016679386413909113	0.07277759913190623	0.04171437919703044	0.0032467927303727437	1197.5035517670378	1345	5.9956545243705315e-05
0.402193492797414	-0.4489757946715772	1.0143377440685708	3.087544438158402	0.00019205699380722837	0.25327380199890526	0.011294833924737442	0.012111897558150949	0.016751551206643442	0.07341982412474513	0.04186989687301212	0.0032835540141811143	1202.320225556597	1345	4.264977767313221e-05
0.39737462877032026	-0.4499710854741768	0.9974013155193648	3.008390178898601	-0.00197343786584128	0.2497046804764891	0.01116752585648947	0.012135960238398117	0.016665217467223128	0.07289247896259338	0.04174604279776359	0.0032705730869147936	1185.9135643012705	1345	2.9351986802582855e-06
0.26385050239888	-0.2943018032154036	0.9575682224717765	3.0745648590701165	0.8147738779799364	0.24892921556130804	0.0479540435011655	0.05466691186239397	0.023303896572335153	0.07785594362951037	0.43927901875092296	0.003264622833438203	1242.7838617770994	1345	0.000551369391425825
0.39690935502910435	-0.4509475259475761	1.0033189632341828	3.009670975583261	0.0006683181447722836	0.2557032797032366	0.011178678216560357	0.012185303408080965	0.0167931235019484	0.07337281955556867	0.04185925931610745	0.0033036803453792597	1295.3762261625666	1345	2.584084517049501e-05
0.4026564772819886	-0.4512151683519653	1.005809032121086	2.995361542510476	0.004773441586924037	0.2542583505689263	0.011267554673249558	0.012126631175344698	0.01664489546723554	0.07258782995745937	0.04169033990570617	0.0032686607145234197	1260.060943945498	1345	8.226283982785906e-06
0.4027851026954665	-0.44989566071061415	0.9852624362464398	2.917262955287505	7.630233146348764e-05	0.2505446138786214	0.011278821991157293	0.012104038252633967	0.01646489429816254	0.07172018523634888	0.04157041057688715	0.003269123755414211	1184.5305691059496	1345	1.7602517211534807e-06
0.3985517243077555	-0.4491104041454132	1.0003903913751624	3.014953939516933	-0.0027982073281437887	0.24484299274409502	0.011191597082097564	0.012107791800866245	0.01671832290249302	0.07313969646694059	0.04169935061429228	0.0032349761428849635	1214.4349029883783	1345	1.566235059428406e-06
0.39554815579970093	-0.4519214156792601	0.985629431310055	2.9451221212841077	0.0003307937054395693	0.2500308523813911	0.01108741964024884	0.01214884418994478	0.01654043837382966	0.07218958387018305	0.04161270522128341	0.003256939617456681	1236.478179841084	1345	1.8207714151322975e-05
0.3986954486740619	-0.45171015318531665	1.0255729277596546	3.10894475881685	0.005403253412324702	0.24955862932749717	0.011150340944528192	0.012121837740549571	0.016805019449004765	0.07342095764186624	0.04176592262381443	0.003242852470787672	1283.369848476957	1345	6.961611802306112e-05
0.4032595356074982	-0.4487666036373761	1.011329296070863	3.009232392517553	0.0004709959038799971	0.2454590980571214	0.011311428307732697	0.012097180545724385	0.01668659672307329	0.07261854385901821	0.041692221068583196	0.0032322469807983998	1155.495639372209	1345	7.449319848410133e-05
0.4019826642368531	-0.4510525174334441	0.9925869890266239	2.9661378308306845	0.0027358199377031356	0.2533894122425235	0.01123448957430077	0.012105356292379896	0.016528998738264467	0.07219139538422191	0.04160125344546318	0.003282846983475728	1208.968939705957	1345	1.3230832012317902e-05
0.2606851253238066	-0.29618328032655034	0.9358985622144044	2.998688616486849	0.8215682499684315	0.24737926832616602	0.06832166640388905	0.07780470560957439	0.03998851640784727	0.0776912995403457	0.6227137971700373	0.0032219289629386474	1268.1776128466804	1345	0.0004710946458808949
0.2631307017236554	-0.2937925574846256	0.9660830857352023	3.145721559090186	0.8348517080823659	0.256992902404932	0.058426243171162476	0.06441769576019828	0.03821613888199553	0.07286624471350087	0.5243841670785135	0.0032146549994467536	1196.0309242658718	1345	0.0005881870689111028
0.39983853652659096	-0.45065358554633317	0.9789028174289451	2.8869404202921705	-0.0006635241783533791	0.2487593435154897	0.011202893690559846	0.01212487566910963	0.01646973737742695	0.0717832764323871	0.041528904287775927	0.003236914407604269	1185.4266771964783	1345	8.953914005235235e-05
0.4043273305756431	-0.44989194648908626	0.998551759384425	2.9765644717713373	0.002196859742299918	0.2515194316598707	0.011309658157569962	0.012093439239033683	0.016563847654152985	0.0722623141634669	0.04163315212041818	0.0032592770290958612	1223.672398384806	1345	6.074623181503366e-07
0.4000809610665184	-0.4480073899325079	1.016443973021247	3.0954029045611167	-0.0027842227470436447	0.24718103934089564	0.011258536837828058	0.012108466532061636	0.016788866385597054	0.07344344753376505	0.04187191474911581	0.003251679315961774	1089.6113520814074	1345	0.00011018729043043592
0.40689754263274713	-0.44839241469730795	0.999839724041709	2.9821708213952287	0.0005642459598764261	0.25127693381745103	0.011394669538748146	0.01207405196657333	0.016503357680413014	0.07190238097639924	0.04166430348132789	0.003270720984931413	1221.137808647795	1345	6.6339114806671395e-06
0.3961397513475004	-0.4513724315168618	0.9888718489528981	2.973271313723528	-0.0004224578241515541	0.25196810534293956	0.011114717836933427	0.012147399528984493	0.016618711007936778	0.07273237437493191	0.041679711688494804	0.0032714029908695427	1189.2619344799182	1345	6.325695057306128e-05
0.4006566948962449	-0.44768332623468116	1.0109960682915513	3.0712680772628254	-0.0037843031974609405	0.24869671835442422	0.011287629435143403	0.012116067406898629	0.016807681214732587	0.0736265900595698	0.04188499351186971	0.0032604909263331157	1144.9587855521656	1345	1.6508359978282316e-05
0.27188741383617665	-0.30409491812873723	0.941910684402682	3.0125177416135887	0.7489121822419258	0.24915824593967692	0.05803232810510821	0.06489345460015206	0.03377348541117737	0.07588374581872194	0.48961412531222526	0.0033524369927611947	1167.468562139161	1345	0.00100074772433856
0.3995782624833105	-0.44926213539189375	0.9971236238204061	2.982330044444534	-0.0021826985730620026	0.24682686767787967	0.011222633274559999	0.012116798221413901	0.016642372246846324	0.0726694994043953	0.04168204047883421	0.0032517814806464944	1213.37427569899	1345	2.4221309673241196e-05
0.4036482447960567	-0.44866760927159943	1.0035212586134508	3.0085492418340296	-0.0005456548502272028	0.25341097565426135	0.011340912418075532	0.012114394998566445	0.016697282129502354	0.07301102084991809	0.041783302960655334	0.0033045249706774404	1148.0505670052553	1345	3.3412677806370456e-05
0.39756028334727944	-0.45077603448361286	0.9873403271112619	2.9488153132662176	-0.0008719687271405185	0.2505018167246807	0.01115568124785008	0.012138368154327719	0.01658596734675826	0.0724153003333951	0.04164460621130211	0.003272085750126452	1212.2309257412428	1345	1.5530867760271448e-06
0.40440299561722726	-0.4513570414163892	0.9930711539312331	2.9441440584412186	0.004896353300167722	0.2525548201311328	0.011274762590830508	0.012090298870940581	0.01644944233495575	0.07170014524014696	0.04152483033486974	0.0032511966948409964	1190.450164337687	1345	4.35091031406239e-05
0.40028409561312783	-0.44791287041745903	1.01993730603085	3.119334011569811	-0.002748679521777171	0.2479559720005824	0.011268121869498127	0.01210943080970344	0.016865642741449284	0.0739704775506259	0.041914013250356305	0.0032465620480465053	1102.7987870514708	1345	5.999720724775736e-06
0.3988479192756252	-0.45294407176157914	0.9913240659279818	2.925407615518392	0.00503911958262982	0.2463454595357082	0.011110922808718763	0.012108896717477656	0.016469174958852553	0.07164350701807391	0.04142263617400137	0.0032158281328732853	1240.7055707606582	1345	1.8758480018753403e-05
0.3971379512005576	-0.4500656107366924	0.9973417588464906	2.97165480655318	-0.0016326625094953892	0.24863550943767576	0.011177421159872702	0.012156796907848027	0.01668695798197193	0.07273750415153073	0.04173636914615401	0.0032560235078542784	1238.0961343841882	1345	2.6431819111568627e-05
0.39935585761181364	-0.44899135803326684	1.0029354433393873	3.0022640738527855	-0.0022590330156630365	0.24478385852555953	0.011221330468946859	0.012114750829966431	0.016642493236095256	0.07255389981481969	0.04170397024019459	0.003234699125796944	1300.6523378346797	1345	1.0079735686894545e-05
0.2574727516527425	-0.2899868956191613	0.9460253868245878	3.075007908451199	0.8597289103359327	0.24361748565641836	0.0388200929800599	0.04333710215332067	0.026510691504379614	0.07644161772246472	0.36364205600529637	0.00325281185153216	1217.413773189783	1345	0.0004202243619649839
0.39715213117898396	-0.4499582699375062	0.9919269905966718	2.962670182898213	-0.0026324271044442815	0.2438774208074353	0.011147802475220046	0.012121230759050123	0.01660996020636038	0.07252457128273933	0.04161578293445637	0.0032090076200717186	1163.8679141032	1345	0.00011488817582311695
0.3995122164665644	-0.4494739168698832	1.0216162181140651	3.1079507699518683	0.0005139505204778381	0.2472767979948368	0.011215263104816298	0.012113500955706099	0.01680164169545017	0.07350755627278584	0.04183597283968658	0.0032303371069943247	1188.7505608122513	1345	1.3580318083809994e-05
0.40161308184292216	-0.45075940989629315	0.9961025124608781	2.98160930268938	0.002035932833055947	0.251042970537482	0.01122670673488925	0.012101318293555657	0.01658448435964406	0.07253387496552255	0.04160660946893585	0.003258064902436037	1106.6745775064405	1345	0.0001881020804427689
0.3970687111438665	-0.44965292864408224	1.0072186003324093	3.042461830499641	-0.0019137731463809786	0.24596832909107041	0.011160049564555699	0.012129595892835599	0.01676776021174779	0.07336391713276431	0.0417645379435245	0.0032356800465164733	1170.7865545828918	1345	2.1398352497242015e-05
0.26674297468535135	-0.2943666322054863	0.9607656107919041	3.1063416155737085	0.8228790603638987	0.2517892345200374	0.025962176948157754	0.029774183219497017	0.02062864264035591	0.07367842783322963	0.23714667681615648	0.0032579124074862587	1189.7842987072945	1345	0.0006484062091598592
0.40190242993300945	-0.4489165257918626	1.0126801051138508	3.056292255708742	-0.00013511262802529442	0.24800966015852818	0.011277980640361323	0.012101460864233572	0.01667320893261545	0.07282967624351641	0.041774482908427356	0.0032372414650517034	1278.4783339575374	1345	7.865517855032431e-07
0.4020697520465353	-0.44923145919816887	1.0045935828571	3.0207743345448983	-6.291729996519174e-05	0.2522227374914232	0.011292039098497105	0.012120257927029124	0.016672746106468544	0.07287058536651267	0.041785017320142094	0.0032729687461972496	1166.190210142599	1345	1.6071701827129423e-07
0.3975561926808771	-0.45127625716287584	0.9917705871268818	2.9630956951923033	0.0005021660018341153	0.25039511275381443	0.011144207910401079	0.012136830066105476	0.01659457709637163	0.07247942805547107	0.0416342942809134	0.003275041288909826	1335.1259146719167	1345	0.0001876460003865516
0.406097923581756	-0.4486895306772062	1.0294522499899694	3.119380435803823	0.003402541345323391	0.25587638070779534	0.011402301359968383	0.012109845607227117	0.016813716596938814	0.07351294277026225	0.0419398166573593	0.0032906594852779897	1142.29149023638	1345	4.723832100957509e-05
0.3957440976895767	-0.45064425873695385	0.9973580091057347	2.985882272710349	-0.001290812316324364	0.24814148971268815	0.011124233028989631	0.01215240281280233	0.0167010412429409	0.0729184640625755	0.04171004170885719	0.003260150428531821	1198.2733179778293	1345	6.571279601563226e-08
