Nu	Nd	a	b	c	kt2	Nu_err	Nd_err	a_err	b_err	c_err	kt2_err	chi2	ndof	edm
0.25763396913317416	-0.27960109162742286	0.9190148637498853	2.824137444600408	0.9346752582029008	0.2514161020213564	0.020729723368527294	0.022408865655910062	0.03094035621237907	0.14220827124785237	0.19841792403008948	0.00867686698742075	170.5626690495189	309	3.073940751723849e-05
0.4007797178449058	-0.44659978564488717	0.9889224486819962	2.932874431043492	-0.0065480119219709	0.24418311319540292	0.03246977577302076	0.036029621095986106	0.031935501735761956	0.14514291159439635	0.124084929866029	0.008552318207224664	137.02257766890037	309	5.3296579176089825e-05
0.40133523241246843	-0.4478195447959123	0.9880922338414591	2.9122873061130408	-0.0033387767531605616	0.24100553537919422	0.032312864635430774	0.03590599023675658	0.03175493207047548	0.1433750508670899	0.1234464320002836	0.008451236827627053	204.87375343820204	309	3.214945090783975e-05
0.4013033648498921	-0.46031419575606725	1.0107563636323056	3.019322356832913	0.021081525787306217	0.26647230020323986	0.03227836197799348	0.036830905716505255	0.03194683852338593	0.14487982443837102	0.1254433019596829	0.008669315055897601	159.1661542266015	309	0.00017140585639296435
1.4703388090640035	-1.6489290539679682	1.1743471800372618	2.0439641723495754	-1.0985329097243053	0.23767516389460178	0.35991927811611335	0.39410973055745846	0.03822983626202762	0.3431496577016937	0.08598171117796714	0.008484828061167727	145.5845118328444	309	0.009007057920407418
0.3987882859261648	-0.43998814725543806	1.0021634433450313	3.043516902886478	-0.017962093801050214	0.23233645239756348	0.03243311527104985	0.03563887315086942	0.032260121981702375	0.1471051477070866	0.12412421203810749	0.008471676677071887	166.6549176267188	309	2.637391247721864e-06
0.3993653548294138	-0.4464650549462615	0.9843280967363606	2.9335643433111844	-0.010053435904008883	0.24961156535806311	0.03258193608411585	0.036272858421652336	0.03224852056407359	0.14741316773271065	0.12478514710668549	0.008650373120218591	152.8612996275059	309	0.00019300704946202522
0.9348054641834093	-1.0528668868551265	1.145696577545791	2.6738402121719487	-0.8821464335095492	0.2505620062944866	0.2532113311106612	0.2821552833016795	0.05539401552317021	0.25970082813151574	0.17186054605484014	0.00848436619053511	163.10045217495738	309	0.0022452815141871707
0.22709386059960945	-0.25537554795440526	0.9651330262379206	3.3410123944408605	1.1901560236032582	0.2502402669276505	0.018506087516513163	0.0206966334779226	0.031887040261009345	0.1503742655159771	0.22368654663088772	0.008612207323135402	200.50174443374232	309	1.667893269416087e-05
0.4032938851622051	-0.4515195614626013	0.9933923525265663	2.912565508223618	0.006510880047480646	0.25209623102868645	0.03248637405271298	0.03621197870662425	0.031875717725893815	0.14445900804262218	0.12417765920166392	0.00867950791543634	171.68870996912784	309	3.797434185979691e-06
0.4042173472929569	-0.45092796937120666	0.9910503135992168	2.895697544400613	0.006469363925677867	0.2536253753007441	0.03262404019072117	0.03624660811566883	0.03188053506959286	0.14453522963801813	0.12437209880784303	0.008586173787129232	166.97141989600297	309	2.4191595511912537e-05
0.4003572433824211	-0.4499319790618244	1.023314236165593	3.138207101986331	0.004729920961183713	0.25129279443174707	0.032393577824041855	0.03623508373459831	0.03236049087260717	0.1477923193949195	0.125434069523163	0.008607600620775027	150.88998056312508	309	0.00011093180918864411
0.2401662962858823	-0.2750766990227367	0.9374722254176502	3.09737956622267	1.0262323013796641	0.2487536649012511	0.01935213397030714	0.0220347580470382	0.03146075988425151	0.14712461442747252	0.20717712808492195	0.008560422195977862	193.9445981680958	309	2.066182534222138e-05
0.25555209791875017	-0.28528714175237085	0.933589773428205	3.0411422461626287	0.8557085308387018	0.24186199815038925	0.02079984958768166	0.023107420115453286	0.0316986252395162	0.14776777183195333	0.19546888672533239	0.00857209424516021	135.30758200512474	309	4.181698068956193e-05
0.3956877013988405	-0.4583435597498262	0.9659561952726581	2.802666032311409	0.0009584446170545921	0.25591290077596535	0.03197213863278808	0.03684268474084561	0.03176186951095757	0.14363917575976434	0.12387025147356204	0.00870107903609548	183.0675124879664	309	8.607508154039777e-06
0.39533355035447254	-0.45319868880697	1.0038311309869787	3.0644522740265105	-0.001387055152020122	0.24783612548924114	0.031932539444632424	0.03641181360566359	0.03214407152209036	0.146555787213818	0.12461110964133339	0.008543902176803241	178.9239090129433	309	3.3203010343449596e-06
0.40280116529951865	-0.45643981761212904	1.0094112002198834	3.0365928635476114	0.016155926649865714	0.26653296517877295	0.03251447279824704	0.03667379138302787	0.03208984553133188	0.14640639261920654	0.12568263326291645	0.008737348739201798	158.4719668296159	309	8.941208800715948e-05
0.40124967227074826	-0.4480072366250245	1.0033787503649614	3.025070326382569	-0.0010711946541623345	0.25298078772990207	0.03260981239615903	0.0362518562352631	0.03219084859058531	0.14698384009683663	0.12523234152115653	0.008673198623622423	186.14583191344622	309	5.82570635686417e-05
0.23003118751266036	-0.250940035938622	0.9558224702574153	3.2377431883971366	1.1732697110754196	0.23986983515518084	0.018715243578986084	0.020324041860669616	0.0316355365014719	0.148204213343773	0.2216272489106007	0.008539872318151981	172.24540449243767	309	6.3957517581144404e-06
0.2515430844491697	-0.2827414705175442	0.921460246125327	2.948353030042598	0.9163328971704962	0.25061258800540387	0.020397036781879863	0.022813152272960137	0.03136070601646001	0.14574082812350742	0.19918913213531594	0.00865939025551786	131.12039113019716	309	1.1239006360512728e-05
0.3987807994144758	-0.4504345197913163	0.9961962228871859	2.9800542350312327	-0.0019162426879415322	0.24256061252414166	0.032114652627191084	0.036100311260857824	0.03188287691653286	0.1447384244926762	0.12383344786789877	0.008415180617968691	188.3467931327455	309	1.0385089187739013e-05
0.4014085115156476	-0.44709701189690226	0.987925892530336	2.912791070987691	-0.004531071815657008	0.25292044266098523	0.03274014311389572	0.03631555297565798	0.03209004140683222	0.14567058661425036	0.12498256565326284	0.008707340277990113	176.93198522714744	309	1.1976319552237002e-05
1.0504697180350862	-1.1711571679262678	1.1533138711638413	2.477195656769684	-0.937642415621567	0.23959638241801115	0.19507122980527905	0.22200683587742626	0.039702321057484155	0.24359567120169298	0.10004723804241683	0.008168844967195716	172.86203357881027	309	0.0014840229624244244
0.28277514392030173	-0.31535274499523924	0.9467063302676613	3.026581884772259	0.635558405545442	0.2464097170673774	0.023011027403534837	0.02553650083149425	0.0316844700095982	0.14683505027561944	0.17743803310837128	0.008587244400189972	161.45016142031028	309	2.9538366849603396e-05
0.4012348843148075	-0.44500244004681644	0.9894740391716257	2.948127606554265	-0.008268433575152015	0.24535811150331086	0.03258290741430791	0.03599322987246308	0.03195710816160809	0.1450789750804529	0.12435123380477413	0.008629875129616897	165.2583224518607	309	7.561020592161747e-06
0.8969109088578762	-1.016705296095539	1.1403224992541188	2.6999310195476456	-0.8452847013968479	0.26151418447019414	0.2869369656949316	0.31624413402633694	0.06718010657020236	0.2531835543071242	0.21281907208501635	0.008627029391460976	182.02984090979302	309	0.00101657205533084
0.39951035393517537	-0.4523643631540501	0.9872750854515191	2.918386811456826	0.0009263757888073426	0.2570972629397207	0.032465395878081546	0.03659351241994565	0.03204298949471597	0.14549484529117618	0.12498022987141409	0.008736256663023738	151.52169033116257	309	1.1729193410592965e-06
0.4030570682117654	-0.44233238242383305	1.0070834520054464	3.035604748417125	-0.00652512193501144	0.24197967318753108	0.032695622928742465	0.035748043973277153	0.032093291918421536	0.14594188769115407	0.12458622411387425	0.00854528798877017	146.69699534650462	309	2.5319341069084457e-05
1.01140871107989	-1.1530743563809176	1.1416559876599457	2.5003768475562684	-0.9225710968236029	0.25156027587999674	0.24464251976437318	0.2766632754592317	0.04908957653005325	0.23256838559693013	0.1398766802283466	0.008312279246540835	150.43522585993847	309	0.007628838503459852
0.39861249499054385	-0.4454214226921146	0.9984586568069654	3.015594585200418	-0.009944176796949042	0.2449119595514688	0.0324701187669602	0.03612372205981001	0.03225571347458409	0.1470770062209006	0.1248420855262399	0.008560274162656846	180.85755509753636	309	8.230926730221197e-05
1.424350647192913	-1.6397678888908673	1.1489548871284108	1.9522601536039124	-1.0748716575396888	0.2476724639553546	0.22583220747075952	0.26919707612657273	0.03211206843667609	0.25361974066555304	0.0600056157629661	0.008300125405947245	166.24726469763533	309	0.029273934133275357
0.9583204007707068	-1.1194754878538495	1.135979798440261	2.6043221745249325	-0.9172962463387723	0.24241164761306894	0.2892243248727915	0.33646251259288673	0.05632482357002714	0.3066152506376592	0.17835902745911514	0.008224645069594345	163.96357892692052	309	0.0031061571091517263
0.24233088666064032	-0.26303796176755023	0.926698653547372	2.947894551664974	1.0588056263399752	0.23587281707242394	0.019459381992270878	0.021032649814948314	0.03090029179403083	0.14252421506583493	0.20846307560483168	0.008457941572526825	174.01964047045243	309	5.345795700497731e-06
0.2396193501096203	-0.27578849741976585	0.9452756665148487	3.244684639269792	0.9659844859587531	0.24076169461433808	0.0195626743259152	0.02237818244402918	0.03187173293933876	0.14985188005715558	0.20584833450302958	0.008471242336167787	179.7779205208492	309	5.374807929712832e-06
0.39942516922382915	-0.4442134019094712	0.9797896548575457	2.89257259814017	-0.014176886996342519	0.23640204487858837	0.03235807971225076	0.035834623409739655	0.03188482178281032	0.14455090481189292	0.12338219695006071	0.00848984409102792	154.04592533312174	309	5.596428710446841e-05
0.3979557883642795	-0.44558426772379095	1.0325286205092346	3.266740202076315	-0.005274850573305134	0.24912396345671298	0.03244712151617617	0.036163082941706365	0.0326689307992307	0.1504323678513642	0.12622624417492886	0.008632609982525132	187.08205460934306	309	2.3095676793199647e-05
1.0319757474645939	-1.1831856731450106	1.1621786189898378	2.589347146353427	-0.933905437586834	0.2566025977235396	0.2969465898777852	0.3404913875995257	0.04769235207664171	0.31526643091460455	0.16591572566064616	0.008168677028770189	197.59603530736953	309	0.0027858359708474475
0.2226725066359568	-0.2445972152808328	0.9468500760790756	3.2161558780274424	1.252297734525108	0.2414751177793972	0.14373262162770403	0.1574170688279767	0.08421138538957608	0.14919152810506758	1.8059234707908436	0.008699181054166233	172.54675658807935	309	6.705418835394567e-05
0.4054681673647754	-0.44507710750742724	1.0419604601505892	3.2561897376171256	0.007417354858301099	0.2587298042105651	0.03299050333443784	0.036074835518999676	0.03264045778481894	0.15038545430516065	0.1267914492260616	0.008745992508251935	203.46410020423622	309	7.038684400926668e-06
0.3991816029648433	-0.44984374008792366	0.9934710054537692	2.9529985035538773	-0.0021628729301878006	0.2469754328737805	0.032312984417039434	0.036245073094001996	0.031962503737580424	0.14473967930554602	0.12434203342892741	0.008560377934442759	182.14544331715123	309	0.00014478046031653153
0.23799088701770335	-0.26787393229284756	0.931758446319167	3.1067225162503567	1.0225746824741777	0.23521083565553383	0.019267617498544033	0.021571764498468878	0.03144076334309408	0.1470564035659072	0.20811558609685393	0.008369323251590616	156.2834904892587	309	2.2213140950510905e-05
0.2565187933491855	-0.290249983666947	0.9145489646285322	2.8714774939652052	0.8647938156006225	0.2412500309516767	0.02056318876425827	0.023143261764659993	0.031055230911654727	0.14318459964352886	0.19242416262273662	0.008456909509684543	157.9689548591233	309	1.919012095292279e-05
0.9336331760718378	-1.0558736151835377	1.144387606803597	2.651630015383192	-0.8762817223272216	0.24532801698405307	0.3342301896705005	0.3818185649131681	0.06440407994104046	0.3302199270264869	0.23049806655481483	0.008294400565658189	147.39878378148893	309	0.0007372378813004536
0.23098250466896666	-0.2557121193270006	0.9232633386195335	2.9736532054327567	1.1641687077815117	0.24473510834980808	0.018670881858221015	0.02056516527868533	0.031192228631964372	0.1446334886550488	0.21837431601141488	0.008562259109123838	172.03247481491326	309	3.597555245717314e-05
0.3993575721550701	-0.45364715492153673	0.9970992257153612	2.961367244646958	0.004944611393556084	0.2538405063033843	0.032283557062359296	0.03649425588332386	0.032057956739790096	0.14527707368526221	0.12471165947538511	0.008585800420719372	180.52302418672988	309	0.00010801311905780085
0.39500463461775454	-0.4541752686391553	1.0034692440787856	3.048262172057785	-0.0007053962338592903	0.24104911169314572	0.03170065655495629	0.036253492549072425	0.032059902714923115	0.14643206595019903	0.12375277630952294	0.008370406712390017	154.47685644409052	309	0.00012391480343248854
0.4028557711768151	-0.4499221997692538	0.9914568356237587	2.9048045060246497	0.002447706158870344	0.244916658122229	0.032381724519160104	0.03601736081635743	0.03187514496610269	0.1448214281315678	0.12359803936723099	0.008526994006750286	158.97783749456332	309	0.00018818799827879787
0.39813996636814225	-0.4513925034846463	1.0173459267307488	3.126390226082245	0.002473837101074355	0.2446013555485674	0.03201586534207675	0.036123119319013096	0.0319781038323865	0.14574930358020213	0.12450075546892563	0.008431233118945879	170.96031639342468	309	7.240259308572954e-05
1.1530023466858925	-1.3074163972312722	1.1782823796028887	2.478555624508935	-0.9921343888040305	0.2516017089575983	0.2917672842202434	0.3252059848525271	0.04740307618761645	0.3035270798249011	0.12605189427334454	0.008523740790148204	158.77798381272186	309	0.0044310174352248525
0.40072772011399355	-0.4491121516933117	1.0091703190944203	3.053998931563316	0.0015719010949747738	0.25675375591755056	0.0326418685122895	0.036419658614955844	0.03237736809607267	0.14763324272087516	0.12579137947755564	0.008721478372882608	159.94677264369986	309	0.00010693336761211336
0.39857636233523774	-0.4462688957820741	1.0059605200437334	3.053500822292789	-0.007050689231340406	0.2468458200476552	0.032463845754749164	0.03619162378149551	0.03240093807733667	0.1479419130602983	0.12515833378207072	0.008603089122882133	176.28704346833803	309	4.9559865532141094e-05
0.2587443242430373	-0.28772763825737113	0.9099251286998029	2.7673342761244624	0.8983173233770432	0.25034780564407433	0.02072543249497866	0.022938986277028554	0.03086484503674371	0.14166677864968064	0.19436006621444998	0.008578354031505808	156.96210790227673	309	1.4932323059154193e-05
0.39731058150718335	-0.43668200785835837	1.0080091191615441	3.1236740841656574	-0.024612062504809146	0.2375364828062518	0.03271412621816943	0.03582114230693442	0.0327222470894631	0.15028197313669925	0.12555803029108537	0.00856808381463772	140.1257914964723	309	1.7364029785777555e-05
0.39960284254828216	-0.4464132289585943	1.0185999035881754	3.145189157592992	-0.003683798244487946	0.24687265658286636	0.03243295924504456	0.03607591838531273	0.03238663807948752	0.14863406864143439	0.12532302376861537	0.008595170243264076	178.15882630203924	309	9.424576792024957e-05
0.9935797436780686	-1.1348318453431596	1.1418337857080234	2.51981381606656	-0.9103332917831569	0.2513333261316917	0.1985764099802902	0.2165393703075167	0.04935995863607055	0.18376865798253114	0.1148328663208172	0.008203959440134731	164.4146023270465	309	0.0014111873402465934
0.3990468335032911	-0.44975995996374557	1.004006353663459	3.0442823835266544	-0.0015951531540216017	0.24671878019451815	0.03224523081911649	0.036175414262742366	0.032149562554848375	0.14684805014731037	0.12455946278833602	0.008492444955117709	186.19358676273467	309	9.024454687694316e-05
0.23430206294550757	-0.26225077220610016	0.9595270252549656	3.258289253278264	1.120611453554636	0.2525217031748	0.09641045138454739	0.10796599339554007	0.06035680836145814	0.15777790809341782	1.09840446278335	0.008722678464319579	173.32872722391937	309	0.00034600917553677765
0.39683296578778	-0.4437817896375313	0.9896892157392395	2.9983846059173236	-0.016788860809478928	0.24430742076348566	0.032479108476204104	0.036166448564975466	0.032191518258675084	0.14657394761699327	0.1249481815034311	0.008638885085622598	186.59651279825164	309	3.5938142773319894e-05
0.40329507743331494	-0.4494103835957038	1.0053954395447116	3.0211110336169877	0.0048276366845864584	0.25415163164290605	0.032624742080315995	0.03620299646654385	0.03201507100680162	0.14572121005709898	0.12505903136939944	0.008617261877896536	148.27964700921203	309	2.3331440536130623e-05
0.22270356036319675	-0.2500572210559329	0.9603066123030282	3.3236107186904973	1.225518175835813	0.2384274341866706	0.018071241816385974	0.02017998781638309	0.031865802098790884	0.15025832658696495	0.22554428852764236	0.008446873687971798	177.7805250575728	309	1.035743132154055e-05
0.23477867617132175	-0.2635046657268009	0.9503979206674728	3.2365055557727205	1.0884229819527704	0.252331474973591	0.019196887570343053	0.02142927129723967	0.0318799593363037	0.1503151730922961	0.21593415741949523	0.00866476634327671	187.85111210949165	309	1.0093991216834015e-05
0.3995897605989124	-0.4549638900052433	1.0049579284050258	3.027375582875042	0.008485813998373603	0.2588506626943005	0.032299197825308865	0.036597088205148086	0.032080761220179874	0.1459418388884739	0.12524788266686399	0.0086970348653228	170.8769347256352	309	2.9200615464328026e-05
0.39538561971345726	-0.4557948562998485	1.0270215019391546	3.220650530164244	0.00647369275011845	0.2552337897862906	0.03192868424507687	0.03660563334158096	0.03241591762851408	0.1491224235701562	0.12569860555619536	0.008574991098476228	145.2860325342659	309	6.221261049947723e-05
0.40058498840782575	-0.4465939548759177	1.0016605627135569	3.024049062070982	-0.004825590130904922	0.24513660714735225	0.03245184124560432	0.03602591879017778	0.03207869081830928	0.1462150453397758	0.12456426193598705	0.00852537052562726	166.99977891972196	309	0.00010942390706815995
0.23824667723549725	-0.2779809972195222	0.9404957947965782	3.1317246584157714	1.049856673153814	0.2613641451450418	0.019230982206451117	0.022290936830924344	0.03148191960204847	0.14703303691684796	0.20949162965100077	0.008658505874181389	195.70561280792333	309	1.7794974782963813e-05
0.7915983243344548	-0.9211428889757658	1.131770925630603	2.88807095553967	-0.7823810904934483	0.24842585694373936	0.18735899465385966	0.22213869292552943	0.05138552697419838	0.2214273399930206	0.1768510046942799	0.00900909459417961	138.84367848192886	309	0.0011546770137752945
0.4047633323882955	-0.4414576935138307	1.0253841187808779	3.1450932046102804	-0.002244098992748791	0.2461164411153599	0.032885312675523054	0.03573806568334051	0.032496520538410026	0.14907153416786545	0.12546986548426228	0.008592391147693536	173.95428089505907	309	6.949072961007358e-05
0.3977907123625036	-0.4614589612474718	0.984906054797613	2.898975546186479	0.012657555882876422	0.2622888878108623	0.03199530822635166	0.03691884686688559	0.03173714485797341	0.14368292986547157	0.12448767630219	0.008657500640232817	146.29962621017197	309	1.8703302114101303e-06
0.22201591185302139	-0.24384609531675747	0.9651375518961356	3.324622768874459	1.2641058635520763	0.24373114780744037	0.018160795382149954	0.0198509794729824	0.03205936673264513	0.1509825811043102	0.23046495958544513	0.008617061994486206	172.48629081275627	309	2.396781521301122e-05
0.23901212474655906	-0.2718512865653967	0.9471161390419073	3.1202995411823125	1.0843282772830618	0.2564756283847239	0.01920950974522684	0.021722331533104978	0.03132678718496258	0.1459678959310061	0.21119494278600953	0.008643006800226824	196.0606833445006	309	1.4016221077005575e-05
0.4013467688434446	-0.45734619434588414	0.9950162252228663	2.953776823775064	0.012889007472855544	0.2631240982975938	0.03233659637904759	0.036672087085415396	0.03188370453114681	0.14502406612288166	0.12492460638605936	0.008740543336816948	181.29897698176654	309	8.730331510935017e-05
0.24249586956542812	-0.2712213723391494	0.9424387526551986	3.116755159162775	1.032220549426919	0.25467744873335046	0.01969036389260234	0.021909611387290515	0.03157621478562176	0.14785684390064455	0.20937552144768745	0.008646658463079245	144.93367466195429	309	1.2126061257228374e-05
0.4076588370060579	-0.4568587922356405	0.9620883712879961	2.675897702531049	0.01609676583466069	0.2683306971178041	0.032906809461829584	0.036731474722357736	0.03139085160260772	0.14092598296759049	0.12423822811829535	0.008874191975671176	185.02587236026727	309	0.00010373192400163032
0.244574420881504	-0.27311982275322705	0.9382720666406471	3.1249625837308477	0.9635520390565457	0.24378160392592818	0.019966408705298797	0.02218722217357372	0.03175556638337662	0.14894877622147387	0.20515666420153722	0.008606830329190766	162.43418714652566	309	2.084825830802395e-05
0.2380490553776757	-0.26271286774167163	0.9263927533821537	2.9910010085894294	1.0960675690872075	0.2505095327347584	0.0192738653897526	0.02117155144988158	0.031283763536540894	0.14585591794651945	0.2134223266427428	0.008639395627484732	129.71975033157938	309	1.3923371385961996e-05
0.40300255028000487	-0.44971277308985763	1.0210597839486182	3.115179104432701	0.007880348994031589	0.26094594269708304	0.032760675520042644	0.036405190552774906	0.03238674075917216	0.14810599690622472	0.12621627421889625	0.008776856075867735	178.36640536171953	309	3.8343867011302876e-05
0.39930182876837833	-0.44813130920530864	0.9798958771493819	2.89005266380427	-0.007851511237082526	0.2468635441577892	0.03241611182351064	0.03622244644548011	0.031853923090238975	0.14431946617906458	0.1241275603154229	0.00862097959997329	137.0695805802798	309	2.5031970821565423e-05
0.4001298363871345	-0.4580254479113639	1.0360365796054658	3.2139664125704526	0.019329869830172926	0.266255565130554	0.03229307844954857	0.03677002427553507	0.032418066392081286	0.14866465786972094	0.12645159429450437	0.008668955062168103	157.63735914189897	309	8.829239153537633e-05
0.4001919647074386	-0.44291424679710795	1.005263083164254	3.058488618072639	-0.010163986004184408	0.2469714489608741	0.03271298346535146	0.03605870344797771	0.03232979458768523	0.1474150289919063	0.1254262217190778	0.008615720939061615	169.73933313183213	309	7.508002427856479e-05
0.3983962843694434	-0.440540860152136	1.0169689392203527	3.19224647141324	-0.01571892818032191	0.24876489821806907	0.03278720154990057	0.036108514927972526	0.03276666715229394	0.15134885421752312	0.12645578263624818	0.008691622305219976	166.18494341650563	309	5.524813698193826e-05
0.8008079702937032	-0.8997744931097964	1.1130929316736289	2.747251490998382	-0.7769412808207113	0.24360261161525307	0.06639423917659841	0.07424631275073688	0.03193834850746285	0.14925679409524936	0.060605739659757435	0.00851067503115521	174.9434337939961	309	2.372015314675242e-05
0.39506150042381616	-0.4524317092135056	1.006660338730519	3.0816888718750834	-0.002722498063440014	0.2471909149793152	0.03196246671263642	0.03641206915981612	0.03227361125298034	0.1475434066613473	0.12476448710233574	0.008525577721445108	156.06113502874067	309	1.5744102914210205e-05
0.3997184491480989	-0.4496931738936224	1.0056248538247194	3.040882572574535	0.00028312279744791577	0.2507647517741401	0.03239798376298172	0.03628296891438468	0.03207647608877656	0.1458005890544102	0.12504127819404565	0.008572708242575725	156.47529521723013	309	7.370435210290278e-05
1.042117024131319	-1.1612188302089086	1.168998472423797	2.6073104099810784	-0.9404476762586971	0.24895422526132646	0.3370096837100615	0.37361453066375944	0.06004855414397119	0.3291397191751019	0.1825580058630415	0.00855464627710273	142.61701209416853	309	0.002182573854023185
0.846091619047128	-0.9855108919816986	1.1066792073956186	2.5838849853546	-0.8199211601217545	0.24700650425597048	0.29213562018007133	0.33969316170929853	0.0665995369741279	0.2763131300779613	0.241326647507348	0.00838145638105435	227.60612834458553	309	0.0010536565813952124
0.3934700661176105	-0.4512169251142811	1.0249077211131232	3.2009385308506926	-0.003690809081206908	0.24475319498073353	0.03190668904925087	0.036395930258880056	0.03259500687793685	0.149420134274418	0.1253549741934335	0.008499601779965933	168.44094268317164	309	0.00013035259123041654
0.2411618361451346	-0.26664363987749157	0.9461950930811366	3.1179857622190346	1.079649799293066	0.26208194776293753	0.0196202344433673	0.021589901269515537	0.03158167702829697	0.14779629681567222	0.21354742132602167	0.008848957579467114	176.14637554329835	309	4.4541907367794656e-05
0.7515755014867155	-0.8525157648474297	1.120085014391346	2.90155716071422	-0.7259365098819812	0.25489297452780046	0.06203363036342154	0.07003328102108355	0.032292156035799914	0.15025107496569012	0.06536491010053065	0.008614824773353954	166.24446562604302	309	2.7812197036929806e-05
0.9415936895928612	-1.0672620759065476	1.1525394204536594	2.681572989278556	-0.8771052119869638	0.26341275016988513	0.2389553082439326	0.26984686532568836	0.05247478801398517	0.25450555094601834	0.158452998003009	0.009029660777235032	152.1323671971427	309	0.0014925884666305588
1.2256105891152307	-1.420931357190988	1.1796250935525652	2.3882951361656377	-1.0285071103054808	0.25773644511092386	0.24975267167506	0.2814388518977486	0.041276351707050886	0.26808903746492974	0.09171837224905457	0.008468821704641865	161.7620329800966	309	0.009703283301895373
0.9938873690898102	-1.1173155048641537	1.1513802683157848	2.563372115066277	-0.904133967051738	0.2533656924193795	0.19584550072805237	0.2211770323891534	0.04175116280078699	0.23446485088984073	0.11373878518516987	0.009411015487003916	163.07057531555287	309	0.03239979663805257
1.0274573527603403	-1.1238474008831705	1.1349918275517505	2.4093089164790347	-0.918202373401662	0.24524506509538477	0.2742704476911802	0.3111701984338737	0.047568082204073915	0.29197194505263646	0.15434101864288433	0.008649451688553637	151.6539476374867	309	0.002818974079853842
0.2501477172230137	-0.28390102804708695	0.9502142788702792	3.0666032240358594	1.0072099534337347	0.2686334590350689	0.02007542686529867	0.022659703523027794	0.03142832719168104	0.14646710388842946	0.20442022677801328	0.00870767588431573	152.70765313616124	309	5.860135036658091e-05
0.40441704215749114	-0.4456949556266956	0.9574930417517797	2.6979115935333953	-0.008093612604082015	0.2459615551831457	0.03284212190096627	0.036063169435534205	0.031578700539612974	0.14199066468484778	0.12333106339257897	0.008620713533322966	131.6755617547466	309	7.894042643305491e-05
0.26137837835209976	-0.2978550256547307	0.9268477354712684	2.999708684972545	0.7882695812795545	0.24542858582543908	0.021180018042994655	0.0240063945408142	0.0314576260812521	0.14602880918067895	0.1890367117940518	0.008561991048707635	142.43551188834266	309	1.4057494999906998e-05
0.40200242205062103	-0.45002260392390303	1.0244718522978842	3.1258881272848424	0.007666951360238552	0.24699606561038961	0.032306853706043206	0.03600133862328328	0.03215713208657158	0.1465090133233688	0.12472041157776749	0.008488170749944223	161.97381691474916	309	8.55651724704964e-05
0.22415177996174623	-0.2512742375746035	0.9327734436184582	3.076270078217019	1.222656346603903	0.23022209561831097	0.017921218240409358	0.019982848306215478	0.031230921463147123	0.14547394561399604	0.2210205622038555	0.008319384624045547	140.35673667675277	309	4.2756000419700694e-05
0.23971226127276354	-0.27442289380544604	0.9320161445996125	3.0690473229167776	1.0149850481256573	0.24466533815135516	0.01934739821024485	0.022018712008032012	0.031387191175800716	0.14610105369559123	0.20655327011251184	0.008514393975148	150.77189614414152	309	2.307144362216076e-05
0.25322386829318233	-0.2915214204435697	0.9417229288490173	3.055721867722635	0.910695484891811	0.25326618810230755	0.020298582920995498	0.02323307952216222	0.031370994951459556	0.14590283910341661	0.19664495596783257	0.008576077344711046	183.66789317505012	309	3.3657625915707413e-05
0.40102865110987235	-0.4464890739001567	1.0221741772653252	3.1651196212847865	-0.0009239809004888771	0.2495588296439849	0.03254123222984892	0.03607762207862479	0.03246483859588766	0.14925219697624678	0.12558297769111157	0.00852454059949484	166.6045802129086	309	0.00013957018246647365
0.24573451467986768	-0.2805398743828263	0.9094824532501369	2.852695440932856	0.9770857557328938	0.24958781011805498	0.019741803657012474	0.02240729037546319	0.031069460125815088	0.1434573500990899	0.20164584479837738	0.008587610807464124	177.17840807154852	309	2.5520198415978586e-05
0.4037403968790914	-0.44362922332121957	0.9962396732438682	2.9669727105424712	-0.005236015007629739	0.25320751015872917	0.03300231852868424	0.036126687189685786	0.032182763688061215	0.14642395817394882	0.1254259604060536	0.00876442231345399	175.3675984174073	309	2.024956175648696e-06
1.2715934917997858	-1.421837166496145	1.1549244102225025	2.1615863160733113	-1.0337045505346498	0.2346164670447199	0.27818286539666137	0.3093313553020424	0.041981431622903735	0.2722837815109059	0.09662610507216639	0.00835502851173009	173.08336987373085	309	0.006883582029574697
0.39971561501434066	-0.4463261108786418	1.0044402271704314	3.0481746260676865	-0.0056791735123830345	0.24826016446472696	0.03253036397461583	0.0361683741325185	0.03231854404553592	0.1476053448756889	0.1251654485727737	0.008567501106484916	161.6197214993232	309	5.883038708303213e-06
0.22976888016119634	-0.25940855473512464	0.9290583277650716	3.072534228169449	1.138341991175392	0.2418792314972365	0.01857421359527659	0.020854554551055844	0.03134421028570861	0.14602827908430327	0.21681800764256584	0.008500803938198832	151.73222089352575	309	5.849303571990809e-06
0.40201949811340215	-0.4481159830567612	1.0010141755123358	2.991655774810464	0.00025244045707788546	0.24620781182599105	0.032441195185949415	0.03600748154728488	0.031898481208344945	0.14471558332573534	0.12427754695152084	0.008504313747755706	201.09215183228673	309	6.855155431293899e-05
0.2452768411792547	-0.2743915164376592	0.9389242636867097	3.020126354822464	1.036969697172637	0.24832197114179835	0.01957184792243702	0.021783804060250662	0.031067109905009424	0.14425187154601044	0.20554545249287498	0.008522443042095531	166.95891567952484	309	9.933259865930323e-06
0.230862317840185	-0.2606622922371636	0.9097898270791476	2.950522820962259	1.1208224933898394	0.24738742555733023	0.01873484948252693	0.021033652065035924	0.031423832800405054	0.14642507598041815	0.21584787351202916	0.008650554649395369	177.376173957399	309	2.7148451609363842e-05
0.4088921703651691	-0.44881243630810375	1.020058561283574	3.0463969384224097	0.01554201337838249	0.26163775843518433	0.03305733852034349	0.0361432464926648	0.032092211675502025	0.14578124517246058	0.1257307363113056	0.008773895865385566	139.11070649651276	309	0.00012047341284099435
0.4057010903386054	-0.4451492340979495	1.0001733685766976	2.9556877514239446	0.001138680414592971	0.24813763286981552	0.03282954498973281	0.03588678622482149	0.031890978916587626	0.14435624282072926	0.12451103663717024	0.008585454341263891	131.48306935233492	309	1.682196819430914e-05
0.23610037636973621	-0.2660542335110089	0.9447888765930036	3.14609953988455	1.088263751834151	0.24538317789460723	0.01904013761242923	0.021338026560278417	0.03141680763145623	0.14664545549425512	0.21246806636864043	0.008543802346639377	166.7949599892394	309	2.2101880435802017e-05
0.24188681323461872	-0.27478266843661686	0.93973737526125	3.068565728435263	1.0509179801510549	0.2615039447426934	0.01954033828410258	0.022069744921158374	0.03132856597093289	0.14580281952429663	0.2094466227592296	0.008698899543043828	157.21097946104751	309	1.5078041622106624e-05
0.9661614843066866	-1.0938020106888597	1.125315455345753	2.4666026755395345	-0.8980123690627736	0.23823433647249434	0.25085082118012036	0.2796398661857659	0.052095836304203544	0.2512671170606824	0.15524861553999508	0.008406291548348002	141.9336599799079	309	0.0016763713248715202
0.401707848861823	-0.449111095734889	1.0197412454485755	3.132167706526233	0.0041119590795479465	0.2510211863304086	0.03244192315735217	0.03610822815698303	0.03220542130966383	0.14740899648002054	0.12520416714869861	0.008557157619799007	164.85028644982145	309	6.84448328576862e-05
0.990854945737411	-1.1204791970530819	1.1208799798075249	2.388749600887438	-0.8998198747649646	0.2529491076815961	0.4694019905498915	0.5301374861767284	0.08372412991432111	0.39434074387389606	0.2803885755127335	0.008505089136879689	192.18587725517372	309	0.00025051637756062296
0.40252445126766195	-0.44711802300595355	1.0098129476154611	3.0289888673053302	0.001090909161204605	0.2413101816201762	0.032389579611146455	0.03582325652620233	0.03200280968080928	0.14543899438341978	0.12405265732351735	0.008414888296913078	170.01505575838735	309	1.957497630029728e-05
0.39997610663239697	-0.4506451460883444	1.0267716373582962	3.1903329041591153	0.005213444964881226	0.2577508267899133	0.032478237177663814	0.036423750492779496	0.032510910596863944	0.14942819426775703	0.12618825667860792	0.008676826317448674	151.92911861079327	309	5.551884013687945e-06
1.1632219237430914	-1.2930870409373922	1.2049603848253174	2.616054550336363	-0.9958702729133174	0.2577004568207377	0.18875279239555146	0.21334268680054075	0.0365506476324834	0.25858195722019267	0.07689144155472301	0.008541427598607895	167.87934971639194	309	0.02525221177105363
0.4051080817879006	-0.44769820157877643	1.0048223325440087	2.99773181531866	0.005181653255283829	0.2636235385401151	0.033094122372755774	0.036424421783967334	0.0322037780223996	0.1463412304825777	0.1262010492393814	0.00880940917186858	169.28311251492735	309	5.0651694182862696e-05
0.22688687445255587	-0.2543960333016581	0.9556789996984003	3.224144110129984	1.2091024410899034	0.2442668693739017	0.018308975751350653	0.020419086417369885	0.031613497201802405	0.1481133657072047	0.22247663467944842	0.00853153581442385	173.58295384998158	309	9.643622929705784e-06
1.0539393070267444	-1.1696064562026955	1.1694396861828156	2.587833339397528	-0.9420100088891995	0.2553383861281865	0.20981208883575833	0.22773674072001576	0.043776112944443654	0.2274820787850338	0.10740528729819637	0.008600573705324674	161.56436619861972	309	0.0036913257603856265
1.025905745023597	-1.1520840760095488	1.1309100286954077	2.404085111925391	-0.9238833452711608	0.24855563405904763	0.297566693670059	0.33347987541515356	0.05467779803335387	0.29154858445183635	0.16671836342280785	0.008845401948127827	159.1814766655271	309	0.00708811060181771
0.3980841318779242	-0.45858262643892156	1.0106633027739254	3.0526127947047508	0.01311489034164659	0.2589572200309756	0.03203958909255473	0.0367142345616373	0.03216306334522564	0.14632863242594962	0.12510168254555792	0.008661009690595337	178.57546643015726	309	4.3253263149000834e-05
0.39617942159405184	-0.4472534043918353	1.0139105589705197	3.1288655279663367	-0.007849263731315045	0.23726039049422	0.03199961093338997	0.035954944132789365	0.03216365328887952	0.14660159066718567	0.12433337091430982	0.008392040656007746	189.31403627602228	309	0.00014524198557843383
1.1905760408909745	-1.3317255824521896	1.1479172573295675	2.2710379270765335	-1.0054225777812587	0.24983008037201232	0.3202606482499716	0.3629278218684413	0.04708448235643539	0.3098407556122053	0.12989739439549763	0.008275895221717046	153.7185750416355	309	0.0031243273268333474
0.4021156166496902	-0.4568210762613779	0.9919650206163045	2.9022064253265447	0.013240806504147787	0.2590371801882335	0.032347089948570454	0.0365779386988149	0.03164688166150635	0.14294955196643178	0.12448143500243228	0.00861883421692224	159.40507235913012	309	7.402246519539088e-05
0.8942772727997418	-1.0204158038913946	1.1386495268094596	2.6724911039733006	-0.8431222154499756	0.25528432962188863	0.2822850265848726	0.32381918383839464	0.06054704003121479	0.2771337849832448	0.2144601765513913	0.008551374427569442	182.68743426505029	309	0.001931468746566228
0.4024139493914844	-0.45196307896943777	0.9754977254927544	2.804492398078369	0.0024887409384447196	0.2499655503891063	0.03244313182201725	0.03627946586664506	0.03169866083312198	0.14318569767313125	0.12359699494274878	0.008561392400790449	148.36845890040993	309	5.191846309888442e-05
1.087460966139419	-1.2108024436951674	1.1767438918110622	2.583403477967194	-0.9689632223327714	0.2409312312234088	0.19524058263600935	0.21758672218605568	0.032846791511597695	0.27274704520803295	0.08968851408995672	0.008206642983483442	139.799236130054	309	0.013158231053263978
0.2567091488062536	-0.297777916812747	0.9206447963165367	2.93390616786583	0.8347924832709662	0.24344764703504806	0.020572754050466397	0.023720084815629292	0.031130429560407086	0.14376395848099963	0.19023373189974466	0.008399182735758024	148.73878077134933	309	5.778605872109416e-06
0.24163086258477554	-0.2638852102047142	0.9468565674595101	3.162975020252395	1.0393044431072622	0.24598836291134016	0.0197052623165176	0.021431607504904897	0.03177747934597231	0.14942627774727266	0.2111747241719636	0.008650178080710832	151.1303577493117	309	3.31536717202519e-05
1.187880373520891	-1.3400870487309218	1.164465417973943	2.321889035500599	-0.9945278971121421	0.2520785719744604	0.2228498859586134	0.24602201615984662	0.040561489225752374	0.23833066463245625	0.08497330512295685	0.008191092179062914	172.2319139092221	309	0.008103246638013904
0.4007168006910423	-0.4581637433625619	0.994858531750459	2.9422020741592214	0.013530272530436125	0.25886232413081933	0.03217075768553554	0.036600182370766614	0.031747544553518685	0.14375053719676467	0.12444106882937438	0.008608975192239248	132.70583654569418	309	3.4837193509004995e-05
0.4014188252122873	-0.4530938124062846	1.0051394048771676	3.0056279380084963	0.008617940513452934	0.2571369075723806	0.03244372267737708	0.03645293689198475	0.03202841192385072	0.14527997546181878	0.1251223878910945	0.00864634646329217	147.4877337846921	309	0.00015368442128151896
0.4034365627629753	-0.4506104176582507	1.0082344340550982	3.0126469940024134	0.007814497067903598	0.24918530754434248	0.032408850970572355	0.03604509484472041	0.031963700699358846	0.14528330834854492	0.12430562350158728	0.008525525593310315	175.6213868887824	309	7.5130444715759265e-06
1.0222986586173013	-1.1436919253498388	1.165899483037755	2.612890804637349	-0.9271048365005132	0.24575606199266412	0.31476587175931425	0.34887263652664746	0.058161117768956355	0.298198439023637	0.17942272699005898	0.008281010546774815	130.3414934714507	309	0.0015522940720211164
0.24958831894896594	-0.28892033801373207	0.9425067262207357	3.134665659189171	0.9233129006184954	0.26333033443825504	0.02028592590118211	0.02334123947284833	0.031542351896195996	0.14719461251509183	0.20088227766547742	0.008747397700306976	165.2238513949176	309	1.396427630824294e-05
0.40754682291514244	-0.4487312400516722	1.007758254653267	2.9624510161264554	0.011496995265329803	0.2627397631753549	0.03313023249201253	0.03633949872894771	0.03219742916387658	0.14600223512470445	0.1258106191880904	0.008820402463000343	168.8665503362882	309	0.00016558472259205065
1.1519265533610816	-1.294669128381883	1.1612983685416463	2.370809014004067	-0.9826868437782883	0.2520260946813028	0.29293511041516784	0.3250954723034446	0.04665988950691434	0.30303283050472124	0.1278234895033654	0.008309627627818396	181.41487870158878	309	0.004841724740144517
0.22936481259498007	-0.2557665748435442	0.9752309613318291	3.376651290384673	1.1922596173744027	0.24643045631646787	0.018547478277023403	0.02057872567468999	0.031856184716937366	0.15056978708972282	0.22219002262794643	0.00844785446135097	147.33194564953496	309	3.63940537521707e-05
0.40065029686175124	-0.4440526873113959	1.0076838875274292	3.058205081363266	-0.0075757312897742545	0.23364755328686107	0.032247448742498665	0.035595852197573385	0.03199258319856613	0.1458184058142613	0.12363491299083029	0.008393559817417537	172.8937370187679	309	2.7859893076017028e-05
0.39521175797725766	-0.45359730592654385	0.9971635046737398	3.025759389996257	-0.0020973183409799933	0.24879902730296025	0.03195230813888732	0.036483900031997966	0.03203512900714921	0.14589060139750423	0.12456155140944974	0.008547899711724281	173.76159084592118	309	0.00012931442034888358
0.25410240687086744	-0.2794337403124729	0.9457946792189381	3.067082238361047	0.9375385941144806	0.24803191772453895	0.02049704233572064	0.02244145300227326	0.031299521192745504	0.14538458791321693	0.20015730877074142	0.008642788519371671	202.422491061271	309	1.5814549746226953e-05
1.0562143016169685	-1.1996245568134687	1.1710882279784665	2.5796286410876395	-0.9451036356149055	0.25532535849348686	0.2465742118895438	0.2730505909553711	0.0494568844575248	0.2546648768111448	0.12946989585730317	0.008834757103142413	155.45312905065128	309	0.005368987141770805
0.4023333648116176	-0.45233525009401393	1.0149597982371186	3.044908019449582	0.010533684117853005	0.25260996123143115	0.03239262031602034	0.036250190338429224	0.03207043698226531	0.14568138327928734	0.1248500276292367	0.00857624677734376	152.7149752072554	309	0.00013363051276003976
0.39646840575693365	-0.44994417436800754	1.0001433662533206	3.0515597467004576	-0.006122712729087083	0.2506006035695453	0.032256707081006836	0.03643264047267885	0.032357320224437006	0.1484175002034158	0.12517062270974125	0.008623410186727892	171.1153687033499	309	0.00016275536229122992
0.996065132158307	-1.1182313686281398	1.1292082584414782	2.4689596378220986	-0.9175859938883971	0.25069496710408734	0.32516062240231625	0.3631736574279189	0.059590326598842065	0.320843990529172	0.1891506931058923	0.008526003907781193	156.95797341129187	309	0.0005476884165774345
0.24771801717225675	-0.27966647523332655	0.9172847453296445	2.955461756005861	0.9221441637289249	0.24184112151742262	0.020105154781668137	0.022581752327907257	0.031331367001262864	0.14530031242448227	0.1999587171822056	0.008534195040429848	139.48555029213597	309	2.9160297963331314e-05
0.9323127343008725	-1.0424347918615893	1.163764305944758	2.7620484664379354	-0.8736967285021983	0.2527872991837977	0.23252784347858307	0.26140324188892333	0.05291571458317798	0.23410222371138223	0.16245077781777034	0.00838800037975649	196.8743300143964	309	0.0037880903373026208
0.3934856039515896	-0.4514208012297202	1.0013314200876984	3.073781300619203	-0.008033306821104988	0.239151802307782	0.03173201137875556	0.036212598654768155	0.032056340353916295	0.1462804556224898	0.1239883887949174	0.008369154058762849	162.7501434075506	309	8.364032168815644e-05
0.4003676157688623	-0.459224690149024	0.9843204882696217	2.871850181814247	0.012657075946550635	0.2596579003452515	0.032161889107091994	0.03670524182457003	0.03165481653847816	0.14329295898480482	0.12419326257037865	0.008578441137194729	189.92526031157374	309	0.00011196682678624447
0.22169630749183641	-0.2423018259961128	0.9642025442454999	3.2807102261619097	1.3174000411905822	0.24794674123405946	0.017976918290468245	0.019557968288517132	0.031747086063669924	0.14981604671269513	0.23248897805733829	0.008580536772412434	149.7697533166493	309	1.0650850612913938e-05
0.39783002891918284	-0.4580712243189279	0.9790773000297774	2.8753800118727098	0.006243623639686079	0.2584707255495268	0.03209157171096369	0.036764309614833436	0.03166818769901971	0.1429320782032432	0.12432114495703454	0.008658904699808338	160.37965336836945	309	2.8743634995675093e-05
0.2475469182122759	-0.27604303048081974	0.9265499446124389	2.93762959001554	1.0070708725212065	0.25507667059604044	0.019919524483613896	0.02210299123900775	0.031189419370272968	0.14457257513042343	0.20466520082050485	0.00872418828751333	148.27679579934005	309	1.6426404057437663e-05
0.40411055800394025	-0.44843500626093713	0.9916536950137538	2.9227941312047117	0.001997553437974915	0.2560737181317717	0.03281395996705198	0.03626577587582688	0.032058122958649495	0.1457661690875744	0.12495260318844045	0.008708483049178258	166.92356050728938	309	9.127081700898772e-05
0.23969453119853548	-0.2754945169342705	0.9353386160335322	3.0820559317819676	1.0335667355311653	0.2518255853566595	0.01932085453939158	0.022076011128370814	0.03135886335194012	0.14632028157537355	0.20777587043897106	0.008553003197154237	165.7404027228146	309	2.0822614940788603e-05
0.836874949115577	-0.9626247526788329	1.105814412284355	2.6054785661640736	-0.8095242531111189	0.24248478078667166	0.4266190911202182	0.49067144638302096	0.09297995251821331	0.36938103861578525	0.3621188908647526	0.008284234221330962	158.62153663407491	309	0.0002811317740106598
0.4048382619136491	-0.45244813749188745	0.983173912985214	2.8263154561284964	0.008583176515536738	0.24745782129353205	0.0323961033798072	0.03605326378170867	0.031484924169567594	0.14166841174849223	0.12316363104903506	0.008534568780350164	155.8193062888257	309	7.830924185064336e-06
0.40613411678418504	-0.45216652913521005	0.9987618141059801	2.918412841768145	0.012844909156533607	0.26267700993511445	0.03287058271298057	0.03645334945291757	0.03215172446047903	0.14621191091934407	0.1252442229807921	0.008814590092054077	164.48225863909005	309	8.071136106109452e-06
0.40215953520282716	-0.45551256160175846	0.9846884434544807	2.8738376968853103	0.009519550544076098	0.25533858716112784	0.0323048296660628	0.036420676772333044	0.03152059589711398	0.14231887423389858	0.1239669581927442	0.008620700926323681	213.32628228047295	309	5.599382123313907e-05
0.3978282800208295	-0.44997456645944844	1.0090523739600745	3.0947354306610553	-0.00240665420852006	0.25248533908006787	0.032341160633275925	0.03640705487212074	0.03244968536844901	0.14914519442112448	0.12547082216948033	0.00861495507781769	162.87516587290477	309	0.00011750310972255377
0.4036933882110128	-0.44497943809742446	0.9716923952008804	2.8111227848374893	-0.007915825561744434	0.2507115444212803	0.03290807051501267	0.03614635540856125	0.03183655660193895	0.1440448487945951	0.12432936632356695	0.008752031420785268	172.92351446295322	309	9.726158216776025e-05
0.39564224436234063	-0.4475383914069224	1.0049690926422927	3.0882797012918664	-0.010007144837440654	0.24444078102131706	0.03218532673464713	0.036229084699215805	0.03233504269806632	0.14775817925523807	0.12496534130306888	0.008570481194139919	168.38862592022852	309	2.162425499378096e-05
0.2465353425162562	-0.27812595763259745	0.9605150389381567	3.2255844517130963	1.0022262386745593	0.2572757852619523	0.019917503898582663	0.022347610621818597	0.0316011754948227	0.1482239400271871	0.20620359372117808	0.008640198122673533	139.3574667854445	309	1.2938831749337367e-05
0.40682431685846865	-0.44686754280834573	0.9932180674188433	2.884516786261254	0.004308003061918307	0.24735790148498946	0.0327809984201025	0.03587777591879594	0.03187243204723526	0.14429833634823425	0.1239152445176924	0.008566642052289864	154.56488555897616	309	3.224067669052695e-05
0.39705964206279026	-0.45171056311080177	0.9934776533462559	2.985059701155777	-0.0032547176279861343	0.24381809719427167	0.03200462441616632	0.03623575356038995	0.03193448200432777	0.14545510019649077	0.1239285473081055	0.008497893294918818	166.53463887755206	309	0.00010008520570525393
0.9943977958943396	-1.1092299938373922	1.135648935218309	2.4476274313300963	-0.8956694031131295	0.2518838973961437	0.2855042764488588	0.31472308506985236	0.056825720354738034	0.2660233973751757	0.17266019835132837	0.00844151069553261	177.9191250288288	309	0.002267846383573941
0.23276345861293124	-0.25935693858031916	0.9315622821860198	2.9973303018836552	1.154692519062147	0.24542053319478324	0.018727121951150172	0.02075852551361453	0.03103919405841295	0.14317215516385381	0.21656688425918233	0.008528749121001126	177.10689606009504	309	2.929676827994099e-06
0.40012471683630896	-0.4467262567807879	1.005197507718434	3.0524724123565616	-0.004566779444816794	0.24718997929655112	0.03246758733188747	0.03609221342648451	0.03221279304093364	0.14717836091056605	0.12489338442748457	0.008561625704564325	187.39938465789706	309	3.333276397108832e-05
0.9769242940663179	-1.1299487801988026	1.1613512027331199	2.6641944244375058	-0.902876718008272	0.2579564588520293	0.3451737854296568	0.3956727887526616	0.06695662349717801	0.3035553148975857	0.2202072679777019	0.008408185150477351	162.2118781269488	309	0.006612096918821196
0.40030535581302673	-0.44825056905147864	0.9874754726222481	2.9161182023901207	-0.004946036526500609	0.24157829738864534	0.03229225382533029	0.036002087586719335	0.03182688837194936	0.1444120130403382	0.12359475317182064	0.00847130262799015	185.84071396192007	309	0.00013185150093984567
0.4004041125781117	-0.44857113898728335	1.000864968543771	2.999777311742081	0.0005514349401769109	0.25182232573907876	0.03251307772635082	0.036261712865483485	0.032119599475572636	0.1459509117500158	0.12512558494519338	0.008640965821803931	134.9528477013633	309	5.105015454735862e-05
0.9174767840625738	-1.0131651817772542	1.1158309241683149	2.4867489164734184	-0.8412234772292638	0.25765810424448143	0.2913770656653924	0.31494824106155345	0.06318037177454745	0.25863360687110887	0.20439317791106318	0.008530070371615708	147.32475871789336	309	0.0010571462205665066
0.22315229417867105	-0.24697842453099145	0.9487457147811105	3.212733775722822	1.2424190055988522	0.24200114414699697	0.01815480013869985	0.01998927121701982	0.03176487309517312	0.14938310519076925	0.22707402289922105	0.008512750881587074	167.3006371927482	309	1.5978443953660772e-05
0.39561347363696103	-0.4543237170963861	0.9852953447438197	2.9364352133391343	-0.0026066426056648973	0.24468497536617206	0.03183597721114148	0.036372379517735344	0.031896142051076465	0.14497968321332108	0.12359224622224181	0.00845281650677867	142.0391017900724	309	0.00011021567056044153
0.25689764657206365	-0.2847819079651534	0.9304908973948122	2.9335718207288886	0.9350705970682678	0.2666824545177836	0.02078875398334574	0.022940660549479745	0.031109877238332296	0.14397143319236635	0.20001928239663586	0.00887557184720612	181.29364921503966	309	7.86696559630872e-06
0.23960431830665718	-0.26579797428243873	0.95579901559815	3.1854070103943015	1.0835812711060373	0.24481999542000699	0.10038503286508844	0.11252094126523898	0.055660162061589746	0.1460310280711392	1.1336813044056155	0.008427294740774182	185.9166793435369	309	0.0001110111933631104
0.25249236805587183	-0.27773046962969383	0.9178416983780664	2.934366978601431	0.9113558107838428	0.24868938042649497	0.02061037795338418	0.02256929339187644	0.03137027998057888	0.14563753738458948	0.20016135923176787	0.008741628314132128	156.79853763246433	309	3.551384475142309e-06
0.2325213848574467	-0.25924091070007255	0.9811023956568629	3.3706019025883545	1.1651741404749427	0.24348445624206733	0.01870900335876589	0.020749681694331366	0.03160013279357714	0.14818358886371605	0.21874743333866295	0.00842656688713048	155.72324633098995	309	8.53452360477523e-06
1.0574320233416539	-1.1865217579761507	1.1611228014335986	2.5394353194430552	-0.9517460677818614	0.24677680264345836	0.27305099517199233	0.30750819867246276	0.050443131011374015	0.28432257071320194	0.14235668043730262	0.008353716674856359	151.8091164173363	309	0.0032072167053704284
0.23940997808144723	-0.26907536346230254	0.960261468306694	3.1909491037929043	1.1085508337209733	0.25527141424549	0.019184233934807837	0.02144647770705741	0.031408685158593	0.14684147439029635	0.2126885630270441	0.008518845579689762	165.85941489674988	309	2.1826113740470246e-05
0.39630739290086164	-0.45713039293101465	0.9857237391020462	2.954116112190692	0.003039451181810613	0.26464890308111894	0.03223035881463958	0.036986145388908036	0.031990700882973164	0.1456421624172831	0.12547887592914006	0.00879324792527087	165.9157568009255	309	8.431914355504104e-05
0.40589984402967244	-0.4523255432881722	0.9970655654064258	2.9247103748601293	0.01225912910575499	0.2631210282441926	0.03285506597947202	0.03645815652704064	0.031939212190194854	0.14488366264607708	0.12526816919420145	0.008782459689117422	178.77808206922043	309	6.17209781773574e-05
0.4011572202215882	-0.4474978061879359	1.0034088152287337	3.0324385063772623	-0.0019718700776902714	0.2559051579183842	0.032717693781753154	0.03634184464727908	0.03231400042654419	0.14774404796458482	0.12565410702875046	0.00875047189174698	154.1657233514443	309	2.161224971457726e-05
0.9779573735802344	-1.088794224794829	1.1391189619106215	2.5192805509560228	-0.8935137070006206	0.24937146525854204	0.2815069298328847	0.32008117256789587	0.054024856465316434	0.2822563709157179	0.17955910419895746	0.009107726831147071	164.4259096319629	309	0.0021193169912855085
0.23082993968277207	-0.2566043909203758	0.938033576022909	3.060132798366586	1.1998087206005883	0.24676351050858775	0.01847373843767342	0.02043044188781741	0.03122259596911868	0.14557318620856802	0.2192503511054141	0.008474589130999355	178.6083227782161	309	1.3850853149993793e-05
0.4011453695247221	-0.442529979004323	0.9949257047723462	2.9758446855935823	-0.011656970300169312	0.24422388310495216	0.032721117200142695	0.03596283048224822	0.03234075549436828	0.14766388839519287	0.12473227981666683	0.008644776180143305	183.8841359826944	309	6.884570285263633e-05
0.39670987185664514	-0.4517886671808945	0.9915272473017188	2.96803610639715	-0.003353521673917878	0.25115372863641694	0.032213992547036045	0.036506476646860235	0.032086899942095334	0.14567615018979937	0.12476179445217116	0.008583555840572476	172.27126503188538	309	5.5050194526809066e-05
0.3997064943273291	-0.44477894943998425	1.0005316644285538	3.049388061903203	-0.009520876936485711	0.2501241835719457	0.03265569187243082	0.036186741676123825	0.032416222722893295	0.1487032086557893	0.12543952325942756	0.008643330623570878	149.03912868328297	309	0.00015246421637513455
0.3972531641642357	-0.4523610002306791	0.9862048245357009	2.9149217458885386	-0.0023951107222520544	0.24745116822081528	0.032120157188448385	0.03639704175490421	0.031913012305993554	0.14442627239843492	0.12405783733621442	0.00855549616769367	173.5685193412323	309	6.767377831713572e-05
0.4049906743406514	-0.44773722218083606	1.0209812934939466	3.104861896911469	0.0076833213367901165	0.25695292771619516	0.03281926451101071	0.036138394212724606	0.032291094117062574	0.14743269259546976	0.12574872468801465	0.008659865268689618	166.7666957342832	309	2.4516174696969527e-05
0.24715715568320334	-0.28085094684955364	0.9482331869962113	3.1324124180185953	0.9622127360181929	0.24676370903572112	0.019927186473740716	0.022516321599929952	0.0315063849061773	0.14666614741859274	0.20224746648899194	0.008488734227645634	154.66247634385726	309	1.193460466891679e-05
0.9159730600663816	-1.0461734946356187	1.1593048869510831	2.792720187921781	-0.8665475301828212	0.26102152373135173	0.12945835721892493	0.1494671066489285	0.032273840472000145	0.21610511240695424	0.09310205394119549	0.008515855812145312	178.74472226779758	309	0.001813461819281558
0.8788629927573125	-0.9761084583388475	1.106488452916405	2.4912126446905383	-0.8197077188193909	0.2467900529664636	0.20838918983543672	0.23626433041848816	0.05015263949193538	0.21487209348713038	0.1623079906567878	0.008465651490943504	131.3279306277441	309	0.001965901127097844
0.40286349089920065	-0.4496176160879357	0.9765322390948181	2.8224222556014773	-0.0006323941356185435	0.24576115605887608	0.03245665612507578	0.0360800581098781	0.03161654488041071	0.1427177902675102	0.12339153659945622	0.008488887589223738	149.34251803167422	309	0.0001343230749024548
0.3993073033138534	-0.44965100958906545	0.9919117518031013	2.9425791162501076	-0.0027576812641188176	0.25080809322894926	0.032448402633569726	0.03637011173353959	0.03219180596022296	0.1462157515123359	0.12474611133796852	0.008647912749057199	155.70414972664304	309	3.782339873559527e-05
0.4003625926090278	-0.45289315852423984	0.9921478810180698	2.9445039390562706	0.003895600071734799	0.25270762692826715	0.03229609666007122	0.036365088626260256	0.031837086956614316	0.14432358062294684	0.12436463792243506	0.008637928225477728	134.64342207776892	309	3.211137391525921e-06
0.401384326827553	-0.44527638674569675	1.0111096755271394	3.0579033706847576	-0.0034123839447674385	0.24261962061854417	0.03248672937290869	0.035885487725447765	0.032238396930449484	0.14673194355872488	0.1245883455203317	0.008501978135631142	173.45022995195077	309	4.7866504315291735e-05
0.39571545383760837	-0.4544629723020203	0.9989232827734983	2.9934311693569184	0.0011322825227716492	0.2429830326517254	0.031792333739186364	0.036319374331165874	0.03188676684030247	0.14421893767627042	0.12377391716347749	0.008432860739709759	154.10980798302162	309	0.00019963853143590115
1.215070531850301	-1.3684399264701648	1.188601674326164	2.4565186661618954	-1.017484225244997	0.2592328797653472	0.24877589934753622	0.27815087942357664	0.04217886339179646	0.26788849799407244	0.09652959448845087	0.008495949723364154	175.85773174656958	309	0.015198370786655844
1.2949201523979859	-1.4366948121108498	1.180664284933122	2.2765182091939944	-1.0389145529238693	0.2525551840155993	0.2613271847476016	0.28743769054814433	0.03900820902364249	0.27076660733034313	0.08782830340364281	0.008562376840893829	152.58472266267407	309	0.004974622141855366
0.399928920892858	-0.45002685579488827	0.9745093194019139	2.8541003037732744	-0.004848052329910653	0.25478480702879763	0.032563162328802436	0.03648474567668822	0.03193237856778165	0.1448388643477774	0.12460876289839813	0.008729455199944414	147.796088963194	309	0.00010071427406088706
0.2506239921216349	-0.2908291280752631	0.9501788736797362	3.2007238690022084	0.8850710608440987	0.24763659891988693	0.0202708195954268	0.02337590837236616	0.03156948187585873	0.14751053628806168	0.1970845439297349	0.008529175644451926	153.155651180069	309	6.265764737842218e-06
0.9556121091020151	-1.04837668647824	1.1300910855934354	2.4984390830288468	-0.8724374913056362	0.2494628943319484	0.20785655934230543	0.2279235350161444	0.047423960728417786	0.21332033465198919	0.13824407920876527	0.008426328003205174	170.611310169177	309	0.0007285639404917567
1.1278618437435997	-1.2324817897735745	1.1637641954615374	2.427156448906178	-0.9693100569622893	0.25743344581647015	0.28342661452852924	0.31184808488715465	0.04066442448897221	0.30553256473969914	0.13354398445969878	0.008555376972466633	168.63867988938733	309	0.005440192969832164
0.3999245571590128	-0.4520431787669992	0.999728699974912	2.9708442805328774	0.003749785054625894	0.24819752394386677	0.03223680850484872	0.0362645635224633	0.03198635949193824	0.1447242741290616	0.12426672165213339	0.008527368255180278	107.54611689763607	309	0.0001550082006929682
0.4021789535998379	-0.457035690074059	1.0227766484723781	3.0997833177372827	0.01907167370238142	0.26302736756615	0.03235899743323956	0.03658957608375201	0.03210921288558433	0.14603157498822017	0.125614800323812	0.008682086480528033	178.1398382651656	309	0.0001330807092930435
0.40482406183494285	-0.4541213818506683	1.0297620308074904	3.130863546042693	0.019649854666921752	0.265799872225701	0.0326942171423292	0.03650848631599276	0.03229497115793806	0.1473300373698301	0.12622766638670704	0.008726738037133834	170.87999016967083	309	0.00019154645369748218
0.4066872800220558	-0.4535205494091618	1.0108012109602547	2.983321121069133	0.0184286562232641	0.2682959563682362	0.032943357167763476	0.03658850674211236	0.032333495943025266	0.14718110899153508	0.12597391312968909	0.008791900112519343	157.8583912498033	309	0.00010708700260202875
1.0014901195806047	-1.1027971279100193	1.151506154820637	2.5528685899181554	-0.9024371549879052	0.256771820778746	0.25697873334337146	0.27759947096057147	0.05320111421685332	0.25475895050463465	0.15355021014439083	0.00881690470139965	181.32230764676584	309	0.012387731600090447
0.3987507085924446	-0.4511161017918399	0.9670339460475612	2.762812118955368	-0.006096329201482608	0.2289401952173571	0.03178022551910771	0.03578433689227245	0.03132244239902881	0.1404583505549877	0.12136306431730234	0.008321241280927157	180.35716344722167	309	3.21037232459919e-05
0.4013596481980472	-0.4449047429732285	1.0012833258882596	3.017808992256985	-0.007345712618475108	0.24162695847096805	0.03249193073643809	0.0358691716786945	0.03206651190659658	0.1460250131368425	0.12424736199505164	0.00848469163544923	164.38054148192305	309	2.1858068695706807e-05
0.4022341488865706	-0.4510515275433159	0.9866188132540267	2.8842900012880173	0.002805639327346475	0.2455894437941712	0.03230433588882044	0.036067633411215355	0.03166281321545853	0.14314951664008857	0.12345439293826678	0.00850295855670174	148.37193479593176	309	1.8286295115570454e-05
0.9235253766121508	-1.0446630820197835	1.146442751891719	2.6735540315298625	-0.869314429632518	0.24569900514736243	0.31008092393598036	0.3448172979302667	0.06599224317758857	0.29813378668488427	0.2138897658442892	0.008270008829605068	177.09353399289859	309	0.0017211675734981192
0.9359542951309077	-1.0625497004267674	1.1231320913402694	2.5221613036929056	-0.8806247302027722	0.24319115558871174	0.30899324331219136	0.3470630428510814	0.06119685238196365	0.3063839694943105	0.2051037515353478	0.00843763756803533	146.2188569282708	309	0.0011878816499390156
0.39711828331564736	-0.45374546711414365	1.0189902681066043	3.1473147168377413	0.004835162353020316	0.25775222252123503	0.03222346095169051	0.036629721018918884	0.03253073332601624	0.1492115638652089	0.125913148761264	0.008666958373163516	141.51502760693742	309	1.8389163830227392e-05
1.1730445889433043	-1.3181215616793611	1.173119543302147	2.433079770286899	-1.0047398755520551	0.24874438149366926	0.26028380636986653	0.2996236118574913	0.042296844397039506	0.29538692312603787	0.10922472988239668	0.008426869233898272	146.96850439657166	309	0.00905677001522421
0.40173926885348815	-0.44570104158059237	0.9940037710555725	2.9331619088135854	-0.005008785585979186	0.24633438645220485	0.03266825135637495	0.036093922412715036	0.03216714956607009	0.1459202879680042	0.12458559371305267	0.008567690896605536	175.29168124701462	309	5.417353779295612e-05
0.4011041874299626	-0.44923470960811823	0.98309779853459	2.8823775049000457	-0.002452011929921628	0.24766941547045046	0.03242480453311712	0.036166621939565664	0.03188869629861789	0.14429326019130406	0.1239210964114001	0.008647723409422348	164.785169659509	309	3.665897839049284e-05
0.23065823588717324	-0.2561909366498183	0.9347544491702177	3.10740595876396	1.146610232451836	0.24429030946042546	0.14890299723990094	0.16514399762868912	0.08454157550458957	0.14981154354428766	1.740546559792201	0.008477095169848072	154.62151457683711	309	9.081645948325676e-05
0.3965999049229706	-0.4488573580771809	1.0021222770878528	3.0413873385421453	-0.0071488388544260675	0.238689792665191	0.031996668992117006	0.03604086716472583	0.03222196041939038	0.14742005618265527	0.12392833463090183	0.008442674253892609	164.14616086655664	309	0.00011350065187021705
0.3995406164527761	-0.4515885421064779	0.9945946793865045	2.9625119502580963	0.0008929070388584784	0.2510235811816211	0.032314790581920945	0.03635556698626911	0.03201812608724714	0.14556930915242638	0.12452314284071515	0.008584343521226142	159.7328892922482	309	7.563998538213713e-06
0.40364836224853917	-0.44601826265553446	0.9955842902360342	2.936074358646173	-0.0013576874977480342	0.245067654849719	0.03262748873797162	0.03590948959392725	0.03192899607128062	0.14450991654537568	0.1241186207873609	0.008556198279321916	173.4319516171124	309	3.133351621233582e-05
0.39448323038119065	-0.4552550647049304	1.0039882966498488	3.0759682977754603	0.0002588728960708093	0.2517797001612222	0.031884271333235875	0.036596884855157163	0.03233158968602708	0.14815142607210413	0.12488547958313345	0.008559750036525801	163.1520089194431	309	0.0001853686083246835
0.40512250544151696	-0.45849670249557484	1.0098022743264836	2.992942153567893	0.023975195705986583	0.26850144864004466	0.032551877833410736	0.036676347215796296	0.03189314404108134	0.14451917531887662	0.1254329936209991	0.008730239281447809	158.42589990309045	309	0.00014090231623297079
0.4014880699882833	-0.44206390548932467	0.9931821837055576	2.9604899167738727	-0.012087388299478575	0.2386753429127665	0.032606038097718004	0.03576498065341618	0.032095294525340476	0.1459987569399087	0.12407529428094659	0.008543987927676652	174.44183003213357	309	2.037759694682643e-05
0.3988403302151734	-0.4498195203920343	0.9867947897064334	2.9404394070593924	-0.004267593783121958	0.2568175644684856	0.032566236533281376	0.036565073976276244	0.03205001151469275	0.14547717165199534	0.12532999496278682	0.00876578969764435	167.77561835661265	309	2.851945111903056e-05
0.40099445544409024	-0.4460193953374999	1.0055960354054514	3.038293257802721	-0.004096225315824994	0.248410059127483	0.03259583609763524	0.036101964017286076	0.032344704954674994	0.14778413461688872	0.12506599852045944	0.008629399271834358	198.67846711005234	309	2.1757007923164283e-06
0.40114109359310246	-0.45357823110400536	1.0013139057582363	2.986359538204715	0.007805446175714132	0.2537491766771207	0.032302253248051575	0.036353770365382336	0.032071891033285345	0.14619907136125834	0.12454943072097902	0.00860788331116573	143.4934273773424	309	0.0001781326784652614
0.40504996625945583	-0.4423687474673794	1.0140402470127448	3.0518745212617575	-0.002126423037071818	0.2422524439955113	0.03277299913169661	0.035664078804909884	0.032300074801845574	0.14749780015631964	0.12459667495818996	0.008517006339477669	155.4792863947088	309	8.794857414418867e-06
0.39865950536700545	-0.452721747973727	0.9899670095707032	2.9178831116061743	0.001068204196813582	0.2481348824233635	0.03219054191152644	0.03637502978486748	0.03193558829376722	0.14453358402326827	0.12410728641211621	0.008520661823452205	177.46013176051335	309	6.25925561629452e-05
0.39207882491804846	-0.4606593601136553	0.9639058035485155	2.814289914368211	-0.0013078640814218599	0.253880821572009	0.03165667599388749	0.036984732026852846	0.03170134033191707	0.1433598179771857	0.1236856028368935	0.00863322484501766	157.76638252024057	309	0.0001285293221112398
0.40083750949389885	-0.4491257848312359	1.0177838258203422	3.1001648409161473	0.003101865082471365	0.24781106524694912	0.03237459827466199	0.036109942139704095	0.0323178237815041	0.14754991537633053	0.12496261668613623	0.008484078459225884	148.3085287731473	309	3.0939067275669176e-05
0.39744953726060706	-0.4432785256640596	1.0157901892858272	3.1597436231666887	-0.0121766950962484	0.24862332024243355	0.032597726402692324	0.036199593812494345	0.03273372723888626	0.15035270087746794	0.12610298712428303	0.008740280063226209	184.28456155245115	309	7.864698453862517e-05
0.2304268716675984	-0.25426300373317084	0.991868202685749	3.4251654081141676	1.219108841107775	0.2592026544128858	0.018775510753958658	0.020611932348847332	0.03210747712245427	0.1512211651211771	0.2259781476089851	0.008722004766107303	162.54178994807785	309	4.41111670565505e-05
0.8780242256731393	-1.0033841254980733	1.1365155544526966	2.7328267353843603	-0.8460116487902395	0.2507522915404514	0.3471933036164856	0.3958734094228085	0.07239375981734293	0.3460551825204897	0.26080495686657956	0.008601890242557472	180.87855351353804	309	0.0003126009104577848
0.259254308296134	-0.2900392819945301	0.9270528976218884	3.0095901427983014	0.794122414612951	0.23180030419911993	0.02106886370977676	0.023445433265564506	0.03146042868348174	0.1458326427164028	0.19012775839176815	0.008410584340795352	161.41616341475807	309	2.6120278090122464e-05
0.2595460847595942	-0.29263347490846325	0.9338852884546176	3.004489916228477	0.8406551053076846	0.24505535160428993	0.0209164926306553	0.023457922878111534	0.03133656327779012	0.14522652614680195	0.19202950566781685	0.008528718669197322	174.6112794705636	309	2.1805939944321163e-05
0.23402395825595568	-0.26611665548093927	0.9330292893246657	3.0468647710755445	1.1309336365115223	0.25573030221166043	0.018839467442892402	0.021304677633385862	0.03129573767688827	0.1459710866385688	0.21507924719562443	0.008606524413720654	150.73518083504823	309	9.498608763371524e-06
0.3980099342391768	-0.44020954169927823	0.9865692572523144	2.9716798435145724	-0.021740459737986762	0.24080031917434225	0.032654153333479256	0.03597426459542182	0.03235094395707708	0.14768732838509463	0.12476951892322034	0.008639342031544149	165.53662345926685	309	6.544720819725888e-05
1.2656152908115579	-1.4029880403060215	1.189967623454998	2.3716261296401404	-1.0237826515050885	0.26518602105956024	0.2601747457075082	0.29923075217802997	0.04047151870583659	0.2855056881400498	0.09702122536569292	0.008459803763694481	153.48672934603104	309	0.006087455504876503
0.3988341891931182	-0.4481493488718271	1.0139117985643626	3.138180609985884	-0.0028976413894455074	0.25335412440307115	0.03246841330295392	0.036317966860537024	0.032345480577683494	0.14827229418778637	0.1257950222269905	0.008642171776626682	151.00003354758556	309	2.577777200031575e-05
1.359700071718155	-1.5037259322747378	1.1725045984111029	2.1547637020269006	-1.0590671850689106	0.2464488671990867	0.2791798306275166	0.31158111484002193	0.03882706810174509	0.28828425018444326	0.08438218290368148	0.008745688116698748	177.27186088728575	309	0.012764752375797016
0.3961259490858932	-0.45319108587972007	1.0027620938545878	3.0679016349363257	-0.0006597998090550105	0.2533475640054914	0.03209487175070129	0.03653074992588296	0.032130804359824613	0.14685622122618242	0.12510650376308385	0.008642891670114788	205.60903637702418	309	3.8255994517565996e-05
0.39546576831655283	-0.45250226601080296	1.008303858474161	3.0714183171048584	-0.0010084016635582677	0.24755111206249467	0.031995179561653514	0.036420620603961625	0.0323267862185706	0.14725145639510018	0.12479913177290355	0.008519552351030659	139.21838911830557	309	0.00019484110112863196
0.8675245785254194	-1.0028923869329454	1.1228702542507711	2.660155269509548	-0.840078877096468	0.2426155734384369	0.3065547817333823	0.35846788149714714	0.06320107064327897	0.30078789463631833	0.2403936838171693	0.008604190209221553	183.81794470688916	309	0.0008188761902986171
0.407174096306596	-0.43903193115613687	0.9949239415624098	2.931021496519938	-0.007640525576333643	0.25065229682138945	0.03334411517362473	0.03584309616651072	0.03235577601034647	0.14738474826562745	0.1252948181232422	0.008761692035390832	172.23603386688555	309	9.543385322441999e-08
0.27160713598127195	-0.30897276452217687	0.9328052611660843	2.9404719883479817	0.744035581029724	0.2535301750485025	0.021861150647131778	0.02473463542138841	0.03137723467180719	0.1446756496834484	0.1837345127588256	0.008638265447208016	153.44055703078683	309	1.5126958274621022e-05
0.40179461094387287	-0.4457953983056296	0.9770271149513261	2.8513269009454625	-0.00848731643149614	0.2464753196554806	0.032667081625256486	0.03610447988353881	0.03186012793260874	0.14434975774104694	0.12409612294230736	0.008600402562246217	169.45061800196666	309	9.523615762302308e-05
0.39927100933225	-0.4540297536582778	1.016168990241385	3.0952509775736567	0.00861863779941742	0.25192244399602437	0.032123367101446205	0.03634506772607238	0.03208397637194034	0.14589942333559283	0.12486651435213039	0.008558424848120229	135.8835378734641	309	0.0001496736471498686
0.399280023447888	-0.45658515698274565	0.987369774855723	2.9188051836437197	0.0071211523416950615	0.26387680039797745	0.03238110811694662	0.03684858214340763	0.03204598172289224	0.14590078551331992	0.12520789157644963	0.008778046366533926	157.596741743059	309	0.00011111891028103953
0.3994109954365731	-0.45288270404886266	1.0014319255253776	3.00633805315541	0.0026846032083861046	0.24815126726772116	0.03214289459321009	0.03626798775042192	0.03186189268054048	0.1448035649673336	0.12417708761063731	0.008526665612856385	217.80627454440966	309	2.728299150675198e-05
0.40816224004005036	-0.4459992211108034	0.9967768392424019	2.89892792312541	0.005980502165716111	0.25184128902428493	0.03299678224466527	0.03593310553404673	0.03185224532802677	0.143899437127428	0.12449302684147413	0.008708272602310324	154.06020963366453	309	9.731752493050968e-05
0.3986353015166451	-0.44411379922977473	1.001602813400416	3.0629324998394405	-0.011916755222386232	0.24590471307531112	0.03253515196284735	0.03609189178167058	0.03231560211298458	0.14799787287558983	0.12517605502336981	0.008573907419599864	153.2145586599861	309	6.180311173527227e-05
0.23659657689590305	-0.26154830968601067	0.9514638871753522	3.123057597522221	1.155333816629306	0.25733129430787055	0.019052448367018134	0.020960546895787333	0.03138830390463554	0.1467248710638244	0.2172635417906474	0.008715891841537734	174.85705220600457	309	3.591310960851062e-05
1.0419011612175701	-1.1855132819586875	1.1468285073675235	2.4622373888837976	-0.9341916646328937	0.25391461294320167	0.257849415812816	0.28886911014377326	0.04889527141256974	0.26387862917654314	0.13847662023168023	0.00857587366837189	161.02031062867326	309	0.007464085116797553
0.22342302632915698	-0.2508222168555035	0.954799163564655	3.2792591940004234	1.2321508665720948	0.25051993655171245	0.018228658637950663	0.020354778507260696	0.03188786796019346	0.15054491985612387	0.2271737848421193	0.00868359963311068	160.6447290817731	309	6.77647905086217e-06
1.2813314606506172	-1.4750780923259397	1.164960035305248	2.2219463768500187	-1.037547062969	0.2597305445569546	0.23261180721870675	0.2613839094256545	0.0379741191405314	0.24142126012615048	0.07825390083332745	0.008664316681778443	165.47115660545802	309	0.014232940202406083
0.3995334318407404	-0.4504736861646757	1.0116378710091984	3.073559220106148	0.0024748841974495113	0.2546596437678242	0.032443831939647075	0.0364090372203671	0.03231028158090296	0.14723324192602036	0.12553252018321734	0.008721138325551792	194.5583159674968	309	0.0001738318815228708
0.39975037528740964	-0.44723503791232194	0.9872950879988411	2.9318004126878288	-0.007489235802165654	0.2457787385282999	0.0324568655679941	0.036155923024645396	0.032088640941751075	0.1460879594164164	0.12430902982410057	0.008542419549747585	159.6659004375512	309	9.7020025097913e-05
1.05420380267583	-1.1824014080588345	1.1580012724647597	2.500283909424767	-0.9368485987845017	0.2538108271162769	0.232870683652328	0.2640027155864911	0.045316898519880126	0.2506920420035238	0.12680742073968104	0.00833131736528239	165.11321239250017	309	0.0037779384889935507
0.40113450188558114	-0.451072806431169	0.9717505326874123	2.823882715456367	-0.001915059688130997	0.2528671768052056	0.03249191366822378	0.03637974772941781	0.03164797134208751	0.1430295696749569	0.12404756059636958	0.00863517482827642	163.1390547458128	309	0.00017079869173415932
0.24210748122814116	-0.27015012717312664	0.9470168490570947	3.1192866892627165	1.0500152496802797	0.25331903288718455	0.019591339017522837	0.021750081347889017	0.031508814004002524	0.14728353425413765	0.20999468148168282	0.008603707704126108	172.10881099253155	309	1.1983312673666743e-05
0.24647620285939584	-0.27520194128626324	0.9325285759167059	2.987047505003214	1.011172407323691	0.25365057205794633	0.019865594273087744	0.02206820541875663	0.031338680672858873	0.14592374183066883	0.2055182287094658	0.008585326099671742	170.78705004962723	309	1.0672247369184177e-05
0.2354482741499387	-0.265878690539098	0.9434249191100526	3.1411970652195285	1.1070770176760072	0.2556692064542474	0.019079328345602182	0.021428807629349858	0.03153604422727056	0.14783189543820202	0.21501013764680296	0.008651375330425815	151.74771830924664	309	8.890870066732941e-06
1.6053273167879696	-1.803565876986563	1.1860736357444552	1.9439700569163119	-1.1216775853384984	0.24368271462824037	0.48079630610373925	0.5435722432672768	0.03535990145217838	0.4510601190989223	0.09527013166884489	0.008303651917602994	187.68379255874208	309	0.0005497787293407854
0.407838478698274	-0.45316859472584414	0.9876102871755439	2.817425348611622	0.015478549873864074	0.2577491288222189	0.03278073773263249	0.03627320353552779	0.03166851020783551	0.14261415288289575	0.12411550636813252	0.008653288834184671	154.03358666319266	309	6.903712591547099e-06
0.3975031157690056	-0.44812180030846405	0.9827559091251451	2.9110716051852856	-0.00980714793439473	0.24574347409964742	0.032346824666103946	0.036297156944156014	0.03209126347086223	0.14563571994770647	0.1243344858482697	0.008618454499978596	170.01360494620812	309	9.502336464870258e-06
0.40014700289644983	-0.45022947988705064	1.0076267059911581	3.060055699673284	0.0019134030969590555	0.25547785081371527	0.03248862561907642	0.036389919657898125	0.03220037227773089	0.14694004332268373	0.12546947560313823	0.008670323400405501	169.3433297748541	309	1.1042132287889871e-05
0.24350221989809315	-0.27351395823258207	0.940385656513818	3.085627723260403	1.0017468325553793	0.24323172835075887	0.01966110220940017	0.021968063649332063	0.03134418079837422	0.14579150760402804	0.2055914811389377	0.00848859613296677	168.81615583692965	309	7.813501058570859e-05
0.39962552530785583	-0.45643654414468415	1.0012986876719854	2.9999284240407724	0.008131182826753843	0.2533408364315154	0.032089357033870704	0.03646640154683236	0.031844097927744765	0.1447042709142358	0.12427719720656696	0.008549902347056187	151.10655623495228	309	5.342815380552457e-05
0.8807614879441833	-0.9855907641974055	1.13920583070677	2.6757622684506956	-0.8073166593868373	0.2767343409627337	0.2614940614389879	0.2961808152159575	0.04957400090109046	0.29568587662774326	0.20593287853329273	0.008684780184959075	181.53331858194937	309	0.0006468286584990823
1.1262715638666334	-1.2661566195652356	1.1702085221660292	2.4599957222846296	-0.9727784112703972	0.25201066421657836	0.2617685820905351	0.29289294837999363	0.045026981206225905	0.27334763179626154	0.12070401948431851	0.00839623432922747	149.86582764716874	309	0.005545405293014815
0.40073003449251554	-0.44453107986616897	1.0054873410989082	3.020882069464068	-0.0063422675864406195	0.24339374983223025	0.03257232975271646	0.03598600758997353	0.0323136038071672	0.14701154985291032	0.12476773563537669	0.008592560380747068	169.04315401896636	309	0.00017557619338194868
0.3949575462130803	-0.46448417241574563	0.9922126436776871	2.96469639392853	0.014461850282579828	0.26438612345528584	0.031752401083158785	0.03711790824321467	0.03186038000103578	0.14460031830958336	0.12481683792013204	0.008652174138600498	147.6523390878893	309	6.35599340889083e-05
1.0005089462250143	-1.105548983001235	1.144508977306596	2.533189034605826	-0.9108476066299237	0.25093137500376345	0.25423254177534765	0.28500792825970755	0.05024752328068753	0.2641477836069245	0.1545696344658991	0.00857044502301857	170.89488820416076	309	0.0041363579181641396
0.23461428999066283	-0.25689892350476823	0.9613688155425165	3.2160654469407888	1.1439163342985843	0.2371007405493161	0.01886764489237042	0.020565652515000407	0.031404504819853025	0.14648833395169936	0.21647266237553808	0.008409750981185803	177.86311130492314	309	1.0901844923535721e-05
0.4040497196148813	-0.4452417187331695	0.9852594917051426	2.8707207755953323	-0.004364858247143824	0.24532731489820106	0.03275278586579532	0.035959855407290235	0.031919536039414276	0.14471462102402596	0.12403454624287763	0.008639846029919391	173.5920714252428	309	0.00011416388283419489
0.22973183827510035	-0.24895699789944592	0.9648912879066007	3.277753707794299	1.1892370383559783	0.24040880059579892	0.018725646060996526	0.020204227502724062	0.0318679755018191	0.14937742663859943	0.22339526992514766	0.008514141223976798	170.1372729917414	309	3.4558748765672454e-05
0.4006328014549157	-0.4448264553734517	1.0118670285750628	3.064787480632971	-0.005177587111631177	0.24420151753245664	0.032557208675800475	0.035994408401932146	0.03238916748941857	0.1477742658018438	0.12498456791503841	0.008584639856283294	173.9492287799228	309	4.9608656857677296e-05
0.9142113423917447	-1.0259273565709806	1.139129005260981	2.633063084487484	-0.8476522041666072	0.25662837158687996	0.21506872565147742	0.23859524384510294	0.050029155288838036	0.22330043320853518	0.15607479719884337	0.008842594159513682	162.61782983250876	309	0.006156971096483946
0.4009987690804832	-0.45883911198019783	1.0020123156451766	2.9851484741739767	0.01627703425269322	0.264309294035883	0.03228734922157893	0.03676297514158454	0.03193122282303719	0.14510052199706946	0.1251621521773522	0.008696572995384368	156.52553901479638	309	5.3483563366467144e-08
0.22755851614177774	-0.2593849246545563	0.9565292995439871	3.2951362857821813	1.1645874284519795	0.25157195417584843	0.01854053591824775	0.021010286419545898	0.031797271642585015	0.14971353863281064	0.22144944396397814	0.008583618075095304	153.14514551226506	309	1.2339002596484098e-05
0.39608156195060656	-0.44893171574207424	0.9810668802786121	2.9111415257013373	-0.010781629081577745	0.24332492777034698	0.03216255895517554	0.03628623803972151	0.0320697765130488	0.14533129796454633	0.1240177881798536	0.00856816297131882	196.56427690242248	309	7.30285250764038e-05
0.4005549161350691	-0.44877617499467765	0.9979825058512409	3.0076234407522637	-0.001595967536780467	0.2547366858319871	0.03257745986067014	0.03633576729442224	0.031961530400592096	0.1451497977908707	0.12526278255991527	0.008701132733268611	164.74702332531123	309	1.4470474891124687e-05
0.8653944469291865	-1.0163224032208635	1.122501450071887	2.6901910228786763	-0.8420056497344244	0.26343479354310145	0.39494486847923393	0.46211995380020054	0.07916679180190615	0.36725822166924005	0.31046283260330926	0.008710831936061394	183.13399134438873	309	0.0018290053827341786
0.39794773342913065	-0.4554702493974744	1.006601611091103	3.047906413797829	0.006922140752066477	0.25534282795808355	0.03211952110529692	0.03657499876484723	0.032116672983507434	0.14635626960281017	0.12502708321243458	0.00852250591756726	186.4403589225579	309	3.282250303004012e-06
0.40084730473821434	-0.446431277751219	1.0026883041567998	3.02732408420192	-0.0045398621411604344	0.24564216297586958	0.03248088221817403	0.03601914011319035	0.0321640630294353	0.14713778174703726	0.12461087405607672	0.008523558299199863	191.89827098283328	309	0.00013435857840245685
1.3592405660352096	-1.5175623764402764	1.1419415515331701	1.990475446761766	-1.0518889454163822	0.2528143382539822	0.2622430345039163	0.302929871975084	0.035036590483540145	0.2719420935439576	0.07745219988010828	0.008428107741800998	149.3800498285896	309	0.0033369029711502627
0.24645578577436678	-0.27522401215393	0.9445311321433385	3.1217597195151225	0.9814519246057269	0.24959902949812268	0.019984784448796877	0.022209154713918156	0.03154097434948045	0.14730678773281716	0.2050545957532209	0.008607757950632925	140.00563702681595	309	8.642305352416834e-06
0.4010546778849301	-0.45286140283179	0.9975492375239147	2.940776037886461	0.006539015420483251	0.24683335083169647	0.03218181179513132	0.03616959796082866	0.03172854425378118	0.14292200480884076	0.12377621305226288	0.008529910431976854	150.29567189702726	309	0.00018977228855259628
1.17775927552804	-1.3453813282971028	1.1562045843568947	2.3427151962927977	-1.0169447794738433	0.23798949549408085	0.21820542500978218	0.2557555718310186	0.03881418551774181	0.2505945616415726	0.08727712100568293	0.008518875707309465	171.4740031738355	309	0.005127936440898175
0.3998870708652753	-0.45360803388931437	1.0204233510494582	3.114111364443612	0.009577722930202674	0.25442936315417025	0.03224212275746463	0.03639618517397685	0.03221723451588844	0.14681247053150348	0.12527200860843335	0.008619194263739098	196.46889179947996	309	0.0001407020108666207
0.40068477805418573	-0.4573373862086992	0.9879546747745258	2.913816380675039	0.010578310932755583	0.265121838501631	0.03241108587062305	0.03681755156721257	0.03188186459679022	0.1449830333424082	0.12511707293128374	0.008769901748004735	144.0121981415198	309	0.0001422527995639046
0.397329785224269	-0.4521770970635818	0.9811039406550781	2.877784546911318	-0.003282443000332177	0.2470469744384104	0.0321601124881732	0.03642008319807462	0.031904425223872525	0.14398771570971014	0.12397285856924042	0.00854241127767677	171.40735066803776	309	0.00014404151761065155
0.4007345755613009	-0.4554468374520996	0.9853672548730532	2.838320063626657	0.008227149807067376	0.24429947685436113	0.03202539126879369	0.03621584918643957	0.03157528943791799	0.14168382623124595	0.12294472291103388	0.00848168384711406	153.56784214374787	309	0.0001940380409058535
0.3995428622156877	-0.45689848294358665	0.9974002202354485	2.940172130749549	0.010759574298142982	0.2552804547789086	0.03215524130158598	0.036588085069141574	0.03193636503471645	0.14443581018834836	0.12446301777419494	0.008571519550288533	180.87261025610601	309	0.0001503532080610059
0.8215381804737721	-0.9265153094048153	1.0926743423375085	2.548309275034817	-0.7879411268609265	0.2503242901333558	0.498645580568194	0.5538046079475035	0.11077550801704857	0.40024986328002643	0.4338607063419575	0.008558898702172302	173.4831797996155	309	3.5730406886154135e-05
0.8301570931656032	-0.9384710211394703	1.096605756607585	2.5391926826185873	-0.7838922156992041	0.2566138549849314	0.2718134521683398	0.305924192062679	0.0714981854904701	0.21658854992761203	0.23789173679896516	0.008784291888783467	148.281847521068	309	0.00020246371383056972
0.40011190162226407	-0.45160920485579165	1.0180525303510721	3.1183356527286503	0.006066784826196619	0.2587222920274177	0.03248371090110969	0.03649503536817422	0.032331843603676885	0.14764116019642154	0.12594923606142422	0.008719080621170654	145.51215107423192	309	8.557822824544438e-05
0.40321035688166307	-0.4519094617551506	0.9989901463948184	2.980512967835773	0.0058969498547885675	0.26106462534246233	0.032718759552743316	0.03651416318982836	0.03194522739382525	0.14544919860079217	0.12539424338805666	0.00867168630076185	188.65548164710702	309	4.7578711996125555e-05
0.2533825113196407	-0.27992375223629107	0.9234957525835049	2.9101772312246803	0.9388285881445191	0.24865453186150985	0.02041414955167826	0.02244808622430588	0.031185467050962017	0.14422205676850186	0.1994155149257798	0.008628457512577351	159.42316230591175	309	3.441271976337071e-05
0.39645856944338487	-0.45400233653081223	0.9896617049826769	2.938352900030464	-0.0004265433928042484	0.24969157854914592	0.03206243672883154	0.03652999606533768	0.03198109603589468	0.14508422819297276	0.12431722031167901	0.008555099745305496	184.90389591769235	309	3.0208422211037595e-05
0.39782562146640954	-0.44501700315414444	1.0151348814049037	3.153584122970576	-0.009109707658782013	0.24862792325348385	0.03250261389915597	0.03620012262937378	0.03253810898819761	0.14925696875956831	0.1258292730075448	0.008672932072387401	132.26456039248168	309	7.404479046873336e-06
0.23968174621472754	-0.27550365324893905	0.9440728129010577	3.1367785950773954	1.0396492519636245	0.2506436386544509	0.11259353070826414	0.1295407770057638	0.06775420330749166	0.1509995864271244	1.2185233635518429	0.008555074111249866	171.45527821506278	309	0.00021756863945246755
0.24309741384475436	-0.26621754948093423	0.9421971435550837	3.1079003447558726	1.02743237021411	0.24713702381036948	0.019804423456406373	0.021585305079630843	0.03151601651184034	0.14713636925893606	0.20967815366089257	0.008631063700682166	211.87125736118782	309	2.6066496920883745e-05
0.9711624974488545	-1.0748461823211912	1.1086899943623107	2.3594446844238113	-0.8856098700464443	0.25531134790714405	0.31923595553522566	0.35237113811284526	0.061284156366833424	0.29738437702509785	0.20245577873577314	0.008595385615244831	151.88652028253654	309	0.0025367647340763366
0.24316139336697207	-0.27290821329862014	0.936223224764028	3.048486171647551	1.0376942229233002	0.257037710080113	0.019664181397929578	0.021954926871278972	0.03131379093380996	0.14583710244066747	0.2086260775344113	0.00863459055690124	163.09107043897833	309	6.38096210141147e-06
0.39593893163718075	-0.45715537647631177	0.9868683263247647	2.939516086759341	0.003085458349127418	0.2538265899186659	0.03194070827879117	0.03668421905692759	0.03183429535028189	0.14449965008373714	0.12432466241350631	0.00859079037211372	129.76081154576656	309	8.991159293164233e-06
0.39867033848926625	-0.4512879980443259	0.9917798817441199	2.962733823338428	-0.001622796293489174	0.2520420639055089	0.03231051644082768	0.03640914366796417	0.032077189327156606	0.14613994973266847	0.12464323160271923	0.008681828487300883	176.17715259087518	309	4.406984542120255e-05
0.22237975051581435	-0.2479746444309719	0.9549631981640014	3.270523160105127	1.257915830152068	0.24933294809644804	0.018119607874938368	0.020096728128202578	0.032042333624341876	0.15127893437971418	0.22887706418861664	0.008605275674965095	172.41190402269112	309	1.60880225584976e-05
0.8103637331324225	-0.949952897224219	1.1085478193959628	2.6813820358530855	-0.7831971665402077	0.2641718224757777	0.44173442775644217	0.5177506164409209	0.09949083376884263	0.3778840079593574	0.4010277931841085	0.008850596892967548	178.08083743112567	309	0.00013660182012744233
0.40180474084251233	-0.44422206214689547	1.0236321044553849	3.1577305597627174	-0.0023177250862079363	0.24829781595343825	0.03268100909033737	0.035977431717363034	0.03241189377099211	0.14816714665850395	0.12567545628699356	0.008561039795092169	150.1681163432497	309	0.0001735586608147061
0.40186226182433077	-0.45071113988798883	1.0058269272047926	3.019925649166704	0.005168330626600054	0.25376858227240295	0.032497828470019724	0.03628466080632768	0.032043763740844396	0.14562924373988997	0.1250074689283349	0.008609851208843998	179.96864858504682	309	1.2868960400744652e-05
0.2322667037708301	-0.2611261333325198	0.9704184426815415	3.3027005354900565	1.176942875422506	0.25309310114071176	0.018695636979646844	0.02090401421043233	0.03168270889936247	0.14915259520737856	0.21955016703492744	0.008521275371906206	152.64049947283516	309	1.1673321748035073e-05
0.39981953660639424	-0.4487521777111558	1.002340824467714	3.0009295755341334	-0.0010046682487082814	0.2434833122895723	0.032266788039795116	0.0360535040487107	0.03206444463582443	0.14569953659822285	0.1242087395703026	0.008513211575812012	177.87312408167432	309	9.916688945175238e-06
1.2968213225754148	-1.4629014900218706	1.1576869868995716	2.163570684975518	-1.0443605872166448	0.25127940375556596	0.16739838268270735	0.18141092324154753	0.036414144634052736	0.19977048591359656	0.050281058082746	0.00843203790956851	144.67119100154724	309	0.0019131691270048896
0.39987227169050826	-0.44894255359291696	0.9909068139141308	2.957954599315076	-0.0038685824208735055	0.24755951490638173	0.03237314039924496	0.036183417398023054	0.03185389492295762	0.14465918563542715	0.12432427720868248	0.00855903960293594	143.844035152185	309	0.00011949843172968721
0.39633817905315777	-0.4504218599319436	0.9889513498412311	2.9619071430871817	-0.006953716183314602	0.24348660366520064	0.03204895448719039	0.036246483694501785	0.032014814718013096	0.14546191199222056	0.12396254804384012	0.008541762369968816	153.41007620004888	309	2.4429644015677265e-06
0.4011571125131971	-0.4494985110933026	1.0134149986680943	3.0756583942977893	0.003254518522966384	0.2533394373354098	0.03252122774179755	0.03627950825346762	0.032224413205130024	0.14709405949991244	0.12537745488652494	0.008642187210824274	162.0515288056641	309	5.341326461740957e-07
0.397623662344634	-0.45686881130843976	1.0055292610045017	3.0413508086465657	0.008587113858986481	0.2575104314396836	0.0320793966982619	0.036663775806677915	0.032094062183186715	0.1461951866466481	0.12507021794832415	0.008639493324502711	166.38773338516478	309	1.5000465744078628e-05
0.39876221348330637	-0.454130000460385	1.0047702377894907	3.0337693531848084	0.0053890208042091745	0.2504050813619379	0.032083119563510815	0.036354348639714006	0.032048930567924946	0.1462040702091291	0.12445829875158783	0.008484354327255916	158.21750349955298	309	5.2478172845244934e-05
0.2473019463754043	-0.2782760310987404	0.950966954632453	3.205884803790529	0.9362844925603502	0.24156190797685864	0.020087995346168893	0.02248642068281537	0.031659869600293704	0.14836474481868986	0.20216627483157767	0.008505980429626008	128.50564984101433	309	1.1467054763665639e-05
0.2402392546482648	-0.26617209203574693	0.9476255239906303	3.1962737392383893	1.0187142960576794	0.23731816183392715	0.01953869212571247	0.021542131815136423	0.0317131747175384	0.14877850075512564	0.2090515923612951	0.008540997525691839	164.3246558954264	309	1.4763225585811332e-05
0.40095688339105884	-0.44971826212226945	1.00744763141505	3.0162670312421667	0.0028314491624323174	0.24466214637188916	0.03227944702062496	0.03604204310888499	0.03199025194981257	0.1449231098563059	0.1241984284295847	0.008482021095084821	156.6048258231237	309	0.00014227871287815234
0.41163930047405944	-0.441274673197883	1.010270101173112	2.972353401243462	0.0059395964133056155	0.25429090748580346	0.033450433087571424	0.03575777051248144	0.03205704248375529	0.14528328229452434	0.125400979472403	0.008768738877632042	167.1249813861941	309	0.00010824718200403264
0.3976700758658141	-0.4549456358301124	1.0169250362810893	3.1157074278567136	0.007534826780370684	0.25508003869725915	0.03211017325525295	0.036545642775322316	0.03228960094192284	0.14749151719790726	0.12534283492272655	0.008583735449042805	161.82864872448096	309	5.479207439612255e-05
0.40293087574222614	-0.4523528737725854	1.0086819046934676	3.0164075163967485	0.010106990786618638	0.25584604486320706	0.03249724940835774	0.03632396505429716	0.03205972979777293	0.14576755108334222	0.1249910912830193	0.00861231664210158	159.22657556731215	309	2.5082997733318447e-05
0.2613716119535642	-0.2874091547904017	0.9727789411840789	3.190071496856024	0.9007522139391442	0.25798677906510736	0.02109496587474403	0.023093390273885784	0.03163544725813094	0.14731489891139088	0.19756389250907272	0.008700366900199217	175.47112278134807	309	8.345202578730758e-05
1.1393614286618596	-1.2975194046404148	1.17406590830043	2.4628882895648734	-0.9864792940474527	0.24808517027893925	0.29651023247745867	0.3321908808190896	0.048638859448339594	0.29473878705598133	0.13039400581148203	0.008214341893576439	172.23933800311755	309	0.0036463846458438223
0.9990641001660525	-1.1388738141324202	1.1158764217156814	2.3562933299168387	-0.9179487174839684	0.23629944136774883	0.329032849293603	0.3759494788513979	0.05788959633620757	0.3318296314524776	0.1904334192740211	0.0081314280787127	172.56474579168108	309	0.0014367768413125293
0.3991405768873005	-0.4447853450132979	1.0181251169922862	3.132105378431648	-0.007086248577718791	0.23438138479290532	0.03216929186870417	0.03569310944623009	0.032245809155467015	0.14753526621099364	0.12409725293106201	0.00835039197779466	143.7294403883356	309	7.61247846854876e-05
0.399784018134063	-0.44844874263472395	1.0331462946924586	3.2246298054523574	0.0028698099881542673	0.2529707584259092	0.03247782522322309	0.03626008916779259	0.032580839249909115	0.14942414436270404	0.1261356384064023	0.008600636204653072	144.32879173048207	309	0.00018453019183384088
0.40409046735238024	-0.458316295719063	0.9982553964200087	2.9187310125653596	0.02006055588483869	0.26629240684368094	0.03252872659023005	0.03671884584589361	0.03177266824808018	0.1433873705650309	0.12509472985058875	0.008732641771463972	164.8077739202965	309	7.298447532137258e-05
0.23758358857955023	-0.26702629070548267	0.9434242110460509	3.142543699498361	1.067191530171698	0.2509812316937525	0.019309294512199773	0.021586608431379613	0.03166636692983423	0.14847746355869051	0.2124840414843519	0.008605709967948703	156.93175238537185	309	1.049480784469076e-05
0.4030174884686432	-0.45114974060711016	0.9794728418140878	2.829443088230193	0.0031887538655402	0.2545318295525284	0.03262859202674854	0.03637535254116151	0.03171383439501198	0.14301823274987202	0.12428529560005946	0.008672560483528572	168.6873660333393	309	3.537535134647524e-05
0.403391583920555	-0.45249007082127435	0.9661111687286505	2.7476238979422836	0.0030783340492726427	0.2541538231355258	0.03259383134838568	0.03640505994732666	0.03156035285043989	0.1421359109307832	0.12372594587963964	0.008617356730875441	160.13759412271585	309	7.338989403564356e-05
0.4011401397481966	-0.4503588477161427	1.000211006548155	2.9918047402486874	0.002409484314370063	0.25894176324249013	0.03267534969616466	0.036521878872283926	0.03229613746269001	0.14727106379505114	0.1256308174002469	0.008742097541063235	171.33005992431598	309	0.00018515097583480684
0.3979459573799787	-0.4541799079795107	1.0244284588563466	3.200860101316285	0.007204645311735432	0.2649575001070015	0.03238529627441034	0.03677652130048032	0.032643525531534316	0.15055688382072388	0.1267094358650033	0.008783544684856965	176.27807966692313	309	4.609099947961214e-05
0.395755991482175	-0.4552159181225016	1.0116026040560082	3.099989968924511	0.0041010958451240444	0.2561296089320497	0.03206675744963457	0.03669142624576889	0.03235348481722775	0.14784790052305288	0.1255075732233826	0.008635824332877129	146.47291242327228	309	4.382950208379376e-05
0.9959104212609305	-1.1603859089584683	1.1340516858512535	2.510537573611175	-0.9350025755275253	0.24545560838673725	0.15903656273324215	0.18291718134459686	0.03736247283960055	0.2039117884840966	0.09240469893833335	0.008301569110056832	190.38696912200825	309	0.0025174145334181247
1.0663219167200262	-1.1927114330496587	1.1580141903335464	2.5280500885629205	-0.9616636837478176	0.24135934954935895	0.31301279761827117	0.35225143937193787	0.05057590044242389	0.33186514618107993	0.15500413091411042	0.008485687657887068	162.5251694422055	309	0.004876871252994563
1.2331773457291473	-1.4229311932633733	1.1650375223919043	2.299750944251208	-1.024059288039376	0.2610975455349459	0.20660460551626061	0.24134985194123362	0.03716432021204254	0.22432146915095838	0.07528556340764006	0.008666845219664831	179.1908330630383	309	0.0035621647047994866
0.3990950790708825	-0.4504525556994748	1.0120853272687433	3.101315846718455	0.001182539937833227	0.25305076316000646	0.03234964622316382	0.03634041206580955	0.03233965191117029	0.14794570655419803	0.1253654853831158	0.00864726802405603	167.4128218593644	309	4.4524441097203725e-06
0.40254755994884883	-0.4446104565165452	1.014451284529487	3.0902100035479374	-0.00231523770880464	0.25356031431751014	0.03286589777511297	0.03615772430063088	0.032503755637814435	0.14880724275764987	0.12593171476355872	0.008707044860601225	131.2487909765325	309	2.573580048016504e-05
0.40053008242520755	-0.4471059123880195	0.9932091744231191	2.9409639039354842	-0.004739308854647448	0.24201803690315868	0.03237534086620798	0.03598727796543872	0.03201623921526342	0.14501472271744242	0.12391029117093356	0.008524286352852564	172.55699820439557	309	6.15656983245249e-05
0.4021772769149234	-0.44725257872080276	0.9958615905433106	2.9641405856810263	-0.0020881858681065894	0.24704220828415485	0.03254813929722641	0.03604770084975799	0.03205094966693059	0.14575781798453416	0.12439254881620247	0.008528418330238834	158.9986780111507	309	4.8952937915550084e-05
0.4067604927717018	-0.45431442208221623	0.9937831230608434	2.883345353402104	0.016249051511926335	0.2584353699470376	0.0326306957040016	0.03629613516983343	0.03169229812197435	0.14339341058477773	0.12425424275766138	0.008659270546854309	132.4465213775772	309	8.371883217280694e-05
0.40319889935514663	-0.4486063719289196	1.0186620191529647	3.08396143947492	0.0060278596571323026	0.24958651282307992	0.03253141800689181	0.03603958382529047	0.03216502444619078	0.1467425503070922	0.12496063236130779	0.008578585382464022	166.57467527542113	309	4.040627466197862e-07
0.4055533007736446	-0.44580674777788354	0.9913969932147729	2.9128079535867735	0.00016921605082865178	0.2444378556056954	0.032658089341068744	0.03577163459111738	0.03163954873026163	0.14294851759371466	0.123723574840238	0.008522654806663548	169.8539549369131	309	1.0389667236739742e-05
1.2348159787837683	-1.41443088513648	1.153251216614819	2.206116323654085	-1.0229281519850586	0.24502790991813203	0.2440586071669098	0.2744267297735816	0.040371959684651994	0.2512756421544449	0.08928142673303216	0.00843587911378534	183.77153664677485	309	0.011827995932673446
0.26372244602230466	-0.2965308194953983	0.9257222901928964	2.8836694278548647	0.8369297033332925	0.2525222685736991	0.02117297398004089	0.023684964157131748	0.031018166403257493	0.1428500174979829	0.19040397357848554	0.00861798165958539	182.255826462809	309	7.193929416910205e-06
0.4041247830553013	-0.4525304455894174	1.0048144296659853	2.9791858212484548	0.011735727928385046	0.2602753262185887	0.03266494459937011	0.03641920726374885	0.03209297577020919	0.14557308691134005	0.12523361093685115	0.008753518944323111	134.43454496313942	309	7.748231765678731e-05
1.0973813161892318	-1.230264608416954	1.1533856242742864	2.388821334113703	-0.9504464453015152	0.25143406703037074	0.21182405086712852	0.2420673241000378	0.04186196186126391	0.23324254827832708	0.10575706572163159	0.008396673344939144	163.15299861182115	309	0.006644357215325082
0.9471013598159591	-1.0658775502882853	1.1280515177261798	2.533786739849707	-0.8822330824955119	0.2470191215880135	0.3203947580317745	0.36129353893198796	0.062058019008799696	0.3093615128151193	0.21131148913256223	0.00839913172819154	150.18454723759993	309	0.0013193794489168651
0.22569775790110286	-0.24934066286014928	0.9645249632654714	3.272277446206974	1.280532068352178	0.2581257912748621	0.018273641212582275	0.020087000189228665	0.0317526037402604	0.14989563668724515	0.2290908517561913	0.008654729005123483	186.929965851619	309	8.395436247164735e-06
1.034635539614996	-1.1775844329064629	1.1491467821189056	2.4951454950148233	-0.9344429714614727	0.24496901545733332	0.24849117127916487	0.2811766826807187	0.04773932442771727	0.2527384179335359	0.13687127617789657	0.008338600434018684	163.45741425107843	309	0.0039171877650642384
0.4008438948526263	-0.4400278328602441	0.9883299922340391	2.9361938890081314	-0.01694667011877006	0.23849864113894215	0.03273122385092317	0.03579689384050327	0.032162949942543165	0.1460641508911593	0.12430177680195005	0.008544711695646695	175.12337452779425	309	4.9667857431614144e-05
0.9290387227690711	-1.048910958112151	1.1417756495395484	2.6430285558141278	-0.8781069889466273	0.23938600704359803	0.3384674440176033	0.3772103857867201	0.06736691317720363	0.3211415552310637	0.23020154533904066	0.008174491811076868	175.70805997034194	309	0.0008323114624811084
0.24724409079926116	-0.27062793653888917	0.9241681318586641	2.9936960969788324	0.9580946990994818	0.23997708454480643	0.02013194580548433	0.021942904764155627	0.03147776265109698	0.14675719759897557	0.20369233053017224	0.008569278639533618	172.557061211632	309	9.692489970342336e-06
0.396358208342809	-0.4509221314253729	0.9808669910167649	2.9175846479433822	-0.0077787323810975095	0.23940326744630708	0.031899127767879606	0.03611638815747346	0.03168815328423794	0.14348904760680736	0.1231782736373906	0.008473124348626508	149.39338317887857	309	7.057376893677632e-05
0.22637751078753993	-0.2529119725346226	0.9430310717213584	3.208868547442347	1.169143994559157	0.24002662372586628	0.018448507280050676	0.020503634657778526	0.03182436947718045	0.1498299645668395	0.22167636031981613	0.008563058720558559	176.64724521881735	309	1.2518318168815182e-05
0.9096651994787092	-1.0170182227892977	1.1236483929124663	2.537421065502077	-0.8468880161157271	0.24938506870917407	0.34892431124033363	0.38079114853238694	0.07215062448188501	0.30739269787666385	0.24996171755929208	0.008448075590929228	167.5862834986369	309	0.002796492001714016
0.23156016404943106	-0.2547389454120665	0.9620360065629756	3.283834817019098	1.1585252645918234	0.24204312074351292	0.08678426682920339	0.09708627583524695	0.05575793350295067	0.15206680916075013	1.035292585818802	0.008411954273486354	167.47632494480033	309	0.00018937589580931313
0.24914892830008672	-0.27530574311931255	0.9432927668736837	3.0561203688554186	0.9941399146800487	0.2573425456894014	0.020183496533165698	0.02220193792187118	0.03144169937642062	0.14644893702398568	0.20550333852766894	0.008750411482201343	158.92597497681848	309	2.1243112494922465e-05
1.4450692658733524	-1.642231801824256	1.1401181289090618	1.878163847156879	-1.0759868774596446	0.24246378191071669	0.32898522685484943	0.37116945009302416	0.03807924421656785	0.29917365831793846	0.08436893086997674	0.00855709392383301	152.8816261856939	309	0.006715066232275465
0.4009826228880583	-0.4497429526298419	1.0081109809306181	3.046160080077756	0.0024105919785636022	0.25081475544058923	0.03242144876456825	0.036201387894411574	0.03212075752409239	0.14649650776593245	0.12488907298794667	0.008653715324355602	178.95329424888538	309	3.294039591139322e-05
1.012287166354959	-1.1602451213155047	1.1459000911148811	2.50573508447478	-0.9182722942625415	0.2520242652683803	0.29707328895301266	0.34397810320889644	0.05424336978176995	0.2906169718039173	0.17413198838213498	0.008767074163314983	148.34730089808377	309	0.001885488453693469
0.24251207499472036	-0.2733634887958634	0.9385797085518298	3.076652211316346	1.0247149152973554	0.248260636218865	0.019544246916747134	0.02191108960940002	0.03129700164809171	0.14573282808038154	0.20697583269501993	0.008534945735247833	153.33690345513747	309	3.591138982001561e-05
0.931251384824625	-1.0716078845847994	1.1525933904662138	2.711844718850775	-0.8808878942555831	0.25055121899637567	0.42534714045724326	0.4892048737795855	0.08077224712071453	0.3935320762137303	0.29065014573124737	0.008632343639321725	173.18247502536434	309	0.0002947131538225461
0.3996485231381076	-0.44898519602424264	0.9906234692406416	2.9334874949986127	-0.0032889630994990945	0.25157670312345104	0.03252841919714504	0.03638394691088529	0.032128459959016684	0.14552894892375923	0.12488492759551052	0.008636552589410856	175.42824538755102	309	0.00018846968421490495
0.9474184158086733	-1.0688989687345898	1.115544169442916	2.445255508741255	-0.8816289626588548	0.24595304822674957	0.25599855415532285	0.2854648805814975	0.054583922456332985	0.24605577462286385	0.16634573356659652	0.008362829393521322	146.15723962808366	309	0.0018652848347928603
0.9843194032769246	-1.135611767694217	1.1444862623681384	2.5537022997507246	-0.9093006079818714	0.2527323428200289	0.30964982901326704	0.35665028158807033	0.05912841444439966	0.30463026340992977	0.19400737776947644	0.008084712474635563	130.28658446799074	309	0.0028971494587296405
0.3986942834536878	-0.45254520168550927	1.0034053523818947	3.050127211649596	0.0026682906181295543	0.2608872627955767	0.03245644568637321	0.036660779761223505	0.032143149931447776	0.14649757535795946	0.125860816049054	0.008732779441292035	147.30678653951597	309	1.3431331714844524e-05
0.3995262752462215	-0.45434619212289395	0.9826748542932398	2.88129770692472	0.002974516742883258	0.2564141998901147	0.03235069589705191	0.036614703344958636	0.03205115432490348	0.14589231307473954	0.12453509102743615	0.008634489204512354	161.68353676726167	309	0.00018693822106524312
1.0508355813049897	-1.150040452510075	1.155916628248318	2.50812399337368	-0.9367682077775067	0.25067498992034803	0.3353181805818393	0.36655668291744786	0.05839394924516633	0.3233881923917298	0.1848065130100745	0.008507800558567175	143.33663873104408	309	0.00494530526598096
0.3995394355802518	-0.4463383808601393	1.0055217213680216	3.059843960493059	-0.00577612608813139	0.2546648129897941	0.03270244566597768	0.03638390996938787	0.032654829496938445	0.14981746750383582	0.1259433929698546	0.008756647697140896	173.6343319460359	309	8.00851500474381e-06
0.3986797415536847	-0.45037895977580283	1.003566004845235	3.052839766170166	-0.0010395349359450677	0.2552287848295378	0.03242351852219948	0.03645319942805611	0.03219172283712389	0.14691511741818644	0.12546248917357247	0.008637328408819814	162.47809344377052	309	6.9636235421823854e-06
0.23153041421682433	-0.2528237827629689	0.9385143003758893	3.1258377153108996	1.1462192949579342	0.23984728845372474	0.1246028254799717	0.13482674901917496	0.07534256012954588	0.149609970959422	1.4404300715520388	0.008384268885512464	156.8980872963323	309	0.0001144737620957811
1.034931205225539	-1.143334087558685	1.1267997031699741	2.3695366747929283	-0.9304486468088352	0.2515047249657173	0.27057030677009947	0.3018396853152419	0.047769527986440394	0.28264312614290593	0.1482615734035512	0.008541628305623116	195.05606615708098	309	0.0007326588245760706
0.4042340650965495	-0.4527355634523177	0.9949720655760493	2.9219116513610026	0.01056228589967671	0.26458698350877785	0.03280694158090349	0.03658485532372819	0.03202050226292211	0.14495559973821592	0.1254792837292814	0.008807592362398687	190.8979126456231	309	0.0001026117698006514
0.9554777494813963	-1.0751070615116995	1.1554131312886968	2.6767564202682395	-0.8901002576886393	0.25576489467410063	0.2850456721175144	0.31449936736925604	0.05962434760853802	0.2728073013577803	0.18470560655785895	0.008469238573348881	207.69961126262902	309	0.0019353619562103579
0.7193570751723573	-0.7997814764453892	1.1012922643636345	2.8480867219633126	-0.7024295449766855	0.23288103135197863	0.05953124498432034	0.06590536932700428	0.03246306309791198	0.15025660906018776	0.06743981331411804	0.008387497123872599	181.1692400706641	309	1.408286880440007e-05
1.1225069971337998	-1.2292605640029202	1.1787714692505729	2.5575465202863357	-0.9901833133689334	0.2365012716583066	0.3344114358937031	0.36450066680083765	0.054962025754681745	0.3372171478885213	0.15182887721494198	0.008297131600787988	177.2438483724615	309	0.002679313302130673
0.24203825374160412	-0.2735472649033283	0.9324593192351758	3.039926876672865	1.036641537290332	0.25951343826198336	0.019619221247895963	0.022057703159389454	0.03139197392942754	0.1463207330758012	0.20905961898889044	0.008748510226854469	138.471735809249	309	8.998542680915944e-06
0.3945644400094561	-0.449426169720605	1.0015824690139352	3.0633434865567724	-0.009220157588377789	0.23709448832780877	0.03182671377463769	0.03607074946969539	0.03200916963679099	0.14585228751515383	0.1238656864666137	0.008404854170613856	160.92322400185193	309	2.0280737810267706e-07
0.3957609761727281	-0.4544720547020745	1.0134055104995405	3.109413600928448	0.003397292014678566	0.252281215511109	0.0320025814722244	0.03655343405240211	0.03227890160654829	0.14728886263299928	0.12521601317339637	0.00855301056911609	181.2961041221886	309	0.00015129616579112243
0.22820783892593213	-0.26263475921625284	0.951289979909125	3.2804914932109766	1.1371889428612294	0.25400427786705326	0.018642597580016105	0.021321255129016777	0.031897680953892	0.1505522152513537	0.21981080247926912	0.00859920704855588	167.8583189505684	309	1.0936871522049798e-05
0.23618117592842328	-0.2592218041307657	0.9440674998836698	3.096676393972536	1.1239353503410718	0.2405676548130497	0.019005603647729827	0.02076458600495054	0.031174158314959125	0.14513192972916278	0.21462732872101928	0.008482097468326883	176.54604828482525	309	1.3113083046714358e-05
0.39931719204940097	-0.4511835540914261	0.9816820561317321	2.854292467510306	-0.002003418834860688	0.23828610018701735	0.032019437373481334	0.03601151783280388	0.031671486993047476	0.14269253462415685	0.12276394452529185	0.008458142480847699	204.80490889879218	309	6.229480623259767e-05
0.23784023218597689	-0.2647558111998435	0.9444529542141976	3.0382656523065874	1.162764704414512	0.2603172139252893	0.019003864742598704	0.02105067787632896	0.03112782982873514	0.1448835874126209	0.2157446130472318	0.008628004871841377	158.97555467829034	309	1.0996768443845304e-05
0.4004297638462819	-0.4459857190011221	0.990024955545758	2.930085763700804	-0.007606761119380934	0.2444180636912784	0.032527130538575436	0.03607713978082348	0.0321758790196536	0.14628916632362	0.12429863051367597	0.008571795829255848	184.5465106699082	309	5.018063051478816e-07
0.40139947999295433	-0.45274248771721154	0.9908647881358454	2.9174863408336287	0.004762818116017153	0.25010175574648613	0.03229834667914946	0.03627389151649011	0.03191457892637438	0.1450269648574885	0.12398772975668504	0.008519002865146548	161.77114958702103	309	0.00012085206257455518
0.396935036376391	-0.45913832283162676	0.9849189842010198	2.9031777962190812	0.007879467737468216	0.2561924828734378	0.03193999699270502	0.03674658661847822	0.0317419959098468	0.14350057714201805	0.12418732591294582	0.00863089271354387	190.35002633805948	309	5.540044751557216e-05
0.4017371684821928	-0.4415172570171975	0.9997255123438576	3.019125439681126	-0.01313998040356541	0.24678638102030037	0.032882924203300516	0.036007381685790596	0.032406135235115596	0.14831601137924907	0.12523808023556424	0.00866093007445575	135.84206248879048	309	4.3817524672369696e-05
1.4336094503026433	-1.6682331837341668	1.145857531102493	1.9308691138729541	-1.081386986851231	0.25087764887342684	0.41955513326201305	0.4940512252472139	0.040559524837930724	0.3978547465880514	0.11291985713867239	0.00805508052201496	179.37044424600006	309	0.0061951841821377175
0.23347905751442577	-0.25682724472199664	0.9692939544429927	3.351782486464357	1.1259680899315134	0.24529566429547073	0.0190714556297097	0.020876457141207932	0.0318737526074901	0.1504554711931156	0.21911599426960104	0.00860035472268324	198.04385246176358	309	2.8661526779679227e-06
0.22938854261796568	-0.2611490187741219	0.9487034551238173	3.225212972518749	1.1376589673059394	0.24512496119352056	0.018586729606174145	0.02103544433468573	0.03167469411280141	0.14871821518143843	0.2177889420770095	0.008551289387224919	164.42051288308437	309	3.981058933205395e-06
0.9616048089166173	-1.077956527890191	1.154939823165796	2.6539700309256866	-0.8853903870365968	0.25610783161742817	0.3848369818080018	0.43039859239053047	0.07381925854564166	0.34620068908210594	0.25158538712297696	0.007881417345604047	184.1762833036737	309	0.0030113872158066654
0.24386637586757778	-0.2708995192352897	0.905111412357952	2.809052984636702	1.0192912099887077	0.23780068785652506	0.019499502605497817	0.021553557023434287	0.03072484350502685	0.14114619626843794	0.20390408783521735	0.008433170363107693	191.89894525928395	309	1.8133545978407854e-05
0.927184994432552	-1.0209444446302445	1.1148807510625036	2.4780428900055456	-0.8626276201139509	0.2487850299781343	0.1452351351346222	0.1644695614706998	0.03922184558892114	0.19164515472813096	0.10249963558345289	0.008665299678172492	171.1660483370975	309	0.0007631290919589268
0.23951731114751404	-0.2680396852945332	0.9250137613379926	3.0439424473659873	0.998755047274404	0.23010650395382642	0.019393133450255888	0.02158854306184709	0.03145685235355204	0.14659023658068893	0.20598176242763985	0.008356765101312663	149.62639550532617	309	3.914983516385012e-05
0.39960390781596944	-0.4473540342020169	0.9830207353048999	2.8937161446798143	-0.007848962966929404	0.24728570790015514	0.03251597643221664	0.036248374861857224	0.0321242811378831	0.14582039433556815	0.12439208723925489	0.008657047033863517	191.11359896683052	309	1.7196171839277516e-06
0.3949770957851714	-0.45517118819485436	1.0208163708345859	3.176294042744797	0.004232885941702607	0.2565865933711551	0.032030079637134085	0.036708492435535485	0.03250442463617922	0.14916112580459384	0.12590932297963586	0.00863485521367979	199.55907690673382	309	6.845483009077377e-05
0.40075690049746754	-0.43691766520529923	0.9913226924546962	2.9613563132189475	-0.021710394238709615	0.227780652601097	0.0325785351528045	0.03539291743236666	0.03207187050760852	0.1453809974026368	0.12348142073947972	0.008437011317960454	176.5304655326154	309	3.94828636548848e-05
1.1139865741099413	-1.2740999128889798	1.151631406426954	2.4011482607525165	-0.9835113907753542	0.24800595429317904	0.150582483167785	0.1811590891086616	0.027022026546963396	0.24082159708122997	0.07133559053383182	0.008367147044778048	141.35296569915138	309	0.0030491688016032054
0.26650539902771797	-0.2938767034676181	0.9385372267021638	2.9930693923083878	0.808109291765159	0.2560518773280759	0.021705939694171793	0.02382769718541343	0.031558194600781915	0.14659795866008465	0.19139801098676104	0.008689675577149635	150.31944316744665	309	5.726680688726006e-05
0.402964835737684	-0.4431169987030739	1.0150850685415862	3.1063440198153978	-0.0043910884551138125	0.2546206087082124	0.03299207029525837	0.03614377454273767	0.03255264718308418	0.14939150541882215	0.12622622682654497	0.008756541652236846	144.91224937078434	309	3.639205551529003e-05
0.39902485000433835	-0.45583844734865814	0.9705884411351657	2.7863101597141804	0.0033356454250784264	0.2519212188257017	0.032167954275906574	0.03656610116899126	0.031546107684448654	0.14165966405320507	0.12358514014875525	0.008625766434232678	151.19839090056755	309	3.766485894064585e-05
0.24638325239961087	-0.29077091251729487	0.9290282979679224	3.005786572331846	0.9531790661709414	0.2525427595288812	0.019653722137435898	0.023032830679602802	0.031050334588342818	0.14379644789480195	0.19882068914377055	0.008466453412722527	149.3968291057239	309	9.074862593888197e-06
1.1457715334548024	-1.2822716587915177	1.1526413975637806	2.33629309025019	-0.978453145482427	0.2588634205393952	0.3623087160732223	0.4099610472648861	0.05631830813087139	0.33060820910763317	0.16591035507309723	0.008465509614162373	137.7343637001345	309	0.008677130627600352
0.4003728227934735	-0.45178192169195036	1.0220347552323137	3.1372408067676343	0.007031369232074475	0.25058298352180597	0.03223998201309119	0.03621020094845197	0.03219374709685148	0.14730734627209566	0.12503403476259684	0.008526412116501849	135.74564817316778	309	0.00011428475363487938
0.26279239660536113	-0.30379949438974335	0.9372514089672731	3.0044518047811755	0.8128341317826775	0.2547209274938403	0.021085822035237022	0.02423160314193029	0.03123082140224457	0.1445499642582938	0.18886332005947473	0.00857073687437153	131.69786286904815	309	1.8942485007675636e-05
0.3966439709252292	-0.4395868969203618	1.0093931679765011	3.152079899274933	-0.02137120623269153	0.24610323940662762	0.03274737238872231	0.036142330555025366	0.03290337431771259	0.1521768464851441	0.12630331537444164	0.008641469601967768	177.35748346940707	309	0.000148209386786712
0.3975676785781872	-0.45132554648830053	1.0015785999325957	3.0225138565533527	-0.0006601410457776766	0.24171424800439967	0.03194026900974419	0.0360836528028228	0.03194333071712202	0.1452056247396454	0.12379553779858715	0.00844680211961921	158.01066642854408	309	6.095000559764478e-06
0.3955765484011804	-0.4543539578782474	0.9796617098050169	2.8800718409474095	-0.0027332183011725894	0.2438472240645182	0.031849228373558885	0.0363945213358343	0.031793736860767204	0.14336931589783325	0.12338325776675745	0.008491815879404577	192.98056815274097	309	0.0001350714470296783
0.40643104361245225	-0.44921626215376914	1.0201810089335124	3.0646504982146205	0.012287058449361982	0.25475281600300437	0.032751436456630416	0.03605341930923183	0.032099356662585746	0.14621197365598668	0.12516541605878048	0.008618436769445731	153.55853188664136	309	1.400456219521871e-05
0.8096211862290673	-0.9339747969369785	1.1103206185170187	2.6717563785868577	-0.7696031545965314	0.2593502946769668	0.06656408400633575	0.07638084615302043	0.03169854068630525	0.14660566230871916	0.060215967808863825	0.008604222426130079	176.40213197714255	309	1.6045796488605315e-05
0.3988595486084718	-0.4549608111161968	1.006832291258937	3.033722751000705	0.0076312225498956126	0.25662738639050003	0.0322275702811724	0.03658032842472003	0.032251230347700124	0.14716438020913122	0.12513386605853333	0.008640549534399253	162.46193754814038	309	9.582938838563284e-06
0.4033786764370246	-0.44234516696657256	1.0209854137104597	3.129297790908966	-0.003422987725004361	0.24564332833033675	0.0327601800865474	0.035792667117162315	0.03234344570314382	0.14776883345663253	0.12530813632181909	0.008585178634456372	167.26352268312309	309	0.00013801520832986514
0.9156993566560583	-1.045733166736088	1.137502189723029	2.6233199043438473	-0.8574652452552615	0.252724102219194	0.20354235675482518	0.24285877485283533	0.04248399338183322	0.24277843345135977	0.14737791632454791	0.008578861713945563	146.90888917134825	309	0.0011903517985519042
0.23604300369787312	-0.26220626057515256	0.9575081349962075	3.209425878884655	1.1197346533457186	0.24676559182429847	0.019042040099610035	0.021046221108221432	0.03146367611479481	0.14727251221488077	0.2152340747548331	0.008535910214072167	147.65052849509942	309	1.6628128379620964e-05
0.23245754537929864	-0.2645463960545615	0.913543363944123	2.8848527769543924	1.1602023599494176	0.25679436503421865	0.018642233499902426	0.021092521068704937	0.031014093419753436	0.1435882934804775	0.2158571066561105	0.00861290589988439	187.98427405023273	309	6.458388128565942e-06
0.22128434946222797	-0.24161107527477926	0.925752044700285	3.0049099572933704	1.303498629118404	0.24267041842248543	0.017900222832791506	0.019451358503434286	0.03142035750946111	0.1465617886647684	0.22981440836301587	0.008587925602146447	222.55994117226868	309	5.518421272751406e-05
1.0748339254657862	-1.2519712306533466	1.152389343052207	2.445830201758054	-0.9515007771469436	0.2569832016747931	0.2428775670499383	0.283084508642653	0.04486619303775957	0.26370535826805525	0.12314462819866721	0.008420015101177073	148.44588382714963	309	0.006389752127153418
0.22503545080229023	-0.2478605698397504	0.9710525231846229	3.353967397935585	1.2353634958562394	0.24171110631383969	0.018296110459091228	0.02005456222490778	0.0319919499612188	0.15105964388597723	0.22681647800812108	0.008517797181721654	158.44992614353728	309	8.391848773773064e-06
0.3956993125113661	-0.4527971503713891	1.0058799358461668	3.058326583780246	-0.0008530858023074359	0.24257673532793372	0.03183379724345876	0.03623824310962465	0.03201075711051146	0.14551608336059726	0.12407239196343123	0.008449214533980383	177.1602900191884	309	7.74065870880552e-05
0.40741283015368135	-0.44268774734359667	0.9858004090024566	2.849091369776184	-0.0030084199037950367	0.2459359608799955	0.03303544834587445	0.03578677979743626	0.03193190888535729	0.14454696538819362	0.12406053282024158	0.008601676762149357	161.94470865123995	309	3.1077348369096625e-05
0.24419661530367245	-0.2764166904087368	0.9551162070765905	3.215763422333385	0.9919330150965748	0.2525875984996487	0.019841756179245475	0.022336838650629198	0.03175012357035403	0.1487847825612425	0.206617043506598	0.008610811002070843	162.93784154393603	309	3.117618984232227e-05
1.2756382497205363	-1.4092852826197444	1.165772911635393	2.1895949552562146	-1.015904758031858	0.2522209175789388	0.17595397475255423	0.19642627658644274	0.03997972538094909	0.1582426390694977	0.06585589977070681	0.00832866199151749	144.27165892983126	309	0.006696777351065028
0.3987265791566517	-0.4515469042081726	1.0037466991976143	3.0363039096251407	0.0012720006545327122	0.2570105769479243	0.03244443218874605	0.036565951983915386	0.032250103585605976	0.1471525295750669	0.12560182649192328	0.008675478039030906	167.01643031653174	309	1.3263160166568905e-05
0.8648975368916394	-0.9810303956010911	1.1360569326841294	2.707288116167606	-0.8155605833825208	0.2538998661614944	0.30254758017323224	0.3424692901973249	0.07291224887146866	0.2503821806049619	0.24591682310269886	0.008505128233156124	152.48460977612405	309	0.0008676781058365214
0.4035477940091973	-0.44929993014467434	0.9878086087202375	2.8827841038399376	0.0021325874432976282	0.24248560616216935	0.03235551928045123	0.03588113723286347	0.031571412198758135	0.1424380949152362	0.1231853701465456	0.00844424120244262	140.28433243075176	309	2.562131924052805e-05
0.3970635074837737	-0.4545395493456888	0.9914233705531128	2.983334390198704	0.0009297307399420972	0.25947528941971065	0.032263170076933134	0.036751684923488376	0.032184234860562315	0.14697378620234378	0.12528857598865314	0.008708665969801193	166.512953790789	309	0.00012094426284503213
0.3975801377199056	-0.45161336845492017	1.0162504555764706	3.111254504418575	0.0019734634732410192	0.24958213051936207	0.032156849116773384	0.03634395364182967	0.032393577918691366	0.1480217642582819	0.1251078879867685	0.008603189625330274	148.50772845252388	309	0.00010877756806097672
0.3960744935230161	-0.4516487460075572	1.0064454238483302	3.0743754713461797	-0.0021151400247818074	0.2489193016401719	0.032084653410683735	0.03640238256724566	0.03228937559934144	0.14739175812151473	0.12493743242029824	0.008626254691693393	146.4546933060749	309	4.3674873529565334e-05
0.23631533148562622	-0.270042443315191	0.9504517107526509	3.160509307705458	1.0946168770817133	0.2464002629168231	0.018908505120587966	0.02148241514596118	0.03135001725409405	0.1462835300282017	0.21124526346015274	0.008459950717847699	144.11777723203562	309	1.881476110871526e-05
0.22986570064141307	-0.25987148236899293	0.9506178907266093	3.2145005505959174	1.1742083923352504	0.26077249500821903	0.018706262227339534	0.021033698158026786	0.031808563533124945	0.14994984255647562	0.22162372597444457	0.008801308091101256	183.69773234068347	309	9.023878662944348e-06
0.40303714002943436	-0.45938041949070496	0.9901277137396404	2.8636829575548868	0.018296585717062677	0.26035707073866843	0.03229473567003454	0.03663730173664804	0.031717159549798056	0.14338086349285764	0.12418007202372545	0.008621135211848156	185.43677404031794	309	0.00013540072362316964
0.4054677209795637	-0.45405178644740085	1.001994960884802	2.914313377927381	0.016089537023170883	0.25171630077662666	0.03243325123762114	0.03615783527290289	0.03176137319724961	0.14315488898448245	0.1238991776332895	0.008566588878814736	156.82884391017654	309	0.00010844880295980005
1.3865314678632061	-1.5912116546466049	1.1704186839195454	2.10680712230234	-1.0677048435129712	0.25445534726587404	0.3475588502826315	0.39026351389661534	0.0433524540753344	0.3026919089268163	0.09831147837498448	0.008235376673227608	155.86843140877335	309	0.005710059130091992
0.3994042780911294	-0.4527149557385183	0.9896579648241484	2.930060315279486	0.0015302018318712307	0.2481415751182532	0.032165261070786114	0.03628811769301419	0.031890593505152574	0.14472448778078045	0.12392506028531489	0.008524511805943673	146.58770553268445	309	5.368996622376149e-05
0.3974184858323365	-0.45067564288669154	0.9888703574079741	2.9465521233155343	-0.004475708645312189	0.2413978090531	0.0320143835942792	0.036128155556637946	0.03174470458031732	0.1433038240130669	0.12358173446195336	0.008490332886544296	179.55780631375384	309	8.463324047027398e-05
0.9656075483309411	-1.1068322247679	1.158988985565202	2.691866515858235	-0.916187064408895	0.23245541983543852	0.23661842114706444	0.26988174187517955	0.05035563554056312	0.26546960219120075	0.14585424766286945	0.007926543198112026	189.5740974456924	309	0.0025538836390001
0.9905597607780157	-1.1238036622668002	1.14940346142588	2.5564330279162615	-0.8999619522493225	0.2640402172627563	0.21517613263154173	0.24360799357045343	0.0433180718492217	0.24986068699928998	0.12641605961820682	0.008486107527094253	162.59473526670945	309	0.0066999332839214444
0.9668736067691507	-1.0854395039081297	1.103796288976176	2.344990724805763	-0.8819827057236426	0.26489939380911276	0.3095540435880931	0.3469646989364599	0.05942249365162006	0.2877870353764446	0.19730818424740887	0.008788963561474577	146.23070949874545	309	0.001253621205068412
0.2363298782099547	-0.26550742718322334	0.945887472045264	3.153880409015335	1.0919893832958407	0.24787257850913447	0.01909801590154747	0.02133974289549066	0.03162087625839469	0.1483914626484169	0.21324791423566394	0.008557622630361037	163.84834105904878	309	1.9523539858841827e-05
0.39412880527582644	-0.447991087416154	1.00126740472784	3.094902651918108	-0.01271727569622924	0.23970670705389888	0.031939347580716364	0.0361228700070187	0.032125568557918066	0.14702841973846043	0.12437394900515708	0.008500100772780536	162.9096934733269	309	0.00010747024043846163
0.405387862963418	-0.44290692455369757	0.9949893135538584	2.9135692202665124	-0.003531999542278568	0.2484662554150184	0.033022761072335406	0.0359536284751648	0.03214023355652147	0.14551886648364973	0.12481214397848936	0.008668548746408487	131.50743544041205	309	0.00018025757034682198
0.39967434998243534	-0.4450020792664359	0.9786003299641154	2.887990335238967	-0.012759008959942367	0.24274970134886822	0.0325032199535315	0.03603853995179955	0.031946231147508934	0.14493877739906064	0.12397693870382342	0.008560375110046389	163.66547696821144	309	5.046884135652314e-05
0.9204604354086416	-1.0321109784617444	1.1464779964437493	2.654639712865883	-0.8518696648474017	0.2569721254294421	0.23886092752760743	0.2579640377255957	0.06072277502953132	0.21711746103006802	0.16518187247084498	0.008681144518300734	176.00662847822764	309	0.002464815216392388
0.3947013777980568	-0.4551644721461406	0.9839167748461921	2.9511779710917647	-0.002656917983694285	0.2524570453360463	0.03194338503052227	0.03664370564171555	0.03191207867641069	0.14501090854362822	0.12441480960084801	0.008654991094988474	184.1446641829593	309	3.158165532826138e-06
1.059405566836651	-1.22020435827755	1.110144733357829	2.2044703301620543	-0.9323062642673223	0.25534833218636455	0.1740228384303785	0.1919642978849973	0.04404642027400784	0.1571815579857654	0.0889883512311867	0.008712993402171588	163.21114551405182	309	0.01218270558291095
0.39923528551269444	-0.44406977308105916	1.0008942636086005	3.0295777808478705	-0.010302156426160076	0.24676707493265437	0.03262706486468995	0.03614059392229897	0.03232077791292617	0.14710739729212097	0.12527180983634398	0.008642730251533627	125.4933519145094	309	0.00017871261807650359
0.24499481486373267	-0.2737080142537009	0.924188531268567	3.0013990021833092	0.9623833542869187	0.23843312084088134	0.019854360116775674	0.022067724926359913	0.031444957001119773	0.1464267276622454	0.20302457311902333	0.008527326207126061	200.5917971052193	309	4.019286459590584e-05
0.39952993013154653	-0.44301981986940653	1.0158644030450583	3.116423379966466	-0.009489597767410032	0.2390974956248172	0.03244243325570499	0.03582468036621299	0.03242961296320851	0.14845076459989784	0.12479066200536655	0.008492424238381448	164.6325376214738	309	6.628036395754397e-06
0.2388538170914907	-0.26082845676837224	0.9377421153495688	3.042230875664694	1.1087831586512988	0.2527713236891075	0.019376556091835327	0.021068083682336317	0.031329037747977545	0.14567016251807388	0.21498295343447849	0.008664871711034857	167.28685951902222	309	1.6667897523890425e-05
0.39779444292096483	-0.44780930883136844	1.0264550184446826	3.1996871271471883	-0.002383607246807766	0.24553349489189955	0.03223961236865081	0.036125942963562585	0.032352678350052705	0.14805143228720702	0.1253955201523605	0.00855197211324146	154.84660132789972	309	9.893356593719793e-05
0.39617313099450885	-0.44882555574596594	0.9993131906332564	3.0441572274440167	-0.010210660662775987	0.24323484265020254	0.03214180166132792	0.03623395066827007	0.03227356039219219	0.14739040028048853	0.12445689982840927	0.008491058771847125	195.16201060461546	309	6.37294067737187e-05
0.4031286635852126	-0.44417430458676005	1.0164867686737238	3.113040014444985	-0.0017214933249132625	0.25715855201214977	0.03298227563659388	0.03619888880238769	0.03247157228746631	0.14860917840529222	0.12635301905045584	0.008799992987975153	186.79775380514124	309	8.043183735523107e-05
0.3991745325961492	-0.4547284587165429	0.985272043955869	2.890451819295649	0.0041000174704435306	0.2554529728177681	0.03229159262298857	0.036607148194119137	0.03181940145854985	0.14387100419514878	0.12450564596118818	0.008651151127358103	185.3901553362042	309	1.4827427501766753e-05
0.40405728106952987	-0.4516523592967432	0.999800154033373	2.9625177828044187	0.008484940880290252	0.24705600871265115	0.032316574262590714	0.035970208693969635	0.03166546521424028	0.1437408424489109	0.12365708087154928	0.008429370533513942	163.22816605252325	309	0.00019167426652795118
0.40476554913823987	-0.445154265439844	0.9902954663370962	2.921198413324994	-0.002651716531459773	0.24996887411751986	0.0328392683429185	0.035986876873208624	0.03195768452543468	0.14515469389954053	0.12452242707377353	0.00867081209761926	174.21951051035728	309	0.00014357505705449585
1.334573044189149	-1.4642850052612637	1.1735853810140966	2.1926545907365544	-1.0474528714718412	0.25357175057753845	0.27773063716835084	0.30493978987803755	0.03789064810793409	0.29620451749537025	0.08751950305917376	0.008526845709520484	169.5220062199431	309	0.01023735387450536
1.1867417409513712	-1.3502042499147375	1.1745067368262594	2.4269462607161496	-1.0087006965170962	0.2547612034904554	0.2273704953678338	0.2529766028545023	0.038287655628335575	0.2565133508534808	0.08982098000510405	0.008313153352881852	177.98440453855136	309	0.0035978440306786777
0.39819240135384454	-0.4482395714577737	1.0314463567505716	3.2423224926419327	-0.0004884449640037409	0.2529950201470091	0.03241487070166997	0.03632335362917189	0.03262851998180463	0.15003919173609295	0.12627483706462184	0.008677850534001748	163.69346361997972	309	6.195988173687176e-05
0.22463411876145095	-0.25302391880299063	0.9772248666153035	3.44031969269828	1.2030074972756846	0.24279520534570823	0.018297972276468025	0.020495988017530133	0.031981224525737664	0.15099257614928105	0.22496176726517197	0.008503640982795845	145.7676415693095	309	1.4250317958046154e-05
0.39772019669901604	-0.45110107068659705	0.9747840886536587	2.8774221570463037	-0.006666616029830552	0.2517488551292101	0.03232642681925099	0.036495110453155184	0.03178074363764687	0.1441640190577838	0.12437677947581134	0.008608728855157228	181.3104555781399	309	0.0001874328368296002
0.39999101022079236	-0.464979377672309	1.015117948503475	3.05115966847884	0.026972918486464985	0.26758172974140504	0.03195413661296706	0.03694217572454523	0.03192566641993394	0.14517595949283377	0.12514804475227587	0.008682225872320608	148.216846721465	309	1.3556501671914226e-06
0.2519063068835035	-0.2869950552967633	0.918820511218852	2.9216031186880578	0.9102721911891608	0.2501188629544906	0.02029225022275211	0.02298745227411331	0.03105578623496703	0.14321331774310975	0.19717912298268644	0.008627014932953656	159.17690812331244	309	1.3356889372776214e-05
0.9457710737883276	-1.0650013912274088	1.1381861976568042	2.581096204145333	-0.8795436031168917	0.2478862672054991	0.17893380206215678	0.207940456849714	0.03657167827964085	0.23900129580091342	0.12279137687930805	0.008205289419582974	182.56649145233283	309	0.0036901066453918947
0.9362449652032857	-1.0489759609695801	1.1309674644065897	2.572278887121246	-0.8800565619888155	0.24198877819841888	0.40135331483729436	0.4422704984820378	0.07427505978645565	0.37067596283063503	0.26337361820034544	0.008414593406703984	166.65200427251423	309	0.0005491627816044584
0.4010245770925356	-0.45117047828390866	0.988073756599713	2.8962476193376427	0.0019324958003850172	0.25355450348987846	0.03251166017088744	0.036412346472627456	0.03201074767537429	0.14486168227062185	0.12460337952887261	0.008653901558559995	165.3587784551842	309	0.00012698758560507638
0.23795356145057886	-0.2612600442903639	0.9581382745477451	3.2221301109987452	1.1140527753421832	0.2545306378830939	0.01933100582869766	0.021130049867133564	0.031738090713297674	0.14944684241395242	0.21643808329914213	0.008716133483693666	148.6986305482614	309	1.635543583632055e-05
0.4047621319703086	-0.44418207932649606	1.0014257498717876	2.9527583258494285	-0.0013423718969181033	0.24067371118581396	0.032652235238680515	0.03570253196732845	0.031981359653021076	0.14470066048856609	0.1238868921018283	0.008502410365628259	159.24287227599208	309	0.0001212756806035516
0.2330774321391887	-0.2676078666110278	0.9366102940723549	3.1134923914248493	1.1060252182092738	0.2526549340035639	0.01883625992679124	0.021496285460450792	0.031469143854275156	0.14709680523684765	0.2142268134378173	0.008626722423327089	149.9481081131603	309	9.436692432873108e-06
0.39813748825683193	-0.45132293791874734	1.0053048072557373	3.0562878256240142	3.2998432681150415e-05	0.2544041490209955	0.0323407046865025	0.03648276167681151	0.03232658747015229	0.14785044043467999	0.12538151401270714	0.008679766394156177	162.36606359626379	309	5.272069378931523e-06
0.3964327807295307	-0.44166980498804703	1.0144373693238806	3.154445327956636	-0.01640344748442585	0.23794593461684924	0.03238038319413836	0.03591494240924738	0.032499076816001886	0.148565772809112	0.12522566539428773	0.008489721243237776	170.21607158820945	309	0.0001416792804340498
0.3970764170861104	-0.46040837974559523	0.9961411806395042	2.9677765841546373	0.011686184555582225	0.2565524134888343	0.0318586782271297	0.036732812099963826	0.0319671101331155	0.1454656017353708	0.12431816548460914	0.008556193454240435	192.51135627563838	309	5.4399211460569966e-05
0.40179471321344346	-0.44871541282693705	0.9974239617505567	2.9636496710006077	0.0004011493797182872	0.2443986767777096	0.03235487859722352	0.03597814609680305	0.03187344499910933	0.1442517833495215	0.12390914129178204	0.008552238181029936	187.25692116997865	309	1.9924386780472085e-05
0.40000700443750953	-0.44471702165495874	0.983580628739525	2.9114068803978577	-0.011721762226447208	0.2385477894826018	0.032396975064568234	0.035871378894066365	0.03189877347029674	0.14465268674279536	0.12360765636616797	0.008469131347507857	152.40550991753815	309	3.934255474605781e-05
0.4023057287974152	-0.4410792097632712	1.0035234297443039	3.020621188937907	-0.010648976301020092	0.23721276010130313	0.03262386620638428	0.035637702115341424	0.03215541506951161	0.146469754521751	0.12420144658165164	0.008455374373582883	144.0069820993362	309	1.9104822792251566e-05
0.40731784012771377	-0.44653255415922893	1.0158429749434754	3.050002076084664	0.008698362918989695	0.26588905078739855	0.03327110010173425	0.03634086797413459	0.03235981962984743	0.14749595848125457	0.12661875261306857	0.00889957423624798	172.48627881488957	309	0.00011993234794355568
0.39614408657741873	-0.4517995883515286	0.998889805832386	3.0288993411186484	-0.004254563260094665	0.24553766164265803	0.03201043387623657	0.03632581395407109	0.032076771452939336	0.1461961566694069	0.12432292299061701	0.008496822235572922	154.16885256414784	309	1.4630200666379875e-05
0.3986970846545907	-0.4424489348706875	0.9829958869778058	2.9112267339936766	-0.017219902099248577	0.23143402445683886	0.032300401568667564	0.035694481211970684	0.03188498486235875	0.14434090165992913	0.12320734003529474	0.008421199059311367	175.26874937405907	309	3.368582160361821e-05
0.39973389466727643	-0.44046823837342575	0.9824753168900969	2.911743749263764	-0.019388670879797995	0.23187793102683402	0.03246836986929249	0.03563813120581135	0.031973047815513064	0.14513473715377714	0.12339018762799481	0.008442086699404045	118.06973478023163	309	3.4678151808150654e-05
0.404922638305498	-0.4521564233076531	1.001741306091396	2.9573321546593183	0.012483288895367551	0.2568103906791347	0.03258258010283303	0.03623320861169221	0.03186410567168331	0.14426574058193953	0.12466081396184073	0.00866422512502711	173.2679179861638	309	1.3519708070857629e-05
0.4036411380882512	-0.44781304526489824	1.0096991943047293	3.0243365969574203	0.00425185313210822	0.25581266803533664	0.032807748641152844	0.03625202570262746	0.032215727030351075	0.1463666955270298	0.12555647891194474	0.008709534616219879	149.01952049714367	309	0.00018914514731570122
0.26067090888338457	-0.28812662230268915	0.9399051651616639	3.0551055375895158	0.8500307878834888	0.255203751326983	0.021253653558993522	0.023385596929853137	0.0315456893280252	0.14694046042238854	0.1953492226862294	0.008777832457962109	193.20883625619643	309	1.1668953201998436e-06
0.39915110547127636	-0.45360766087044196	0.9859430259096438	2.9009148161293368	0.002042089422215825	0.2471905394110509	0.03208432409993138	0.03628925471218567	0.03181661738013031	0.1441780002126703	0.12361218885345975	0.0085630026567332	193.0979751184126	309	3.861290384765851e-05
0.40433255023478737	-0.4492135139370514	1.0240964565211732	3.1316643983026347	0.009307813692839189	0.2652654637967501	0.0329556093833385	0.03646467902716381	0.03247503298915864	0.14891297224206368	0.1267189663847274	0.008814211925355803	139.8202463908514	309	1.3123099082400722e-05
0.4051403109416212	-0.4549512250414495	0.9977166551785945	2.9367647652468816	0.015296025065188	0.2584158804233886	0.03248973849186033	0.03632720862650218	0.031695034789817174	0.14373406677179873	0.12440240109551386	0.008622140939174069	172.44688508796827	309	0.000164122394220234
0.23067347410502034	-0.25868098278424606	0.9351707747193705	3.077416328925775	1.1467135074759698	0.2389864637948929	0.01857429408488889	0.02071649355286399	0.031242094383495313	0.14538150371150074	0.21653661477004635	0.008437636655062423	155.14129727085609	309	8.077587918971806e-06
1.3419720428132214	-1.5125462801289367	1.1568990881691887	2.0949076384384675	-1.0586272295816683	0.24312310301784756	0.33237938848766724	0.37533400477638773	0.040674756498138606	0.3293809756566473	0.09952507746649053	0.008260884707510427	174.46698694275852	309	0.004132636251941108
0.39876125728533746	-0.4484090851659569	1.002456637078571	3.0597172272443145	-0.004632163803705792	0.2550098472880997	0.03253205557757856	0.036425044814188845	0.03235164439767799	0.1483347947193336	0.12566579051752733	0.008731144342523468	135.62644321835967	309	9.208726519890296e-05
1.2476341295249396	-1.389746194493704	1.1777129735550524	2.3477098084197277	-1.0295458429039042	0.25557337252634543	0.23134737673763464	0.2633958246799456	0.038643669956612864	0.2627703792519635	0.08539799276860299	0.00888176886524864	198.1967046837008	309	0.0054256481822858894
0.4022342376115643	-0.44173340361013597	0.9841910965490348	2.901398005805805	-0.012914657494257785	0.23701771264200014	0.03262313568885712	0.035688975361850735	0.03177986864790224	0.14371598420025708	0.12362670392863231	0.00845737719545371	170.21151564770628	309	2.780748701547598e-06
0.39804617593638697	-0.45513876680399784	0.9801131428141702	2.8713273650750755	0.0019604723263108473	0.25127560004668614	0.03208565088944242	0.03651192540083576	0.031794040914453356	0.143795445466952	0.12385909248508524	0.008587987259432972	165.69370372476016	309	8.91373179266232e-06
0.22583338761845417	-0.24772475644453432	0.9533901904156155	3.1649325890310513	1.2729166376963514	0.2444751638331553	0.0181363956667527	0.019800555100110123	0.03149902369986	0.14745914849540648	0.22619222423734006	0.008518146840838627	159.4129574920709	309	5.8978774914388525e-06
0.3995944555082354	-0.4483715845611172	0.9958891014214976	2.976749907416776	-0.004269383894824058	0.23999710266774765	0.032172833556135004	0.035938691064404234	0.03193791779729269	0.14521666825126356	0.12362295057828553	0.008449455593440987	147.96837928488335	309	6.406167143665196e-05
