Nu	au	bu	cu	Nd	ad	bd	cd	Nub	Ndb	kt2	Nu_err	au_err	bu_err	cu_err	Nd_err	ad_err	bd_err	cd_err	Nub_err	Ndb_err	kt2_err	chi2	ndof	edm
-0.04154628961499318	0.615852566302109	3.1891983430697044	-0.5428492648832258	0.055012260858946505	0.3793363974668157	2.3147589757973703	-0.6308073097043003	0.0	0.0	0.16193758725508187	0.0041352547700803655	0.05651189998063183	0.6678789393129634	0.5598344685349763	0.002259280074338066	0.05449517702564294	0.4045845468739302	0.26413065074723835	nan	nan	0.004965072063335324	163.9999143702175	394	7.540901735582902e-06
-0.04167232104815222	0.6463960757583055	3.517795145811994	-0.5746246050251826	0.042886705688237825	0.35576754058112986	4.392723813112449	2.169246365272978	0.0	0.0	0.15722547671881476	0.012002439655844577	0.06511423554207862	1.7395716054403205	1.6878311338862826	0.01054641615405727	0.1905871409754813	0.8485681924213875	3.885289938333534	nan	nan	0.004927619486390117	133.7553890967492	394	4.13414785084625e-05
-0.03419098189684	0.5676821873843985	4.006680054222771	0.9470662312652677	0.0552168759956011	0.3143116700719072	2.246307531296292	-0.5765520642283372	0.0	0.0	0.165220017529987	0.013132863106490644	0.10551620417789825	1.597581643817354	3.4412949442605782	0.008752656507729717	0.058241393394292545	1.2559424207773846	1.199240104269862	nan	nan	0.004999858213905348	197.5491559017106	394	3.8261536366544385e-05
-0.0427144971669271	0.6733323039182388	3.6625661289365654	-0.5837508589387931	0.0407210165544285	0.30785585988309	4.298864170056276	3.067905526729456	0.0	0.0	0.17101622599853886	0.01941315721124809	0.06572819338146585	2.624199931201397	2.659654821086508	0.009569290126945518	0.20576233872768404	0.6376389670761655	4.364754659207846	nan	nan	0.005049507506034459	157.3098404813333	394	7.250910921551558e-05
-0.0411762407673395	0.6401002923609982	3.7207938149778452	-0.565782433865064	0.039934680782958365	0.24938119647041446	4.395157386439415	3.619216972271066	0.0	0.0	0.15178574128379643	0.009031553871689801	0.063935924852277	1.4373071034444305	1.3676561027466838	0.007137803756596117	0.18837696446046345	0.5382442321543484	4.22753734444471	nan	nan	0.0049240517624697805	143.83499693110377	394	4.626552063016448e-05
-0.029820233377691574	0.5793370634134263	4.805819133941186	2.199765692382548	0.046906344437073644	0.38527849235594314	3.846297186737461	0.8854023948093005	0.0	0.0	0.1526377118067916	0.022881912935391047	0.29353400670920204	2.2283262936303188	8.722509053643638	0.026322539061477412	0.26487791799602556	2.6447019163248493	6.6499004670852	nan	nan	0.004965645218637113	165.21020129427217	394	8.906409052370363e-06
-0.0418445018548641	0.6424383426375395	3.523303825876801	-0.6285152488095745	0.04707501697983818	0.3328464403993797	3.5794820719422047	0.9263762159403987	0.0	0.0	0.1575653547499185	0.01537063689385354	0.06734886211407476	2.226019580454797	2.148498897479307	0.016041357734493666	0.1938951450844578	1.7009474555261743	4.353204117533113	nan	nan	0.004937536175032564	153.21212366916845	394	8.987873644083886e-05
-0.04203026745489413	0.7118972392951359	4.3387234010243905	-0.622855960862357	0.048407444482351236	0.3382560971499378	3.3949849307616544	0.5530546705477013	0.0	0.0	0.15521342244329767	0.020102660422404106	0.06624649532540416	3.0551185784107866	3.092630088615826	0.01133071873322522	0.1190943635929034	1.3391637455248813	2.718899103509566	nan	nan	0.004940180989764065	149.79676246938982	394	0.0001019441334648192
-0.01733805598724969	0.35512768331176564	5.991521501778506	13.22970385195355	0.04004763675091261	0.2600014949672648	4.21946843110174	3.466456157096576	0.0	0.0	0.162764138244039	0.0011064561332831957	0.05617976339558994	0.3356494191666006	1.8449097465760933	0.0009326267316824843	0.03646719043681734	0.19981588673196482	0.40152839105594257	nan	nan	0.004827010474327292	200.62164376922993	394	0.0001204158792540221
-0.04237848010238798	0.6302056925711828	3.1815587498296605	-0.6020174725947859	0.03952471926619183	0.2946708580578256	4.257781753141907	3.3161602816230653	0.0	0.0	0.16209428441877	0.017843879312252398	0.07096520478239371	2.317149860457417	2.2917410174256463	0.015209037911367407	0.3366969941107981	0.8751386218579733	7.49547802348403	nan	nan	0.005036678953039067	166.89447823484645	394	0.00011993868819866112
-0.03358922701426059	0.6103746250312532	4.43009040710156	1.1250351931928564	0.053943013373674686	0.37060956787373794	2.6952939085638277	-0.4129097900036116	0.0	0.0	0.16072342820769725	0.002714130636190415	0.06008636701925529	0.49954243818954236	0.7504757793257322	0.0017501162146474902	0.0524325099517208	0.36047949710350946	0.25279967754055077	nan	nan	0.004883275085165076	165.97837176526076	394	6.124827812910314e-05
-0.02502141977676675	0.5493318745596298	5.627047455154913	4.766117736959371	0.06399657029047856	0.40975461423077747	1.7740859319126274	-1.3769296114366096	0.0	0.0	0.15910374494920979	0.011611596393949264	0.2218804352041543	0.8436662582401628	7.232535126536514	0.012947420725763159	0.09805653954691201	1.5402080352029475	0.7874450668165425	nan	nan	0.004953128371334381	150.47661825573743	394	4.1869306427297106e-05
-0.03031395219599531	0.6508681300590149	5.355633576976725	2.2772740415566965	0.05623157166385662	0.5025391053224985	3.167718098458029	-0.6016578798890474	0.0	0.0	0.1649227155093757	0.009995212972310985	0.12713836290106068	1.0703245300146231	3.7343948639470392	0.012102979762424804	0.06501839215909458	1.5198340821413074	1.441332682388017	nan	nan	0.004980701636492904	190.30325717390275	394	3.481923315722174e-05
-0.021254978670525282	0.45357160897472926	5.744937116772485	7.459327157975376	0.05461915655857519	0.38589503397286146	2.6896810434819263	-0.5521212276943152	0.0	0.0	0.15390648432754306	0.01477665698460312	0.3538019127348893	0.6673904031212676	14.157471439434508	0.02045890495057101	0.06209907229755446	2.640219081072523	2.778180807541381	nan	nan	0.004909140905068526	132.09369866490866	394	5.849308336679152e-05
-0.04127960375170214	0.6041259830300065	3.2136971037984976	-0.5725385342436213	0.0529737403409023	0.3280828347516781	2.513876031879727	-0.261744846062191	0.0	0.0	0.15998614238906225	0.003834019048197357	0.05613879783466352	0.6527131851009633	0.5325644468028506	0.001749328888071111	0.05120824511972716	0.35005066660030426	0.2751592308643187	nan	nan	0.00486025671197636	178.6652929450281	394	4.33249960342726e-05
-0.04173849694535814	0.6730935027921459	3.8145114463413927	-0.5721883672165584	0.05104181299777655	0.3804416345172186	3.1001049026315144	0.016158388637419946	0.0	0.0	0.1522009549086619	0.003628934658859606	0.05752014944387318	0.658437253552141	0.528151321615635	0.0016070833788883743	0.05233642535175925	0.3342655981244933	0.28619652859565026	nan	nan	0.0047933187823393925	175.2293994130652	394	5.946640417946191e-05
-0.04235937946408175	0.664691002565496	3.611360700859365	-0.593470040677641	0.05448119167041243	0.39572807387137565	2.851906441238027	-0.4363709736877773	0.0	0.0	0.16378670170209575	0.004089369079640803	0.05809576600656491	0.6912601877263391	0.5622731952003145	0.0019204625153134147	0.053976184945496025	0.3818912846120932	0.2717849715440405	nan	nan	0.004937535964989984	160.3593539654419	394	3.5347335947107215e-05
-0.04212275166364188	0.6881230812085095	3.8186394262526187	-0.5815789454502509	0.04005581517859125	0.3657402050981148	4.7566518085044915	3.1217294938333846	0.0	0.0	0.16285069394043056	0.01199926370900356	0.06859139074174175	1.761559184216769	1.6976269391515353	0.012184492968191019	0.24891019971058828	0.7288047589764011	5.32357893432774	nan	nan	0.004996907706471931	182.29025519353698	394	4.3653085764791845e-05
-0.023765291530360666	0.4946146619831484	5.475158759370111	5.600833088643314	0.041460078208236606	0.3077572318750184	4.146261741088617	2.576765272243535	0.0	0.0	0.16018944925824358	0.011519912903275698	0.2514647911444199	0.7005820710853907	8.328386745156951	0.009849144199928217	0.19543690173431053	0.7589641719558573	4.133204412885549	nan	nan	0.005010830979456898	172.3826567734364	394	6.752901384225286e-05
-0.02513303701812941	0.5068871404508796	5.1977435893078034	4.452455108920001	0.040745882875084405	0.30963445316082966	4.176802680831291	2.827893174001223	0.0	0.0	0.16615187929462027	0.0017482878018068027	0.05980044673828602	0.37688949271944727	1.0491565572397612	0.0009869243879142564	0.04238169567510827	0.22829574612388015	0.38459809158094904	nan	nan	0.004913830351725115	125.6835005825063	394	0.00012810675156921388
-0.042258858723464465	0.6352596624396649	3.315147384361492	-0.6249923363446677	0.05006762429223133	0.37765465663597636	3.3782027510564	0.2592372778148914	0.0	0.0	0.1512906163831538	0.0037245116286769298	0.05558247074143213	0.6272036178950742	0.491412073677629	0.0014747393530866182	0.051596059493071056	0.31888818041711553	0.2982081438746626	nan	nan	0.00476411617003622	184.04293895215113	394	6.650007183919494e-05
-0.04129582987849145	0.6116913110687467	3.1160611698352825	-0.5770813200008859	0.042136167276489056	0.3674783813244684	4.492052292665937	2.4000239150275404	0.0	0.0	0.16780803947811526	0.01193761725832243	0.06822766733501912	1.6537710749454766	1.5929028571590649	0.014421626938062926	0.2618631029148716	1.0100182833130993	5.446863319615015	nan	nan	0.005058104829249566	164.41108360353763	394	7.688833888958146e-05
-0.04277295855443486	0.6590703721956566	3.4640556120924106	-0.5900599034750299	0.04858484758812631	0.39006201278615665	3.5286817378537516	0.5012920263091889	0.0	0.0	0.1560075794241953	0.009628342219852815	0.06410947554435453	1.3627343456482972	1.272492502890199	0.014882037145160787	0.13822343755802155	1.6060000162633394	3.2292869646712408	nan	nan	0.004897610004996042	171.25571909364908	394	3.455095044951071e-05
-0.04393495350024201	0.6634640552249761	3.243277197281154	-0.926107726184226	0.04673520961869304	0.4061411113855261	4.040098826455445	0.9675956732557124	0.0	0.0	0.15650890215421978	0.03326280554901939	0.10414884428633125	6.5836752512055625	3.7323312080643745	0.02138521225929979	0.23688727086831102	2.0790461012211034	5.460064824169989	nan	nan	0.0049502735866220615	157.32294357452892	394	5.627784614405153e-05
-0.04170241251064821	0.6443842907327476	3.567714397404819	-0.5444532663746741	0.05449042394901649	0.3509600082509448	2.4334238615990107	-0.5424321463188947	0.0	0.0	0.15880316368677214	0.0190958205862512	0.06054894958613943	2.6340619579064892	2.7435475365476387	0.023820489079043106	0.05759854543043719	2.9500267310833017	3.230144247007196	nan	nan	0.0049593076441876854	162.39385933509746	394	7.544129916826889e-05
-0.043180682500836065	0.7320808991937315	4.126639476181619	-0.6015417547287373	0.05230661463338726	0.4463462280093538	3.386788467556951	-0.06732280675214719	0.0	0.0	0.16823025412473636	0.003972162358935105	0.059396333482963026	0.6924187597248426	0.5534280030670444	0.0017633139682774468	0.055043509386019485	0.35690760444815517	0.2849532574927264	nan	nan	0.004962077425272854	178.84057196151036	394	3.5024372927143175e-05
-0.03432227085029904	0.6115932955473119	4.421326968275496	0.8178804210125653	0.05406565063970459	0.3458287450804493	2.5315201481049376	-0.440741196021029	0.0	0.0	0.1608878379188032	0.002823919174583911	0.059767865741752246	0.5347164468116781	0.7371556426498144	0.0017440548877145634	0.05169351613561374	0.35927677629414356	0.2519498549930845	nan	nan	0.004912082209941118	150.18441909370173	394	1.9675570129987485e-05
-0.03855718711468503	0.6696671568641377	4.175682721161103	-0.003335887928176814	0.05143466023951171	0.4058407458417787	3.3117250771257236	-0.011921447924013754	0.0	0.0	0.15967883333439592	0.0033017179815310604	0.05833569725180354	0.5968327811173453	0.61820610459381	0.0015972667224130044	0.053536565554255816	0.34243363504946434	0.28177866012375985	nan	nan	0.004915085399238059	146.835749303479	394	1.9434292076435273e-05
-0.04177350892428333	0.6282874508989154	3.4259104043629565	-0.5750607123027989	0.04758458460577564	0.35303229040579465	3.6302935954863953	0.8698871347232648	0.0	0.0	0.1612176551632915	0.009714918302096254	0.06344708626225226	1.4371947602489605	1.364356126172816	0.01362107511799393	0.1574355532129458	1.4368265299301268	3.4937868481663106	nan	nan	0.004959275514429123	150.1324177640942	394	5.455889983663381e-05
-0.041784928426655155	0.7021271700037099	4.017362630447465	-0.5734414894254959	0.04825934507515006	0.4085324460925077	3.6634529084952976	0.5635285902581807	0.0	0.0	0.1586311880919284	0.003645843357347578	0.05833779470295025	0.6673678078922252	0.5347142154914967	0.0014442203663596054	0.053077686053691536	0.3134180848476451	0.3126777728794823	nan	nan	0.00485817166376265	178.41269187536753	394	1.4978721750468962e-05
-0.042255585692473785	0.629922519300428	3.4560219200560685	-0.5971679046655854	0.055172860289596226	0.3179446063972682	2.307017830195192	-0.5548841065230484	0.0	0.0	0.1565028555793649	0.009470501819768606	0.06072777709229249	1.4078103621810447	1.3285271407839836	0.007948041123840177	0.05588591648747265	1.1455505861426607	1.1171447982157114	nan	nan	0.004856067601366837	168.16394101431504	394	9.929041671191086e-06
-0.041741783501287655	0.6972490095841333	4.186596984629364	-0.5714654062687536	0.05508936357615446	0.39660466137248346	2.777429716825495	-0.5602283457085248	0.0	0.0	0.1503921075551248	0.0037810584218661014	0.058444747824961785	0.7106131278490948	0.5804863178668389	0.001944659311148178	0.05375170108254748	0.38931018971446507	0.260714974036332	nan	nan	0.004778055519371424	158.2854094618189	394	1.8713360387407568e-05
-0.042727828161765125	0.6205479645490877	3.077567120511337	-0.5949103751089195	0.04701240123978523	0.31880150789477574	3.139728431682438	0.7485589456036925	0.0	0.0	0.15607883580568419	0.012239214536948206	0.06117919910805003	1.6071221446403408	1.5337141889170107	0.008100971947924807	0.10213753248394111	0.8971264687455824	2.002086841086207	nan	nan	0.004917819559455694	165.06052757801845	394	9.863864456428289e-05
-0.019107512269365245	0.4283003080090034	6.229694678582418	10.284740556062873	0.04979004344995319	0.3871015985743229	3.380238581195385	0.3026116263227326	0.0	0.0	0.1560177185920566	0.0067655430362068	0.2003860884184928	0.4310005923473774	8.597444589308163	0.003813617576655659	0.06416965752951717	0.539885806686367	0.7594132248313135	nan	nan	0.004801139001238297	179.5309723309972	394	0.002113352958974517
-0.04159483689125876	0.5640244299436938	2.736909260131605	-0.5961633775355705	0.0446619826178869	0.28956250953923607	3.8886540979046598	1.799034284452426	0.0	0.0	0.15497833791982693	0.013449094248376703	0.06045987207178305	1.7540880971639141	1.6971280855679216	0.007496204214607616	0.13853526460510013	0.7670945646694416	2.794182120573295	nan	nan	0.004898785338215875	142.51758671449093	394	7.462821191090498e-05
-0.02409842047604993	0.5383870712398784	6.07524106879426	5.733616738319688	0.04373347668551508	0.33831243777759207	4.3175525295133195	2.035087062876174	0.0	0.0	0.15452090268791044	0.0016096743113419576	0.060414584336696164	0.3778265141424022	1.1509792591913777	0.0010341585254295405	0.04334392363370068	0.23952181330376465	0.35018768364664016	nan	nan	0.004786735220728311	185.4681316278588	394	1.155865442512332e-05
-0.04271931919887595	0.6762212500077899	3.797374107400051	-0.5843834252030231	0.05022150052271246	0.3537769606404255	3.290209324884261	0.3416276707595053	0.0	0.0	0.16514101383700192	0.015546915236689163	0.06330451307871682	2.2160383340725054	2.1926473535885957	0.012715650142291701	0.10906627325709325	1.4995847082339155	2.6933870690534083	nan	nan	0.004977166984074022	196.26650008404084	394	0.00012576335647975883
-0.018316204561767413	0.43894553232528094	6.157245720299583	11.202576616910441	0.05762308135060379	0.44857779014271143	2.581928314460014	-0.8380314447247527	0.0	0.0	0.16372197732220684	0.001355134799030322	0.0653095464955458	0.3744561778565414	1.846955616827604	0.002058083896879115	0.05281650547506703	0.38152929429310456	0.20963434024053898	nan	nan	0.004917677731608838	167.72580273651712	394	0.00013610465012617068
-0.023050004684231795	0.5410675419822715	6.223017451057674	6.6570272889035005	0.03537418791489366	0.30923536687826325	5.1120618216673455	5.369325872527108	0.0	0.0	0.16516751513522548	0.001704326531935696	0.0754624426365949	0.4355044290867309	1.3482195034324502	0.004055616175536847	0.1206462327030956	0.38561312916839574	2.634459657706647	nan	nan	0.005083402009855215	197.3282198940192	394	0.0026221822987757873
-0.04126928059825996	0.6317284101389691	3.4719544246625906	-0.5060150965552358	0.048537976682147876	0.34160271791186575	3.3169864039073738	0.5472463396971705	0.0	0.0	0.15237694204612587	0.01933433804709267	0.06440443363214826	2.6241916904635536	2.807125543250487	0.01863350447772727	0.1745015096038127	2.0693373906747263	4.328504812065241	nan	nan	0.004842494743361778	179.48640790502023	394	2.7069808720484963e-05
-0.028866708754311632	0.572616962198857	5.147181072538135	2.8181664594642433	0.04236129760729468	0.30154553976590837	4.054925340997483	2.3905436176012	0.0	0.0	0.15836271673013805	0.012771637470183006	0.19351599606189443	1.1879883206981674	5.564646265783613	0.01121271758813569	0.2069645197141094	0.9185649451203652	4.529259750939021	nan	nan	0.0049460798550921	158.81887463919577	394	6.941289579651663e-05
-0.03285604925587282	0.5574149213982411	4.08991105583278	1.1563683142869727	0.054538334293898094	0.31696856393164397	2.2273965490984624	-0.5453828009395607	0.0	0.0	0.1537602892747381	0.01212031622488241	0.10910312059494212	1.4876751870072906	3.4750626731626997	0.017907487977732006	0.05750313425957437	2.348635833329318	2.456442723190269	nan	nan	0.004872906249037828	156.03768674967083	394	0.00010687755334423579
-0.043155568909797215	0.7084376946271385	4.007227174688945	-0.5703019721553547	0.0536876761059184	0.3822724714042036	2.8381513520926953	-0.3246859338804266	0.0	0.0	0.1627036846199595	0.00381470546945184	0.05861485626607116	0.6682647481795065	0.5361373004625939	0.00182596582629313	0.05295687085223749	0.36505582002840353	0.2732779336157032	nan	nan	0.004904176388902434	141.92439186675065	394	3.283834146225044e-05
-0.044409750325497765	0.6033127836060193	2.5798335335679754	-0.9105841562069334	0.04169547800276674	0.33186210830939206	4.174119378851314	2.430621507639017	0.0	0.0	0.16272522278296433	0.02066462189487328	0.08058926159625657	2.4820126417048556	2.016087346562867	0.014385230785043945	0.26775141181098316	1.0262778341861214	5.634602102293855	nan	nan	0.005008689803936109	165.13540758629338	394	0.00019633951434122246
-0.03707180966974488	0.6458000059403993	4.162271715983933	0.25848679623399007	0.05598738011804438	0.4057354519772115	2.578846475389271	-0.6443059607826305	0.0	0.0	0.1640966542860257	0.015478324599194682	0.08475109718024831	2.051937387491199	3.2187521105618764	0.01988947195959445	0.06269666193025097	2.448020767242652	2.384318142946067	nan	nan	0.004983203117828877	179.41100231104383	394	8.00460732153956e-05
-0.04602203959888951	0.656744776063009	2.9655725836894185	-1.0014491481672494	0.041588577269475735	0.32534513696786815	4.395260587955448	2.7203432097631413	0.0	0.0	0.15270835209830164	0.017834335280291602	0.08006229168524587	2.288853363797646	1.7310474965881744	0.011766972319460778	0.23215316892158455	0.8385340193098805	4.992587826947835	nan	nan	0.004864464738120952	148.09382119849522	394	7.61530217101615e-05
-0.043023036779020085	0.6685194465888855	3.4164048031722896	-0.6241715224069178	0.048578470137350616	0.38597750594395197	3.4611101768604025	0.5467756767545262	0.0	0.0	0.16102410431635655	0.020943103203559355	0.07088105642095638	2.6864822123386065	2.667946377772565	0.02703404735655701	0.23394901320816455	2.692068323562366	5.847407890326537	nan	nan	0.004957975447172483	159.531230648337	394	3.706710245161327e-06
-0.04312996374095257	0.6721859707767452	3.6250887775685525	-0.6079340164613262	0.043179972869193284	0.3228730156373572	4.15872682124824	2.247974875057751	0.0	0.0	0.16326002964592856	0.013710528029945712	0.06510742997253788	1.9103816975231978	1.8366758391386715	0.009481839471230158	0.17968442249774064	0.7562568071563462	3.624882062908935	nan	nan	0.004928419443704632	169.59882845467422	394	6.439200420257696e-05
-0.030398170310652395	0.6483102442957127	5.57104636266419	2.4181397296372316	0.055677825936290004	0.4234782877783129	2.833540921768453	-0.5959838046829247	0.0	0.0	0.16138557458480296	0.015436566508787275	0.18469443993796703	1.576899049203983	5.992498821850179	0.015435503418602559	0.06470831139497962	2.0085897619093886	1.9669175492467095	nan	nan	0.0049816706699634256	157.59642205469322	394	0.00015327970596442272
-0.027315215525001713	0.549300743644261	5.15123091910799	3.3817230046833204	0.04556537125053062	0.35568636696699446	3.8477839395096947	1.320270881267939	0.0	0.0	0.16533516276448146	0.015491639295022286	0.2537570255281719	1.3097810924393776	7.649094267893552	0.01568961182186701	0.2000784006488778	1.504941052162364	4.529247225519565	nan	nan	0.005067306750992928	158.55193079628455	394	9.615773048402954e-05
-0.035139524965888125	0.6961827109966408	4.805482498825514	0.7755404214745611	0.05257238748975923	0.4962006885528154	3.4315064302436937	-0.1827583777980342	0.0	0.0	0.16518999882845362	0.002995092324014792	0.06213317502975796	0.5452014960726492	0.7353968437879889	0.0018370950996847712	0.05655831457653471	0.367075443243841	0.2680312362514313	nan	nan	0.004956068084969831	172.25439290847294	394	2.773170025869433e-05
-0.03196860995823192	0.5556307311668218	4.097414008679915	1.4179476890256262	0.05497545485701516	0.33977236606268796	2.2653963315824988	-0.5702134492833876	0.0	0.0	0.16321473968415723	0.002707559440261409	0.06074586464424414	0.484007083470158	0.8193633576628532	0.0019194725275160085	0.052167166603229675	0.37382269403510393	0.24586534414091088	nan	nan	0.004924613289546548	157.84687251948893	394	7.231669198535464e-05
-0.024605461169486476	0.5561291600407368	6.104627108582518	5.082644912386097	0.04314024267590422	0.34849469374924896	4.28419492172406	2.0095509148599056	0.0	0.0	0.1564197818830581	0.013486477684098719	0.28916774266737677	0.8781413379558964	9.141167806519809	0.016920620149926235	0.27398903051295775	1.4137950438730522	6.069523489496457	nan	nan	0.005021820128126256	143.4915330337897	394	0.00015345749039322146
-0.05234223736803101	0.7195408929562774	2.9262310597652617	-1.5501506356795396	0.03694190624021054	0.3229829448160168	4.977790853709406	4.563017823421392	0.0	0.0	0.16103761189415475	0.012645647212221278	0.08069786866198542	1.645301826423386	0.8390418345633728	0.005115183605200246	0.1229488792374401	0.384466508065608	2.8647065798350857	nan	nan	0.0049328699522436514	171.70108689198435	394	0.0007250010239761626
-0.032005621883272495	0.6093287549902888	4.755859524410487	1.5921965096512072	0.05551401891294394	0.4128405794309438	2.843235470930817	-0.5887929472808457	0.0	0.0	0.15676984701852092	0.011635543184039254	0.1218239790649587	1.3489888637558822	3.7337451737589618	0.00811882557793775	0.062385550855975774	1.1454082692540934	1.0663098344698525	nan	nan	0.0049122988558360225	160.76999492002858	394	1.3225960232431196e-05
-0.027552899137434417	0.59391793817536	5.622033429998955	3.5860198760117608	0.059297314552793745	0.397239650849284	2.27893004901699	-1.0083094264287633	0.0	0.0	0.1592153210612915	0.0022138190359747845	0.06588775478418268	0.43618378722077544	1.095450875965288	0.0021658168582926463	0.05324557085221426	0.4049684280438781	0.20726380818616716	nan	nan	0.004858367324353741	182.7835764483218	394	2.4957532270983246e-06
-0.01730973010759118	0.37043323415130147	5.899477298304108	12.888733258842146	0.03177430127818748	0.19605235350783518	4.976300404646449	8.499687080995756	0.0	0.0	0.16670853919442014	0.0011144865168343787	0.056126765364044096	0.33387607070381	1.8021360966031004	0.0008437126459381883	0.027966931964325287	0.1636739685702855	0.5922722921473097	nan	nan	0.004836770500058735	167.98368120335232	394	3.619264323427021e-05
-0.03259124937365154	0.6204844367366584	4.764971951782238	1.2963744168829694	0.05451180757145191	0.4252466814057524	2.9697808683533564	-0.5094969316391296	0.0	0.0	0.15789754951337642	0.0026435936883526523	0.06092046464781409	0.5021767664041854	0.7968954525655663	0.001821367555108755	0.054339720902052024	0.37726757097347385	0.24758755530406135	nan	nan	0.004895048689425419	187.3922783650869	394	1.0708261798699608e-05
-0.027590757371026786	0.5469469304611893	5.258896765036043	3.4457712420719724	0.055368012050845294	0.34203026610571396	2.503561043036737	-0.6038693421541388	0.0	0.0	0.15811609157800752	0.01168665406205388	0.1861873645176613	1.036366807612283	5.860609945972138	0.00975372315382761	0.06018921487616127	1.445017472232535	1.3430747127779776	nan	nan	0.004925090287569642	140.51594770847785	394	8.159739746814498e-05
-0.01978265630024334	0.4149071156387563	5.7058928957702735	9.322264714503417	0.040748547471360475	0.3053498681055758	4.342438062543505	2.979627306435531	0.0	0.0	0.15893131083112244	0.017283219182829324	0.4748588023750663	0.4564819787311838	20.517130603107688	0.012747296308966871	0.26254251476234813	0.8675953133125969	5.842944269641235	nan	nan	0.005019845304077647	181.49390790460467	394	6.500635123245583e-05
-0.02241432814009614	0.4870597082978188	5.991411884654925	6.757557951491354	0.039580591391203956	0.28495479721137673	4.567066143635862	3.6090395578598344	0.0	0.0	0.15697730585197872	0.0014940628127961264	0.05966035786990842	0.3680254638232725	1.2704329999863422	0.000945879038625197	0.03782692374983168	0.20830344294238357	0.41512020512757775	nan	nan	0.004796564108269355	187.6916658103218	394	1.672797709504552e-05
-0.03065641927292795	0.5932030359092058	4.845051204516129	2.0540574656029182	0.05587940904180422	0.41565203283856017	2.7494695322566476	-0.6214347844452219	0.0	0.0	0.15896871025070702	0.009627639709504698	0.11971371118530447	1.0534129417507376	3.4640284132844763	0.01209210267592209	0.06164026512330162	1.6059402541967862	1.5130838573620764	nan	nan	0.004920953538887177	168.03231035140342	394	8.550336083622972e-05
-0.019044338519325632	0.4225560510031733	6.207334704109205	10.962714492793772	0.041859290658799786	0.31460376818445496	4.4713485561743616	2.9180130140004144	0.0	0.0	0.1662978689041394	0.0012287036134187024	0.05824145333744074	0.35255948702108064	1.6227897755704352	0.0009761029349557582	0.03991859136166892	0.2180940279452468	0.37893446438824196	nan	nan	0.004844793808496228	138.5424326555115	394	4.5312788796545153e-05
-0.03754325538022185	0.6709775823172859	4.327482819186207	0.16823323840219234	0.05542310289273389	0.43025425936611705	2.881809114945708	-0.6237536146837811	0.0	0.0	0.15484492957967533	0.022936568273939695	0.09855048137969386	2.9720490071856935	4.622067794848593	0.011696934970932604	0.06291886316371934	1.5847229194148515	1.4821843551936276	nan	nan	0.004934126776372699	165.18614639269683	394	1.83153971201071e-05
-0.028687021071254648	0.5957835605713273	5.338806510311197	2.8839921734130805	0.05610405810843311	0.4281554221248769	2.7478196147577325	-0.6096646404259799	0.0	0.0	0.16519948867388495	0.009223890259844936	0.13607280822010503	0.9271651920224735	4.033006602328824	0.016749197744800548	0.06219639569377991	2.081544675260055	2.0319835610365455	nan	nan	0.004988207873527967	195.06196183255923	394	0.00017421291244513725
-0.027340531150261138	0.6017924141121381	5.721024329985948	3.6300954785792254	0.05573640269437252	0.43921850834928394	2.904901220746189	-0.602065805131506	0.0	0.0	0.15607129735605071	0.0116174290199067	0.18474813068585674	1.0058360981354104	5.8335520223217365	0.009231699405494731	0.06362904385771201	1.245478302832727	1.153936519882713	nan	nan	0.004900738897551646	139.22498626058712	394	8.88550635363969e-06
-0.023809834023547083	0.5183877385451352	5.817185125668372	5.8988544361963156	0.041594662751720524	0.3102651442769616	4.383339641949709	2.7438164154116187	0.0	0.0	0.16221473303244127	0.001586849969653581	0.05975930474684926	0.36952950134236096	1.1561142155185886	0.0009896149512772512	0.041132965711415614	0.22538735517037933	0.3826872567239641	nan	nan	0.00487772081526619	168.14541117966797	394	5.840854410340782e-05
-0.04219426248529301	0.6624424771445798	3.7093870474305612	-0.5825598445988256	0.04993297230201499	0.3430298165703486	3.0903765847735793	0.3389240146166005	0.0	0.0	0.1647557410069328	0.03629604628085609	0.06268942978937952	6.803278215000078	5.174613651505761	0.01132639196720786	0.09941455880607183	1.3131236018339902	2.344325768865617	nan	nan	0.004969670834033754	144.27076135002133	394	0.00011311825712601984
-0.015731088277828764	0.32340588813065657	5.712656624030126	14.842914002721294	0.04850500484515452	0.44756176469987613	3.8467582415588906	0.47162592434431216	0.0	0.0	0.15736924893226514	0.004415888456740125	0.172521032822467	0.4509561146912815	9.05685115128149	0.004005125092733763	0.06751600565918534	0.5319911619300122	0.8221308722504007	nan	nan	0.0049458855642654925	170.33187850164663	394	0.003088292425869801
-0.04655512904321468	0.6318879947287104	2.801866155681225	-1.0217442864736792	0.04351646354870575	0.25457448635267277	3.625812706246086	2.1471401916980404	0.0	0.0	0.16150127002037024	0.015130117356094486	0.07132042074324213	1.9187876038474978	1.4159456632872522	0.006997992710146006	0.14421685385083063	0.6605461702182867	2.8906886089309767	nan	nan	0.0049408223633195525	194.18772286440563	394	0.00013267117807422684
-0.04267144760537067	0.6487633441090628	3.484096110030235	-0.5908083485697151	0.05023433168902902	0.3468258538224675	3.155852698642669	0.29742147801537283	0.0	0.0	0.1654102493731754	0.011602532829402934	0.06326395524055173	1.6421124026594058	1.568908240492303	0.015620035643461039	0.12390421110379435	1.8099731947584756	3.2306090272232892	nan	nan	0.004997822380529426	180.98519047692326	394	9.027107047681597e-06
-0.04234350019308397	0.6299497989216012	3.249409031339062	-0.6391666949073841	0.04251644897782758	0.31602057706427433	4.206762652192331	2.3638769911820137	0.0	0.0	0.16018111048350864	0.01826411102859804	0.0668196520636547	2.4433554710414107	2.377239565578255	0.011651788613232683	0.2256903427231343	0.9053505899809386	4.699102314938101	nan	nan	0.004965783574831448	143.11615539642094	394	0.00012873549924185567
-0.041810469506920134	0.6060777644553557	3.143468545451821	-0.5747073719771112	0.05141484679293895	0.36808412304560073	2.943343631180383	0.013634320143333446	0.0	0.0	0.17018626421048688	0.0035740153050101142	0.056018806862956017	0.6111236329669796	0.4777518038251696	0.0016648949688032877	0.05277195021205083	0.3396892846265991	0.28935698272944504	nan	nan	0.0049986208301196905	189.42788704324803	394	4.6394567523598344e-05
-0.025238261835544673	0.5505382827704274	5.911634281524615	4.785983696685253	0.04059746833677602	0.2915786515227224	4.3730787185596744	3.1259291949099737	0.0	0.0	0.1572867833948387	0.0017117158321759973	0.05996875624391504	0.38691409137284616	1.074119317159987	0.0009658454048385723	0.03948733736673446	0.21608227876442188	0.39712472651239994	nan	nan	0.004805224492248322	162.18119200606873	394	2.2802468979737745e-05
-0.03764348948536511	0.62159519459238	3.8181198558024665	0.0757718056875872	0.03835568467710537	0.269750202411723	4.436728392294605	3.98280117352863	0.0	0.0	0.15786329885503012	0.0055272569705763774	0.058037444192150456	0.8629293652999559	1.1303069321161565	0.001699202327657523	0.0776548347882258	0.3255003698447059	0.9729085653226548	nan	nan	0.0047600222983116836	125.12430215718067	394	0.011142901048126229
-0.030225433400957735	0.6329294756203018	5.466290345609019	2.4969855189575583	0.03978643611153987	0.31540309112260395	4.487718039751157	3.4163968075627746	0.0	0.0	0.17198559437059835	0.002146316894410527	0.05885545966290506	0.4231398737708858	0.8399983241357949	0.0009841923003378605	0.04164406053681621	0.22427408689579487	0.41408232254035265	nan	nan	0.004950996539065278	173.81896782104428	394	2.7124892510118884e-05
-0.04161452011227296	0.6290479485169966	3.4414843598664695	-0.5724783850821021	0.045716423773169534	0.32220067608717506	3.6602975701268843	1.2883686426100363	0.0	0.0	0.1574484013603056	0.009852555575794453	0.06287092953750822	1.462492889081745	1.393977627045457	0.00921482456255307	0.13794957668800184	0.9390707979370383	2.7807004412734706	nan	nan	0.004919741583903625	136.90102818556161	394	0.00013617689282519112
-0.046025548095943836	0.6972832438572794	3.3518054570094202	-0.9369506740494831	0.04102697245632525	0.37171708387846875	4.7505245702372	2.96218592237357	0.0	0.0	0.17007626279454868	0.024567879948012072	0.08281598541511148	3.087376981813631	2.577792995319872	0.010548448287134193	0.20607560882323017	0.6841277362123095	4.3747148889172625	nan	nan	0.005038951336409428	152.65747734881083	394	0.00010544135077285176
-0.03848148626503478	0.6863902691891762	4.3218575279875235	-0.041605341384632163	0.051454035955581956	0.4590803171900553	3.567996331218647	-0.02865181429132806	0.0	0.0	0.15996877356526262	0.0033277437336778903	0.058959728043636306	0.613561998438132	0.625975168622099	0.0016690120878282144	0.05571629048995394	0.3553802362624512	0.2813284873125906	nan	nan	0.004908950752688698	170.00900362399727	394	1.0407269040274268e-05
-0.05395558455127003	0.6530222172181339	2.3184058252598034	-1.7333476263657255	0.037357292508469975	0.2773639494515721	5.014441040406432	4.819398183504221	0.0	0.0	0.15873218337473283	0.011326711454565708	0.09911411973999412	1.426433618327659	0.5637125337248753	0.017380873965513244	0.4305080678981146	0.7772381255636036	11.655797333401468	nan	nan	0.005193543372106479	164.57750496164496	394	2.5143303177182534e-06
-0.04154420327998831	0.619811680539924	3.3931931906410995	-0.5600931594428634	0.04513382286669221	0.3575029851186697	4.063318834053124	1.4545210216693816	0.0	0.0	0.15305695860791377	0.008591922781495176	0.06150007774470456	1.290514975151303	1.2204893202242846	0.009466846931634021	0.14500248486883774	0.9262852008755633	2.9285782208234235	nan	nan	0.004872350407387552	170.9027798639321	394	0.0001928943073373064
-0.03620374507967972	0.6813891452068124	4.722967148418494	0.4914307418801223	0.05422503811400636	0.41778094692010764	3.0441437479455913	-0.42771846440777483	0.0	0.0	0.15353618756582474	0.0030610637455773526	0.060811063739075855	0.5757707864876118	0.7081757952224483	0.0017668526418936903	0.053726146585703544	0.36930390471665686	0.25385639497838175	nan	nan	0.00481538280337282	153.3214044082161	394	5.8664924283773554e-05
-0.042080189053279704	0.7003929322955414	4.089696595829146	-0.5372029876864338	0.04761649234670551	0.3747949210704253	3.569367046104052	0.7646006217230719	0.0	0.0	0.1609528693479075	0.014680587970383296	0.07106170852298388	2.163415242270223	2.1973994994411963	0.023081588532288033	0.23636916081232584	2.2589724704260115	5.478647045706583	nan	nan	0.004938664438892251	150.45080906199823	394	0.00014815466407503252
-0.042647775424721646	0.6957192928049307	3.774567956653759	-0.5575616281562713	0.056094661171490534	0.4508676499195707	2.9040439295521288	-0.656240763686264	0.0	0.0	0.1603044712434596	0.004324405319411084	0.05896458007520655	0.7092800304813633	0.593848462356619	0.0022353426058719927	0.056394145983462096	0.4204106042044129	0.26861574652249076	nan	nan	0.004902455910463524	140.78035266089148	394	4.395534475130564e-06
-0.041317462200419985	0.6153333037640185	3.2354488632150122	-0.5816155694294473	0.04340675545879091	0.3226229265491611	4.035600500142773	2.0379977140859427	0.0	0.0	0.15754796861176312	0.01170432069592986	0.06454971588892283	1.668103604867046	1.6054202130187614	0.009965098090047086	0.17896082365154958	0.8442870355173988	3.6390918834919095	nan	nan	0.004905583987765277	222.64380162560224	394	0.00017039645626147995
-0.02288070399619735	0.5646409901199099	6.169184752377323	6.238761833187656	0.05902033976390442	0.5079777427908366	2.8325892694358834	-0.919675094817841	0.0	0.0	0.1587967345040855	0.013594394489667871	0.2907986316541258	0.7538259783086634	10.49852009588355	0.024585561572850523	0.09650806531735515	2.905439546161685	2.355126063409172	nan	nan	0.004937640339516672	163.18348982793557	394	6.888378522999424e-05
-0.045219245504218075	0.6697371711702902	3.245717843123679	-0.9799224303806352	0.046405488033104625	0.3760210519957825	3.839682505009007	1.040696895567497	0.0	0.0	0.160244589328633	0.025209099595099094	0.09169592780716807	3.279144862872262	2.6895199738362736	0.0161277968629564	0.1935127143881987	1.5814038767387943	4.26972975751156	nan	nan	0.00500273904149999	178.55937322125413	394	4.3352268809073255e-05
-0.04222256036875183	0.7107186938937811	4.259009638018738	-0.5323184705563636	0.055405627725537476	0.4051720544060934	2.8543639097280282	-0.5708325642046906	0.0	0.0	0.16084942838030644	0.017557316123209987	0.0619133653643843	2.582972783427764	2.685660886518155	0.016449644440677758	0.05924071260955685	2.195420294861764	2.2181806743339134	nan	nan	0.004949521780305416	162.68196019036037	394	3.7929120228979816e-05
-0.017131590626675797	0.38989792997891815	6.347753199121671	13.664986130403259	0.05576547294599221	0.3969421847444622	2.7099179905401694	-0.5734393036445485	0.0	0.0	0.16928432333601198	0.011361072542285466	0.35709395974828495	0.49302600590191314	20.02451584667312	0.025958359637981543	0.058901456107078004	3.1290222175852227	3.375369462928384	nan	nan	0.005044360575426565	143.28546252512447	394	0.0001221887869994276
-0.04193722212243722	0.7074089347649224	4.099846908310849	-0.5934035373872801	0.055894877843472246	0.4308604198370264	2.8576159898043816	-0.6353312702856683	0.0	0.0	0.1583957471264732	0.027730940845666963	0.06375835277941905	3.7499573169345237	4.099849103381513	0.014513165999156197	0.06151017703450609	1.9168269483880156	1.8166312393593558	nan	nan	0.004913788432683294	162.4982082019193	394	0.00017885963483223543
-0.04216890834274867	0.673633766072245	3.6310925981464415	-0.5795555145037625	0.04534697627419315	0.3993038272037461	4.034977033023684	1.2460780400043558	0.0	0.0	0.1550569910357869	0.012823982119556487	0.0654971468970581	1.8183320419249083	1.764573612225646	0.012129343898314549	0.16334381172560666	1.1156891827563806	3.316802343060099	nan	nan	0.004908556660979058	160.45997216477068	394	0.00014407157039614726
-0.04206903807062312	0.6201646285633913	3.137904624930422	-0.596132173836918	0.0542616218127272	0.39032726578421223	2.705383915320516	-0.47900157782880715	0.0	0.0	0.16194816632518833	0.003952011592976479	0.05757296086090652	0.6443827718154271	0.5115704035705201	0.0020106867935704154	0.05467494632359915	0.3921380124346072	0.27408585642914435	nan	nan	0.004934120339952955	153.7006160356827	394	5.9775256388729394e-06
-0.025958812035613343	0.5698769306928184	5.584482367914573	4.43164238407264	0.05585417848352736	0.42414222017067515	2.6804668426074234	-0.5745247772240035	0.0	0.0	0.1708995638862189	0.002020923440145872	0.06557182535862083	0.40863763020187527	1.1471064811550427	0.001944636590832327	0.05359204969311343	0.37237099083359726	0.23296387164683227	nan	nan	0.0049841984027774455	151.29599212761457	394	3.626739276863352e-05
-0.04060319541296675	0.6030226565326179	3.2934831231205126	-0.5500585441916755	0.054471041812753196	0.3575023616057156	2.4256433547699565	-0.5902562266333115	0.0	0.0	0.15477919161132217	0.011426498468756874	0.06005563183605145	1.6892050604538218	1.6617751584416771	0.009126403048931864	0.05868363050535816	1.274485168698663	1.2048104804643838	nan	nan	0.0049120417592491	131.9149654773545	394	4.020931727124329e-05
-0.051634525176847634	0.5722583741713125	1.8824263523076556	-1.477628571881933	0.0452436728408383	0.2677793319466867	3.4515366273624815	1.57379429538136	0.0	0.0	0.16275943667182424	0.015381574594985292	0.08148211509165498	1.59207599248555	0.8046988355648095	0.007492405721034823	0.12489492914853176	0.8039356969119453	2.590040843795034	nan	nan	0.004961909391110603	137.03307639610438	394	0.00013003022273390473
-0.03223668070834507	0.632941266908509	4.903841277111789	1.6837278055881237	0.04453188302338362	0.3844818621910585	4.214907008554229	1.6237457520545138	0.0	0.0	0.15798823855442296	0.018408579771526323	0.1972617872093157	1.9184212271409908	5.910481888500966	0.015101243231461448	0.20883222565311724	1.3250040128409086	4.613871192265386	nan	nan	0.004966267374332922	158.9072995982289	394	4.4599056851316e-05
-0.020475588728407823	0.3983062399822047	5.054639777209782	8.003650148116577	0.042724303417912335	0.3275440516908943	3.890543944258411	2.0067031536151285	0.0	0.0	0.15508140126761388	0.009817091266202338	0.28143138309589644	0.4466806098029643	10.214308907714265	0.01888463680142216	0.3145039534745029	1.4571884625601164	6.67495035170528	nan	nan	0.004946582617867332	140.29380074398705	394	6.989804815008521e-05
-0.02371655032929365	0.483801920806734	5.4354825983733495	5.582606232067494	0.06473032702515313	0.33086869268878755	1.2415416601619778	-1.383535445853962	0.0	0.0	0.158519477587796	0.014153455204982679	0.29525884548537396	0.8660085960475628	10.29866025205771	0.014488078644355196	0.09194774880125844	1.4417939707919547	0.7380116500186762	nan	nan	0.004908104627221244	147.97830574835416	394	4.260050933904339e-05
-0.04709349665004292	0.6398256789697132	2.798029923212999	-1.0798334572275137	0.04625161541753475	0.29234289687197285	3.3312234611211333	1.2177249228530012	0.0	0.0	0.15976827385216713	0.019682292133988255	0.08241409257719357	2.4361626876822298	1.7685926445701678	0.010964103962974536	0.15190801662412878	1.1297194535269508	3.251722353958329	nan	nan	0.004917390708749622	180.11385961767138	394	3.518644393532898e-05
-0.031978510653706715	0.690791178100534	5.637174552925003	1.8925414134990262	0.054993313891071205	0.45335600741067444	3.0504230309411264	-0.525539215703876	0.0	0.0	0.1627418416605907	0.0025599637472612513	0.06402005506624592	0.48918090067816244	0.8686793840894466	0.001878603379939392	0.05515307169528855	0.38105206226714805	0.24404520649691103	nan	nan	0.004926998607356126	162.6417517891704	394	3.7882058878596796e-05
-0.03353136493270781	0.5916647016104839	4.062093052723267	0.9456467731936491	0.05367047370339262	0.405671715490203	2.704992187702331	-0.3883413107625117	0.0	0.0	0.15817075877877912	0.002943435852190479	0.06009201792788521	0.5169668307297273	0.7686316018502202	0.00191557834381062	0.05377796685264863	0.3675943346868251	0.25783000798455563	nan	nan	0.0048463484093476394	172.31991999359354	394	1.593940146956057e-05
-0.04631401999951801	0.6433147799011503	2.919612274874849	-1.1708182154317353	0.03950109260277368	0.30927098132176056	4.6976500518083855	3.5434158272312763	0.0	0.0	0.15946212410233698	0.004055894018008155	0.05301432553334201	0.6491664531090242	0.37597551401302004	0.001013691142139006	0.041692848052341136	0.22825251042001016	0.4436552149055411	nan	nan	0.004853813874510879	173.5991753643544	394	0.00018375802413548036
-0.04225026624867756	0.6143697953575655	3.1342450327780416	-0.6008640242154919	0.054802756148658816	0.33455089131636484	2.325315091917112	-0.5819129132190928	0.0	0.0	0.1524600826909313	0.01534012024772724	0.06018777546852022	2.0396931349577123	1.9948401410075165	0.012048087669739305	0.05738296187647288	1.654785285760275	1.6190838724801015	nan	nan	0.004864603098525183	175.05821341004383	394	5.299958983047427e-05
-0.028468976525152234	0.5951048310210645	5.482319246974395	2.980633425910614	0.045070000567831725	0.35685945571367655	3.969230374748136	1.417332825654243	0.0	0.0	0.15934493938924313	0.002017584823091778	0.06059755143654966	0.4197247355237783	0.9060268208996315	0.0011251302296000354	0.047281030584400224	0.2633361530666547	0.3287982954849396	nan	nan	0.004853601784354261	160.22616962838845	394	1.448250426992493e-05
-0.027105017227388006	0.5405746136231928	5.024656021797572	3.4120376663010896	0.04044588051976317	0.3233057007829209	4.176159509504443	2.8199336324037	0.0	0.0	0.16146387013820024	0.001900272784987056	0.058844523646483016	0.3855775243381334	0.9290897545009174	0.0009955229845320934	0.043583795164422956	0.23203688764375108	0.38409472839087627	nan	nan	0.00483236624418916	145.25406350039347	394	5.230615715022175e-06
-0.0426598947507546	0.6779914029393652	3.7068003918334167	-0.6052067374975165	0.048713201011808094	0.3780839541904574	3.489031422922115	0.5217872725675142	0.0	0.0	0.16155005893648305	0.019406602038557763	0.06511271547271624	2.657330375835472	2.6643215250713963	0.015175600385255561	0.14211009072624156	1.64524480795752	3.3486961013304706	nan	nan	0.004965361019956441	199.44426386306552	394	4.9258804769128726e-05
-0.04176154102935181	0.6311628168034696	3.232711232573942	-0.37932405284340104	0.04917235884382687	0.36873210433990655	3.2980082597552443	0.48546819675090125	0.0	0.0	0.16436725380770223	0.0037595857166041746	0.054983327459685705	0.5805774665451067	0.5178508261218349	0.0014469186898372621	0.05150748936200214	0.3071690504871778	0.3044111434441529	nan	nan	0.004898596915022757	163.59929176871222	394	0.00010889098365611402
-0.024832248804748325	0.47002863431653075	4.927997122211355	4.338478836709496	0.05344539562897377	0.34419279985617823	2.4782865062138586	-0.4269015488093715	0.0	0.0	0.15244699550028612	0.0018149615860609258	0.0628373343750599	0.3929659171112796	1.105760014077043	0.0016560533411061895	0.05102293480755782	0.3462412341928178	0.23865973830999357	nan	nan	0.00482430696168952	167.0633310740942	394	3.965471207098923e-05
-0.042440003983598484	0.6190499143444734	3.2023809916935937	-0.570281404560531	0.04092819493835642	0.25507303009137217	4.1371290682837305	3.165506660580171	0.0	0.0	0.1645680363317044	0.01352685905241291	0.061374691159425676	1.8170898419692092	1.783774092702387	0.005807295336151652	0.14457742006042112	0.49675412387992823	3.024702528104837	nan	nan	0.005027164296719733	136.7859110598371	394	7.084519103897235e-05
-0.041817648064580326	0.6143400564876678	3.1415492079004648	-0.5580879596312636	0.04408182018613105	0.3299691623831244	3.931489444549532	1.7280395852353942	0.0	0.0	0.16298172410735629	0.015612143530445877	0.0640155907520184	2.063122353073698	2.0729276029440173	0.01169351088176851	0.19198492757311267	1.0444674963881138	3.9459594947608148	nan	nan	0.005010331043879254	127.62520724079371	394	4.9548510736353025e-05
-0.025690576673388588	0.5270891683733763	5.37992840412605	4.441366046449997	0.05489297194874476	0.3614010350400427	2.518676839871282	-0.5435821181447357	0.0	0.0	0.15684505788597317	0.011100268701665084	0.19946018910253202	0.8631545899751547	6.552889335828772	0.012267450352761444	0.05974126775834257	1.654960307503551	1.6587104662659509	nan	nan	0.0049182950583797486	164.9411268830581	394	6.223224473413608e-05
-0.03343264103322696	0.6379192605442221	4.8875297900726276	1.143657959379143	0.04585472434183968	0.34612293038081166	3.7982802531449504	1.2536138478031342	0.0	0.0	0.15970238346881274	0.021986978822504444	0.1953260673175758	2.5830888091361945	6.4057988173315445	0.015597522449688594	0.19563017179832462	1.5512904548377786	4.503376771567475	nan	nan	0.00501670118327853	157.96519861104647	394	0.00013404071946365275
-0.041778776845061705	0.6566244548997126	3.648725203698891	-0.5834070095355507	0.05103401403436347	0.3534891109700988	2.9792343606787277	0.025804652056894015	0.0	0.0	0.15262592074308243	0.0035863003593288867	0.057376360985851194	0.6458059948714672	0.5108282283179779	0.0015618548813033373	0.05133705390257534	0.32926250021077097	0.2869571303604209	nan	nan	0.004802117318251045	142.23994468030392	394	1.11850669997571e-05
-0.036170732739794875	0.691997472864344	4.926225657107823	0.706512215855091	0.054171428308823266	0.40314355399173424	2.9837032353082407	-0.3983785347688622	0.0	0.0	0.16041185461897903	0.002927309440300896	0.06043298593723995	0.5441884249007138	0.7088099566572841	0.001741654173952778	0.05318558447665278	0.3641253709002177	0.25504049769012793	nan	nan	0.004873914624836176	159.53864787396813	394	1.1904197673680122e-05
-0.04138803178284378	0.5881893702049952	2.9884898648302483	-0.6006775366226131	0.05448941228694859	0.3196550131699198	2.3003079996284836	-0.5383021226684581	0.0	0.0	0.15612801189715797	0.014150615712188064	0.06040316341613583	1.9247544951776159	1.871136261869257	0.015149489282045292	0.056525942347495056	2.0576822533900865	2.1281115290895616	nan	nan	0.004914332423338746	190.69887904656957	394	4.2161748656813563e-05
-0.04288877036202199	0.6667142420259973	3.517734672708702	-0.584939907500103	0.04247006741063086	0.3435856447927449	4.237040643624533	2.242302577281639	0.0	0.0	0.15889338204376127	0.01666562177013886	0.06438858885299309	2.228268612659512	2.2089711787759505	0.009274716712746156	0.1727933911605458	0.7398463348809234	3.4616852749017113	nan	nan	0.004925267291087498	167.3017480414446	394	0.00016621597202385265
-0.02764592112035813	0.6140571241340225	5.8171037285331275	3.6407054029527397	0.0455307069032882	0.40632183409902534	4.267985754952434	1.420434420906721	0.0	0.0	0.1668687326649383	0.0019424369328326918	0.061793463205312205	0.4129768329342083	0.9609416620769262	0.0011600578460644329	0.04896063275400586	0.2721028989390084	0.32300991288250774	nan	nan	0.004912425595946859	149.78618447886714	394	4.819692614635603e-06
-0.021040741793474926	0.4935970717412496	6.314520175811297	8.268480161653475	0.03777597399257959	0.3220487546410219	5.08179279482863	4.374722549977221	0.0	0.0	0.163528893551777	0.0013985608329691313	0.06001720464215293	0.36599378466568755	1.3964380534370242	0.0009307462769726493	0.038773716638004635	0.21374585474688335	0.44261478842935137	nan	nan	0.004877565944873971	163.7312592472861	394	3.0016840863492962e-05
-0.04133213950935677	0.6294720781327039	3.4309501333231984	-0.5835842107392492	0.04577758386428976	0.3485316169967411	3.949135142972722	1.3389789152578053	0.0	0.0	0.16441598354154296	0.012461182729567144	0.06491294228667593	1.820025147532692	1.7667416139607903	0.011518171838024949	0.16751065681267027	1.1277324918931149	3.477467748960748	nan	nan	0.005011093797579663	167.9378699152537	394	9.011423383321718e-05
-0.01709740320878783	0.3720603111664755	5.803487249990108	12.895824636342521	0.046330286973769175	0.4074552344988243	3.856284780806844	1.0408901565217488	0.0	0.0	0.16070587732486863	0.0017018418518865985	0.08599698818305751	0.39405327380947375	2.758173153887573	0.0047842425067130545	0.07450749195726111	0.4600763294043766	1.1698796072446227	nan	nan	0.0048487084869873465	171.00880976313638	394	0.0009132560375624325
-0.03865990649998552	0.6820408517055263	4.271298038028247	9.534904970008527e-05	0.05163080720747315	0.4286502008707533	3.491287580126249	-0.0059780742877901935	0.0	0.0	0.1597662453493375	0.0033196034746843517	0.058810988654107	0.60195144040763	0.6226525374984682	0.0016023637663185042	0.05408090937186755	0.34545565778782206	0.28134649054830807	nan	nan	0.0048971263631381046	160.74938569253783	394	6.297460724400246e-05
-0.04227393585941508	0.6307140526937904	3.3814571095388333	-0.585234538579978	0.05466216368961496	0.36104664206717324	2.668741855598441	-0.45795343443367353	0.0	0.0	0.1629812163203932	0.010596403345247196	0.0606990668391032	1.5211525441612315	1.444832565820867	0.016045524981405213	0.05913064812633295	2.1251679719892604	2.3270678791689847	nan	nan	0.004939116253295683	157.4544490472533	394	0.00015591481760906593
-0.0253751986560804	0.5593847498556908	5.560079884042967	4.638029021534696	0.056136641431248746	0.4398019375246469	2.6843916984824627	-0.6172647602411131	0.0	0.0	0.1642158336361871	0.008808391248083525	0.1656205412313014	0.6848139280357124	5.252001827537763	0.009408266817605648	0.06252167717449286	1.183200888210907	1.0857899852323762	nan	nan	0.004989027596574325	175.4811102621738	394	3.54359167045502e-05
-0.03344776746290434	0.6440935369510392	4.7931149017993215	1.2196051391339269	0.05528286565528662	0.4301138350415012	2.9055118525189183	-0.5757244793375932	0.0	0.0	0.1540375319783707	0.011046457183159497	0.10418967936313867	1.3487098345515367	3.164917597667389	0.018252345795105263	0.061695580701883496	2.3386569708117158	2.3697164730388813	nan	nan	0.004873075507565092	189.0983814465643	394	0.0001533146338499987
-0.04147361226404045	0.6278615784016169	3.5386056242499597	-0.5885383816377896	0.0532742118282965	0.34768701345713976	2.8383579931296374	-0.3323129102772011	0.0	0.0	0.1541983540559538	0.003473122504504489	0.05667947630307146	0.6433738134114564	0.5039702488105002	0.0016600153967916143	0.051802381837779216	0.3585720896931197	0.27291055401566633	nan	nan	0.004850345147825119	151.66475933924963	394	1.2807243758706936e-05
-0.04213889367678891	0.6238726704390426	3.2527584914413477	-0.5836701105941279	0.044155913988261686	0.31680568820441657	3.975665752384534	1.9296774876144702	0.0	0.0	0.1659235300325766	0.010354604756090624	0.06357851240365359	1.457543794897471	1.3808993590316192	0.008590472891184753	0.15452219710594245	0.7640098410802452	3.072024526390083	nan	nan	0.004970570001931199	156.0617308975444	394	2.4715252151637467e-05
-0.01718345712418301	0.37020099920427385	6.066386718229408	13.288921809180595	0.055171745898397795	0.365004611354338	2.5090793208746884	-0.5635295283566869	0.0	0.0	0.15886408406333868	0.007940211237550121	0.25794624594974225	0.4474430074140354	13.797797938413868	0.00773671756350458	0.0575580783641049	1.0771220218517354	1.0238380435730579	nan	nan	0.004922570206097307	174.3900236493104	394	1.677514701628617e-05
-0.041878240138480516	0.6156555866511877	3.2192192102213566	-0.5901697563528612	0.04394198261724447	0.29250980861850767	3.758281432897337	1.878004707025852	0.0	0.0	0.163920039340413	0.013313865017666626	0.06276244287416322	1.845369586183136	1.7902027088919474	0.007808952402899361	0.14353772206511964	0.7412923461418717	2.854477086030049	nan	nan	0.004983608438593884	148.23516280497932	394	1.391228066635855e-05
-0.04278183330043783	0.6923429535179245	3.7705726019207693	-0.6290203427963632	0.04097384159973316	0.35020024971842967	4.624539421968254	2.817944086482245	0.0	0.0	0.15614007469871785	0.014353000464581156	0.06808920113620903	2.043023843092701	1.9488590613309855	0.011275441419768772	0.22733071953573164	0.765947868630307	4.797296227229195	nan	nan	0.004945900457736088	136.81290959269992	394	0.00012965105560569203
-0.02989840570600777	0.5950774763009483	5.034584650554033	2.34779603338282	0.055184458133472614	0.38212021523911105	2.4717017379390596	-0.5264310186042206	0.0	0.0	0.16193725351785682	0.0023735749060428968	0.06282006998018863	0.4514586757115615	0.9154670638998658	0.0019115089959643727	0.05204401652651816	0.36306910530633907	0.2385993622842166	nan	nan	0.004845616125325247	145.11460455903887	394	5.9742073822406363e-05
-0.044812194586014376	0.6720171393982899	3.2676575986855876	-0.9251203206030698	0.04649665284643345	0.4125257898759302	4.058617264982448	1.0288517611880796	0.0	0.0	0.1641823424657727	0.0040381688492338585	0.05631867216944336	0.6581547231439879	0.4409305670157626	0.0013234655366719528	0.05238085643486487	0.29814340315465904	0.33435425665363383	nan	nan	0.004937563503108214	151.2558266146902	394	2.182329115174995e-05
-0.04297675364909903	0.6777948490420609	3.644749440751877	-0.6087211547761071	0.05507905003432123	0.38771399223174	2.6693995573947147	-0.5175566916951363	0.0	0.0	0.16249278482955362	0.013107848751558904	0.06243849072120511	1.8362660154036343	1.756473965361468	0.0219854483088745	0.058820240017493614	2.7031127359305698	2.9395105463485507	nan	nan	0.004945876183212586	173.6450049307555	394	1.9820297503970325e-05
-0.04240875283260037	0.6489417286508972	3.525626463671748	-0.572702953985444	0.05515528786834478	0.35117982282090476	2.4666964329055254	-0.5210724974171184	0.0	0.0	0.1645333343532302	0.01765584537555337	0.060772772144477794	2.41241203378471	2.4379940528510624	0.018660360718069313	0.057027784033385875	2.383682330204127	2.5376753467160635	nan	nan	0.004964473201702346	131.88390031070458	394	6.873287937385118e-05
-0.03447232992050231	0.6250063503348946	4.608163674563258	0.9768370094865104	0.046055868089537766	0.3058454902115466	3.5227119488851395	1.2649230874201514	0.0	0.0	0.16300792447473444	0.016050504799656307	0.14465723188384158	1.9077680044500056	4.336194113055995	0.01687590418179019	0.22365496238629548	1.6934141651981374	5.086252064206689	nan	nan	0.005026430766255224	145.97832476813028	394	5.352532881404428e-05
-0.043009882644285735	0.6486190146064779	3.315659477923645	-0.5898210311792943	0.055255119709764156	0.3953042904925362	2.6292233065126225	-0.5532262468755517	0.0	0.0	0.16493028393283954	0.017974118765114955	0.060700523511312166	2.3120393693407735	2.3055271213787387	0.028299702472468158	0.059112432420528216	3.269477525379163	3.6348156414458166	nan	nan	0.004988057167517712	173.210506186729	394	1.4466333552305234e-05
-0.042968958115215394	0.7161615422331777	4.0107537386866206	-0.5901825238362068	0.045883396211510385	0.3924601172376759	4.051034345949526	1.2335837685676003	0.0	0.0	0.15985931348227292	0.015264724748571712	0.06745483267831726	2.170099601969749	2.133196755822158	0.013541564545208606	0.17868166037031982	1.2541275736538608	3.7235554725262494	nan	nan	0.004943076639901761	127.74396186502548	394	0.00011883723334982801
-0.046143709418937195	0.6473205415139789	3.0691595017655136	-1.1542913402928732	0.04456584042984102	0.31587556014474677	3.852957422558834	1.7582336087899393	0.0	0.0	0.17009665530347423	0.026745225924433735	0.12373501068957249	3.541144823106492	2.6218705848869637	0.01878029181430596	0.28756861304296566	1.6374990531563955	6.379187375401877	nan	nan	0.005136641685169696	156.86794765047503	394	4.7930067874989256e-05
-0.04263687336140787	0.6372943394202625	3.2226168774253523	-0.6960895248512391	0.04829173596599179	0.3601694480476846	3.4340044131286662	0.6030340364863459	0.0	0.0	0.1617972036544918	0.0039008426085944126	0.056041889068099815	0.6416819818105277	0.4887134455939344	0.0013774231470030651	0.051036487398845365	0.3015550708291739	0.31475596651957044	nan	nan	0.0049167890616211435	172.01419533683108	394	4.5344671012031405e-05
-0.04144993656536955	0.6560015497986967	3.7264860099327866	-0.46021016123266967	0.05514529889710573	0.34306634914691764	2.3776248863674576	-0.5935978387880764	0.0	0.0	0.1618918463891016	0.004034486666390669	0.05790864857741829	0.689652424701162	0.6047209540145712	0.0019577290107044565	0.05320756125046572	0.3903219202277306	0.25845006349999583	nan	nan	0.004928405893307675	179.94846679264353	394	8.793485241837832e-05
-0.019889573222113932	0.41301978201117695	5.810933435831033	9.745870210537829	0.03811358490727712	0.22792768442560835	4.5471527798921905	4.78230887935325	0.0	0.0	0.16275608410546635	0.01642466325146985	0.4524857734170703	0.43175442727429525	19.98869985184841	0.00954804339038795	0.2712920170248273	0.5090191330645157	6.944043058509884	nan	nan	0.005024627718499347	145.74053197081818	394	4.3855123540434426e-05
-0.04347181560612823	0.6760499810536323	3.6196725386825577	-0.6504620703455085	0.04724962791454046	0.3368286008584213	3.577115717015756	0.9043364514983294	0.0	0.0	0.15124614734333564	0.024762926761314363	0.07203344010931628	3.218406262094122	3.2460524991164856	0.020730728544660848	0.2422824640965853	2.13144490729285	5.533085613476235	nan	nan	0.004849244107065498	167.27136717941656	394	0.00018017929461532986
-0.026995669220951424	0.5687035842988148	5.686377382064406	3.7848135640535077	0.05487950088951643	0.3458403291068474	2.4423034225808165	-0.5428116425261662	0.0	0.0	0.15812235760841598	0.0020143866173907843	0.06408236459586525	0.42854655543953335	1.0635322796436137	0.001724720629207921	0.05065549448006085	0.3553089326213774	0.23417640211142343	nan	nan	0.004856907355924797	169.88317826665372	394	1.2449104653206464e-05
-0.03526787981795043	0.6246889856281462	4.3369848629033365	0.8032145449659057	0.051936864721772835	0.34187907744414114	2.7926395609596666	-0.1005284184341961	0.0	0.0	0.1601600178596716	0.0027497056934585595	0.05811241063039674	0.49919431641658507	0.6765116821400363	0.0015521646779368403	0.0509099095116777	0.3295015733014628	0.26864969916419434	nan	nan	0.0048988450435467484	198.14880713693583	394	0.0001320689375996039
-0.03165602193378669	0.6179729172679331	4.941085243882069	1.7282121008320857	0.0372777770215631	0.32062862333536407	4.9397659420049775	4.448669645091307	0.0	0.0	0.162070198577292	0.008030007420836982	0.1156078559883097	0.9273987982656702	2.6129427151884466	0.007777175021667859	0.17292599061445263	0.4814504222775007	4.26116122108857	nan	nan	0.004757743425800862	150.19578851087257	394	0.0089490718372674
-0.042684695474391465	0.6796640822523567	3.6097745050711043	-0.6031780425848978	0.038800009823854564	0.3170840457154549	4.5260576973648385	3.621937926942769	0.0	0.0	0.16310867932988288	0.029597960254336197	0.0689208084676638	3.652938983286217	3.95592851546008	0.011999396802947815	0.2702032262154589	0.6513053344336872	6.030147039252218	nan	nan	0.004993000924861352	148.6695899962077	394	0.0001511898561766746
-0.024881260206823352	0.5701252585410774	6.174133163500869	5.151981275238075	0.043590373296933826	0.35212624674576964	4.2730258879632395	1.983926346739711	0.0	0.0	0.1573394817311619	0.0016903053733424156	0.061580420794671464	0.39535072436440943	1.107137624558969	0.0010498309398674355	0.04470861404867127	0.24546829067648712	0.3464446659704384	nan	nan	0.004817144576047372	168.56565249280018	394	7.118972725823958e-05
-0.041314215335805926	0.6818441552084549	3.941395706483367	-0.580474314614258	0.054997755820673344	0.44056106936273354	2.986561874776947	-0.5618798018676266	0.0	0.0	0.16202469599660613	0.01257053578058287	0.0630056914545763	1.9331942289258184	1.8840496564694944	0.015427511801643923	0.06119176624539066	2.015420613503773	2.024144967034829	nan	nan	0.0049927191572717855	155.60934014403676	394	0.00010508155871508267
-0.026109642726956372	0.5475711621519372	5.3963907301078615	3.9320621850736135	0.05488928429683759	0.3988355726426351	2.584836579067142	-0.5681357594556322	0.0	0.0	0.15498766393756866	0.01003587275792095	0.17403093227727623	0.8787631739857429	5.551209819876275	0.009840200873320715	0.06112719103040562	1.2961412534178094	1.2310571178148846	nan	nan	0.004885181542945663	134.98467397498945	394	1.101081584317631e-05
-0.02204587725329732	0.5230529723666273	6.2521357339511185	7.289584951829732	0.037528473087633296	0.3253832232907608	4.926136179631772	4.296503091934067	0.0	0.0	0.15906496441984055	0.0014740586575680559	0.060472161387488066	0.37008235525004274	1.2949829237656816	0.0009218673977666736	0.03940814099074044	0.21427833537124874	0.435161812905932	nan	nan	0.004800931597632424	193.91406945550042	394	7.205406541738875e-05
-0.033008598643568976	0.6552788767505832	5.0561373761190245	1.4304087344589576	0.05472701149822834	0.3939423921310376	2.7903623706209597	-0.484073983305151	0.0	0.0	0.15351255322585158	0.002584593804518809	0.06185319592673233	0.49252007125707387	0.7827931128346921	0.0017742378784080248	0.0526414866729453	0.3642622597933969	0.2442379067008141	nan	nan	0.004785205487013833	160.630421827488	394	7.629330364188427e-05
-0.04257112550255193	0.7138143296091024	4.072586479209721	-0.5639016285198051	0.05615838514425664	0.4308543128654919	2.617847369964728	-0.625615399766636	0.0	0.0	0.16949444352278203	0.010645424784778479	0.0631342301222994	1.5917148938326726	1.5333782826598465	0.015034304288976785	0.06067157013475041	1.8154960682483923	1.726758731047247	nan	nan	0.0050104792537749715	180.2599059056395	394	5.339019175084198e-05
-0.017386003144236994	0.380115587902579	5.895528000974457	12.605916868765856	0.03381571764809754	0.2608004847578856	5.138734106002669	6.633556209968526	0.0	0.0	0.16103868825370077	0.0011143768876089588	0.05652907329358428	0.332349182624208	1.7542806808903637	0.0008629870270653317	0.03295459571344425	0.185104341898767	0.522931311671058	nan	nan	0.004798917959220272	144.04636685122705	394	7.382721608915881e-05
-0.0326175625589753	0.5938183330203407	4.865417544022193	1.4796182648303686	0.055031712160254376	0.28035141172075556	2.0545984018611083	-0.5519933250608321	0.0	0.0	0.16539085861593722	0.011918021030124182	0.11982074601200657	1.4719220798368355	3.840978719898795	0.01085350471612656	0.0563072414682704	1.5377765597165745	1.532652220343	nan	nan	0.005004763797307854	150.83048261703433	394	0.00015778813883152948
-0.041526267784423254	0.6216463702436492	3.1157894227203786	-0.5182478745168022	0.049712264412454354	0.41264594643415736	3.3516601026706305	0.2593879003440714	0.0	0.0	0.16306520798717605	0.02145766072130989	0.07007160606002616	2.6509323268019935	2.8394694971265144	0.037424246538316996	0.2492180035260757	3.581881304018946	7.048021255388928	nan	nan	0.004988360287538532	145.38380467777205	394	7.137925945987456e-05
-0.0367498464610132	0.6408643554899518	4.204122084585442	0.23586620918438816	0.054915610705358775	0.4014874105575584	2.814661673162078	-0.5721783931830777	0.0	0.0	0.15747574007609055	0.0182187043299743	0.09058073132210126	2.4637347216737586	3.867007318527131	0.022976362095985636	0.06143585188441947	2.9416443066133167	3.111789276112768	nan	nan	0.00494867804765714	165.44771241580133	394	6.473967601557584e-05
-0.05004570030956157	0.6733044147139131	2.7692125479104748	-1.3439368809890957	0.04446614412071059	0.3609644835639031	3.9384780844115563	1.660260152062071	0.0	0.0	0.1676385378623216	0.02345739491931592	0.1273854997820803	2.869340006162395	1.7236821102814028	0.02185489905400506	0.30351925848408784	1.7831868646969877	6.697448151435539	nan	nan	0.0050591924377809405	160.5190459335858	394	1.4144840642873258e-06
-0.041900712909711646	0.6291061908303646	3.4064044935400926	-0.5902806416081176	0.05486047572517072	0.3191845286626854	2.213456802989438	-0.5725853793302714	0.0	0.0	0.15512815368462868	0.01748782783413877	0.060507143619951964	2.4206593428247825	2.4294705426716265	0.00898438059447626	0.056353663561713535	1.2526843191990058	1.204527860202004	nan	nan	0.004862524416571937	158.03432948379233	394	6.601067284014086e-05
-0.0427305685910786	0.6384231027981079	3.2780264795223517	-0.5894027300810962	0.05119953161076407	0.3480959171280093	2.7212080208847484	-0.05225778445961698	0.0	0.0	0.15974850850417932	0.003854976146508149	0.05624495167981913	0.625715679058948	0.4989625177185612	0.001686913310837479	0.05219009871840247	0.33944179129142693	0.2864023325511566	nan	nan	0.00490628266970887	150.3352909305901	394	1.8977969087527054e-05
-0.02184968592011083	0.4553368850644957	5.452793724216869	7.0117316702496835	0.057351060286178424	0.3798357077337243	2.1774307442781455	-0.8031264572780211	0.0	0.0	0.16802722743168075	0.0016842447386740678	0.0660700826065368	0.3852742210160973	1.4714932166495593	0.0020691225164337634	0.05172154458618389	0.37571457603793623	0.21227076431184455	nan	nan	0.004971649704592768	160.7184964367029	394	0.00012195863976811414
-0.04227742348268759	0.6406422014190865	3.3776798313763248	-0.5670573719295507	0.05500013584821195	0.42479429019917486	2.8875270835035076	-0.5086207230501187	0.0	0.0	0.16269518523590154	0.0039449188296459825	0.05693393929565005	0.65399756061743	0.5307400283516349	0.0020719599584314574	0.05523223485897008	0.3982500493373906	0.27261927577996714	nan	nan	0.004919303050143306	213.53891663262897	394	2.6882702522453833e-05
-0.042667797636601	0.701017559810331	3.937015702726029	-0.6307738888157087	0.043852048921168896	0.35959015134650146	4.153572084980991	1.837679392317624	0.0	0.0	0.16144850352982537	0.014251322601727179	0.06610256974323941	2.0904142287842284	1.9957868190579469	0.008419816600374164	0.14443827606952622	0.7306639017190157	2.795117062766936	nan	nan	0.004941119594580448	161.4074132024297	394	9.121107185506868e-05
-0.04037555154254013	0.6239804097741799	3.5063971535379546	-0.4331868931830101	0.05453871804559163	0.3334070465047501	2.2804254438128786	-0.5607959843618446	0.0	0.0	0.16403407054124552	0.004062674659774612	0.05787472230924928	0.6957005716650855	0.622073819381292	0.001987467342100202	0.05298777649270048	0.38844240719119383	0.26325910954173504	nan	nan	0.004985001005226364	168.90703122994137	394	3.855623521651728e-05
-0.027742653690773555	0.5834788586962318	5.437091418349943	3.2122147158524648	0.055268140388158304	0.41802208743299885	2.8622714917057115	-0.5929355939241892	0.0	0.0	0.15302069568936888	0.012707265813255042	0.1894477222426224	1.1957311750817872	6.042720093826908	0.013142486277517795	0.06337904888155521	1.780009862528634	1.7248768769976028	nan	nan	0.004880335578428707	165.28062107049908	394	0.00017245237102815129
-0.02982914360574196	0.6157607439544	5.365547596939967	2.5704732387902243	0.04144974129793533	0.35009002317073284	4.563676537382168	2.724488908945701	0.0	0.0	0.16119401431637856	0.002089125518212831	0.05842152841287129	0.4108803392378868	0.8368313195353508	0.0010238266535629315	0.04405802704855416	0.23909531994193367	0.3853044558361066	nan	nan	0.004839969922844939	139.1786858292177	394	6.908391981468658e-05
-0.0385271955825508	0.6370362896380134	3.70612476409785	0.006515812793669862	0.05535389349865816	0.4291850395642493	2.6983443215385936	-0.6170812007562146	0.0	0.0	0.16118317768117807	0.018882708918850577	0.07738148934534916	2.3820707810599666	3.3576573158098335	0.021984946649362236	0.06267869245752375	2.637012810606387	2.648767999316802	nan	nan	0.004985393176519928	152.16277283096068	394	5.45928568429392e-05
-0.026297150631835353	0.5480906515368893	5.486815192000762	4.156047772732835	0.04681463857303392	0.3382127479414883	3.5837188977060928	1.0422490475267696	0.0	0.0	0.15927120053662971	0.025136805818971708	0.4240379979707135	1.8201478860295568	14.14277264495154	0.014220713348281566	0.15367296020769936	1.5376989305718627	3.8166452010803074	nan	nan	0.004975678244751577	165.90579638673563	394	2.4378729711898365e-05
-0.029698520093576652	0.5574889123322426	4.577530494196235	2.301805047950495	0.05533787908767174	0.3763860654008666	2.4236507629128172	-0.6029318421754398	0.0	0.0	0.1622128652591625	0.010556670918935307	0.13464741207375436	1.104637431287842	4.022990755721548	0.010941354405016313	0.061373081454612344	1.4263976468463622	1.3508238039215505	nan	nan	0.004985411246173049	177.90586495724125	394	0.00015415263337463812
-0.029297166584855483	0.5490840964166336	4.421355170519253	2.324703482963623	0.04479042416675383	0.3602042706256594	3.6984873404778664	1.3392911988249832	0.0	0.0	0.160172187435018	0.015551319045963574	0.21026257473794843	1.4693132074182955	5.969643125541226	0.015978048019093083	0.2079830961934137	1.4291608789867567	4.49972436970159	nan	nan	0.004981175650989156	171.70719320709574	394	1.1051711657802542e-05
-0.04265804500095105	0.675241291535146	3.6360943940580412	-0.629514225371943	0.05203440214001409	0.4010922867031404	3.217307124055605	-0.06053119342906978	0.0	0.0	0.16577635132813529	0.003886294141951685	0.058122663513597295	0.6657057426593702	0.5226356677827693	0.001675452988601056	0.05341297733781139	0.34762772102282113	0.28620166377000905	nan	nan	0.004944650531870501	185.26863799060735	394	3.620368031098336e-05
-0.04222598571103631	0.7207053675885744	4.212520273103375	-0.5102081172796968	0.039637102735391894	0.34806546520164894	4.667426861592658	3.332156156895014	0.0	0.0	0.1610540322670087	0.003472136912592849	0.055047036525025794	0.6303742068197431	0.5193234705435603	0.00104907741027227	0.04519470144106516	0.24146773718399794	0.4349265191493911	nan	nan	0.004817224476895948	158.54423949635037	394	3.429943804058037e-05
-0.04216535552034306	0.6525296179445427	3.508139513992278	-0.563841598584251	0.03995943054492468	0.2906828388224411	4.3253795366572545	3.295445326378318	0.0	0.0	0.15879905666637406	0.014020681230826004	0.0638308812764195	1.950168559461747	1.930849834548932	0.007951374481773743	0.18372630757091574	0.5599474630744536	3.9496800229577644	nan	nan	0.004943517603445968	184.3979084614269	394	5.8665786437084435e-05
-0.04154433350468101	0.6482770846031871	3.595587681131205	-0.5561782343292377	0.042491450305011336	0.3139939843849556	4.132862570312087	2.323682092002886	0.0	0.0	0.15953361547688044	0.017531064058278978	0.06415093521395376	2.4688783015051516	2.526462910836923	0.008822567724014019	0.17153717662537218	0.7323052872580447	3.503219980544595	nan	nan	0.004958571007174659	133.79369345347808	394	0.00010672044324149328
-0.04225066372483388	0.6161315049659739	3.266934845225485	-0.5792111975033069	0.05431293636467682	0.3078045950271017	2.2373059589678785	-0.4907580705645378	0.0	0.0	0.1629596875111372	0.00387512650252253	0.056403282879250505	0.6491670555331046	0.5232669663598398	0.0018936237423776703	0.051398859372197875	0.37486521902890924	0.26907648400397044	nan	nan	0.004941108305291528	146.59302570625331	394	7.234114424115729e-06
-0.02028850726517728	0.4964596960872377	6.139908853166825	8.379673531420234	0.05643341198861496	0.5113640460437772	3.151033788210505	-0.7300909316527119	0.0	0.0	0.15536132322515683	0.0015559380545336898	0.06744814401701976	0.3895544220341618	1.5960203361985204	0.00196884170714684	0.055384701692717336	0.39101865665526137	0.22260218356123412	nan	nan	0.004844617418886907	163.3075187908036	394	3.883314604598239e-05
-0.030374515505031674	0.5767975843910179	4.815972010057986	2.1561303815748176	0.054796502119575985	0.3571626594407853	2.5411634707935105	-0.5091095820258583	0.0	0.0	0.1586032932034116	0.018339573798072772	0.20459248409078612	1.9323671694720745	6.835323811692418	0.01570697390952991	0.06386737810629595	2.0828600361428564	2.179446623428021	nan	nan	0.004919341678107231	141.13830794472594	394	8.259261995880405e-05
-0.040173350918480843	0.5865199001876658	3.1839694488140955	-0.3165916831866342	0.039737100108087064	0.2487940102022821	4.232619255665915	3.715331545704621	0.0	0.0	0.17289692270083834	0.005497229699507944	0.05936367365026468	0.8192483069900907	0.90629644271796	0.0022120135458376655	0.06955050217473555	0.37293045243678113	1.0613066271932823	nan	nan	0.005139164075177574	174.35323747834673	394	0.0283731735708677
-0.056355363306023754	0.6364801949264101	1.9233182399607318	-1.6028816018769882	0.03880254611563072	0.31603585069166484	4.630091135700754	3.7232331900993594	0.0	0.0	0.1605295016359582	0.004473901876364428	0.04768189078518159	0.44610227043515815	0.19313941203855997	0.0009650295030332323	0.04083651281615466	0.2204880833724996	0.4266057742887127	nan	nan	0.00482113077017414	181.11165598740882	394	2.1126299236200476e-05
-0.05689965902632621	0.5933429935563885	1.601699046680583	-1.7868630471011606	0.036389205217427056	0.27597497217781586	4.679604505803717	4.738951956389664	0.0	0.0	0.1593665772280574	0.009775360345834427	0.06677585862526947	0.8757714415126355	0.3266521596554144	0.0038433530779516945	0.0984101985711017	0.37238939413280603	2.334586892514853	nan	nan	0.005041565172659135	150.33260523900012	394	0.0030171234816006023
-0.02154360788299059	0.49404047824660446	5.961721734121288	7.808903590826229	0.0410884498729569	0.3444846908451269	4.294695724641468	2.6273545029634358	0.0	0.0	0.159409778808951	0.01591123379128706	0.3904467350420666	0.5461847052639013	15.038676380324423	0.012048149155175714	0.22301050032287012	0.8410435083860417	4.77488853148186	nan	nan	0.004963016932541586	153.7141694918244	394	0.00011891005177223067
-0.040728240932200954	0.6820882296214845	4.081963925610185	-0.3309725571242035	0.055351240714334615	0.3807648014565498	2.551899671823712	-0.6074068858078907	0.0	0.0	0.15656438610402287	0.02173125582827906	0.06543047832313298	2.9702095437625884	3.555454021864805	0.01458453697613693	0.059460767168829476	1.9246333390971815	1.8690705408853054	nan	nan	0.004898699142011645	150.10353163862783	394	0.00013474140184234758
-0.030829766812008774	0.5790488836314392	4.720233942616876	2.258895084097746	0.04307223740890587	0.2907131529155425	3.9676093695040398	2.380458052259933	0.0	0.0	0.17253905941119668	0.015142294206010876	0.19190141001825592	1.4330232897920439	5.538821490482934	0.010989824185079322	0.1993374424276887	0.9113213537032934	4.410316140671604	nan	nan	0.005115209153783717	157.33576936927977	394	7.295152780603862e-05
-0.03999621655241126	0.6547067752260827	3.949329495821896	-0.3123167301627414	0.05116725932317778	0.3466971374536793	2.986958094054155	0.07953565991247637	0.0	0.0	0.16253491434894418	0.0034609936144790465	0.05710026344382313	0.6364372620986365	0.5804002140696669	0.0015258557861366207	0.0507836420601768	0.32165738022516277	0.28674408979521626	nan	nan	0.004899022059962371	166.61376926406325	394	2.1828686738648548e-05
-0.030586932166335234	0.6116027449459605	5.096652930171091	2.0981812897423624	0.05640699684040751	0.38530648560354924	2.4104387317750104	-0.7479702153309591	0.0	0.0	0.1617858359237071	0.0025064407136607403	0.06362335655176338	0.4779129362248975	0.9173594503617998	0.0020347360349498578	0.05338059277018126	0.39258735584768	0.232958358252041	nan	nan	0.0049454611602008924	179.79754714149684	394	3.3050529700012894e-05
-0.042272636042511746	0.6638299803699796	3.519449030048521	-0.666749544518012	0.04694590943508703	0.41910036467740924	4.03205025654077	0.9032955199960943	0.0	0.0	0.16000865643733328	0.0037488167822012364	0.05647779939196185	0.647436287804767	0.49791995591266563	0.0013588246924824965	0.05292746307560764	0.30397628256691434	0.33061927459836327	nan	nan	0.004878693041737006	153.47341384547	394	5.895419217270785e-05
-0.02782802017860686	0.5551853656628511	5.229489513251986	3.2795500486080256	0.055084585855444956	0.35482724174511243	2.4727717686720156	-0.5798584828569237	0.0	0.0	0.1635335113043533	0.011372985473254604	0.1724689788117232	1.0694540061762887	5.451157881734501	0.006569206133835381	0.06148228703889844	0.9602382472295556	0.8799495644211951	nan	nan	0.004993897458544075	160.72624958027748	394	5.0044533118706127e-05
-0.03252998149123698	0.5724198335964724	4.121660289336669	1.4169870714976731	0.05489022456291037	0.38041843196471375	2.6347273098879755	-0.5082822359495226	0.0	0.0	0.16198328089519526	0.0026665811685391283	0.059910368640915646	0.4680392554552657	0.7802761150304316	0.0018567814521415205	0.053267550946979464	0.3728372472995287	0.24879954138184573	nan	nan	0.004891452879840039	171.96472353087103	394	4.753911698209864e-05
-0.02493877580041648	0.5401908080840296	5.6877259438624606	4.8860536925709095	0.05531554635280367	0.38002597622922774	2.568274707590538	-0.6003736106815392	0.0	0.0	0.15997136194077585	0.0018833191888087963	0.06571979468327901	0.41306321368847554	1.1925828049031293	0.0018078899920837	0.0526025448917562	0.3697062351281726	0.23182176391715162	nan	nan	0.0048951717239579945	184.76973765875965	394	1.6957403476519312e-05
-0.042275480946871835	0.6330456278721495	3.2445807725029185	-0.6514799664577356	0.04756516522060328	0.37320273243199586	3.6683749625832354	0.8467500244973307	0.0	0.0	0.16147064827247773	0.02462380022755345	0.06468300219964684	3.1418702211299587	3.1831603318193586	0.011685386489910687	0.13563656323173842	1.2025118216162713	2.8750726556221915	nan	nan	0.004912630077153743	168.11349333511245	394	0.00011609298281358128
-0.03191013904167461	0.6359036413741228	5.184029245995998	1.6052001662484514	0.0539858829110067	0.4029234374981605	3.022915770786031	-0.4191841863314881	0.0	0.0	0.15924847296410644	0.002462764912706028	0.061869322251412395	0.49126448288049795	0.8137455900274452	0.001673832844987011	0.053193776798094505	0.36194161017942084	0.24837405946699967	nan	nan	0.004894836383627796	147.01105346774943	394	3.425903616235906e-05
-0.0416720310147618	0.6285911235964186	3.2679174696314655	-0.5721624843298259	0.04381916454143653	0.35721361040468774	3.981359489427562	1.7441773110389787	0.0	0.0	0.16216379992301885	0.016000789948930783	0.06473017376071166	2.1614715352854845	2.158601010912419	0.01141536295553569	0.18423835387051957	0.9428811572630571	3.658454715182607	nan	nan	0.0049529072070202546	169.74780779568655	394	9.360696745771383e-05
-0.035728690330702584	0.6482454978363721	4.626972318058958	0.7534277815249283	0.05525209691230404	0.3671493708019352	2.6649187522079387	-0.5423249160773677	0.0	0.0	0.1642273543050054	0.017496254331879735	0.11652947025891358	2.18762284054205	4.336702087601109	0.017199303417791523	0.06046858186832613	2.3095057621189943	2.400871786589158	nan	nan	0.004978543245008196	160.27871985454502	394	5.741668302741704e-05
-0.019541061466228027	0.4188237348832145	5.9049279460714486	9.842873295620018	0.05522635401107645	0.35469279397683406	2.37006433373758	-0.580607989565057	0.0	0.0	0.15914680390397554	0.010724500917047297	0.29559431503134764	0.42436018256031094	13.237954849362856	0.009049795171711117	0.05791462040113954	1.2230560543138445	1.1628565007730691	nan	nan	0.004920527259757515	147.99358882839584	394	0.00013411402074277762
-0.0346271236754736	0.6892211355469351	5.155880253795568	1.0384119542058998	0.05444720752080534	0.4477255805707716	3.249647862001236	-0.3956727927582529	0.0	0.0	0.16230307277257072	0.002778118935927665	0.061347661880652604	0.5239618090622118	0.7546906263406492	0.0017616210368438523	0.05470223232949925	0.3705209600404962	0.2522005427258362	nan	nan	0.004886415858541007	177.9538034984949	394	0.00010354018448164941
-0.029630925771856664	0.5479068699629561	4.5836290979496805	2.3054161157461985	0.05490706192072037	0.3403067486644734	2.325953473281082	-0.5790065289122562	0.0	0.0	0.16202758660604172	0.011086393618992718	0.1400746202589909	1.1827590481606807	4.2891453830109425	0.015682554609263155	0.06005053504576474	2.067073501119245	2.072008910037337	nan	nan	0.004993828013325902	130.35592355661578	394	8.490650730563419e-05
-0.0369034604439763	0.6363573279518173	4.183450427724739	0.397843500227746	0.055481268559410823	0.35796462985162386	2.3591981593548192	-0.5967783844163173	0.0	0.0	0.16158466464791382	0.01701635096746379	0.09498967959970728	2.173430882456043	3.675722949646508	0.011250564014408382	0.0596049943936266	1.4804547189452308	1.4171441863602388	nan	nan	0.004933479648800171	149.53432813815286	394	8.46301806173354e-05
-0.043962533817641924	0.6292308509795694	2.940925786710818	-0.8988715454105245	0.045772482966643935	0.37219744930367615	3.885184032099538	1.1986198973712974	0.0	0.0	0.15733215349410998	0.003966602321422763	0.05500236070355691	0.6294540057305766	0.42740281591827867	0.0012493541930302943	0.05006807450519177	0.28151976267454404	0.33978969688870414	nan	nan	0.004831472550320293	152.48183473466267	394	4.5737245827738936e-05
-0.041992505757554976	0.641788422625093	3.4531591693298394	-0.5404848086924103	0.049255889290269916	0.34696810960915936	3.1793364821863985	0.4063465685093377	0.0	0.0	0.15963528811573177	0.0199112697352829	0.06236344782067743	2.645696443380327	2.7688465199506074	0.014092144900887171	0.12376040483464465	1.599073437501462	3.022571146016301	nan	nan	0.004941248899023115	133.8378870582	394	3.6277264351331574e-05
-0.03089833157074695	0.6197792683405181	4.906030992393878	1.9702789046576865	0.05486908152628667	0.4336877640644734	2.8098884099405472	-0.5545972731151463	0.0	0.0	0.15721283130530075	0.002514279763604188	0.06300502400905977	0.4644955538546256	0.8704276916134497	0.001943716604854262	0.05473174248686147	0.3813947246616458	0.24336926716107676	nan	nan	0.0048758727465940815	171.1673856072608	394	7.340428930233768e-05
-0.04266996590572625	0.6701903860764977	3.5189900009596107	-0.6244641815389613	0.04735299660748926	0.387256071846412	3.637881514892709	0.8186563385773704	0.0	0.0	0.1566077704702567	0.031065103979177	0.06561446987141523	3.768733651755668	4.092081818483498	0.012763479205160522	0.14234706349122161	1.2682174151318342	3.024030141700403	nan	nan	0.004878661280270799	153.07803241559802	394	0.0001926694529030331
-0.027747315324093802	0.6334538214026524	6.304528264847846	3.7493880759258986	0.05520071442794117	0.38190918181631617	2.6250606158079712	-0.5873239467432572	0.0	0.0	0.1603867996744887	0.01145132835059054	0.1822929262837193	1.0252960097488657	5.898418165048845	0.011896528017190988	0.06131100352581051	1.619753273826958	1.569387987751183	nan	nan	0.004960543387084723	167.16720805858282	394	1.1884053376440713e-05
-0.042070316206307634	0.7016273672947073	3.8753234485560846	-0.5993760773485994	0.05110072556190115	0.47075407189149326	3.608646976288419	0.045247484667038096	0.0	0.0	0.1636146343970803	0.0036921317506427576	0.05979947419386844	0.6643717538957092	0.5177478605104139	0.0017268493146297414	0.05618356485433465	0.35598290157606693	0.29202017318988754	nan	nan	0.0049464355781179276	152.29668339772064	394	6.568481678520406e-05
-0.041028144055341276	0.624090622730286	3.4763647891830765	-0.535193945715799	0.054805688768961414	0.34942223155733904	2.430036131538155	-0.5688750807473436	0.0	0.0	0.16055692490971485	0.022665896471680436	0.06030141112604337	3.090908797601465	3.3339679133633737	0.014519080384320149	0.05782712003901622	1.9536285697651332	1.9564263459333244	nan	nan	0.00496702011562114	147.22589465943724	394	0.00011631674474081592
-0.02844335495324779	0.5799425793086034	5.377680649578043	3.1119015983382265	0.04665046791685201	0.340938532019527	3.7381066333516744	1.1892565214770896	0.0	0.0	0.1589069052912751	0.01344925896665411	0.2126219423433074	1.187792969135069	6.205151173046586	0.014571914472492953	0.18489442538263812	1.4423091386947684	4.123305608024809	nan	nan	0.004918714208929351	150.82756859968032	394	1.3317245763085767e-05
-0.04205841041328895	0.632361410148868	3.373217666425099	-0.5779256175032715	0.044477656254514386	0.3435210695241775	3.8511266116929144	1.5147737706485782	0.0	0.0	0.16040005951588635	0.008553158376633174	0.06587280195642797	1.2572324429641801	1.1676930407903996	0.013995722124144017	0.2108149849149298	1.2559112209268815	4.367324642267023	nan	nan	0.004986017992231806	169.2312929946614	394	8.011614594649374e-05
-0.03325994251790365	0.6536576822907163	4.964665434248375	1.268813552381163	0.05552289840314972	0.42962730923421366	2.8820798402458703	-0.6006069947447698	0.0	0.0	0.1702635832612219	0.012870015505071164	0.11753834831308241	1.5766020861784598	3.784432715841797	0.012321180514006547	0.06415463134564542	1.6444808488945122	1.5760743472526437	nan	nan	0.005105278379223713	165.21463668965043	394	0.00017417779041747835
-0.029049641315381458	0.5865923851473884	5.219511549457202	2.679236926851874	0.055096057347581606	0.370514723508968	2.5212346927682083	-0.5972727895992402	0.0	0.0	0.15358603234473484	0.012838586635889826	0.17244007208578346	1.2978557228789067	5.437501509930701	0.011448686499793803	0.06137906427193199	1.5637624230027858	1.4973856326366033	nan	nan	0.004883754034374799	105.6417555008832	394	0.00016075395790193618
-0.033796657851484446	0.6495721932638754	4.717779452750747	1.2231153303308238	0.05568048342080956	0.43674514291097205	2.8259310002289157	-0.5527820614563643	0.0	0.0	0.16973326638753738	0.014826836534965915	0.12470230325267595	1.7281691058346311	4.139294679375216	0.018727584511680773	0.06325477838547633	2.2650259745460146	2.3259146115508926	nan	nan	0.005039502795189138	177.13313199182772	394	0.0001391752084893943
-0.0439538578598726	0.6855312324158571	3.5241678009656985	-0.7136111440556543	0.04541636500597157	0.39242650809595236	4.109465831456007	1.3981452600283322	0.0	0.0	0.17007877561729481	0.023770743166562802	0.0740919999941071	3.0552798318871774	2.929102351776571	0.017672397032565512	0.2414455251149727	1.5087368502066665	5.040810707726591	nan	nan	0.005065612569197131	168.38837239204926	394	0.00012205356105296076
-0.02774179789871234	0.5743174777500164	5.153392191769378	3.2680201201715517	0.05794231921201254	0.4217478258923163	2.3619784979930265	-0.8351205084282441	0.0	0.0	0.17428860343360286	0.011148814634725557	0.169357582506206	1.0126153680926708	5.206411984928271	0.021460970794567658	0.07777549945860548	2.503802705772996	2.133846084116658	nan	nan	0.005134746107734456	151.72541022034963	394	8.996050916897583e-05
-0.04293364828495383	0.7128409893123651	3.8316824768452222	-0.5704523618470377	0.05613264080274005	0.5031980855646536	3.173465510238188	-0.6021567712385192	0.0	0.0	0.1704164741882991	0.00452645665952095	0.05936274807770103	0.7275977292288469	0.6109961609202179	0.0022509780236776855	0.05824694447243453	0.4203857676352043	0.2670528936455123	nan	nan	0.005024305498030665	177.7229603259466	394	0.00011611823068286237
-0.042676309411514346	0.6025487204813276	2.7929724430257963	-0.5922660903356808	0.05501469240154244	0.37942221605627413	2.3141366380164863	-0.5869380653938702	0.0	0.0	0.1497362923088741	0.015979715272382622	0.05930467656996313	1.9226878776088696	1.8863713368463655	0.01277285083895574	0.05840974808357757	1.5574800825723791	1.5107134288447945	nan	nan	0.004797422831700121	175.54022415266726	394	5.981995023821043e-05
-0.042644700044407347	0.6572430277619572	3.4646172477434787	-0.6284006005709073	0.054470168687355436	0.3989992347676444	2.8936488109425875	-0.47519659466761544	0.0	0.0	0.15649309293473646	0.004161187751402673	0.05725662422851502	0.6837229175266959	0.5492056229030513	0.001889239903141382	0.05414278442148118	0.3849794548802248	0.2676546205428616	nan	nan	0.0048432113897097645	161.83064501291076	394	0.00010167688313224884
-0.0418971103083563	0.6064820563296305	2.9931958999731556	-0.5487852781334656	0.048453988081156085	0.40337041052041417	3.5684068984082007	0.5239215597659436	0.0	0.0	0.15700730309292923	0.003762325046968551	0.054223509829981587	0.5924407716400069	0.48313373561106643	0.0014575862774089954	0.0532534391929648	0.31586991760656513	0.3096366536617341	nan	nan	0.004834916799983699	144.76122704722334	394	3.279822338746818e-05
-0.019531840871174655	0.4738175089252063	6.473203157864758	10.165641848784809	0.058031283611709394	0.42501301131101626	2.575447069079486	-0.867331717270307	0.0	0.0	0.15912463745033567	0.001448944027356791	0.0659571610107964	0.39006347382258166	1.7561150942538766	0.0020056983963847586	0.052555435930769306	0.3883963065528304	0.21228415009362714	nan	nan	0.004851067970416331	171.5430302501573	394	2.1588060960095283e-05
-0.03574160921883118	0.5995666457010288	3.9563815052240296	0.5055666648553984	0.05522960859917103	0.35509675382424516	2.4633743491611995	-0.5824466695509652	0.0	0.0	0.15529498687742063	0.015296948836430624	0.09454314976080563	1.9629145308992864	3.4680707181372874	0.017702461026873118	0.059348190912111964	2.321190495093601	2.356507006821114	nan	nan	0.004881663772500197	142.93052954507988	394	8.636456237563962e-05
-0.026214630814698325	0.5851267526568924	5.81770826235484	4.166796182014712	0.055767752479664034	0.4310782335263615	2.801742047088748	-0.622172177563058	0.0	0.0	0.16161839797555147	0.01063382328638951	0.18536363269052483	0.8786827179662509	5.971190905402167	0.011250671943556778	0.06368820718370466	1.4878919686079664	1.3797251561025174	nan	nan	0.0049802898165582365	141.9900271254926	394	1.2004200991666236e-05
-0.04212285284782413	0.712726477638612	4.115829837398831	-0.5658078466658691	0.051744066080675166	0.4754413032687774	3.6588167758702514	-0.04682105965679165	0.0	0.0	0.15835122034213883	0.0036114280562110634	0.05879344422328342	0.6665782450801467	0.5300831627624857	0.0017225000392894207	0.056221244962257194	0.3613963398894122	0.2856098528001882	nan	nan	0.004873543448089004	145.36335469185244	394	7.220046706194548e-05
-0.02979496794263292	0.6002365959945549	5.063067976989711	2.219265836333386	0.04168774968472588	0.3477031620923868	4.275175419922918	2.377614648469731	0.0	0.0	0.15910893792866812	0.0021822359934251523	0.05972901610750431	0.43774691586905856	0.8334766268853258	0.0010449679422697145	0.04563541371162683	0.24634796074611476	0.3727466444115907	nan	nan	0.004844122525616085	172.7146347980209	394	2.120519716831537e-06
-0.027291362269721953	0.4954144226554538	4.733925464286926	3.2681389314557396	0.055226707295651156	0.328353795395919	2.3615964374443603	-0.5906474810350644	0.0	0.0	0.15968531493187235	0.007987473343032847	0.13254742974139647	0.7905755831526147	3.920830806798949	0.007145333522269426	0.058906567247244274	1.0586056180586398	0.9822815318877643	nan	nan	0.004948902298441374	155.9441528774853	394	7.391804418112992e-05
-0.0198155508942246	0.4311484225896425	5.783056765426631	9.125355016435535	0.03910656385435751	0.32992493093113784	4.619044663692523	3.516868512646719	0.0	0.0	0.16352308586060438	0.013990929091097615	0.387767032503934	0.4700209544925702	16.218343200915502	0.012689277615257288	0.2754583666772973	0.7000607497120543	6.163564224534979	nan	nan	0.005011546344840176	152.22642280808697	394	6.968489608636037e-05
-0.04352600948227059	0.6910563172720556	3.53225840764418	-0.7602199587106511	0.048206084443420005	0.4452020903641354	3.9826609440092975	0.6175888710355666	0.0	0.0	0.15134986139148388	0.0038634012890017555	0.05782232893635392	0.6483853278106126	0.47238551914574517	0.0014405609685956833	0.05372676621655251	0.3158170017404771	0.31330389495391897	nan	nan	0.004775066124679678	158.74060313199257	394	4.8860068794104666e-05
-0.04213258895971783	0.6602446895727532	3.5605218797527267	-0.5803758620675376	0.04911173200223695	0.3834555183655536	3.4848569001817364	0.4751595534088392	0.0	0.0	0.16166439266762528	0.025342123408064965	0.0636487428394853	3.282319693381508	3.494462339116069	0.01339257615721745	0.12280755015278652	1.4757108949078168	2.878666595179104	nan	nan	0.004946912702995937	159.40063313990973	394	7.41969555534299e-05
-0.041954935841341134	0.6355720430923952	3.313950459718166	-0.5125541970251147	0.054488965545431256	0.35809574775274106	2.532303733380786	-0.49618802910460275	0.0	0.0	0.15844612259961188	0.004103341101019953	0.05724807241636681	0.6555041011892944	0.5573092290115055	0.001958106659478931	0.05287385731996108	0.3833079325934765	0.27019915156319174	nan	nan	0.0048649660105988535	172.02849012932634	394	4.2252004817390235e-05
-0.01931893760403869	0.42503631682865	6.15293202385705	10.333474575087108	0.05536544434076651	0.3707240693065415	2.62276041360771	-0.5468221387685521	0.0	0.0	0.15796825573766193	0.012957476129154322	0.35768179411794765	0.4370560447234677	16.76464905868521	0.01624292763564661	0.058440791580560675	2.147826090253239	2.207739729457338	nan	nan	0.00487836613281073	155.52621105928426	394	0.00017426889843485843
-0.029424578241238564	0.5743154531780276	5.128482389062807	2.8005248283166595	0.05557420050611572	0.3386234691146627	2.3546954559803677	-0.5573781460649295	0.0	0.0	0.17308067550572886	0.011226873426032291	0.15410718271215065	1.0943167290677787	4.7469530536672275	0.014755245774316306	0.05876229312208106	1.9431456322360559	1.963309903151294	nan	nan	0.0050712758126037205	150.21654016816225	394	2.636448679077876e-05
-0.030146902953003818	0.6367618815927425	5.467203362872246	2.280464205824255	0.05617672134073004	0.40812230379297254	2.527265622232988	-0.7756933766342478	0.0	0.0	0.1527165254344222	0.002450589169387063	0.06459980960845602	0.47613824761037726	0.9421649221486963	0.0020326609837444387	0.05428977475986457	0.39765410586621686	0.23033894209785377	nan	nan	0.004868217610563663	169.3629245594308	394	0.00010791365683845566
-0.040988748200872616	0.649391436894215	3.6245759093313823	-0.5284434735159984	0.04593392755352066	0.401701284885572	4.053798579822466	1.209189660690512	0.0	0.0	0.16743474882993215	0.019416266045326813	0.06509378774732205	2.715619653870694	2.867129781566244	0.01322873084611087	0.17243109747687074	1.214241716655497	3.556747278864607	nan	nan	0.0050439445479400075	162.7487555761955	394	8.07318945548493e-05
-0.041717291881425256	0.6916013493677973	3.9393287494647113	-0.5486560902880478	0.046461633258188195	0.39173105468406444	3.8980231915417174	0.9744607949906245	0.0	0.0	0.1565900772039364	0.003552894563712272	0.05707301302339157	0.6454793514587869	0.5219399635862668	0.0013174485194650254	0.05175712915605371	0.29626090845304853	0.3343607598942508	nan	nan	0.004871472594767334	195.3532869888853	394	3.946969501324535e-05
-0.03922618732237726	0.6851414064042628	4.074257870107274	-0.046500226577789475	0.05582917052184233	0.44900939940627865	2.8097242482892715	-0.6098412397969244	0.0	0.0	0.16344565398087552	0.003931316624231795	0.060141794486076816	0.6523798962599177	0.6921889261379105	0.0022418234116261537	0.0558734806193025	0.4089835244007245	0.26521450778183703	nan	nan	0.0049179223593445315	142.39920820408548	394	1.5785708804556585e-05
-0.05736695427759375	0.6173399910236703	1.7525723718317883	-1.694815208154995	0.0360404410150148	0.21319541627131122	4.528653910234609	5.4784970090931004	0.0	0.0	0.15956186701667083	0.011800959133384359	0.08083767614681148	1.0881087579382125	0.4254798147584075	0.0102936380737918	0.31193488400296776	0.4730830872762266	8.584620894731032	nan	nan	0.005068247953572247	146.06641323771024	394	4.6841941357456484e-05
-0.038557599784761476	0.6471923123856187	3.8846710111587432	-0.13158452124492698	0.054687179832589194	0.41648072254806134	2.8227034366305053	-0.5290275318106111	0.0	0.0	0.15597413448938152	0.0036663455273252543	0.0589218295406968	0.6464721232605806	0.6532457774590132	0.002010512415710042	0.05481472933667372	0.39294500260324594	0.2645357880089515	nan	nan	0.004843259831493321	175.7087992197343	394	0.00017431647401277788
-0.041158899105456226	0.6358097996848459	3.5654280798015083	-0.5747213321217313	0.0550627103733945	0.3304912166594923	2.1310853442051894	-0.5771762873595364	0.0	0.0	0.15889179825854763	0.017550279195398533	0.0610777039076465	2.5305509701451583	2.57106289424015	0.01841770372530427	0.05622754776047656	2.2490543662681133	2.2974306930534025	nan	nan	0.004906680227934376	143.65985170829654	394	0.00010160307624780996
-0.02168448069840645	0.47206434819682896	5.839780364134089	7.526773030698904	0.06770654336751991	0.35183550057200697	1.1755942039545864	-1.565608508372548	0.0	0.0	0.1569286886892205	0.01211153804590892	0.2929164310051956	0.5611045823176948	11.310976428223224	0.012344643017676016	0.09348026954706473	1.1903756571431152	0.49039388326590555	nan	nan	0.004910589438687676	145.41586116054197	394	0.000121224860188995
-0.024416226792676743	0.5558561293902502	6.077293803122363	5.201845207237775	0.05300012701333001	0.40860016637191254	3.0630291900726347	-0.31790580038463256	0.0	0.0	0.15331878636340052	0.0017400806015981374	0.06446643793868656	0.405918776456319	1.169476858340314	0.0015950707500188566	0.0523834304464425	0.34460253575700595	0.2438417713265441	nan	nan	0.004853187516686522	183.72596552792976	394	0.0001623014230897043
-0.01411408618408283	0.29425319821720913	6.081402928329263	19.83116854392625	0.03593420605001585	0.312341651128827	4.96957541636869	5.006872751541847	0.0	0.0	0.1672429639121208	0.0027233630575019263	0.09731715954513984	0.40348362421219885	7.153390360492174	0.003403296193220884	0.09366729726773057	0.31714147479346755	2.0513228807200443	nan	nan	0.004888392645192682	160.55648216745948	394	0.012915067551329935
-0.04178816337857594	0.647131812820982	3.6533641525673053	-0.5726027612299592	0.04454369114270107	0.3271597555266779	4.050346696141044	1.7599039160157972	0.0	0.0	0.15737195024240147	0.00969860207961637	0.06373072031589155	1.4778705116063227	1.4069241776325658	0.00925648547554292	0.1582345854146295	0.8640127738222771	3.2027689119800833	nan	nan	0.00493134673076738	180.09207538491322	394	1.8652367078965166e-05
-0.03737161728587357	0.6341401110937197	4.074576800569015	0.021127848012997257	0.05430328172105159	0.3687154013139742	2.599163497882299	-0.5909155942320207	0.0	0.0	0.14253404162517364	0.02382943073757665	0.09121883003306613	3.208591231987284	4.751066690895595	0.019035588075705046	0.06014389389589969	2.565273970654702	2.6148200572095224	nan	nan	0.004774162971764889	152.25370903624625	394	8.53338808287118e-05
-0.027306243953765907	0.5592936955833645	5.213672310243743	3.4405404815821417	0.05634361196772453	0.39633857787215276	2.394581929319801	-0.7193233254098153	0.0	0.0	0.15804650462035089	0.005381015657011323	0.08870903104169245	0.606102701924061	2.6250405934863146	0.004075591031937109	0.04980766571398659	0.4979238479873742	0.44484735149135046	nan	nan	0.004646319316761197	171.5934239382695	394	9.953142810368192e-05
-0.03148346443063088	0.6468162609204737	5.103210767571125	1.8376254819518811	0.05419443706312799	0.45673204107326393	3.057738572423163	-0.3954850083575817	0.0	0.0	0.16306735506278908	0.0025491609876575616	0.06307655809645557	0.4767724169065706	0.854141009416408	0.0018656438264867958	0.054641444991145954	0.3679389358641767	0.24925150718907343	nan	nan	0.004908278214054429	150.03556643845442	394	4.3029610721863364e-05
-0.036530230742664926	0.640997669452596	4.287009405523225	0.21701538519674704	0.05464206835930896	0.38460380418964757	2.6824296730347785	-0.5690853355441131	0.0	0.0	0.15811190729983518	0.01838002941057376	0.08986578701624465	2.5641450933135035	3.9780496215547707	0.020591429042126075	0.06105173785784074	2.6727308000594467	2.7897534924692153	nan	nan	0.004971801146314833	166.38525007639532	394	8.476613753117065e-05
-0.03264917641617604	0.6678472091444544	5.419130908641226	1.6495748727276367	0.037679408930347824	0.2970348004823927	4.776683088434389	4.358674457815247	0.0	0.0	0.167834967308565	0.0008151159279042308	0.05542398682191685	0.387025355365501	0.15861651079345004	0.0024967418650633233	0.06137190427549491	0.2999934362867185	1.3613574762114136	nan	nan	0.004922011612350036	150.4725884248352	394	0.011533491328617113
-0.03333707687350662	0.6833042204015147	5.458974858290125	1.393875099258704	0.05476013338184793	0.4239132027899486	3.0118394526042005	-0.49714147438395867	0.0	0.0	0.15952010413525858	0.0026048328178464586	0.061822737885838364	0.5064550589915959	0.7970254767631206	0.0017816027011909874	0.0539881394881877	0.3728341760173248	0.24534029687120665	nan	nan	0.004887608211353214	149.22443186641098	394	9.321448107267507e-05
-0.03143640164073891	0.5944897024503382	4.768290704321303	1.7565645509387389	0.05500065922343844	0.37641653452510826	2.5903666982656692	-0.6044012791790356	0.0	0.0	0.1567694162986055	0.010578663904489527	0.11851496048513155	1.2275423283158902	3.57452612617907	0.008873928516654805	0.06168290059069112	1.258657982872774	1.1732785595170463	nan	nan	0.004946503746460704	176.72756011839294	394	0.00012396326352726532
-0.04205599964090956	0.6557209645178717	3.638934658285418	-0.5800820469852295	0.043785993775496745	0.32311295191749273	4.118645810895361	2.0041820175901335	0.0	0.0	0.1595978330588237	0.01745072663989472	0.06416727779035891	2.4584561788941683	2.475080048357484	0.009175831803405199	0.1657230696050944	0.8112707504209176	3.368441238112057	nan	nan	0.004945588105863444	205.3977686556827	394	2.1637704290537067e-05
-0.022425616982915786	0.48515277562729353	5.726785416779796	6.600239741279088	0.05521158769485934	0.3937829656961298	2.6422032444320633	-0.5731952929678045	0.0	0.0	0.15814065244610745	0.010596486840262431	0.23901453521731894	0.6209593279059087	8.849670167792587	0.015072262669345138	0.06063624215317895	1.953270719099961	1.9475186381285674	nan	nan	0.004911696059877124	137.09844370522933	394	2.584997308934483e-05
-0.04224127953345602	0.6657995718811895	3.6885652917831258	-0.5510989345022961	0.04641109001767996	0.3444920622241066	3.666922713240439	1.1613690532454928	0.0	0.0	0.1594316167684804	0.018105522044167044	0.06470968138826633	2.4951669450661713	2.5663731352031145	0.013119337953880206	0.17208967982794937	1.273386011377616	3.643319321454363	nan	nan	0.004900811754631307	183.52341128162203	394	2.3596014854666527e-05
-0.030807375443967167	0.5693282636220136	4.473802630984125	1.758251340230829	0.043789272859792394	0.3623070095495527	4.271034885401189	1.8254696556853711	0.0	0.0	0.16302942762264616	0.018559522012135787	0.21645478978735935	1.9633718088734486	6.346266815331247	0.018214569941187198	0.26813338135122355	1.5851591700593028	6.108920392178614	nan	nan	0.005123506620830304	167.50892504640797	394	3.353651669074106e-05
-0.02519021015747136	0.4776017070746177	5.017812092362201	4.483438243150291	0.0550907374032481	0.31901554784916747	2.155379482253238	-0.5908482230897723	0.0	0.0	0.1563626189598214	0.007836407565150805	0.15251474723868116	0.6623152372606773	4.797077091800963	0.008056060871296844	0.057732323621513454	1.118317836621267	1.0468191938701574	nan	nan	0.004892699327556982	147.10916830769884	394	4.256710213682335e-05
-0.04167433068805937	0.6732256246065474	3.6751857857536194	-0.5593328100813698	0.05518166003837499	0.4387909421387121	2.8043677201627526	-0.5809104309183016	0.0	0.0	0.16255613523429727	0.019310445529283515	0.06249930001114917	2.651875311259454	2.7323597541746474	0.014032606869561426	0.06106987476811521	1.768266681196246	1.7314838082955204	nan	nan	0.004985250465057864	169.09758280507228	394	0.00019662598821662268
-0.030140816409515714	0.570296831658901	4.880318585842659	2.3293013568486107	0.049237901076307766	0.3280639457545342	3.3168786035277895	0.5420466933198989	0.0	0.0	0.15787641037919284	0.014851240447331548	0.19076892532159184	1.492165565748596	5.762073104344352	0.013873840565214124	0.12761627102303502	1.6557576119013762	3.277619435229514	nan	nan	0.00490585606137417	132.04310282485613	394	9.382399157323868e-05
-0.04143097961399533	0.6955946778004061	3.9285654861022516	-0.5297472545822108	0.05636486465975454	0.4764522073512176	2.9573804596382263	-0.657135086291555	0.0	0.0	0.16683532288253242	0.02451900917092087	0.06323263729215217	3.3108705698214376	3.62110930026353	0.019042916998522008	0.06430625502345177	2.326476816464459	2.2132578092150337	nan	nan	0.005025428218006084	154.59660823162005	394	6.862894054667756e-05
-0.04253638531868309	0.6644863631321793	3.5733975802725366	-0.60443679532148	0.0444427471859441	0.34191738248015274	3.9553440676735856	1.667173941520922	0.0	0.0	0.16187719589002814	0.009303389334880563	0.06535957678232629	1.364193247666736	1.259569431397391	0.00870613861320313	0.14598942174853857	0.7848923693888574	2.8255239524469293	nan	nan	0.0049698013934644375	217.934221428198	394	4.344727076305018e-05
-0.04229918212948214	0.569882915140066	2.7380354786438965	-0.5992638940187628	0.043701176673819564	0.22853713517870372	3.538290745435053	2.1693197318711026	0.0	0.0	0.16834745119180777	0.01040708108524413	0.0608365567219013	1.364590258312717	1.2776116084380438	0.00536407383309534	0.12269171933346543	0.574301218615709	2.3952676125166312	nan	nan	0.005077574111257047	144.40444207845198	394	1.0102233709521036e-05
-0.04117829768897252	0.6960203269266247	4.105824516094282	-0.5133121094775378	0.05148820311162883	0.43709904925065557	3.5223866025970576	-0.03955828646936972	0.0	0.0	0.15499810119490176	0.0036071285269778652	0.05834702706674111	0.6725970578329599	0.5577054074885011	0.0016404370731203377	0.05454937252772718	0.3510190891101619	0.285067331684145	nan	nan	0.004848661828840473	151.32948602821628	394	4.097581810503577e-05
-0.027501130970309928	0.5891970597143765	5.514805034953985	3.6627522663320002	0.037136309778426746	0.2751840142591063	4.472571986958512	4.478492981403773	0.0	0.0	0.16862855263461868	0.001911518709499127	0.0588781795089941	0.38619625815974956	0.9444800100120236	0.0009237669989240471	0.03792057374429528	0.20500431339301572	0.45264242691533335	nan	nan	0.004913650653475016	166.64516018413545	394	2.597355755962957e-05
-0.042162786320936396	0.6258956904742461	3.2785920438693106	-0.5680083559128337	0.04587103677203741	0.3304709604704111	3.675999398106854	1.293044342623841	0.0	0.0	0.16187749927896702	0.01224701803892736	0.0646433228617172	1.6895935103637005	1.6449488861520745	0.01374016793318067	0.19143644193721598	1.3208835385928386	4.058464458817824	nan	nan	0.00495642645415488	161.59957870553015	394	9.22316997465834e-05
-0.015736327997382227	0.3212592575033903	6.066932964310945	15.911953234264812	0.032563630141170696	0.18552867401137835	4.906313080676674	8.118230537621253	0.0	0.0	0.1637440187544706	0.001010865262021099	0.0546021639597144	0.3325918143603488	2.114789254933961	0.0008604062445354277	0.027250504548190307	0.1613720787132844	0.5788960764385834	nan	nan	0.004826026639850267	155.8490546863303	394	0.00011038291682820048
-0.04261594181382744	0.6523853373214015	3.608965780027308	-0.5882176478109876	0.04728324520838112	0.31558171719710393	3.5720128052962963	1.1112501284670702	0.0	0.0	0.16660044309341532	0.011666804479446014	0.06317110489710936	1.6942027521637446	1.624575843289082	0.009250058716432141	0.12776236708971997	0.9931300277102444	2.6510903861983106	nan	nan	0.004984086264065449	162.60044586398598	394	0.00011724861794040935
-0.05772880810936498	0.635784059879604	1.886096987908541	-1.796550013661949	0.034910842796635144	0.24496635017753238	4.859692841971376	6.040229606675537	0.0	0.0	0.1634452231818619	0.008032104338057178	0.06395168318146094	0.8001691586350921	0.28840690194698315	0.0035929401510516046	0.1026348395223789	0.3120934897056671	2.770601523163705	nan	nan	0.0049354307976324785	190.33783740342741	394	0.001774430256776324
-0.04197388139794911	0.6604985610239376	3.63177143561697	-0.6443331815125848	0.05474477290553148	0.382118905848612	2.731751893810672	-0.5594824242124308	0.0	0.0	0.15418585292084608	0.004111208023973134	0.05859676223704363	0.7167778460958518	0.5714844531441567	0.001907542479895552	0.053892647499688556	0.39142582679173277	0.2623403193273894	nan	nan	0.004840507558415003	157.4959849441467	394	3.436875627066705e-05
-0.042347029064568	0.6776745515545987	3.7055881514915123	-0.5753079842498545	0.04431315494824206	0.37115069065266915	4.258353892970236	1.714563265179331	0.0	0.0	0.1586092788400826	0.016965549050280138	0.06884676002738066	2.351123137616089	2.359474606807879	0.016019103293396175	0.2461866328719809	1.3551566645290651	5.1914346494678325	nan	nan	0.004946421018433955	163.28887965436803	394	3.497453302289316e-05
-0.041733568300755475	0.6340516866218759	3.5822135911826103	-0.5740835063177937	0.04816182076520992	0.3166786541969378	3.258881491996819	0.6804809624404728	0.0	0.0	0.15908090419677456	0.00856581492244235	0.0629507131458294	1.3264594112186625	1.244176452396529	0.011606979551531782	0.1297801033240741	1.3207487780632166	2.8967300349953797	nan	nan	0.0049249338833306094	162.19508411443965	394	0.00013216942298049542
-0.026416570887571322	0.5754090957753925	5.5591095577515475	4.017956376581569	0.03915925609424242	0.3452890220427702	4.649490051039486	3.3913534443872444	0.0	0.0	0.1630645561899005	0.0018388794463610747	0.060275108118341136	0.3901430983350429	0.987946500323883	0.0009726059468251336	0.04300707014428512	0.2304899299948553	0.4065031940634266	nan	nan	0.004864332653933309	169.24613948486743	394	5.2499460170459856e-05
-0.03344370207465752	0.6181360277043559	4.543630813009997	1.1604284655091157	0.039106395935812444	0.2899899923708247	4.388847514816346	3.6382312288210668	0.0	0.0	0.16511246334239096	0.0020456270433404367	0.06258367197625636	0.46925994309981967	0.5486102128404998	0.003369137140352474	0.0957271087557175	0.35401141243859424	1.704714292255988	nan	nan	0.004900834869054405	167.27027305425608	394	0.011809321583343711
-0.02780555729388534	0.5928509902034869	5.579988271168267	3.4075075215107686	0.039279129699438586	0.3028835246692636	4.473378673793088	3.582806172569828	0.0	0.0	0.16417762556914428	0.0019401176142683219	0.05933996386807555	0.4005889851848732	0.9334203422136332	0.000959077026289834	0.04020557396470545	0.2171861038246612	0.41600893342753603	nan	nan	0.00485201695297309	149.46277388449374	394	1.1745167453530729e-05
-0.028873226849063682	0.639622081950068	5.671622684076485	2.8571527818820663	0.05544506282500872	0.46674835427881256	3.102158079766986	-0.6003859041952877	0.0	0.0	0.15514913029926053	0.011377567600098837	0.15795875299674242	1.1429494292210314	4.912929785158656	0.008677211822462172	0.06593817853854991	1.193210383489712	1.10156102544161	nan	nan	0.0049117568569365805	188.53989614558765	394	5.2497914747421286e-05
-0.04224967182478334	0.614308379321514	3.1006789200224856	-0.5779546743221907	0.03983042225619626	0.2912265281369547	4.241167477740081	3.2204289113553726	0.0	0.0	0.1625111202178126	0.011877086595892428	0.06654293008779466	1.5951917174904304	1.5354568129974302	0.012993699421439908	0.28809191044623383	0.8126639973234078	6.360581884225758	nan	nan	0.0050213956847626195	153.01922342453904	394	0.00014246057484419293
-0.04649048692541213	0.6623048614084365	3.087293437918138	-1.2001061065101066	0.04400130774547484	0.33688626121538273	3.9658092474115367	1.7033169014070022	0.0	0.0	0.150608065958572	0.004091480476112075	0.05533406676436181	0.6771593311269553	0.3855758505035897	0.0011390525712690058	0.047028210957864414	0.2590476384406095	0.3615612516435071	nan	nan	0.00475019641020015	162.64151903199286	394	7.17294442212072e-06
-0.04126782833326226	0.6629205621595471	3.8707818357558352	-0.48969586832611556	0.040795718736485576	0.2886781890873402	4.380617673050549	3.1178690101380235	0.0	0.0	0.15914771309060607	0.02465603969241087	0.06584894390505791	3.3610937080229535	3.7954516191125345	0.009560340764675268	0.21624851598233008	0.6780486806279138	4.7075728133520975	nan	nan	0.004986827924841897	167.79431243502117	394	0.00014733656774818156
-0.01845371785964911	0.3973918707964146	5.942808637297584	11.255335484052319	0.04171207764845786	0.3080268645511998	4.121214917956494	2.592476814167553	0.0	0.0	0.16245727626286244	0.0037145330920830832	0.12599911179338735	0.47850613769971817	5.173419398164386	0.004066899016870074	0.09717265110800255	0.42451989400038537	1.6301840347925918	nan	nan	0.004971027747142434	165.87534444633525	394	0.004580872602063502
-0.04301833931754029	0.6521970119538578	3.3776652717742106	-0.6263491352167796	0.05454132146139412	0.36893304181416026	2.71105100839959	-0.4534074736506785	0.0	0.0	0.15856785727846112	0.004027548948905779	0.05750010688672402	0.655225960571481	0.518351223868796	0.0018759191325657953	0.05267418868626883	0.3765912815791159	0.2694317471562193	nan	nan	0.004842127016708497	148.46929706466815	394	4.536519177777229e-05
-0.042602298530750815	0.7061776714098982	3.8936251865008806	-0.5335274279000973	0.05656638584456086	0.4611725520441453	2.840970240105642	-0.653343238197829	0.0	0.0	0.17872397315682817	0.004371699511704241	0.05964850257122489	0.72274831571045	0.6124966427794695	0.0023437570356347193	0.057031685246726804	0.4221273652586488	0.2679132156911176	nan	nan	0.005125631562127114	175.44799803012117	394	2.275792169007102e-05
-0.04232833461401997	0.6603737779389405	3.6201882959459097	-0.5759472853265379	0.05137484287073035	0.40853159918480225	3.3860115642491584	0.014642485381136097	0.0	0.0	0.15502471505288606	0.0035156116742807164	0.05666390208240585	0.6236099627927723	0.4884226327079074	0.0016044876290305377	0.053603939743024825	0.3435785732844976	0.28829363053589363	nan	nan	0.0048239271544648354	147.41981483308223	394	8.299534398442706e-05
-0.020555950717764504	0.43818698914772747	5.66784848297623	8.217215585175051	0.04289709411707654	0.3562585773957234	4.262265280723155	2.0827387738018377	0.0	0.0	0.1581591231464059	0.0013602981122433078	0.06010367899826072	0.3551708390879087	1.3889926450486145	0.0010381695471395336	0.04490555163669874	0.2444466445703095	0.34765699056871585	nan	nan	0.0048255891261032025	167.3764108862532	394	8.455984713659912e-05
-0.042498725686701655	0.6503101532379798	3.5522033551443233	-0.5937915738348518	0.044842598334204675	0.30426080392480426	3.661503206849692	1.669515125156146	0.0	0.0	0.16444981054096866	0.01365010957035262	0.0629874096630117	1.938630892157612	1.882419744504497	0.007904329625502249	0.13536293352686848	0.7421100383028838	2.632705751610177	nan	nan	0.004951893028796589	147.05590061127475	394	0.00015474654530856554
-0.041993724103621344	0.6670493682191014	3.6230199670594305	-0.579871071912194	0.05517226829115329	0.4410568599982069	2.967060565385661	-0.568176484153851	0.0	0.0	0.16188761197561696	0.012509800572600815	0.062292267234880405	1.794064743566385	1.7409565432384315	0.011170654654917955	0.061537812419140775	1.4891191727434978	1.4483417328577652	nan	nan	0.00498542966438259	171.5477703683229	394	6.857148338530176e-05
-0.022874283945023888	0.4884272786248806	5.412474201551615	6.460714658383919	0.056043646615519194	0.3892176078981358	2.4305738768041625	-0.6553512905466178	0.0	0.0	0.16255999789671055	0.001705075610665574	0.06463170415703659	0.3732228651614289	1.3278652799175377	0.0019371575947734199	0.0519545481242325	0.36919803074824586	0.22595625799164207	nan	nan	0.004894904329613287	172.75984656139707	394	2.1171146501449092e-05
-0.027916408005126625	0.558123289333563	5.069489417221509	3.098124996460066	0.05470596915433279	0.37531922486909447	2.632778461316362	-0.5518888853763407	0.0	0.0	0.15500226580912643	0.014998558225838954	0.21404935467625844	1.394939789025689	6.9482641514816095	0.011819199138582981	0.06359991723032471	1.6310771455526245	1.601139060512766	nan	nan	0.0049199123791766886	172.48849702498555	394	8.882471349833324e-05
-0.02029937696317785	0.44217468295901446	5.511454714893365	8.220772995378061	0.0560294560034269	0.46231341375702517	2.9421967377559373	-0.6885643994141829	0.0	0.0	0.15868808737911483	0.0015085495444104313	0.06514759983781365	0.3654568233089184	1.5352557904014088	0.0019134660646795698	0.05445891512880166	0.3842565598343539	0.22607334500726478	nan	nan	0.0048880007174873785	166.1370222935763	394	3.758851282582576e-05
-0.0493268797110088	0.6582172458216585	2.5883426152759	-1.3184160732280878	0.0404212751730757	0.31934768136176106	4.403516326542841	2.96304817280886	0.0	0.0	0.15524519319199048	0.014185461753577266	0.08417375904261798	1.7400189258349343	1.011650537209702	0.009720347259231321	0.20167018337034615	0.6916871488097476	4.362004642165425	nan	nan	0.00495494042940102	170.74475852157119	394	2.530608682690744e-05
-0.04216632598503989	0.6410844740175377	3.3887983929809335	-0.5770458544713697	0.040954568497541644	0.32633704145493087	4.332994605711696	2.7269578858487917	0.0	0.0	0.1581513573885992	0.013024512954733558	0.06449179949737804	1.8091651867710854	1.7609415148358567	0.009729991291135942	0.20084004938646266	0.6983917811160829	4.145345732676809	nan	nan	0.004961028705060655	159.47319118838533	394	0.00016760614532249687
-0.038830143775764325	0.659609896388896	4.100628340412924	0.05805584433140927	0.05168453419961083	0.37137213541231434	3.0706313881520164	0.04099487692467277	0.0	0.0	0.16710576821864148	0.003307168862164811	0.05746318216062618	0.5819600496988864	0.6188746131614444	0.0015752182168030648	0.05160853545747346	0.32837256667743286	0.2813764922109906	nan	nan	0.004940746683750996	156.00259350412156	394	8.301267945681005e-05
-0.02113443656859404	0.46136390554148443	6.009085732178319	8.046507322056799	0.03985865433506075	0.28243570087135705	4.357892893989321	3.433763577013937	0.0	0.0	0.16075498301529464	0.012487359729691172	0.3396853533416342	0.5023029033021977	12.761980024028594	0.0143984733617315	0.32644746705931404	0.8540996120512956	7.476254363213949	nan	nan	0.005036728775223542	154.30451911262588	394	4.993735612416009e-05
-0.024442647271664897	0.4990852925994607	5.5219884683885585	5.105415302428698	0.05475257771282971	0.3273473614632685	2.14231530304869	-0.5846262854485901	0.0	0.0	0.1578007854198237	0.009738528083315656	0.19589638049268188	0.7219040720885297	6.593055682929004	0.011421973808304231	0.0582206070099959	1.4979569686016614	1.4511186975040757	nan	nan	0.004924444885246293	185.71013014761445	394	2.152334272882928e-05
-0.0417790529564398	0.6468152765495987	3.6582280546711017	-0.5649525299038677	0.04716309038168154	0.3460472367010915	3.6957506624031042	0.9529041591285468	0.0	0.0	0.15966061908455903	0.010749628202926242	0.06238932264284314	1.6187698209402512	1.5646989826800939	0.008883521745486345	0.11808558817418766	0.971236814933087	2.393632847276075	nan	nan	0.004950020588857282	164.09039012921895	394	0.00017943363939699875
-0.04110089158240693	0.6793393866635491	4.116206752006327	-0.5381241284964428	0.044061123839789884	0.33529000600965675	4.136879268816349	1.9322448020321061	0.0	0.0	0.16254660749453498	0.017631209939625525	0.06849643060537469	2.683294055300453	2.796724683824325	0.013579626992398008	0.2280423407815353	1.1347013304108313	4.791796490795501	nan	nan	0.004983868338885339	178.12430007148632	394	0.00012732073862566963
-0.026446116587818702	0.585096328883439	5.870256577312629	4.230779464031701	0.055564066447547855	0.3943395934835586	2.609071311753835	-0.5790374451850647	0.0	0.0	0.16300731933122387	0.011846158602737744	0.2013915378641003	0.9605200274137657	6.643554506254341	0.017486920729829603	0.06154572797051755	2.1994746237084883	2.21410961393846	nan	nan	0.004937031103559142	183.01323435839097	394	1.5110650292041786e-05
-0.04418588754237496	0.6828391358575987	3.456177041137142	-0.839965029358495	0.035158766333920566	0.3280669770468004	5.370294420049204	5.533823180329287	0.0	0.0	0.1588224577305177	0.008756694790464092	0.060047778648158356	1.3021852172919561	1.023886780890437	0.003042372993140363	0.07608825191626487	0.3271382738988873	1.9029123663894723	nan	nan	0.004808658713209277	177.3609522837462	394	0.0004361741960037241
-0.04099565742821343	0.62954446228545	3.4633672884300126	-0.5771059384306881	0.04455570397775355	0.38774415517243466	4.214701845166124	1.5004148171969296	0.0	0.0	0.15612026135980805	0.007861226744808436	0.06951157268295327	1.2305786859711616	1.1328474868074598	0.018151184806489584	0.2608735653006078	1.5701433658243231	5.496688980603453	nan	nan	0.004957025439414259	152.07462791026595	394	1.0880786522702779e-05
-0.03192016674326348	0.5991591126147717	4.6689409155729305	1.659311209681168	0.04506039768212866	0.3382013228719665	3.765876844753569	1.4745448911555474	0.0	0.0	0.16681638419044326	0.017468200437330605	0.1884720120281133	1.8604543883770983	5.669114695423494	0.013463626688927977	0.18439128113518222	1.262368798329399	4.074064448577112	nan	nan	0.005064379563324867	138.0112732883343	394	0.00014860814495313364
-0.04154173844852094	0.6051579592155467	3.0574830842185543	-0.47228898883950005	0.0548985381047824	0.3558282058734585	2.370081496873813	-0.5502183072149207	0.0	0.0	0.15912088101751168	0.024754470499030956	0.05991596025812318	2.9638284971322726	3.33076515108666	0.031221128477363136	0.05751293958084247	3.483775384987633	4.042611368878146	nan	nan	0.004936616661725096	148.84444406902176	394	0.00011892228567384535
-0.03040403663409863	0.5953409526629629	5.361679912756592	2.1496043351884078	0.05448271467288546	0.3031097347071658	2.2970465693870645	-0.5861005838426574	0.0	0.0	0.14394549362446893	0.01180107769469596	0.14564672662110054	1.367241774218832	4.610518083102654	0.011090717292554064	0.05805371283213542	1.6668607679695389	1.6263691662472055	nan	nan	0.004788165371837766	160.33063929705366	394	1.2578962407661577e-05
-0.02457941156895893	0.5595982748911725	5.782817314177496	5.332756299107529	0.06453583814769082	0.4296281475162338	1.8131725179698939	-1.332278694075588	0.0	0.0	0.16437099743770178	0.011644335581904586	0.2308335204343722	0.7462472043946473	7.694974788560135	0.01530185517021121	0.10474887232512523	1.7132271486921993	0.9091064023821602	nan	nan	0.0049862864369582816	192.46745458922535	394	5.9738289219577686e-05
-0.042161102886017154	0.6716776374666832	3.784170585557237	-0.5786064259676417	0.043100220475567275	0.3235688473601932	3.9571343005774673	2.073667387463253	0.0	0.0	0.16609852885077503	0.012265979731192034	0.06468532847022163	1.8135041476813263	1.7594101749173863	0.008489972823774616	0.15634833032719783	0.7070226923674174	3.0671972351922094	nan	nan	0.005008089495501328	140.83340794365515	394	4.5254429284985385e-05
-0.02964940533143945	0.5783160080043194	4.918698306610205	2.194165780250012	0.05637354145901052	0.38285550529887374	2.3644906075406924	-0.7635917147382244	0.0	0.0	0.1549492803432173	0.0024466872602281753	0.0635482960120527	0.4704060008864195	0.942479055010372	0.0020366085868487316	0.0532850071113512	0.39142216891007886	0.22983770731907233	nan	nan	0.004838659033752399	167.65258812659613	394	0.00010097207278851516
-0.0414374399966444	0.6392911173465952	3.3514049574447426	-0.45883119334142697	0.050840513728448444	0.3610658994585093	2.868723661706948	0.04175295028090955	0.0	0.0	0.15257016839536147	0.0037899698265498882	0.05664733748152134	0.6169518673687282	0.5289210253301542	0.0016371149365391746	0.05191500346347139	0.3305494982714636	0.28702599791462574	nan	nan	0.004782057754736779	151.592376235777	394	5.9186061448185616e-05
-0.036991933650832864	0.6756183840382588	4.357045861415225	0.3233741100781872	0.05634635993335868	0.4572345149302833	2.725492085429644	-0.6363193496572246	0.0	0.0	0.16496686847325387	0.018380715211294474	0.09555273788364993	2.361441958864594	3.8668161138820345	0.023803561796413075	0.06427959963879959	2.686889334225568	2.670986868044587	nan	nan	0.004964848233448324	174.7155209990464	394	4.338473274799788e-05
-0.03182178561561688	0.6148393062469895	4.770466683764833	1.4868154379303322	0.05519863055877483	0.4154727313833858	2.6968917988450203	-0.579459733077003	0.0	0.0	0.16257712403929758	0.01312082155422123	0.12908946352671483	1.5829077874843382	4.180203668383872	0.01279311548638662	0.06318530289811428	1.6438347919067309	1.6010439243305032	nan	nan	0.005019797194380282	172.58567784894362	394	0.0001735069908224964
-0.04178618364030484	0.6264008275959196	3.3231229074601427	-0.6007603598181149	0.0491920376776358	0.34254662826598076	3.1492769559643197	0.3951215715313392	0.0	0.0	0.15866261006988297	0.010535840784722472	0.06401583390950627	1.5246451771645904	1.435508682871416	0.015324291489860364	0.1340699140077602	1.7319767432814566	3.298205460007048	nan	nan	0.004937673640061174	149.94369281355733	394	0.0001822626002674588
-0.042478394946181885	0.6771756321576365	3.7362280922925617	-0.5969884261930452	0.049342892825827045	0.3772984063273379	3.57887801047924	0.5123032927097098	0.0	0.0	0.16231634717926113	0.003743938950071357	0.05664022004542424	0.6515419279619188	0.5203296797421356	0.0013988625073869665	0.051026311209345976	0.30596903111984997	0.3089564700302108	nan	nan	0.004889342895706153	143.9748971294791	394	3.026865616976912e-05
-0.04244467148485587	0.6670826643800654	3.585278899983704	-0.5905434138634434	0.04272295189556341	0.3777914366377039	4.508130928518302	2.2836892015549157	0.0	0.0	0.17140008625742104	0.014928650093696538	0.0697405046933548	2.0762160696687904	2.032444629789505	0.01569777130727279	0.2724907943131427	1.1076485215571594	5.680060885858517	nan	nan	0.00506121800849707	181.53617801787658	394	6.451291612480828e-05
-0.03745104049646608	0.6361845340773437	4.0030542307745245	0.20752531384231054	0.05539358615809786	0.3760400008557055	2.3519476486284887	-0.6294788690141196	0.0	0.0	0.16141632027017597	0.013750424462311783	0.07764015627401821	1.8189362506463795	2.7575906948381776	0.021167831092739897	0.060972070362504516	2.5426111704674383	2.5315181975775807	nan	nan	0.004973377478409868	157.3360180337148	394	0.00011809918161116832
-0.04202491239114736	0.672229169350087	3.64618822837818	-0.616136316904075	0.04619315312781214	0.38884763936837746	3.813331173518797	1.0910956870299535	0.0	0.0	0.1611222528709219	0.014347584185231577	0.0658603922136709	2.0596173711133234	1.9798313766692133	0.010955439817245227	0.14183263633576668	1.0303486956687646	2.8285837257535436	nan	nan	0.004927418720012455	180.5776935946433	394	5.559336338225676e-05
-0.028800983583451845	0.6115564897632841	5.6387899608882925	2.864051119314982	0.05561888097811751	0.40462518671777165	2.7957676788245784	-0.6605524184402745	0.0	0.0	0.15516444412449776	0.012018785231955209	0.17091012756202667	1.1971816163078097	5.32602897250966	0.017517242856737614	0.06440382638880313	2.3890554399135837	2.283881482755074	nan	nan	0.004937535819503486	130.6532295244402	394	9.67616888371273e-05
-0.047379342121493195	0.677151539383426	3.116258471278619	-1.1029996293743463	0.04211507087855204	0.28915348436056987	4.125431603104249	2.7122519254347655	0.0	0.0	0.160688183861211	0.01967370017899761	0.08463011140760035	2.5561494757729992	1.8407760880701016	0.007906482397671888	0.16360437626341137	0.6340626472358646	3.4587375545726364	nan	nan	0.004911972444244031	165.34511519669115	394	8.144199147089606e-05
-0.03842919800368949	0.6942995701115863	4.390045356195185	-0.0559794966029533	0.05124972396538885	0.44662459019396117	3.56742736082441	-0.05099541728199243	0.0	0.0	0.15100525504553242	0.00332632639607805	0.05951253087699393	0.6205848510771124	0.6276738012419448	0.0016108164427487415	0.054636444055308514	0.3503717013977745	0.2785501320389801	nan	nan	0.004833873545593073	206.8114297548961	394	0.00011521412217202038
-0.03584825099946354	0.5940490536227863	4.05963813692258	0.3551730751530179	0.05436012802252144	0.2955145411120219	2.177691238451202	-0.5693382138647218	0.0	0.0	0.1561134922226249	0.01989362328876193	0.10382369779943093	2.691741202621016	4.538227955274722	0.009038831154494997	0.05826720542529373	1.340126336249328	1.2960567851472629	nan	nan	0.004945992048492748	152.93509298873684	394	5.527408387915139e-05
-0.03132358976973593	0.6094857269196448	5.059404224486705	1.8725748621346376	0.042199006801010075	0.29902387529236585	4.088116029727541	2.454397483022017	0.0	0.0	0.16193157984562281	0.0022528335174194503	0.05755271079279939	0.44110812761384954	0.7851626677864824	0.0010254903689222994	0.04258292164467453	0.23224451391289502	0.381334547503346	nan	nan	0.004868353377492779	162.37928932391029	394	2.4681834573995642e-05
-0.04188125004835552	0.6463807497937104	3.545017005008914	-0.5952143737057939	0.04559334173975693	0.3273927799988513	3.712045084567715	1.3681336143603815	0.0	0.0	0.15724791578349348	0.016496671492765236	0.06339900734571724	2.336026501905328	2.317339586518164	0.008598799352403041	0.1327763591623547	0.8488926847242189	2.6128160544116588	nan	nan	0.0048693547964973605	127.33436196398127	394	1.4607119755817512e-05
-0.043174364397354004	0.6737185989076694	3.5139422695159124	-0.7183178759837217	0.05432043159043021	0.4206111216284515	2.8577018359449458	-0.426978314238691	0.0	0.0	0.16371062857763496	0.004405398363924229	0.05839652010113655	0.7236744886502327	0.5586159975095747	0.00205148038407732	0.054847843713698025	0.38828011604604407	0.2762955542106423	nan	nan	0.004927920051185364	174.50833290394914	394	9.373128356273335e-05
-0.02353791688413709	0.5341399445632765	5.84086563416236	5.763472619183375	0.05304643142179666	0.4354176513638306	3.143929711660686	-0.28821233213710445	0.0	0.0	0.15792855757105814	0.0016842136388126594	0.06441286611556676	0.3894875378547642	1.2142269758104838	0.0016491297146854489	0.053585216680400616	0.3494606214501632	0.24440129091928672	nan	nan	0.00486954529026741	173.02650418004487	394	0.00013744993635413574
-0.04209883342271037	0.6870481537281969	3.899476137110176	-0.56639121990974	0.05166415148487702	0.42633368824902557	3.3348114038874765	0.04518491423003523	0.0	0.0	0.16855262073421096	0.0036974634136103246	0.05804863181973974	0.6664750809259767	0.5346048143184079	0.0016908431065365548	0.05410635943224534	0.34355227171040137	0.28785658793065955	nan	nan	0.004950348159453957	176.12374084905437	394	4.295954486657024e-06
-0.04276682438107826	0.6669451651858995	3.6185910424069903	-0.6761544370733146	0.043308348337399494	0.32148363434617044	4.130230585410013	2.0482064580061037	0.0	0.0	0.15849651128226405	0.018091633532194284	0.06682990387676752	2.5442740042915073	2.427938398371718	0.00967344140162385	0.17966410033833025	0.8328774930899652	3.6339549761085186	nan	nan	0.00496380302013838	148.13131333127086	394	5.539532943720025e-05
-0.042472613207648724	0.6482976933297481	3.3500578693468466	-0.616224444827295	0.05021996639039794	0.4196718896166342	3.5896814560902692	0.25564261914872694	0.0	0.0	0.1600494307114019	0.0038728816199301574	0.05608049105312618	0.636594961169362	0.5048804878399394	0.0015418462172557268	0.053578592598887226	0.3305433897885761	0.2989025465357763	nan	nan	0.004873379480767492	176.50497029431563	394	5.340217771561435e-05
-0.019803368544074496	0.47930708609088973	6.248683984424856	9.75919497646488	0.05527089633757387	0.43571532016974995	2.901060122227804	-0.5411000672508459	0.0	0.0	0.15829477662802172	0.0014203766308252819	0.06449293095460992	0.37449505344705436	1.6311854076054868	0.0018052104404856495	0.05239198434581699	0.36110871346027285	0.23052308553273593	nan	nan	0.004848694738823045	146.17460165052543	394	3.6430186816406334e-05
-0.03223577246852205	0.6521773717003747	4.993408392562844	1.568173527844965	0.05490396249786378	0.4415017114903448	2.8255214029966726	-0.54075228573591	0.0	0.0	0.1595689746855127	0.002713329875279946	0.06338860377027611	0.501554516761689	0.8494264723769358	0.00198309937228891	0.054673543455797474	0.38154735543033724	0.24587921118239936	nan	nan	0.004901423444996833	176.0132909095088	394	1.3943513508140695e-05
-0.04112995307691114	0.6450553524265279	3.5931148913631605	-0.5731323100040749	0.0550147502180558	0.38711487858442317	2.6367490413185077	-0.5846845925588527	0.0	0.0	0.16061639366351582	0.020266302118317092	0.062053833902618594	2.8529804661032765	2.953060166285397	0.014690140083110537	0.059539960153045385	1.9546395070123128	1.929660261885355	nan	nan	0.0049771696025188855	145.39120245871064	394	0.0001633460433905127
-0.0423535816490177	0.6750726821640766	3.6863581515226147	-0.5717316839735158	0.05408892974695645	0.4146024001282543	2.955705615886419	-0.3969977743002054	0.0	0.0	0.16249424211815308	0.0038808247792733175	0.05839704396000733	0.6673797871824116	0.537870805381376	0.0019342637091029902	0.05444866603701509	0.38164548747535787	0.2743861439839987	nan	nan	0.004910585313719629	143.20613492388088	394	5.799637328261981e-05
-0.03455345163438106	0.605672994087167	4.24259224146291	0.7828450023555125	0.05394012598224629	0.3636905244308681	2.6010475906765422	-0.4277019344270584	0.0	0.0	0.15590810893377516	0.0028788915239642	0.05910221958941425	0.5253829658595901	0.7263646005448626	0.0017851913850580603	0.05268118030821589	0.36363564494897016	0.2534471027044288	nan	nan	0.004838308348277406	152.1619258862591	394	0.0001966187241251543
-0.034482640388802555	0.6850235193046434	4.94927545797467	1.0142909473854598	0.05469088752324103	0.4631520567592587	3.249808587721338	-0.4395250537205218	0.0	0.0	0.16481112315628726	0.0028709105109945843	0.062453980095984685	0.5314952551789767	0.7626898609426783	0.0018453160170097682	0.055216272604668826	0.37831099821465575	0.25351389759379184	nan	nan	0.004934230418427082	157.79359552521	394	2.8946014624611794e-05
-0.04209788874561182	0.6663006582485985	3.74414427135473	-0.5772790033873765	0.042730645046524796	0.300079708710446	4.0408721542833215	2.339283449271644	0.0	0.0	0.15973379669638402	0.01838143302041567	0.06562997746102905	2.595975769031847	2.6370614586687213	0.009595198600613752	0.18894699626796568	0.7761426767146735	3.880707045871077	nan	nan	0.004944514566216057	165.28492752015458	394	8.012256819532643e-05
-0.04548463282157489	0.6286942390929235	2.8135773596455795	-0.9459725182898412	0.044557153209961564	0.3425008482682659	4.042990906885073	1.729016734305561	0.0	0.0	0.1609526033388912	0.02704606327634851	0.083451693636508	3.1689515177808363	2.667152478495316	0.010944695070355781	0.17232123549268577	0.9880916941649416	3.6062198435795305	nan	nan	0.0049522418232556265	154.53043392054593	394	7.817817712720869e-05
-0.030863924485047156	0.638418956851752	5.515460742390995	2.2271187043797838	0.04591253627255387	0.33448928752049817	3.8491222882272167	1.3175827931461799	0.0	0.0	0.1536135122037161	0.016516887022766935	0.20669251708754938	1.6921836859220423	6.257090990856534	0.012528873083685999	0.16888166351223147	1.2814138085278177	3.785989874245114	nan	nan	0.004900970298584786	126.27868922335132	394	0.0001166959662163396
-0.023065775186172588	0.4885904953751355	5.658377550417226	6.1400305634009165	0.05397805946570111	0.36480882172897094	2.6067050906569933	-0.46347492629488285	0.0	0.0	0.15598807311118953	0.0016336075334191236	0.06353139157252474	0.38366453065001904	1.264245299725128	0.001676182945384852	0.05092097675387772	0.3480955002878441	0.23634668645171444	nan	nan	0.004865628281496656	164.12770784447136	394	0.000168979239885322
-0.03862192132125353	0.6425208267555451	3.8466736178701817	0.057768282180878365	0.05132158189761005	0.3546803951402691	2.8891395137148876	0.020023724761156443	0.0	0.0	0.16176469831235724	0.003362256009831699	0.057721449489170074	0.5757621088846752	0.6135990106788666	0.0015927453483682852	0.05145904403427498	0.32842428168429416	0.2820540333263985	nan	nan	0.004872929084810601	155.12251016701896	394	3.228918399913973e-05
-0.029833993931820846	0.6227241936915859	5.3499785408590785	2.593312077500784	0.05690300464167253	0.38394474127767675	2.2600538959818954	-0.8197854610844066	0.0	0.0	0.16535688826594008	0.0024527983782272056	0.06468527629819942	0.45953177010793	0.9792556174727383	0.002136911512732098	0.053230245071426235	0.39595493803241366	0.2261965554155206	nan	nan	0.0050047601190696955	155.14944775356076	394	5.4618248677841724e-05
-0.02620688563889617	0.5783361136015478	5.55157219501436	4.084716432228105	0.060044468995888556	0.4768302267380816	2.626345453251332	-1.0168610546458678	0.0	0.0	0.1635305937169776	0.0020865787859117857	0.06579065884051494	0.41643869044491755	1.132211621182328	0.0022201350909885065	0.054398063507515304	0.4040848018217522	0.20113056657735118	nan	nan	0.004887577298754525	157.49861792572372	394	3.2189125356911056e-05
-0.035241680231321904	0.6599364817095681	4.658949627944533	0.8437574550296457	0.052611581572217014	0.4135484850838474	3.1679677039734075	-0.13412985332140084	0.0	0.0	0.1650681915102032	0.002840008653278492	0.05971460197614947	0.5183508666556049	0.7117760080634584	0.0016526150319388089	0.05324871495548625	0.34491915438331944	0.26552346451850123	nan	nan	0.004919044432813033	157.4739065658417	394	4.028159142004735e-05
-0.024545041202268525	0.5204530267262976	5.3946401254714065	5.195063325029863	0.05427552617543885	0.40920094697167614	2.973766521050387	-0.4144071652831951	0.0	0.0	0.16229007663854422	0.0017634709224653156	0.0635200608182796	0.3846686996230666	1.145434447457988	0.0016736607706940854	0.05259954023426089	0.3541708019494494	0.23991684078743097	nan	nan	0.004918354348071835	166.6504861784245	394	8.097454581929998e-05
-0.042284316393596755	0.6324449474145563	3.3647372328765357	-0.5802120299611716	0.04700664868189275	0.3064821261528512	3.525637250945107	1.0714741721955958	0.0	0.0	0.15657484240740296	0.01598209226356584	0.06251316750078201	2.1798964242404653	2.1674905539981486	0.010040124635366632	0.13556264987985933	1.1208360288082304	2.9271886371645923	nan	nan	0.004900126130498547	171.62918738813613	394	2.2932848755642676e-05
-0.04156406620985631	0.6008240508648558	3.1022948263349326	-0.5788354122452708	0.054917336143356366	0.3571315561894718	2.522305248994589	-0.5423836013493429	0.0	0.0	0.15358457919726273	0.01159556574655246	0.05975456049519934	1.6116884226861594	1.5558961913157958	0.021845315348138827	0.05748648087758204	2.7788516949087665	2.9906817265892873	nan	nan	0.004808689362998483	171.936195533558	394	0.00015198289633423196
-0.024356433963222623	0.5756660699015197	5.987684407914706	5.502700976196323	0.05570909489651932	0.45189159321963984	2.889136276738814	-0.6342073158910957	0.0	0.0	0.15456540657457368	0.021505494268735603	0.4020148269670465	1.2205953795682118	14.52131407355791	0.01691817848374033	0.07053177331743535	2.137435234455693	2.052399198886867	nan	nan	0.004913723209454102	138.83762486187288	394	0.00013733508555384308
-0.026098833114066022	0.6128015141648684	6.127354334431572	4.447581603521902	0.05740135813469838	0.4618703237939224	2.8590548326546177	-0.7928790446833865	0.0	0.0	0.1617475966492647	0.0020444595130443277	0.06676223978502821	0.42335640389885	1.1696693811695145	0.0020194379812689123	0.0548658954114048	0.39693075516782694	0.223204939069758	nan	nan	0.00489620736509197	142.74853480329773	394	1.174659637212069e-05
-0.04192708433746484	0.6211018987654154	3.2239181604279974	-0.56227413056778	0.047595088285127485	0.34770861384448104	3.383315526095385	0.7749239687382964	0.0	0.0	0.16459312428151304	0.011918150398603888	0.06348736741264444	1.6384107792366587	1.5980460697115513	0.014566522669296922	0.15831907513935203	1.5051261840404953	3.5280405946827877	nan	nan	0.004997763798866267	166.82358274048897	394	0.00015060163933717103
-0.044572819974828426	0.6479601903305873	3.0601312041224435	-0.9129395725669632	0.039764256663513464	0.30835762951094153	4.534137331965418	3.4320069423969954	0.0	0.0	0.1620439563736763	0.01977222543679008	0.07778762081708912	2.5840423293365573	2.1173588453726406	0.010550134421494106	0.23686597397394765	0.6482719613390975	5.249217670651916	nan	nan	0.004972075173650253	152.638688640454	394	9.190811868991952e-05
-0.04202822126129313	0.6223996708273691	3.241303937313522	-0.5704333656619672	0.042377742523764805	0.309994302002723	3.971586202652549	2.33771233081064	0.0	0.0	0.1701818818868195	0.014099870311192864	0.06338037370072053	1.917890818419352	1.8890360904824064	0.008860483570794497	0.17254465455813547	0.6998324000174891	3.4534711662145083	nan	nan	0.005046074122436406	164.03663092548766	394	0.00015101903299139964
-0.04138682210976008	0.6058313437718649	3.2456289850761473	-0.5794290447357351	0.04648994312129506	0.31079162587922127	3.461645480933332	1.0561178461562142	0.0	0.0	0.15899518409965638	0.011284233080183004	0.06151869946606908	1.6340102253528652	1.5727885985955732	0.008252066059975416	0.11671359669260195	0.9177962407920786	2.360602686068285	nan	nan	0.004942058233706345	161.53399619797736	394	0.00010956032855157604
-0.02673076157959131	0.52953951875673	5.145763984709253	3.4834699681748464	0.03899154913847713	0.28523804971891137	4.561882251553539	3.7767588993826147	0.0	0.0	0.16087751678903045	0.001869047664064094	0.05861825890371103	0.390705250075019	0.9558981649673636	0.0009538188135080894	0.038670936517451376	0.21261463479736786	0.42937565427856295	nan	nan	0.004860811754463165	165.79567747551778	394	3.887878973016822e-05
-0.020954552247574365	0.4645101051491857	6.093754221300199	8.382102847950371	0.04110269463494731	0.31324091008645594	4.530065933797034	3.0867333094347393	0.0	0.0	0.16474595674639558	0.0013798721331207964	0.059429453010352906	0.3576437063562854	1.405250070966	0.0009712033924755836	0.040023593346603076	0.21856972879479963	0.3895483221255148	nan	nan	0.004852347966952789	176.29007050319913	394	0.00016201325253610514
-0.024605400244954945	0.5659040866273268	5.962192427548123	5.208439238136313	0.05567294504489961	0.44251340190374	2.8692072896877168	-0.5969527427777386	0.0	0.0	0.15897402961059146	0.010736524594371799	0.20876563046821764	0.7533675246376759	7.084787204405433	0.011408792051030958	0.06277266494141504	1.4824749368135302	1.4105370336593188	nan	nan	0.0049255460448376365	145.0589622103123	394	3.2145082413691775e-05
-0.02864769895552144	0.5924128897625369	5.542674000565746	2.799862386706359	0.054517364438193994	0.3710255497853655	2.6902385830063302	-0.5309925550932342	0.0	0.0	0.1489876689181358	0.014152591545896043	0.19335449334581836	1.4685480813463645	6.337734047381616	0.013289406842993068	0.06206965207328585	1.8455590942747868	1.8808920439590704	nan	nan	0.004839509127186087	185.59998412479655	394	6.366304787574512e-05
-0.04194852724311582	0.6724229620666715	3.8603919935709023	-0.5714586988432577	0.054901979430984627	0.3767540915439608	2.7492425313123094	-0.5601861387926896	0.0	0.0	0.1563045079665418	0.01228657469412503	0.061971855795642794	1.847204039492623	1.8049178270927722	0.02562498537943958	0.05874768447361989	3.2815611597549856	3.611205168842091	nan	nan	0.004924440489823573	160.79815844268762	394	8.648185276052295e-05
-0.04195316763054768	0.6382648801468509	3.638606520502537	-0.6028127933114893	0.04019817370909462	0.2481040342460089	4.287690767192531	3.61493679115933	0.0	0.0	0.16223174879445337	0.004903643168885474	0.05835436464702115	0.873918531934438	0.7327626705096432	0.004823102297368709	0.13065642754012383	0.4008250613238018	2.774431787992267	nan	nan	0.004883809642363721	178.64439870507977	394	0.00036318906096318083
-0.025703950276332432	0.5458613053860428	5.6731907684648935	4.563938754985299	0.055270278572384646	0.3736899926424192	2.610484827346653	-0.5928427866303446	0.0	0.0	0.1546575426952606	0.010197355383996909	0.18761059920080356	0.7942027774666971	6.128429387361937	0.011362182500294082	0.060252749200443906	1.5795506700999693	1.5193275532123744	nan	nan	0.004879341956916389	163.09707689390024	394	6.881125199103633e-05
-0.030334757608897034	0.6350813179055064	5.373236058666528	2.200857783539597	0.05458525929383873	0.43027972089578287	3.000902886568457	-0.4939456747066372	0.0	0.0	0.16253961353526064	0.00236964760478936	0.0637650456821468	0.4707455438870394	0.8904957686754078	0.0017956479846436002	0.054366967204716565	0.3733378765057829	0.24394333836837928	nan	nan	0.0049352048381896135	131.36993087381708	394	4.228441550874834e-05
-0.02636410888449492	0.5300983820086809	5.116178151555893	3.805217133414749	0.05525580639950056	0.3969678727867983	2.6245412462538376	-0.5827942615884301	0.0	0.0	0.16121906841959768	0.009877323880657873	0.16825112555489144	0.8624938709938208	5.294102881616203	0.009758712267487812	0.06192777503943683	1.3141486066684531	1.233427674079753	nan	nan	0.004963003254872783	171.08381592413983	394	5.549580135251277e-06
-0.030549506553133376	0.6148465424037635	5.158299634079485	2.1295306667791456	0.05514828435515695	0.40079761732395036	2.6985919137674	-0.606162134858529	0.0	0.0	0.1591619194960315	0.009928508419086823	0.12390250231977848	1.1107017765289933	3.677399849567674	0.012732498033376283	0.06234695061515616	1.7134613120985922	1.64461262475325	nan	nan	0.004985815944414301	156.4639050097914	394	6.244547960370158e-05
-0.04056218004256462	0.6400248189159541	3.5504230392097647	-0.27524226270719293	0.05552581393067468	0.3884071567435077	2.5267872712161745	-0.6171498362567931	0.0	0.0	0.16096963868507258	0.019892151858134033	0.06531706460992248	2.531497019914537	3.0848594291522327	0.022640534357758146	0.06053868383831329	2.7605445633800625	2.8083538487227093	nan	nan	0.004957097594490006	133.081059796829	394	8.192060394152348e-05
-0.04294830529790461	0.7060818961665785	3.809050122191832	-0.6046028094418822	0.04847817204453597	0.4384337220858879	3.8502557774950446	0.5612483948674752	0.0	0.0	0.15865378323566334	0.0037713186461914017	0.057919555339457474	0.644456021767599	0.506860763467274	0.0014745811722215452	0.05405235577958578	0.3197564996494042	0.31225636243507787	nan	nan	0.004874549216948104	163.92761109494995	394	3.575477876915467e-06
-0.036159538098480604	0.5863171737803352	3.945517982293344	0.5214744885547795	0.05469502094184753	0.2920842726197332	2.1948634566961625	-0.5488906083989747	0.0	0.0	0.16137858638121655	0.01609468146574211	0.09918236983240983	2.0322879834018006	3.6653104097021987	0.01068277867796319	0.0568442305071053	1.5603768106985951	1.554945784130387	nan	nan	0.00497727742335205	160.40184703828706	394	9.667580127841658e-05
-0.04198196656623221	0.634451880755127	3.4580793951882463	-0.5856133614535122	0.054749252886651556	0.34271769565133364	2.456718136135947	-0.5052464626964778	0.0	0.0	0.1589266873133425	0.0038185287733397133	0.0574715536065189	0.664499579639293	0.5314411303788558	0.0019218884206014808	0.05218230998776793	0.3797127944868184	0.2669486600262339	nan	nan	0.004859737936575459	185.08495306585692	394	2.4711138669523727e-05
-0.042390804933558957	0.6395484701954173	3.197384761101514	-0.6401888928010699	0.04967068626936744	0.4160406929182052	3.311568251887087	0.22340963301377098	0.0	0.0	0.15930558522087196	0.0038652634221520987	0.05675830886702815	0.6288570553957402	0.48698326661487373	0.001625015269334562	0.05419252494248064	0.3335228327362354	0.29806003467985026	nan	nan	0.004902976313787499	179.3923720637468	394	0.0001982492712444415
-0.030035459377536267	0.5810862638786791	4.886231872649948	2.221675292723815	0.05517295111812737	0.39209710691507516	2.60149186927958	-0.5989600066469429	0.0	0.0	0.15930562730340242	0.009235958506253694	0.12049657009040257	1.0170048059335104	3.5080251353413625	0.008362826144095004	0.06149890278253692	1.1491616794037596	1.065369405660501	nan	nan	0.00496889193633844	134.4391697442259	394	4.352547090621109e-05
-0.043320246756484604	0.611377589974174	2.9931668246144483	-0.5847365187045371	0.05129985855925279	0.32974496236662687	2.779854621385085	0.0824982996139419	0.0	0.0	0.17190121640178457	0.0037642162042116345	0.05483923836435006	0.5850582578829335	0.46037515868159673	0.0015752710552978666	0.05105462027527424	0.32490628559113244	0.28973552762039406	nan	nan	0.004979410757944697	155.74477680726852	394	6.958507963340013e-05
-0.04193250575357865	0.6353183741783206	3.480718272112333	-0.5663659047030356	0.05438023270692627	0.3675802363355363	2.6880035404304783	-0.4745800498397122	0.0	0.0	0.15577723564703744	0.0037129185082623306	0.05658272130919856	0.6480110242406378	0.5216018600743881	0.0018756447077173943	0.053055637911817305	0.38007650936727844	0.26825430862976557	nan	nan	0.004852385642106494	149.41330681378525	394	5.922236354647716e-06
-0.022932037717678377	0.5012163354139296	5.861357925900876	6.6389608697124745	0.037160182756594384	0.2330103214010933	4.539275797257196	4.954084481100419	0.0	0.0	0.1670327531992502	0.001527457333165394	0.058786222421049944	0.3581285064849111	1.2316364426963362	0.0009188052496339472	0.03351887303141099	0.18854068394071888	0.4690379250978137	nan	nan	0.0048923130719512875	181.96573565971696	394	3.916879114469552e-05
-0.04325261851359008	0.6495596526815528	3.4734051543057074	-0.6518751970862868	0.05515806685170599	0.3121512896969828	2.258307156896141	-0.5680783678118251	0.0	0.0	0.15966940689211753	0.022934849504756494	0.06165148507034346	3.010149047789633	3.0154836660907263	0.011946429747645926	0.05625799563563613	1.6762355529506223	1.6597533033781293	nan	nan	0.004928690305836161	161.10175989148408	394	0.00011022471322735002
-0.052637302330907465	0.6187543182756663	2.072759569735472	-1.5725693853333678	0.038501216079184886	0.2860592437251593	4.586196783398867	3.873714730839314	0.0	0.0	0.1545464600560656	0.013689355330265718	0.0893242319836135	1.5121351939686487	0.6912317712017755	0.010637437790671722	0.2518996788250998	0.6439306453503102	5.977289509952477	nan	nan	0.004987244963157278	174.19225881598481	394	8.850802017643583e-05
-0.035682320642430265	0.6713764744588668	4.644225078668253	0.6524897677951391	0.05563359666276435	0.4518671105832353	2.945800579338428	-0.6064458521638313	0.0	0.0	0.15716186987948458	0.01349686615926099	0.09509274602265189	1.7443741387504192	3.2337598082743964	0.01179009415483423	0.06330474862042759	1.543231998251952	1.4638242848723884	nan	nan	0.0049114217185796255	176.04537319486172	394	0.00010262015621484179
-0.03035701457837836	0.5929500901105037	4.9486779577269475	2.0735036479436144	0.0429575783157603	0.34385971135839505	4.144954843188486	2.0032274393187395	0.0	0.0	0.15955575665591545	0.0022006859718170513	0.05853036447260562	0.43152574946291766	0.8079549833674883	0.0010749599467869686	0.04616065206778974	0.252154616052231	0.36011130046099254	nan	nan	0.00486968877415106	173.71046387640604	394	5.353981522674686e-05
-0.03617720945162328	0.5786326412513534	3.686878695509903	0.3915322953702235	0.05504565949647233	0.34871157103501654	2.457389803467679	-0.5739740046244471	0.0	0.0	0.15399138667040854	0.015353427277261245	0.0895873597444726	1.9470129180373763	3.297043810414905	0.013403069777125243	0.05856510911481341	1.8337822875212773	1.819020336998786	nan	nan	0.0048714350076389384	144.31584051582615	394	2.5118630715505596e-05
-0.02056617239573666	0.4472148686143959	5.8297282017244845	8.34549837808489	0.05497586170740565	0.3936807733448956	2.6413992004626086	-0.5787309250911206	0.0	0.0	0.15714591658016436	0.008004584958521577	0.2101195334105016	0.45452089844547094	8.402848787911417	0.012516855174145358	0.059470374431418116	1.6594846448757197	1.6226832260551969	nan	nan	0.004917728687142117	175.69183600050314	394	7.328518095201283e-05
-0.0416279621306036	0.632705901871075	3.2778257160137025	-0.562648668905307	0.041106462077797445	0.3360164709116101	4.38046478218833	2.6963735981302017	0.0	0.0	0.16108371172901947	0.014751378745683386	0.0718290985262447	1.999311011189098	1.9896423134834533	0.01783093565968319	0.34187477250451515	1.1798827834152459	7.433308962757145	nan	nan	0.005028937629680999	165.48126576001573	394	0.0001240918564774796
-0.04346805833570344	0.7129411924842047	3.8544353408619485	-0.7119267720076717	0.039996149920108026	0.36349662070322786	4.8656487638823664	3.1441816041234407	0.0	0.0	0.15310188555421955	0.01958818031293169	0.07543934051445367	2.734694454647931	2.5611331238587085	0.014772231182193507	0.30576701138434564	0.8573614972576373	6.644341646519656	nan	nan	0.004913399696647641	159.86315484756295	394	4.474067805809658e-05
-0.04226542905937736	0.6825422902354397	3.6419659339475747	-0.5303597875911571	0.05004189481881416	0.4375978355682646	3.486585978624598	0.2604576065540346	0.0	0.0	0.17156393394008002	0.034505522280931566	0.06696834265402446	4.009346420606329	4.741280335359215	0.02449651315806689	0.1682708435627022	2.4743836747219152	4.505664531727218	nan	nan	0.0050844743110161905	153.825835503221	394	5.0860331741118616e-05
-0.042081688617162216	0.5949493891061275	3.169789972072164	-0.5771338583156216	0.04792507943924007	0.3093013818552838	3.423686049719622	0.8498549780247762	0.0	0.0	0.1569872777196467	0.0069791682903209695	0.06063803130679618	1.0501880497393095	0.9502477806248842	0.009979747050186338	0.1243719126696087	1.1598481564238232	2.7104982047759454	nan	nan	0.004891651765646821	158.71755660226762	394	3.89011048051355e-05
-0.0318537734755705	0.6365691577798314	5.0940148123567	1.7833918490994163	0.05540339175949249	0.39338133768505273	2.6281718728541614	-0.6026193104301591	0.0	0.0	0.16007206554292885	0.0025381387956494583	0.06261795815163601	0.4845758762130927	0.8448440486293742	0.0018968190925555684	0.05310421184383651	0.3781158436028622	0.24038168335313975	nan	nan	0.004892645710182789	177.30586113998453	394	9.027146684662751e-05
-0.04255771859309998	0.6284300276029029	3.3646737123836963	-0.5883592065102246	0.04346781654896059	0.27078217064887083	3.791349984642004	2.166018567225781	0.0	0.0	0.16183048641030098	0.008793110507113788	0.06251089857760883	1.2794772766789297	1.1884173811697105	0.0073038799263408505	0.14833742587994214	0.6790295793088112	2.97760529783827	nan	nan	0.0049573202749122885	149.85886386719707	394	0.00018337112510635262
-0.03247660692893006	0.6218266200417281	4.854517252590261	1.4907719660859862	0.04845600022845198	0.3626211267459782	3.4744850038484265	0.6243601581630212	0.0	0.0	0.1588157960392337	0.022276163552000572	0.22112145936099564	2.4359916636789	6.916125589280691	0.021138954410219735	0.18761892223118068	2.2683563387031134	4.908070888669361	nan	nan	0.004945489447332363	153.17173393264702	394	1.838857179837065e-05
-0.04264450222465632	0.680904756308106	3.774376927796172	-0.5769715744902953	0.043542238889631824	0.3475205823402012	4.157056713533389	2.018740184007684	0.0	0.0	0.16357857234594975	0.014117100467906152	0.06560634444783459	2.0066654610364534	1.9732048294053015	0.010664063114737998	0.1843868464735628	0.8626564454153547	3.7255234116368925	nan	nan	0.004966413494331953	172.8833340640636	394	0.00013372520014031292
-0.03013943009488773	0.5743907220274735	4.84361672348313	2.059075503382503	0.055138737025493656	0.35320667123286187	2.366578267192126	-0.6058622690381149	0.0	0.0	0.1632443399018063	0.002431482990125855	0.06269267218033348	0.47024372807048875	0.9053370569447003	0.001872068644624525	0.05234856144959177	0.3736833582122703	0.23889733103782873	nan	nan	0.004928499338156894	170.41005553976407	394	1.6812240185635477e-05
-0.04158963446739494	0.6415321202774241	3.4887359976061925	-0.5754012298258642	0.054768026673594594	0.38583205617446803	2.625694556776917	-0.5580026953248937	0.0	0.0	0.15417220227520928	0.014601440988797676	0.061092414980897125	2.0777363068584025	2.056110906768622	0.011723277800638976	0.0587588898194307	1.5706199792901663	1.5505814490006824	nan	nan	0.0048826524175430985	146.89742418443717	394	0.00012209501654634122
-0.04159283397721536	0.6857736663177216	3.8957467532288974	-0.5174571357677763	0.05556430473726892	0.42869122184580255	2.847607590790435	-0.5978777874990616	0.0	0.0	0.15897454245814296	0.018700875643995085	0.06245127569177844	2.627996774873155	2.7719773719375738	0.018919906484012428	0.060842093769027716	2.393999947982106	2.397864929328328	nan	nan	0.004919877123244987	131.61912583265345	394	8.11906888706489e-05
-0.047212427236431154	0.6676060046799941	3.0701335069544324	-1.221150819243507	0.04388488451934669	0.36061523439510285	4.20143599626323	1.817457719800672	0.0	0.0	0.15970982612976947	0.004138612576291667	0.055024570271603956	0.668290037511114	0.37637829593148653	0.001149371055579107	0.047812279218427955	0.2623288291509971	0.36664905962062544	nan	nan	0.004841267620223716	147.8558077995051	394	1.9710565623950166e-05
-0.03850306225823874	0.6929672760258967	4.415081599513221	-0.0417502627836857	0.051274614022926546	0.41656585603732255	3.218940710269789	-0.014285366891567067	0.0	0.0	0.16002643909649109	0.003361669304217385	0.059784474135502974	0.6297612937569319	0.6386831614327719	0.0016573029826352226	0.05381995286869509	0.3427969251541565	0.27926020202762064	nan	nan	0.004884792797498427	158.46790049950113	394	9.168223033891414e-06
-0.04215641895054101	0.6486330101388555	3.485605835377328	-0.6001519368889212	0.051082291464488616	0.3613843650562513	3.056759267796462	0.017850922791736213	0.0	0.0	0.16014948814968866	0.003757639293737125	0.05683160017649597	0.6454464349662621	0.5131617680926277	0.0015761887289001963	0.05219686421596273	0.33521973965344354	0.290082344014227	nan	nan	0.004924000624511968	143.8589899094497	394	4.049553668240327e-05
-0.019872667795032495	0.4611928005215964	6.258533463271366	9.34273315842609	0.05550150766665496	0.41028452244766417	2.708053706511167	-0.6007322347614498	0.0	0.0	0.16606743606430008	0.009716759231088834	0.2621926467236244	0.4522613194903675	11.310706616867384	0.009933226134307582	0.0607901265118633	1.331616435969341	1.2520499782254715	nan	nan	0.00504823088211126	167.58266627209565	394	0.00010660298371113534
-0.041622494553787415	0.6707171538237224	3.8445808959173924	-0.5543980481530539	0.051734540823359376	0.4175076651581672	3.51404149306798	0.019343374278717906	0.0	0.0	0.16275230950705152	0.0035298745948822985	0.057665058141052605	0.6528324993163523	0.5217384719394984	0.0015951339902052775	0.053651994891055765	0.34428625732652174	0.28865713253121333	nan	nan	0.004912317019993825	156.75610774228983	394	3.437225889557801e-05
-0.022549217222526452	0.46044993287267905	5.319955726342037	6.295218865011724	0.04121987234367386	0.31711301564408706	4.260316945312968	2.6532492318590855	0.0	0.0	0.1593226330774084	0.013484660157949968	0.31653505645322727	0.6852411626739601	10.977816947836944	0.012484135509478578	0.23993039990748807	0.9256006349637729	5.269417988033014	nan	nan	0.005010715952321124	155.2343147207135	394	7.491746393637998e-05
-0.04154935178764563	0.7107506819340332	4.159341126423836	-0.57600554996989	0.05117420860441291	0.4649542620484356	3.6002090511481555	0.021728896529105073	0.0	0.0	0.1639499743644865	0.003492172287216877	0.05992917311232049	0.6732793703926081	0.5247551769154121	0.0017032014314475319	0.056043802474471244	0.3569758308497377	0.2894021744515288	nan	nan	0.004953071739414408	196.5713811868254	394	5.4877365416824935e-05
-0.041165311005872396	0.637729109110901	3.494550048503298	-0.4867643561853444	0.05559124560090112	0.3992921100471674	2.52846014392747	-0.6175551621487246	0.0	0.0	0.16721718677108	0.004300184974084131	0.057356320080081014	0.711406114581906	0.6253543444210274	0.0022583435633142246	0.054889261934593675	0.41008763116328084	0.2710862934958272	nan	nan	0.004989463657976562	189.79072237532412	394	1.571320011144682e-05
-0.028006788281013995	0.6103037009361427	5.595488066275949	3.3080990068022156	0.05619934668865989	0.44941997537561357	2.9530520544872485	-0.6374022333340064	0.0	0.0	0.1653227254005893	0.010767579584805564	0.1639495602928037	0.9908447387820507	5.059113238445655	0.01235865400971714	0.0649964878058655	1.6365071621349898	1.5241223661201106	nan	nan	0.005023451536456461	205.3214693214153	394	4.664550282261914e-05
-0.04937234567239801	0.6519324876759879	2.5780916660476736	-1.3421261094626442	0.044640535414969706	0.39438020422921144	4.299318080394177	1.5249015622474305	0.0	0.0	0.15528685128568634	0.004265976868826626	0.05413267942030103	0.592762394874836	0.3051351656913694	0.0011773229389135942	0.04949307708232442	0.2754399654880797	0.346294605917956	nan	nan	0.004815487917451858	180.76233056315675	394	4.8081494337586965e-06
-0.04758838724074299	0.6724937003810139	3.1097345068240934	-1.262468977785107	0.04511630264342403	0.34631796358390154	4.127228540886257	1.4764570914677204	0.0	0.0	0.15040305669260892	0.027557604737868113	0.13508502938733846	3.5917922962914988	2.477639932734076	0.019377619621706366	0.26546500794928785	1.9002085592039897	6.220086348659193	nan	nan	0.0049953045784802835	174.502821247415	394	4.111642215839473e-07
-0.028147715402326745	0.5675058546634971	5.240520526565051	3.1399016229226735	0.046376890321448094	0.3305842458606222	3.4602546972343617	1.1020187640294994	0.0	0.0	0.16944004929586923	0.015513839254958084	0.23296097425618428	1.3826576196718405	7.211926921505358	0.010388221323711755	0.1294335533624	1.0775858161904823	2.8101931467209984	nan	nan	0.005061868809719067	132.43193187941793	394	5.722529773790444e-05
-0.04277824803808716	0.6835823790816465	3.7090740586956343	-0.6136001789416778	0.04372560024338079	0.3697898272500715	4.225126557676205	1.8714515647682408	0.0	0.0	0.15665368416686562	0.013861119602524563	0.06640714290539551	1.9609355031840667	1.8807221125919409	0.011122873634621389	0.18508844865113383	0.8989672262802371	3.682826713305002	nan	nan	0.0048923269062668695	159.97384780517876	394	0.0001117520102010103
-0.027729267839323724	0.5834890751180917	5.606927911603039	3.4399650791295815	0.04372211309841756	0.3195692758990449	3.9701892362794733	1.9531368634627	0.0	0.0	0.16014745691110846	0.02187020067069967	0.34611842422659	1.7859737898444816	10.843114030727703	0.01370335056259031	0.20995858267548898	1.2293237250945896	4.830410992871046	nan	nan	0.005022000653843228	180.58702063996944	394	1.8766526904686846e-05
-0.023779188574976518	0.5813677062123676	6.321736711489672	5.611985275556933	0.060857940536069854	0.49602634268368057	2.606619075982274	-1.1363651079149155	0.0	0.0	0.1567461973118181	0.011608510529278637	0.24128031910105818	0.7477048893876437	8.29264083454528	0.01353027315740618	0.09180362736210182	1.7950151453373566	1.1439143529920963	nan	nan	0.004922092492838259	165.6625356706677	394	5.0129468178962586e-05
-0.04549160164641641	0.6218328700992393	2.6747595690755963	-0.8833050799317372	0.044071281374765015	0.3108249432168767	3.8256444943708385	1.8084911336559832	0.0	0.0	0.16003159086340035	0.019273083482079956	0.0698038220947858	2.247186726645322	1.8558185939617589	0.008192613509471536	0.14603296613558225	0.7489106938540031	2.8610605318601476	nan	nan	0.00492379234434627	173.93587585146207	394	0.00013601223365733504
-0.04230615749843414	0.6163953761798276	3.086375995988355	-0.5974027206677548	0.05458081229190648	0.3545402147419123	2.3395137294152404	-0.5319964157453465	0.0	0.0	0.15572106388083662	0.015963317123397935	0.05995386099383515	2.0747586970817418	2.0391327263495684	0.020443514117725825	0.05727734195296791	2.4781019028920763	2.645701269918696	nan	nan	0.004872341241822273	205.13780988567643	394	5.9579200187995345e-05
-0.0490054389793354	0.6580786327281734	2.654050750428718	-1.116595909290088	0.04225432169468357	0.3277757631070086	3.979057827967633	2.3119017495973417	0.0	0.0	0.17151648963726085	0.021977969512705364	0.08689581489727916	2.452672745383829	1.726427349823345	0.010392767108225565	0.185486394621288	0.7939465180745362	3.844353871542789	nan	nan	0.005074124292288901	152.20809776381432	394	0.0001114288044873588
-0.024046280260479835	0.5206040510492563	5.655102290146506	5.343837124818638	0.05503625375440824	0.397225324849962	2.655384490233579	-0.5753879529674512	0.0	0.0	0.1546372836571479	0.014450411625604564	0.2828008879869176	0.9480382435229657	10.006556830669366	0.012265308943090525	0.06333932139669649	1.6256861688505821	1.5839615524359425	nan	nan	0.004876953640143497	182.71332326156937	394	0.00018116171222718217
-0.021507928698133894	0.44961125625708004	5.653952772932415	7.703338458567714	0.05559714543082217	0.3511907480191572	2.368475971965246	-0.5939929404215557	0.0	0.0	0.1650909401699766	0.009087730098682634	0.22291454499915145	0.4953696650214914	8.674763513120524	0.00969637265491452	0.05899942048687393	1.3141739869239677	1.2458931289884068	nan	nan	0.004981831131353476	155.34795618382603	394	7.609517767263935e-05
-0.042094416813679536	0.6665353986497426	3.746700991146839	-0.5819158961571103	0.04949872836096714	0.3467331890709951	3.0344741467705143	0.3413119625142947	0.0	0.0	0.16026423701889694	0.02734142866757855	0.06397517001857767	3.5987058298124337	3.921514199346984	0.01562197084387884	0.12845609878428235	1.7144100023986828	3.180325581640967	nan	nan	0.004921985768075038	183.0851610711705	394	1.6563831703017933e-05
-0.038736705742559385	0.7133835963586418	4.579911062292551	-0.027184983619189976	0.051377637870494874	0.43563557830933913	3.4201161610467756	-0.021861361791405486	0.0	0.0	0.16052713202538227	0.0033255927187518797	0.06010534596128192	0.6222377861247701	0.6329689384843872	0.0016425713613879012	0.05463488263803307	0.34837526065944857	0.27995146627745	nan	nan	0.004913968989272405	136.99979766127814	394	8.760300855450049e-05
-0.04108882901741984	0.6019539171985235	3.3561340118144924	-0.5668935680413087	0.04405817318064176	0.2899077096807765	3.822606174855449	1.8990512694606216	0.0	0.0	0.1562680104288593	0.008653286684031147	0.06314975091452102	1.336101527107177	1.2626816121440934	0.010527034493119092	0.18884432037947987	0.9747130359610288	3.9419539598895934	nan	nan	0.004896928013402385	180.97535012160134	394	8.962702104501915e-05
-0.01781749700699664	0.41206868826681914	6.287922808822229	12.104814779200064	0.04594636487149861	0.3971635679094142	4.089424329495296	1.1345016882203884	0.0	0.0	0.15548156195540902	0.0027469099341785874	0.12113535605759396	0.44636697075280507	4.253311207635306	0.004800054499891848	0.07456160299457809	0.5909515924367152	1.2757906096602423	nan	nan	0.004815875816155266	196.1633042787977	394	0.0015824277512443863
-0.024852074221828224	0.5190458064990535	5.529535482956113	4.817675334514945	0.0426607131749237	0.3329517850159955	4.2197249887149	2.24738807088755	0.0	0.0	0.15586928861290678	0.0112366635616033	0.23208164095767012	0.7875341254785453	7.25464959026968	0.012010373610471747	0.21271523258102232	0.9600130889201195	4.546176618830762	nan	nan	0.00492575636948922	164.01569554602796	394	0.0001645950220025659
-0.04279589359440783	0.6704848716653471	3.6532464953701806	-0.6471543900939863	0.05452316627711551	0.3689190414708882	2.687478837756794	-0.49816786411789227	0.0	0.0	0.16145663909381597	0.01895377063988879	0.062777239795626	2.623562036463312	2.5650113140665205	0.018052922725116494	0.05893660301346762	2.38904413217053	2.576941859625987	nan	nan	0.004977269227882539	180.95993400370796	394	7.831289940708274e-05
-0.04176978083552707	0.5950444578265419	3.0008170886326466	-0.5793475967467249	0.049120597477686934	0.30120746673936694	2.7454723851014364	0.2857973764842404	0.0	0.0	0.1482827290244609	0.014919996172418126	0.060282881793299214	1.9768566947206099	1.9491235093030532	0.01104567533903078	0.09711668005577681	1.3408694171315592	2.3366934338989336	nan	nan	0.004820282714103036	185.7247482163167	394	0.00018493358264584298
-0.04091426993655656	0.5973246682264151	3.1145517884070717	-0.5902102870995399	0.05081809219605149	0.3520246804121317	2.9667737819618125	-0.021546644641460607	0.0	0.0	0.15567358267174697	0.0035747776396283792	0.05654732381265426	0.6238294450815918	0.4896581299380337	0.001577473214638192	0.05241354236817608	0.33882295887724156	0.28966221976467665	nan	nan	0.004902954994424502	167.65537465079709	394	4.010374904794859e-05
-0.02627829752439992	0.5203834886082901	5.132664356332103	3.8500766814535177	0.043627722946819825	0.3082918004512374	3.792979924869055	1.835792500564215	0.0	0.0	0.1577740209093934	0.014233483909047218	0.25644364699671207	1.1195194450246087	7.786210259941266	0.012948961297354233	0.20707864913466112	1.1711734451319704	4.533960659060125	nan	nan	0.004960616751978453	152.22086983731882	394	1.0156989191615586e-05
-0.03423080386170563	0.6153519964374494	4.337195128801091	0.7818615938314896	0.05264227886213568	0.3750435223277321	2.8578772813998348	-0.2395891655402945	0.0	0.0	0.15734247638108456	0.002780592049128394	0.0598267523088466	0.5259022294322313	0.7112619718242902	0.001656735870533721	0.05259508608101915	0.3478672149161839	0.26147039186238763	nan	nan	0.004868575807242703	190.11512157782866	394	7.504770517213507e-05
-0.01834403284769137	0.41845575631380383	6.382202009078069	11.597448710532083	0.037202549542479924	0.2659679158340583	4.6215520296739125	4.643590289284189	0.0	0.0	0.1586743541939555	0.0011908376820486954	0.05789629172046551	0.3507927483366302	1.7020364664471128	0.0009034089054476002	0.035463752736422355	0.1946565117802912	0.4481746106899075	nan	nan	0.004799089557674177	194.58754086359116	394	6.279091156710526e-05
-0.0260085163634054	0.5061440245434943	4.990173692653986	3.9835676803913107	0.05451098453682923	0.35948463700469646	2.5430469441895664	-0.5732338854998958	0.0	0.0	0.14791568926875265	0.009517637169374094	0.1675176703968581	0.8134523156853066	5.265788782884031	0.010414800173820904	0.06014824885733333	1.4760111293264853	1.4323244600102987	nan	nan	0.004828178581680845	172.64828713224625	394	1.178006852520482e-05
-0.04127763170295773	0.6639794968467372	3.8472931449544703	-0.5881018552619489	0.038081650499714126	0.29375061804520347	4.892463651404282	4.340509305554601	0.0	0.0	0.15614078893846284	0.008187385152315152	0.06902762279216701	1.332771750981296	1.2278952807348094	0.011440777436216187	0.28769655169645314	0.5758208919902716	6.936293953865134	nan	nan	0.004957823105778178	132.50136796023543	394	0.0001743541013606569
-0.029239462786129877	0.6155277292154869	5.3781784704998525	2.5301532250238195	0.045758540602400144	0.4224632519692544	4.18730208500867	1.2097745183762545	0.0	0.0	0.16802816292578365	0.002144703771727985	0.061733494790993215	0.4422872634720072	0.8762600751710221	0.0012185480647159963	0.051067615187072035	0.28573910210263054	0.31863968319386193	nan	nan	0.0049600937245812965	146.81877188576627	394	5.632839759327878e-05
-0.024324695035764066	0.565113485543304	6.040163364650958	5.22114536628466	0.05727041345144168	0.4473686445469883	2.707782483755752	-0.8594995381687011	0.0	0.0	0.1631055805837669	0.014453779666301736	0.28329052290158374	0.9481814557952974	9.750385093113882	0.02306816138747414	0.0870228384400398	2.9139983347690297	2.494873546049548	nan	nan	0.00506765644610295	139.60545672750828	394	5.221556271348879e-05
-0.041493755123936604	0.6215988102688925	3.2291552741337375	-0.5946951553785554	0.04986213563683739	0.3722030914566092	3.1803629398951405	0.2470874949700067	0.0	0.0	0.15777920728214911	0.014019150400202018	0.06287208580319692	1.9438896164679962	1.889186734633172	0.014162528926447981	0.11029997470014172	1.6104832546567625	2.776155483676184	nan	nan	0.004914525362319913	150.48433538822647	394	0.00019850185691602803
-0.03872336031742796	0.6133231143041997	3.6809430284518574	-0.07582998742103693	0.03842841891655935	0.24020392478424496	4.25434803669377	4.189455996516563	0.0	0.0	0.15590157314754266	0.007254391894791767	0.053993632070375774	1.0827429895396172	1.3756347424175148	0.0022397803052114362	0.06521118522148367	0.27922897241147027	1.3335947114387425	nan	nan	0.004684389821878118	144.98754168048325	394	0.007275858586020748
-0.041543830367827606	0.6506655366293923	3.7329089031444598	-0.5743601343016838	0.05479558028946019	0.3527952786394674	2.3829437717813384	-0.5948638829328222	0.0	0.0	0.15887349064452627	0.009205747791561747	0.06146992298693699	1.4397973311617562	1.3626930140136155	0.016938292060277527	0.05847375888710818	2.2158802599606338	2.213278691770768	nan	nan	0.0049774633724021244	134.54026315258346	394	8.405459224419122e-05
-0.05240891484028476	0.6980571510069986	2.77152028683029	-1.4814896438293246	0.03862645051527225	0.3026639535474986	4.6567255508787255	3.952114187744724	0.0	0.0	0.1641481581050454	0.0167698785705907	0.11393451898100437	2.1270529216410106	1.080037100661462	0.017213037574399515	0.38061483206058044	0.8759723378832565	9.337947016723405	nan	nan	0.005139698734321296	131.63470560794383	394	4.886430796296153e-05
-0.04217015600961227	0.6317726255706875	3.3039800088815765	-0.5763698313620892	0.0431869315740403	0.3284147440122692	4.064071463743467	2.1357718020652743	0.0	0.0	0.1619969696351151	0.012118170394377792	0.06455356830998982	1.6753679392050875	1.6226456174440949	0.010406609304231096	0.18977681391454415	0.8229479791615084	3.813589822031438	nan	nan	0.004934698785746899	129.05166563458752	394	1.5976233183358484e-05
-0.022956054204824494	0.5388621356921132	6.374771860385591	6.180051890080065	0.03657406427140608	0.3096734124645689	5.062737483705186	4.701632792430208	0.0	0.0	0.15682228061466197	0.00156910059197235	0.06125446477514693	0.38827881612853776	1.2390455253399286	0.0009157067061810187	0.03814623611055418	0.20974007382814897	0.459811246015456	nan	nan	0.004833019076071102	170.7984484262488	394	8.615439479685628e-06
-0.04241272277494701	0.6323117582042346	3.3907755761491467	-0.5881501492561606	0.04441515574319821	0.27982357969272703	3.599452621155069	1.7561490264476927	0.0	0.0	0.16138869868029082	0.010692312503843615	0.06287202306323258	1.5291276920583952	1.4532681786531327	0.007853357972935737	0.14331983347779548	0.7597194031265648	2.8270423021842945	nan	nan	0.004942111215010578	157.7677026217148	394	5.73803773462138e-05
-0.028588283746982524	0.5540982217769891	5.269787536403205	2.994639018590762	0.05477795865104973	0.2757711477860921	1.9217360196804911	-0.5774144371988026	0.0	0.0	0.1523380704816799	0.009943417679913191	0.14842505349454996	1.0051544987405387	4.566158348496108	0.011044197069839612	0.05585488020219512	1.5206362522817019	1.489162277119751	nan	nan	0.004827682572521572	179.46931099230883	394	5.897282583186981e-05
-0.03618904041295001	0.6408798574441072	4.239134625744186	0.5832069761633893	0.03869574542966858	0.30358968115034846	4.615794250723252	3.8400326873971005	0.0	0.0	0.1680486670807554	0.010540093963372188	0.08886228212083758	1.2778053207389528	2.326634106011197	0.0055970519276432595	0.13219336597483072	0.42784155429794346	2.9094812179130054	nan	nan	0.0048555828840891185	144.50154893466527	394	0.00018547378646909373
-0.04244865867890302	0.6487319231088605	3.4993112533499104	-0.562998902215311	0.05566099283479087	0.37924618962878615	2.5657597001577024	-0.576168501359651	0.0	0.0	0.16250056519127415	0.01761399588178114	0.0604302096111165	2.3805152652358474	2.4186593405239196	0.008411353840408142	0.05869463414714657	1.147871284426719	1.0853044002165293	nan	nan	0.004930151816591247	177.70507735245317	394	4.653818816760484e-05
-0.023122151001878866	0.49711007660512385	5.681846745445396	6.118971690528809	0.041215118915932214	0.32959824593969267	4.380913295003595	2.8221580132478987	0.0	0.0	0.1670835212726221	0.023787520142912966	0.5123783769115657	1.122900027076731	18.572042144301932	0.014535781475092602	0.2589942681426956	1.0439611219355798	6.072014530398157	nan	nan	0.005139092671337567	158.7157300983306	394	0.00018821118125364895
-0.05290608834894561	0.6085282975850377	2.0375661877064415	-1.477793254973263	0.03627854294261845	0.2102439941985062	4.570687254552181	5.613155483961682	0.0	0.0	0.16690772890847572	0.0043830866755008024	0.04726481050740494	0.4970085648502245	0.23466977518668827	0.0009375121252496177	0.03213071246661853	0.18368917803211238	0.5113368790900858	nan	nan	0.004877939482775442	162.40332434412142	394	9.849785766089001e-07
-0.04308522287673444	0.6748629291611563	3.6477761996502958	-0.6070495056352828	0.04838485492657196	0.3472897771385402	3.3935561914231718	0.6892025685792014	0.0	0.0	0.16452555659414758	0.015220133445885853	0.06554935091772307	2.106274640915479	2.0456647668507566	0.015357864452651082	0.15783033917003386	1.631332459835296	3.6441611541045034	nan	nan	0.004974209014851599	145.95161796772763	394	0.00010782590293338223
-0.025995250193310948	0.5902486209282611	5.791466640969066	4.434544055798301	0.05681589932399245	0.4402384434537575	2.6579104449157716	-0.7574830387527691	0.0	0.0	0.16029689568092248	0.0020418616236625997	0.06615253940564081	0.41367287918175233	1.1593642802816988	0.0020401301281433026	0.05383836849828294	0.3882003916042809	0.22371470351793582	nan	nan	0.004895152590208465	144.30370778874777	394	9.012064948349715e-05
-0.05538747323780924	0.5719822216586632	1.5011492252396375	-1.5708997561472837	0.038848764497388055	0.2519893742117696	4.225609977905597	3.8717810539030966	0.0	0.0	0.16094032082298168	0.0137707540454578	0.07609817715228676	1.132532649784812	0.4981660151470813	0.007840231222191685	0.19872769501437676	0.5177126385208477	4.566882796580371	nan	nan	0.004950186039637913	184.19772293051867	394	0.00018031548771701221
-0.01846953230271864	0.37660183682220666	5.296352784815614	9.94750957709849	0.055104370203892916	0.4259188374510151	2.6914122625090195	-0.6347354099740556	0.0	0.0	0.15408662453121091	0.008647574163587857	0.2551002395483789	0.40999831345412563	11.394302989949772	0.011235126368513537	0.06265806503250776	1.4792900383006629	1.3524262681455101	nan	nan	0.004935401804443268	213.9110820490439	394	5.536018848602399e-05
-0.04293219254724534	0.6430693205352808	3.4718938003478255	-0.559315377177528	0.05168929818602708	0.37228647513307356	3.068030145843328	0.0438535911166535	0.0	0.0	0.1610660712624985	0.0035188823565106553	0.05498538779071038	0.6038944472897467	0.4766890965488648	0.0016075288542576338	0.052028751629205894	0.33252140371352	0.2864439555464174	nan	nan	0.004834751586664146	150.2984906563057	394	1.7377159611462627e-05
-0.019677523683332088	0.49998172065183827	6.273318329178073	9.404900083228286	0.05667945832243948	0.5135227618597282	3.101514487036874	-0.7174245391385692	0.0	0.0	0.1601271737238931	0.0014747971366567136	0.06657430888344462	0.38184344186242836	1.6495001711818924	0.0019968791590309065	0.05499800935257537	0.3858243536454484	0.2209439169455676	nan	nan	0.004887540315868688	156.78684919590043	394	8.657023067846989e-05
-0.043319848531820804	0.6622016471772769	3.3746076097141753	-0.6814568025206947	0.04684012001900384	0.3743427944251751	3.6931789545515734	0.9897603255913401	0.0	0.0	0.1585760891083215	0.0037972798266198704	0.05548537045851343	0.6217922677053906	0.4729644313168853	0.0013159348749562927	0.050518649938876004	0.28632122862626685	0.32962638783185116	nan	nan	0.004812615386035529	176.44381714372824	394	7.06027631534793e-05
-0.02405181474567797	0.49545807959621563	5.40227114696031	5.348369671029618	0.05489059808442853	0.3583045830996708	2.4308532791162523	-0.581213912530279	0.0	0.0	0.1653804786589527	0.011528404455170338	0.22941357179355767	0.7956690210933206	7.995443639882603	0.019309696177987168	0.06142778949462768	2.4691958580081006	2.5329677231982997	nan	nan	0.005036981557315814	157.26710346095777	394	0.0001697759775864768
-0.023491706701852633	0.5183901983014307	5.854269069691213	5.9176407081481175	0.044283876069869166	0.362493467836244	4.091151946371167	1.681651115270293	0.0	0.0	0.16293760773320093	0.014522342691404566	0.31776134479546697	0.7896557872645067	10.948342419042357	0.012555475848628594	0.1859519514914933	1.1117439558105564	3.9771643220623405	nan	nan	0.005023303772909549	163.42731675409988	394	4.683074905894589e-05
-0.0430665048734451	0.6546193772275747	3.2578854556863988	-0.5709625841368953	0.05586211962053822	0.433375681516466	2.7585975072445166	-0.620156569565655	0.0	0.0	0.1665046333157652	0.016794794428812265	0.061303365790296716	2.110930722877098	2.106383104797997	0.017255938700463935	0.06213651944880624	2.145699592053807	2.0833719049327124	nan	nan	0.005016068904857202	144.15241096225682	394	0.00011978121570709091
-0.04915989713055369	0.6674289400457	2.7290552381198063	-1.3655013087982661	0.04151752438476386	0.39976149350363444	4.713566726717156	2.5174197704122383	0.0	0.0	0.1647310768336817	0.004256049680409768	0.05474351226827451	0.6189166791812319	0.314401722104005	0.0010945489093571181	0.04810270019258972	0.25974655687355463	0.38805193186603815	nan	nan	0.004884271055413156	161.8509662612075	394	6.0003212269604715e-06
-0.043133964788678814	0.6418330468533864	3.215862847938623	-0.5982298860384933	0.04322520316876277	0.34049786584769376	4.168878128960154	2.171700282830896	0.0	0.0	0.16545678562133054	0.014783025156837215	0.06342292871477517	1.9093668577488492	1.8524608868190298	0.0091948890282616	0.1663976656551198	0.7415560774034926	3.3341863762350448	nan	nan	0.004966415301445787	146.85023262226403	394	2.966888817322232e-05
-0.04315703117977576	0.6193166722538775	3.015694955907043	-0.6199146233699411	0.05533436632355948	0.3680923024699567	2.475397971305285	-0.5651729170407545	0.0	0.0	0.16499856225043882	0.004483265459640673	0.0560284270886644	0.6671530084999902	0.544410323656377	0.002043507380953824	0.0538325050729202	0.39281438685041214	0.26243811564196395	nan	nan	0.004933763937465141	138.42148560209455	394	0.00010138011648966803
-0.022382134638118334	0.4662935029154136	5.752139453451156	6.728903390375043	0.05734081568698102	0.35802672220737075	2.302202179666817	-0.8312728933609749	0.0	0.0	0.15917970741575793	0.0016889059639878523	0.06575835645836645	0.3935279558251339	1.43973483767901	0.0019138048625335635	0.05171963118001946	0.3848804317166027	0.21835921363007163	nan	nan	0.0048809300714675735	161.29797189134877	394	0.00012207656636866344
-0.02454037456822966	0.5042416248716304	5.561278109152681	5.154170244931985	0.04035355203952373	0.2526357636746697	4.2363773287299615	3.400090715805926	0.0	0.0	0.15420108796178497	0.01618309045968197	0.3376453192367844	0.9863901022954868	11.045365408065994	0.011996709555062601	0.2755456757305089	0.8457814597922793	6.557813042930774	nan	nan	0.004989906034846114	146.23353917842232	394	2.1815617904230888e-05
-0.03298410582456879	0.6401032446419016	4.965182531359097	1.3613129870996965	0.04523262049558774	0.36538068878596286	3.9268003232863484	1.3908461797386122	0.0	0.0	0.15710572432168096	0.015833596235408975	0.15890623151324312	1.8248200601565006	4.819190892942318	0.014372846460137811	0.19035199278383622	1.3365238508483195	4.182667446760355	nan	nan	0.004944199646133712	145.10502981802466	394	0.00019601352439161312
-0.046787239894743204	0.6338622734682857	2.7033010604883074	-0.985518841783496	0.045092140477776654	0.30849414411661263	3.5658708825258536	1.5164458392732716	0.0	0.0	0.16066924137580396	0.019386490074798646	0.07464877775295842	2.2790017738187194	1.752580795460474	0.00938902484882398	0.14707767349085357	0.8867596580662889	2.9623234250634183	nan	nan	0.0049190073589352595	143.488311666001	394	6.8251870626196e-05
-0.024817312927633672	0.5556750943245532	5.781386957104274	5.000012464862717	0.056631653095884804	0.4239071501044861	2.601478704293311	-0.7069025220333968	0.0	0.0	0.16482559118019224	0.0019396173682001416	0.06638185429101837	0.40884388350795664	1.235414812596866	0.0019969045732128876	0.05317004377786902	0.38015930450340396	0.22493281139675733	nan	nan	0.0049385230763719645	184.52748953921784	394	1.7810140930862253e-05
-0.023458910838843217	0.5378590677908889	5.753823582134492	5.909512444057259	0.0559138671100341	0.4627954948397728	2.8758539288143483	-0.5874277656380561	0.0	0.0	0.16649231694050995	0.010182538302193567	0.21127329525695215	0.6512281218072622	7.415943011367847	0.007851338159479138	0.06411743629845937	1.0140215288217038	0.9288953565374625	nan	nan	0.0050212100868924775	185.61799351907644	394	2.964573163786987e-05
-0.03586743512147306	0.6403563408499555	4.259229008728734	0.6391355522152518	0.055436211000125635	0.38192703952740653	2.3936919525180134	-0.628886156425846	0.0	0.0	0.15616108204597803	0.01963496083606664	0.12136209733723446	2.3489743794875526	4.556737190777393	0.012241667477772555	0.06155966696119766	1.5551125765927563	1.4778530910321461	nan	nan	0.004920166273176305	154.7254075687913	394	8.862568312327546e-05
-0.042490000842580256	0.6587988916989873	3.7212058252131963	-0.5837112747999088	0.03951514136258316	0.28054514105928796	4.419528469794579	3.6364564289321977	0.0	0.0	0.16153476415170456	0.00690406555308315	0.06734854000383111	1.0971153258024586	0.9820016851790558	0.010892757187095592	0.2623866995304905	0.6409193362764443	5.89703872184488	nan	nan	0.004975326624429094	155.7490158979295	394	0.0001836505400223735
-0.04237076274052021	0.6440249847462725	3.4937290721870475	-0.6008445912287966	0.05470764611517587	0.3173967793864643	2.204880446367859	-0.542232023206096	0.0	0.0	0.15851300756118028	0.014517410856278501	0.06102167074300502	2.0441490637669504	1.993177480879726	0.016824455500826896	0.056066740328603315	2.1836484410777928	2.2759728605441425	nan	nan	0.00492202640381828	142.49306882970885	394	0.00012131244168305833
-0.02893172695623103	0.5255615457059544	4.734576509888267	2.569358902720531	0.054640803953498907	0.3138958078481093	2.2760305584430722	-0.5743088276159478	0.0	0.0	0.15031305611718332	0.007988446835522134	0.11796219880960462	0.8688347346235372	3.3813090845474516	0.008832801841112903	0.05711342848219991	1.2894802636635374	1.2399576353305732	nan	nan	0.004840624802711607	173.9698671846482	394	3.351818090727944e-05
-0.04199366954732664	0.6721445307398846	3.61385644109116	-0.5767922084977101	0.05076852997929837	0.4148244549134299	3.513851964570125	0.1276819048634012	0.0	0.0	0.14884755218153856	0.0037131220276684362	0.057786578292978785	0.6392396040969617	0.5115907506023831	0.0015542917854659555	0.05321427711767324	0.33435986521271843	0.2916279272730943	nan	nan	0.004734989334001169	187.31582241612116	394	0.00011219284001847654
-0.04313970204713313	0.6517551574032441	3.2593062869359923	-0.6804245266902661	0.04936542727926785	0.4146647260757556	3.5434003293138474	0.4363021923089696	0.0	0.0	0.16847201121073668	0.003969342668865061	0.05645133332776586	0.636567860763344	0.4879999144813809	0.0015225518141237515	0.05376286374519587	0.3220101993503457	0.3056055836666223	nan	nan	0.00495670473403681	161.94656559641174	394	5.3197878357448935e-05
-0.04149113731331	0.6244137249732581	3.4367086179845128	-0.5717974049383118	0.05570360034011279	0.34893318759035424	2.362885588672005	-0.5981519406614043	0.0	0.0	0.17726200820035812	0.010482829251950265	0.0613720912837995	1.5587497162896788	1.496279728493418	0.01525443537286375	0.05836883190335396	1.9968748556976295	1.9643793431406495	nan	nan	0.005128363915642642	136.85083957223344	394	4.0937255640202425e-05
-0.024406096492447737	0.5469185228271009	5.957869345219937	5.373342047191032	0.04431095258409057	0.35860971128105745	4.037270044950559	1.615368144377468	0.0	0.0	0.15417078453534155	0.019031350170590933	0.384343530310103	1.0865799344775584	13.102234012941349	0.012892320065781226	0.18141392109244872	1.1951623227505292	4.037379203616747	nan	nan	0.0049298410869970805	160.23430117208957	394	8.385258942361389e-05
-0.04222456903803351	0.6451839027546522	3.494736050190629	-0.5912368506545582	0.04089824386406371	0.2806358808133124	4.337239345499747	3.1468658629329442	0.0	0.0	0.15562841653161325	0.013462336363808391	0.06428569675043794	1.9102455279065693	1.8550218316549107	0.008106091337455545	0.1897816987561705	0.5940719798836938	4.060446446299555	nan	nan	0.0049049369382795915	161.66157563145893	394	3.939652380365228e-05
-0.045509249125893936	0.6582925557895337	3.000594871852055	-1.0038670290890304	0.04592392066409201	0.37921021293598695	3.659816937257218	1.0374292926826978	0.0	0.0	0.16558762945308608	0.02457878244973749	0.09107098678068198	3.06729289449656	2.4737002951164655	0.017650874388431603	0.20715547925853892	1.6419410111154682	4.516249243140094	nan	nan	0.005046878314249631	126.3321155736231	394	2.6910439194383598e-05
-0.040382065802945344	0.6166477683075933	3.4345875621664224	-0.4290052959266975	0.054316279261616085	0.36794190389436404	2.621928933534564	-0.5008759057107077	0.0	0.0	0.15717846207253017	0.0038611157940178775	0.056630326499687356	0.6615474820751253	0.5865183640637802	0.0019292898688390014	0.053640476343490506	0.38634414561820396	0.2687751474081969	nan	nan	0.004876236307219922	163.96002551323392	394	6.393227185534291e-05
-0.05054257443546706	0.6418476576416112	2.4388437956235984	-1.3106790775200488	0.04360863173546514	0.35541088433425455	4.105866293626512	1.955340722492495	0.0	0.0	0.17207626698399003	0.004469499652522246	0.05237465680694331	0.5752392536773602	0.3023534062784592	0.0011218691068141107	0.04735933068866116	0.2591969044912732	0.36042891976131053	nan	nan	0.004963499285647904	171.3574921104959	394	0.00018093418586055684
-0.041288628790731585	0.6224377864415798	3.532990975147926	-0.5448491145480057	0.04340708769880819	0.28662958287487617	3.8885038405620804	2.1429261783116718	0.0	0.0	0.1584739718880515	0.010085733880009773	0.06518135130796543	1.5331827078533657	1.4958196699515907	0.011916211496344253	0.22477852811072238	1.0129854444575397	4.727976409661493	nan	nan	0.0049399122221450015	180.16465593060784	394	0.00013666424348138544
-0.04150803970954897	0.5771081785147674	3.0399280599380774	-0.5803463992538734	0.05504190555225685	0.2908615162089221	2.029361006027734	-0.5789117684791298	0.0	0.0	0.16049333775945557	0.008500459596273768	0.05932298311640877	1.2476995223715215	1.16158502833697	0.007692584750922382	0.055822001767975526	1.0966141098596933	1.033253681883751	nan	nan	0.004908707975639845	167.0585115823896	394	6.989450925808033e-05
-0.027971237723700026	0.596173554484831	5.5076275418186915	3.0672255614193693	0.054589089660738166	0.4151333699969098	2.80747917683412	-0.5435970912614677	0.0	0.0	0.1570463416190921	0.0021440462492010037	0.06440626657182141	0.44269643471777087	0.988866771464748	0.0018183386027774695	0.05346254015303817	0.3707187120027635	0.23844923220681707	nan	nan	0.004887514633299075	124.58394995988122	394	6.305916220526031e-05
-0.024301790975460702	0.533402880199457	5.670685233788063	5.138966773524403	0.055098010798821706	0.3989538191149455	2.5206498371142922	-0.605668090992378	0.0	0.0	0.15391865607126065	0.01297027398569156	0.25139009870472406	0.88621818872803	8.669498137540696	0.019263259557788293	0.06296995744549186	2.3527997531841547	2.3466476354497154	nan	nan	0.004901283287368247	195.0431147264186	394	2.391129804025116e-05
-0.02204653993011041	0.5130363823829848	5.9345974798994074	7.03209927593653	0.06485619663908859	0.44083673689346203	1.8771523832084192	-1.4022424825123587	0.0	0.0	0.16027249306497238	0.015095093289234751	0.34277647635130176	0.68545199501503	13.03685473973196	0.012049313768578207	0.09542632540523738	1.4225892050436513	0.7045513643416891	nan	nan	0.0049535572010329515	164.5742402899449	394	5.37069992803147e-05
-0.029986144840826956	0.6003529186263352	4.909736116817504	2.221756526594725	0.055838312111196275	0.4421485181874496	2.726219465957654	-0.663788120484849	0.0	0.0	0.1657097288775778	0.0024884808251562363	0.0634707484980413	0.45952676457857056	0.9268750406602169	0.002061294389529733	0.05479873995528747	0.3916320748676545	0.23829680261900682	nan	nan	0.0049741163571361685	164.2103918440209	394	3.0157938622139363e-05
-0.047995929750989985	0.7126634375254604	3.2766411436605702	-1.1849484911525738	0.04480206135433118	0.4121563750161512	4.429637896487918	1.61100267550949	0.0	0.0	0.16127758352583196	0.02184570178852896	0.10173044391173242	2.872438455403572	1.9753257124209533	0.014426578680296731	0.20187124873507195	1.232148422737768	4.315733927445443	nan	nan	0.00498052487654696	152.01139615473832	394	8.047217520004726e-05
-0.024047932613899037	0.5651881957256254	6.323581485425898	5.685937118020875	0.05436140923503596	0.3952835731398761	2.707901426633958	-0.5340048265300215	0.0	0.0	0.15237354225267616	0.01751002395283191	0.3445189173789154	1.0651547278214863	12.602599839247016	0.041404585860869036	0.06464019460430073	6.322498902386112	5.572942222103647	nan	nan	0.004904485033928471	184.86950150074577	394	0.00012687227831621045
-0.051650549198987705	0.6371534252047996	2.4388803451363272	-1.5511721663608782	0.042546478629202245	0.2937064639786323	4.244027384739731	2.5104927504087944	0.0	0.0	0.16246137954041628	0.018144692781851546	0.11533287341256165	2.2536468765535815	1.102774967446874	0.013723993210937757	0.2585690173747017	1.13344123619135	5.920930488066166	nan	nan	0.005122106096039261	186.52582324831275	394	2.1405398986494792e-05
-0.03588239717953945	0.6158885150229577	4.178055334187124	0.47611909270388775	0.03957121595392499	0.23572452558030682	4.134315478942325	3.7585625889697893	0.0	0.0	0.16257796428366886	0.002307660131969702	0.05494081179122656	0.5317150249177105	0.5122273025172517	0.002346393304820338	0.04746299485519975	0.32228722951216504	1.2473042653504132	nan	nan	0.004746887083636131	180.30774509199375	394	0.012947420666755938
-0.04321444699649868	0.6384823113345949	3.306209433260739	-0.575281708870176	0.04725653972095922	0.31783139185997444	3.444722097585373	0.964620872327566	0.0	0.0	0.1618061334221063	0.012386121032284425	0.06137404578014827	1.6560489705016659	1.6036683347199727	0.009364444865706756	0.12202350371878712	1.0305173148968394	2.5528144824388552	nan	nan	0.004946406995179148	158.85675756873883	394	4.063561183218176e-05
-0.043335170704918435	0.6482032740199442	3.417439183176987	-0.7295983334478598	0.05489470157664944	0.3238663551663767	2.3569140124352046	-0.5634758586430401	0.0	0.0	0.1613136554721334	0.08375372675553516	0.09363678854831287	5.096289788743657	10.693228102843278	0.00838227358028587	0.058925778871399215	1.2241007912764927	1.1768269927580488	nan	nan	0.00498423349461799	170.50711963577643	394	0.00012773335421246908
-0.04170010145597858	0.6569453190843472	3.6422360343205713	-0.5717847993669806	0.05508234419864233	0.40561443186356616	2.8510471236028745	-0.5839619823551127	0.0	0.0	0.16204888230020856	0.011838608001972784	0.06219430590124192	1.7445115889130753	1.6930625992952524	0.01618178731374853	0.06080183883457574	2.1934825356128025	2.187356814832571	nan	nan	0.004997224685902538	169.0409481930302	394	0.00018846663773510762
-0.04267421996868692	0.7103436804054406	4.08141357526633	-0.5451002910796205	0.056057868656004706	0.4055822698966458	2.6209046450559006	-0.6468900469290845	0.0	0.0	0.16633913398049277	0.016354953283354234	0.06260871831094944	2.331542768379816	2.3753542452616703	0.01741741239342731	0.061655149538227205	2.2141107003220553	2.118018625929515	nan	nan	0.00503567126387236	174.38301278562656	394	4.986312517070116e-05
-0.02109610777813853	0.4739476460660715	5.9058223836320956	8.004868109098654	0.042194398672119604	0.3679925771680412	4.533971605745778	2.4839335438428125	0.0	0.0	0.16903229555908997	0.00462959778262223	0.13219934822836293	0.4175212862077542	4.390225075976189	0.0031474144389476155	0.07217343615078592	0.3772081329956736	1.1518803321006013	nan	nan	0.005074440214236989	159.74022077554667	394	0.004435956768075268
-0.021866575849065373	0.47529973682312265	5.873623943435145	7.332838051116724	0.03311315202449361	0.19517546072835978	5.075172588751501	7.988205828004661	0.0	0.0	0.1596203196293356	0.0014431059803602375	0.05791047389175327	0.34756048691844565	1.3001590806416068	0.0008776505365881704	0.027815609543403202	0.1649243016910762	0.5787438364415535	nan	nan	0.00474937496740048	147.069043193577	394	7.018528722623537e-05
-0.041311901268042184	0.6335506049027053	3.687129960342661	-0.5924852251621652	0.04630647776997532	0.27057801766657813	3.516480862332514	1.3329805957602348	0.0	0.0	0.15897110339747272	0.008134566954836275	0.06402112540688887	1.3245558876876216	1.2230449883996057	0.007295589539143443	0.12320771884830178	0.8329182147440013	2.4701244100464868	nan	nan	0.004944037783347691	175.97621879751415	394	8.10526710128202e-05
-0.034810795590572874	0.6642681145496729	4.734002244840227	1.0862072315188793	0.05383751857274266	0.3968493505008208	2.7816510856899446	-0.2766141087058221	0.0	0.0	0.16903959105492336	0.0028388017878479	0.060823785353248616	0.5068757247527254	0.7453719025392447	0.0018055994089560823	0.052683672332442366	0.3509131746784595	0.25717532807808335	nan	nan	0.004949218642657016	147.49823773144348	394	7.30934707700716e-05
-0.03332276082472074	0.5530551104986466	3.829211370095945	0.9465249809153496	0.05380279672393229	0.35084784395899227	2.5332641414204815	-0.3884490866880734	0.0	0.0	0.15958887492414747	0.0027972951879475794	0.05855301169265767	0.5010354656166705	0.7389764566290957	0.0017681802649487377	0.051847280718238936	0.35624714203155294	0.25517887859946237	nan	nan	0.004868860374642708	150.50881513257428	394	5.789923719510712e-05
-0.04243522285831369	0.6681771541907943	3.743142517562674	-0.6452421486811124	0.05463000526462092	0.3420672695385861	2.4268083188906453	-0.5746277339571668	0.0	0.0	0.15201409603831298	0.03337401534962203	0.06355386734957008	6.773880942541864	4.679970609820221	0.011499398857716114	0.05741060543250079	1.6153317202584336	1.5822955668971739	nan	nan	0.004879224417106531	176.88038745365384	394	1.1532955981454555e-05
-0.024103836043212867	0.49079656825733886	5.5625158057484105	5.575142156855593	0.054778548481891676	0.31518667702990727	2.173586703480839	-0.5805785631895068	0.0	0.0	0.15813342981510667	0.007723182754525215	0.16442082348011178	0.5854400343473554	5.527659617116996	0.007850133255335123	0.057533903395697694	1.1100203063315364	1.0470870585540362	nan	nan	0.0049275684880060455	158.33955974008484	394	0.0001121028843434836
-0.04428641194882288	0.6115463853956561	2.8181601365287676	-0.9286753885841991	0.04587291398252913	0.3486422198712518	3.786586265189214	1.2196256614035437	0.0	0.0	0.15740654530674758	0.003981999567672256	0.05358510383829668	0.6222585002238763	0.417080914779532	0.0012198932945988172	0.04876891228779828	0.27453667660046177	0.3412371923245205	nan	nan	0.004827817486373634	163.35980217584697	394	4.466409885843106e-05
-0.027284129590216644	0.5866202317237854	5.555473295558998	3.7172372907254916	0.040047778183862404	0.3457342892334497	4.672258618655667	3.178204575920416	0.0	0.0	0.16409701714840064	0.00188663247182419	0.05947631016448518	0.3891756041558856	0.949278932342213	0.0009896358761475321	0.04303761577422821	0.23241155005189418	0.4005819738842281	nan	nan	0.004887349122845511	146.4414207742617	394	4.116361447740996e-05
-0.02905641600053277	0.579459168503242	4.945319615803564	2.726947841229651	0.05546850327900077	0.3882494491930515	2.505546814044931	-0.6183015139073362	0.0	0.0	0.16039800486046574	0.01332957741340357	0.17647921435438277	1.2750756764363902	5.520725040482104	0.021638040831387206	0.06373374283776997	2.6454487860367433	2.6665821391169136	nan	nan	0.0049636283967847	158.4105156145533	394	0.0001395501537159276
-0.026457453137764375	0.5334581621926171	4.953429331749575	3.6442530568320612	0.042057904349860564	0.3937342203476478	4.414724027476592	2.2880958155854967	0.0	0.0	0.16303175768526434	0.0018662953455461095	0.059868051452694304	0.38290914337940896	0.9504220277253291	0.001067464359767345	0.04751193980018806	0.2545739892897041	0.35678678144710185	nan	nan	0.004849964673314236	138.3615965644605	394	5.61148063558944e-06
-0.04499071960135059	0.687369878742853	3.439555946621442	-0.9991329787213962	0.04695082253717331	0.40434464379121776	3.9609268475466717	0.9329490817219305	0.0	0.0	0.15695606156303882	0.003955001176054129	0.05715176748623019	0.6764973976269859	0.43510742314137496	0.0013302698370121213	0.051802727241634816	0.29635685973912995	0.3290128769351099	nan	nan	0.0048304719141796515	160.54791484588984	394	7.209861267992256e-05
-0.026076319880179	0.5565391083113963	5.7658398213753745	4.171429286602067	0.05543350055885088	0.36364036491392876	2.551207287660122	-0.6886681468993542	0.0	0.0	0.14801967560129564	0.0019307059771124235	0.06442030476293606	0.419603250692262	1.1048633970918318	0.0017474911695783968	0.05188263878974678	0.37388584308283	0.2288868722282225	nan	nan	0.004783951517985066	165.35122901506406	394	3.625472166590516e-05
-0.0421752025555886	0.6529680299051369	3.5621952756527846	-0.6119496252985204	0.046894067043749876	0.3372496840878669	3.5832148968871538	1.0261954645228843	0.0	0.0	0.16171323394725015	0.01264526430583951	0.06454608778967219	1.8339470585199151	1.7492028466661178	0.010465789978175488	0.13722240697795304	1.0829236717411508	2.8406653279157354	nan	nan	0.004957023734949814	195.09761588336912	394	1.8887419136041826e-05
-0.032027302873475216	0.5638454250955607	4.319493508091568	1.526881697405943	0.054981899438681925	0.3358000062116655	2.3354848951173834	-0.5761339631003417	0.0	0.0	0.1590275503031223	0.011116431959065032	0.1154837482285484	1.2865433321385213	3.4951381981104075	0.012514382084186648	0.05893575479949589	1.7049663886935278	1.678710636939187	nan	nan	0.004952640699588992	183.957997920801	394	1.66719698206658e-05
-0.03216413215465508	0.6096824298879802	4.8719056780989005	1.5757007207670022	0.05479583000030486	0.3530173313931699	2.44436608801284	-0.5806790868813619	0.0	0.0	0.15547821277034454	0.010436646250072235	0.11172001398991083	1.2570566548884639	3.381768218565301	0.010323899643161716	0.059432858034443425	1.4333739557307548	1.3825507946163076	nan	nan	0.004895315083191104	151.34843022273864	394	5.51903635283731e-05
-0.034670768595538304	0.6538765458134614	4.5958357808246255	0.840031454711116	0.05501456246389824	0.4267192213131674	2.869961401791909	-0.5726114677887749	0.0	0.0	0.15867428591281374	0.02423343190192151	0.15886832291890485	2.8875511691953495	6.182019038740573	0.015543830607975928	0.06657972196800785	2.028892631345199	2.0206275729511005	nan	nan	0.004969845385992211	144.95186130704082	394	3.249587052743118e-05
-0.045980482242756415	0.669962984904422	3.1026684424874897	-1.0605084706602639	0.04569158366382342	0.4173807998389283	4.076413786573872	1.1701704254150043	0.0	0.0	0.16860175884099476	0.004151300741774666	0.056253914024238405	0.6571546520041445	0.4072327495047539	0.0013094109229591089	0.052752663973403724	0.2960468824148428	0.33863046018813525	nan	nan	0.005008386435381318	171.72374048311653	394	6.033687840065953e-05
-0.04240174974254707	0.6635033720791924	3.596811136754447	-0.6085638864941484	0.043695910167114826	0.33309721187641345	3.991760164124232	1.9009904167440346	0.0	0.0	0.15759886452437	0.018580166520832886	0.06379090444674523	2.556848192470765	2.543633363445881	0.007480201053978619	0.13418571183531738	0.6718903562815266	2.5841188938159423	nan	nan	0.004885067292239836	151.64572890120297	394	0.00019532070620403218
-0.0411682801191019	0.6154143395331526	3.317624959351735	-0.57791330428974	0.040454326587857636	0.2907492278984559	4.305044259530643	3.019466998167211	0.0	0.0	0.1503233932416514	0.0108939303339331	0.06298001860794528	1.5989737911066373	1.5357503189897648	0.007624335714388475	0.17578067532507635	0.5818813386913249	3.68228395781529	nan	nan	0.004862611103247677	172.0401957865814	394	5.962305427372818e-05
-0.04203005728420095	0.6396819660328297	3.346144447607008	-0.6508751022415055	0.046058760902983886	0.3625045470770413	3.731062134971931	1.0193191729075253	0.0	0.0	0.14952138508126428	0.003642050320683654	0.055101256388050746	0.623639803307174	0.4818981600231345	0.001277043015821433	0.0504471824604949	0.28674378381242827	0.3369583641289059	nan	nan	0.00477565481254473	116.35695296138485	394	0.00010151070682374444
-0.03684240060940347	0.6132407992101487	3.970061916422027	0.38054943117841544	0.05542834614925529	0.3693549540447472	2.4574508950620135	-0.5839691060715229	0.0	0.0	0.16545223900031142	0.012388481321199574	0.07916305727575579	1.613427326617073	2.6417164064025513	0.008488375337387666	0.05953834563804078	1.151347095688192	1.0816465008813543	nan	nan	0.005006765481982603	171.5455874528593	394	0.0001854785746958886
-0.02638593997356886	0.5676164101458647	5.496042403688666	4.019854501396658	0.05534681745822456	0.4179218976117025	2.6725622919248355	-0.585293174024393	0.0	0.0	0.16642024346469364	0.010389213106488049	0.1766350138199243	0.8720612948461635	5.631452973934925	0.011984960801775468	0.06218433261153697	1.5294645284748918	1.4739408128724674	nan	nan	0.005020974214396096	145.5793712613195	394	0.00014722007895688038
-0.0413226796063233	0.6561291875490476	3.7843516315793373	-0.524593157728649	0.04900381961908251	0.36344520236091227	3.3680235841852646	0.42907051819997516	0.0	0.0	0.16224742732128258	0.015333514108172297	0.06503339352588172	2.248691704484361	2.315745497988582	0.019842588859079746	0.16766926323812914	2.207701531603232	4.33094005036467	nan	nan	0.004997024266577582	191.71411672138078	394	4.646593427406754e-05
-0.04217175385128025	0.6416182996565627	3.4076973435116886	-0.5613380244049554	0.05069930130815292	0.37381670316690907	2.962753217981639	0.08800740021640623	0.0	0.0	0.15905818873992905	0.003713114994053579	0.05604451875768113	0.62722580942473	0.5048122338749848	0.0016442604034534458	0.053055191616306924	0.3347909598055281	0.2900298750706822	nan	nan	0.004865669112433191	188.90507520181922	394	4.6931760488721105e-05
-0.029541348407539303	0.6595335291060653	5.577054248889669	2.620056786593596	0.05685192200273015	0.5239767465467149	3.275017987638746	-0.6815343569638735	0.0	0.0	0.17049924274843947	0.0024467853588756028	0.06627522284030324	0.4671437287330491	0.9794276328946594	0.0020562505026560096	0.057223228381495655	0.40349930889912233	0.23572931469650243	nan	nan	0.005011254642768775	137.23112843113438	394	0.00010809390927901957
-0.04217260086421315	0.6397708471557173	3.408963095187617	-0.5460157339091448	0.05144812713691249	0.36501614174379504	2.9485792872575924	-0.037597541204790086	0.0	0.0	0.16121822925480303	0.0037643975485495695	0.05600697655305015	0.6299431881828397	0.5150184603826619	0.0016441572533562043	0.05285053368913514	0.3422819009692242	0.2866130768361332	nan	nan	0.004927497676607245	172.33464187671782	394	3.347890267671593e-05
-0.02777584239288955	0.5604844898512505	4.9213156517770305	3.109942104144652	0.0426511150720863	0.3695547719791506	4.212349746601224	2.0801626442825976	0.0	0.0	0.15631510683162908	0.023086343643214435	0.3586408665895091	1.8488291083687423	10.558085457964873	0.021322639741894522	0.3210107745842561	1.6187798875585484	7.2550790151537425	nan	nan	0.004981467330943942	150.58910800625554	394	6.363743628684578e-06
-0.041899386644307035	0.6645083486434198	3.6641967585405992	-0.5926976590493566	0.055138422244677576	0.3926627070279649	2.7121203808030456	-0.5571299685976374	0.0	0.0	0.16108001360752622	0.003923751461783809	0.059200713506125935	0.6898670501404336	0.5525056219499278	0.0020285165332577515	0.05435214347924011	0.3975657080402495	0.2684324528281753	nan	nan	0.004907706989114427	177.7455132198882	394	4.848643768714895e-06
-0.030811079878547032	0.6333376157693522	5.368171358756991	2.137715881847487	0.05563306837566895	0.4107231033901875	2.772278434939848	-0.5959803740972062	0.0	0.0	0.16299582971832413	0.011096432987430127	0.13417132691702927	1.229831736565393	4.108178627271408	0.014152009609134542	0.06180594647248261	1.865727175958951	1.8190245560281895	nan	nan	0.004977630611705988	136.03405182779022	394	0.00010274063184695987
-0.03308620525665407	0.6694242422298724	5.334236891011023	1.3644455609026624	0.055620922274675966	0.4148574164697075	2.9317469739041027	-0.5895085954723324	0.0	0.0	0.16153204235297408	0.012796406146223627	0.12092463743807819	1.6033416810836676	3.9511284641605635	0.011436167681184828	0.0626899783097262	1.595675957364043	1.5365363845458508	nan	nan	0.0049611511188695084	198.0862353901512	394	0.00011224811117173997
-0.041350788161019	0.598879621676033	3.1874524633755708	-0.5589450599338938	0.043971756728957256	0.30789437195249186	3.9849115317555355	1.8229446502664801	0.0	0.0	0.14997126749907919	0.010747415028932783	0.06042647144386393	1.5428454156959728	1.4832683204267694	0.006830429647669778	0.12684257959980547	0.6956757634679653	2.478992518707964	nan	nan	0.004843910349268329	165.32115199131505	394	2.244017677106558e-05
-0.041765872674113025	0.621591134512355	3.3097285923751087	-0.5465720600731342	0.055524327569072884	0.3398472203613153	2.2972099516193762	-0.5728302994230954	0.0	0.0	0.16588420329360087	0.024606064867861932	0.060238634059846974	3.1480668085076386	3.4047193866823933	0.00989636608875899	0.056959243241845064	1.3267356566826995	1.2799939735118677	nan	nan	0.004973487142621788	160.47100881967097	394	0.00011609760863952408
-0.02289779765837674	0.488656553285174	5.168574659323568	6.044381712460122	0.053307600608706984	0.4521888132355161	3.0673859823641636	-0.3015862052484533	0.0	0.0	0.16427139087402504	0.0016822050095384733	0.06413864483862206	0.3689129806597071	1.245779143125386	0.001753823956119227	0.05417965264401617	0.3538013453144866	0.24402034931190317	nan	nan	0.00493811286783459	152.55735812047914	394	0.00012156979390761151
-0.03513929721503417	0.6369610753599633	4.293422506545968	0.7505149813885256	0.055218663312443184	0.4252818224005518	2.8165961415601712	-0.5520163011266902	0.0	0.0	0.16094528397944124	0.02691391427223655	0.16082321825779775	3.110682815586774	6.502389461452052	0.023661780264891408	0.06751042215731182	2.8498628929159118	3.0299320390661695	nan	nan	0.004982407493387922	147.67124173246168	394	4.9327011298190116e-05
