i,Ebeam,x,y,z,Q2,pT,obs,Nacc,stat_sivers,stat_collins,stat_pretzelosity,systrel,systabs,target,hadron,Experiment
0,11.0,0.090218,0.627256,0.322004,1.165583,0.160400,AUT,2618851.902589,0.010303,0.007303,0.008239,0.070207,0.001121,neutron,pi+,solid
1,11.0,0.107361,0.597209,0.323005,1.323036,0.147167,AUT,2484518.959906,0.008631,0.006902,0.007269,0.070207,0.001148,neutron,pi+,solid
2,11.0,0.118937,0.580030,0.323206,1.423766,0.140159,AUT,2455554.404423,0.008069,0.006846,0.006927,0.070207,0.001167,neutron,pi+,solid
3,11.0,0.128682,0.563089,0.323482,1.495439,0.134314,AUT,2497919.426932,0.007634,0.006774,0.006630,0.070207,0.001183,neutron,pi+,solid
4,11.0,0.137402,0.546483,0.323537,1.549722,0.127706,AUT,2378070.643244,0.007605,0.006988,0.006689,0.070207,0.001199,neutron,pi+,solid
5,11.0,0.145827,0.529522,0.323743,1.593665,0.121517,AUT,2381053.797329,0.007541,0.007098,0.006636,0.070207,0.001214,neutron,pi+,solid
6,11.0,0.154457,0.512013,0.323843,1.632168,0.115121,AUT,2338951.641453,0.007595,0.007279,0.006720,0.070207,0.001229,neutron,pi+,solid
7,11.0,0.163433,0.493288,0.323928,1.663858,0.108717,AUT,2271065.415962,0.007786,0.007609,0.006865,0.070207,0.001246,neutron,pi+,solid
8,11.0,0.173137,0.474719,0.324107,1.696213,0.102141,AUT,2249602.304319,0.007898,0.007825,0.006980,0.070207,0.001264,neutron,pi+,solid
9,11.0,0.183980,0.452950,0.324091,1.719707,0.094828,AUT,2130696.433571,0.008326,0.008393,0.007319,0.070207,0.001284,neutron,pi+,solid
10,11.0,0.197219,0.428607,0.324175,1.744121,0.087901,AUT,2219579.160278,0.008398,0.008580,0.007346,0.070207,0.001308,neutron,pi+,solid
11,11.0,0.214812,0.399195,0.324202,1.768988,0.084593,AUT,2097802.728822,0.008744,0.009159,0.007783,0.070207,0.001341,neutron,pi+,solid
12,11.0,0.240421,0.362790,0.324112,1.798088,0.091181,AUT,2087747.326598,0.008691,0.009421,0.008182,0.070207,0.001387,neutron,pi+,solid
13,11.0,0.275756,0.325996,0.324382,1.853835,0.109452,AUT,1091272.633918,0.014775,0.014091,0.014283,0.070207,0.001449,neutron,pi+,solid
14,11.0,0.065220,0.794674,0.322238,1.067984,0.332965,AUT,2044139.137004,0.009530,0.006632,0.008566,0.070207,0.001084,neutron,pi+,solid
15,11.0,0.072443,0.744402,0.322807,1.112916,0.318207,AUT,1858620.433190,0.009295,0.006913,0.008446,0.070207,0.001095,neutron,pi+,solid
16,11.0,0.076806,0.719973,0.323125,1.141331,0.313549,AUT,1845630.304591,0.009038,0.006976,0.008282,0.070207,0.001101,neutron,pi+,solid
17,11.0,0.080590,0.701266,0.323102,1.166465,0.309885,AUT,2014178.696884,0.008481,0.006740,0.007760,0.070207,0.001107,neutron,pi+,solid
18,11.0,0.083955,0.686395,0.323438,1.189468,0.306454,AUT,1845895.179813,0.008685,0.007091,0.007956,0.070207,0.001112,neutron,pi+,solid
19,11.0,0.087102,0.679409,0.323623,1.221512,0.304816,AUT,1943335.213546,0.008423,0.006979,0.007677,0.070207,0.001117,neutron,pi+,solid
20,11.0,0.090199,0.673977,0.323642,1.254832,0.303223,AUT,1828362.715635,0.008649,0.007280,0.007887,0.070207,0.001121,neutron,pi+,solid
21,11.0,0.093159,0.668035,0.323724,1.284591,0.301811,AUT,1797157.021085,0.008675,0.007360,0.007895,0.070207,0.001126,neutron,pi+,solid
22,11.0,0.096053,0.662824,0.323800,1.314180,0.300153,AUT,1774540.835016,0.008696,0.007488,0.007932,0.070207,0.001130,neutron,pi+,solid
23,11.0,0.099001,0.658300,0.323829,1.345265,0.298533,AUT,1822349.758253,0.008591,0.007476,0.007817,0.070207,0.001135,neutron,pi+,solid
24,11.0,0.101988,0.653501,0.323858,1.375733,0.296841,AUT,1802832.323666,0.008641,0.007598,0.007831,0.070207,0.001139,neutron,pi+,solid
25,11.0,0.104943,0.648675,0.323956,1.405166,0.295839,AUT,1710631.597867,0.008841,0.007880,0.008012,0.070207,0.001144,neutron,pi+,solid
26,11.0,0.107937,0.644458,0.323960,1.435856,0.294341,AUT,1792956.491299,0.008675,0.007793,0.007850,0.070207,0.001149,neutron,pi+,solid
27,11.0,0.110991,0.639085,0.323971,1.464169,0.293103,AUT,1686290.894546,0.008958,0.008127,0.008083,0.070207,0.001154,neutron,pi+,solid
28,11.0,0.114088,0.635110,0.324224,1.495669,0.291876,AUT,1742542.578937,0.008847,0.008111,0.007950,0.070207,0.001159,neutron,pi+,solid
29,11.0,0.117344,0.630899,0.324253,1.528150,0.290785,AUT,1744438.401795,0.008845,0.008186,0.007962,0.070207,0.001164,neutron,pi+,solid
30,11.0,0.120687,0.626790,0.324198,1.561434,0.289495,AUT,1732017.486953,0.008991,0.008377,0.008013,0.070207,0.001170,neutron,pi+,solid
31,11.0,0.124135,0.621912,0.324413,1.593558,0.288362,AUT,1720868.076382,0.009067,0.008531,0.008080,0.070207,0.001176,neutron,pi+,solid
32,11.0,0.127631,0.615969,0.324395,1.622753,0.287241,AUT,1632292.112826,0.009419,0.008947,0.008328,0.070207,0.001182,neutron,pi+,solid
33,11.0,0.131179,0.606625,0.324494,1.642547,0.285297,AUT,1565779.497824,0.009765,0.009326,0.008577,0.070207,0.001188,neutron,pi+,solid
34,11.0,0.135058,0.595832,0.324595,1.661008,0.283289,AUT,1643471.920539,0.009792,0.009448,0.008489,0.070207,0.001195,neutron,pi+,solid
35,11.0,0.139454,0.582517,0.324680,1.676725,0.280760,AUT,1593762.472115,0.010282,0.009959,0.008812,0.070207,0.001203,neutron,pi+,solid
36,11.0,0.144324,0.568467,0.324898,1.693405,0.278088,AUT,1553822.989476,0.010936,0.010647,0.009190,0.070207,0.001212,neutron,pi+,solid
37,11.0,0.149909,0.551842,0.325018,1.707442,0.274723,AUT,1496515.612334,0.012003,0.011627,0.009841,0.070207,0.001222,neutron,pi+,solid
38,11.0,0.156358,0.531959,0.325101,1.716661,0.272101,AUT,1405101.740552,0.013861,0.013309,0.011042,0.070207,0.001234,neutron,pi+,solid
39,11.0,0.164190,0.508962,0.325173,1.724592,0.269791,AUT,1358424.873089,0.016649,0.015571,0.012791,0.070207,0.001248,neutron,pi+,solid
40,11.0,0.174208,0.481386,0.325292,1.730478,0.267819,AUT,1302726.970305,0.022135,0.019579,0.016103,0.070207,0.001266,neutron,pi+,solid
41,11.0,0.187380,0.450491,0.325269,1.741622,0.264379,AUT,1260107.000679,0.024184,0.022156,0.017915,0.070207,0.001291,neutron,pi+,solid
42,11.0,0.205689,0.416350,0.325436,1.766335,0.258752,AUT,1210028.586082,0.019439,0.020883,0.015521,0.070207,0.001324,neutron,pi+,solid
43,11.0,0.233559,0.373109,0.325630,1.795812,0.253257,AUT,1184699.689381,0.014607,0.019306,0.013923,0.070207,0.001375,neutron,pi+,solid
44,11.0,0.272450,0.329402,0.325718,1.849891,0.251470,AUT,695391.617490,0.015104,0.026375,0.020045,0.070207,0.001444,neutron,pi+,solid
45,11.0,0.061195,0.831981,0.322948,1.050056,0.497915,AUT,1455782.765383,0.011380,0.007739,0.009968,0.070207,0.001078,neutron,pi+,solid
46,11.0,0.066911,0.792683,0.323719,1.094618,0.493245,AUT,1336970.669175,0.011631,0.008086,0.010158,0.070207,0.001087,neutron,pi+,solid
47,11.0,0.070975,0.769650,0.324045,1.127472,0.488795,AUT,1263169.892477,0.011633,0.008275,0.010180,0.070207,0.001093,neutron,pi+,solid
48,11.0,0.074605,0.754237,0.324349,1.161441,0.486757,AUT,1297118.322656,0.011322,0.008168,0.009893,0.070207,0.001098,neutron,pi+,solid
49,11.0,0.077996,0.741773,0.324476,1.194197,0.484876,AUT,1141886.701204,0.011930,0.008734,0.010379,0.070207,0.001103,neutron,pi+,solid
50,11.0,0.081244,0.731401,0.324441,1.226527,0.484633,AUT,1144946.422271,0.011832,0.008767,0.010212,0.070207,0.001108,neutron,pi+,solid
51,11.0,0.084586,0.722588,0.324501,1.261626,0.483992,AUT,1136836.514528,0.011800,0.008820,0.010163,0.070207,0.001113,neutron,pi+,solid
52,11.0,0.087978,0.716406,0.324577,1.300996,0.483726,AUT,1063141.297144,0.012202,0.009188,0.010438,0.070207,0.001118,neutron,pi+,solid
53,11.0,0.091478,0.710013,0.324653,1.340657,0.483754,AUT,1044263.648683,0.012309,0.009323,0.010488,0.070207,0.001123,neutron,pi+,solid
54,11.0,0.095227,0.703280,0.324671,1.382377,0.483343,AUT,1054410.798661,0.012290,0.009336,0.010398,0.070207,0.001129,neutron,pi+,solid
55,11.0,0.099223,0.696284,0.324639,1.426045,0.483066,AUT,1015150.525325,0.012484,0.009560,0.010520,0.070207,0.001135,neutron,pi+,solid
56,11.0,0.103466,0.688103,0.324721,1.469565,0.483525,AUT,982422.843299,0.012775,0.009803,0.010649,0.070207,0.001142,neutron,pi+,solid
57,11.0,0.108013,0.679929,0.324711,1.515880,0.483873,AUT,946354.595581,0.013101,0.010093,0.010877,0.070207,0.001149,neutron,pi+,solid
58,11.0,0.112898,0.670435,0.324612,1.562306,0.484565,AUT,909233.862160,0.013390,0.010336,0.011028,0.070207,0.001157,neutron,pi+,solid
59,11.0,0.118094,0.660363,0.324490,1.609651,0.485780,AUT,835166.309217,0.014062,0.010900,0.011474,0.070207,0.001166,neutron,pi+,solid
60,11.0,0.123633,0.647677,0.324395,1.652741,0.486944,AUT,803815.961176,0.014485,0.011228,0.011738,0.070207,0.001176,neutron,pi+,solid
61,11.0,0.129758,0.623863,0.324162,1.670605,0.490969,AUT,735012.292542,0.015281,0.011812,0.012234,0.070207,0.001186,neutron,pi+,solid
62,11.0,0.137203,0.584041,0.323554,1.653484,0.500526,AUT,681368.257416,0.016053,0.012251,0.012572,0.070207,0.001199,neutron,pi+,solid
63,11.0,0.146710,0.541537,0.322405,1.639239,0.513044,AUT,603045.582449,0.017119,0.012925,0.013191,0.070207,0.001215,neutron,pi+,solid
64,11.0,0.159247,0.498209,0.321560,1.636599,0.525881,AUT,603645.838814,0.018750,0.013819,0.013706,0.070207,0.001238,neutron,pi+,solid
65,11.0,0.176642,0.455053,0.320905,1.657784,0.534387,AUT,608451.767285,0.026514,0.018061,0.017819,0.070207,0.001269,neutron,pi+,solid
66,11.0,0.202986,0.408501,0.320711,1.708544,0.535884,AUT,731877.729048,0.051613,0.031748,0.031580,0.070207,0.001318,neutron,pi+,solid
67,11.0,0.252318,0.346877,0.321476,1.798044,0.528758,AUT,833331.883820,0.119800,0.069179,0.068727,0.070207,0.001406,neutron,pi+,solid
68,11.0,0.064749,0.814755,0.326358,1.086675,0.669115,AUT,1164429.214815,0.014930,0.009813,0.012178,0.070207,0.001084,neutron,pi+,solid
69,11.0,0.077532,0.743340,0.325704,1.188446,0.673169,AUT,1200918.482039,0.017213,0.010983,0.013160,0.070207,0.001103,neutron,pi+,solid
70,11.0,0.089844,0.697087,0.325474,1.292034,0.672643,AUT,1215144.720772,0.019772,0.012341,0.014413,0.070207,0.001121,neutron,pi+,solid
71,11.0,0.104425,0.662296,0.325344,1.426554,0.672745,AUT,1279550.070031,0.023665,0.014414,0.016380,0.070207,0.001143,neutron,pi+,solid
72,11.0,0.123389,0.622852,0.325571,1.584413,0.671097,AUT,1358943.024154,0.030460,0.018055,0.020060,0.070207,0.001175,neutron,pi+,solid
73,11.0,0.161120,0.520608,0.327148,1.712670,0.658990,AUT,1689345.294210,0.046839,0.026531,0.028419,0.070207,0.001242,neutron,pi+,solid
74,11.0,0.233362,0.385479,0.331478,1.846814,0.631983,AUT,224639.644217,0.276682,0.150279,0.148525,0.070207,0.001376,neutron,pi+,solid
75,11.0,0.098941,0.600794,0.372685,1.223813,0.154340,AUT,2770201.239102,0.009872,0.007231,0.008020,0.070207,0.001140,neutron,pi+,solid
76,11.0,0.120674,0.569362,0.373377,1.417632,0.138079,AUT,2526608.151859,0.008075,0.006866,0.006998,0.070207,0.001176,neutron,pi+,solid
77,11.0,0.134722,0.547370,0.373499,1.521680,0.129250,AUT,2522991.423117,0.007596,0.006832,0.006679,0.070207,0.001201,neutron,pi+,solid
78,11.0,0.146981,0.523962,0.373863,1.589200,0.120480,AUT,2473741.731027,0.007505,0.007017,0.006665,0.070207,0.001224,neutron,pi+,solid
79,11.0,0.159139,0.499115,0.373980,1.639037,0.112248,AUT,2439857.952349,0.007518,0.007252,0.006724,0.070207,0.001247,neutron,pi+,solid
80,11.0,0.172136,0.474681,0.374066,1.686024,0.104572,AUT,2428147.430709,0.007665,0.007519,0.006834,0.070207,0.001271,neutron,pi+,solid
81,11.0,0.186853,0.447590,0.374258,1.725570,0.095447,AUT,2288250.893402,0.008069,0.008041,0.007192,0.070207,0.001299,neutron,pi+,solid
82,11.0,0.205772,0.414140,0.374260,1.757605,0.087710,AUT,2278257.179077,0.008298,0.008456,0.007375,0.070207,0.001335,neutron,pi+,solid
83,11.0,0.235330,0.369838,0.374206,1.793025,0.092726,AUT,2261427.357426,0.008399,0.008847,0.007818,0.070207,0.001390,neutron,pi+,solid
84,11.0,0.274921,0.326496,0.374476,1.851031,0.117981,AUT,935726.348605,0.017544,0.015554,0.016098,0.070207,0.001462,neutron,pi+,solid
85,11.0,0.069995,0.755279,0.372149,1.088404,0.334597,AUT,2295351.101352,0.009012,0.006410,0.008055,0.070207,0.001095,neutron,pi+,solid
86,11.0,0.079160,0.699794,0.372966,1.143109,0.318192,AUT,2050923.910569,0.008568,0.006749,0.007800,0.070207,0.001109,neutron,pi+,solid
87,11.0,0.084787,0.675056,0.373264,1.181333,0.313791,AUT,2020921.189522,0.008345,0.006870,0.007605,0.070207,0.001118,neutron,pi+,solid
88,11.0,0.089566,0.664969,0.373352,1.229343,0.311056,AUT,1890833.859715,0.008490,0.007201,0.007761,0.070207,0.001125,neutron,pi+,solid
89,11.0,0.094110,0.655869,0.373466,1.274035,0.309017,AUT,1990325.149806,0.008196,0.007101,0.007483,0.070207,0.001132,neutron,pi+,solid
90,11.0,0.098603,0.647991,0.373466,1.318852,0.306531,AUT,1933024.931299,0.008291,0.007301,0.007545,0.070207,0.001139,neutron,pi+,solid
91,11.0,0.102950,0.641166,0.373591,1.362491,0.304682,AUT,1900379.087077,0.008301,0.007450,0.007555,0.070207,0.001146,neutron,pi+,solid
92,11.0,0.107296,0.634511,0.373763,1.405251,0.302636,AUT,1915807.781212,0.008265,0.007518,0.007509,0.070207,0.001154,neutron,pi+,solid
93,11.0,0.111786,0.627246,0.373792,1.447297,0.300603,AUT,1968974.219609,0.008144,0.007540,0.007389,0.070207,0.001161,neutron,pi+,solid
94,11.0,0.116292,0.620759,0.373917,1.490085,0.298916,AUT,1845319.500946,0.008443,0.007897,0.007619,0.070207,0.001169,neutron,pi+,solid
95,11.0,0.120887,0.614249,0.373897,1.532707,0.297168,AUT,1958352.202549,0.008235,0.007798,0.007409,0.070207,0.001177,neutron,pi+,solid
96,11.0,0.125782,0.607249,0.373943,1.576580,0.295845,AUT,1954255.309042,0.008338,0.007992,0.007455,0.070207,0.001186,neutron,pi+,solid
97,11.0,0.130775,0.596594,0.374085,1.610383,0.293791,AUT,1824222.661264,0.008712,0.008471,0.007774,0.070207,0.001195,neutron,pi+,solid
98,11.0,0.135997,0.583162,0.374180,1.636965,0.291760,AUT,1805729.791911,0.008919,0.008812,0.007901,0.070207,0.001204,neutron,pi+,solid
99,11.0,0.141730,0.568795,0.374337,1.663898,0.289910,AUT,1724143.155104,0.009452,0.009417,0.008261,0.070207,0.001215,neutron,pi+,solid
100,11.0,0.148275,0.551560,0.374388,1.687912,0.287371,AUT,1735677.605240,0.009912,0.009920,0.008509,0.070207,0.001227,neutron,pi+,solid
101,11.0,0.156295,0.528524,0.374552,1.704755,0.284147,AUT,1703133.090526,0.010942,0.010962,0.009220,0.070207,0.001242,neutron,pi+,solid
102,11.0,0.166284,0.501184,0.374527,1.719714,0.282689,AUT,1581173.851600,0.013429,0.013176,0.010765,0.070207,0.001261,neutron,pi+,solid
103,11.0,0.179496,0.466929,0.374592,1.729020,0.283154,AUT,1508547.256106,0.017924,0.016973,0.013528,0.070207,0.001286,neutron,pi+,solid
104,11.0,0.198927,0.426196,0.374582,1.748283,0.281480,AUT,1522350.883835,0.017699,0.018530,0.013743,0.070207,0.001322,neutron,pi+,solid
105,11.0,0.230717,0.376209,0.374709,1.787464,0.277461,AUT,1505637.136536,0.012903,0.016894,0.011913,0.070207,0.001381,neutron,pi+,solid
106,11.0,0.273820,0.327868,0.374791,1.850917,0.275933,AUT,679523.328484,0.014939,0.024859,0.019572,0.070207,0.001460,neutron,pi+,solid
107,11.0,0.063018,0.817165,0.373470,1.061558,0.494983,AUT,1499066.566540,0.010812,0.007543,0.009692,0.070207,0.001084,neutron,pi+,solid
108,11.0,0.070379,0.767777,0.373795,1.115044,0.491110,AUT,1522408.197096,0.010307,0.007494,0.009262,0.070207,0.001096,neutron,pi+,solid
109,11.0,0.075580,0.741991,0.374148,1.157425,0.487137,AUT,1407923.636490,0.010507,0.007860,0.009423,0.070207,0.001103,neutron,pi+,solid
110,11.0,0.080108,0.724780,0.374412,1.198363,0.483708,AUT,1353646.638298,0.010623,0.008095,0.009489,0.070207,0.001110,neutron,pi+,solid
111,11.0,0.084385,0.713147,0.374512,1.242153,0.481405,AUT,1266295.953894,0.010912,0.008473,0.009646,0.070207,0.001117,neutron,pi+,solid
112,11.0,0.088777,0.706464,0.374826,1.294579,0.480207,AUT,1294892.715430,0.010755,0.008489,0.009514,0.070207,0.001124,neutron,pi+,solid
113,11.0,0.093414,0.700185,0.374798,1.350088,0.478926,AUT,1236360.134763,0.011064,0.008811,0.009712,0.070207,0.001131,neutron,pi+,solid
114,11.0,0.098302,0.693381,0.374900,1.406902,0.477421,AUT,1222409.159738,0.011236,0.009046,0.009727,0.070207,0.001139,neutron,pi+,solid
115,11.0,0.103448,0.687100,0.375078,1.467155,0.476018,AUT,1121124.843670,0.011871,0.009683,0.010153,0.070207,0.001147,neutron,pi+,solid
116,11.0,0.108840,0.680735,0.375130,1.529304,0.474736,AUT,1082971.490850,0.012268,0.010060,0.010356,0.070207,0.001157,neutron,pi+,solid
117,11.0,0.114723,0.672545,0.375213,1.592582,0.473375,AUT,1040604.701327,0.012722,0.010542,0.010596,0.070207,0.001167,neutron,pi+,solid
118,11.0,0.121156,0.665344,0.375366,1.663864,0.471914,AUT,973963.574330,0.013545,0.011288,0.011098,0.070207,0.001178,neutron,pi+,solid
119,11.0,0.128388,0.649766,0.375375,1.721629,0.470207,AUT,928267.664910,0.014603,0.012155,0.011554,0.070207,0.001191,neutron,pi+,solid
120,11.0,0.137312,0.613179,0.375713,1.737183,0.468090,AUT,758104.154844,0.018568,0.014978,0.013628,0.070207,0.001207,neutron,pi+,solid
121,11.0,0.149185,0.563807,0.375347,1.734938,0.471236,AUT,533314.759006,0.027111,0.020226,0.018839,0.070207,0.001229,neutron,pi+,solid
122,11.0,0.166315,0.503041,0.374253,1.724371,0.485819,AUT,391047.891349,0.026774,0.020488,0.020511,0.070207,0.001261,neutron,pi+,solid
123,11.0,0.196317,0.423395,0.371325,1.710024,0.524693,AUT,309896.889167,0.024617,0.020328,0.020297,0.070207,0.001316,neutron,pi+,solid
124,11.0,0.250759,0.344654,0.368679,1.774987,0.557047,AUT,267261.517952,0.050623,0.035246,0.035377,0.070207,0.001416,neutron,pi+,solid
125,11.0,0.064388,0.814745,0.374752,1.080973,0.677635,AUT,1217647.633504,0.013387,0.009023,0.011285,0.070207,0.001086,neutron,pi+,solid
126,11.0,0.075528,0.758110,0.375029,1.181125,0.676235,AUT,1103706.383864,0.013782,0.009501,0.011407,0.070207,0.001103,neutron,pi+,solid
127,11.0,0.085578,0.714546,0.374680,1.261646,0.679018,AUT,1028907.713118,0.014888,0.010216,0.011948,0.070207,0.001119,neutron,pi+,solid
128,11.0,0.096689,0.680875,0.374455,1.358151,0.682126,AUT,1023119.139299,0.015648,0.010651,0.012248,0.070207,0.001136,neutron,pi+,solid
129,11.0,0.110202,0.642860,0.373999,1.461305,0.685974,AUT,1005090.623389,0.017132,0.011462,0.012926,0.070207,0.001159,neutron,pi+,solid
130,11.0,0.127509,0.594137,0.373722,1.561549,0.689070,AUT,1032563.342466,0.020325,0.013173,0.014351,0.070207,0.001189,neutron,pi+,solid
131,11.0,0.156541,0.510197,0.373772,1.641656,0.686467,AUT,1244739.142511,0.044183,0.026358,0.027535,0.070207,0.001241,neutron,pi+,solid
132,11.0,0.213745,0.404041,0.375243,1.764020,0.668718,AUT,997439.866498,0.090956,0.051746,0.052491,0.070207,0.001348,neutron,pi+,solid
133,11.0,0.102020,0.695572,0.377889,1.417230,0.861251,AUT,1396813.619118,0.026145,0.015270,0.017945,0.070207,0.001146,neutron,pi+,solid
134,11.0,0.107510,0.579944,0.422907,1.282982,0.148624,AUT,2809551.127036,0.008875,0.006934,0.007509,0.070207,0.001158,neutron,pi+,solid
135,11.0,0.134247,0.543197,0.423618,1.504232,0.129299,AUT,2734675.058292,0.007309,0.006603,0.006477,0.070207,0.001206,neutron,pi+,solid
136,11.0,0.152294,0.510110,0.423740,1.602628,0.117788,AUT,2611201.172621,0.007323,0.006946,0.006573,0.070207,0.001240,neutron,pi+,solid
137,11.0,0.169605,0.476984,0.423949,1.668922,0.107963,AUT,2554097.328699,0.007520,0.007320,0.006706,0.070207,0.001274,neutron,pi+,solid
138,11.0,0.189186,0.442398,0.424155,1.726230,0.098656,AUT,2518984.033773,0.007775,0.007721,0.006916,0.070207,0.001312,neutron,pi+,solid
139,11.0,0.216748,0.397029,0.424280,1.772986,0.093327,AUT,2422286.625530,0.008139,0.008334,0.007322,0.070207,0.001365,neutron,pi+,solid
140,11.0,0.259596,0.342424,0.423969,1.829338,0.114243,AUT,1531675.259072,0.011499,0.011138,0.010749,0.070207,0.001445,neutron,pi+,solid
141,11.0,0.074807,0.716838,0.422236,1.103666,0.332764,AUT,2205860.777691,0.009137,0.006728,0.008101,0.070207,0.001105,neutron,pi+,solid
142,11.0,0.085878,0.664713,0.423066,1.178058,0.318119,AUT,2139577.488891,0.008224,0.006806,0.007432,0.070207,0.001123,neutron,pi+,solid
143,11.0,0.093550,0.648774,0.423200,1.252649,0.314365,AUT,2085491.582823,0.008126,0.006966,0.007317,0.070207,0.001135,neutron,pi+,solid
144,11.0,0.100421,0.636079,0.423440,1.318399,0.311120,AUT,2020370.395084,0.008132,0.007213,0.007356,0.070207,0.001146,neutron,pi+,solid
145,11.0,0.107000,0.625171,0.423523,1.380696,0.308368,AUT,2064457.823851,0.007946,0.007226,0.007182,0.070207,0.001158,neutron,pi+,solid
146,11.0,0.113539,0.615642,0.423617,1.442766,0.305554,AUT,2040475.006946,0.007989,0.007410,0.007167,0.070207,0.001169,neutron,pi+,solid
147,11.0,0.120041,0.606205,0.423685,1.501986,0.302931,AUT,2004013.751737,0.008056,0.007602,0.007229,0.070207,0.001181,neutron,pi+,solid
148,11.0,0.126577,0.596724,0.423766,1.558977,0.300746,AUT,1964836.262475,0.008183,0.007883,0.007318,0.070207,0.001193,neutron,pi+,solid
149,11.0,0.133346,0.581327,0.423855,1.599906,0.298221,AUT,1909410.055213,0.008411,0.008249,0.007478,0.070207,0.001205,neutron,pi+,solid
150,11.0,0.140658,0.563988,0.423921,1.637281,0.295845,AUT,1850075.386783,0.008701,0.008698,0.007696,0.070207,0.001219,neutron,pi+,solid
151,11.0,0.148999,0.544276,0.424021,1.673641,0.294084,AUT,1806425.030140,0.009172,0.009299,0.008039,0.070207,0.001235,neutron,pi+,solid
152,11.0,0.159116,0.518684,0.424225,1.703027,0.291317,AUT,1735759.306798,0.010223,0.010430,0.008717,0.070207,0.001254,neutron,pi+,solid
153,11.0,0.172697,0.483969,0.424260,1.724100,0.291950,AUT,1635672.510919,0.012788,0.012860,0.010341,0.070207,0.001280,neutron,pi+,solid
154,11.0,0.193319,0.436263,0.424201,1.738507,0.297493,AUT,1587020.241364,0.016362,0.016943,0.012612,0.070207,0.001320,neutron,pi+,solid
155,11.0,0.229910,0.376558,0.424216,1.781044,0.297310,AUT,1589009.974586,0.012161,0.015888,0.011073,0.070207,0.001390,neutron,pi+,solid
156,11.0,0.276415,0.325240,0.424746,1.854023,0.292474,AUT,579829.232440,0.016129,0.024675,0.020688,0.070207,0.001476,neutron,pi+,solid
157,11.0,0.065516,0.798517,0.423521,1.077748,0.497951,AUT,1713126.935259,0.009937,0.007064,0.009041,0.070207,0.001091,neutron,pi+,solid
158,11.0,0.074620,0.741345,0.423951,1.141475,0.492747,AUT,1633662.393608,0.009713,0.007367,0.008819,0.070207,0.001105,neutron,pi+,solid
159,11.0,0.081037,0.712456,0.424306,1.191528,0.488034,AUT,1590418.193127,0.009627,0.007568,0.008765,0.070207,0.001115,neutron,pi+,solid
160,11.0,0.086927,0.697263,0.424480,1.251044,0.484856,AUT,1560376.945349,0.009657,0.007769,0.008716,0.070207,0.001124,neutron,pi+,solid
161,11.0,0.092829,0.687926,0.424605,1.318091,0.482539,AUT,1469975.482759,0.009989,0.008231,0.008932,0.070207,0.001134,neutron,pi+,solid
162,11.0,0.098804,0.680490,0.424704,1.387776,0.480757,AUT,1411013.671196,0.010257,0.008625,0.009112,0.070207,0.001144,neutron,pi+,solid
163,11.0,0.105286,0.673098,0.424801,1.462771,0.479342,AUT,1435698.297346,0.010323,0.008795,0.009057,0.070207,0.001155,neutron,pi+,solid
164,11.0,0.112403,0.664572,0.424958,1.541853,0.477308,AUT,1344512.436025,0.010871,0.009458,0.009430,0.070207,0.001168,neutron,pi+,solid
165,11.0,0.120149,0.655950,0.425027,1.626709,0.475301,AUT,1281544.333763,0.011486,0.010141,0.009765,0.070207,0.001182,neutron,pi+,solid
166,11.0,0.128568,0.641111,0.425300,1.701078,0.471890,AUT,1153664.812795,0.012781,0.011404,0.010564,0.070207,0.001197,neutron,pi+,solid
167,11.0,0.138776,0.606561,0.425786,1.736635,0.464955,AUT,994437.781270,0.016353,0.014324,0.012418,0.070207,0.001216,neutron,pi+,solid
168,11.0,0.153599,0.554640,0.426261,1.756517,0.458298,AUT,755255.830197,0.034554,0.026254,0.021352,0.070207,0.001244,neutron,pi+,solid
169,11.0,0.178755,0.485193,0.427078,1.785142,0.449088,AUT,469268.315647,0.053723,0.037774,0.038736,0.070207,0.001293,neutron,pi+,solid
170,11.0,0.230635,0.386551,0.427608,1.823162,0.451881,AUT,198183.594492,0.034538,0.038967,0.036536,0.070207,0.001391,neutron,pi+,solid
171,11.0,0.065687,0.803741,0.424056,1.087415,0.689272,AUT,1239049.006408,0.012518,0.008568,0.010808,0.070207,0.001091,neutron,pi+,solid
172,11.0,0.077466,0.749187,0.424718,1.197332,0.683693,AUT,1089805.128142,0.012598,0.009116,0.010786,0.070207,0.001109,neutron,pi+,solid
173,11.0,0.088219,0.716522,0.424565,1.304278,0.684619,AUT,988987.674651,0.013165,0.009661,0.011074,0.070207,0.001127,neutron,pi+,solid
174,11.0,0.100500,0.687069,0.424482,1.424563,0.686781,AUT,889723.754798,0.014021,0.010366,0.011575,0.070207,0.001147,neutron,pi+,solid
175,11.0,0.115648,0.646571,0.423926,1.542112,0.691258,AUT,792273.744164,0.015056,0.011132,0.012155,0.070207,0.001173,neutron,pi+,solid
176,11.0,0.136630,0.565142,0.422688,1.588610,0.704224,AUT,722790.086677,0.017438,0.012435,0.013296,0.070207,0.001211,neutron,pi+,solid
177,11.0,0.183139,0.444292,0.421971,1.663611,0.709998,AUT,925794.081229,0.048065,0.029362,0.029691,0.070207,0.001298,neutron,pi+,solid
178,11.0,0.242885,0.361018,0.420138,1.806872,0.681107,AUT,192847.600904,0.246068,0.144500,0.143273,0.070207,0.001413,neutron,pi+,solid
179,11.0,0.083340,0.728543,0.425885,1.235817,0.872602,AUT,1212418.208670,0.017987,0.011386,0.013592,0.070207,0.001119,neutron,pi+,solid
180,11.0,0.144454,0.563789,0.426550,1.643645,0.865765,AUT,947791.957082,0.047482,0.027415,0.029988,0.070207,0.001225,neutron,pi+,solid
181,11.0,0.117050,0.561081,0.473303,1.350445,0.142084,AUT,2930184.103718,0.007690,0.006492,0.006740,0.070207,0.001179,neutron,pi+,solid
182,11.0,0.148713,0.514450,0.473760,1.577198,0.119978,AUT,2768569.812508,0.007125,0.006747,0.006384,0.070207,0.001239,neutron,pi+,solid
183,11.0,0.172877,0.469078,0.473969,1.672077,0.109418,AUT,2726390.310028,0.007349,0.007187,0.006554,0.070207,0.001287,neutron,pi+,solid
184,11.0,0.201914,0.420325,0.474228,1.748246,0.101562,AUT,2746650.223912,0.007584,0.007606,0.006779,0.070207,0.001345,neutron,pi+,solid
185,11.0,0.248753,0.355073,0.473958,1.814350,0.112961,AUT,1820630.520627,0.009865,0.009996,0.009245,0.070207,0.001435,neutron,pi+,solid
186,11.0,0.080319,0.679939,0.472896,1.123770,0.327942,AUT,2265099.577177,0.009099,0.006857,0.007871,0.070207,0.001117,neutron,pi+,solid
187,11.0,0.094267,0.640583,0.473324,1.246102,0.316319,AUT,2149454.858693,0.008219,0.006954,0.007284,0.070207,0.001140,neutron,pi+,solid
188,11.0,0.104704,0.622928,0.473332,1.346079,0.312631,AUT,2123210.850709,0.008036,0.007115,0.007155,0.070207,0.001157,neutron,pi+,solid
189,11.0,0.114312,0.607537,0.473540,1.433369,0.308939,AUT,2084073.293572,0.007977,0.007323,0.007101,0.070207,0.001175,neutron,pi+,solid
190,11.0,0.123531,0.594064,0.473599,1.514591,0.305301,AUT,2011301.123234,0.008056,0.007619,0.007196,0.070207,0.001192,neutron,pi+,solid
191,11.0,0.132767,0.575996,0.473750,1.578194,0.301534,AUT,1982338.509733,0.008137,0.007911,0.007245,0.070207,0.001209,neutron,pi+,solid
192,11.0,0.142774,0.553485,0.473899,1.630781,0.298400,AUT,1896032.562360,0.008438,0.008442,0.007484,0.070207,0.001229,neutron,pi+,solid
193,11.0,0.154530,0.527555,0.474055,1.682111,0.296381,AUT,1806395.221295,0.009066,0.009260,0.007932,0.070207,0.001252,neutron,pi+,solid
194,11.0,0.170004,0.490536,0.474076,1.719954,0.295784,AUT,1668750.511596,0.010777,0.011137,0.009135,0.070207,0.001282,neutron,pi+,solid
195,11.0,0.194704,0.433724,0.473824,1.739343,0.306122,AUT,1514821.098155,0.015098,0.016034,0.011797,0.070207,0.001331,neutron,pi+,solid
196,11.0,0.247269,0.355472,0.474100,1.802179,0.304171,AUT,1576600.598624,0.010192,0.013952,0.010561,0.070207,0.001431,neutron,pi+,solid
197,11.0,0.308946,0.311203,0.472638,1.984617,0.315760,AUT,3875.946518,0.246819,0.327170,0.325152,0.070207,0.001549,neutron,pi+,solid
198,11.0,0.068705,0.774221,0.473451,1.094823,0.503731,AUT,1883438.988072,0.009307,0.006837,0.008488,0.070207,0.001098,neutron,pi+,solid
199,11.0,0.079852,0.710727,0.473995,1.170878,0.495089,AUT,1788674.267288,0.008997,0.007164,0.008250,0.070207,0.001116,neutron,pi+,solid
200,11.0,0.087829,0.685206,0.474229,1.242097,0.491032,AUT,1718577.710586,0.009052,0.007527,0.008267,0.070207,0.001129,neutron,pi+,solid
201,11.0,0.095752,0.671628,0.474419,1.327310,0.487805,AUT,1768025.897127,0.008946,0.007608,0.008108,0.070207,0.001142,neutron,pi+,solid
202,11.0,0.103932,0.660895,0.474535,1.417707,0.485374,AUT,1611979.451383,0.009491,0.008266,0.008490,0.070207,0.001157,neutron,pi+,solid
203,11.0,0.112492,0.650789,0.474592,1.511018,0.483317,AUT,1556917.749663,0.009857,0.008807,0.008706,0.070207,0.001172,neutron,pi+,solid
204,11.0,0.122102,0.639112,0.474730,1.610614,0.481002,AUT,1552472.199649,0.010229,0.009368,0.008890,0.070207,0.001190,neutron,pi+,solid
205,11.0,0.133116,0.614653,0.475079,1.688119,0.476849,AUT,1392190.513007,0.011705,0.010857,0.009802,0.070207,0.001211,neutron,pi+,solid
206,11.0,0.148063,0.565205,0.475522,1.725317,0.468521,AUT,1207302.090259,0.017044,0.015135,0.012647,0.070207,0.001240,neutron,pi+,solid
207,11.0,0.174579,0.489769,0.476075,1.759218,0.458127,AUT,889085.694713,0.038841,0.029874,0.027024,0.070207,0.001292,neutron,pi+,solid
208,11.0,0.231251,0.385175,0.477821,1.818691,0.440016,AUT,440711.008580,0.022988,0.031447,0.022964,0.070207,0.001401,neutron,pi+,solid
209,11.0,0.067598,0.789215,0.474176,1.098100,0.688565,AUT,1264356.500939,0.011657,0.008277,0.010409,0.070207,0.001096,neutron,pi+,solid
210,11.0,0.081012,0.732279,0.474782,1.223895,0.682316,AUT,1144257.705232,0.011813,0.008880,0.010284,0.070207,0.001118,neutron,pi+,solid
211,11.0,0.093797,0.709970,0.474867,1.374119,0.680597,AUT,996697.965199,0.012671,0.009771,0.010794,0.070207,0.001139,neutron,pi+,solid
212,11.0,0.109072,0.685801,0.475008,1.543161,0.680188,AUT,862856.218347,0.014068,0.011018,0.011622,0.070207,0.001166,neutron,pi+,solid
213,11.0,0.129007,0.632413,0.474707,1.679214,0.685352,AUT,632364.879456,0.017612,0.013596,0.013781,0.070207,0.001203,neutron,pi+,solid
214,11.0,0.175696,0.459960,0.471194,1.645610,0.727666,AUT,447465.164845,0.023714,0.017024,0.017460,0.070207,0.001291,neutron,pi+,solid
215,11.0,0.235286,0.373175,0.466976,1.811359,0.716623,AUT,44620.618962,0.529675,0.326900,0.319444,0.070207,0.001409,neutron,pi+,solid
216,11.0,0.077081,0.754991,0.475450,1.189930,0.875963,AUT,1145588.580179,0.014491,0.009748,0.011761,0.070207,0.001111,neutron,pi+,solid
217,11.0,0.130000,0.585252,0.474565,1.540599,0.882570,AUT,1168764.906901,0.022935,0.014382,0.015901,0.070207,0.001204,neutron,pi+,solid
218,11.0,0.198378,0.439294,0.473480,1.795309,0.859942,AUT,135619.522467,0.213332,0.123487,0.127069,0.070207,0.001338,neutron,pi+,solid
219,11.0,0.101531,0.694151,0.477618,1.411048,1.074531,AUT,441319.275746,0.049278,0.028955,0.033758,0.070207,0.001153,neutron,pi+,solid
220,11.0,0.127068,0.542876,0.523546,1.417113,0.135377,AUT,3067116.861136,0.006984,0.006269,0.006219,0.070207,0.001203,neutron,pi+,solid
221,11.0,0.166226,0.479523,0.523902,1.641924,0.114645,AUT,2899263.605084,0.007086,0.006919,0.006326,0.070207,0.001281,neutron,pi+,solid
222,11.0,0.204851,0.415511,0.524091,1.750374,0.107689,AUT,2950325.486203,0.007385,0.007420,0.006622,0.070207,0.001359,neutron,pi+,solid
223,11.0,0.257258,0.345042,0.523725,1.826601,0.122529,AUT,975853.167337,0.014241,0.014045,0.013313,0.070207,0.001462,neutron,pi+,solid
224,11.0,0.085783,0.655175,0.522937,1.156612,0.324782,AUT,2256399.034708,0.009148,0.007045,0.007778,0.070207,0.001129,neutron,pi+,solid
225,11.0,0.103897,0.618200,0.523508,1.325157,0.314301,AUT,2195233.299577,0.008186,0.007057,0.007137,0.070207,0.001160,neutron,pi+,solid
226,11.0,0.117980,0.596459,0.523620,1.452140,0.309933,AUT,2111041.689114,0.008073,0.007348,0.007094,0.070207,0.001186,neutron,pi+,solid
227,11.0,0.131038,0.574953,0.523723,1.554595,0.304401,AUT,2048924.614652,0.008071,0.007647,0.007100,0.070207,0.001212,neutron,pi+,solid
228,11.0,0.144781,0.545255,0.523906,1.628739,0.300145,AUT,1938528.560964,0.008329,0.008210,0.007335,0.070207,0.001239,neutron,pi+,solid
229,11.0,0.161435,0.509764,0.523992,1.697286,0.297035,AUT,1750145.452277,0.009208,0.009403,0.008073,0.070207,0.001273,neutron,pi+,solid
230,11.0,0.186468,0.453000,0.523914,1.739138,0.303020,AUT,1467819.960529,0.012781,0.013394,0.010483,0.070207,0.001323,neutron,pi+,solid
231,11.0,0.243281,0.360122,0.524044,1.793857,0.305090,AUT,1414346.703024,0.010710,0.013929,0.010944,0.070207,0.001434,neutron,pi+,solid
232,11.0,0.072276,0.749191,0.523423,1.113679,0.507640,AUT,1973611.991471,0.009015,0.006783,0.008200,0.070207,0.001106,neutron,pi+,solid
233,11.0,0.085565,0.684037,0.523939,1.207638,0.497487,AUT,1871103.845229,0.008650,0.007204,0.007957,0.070207,0.001128,neutron,pi+,solid
234,11.0,0.095951,0.662233,0.524108,1.311326,0.492832,AUT,1863515.510696,0.008592,0.007473,0.007840,0.070207,0.001146,neutron,pi+,solid
235,11.0,0.106493,0.647047,0.524284,1.422100,0.489884,AUT,1763531.486434,0.008949,0.008033,0.008057,0.070207,0.001165,neutron,pi+,solid
236,11.0,0.117839,0.632723,0.524350,1.538790,0.487398,AUT,1720738.731598,0.009320,0.008650,0.008281,0.070207,0.001187,neutron,pi+,solid
237,11.0,0.130752,0.610314,0.524635,1.646354,0.484258,AUT,1635411.332256,0.010166,0.009725,0.008830,0.070207,0.001212,neutron,pi+,solid
238,11.0,0.148007,0.558528,0.524869,1.703751,0.476566,AUT,1481571.992132,0.013432,0.012688,0.010794,0.070207,0.001246,neutron,pi+,solid
239,11.0,0.182259,0.466967,0.525541,1.746492,0.465862,AUT,1246636.842162,0.024002,0.021831,0.018244,0.070207,0.001314,neutron,pi+,solid
240,11.0,0.245402,0.362145,0.525803,1.823949,0.448127,AUT,419849.600583,0.020933,0.032236,0.023164,0.070207,0.001439,neutron,pi+,solid
241,11.0,0.070193,0.773034,0.524393,1.115756,0.687365,AUT,1464518.389527,0.010517,0.007682,0.009556,0.070207,0.001103,neutron,pi+,solid
242,11.0,0.086033,0.714013,0.525074,1.267422,0.680724,AUT,1229216.057452,0.011246,0.008778,0.009983,0.070207,0.001129,neutron,pi+,solid
243,11.0,0.101594,0.694484,0.525268,1.455885,0.677429,AUT,1085335.585846,0.012235,0.009951,0.010543,0.070207,0.001157,neutron,pi+,solid
244,11.0,0.121445,0.670120,0.525630,1.678079,0.672854,AUT,899304.455963,0.014692,0.012206,0.011874,0.070207,0.001195,neutron,pi+,solid
245,11.0,0.153876,0.557377,0.525020,1.748954,0.678614,AUT,361773.010759,0.031918,0.023418,0.022794,0.070207,0.001258,neutron,pi+,solid
246,11.0,0.220159,0.398599,0.518135,1.810175,0.730596,AUT,11115.151394,0.148315,0.117407,0.136461,0.070207,0.001390,neutron,pi+,solid
247,11.0,0.075655,0.762050,0.524811,1.181521,0.883686,AUT,1081586.423102,0.013290,0.009371,0.011229,0.070207,0.001112,neutron,pi+,solid
248,11.0,0.117918,0.620231,0.523980,1.489017,0.891641,AUT,867050.438280,0.016488,0.011575,0.012876,0.070207,0.001187,neutron,pi+,solid
249,11.0,0.176017,0.470298,0.521412,1.702660,0.884840,AUT,219071.802333,0.143170,0.086711,0.088796,0.070207,0.001301,neutron,pi+,solid
250,11.0,0.100980,0.685450,0.526140,1.382539,1.095098,AUT,671217.130373,0.030134,0.018594,0.021679,0.070207,0.001156,neutron,pi+,solid
251,11.0,0.137377,0.523949,0.573651,1.475912,0.129806,AUT,3147154.358042,0.006710,0.006283,0.006020,0.070207,0.001230,neutron,pi+,solid
252,11.0,0.188470,0.440323,0.573961,1.705754,0.113598,AUT,3116431.980470,0.007095,0.007073,0.006339,0.070207,0.001336,neutron,pi+,solid
253,11.0,0.243579,0.362074,0.573940,1.810913,0.118347,AUT,1275309.517499,0.011794,0.011993,0.010912,0.070207,0.001448,neutron,pi+,solid
254,11.0,0.091740,0.635334,0.573362,1.199317,0.322635,AUT,2284845.966928,0.009292,0.007167,0.007808,0.070207,0.001143,neutron,pi+,solid
255,11.0,0.115376,0.596472,0.573608,1.419535,0.311722,AUT,2199233.970092,0.008258,0.007245,0.007127,0.070207,0.001187,neutron,pi+,solid
256,11.0,0.133721,0.565253,0.573757,1.559116,0.304946,AUT,2024256.180380,0.008299,0.007743,0.007249,0.070207,0.001224,neutron,pi+,solid
257,11.0,0.152951,0.525679,0.573892,1.658076,0.298899,AUT,1853042.423215,0.008649,0.008545,0.007641,0.070207,0.001263,neutron,pi+,solid
258,11.0,0.179651,0.469486,0.574057,1.735993,0.297546,AUT,1480661.022926,0.010978,0.011441,0.009432,0.070207,0.001319,neutron,pi+,solid
259,11.0,0.238911,0.365813,0.573450,1.788545,0.296236,AUT,1163710.693215,0.011712,0.014464,0.011862,0.070207,0.001437,neutron,pi+,solid
260,11.0,0.076478,0.720371,0.573472,1.132146,0.509339,AUT,2071508.036848,0.008653,0.006769,0.007871,0.070207,0.001116,neutron,pi+,solid
261,11.0,0.092842,0.661142,0.573834,1.266425,0.498711,AUT,1941482.031080,0.008398,0.007308,0.007677,0.070207,0.001145,neutron,pi+,solid
262,11.0,0.106619,0.637975,0.574099,1.403573,0.494173,AUT,1901347.795272,0.008472,0.007732,0.007699,0.070207,0.001171,neutron,pi+,solid
263,11.0,0.121517,0.618513,0.574221,1.550880,0.491077,AUT,1854597.454789,0.008861,0.008443,0.007922,0.070207,0.001200,neutron,pi+,solid
264,11.0,0.139267,0.579146,0.574483,1.662842,0.486265,AUT,1737278.396319,0.010208,0.010073,0.008833,0.070207,0.001236,neutron,pi+,solid
265,11.0,0.170340,0.491391,0.574816,1.717914,0.477990,AUT,1579226.134645,0.017369,0.016315,0.013421,0.070207,0.001299,neutron,pi+,solid
266,11.0,0.227037,0.386011,0.574421,1.798641,0.462924,AUT,662864.850393,0.019235,0.025731,0.018182,0.070207,0.001415,neutron,pi+,solid
267,11.0,0.072460,0.758146,0.574471,1.128475,0.689955,AUT,1565285.817720,0.009991,0.007537,0.009081,0.070207,0.001109,neutron,pi+,solid
268,11.0,0.091169,0.695913,0.574957,1.308922,0.682654,AUT,1400027.982353,0.010425,0.008483,0.009307,0.070207,0.001143,neutron,pi+,solid
269,11.0,0.111137,0.673808,0.575207,1.544806,0.677786,AUT,1247536.694089,0.011589,0.009956,0.009953,0.070207,0.001181,neutron,pi+,solid
270,11.0,0.138438,0.615674,0.575874,1.749430,0.668300,AUT,806812.155538,0.019327,0.016608,0.014284,0.070207,0.001236,neutron,pi+,solid
271,11.0,0.188889,0.473162,0.577887,1.834394,0.646583,AUT,65950.719379,0.144053,0.108938,0.103038,0.070207,0.001339,neutron,pi+,solid
272,11.0,0.077293,0.756546,0.574595,1.198928,0.887410,AUT,1090075.730721,0.012538,0.009133,0.010781,0.070207,0.001118,neutron,pi+,solid
273,11.0,0.121292,0.629745,0.573800,1.549527,0.892077,AUT,673338.703579,0.016482,0.012321,0.013356,0.070207,0.001199,neutron,pi+,solid
274,11.0,0.189967,0.466169,0.564599,1.826585,0.890825,AUT,13141.778897,0.652449,0.445445,0.444594,0.070207,0.001339,neutron,pi+,solid
275,11.0,0.095729,0.702749,0.575506,1.348035,1.108925,AUT,805453.817392,0.021648,0.013965,0.016494,0.070207,0.001151,neutron,pi+,solid
276,11.0,0.148989,0.502659,0.623725,1.530597,0.126430,AUT,3324552.870049,0.006569,0.006309,0.005877,0.070207,0.001262,neutron,pi+,solid
277,11.0,0.214931,0.401327,0.623723,1.764703,0.116976,AUT,2337125.263566,0.008494,0.008586,0.007690,0.070207,0.001402,neutron,pi+,solid
278,11.0,0.099012,0.616841,0.623472,1.256095,0.319274,AUT,2324124.027896,0.009314,0.007277,0.007753,0.070207,0.001161,neutron,pi+,solid
279,11.0,0.128832,0.570688,0.623612,1.515766,0.307339,AUT,2151835.048978,0.008428,0.007527,0.007273,0.070207,0.001221,neutron,pi+,solid
280,11.0,0.154821,0.519591,0.623912,1.657662,0.298053,AUT,1868433.303678,0.008717,0.008493,0.007736,0.070207,0.001276,neutron,pi+,solid
281,11.0,0.195773,0.437000,0.623989,1.751532,0.291109,AUT,1329527.350380,0.011460,0.012374,0.010144,0.070207,0.001363,neutron,pi+,solid
282,11.0,0.253182,0.351700,0.621107,1.835772,0.275491,AUT,278602.697715,0.025675,0.028424,0.026189,0.070207,0.001482,neutron,pi+,solid
283,11.0,0.081337,0.693330,0.623312,1.158506,0.509526,AUT,2085291.053152,0.008475,0.006890,0.007697,0.070207,0.001129,neutron,pi+,solid
284,11.0,0.101799,0.639389,0.623852,1.342630,0.500000,AUT,1976634.816966,0.008246,0.007472,0.007538,0.070207,0.001167,neutron,pi+,solid
285,11.0,0.120647,0.611793,0.624071,1.522703,0.494619,AUT,1929292.108287,0.008532,0.008155,0.007666,0.070207,0.001205,neutron,pi+,solid
286,11.0,0.143325,0.562557,0.624302,1.660824,0.489567,AUT,1782299.167637,0.010039,0.010059,0.008746,0.070207,0.001253,neutron,pi+,solid
287,11.0,0.189820,0.449453,0.623932,1.740836,0.481116,AUT,1542443.779698,0.015691,0.016790,0.012831,0.070207,0.001349,neutron,pi+,solid
288,11.0,0.075773,0.739238,0.624203,1.149255,0.692283,AUT,1724116.546725,0.009446,0.007277,0.008590,0.070207,0.001119,neutron,pi+,solid
289,11.0,0.098485,0.675732,0.624740,1.372660,0.684561,AUT,1519614.766215,0.009983,0.008475,0.008910,0.070207,0.001162,neutron,pi+,solid
290,11.0,0.124538,0.640178,0.625073,1.642129,0.678584,AUT,1309560.035447,0.012044,0.010845,0.010073,0.070207,0.001215,neutron,pi+,solid
291,11.0,0.164262,0.528083,0.626038,1.774959,0.660965,AUT,426561.904508,0.055051,0.041323,0.034536,0.070207,0.001298,neutron,pi+,solid
292,11.0,0.079881,0.746910,0.624923,1.223108,0.884796,AUT,1140640.477762,0.011877,0.008939,0.010462,0.070207,0.001127,neutron,pi+,solid
293,11.0,0.119694,0.666567,0.624950,1.635740,0.879547,AUT,484332.137618,0.020299,0.016119,0.015884,0.070207,0.001205,neutron,pi+,solid
294,11.0,0.088955,0.728772,0.624514,1.310467,1.120137,AUT,785259.354111,0.017182,0.011957,0.013951,0.070207,0.001144,neutron,pi+,solid
295,11.0,0.162480,0.479898,0.673802,1.585010,0.124899,AUT,3408207.976438,0.006619,0.006497,0.005928,0.070207,0.001300,neutron,pi+,solid
296,11.0,0.228175,0.385487,0.671863,1.811948,0.114047,AUT,678048.143841,0.016414,0.016724,0.014664,0.070207,0.001446,neutron,pi+,solid
297,11.0,0.107185,0.599784,0.673384,1.320932,0.315744,AUT,2357052.677749,0.009242,0.007366,0.007730,0.070207,0.001184,neutron,pi+,solid
298,11.0,0.145656,0.535120,0.673811,1.604480,0.301390,AUT,2049170.793865,0.008604,0.007944,0.007556,0.070207,0.001267,neutron,pi+,solid
299,11.0,0.192070,0.448250,0.673303,1.760027,0.282718,AUT,1319520.077206,0.011120,0.011565,0.009955,0.070207,0.001368,neutron,pi+,solid
300,11.0,0.087021,0.670054,0.673403,1.197381,0.509318,AUT,2135775.331314,0.008304,0.006956,0.007529,0.070207,0.001145,neutron,pi+,solid
301,11.0,0.113995,0.614828,0.673844,1.445148,0.499146,AUT,2024240.297042,0.008195,0.007713,0.007410,0.070207,0.001199,neutron,pi+,solid
302,11.0,0.141935,0.561887,0.674094,1.641419,0.493689,AUT,1843960.543607,0.009375,0.009510,0.008304,0.070207,0.001259,neutron,pi+,solid
303,11.0,0.184194,0.460898,0.672475,1.742279,0.486903,AUT,977994.947388,0.020869,0.021410,0.016326,0.070207,0.001351,neutron,pi+,solid
304,11.0,0.079693,0.719244,0.674007,1.175097,0.694567,AUT,1806186.757282,0.009059,0.007231,0.008272,0.070207,0.001131,neutron,pi+,solid
305,11.0,0.108152,0.654609,0.674508,1.459561,0.686342,AUT,1638325.492565,0.009703,0.008644,0.008587,0.070207,0.001188,neutron,pi+,solid
306,11.0,0.145434,0.578288,0.674891,1.718602,0.675176,AUT,1095466.222445,0.016211,0.014987,0.012829,0.070207,0.001268,neutron,pi+,solid
307,11.0,0.082814,0.734946,0.674932,1.246714,0.883256,AUT,1259947.015141,0.011132,0.008631,0.009964,0.070207,0.001137,neutron,pi+,solid
308,11.0,0.123877,0.668622,0.675518,1.701561,0.871934,AUT,419072.435837,0.023647,0.019695,0.018298,0.070207,0.001223,neutron,pi+,solid
309,11.0,0.084233,0.751192,0.674301,1.291078,1.121030,AUT,691217.937176,0.016036,0.011809,0.013407,0.070207,0.001140,neutron,pi+,solid
310,11.0,0.157036,0.662298,0.322993,2.141733,0.143792,AUT,1459799.891469,0.012416,0.009899,0.010584,0.070207,0.001237,neutron,pi+,solid
311,11.0,0.177011,0.608573,0.323552,2.222760,0.127176,AUT,1470935.200772,0.010527,0.009478,0.009217,0.070207,0.001275,neutron,pi+,solid
312,11.0,0.189679,0.581197,0.323673,2.275166,0.119964,AUT,1462147.419334,0.010311,0.009667,0.009118,0.070207,0.001298,neutron,pi+,solid
313,11.0,0.200046,0.562461,0.323841,2.322318,0.114111,AUT,1439986.145968,0.010381,0.009943,0.009263,0.070207,0.001317,neutron,pi+,solid
314,11.0,0.209379,0.547432,0.323961,2.365790,0.108780,AUT,1394585.997798,0.010658,0.010375,0.009475,0.070207,0.001335,neutron,pi+,solid
315,11.0,0.218107,0.534651,0.324087,2.406907,0.104095,AUT,1361781.838719,0.010873,0.010647,0.009669,0.070207,0.001351,neutron,pi+,solid
316,11.0,0.226712,0.521946,0.324087,2.442369,0.099969,AUT,1348148.017720,0.011071,0.010934,0.009859,0.070207,0.001367,neutron,pi+,solid
317,11.0,0.235422,0.507574,0.324108,2.466365,0.096346,AUT,1344915.118037,0.011174,0.011177,0.009946,0.070207,0.001382,neutron,pi+,solid
318,11.0,0.244631,0.491539,0.324167,2.481828,0.093002,AUT,1347157.765459,0.011333,0.011429,0.010032,0.070207,0.001399,neutron,pi+,solid
319,11.0,0.254637,0.473967,0.324213,2.490940,0.090128,AUT,1317660.009600,0.011564,0.011782,0.010291,0.070207,0.001416,neutron,pi+,solid
320,11.0,0.265727,0.455146,0.324259,2.496132,0.088217,AUT,1279455.213919,0.011809,0.012198,0.010569,0.070207,0.001436,neutron,pi+,solid
321,11.0,0.278600,0.434403,0.324194,2.497678,0.089155,AUT,1299442.490247,0.011737,0.012224,0.010773,0.070207,0.001458,neutron,pi+,solid
322,11.0,0.293860,0.412000,0.324212,2.498472,0.094652,AUT,1314476.568871,0.011812,0.012357,0.011055,0.070207,0.001484,neutron,pi+,solid
323,11.0,0.313066,0.389641,0.324330,2.517303,0.103386,AUT,1320533.172345,0.012348,0.012607,0.011767,0.070207,0.001517,neutron,pi+,solid
324,11.0,0.347921,0.373541,0.323966,2.680622,0.117659,AUT,1338990.115287,0.015633,0.014003,0.014365,0.070207,0.001579,neutron,pi+,solid
325,11.0,0.140341,0.717081,0.323385,2.075586,0.305886,AUT,1092525.818216,0.011709,0.010142,0.010654,0.070207,0.001207,neutron,pi+,solid
326,11.0,0.152363,0.680475,0.324065,2.139718,0.298281,AUT,1122447.676275,0.011493,0.010570,0.010404,0.070207,0.001229,neutron,pi+,solid
327,11.0,0.160799,0.658890,0.324142,2.186742,0.292614,AUT,1065978.598378,0.011933,0.011262,0.010598,0.070207,0.001245,neutron,pi+,solid
328,11.0,0.168175,0.641587,0.324306,2.227050,0.287955,AUT,1031558.981661,0.012423,0.011962,0.010926,0.070207,0.001259,neutron,pi+,solid
329,11.0,0.175160,0.627605,0.324538,2.269040,0.284806,AUT,1010583.209857,0.012972,0.012660,0.011258,0.070207,0.001272,neutron,pi+,solid
330,11.0,0.182039,0.614111,0.324660,2.307474,0.282581,AUT,986504.448080,0.013743,0.013472,0.011748,0.070207,0.001285,neutron,pi+,solid
331,11.0,0.188935,0.602102,0.324645,2.348066,0.281406,AUT,955989.341729,0.014818,0.014606,0.012430,0.070207,0.001297,neutron,pi+,solid
332,11.0,0.195957,0.590822,0.324658,2.389672,0.280509,AUT,946516.036458,0.015818,0.015590,0.013117,0.070207,0.001311,neutron,pi+,solid
333,11.0,0.203263,0.578450,0.324745,2.426873,0.280064,AUT,911792.365330,0.017344,0.017025,0.014125,0.070207,0.001324,neutron,pi+,solid
334,11.0,0.210959,0.564960,0.324759,2.459993,0.279692,AUT,929090.914997,0.018695,0.018283,0.014945,0.070207,0.001338,neutron,pi+,solid
335,11.0,0.219194,0.551296,0.324764,2.494190,0.279186,AUT,907586.342909,0.020038,0.019642,0.015965,0.070207,0.001353,neutron,pi+,solid
336,11.0,0.228072,0.533189,0.324780,2.509843,0.278662,AUT,889619.328628,0.022110,0.021636,0.017364,0.070207,0.001370,neutron,pi+,solid
337,11.0,0.237965,0.510880,0.324849,2.509070,0.278431,AUT,885521.505219,0.024256,0.023955,0.018630,0.070207,0.001387,neutron,pi+,solid
338,11.0,0.249224,0.486197,0.324817,2.500724,0.277597,AUT,845683.591670,0.024751,0.025785,0.019327,0.070207,0.001407,neutron,pi+,solid
339,11.0,0.262283,0.461731,0.324761,2.499238,0.275581,AUT,833772.372321,0.022308,0.025401,0.018195,0.070207,0.001430,neutron,pi+,solid
340,11.0,0.277739,0.435600,0.324880,2.496554,0.273310,AUT,832855.945280,0.019383,0.024370,0.017038,0.070207,0.001457,neutron,pi+,solid
341,11.0,0.296167,0.408493,0.324973,2.496400,0.271739,AUT,828667.295750,0.016943,0.023788,0.016775,0.070207,0.001488,neutron,pi+,solid
342,11.0,0.319146,0.384925,0.325013,2.535052,0.271429,AUT,813523.444847,0.015261,0.024036,0.017716,0.070207,0.001528,neutron,pi+,solid
343,11.0,0.355868,0.369786,0.325289,2.714975,0.274147,AUT,641051.058549,0.016368,0.027541,0.022174,0.070207,0.001594,neutron,pi+,solid
344,11.0,0.141914,0.716407,0.326166,2.096025,0.465092,AUT,562448.974430,0.019127,0.015419,0.015164,0.070207,0.001211,neutron,pi+,solid
345,11.0,0.159809,0.669288,0.325869,2.206923,0.467558,AUT,401093.433240,0.029548,0.022400,0.020322,0.070207,0.001244,neutron,pi+,solid
346,11.0,0.174675,0.636273,0.325389,2.293400,0.474155,AUT,323919.172097,0.034094,0.025240,0.023376,0.070207,0.001271,neutron,pi+,solid
347,11.0,0.189494,0.605750,0.324608,2.368610,0.482752,AUT,277429.816448,0.033675,0.025225,0.024492,0.070207,0.001299,neutron,pi+,solid
348,11.0,0.204733,0.574481,0.323626,2.426925,0.493122,AUT,241436.453649,0.033193,0.025472,0.025246,0.070207,0.001327,neutron,pi+,solid
349,11.0,0.221020,0.538181,0.322548,2.454150,0.506461,AUT,225081.587778,0.031875,0.025118,0.025079,0.070207,0.001356,neutron,pi+,solid
350,11.0,0.239360,0.489734,0.321195,2.417872,0.523115,AUT,212562.142351,0.031716,0.025546,0.025330,0.070207,0.001388,neutron,pi+,solid
351,11.0,0.262265,0.436104,0.319730,2.358576,0.539719,AUT,227365.092487,0.035429,0.027511,0.027388,0.070207,0.001427,neutron,pi+,solid
352,11.0,0.292203,0.386805,0.319472,2.330363,0.546651,AUT,267650.657397,0.051463,0.035440,0.035607,0.070207,0.001479,neutron,pi+,solid
353,11.0,0.334296,0.362393,0.318981,2.500426,0.550631,AUT,250833.792757,0.082429,0.052878,0.053674,0.070207,0.001552,neutron,pi+,solid
354,11.0,0.161159,0.658334,0.323991,2.178834,0.684245,AUT,676441.883064,0.046853,0.028436,0.030749,0.070207,0.001245,neutron,pi+,solid
355,11.0,0.204786,0.562136,0.324392,2.370117,0.677863,AUT,811288.836816,0.071591,0.041875,0.043966,0.070207,0.001326,neutron,pi+,solid
356,11.0,0.266788,0.460931,0.326139,2.517399,0.663651,AUT,966475.603721,0.097921,0.055319,0.056193,0.070207,0.001436,neutron,pi+,solid
357,11.0,0.345975,0.386898,0.325530,2.761278,0.641775,AUT,86684.639269,0.489862,0.273466,0.268574,0.070207,0.001576,neutron,pi+,solid
358,11.0,0.164427,0.640314,0.373322,2.166543,0.138516,AUT,1572464.504902,0.011361,0.009531,0.009931,0.070207,0.001260,neutron,pi+,solid
359,11.0,0.187873,0.583023,0.373687,2.259974,0.120884,AUT,1567175.223854,0.010065,0.009409,0.008965,0.070207,0.001305,neutron,pi+,solid
360,11.0,0.202529,0.555251,0.373835,2.320829,0.113546,AUT,1493290.369103,0.010328,0.009924,0.009250,0.070207,0.001333,neutron,pi+,solid
361,11.0,0.214871,0.535706,0.373929,2.375711,0.107840,AUT,1490228.614277,0.010479,0.010173,0.009341,0.070207,0.001357,neutron,pi+,solid
362,11.0,0.226639,0.519103,0.374045,2.428142,0.103158,AUT,1467684.920745,0.010735,0.010517,0.009548,0.070207,0.001379,neutron,pi+,solid
363,11.0,0.238476,0.500564,0.374093,2.463674,0.099235,AUT,1465666.362124,0.010870,0.010764,0.009692,0.070207,0.001401,neutron,pi+,solid
364,11.0,0.251143,0.479146,0.374344,2.483437,0.095991,AUT,1457823.986552,0.011046,0.011101,0.009830,0.070207,0.001424,neutron,pi+,solid
365,11.0,0.265442,0.455901,0.374250,2.497322,0.094824,AUT,1404693.423617,0.011338,0.011549,0.010250,0.070207,0.001449,neutron,pi+,solid
366,11.0,0.282733,0.428654,0.374111,2.500764,0.098069,AUT,1448382.946594,0.011301,0.011638,0.010360,0.070207,0.001480,neutron,pi+,solid
367,11.0,0.305503,0.398999,0.374043,2.514828,0.107869,AUT,1468700.457291,0.011743,0.011833,0.010999,0.070207,0.001520,neutron,pi+,solid
368,11.0,0.343403,0.376503,0.373845,2.666409,0.124183,AUT,1206896.997913,0.016545,0.014693,0.014933,0.070207,0.001589,neutron,pi+,solid
369,11.0,0.144345,0.704069,0.373288,2.095153,0.309030,AUT,1179741.714992,0.011339,0.010089,0.010180,0.070207,0.001223,neutron,pi+,solid
370,11.0,0.159077,0.660721,0.373568,2.169013,0.303012,AUT,1169087.561984,0.011219,0.010587,0.010062,0.070207,0.001251,neutron,pi+,solid
371,11.0,0.169457,0.635908,0.373865,2.224024,0.297192,AUT,1135935.635577,0.011495,0.011200,0.010219,0.070207,0.001270,neutron,pi+,solid
372,11.0,0.178656,0.617136,0.374074,2.275625,0.293161,AUT,1090145.212882,0.012058,0.011916,0.010566,0.070207,0.001288,neutron,pi+,solid
373,11.0,0.187338,0.601749,0.374132,2.326760,0.290701,AUT,1033842.299967,0.012902,0.012937,0.011187,0.070207,0.001305,neutron,pi+,solid
374,11.0,0.195996,0.587383,0.374198,2.376179,0.289607,AUT,1031571.231364,0.013652,0.013793,0.011668,0.070207,0.001321,neutron,pi+,solid
375,11.0,0.205097,0.573148,0.374241,2.426229,0.289660,AUT,997261.358263,0.014733,0.014996,0.012510,0.070207,0.001339,neutron,pi+,solid
376,11.0,0.214615,0.557748,0.374235,2.470589,0.289999,AUT,971285.349167,0.016139,0.016448,0.013428,0.070207,0.001357,neutron,pi+,solid
377,11.0,0.224749,0.539630,0.374136,2.503083,0.290667,AUT,927408.001168,0.017766,0.018295,0.014676,0.070207,0.001376,neutron,pi+,solid
378,11.0,0.236066,0.514656,0.374264,2.507259,0.292274,AUT,931449.061236,0.019800,0.020454,0.015875,0.070207,0.001396,neutron,pi+,solid
379,11.0,0.249637,0.482963,0.374182,2.487869,0.294843,AUT,925080.885798,0.021342,0.022967,0.016843,0.070207,0.001421,neutron,pi+,solid
380,11.0,0.266297,0.450988,0.374127,2.478003,0.296110,AUT,911604.302376,0.019691,0.023380,0.016385,0.070207,0.001451,neutron,pi+,solid
381,11.0,0.286721,0.418667,0.374173,2.476548,0.295064,AUT,917130.991643,0.016562,0.022087,0.015455,0.070207,0.001487,neutron,pi+,solid
382,11.0,0.311830,0.387046,0.374554,2.490167,0.292341,AUT,900759.605152,0.014225,0.021103,0.015812,0.070207,0.001531,neutron,pi+,solid
383,11.0,0.350759,0.370694,0.374707,2.682275,0.290904,AUT,782017.798518,0.015150,0.022212,0.018898,0.070207,0.001603,neutron,pi+,solid
384,11.0,0.143690,0.710268,0.375425,2.103761,0.469886,AUT,742267.225653,0.015544,0.013311,0.013371,0.070207,0.001222,neutron,pi+,solid
385,11.0,0.163264,0.662274,0.376130,2.230735,0.461899,AUT,612113.422323,0.023587,0.019475,0.016864,0.070207,0.001259,neutron,pi+,solid
386,11.0,0.181011,0.626893,0.376518,2.341348,0.457219,AUT,479826.482487,0.043725,0.033085,0.025945,0.070207,0.001293,neutron,pi+,solid
387,11.0,0.199008,0.598580,0.376789,2.458077,0.453716,AUT,377739.804616,0.076116,0.052214,0.043396,0.070207,0.001328,neutron,pi+,solid
388,11.0,0.218487,0.571013,0.377017,2.574179,0.451245,AUT,319128.200199,0.079776,0.053005,0.052906,0.070207,0.001365,neutron,pi+,solid
389,11.0,0.241683,0.525948,0.377438,2.621036,0.449792,AUT,240056.862567,0.061891,0.047812,0.048661,0.070207,0.001408,neutron,pi+,solid
390,11.0,0.273277,0.457716,0.376641,2.577287,0.459825,AUT,159606.252585,0.045534,0.044584,0.044437,0.070207,0.001464,neutron,pi+,solid
391,11.0,0.323570,0.388528,0.376054,2.589294,0.469153,AUT,130471.324979,0.035150,0.048402,0.048516,0.070207,0.001553,neutron,pi+,solid
392,11.0,0.392331,0.361583,0.378962,2.928131,0.426419,AUT,2629.584483,0.252724,0.539903,0.471553,0.070207,0.001687,neutron,pi+,solid
393,11.0,0.160646,0.658664,0.372366,2.171341,0.703738,AUT,412925.074197,0.026032,0.018147,0.019121,0.070207,0.001253,neutron,pi+,solid
394,11.0,0.205689,0.547783,0.371503,2.319022,0.708936,AUT,478031.731119,0.058612,0.036608,0.037364,0.070207,0.001338,neutron,pi+,solid
395,11.0,0.259442,0.449355,0.372216,2.394122,0.697852,AUT,630686.723152,0.112675,0.066347,0.066403,0.070207,0.001436,neutron,pi+,solid
396,11.0,0.318391,0.396572,0.370613,2.604690,0.678863,AUT,173167.299928,0.299667,0.174856,0.172620,0.070207,0.001542,neutron,pi+,solid
397,11.0,0.200635,0.593316,0.377697,2.399668,0.862639,AUT,459802.649527,0.091597,0.051709,0.055835,0.070207,0.001326,neutron,pi+,solid
398,11.0,0.172546,0.618140,0.423385,2.193330,0.133337,AUT,1685366.800513,0.010201,0.009085,0.009067,0.070207,0.001284,neutron,pi+,solid
399,11.0,0.199546,0.558208,0.423869,2.298086,0.115894,AUT,1614074.798207,0.009973,0.009592,0.008916,0.070207,0.001337,neutron,pi+,solid
400,11.0,0.217139,0.529609,0.424018,2.373138,0.109727,AUT,1593774.175120,0.010227,0.009981,0.009143,0.070207,0.001371,neutron,pi+,solid
401,11.0,0.233208,0.506184,0.424098,2.436053,0.105401,AUT,1613663.553266,0.010380,0.010280,0.009244,0.070207,0.001402,neutron,pi+,solid
402,11.0,0.249700,0.479700,0.424156,2.471724,0.102597,AUT,1570386.348985,0.010684,0.010684,0.009569,0.070207,0.001433,neutron,pi+,solid
403,11.0,0.268880,0.450702,0.424219,2.500280,0.102912,AUT,1570368.668098,0.010858,0.011022,0.009801,0.070207,0.001468,neutron,pi+,solid
404,11.0,0.294775,0.413871,0.424085,2.516066,0.109505,AUT,1617242.768853,0.011002,0.011231,0.010179,0.070207,0.001515,neutron,pi+,solid
405,11.0,0.336447,0.380084,0.423646,2.636429,0.127192,AUT,1188279.899416,0.015534,0.014329,0.014271,0.070207,0.001592,neutron,pi+,solid
406,11.0,0.148458,0.691020,0.423444,2.113737,0.308659,AUT,1215321.616619,0.011295,0.009977,0.010020,0.070207,0.001238,neutron,pi+,solid
407,11.0,0.166715,0.639749,0.423614,2.200764,0.304429,AUT,1197113.058078,0.011114,0.010601,0.009866,0.070207,0.001273,neutron,pi+,solid
408,11.0,0.179500,0.612567,0.423824,2.269249,0.298621,AUT,1112273.150037,0.011640,0.011471,0.010260,0.070207,0.001298,neutron,pi+,solid
409,11.0,0.190825,0.592389,0.423915,2.333103,0.294858,AUT,1066163.415910,0.012262,0.012329,0.010738,0.070207,0.001320,neutron,pi+,solid
410,11.0,0.202000,0.576036,0.424087,2.401557,0.294475,AUT,1012875.951369,0.013209,0.013528,0.011470,0.070207,0.001342,neutron,pi+,solid
411,11.0,0.213733,0.558376,0.423907,2.463123,0.295586,AUT,981872.125801,0.014255,0.014806,0.012357,0.070207,0.001365,neutron,pi+,solid
412,11.0,0.226377,0.537056,0.423916,2.508960,0.297193,AUT,936864.120199,0.016017,0.016779,0.013534,0.070207,0.001389,neutron,pi+,solid
413,11.0,0.241008,0.504117,0.423850,2.506835,0.300823,AUT,897938.976244,0.018435,0.019659,0.015089,0.070207,0.001417,neutron,pi+,solid
414,11.0,0.259360,0.462389,0.423793,2.474003,0.307533,AUT,862138.814082,0.019810,0.022753,0.016108,0.070207,0.001450,neutron,pi+,solid
415,11.0,0.282938,0.420014,0.423906,2.451175,0.306827,AUT,884455.202755,0.015976,0.020966,0.015079,0.070207,0.001493,neutron,pi+,solid
416,11.0,0.312876,0.383645,0.424171,2.476211,0.300040,AUT,923951.411480,0.013672,0.018939,0.015198,0.070207,0.001547,neutron,pi+,solid
417,11.0,0.354305,0.368575,0.423995,2.694283,0.295661,AUT,585841.705876,0.019114,0.024143,0.022374,0.070207,0.001626,neutron,pi+,solid
418,11.0,0.146635,0.700922,0.424768,2.117928,0.480328,AUT,931634.077667,0.013425,0.011796,0.011849,0.070207,0.001234,neutron,pi+,solid
419,11.0,0.168570,0.648329,0.425485,2.254424,0.470274,AUT,798636.666036,0.018390,0.016296,0.014238,0.070207,0.001277,neutron,pi+,solid
420,11.0,0.188862,0.608204,0.425747,2.369725,0.465786,AUT,671628.787762,0.030778,0.025431,0.020669,0.070207,0.001317,neutron,pi+,solid
421,11.0,0.210870,0.572653,0.426080,2.491231,0.461366,AUT,593092.883244,0.051434,0.038558,0.032882,0.070207,0.001360,neutron,pi+,solid
422,11.0,0.236684,0.528976,0.426556,2.581495,0.454380,AUT,489183.250403,0.047966,0.040597,0.036107,0.070207,0.001410,neutron,pi+,solid
423,11.0,0.272898,0.461346,0.427408,2.592670,0.444227,AUT,374539.350186,0.032499,0.038778,0.029313,0.070207,0.001476,neutron,pi+,solid
424,11.0,0.331741,0.390669,0.427950,2.667415,0.436917,AUT,253162.466214,0.026087,0.046476,0.035230,0.070207,0.001584,neutron,pi+,solid
425,11.0,0.159325,0.669882,0.424453,2.187276,0.687938,AUT,303208.954463,0.028600,0.021330,0.020920,0.070207,0.001258,neutron,pi+,solid
426,11.0,0.217432,0.520899,0.420794,2.325243,0.727350,AUT,231066.062522,0.034562,0.025058,0.025130,0.070207,0.001370,neutron,pi+,solid
427,11.0,0.275973,0.421119,0.418912,2.393404,0.725902,AUT,200969.095878,0.124003,0.077073,0.076144,0.070207,0.001478,neutron,pi+,solid
428,11.0,0.204953,0.574660,0.425025,2.373512,0.890327,AUT,631773.140925,0.077234,0.045058,0.047362,0.070207,0.001343,neutron,pi+,solid
429,11.0,0.180335,0.598646,0.473665,2.219067,0.129165,AUT,1723293.545670,0.009732,0.009043,0.008752,0.070207,0.001307,neutron,pi+,solid
430,11.0,0.211757,0.535336,0.473801,2.338431,0.114267,AUT,1735692.575135,0.009812,0.009586,0.008756,0.070207,0.001370,neutron,pi+,solid
431,11.0,0.234180,0.501555,0.473960,2.423285,0.110278,AUT,1727703.125596,0.010045,0.009980,0.008998,0.070207,0.001414,neutron,pi+,solid
432,11.0,0.257344,0.467653,0.474111,2.482613,0.108931,AUT,1741388.453115,0.010290,0.010367,0.009235,0.070207,0.001458,neutron,pi+,solid
433,11.0,0.289113,0.422755,0.474018,2.519247,0.112928,AUT,1760209.307146,0.010533,0.010756,0.009700,0.070207,0.001517,neutron,pi+,solid
434,11.0,0.335703,0.381735,0.473592,2.641919,0.131615,AUT,876259.449373,0.017825,0.016710,0.016417,0.070207,0.001606,neutron,pi+,solid
435,11.0,0.153622,0.675523,0.473374,2.136712,0.308955,AUT,1263478.255945,0.011393,0.009976,0.009964,0.070207,0.001254,neutron,pi+,solid
436,11.0,0.175570,0.618212,0.473606,2.239484,0.303834,AUT,1137464.224019,0.011536,0.011051,0.010161,0.070207,0.001298,neutron,pi+,solid
437,11.0,0.191110,0.589419,0.473857,2.324598,0.297559,AUT,1086033.152621,0.011952,0.011873,0.010497,0.070207,0.001330,neutron,pi+,solid
438,11.0,0.205845,0.568657,0.474007,2.415725,0.296480,AUT,1015261.177663,0.012826,0.013119,0.011291,0.070207,0.001359,neutron,pi+,solid
439,11.0,0.221425,0.547167,0.473937,2.500173,0.297842,AUT,937435.485581,0.014283,0.014869,0.012445,0.070207,0.001390,neutron,pi+,solid
440,11.0,0.239144,0.510767,0.473824,2.519787,0.301526,AUT,852083.238117,0.016870,0.018040,0.014203,0.070207,0.001424,neutron,pi+,solid
441,11.0,0.261933,0.456261,0.473752,2.464304,0.307566,AUT,794688.932218,0.018068,0.021143,0.015542,0.070207,0.001467,neutron,pi+,solid
442,11.0,0.292264,0.404109,0.473940,2.435381,0.303083,AUT,834675.374034,0.014723,0.019217,0.015055,0.070207,0.001523,neutron,pi+,solid
443,11.0,0.337697,0.371933,0.474054,2.590609,0.293215,AUT,898726.646663,0.015534,0.018249,0.017042,0.070207,0.001609,neutron,pi+,solid
444,11.0,0.150191,0.689442,0.474526,2.132650,0.486299,AUT,1063904.185389,0.012286,0.011229,0.010961,0.070207,0.001248,neutron,pi+,solid
445,11.0,0.175248,0.631992,0.474958,2.284421,0.476934,AUT,906896.575625,0.016334,0.015254,0.013305,0.070207,0.001298,neutron,pi+,solid
446,11.0,0.199464,0.585110,0.475172,2.406999,0.473299,AUT,837657.921885,0.025533,0.022492,0.018631,0.070207,0.001347,neutron,pi+,solid
447,11.0,0.227845,0.535034,0.475362,2.513007,0.468873,AUT,775178.940506,0.034622,0.030072,0.025493,0.070207,0.001403,neutron,pi+,solid
448,11.0,0.267834,0.461207,0.476091,2.542446,0.458632,AUT,679624.313283,0.023458,0.028276,0.020783,0.070207,0.001478,neutron,pi+,solid
449,11.0,0.328417,0.387982,0.476346,2.623453,0.451422,AUT,446237.565848,0.019867,0.033867,0.025259,0.070207,0.001592,neutron,pi+,solid
450,11.0,0.159750,0.677056,0.476593,2.218120,0.662385,AUT,383272.357664,0.034134,0.026175,0.022426,0.070207,0.001267,neutron,pi+,solid
451,11.0,0.225317,0.541811,0.474227,2.497983,0.685631,AUT,134766.927199,0.052008,0.038136,0.040793,0.070207,0.001396,neutron,pi+,solid
452,11.0,0.289521,0.432331,0.469222,2.583149,0.712373,AUT,11985.728416,0.140442,0.127062,0.134788,0.070207,0.001517,neutron,pi+,solid
453,11.0,0.199958,0.577444,0.473306,2.331890,0.933153,AUT,499176.471738,0.050124,0.031324,0.032701,0.070207,0.001343,neutron,pi+,solid
454,11.0,0.189058,0.578303,0.523679,2.245402,0.125918,AUT,1841929.655082,0.009370,0.008978,0.008406,0.070207,0.001334,neutron,pi+,solid
455,11.0,0.226484,0.511105,0.523992,2.387192,0.115186,AUT,1848271.956395,0.009741,0.009649,0.008685,0.070207,0.001410,neutron,pi+,solid
456,11.0,0.257859,0.466285,0.523943,2.479066,0.113186,AUT,1862012.928619,0.010048,0.010154,0.009004,0.070207,0.001472,neutron,pi+,solid
457,11.0,0.308026,0.406179,0.523702,2.572279,0.123298,AUT,1724687.752842,0.011132,0.011190,0.010319,0.070207,0.001567,neutron,pi+,solid
458,11.0,0.159352,0.658940,0.523604,2.160141,0.307695,AUT,1256505.685869,0.011731,0.010225,0.010157,0.070207,0.001274,neutron,pi+,solid
459,11.0,0.186034,0.596199,0.523845,2.288138,0.301579,AUT,1168292.931865,0.011616,0.011115,0.010184,0.070207,0.001329,neutron,pi+,solid
460,11.0,0.206235,0.566608,0.523888,2.411260,0.296450,AUT,1035101.835059,0.012579,0.012579,0.011090,0.070207,0.001370,neutron,pi+,solid
461,11.0,0.226801,0.538494,0.523794,2.519597,0.296643,AUT,893941.961343,0.014438,0.014982,0.012639,0.070207,0.001412,neutron,pi+,solid
462,11.0,0.251300,0.482994,0.524066,2.501974,0.296538,AUT,758396.639455,0.017068,0.018813,0.014852,0.070207,0.001459,neutron,pi+,solid
463,11.0,0.285504,0.413280,0.523949,2.431688,0.294310,AUT,768165.202506,0.015419,0.018934,0.015346,0.070207,0.001524,neutron,pi+,solid
464,11.0,0.335080,0.373164,0.524174,2.578565,0.286481,AUT,802756.958455,0.017839,0.018847,0.018329,0.070207,0.001621,neutron,pi+,solid
465,11.0,0.154201,0.677545,0.524062,2.150487,0.491111,AUT,1097203.269300,0.011959,0.011288,0.010769,0.070207,0.001264,neutron,pi+,solid
466,11.0,0.183472,0.613567,0.524602,2.321258,0.482471,AUT,979870.599658,0.015666,0.015177,0.013026,0.070207,0.001324,neutron,pi+,solid
467,11.0,0.213209,0.557442,0.524725,2.449822,0.479274,AUT,947935.211603,0.023476,0.021808,0.017925,0.070207,0.001385,neutron,pi+,solid
468,11.0,0.254046,0.478338,0.525054,2.499992,0.473513,AUT,946094.259930,0.021756,0.024441,0.018071,0.070207,0.001464,neutron,pi+,solid
469,11.0,0.314601,0.399035,0.524295,2.583984,0.464084,AUT,628574.975188,0.017730,0.027985,0.020072,0.070207,0.001581,neutron,pi+,solid
470,11.0,0.163118,0.668052,0.526134,2.233291,0.666870,AUT,559361.430975,0.024747,0.020815,0.017809,0.070207,0.001282,neutron,pi+,solid
471,11.0,0.232754,0.554861,0.527596,2.641125,0.650043,AUT,181589.508806,0.096589,0.070409,0.069464,0.070207,0.001424,neutron,pi+,solid
472,11.0,0.185357,0.609324,0.522668,2.288776,0.981508,AUT,285524.019324,0.032376,0.022746,0.024135,0.070207,0.001324,neutron,pi+,solid
473,11.0,0.197952,0.559919,0.573691,2.274471,0.124188,AUT,1904696.872447,0.009315,0.009055,0.008340,0.070207,0.001363,neutron,pi+,solid
474,11.0,0.244114,0.484498,0.573895,2.436951,0.116569,AUT,1944459.059206,0.009809,0.009798,0.008726,0.070207,0.001458,neutron,pi+,solid
475,11.0,0.299136,0.416393,0.573742,2.558830,0.123926,AUT,1659582.034679,0.011230,0.011370,0.010361,0.070207,0.001567,neutron,pi+,solid
476,11.0,0.165499,0.642971,0.573586,2.186623,0.306527,AUT,1260153.254014,0.012116,0.010479,0.010474,0.070207,0.001296,neutron,pi+,solid
477,11.0,0.197576,0.575284,0.573945,2.344632,0.297579,AUT,1092402.751978,0.012286,0.011783,0.010848,0.070207,0.001364,neutron,pi+,solid
478,11.0,0.223095,0.543419,0.574081,2.500902,0.292827,AUT,897418.841278,0.014077,0.014217,0.012418,0.070207,0.001417,neutron,pi+,solid
479,11.0,0.253200,0.480239,0.574231,2.504577,0.285672,AUT,756145.142074,0.016147,0.017550,0.014528,0.070207,0.001477,neutron,pi+,solid
480,11.0,0.299817,0.398613,0.573887,2.461357,0.281387,AUT,833209.240688,0.015410,0.017342,0.015522,0.070207,0.001568,neutron,pi+,solid
481,11.0,0.352476,0.373360,0.572241,2.715284,0.276356,AUT,263320.467261,0.039919,0.035126,0.037164,0.070207,0.001677,neutron,pi+,solid
482,11.0,0.158993,0.664449,0.574012,2.172574,0.494670,AUT,1133123.718473,0.011734,0.011241,0.010573,0.070207,0.001282,neutron,pi+,solid
483,11.0,0.194351,0.591667,0.574358,2.369916,0.486668,AUT,1021418.279198,0.015578,0.015533,0.013162,0.070207,0.001357,neutron,pi+,solid
484,11.0,0.234601,0.512144,0.574329,2.471480,0.485674,AUT,1036693.417493,0.021518,0.022135,0.017110,0.070207,0.001440,neutron,pi+,solid
485,11.0,0.292818,0.425378,0.573245,2.563148,0.478738,AUT,732918.740883,0.018914,0.026011,0.017965,0.070207,0.001555,neutron,pi+,solid
486,11.0,0.167184,0.656648,0.575365,2.247850,0.672914,AUT,705886.989743,0.020110,0.017857,0.015578,0.070207,0.001299,neutron,pi+,solid
487,11.0,0.239216,0.534235,0.576705,2.615766,0.655092,AUT,273133.248709,0.064543,0.054435,0.048896,0.070207,0.001450,neutron,pi+,solid
488,11.0,0.171701,0.648631,0.573995,2.270970,0.973852,AUT,189750.306627,0.034348,0.025960,0.025673,0.070207,0.001308,neutron,pi+,solid
489,11.0,0.208228,0.541115,0.623881,2.308939,0.123215,AUT,1995319.161548,0.009293,0.009117,0.008302,0.070207,0.001397,neutron,pi+,solid
490,11.0,0.276844,0.444398,0.623513,2.523034,0.120965,AUT,2046803.657363,0.009951,0.010054,0.009052,0.070207,0.001540,neutron,pi+,solid
491,11.0,0.172604,0.625462,0.623705,2.215603,0.305419,AUT,1268187.685156,0.012239,0.010659,0.010607,0.070207,0.001322,neutron,pi+,solid
492,11.0,0.211827,0.554523,0.624053,2.422355,0.292974,AUT,1031772.202412,0.013007,0.012612,0.011585,0.070207,0.001408,neutron,pi+,solid
493,11.0,0.248727,0.491205,0.624265,2.514807,0.279502,AUT,816826.971758,0.015335,0.016011,0.013784,0.070207,0.001485,neutron,pi+,solid
494,11.0,0.303440,0.409828,0.622430,2.561625,0.272920,AUT,675127.337374,0.017809,0.019034,0.017397,0.070207,0.001595,neutron,pi+,solid
495,11.0,0.164794,0.649699,0.623994,2.199552,0.496431,AUT,1142499.126018,0.011709,0.011434,0.010537,0.070207,0.001305,neutron,pi+,solid
496,11.0,0.208147,0.565225,0.624153,2.422240,0.490876,AUT,1016741.666705,0.016223,0.016640,0.013811,0.070207,0.001400,neutron,pi+,solid
497,11.0,0.264095,0.467750,0.622880,2.537879,0.489989,AUT,856961.460283,0.021142,0.024858,0.017349,0.070207,0.001515,neutron,pi+,solid
498,11.0,0.172752,0.642908,0.625085,2.269747,0.677626,AUT,828463.929743,0.017952,0.016701,0.014535,0.070207,0.001322,neutron,pi+,solid
499,11.0,0.244058,0.523917,0.625259,2.628247,0.661135,AUT,259511.387912,0.060558,0.054849,0.047247,0.070207,0.001476,neutron,pi+,solid
500,11.0,0.167245,0.668925,0.625609,2.283834,0.913369,AUT,179437.931110,0.044271,0.034355,0.031008,0.070207,0.001310,neutron,pi+,solid
501,11.0,0.220625,0.520857,0.673792,2.348707,0.123576,AUT,2091576.730657,0.009355,0.009249,0.008343,0.070207,0.001438,neutron,pi+,solid
502,11.0,0.287263,0.439948,0.672224,2.604272,0.119066,AUT,754002.956551,0.017007,0.017237,0.015207,0.070207,0.001583,neutron,pi+,solid
503,11.0,0.181213,0.606723,0.673764,2.253309,0.302206,AUT,1274316.663486,0.012280,0.010886,0.010789,0.070207,0.001353,neutron,pi+,solid
504,11.0,0.230655,0.523968,0.674014,2.488598,0.283915,AUT,964550.014116,0.013943,0.013844,0.012439,0.070207,0.001464,neutron,pi+,solid
505,11.0,0.282450,0.448801,0.671831,2.610710,0.266434,AUT,492923.752345,0.020403,0.021594,0.018962,0.070207,0.001573,neutron,pi+,solid
506,11.0,0.171425,0.634888,0.673874,2.232771,0.497952,AUT,1129492.702110,0.011896,0.011741,0.010637,0.070207,0.001332,neutron,pi+,solid
507,11.0,0.229674,0.530349,0.673077,2.499634,0.494601,AUT,975677.941798,0.017949,0.019002,0.014986,0.070207,0.001461,neutron,pi+,solid
508,11.0,0.296385,0.461878,0.666032,2.824539,0.478568,AUT,36027.232650,0.109140,0.131004,0.084300,0.070207,0.001604,neutron,pi+,solid
509,11.0,0.181498,0.625650,0.674571,2.313627,0.681012,AUT,942883.008138,0.016760,0.016181,0.014010,0.070207,0.001353,neutron,pi+,solid
510,11.0,0.254669,0.524761,0.671191,2.755772,0.659998,AUT,77473.056472,0.109009,0.104569,0.083968,0.070207,0.001518,neutron,pi+,solid
511,11.0,0.168479,0.666590,0.675148,2.294069,0.888113,AUT,217486.866294,0.044750,0.036417,0.030797,0.070207,0.001325,neutron,pi+,solid
512,11.0,0.248780,0.618666,0.323764,3.174044,0.115900,AUT,666197.002950,0.016394,0.015607,0.014669,0.070207,0.001409,neutron,pi+,solid
513,11.0,0.269988,0.591793,0.324102,3.297680,0.108373,AUT,653054.819182,0.016953,0.016455,0.015100,0.070207,0.001447,neutron,pi+,solid
514,11.0,0.284415,0.574778,0.324248,3.373984,0.102247,AUT,650430.279539,0.017166,0.016906,0.015324,0.070207,0.001472,neutron,pi+,solid
515,11.0,0.297943,0.549508,0.324256,3.378931,0.095900,AUT,618720.388846,0.017859,0.017808,0.015886,0.070207,0.001496,neutron,pi+,solid
516,11.0,0.312537,0.522162,0.324424,3.367959,0.090881,AUT,627932.221563,0.018061,0.018198,0.016081,0.070207,0.001521,neutron,pi+,solid
517,11.0,0.328611,0.498262,0.324349,3.379174,0.089270,AUT,628748.915020,0.018163,0.018641,0.016315,0.070207,0.001549,neutron,pi+,solid
518,11.0,0.346427,0.478209,0.324421,3.419070,0.092972,AUT,624700.287653,0.018376,0.019065,0.016763,0.070207,0.001580,neutron,pi+,solid
519,11.0,0.366657,0.458649,0.324219,3.470483,0.099511,AUT,645217.744226,0.018414,0.019043,0.017191,0.070207,0.001617,neutron,pi+,solid
520,11.0,0.392199,0.432873,0.323879,3.502909,0.112017,AUT,669708.839647,0.019934,0.019543,0.018668,0.070207,0.001666,neutron,pi+,solid
521,11.0,0.427874,0.414445,0.323739,3.659520,0.125483,AUT,447947.289011,0.033624,0.027868,0.029859,0.070207,0.001742,neutron,pi+,solid
522,11.0,0.242638,0.635633,0.324577,3.181421,0.283417,AUT,460689.859779,0.022416,0.022257,0.018810,0.070207,0.001399,neutron,pi+,solid
523,11.0,0.262981,0.613310,0.324571,3.328945,0.285991,AUT,429524.471899,0.027732,0.027403,0.022386,0.070207,0.001435,neutron,pi+,solid
524,11.0,0.277474,0.600370,0.324458,3.438372,0.287818,AUT,422710.246268,0.029806,0.029747,0.024081,0.070207,0.001461,neutron,pi+,solid
525,11.0,0.291275,0.574371,0.324325,3.452415,0.288505,AUT,418121.669110,0.033118,0.033451,0.026448,0.070207,0.001485,neutron,pi+,solid
526,11.0,0.307630,0.533353,0.324341,3.385625,0.290714,AUT,405062.372422,0.037022,0.039111,0.028752,0.070207,0.001512,neutron,pi+,solid
527,11.0,0.327086,0.499507,0.324428,3.371517,0.290341,AUT,411170.605258,0.032733,0.038425,0.026769,0.070207,0.001546,neutron,pi+,solid
528,11.0,0.349052,0.473876,0.324345,3.413435,0.289964,AUT,416661.381743,0.028294,0.036573,0.025379,0.070207,0.001585,neutron,pi+,solid
529,11.0,0.373184,0.449576,0.324401,3.462012,0.289346,AUT,412031.118852,0.024702,0.035391,0.025392,0.070207,0.001629,neutron,pi+,solid
530,11.0,0.401503,0.421546,0.324856,3.492437,0.287896,AUT,416644.449992,0.022078,0.034041,0.026687,0.070207,0.001685,neutron,pi+,solid
531,11.0,0.436531,0.410885,0.324911,3.702038,0.286913,AUT,231027.254354,0.030526,0.046209,0.039550,0.070207,0.001762,neutron,pi+,solid
532,11.0,0.253742,0.632000,0.327329,3.307137,0.452821,AUT,124377.943481,0.112142,0.074649,0.072450,0.070207,0.001419,neutron,pi+,solid
533,11.0,0.287900,0.595117,0.327209,3.533039,0.455264,AUT,96213.511705,0.097230,0.070177,0.073406,0.070207,0.001480,neutron,pi+,solid
534,11.0,0.324975,0.510387,0.325606,3.418542,0.473414,AUT,59355.426084,0.075664,0.069317,0.070918,0.070207,0.001543,neutron,pi+,solid
535,11.0,0.372393,0.449078,0.323521,3.446329,0.495210,AUT,53932.032874,0.062969,0.070395,0.075556,0.070207,0.001627,neutron,pi+,solid
536,11.0,0.421964,0.413028,0.324216,3.597166,0.490572,AUT,24924.707233,0.089408,0.122417,0.135907,0.070207,0.001729,neutron,pi+,solid
537,11.0,0.283359,0.567428,0.322301,3.297487,0.694132,AUT,302445.568685,0.142542,0.084846,0.086874,0.070207,0.001468,neutron,pi+,solid
538,11.0,0.365608,0.459143,0.322689,3.454418,0.677390,AUT,234480.610412,0.255699,0.147608,0.146384,0.070207,0.001615,neutron,pi+,solid
539,11.0,0.254347,0.610102,0.373776,3.199328,0.115096,AUT,716332.337493,0.016008,0.015361,0.014345,0.070207,0.001433,neutron,pi+,solid
540,11.0,0.279394,0.578578,0.374072,3.336049,0.108490,AUT,705684.829217,0.016578,0.016227,0.014802,0.070207,0.001479,neutron,pi+,solid
541,11.0,0.298061,0.547287,0.374090,3.366067,0.102234,AUT,706225.735235,0.016885,0.016756,0.015068,0.070207,0.001512,neutron,pi+,solid
542,11.0,0.317946,0.512967,0.374191,3.365496,0.098283,AUT,704951.563977,0.017280,0.017422,0.015357,0.070207,0.001547,neutron,pi+,solid
543,11.0,0.340506,0.484992,0.374221,3.407807,0.099484,AUT,705500.281009,0.017471,0.017920,0.015791,0.070207,0.001588,neutron,pi+,solid
544,11.0,0.368056,0.458753,0.374057,3.483688,0.107882,AUT,734027.070441,0.017604,0.017997,0.016316,0.070207,0.001640,neutron,pi+,solid
545,11.0,0.410665,0.423111,0.373676,3.583280,0.126247,AUT,696713.528007,0.022431,0.020501,0.020543,0.070207,0.001728,neutron,pi+,solid
546,11.0,0.245319,0.631220,0.374158,3.193914,0.289673,AUT,471977.129326,0.020613,0.020672,0.017664,0.070207,0.001417,neutron,pi+,solid
547,11.0,0.268006,0.608646,0.374039,3.366645,0.293053,AUT,438686.810990,0.024036,0.024480,0.020311,0.070207,0.001459,neutron,pi+,solid
548,11.0,0.285151,0.588990,0.373952,3.465842,0.296886,AUT,424037.820975,0.027165,0.028025,0.022506,0.070207,0.001490,neutron,pi+,solid
549,11.0,0.304517,0.541415,0.373813,3.401187,0.303698,AUT,409599.942029,0.032881,0.035075,0.026021,0.070207,0.001524,neutron,pi+,solid
550,11.0,0.328924,0.495948,0.373645,3.365687,0.307893,AUT,399883.694404,0.031280,0.037347,0.025685,0.070207,0.001567,neutron,pi+,solid
551,11.0,0.356230,0.464643,0.373946,3.415235,0.305189,AUT,404450.997421,0.025329,0.033638,0.024109,0.070207,0.001617,neutron,pi+,solid
552,11.0,0.386296,0.433203,0.374054,3.452414,0.298962,AUT,414441.184700,0.022218,0.030986,0.024737,0.070207,0.001676,neutron,pi+,solid
553,11.0,0.425111,0.411528,0.374206,3.610640,0.294363,AUT,370578.896975,0.025497,0.033086,0.030109,0.070207,0.001761,neutron,pi+,solid
554,11.0,0.258240,0.622946,0.376621,3.316414,0.456684,AUT,247841.222305,0.115313,0.078315,0.069284,0.070207,0.001441,neutron,pi+,solid
555,11.0,0.298203,0.567215,0.377339,3.484686,0.447660,AUT,191065.191597,0.078163,0.068159,0.059687,0.070207,0.001514,neutron,pi+,solid
556,11.0,0.348650,0.483908,0.378592,3.476703,0.437964,AUT,145313.396617,0.050841,0.066694,0.050363,0.070207,0.001605,neutron,pi+,solid
557,11.0,0.410716,0.427569,0.378930,3.619379,0.433695,AUT,99305.960949,0.043146,0.082281,0.064769,0.070207,0.001731,neutron,pi+,solid
558,11.0,0.291661,0.548785,0.369410,3.273312,0.731519,AUT,133637.246156,0.085521,0.056021,0.055892,0.070207,0.001497,neutron,pi+,solid
559,11.0,0.367984,0.452794,0.368021,3.436338,0.718147,AUT,57143.008527,0.542656,0.326854,0.322185,0.070207,0.001638,neutron,pi+,solid
560,11.0,0.293290,0.563529,0.375613,3.380114,0.866243,AUT,116147.082037,0.244190,0.139365,0.145519,0.070207,0.001502,neutron,pi+,solid
561,11.0,0.260790,0.600732,0.423700,3.228807,0.115504,AUT,771662.240484,0.015642,0.015208,0.013982,0.070207,0.001457,neutron,pi+,solid
562,11.0,0.291204,0.557230,0.423948,3.347620,0.111132,AUT,785231.238951,0.016081,0.015825,0.014332,0.070207,0.001514,neutron,pi+,solid
563,11.0,0.317750,0.513430,0.424179,3.365648,0.106469,AUT,777627.500965,0.016585,0.016704,0.014803,0.070207,0.001563,neutron,pi+,solid
564,11.0,0.349349,0.476956,0.424059,3.437376,0.108353,AUT,795494.673671,0.016752,0.017250,0.015271,0.070207,0.001622,neutron,pi+,solid
565,11.0,0.398409,0.433937,0.423787,3.561916,0.126174,AUT,778933.608895,0.019149,0.018608,0.017758,0.070207,0.001723,neutron,pi+,solid
566,11.0,0.248912,0.626180,0.423845,3.214444,0.293416,AUT,475045.823930,0.019600,0.019700,0.017230,0.070207,0.001436,neutron,pi+,solid
567,11.0,0.275150,0.603107,0.423950,3.424847,0.295995,AUT,425857.893435,0.023104,0.023759,0.019840,0.070207,0.001485,neutron,pi+,solid
568,11.0,0.297007,0.562776,0.423705,3.447625,0.303649,AUT,373778.005590,0.028991,0.030669,0.023970,0.070207,0.001525,neutron,pi+,solid
569,11.0,0.325502,0.500668,0.423679,3.361274,0.311039,AUT,354672.651969,0.030694,0.036142,0.025562,0.070207,0.001577,neutron,pi+,solid
570,11.0,0.358662,0.460259,0.423839,3.405423,0.302861,AUT,380187.291964,0.023956,0.031016,0.023997,0.070207,0.001640,neutron,pi+,solid
571,11.0,0.396634,0.423535,0.423947,3.465089,0.294399,AUT,410536.345668,0.023547,0.028931,0.025910,0.070207,0.001718,neutron,pi+,solid
572,11.0,0.437208,0.410006,0.424129,3.699969,0.289486,AUT,157383.523579,0.047095,0.049540,0.050418,0.070207,0.001814,neutron,pi+,solid
573,11.0,0.261781,0.613952,0.425572,3.311742,0.469275,AUT,354689.143760,0.062778,0.049218,0.041512,0.070207,0.001460,neutron,pi+,solid
574,11.0,0.310317,0.535234,0.426082,3.418485,0.458813,AUT,323563.908355,0.044546,0.047042,0.036237,0.070207,0.001550,neutron,pi+,solid
575,11.0,0.377942,0.449965,0.426713,3.499195,0.451353,AUT,312208.238348,0.027458,0.043264,0.031367,0.070207,0.001680,neutron,pi+,solid
576,11.0,0.441788,0.411431,0.426150,3.751467,0.451699,AUT,43704.538684,0.068343,0.132059,0.106086,0.070207,0.001827,neutron,pi+,solid
577,11.0,0.289473,0.570704,0.422490,3.362429,0.703442,AUT,46268.888082,0.083866,0.061862,0.065905,0.070207,0.001508,neutron,pi+,solid
578,11.0,0.383543,0.462236,0.416589,3.658685,0.722894,AUT,1973.727470,0.405775,0.360898,0.443023,0.070207,0.001689,neutron,pi+,solid
579,11.0,0.288581,0.565570,0.422947,3.341399,0.904500,AUT,99014.595270,0.260661,0.155092,0.158755,0.070207,0.001507,neutron,pi+,solid
580,11.0,0.267959,0.590242,0.473741,3.258019,0.116756,AUT,834541.555368,0.015298,0.015035,0.013648,0.070207,0.001484,neutron,pi+,solid
581,11.0,0.307603,0.528568,0.473917,3.352415,0.113422,AUT,857528.512653,0.015770,0.015745,0.014047,0.070207,0.001559,neutron,pi+,solid
582,11.0,0.350478,0.476694,0.473844,3.444255,0.112531,AUT,863518.686608,0.016320,0.016712,0.014808,0.070207,0.001641,neutron,pi+,solid
583,11.0,0.405116,0.429335,0.473592,3.585804,0.133250,AUT,426619.642089,0.027189,0.025911,0.025181,0.070207,0.001759,neutron,pi+,solid
584,11.0,0.253408,0.620830,0.473883,3.244006,0.294927,AUT,470155.757672,0.019834,0.019722,0.017417,0.070207,0.001456,neutron,pi+,solid
585,11.0,0.284456,0.590996,0.473922,3.468247,0.295223,AUT,389804.718313,0.023799,0.024454,0.020709,0.070207,0.001516,neutron,pi+,solid
586,11.0,0.315988,0.519470,0.473915,3.383431,0.299300,AUT,321314.866970,0.029952,0.033446,0.025253,0.070207,0.001575,neutron,pi+,solid
587,11.0,0.355944,0.462561,0.474023,3.395566,0.291979,AUT,352088.776836,0.024514,0.029940,0.024567,0.070207,0.001652,neutron,pi+,solid
588,11.0,0.404872,0.419977,0.474185,3.506526,0.286044,AUT,414120.986100,0.026707,0.028355,0.027505,0.070207,0.001758,neutron,pi+,solid
589,11.0,0.454946,0.408706,0.474462,3.838079,0.285700,AUT,33976.681445,0.135661,0.114204,0.127587,0.070207,0.001887,neutron,pi+,solid
590,11.0,0.266497,0.606647,0.474714,3.328836,0.478505,AUT,434144.327868,0.041307,0.036739,0.030322,0.070207,0.001481,neutron,pi+,solid
591,11.0,0.327421,0.504884,0.475169,3.399878,0.470939,AUT,439013.699426,0.031118,0.037679,0.026702,0.070207,0.001597,neutron,pi+,solid
592,11.0,0.398985,0.431173,0.474839,3.544169,0.466572,AUT,289457.728506,0.027554,0.046021,0.033707,0.070207,0.001745,neutron,pi+,solid
593,11.0,0.277996,0.595750,0.475195,3.396477,0.732851,AUT,96147.660763,0.064629,0.051924,0.052509,0.070207,0.001502,neutron,pi+,solid
594,11.0,0.373593,0.477029,0.480354,3.670844,0.641934,AUT,8646.866857,0.228766,0.285309,0.271669,0.070207,0.001693,neutron,pi+,solid
595,11.0,0.276733,0.576384,0.523696,3.282272,0.119065,AUT,896463.470540,0.014995,0.014844,0.013419,0.070207,0.001515,neutron,pi+,solid
596,11.0,0.331562,0.497299,0.523824,3.396863,0.114902,AUT,897308.936022,0.016035,0.016211,0.014310,0.070207,0.001622,neutron,pi+,solid
597,11.0,0.393614,0.439835,0.523631,3.566434,0.130552,AUT,448333.165478,0.025028,0.024759,0.023200,0.070207,0.001755,neutron,pi+,solid
598,11.0,0.258925,0.613872,0.523991,3.276633,0.293608,AUT,478188.472638,0.020000,0.019537,0.017763,0.070207,0.001481,neutron,pi+,solid
599,11.0,0.297727,0.562609,0.524283,3.451487,0.287074,AUT,355553.735879,0.025602,0.026480,0.022153,0.070207,0.001557,neutron,pi+,solid
600,11.0,0.345006,0.475336,0.524239,3.380045,0.281551,AUT,340566.581234,0.025281,0.029244,0.024451,0.070207,0.001649,neutron,pi+,solid
601,11.0,0.404686,0.422292,0.524209,3.522319,0.283500,AUT,418647.848252,0.029057,0.028215,0.028198,0.070207,0.001781,neutron,pi+,solid
602,11.0,0.270780,0.598917,0.524475,3.335711,0.485432,AUT,457094.032710,0.033335,0.032264,0.026004,0.070207,0.001504,neutron,pi+,solid
603,11.0,0.347068,0.479282,0.524316,3.416982,0.484109,AUT,499713.635210,0.025693,0.034071,0.023356,0.070207,0.001653,neutron,pi+,solid
604,11.0,0.417288,0.426732,0.521384,3.674638,0.470574,AUT,71975.528617,0.058027,0.094574,0.071491,0.070207,0.001811,neutron,pi+,solid
605,11.0,0.290682,0.578957,0.526602,3.429558,0.666676,AUT,146489.441138,0.077084,0.067597,0.060544,0.070207,0.001541,neutron,pi+,solid
606,11.0,0.407285,0.460166,0.520735,3.868155,0.623923,AUT,1484.537165,0.413965,0.743170,0.589195,0.070207,0.001788,neutron,pi+,solid
607,11.0,0.287264,0.559252,0.573761,3.299579,0.120048,AUT,914065.285348,0.015242,0.015137,0.013591,0.070207,0.001552,neutron,pi+,solid
608,11.0,0.364118,0.466169,0.573817,3.488792,0.123179,AUT,735604.697880,0.018422,0.018618,0.016816,0.070207,0.001712,neutron,pi+,solid
609,11.0,0.265036,0.606195,0.574024,3.310617,0.291443,AUT,473852.852981,0.020685,0.019893,0.018394,0.070207,0.001509,neutron,pi+,solid
610,11.0,0.317197,0.521162,0.574525,3.401268,0.274893,AUT,356177.104387,0.025191,0.026813,0.022830,0.070207,0.001613,neutron,pi+,solid
611,11.0,0.388165,0.437300,0.573361,3.494716,0.278431,AUT,443639.575221,0.026180,0.026264,0.025159,0.070207,0.001767,neutron,pi+,solid
612,11.0,0.276909,0.587808,0.574196,3.340932,0.491323,AUT,467352.267244,0.028721,0.029669,0.023756,0.070207,0.001532,neutron,pi+,solid
613,11.0,0.356062,0.472529,0.572858,3.463500,0.492095,AUT,320006.542001,0.032320,0.042957,0.029129,0.070207,0.001694,neutron,pi+,solid
614,11.0,0.291803,0.572211,0.575830,3.407114,0.675525,AUT,212689.111414,0.062871,0.058717,0.048713,0.070207,0.001561,neutron,pi+,solid
615,11.0,0.302395,0.538101,0.623808,3.330516,0.120749,AUT,969273.819913,0.015370,0.015348,0.013532,0.070207,0.001602,neutron,pi+,solid
616,11.0,0.383188,0.453202,0.622733,3.580398,0.127818,AUT,239930.059735,0.033664,0.033925,0.031062,0.070207,0.001783,neutron,pi+,solid
617,11.0,0.272552,0.593416,0.624085,3.328477,0.287470,AUT,482417.385543,0.020942,0.020231,0.018668,0.070207,0.001542,neutron,pi+,solid
618,11.0,0.347494,0.479449,0.623820,3.425073,0.272588,AUT,419735.307715,0.023826,0.025225,0.022483,0.070207,0.001700,neutron,pi+,solid
619,11.0,0.409245,0.441636,0.618912,3.729951,0.270203,AUT,56990.812103,0.083399,0.077485,0.078087,0.070207,0.001848,neutron,pi+,solid
620,11.0,0.285097,0.574578,0.623724,3.351177,0.497384,AUT,448359.126286,0.027122,0.029258,0.022993,0.070207,0.001567,neutron,pi+,solid
621,11.0,0.361423,0.478879,0.620073,3.571111,0.490007,AUT,87808.419133,0.065887,0.084459,0.055898,0.070207,0.001731,neutron,pi+,solid
622,11.0,0.284487,0.582518,0.624869,3.394803,0.685888,AUT,204799.918077,0.069173,0.063970,0.051571,0.070207,0.001566,neutron,pi+,solid
623,11.0,0.271968,0.587347,0.673944,3.288491,0.208251,AUT,677711.140318,0.017852,0.017406,0.015967,0.070207,0.001561,neutron,pi+,solid
624,11.0,0.327245,0.504493,0.673586,3.400187,0.180764,AUT,678301.763876,0.019008,0.019351,0.017050,0.070207,0.001680,neutron,pi+,solid
625,11.0,0.378390,0.471758,0.669294,3.683635,0.175775,AUT,153252.430983,0.042204,0.043408,0.038757,0.070207,0.001801,neutron,pi+,solid
626,11.0,0.274556,0.595826,0.673419,3.360516,0.555270,AUT,425575.193668,0.028720,0.029675,0.023877,0.070207,0.001566,neutron,pi+,solid
627,11.0,0.338937,0.510113,0.667053,3.567636,0.501447,AUT,44995.462931,0.109828,0.126927,0.081790,0.070207,0.001705,neutron,pi+,solid
628,11.0,0.311147,0.651846,0.323798,4.184621,0.113746,AUT,408565.210262,0.022454,0.021625,0.020025,0.070207,0.001521,neutron,pi+,solid
629,11.0,0.336548,0.633009,0.323965,4.397106,0.109329,AUT,417851.433434,0.022836,0.022256,0.020429,0.070207,0.001567,neutron,pi+,solid
630,11.0,0.358130,0.620190,0.324088,4.583845,0.105592,AUT,415139.004870,0.023391,0.022937,0.021013,0.070207,0.001606,neutron,pi+,solid
631,11.0,0.383209,0.584427,0.324361,4.620456,0.097952,AUT,405601.066781,0.024398,0.024342,0.021706,0.070207,0.001654,neutron,pi+,solid
632,11.0,0.420355,0.521207,0.324217,4.515983,0.099569,AUT,408043.743346,0.024958,0.025589,0.022863,0.070207,0.001730,neutron,pi+,solid
633,11.0,0.469482,0.455349,0.323709,4.409392,0.121939,AUT,209431.036682,0.043756,0.039976,0.040253,0.070207,0.001846,neutron,pi+,solid
634,11.0,0.305791,0.658859,0.324434,4.157437,0.282514,AUT,272332.498703,0.031654,0.032013,0.026452,0.070207,0.001512,neutron,pi+,solid
635,11.0,0.328718,0.642372,0.324442,4.358375,0.288114,AUT,257486.845448,0.038970,0.038217,0.030873,0.070207,0.001553,neutron,pi+,solid
636,11.0,0.349255,0.632998,0.324370,4.563079,0.292530,AUT,252652.547774,0.044471,0.043322,0.034464,0.070207,0.001590,neutron,pi+,solid
637,11.0,0.374443,0.598965,0.323810,4.626654,0.299654,AUT,242878.379679,0.054213,0.054354,0.040635,0.070207,0.001637,neutron,pi+,solid
638,11.0,0.414952,0.526787,0.323907,4.504335,0.300738,AUT,241833.473004,0.040038,0.050566,0.034884,0.070207,0.001718,neutron,pi+,solid
639,11.0,0.468354,0.453128,0.324470,4.376794,0.293400,AUT,177232.613803,0.036476,0.053110,0.043325,0.070207,0.001843,neutron,pi+,solid
640,11.0,0.320225,0.650821,0.327773,4.298933,0.444844,AUT,97609.723634,0.230179,0.142230,0.149868,0.070207,0.001539,neutron,pi+,solid
641,11.0,0.371755,0.607785,0.328703,4.653184,0.440385,AUT,79217.090802,0.134108,0.114572,0.103739,0.070207,0.001634,neutron,pi+,solid
642,11.0,0.449175,0.486149,0.330383,4.492084,0.433809,AUT,25239.101166,0.103558,0.161358,0.129833,0.070207,0.001800,neutron,pi+,solid
643,11.0,0.356954,0.606060,0.322089,4.426726,0.748126,AUT,140304.818330,0.226855,0.135800,0.138002,0.070207,0.001602,neutron,pi+,solid
644,11.0,0.459330,0.473703,0.316774,4.490272,0.668168,AUT,5150.330523,2.173714,1.309857,1.289607,0.070207,0.001816,neutron,pi+,solid
645,11.0,0.317409,0.646319,0.373638,4.231855,0.113872,AUT,446679.882357,0.021873,0.021323,0.019505,0.070207,0.001550,neutron,pi+,solid
646,11.0,0.350736,0.624040,0.373899,4.516962,0.110982,AUT,458222.193651,0.022432,0.021936,0.020038,0.070207,0.001612,neutron,pi+,solid
647,11.0,0.384934,0.581017,0.374177,4.612019,0.106685,AUT,458748.940501,0.023186,0.023131,0.020807,0.070207,0.001679,neutron,pi+,solid
648,11.0,0.441677,0.492233,0.373834,4.471345,0.115814,AUT,412414.522473,0.026274,0.026323,0.024435,0.070207,0.001805,neutron,pi+,solid
649,11.0,0.308534,0.656546,0.373957,4.179686,0.287349,AUT,274837.791129,0.028785,0.029177,0.024522,0.070207,0.001534,neutron,pi+,solid
650,11.0,0.335279,0.639656,0.374141,4.426531,0.289489,AUT,256344.259828,0.033680,0.034026,0.028018,0.070207,0.001583,neutron,pi+,solid
651,11.0,0.361159,0.621468,0.373848,4.630981,0.296903,AUT,231773.144412,0.041640,0.042055,0.033280,0.070207,0.001633,neutron,pi+,solid
652,11.0,0.403658,0.544731,0.373628,4.528436,0.309308,AUT,219886.074384,0.041794,0.049653,0.035620,0.070207,0.001718,neutron,pi+,solid
653,11.0,0.463764,0.456888,0.374184,4.368073,0.296045,AUT,172310.025691,0.038549,0.049796,0.043593,0.070207,0.001861,neutron,pi+,solid
654,11.0,0.326296,0.645286,0.376152,4.342137,0.460712,AUT,188781.501874,0.123691,0.088943,0.082919,0.070207,0.001567,neutron,pi+,solid
655,11.0,0.397652,0.562919,0.376928,4.586006,0.451768,AUT,162558.518578,0.056594,0.067702,0.048825,0.070207,0.001707,neutron,pi+,solid
656,11.0,0.485085,0.443487,0.377531,4.440753,0.442230,AUT,15708.948534,0.117368,0.232225,0.184897,0.070207,0.001923,neutron,pi+,solid
657,11.0,0.350223,0.617516,0.372264,4.435926,0.834098,AUT,66301.340276,0.095452,0.066876,0.065080,0.070207,0.001610,neutron,pi+,solid
658,11.0,0.325660,0.640121,0.423707,4.299116,0.114961,AUT,487672.671228,0.021419,0.020989,0.019006,0.070207,0.001582,neutron,pi+,solid
659,11.0,0.372611,0.598181,0.423881,4.594879,0.114245,AUT,495884.678181,0.022302,0.022103,0.019911,0.070207,0.001675,neutron,pi+,solid
660,11.0,0.434743,0.503950,0.423794,4.503115,0.118796,AUT,363877.977000,0.027911,0.028139,0.025702,0.070207,0.001814,neutron,pi+,solid
661,11.0,0.312413,0.653770,0.423963,4.213887,0.289883,AUT,281088.541790,0.027527,0.027540,0.023972,0.070207,0.001557,neutron,pi+,solid
662,11.0,0.345413,0.635694,0.424046,4.531760,0.288006,AUT,244249.433972,0.032587,0.033034,0.027752,0.070207,0.001621,neutron,pi+,solid
663,11.0,0.386484,0.577566,0.423783,4.596233,0.297511,AUT,201329.294275,0.041637,0.045332,0.034786,0.070207,0.001703,neutron,pi+,solid
664,11.0,0.456121,0.465720,0.423966,4.374468,0.289388,AUT,173263.755732,0.039844,0.046847,0.042255,0.070207,0.001868,neutron,pi+,solid
665,11.0,0.331991,0.640043,0.424955,4.380171,0.475303,AUT,250934.360752,0.089885,0.069971,0.060943,0.070207,0.001594,neutron,pi+,solid
666,11.0,0.418112,0.529193,0.425480,4.526054,0.465132,AUT,195375.349653,0.043481,0.058242,0.039648,0.070207,0.001775,neutron,pi+,solid
667,11.0,0.342868,0.631173,0.425618,4.447200,0.796274,AUT,47321.267588,0.080941,0.068603,0.066489,0.070207,0.001615,neutron,pi+,solid
668,11.0,0.335580,0.633097,0.473783,4.379171,0.117126,AUT,520163.736819,0.021014,0.020735,0.018780,0.070207,0.001618,neutron,pi+,solid
669,11.0,0.410916,0.540200,0.473626,4.550525,0.119924,AUT,489918.612709,0.023621,0.023750,0.021425,0.070207,0.001780,neutron,pi+,solid
670,11.0,0.318002,0.649815,0.473995,4.262660,0.292727,AUT,290324.656977,0.027440,0.026893,0.024200,0.070207,0.001584,neutron,pi+,solid
671,11.0,0.360958,0.620316,0.474265,4.616901,0.283320,AUT,225666.002031,0.034047,0.034502,0.029557,0.070207,0.001671,neutron,pi+,solid
672,11.0,0.439982,0.489659,0.474293,4.421450,0.282646,AUT,207617.395332,0.036395,0.040804,0.036298,0.070207,0.001852,neutron,pi+,solid
673,11.0,0.338359,0.633292,0.474483,4.412805,0.485974,AUT,270770.963973,0.067161,0.058528,0.047145,0.070207,0.001624,neutron,pi+,solid
674,11.0,0.428109,0.510528,0.474260,4.484148,0.479192,AUT,147306.139192,0.048311,0.066835,0.045721,0.070207,0.001822,neutron,pi+,solid
675,11.0,0.346877,0.627391,0.476700,4.463343,0.698500,AUT,65189.595159,0.104749,0.089043,0.086480,0.070207,0.001642,neutron,pi+,solid
676,11.0,0.350326,0.617494,0.523755,4.449604,0.119868,AUT,555640.504276,0.021091,0.020952,0.018731,0.070207,0.001668,neutron,pi+,solid
677,11.0,0.433532,0.506456,0.523599,4.514763,0.124802,AUT,192146.850825,0.039287,0.039568,0.035913,0.070207,0.001863,neutron,pi+,solid
678,11.0,0.324883,0.645588,0.524105,4.325800,0.292322,AUT,291601.605182,0.028280,0.027098,0.025034,0.070207,0.001616,neutron,pi+,solid
679,11.0,0.389867,0.571708,0.524423,4.572740,0.274737,AUT,228820.693135,0.034016,0.035345,0.030917,0.070207,0.001756,neutron,pi+,solid
680,11.0,0.470194,0.450388,0.523812,4.368447,0.283597,AUT,75145.220119,0.083778,0.075101,0.077723,0.070207,0.001967,neutron,pi+,solid
681,11.0,0.346905,0.622072,0.524046,4.432894,0.492034,AUT,270000.508977,0.051305,0.049768,0.038686,0.070207,0.001661,neutron,pi+,solid
682,11.0,0.439632,0.491904,0.522599,4.454853,0.487182,AUT,62780.772453,0.073270,0.103989,0.071641,0.070207,0.001878,neutron,pi+,solid
683,11.0,0.350750,0.620734,0.525641,4.464584,0.676655,AUT,88877.044638,0.115943,0.103312,0.089724,0.070207,0.001670,neutron,pi+,solid
684,11.0,0.323340,0.643250,0.573810,4.289640,0.212378,AUT,396583.116065,0.024398,0.023645,0.021765,0.070207,0.001633,neutron,pi+,solid
685,11.0,0.371504,0.601158,0.573971,4.602661,0.185758,AUT,388177.367266,0.026203,0.026106,0.023351,0.070207,0.001739,neutron,pi+,solid
686,11.0,0.436568,0.498464,0.573380,4.475969,0.194824,AUT,245843.966249,0.035594,0.036044,0.033339,0.070207,0.001902,neutron,pi+,solid
687,11.0,0.334130,0.638611,0.574360,4.396046,0.547992,AUT,249729.327009,0.050015,0.047691,0.038248,0.070207,0.001656,neutron,pi+,solid
688,11.0,0.407722,0.546689,0.573080,4.587432,0.535811,AUT,93823.191656,0.074457,0.090191,0.060936,0.070207,0.001826,neutron,pi+,solid
689,11.0,0.332257,0.637391,0.623903,4.366218,0.212311,AUT,418121.684833,0.024452,0.023783,0.021876,0.070207,0.001676,neutron,pi+,solid
690,11.0,0.402223,0.554044,0.623569,4.576635,0.188542,AUT,351617.643571,0.028805,0.029063,0.026083,0.070207,0.001843,neutron,pi+,solid
691,11.0,0.341793,0.630380,0.624151,4.431348,0.558503,AUT,245892.953664,0.045498,0.045548,0.035904,0.070207,0.001697,neutron,pi+,solid
692,11.0,0.420750,0.542483,0.619643,4.709077,0.517569,AUT,16785.186680,0.174400,0.211970,0.143447,0.070207,0.001891,neutron,pi+,solid
693,11.0,0.344236,0.625827,0.673869,4.435369,0.211396,AUT,427896.894867,0.024930,0.024384,0.022269,0.070207,0.001730,neutron,pi+,solid
694,11.0,0.412373,0.546186,0.672032,4.644390,0.182783,AUT,117172.821986,0.051916,0.052995,0.046507,0.070207,0.001905,neutron,pi+,solid
695,11.0,0.337182,0.637745,0.672861,4.426307,0.564801,AUT,196817.447452,0.046328,0.046625,0.037573,0.070207,0.001713,neutron,pi+,solid
696,11.0,0.387803,0.651828,0.323916,5.215335,0.109555,AUT,288455.528560,0.029074,0.028464,0.026104,0.070207,0.001665,neutron,pi+,solid
697,11.0,0.418037,0.627182,0.324195,5.411210,0.102963,AUT,283564.439094,0.030428,0.030139,0.027226,0.070207,0.001728,neutron,pi+,solid
698,11.0,0.442918,0.599719,0.324294,5.481525,0.098499,AUT,279200.852256,0.031650,0.031679,0.028242,0.070207,0.001785,neutron,pi+,solid
699,11.0,0.474977,0.563065,0.324225,5.517731,0.098415,AUT,283417.585757,0.032516,0.033306,0.029341,0.070207,0.001866,neutron,pi+,solid
700,11.0,0.522613,0.521435,0.323966,5.620578,0.110550,AUT,184580.201995,0.043199,0.044089,0.040467,0.070207,0.002007,neutron,pi+,solid
701,11.0,0.385309,0.655905,0.324230,5.214296,0.292121,AUT,167026.788595,0.053994,0.053278,0.042340,0.070207,0.001660,neutron,pi+,solid
702,11.0,0.418590,0.628966,0.323853,5.433387,0.301053,AUT,161031.285475,0.068243,0.067962,0.050932,0.070207,0.001729,neutron,pi+,solid
703,11.0,0.449245,0.591295,0.323605,5.480530,0.306735,AUT,157200.646810,0.064634,0.072559,0.050233,0.070207,0.001800,neutron,pi+,solid
704,11.0,0.495155,0.540975,0.323907,5.523308,0.303944,AUT,163156.536721,0.047448,0.062737,0.045089,0.070207,0.001922,neutron,pi+,solid
705,11.0,0.545780,0.504744,0.324292,5.686002,0.297056,AUT,41063.231420,0.086942,0.119939,0.099841,0.070207,0.002087,neutron,pi+,solid
706,11.0,0.405426,0.641015,0.327962,5.357212,0.444692,AUT,74178.141469,0.166057,0.137521,0.123328,0.070207,0.001703,neutron,pi+,solid
707,11.0,0.484209,0.559311,0.329060,5.569317,0.437952,AUT,55391.655003,0.095914,0.126473,0.093396,0.070207,0.001896,neutron,pi+,solid
708,11.0,0.426862,0.614609,0.321110,5.388926,0.769781,AUT,52375.139520,0.430182,0.259118,0.261455,0.070207,0.001747,neutron,pi+,solid
709,11.0,0.394924,0.645096,0.373761,5.254951,0.112268,AUT,317894.475705,0.028431,0.027877,0.025394,0.070207,0.001703,neutron,pi+,solid
710,11.0,0.432686,0.611281,0.374176,5.457477,0.108680,AUT,311728.256181,0.030081,0.029917,0.026805,0.070207,0.001788,neutron,pi+,solid
711,11.0,0.474617,0.564334,0.373931,5.523315,0.106542,AUT,321238.243420,0.031134,0.031734,0.027926,0.070207,0.001897,neutron,pi+,solid
712,11.0,0.529818,0.516483,0.373777,5.645549,0.118278,AUT,102971.756036,0.059978,0.060791,0.056390,0.070207,0.002072,neutron,pi+,solid
713,11.0,0.388895,0.653633,0.373881,5.244089,0.290392,AUT,164582.586254,0.045309,0.046141,0.037772,0.070207,0.001690,neutron,pi+,solid
714,11.0,0.427833,0.620736,0.373662,5.479302,0.304047,AUT,140107.024266,0.062757,0.064905,0.048491,0.070207,0.001776,neutron,pi+,solid
715,11.0,0.471761,0.563771,0.373575,5.484398,0.307064,AUT,138621.586499,0.052705,0.064499,0.047087,0.070207,0.001889,neutron,pi+,solid
716,11.0,0.527779,0.514963,0.373899,5.606617,0.293901,AUT,79145.287512,0.063129,0.079437,0.067831,0.070207,0.002065,neutron,pi+,solid
717,11.0,0.413146,0.631338,0.376140,5.372590,0.461063,AUT,141476.266571,0.095994,0.090099,0.073640,0.070207,0.001744,neutron,pi+,solid
718,11.0,0.495847,0.544974,0.376614,5.562689,0.454662,AUT,80444.272147,0.073205,0.102665,0.073621,0.070207,0.001962,neutron,pi+,solid
719,11.0,0.416560,0.628062,0.372316,5.383447,0.833772,AUT,19660.909484,0.147087,0.113874,0.111083,0.070207,0.001750,neutron,pi+,solid
720,11.0,0.403419,0.637891,0.423918,5.306294,0.115946,AUT,337724.928303,0.028199,0.027850,0.025200,0.070207,0.001744,neutron,pi+,solid
721,11.0,0.456675,0.583961,0.423891,5.497919,0.112488,AUT,345458.164780,0.029847,0.030018,0.026673,0.070207,0.001876,neutron,pi+,solid
722,11.0,0.518013,0.525969,0.423823,5.618683,0.118851,AUT,122583.703232,0.053995,0.055482,0.050063,0.070207,0.002068,neutron,pi+,solid
723,11.0,0.392910,0.651394,0.424188,5.279348,0.285091,AUT,153574.579796,0.043379,0.043837,0.037157,0.070207,0.001721,neutron,pi+,solid
724,11.0,0.440736,0.604552,0.424040,5.493839,0.292646,AUT,125849.026106,0.056466,0.060806,0.046727,0.070207,0.001834,neutron,pi+,solid
725,11.0,0.506678,0.531641,0.424152,5.549653,0.285568,AUT,122590.168158,0.050872,0.060004,0.051173,0.070207,0.002029,neutron,pi+,solid
726,11.0,0.422095,0.620286,0.424989,5.386509,0.475401,AUT,183728.616073,0.071708,0.073617,0.055895,0.070207,0.001789,neutron,pi+,solid
727,11.0,0.508752,0.531843,0.424873,5.576390,0.472582,AUT,66774.164015,0.077798,0.113886,0.080457,0.070207,0.002037,neutron,pi+,solid
728,11.0,0.422430,0.625846,0.427459,5.427981,0.708737,AUT,20304.948108,0.164297,0.149460,0.143457,0.070207,0.001792,neutron,pi+,solid
729,11.0,0.414243,0.627019,0.473787,5.351905,0.118705,AUT,359543.988789,0.028022,0.027900,0.025018,0.070207,0.001793,neutron,pi+,solid
730,11.0,0.486624,0.554240,0.473886,5.553151,0.117316,AUT,242879.887764,0.037616,0.038274,0.033888,0.070207,0.001997,neutron,pi+,solid
731,11.0,0.399548,0.646558,0.474331,5.327310,0.280835,AUT,160395.230970,0.041857,0.041955,0.036578,0.070207,0.001758,neutron,pi+,solid
732,11.0,0.466440,0.572216,0.474437,5.495515,0.276649,AUT,136378.990851,0.048318,0.053495,0.044620,0.070207,0.001934,neutron,pi+,solid
733,11.0,0.534979,0.510009,0.474417,5.630076,0.280517,AUT,40223.091505,0.106484,0.108300,0.104224,0.070207,0.002171,neutron,pi+,solid
734,11.0,0.434202,0.606539,0.474044,5.406412,0.489064,AUT,195318.535302,0.062230,0.068515,0.049000,0.070207,0.001845,neutron,pi+,solid
735,11.0,0.529004,0.516667,0.472752,5.639765,0.481598,AUT,21769.001207,0.138287,0.205940,0.146255,0.070207,0.002146,neutron,pi+,solid
736,11.0,0.428786,0.617347,0.477287,5.434152,0.660293,AUT,35216.654585,0.165235,0.166455,0.135914,0.070207,0.001833,neutron,pi+,solid
737,11.0,0.431085,0.609430,0.523783,5.402076,0.120253,AUT,382042.454833,0.028278,0.028256,0.025183,0.070207,0.001864,neutron,pi+,solid
738,11.0,0.517476,0.526927,0.523669,5.623303,0.123626,AUT,63466.307955,0.078569,0.079991,0.071923,0.070207,0.002145,neutron,pi+,solid
739,11.0,0.407057,0.638928,0.524341,5.359850,0.277278,AUT,168961.454233,0.041239,0.041154,0.036627,0.070207,0.001802,neutron,pi+,solid
740,11.0,0.492217,0.546535,0.524377,5.534619,0.273983,AUT,122520.688160,0.053085,0.056873,0.050594,0.070207,0.002053,neutron,pi+,solid
741,11.0,0.420952,0.621188,0.524255,5.380401,0.540012,AUT,166110.455711,0.076110,0.077902,0.057122,0.070207,0.001837,neutron,pi+,solid
742,11.0,0.497776,0.543509,0.522629,5.579531,0.510619,AUT,40145.045269,0.111854,0.148921,0.101360,0.070207,0.002070,neutron,pi+,solid
743,11.0,0.403479,0.639370,0.573909,5.319069,0.195357,AUT,266782.111732,0.033266,0.032703,0.029598,0.070207,0.001821,neutron,pi+,solid
744,11.0,0.465832,0.573749,0.574099,5.505553,0.180362,AUT,267680.640540,0.035976,0.036870,0.032388,0.070207,0.002002,neutron,pi+,solid
745,11.0,0.531629,0.516880,0.571931,5.670603,0.198166,AUT,39640.871018,0.107251,0.106683,0.100735,0.070207,0.002250,neutron,pi+,solid
746,11.0,0.426709,0.616637,0.573551,5.405854,0.557427,AUT,157212.981799,0.073071,0.076906,0.054784,0.070207,0.001884,neutron,pi+,solid
747,11.0,0.543884,0.530773,0.557021,5.958797,0.419361,AUT,13.757946,10.761450,11.993552,7.017433,0.070207,0.002291,neutron,pi+,solid
748,11.0,0.413662,0.628769,0.623957,5.358631,0.198621,AUT,282086.586542,0.033324,0.032981,0.029754,0.070207,0.001881,neutron,pi+,solid
749,11.0,0.480849,0.560022,0.622914,5.551440,0.184108,AUT,143820.945859,0.051114,0.052363,0.046201,0.070207,0.002096,neutron,pi+,solid
750,11.0,0.415704,0.630271,0.622718,5.391957,0.565161,AUT,101903.237916,0.090807,0.091337,0.066393,0.070207,0.001887,neutron,pi+,solid
751,11.0,0.411005,0.632458,0.673741,5.356298,0.248462,AUT,246102.843274,0.036257,0.036288,0.032070,0.070207,0.001910,neutron,pi+,solid
752,11.0,0.467975,0.577779,0.670586,5.578406,0.185851,AUT,81538.650321,0.069027,0.070288,0.061312,0.070207,0.002093,neutron,pi+,solid
753,11.0,0.477397,0.643862,0.324200,6.338954,0.104151,AUT,287361.025791,0.032846,0.032740,0.029406,0.070207,0.001876,neutron,pi+,solid
754,11.0,0.540331,0.600604,0.324183,6.693894,0.102403,AUT,294243.743600,0.035370,0.035981,0.031924,0.070207,0.002072,neutron,pi+,solid
755,11.0,0.597322,0.585938,0.323976,7.226113,0.105613,AUT,94840.643458,0.068773,0.070910,0.062848,0.070207,0.002302,neutron,pi+,solid
756,11.0,0.480864,0.641716,0.323829,6.361442,0.304750,AUT,151854.138605,0.074696,0.076271,0.055684,0.070207,0.001885,neutron,pi+,solid
757,11.0,0.558943,0.588299,0.323647,6.782055,0.306962,AUT,151769.694912,0.057392,0.072511,0.052191,0.070207,0.002141,neutron,pi+,solid
758,11.0,0.625421,0.593351,0.323777,7.660486,0.304450,AUT,6131.018198,0.294779,0.383412,0.284894,0.070207,0.002439,neutron,pi+,solid
759,11.0,0.505528,0.626280,0.326774,6.515975,0.477941,AUT,73722.045475,0.094461,0.099843,0.084020,0.070207,0.001961,neutron,pi+,solid
760,11.0,0.595781,0.584967,0.327952,7.195794,0.446006,AUT,13886.792150,0.212847,0.297008,0.220889,0.070207,0.002300,neutron,pi+,solid
761,11.0,0.489908,0.634833,0.373999,6.410246,0.110786,AUT,323317.900480,0.031972,0.031884,0.028666,0.070207,0.001946,neutron,pi+,solid
762,11.0,0.567997,0.591477,0.373936,6.932460,0.110211,AUT,216604.480549,0.044400,0.045427,0.039976,0.070207,0.002227,neutron,pi+,solid
763,11.0,0.487841,0.636981,0.373619,6.402190,0.301056,AUT,133230.549435,0.064657,0.068290,0.051398,0.070207,0.001940,neutron,pi+,solid
764,11.0,0.571156,0.581334,0.373803,6.852458,0.296279,AUT,92363.668615,0.067244,0.083018,0.065057,0.070207,0.002240,neutron,pi+,solid
765,11.0,0.522091,0.616949,0.375897,6.622072,0.475431,AUT,123899.573237,0.076121,0.089381,0.065406,0.070207,0.002054,neutron,pi+,solid
766,11.0,0.637139,0.598537,0.376141,7.871880,0.461787,AUT,343.164101,1.486810,2.083938,1.481550,0.070207,0.002577,neutron,pi+,solid
767,11.0,0.508876,0.622414,0.423861,6.519822,0.115294,AUT,354508.617961,0.032013,0.032151,0.028611,0.070207,0.002043,neutron,pi+,solid
768,11.0,0.596433,0.586798,0.423577,7.225879,0.114575,AUT,57643.818633,0.093144,0.095019,0.083994,0.070207,0.002411,neutron,pi+,solid
769,11.0,0.499272,0.627947,0.424247,6.452051,0.283768,AUT,130470.080326,0.055737,0.059810,0.048459,0.070207,0.002010,neutron,pi+,solid
770,11.0,0.585213,0.576290,0.424240,6.963785,0.279333,AUT,48162.301531,0.095085,0.109248,0.093387,0.070207,0.002355,neutron,pi+,solid
771,11.0,0.521040,0.616805,0.424289,6.607980,0.490410,AUT,133997.652187,0.076891,0.089852,0.064649,0.070207,0.002087,neutron,pi+,solid
772,11.0,0.484717,0.638961,0.474001,6.384744,0.169596,AUT,246372.300288,0.037772,0.038237,0.033649,0.070207,0.001996,neutron,pi+,solid
773,11.0,0.563314,0.591054,0.474073,6.868908,0.171595,AUT,216081.822202,0.045584,0.047489,0.041677,0.070207,0.002302,neutron,pi+,solid
774,11.0,0.515668,0.620736,0.474024,6.585413,0.514678,AUT,114350.644846,0.088617,0.101232,0.069886,0.070207,0.002106,neutron,pi+,solid
775,11.0,0.497541,0.629775,0.524112,6.454286,0.176046,AUT,256583.178486,0.038327,0.038600,0.034250,0.070207,0.002078,neutron,pi+,solid
776,11.0,0.579052,0.585295,0.523865,6.996385,0.181954,AUT,106344.475599,0.068597,0.070748,0.062857,0.070207,0.002437,neutron,pi+,solid
777,11.0,0.506215,0.628476,0.523540,6.550700,0.536678,AUT,81705.920793,0.112017,0.124189,0.084166,0.070207,0.002111,neutron,pi+,solid
778,11.0,0.497191,0.630455,0.573916,6.456615,0.229946,AUT,242802.997161,0.040666,0.042134,0.036112,0.070207,0.002121,neutron,pi+,solid
779,11.0,0.576501,0.592091,0.572148,7.046777,0.188800,AUT,70417.149788,0.086142,0.089484,0.078423,0.070207,0.002487,neutron,pi+,solid
780,11.0,0.503950,0.630902,0.622868,6.548654,0.229265,AUT,210192.095433,0.045204,0.046247,0.040105,0.070207,0.002198,neutron,pi+,solid
781,11.0,0.488908,0.642094,0.671618,6.472868,0.219853,AUT,111759.941481,0.061417,0.061645,0.054685,0.070207,0.002186,neutron,pi+,solid
782,8.8,0.105108,0.651057,0.323248,1.124298,0.147569,AUT,2271405.698453,0.008325,0.006958,0.007125,0.070207,0.001730,neutron,pi+,solid
783,8.8,0.125155,0.582714,0.323720,1.203534,0.128880,AUT,2215681.064139,0.007585,0.007114,0.006658,0.070207,0.001780,neutron,pi+,solid
784,8.8,0.139056,0.552152,0.323912,1.267421,0.117879,AUT,2207718.243207,0.007583,0.007419,0.006666,0.070207,0.001816,neutron,pi+,solid
785,8.8,0.151645,0.528929,0.323961,1.324165,0.109538,AUT,2151491.681913,0.007838,0.007820,0.006892,0.070207,0.001850,neutron,pi+,solid
786,8.8,0.164040,0.508116,0.324111,1.376075,0.103158,AUT,2164544.864410,0.007997,0.008131,0.007048,0.070207,0.001884,neutron,pi+,solid
787,8.8,0.176783,0.489093,0.323944,1.427497,0.098779,AUT,2222243.002608,0.008076,0.008315,0.007141,0.070207,0.001920,neutron,pi+,solid
788,8.8,0.190303,0.474352,0.324166,1.490531,0.095073,AUT,2103859.484014,0.008420,0.008854,0.007546,0.070207,0.001958,neutron,pi+,solid
789,8.8,0.206457,0.460085,0.324110,1.568023,0.091023,AUT,2046776.936670,0.008674,0.009227,0.007846,0.070207,0.002003,neutron,pi+,solid
790,8.8,0.231358,0.435523,0.324171,1.662608,0.089234,AUT,2117333.017590,0.008661,0.009421,0.008009,0.070207,0.002071,neutron,pi+,solid
791,8.8,0.268757,0.408699,0.324019,1.812199,0.096557,AUT,913112.801138,0.013430,0.014769,0.013229,0.070207,0.002172,neutron,pi+,solid
792,8.8,0.086637,0.746500,0.323941,1.066135,0.300249,AUT,1653026.777008,0.009344,0.007462,0.008532,0.070207,0.001688,neutron,pi+,solid
793,8.8,0.098392,0.695690,0.324512,1.129903,0.286847,AUT,1528672.156993,0.009580,0.008209,0.008561,0.070207,0.001714,neutron,pi+,solid
794,8.8,0.107361,0.666973,0.324902,1.182211,0.278295,AUT,1424255.201993,0.010085,0.009034,0.008860,0.070207,0.001736,neutron,pi+,solid
795,8.8,0.115825,0.645240,0.325029,1.233919,0.272630,AUT,1361525.346507,0.010939,0.009963,0.009257,0.070207,0.001756,neutron,pi+,solid
796,8.8,0.124637,0.626062,0.325185,1.288325,0.267899,AUT,1278949.095673,0.012171,0.011144,0.009913,0.070207,0.001778,neutron,pi+,solid
797,8.8,0.134039,0.606663,0.325324,1.342546,0.264228,AUT,1180479.612703,0.013779,0.012746,0.011043,0.070207,0.001803,neutron,pi+,solid
798,8.8,0.144273,0.585938,0.325394,1.395624,0.260832,AUT,1130674.291158,0.015470,0.014278,0.012170,0.070207,0.001830,neutron,pi+,solid
799,8.8,0.155525,0.562154,0.325576,1.443356,0.258919,AUT,1041523.777787,0.018312,0.016596,0.014133,0.070207,0.001861,neutron,pi+,solid
800,8.8,0.167926,0.537418,0.325576,1.489804,0.256706,AUT,976079.154122,0.021209,0.019030,0.016336,0.070207,0.001896,neutron,pi+,solid
801,8.8,0.181878,0.512563,0.325683,1.538972,0.256179,AUT,945163.400048,0.022496,0.020579,0.017718,0.070207,0.001935,neutron,pi+,solid
802,8.8,0.199202,0.485756,0.325810,1.597083,0.251920,AUT,929124.142316,0.022229,0.022071,0.018139,0.070207,0.001984,neutron,pi+,solid
803,8.8,0.226037,0.449315,0.326092,1.674987,0.246092,AUT,917582.190067,0.018487,0.021975,0.016545,0.070207,0.002058,neutron,pi+,solid
804,8.8,0.266245,0.411067,0.326286,1.805340,0.243712,AUT,447008.818031,0.021043,0.032039,0.024358,0.070207,0.002166,neutron,pi+,solid
805,8.8,0.088510,0.741910,0.324362,1.081258,0.487040,AUT,1008791.990661,0.013701,0.009766,0.011182,0.070207,0.001692,neutron,pi+,solid
806,8.8,0.106389,0.662560,0.323098,1.162637,0.501743,AUT,884414.716021,0.016658,0.011479,0.012517,0.070207,0.001733,neutron,pi+,solid
807,8.8,0.122057,0.604141,0.322916,1.216529,0.504967,AUT,963790.343678,0.020103,0.013184,0.014034,0.070207,0.001772,neutron,pi+,solid
808,8.8,0.139146,0.554872,0.322950,1.273833,0.503505,AUT,1029562.869400,0.025605,0.016152,0.016820,0.070207,0.001816,neutron,pi+,solid
809,8.8,0.158699,0.509068,0.323137,1.332835,0.499792,AUT,1093676.456816,0.034700,0.021121,0.021678,0.070207,0.001869,neutron,pi+,solid
810,8.8,0.181578,0.468345,0.323305,1.403142,0.495684,AUT,1127238.907746,0.048978,0.028980,0.029412,0.070207,0.001933,neutron,pi+,solid
811,8.8,0.214403,0.438470,0.323192,1.550346,0.499477,AUT,1157219.666466,0.076917,0.044543,0.044696,0.070207,0.002024,neutron,pi+,solid
812,8.8,0.261436,0.407941,0.323172,1.759307,0.507883,AUT,415330.536660,0.172966,0.099238,0.098301,0.070207,0.002151,neutron,pi+,solid
813,8.8,0.135759,0.643404,0.330535,1.393976,0.642033,AUT,1163860.428378,0.047103,0.026299,0.029386,0.070207,0.001807,neutron,pi+,solid
814,8.8,0.112550,0.620517,0.373331,1.146660,0.140507,AUT,2389546.975637,0.008049,0.006905,0.006970,0.070207,0.001757,neutron,pi+,solid
815,8.8,0.136481,0.552415,0.373842,1.244032,0.118719,AUT,2315008.193091,0.007516,0.007168,0.006640,0.070207,0.001820,neutron,pi+,solid
816,8.8,0.153836,0.520290,0.374003,1.321111,0.106222,AUT,2211466.930096,0.007785,0.007682,0.006918,0.070207,0.001869,neutron,pi+,solid
817,8.8,0.170180,0.495775,0.373910,1.392752,0.099055,AUT,2237081.274851,0.007926,0.008030,0.007079,0.070207,0.001915,neutron,pi+,solid
818,8.8,0.187015,0.476321,0.374100,1.470709,0.095134,AUT,2213125.866679,0.008151,0.008362,0.007296,0.070207,0.001964,neutron,pi+,solid
819,8.8,0.208053,0.458524,0.374116,1.574405,0.090835,AUT,2188002.010278,0.008404,0.008721,0.007601,0.070207,0.002024,neutron,pi+,solid
820,8.8,0.246984,0.424343,0.374197,1.726243,0.093716,AUT,2071183.084873,0.008900,0.009410,0.008373,0.070207,0.002132,neutron,pi+,solid
821,8.8,0.090241,0.727919,0.373726,1.081965,0.305062,AUT,1846709.909485,0.008694,0.007253,0.007942,0.070207,0.001703,neutron,pi+,solid
822,8.8,0.104615,0.669541,0.374184,1.156059,0.292978,AUT,1691711.209769,0.008926,0.008053,0.008049,0.070207,0.001737,neutron,pi+,solid
823,8.8,0.115387,0.639043,0.374449,1.217325,0.284974,AUT,1554299.985533,0.009717,0.009118,0.008473,0.070207,0.001764,neutron,pi+,solid
824,8.8,0.126170,0.615516,0.374668,1.282074,0.280045,AUT,1549724.864920,0.010405,0.010002,0.008874,0.070207,0.001792,neutron,pi+,solid
825,8.8,0.137942,0.591200,0.374799,1.346285,0.275015,AUT,1434580.411807,0.011873,0.011569,0.009882,0.070207,0.001824,neutron,pi+,solid
826,8.8,0.150716,0.565956,0.374970,1.408067,0.271570,AUT,1345243.714182,0.013800,0.013446,0.011269,0.070207,0.001860,neutron,pi+,solid
827,8.8,0.165057,0.536788,0.375074,1.462493,0.268281,AUT,1302758.072391,0.015827,0.015515,0.012747,0.070207,0.001901,neutron,pi+,solid
828,8.8,0.181778,0.505429,0.375204,1.516454,0.265511,AUT,1269383.291260,0.017158,0.017436,0.013799,0.070207,0.001949,neutron,pi+,solid
829,8.8,0.203764,0.472283,0.375013,1.587698,0.264580,AUT,1268692.611884,0.017050,0.018894,0.014081,0.070207,0.002012,neutron,pi+,solid
830,8.8,0.245765,0.426583,0.374803,1.725901,0.264416,AUT,1218256.057351,0.013934,0.018851,0.013233,0.070207,0.002128,neutron,pi+,solid
831,8.8,0.089071,0.742658,0.374799,1.089210,0.480332,AUT,1003884.426452,0.012538,0.009536,0.010571,0.070207,0.001700,neutron,pi+,solid
832,8.8,0.109423,0.663516,0.374146,1.197142,0.496103,AUT,750894.148175,0.014866,0.011299,0.011769,0.070207,0.001749,neutron,pi+,solid
833,8.8,0.129124,0.588979,0.372898,1.253757,0.513554,AUT,696902.668125,0.015830,0.011785,0.012279,0.070207,0.001800,neutron,pi+,solid
834,8.8,0.150889,0.517432,0.372171,1.287262,0.522734,AUT,683679.403921,0.018227,0.013149,0.013448,0.070207,0.001860,neutron,pi+,solid
835,8.8,0.175558,0.455728,0.372207,1.319108,0.523508,AUT,719845.380321,0.022140,0.015338,0.015297,0.070207,0.001930,neutron,pi+,solid
836,8.8,0.209123,0.421658,0.371521,1.454674,0.532780,AUT,705703.026247,0.033927,0.021919,0.021671,0.070207,0.002025,neutron,pi+,solid
837,8.8,0.258244,0.403320,0.369835,1.718907,0.548271,AUT,209015.930897,0.161742,0.096461,0.094797,0.070207,0.002161,neutron,pi+,solid
838,8.8,0.118277,0.643411,0.376203,1.236428,0.668943,AUT,1521470.769839,0.034407,0.020010,0.022237,0.070207,0.001772,neutron,pi+,solid
839,8.8,0.195973,0.508533,0.377256,1.627330,0.654972,AUT,920598.678119,0.082861,0.046160,0.048170,0.070207,0.001987,neutron,pi+,solid
840,8.8,0.120077,0.593124,0.423543,1.168200,0.133549,AUT,2539085.151898,0.007648,0.006742,0.006702,0.070207,0.001784,neutron,pi+,solid
841,8.8,0.148899,0.524267,0.423972,1.287899,0.109573,AUT,2392538.923689,0.007499,0.007302,0.006697,0.070207,0.001864,neutron,pi+,solid
842,8.8,0.170687,0.491708,0.423976,1.385162,0.099335,AUT,2269705.303312,0.007881,0.007883,0.007059,0.070207,0.001928,neutron,pi+,solid
843,8.8,0.193177,0.470117,0.424123,1.499173,0.095375,AUT,2294618.875815,0.008110,0.008226,0.007275,0.070207,0.001994,neutron,pi+,solid
844,8.8,0.228409,0.439674,0.424259,1.654971,0.094202,AUT,2311293.514198,0.008352,0.008621,0.007678,0.070207,0.002095,neutron,pi+,solid
845,8.8,0.277328,0.404091,0.424135,1.849528,0.111448,AUT,355423.941820,0.024317,0.023847,0.022963,0.070207,0.002234,neutron,pi+,solid
846,8.8,0.094248,0.707721,0.423501,1.097542,0.308743,AUT,1941189.383715,0.008408,0.007217,0.007663,0.070207,0.001718,neutron,pi+,solid
847,8.8,0.112087,0.641472,0.424054,1.186525,0.295797,AUT,1862403.340195,0.008451,0.007983,0.007574,0.070207,0.001763,neutron,pi+,solid
848,8.8,0.126604,0.607328,0.424408,1.269143,0.289321,AUT,1785434.703898,0.009218,0.009066,0.008016,0.070207,0.001801,neutron,pi+,solid
849,8.8,0.141816,0.577385,0.424529,1.351449,0.284930,AUT,1664088.729260,0.010544,0.010558,0.009034,0.070207,0.001844,neutron,pi+,solid
850,8.8,0.158511,0.543958,0.424634,1.423052,0.281061,AUT,1549036.373756,0.012375,0.012587,0.010390,0.070207,0.001892,neutron,pi+,solid
851,8.8,0.178071,0.506289,0.424685,1.487627,0.278971,AUT,1529441.541799,0.013734,0.014456,0.011332,0.070207,0.001950,neutron,pi+,solid
852,8.8,0.204706,0.465500,0.424597,1.571319,0.281220,AUT,1526100.527964,0.014399,0.016521,0.011892,0.070207,0.002027,neutron,pi+,solid
853,8.8,0.249982,0.420803,0.424476,1.732977,0.285478,AUT,983379.404236,0.014642,0.020368,0.014399,0.070207,0.002156,neutron,pi+,solid
854,8.8,0.091653,0.732609,0.424884,1.105183,0.477268,AUT,1161609.293856,0.011661,0.009190,0.009979,0.070207,0.001712,neutron,pi+,solid
855,8.8,0.114744,0.659317,0.425154,1.247405,0.473131,AUT,751821.041318,0.016963,0.013398,0.012786,0.070207,0.001770,neutron,pi+,solid
856,8.8,0.139462,0.585764,0.424243,1.345792,0.489442,AUT,551445.934984,0.020396,0.015658,0.015539,0.070207,0.001837,neutron,pi+,solid
857,8.8,0.169256,0.493012,0.422990,1.373873,0.509951,AUT,465718.127161,0.019964,0.015971,0.016483,0.070207,0.001924,neutron,pi+,solid
858,8.8,0.208380,0.432652,0.421323,1.485313,0.523538,AUT,347592.022505,0.023527,0.019665,0.020267,0.070207,0.002036,neutron,pi+,solid
859,8.8,0.270172,0.403953,0.419281,1.801725,0.525600,AUT,17988.170581,0.107269,0.108762,0.121917,0.070207,0.002212,neutron,pi+,solid
860,8.8,0.109631,0.653827,0.424193,1.167748,0.686524,AUT,1135274.300921,0.023852,0.014823,0.016471,0.070207,0.001757,neutron,pi+,solid
861,8.8,0.174716,0.507760,0.424348,1.451527,0.678543,AUT,1412587.385471,0.057426,0.033367,0.034438,0.070207,0.001937,neutron,pi+,solid
862,8.8,0.251537,0.439771,0.421183,1.825252,0.661692,AUT,75571.608169,0.379693,0.220158,0.218896,0.070207,0.002162,neutron,pi+,solid
863,8.8,0.127232,0.570152,0.473626,1.189007,0.127548,AUT,2568499.708982,0.007431,0.006759,0.006618,0.070207,0.001810,neutron,pi+,solid
864,8.8,0.161518,0.501165,0.474081,1.335135,0.104436,AUT,2484173.597695,0.007519,0.007390,0.006733,0.070207,0.001910,neutron,pi+,solid
865,8.8,0.191086,0.470026,0.474062,1.482305,0.098941,AUT,2463770.361709,0.007841,0.007878,0.007049,0.070207,0.001998,neutron,pi+,solid
866,8.8,0.235935,0.434163,0.474073,1.685623,0.102697,AUT,2066863.009221,0.009018,0.009172,0.008338,0.070207,0.002130,neutron,pi+,solid
867,8.8,0.099092,0.685432,0.473516,1.116226,0.310479,AUT,2001994.539439,0.008170,0.007248,0.007397,0.070207,0.001735,neutron,pi+,solid
868,8.8,0.120926,0.613768,0.473996,1.224560,0.297737,AUT,1921071.773500,0.008341,0.008186,0.007408,0.070207,0.001793,neutron,pi+,solid
869,8.8,0.140069,0.575645,0.474236,1.330485,0.293364,AUT,1802024.589317,0.009383,0.009624,0.008263,0.070207,0.001847,neutron,pi+,solid
870,8.8,0.161275,0.534034,0.474236,1.420747,0.290433,AUT,1676606.922822,0.011125,0.011657,0.009528,0.070207,0.001910,neutron,pi+,solid
871,8.8,0.186441,0.488431,0.474358,1.502106,0.290767,AUT,1570874.047583,0.012713,0.014091,0.010731,0.070207,0.001985,neutron,pi+,solid
872,8.8,0.232875,0.433160,0.474074,1.658150,0.298942,AUT,1549786.645305,0.011830,0.015444,0.011019,0.070207,0.002120,neutron,pi+,solid
873,8.8,0.094446,0.719678,0.474922,1.117870,0.480281,AUT,1303110.920336,0.010754,0.008873,0.009538,0.070207,0.001723,neutron,pi+,solid
874,8.8,0.121603,0.647276,0.475584,1.297604,0.465214,AUT,893730.105196,0.017052,0.014266,0.012661,0.070207,0.001795,neutron,pi+,solid
875,8.8,0.153323,0.581834,0.475615,1.469523,0.465580,AUT,565523.659742,0.031970,0.023977,0.022076,0.070207,0.001886,neutron,pi+,solid
876,8.8,0.197555,0.510218,0.475982,1.656704,0.458799,AUT,366456.906341,0.035268,0.029641,0.030514,0.070207,0.002019,neutron,pi+,solid
877,8.8,0.266068,0.416903,0.478709,1.828664,0.428165,AUT,40002.752716,0.070679,0.115574,0.092397,0.070207,0.002220,neutron,pi+,solid
878,8.8,0.109065,0.653568,0.473635,1.156571,0.697966,AUT,885419.151372,0.016786,0.011599,0.012872,0.070207,0.001761,neutron,pi+,solid
879,8.8,0.172735,0.495103,0.471666,1.403980,0.699482,AUT,905806.212159,0.048486,0.029664,0.030054,0.070207,0.001940,neutron,pi+,solid
880,8.8,0.134465,0.627284,0.476344,1.360119,0.870021,AUT,617398.840947,0.064381,0.037017,0.039844,0.070207,0.001830,neutron,pi+,solid
881,8.8,0.135815,0.546580,0.523790,1.215483,0.121765,AUT,2668385.551349,0.007198,0.006764,0.006475,0.070207,0.001842,neutron,pi+,solid
882,8.8,0.178071,0.478130,0.524100,1.404024,0.103888,AUT,2624450.375147,0.007550,0.007498,0.006722,0.070207,0.001970,neutron,pi+,solid
883,8.8,0.227442,0.441907,0.524019,1.652491,0.106976,AUT,2250552.619835,0.008610,0.008737,0.007909,0.070207,0.002119,neutron,pi+,solid
884,8.8,0.104841,0.661126,0.523737,1.137320,0.310805,AUT,2063290.803670,0.007974,0.007291,0.007169,0.070207,0.001756,neutron,pi+,solid
885,8.8,0.131789,0.586048,0.523998,1.274002,0.299211,AUT,1837894.831589,0.008637,0.008745,0.007683,0.070207,0.001831,neutron,pi+,solid
886,8.8,0.157150,0.538944,0.523993,1.396713,0.298177,AUT,1745675.182031,0.009999,0.010587,0.008748,0.070207,0.001907,neutron,pi+,solid
887,8.8,0.188147,0.484257,0.524087,1.501729,0.299888,AUT,1589828.357456,0.011804,0.013309,0.010217,0.070207,0.002002,neutron,pi+,solid
888,8.8,0.238556,0.425436,0.523932,1.670198,0.307067,AUT,1044919.442151,0.013403,0.017704,0.013031,0.070207,0.002152,neutron,pi+,solid
889,8.8,0.098556,0.702085,0.524658,1.136702,0.484333,AUT,1510786.463657,0.009872,0.008537,0.008723,0.070207,0.001739,neutron,pi+,solid
890,8.8,0.131266,0.621838,0.525464,1.344660,0.467887,AUT,1073170.636057,0.016295,0.014409,0.012290,0.070207,0.001830,neutron,pi+,solid
891,8.8,0.175592,0.547232,0.526089,1.580449,0.457856,AUT,721345.048038,0.035304,0.028626,0.025522,0.070207,0.001964,neutron,pi+,solid
892,8.8,0.237218,0.451399,0.525908,1.758973,0.442203,AUT,236038.077044,0.033037,0.044327,0.033129,0.070207,0.002151,neutron,pi+,solid
893,8.8,0.108461,0.662801,0.523997,1.161897,0.697887,AUT,713587.487241,0.015555,0.011600,0.012622,0.070207,0.001765,neutron,pi+,solid
894,8.8,0.169297,0.503573,0.519649,1.405468,0.718028,AUT,283946.135398,0.035191,0.024369,0.024559,0.070207,0.001941,neutron,pi+,solid
895,8.8,0.129568,0.628535,0.523973,1.317773,0.897336,AUT,688787.055007,0.048114,0.028465,0.031352,0.070207,0.001824,neutron,pi+,solid
896,8.8,0.145237,0.524771,0.573977,1.246305,0.117776,AUT,2854149.694523,0.006969,0.006690,0.006253,0.070207,0.001879,neutron,pi+,solid
897,8.8,0.204639,0.456244,0.574116,1.536807,0.108722,AUT,2885487.753687,0.007465,0.007517,0.006776,0.070207,0.002065,neutron,pi+,solid
898,8.8,0.271728,0.408097,0.573853,1.829800,0.122586,AUT,227088.088370,0.030055,0.029831,0.028238,0.070207,0.002274,neutron,pi+,solid
899,8.8,0.110691,0.639842,0.573709,1.160598,0.309469,AUT,2052524.989475,0.007993,0.007408,0.007108,0.070207,0.001779,neutron,pi+,solid
900,8.8,0.144701,0.558295,0.573908,1.331602,0.301018,AUT,1806144.102633,0.008890,0.009264,0.007910,0.070207,0.001879,neutron,pi+,solid
901,8.8,0.180456,0.497747,0.573821,1.479527,0.302871,AUT,1590522.767364,0.010850,0.012066,0.009569,0.070207,0.001991,neutron,pi+,solid
902,8.8,0.233615,0.432669,0.573147,1.662873,0.302956,AUT,852592.320854,0.014589,0.018394,0.014040,0.070207,0.002155,neutron,pi+,solid
903,8.8,0.103019,0.684121,0.574406,1.155929,0.487846,AUT,1633962.685677,0.009439,0.008474,0.008384,0.070207,0.001758,neutron,pi+,solid
904,8.8,0.143372,0.589467,0.575238,1.390184,0.471291,AUT,1205260.844056,0.016455,0.015022,0.012618,0.070207,0.001876,neutron,pi+,solid
905,8.8,0.201870,0.501211,0.575314,1.657721,0.460695,AUT,756404.659842,0.024465,0.026000,0.019995,0.070207,0.002058,neutron,pi+,solid
906,8.8,0.107537,0.684031,0.574617,1.192496,0.682886,AUT,669503.317357,0.016675,0.013078,0.013082,0.070207,0.001770,neutron,pi+,solid
907,8.8,0.175842,0.566689,0.572949,1.643018,0.681225,AUT,55097.794505,0.079069,0.057259,0.056756,0.070207,0.001979,neutron,pi+,solid
908,8.8,0.119216,0.652555,0.572924,1.262855,0.918073,AUT,548198.710278,0.031593,0.020382,0.022223,0.070207,0.001803,neutron,pi+,solid
909,8.8,0.155530,0.507746,0.623902,1.289795,0.117102,AUT,2985818.567170,0.006935,0.006755,0.006218,0.070207,0.001924,neutron,pi+,solid
910,8.8,0.219697,0.455046,0.622943,1.645391,0.112106,AUT,1521882.267705,0.010583,0.010709,0.009592,0.070207,0.002132,neutron,pi+,solid
911,8.8,0.117569,0.617766,0.623745,1.188166,0.308123,AUT,2048606.653971,0.008017,0.007540,0.007126,0.070207,0.001808,neutron,pi+,solid
912,8.8,0.161739,0.533418,0.623587,1.421201,0.302319,AUT,1671044.392155,0.009639,0.010163,0.008543,0.070207,0.001946,neutron,pi+,solid
913,8.8,0.214186,0.475266,0.622333,1.671891,0.295236,AUT,763135.741437,0.015538,0.017896,0.014169,0.070207,0.002115,neutron,pi+,solid
914,8.8,0.108495,0.664935,0.624277,1.180811,0.490572,AUT,1740908.503859,0.009135,0.008554,0.008144,0.070207,0.001782,neutron,pi+,solid
915,8.8,0.168594,0.548868,0.624303,1.513876,0.474465,AUT,1507745.256200,0.016078,0.015560,0.012760,0.070207,0.001967,neutron,pi+,solid
916,8.8,0.252261,0.458533,0.617203,1.909472,0.442584,AUT,17363.640417,0.127319,0.168697,0.119840,0.070207,0.002239,neutron,pi+,solid
917,8.8,0.112601,0.686647,0.625436,1.254752,0.671372,AUT,750616.377354,0.016558,0.014037,0.013009,0.070207,0.001794,neutron,pi+,solid
918,8.8,0.211761,0.542333,0.623774,1.894400,0.636594,AUT,7851.582725,0.585175,0.406148,0.412929,0.070207,0.002116,neutron,pi+,solid
919,8.8,0.107719,0.687254,0.622052,1.205746,0.932005,AUT,339204.635832,0.026722,0.018886,0.020499,0.070207,0.001779,neutron,pi+,solid
920,8.8,0.122277,0.592913,0.673656,1.185924,0.255287,AUT,2308317.828070,0.007705,0.007176,0.006805,0.070207,0.001833,neutron,pi+,solid
921,8.8,0.162149,0.518840,0.673247,1.388006,0.196473,AUT,2229984.557693,0.008148,0.008163,0.007227,0.070207,0.001963,neutron,pi+,solid
922,8.8,0.207428,0.494334,0.671786,1.688405,0.163821,AUT,1468405.900774,0.010847,0.011086,0.009652,0.070207,0.002116,neutron,pi+,solid
923,8.8,0.115624,0.643680,0.674014,1.214669,0.491824,AUT,1820116.649168,0.009065,0.008755,0.008059,0.070207,0.001813,neutron,pi+,solid
924,8.8,0.174226,0.558244,0.672486,1.600568,0.478780,AUT,746569.592031,0.023537,0.022575,0.018487,0.070207,0.002005,neutron,pi+,solid
925,8.8,0.111111,0.689541,0.674407,1.245790,0.718877,AUT,1013153.452021,0.013822,0.011706,0.010908,0.070207,0.001800,neutron,pi+,solid
926,8.8,0.205276,0.569972,0.666300,1.931097,0.634531,AUT,4508.713747,0.969277,0.481787,0.776404,0.070207,0.002115,neutron,pi+,solid
927,8.8,0.238065,0.546847,0.324041,2.140745,0.092093,AUT,1265964.720900,0.011620,0.011790,0.010260,0.070207,0.002092,neutron,pi+,solid
928,8.8,0.290993,0.489288,0.324208,2.348429,0.088634,AUT,1238142.980743,0.012170,0.012886,0.011207,0.070207,0.002235,neutron,pi+,solid
929,8.8,0.339705,0.453348,0.324189,2.541663,0.102007,AUT,630253.365304,0.018535,0.018990,0.017864,0.070207,0.002364,neutron,pi+,solid
930,8.8,0.243897,0.541005,0.325109,2.166956,0.260476,AUT,745164.111645,0.028440,0.028581,0.021893,0.070207,0.002108,neutron,pi+,solid
931,8.8,0.311830,0.473410,0.325289,2.431544,0.258790,AUT,745631.228350,0.018423,0.025657,0.018270,0.070207,0.002289,neutron,pi+,solid
932,8.8,0.375925,0.446221,0.325244,2.770242,0.264255,AUT,44664.776652,0.066896,0.114092,0.088748,0.070207,0.002466,neutron,pi+,solid
933,8.8,0.264359,0.508100,0.320567,2.197613,0.538447,AUT,413003.767404,0.083619,0.051082,0.051009,0.070207,0.002159,neutron,pi+,solid
934,8.8,0.335439,0.443959,0.320250,2.459164,0.541358,AUT,133709.289084,0.258026,0.150708,0.149195,0.070207,0.002349,neutron,pi+,solid
935,8.8,0.246560,0.536102,0.374115,2.171452,0.092768,AUT,1336390.172835,0.011502,0.011546,0.010198,0.070207,0.002135,neutron,pi+,solid
936,8.8,0.315384,0.471760,0.374078,2.450385,0.101174,AUT,1224216.307156,0.012806,0.013136,0.012019,0.070207,0.002323,neutron,pi+,solid
937,8.8,0.251567,0.531507,0.374572,2.192926,0.281509,AUT,896189.654293,0.022513,0.024384,0.017707,0.070207,0.002148,neutron,pi+,solid
938,8.8,0.323547,0.463518,0.374746,2.471548,0.283605,AUT,608657.177454,0.018995,0.027530,0.019903,0.070207,0.002346,neutron,pi+,solid
939,8.8,0.259641,0.520889,0.373414,2.215963,0.629391,AUT,373892.711305,0.032136,0.023769,0.023281,0.070207,0.002169,neutron,pi+,solid
940,8.8,0.327332,0.464427,0.370445,2.508772,0.604504,AUT,81187.486085,0.085741,0.062774,0.065881,0.070207,0.002355,neutron,pi+,solid
941,8.8,0.257497,0.524960,0.424221,2.218103,0.098309,AUT,1437071.022654,0.011217,0.011277,0.010072,0.070207,0.002181,neutron,pi+,solid
942,8.8,0.326916,0.462989,0.424056,2.495729,0.112171,AUT,649819.402133,0.018558,0.018483,0.017332,0.070207,0.002378,neutron,pi+,solid
943,8.8,0.259311,0.522400,0.424166,2.218320,0.298440,AUT,915053.747359,0.019701,0.022558,0.015988,0.070207,0.002186,neutron,pi+,solid
944,8.8,0.333778,0.452506,0.424317,2.492238,0.297512,AUT,383059.228073,0.021886,0.031818,0.024685,0.070207,0.002397,neutron,pi+,solid
945,8.8,0.263449,0.524777,0.424032,2.264090,0.589585,AUT,292591.832797,0.025378,0.024756,0.024204,0.070207,0.002197,neutron,pi+,solid
946,8.8,0.357101,0.452613,0.428374,2.668203,0.441732,AUT,14825.889421,0.104412,0.195607,0.169949,0.070207,0.002468,neutron,pi+,solid
947,8.8,0.274025,0.509627,0.474058,2.284461,0.106815,AUT,1600623.148531,0.010894,0.010964,0.009899,0.070207,0.002244,neutron,pi+,solid
948,8.8,0.363676,0.448162,0.473763,2.691294,0.128884,AUT,81305.348637,0.064122,0.058778,0.059607,0.070207,0.002511,neutron,pi+,solid
949,8.8,0.270061,0.509523,0.473876,2.245818,0.306179,AUT,884056.719909,0.017083,0.020594,0.015029,0.070207,0.002232,neutron,pi+,solid
950,8.8,0.351822,0.446375,0.474103,2.593236,0.299360,AUT,146046.590188,0.036497,0.047869,0.041804,0.070207,0.002474,neutron,pi+,solid
951,8.8,0.270815,0.521995,0.475864,2.304740,0.522974,AUT,361935.767262,0.024324,0.027992,0.024047,0.070207,0.002233,neutron,pi+,solid
952,8.8,0.250507,0.531327,0.524016,2.184829,0.175931,AUT,1238559.608127,0.012359,0.013146,0.011013,0.070207,0.002196,neutron,pi+,solid
953,8.8,0.319559,0.466427,0.523890,2.456157,0.192141,AUT,873841.569796,0.015120,0.016865,0.015024,0.070207,0.002402,neutron,pi+,solid
954,8.8,0.273575,0.517024,0.525449,2.307969,0.480489,AUT,382121.161507,0.027628,0.033636,0.025122,0.070207,0.002261,neutron,pi+,solid
955,8.8,0.261149,0.520613,0.573852,2.228115,0.176469,AUT,1269535.966371,0.012249,0.012980,0.011089,0.070207,0.002248,neutron,pi+,solid
956,8.8,0.332982,0.458446,0.572892,2.518849,0.188546,AUT,365935.182961,0.025080,0.026176,0.024426,0.070207,0.002471,neutron,pi+,solid
957,8.8,0.266808,0.524595,0.574233,2.292741,0.475769,AUT,329633.120391,0.034930,0.040939,0.029610,0.070207,0.002265,neutron,pi+,solid
958,8.8,0.261780,0.525000,0.623445,2.253885,0.226743,AUT,1246691.949086,0.012778,0.013749,0.011409,0.070207,0.002275,neutron,pi+,solid
959,8.8,0.335268,0.475664,0.619339,2.632071,0.175369,AUT,104668.099861,0.046710,0.048961,0.044794,0.070207,0.002511,neutron,pi+,solid
960,8.8,0.254912,0.540192,0.672142,2.262624,0.214917,AUT,801462.688653,0.016125,0.016622,0.014098,0.070207,0.002280,neutron,pi+,solid
961,8.8,0.359699,0.563020,0.324203,3.338783,0.086489,AUT,587884.486515,0.019529,0.020129,0.017501,0.070207,0.002424,neutron,pi+,solid
962,8.8,0.426160,0.526030,0.324385,3.699158,0.100462,AUT,216694.145851,0.034348,0.035473,0.032410,0.070207,0.002628,neutron,pi+,solid
963,8.8,0.371300,0.556127,0.324750,3.400833,0.276708,AUT,390905.700858,0.032626,0.040362,0.027926,0.070207,0.002458,neutron,pi+,solid
964,8.8,0.445101,0.513779,0.324486,3.775945,0.281608,AUT,47876.103924,0.074397,0.116679,0.086469,0.070207,0.002694,neutron,pi+,solid
965,8.8,0.370629,0.556887,0.322467,3.398207,0.617654,AUT,126284.610368,0.090424,0.061070,0.059570,0.070207,0.002454,neutron,pi+,solid
966,8.8,0.376189,0.553958,0.374275,3.429579,0.096461,AUT,656655.033965,0.018855,0.019273,0.017157,0.070207,0.002504,neutron,pi+,solid
967,8.8,0.463449,0.510319,0.373714,3.905541,0.118861,AUT,8141.905825,0.219227,0.205545,0.205343,0.070207,0.002807,neutron,pi+,solid
968,8.8,0.361350,0.561565,0.374630,3.344988,0.308567,AUT,303481.224591,0.037417,0.045139,0.031839,0.070207,0.002459,neutron,pi+,solid
969,8.8,0.429338,0.522024,0.374613,3.698901,0.309045,AUT,108651.524182,0.048052,0.069633,0.053035,0.070207,0.002678,neutron,pi+,solid
970,8.8,0.355938,0.564429,0.423906,3.312779,0.170300,AUT,568891.663167,0.020440,0.022646,0.018574,0.070207,0.002470,neutron,pi+,solid
971,8.8,0.421275,0.529121,0.423912,3.677527,0.186201,AUT,274952.893972,0.029849,0.034293,0.029655,0.070207,0.002684,neutron,pi+,solid
972,8.8,0.377043,0.555490,0.425842,3.445304,0.497594,AUT,93274.190209,0.053543,0.066858,0.057740,0.070207,0.002536,neutron,pi+,solid
973,8.8,0.367567,0.558559,0.473956,3.382516,0.172188,AUT,566185.590071,0.020685,0.022705,0.018976,0.070207,0.002533,neutron,pi+,solid
974,8.8,0.440046,0.516586,0.473779,3.753022,0.195431,AUT,84694.309752,0.057425,0.062721,0.057687,0.070207,0.002790,neutron,pi+,solid
975,8.8,0.380238,0.552727,0.475924,3.457822,0.466431,AUT,110711.345799,0.057762,0.075415,0.055141,0.070207,0.002576,neutron,pi+,solid
976,8.8,0.367987,0.558440,0.524181,3.385589,0.226035,AUT,545268.748878,0.021161,0.024009,0.019719,0.070207,0.002565,neutron,pi+,solid
977,8.8,0.440243,0.517463,0.523387,3.761140,0.226424,AUT,69376.244200,0.063734,0.070790,0.064757,0.070207,0.002832,neutron,pi+,solid
978,8.8,0.372888,0.556630,0.573567,3.416977,0.227969,AUT,470391.853598,0.023058,0.025888,0.021474,0.070207,0.002617,neutron,pi+,solid
979,8.8,0.364849,0.563979,0.622582,3.391320,0.208838,AUT,305751.117516,0.029254,0.031694,0.026570,0.070207,0.002627,neutron,pi+,solid
980,8.8,0.455395,0.568664,0.324351,4.272410,0.171254,AUT,261399.140217,0.031573,0.037275,0.031147,0.070207,0.002736,neutron,pi+,solid
981,8.8,0.504847,0.567876,0.324205,4.734466,0.177024,AUT,53590.439368,0.072950,0.087781,0.075086,0.070207,0.002944,neutron,pi+,solid
982,8.8,0.463032,0.568506,0.374238,4.343524,0.191679,AUT,268584.519757,0.031521,0.037313,0.031596,0.070207,0.002811,neutron,pi+,solid
983,8.8,0.463061,0.568748,0.424143,4.345570,0.210387,AUT,226000.860901,0.035118,0.041374,0.034483,0.070207,0.002853,neutron,pi+,solid
984,8.8,0.462510,0.569221,0.474280,4.344170,0.226876,AUT,182540.619256,0.039448,0.046245,0.038813,0.070207,0.002893,neutron,pi+,solid
985,8.8,0.461539,0.570273,0.523611,4.343003,0.220649,AUT,138044.236299,0.046578,0.052865,0.044886,0.070207,0.002935,neutron,pi+,solid
