Nu	au	bu	cu	Nd	ad	bd	cd	Nub	Ndb	kt2	Nu_err	au_err	bu_err	cu_err	Nd_err	ad_err	bd_err	cd_err	Nub_err	Ndb_err	kt2_err	chi2	ndof	edm
-0.03952756898660359	0.6628270173468647	4.01213858490586	-0.10610660690403914	0.05114483068381226	0.36973473448069744	3.1643286065622407	0.16685822708365924	0.0	0.0	0.16352064057448898	0.0046482304371829875	0.05945415832665513	0.7030665419558315	0.8091564144053067	0.002608274559924073	0.05395671300961549	0.38975263293456774	0.47562313301174836	nan	nan	0.010632872614514774	953.1222383393	1188	5.123804638805029e-05
-0.049922697849531184	0.6582424045807787	2.6289403234487403	-1.3893797047528484	0.03514174880781962	0.23365075449465217	4.817372522290372	5.8640229118493155	0.0	0.0	0.15483716042484974	0.0052552371477399	0.05989333413231668	0.7639366833870328	0.3566929574354885	0.0014666777710542478	0.052173924392598936	0.25145874839819804	0.980343662423299	nan	nan	0.010400836122518409	925.3615773764066	1188	9.635952407323578e-05
-0.0243166142081519	0.5119923351778586	5.55493159468285	5.2082994422777125	0.04642176521161856	0.3729552210819017	3.99366837472525	1.314765012024413	0.0	0.0	0.16533537865545292	0.011461382119518193	0.2464868319476384	0.6876045467559662	7.819286189382326	0.013563881331587369	0.1744183568379622	1.1951786165827674	3.7566943191699718	nan	nan	0.011039713336048418	981.4596490010385	1188	1.8932935084337822e-05
-0.03773358664471771	0.6688309679088176	4.344597874002005	0.34727513580164154	0.05624174066055687	0.4131175659406104	2.7976049709787394	-0.5707331428814861	0.0	0.0	0.16425637740597182	0.022596468638972467	0.1228052859528127	2.6276062450266973	4.6909718039884085	0.01786254378115415	0.05987556699221508	2.237430339325178	2.2774024238721844	nan	nan	0.01091920697916475	984.474816153256	1188	0.00010887735452533309
-0.026089154156504035	0.5797735684099894	5.733418109528131	4.379077614941841	0.039362289854427246	0.35698280082253775	4.881772408146511	3.508018913799875	0.0	0.0	0.16435420293163872	0.0026692516538258104	0.07268947921386032	0.40158506092073054	1.507648927166932	0.0016811606055084916	0.05709155216913636	0.2819766921291218	0.7420174079025794	nan	nan	0.010710820033477744	862.1766267728285	1188	4.989920020610349e-05
-0.03885579509021708	0.6030171740370205	3.5825695238904602	-0.18703528230770375	0.03919826925082748	0.2308785743536263	4.366897532816162	4.0985874251069	0.0	0.0	0.15748118099200648	0.011581311946643635	0.07250514587293644	1.419517072887702	1.993030230744134	0.0026514441139124933	0.06408055739296559	0.3413672940281214	1.466769642477132	nan	nan	0.010667031706347765	932.618892610071	1188	0.000651270792828575
-0.03654198412134535	0.6588447411600509	4.651732687215678	0.3913876353533315	0.03510994904285081	0.16420241741893943	4.37241084786737	6.304836723949444	0.0	0.0	0.1607846930338312	0.006339322212290832	0.06533372081710148	0.8484284353182765	1.4457967654662023	0.0022441918033377917	0.08972533496204962	0.23141823326016286	2.4334223296491273	nan	nan	0.010563478186506492	884.3776255224041	1188	0.0024839382938116003
-0.052540280622659585	0.6313897490347957	2.193585693384387	-1.4633645473619425	0.04029348855850712	0.3132898496210756	4.109545144494918	2.8909640574035995	0.0	0.0	0.16398400582966896	0.005574553837812135	0.05874421680266839	0.6903161906254074	0.29528295325939563	0.0017913941714363668	0.05751681821248758	0.28103643876649675	0.72509975832093	nan	nan	0.010538007793023246	887.5307179852505	1188	0.00011040738038037873
-0.027937640792265905	0.5597283576217962	5.22373596292341	3.02418258240266	0.06116728575678909	0.3176939057774532	1.329446987246878	-1.3969129499866642	0.0	0.0	0.13636372843728986	0.011050945702934578	0.18565463830805293	0.9342125733035234	5.138990363303487	0.011689136990535975	0.10055197273565791	1.4990888246663618	0.7039536909802113	nan	nan	0.010741185905697462	1010.9079365306329	1188	3.673591395780559e-05
-0.04292448156765438	0.6399650937431725	3.3110097692850537	-0.6261548059682548	0.04531167640408418	0.3161819242117378	3.7109604214786374	1.4785716923801522	0.0	0.0	0.1649172494534457	0.015506327584806967	0.06446502081673222	2.0866091146156265	1.9989349174818825	0.011196194083274769	0.17334226534714423	0.9749325853297011	3.4820946419278567	nan	nan	0.010991205942032442	997.7685853205771	1188	4.261716786142882e-05
-0.0304587006186956	0.6526551359849904	5.613974496373873	2.3872696847699304	0.05311034224634925	0.4092995646021003	2.9244052113767327	-0.3456569906354522	0.0	0.0	0.15901180066903214	0.0032853132122589446	0.07144883112285733	0.482772797234003	1.2555283796806913	0.002926827631842266	0.05402169888144312	0.4481763409894608	0.4147250902796677	nan	nan	0.010606485756967057	844.0069502874844	1188	1.7681810434879e-05
-0.038210883471154755	0.6820123381530965	4.640092549052495	0.23805528555005642	0.05551439651612511	0.35954633700126837	2.485470328167967	-0.6449033619895664	0.0	0.0	0.15694762309666369	0.0043397260336726085	0.061089694225779645	0.6634349634722962	0.8986385654257271	0.0031300963750545696	0.05260269327411618	0.5018113691744897	0.39663668603628705	nan	nan	0.010441721296625767	978.2560505444112	1188	7.124773466792744e-06
-0.04224201731166177	0.6207300939154083	3.1439898280394467	-0.6323001003081007	0.0552673308558318	0.3589215269471921	2.5782012714174267	-0.5685020757324406	0.0	0.0	0.1498097207518805	0.011828005300785538	0.06202267089788449	1.6265305920185864	1.5139221925275528	0.016629592122292314	0.05682916676467753	2.233332884744704	2.2833848621329613	nan	nan	0.010605962174961708	1005.195136367023	1188	6.685761967875103e-05
-0.016436474177260574	0.3225100048349178	5.739377550588591	15.137082809581429	0.03657832699666508	0.24703426009232987	4.455155050548755	5.011536500123868	0.0	0.0	0.16386462319787687	0.004923912963625654	0.17017640291039662	0.36595060795800327	9.734454072845754	0.006906484427817494	0.16497472817002062	0.3799552660222387	4.446038192991758	nan	nan	0.010180957762985415	934.1479899933721	1188	0.0009010674744677842
-0.04272848787565575	0.6830001881237948	3.9473169809491573	-0.5868427331761895	0.04607209933109413	0.3474960995911796	3.774559743739289	1.4419125538963133	0.0	0.0	0.16606734782241334	0.008624908933309805	0.07937684263941164	1.3405854937911612	1.2403740365194336	0.030620497562722004	0.4062561376717736	2.306954939182321	8.739193133151145	nan	nan	0.011011167899754842	1014.5205457603845	1188	3.288287141760305e-06
-0.024633831568106834	0.5185880341192202	5.288549521092683	5.020959648891665	0.04412604664280817	0.36346243331309386	3.875803447931006	1.7259004663094561	0.0	0.0	0.16951071696272213	0.0025258561538374358	0.07310513510550865	0.37719607567706337	1.6019101509239324	0.001985937027330298	0.056337744274905344	0.2972936622602651	0.5795264057810088	nan	nan	0.010617161240252582	951.1656849913136	1188	1.0029902287333499e-05
-0.036369859367075597	0.6604262755261532	4.503839861216562	0.32228586860641106	0.05218601434585546	0.399247621975505	2.889030709770195	-0.27351259421423746	0.0	0.0	0.15183437462402585	0.004197105868482598	0.0624590449785406	0.6606691354588805	0.925432931759669	0.002924766506738008	0.05394199048717141	0.4417485603656426	0.4303482847544061	nan	nan	0.01053137378488414	931.2779002415278	1188	0.00014394958240445912
-0.026136735262923927	0.5555842224394363	5.713987361711025	4.51755268879589	0.041185463525760024	0.28349925618159405	4.2394574965179705	2.975586178391206	0.0	0.0	0.16778152826997927	0.002641369171567154	0.07204517071077118	0.3966933079237358	1.5361527715196084	0.001633974771711122	0.05445056390020661	0.2722849966938905	0.705229552592519	nan	nan	0.010667718996501416	1007.579711259909	1188	2.672091435784678e-05
-0.04090589969207992	0.6107404861622945	3.227096300348421	-0.5915496493198842	0.0537065930201881	0.3518600526534925	2.3505089674095925	-0.576195256763835	0.0	0.0	0.15409099531082604	0.012254168287480327	0.06190432858507117	1.7600422389107229	1.6999253557134626	0.009065851547320203	0.05817928667741479	1.236752382809246	1.1878698769858376	nan	nan	0.011193862894415707	1046.9218061907322	1188	0.00011269174277443936
-0.04184309292971089	0.6680938426306351	3.6841125381566253	-0.5669509950570485	0.05072445565263717	0.37959329790273466	3.063564838286327	0.060680815542374096	0.0	0.0	0.15980115668393216	0.004999147105039736	0.05906981329927208	0.79382068285814	0.7024176604929497	0.002759704909603755	0.05452650988083568	0.40719726600910455	0.4773939145636226	nan	nan	0.010609676221592798	946.7739226740988	1188	4.39394509811128e-05
-0.04186695690769826	0.7218095309489772	4.229416080885037	-0.5743503942550311	0.04436524079967996	0.42011993961159855	4.2578636552278235	1.3976641122565843	0.0	0.0	0.14863185194765252	0.00458715883168892	0.05988390992652243	0.7824600599958651	0.678607831025039	0.0022000041652797675	0.059640598906214565	0.3335613744241819	0.6004661950664412	nan	nan	0.010262752210008663	901.47917594048	1188	4.0021801056178464e-05
-0.026050803346814866	0.5644841951700226	5.554089200401662	3.9467417061529577	0.05471692061923461	0.4253064967179617	2.8275002453602283	-0.587086548068662	0.0	0.0	0.15390986275513063	0.011669034926531652	0.21150473493363178	0.8709216449084205	6.427393352870046	0.011769172395802552	0.062116289406624725	1.5694837288060133	1.5028070940526328	nan	nan	0.011188993750224224	961.1703644222838	1188	4.111837200952349e-05
-0.03993064400672919	0.5671661527870314	3.212015342515567	-0.5766072833923283	0.043020431516048285	0.23309074659345014	3.8366231011472065	2.2492034710517608	0.0	0.0	0.14673013809613805	0.008206733453163362	0.06286756545075328	1.314698180055498	1.241769320070711	0.008458807887176234	0.1934587069242152	0.7968697841930488	4.042807070123583	nan	nan	0.010844425888106884	1052.4065305380054	1188	3.54790765126595e-06
-0.04339575274455121	0.7018706967751783	3.795985536433373	-0.6659522337224948	0.05622455595740372	0.43084074247812626	2.73860476211927	-0.572782105112557	0.0	0.0	0.1707771897858093	0.005674330538799954	0.06064222056571217	0.8799800180479733	0.7427616706713771	0.0035698032708590954	0.054212357145722284	0.5092208268889267	0.41920216174855107	nan	nan	0.010838691620419422	880.6365257316932	1188	7.036971194982105e-05
-0.04413460028941363	0.6796762351407453	3.4799197576271457	-0.7064607170580359	0.044860100582465146	0.31391572093192033	3.5980588995420915	1.422903564121506	0.0	0.0	0.1592517594218099	0.004999809623796148	0.05777632018073614	0.7536850076846386	0.6048223917866661	0.002057683667221477	0.0568193439747684	0.31468219181306245	0.6122602576620076	nan	nan	0.010480724932984159	974.8716911640372	1188	0.00018231529336659898
-0.042802517197851664	0.6367736208833477	3.3700040891680527	-0.5971786680755562	0.034018884458361764	0.19299059253862832	4.782931694315722	7.293214828348584	0.0	0.0	0.1639565195719486	0.004412839109856459	0.05300848425044885	0.6788643599737112	0.5783159171367734	0.0014217223281852709	0.0478651541460694	0.2334239844148711	1.077401754870484	nan	nan	0.010384017361051254	1039.227164967267	1188	1.2909184274689832e-05
-0.014999151421482448	0.2443388824604023	5.4698255617215175	17.93136622365348	0.046986514423527526	0.3190737347344127	3.3957904729771005	0.9566213808934606	0.0	0.0	0.16565530517349814	0.0034607143090911174	0.13497157047459704	0.3380986001710573	9.19009114726753	0.005723091264906333	0.07267621923257656	0.6486858121144337	1.4945985299511746	nan	nan	0.009988474431787839	921.4755515813331	1188	0.004040157194386445
-0.027051261701601215	0.5717011449212392	5.379824549564455	3.7880838621235036	0.04198305442316741	0.31004243311454543	3.8067959037722803	2.0888183252507555	0.0	0.0	0.15069996773254735	0.002641426922875112	0.06958582121006884	0.3882075033941885	1.3357975778651292	0.0017713078899168622	0.055257360725937676	0.2840547608552919	0.6211144773626183	nan	nan	0.01015928644464309	1011.0405117281983	1188	5.771615177599816e-05
-0.03402386720936246	0.6772252719712307	5.099329385001944	1.173251330308185	0.05600278527989322	0.4141647711641367	2.5991286916849736	-0.6688926995895484	0.0	0.0	0.15607865186148978	0.011476665002789155	0.11629156631117815	1.2867381878088096	3.229295743042857	0.027378651664475173	0.06490131921605641	3.1912874574050925	3.227349665591977	nan	nan	0.01082674607748417	924.0862879962326	1188	6.343676599724565e-05
-0.023058891772724244	0.4995059900216473	5.638960537064256	6.618892645997299	0.03791902589402274	0.2882676662704481	4.726626705215866	4.681548865068623	0.0	0.0	0.17017824192735836	0.0022632946492189276	0.0716777583053265	0.3569926181211911	1.7869592440728441	0.0015058746116622945	0.05226345220786763	0.2508145279150664	0.8076565801007384	nan	nan	0.010397233273803458	981.1927657838364	1188	0.00010613287371012943
-0.0432952917925401	0.6490320318464626	3.3619906722646267	-0.5990345186797236	0.05108455912549026	0.36684248037623257	3.1858448368972807	0.2563917490996004	0.0	0.0	0.16962116543885097	0.00499569456637422	0.05742530431972964	0.7404605544875156	0.6361204204836135	0.0026584316541408137	0.05446928771516277	0.38526145541874257	0.49612791618997626	nan	nan	0.010574258785846904	916.5005318970091	1188	8.722439314182937e-05
-0.05025988172441409	0.611718472381895	2.1661265447624785	-1.3025799879361948	0.04188571183611045	0.3702942733808323	4.614588630392183	2.9238548896765506	0.0	0.0	0.1843291400057399	0.005811320430356259	0.058086370229026685	0.7088547869334181	0.3536999755031699	0.0019391561759423137	0.0587054800102442	0.29123812416405803	0.7321773250554962	nan	nan	0.010830084093558512	970.2115126171718	1188	2.328008462761327e-05
-0.04285249207735742	0.7156851408241031	4.011164709835619	-0.5432223672763047	0.05612857239065083	0.4654091476786251	3.010598024817109	-0.5860864408401449	0.0	0.0	0.1672740726884486	0.02079918428738814	0.06321711347009751	2.7952695163811057	2.9406915286020205	0.017129514837712967	0.059773824267656844	2.0991785272327275	2.0914434770998525	nan	nan	0.010967001381426908	934.696972668952	1188	3.177198950636461e-05
-0.02494274188239365	0.5304624547705006	5.534577129795261	5.158695301806338	0.04259785321854004	0.3423565944362971	4.345511335479441	2.5610621105997815	0.0	0.0	0.17686045247988136	0.002522128406188484	0.07258134753050718	0.37685341018468055	1.6144681817109887	0.0018071502047420918	0.056271654646038866	0.28686304455220313	0.6612390139358171	nan	nan	0.010811479826033074	898.4303453900976	1188	1.324294041959085e-05
-0.04041288119248665	0.6029004825993338	3.157731496393903	-0.5676368829297228	0.05431387289644407	0.40633483846830093	2.5887893592459177	-0.5880013212392001	0.0	0.0	0.14817515653754404	0.004826155100765617	0.0578826098587798	0.7607743853660816	0.668192313916938	0.0034188782189243927	0.054669499127519616	0.510636098034152	0.4156215509137321	nan	nan	0.010399846813845162	892.2605411582801	1188	3.3184783102839674e-05
-0.030202270090965988	0.5597850062908298	4.729411035245973	2.161731999134376	0.045403077851177365	0.265291741593449	3.1925809002271377	1.2968913195461422	0.0	0.0	0.16267962083441245	0.0031227409450870214	0.06726067536700558	0.4555464984180779	1.1619402242419783	0.0018737249163051084	0.05377360118151703	0.2992822867104996	0.5639801049164068	nan	nan	0.010626897343510647	1001.5482065808478	1188	2.0225876010540176e-05
-0.026949211239518767	0.5431664155912824	5.2235856603306505	3.714968091444843	0.05513230202518993	0.358274710580656	2.423411962138073	-0.597848749164089	0.0	0.0	0.16042998397273775	0.002960722099785318	0.07429188893837332	0.4205209746899956	1.5172308009934534	0.0030384932741021053	0.05235266084661935	0.4757237508783698	0.3813434000981905	nan	nan	0.010551459976168132	1015.5427491599864	1188	6.413020425582438e-07
-0.04348307157316922	0.6424535812038423	3.2286722303031192	-0.7066289484576046	0.04278010964071566	0.3272730065465328	4.076268033283833	2.3437217771428127	0.0	0.0	0.16980522376177137	0.0052537010317774135	0.05617004328565239	0.7791188354254035	0.6350634003771297	0.0018831454754495436	0.056871787737872104	0.28718403219263644	0.6685109154966887	nan	nan	0.010646350560936296	934.3445572787073	1188	0.0001858659398146863
-0.026013753031698394	0.5318255401266716	5.27280136976617	4.333163592419828	0.04784837310227186	0.35372237922605565	3.4887757232403693	0.7964974193746835	0.0	0.0	0.1691330222589094	0.002675291738287233	0.07240878906441411	0.39114786771650323	1.5096208660012975	0.0022032851035505008	0.05479112381835127	0.3334770745270992	0.5138912703404643	nan	nan	0.010521013572859339	959.0939084737256	1188	2.080455614628706e-05
-0.02522479227804142	0.5512787457780404	5.6227593505029265	4.72761385945273	0.04508695991982847	0.3737675518454437	3.853481425686474	1.300543353668428	0.0	0.0	0.15567143328818808	0.013623623751371938	0.2881990162608547	0.7679339176062303	8.42008914718978	0.023563643479171503	0.2979279493390571	1.9367731953815315	6.497990544134208	nan	nan	0.010841945449510462	1009.1061623081977	1188	0.000160574594148674
-0.04235910847829771	0.6699789898333554	3.6807781066023093	-0.626314812306376	0.04968053434248754	0.3239470214219964	3.106034822507887	0.14957698788315138	0.0	0.0	0.13922851177076873	0.01336600318177511	0.06496890446522874	1.9450283353590885	1.8456265410973107	0.018335350459235844	0.13539976205544776	2.280389492726398	3.909337795075889	nan	nan	0.01029677615396693	938.6486501333636	1188	1.0286295790050559e-05
-0.0348289817062597	0.6757697126974922	5.021941693978135	1.215221412524922	0.056671135355480295	0.4215618763596188	2.866092631528825	-0.4766455084620368	0.0	0.0	0.17841341201253297	0.003955401801862324	0.06673917221349474	0.5542047630552172	1.0749072661417425	0.003228028687141893	0.05293171907604338	0.4685157253212757	0.4037866076385359	nan	nan	0.010696340011203564	968.0099544186066	1188	0.00011987253423649122
-0.04248087769314124	0.6200702899397441	3.1955168091184905	-0.5881517666201522	0.05631693652939873	0.43472244271520766	2.926639088205591	-0.5487586804050766	0.0	0.0	0.16925177650797563	0.004308570035658488	0.057817298719482824	0.6708914595764346	0.5525621149228173	0.003439168916955948	0.05477645896877259	0.5111193703381525	0.4259618205818614	nan	nan	0.01064165664957098	913.25937865965	1188	2.086806916913092e-05
-0.032444854053989225	0.592247844897468	4.7146734133711155	1.395439712043766	0.05383984896582805	0.3003154810538544	2.3610904959682437	-0.5017336045153801	0.0	0.0	0.1540904616572168	0.0036461143624859638	0.06737642007406552	0.5469362117573451	1.1346711604374635	0.0027012141939858347	0.05087245049170391	0.4607683444028412	0.40210523256260194	nan	nan	0.010400387571648337	947.1042142653346	1188	0.00011581930873712053
-0.024697665550755254	0.566284023341451	6.109734455462046	5.116374394092868	0.03600366004832378	0.2906591184743875	4.832666732454335	4.9591487335114595	0.0	0.0	0.16056791101336482	0.0025073312272665405	0.07383318923544838	0.40437067832971874	1.6497199377768956	0.0014764524974514304	0.05373838585516147	0.25841122409827255	0.8494975231939462	nan	nan	0.010685869800992773	962.5684238767301	1188	9.872195491166303e-05
-0.04198197567015172	0.6963681599782218	3.9290336103971297	-0.5501619118230747	0.05659782458654239	0.4844217653365132	3.0742354328080608	-0.6412592942611491	0.0	0.0	0.16569151419266992	0.013075684089672579	0.06350357519380434	1.8968863273641656	1.8921298822982222	0.019400788139244063	0.06242009384816399	2.3727018760363046	2.2921321380726885	nan	nan	0.011216366528381344	946.9488391922646	1188	4.644731552523955e-06
-0.03937008863503577	0.6185103649502142	3.430226683581761	-0.3550037255105759	0.05042863636345385	0.4070165659066266	3.198384025538595	0.02580603083663948	0.0	0.0	0.14959902099942415	0.00481780255561276	0.057550734320159	0.739563994844447	0.7513938624608724	0.0027748857070021282	0.055121966196846894	0.41305825415880437	0.4709839730728913	nan	nan	0.010424463519368363	997.6723359112427	1188	2.0412418875307118e-05
-0.050062757262471225	0.6158705764855269	2.225721293545271	-1.4035267011665717	0.03950789309755098	0.30566208064554806	4.598356859986486	3.5536561956772554	0.0	0.0	0.15967514620350687	0.005408359367597815	0.05912842681732072	0.7132770925802638	0.32374818064451877	0.0016881226085246892	0.056662143666966924	0.27701385100381426	0.7913636153766404	nan	nan	0.0105319581939297	937.281835711264	1188	1.6917757012133166e-08
-0.043050286738161914	0.592551473376502	3.045930513840629	-0.5798778730742264	0.04678116412440669	0.2977280604363214	3.433161755063332	1.1860986610147979	0.0	0.0	0.1667347002069149	0.007207158415951154	0.06211252865419403	1.008843440406911	0.9209775107049041	0.015843222058167017	0.21769509418804997	1.4663311382226238	4.605192171910193	nan	nan	0.010802349002222267	1034.0705026055643	1188	0.00018960936552448726
-0.027599691581578156	0.5797554467334589	5.333423518522614	3.098798336953111	0.054024060472930735	0.39915466212249523	2.6786770226052585	-0.6335636137303848	0.0	0.0	0.14474910388996015	0.011797001303157861	0.19080627299314548	0.9977371090918803	5.528913272912342	0.01666710167181007	0.062453132386712795	2.24617367894683	2.1785242505692293	nan	nan	0.010861924044510071	941.1990484035546	1188	0.00013804317704027715
-0.028710388991957436	0.5630513057398461	4.624089012703126	2.719203803829259	0.056878427553416655	0.44995300747765865	2.6657692995452797	-0.6523760144282255	0.0	0.0	0.16925623738659623	0.009498421281980973	0.14527725360372146	0.7876059512355396	3.8534076713695202	0.020612799099806733	0.06214668366934284	2.3558756616666603	2.2662842784982007	nan	nan	0.011211511200570137	959.0732425385395	1188	6.98243706983913e-05
-0.01941906902527002	0.37831287829709204	5.3774877446552996	9.68993038308633	0.0395851782586516	0.2995779423464215	4.249306209986311	3.3439919092413923	0.0	0.0	0.16071444023921347	0.0036305405945070146	0.10889527346482109	0.36116428653051846	4.662261416725393	0.007255436105883306	0.14467448633142305	0.47342127013622837	3.4060901314706906	nan	nan	0.010426763728396224	935.3993975002832	1188	0.0003851775218663238
-0.039842932884894156	0.5862879928125714	3.220582184291114	-0.6057056166818806	0.042326151833067316	0.2614644997973771	3.8568948017052667	2.2341054038920256	0.0	0.0	0.1495108967354881	0.010937992742729885	0.06562278557121998	1.6947567061103475	1.6092484251640247	0.00983885344937474	0.20702928835731954	0.824658496601719	4.269034857554624	nan	nan	0.010961847282871626	929.9662644229967	1188	9.048826639072059e-05
-0.02947216358770366	0.5979459248114202	5.0227606692374245	2.3844284919011827	0.05597912558000262	0.43885130495014274	2.893824447184258	-0.6146903248340604	0.0	0.0	0.15739819242006575	0.0033349808697566985	0.07238461588353928	0.47007504522357646	1.293591204072427	0.0031893491847720945	0.054636772444074305	0.49173695670337625	0.3848918157588499	nan	nan	0.010407820923712771	1040.2811131288	1188	7.636395309229497e-05
-0.027027459306497192	0.5526335828003968	5.392924165455043	3.8937003842192293	0.04600622284240119	0.3125657019369109	3.637173380598803	1.3285926988856007	0.0	0.0	0.1590375916061565	0.0027565920744664907	0.07149754035155637	0.40760208958866073	1.4409521431859946	0.001908623236005158	0.05397474654432144	0.3035547840508286	0.5537037613013508	nan	nan	0.010411031615117361	968.6713762006359	1188	2.029133362771263e-05
-0.052320558835316056	0.6109080083739362	1.9722726930066026	-1.3749320939661753	0.03983314031488128	0.2713334901894749	3.9997348392319236	3.248197544790234	0.0	0.0	0.16786295012216798	0.0056926298464309855	0.056783940268742505	0.6342747564741888	0.2909371072266834	0.0016757429666552914	0.05547938721955986	0.267401044512249	0.7540575782942959	nan	nan	0.010546529705091956	957.034411630731	1188	1.4507040668427158e-05
-0.04226372762068076	0.652318400912314	3.5690806569552036	-0.5740264655899519	0.05652101474573801	0.42866226068677044	2.7761328776736596	-0.5896125260141899	0.0	0.0	0.18229422389842082	0.010110422546940834	0.06207410695196092	1.4674079302605691	1.4030308748871823	0.0230279932036217	0.05949006473556995	2.7118990183529186	2.7984352462109645	nan	nan	0.011514217021534934	916.7454563093174	1188	0.00019424031787051586
-0.027823195961054092	0.5430254314005898	4.782677449259155	3.083677599619559	0.04318895525955191	0.34125067248721597	3.7748247162612323	1.7827972434835742	0.0	0.0	0.15629888676110232	0.012630821789492264	0.22690783662579161	0.9110111558662211	5.7443636490487755	0.022192944148044735	0.3289658875123856	1.6194433441904497	7.039014603294492	nan	nan	0.010830839257253241	1007.2201206957718	1188	2.8392525203982398e-05
-0.042370247291330876	0.6930044207596442	3.79050918857872	-0.6497420030999563	0.05546051911254857	0.42304840401970945	2.734094274031759	-0.5944996632166429	0.0	0.0	0.16317739255169117	0.005710532797467638	0.06107071434815364	0.9063630915417433	0.7767139284035132	0.0033638182918809267	0.054950085353883654	0.5045575539679008	0.40393512922601593	nan	nan	0.010769740649171008	957.8566714991573	1188	4.853897990928126e-05
-0.03724942523186037	0.676100106185552	4.468700834834392	0.49958139681466013	0.03570904549997023	0.2521667563837659	4.5624513535018805	5.31127449186664	0.0	0.0	0.16717198231551395	0.005242164647354275	0.055179563534416276	0.8122376152492246	1.2205428506442333	0.0024414918928737928	0.09459887095274613	0.24668633563525155	1.7329697032074816	nan	nan	0.01012504918554366	962.9991828281676	1188	0.018584400263293194
-0.03831286261629019	0.6211723848322913	3.704831522534767	-0.07152296963121	0.05485504158153298	0.39125680417699604	2.6292869100620875	-0.6037299797736027	0.0	0.0	0.1548201877094601	0.020247217688838137	0.08345633794617802	2.570684039692498	3.646830681890411	0.02954884702462901	0.06022438669241739	3.4800978901216295	3.8242469673806454	nan	nan	0.011092241531039285	1002.6570802831685	1188	4.460299600057876e-05
-0.02788911090376378	0.527316029659314	4.594917915799253	2.823462191094494	0.0549245322071128	0.37531362476714697	2.421372478110706	-0.6149213514908373	0.0	0.0	0.153207701028047	0.009754443859046613	0.1562078503281157	0.832675690960079	4.258844909666318	0.028635311353463977	0.06030123964938883	3.3034183112671043	3.5587619062404117	nan	nan	0.010985520439969351	990.4543142431066	1188	1.791020366477551e-05
-0.05016988628402874	0.6600279293792286	2.7058554558572023	-1.3255093215320422	0.039697099232358646	0.31068504178531836	4.644824257930188	3.729043789694667	0.0	0.0	0.17323995533577574	0.005542625091925102	0.05949836435531264	0.7882865129061611	0.39502548623076944	0.0017244059853647187	0.05705855534385623	0.2777061967722094	0.809547482335279	nan	nan	0.010718615933997089	929.554652718077	1188	8.819211411154398e-05
-0.04135614384353259	0.6167140812165193	3.3703214804496238	-0.6030233821181997	0.047138954139268385	0.333212675454416	3.6156586371459176	0.8330160584863637	0.0	0.0	0.15432082233022706	0.004798921866596084	0.05616085585371089	0.7730121996655663	0.6722597358446639	0.0021982204860392374	0.056731117091206984	0.35212439190317624	0.5681994095883894	nan	nan	0.010583677952736875	921.9552320043961	1188	9.218337660866647e-05
-0.025068391733261586	0.5454457412886378	5.601950814778033	4.846990537211176	0.056799093632825315	0.4549884723873454	2.9820184407619035	-0.6035988431214703	0.0	0.0	0.1666570839436758	0.00944334150926901	0.188973817842456	0.626327054047715	5.8791772810094995	0.007221320005426635	0.061632374053854744	0.9624158511171237	0.8715567588719684	nan	nan	0.011117055391071995	965.2791770041779	1188	9.750847186868676e-05
-0.031355786020102694	0.6173214672543038	5.0030586854430945	1.9892740840935537	0.056203007192265675	0.3851053338184801	2.471177418215863	-0.6284378247555193	0.0	0.0	0.16546494066425438	0.0034325402201625943	0.0691381704619608	0.4867049817444564	1.1822780750393134	0.0032593278461804376	0.052420173550590504	0.48485439685932086	0.38227855670735167	nan	nan	0.010549922155584701	949.6556912118508	1188	9.051442428821854e-05
-0.032002933020776725	0.6401128904549132	4.929131623380874	1.6525174755409133	0.055756933686769594	0.42925748707502565	2.8143111321091974	-0.5816616655326318	0.0	0.0	0.16588360741060965	0.013230400769459971	0.14864157666546796	1.3419494703156847	4.220230098574611	0.026873933342611345	0.06094526294154862	3.1286165256424594	3.3519538353758693	nan	nan	0.011013531231776827	941.307063431042	1188	9.455354381797499e-05
-0.025909076248885277	0.5542460017483775	5.398714419563214	3.681002823142739	0.04492341144106282	0.4323974056884223	4.252178350799738	1.2403213015841779	0.0	0.0	0.14580819581723817	0.002693695553937503	0.07329974474817025	0.4207922937690678	1.4405471745486307	0.0021182371381232024	0.05809041040458526	0.3289407390904284	0.5483202297429688	nan	nan	0.010395046261518923	963.3725906191963	1188	0.00018336599024536458
-0.04197431790052153	0.6260342839994106	3.3148766334963753	-0.5627403838473384	0.05155097979947354	0.35999119299498156	3.145570994070428	0.11308505759282411	0.0	0.0	0.17305635770572209	0.004861339051985436	0.05752663293903537	0.7447683924278039	0.655844970839682	0.0026850320495770408	0.054479064727649545	0.4078048683877471	0.492519568979762	nan	nan	0.010756741071259651	966.1262426499989	1188	0.0001870593450550163
-0.02584566817195144	0.5313107740854461	5.161436480700826	4.432423528314629	0.05679277780497327	0.4048216989526166	2.4898506978750046	-0.5948967469274198	0.0	0.0	0.18182550951636706	0.008393374204409665	0.15991279617488047	0.5952301604827666	4.7183838046104585	0.007308357842812807	0.05941242828902138	0.9050658371168652	0.8245784666809871	nan	nan	0.011335054997700711	985.9577682806814	1188	2.61790304557284e-05
-0.03382362643176129	0.6420765894861034	4.621967337148744	0.9960880201664498	0.05602318213370405	0.46497253553762274	2.9623787505605796	-0.6060033594380722	0.0	0.0	0.16092012620675833	0.012441180998866763	0.1162478489000045	1.422361156514925	3.3464258426814117	0.016557188357623986	0.06155300877717809	2.039307051624622	1.9924691710861797	nan	nan	0.01100184105699109	988.8243713309154	1188	0.00014128764058496653
-0.031803416243162186	0.6730802162879763	5.545648212253676	2.01083708438195	0.05409268414610624	0.45370093687922786	3.2775802422981224	-0.2897933721676238	0.0	0.0	0.17553892470533822	0.0034747053004924866	0.07052077053024419	0.5002259682326096	1.1954323048664302	0.0030276078229953818	0.055537819969315394	0.4542437115078364	0.428696482684836	nan	nan	0.010983989729896504	883.0521950364105	1188	0.0001950759123945369
-0.022036487447107844	0.4450910221374447	5.515294582112357	6.876014054206468	0.046110596212270316	0.32024327085748233	3.5670882948359632	1.1357398811104271	0.0	0.0	0.1596285511549256	0.0022250112529031973	0.07487555218152517	0.371864728673867	1.955218840992778	0.00195417227568484	0.05443031712535343	0.3120142424421539	0.5375203807848299	nan	nan	0.01064931789370678	1020.2227227463922	1188	0.00013667276185363108
-0.043783611500784025	0.6430715144823727	3.3563953047784825	-0.5962889608782942	0.054547551084290546	0.3320181187316458	2.4587885089058537	-0.3329105640219574	0.0	0.0	0.17200509511195228	0.005088596692918335	0.05662629354145443	0.7473021966007707	0.6455113330945662	0.0030549621539446292	0.05084537621011326	0.44716472124431283	0.4358730928445977	nan	nan	0.010533297485932194	891.9691536507298	1188	1.3979152484209123e-06
-0.03951997995987133	0.6960607375937558	4.507672194901366	-0.19670263351356268	0.0545047608575997	0.37000072142393065	2.6176118037952056	-0.6284567786803601	0.0	0.0	0.15325475529685492	0.004842058850725139	0.06112327334271944	0.7982997137478327	0.8816978358878357	0.0030798200278687737	0.05414519937908682	0.510385592630036	0.406592203288566	nan	nan	0.01061884173954225	909.2694071388588	1188	8.582017438723187e-05
-0.041617611047738756	0.626160034152017	3.48713414501854	-0.5745172055990104	0.043469579316600004	0.25609936138144573	3.698890129171548	1.9500103190511278	0.0	0.0	0.15247563998599106	0.010029680783239736	0.06285607631397533	1.4966962203034933	1.4372561248383815	0.008165239061350582	0.16440946425979958	0.7560282319075333	3.316185440741721	nan	nan	0.010911290596306203	947.5950265129619	1188	5.2837126083773785e-06
-0.04155943198230694	0.633696997077497	3.556939813942285	-0.5694081957071525	0.05492732281348833	0.3630281085131124	2.541135547255746	-0.5801570800403018	0.0	0.0	0.15509539437327657	0.009100897379804296	0.0610007768225283	1.3788118607498563	1.3148218056970626	0.017354475179654605	0.05691942978180878	2.2994110408616666	2.337556813806412	nan	nan	0.010767308497888803	947.51660420709	1188	0.0001318976660545589
-0.0324166548210747	0.6108050522420152	4.653200231031933	1.4426654594828443	0.05240986979607465	0.37944516634956776	2.8022948818241207	-0.2615584273343838	0.0	0.0	0.15411968736239628	0.0035287545544433474	0.06630050603256571	0.5052641176914734	1.0685381540949193	0.002828658491153546	0.05312344329412186	0.4309775165340801	0.4220353011995649	nan	nan	0.010390726841922243	952.61353985783	1188	6.013103600570769e-06
-0.028472753348318003	0.5591942844235059	5.116671394163371	3.0920690151102073	0.043714404875246915	0.2955170093425484	3.9179333573225827	2.0200026655524344	0.0	0.0	0.1626989951314428	0.002845181856643564	0.06864116374459808	0.40474150491591177	1.2729043893580327	0.0017772571701988316	0.05495210158847236	0.2902591476760261	0.6307670404403122	nan	nan	0.010494227074548168	976.9486301467196	1188	4.2018889287010326e-05
-0.04196445187588205	0.6758255717338562	3.753644891858902	-0.4504972756683087	0.034489259275648276	0.25542155508690556	4.787867238616363	6.2572945702931095	0.0	0.0	0.182262483975499	0.009699601055057794	0.059069854832587365	1.3549480166712793	1.431643718958298	0.002198524154605863	0.07577220160201456	0.29510960930317287	1.5532781971162242	nan	nan	0.010476045888857213	916.7124072905001	1188	0.004302591304559405
-0.04237159039809468	0.6637069478682609	3.6757043780106873	-0.5982901595398143	0.05112414079154526	0.38793464680288925	3.266607892222501	-0.03107395772699959	0.0	0.0	0.15197194258528768	0.004320925709024981	0.05859387398611737	0.7128191241813449	0.5943991000978253	0.0026999240916392164	0.05512358751393681	0.42716127119514824	0.4765577994027515	nan	nan	0.010357492737201296	953.3894648756072	1188	7.93204104032058e-06
-0.02250285377279282	0.4497209408175711	5.384725102622857	6.524844236863193	0.03898250927224112	0.23960025553353043	4.263320494667321	4.005039690924453	0.0	0.0	0.16267016841541315	0.0022215338863152967	0.07249388275548832	0.3583926329038487	1.8405065640128184	0.00146787465323317	0.05110343231957476	0.24901328958917457	0.7686331973146708	nan	nan	0.010670398637752113	987.1172208536752	1188	0.00017369138340024332
-0.025710331194518043	0.5667959151504652	5.483430822775327	4.441202593432795	0.056074560091834647	0.45210719965893786	2.919341971731617	-0.6020022460911361	0.0	0.0	0.1611734947988518	0.01785610399707649	0.3197877871257566	1.0757980064739296	10.226066827905086	0.01266031157577896	0.06513822974986361	1.6045155265109168	1.538194999709624	nan	nan	0.010994603398472982	947.7312652411741	1188	5.6196119970551446e-05
-0.04266021946952947	0.66680635548148	3.6038251829867862	-0.6236208751061815	0.051323531864783334	0.3958794313407514	3.266220481588559	0.053232002600403436	0.0	0.0	0.16062439590295602	0.004910780251031532	0.05857374362688772	0.7745977348091406	0.6564659158946438	0.0027640740229005756	0.054747402340042245	0.4113836177782848	0.4810404260742417	nan	nan	0.010621456544011212	972.4468382052961	1188	1.317562080776888e-06
-0.04488289645957699	0.6799369017796687	3.484722237915434	-0.930750158296281	0.046058890645470196	0.327175137706264	3.921022902652205	1.4267078937470692	0.0	0.0	0.15645244932565897	0.023664071930555364	0.09391580942021976	3.313353383953341	2.7211682209100228	0.012415321678641122	0.18297672719970973	1.1292415805405334	3.8537828674566437	nan	nan	0.010731598181154309	1070.899058572103	1188	8.897383660563781e-05
-0.04260468705089182	0.6701766985853886	3.8241303496350776	-0.5928699387311064	0.04344494312199165	0.3046196103048103	3.996824169004646	2.1547127221447733	0.0	0.0	0.16025840757558688	0.007913949098142636	0.06671712862403323	1.2267925859815498	1.1253688778918831	0.011399252715215247	0.2112148643509015	0.8407150816314011	4.286957108172565	nan	nan	0.010766375032317213	978.7108366417309	1188	8.993667593407747e-05
-0.042244631574287816	0.6337507026601448	3.347154464195148	-0.5839063688727584	0.04483057469845986	0.3003024144961714	3.404486078455417	1.2608699756493382	0.0	0.0	0.1528699182288697	0.011296254011530837	0.06430740189248596	1.5803385092092013	1.5172594552128473	0.01361406017718636	0.19784148759038406	1.2558994706031372	4.086696454919393	nan	nan	0.01085654837908924	954.650288517348	1188	8.675169891767142e-05
-0.04335143492936444	0.6138145236648906	2.9724377805428803	-0.5978597181532188	0.04941317764517272	0.3485066394337542	3.115285622412048	0.3991784082927611	0.0	0.0	0.17017837054675186	0.01049280160859234	0.06488880995731294	1.3484424307483849	1.2625284285318241	0.029512641275546314	0.23676544433535768	2.882117525714497	6.077536308161355	nan	nan	0.011107759369772471	911.6833191358386	1188	0.0001107025318786215
-0.0433284638632222	0.6457282986029358	3.381094234110887	-0.5978018382776631	0.043983930279474004	0.28105565059332677	3.68293023351562	1.7484367164929773	0.0	0.0	0.15537290208433632	0.01081709263666586	0.06248200289573008	1.482903596150392	1.400732607503757	0.009363388899755964	0.16766148601314296	0.8452710114628603	3.382172904346236	nan	nan	0.01073356702609754	945.9884829088685	1188	1.7107885783163798e-05
-0.055867342672375475	0.6176052529843717	1.868862038173675	-1.5904452907414264	0.037445180110078136	0.2263695359669074	4.277247396270422	4.558868384521147	0.0	0.0	0.15673754534967366	0.009880368787690552	0.08763665683025867	1.0890323436592502	0.3931762728663714	0.011396877575286957	0.31482206491960424	0.5212105124768935	7.87305833236858	nan	nan	0.010865796076569428	976.6672219922343	1188	5.957906118494736e-05
-0.042928350512086766	0.6028599641352492	2.927030379387796	-0.5837132305172	0.04541089073768867	0.29620068935640864	3.570791707057742	1.4404451802088782	0.0	0.0	0.1589522392298147	0.01578106121692263	0.06177746782582011	1.9605835278235275	1.9340283664962714	0.013274996105007486	0.20189740841719264	1.200459130960857	4.217204793188007	nan	nan	0.010670359780053054	1045.5798837147875	1188	2.0132284114282874e-05
-0.0318976506412354	0.6862650858006025	5.609029598874451	1.7410775760127277	0.0552757498176466	0.4571490822389018	3.024569815395941	-0.5965140470796693	0.0	0.0	0.15732751163239186	0.017271780433568307	0.18964561288921222	1.803339393619429	5.82154616478311	0.030173669381062918	0.0648143978042445	3.50694674560458	3.824782473015216	nan	nan	0.011160296006521242	908.1056039537577	1188	4.873827236748533e-05
-0.027752793052248648	0.5747596420984915	5.406880571335381	3.452183437240578	0.040020539318800674	0.2979864916491178	4.619803424434758	3.5324344461590496	0.0	0.0	0.1593227664572647	0.0027909017712157147	0.06995956637812817	0.40982137609041747	1.3436802371048295	0.0015992969871422291	0.0544567246419945	0.27076522749678755	0.7487963545454539	nan	nan	0.010437443180070227	893.761419952674	1188	4.511565369968488e-05
-0.028757147400221283	0.5774610142854107	5.026274860535146	2.8559002932127577	0.056168777967099404	0.43975007685624906	2.9628371071592285	-0.5899961562640559	0.0	0.0	0.1600904912523283	0.00980151902754045	0.15140909581857104	0.8358787792704483	4.170832864337334	0.009568958492482404	0.0607110351616357	1.2732113243223484	1.2074782141811344	nan	nan	0.010849248687130664	887.5576269353962	1188	2.5013387092105167e-06
-0.04247727914396182	0.652959349245308	3.5252027358719964	-0.6139617657634087	0.05560424619579796	0.3702430539110207	2.546503166512921	-0.5754674190882799	0.0	0.0	0.16904348655957785	0.005252269512822039	0.059183879586154564	0.819096747690357	0.7068436646541919	0.0033118542835500753	0.05343633155650723	0.5084774593421864	0.4216661995965832	nan	nan	0.010849876743828799	934.4489171964202	1188	8.487474543862152e-05
-0.027654737214935943	0.5736701459284914	5.260200031476777	3.357847189374116	0.04131678029184416	0.3332042134007046	4.366919566827711	2.7462330260398615	0.0	0.0	0.1638987470852537	0.002840820100616037	0.07088328214531026	0.4112908696953017	1.3413316936099788	0.0017432114868422	0.05638790386847295	0.28364307449144777	0.6806753644267297	nan	nan	0.010531749060398929	932.2130985442544	1188	1.732554514810808e-05
-0.02927276230495468	0.5865079212580425	5.301304592258687	2.7383661792142866	0.0438347795790297	0.28245234502429195	3.9233829291471043	2.0454860311704954	0.0	0.0	0.15752698411400912	0.0030059347154563487	0.06955498457427373	0.44487939403762544	1.2674614332724168	0.0017212059359805743	0.05407897879727644	0.28697532121885905	0.6303416921260057	nan	nan	0.01043856077886074	910.8404717726178	1188	4.052999080695682e-05
-0.042067653787858594	0.6761716036631138	3.7258853321268637	-0.6173735132751885	0.045744904027311684	0.349893069292497	3.694254620595922	1.08004432803266	0.0	0.0	0.15261536837170742	0.012305359955357253	0.06986718876775327	1.8172286240913935	1.7175829935804958	0.018408007658549108	0.23550743317877504	1.6771638509303488	5.017071381107146	nan	nan	0.011003487270843645	959.3246534625064	1188	7.573804078841601e-07
-0.04216626569229509	0.6776606774272723	3.7325132130644856	-0.6000637684799757	0.04606040261301092	0.36604513807860267	3.950328909722052	1.0963136493041201	0.0	0.0	0.14041581928313113	0.004639119870081365	0.057911106788615496	0.747815249076287	0.641254897380712	0.002141840739567802	0.057053027312809396	0.33687732649207813	0.577358984440591	nan	nan	0.010164999016606155	1026.6278431482672	1188	5.5286102886414895e-05
-0.050719816416752606	0.6081769816552316	2.1526466333836716	-1.3950649057201525	0.04124241897639824	0.2588422117121743	3.8915753670961015	2.560695641447128	0.0	0.0	0.15081372283180083	0.017116619517478393	0.1206263806522386	2.0948676958108607	1.006679491293222	0.013415460547152036	0.28141793072875926	0.9947732808748779	6.156084752486678	nan	nan	0.01083799025920662	954.3558259480228	1188	3.432234913993408e-05
-0.043352953923201376	0.6728229633484362	3.6639201735059035	-0.7506684259293117	0.045984737045996704	0.33854961041562126	3.882217567772333	1.47578718640317	0.0	0.0	0.17559747473075632	0.005005961472099751	0.05898691851924648	0.8221933523697698	0.6476963204922314	0.0021301057541026625	0.05757849586912492	0.32203479635717347	0.6218464712513425	nan	nan	0.010886816627352816	1052.6167619381624	1188	0.00012184801444160587
-0.031235877143078183	0.6148085706705045	4.715456686164564	1.5784298606369351	0.05466326819253675	0.4630771878626457	3.038106005131338	-0.6250135685541139	0.0	0.0	0.14623709622273218	0.011246972159695667	0.1335262983165011	1.178598153534561	3.6275335836109197	0.012791103756178202	0.06273921496010162	1.708809700117786	1.616068080185467	nan	nan	0.01081471026952062	1068.416264033454	1188	0.00013065176209350906
-0.04235021558102525	0.6820005357980492	3.772522074690863	-0.6391245000108968	0.0490014185282579	0.3801213077920434	3.588089536280762	0.5355265684821872	0.0	0.0	0.15931250789200918	0.0050174213119212885	0.05957199557943921	0.8137671007954599	0.6896509626771615	0.0024514792802169394	0.056077590299526026	0.36948759968036615	0.5273491769790984	nan	nan	0.010434192410938098	926.0326893188202	1188	0.00012881555569727358
-0.029368389385126314	0.5558878872625633	4.902264875986798	2.7741443164322885	0.04537941081235419	0.2999140404551293	3.8479587679445593	1.7689642275843616	0.0	0.0	0.16901826993964736	0.02017295248799217	0.3063752603741997	1.5380558951891943	8.476610236244662	0.016511313592127985	0.253345566460499	1.3911464747509608	5.646751242060086	nan	nan	0.011067322252299852	944.7347967281203	1188	3.8488058383909735e-05
-0.043601111855641195	0.6687531886363359	3.4368280831485842	-0.6374042481979614	0.04127927974931289	0.3335806307108808	4.489367037210748	3.0991753036909957	0.0	0.0	0.1707267855096714	0.014089766038301588	0.06661775957189359	1.8882945694846005	1.7715418395325875	0.011605799972703279	0.23385264000926492	0.6313673526256289	4.963990929652328	nan	nan	0.010876193673092296	921.6293043164613	1188	3.312738687884391e-05
-0.043711339214052014	0.6987630241348382	3.9250262686217168	-0.7615565323844995	0.05632197574907449	0.4057843614801417	2.972421778128105	-0.580391069963557	0.0	0.0	0.16603213525843796	0.03001483507042324	0.07438049206812519	3.995122122272229	4.008248373315108	0.009817040256127174	0.05872984983432841	1.3894616547277432	1.3395327750295896	nan	nan	0.010965443167464645	1016.1793607997332	1188	7.293771729897717e-05
-0.0419380488459028	0.6305161131221986	3.607298411058202	-0.5633556640026279	0.04491850157772137	0.28933605921803296	3.6971854217071276	1.614682985299684	0.0	0.0	0.15882745607071336	0.007996641464769194	0.06317542607098942	1.2338534510944654	1.16428943722766	0.011682387353809442	0.19322516790894495	1.056117546409774	4.006134113952468	nan	nan	0.01085932507773256	933.2456691957075	1188	0.00012273792886487145
-0.026215601955820178	0.5383417599194975	5.370649430531779	4.0454097061983	0.04229834769357854	0.31777576735935104	4.173419245271971	2.5625556194893626	0.0	0.0	0.17411697597257775	0.002714819669810409	0.0726249228648101	0.4090198604752371	1.4959919855097723	0.0017617430108594068	0.05556383476223037	0.27956446541147706	0.6642332905043069	nan	nan	0.010850716302261365	1013.1399755359639	1188	1.91435577586323e-05
-0.039319333641872234	0.6664394254307189	4.063482311539392	-0.18844762628617612	0.055661704427862446	0.39869508247951607	2.671502123956876	-0.5967710317708027	0.0	0.0	0.17141619917426218	0.030084556308538124	0.09044353597812443	3.7325315763684572	5.292255279423334	0.007954100684164911	0.06054425232231603	1.0820606877609371	1.003185966694584	nan	nan	0.01133876045550855	872.0226945077284	1188	0.00014273598477636073
-0.027034771288512616	0.6118894003042452	6.112630840913209	3.689609786314333	0.04188264036963685	0.3178035426579611	4.148599606701145	2.0069758553098462	0.0	0.0	0.13442598804537065	0.0027675132197461094	0.07323487525333433	0.44393804755660904	1.4484435230456134	0.001712299996795008	0.05592345469809207	0.29249781045668	0.6269927365236141	nan	nan	0.010119123571266486	1034.5672308759144	1188	0.00013183413638363865
-0.02607407369282866	0.5439731784791013	5.594260920653391	4.345944763816036	0.05536348329091223	0.37561449236232913	2.671308340791088	-0.5967465234815634	0.0	0.0	0.16222506123740205	0.008955246091477076	0.17186093146692255	0.6626640664581389	5.18829073417153	0.008990403175759276	0.05949737693251897	1.2796265545256678	1.209892595552308	nan	nan	0.011069725418115559	955.4908925015608	1188	3.0187946765239087e-05
-0.042147973094117	0.6115992713556908	3.2706558708354794	-0.5620454262600363	0.04738722281402752	0.3116185573641257	3.2751795634538796	0.8495092621175715	0.0	0.0	0.16154276246239152	0.009437013536245542	0.06388703867573459	1.341280268784165	1.287406726491139	0.019351736223067184	0.22222380822972854	1.89716163351731	4.977627432652819	nan	nan	0.011011666601910775	966.0823411575738	1188	3.70354092096891e-05
-0.02785279945836383	0.602898474277497	5.60193026413873	3.245349423109049	0.05694976035162491	0.47602783352772415	3.2083166386983786	-0.6265152284393163	0.0	0.0	0.16630814697152307	0.012740113326230429	0.20123525945854967	1.063166398371533	6.036768288726458	0.022836154306860368	0.06433035502990173	2.829949737719362	2.8443744910590847	nan	nan	0.011215889590535627	958.1630027244939	1188	2.3843247883295848e-05
-0.04202841519623968	0.6614789025476195	3.6305731329000306	-0.6131489910892421	0.04917744825624504	0.41394113511212993	3.9620477547987534	0.5598202226993099	0.0	0.0	0.16148060916665483	0.004680645722199173	0.05886452736524006	0.7613933668083888	0.6445719585154336	0.0024836214660497458	0.05754187424521762	0.38308012853607054	0.5408508548498007	nan	nan	0.010614112285289731	943.2181276239527	1188	8.599649507593495e-06
-0.02555438944559507	0.5423500083317367	5.518912403171898	4.593124767661715	0.038699040198634016	0.291760410944892	4.583158945287753	4.19560321677424	0.0	0.0	0.17722619844315313	0.0026354423578714425	0.07286979943040611	0.3964364663839044	1.5662680285688757	0.00156482569553551	0.053818106744811994	0.2602477629687945	0.7868495727375058	nan	nan	0.010696658355569391	950.5765043119745	1188	1.2887138770147202e-05
-0.04103578508510375	0.6604344155300992	3.8136718580357183	-0.5641649000569879	0.048984225537836545	0.36478504974221654	3.3094099992381834	0.2641612440012673	0.0	0.0	0.1509672344159884	0.004891524474303188	0.05853012109350986	0.8183099572502881	0.7317593732124644	0.002491818042880012	0.05576240638814567	0.393051080696448	0.5044416569361349	nan	nan	0.010548626509347556	983.4550551631598	1188	9.811861533995629e-05
-0.031981486826309524	0.6105174271037961	4.777462830042557	1.6169976308868432	0.05398060664668569	0.35370537985504746	2.293731136397217	-0.5617888964714068	0.0	0.0	0.15650793805566965	0.012990996386960385	0.14594456310230403	1.3400019772660892	4.172075438761119	0.016175191443406622	0.05904254144274193	2.0282645610806513	2.0665468836544965	nan	nan	0.01111959772560664	987.5319832055038	1188	2.217820011377619e-05
-0.042491806217841877	0.6855962825857996	3.8931275824287246	-0.6152418913645596	0.04376331008848844	0.3315495511591653	4.159570859650474	1.9053758090168302	0.0	0.0	0.15926659454836573	0.01735595116097205	0.07117236124327109	2.5169260488282674	2.4727942265893628	0.017836176028195316	0.29722887592928493	1.381821034274645	6.291905660924044	nan	nan	0.010908211720951813	1027.190307342793	1188	4.238521856801311e-05
-0.028530628445247896	0.5888869841673823	5.165920591532838	2.943149059844118	0.05544918828831413	0.4164393049517732	2.6259752742587135	-0.6169206106109653	0.0	0.0	0.1619107098438716	0.011260142063529543	0.17269819486256974	0.9359389839077465	4.894997225498029	0.016241743461840263	0.0611180254225232	2.01296983422349	1.9529518169252844	nan	nan	0.011173576167979593	1001.7826371434951	1188	0.00015115735088940934
-0.023141453757346775	0.49637105886603844	5.63901699250557	5.988738970045593	0.045735354310345144	0.3608597351536168	3.8543122699837538	1.1416865117749722	0.0	0.0	0.15393196405039355	0.0023605904561646573	0.07474172685994213	0.378421817437828	1.7954308957285896	0.002021542731686421	0.05575386597927873	0.319961620431616	0.543208492378877	nan	nan	0.01045604827435448	938.1722217602855	1188	6.153463545326815e-06
-0.04001687309021107	0.637019029347301	3.7573325252537226	-0.18950553452183355	0.037544444762118934	0.20453266920127133	4.465931062336205	5.1133670286518305	0.0	0.0	0.16261816259549322	0.01088811953669272	0.06535839956061407	1.3994213427882591	1.8460955412353637	0.00274049483152794	0.08158188551665177	0.33764485655528453	1.9420305364485777	nan	nan	0.01073517458799686	962.0448056907408	1188	0.0007757439279648753
-0.015614185526463653	0.2621978818538278	5.526159083692868	16.232945899026713	0.03948154823620342	0.2660413858562044	4.1465209234056175	3.4190635686606066	0.0	0.0	0.16047806064443185	0.0042211419891649005	0.1630271825717128	0.37201310741949545	10.1419046991042	0.007336713670300088	0.15244301294313278	0.4976079299751488	3.696397902896595	nan	nan	0.010264470928483566	898.7096687763562	1188	7.690550432495511e-05
-0.037441023817993746	0.6524104902244705	4.2303929621344345	0.20377851506397598	0.056323518354315816	0.4237546300575518	2.7426400634560637	-0.5981416133462727	0.0	0.0	0.17127501271142773	0.01840370392226892	0.09813667059320152	2.330819066845306	3.7741947784112324	0.008894232040063232	0.060316506347381116	1.151220317135258	1.0743770974068096	nan	nan	0.011264478321832444	1013.9423759117503	1188	4.030741791461226e-05
-0.042032134698892665	0.6735158579726936	3.8141334632595667	-0.6277560804247488	0.04876909450431266	0.3464027665426368	3.3360001481942483	0.49708733592466314	0.0	0.0	0.15477814736401974	0.004941951221835383	0.058858957736978634	0.8188534994258583	0.7011371731117271	0.002375962800302611	0.05488504155299123	0.36445845060542936	0.5199733644092797	nan	nan	0.010407261906262608	966.2901253454988	1188	6.576863213254435e-05
-0.0363970667317548	0.6002113466590755	3.857621977080441	0.35729508700111445	0.05526541260967943	0.36484776029673344	2.5037651088560025	-0.6026909252318844	0.0	0.0	0.16439273282095979	0.012410115315811987	0.08835137995833248	1.5122231889238782	2.6391086379206814	0.008932949697239123	0.0589444506417475	1.2385084526731838	1.1630024847853815	nan	nan	0.011228484689391749	969.110274670812	1188	1.528479983582191e-05
-0.0521764598118899	0.6014782789097217	2.062494045271625	-1.4920904216332456	0.03994306818256366	0.2698933862281241	4.498269106220462	3.5682361642493077	0.0	0.0	0.1568087340338734	0.005479715283571218	0.05760386371110693	0.6865275875977013	0.2836033075542798	0.0016200784628924714	0.05489743194053895	0.2713253107165179	0.7965616843209558	nan	nan	0.010296528406499417	898.3144864814366	1188	4.191375626722316e-06
-0.042660295784878066	0.6581844833544983	3.5719664275486362	-0.6162466401456013	0.05111989121272531	0.33558755294723736	3.0305876493129724	0.07756806555729555	0.0	0.0	0.15774480542721886	0.00451199579813627	0.058930209122650457	0.7263633888582111	0.6041487622384196	0.002553173819435317	0.05340948914744975	0.4030390238161303	0.4834102093965922	nan	nan	0.010553824963314931	967.2558037620986	1188	0.0001696817134996162
-0.04241230578497979	0.7156016206879396	4.263584566285692	-0.6013045651573472	0.04490413505536672	0.3735710686179516	4.150363634738971	1.312162458655095	0.0	0.0	0.13665684843870485	0.007161598554522031	0.07766738652777067	1.1881885264940268	1.0621059955747878	0.025840462151999977	0.35527867472614955	2.205788334429564	7.650691191725397	nan	nan	0.010515075410139157	970.9064875590961	1188	3.526864300869765e-06
-0.035912372510758295	0.6362716534191917	4.349273287571381	0.5417309232655001	0.04449524405145122	0.33573339800943736	3.710259643701077	1.3246406180224706	0.0	0.0	0.15416708155480335	0.0037740228376529905	0.060423098992314406	0.5662679377810327	0.8641977044901659	0.0020394483051889845	0.05724634545242871	0.32059234770309586	0.5896972370787653	nan	nan	0.010541445475680006	917.4302616535492	1188	5.845288303266434e-05
-0.03040870698344822	0.6049488697455333	4.920238088119718	2.122155533015867	0.057393410255687005	0.4254618162981091	2.548692074370116	-0.67518474828046	0.0	0.0	0.15993501853335038	0.0034834007732109096	0.0711250909027159	0.4793390065668208	1.2531158069278319	0.003429290251330097	0.053355338687199355	0.4874028980560652	0.36687620701349155	nan	nan	0.01047131322477779	902.1421797800235	1188	1.56723715915842e-05
-0.03777648357173302	0.648683742849148	4.0063850607894	-0.01834720892961702	0.054711121565356846	0.39498887537152505	2.5099875596621057	-0.6085095396039752	0.0	0.0	0.15893561227501765	0.024857240358005073	0.09973550937872694	3.138311344943568	4.712641105074001	0.014592600043913051	0.06068821829214041	1.8484941499836287	1.7915047463450287	nan	nan	0.011204702659333474	906.8259285990629	1188	9.714194789556298e-05
-0.03629882856610289	0.668154375566728	4.489429730742295	0.5501416127960038	0.056110579958301265	0.434415465718083	2.8629914846886417	-0.5999909727721637	0.0	0.0	0.16336007800059138	0.014422474332384139	0.10581306822036679	1.7007024091198037	3.266632199286882	0.011470678570316362	0.060154640752782096	1.486753583911574	1.4197958050259505	nan	nan	0.010988939426406302	990.2921003750932	1188	7.923761209865347e-05
-0.023026341670617123	0.5013514273890476	5.612926770150944	6.039818432232034	0.04264628493307754	0.37042818652174264	4.282826245970169	1.8734714265969594	0.0	0.0	0.1491029930173477	0.0022918397502539323	0.0733449864053404	0.3676728709279611	1.7409714776256846	0.001869949765165524	0.05765630820524581	0.3069196346254657	0.6092075507416037	nan	nan	0.010501426211062731	930.4474630236671	1188	3.4936890030681756e-05
-0.028114015809523774	0.5905227259387671	5.4669882671981265	3.5200342434639165	0.05641648785482012	0.4031651828234692	2.7023317561608184	-0.5970064754037757	0.0	0.0	0.17463398056704071	0.011838421854680592	0.19116394964909345	0.8921200215947338	5.654241278847467	0.07028734373596701	0.06333959298081435	5.242345742605856	8.845922171632502	nan	nan	0.011425818550511085	926.1006779660138	1188	0.000148850443142855
-0.02934169144070009	0.5792392018361537	5.075189994311308	2.5329154215394345	0.0548511727830705	0.3764417724014264	2.621396504518141	-0.6143966791105815	0.0	0.0	0.14876532608196708	0.0031466802614434353	0.0705137457961329	0.4531863652010357	1.2734689228058014	0.0029712556385860234	0.05308295010220679	0.4841699832101434	0.38408567446064784	nan	nan	0.01032767610702938	905.1714758442981	1188	6.415997823118018e-05
-0.027491648783281475	0.558844950632425	5.063904024221816	3.238545195549358	0.055381220594767466	0.4058900307498377	2.6249532417446497	-0.5913255929088739	0.0	0.0	0.16462438114248404	0.014145049194751569	0.22380834386637216	1.1158048831106324	6.669733432524612	0.030022799340926998	0.06246532114495584	3.387184577154412	3.7193131613554997	nan	nan	0.011287468719413052	903.2734207994208	1188	0.00012219143256472998
-0.03365002152190544	0.5921527175464631	4.363606792916447	0.838228699481829	0.054239935426219965	0.3414820559166355	2.3292408985255877	-0.6117842413848615	0.0	0.0	0.15293600787434775	0.010454059666327897	0.10102636782533497	1.295526611011807	2.81806517296339	0.0098434814383771	0.05855854967736296	1.3784989797429812	1.2994295967323255	nan	nan	0.011002057609591873	925.4099651175502	1188	1.0902791515165808e-05
-0.04185854050787763	0.6269584688566365	3.404524633549171	-0.6109619538402165	0.04469553001415183	0.2951219725613089	3.638341093641611	1.5150658014991383	0.0	0.0	0.15512019399481874	0.00782815923309843	0.06462413524328253	1.189660168568332	1.0778111225872213	0.009799183660943012	0.16222945252346288	0.9002057005836566	3.241623273763981	nan	nan	0.010898743562558447	993.5079131201815	1188	2.5928750506218848e-05
-0.04123657297041683	0.6222464120130579	3.464693193213045	-0.5909610593206442	0.04420898437663845	0.2960529770052943	3.8687867333125596	1.712621500240916	0.0	0.0	0.14534761446875494	0.006738250801937795	0.0642094186891401	1.068885762203649	0.9651041713187428	0.010369268163804457	0.18072036481559986	0.9446619600188904	3.71191432222336	nan	nan	0.010556413772170314	930.4405810936763	1188	7.507976802777276e-05
-0.04130712171595574	0.6190755596159803	3.267134637816312	-0.6320918976644853	0.047568900709956674	0.3072150509858298	3.018271570506678	0.5977357887161515	0.0	0.0	0.16285626856462904	0.01661335096753558	0.06923904644460488	2.3481307025229765	2.2670601661207157	0.022310145588190777	0.22398380473901053	2.2701020756610553	5.270191294848706	nan	nan	0.011307089516511992	982.4124304126308	1188	0.00011131869821990726
-0.04060818857633386	0.6284342901510777	3.384652401625365	-0.5943428386717623	0.05356790441751058	0.38206790996235107	2.444263066366048	-0.7032808424911199	0.0	0.0	0.14225594281357468	0.008158685915876096	0.06340643308838728	1.2496300638690583	1.1540411300733866	0.03133835624532244	0.07459402882888455	6.222109493369376	3.919614630036829	nan	nan	0.010845146223243368	913.369304011742	1188	1.7418251634140916e-06
-0.031660775778978856	0.6351669345360982	5.503117158135982	1.8490091643599362	0.0391832514246111	0.26264002253553875	4.558917209330911	4.047549852524164	0.0	0.0	0.16296678989196017	0.0032136077429893994	0.06637640779830994	0.4946006782346677	1.1285494153112496	0.0015404746931400037	0.05295242073130174	0.2599480905179363	0.8003389217341175	nan	nan	0.010607372368819146	951.0560658274177	1188	4.8413092606840686e-05
-0.04292110022828677	0.6514100709028022	3.2884852194123315	-0.5895428349541649	0.05577005691234005	0.4195317302806547	2.7114493986080195	-0.5876732294544816	0.0	0.0	0.16851691620771997	0.0058723648936092054	0.05803019097907042	0.8319693679834153	0.741257717425852	0.0034258080631275334	0.05483196561248618	0.5082359236141862	0.4103085461404974	nan	nan	0.01055243811403836	999.6168143732201	1188	0.00013558978016767981
-0.037074208870232495	0.62714877013041	4.114810772166807	-0.03194816663774258	0.05455229633409675	0.3781973774134614	2.813977159282545	-0.5845951372591057	0.0	0.0	0.15418519931730412	0.004574801784591798	0.06156896677393392	0.763947880491163	0.9183160023667237	0.0028060309696075203	0.05453218176866634	0.4845779916513815	0.38623718849128097	nan	nan	0.010641354067099804	963.5141846439321	1188	3.090366027215943e-05
-0.035346739955562034	0.6730603765693555	4.882505337613379	0.7986975113751587	0.055787611399432	0.3915236973970122	2.70198806339667	-0.6029061667481492	0.0	0.0	0.16027412700832225	0.0216412784529732	0.16135558840529268	2.487002867456774	5.50145821020405	0.014781577533710122	0.061574370939043804	1.9668207808098264	1.9255946405898199	nan	nan	0.011062498040149346	945.216396887875	1188	8.153928039102638e-05
-0.024135402072627987	0.508819245349317	5.608541934225101	5.475329504260639	0.03658610030371823	0.23604006099975533	4.562452649854702	5.315679867167295	0.0	0.0	0.16650590655495506	0.0024190998637482197	0.07232813399141691	0.3773851582662604	1.6823864562386073	0.0014187077525923408	0.04976939007823106	0.23909783487471836	0.8634356348468977	nan	nan	0.010561266597711727	876.7954789534862	1188	4.667749558912741e-05
-0.042629966314752354	0.6563642336403834	3.4291210437034225	-0.6096707439684425	0.05512867177745173	0.40568586323266487	2.7848282802885924	-0.5273209268068797	0.0	0.0	0.1666977383283652	0.010219700428994283	0.06304808296615017	1.4368979931988084	1.3378974358358136	0.01687869407926257	0.05853064038118183	2.1313325986616904	2.2350643871416347	nan	nan	0.011087212625354878	915.949336515075	1188	1.625562998838273e-05
-0.029171103071426896	0.5626763913576779	4.977211450440888	2.854296097740696	0.04284200579671826	0.30384087930727843	4.100052282979737	2.616537101090316	0.0	0.0	0.18100765607628458	0.011337341059421802	0.19005672937223483	0.8902284400743499	4.839475843941774	0.0160550057020844	0.28926723585057873	1.041787195904907	6.425344172077457	nan	nan	0.011253357781999873	961.0182942835972	1188	5.1857302336620734e-05
-0.042555095315298885	0.6840392742935976	3.822522848787643	-0.670272692610659	0.05497759787158585	0.38021809173367194	2.6926316604417906	-0.5849440390972943	0.0	0.0	0.1613177023184261	0.015033358613239678	0.06561737134245249	2.2265004884043624	2.0828311173267307	0.012147400114498996	0.0586366842041276	1.6828939533619616	1.6469770463549274	nan	nan	0.011078971381299374	1078.1297846658658	1188	1.1122728452676292e-05
-0.029858068914739966	0.656188877542349	5.6621169139609195	2.6548704858494543	0.05697562499336151	0.4994672487490537	3.213033162309973	-0.6078294530637013	0.0	0.0	0.16853645945037754	0.010684873092418834	0.15444885316624551	0.9502553069588573	4.297436859878659	0.008413070911183262	0.06301710723676032	1.089496804208753	0.9974049487046165	nan	nan	0.011003003530638295	910.8200762421924	1188	7.363866397704192e-05
-0.02664897382172371	0.5319013670565611	5.099551575146522	3.636085694327492	0.061752553905526364	0.3810079363549945	1.9166230871407297	-1.1904190880344976	0.0	0.0	0.16080199856513838	0.022765186913841495	0.38788361104188057	1.6010802997022826	11.847574856661128	0.022344791571149103	0.12266327099094623	2.6876784914114453	1.733381660108518	nan	nan	0.010938358787787594	1000.744224884729	1188	3.949006038378973e-05
-0.023652882348830895	0.47649987085135986	5.194481880404592	5.324486875970662	0.0414537190850659	0.30633040515449106	4.084397376745464	2.3941432563993135	0.0	0.0	0.15419834041180575	0.0023712272962658765	0.07269380714915277	0.3715100890084986	1.6538475620853144	0.0016957486472976013	0.05552985554225082	0.2811863006057691	0.6525231178949634	nan	nan	0.010447097600597838	969.1536605948768	1188	2.2183641186145354e-05
-0.045184516099255556	0.7160149029299488	3.6732101251174294	-0.6190139031625667	0.055230357335552815	0.44786187707344455	2.9285579620504687	-0.35924459315109675	0.0	0.0	0.17271072475021607	0.005701416646300972	0.05815361129135033	0.7977966120337361	0.6888406073808825	0.003451477488996435	0.05371378444665098	0.4668949172963104	0.436641999150307	nan	nan	0.010597167217436781	908.4982867454561	1188	0.00015241591129508742
-0.043443756766036956	0.6715537379241852	3.387819513277833	-0.6506966549040903	0.04393912953319368	0.3279155862449782	3.7463239934567154	1.6762002870815367	0.0	0.0	0.1629505189007488	0.014045289596555155	0.10418491779969091	1.9469558399012024	1.7502782202579508	0.048492557454103136	0.6694691601109717	3.3513973462068645	15.43880660863228	nan	nan	0.011201491469557387	914.7345035492638	1188	6.930094552152873e-05
-0.04224757704721194	0.6156258142679438	3.2586415740033225	-0.5819141663412797	0.04627854092430428	0.2981024075134927	3.470099479790081	1.316532711059777	0.0	0.0	0.17355565374151438	0.013281641711878511	0.06321228722078476	1.8335283878286799	1.790090399179788	0.011733709204909903	0.17199571032304148	1.0648447044150164	3.5083811001195166	nan	nan	0.011127650659358015	979.7654873401957	1188	9.212611063096735e-06
-0.04175895255576667	0.6338158074797267	3.4317783254884704	-0.5794420882297238	0.05151549033452563	0.3786933690373573	3.147107442951558	0.05633363951530269	0.0	0.0	0.1618271024157644	0.004650054597812536	0.057700061421889604	0.7409050569059235	0.6405125934397121	0.0027383096047585154	0.054244098558754505	0.4071334569766232	0.4775264631281667	nan	nan	0.010661604055683602	961.1339894217916	1188	9.200779489021764e-05
-0.04219316837145204	0.6690030364111916	3.75537017343843	-0.5842955315346569	0.04654627862306571	0.34963778628891046	3.789089494107091	1.14117730343276	0.0	0.0	0.15409345371707547	0.012421611807220734	0.06587887970787226	1.822503865577414	1.768580524974012	0.01565010205968076	0.20114733629448367	1.440528741556831	4.314886152127506	nan	nan	0.01076236733699451	974.6709864876235	1188	7.679224353080157e-05
-0.041041220689779445	0.6401827397604607	3.5595070339152404	-0.6319207534507127	0.04868821967858228	0.3577952117791326	3.3218708295019317	0.41656897701285905	0.0	0.0	0.15385695799664956	0.013121210811360806	0.09064436954788246	2.033336457173646	1.8951530638359413	0.056860191451372666	0.460851090631207	6.651599229884885	12.302559754079747	nan	nan	0.011464138745619412	987.6371418695549	1188	9.693060604212268e-05
-0.03985730823507905	0.7471265199922745	4.7604814898821814	0.0073289044204887105	0.051615612199783056	0.47394771376858524	3.5131504456869598	-0.031680546459320634	0.0	0.0	0.16213422856276366	0.004603594630089913	0.061740474087330965	0.7038430856549778	0.8432491491964291	0.0029537547314177903	0.05662669682742841	0.42829698390302906	0.46350877339741914	nan	nan	0.010649524073281333	970.8743920139273	1188	0.0001484166687385787
-0.04337631391266694	0.6081481589993862	3.032913832211199	-0.6000678333980181	0.0459588436251861	0.29469440194770813	3.713648075840934	1.7345962053888442	0.0	0.0	0.1819939106032884	0.011213696710980492	0.0621833854276318	1.4697638766409407	1.3860908164358363	0.010321135975103757	0.16900382587644802	0.8661368854032823	3.4340339901702466	nan	nan	0.01117486222919721	899.0889474793578	1188	0.00010615793416122359
-0.04668534850872008	0.6784656936427353	3.191600692820644	-1.2025957900492017	0.039103529416857574	0.26276565745234587	4.365356139932616	3.5355417164388756	0.0	0.0	0.14451448614433685	0.013753698548194193	0.10215257200577416	2.158961799754506	1.298534661155296	0.013751499036977144	0.33187669896894445	0.7819166434994433	7.702976253875611	nan	nan	0.010832512566936806	991.5398471757161	1188	1.424946122732952e-06
-0.0446067574432768	0.6947297312513345	3.6656539517297473	-0.7434228211450933	0.055422399948052314	0.3619906068231746	2.5292064925597355	-0.591577790640417	0.0	0.0	0.1636158397275339	0.021208107285659694	0.06750011138767348	2.8447705887807313	2.6204866274203926	0.016620542080709733	0.05751166927425397	2.2046680547947988	2.2103528076067294	nan	nan	0.010987999385001543	999.0395324981682	1188	0.0001007033225975604
-0.031343419329364686	0.6238443649072083	4.992512470366369	1.8641358549948988	0.04206607137910079	0.3643768121713398	4.360568347169399	2.3059637531507393	0.0	0.0	0.15913919755503939	0.0032606894050473123	0.0669245693267928	0.4753149491616311	1.1008177704817697	0.0018667941734071825	0.057825422690832046	0.29848296051769063	0.6530494240568262	nan	nan	0.010570067984107936	916.6732393094687	1188	1.8626632231477506e-05
-0.022158957721381656	0.4643025784960813	5.283884178859672	6.550270773244638	0.05586337189630175	0.41689323897469277	2.642776995157463	-0.5982828201059347	0.0	0.0	0.1648221191436021	0.011083492176405585	0.2600886967058371	0.5192581585876206	9.157980343958789	0.009958240720416622	0.0599629257921625	1.2635709775684212	1.1919388113688254	nan	nan	0.01104554450665754	978.9891037045131	1188	0.00015487588631345295
-0.04137057119274301	0.6156007951883475	3.3899600135834627	-0.5831447136398092	0.04851268241042361	0.2916766434029026	2.9783708499335626	0.3845085569294767	0.0	0.0	0.144253608291934	0.01395384196784083	0.06272143221030557	2.0231568420008825	1.9930455488387528	0.015856794670298657	0.1493099130228895	1.892955338480667	3.7383125641169084	nan	nan	0.010591517328151875	975.1853120532319	1188	4.963912617023656e-05
-0.04136120518635211	0.6740969525228344	3.980750509825351	-0.5733062291917104	0.0428330652477491	0.3483802425748202	4.2915048985228585	2.0950786166241624	0.0	0.0	0.15141073044185713	0.00805549822350149	0.067571024883398	1.3054607471617234	1.223054066365237	0.012124779188197987	0.2174780439170992	0.8700152454521219	4.354212934536796	nan	nan	0.010721986084655244	950.2959962082111	1188	4.5486697577256434e-05
-0.04167041844880581	0.6600014700078249	3.611354973190301	-0.5285738033367585	0.05085388176339789	0.35775472096361577	2.9896950670629163	0.03610092278762601	0.0	0.0	0.15491727704347302	0.004927892222563346	0.05857262586775086	0.7677114911193945	0.6955179327608383	0.0026714743824490794	0.053914255761968954	0.4079272665140983	0.47377601588822066	nan	nan	0.01046334761353325	898.5094119541475	1188	5.5608981481956614e-05
-0.022106838363521786	0.5152969699749697	6.100376928162495	7.1145723229724025	0.03917715445730097	0.34062059641299125	4.683199864511922	3.2977651316811656	0.0	0.0	0.15148567248985678	0.0022181450140032477	0.07462823421286707	0.379438781915562	1.9274094524598004	0.0016294547584928543	0.05612288285017786	0.2772279649368996	0.7149347822333109	nan	nan	0.010370627509822247	895.4428053108427	1188	5.3805367779182194e-05
-0.025228473160890386	0.5343302105116531	5.560360082810515	4.431635325067714	0.041000503050269144	0.3128656651783983	4.316524880957609	2.572656515158584	0.0	0.0	0.14853780239406428	0.0025572308704073787	0.07296357879382126	0.40235099216488246	1.5405691280007843	0.0016715377112239693	0.05594135459955271	0.28558919700306573	0.6734672870296177	nan	nan	0.010474950822983414	979.6080983477631	1188	1.590078921068034e-05
-0.04371490839981462	0.6591539396200932	3.2854879033489293	-0.5968980461899954	0.04156342112029776	0.32253022051335706	4.1184342705557855	2.653251096193125	0.0	0.0	0.16472665775212814	0.0049330945155661166	0.05589946774150589	0.7005303155527631	0.601107235855736	0.0018602036995913895	0.057555244918615994	0.2857273781980596	0.707594187635436	nan	nan	0.010303009352873732	897.7498584754185	1188	1.6480668368018454e-06
-0.03184450650663517	0.6279479611434975	5.291055611359275	1.726500802384774	0.0436666344834713	0.3061836021669853	4.1189626600835085	2.0319172842960085	0.0	0.0	0.1584513078440964	0.0033039992944787766	0.06701367429032978	0.5035761077403564	1.1207328512992152	0.001788944445409113	0.05564861970368204	0.2968890040935681	0.6440821635399466	nan	nan	0.01052573211699076	947.5893181328753	1188	5.875861690316837e-06
-0.0422391603560307	0.6219306953102981	3.3321277193783585	-0.5466027925293202	0.04799813278280962	0.3245766076291324	3.368346392321886	0.6733008649927501	0.0	0.0	0.15608634374348612	0.015603050345006086	0.06608051022965583	2.1020189662424844	2.1420878957287712	0.027491025034144023	0.28208707923150556	2.785905665291934	6.815900300680999	nan	nan	0.010766503192613713	875.44664961832	1188	1.0045424414377923e-06
-0.03342622978694998	0.6428077221494919	4.889424776286255	1.158810922831019	0.04408282222258597	0.3644274711109139	4.035779298728307	1.7518834082635342	0.0	0.0	0.17381457159168362	0.0036168682037567845	0.06575022057103547	0.5476033500711082	1.0321242534571105	0.002039336291532856	0.05801730828461765	0.30959385638392956	0.6158002685436083	nan	nan	0.011015471943393002	940.9541464407446	1188	6.84535369757999e-05
-0.029453429596260183	0.6168417276489412	5.439083528156604	2.6741799030613573	0.05609530012883823	0.43353771225846677	2.8263835664705503	-0.6044357933194888	0.0	0.0	0.16775689498874466	0.009515751170844577	0.14300917807760133	0.8733507812709966	3.931645937062553	0.008076200663600042	0.06108089104823833	1.0703519790584066	0.9846025177025192	nan	nan	0.011021498625937834	903.0019128935342	1188	2.972221104635472e-05
-0.0417829727659611	0.6034515716341808	3.2819979404861446	-0.5897240873783802	0.055461981262058924	0.3094471511936359	2.3040231137389227	-0.5889366999093305	0.0	0.0	0.16089762041003372	0.0093284666832944	0.06087971678635484	1.3784496573915046	1.2976326150265305	0.028576170203912676	0.05616422985800207	3.532633569169693	4.040709507904025	nan	nan	0.010959952754036759	904.0275031541298	1188	1.882925558208751e-06
-0.04243562623045638	0.6844025207337667	3.670216778038977	-0.6819424927597187	0.054655557040443226	0.4296050609300174	2.775978520964928	-0.5404685934358952	0.0	0.0	0.15742045033886767	0.005641250145455301	0.06031002770561905	0.891749600896705	0.7472297622454781	0.0034370280482022286	0.05477454404964799	0.5049784936502364	0.4236081018647316	nan	nan	0.010597283908699101	905.2694027189187	1188	0.0001456961492568591
-0.04235687319524395	0.6644732764814036	3.659333422718325	-0.5848766835771304	0.05617008339143248	0.4294576716179742	3.0355569170076855	-0.5689860953586859	0.0	0.0	0.17210446747665753	0.009919288757415434	0.06308626185957428	1.4557021119783333	1.3785620736002273	0.018409299844612925	0.05954237525919129	2.390264159402399	2.4490387910342264	nan	nan	0.011217392849697319	962.8640682875694	1188	7.125381610270698e-05
-0.042431306658653245	0.6456728089294399	3.5593728122380783	-0.6054221468708616	0.04303655939439932	0.2703428757771574	3.71702995417454	2.297690540727267	0.0	0.0	0.17022360514714785	0.01324870444419779	0.06429630742990877	1.9115866280597462	1.838248524393198	0.008632165431237016	0.17214771660437844	0.6528819224177687	3.4443375791592605	nan	nan	0.010990024764734652	873.5490074453897	1188	3.519414600927121e-05
-0.034506821735615034	0.5879397712422991	4.277803691131598	0.851858869721108	0.04130683341339769	0.21700882547832406	3.867431179242552	2.964436384435462	0.0	0.0	0.15389370454220444	0.013938578032306137	0.13683786849399224	1.5578130720793986	3.6441122771453967	0.01020320362531102	0.2518799672444306	0.7855513952785858	5.657559490707602	nan	nan	0.010840366370330937	957.1143387009386	1188	3.204572151193905e-05
-0.022624567281997354	0.4703165452129219	5.547536509241986	6.4290133143647	0.03718125834277597	0.2494018843657263	4.530487924882069	4.876387089913338	0.0	0.0	0.16696640075719485	0.0022645038526822314	0.07326578654504168	0.3682644198749041	1.8427177552449079	0.0014458311466586382	0.05098757642755175	0.24581649640811554	0.8311143102313311	nan	nan	0.010471084486696647	908.7843249445972	1188	9.97181150522106e-05
-0.032682658835035294	0.593563030933824	4.5233830937726305	1.3347000865744107	0.043428165783372163	0.2972513346906296	3.853000143236261	1.9280596051068315	0.0	0.0	0.15834408607543501	0.0033947527275874356	0.0638318821876187	0.49254856599254415	1.0061888826674066	0.0018140833104112186	0.05581904901106255	0.29624521890304956	0.6347425471062533	nan	nan	0.010463284380397175	906.8764465826812	1188	7.582180728225483e-06
-0.04313485011352536	0.7039074360902187	3.934166077134952	-0.5605522345202968	0.044276135098575864	0.39904684656072464	4.189361576336653	1.7786738576532204	0.0	0.0	0.1686611162510589	0.004524163165111839	0.05797440024240419	0.7209685593620321	0.6221863420667898	0.002165990280920571	0.05907290534323478	0.31421447996072116	0.6280491814771278	nan	nan	0.010604268581495047	907.3022897906267	1188	3.6604404005595394e-05
-0.04148146364205829	0.6524303399041198	3.4292698710713534	-0.5905206753169326	0.053365213204514594	0.4161602284151988	2.8356403803475145	-0.5320963240189941	0.0	0.0	0.14580507163973982	0.005170492846723107	0.059131296683373025	0.7976558233952189	0.6985778439966067	0.003237939764076936	0.05518236517871042	0.5079872367202278	0.42899224225477056	nan	nan	0.010452442445077703	904.7364790252259	1188	8.006226423666931e-05
-0.04369634978132797	0.697623857280777	3.5747013166349193	-0.7162020613973588	0.05478495724778387	0.4387478371479735	2.881122818495747	-0.5137044639168212	0.0	0.0	0.16392435691577417	0.005834456751651063	0.06068706055412171	0.8755536734014779	0.7140297869381456	0.003456775616243135	0.05528094387555066	0.5078755210760533	0.43304036095176945	nan	nan	0.01074326377822804	959.7912145522739	1188	0.00015386356926156894
-0.037432277433637196	0.5791196409169084	3.5795488658123316	-0.00640860922358269	0.054640872563932685	0.3157959998461372	2.4054425339647603	-0.580996336394332	0.0	0.0	0.15488881632186613	0.016776896248790252	0.08189250827403005	2.2103694550801416	3.211006205620526	0.009356478242255495	0.05694434264228784	1.4091275821790874	1.365528723608671	nan	nan	0.010848984632617825	990.8168562313768	1188	0.00013134311744654632
-0.04164288419341955	0.618724657546168	3.2807024222685093	-0.6010277356961495	0.04740780857581406	0.2998086347269937	3.1311101116477253	0.6678307262106417	0.0	0.0	0.1558115842873689	0.013367864827773135	0.06354200477669325	1.8898710497772016	1.8247962602577918	0.012081883868909071	0.13986260844280016	1.31393691991691	3.0382788500754287	nan	nan	0.010954403304216792	998.6311167571976	1188	0.00010511525009135587
-0.040945179195038595	0.6184024945998734	3.3599345288584956	-0.6373057563233009	0.053294018956631994	0.29212133375593047	2.0018303563722157	-0.6042946796641498	0.0	0.0	0.1492484621489567	0.017702565955430682	0.06356144941239966	2.559585587256178	2.500829134752309	0.011205656326830904	0.05641270235051496	1.575908307950424	1.5168520140543018	nan	nan	0.010981943803545419	927.0394189347597	1188	5.423025691547312e-05
-0.02746217421834063	0.5754509557900578	5.349941695334111	3.4350010605267864	0.05630016281259098	0.38803726426588125	2.3618088380514197	-0.6871504097022065	0.0	0.0	0.15704198653506804	0.003088480410579908	0.07494728365205361	0.4329308616100378	1.491290224324467	0.0033000171827254343	0.052719488850580115	0.485943061499279	0.3643902101523239	nan	nan	0.01048511627372882	955.7096222733678	1188	0.00010762553623499933
-0.025213346792325897	0.5367326051365906	5.705903720069728	4.58950601586201	0.037860359644844355	0.22971471186514397	4.224424922722986	3.909506113071585	0.0	0.0	0.1428470689887354	0.0025052213085436925	0.07172533584212051	0.39036580797066556	1.543501264652652	0.0014300739414653263	0.051398171528117265	0.24963777422098854	0.7773392572538691	nan	nan	0.010246132047356471	1006.5640662280756	1188	4.267273473727289e-05
-0.04237631074262138	0.6295497428783099	3.324121734295625	-0.5570935259885288	0.05583750338056359	0.37716507758109125	2.613279777906163	-0.6008565041059617	0.0	0.0	0.16317722902940107	0.012452500739093708	0.060372759059131476	1.6990135574804044	1.677228739558935	0.0162542319467065	0.05829419912227274	2.143798171404157	2.125057909256382	nan	nan	0.010989745864199055	935.2261553364417	1188	9.785995637777988e-05
-0.03383653532420117	0.6299628133970578	4.602827355690147	1.1605406030272265	0.053513435442810176	0.3752832091356922	2.754576998448676	-0.22132377120812066	0.0	0.0	0.17447588571249573	0.0037089280770485344	0.0656302727388971	0.5309103105397281	1.0152536817491946	0.0029358395226600775	0.05274794838149735	0.42694968288589674	0.42911611662512494	nan	nan	0.01080227795876014	978.4334008943097	1188	0.0001429915439936199
-0.027592461028886905	0.6072932188865887	5.696652742073976	3.8017504714088775	0.05601203196507232	0.4095117440275553	2.689120616307253	-0.5258843277877538	0.0	0.0	0.17426710009105753	0.0030329472678539693	0.07523347666334956	0.43346219132819286	1.5106435012518242	0.0031914701534049295	0.0531051197477633	0.46799098262811567	0.38875555721851324	nan	nan	0.010760476671811042	919.4457235263435	1188	0.00015251410289965345
-0.01825335418515317	0.39072325586850104	5.778525306690901	10.917917431200648	0.03967035312617595	0.33932753164233187	4.274435199543829	2.7044489736858575	0.0	0.0	0.14343845845711178	0.005467821678711127	0.1780817546592261	0.35125571062418404	7.695982759437935	0.007339293225901322	0.13396196515074277	0.531106514630602	2.9237716596210657	nan	nan	0.009718366007328214	893.3535804208236	1188	0.0014330308560439446
-0.03430212074282446	0.6612566747704267	4.778961577044446	0.9798426191415878	0.05505569799408483	0.42771770916416746	2.8975013809634262	-0.6074589933633747	0.0	0.0	0.15640368703116692	0.014021690868220194	0.12715665703809526	1.5739595130471644	3.7227718271135335	0.008439370501259091	0.06194951886131378	1.1752364622159468	1.08821595473283	nan	nan	0.010980273524567749	922.3874723194883	1188	6.603122208721208e-05
-0.041229866657826575	0.6812993803375931	4.055304665171781	-0.6046828526795424	0.05411313397015949	0.396330158609116	2.998706133962262	-0.5584752708242638	0.0	0.0	0.13916743194114936	0.013932919611861105	0.0638236498492209	2.1934817022861273	2.139429864590223	0.011633289545958103	0.05861865444739908	1.7126295939092009	1.7115646638187465	nan	nan	0.010512700179611034	950.1994992668828	1188	8.14777591416162e-05
-0.028428092258483084	0.5378748657524783	4.669902294516027	3.1019328659751895	0.04321230551714139	0.31108803622625536	3.7063184697302543	2.02584952256874	0.0	0.0	0.17445619894156375	0.0029030925607491653	0.06803940680833057	0.3923313886053035	1.262127468543025	0.0018679592112942345	0.05576628090151206	0.2855259502752949	0.6192786118054432	nan	nan	0.010677081860396134	909.9259783232517	1188	6.23426683497849e-05
-0.027938454086685383	0.5936162685500387	5.591718553820418	3.2936173999584586	0.04316393952108033	0.371651865368984	4.463690191191127	2.3041029009594567	0.0	0.0	0.16997473398978663	0.0029461320346571007	0.07229905280519483	0.4380991205178604	1.3955335693492605	0.0018793801939348542	0.05695755699759042	0.2930085706763754	0.6416510918091087	nan	nan	0.010626031035220432	999.5769124889737	1188	5.672474412301508e-05
-0.0439122327561573	0.6555377310582146	3.2590291960978597	-0.7608130115691492	0.04768316174738185	0.33364755656063655	3.448261770533464	0.7397355497196719	0.0	0.0	0.15903068451909205	0.02547002976163426	0.0783912214710385	3.246878508621734	3.0178141520916126	0.01983578178145795	0.21351756372389974	2.0205502634298353	4.949266407199112	nan	nan	0.010941027175771958	959.0610729499139	1188	8.074598722597351e-05
-0.0416819345352597	0.6386089797386367	3.5070389864403295	-0.5828294671570405	0.04512726932617772	0.29224752198962073	3.316106878421694	1.197756326981818	0.0	0.0	0.14789896965991142	0.02526684840706933	0.06533011002303402	3.348002395059977	3.5798848748149994	0.014013784010398211	0.20112408552454922	1.3127357651201432	4.167233054825283	nan	nan	0.010699353482780158	950.5711939133225	1188	1.6337842178729122e-05
-0.03428919466436697	0.6182045501774303	4.392266676019086	1.0118065779027434	0.0484901593396565	0.3800955278940587	3.725102460864358	1.068524955986704	0.0	0.0	0.18745458593878483	0.003830429783173661	0.06448748450027064	0.548265380256221	1.0004850063251431	0.0023165806716950454	0.05577602122249367	0.32639152615006806	0.5446698722306423	nan	nan	0.010843660597241067	922.6761125315895	1188	0.0001290543255448816
-0.040893619989759156	0.6147937196818056	3.429363765133494	-0.5925753840341754	0.04459902631959278	0.2842609139235852	3.5757232458329424	1.6163834558311938	0.0	0.0	0.16961626599606555	0.011712329692052159	0.06547833058745223	1.774279938541791	1.7074554162889353	0.01045235821814161	0.1771902823443782	0.9252101113811868	3.5551371477497438	nan	nan	0.01126177535874226	904.6963102984042	1188	5.127416012094121e-05
-0.04364814855871735	0.6618321266971678	3.2855084986325	-0.7396624760595126	0.04434226723272561	0.3487277978546717	3.843378083237648	1.6260252100274357	0.0	0.0	0.1532208628035932	0.005236897968152854	0.05741794351468532	0.7803849715371076	0.6188388046185753	0.0020590472521051506	0.0570687341332127	0.3071631115931388	0.6107957974205291	nan	nan	0.010177410246732993	924.8193677771017	1188	1.584678596172552e-05
-0.04492115853236667	0.6964312009466076	3.5079835234581735	-0.7717462399302252	0.0457150612228896	0.3457670912437735	3.7182819244805945	1.5730036231995856	0.0	0.0	0.18451449577983509	0.01988764392455722	0.0729215573939836	2.619330126467182	2.320192152950094	0.010914092901594952	0.1610477749552913	0.8311157443474495	3.1338196181967595	nan	nan	0.011310923904022024	902.4344167074603	1188	2.5921199404763987e-05
-0.018029369303851128	0.3859463838642606	6.075677053509516	12.170766475930746	0.03902219971826537	0.2564493262749978	4.517080841715307	3.858013075001695	0.0	0.0	0.1506453230840711	0.0017095340347922927	0.07174102690644757	0.35380255990630527	2.6260639515758264	0.0014706890964684138	0.05147157466657068	0.2534727341647649	0.7618263270592147	nan	nan	0.010144203978352667	962.1254231585314	1188	0.00018315877289985162
-0.025535378134661668	0.587666883715888	6.320777104024781	4.883831578279572	0.03779419254334959	0.2545643093515651	4.567127033042987	4.376674584511395	0.0	0.0	0.16574806454590366	0.0026291220643813173	0.0745146798214264	0.4218908274611781	1.6495506711520198	0.0014885202937569009	0.052713407544249524	0.25657609044290375	0.8222956380327776	nan	nan	0.01084292324214281	976.2779771927072	1188	7.559154519457101e-05
-0.04271195709537101	0.678029991890616	3.7429511842576284	-0.6211329329636818	0.04313787678075243	0.3197925087184678	4.203566049879451	2.13720492461053	0.0	0.0	0.154748410167206	0.012434791868085215	0.06665874397966143	1.811776752972821	1.7108614305706389	0.010850330391806717	0.20170266850435592	0.8338272018639046	4.108259584080107	nan	nan	0.01077765256719665	847.5376783874228	1188	8.34694372754827e-06
-0.022768414925272817	0.45454160106444	5.2914881941317535	6.223368287679469	0.042868825132367006	0.3086242352605354	3.8766036537891093	2.1476014208483405	0.0	0.0	0.1652872281382174	0.005752085351496572	0.1328028850133728	0.4459934331720965	4.669858367300219	0.004006442756997353	0.08360987324035424	0.39055625783780457	1.4175249148629838	nan	nan	0.010224752087589772	1028.80285369608	1188	0.002001340392662922
-0.03929007167906229	0.712475434661254	4.328934111049463	-0.056435952961199055	0.0548471945879474	0.46686925024291076	2.93980459595614	-0.5248387969923496	0.0	0.0	0.16228335766034852	0.004936262137705483	0.06217764561803718	0.7394532137349465	0.8750103272451274	0.0034662184265863427	0.05527126546419173	0.49708702944020544	0.4166837402151318	nan	nan	0.01071620942515078	990.950607524817	1188	5.838360286848354e-05
-0.025087429282941054	0.5612551110651327	5.852254064997158	5.010811496392409	0.055178844253186865	0.40019600093296204	2.71380541753249	-0.5987721384117284	0.0	0.0	0.1564499801063276	0.011530515630690907	0.22760682629086623	0.7108965025714133	7.330395101753089	0.014948033491865909	0.06056588853449049	1.9723197584634058	1.937477776718743	nan	nan	0.011019802959136224	854.3577647915051	1188	4.1102051806291855e-05
-0.022440327359713796	0.49386667260603084	5.789595978178399	6.346730273686576	0.040274380923088327	0.3350556087895282	4.436169057248169	2.875824276162689	0.0	0.0	0.15379879544802977	0.002290092092647522	0.07542796274072355	0.3888407227656012	1.8670203855182506	0.0016723798120942268	0.05594783884965082	0.27728987585601317	0.6790018119614255	nan	nan	0.010488853675677118	966.6261226120421	1188	3.271803731604605e-05
-0.04146146289068331	0.6309927190810369	3.4570545871852336	-0.4632099437038982	0.05572719151831795	0.3609198920735644	2.5590878403345174	-0.5909826721435169	0.0	0.0	0.15807745379414534	0.023019783936100158	0.06216086488392891	2.955800543417012	3.3429578357345386	0.007103734352576496	0.05764514267992399	1.016578304703798	0.9438900042998084	nan	nan	0.010690407970836355	936.8380501201575	1188	0.00010408062293031676
-0.042170190042361444	0.6281026273895995	3.4880969735889735	-0.5908985008656363	0.03930122874779918	0.21527034688211927	4.136205750478684	3.9766128672078276	0.0	0.0	0.1610822086034735	0.0068142174516800935	0.06570430591842813	1.0592533132075554	0.9518755268006786	0.008862609478145211	0.2539604175353283	0.5108747801106384	5.873584605221955	nan	nan	0.010922509231189412	947.2556478438718	1188	7.214112192217942e-05
-0.022235699588584623	0.4728829678490158	5.833838896457251	6.844533136167254	0.03673105373106522	0.2327006893513705	4.8435368345078995	5.255968464444674	0.0	0.0	0.14832049365541686	0.0021881466173294117	0.0730323988846559	0.36825937690103316	1.8998118158814157	0.001408820498772223	0.04936676220542316	0.2459541494164008	0.870816671440948	nan	nan	0.010232369957742807	978.20785609319	1188	7.592212477455734e-05
-0.02764129803945503	0.5641049907783541	5.047518087552007	3.0022940849054356	0.05508852527221286	0.4249212480963804	2.57233118010904	-0.6167923548049022	0.0	0.0	0.1472985755407078	0.009651090045090682	0.1581238903799139	0.8270084900630437	4.392685684763403	0.01150812993061412	0.060149862766459755	1.4232982658689042	1.3374927478226892	nan	nan	0.010699786816413814	932.0634098977828	1188	0.00017306257729947085
-0.030719392952895497	0.5987675041069929	4.99247840818105	2.0162907820820926	0.043932247029389915	0.3446025230219377	3.947494860268128	1.9543837744568664	0.0	0.0	0.16797624406398481	0.003240657892335186	0.0678295741194666	0.47616432573531586	1.1611389920516944	0.00192494757275119	0.05604194459928227	0.29057571386420045	0.6074067049355008	nan	nan	0.010637909039295582	955.0264798433398	1188	6.998413238076283e-05
-0.0419011340548624	0.6308048604000446	3.169024437838682	-0.5764753667746078	0.05572946994724082	0.41985006042074097	2.580663794386156	-0.6290916528553626	0.0	0.0	0.15499156294504804	0.005644944795744344	0.05764213615668712	0.8122237152061458	0.7282878855130728	0.0036045801976272163	0.05418930251582155	0.5178767059273184	0.4112574344692575	nan	nan	0.010467054622688682	909.7710599045296	1188	5.3640226250436356e-05
-0.042573231496525143	0.6969420954331701	3.960864073165027	-0.5684231005494588	0.04311491172002002	0.38355563316269387	4.295728707679622	2.0720927732863106	0.0	0.0	0.16587623974199123	0.004569771489917995	0.05790614962904822	0.7456193505590731	0.6464166807341054	0.0020546450530775084	0.05913646629881575	0.30595702951458215	0.657624691747779	nan	nan	0.010638252870914425	868.1295180938275	1188	2.216839796036219e-05
-0.03841893852796785	0.6347703138588361	3.9967042696673047	0.07988044633916522	0.055594098910115575	0.35272473690394834	2.488389349551548	-0.5809394655685962	0.0	0.0	0.1636503581140273	0.022618762956355065	0.10157286336040006	2.7749208095068125	4.33702017368456	0.013375915217405554	0.05751037304755366	1.8083270904855273	1.7897697888682438	nan	nan	0.010968623155346288	915.5852805630346	1188	6.391903775432911e-06
-0.04073822028282381	0.6108529562266958	3.3561001933983503	-0.4329067958014583	0.0475390718910198	0.34337790417844355	3.7826295309795293	1.2490625723801845	0.0	0.0	0.17733664022175633	0.024188001264621284	0.0683698975261301	3.06896177519889	3.5984824441331744	0.01643098011222588	0.2126318871504199	1.4219590279981997	4.5327683569464154	nan	nan	0.011166931011084708	906.4576868699916	1188	7.201512664340271e-05
-0.01890285479992848	0.43144032002673216	5.76833581762541	10.249671791868444	0.06100173354102911	0.4486638732657754	2.2754163118819966	-1.1160613021545633	0.0	0.0	0.1610909419879478	0.04569160876228778	1.6357788566564997	0.40107943402778146	58.28137257341209	0.04054595530466887	0.18580803725898432	6.05533290430846	3.2752643621306814	nan	nan	0.011092951933691322	922.7201376040974	1188	1.1038331699280595e-05
-0.042519210931066254	0.6330643577154256	3.4046866954168165	-0.5108470886421184	0.03796539640020735	0.20185316881419513	4.439644765237755	5.258502734434965	0.0	0.0	0.17654164839246078	0.010577847032657961	0.058751988968195834	1.3878181677860348	1.5145494338085626	0.0013164571861992158	0.060086910379112346	0.28671023095788906	0.7539813394917535	nan	nan	0.010810082907948382	927.9966152417331	1188	0.008448355487639354
-0.04251000893759194	0.6294883463586354	3.249635773934578	-0.6334062973175294	0.03288006811575861	0.19964453829145073	4.939446354757263	7.850725594962133	0.0	0.0	0.1661223846288173	0.011848219639635837	0.06048714016590573	1.6479066414655512	1.5849699013801484	0.0033148758495795683	0.10650944275743199	0.3316072549451641	3.332789373251666	nan	nan	0.010709526787810703	903.1681275182655	1188	0.0011074035881573493
-0.04006297502670553	0.5967911650579585	3.391321433448806	-0.5768873840804433	0.04717102875097812	0.27800463821744564	3.220773347996908	0.6488666303387881	0.0	0.0	0.13966080351558022	0.011655773059836227	0.0638273600406194	1.8112279266768594	1.7697627802993625	0.015421688164964142	0.178425364746829	1.8875000881378101	4.293697380503074	nan	nan	0.010668998604353025	946.9448539403555	1188	3.534951743362878e-05
-0.029587321395742827	0.5643214284264864	4.667326715130148	2.144200765962237	0.052727103843969614	0.3767733953201798	2.7628085571507306	-0.3887358815137891	0.0	0.0	0.14244455276292234	0.003146237930560458	0.06878310423123296	0.4553765771908824	1.1755229024395402	0.0027904444303537	0.05266621666528881	0.44354739114374286	0.4046500652441469	nan	nan	0.010264756949368875	1092.3785874017603	1188	4.254734950526775e-05
-0.027973681455265464	0.5974376762456697	5.645597409515101	3.300010550222942	0.05436327307748545	0.39431642608342765	2.704343024388737	-0.5872689018605046	0.0	0.0	0.14938098757658727	0.009538410581266477	0.160019744368018	0.8023182075043684	4.548648076657693	0.009810545276721538	0.059857313327217054	1.359657016601805	1.3024021556659633	nan	nan	0.010916753815014682	956.0192888339132	1188	1.1460380452970177e-05
-0.05488029504037495	0.659696307290626	2.2764851229572054	-1.4921502846883028	0.032936818669135226	0.1800914811927682	4.584628544800856	7.992845981783217	0.0	0.0	0.1851905803420671	0.009007603428152045	0.07051207463747733	1.035602452735555	0.44095274398981277	0.003918764488842874	0.11707594309817032	0.2958803718800582	3.9519160199871433	nan	nan	0.011048341753656682	976.3069134740981	1188	0.0013074648729834446
-0.03575320130930115	0.6406180756185895	4.357231020042785	0.5184594551616027	0.05280767887517723	0.4046196047555582	3.0770249751428858	-0.26633580092250025	0.0	0.0	0.15686079638610612	0.004093682669981613	0.06275464659713198	0.6105964667607426	0.9370979818001777	0.0028646670782557226	0.054096545332223855	0.4468988536106877	0.43592735777267233	nan	nan	0.010553845971610909	958.6311784342529	1188	7.74022191785017e-05
-0.034809156683547116	0.6340023726591656	4.575375983033077	0.738592907784341	0.05372365857678263	0.3481243092924686	2.3856003530059606	-0.5912509319018873	0.0	0.0	0.14589343710184977	0.013040474155475879	0.10789107250072766	1.6087493647913633	3.3235996717181004	0.00986053711311874	0.05898080804126252	1.3805836594769374	1.3228755230818663	nan	nan	0.010770281085519279	1042.4806156180052	1188	7.820276977045869e-05
-0.04217432267354204	0.684882858753474	3.9048648945095272	-0.460909388259853	0.04509290658544285	0.38463330725270034	4.313752115498339	1.6799186221116738	0.0	0.0	0.16531694481609688	0.004787265653742545	0.05709108684293407	0.7430193401360989	0.7005952057796404	0.002121997342841464	0.05864545863342216	0.32150336043007144	0.6312877687065124	nan	nan	0.010546445223114098	938.0650685212374	1188	2.276106231117765e-06
-0.02995882423019436	0.6062072381440943	5.323182887888215	2.1642315541395454	0.05481809648077829	0.39993408394332614	2.838777969612023	-0.604044593282794	0.0	0.0	0.1549534509328107	0.01033796531375547	0.14464465666736329	1.0618817553059179	4.013436576691061	0.01588883630478377	0.06018247557854531	2.1895272954825176	2.1644367953758534	nan	nan	0.011101549304007391	939.1258800532152	1188	5.247171854254296e-05
-0.02864042660052457	0.5632373518427697	5.1727854038687395	3.2381995842047657	0.044330111416559737	0.3145180091370017	4.019805330619589	2.20958787308037	0.0	0.0	0.17907813783972207	0.0028942525320286294	0.0689310862431177	0.4055131088331927	1.3067085847344917	0.0018366292969375086	0.05466498299276937	0.28276284998225965	0.633481527172602	nan	nan	0.010646111793016	959.7239075622447	1188	1.669035311476165e-06
-0.04188212000659175	0.6632945787058896	3.6871815166445208	-0.5491320136409482	0.04378120851878009	0.36474377938403446	4.470151678481271	2.2340126522841155	0.0	0.0	0.16079860941715407	0.004885577214057635	0.056909970380068564	0.7712770727607152	0.6935036156735419	0.0019641174421533014	0.05765703836848385	0.3003783020045647	0.6706386526037492	nan	nan	0.010424854403671677	993.7064996191111	1188	6.391305020540897e-05
-0.020900005404448363	0.4567753359949117	5.876608976080952	8.248989328706658	0.036950604072206295	0.27612855204810205	4.824863697994485	5.107738114083695	0.0	0.0	0.16757030860239885	0.0020921779998738232	0.07422785433852735	0.36854401483926535	2.1261161662280683	0.0014563563678267055	0.05152620549859119	0.24861644514932735	0.8388691481750106	nan	nan	0.010638510790159345	856.5678535868856	1188	5.358201195223796e-05
-0.04786248571469298	0.6900130747256377	3.228208752080597	-1.0805909279609323	0.04455277227284271	0.3525793162984203	4.157478311892913	1.987601569349328	0.0	0.0	0.18123177213298214	0.029766039295362368	0.15051455953213638	3.7821884093724822	2.8356794692538054	0.02841174763205012	0.4258861597673386	1.9195597585939346	9.348225675272788	nan	nan	0.011243478636647805	981.2231292417116	1188	8.166964267230622e-05
-0.04092733706971308	0.6112745131119148	3.1965265842871844	-0.5983273552254768	0.0532495394796797	0.35364267929978765	2.3559758688086423	-0.5850700002624889	0.0	0.0	0.1412959581045108	0.011606409863200495	0.061690579312146054	1.665309530520783	1.5902821120515167	0.008870568963537995	0.05812928068856463	1.2286960879038986	1.1698116797860005	nan	nan	0.010649448430594205	988.2029671652501	1188	0.00012010522609291519
-0.035496484406560946	0.6150379374176604	4.152433065988108	0.724983901891989	0.056223478999798626	0.3956517215114741	2.5656135637779593	-0.5949548109534358	0.0	0.0	0.17223315659471933	0.016278693415494316	0.12178092939234578	1.8239178041272774	3.8660611464382657	0.023655126694919315	0.05967053222032029	2.787004951807633	2.891543265789093	nan	nan	0.011081957596415976	979.8122958826023	1188	0.00015115022963101894
-0.04127130630209497	0.6214923437413787	3.4404352961318887	-0.6093240893588135	0.04714698495782632	0.2834168892378067	2.976254342583584	0.5318138410676353	0.0	0.0	0.13626645583220898	0.009625823688876822	0.06300486124246679	1.4716150911959096	1.374447115311642	0.011320717733572794	0.1278102017196518	1.3338676016689948	2.8468447677639426	nan	nan	0.010423365008225507	990.974611869285	1188	5.1969456330545525e-05
-0.04096214752975047	0.5877134431264721	3.0741724739123324	-0.596292681226215	0.05340377262295859	0.30975229088096345	2.222979483068926	-0.5142749521688539	0.0	0.0	0.14075807730704726	0.00858103680025235	0.060488674975874956	1.2614149087448372	1.171740217414284	0.014941657483028448	0.05539112897727508	2.0157467679392744	2.1347769317576417	nan	nan	0.010401115971072517	944.7430222499652	1188	0.00018904886743385961
-0.04199591827323079	0.6594680724701594	3.7423273152964507	-0.5886407008815949	0.05563681378939789	0.4016039675440259	2.83039340758703	-0.6005422571945105	0.0	0.0	0.1602591341215561	0.009036611751961132	0.06285353207305289	1.3860256601574323	1.30082542685425	0.0069491357920730135	0.05967377146893679	1.0040402903165164	0.9184379557152171	nan	nan	0.010977339407172451	962.9789910394343	1188	9.505366244175453e-05
-0.031449608245768146	0.6086341327166838	4.810106577338722	1.7565842372167386	0.05513014348563239	0.3911871588179805	2.4875003587632376	-0.6157391844779414	0.0	0.0	0.16033495003354967	0.010064661116147566	0.1261479851627198	1.0224929878027704	3.3447448810226588	0.04075848032730267	0.061956592119129905	6.2054751980390455	4.979694901243969	nan	nan	0.0110618051686774	961.46900713398	1188	0.0001510361687998967
-0.023527419171788466	0.5177115330673923	5.770235886679806	5.347172106654737	0.0435505930034219	0.34187562342049754	3.924165600938676	1.4220617378469562	0.0	0.0	0.13357174606737884	0.0023999718620720256	0.07534762258022715	0.4027607418176298	1.7114040468913478	0.001849194977306956	0.05597828175321251	0.3085917966201994	0.5656810018823913	nan	nan	0.010143888190523753	869.7817836114496	1188	9.922737855474252e-05
-0.021720465182030968	0.4408553777454107	5.67889498722003	7.208650388148636	0.04233492516931281	0.25175544416068485	3.82504708314624	2.339745241372228	0.0	0.0	0.14710684473212932	0.014759654660325083	0.36997632104188277	0.5847521569574559	13.881477413840715	0.007495939863005341	0.15645004995204234	0.679855138096513	3.321185364361437	nan	nan	0.01079489314359143	949.1758707143417	1188	2.9127461295205756e-05
-0.028335419119857375	0.6122582725901293	5.643163176212161	3.475101106721226	0.05617434238694119	0.4109178317480132	2.738772337856541	-0.6532288199142474	0.0	0.0	0.15403904413810574	0.0030634752955844835	0.07331479696111526	0.42797276409138973	1.432612467796222	0.0031107944735297988	0.05321704808721689	0.48859753879649115	0.3758097678626058	nan	nan	0.010207384323964341	926.9277277568094	1188	2.1421293109940017e-05
-0.02878412834140054	0.5579662981776943	4.954048877487783	2.879111739449258	0.043360592492798	0.3240457482987344	3.9842496949737916	2.1102110686224935	0.0	0.0	0.17032910638624513	0.002876892102268158	0.06794954664313685	0.4123292918059658	1.2288060762599362	0.0018529018243537143	0.056076265877419124	0.2900464395442568	0.6322172987839422	nan	nan	0.010575092410697373	968.6295784225005	1188	0.00011622235294319316
-0.03133677446970684	0.5693427127761443	4.562866944104761	1.9776515945969184	0.05657898518492188	0.3364384800889135	2.256766968203599	-0.6153378793145189	0.0	0.0	0.16474209152983071	0.010830377383399148	0.13770906266336497	1.0195084588593228	3.717801255156068	0.008661444636942406	0.05708302171445073	1.160764222582892	1.076015913702483	nan	nan	0.010858109478951466	927.4514603887865	1188	8.519668543724779e-06
-0.04437756080359412	0.7128797488963131	3.799325789437107	-0.659154072840797	0.048158892128436825	0.3826948899126394	3.643392326583222	0.8711975854216437	0.0	0.0	0.17161675780256236	0.020636837287407228	0.06982819193280804	2.729623278775002	2.6326444117151713	0.018497925597410814	0.19973938226647167	1.6189194565538234	4.300329734027951	nan	nan	0.011026628960013093	1029.2588031179093	1188	3.0220056922145185e-05
-0.04128949132292892	0.6148604204930503	3.255345372749257	-0.6492303662595426	0.03985830565565873	0.2569515449789396	4.198993857296185	3.211130101279031	0.0	0.0	0.15044595740593514	0.01726802285504403	0.07203704223305174	2.462617033389592	2.3578814733701723	0.015033842188656665	0.3569359347224559	0.9212916968185199	8.05912148871596	nan	nan	0.010900551062480543	967.8890026347142	1188	0.0001993352688275902
-0.03399423530730783	0.6431953872926048	4.739597966272015	1.2384110880653447	0.057019129327241735	0.4055494570055321	2.516300531416242	-0.6885688213126813	0.0	0.0	0.1675723620329025	0.003868130625061861	0.06654948531259136	0.5301785142306015	1.0686911407962376	0.003435964427798255	0.05383986123594184	0.5059257289597074	0.38167457107695246	nan	nan	0.010500796812300622	1016.9691535763366	1188	3.0448020413592434e-05
-0.041856159609988564	0.6268554628937664	3.3990098792456087	-0.6026474877778208	0.038240059531065684	0.23114012561706604	4.2835875411278765	4.338720994372478	0.0	0.0	0.16020354668417036	0.007528691385679853	0.06763200364392169	1.147654236811765	1.0362675548952993	0.01055933085660321	0.29288411475432585	0.49627881915392513	7.000302137678152	nan	nan	0.010877500819185384	1024.92291906448	1188	4.238051153889305e-05
-0.0332339799285315	0.6356756372629004	4.7430888508937645	1.284434143562222	0.05565932116134076	0.4480638279447622	2.9795211918486326	-0.6235986154991285	0.0	0.0	0.15182808511864598	0.010004229071316761	0.10983801473616756	1.0819439404827775	2.8867751507928223	0.029396337851681387	0.06229308993542493	3.4731691543382794	3.7030488198395695	nan	nan	0.01082737506056057	953.3767663537678	1188	1.139672495355986e-05
-0.04346905807033408	0.7400874145476252	4.056952924170241	-0.7137284362591265	0.050654857624011784	0.5232030058264144	4.235238985115598	0.41972837570966487	0.0	0.0	0.16995497584448843	0.00529634720870531	0.06193271435684966	0.8570671475974243	0.6929928497088227	0.002840324746762657	0.058815545147103326	0.3964464820234055	0.514984501283448	nan	nan	0.010746139014630979	947.3936159474702	1188	3.4201847549108804e-05
-0.037262423990279236	0.6761385619022318	4.624638937744489	0.31034767116132456	0.05455761448519314	0.37637596009356333	2.6958707275548006	-0.5952019386508672	0.0	0.0	0.15751426096668256	0.016120422673591428	0.09612190491994338	2.098890492934371	3.4651825171034747	0.010795176139277163	0.06017713107207892	1.5432843213558447	1.4854538983244296	nan	nan	0.011090735862506362	1026.9349898535136	1188	2.730844735962602e-05
-0.027834126404581938	0.5971883540609777	5.593623060554162	3.157106217610767	0.038472404931210624	0.3164947354148771	4.633728472698904	3.718476315855915	0.0	0.0	0.16873930714093627	0.0029093126428395566	0.07206099996040138	0.44420261683619344	1.363025778508537	0.001627593396578586	0.0565977188334387	0.2755306879292325	0.7744832934790714	nan	nan	0.010972841594611038	930.7907301570652	1188	1.6985565455785217e-05
-0.042829962137303834	0.6728325751173436	3.553594256774084	-0.6525231497226862	0.054093328187236445	0.4339926650130685	3.0768094426061543	-0.32871929861560745	0.0	0.0	0.16946880686637344	0.005464590619310539	0.059406434893446325	0.8387797309941649	0.7102557334632267	0.0032304236243611006	0.05481220660268635	0.47172008737819016	0.44866237759866817	nan	nan	0.010774122497536343	996.94011607013	1188	3.3799311734701264e-05
-0.040690958455286697	0.648752660705195	3.7401356535386485	-0.551892385761033	0.04173729160261597	0.32838460611232856	4.433145946182497	2.5837172024929944	0.0	0.0	0.1555491038257787	0.014364123577230437	0.07333338362021047	2.1606685282880473	2.1877749142865888	0.020290360694304233	0.38292005074989005	1.2947207191179329	8.375725513864522	nan	nan	0.011051647352188623	1007.7261022017741	1188	3.6053609709701145e-05
-0.02785766327233896	0.5948723126007901	5.659505804636606	3.281686084217455	0.04597556817549164	0.3712904657630598	3.9788301029613287	1.2405205802617931	0.0	0.0	0.15839022951359896	0.002898482629005439	0.07241085382432472	0.44176400322307696	1.3838605635809207	0.002055608442874668	0.05642409948459404	0.32239263705064114	0.5562576800230573	nan	nan	0.010503232441497395	934.4421801202797	1188	3.0573347539174793e-05
-0.047593983744695034	0.6438939500286069	2.5567134690008797	-1.000309484204786	0.044222125720631666	0.343586734319108	3.6092427262665217	1.5218065058285515	0.0	0.0	0.1629358262957008	0.005848510517772687	0.05756967147538833	0.736656999823862	0.47562527145748207	0.0021471314814788256	0.05736443245456588	0.30851212932604977	0.6089193142117779	nan	nan	0.010414563279491848	1003.5236878320444	1188	2.3842587967898463e-05
-0.04336576545199655	0.7038277744452272	3.81116309892858	-0.7461116917853402	0.055454213336455505	0.42642356404141446	2.8831981139389775	-0.5818090847207406	0.0	0.0	0.16068771249744468	0.026264675098853663	0.07177269600168301	3.5390611892294386	3.421937755156319	0.016350975715860083	0.0594254546961655	2.1060161886507966	2.1080445846834617	nan	nan	0.011027198876011987	955.9122695512194	1188	8.167497026589435e-05
-0.04468042122658933	0.7601113151379638	4.139542799588138	-0.6488637255310141	0.047970484024826066	0.43714609704818924	3.9588853320192525	0.9030265816175661	0.0	0.0	0.16840494694919045	0.005284594340470683	0.06055188069736722	0.8084934567553117	0.6777056476434302	0.0025024229604210246	0.05777895286220794	0.34964929989517946	0.5511009615213501	nan	nan	0.010546028730267679	986.6272233900303	1188	2.0941604072522406e-05
-0.03152951226368339	0.6105327119660287	4.895582529700251	2.0951372527811265	0.05437607626890362	0.376398719119702	2.7326507002619946	-0.3256865500438019	0.0	0.0	0.17237703803008803	0.003378107484296289	0.06817845224186547	0.4632387329851171	1.1591142392762304	0.0029449860108593517	0.05238426572369778	0.4374131890441477	0.4139191351813222	nan	nan	0.01069151250140811	895.3860793462393	1188	4.003079165055084e-05
-0.03703219038882488	0.6540104331130594	4.245801680854623	0.36339138721215414	0.05566255393896791	0.4430372941139051	2.9104486667684553	-0.6281202010418332	0.0	0.0	0.16328023346778509	0.004364438910736901	0.06172418355823839	0.6239957008697203	0.9122337670060412	0.0033634193704017434	0.05570894413234298	0.5182026243781785	0.4074125862595862	nan	nan	0.010752900741804489	933.2955406943083	1188	0.00014431313989558857
-0.03423373580396727	0.6199979330398848	4.338718041309445	0.9531518939710949	0.04632905147456179	0.3970645490489227	3.962748329008786	1.2288021351268508	0.0	0.0	0.17196044818742362	0.0036936891793642457	0.06329685350087055	0.5287505027032244	0.9474546387317143	0.0022429072790066673	0.057892594480525555	0.3298931346560954	0.5689423528638032	nan	nan	0.010856951972591164	930.0316216065962	1188	7.812006354289961e-05
-0.04174876343238376	0.6217058074429442	3.412139776390122	-0.6105188112557414	0.05084791683104939	0.2831642339853352	2.589827983691446	0.08318547094839716	0.0	0.0	0.16322595232886966	0.013611917251817152	0.06574761107186167	1.9865895265014712	1.9109804058492315	0.02611985631945013	0.16670212150593122	2.96879907438681	5.178746889651434	nan	nan	0.011070825881861077	1004.4175246988216	1188	3.2538349315763516e-05
-0.027542035548260846	0.5190797853379949	4.842316269140419	2.9965534004303365	0.04168181485872502	0.27200066402383194	4.071307374612939	2.74356700814567	0.0	0.0	0.1632122108449479	0.0028441906201682188	0.0698389793190494	0.4259783731749103	1.3225384263286766	0.0016333341866467954	0.054169654305173065	0.27254115027444614	0.6888067598453103	nan	nan	0.010705689484230951	923.4194210063802	1188	2.2052035545972597e-05
-0.028732056736560985	0.582329864606598	5.088353606912783	2.542087370867511	0.054745589007225925	0.4220808386639258	2.877409584194467	-0.5822579640607227	0.0	0.0	0.15455651433788103	0.011253502422266859	0.16465627261543428	1.0652147618505259	4.693516893129604	0.01397699716098355	0.06186620322816763	1.8589373148022348	1.8369104385515134	nan	nan	0.010885635990777978	945.6678799825803	1188	0.00011078581827636234
-0.04104270250827069	0.5788492746352785	3.2082364748837526	-0.5794880288956992	0.05364036188964594	0.29219833277816437	2.557383442739245	-0.33834858941390267	0.0	0.0	0.15977505391967906	0.004517118891007477	0.05610894056312565	0.7434641025800255	0.6462528627672495	0.0026399836013666356	0.050877275272169814	0.4513794631085095	0.44323059486672656	nan	nan	0.01050086996231854	971.907184006582	1188	2.5898709705360928e-05
-0.02255669438396357	0.4768828504982031	5.573907878582367	6.720406103428456	0.04674023442292019	0.35355714036174857	3.7356712860338135	0.9656936992288631	0.0	0.0	0.15086950878092661	0.01013227638568015	0.24764399333040762	0.4820746604832382	8.478685336780906	0.01441352614060798	0.17389399684886123	1.4182687116615582	3.8123163598304615	nan	nan	0.010674894400478113	1032.0084320734497	1188	3.827698445436571e-05
-0.039429339309794975	0.6473033649378688	3.787607257549226	-0.2706125108956959	0.05337319359620096	0.3458025944744918	2.4191045495075074	-0.5960521309580391	0.0	0.0	0.1346879860102892	0.004854357825383071	0.05898604310684524	0.7524813346515833	0.8031892186274364	0.0029579982201478616	0.05284879011877405	0.4883140360990682	0.3959080486883479	nan	nan	0.010113015247018811	934.5650581161229	1188	2.2515413540005198e-05
-0.045597154989869604	0.5857359558261004	2.4812014028139204	-1.186277756888174	0.04589653027985863	0.29428843434292	3.4830019969921224	1.2042424784122963	0.0	0.0	0.16199501979713685	0.01697885280379785	0.09990369273277239	2.3660979904260038	1.468389010094127	0.011721270221988211	0.1674102114532318	1.1625483574578737	3.5491409106000567	nan	nan	0.011316432044039343	953.8346004585032	1188	0.00012746254496774168
-0.023950444435337115	0.5405044892202218	5.622345347333011	5.098553575483168	0.05503321048431742	0.46327813258026646	2.9380452919350475	-0.5929695332454645	0.0	0.0	0.15257502548857257	0.018100957179046917	0.35712069741667607	1.0446022795917456	12.123556383438164	0.015204753424769901	0.06743681257906223	1.8939140253147428	1.8549745728937614	nan	nan	0.011159135823676211	925.9159547529339	1188	0.0001793938467696881
-0.042356965871150454	0.6883564671722835	3.9248156830451535	-0.5944018505980218	0.055705031688147555	0.37454346412215045	2.5522395504729287	-0.6217745686475249	0.0	0.0	0.16201106035145146	0.014077313153529503	0.06414985834925135	2.0729757717328505	2.0237614336283474	0.022230998130820967	0.05909245697466539	2.816301139827707	2.8666577170488687	nan	nan	0.010858772559498076	930.9108541402583	1188	4.254927686520426e-05
-0.03517375965769731	0.6325227714926083	4.157460217490321	0.4735233535927258	0.05095661021278497	0.4128939943776169	3.0257860611953014	-0.09926634939725265	0.0	0.0	0.15429922163529797	0.004058253194792638	0.06316303982191024	0.6069799796685396	0.9149521551288281	0.0028736179138295626	0.05500067945073578	0.42286940235682047	0.4477084638654734	nan	nan	0.010655560343072926	974.9230240104333	1188	2.4189565324041636e-05
-0.02776731572041291	0.5871631808542594	5.481072024462346	3.251016486560221	0.06273019523686285	0.4099813552319645	1.9994512708822532	-1.3268895084109646	0.0	0.0	0.1518984564856131	0.011083432315984076	0.18488529020463243	0.9369599976156402	5.297823568056405	0.012658841424981193	0.10463527677435217	1.7567601597236393	0.9087015189410498	nan	nan	0.010735792798160865	891.7596604395729	1188	0.00015898767018564838
-0.04117201875497556	0.5643375881812125	2.951447763067207	-0.5876193409493423	0.04676178341216497	0.3011276709076875	3.3705481085225575	1.0228049184566703	0.0	0.0	0.15955662289034633	0.00627038935354679	0.06356921352169248	0.951266963866062	0.8472318765935033	0.016256765983648336	0.21167171031521886	1.5829223401334684	4.548435619494732	nan	nan	0.010949288553381412	996.8345645571203	1188	1.7475067190270184e-05
-0.03292404334333365	0.6528289548474622	5.126381620969591	1.595501424589241	0.05649057386866785	0.4110698474553469	2.5975163791885296	-0.642062419130444	0.0	0.0	0.16477357633823553	0.010424217899570876	0.12037017254903826	1.086775159375696	3.251768125714411	0.030265730181611716	0.06219265271152369	3.3835216918405964	3.5710548070604142	nan	nan	0.010997146936181867	936.63436257189	1188	2.081280891493723e-05
-0.04307039764757825	0.6729493008942679	3.623816669556791	-0.6054624000081429	0.050047768507721635	0.3789581470518114	3.439802683596164	0.3590229501494147	0.0	0.0	0.16848161789888227	0.011149311215693014	0.06701329735316386	1.5821651435682773	1.489229275552757	0.022150684893082695	0.17925911601313138	2.290046749587789	4.539362926338084	nan	nan	0.011122669606901003	938.7654692632716	1188	7.815921154137647e-05
-0.042604078375569565	0.6955931019896551	3.987801016085481	-0.542914709574374	0.05749893715888543	0.4419667313150822	2.8333248222617895	-0.7266510260714342	0.0	0.0	0.16412701258828183	0.005187320757157443	0.05898397649873033	0.8246541276643717	0.7451733549463593	0.0035550827323738154	0.055193830520809145	0.5415273897055393	0.40260351869093797	nan	nan	0.010566803423218932	938.4127013563384	1188	8.255081234084097e-06
-0.030296991196842593	0.6663605692616204	5.601565861208481	2.662694159453371	0.054825637573827635	0.4936645406057612	3.4306917844194085	-0.3314226061812133	0.0	0.0	0.17251700910334244	0.003301818102388332	0.07216324231852711	0.4624409768043103	1.281478944672971	0.0031141074680582914	0.056008970918654644	0.45794305101365684	0.4183534174036882	nan	nan	0.01076596809394309	973.6616331958295	1188	5.499591171674745e-05
-0.027545652674701215	0.5417576004471023	4.993825655458609	3.201424903511378	0.04386637506628799	0.32209379200268445	3.6965111909109183	1.6954544986152025	0.0	0.0	0.17188690161625833	0.0028695841598761485	0.07089340363452612	0.4209730412348254	1.3465803395418374	0.0019326496541431926	0.05641377723255883	0.2997528804197551	0.5986975633782229	nan	nan	0.010898328624730003	913.8808315925647	1188	5.3576466171575595e-05
-0.014504448772442502	0.31224922208739825	6.336473054925477	20.171341843825278	0.03766009275044313	0.26330666412784504	4.709008270575873	4.70040505036428	0.0	0.0	0.1641429862064363	0.0013668006231291052	0.06844164058760333	0.3569769569654966	3.7247597899914915	0.0014525219508916276	0.050894103045759725	0.247707971750466	0.8128971856088122	nan	nan	0.010415707614377323	1026.9507523960679	1188	0.00010965765963584013
-0.04174597108446387	0.6780767382165694	3.9921375555439607	-0.5669791667390065	0.03985457020596872	0.26238671029570454	4.363173717546757	3.403650560694415	0.0	0.0	0.1518312145836212	0.01252408927037002	0.06533304661357775	1.914312183024693	1.8893089273403818	0.008038209601210045	0.19793888237096854	0.5518943798143712	4.38376781475443	nan	nan	0.010712154117787684	896.3646747363748	1188	9.256026036923978e-05
-0.016302486978325148	0.36146593622155954	6.024743425697437	14.753856043003603	0.037881222153886895	0.3035946270716753	4.569862177138692	4.176426622709593	0.0	0.0	0.17412547352930519	0.001597316692624584	0.07258079597024175	0.3559106853830265	3.050975605176394	0.0015437958803851126	0.05389232237598102	0.25586367648994246	0.7730775185733191	nan	nan	0.010842594862333757	908.5646789166391	1188	7.881360209624765e-05
-0.03693270958088546	0.6736390736513034	4.432118937243724	0.37485928573582505	0.056602772440816906	0.46787625823581847	2.93944252310516	-0.679405367933472	0.0	0.0	0.1608976788047907	0.015104397456034813	0.10034785294534154	1.8295558495381519	3.238286817146661	0.038862105721821805	0.0720647841814355	6.467814176492128	4.53182978380638	nan	nan	0.011082267105217897	933.9922794428899	1188	0.0001304682099730517
-0.04217577796419125	0.6454098028597783	3.5558686263722397	-0.5430822321991607	0.051357202534713986	0.3690322574294294	3.131790345925248	0.038211358047517414	0.0	0.0	0.15128134399346974	0.00441702727484955	0.05639815973503376	0.7010727133817325	0.6153820965229849	0.002645035029639864	0.053858651689261156	0.4071539345776465	0.47122897287024146	nan	nan	0.010238590935474773	1040.2795116179811	1188	9.542272040795503e-05
-0.026720034471062415	0.5469308106275359	5.103282569330624	3.526424240730107	0.0553524994206438	0.4198763858051855	2.66422856151586	-0.6363812688703322	0.0	0.0	0.1582780709711396	0.009577748400743324	0.16956716225443494	0.7497295609047021	4.815836803248634	0.019230358678126724	0.06184636085898415	2.3843995965007148	2.325721475776046	nan	nan	0.011090801758826319	992.6751812431688	1188	3.835739730832449e-05
-0.02651909014431908	0.5740831124635242	5.17156558700683	4.087623020634408	0.05589705369001785	0.4986237083807833	3.211168543412631	-0.3548137580723998	0.0	0.0	0.18027399457912363	0.0029018972507864893	0.0741781419656295	0.3922073801681667	1.495185286800543	0.0032651598504128687	0.05486567649621488	0.44791293157592005	0.40159947301109994	nan	nan	0.010839521527974919	1023.6834633292226	1188	0.00016404141885709993
-0.04205218808720723	0.6665614204760772	3.660658835830381	-0.6022772699215189	0.04819003928871535	0.3591155264916763	3.4524001965744224	0.54019539262297	0.0	0.0	0.14345515523880767	0.011563298808286382	0.06685253016329817	1.6961400097594985	1.6127373569757761	0.021821636613606366	0.2044383866820073	2.263190169352046	4.974967528985365	nan	nan	0.010518579579189585	998.3315393895224	1188	3.4880963890282184e-05
-0.027368585494485398	0.6043620981814997	5.7855404286077565	3.956781411294384	0.04304551872481377	0.38036963474708996	4.502286357566837	2.3204595586713506	0.0	0.0	0.1696570276195044	0.0028125387476340413	0.07216356336894925	0.41152017831628473	1.4435157075620813	0.0018887350694458682	0.05713266723362995	0.2944021990222465	0.6405459777497543	nan	nan	0.010540913497760651	991.8037723692937	1188	3.817958641713497e-05
-0.041928020687375445	0.6677328596115852	3.814595894394217	-0.5976003944142525	0.04451098809270726	0.31203596709601644	4.031399440287832	1.6597894684401677	0.0	0.0	0.14699839366559073	0.008954632380077876	0.06535770722690987	1.3921246603866648	1.296955313989595	0.009685973371571177	0.16579618735161247	0.9028965950620091	3.392599193071599	nan	nan	0.010671351894563794	1012.9618180300704	1188	3.730383413816999e-05
-0.042927957542240325	0.6705759860177389	3.7097272386178606	-0.6296046466755298	0.045865653807596996	0.3004970859005075	3.6009468210009032	1.3128312678097254	0.0	0.0	0.16096013079402635	0.018353399244566304	0.06576956177478777	2.5735354037906193	2.5194447419875368	0.011020580843619787	0.1661376041140996	1.0506758881415403	3.412702171902734	nan	nan	0.010900458298020416	946.1037050778822	1188	0.00013781421617143968
-0.050790113203342147	0.5962201612186911	2.0395931298691754	-1.386641995078431	0.03933342358069214	0.2786754167236006	4.415818022356952	3.7798415422149323	0.0	0.0	0.16489087476137415	0.005712914093918109	0.05745184441085044	0.6978727022105449	0.3190301544870949	0.0016327119064343254	0.05505640425302641	0.2660153017787863	0.7996225709945672	nan	nan	0.010386382818929701	958.3443058859398	1188	6.577532307455814e-05
-0.04171133950120709	0.6267300759072256	3.315816459925735	-0.639087202596006	0.05249424402254754	0.3686687940025013	2.8368570329511433	-0.2262231192082884	0.0	0.0	0.15367960181672902	0.00495030981597494	0.058073254037549704	0.7844163779574027	0.6619262927710569	0.00289076239731223	0.05332645036743644	0.4417001260739657	0.44910450832912613	nan	nan	0.010488359425132265	967.7709703566507	1188	0.00015002704614566181
-0.036829763565178086	0.6808585909102035	4.5458511131597685	0.43201973187818277	0.05265267110417615	0.4467981400772348	3.3995207262747416	-0.1631457062548356	0.0	0.0	0.16157954996753515	0.004155787546808065	0.06283023840646629	0.617433933582261	0.901611435724772	0.002907725782753001	0.055559254079909776	0.4407126861867159	0.44946181284686454	nan	nan	0.010754361820019806	1026.5702819885673	1188	2.1785979679016634e-05
-0.028761247895977005	0.5950138790975826	5.043576135325251	2.707457230627892	0.04400562840979494	0.44995263110168626	4.601885722846243	1.9586842389132273	0.0	0.0	0.17303183475912295	0.0030798999432652407	0.07078085619130992	0.4402811864384799	1.2662732288697873	0.0020977070638857898	0.05888792511721172	0.309226560330242	0.6075680300289911	nan	nan	0.010765524368708118	853.2631663155021	1188	4.229393363221651e-05
-0.03511478675634894	0.5800686782410465	3.989841337347247	0.549693768981308	0.05460935062727179	0.34803544344286697	2.4801159300446134	-0.5972345784701478	0.0	0.0	0.150690286140851	0.010942384963005258	0.09052969060666688	1.3597867312311045	2.598315605824534	0.008799236170615066	0.057862297348557495	1.2715631213887837	1.2034550160644755	nan	nan	0.010764635734843986	888.0495524577539	1188	9.530412049783754e-06
-0.030488725759438284	0.5772139195424181	4.934695718583249	2.022595047322987	0.05423811408371737	0.3247584253959	2.303793225625524	-0.5833539065757039	0.0	0.0	0.14180693465513683	0.0032425547024620416	0.06831287288225052	0.4776850237105754	1.188517768151608	0.002852224535854986	0.05099005884407609	0.4649523453213351	0.38052865158103055	nan	nan	0.010036124879212474	934.7856139391461	1188	2.574682336902389e-05
-0.023589634729258457	0.5730684045563763	6.4946858709971504	6.412065973286387	0.061979079030119566	0.44257506087171855	2.3743024007498095	-1.129616761269558	0.0	0.0	0.15978077624685788	0.0027590340273266345	0.08209540486200881	0.42077211422300875	2.1200759367606445	0.0037148651575226177	0.05633654874077815	0.5675676090637956	0.3056246355503443	nan	nan	0.01034509768978803	955.8661663733935	1188	5.188571910517999e-05
-0.04140169990541864	0.6427570311220772	3.344617250971046	-0.6085154735007781	0.05080137359775794	0.409692590544975	3.2595512110290183	-0.025327420701735315	0.0	0.0	0.15550781411402287	0.005026578246138502	0.0594020263051403	0.781031045004394	0.6711057298613579	0.002834333900927355	0.05595275730068103	0.4300099527137182	0.47972266725654855	nan	nan	0.010581225979253248	945.4590019433783	1188	2.8367460743842145e-05
-0.042482131930338785	0.609580191330687	3.237385655322727	-0.5855367652619307	0.047773723913804966	0.29763244416055534	3.4054590919833645	0.9528902803450408	0.0	0.0	0.1617175079736316	0.010036213346367673	0.06108244592599665	1.4174844170827656	1.3451419615313316	0.01078067335296884	0.1406209447732805	1.1350303413676	2.9910512690171984	nan	nan	0.010896152273430354	995.5085578465707	1188	5.6801262773233125e-05
-0.035276393904532743	0.6574264776243186	4.4351138312344665	0.9272672857951321	0.055787614368691285	0.38173763712270004	2.333177683734782	-0.613084649013908	0.0	0.0	0.16482230889618088	0.02440594618084624	0.18799040914518356	2.452655588196834	5.969779131544214	0.023062852463850536	0.06176632758526951	2.634153607657997	2.680450093841177	nan	nan	0.010993888311659233	973.1545572160608	1188	4.8780808512863915e-05
-0.035221357407265064	0.6152591609454341	4.186191208820434	0.46886037445641326	0.05526756908270358	0.406907980066418	2.6915111787081307	-0.6034005995008451	0.0	0.0	0.16499012452794448	0.016486517510099663	0.11139471676856605	2.077907997055837	3.8544783670437237	0.017297195986991643	0.06116382960169284	2.2049677956006897	2.185922506647604	nan	nan	0.011211936775719356	948.0426330932163	1188	7.265288266348861e-05
-0.025573286423709707	0.5698426741644582	5.615578852242398	4.6164250729218415	0.05648880713203264	0.4422094160518473	2.7638141188247847	-0.6396553674322781	0.0	0.0	0.1615206190763423	0.012743275910990115	0.23872735534000764	0.7856708467116627	7.505288598599611	0.012989412884321316	0.06220997699986447	1.6323704801822325	1.5053782624036582	nan	nan	0.010859716600369218	920.3776964680414	1188	5.033183199202928e-05
-0.0276431369543777	0.582820974396583	5.396277168949939	3.622119244385893	0.05545503111222416	0.4014737099003828	2.6184703661843374	-0.5828009136346852	0.0	0.0	0.153694372112588	0.011211766776510368	0.18728645909363056	0.8216058957638177	5.477150855066917	0.01398567399372308	0.05923308711020622	1.7689157289598891	1.7422798885234034	nan	nan	0.01082850761028667	1000.7237102213834	1188	6.683363915083065e-05
-0.031941250165971824	0.5990901640144236	4.534827042783465	1.5624101184262547	0.04300158227097417	0.34268336665442933	3.9103665763813193	1.894334189077182	0.0	0.0	0.16057357608227155	0.0033556349962430843	0.06526697324071795	0.4770376347777514	1.0385525361352967	0.0019284144420096405	0.05718130166700075	0.2962676712510821	0.6175052624771008	nan	nan	0.010534286033263368	982.4223632449049	1188	1.7175867334584664e-05
-0.02921633429897874	0.5692249301556755	5.022250165091004	2.8946492122611027	0.04074597875731123	0.2669259142618638	4.058291937288539	3.2147108785887335	0.0	0.0	0.17267557346114926	0.0029273579061252497	0.06735664542958131	0.40432406949313915	1.2285786695239358	0.0016175165958931537	0.05376088028731593	0.2636891359494191	0.7217113297821179	nan	nan	0.010620081353229643	904.2249156323586	1188	2.0925014357793348e-06
-0.04543335055311126	0.6323469005769773	2.9991989007017947	-1.1333152700618656	0.044746225214996826	0.2937360640584317	3.5349482447720693	1.3189066745780305	0.0	0.0	0.15618931925459623	0.00531543424188774	0.0598411663000718	0.8698067266645251	0.5223310996208106	0.0020035326793600428	0.05693289829171713	0.3234252919720282	0.6168657713442945	nan	nan	0.010544489461161419	998.5325044060494	1188	1.47472904222768e-06
-0.04326881143990646	0.6758959705153305	3.416430121251132	-0.668396554851251	0.054852829074427234	0.4126159641584357	2.725923874529601	-0.4388330232601507	0.0	0.0	0.16587471921973118	0.005601907130220185	0.06005360927751158	0.8252866086175936	0.689886044471306	0.00339825434531138	0.05352221349017289	0.4798897275177372	0.43145183005420124	nan	nan	0.010725964649519332	983.331936594654	1188	8.629273822159722e-05
-0.050081904613715644	0.5843491357721583	1.9777799866489292	-1.4182007772043843	0.038316247846761575	0.2606852124727119	4.26853459760706	3.6318574520361233	0.0	0.0	0.1498274012114006	0.005546965719297747	0.057733128698788994	0.6906056057743934	0.30543951696422916	0.0015788265259665257	0.05550566455085193	0.2694580704720675	0.8016898529748521	nan	nan	0.010387273662622987	897.7853570600014	1188	3.319337524474225e-05
-0.02827824268344814	0.5796601253046996	5.184599405923837	2.97995800242993	0.05526690717982774	0.3981234829949842	2.645190620262534	-0.6235744732658385	0.0	0.0	0.15037150737535504	0.011341734676852677	0.17748873620300445	0.9485655203541272	5.047837940900283	0.013040964934804555	0.060813695483340036	1.7331699510676706	1.6492500156741674	nan	nan	0.010835398371384017	967.7962606829813	1188	6.112005564118611e-05
-0.02048772531853349	0.443328426272522	5.691920127097695	8.562200340240386	0.03862725059549965	0.32050836940003535	4.708297106612308	3.8854579054713025	0.0	0.0	0.16192225290590856	0.002000296092086684	0.07262807597600873	0.3493248542672496	2.099131296275372	0.0015748186068620385	0.05443958623382153	0.2657600269822513	0.7525420008983387	nan	nan	0.010449150370335641	986.4176297789109	1188	0.00019753945585074904
-0.043423591743625534	0.6526428350065603	3.4500911979199396	-0.6561576317922536	0.05614847191449557	0.3334546099588587	2.3312283386331227	-0.5686592258813622	0.0	0.0	0.17225001596493905	0.012583607221381188	0.06330268859588667	1.760580262188309	1.6237688183433199	0.012796854035715954	0.055883893503190396	1.6901432954669289	1.6824257246778114	nan	nan	0.011065108985767083	957.3688168068896	1188	2.3233908322718136e-05
-0.03216575858560278	0.636151012743291	5.118359317057787	2.0627652024784795	0.05746643440060972	0.3897692841583159	2.4108409755769236	-0.6250406795959916	0.0	0.0	0.17730060183594926	0.01004173162675398	0.1280025675910773	0.9331666251223636	3.3990628878054276	0.010020707427560227	0.05851268773076057	1.2292921680905433	1.1348095222391705	nan	nan	0.011108202842543116	1017.3445575747965	1188	4.263157718421966e-05
-0.043579026509208973	0.6677677657950335	3.348969334084021	-0.6736198690968436	0.055326521525097094	0.3823612443283175	2.4182235759611377	-0.5570522770545132	0.0	0.0	0.17580986365617202	0.0140697127725809	0.06481218128926436	1.8713972715921408	1.7161913737942738	0.019501519739348883	0.05802736488839555	2.288808136555852	2.3759046756375093	nan	nan	0.01145108379801571	890.7823496421056	1188	0.00011562577915409886
-0.04205541527593959	0.6343857453539575	3.28639694619111	-0.476912297621196	0.047922135043966474	0.3969505845683443	3.7679781199699915	0.8845714514426888	0.0	0.0	0.17418988562398757	0.005045413643365193	0.05631105792673158	0.7229356684480734	0.6787097412877677	0.0024542542079988294	0.05772334498569029	0.3523360783969567	0.5609080807130364	nan	nan	0.010801481054517961	1026.8705141289065	1188	3.5981632660073553e-06
-0.04120204061639998	0.6184687961755524	3.357063179594682	-0.6215040493439992	0.05392669360664715	0.3386605527528704	2.58341901958258	-0.509568437536005	0.0	0.0	0.15191192932491604	0.0162010384151966	0.06267280276066056	2.3362718843900585	2.277691144592974	0.03200521628876807	0.05963275307178101	6.291708459457762	4.8003673508208005	nan	nan	0.010880054569710557	983.6282332565663	1188	5.771631585694527e-05
-0.03214628161147792	0.5890598702172292	4.538057657935513	1.4153369435519627	0.04751477637468993	0.315070602288059	3.199235512234082	0.649684850602528	0.0	0.0	0.14839859437571792	0.003383592283232928	0.0651615695235006	0.4961946978507137	1.0366513509017024	0.002137234740382188	0.05399629589274013	0.3391912898149798	0.5072387538354663	nan	nan	0.010341849025488611	956.6439671047824	1188	1.314368877015134e-07
-0.029913953765734358	0.5862178591612823	4.956648242121802	2.2653898721270678	0.041214011280485296	0.3017103350516076	4.037984242265248	2.5469837748658746	0.0	0.0	0.15237246632762325	0.0030735170414869506	0.06743960710614283	0.4449960430128095	1.1649953595999836	0.0016978318386702274	0.0553989475221805	0.27691740394505526	0.6649477819065448	nan	nan	0.010464611559500916	920.6277351770111	1188	2.1781617878755722e-05
-0.04623616924740903	0.5936287770861295	2.4239164727444384	-1.0170849285896808	0.04151972233550927	0.25552866670196006	3.962355946666899	2.938234587618565	0.0	0.0	0.1642214334997713	0.017785920234175634	0.0841188588210573	2.1747605950805284	1.5368298324136953	0.01007523386910214	0.22359142671558843	0.6769451427844377	4.830236114744811	nan	nan	0.010942399793239993	934.3258345323447	1188	4.5829144390007815e-05
-0.04115781164692689	0.6266642968930662	3.4721955115561776	-0.569410544648356	0.043244580459989024	0.34000758229274186	4.176235269960168	1.9653097243689819	0.0	0.0	0.14777346786091974	0.010236172882525651	0.0802202600932782	1.5341970487312735	1.4774492289579062	0.03246890708548866	0.5169541796973244	2.3181609599259847	11.443937658137653	nan	nan	0.010625746755717702	913.1707243885021	1188	2.5176287746587036e-05
-0.029481090097115747	0.6122204743234203	5.47903784906601	2.7599159887722045	0.05570829232403551	0.3716810406330588	2.648504755973521	-0.6025458246266125	0.0	0.0	0.16580568794774658	0.003150498455794848	0.07207367216568822	0.468465839684169	1.3160189702513272	0.0029994356455097515	0.052481699646474395	0.484029655749719	0.39107810322955344	nan	nan	0.010601456618732533	943.9295096611258	1188	6.964228338454335e-05
-0.031578084668690165	0.621581246105426	5.020703055553098	1.6341092135888067	0.0546406095914711	0.3872246070519019	2.6169486441347125	-0.5999255424968328	0.0	0.0	0.15390570977679938	0.010238949356733695	0.12643338777240895	1.1026927964034978	3.3991795580802386	0.009194824190766115	0.05999822092613566	1.2672183405021484	1.194153979388838	nan	nan	0.011078083124845664	992.3510955643313	1188	1.9644441673994653e-05
-0.043976672195324196	0.6272314488904551	3.145436930419158	-0.6362652939788058	0.04203927113783634	0.1963911774561129	3.689469830587136	3.1801023750275528	0.0	0.0	0.18234075990239607	0.013299650910431171	0.06323269328810088	1.7344598063293675	1.619845073752946	0.005909924809795908	0.1614273476479753	0.47925224599506544	3.435275623201132	nan	nan	0.011316357022334064	935.9322344992936	1188	1.4185911051389949e-05
-0.03494314833194767	0.6476922427943698	4.569201242458199	0.7832556616153251	0.05568168611937474	0.41444809885486084	2.6242760381105965	-0.6127111899385423	0.0	0.0	0.1686284195663082	0.011960532687422198	0.10385565233089056	1.4213180071658476	2.998024522636644	0.01069676149982901	0.06086139073748195	1.3645563319757938	1.2807824264979613	nan	nan	0.011399626117644793	933.7779744019174	1188	5.339163655803091e-05
-0.04937905008709298	0.6473226344996419	2.6967987210353215	-1.3691494106255775	0.0436759308630974	0.30032783984727507	4.038237117255093	2.0771518257194583	0.0	0.0	0.16201496934162818	0.005449569364719076	0.06181399956439387	0.8235251465531357	0.3959414368029238	0.0018761238934934532	0.056788701701274646	0.30200652122521854	0.678614597967549	nan	nan	0.01057949971863098	973.4637230952088	1188	1.1794391751125864e-06
-0.053906571667916015	0.7022735414222647	2.551934278554376	-1.4696413225833602	0.03853764346629984	0.3545247911732835	4.845676145635806	3.777710033343112	0.0	0.0	0.16318212302684704	0.005552806696496271	0.06138236173962408	0.712716652454348	0.30221820458176973	0.0017474386435020195	0.05845918908093764	0.2835398061577932	0.8014632835626445	nan	nan	0.010301616095941254	922.5309124626829	1188	4.425902457322013e-05
-0.031118832541366825	0.6293956858873795	5.048625741365748	1.4969319500340421	0.05342878599520917	0.4645433527566089	3.233246556123124	-0.6051253192395201	0.0	0.0	0.13806037392086337	0.00978093620624021	0.11890399302443327	1.138416443550668	3.2219223006621047	0.007023709492295471	0.06450969129915393	1.04232465954958	0.9503537013058454	nan	nan	0.010934180961806206	965.2387188231646	1188	3.938880301236609e-06
-0.041993053406456204	0.677845581560641	3.7707365270885496	-0.5800425470222311	0.05623749145343804	0.41337467271281275	2.652960920005455	-0.6198742788073134	0.0	0.0	0.17375163891728052	0.013871834750131984	0.06414896283624438	2.0045289967087943	1.970716555265688	0.015839644773670947	0.05958163067532016	1.975376668373264	1.9074420095213385	nan	nan	0.011340160510466796	1003.5176319009436	1188	0.00012208979567333218
-0.02783857726872485	0.5647086535506449	5.085674453493781	3.3695272332864885	0.056830928528766256	0.4233146452186483	2.7222413729105743	-0.6134860441396419	0.0	0.0	0.16795663985433334	0.009819728940472394	0.1634636350244674	0.7548310915613108	4.586885939398014	0.013818532997114219	0.05971354976475604	1.7215293413285202	1.6496532480737538	nan	nan	0.01104660223423598	1028.8881909418358	1188	0.00010562327522405961
-0.031785770743251396	0.6618466869844406	5.206946320547637	1.8149016565160063	0.056050120933926584	0.4788188737706496	2.999799820547035	-0.6301702040318177	0.0	0.0	0.16837258917812425	0.012358252178344409	0.14560311572912488	1.230040745466686	4.089401157293552	0.019863071904343	0.06388909980541349	2.399432200984152	2.344778010455606	nan	nan	0.011188906682752062	965.1713665461032	1188	7.580966990787505e-05
-0.04067631247758752	0.6518579345787929	3.811225589107419	-0.5835504949684028	0.05281518785001715	0.3593744728024896	2.9585951214417916	-0.35079450655568956	0.0	0.0	0.14989565476067326	0.004531082762730176	0.060198293981602424	0.7947788835367817	0.6867405421182505	0.0027585807085467318	0.05332742732005957	0.4660284131221335	0.44551161108926074	nan	nan	0.010440821788721369	908.1866327647574	1188	6.692698119338628e-05
-0.0261208949723174	0.530799289113651	5.3501601127491245	4.314706590216284	0.04646241648253535	0.30890600122028133	3.3519075312721385	1.0064735966685319	0.0	0.0	0.15522909349204353	0.0026152056188513684	0.07129443354044054	0.386516273546031	1.4808773603165015	0.0019927641834840415	0.05388296194727313	0.3143964643681725	0.5270656361498578	nan	nan	0.010380707651922255	1057.7532097238136	1188	0.0001465486459265145
-0.040588414354377544	0.6553620607950177	3.894577369326969	-0.4896774501522971	0.041418133628568166	0.31840582302946835	4.466230273167461	2.81134773734518	0.0	0.0	0.15738069402660404	0.004524728314405202	0.05692463191229935	0.7660264933758036	0.7099416283404637	0.0017768156915755062	0.057387069427319	0.28919591980431614	0.7315883021421707	nan	nan	0.010498819428150744	1001.9298678997786	1188	1.0249674528624042e-05
-0.04201143189340062	0.5942871261199408	3.012791798961487	-0.5836987089721736	0.05619103285280169	0.38685226574830733	2.612420071935108	-0.5899786853356113	0.0	0.0	0.17434862934137488	0.012442219472944382	0.05992753070654783	1.6723575605439793	1.6192268625095954	0.007575236759403747	0.05843005959552444	1.0274505509597192	0.9540468827822465	nan	nan	0.01118634419693812	889.152090599451	1188	0.0001035200985433746
-0.02856040234994872	0.5778917044631978	5.229105909471777	2.6363187777281802	0.05450710478496079	0.38262709812775686	2.749164126267747	-0.5673961017698521	0.0	0.0	0.154955400613642	0.003225699604777199	0.07380288731790063	0.4805636591918536	1.3837490873618463	0.002928602455752216	0.05334656179745395	0.4814390885441939	0.3942959139301028	nan	nan	0.01059367126328277	907.1482070896175	1188	6.142645294230803e-05
-0.03018376186755445	0.6061138868036245	5.1356972182482945	2.2214082937997808	0.04531692819290023	0.3911017737930788	4.265337958649656	1.6133187829065156	0.0	0.0	0.16981196875401666	0.0031869705221228006	0.06937415178524298	0.47044242765025457	1.196410342241566	0.002062873884600136	0.05765172520720557	0.31747379867215564	0.5931594515612015	nan	nan	0.01076543214773995	890.2885570124886	1188	3.610080470223145e-05
-0.04312955338883695	0.7019515886476981	3.6942519676221903	-0.5840201148414953	0.050927704379541305	0.4575283490469212	3.4603943617383193	0.09034307590455157	0.0	0.0	0.1604365327091988	0.0051066027386066914	0.05908274879706876	0.764660956134708	0.6648652885388898	0.0029408669077385374	0.05665431542337501	0.41499742696639874	0.48222173043993843	nan	nan	0.010660873893756195	923.9467646863188	1188	1.979566601087361e-05
-0.04237091433395457	0.6418494610925426	3.3764173997431497	-0.6084380049711576	0.055209326807883485	0.39191227852382315	2.701888830688076	-0.4780708382577967	0.0	0.0	0.16885881380662154	0.005407495060599177	0.05819927103468797	0.8192152014518803	0.7140944694143166	0.0033009552815070897	0.053204848275566485	0.4879561090090214	0.42962752849235597	nan	nan	0.01076041333470136	970.1629528266067	1188	3.199152629532228e-05
-0.02665554999486386	0.5414509097790496	5.089766514002768	3.7879049635998396	0.055594871646768684	0.39013310868761053	2.473372531813279	-0.6027583219558004	0.0	0.0	0.16824791147929524	0.002969737798454497	0.07473164886246994	0.40855712072256045	1.5243600743022176	0.0032380336996894465	0.053076933575779556	0.479604641265176	0.3806238699447718	nan	nan	0.010650539878743606	978.3040950584908	1188	1.1319809476875295e-05
-0.024651193971019447	0.515736356647847	5.499684562986595	4.857471184472847	0.03766072139412202	0.21001234566709298	3.827599608362966	3.9018709085746446	0.0	0.0	0.15863969394737498	0.015204425707467384	0.31414155029339214	0.8958066579216477	9.915376879836924	0.008304899401245236	0.22344300637236336	0.5305046656028385	5.307370776598119	nan	nan	0.011151214079581667	976.34211204383	1188	9.955794203397761e-05
-0.034072665381388534	0.6559677035549896	5.0152949194021375	1.4156263620530085	0.04592245360685454	0.332619809265233	3.735076011703489	1.5679428396164425	0.0	0.0	0.17553637895324992	0.0035424878856750164	0.0648885805489317	0.502513840084847	1.0214143293635962	0.0020268379013331783	0.055430653899585236	0.3011298918046177	0.5851217216608106	nan	nan	0.010613880330891737	813.6341935508185	1188	2.5988824116894175e-05
-0.017060896225098543	0.3416084219236918	5.847892461498857	13.441764799779113	0.04246693337228469	0.2997052261344991	4.124007435545154	2.642904802783108	0.0	0.0	0.16907912792254304	0.0016519816295322842	0.07320986398526602	0.357597547663556	2.91276667400592	0.0016652354241386558	0.053267165158410124	0.26568469832605124	0.6471541005112503	nan	nan	0.010620277970977768	955.7599886132123	1188	1.4275989948837034e-05
-0.02543012973846559	0.5238555337126011	5.275761593489072	4.139344835687343	0.041249107482346226	0.30989895207466767	4.1238493415215345	2.5086865623622487	0.0	0.0	0.1539556380457362	0.002617347723240071	0.07297193196326004	0.40513080084180375	1.5045719817730983	0.0016930931372215463	0.055577382232120776	0.28001709921718154	0.6580925277681847	nan	nan	0.010502266628202667	919.3283081048125	1188	3.6259864239953595e-05
-0.04250450635815195	0.613932685800463	3.2088036184774356	-0.6006833856337623	0.041712462442210496	0.24570497758729426	3.862381572409973	2.7565537866272236	0.0	0.0	0.16143642400630567	0.007634314923407437	0.0627643430597335	1.1037416754591234	1.0001889950271068	0.0072766408704537655	0.17052006828923227	0.5567003954676353	3.495491908189718	nan	nan	0.010895204833808916	989.8796720193338	1188	4.742950214024699e-05
-0.046440296862843566	0.6732801564304314	3.0565965549470175	-0.6979601280845384	0.05911937941565659	0.46626792126381605	2.7893852799994034	-0.6263826876211078	0.0	0.0	0.19246168309284944	0.0067181607674601795	0.05756382509891922	0.8361758755790294	0.6943445492036878	0.003988375684106815	0.054560917348326216	0.5275543199408737	0.4195217869316101	nan	nan	0.010827928313292295	988.3667693859129	1188	4.6329672041548404e-05
-0.03203726552643138	0.629056314939197	4.7730557473207655	1.4716570664011406	0.055941361139718815	0.4224812094786757	2.5835304193878788	-0.5813135265154478	0.0	0.0	0.173374893518161	0.017621071641344133	0.1807223323766855	1.8380175191401444	5.466279870576282	0.013186157946017185	0.06260076387227345	1.5738769159877721	1.532255474391969	nan	nan	0.011476885708750356	894.5180827117969	1188	0.00017621876561013184
-0.04387805272751588	0.6274715829625184	3.102536360217681	-0.5811932003644349	0.056117944778126816	0.3096040443022803	1.9615735294140146	-0.6073935084676393	0.0	0.0	0.17050186315706822	0.029044113530558358	0.059676661447883306	3.2978204708375958	3.549979328031452	0.013820235990011143	0.0549696603659392	1.704205354727251	1.6508342012541948	nan	nan	0.010906999713492113	903.8119888302859	1188	3.070827464443969e-05
-0.04285452600183659	0.6209798611127568	3.256219014266481	-0.5923519613077723	0.05572085339727484	0.3593066556813588	2.479676381366644	-0.5792781723477798	0.0	0.0	0.1693733559510364	0.007822871977853474	0.06057441624065085	1.1173136599956053	1.0217233271473745	0.010806459051850625	0.05729458740741697	1.4528278305200741	1.4111444929917407	nan	nan	0.011056795980069409	900.7919695015014	1188	3.270548018245062e-05
-0.04128466251845486	0.6507212019062047	3.6959936265410365	-0.6147988967956799	0.04991793394205635	0.3560758914140645	3.3439474492266976	0.18102131022187437	0.0	0.0	0.14586094140501077	0.012977416123186869	0.07045180817590818	1.988468093092939	1.9012567239243399	0.03397735223367582	0.23780791788542463	3.6720659285990993	7.096845990671889	nan	nan	0.0107971883392457	848.5210746299093	1188	4.9437485382905094e-05
-0.04301829447515504	0.695325658928168	3.92834882447201	-0.6235964993053293	0.04626166101664575	0.328392865304173	3.7282361731729012	1.1917952314551883	0.0	0.0	0.15785584195167957	0.01340618191521653	0.066432985004036	1.9692697751546615	1.871336614763057	0.011084448890953391	0.1572219817332561	1.0543079170168392	3.2110509664434344	nan	nan	0.010788503558755977	946.9075204601143	1188	1.6451172611175006e-05
-0.028818141262256902	0.5717763176978357	5.087719723126723	3.113355552667264	0.04217517063573584	0.31234400529780426	4.117549295774044	2.638067567056599	0.0	0.0	0.16876282633546874	0.0028824965989674434	0.0680540072198767	0.4020304404421142	1.2572599104074993	0.0017462794107347968	0.055048032723285484	0.2754070686435015	0.665238111797304	nan	nan	0.01044729961648426	967.217349032837	1188	6.740130631401537e-05
-0.0421218306557396	0.672139787001238	3.6183601251371607	-0.47412506354315376	0.044681158657911224	0.34367101151321744	3.7624194150863777	1.6056152508397967	0.0	0.0	0.16922868920315792	0.00502094646204565	0.05722090819825354	0.7425661476851333	0.6991812525402114	0.0020180076252466206	0.05604399475911401	0.3000903379187805	0.5877633996953812	nan	nan	0.010662915305889212	1013.604380260449	1188	0.0001612724841554633
-0.017266048232214337	0.327222911184774	5.339399530315658	12.90455549483516	0.03423001808959514	0.18937288878573705	4.56291645187355	7.125740463804933	0.0	0.0	0.1781785708449431	0.0016167518381513535	0.06935299427304611	0.3251316755179281	2.701247917827099	0.0013402119959299297	0.04510642251668251	0.21805084502233152	0.9785107932226184	nan	nan	0.010611684636788604	950.7534938018523	1188	0.00012917457368483848
-0.035023871174281296	0.6421929836087754	4.466578079123057	0.554879356828266	0.047674684140870616	0.40456576746806144	3.7993816712222186	0.5862367200655925	0.0	0.0	0.1406700103309389	0.003789073295096368	0.062211827778876294	0.5870378468242492	0.9028052603831401	0.0023166642141608795	0.056579512347896016	0.3652096504584792	0.512985807435097	nan	nan	0.010122053313673052	939.3886654815183	1188	3.778722162614647e-05
-0.031985027245870046	0.5894752477417164	4.450251645035993	1.3861691204793913	0.053726771853477295	0.37433700305071793	2.6410676996596987	-0.583903616956364	0.0	0.0	0.1415844963637605	0.012371555345064011	0.13578091476569595	1.314880392904061	3.780746424759764	0.011309801702157785	0.059995259696362935	1.6018838799019521	1.5626101412272522	nan	nan	0.010766376880978465	975.9127507312202	1188	0.00018189956793772583
-0.03398716430178039	0.600084438764162	4.372519801395869	1.0805930008047586	0.04828385894760756	0.32012494310069795	3.069127584902197	0.45797188121165544	0.0	0.0	0.15539967322128975	0.0035173100324148443	0.06206583112938263	0.501851650080599	0.9456132498281982	0.002276086032024227	0.053987196500104334	0.35586024666453575	0.4981753044482388	nan	nan	0.010398019490200555	1033.660850555122	1188	1.9633503278370755e-07
-0.03542888224344465	0.6727272603248091	4.6908057302151	0.7513768332760804	0.05614891389961585	0.4643871955191239	3.0695374985286774	-0.6041365805827594	0.0	0.0	0.173098004990811	0.015553212948003381	0.12161437055390523	1.7956273516596442	3.8036131535487416	0.020864706035647718	0.06253142191263894	2.575594646380353	2.594809797488551	nan	nan	0.01134034607322977	977.75400333319	1188	2.435109578050657e-05
-0.04181770449844491	0.6458132510015717	3.6696560661549222	-0.6146515902844386	0.05436204515841481	0.3015817276429818	2.4027752338536605	-0.5597155032985689	0.0	0.0	0.13880337451874453	0.01664572765478506	0.06233363014331461	2.4487390682415437	2.4104393262602035	0.00787234762455602	0.05495381103051611	1.235742705049442	1.206114476626086	nan	nan	0.0103434328414196	960.12041733523	1188	7.01148355022041e-05
-0.03826310258512744	0.602306982314778	3.63001456692786	-0.12481113251352113	0.0539656956385095	0.32569612939560477	2.3154597873511666	-0.6050210554204638	0.0	0.0	0.14802652362570362	0.021201098494708248	0.08260436742802069	2.7443136056407456	3.8223176373462318	0.008460107346163648	0.05794716747981163	1.242319361138331	1.1665570829297744	nan	nan	0.010798959799294613	991.0256149896671	1188	7.302913386749717e-07
-0.028941919315437437	0.5889528440568218	5.228548094955659	2.9171369198472705	0.047297460963021676	0.33863262464081956	3.3351028246001704	0.6653995716241876	0.0	0.0	0.15232016923560757	0.0029656986042083666	0.06978256319719678	0.42449154931859345	1.2672193782721841	0.002168738200351239	0.054636641524292456	0.34112850155638785	0.5053403104302535	nan	nan	0.010321459124380594	1021.4795254801824	1188	9.40450223286296e-05
-0.04322545569146641	0.6210048903847407	3.1158135966956158	-0.5976435949880435	0.047403901401038784	0.33155257022288	3.4839619011067757	1.1178490331908015	0.0	0.0	0.1803994355126497	0.013520437178494105	0.06302936927486236	1.756642308655288	1.690023052022092	0.013041968805080906	0.16820741368865527	1.1386887953708766	3.4179250153253014	nan	nan	0.011240294044408058	995.9077200126724	1188	2.003267459273763e-06
-0.024706971895648855	0.5545826285472002	5.938183496123463	5.110749932627114	0.05607547218977982	0.42421391695731264	2.895624387470387	-0.5850571306079748	0.0	0.0	0.16999563287257077	0.013497308631019889	0.26731199774915926	0.8290615627478961	8.912725733795728	0.01515180099050728	0.06203417174173284	1.9653212180902802	1.947252303823004	nan	nan	0.011347717829555168	915.5200987799977	1188	0.00013297867520469176
-0.04800060630466507	0.6323715559890106	2.5446953165087587	-1.1936810057577059	0.04001781628635559	0.28139454600881364	4.040367985762478	3.210024555201113	0.0	0.0	0.1665710411671885	0.005585770427461445	0.05880224185463795	0.7686614151573885	0.4275319290092363	0.0017101200487105173	0.05611549435854843	0.26829241589740493	0.7536360963155466	nan	nan	0.010639259365350998	972.3195803025513	1188	1.4620632770505068e-05
-0.041215750259407935	0.6340903253825847	3.421808309936032	-0.5978039499059571	0.05268270776238415	0.37740684816253844	2.948887722149599	-0.30708273080619447	0.0	0.0	0.1563105518735551	0.005032726191447012	0.05859644537984221	0.8025328321833269	0.7002864490096	0.0029062387761802366	0.053924007495251586	0.46305302410481386	0.45194682409888537	nan	nan	0.01048952810338219	971.0435745208151	1188	1.815013788108359e-05
-0.03511812908133982	0.6634003581230075	4.5932108025386285	0.6255304792905679	0.0535571069642955	0.4326151592037416	3.005673251962526	-0.4592850340186645	0.0	0.0	0.15416101965813064	0.0041623402705779355	0.0653631398604731	0.6245371449693771	0.9971982190366449	0.0030928353199907166	0.05527758185781512	0.4818587092623925	0.4183286919855856	nan	nan	0.010602240273567098	841.0476056688918	1188	0.00016653736210575876
-0.04054964754015067	0.5763235342289248	3.0136948106417494	-0.5457840584674222	0.05384729079406614	0.3506323439235623	2.4322170396036675	-0.6361573364762401	0.0	0.0	0.14597414028822608	0.0046153742608640025	0.05576282767462837	0.7175091404333374	0.6378942973128339	0.0031724163449364795	0.05359864438061818	0.5205393508283391	0.41723098395816915	nan	nan	0.010463168664013062	980.4251847566488	1188	2.2674317853247903e-05
-0.041503601087341746	0.6795804610982462	3.9453174462753413	-0.5444920774461799	0.04172284916568669	0.31374299640770514	4.148064992773998	2.392292307723121	0.0	0.0	0.1491602653487834	0.004604099460181921	0.057495518769009935	0.767629542341419	0.6857565648378221	0.0018081973705508236	0.0572696459938814	0.2894280241807634	0.6911207973706155	nan	nan	0.010280207091621155	882.2949773305668	1188	4.882167658206613e-05
-0.025277578852213933	0.49565919068053765	5.297573749893725	4.577120441494358	0.04652695605353108	0.29991404420449363	3.648289607460191	1.1705237841103346	0.0	0.0	0.1544384059731252	0.02050236542740891	0.4131901088883616	1.1572772575936523	12.81217668625964	0.017012798969514797	0.22110116385772857	1.756530852307378	5.194321895202592	nan	nan	0.010825663423849885	1044.6295110741348	1188	0.00014267836773294626
-0.028689787395480337	0.618636108768534	5.63346008879154	3.0505753837180625	0.05295638917810619	0.4202741114336347	3.154110424613128	-0.1967829185163286	0.0	0.0	0.1638178701559661	0.0030331979190115765	0.07249709738082133	0.4489950219633343	1.3447736788676752	0.0028160645197584655	0.05432771580499482	0.428095847486903	0.42543961534469177	nan	nan	0.010671360292090606	947.7587115333247	1188	0.00019835577230052488
-0.0425897949681624	0.6590636604615687	3.749234224927902	-0.5877787025425879	0.03541197872305579	0.22056189373519725	4.728328072544591	6.041698351678879	0.0	0.0	0.16805510826198639	0.004051407263963025	0.054792578720555596	0.680033523580668	0.5682288337100478	0.0014716137976270582	0.05136705874349129	0.24913686568906268	0.9974183889855704	nan	nan	0.010628297225071442	1005.193616812945	1188	4.396666892950909e-05
-0.04159966336594367	0.6655536467284748	3.7970823543179515	-0.6673512677172488	0.04990749059662414	0.33194830339960923	2.9682107483691804	0.18132739742022258	0.0	0.0	0.1512402495337874	0.01799249709620515	0.06836532131320672	2.714472547232269	2.606793844411611	0.018504362842284516	0.13765771080238093	2.0871272299638175	3.691266650835751	nan	nan	0.010813192594045673	940.656114398795	1188	1.6559594216311313e-05
-0.042186816448382625	0.702332253394913	4.098326113314158	-0.33429947967791895	0.04896827258197711	0.3425341023428655	3.3721081373084907	0.7426429002357718	0.0	0.0	0.17565109393664458	0.004916928928801745	0.05917790168616066	0.7459411429498108	0.7516706898601598	0.002329992976926487	0.054691882317620594	0.34064580793681265	0.5282933197771262	nan	nan	0.010649436688026717	903.615394547583	1188	0.00011160361170605743
-0.04086481741217207	0.642057375276726	3.6415890956314696	-0.576286611228498	0.04483855726847019	0.33647334395501277	3.938384622245949	1.5302952501050824	0.0	0.0	0.15713822977326358	0.015985533802549134	0.06612842230015614	2.3663618167259255	2.3799079230524325	0.012511676525339577	0.19407618475269672	1.0677962051248202	3.943313414267967	nan	nan	0.010977210176134553	935.3309725873987	1188	7.848738830085111e-07
-0.042254413787349177	0.616447646057428	3.1659879667854063	-0.6031110566391151	0.054819757443385964	0.3442009745839781	2.452411572996853	-0.5191060647495613	0.0	0.0	0.1541755854143813	0.012930032401469005	0.06075863840183282	1.7597835657547052	1.6872896228945118	0.055959575036817144	0.0611541190635739	5.597396464804292	7.740843148140638	nan	nan	0.010701834243596539	930.4148487887483	1188	9.16017825395946e-06
-0.04299440643508112	0.6248973039777747	3.1646832172966235	-0.5973030308854201	0.05155765045561189	0.3512597801135766	2.9762725019263376	0.08180360975966618	0.0	0.0	0.16544479934183315	0.004631236710752551	0.05689191240247782	0.6885023691645034	0.5798668947558027	0.002702451150969787	0.05345897998772728	0.40195690516948446	0.4805931399120502	nan	nan	0.010470884168950756	955.8195159394714	1188	1.2836810678156859e-05
-0.04211405072185537	0.6833043623506976	3.8618416922403274	-0.6218028953188359	0.043820195242127546	0.3440927217536613	4.172477347921128	2.000312404696223	0.0	0.0	0.16358294463413145	0.004906306236114599	0.05878537980595078	0.8100390981842878	0.6938810000058064	0.0019808482676139105	0.05793388583106465	0.3054330369700784	0.6590056529656112	nan	nan	0.010692088650689394	906.567333405558	1188	8.26495664959052e-06
-0.04577481606518152	0.6477110683893756	2.9752380044408797	-1.1572418550753805	0.03465342109569458	0.19240898453315908	4.382461627634436	5.844518960202228	0.0	0.0	0.15668557711750525	0.005175333367005819	0.05838927567255814	0.8295851379962698	0.48483662394623017	0.0014249024066489424	0.050474620953955385	0.2388468743956813	0.9892574900774305	nan	nan	0.01059475817539031	930.4441804229016	1188	2.5469179860063166e-05
-0.031614961299689104	0.571722352953756	4.437372684212196	1.8155776104807428	0.04730188335292218	0.2927087562754969	3.183636420806819	0.9355356010565612	0.0	0.0	0.16113070564401444	0.0032863577612652906	0.06541564670070843	0.4568275295416937	1.0713137407536735	0.0020403509797631836	0.05341495697668472	0.3166368648553879	0.5278711618725119	nan	nan	0.010370541488818927	947.1925377033607	1188	3.824249083706429e-05
-0.04216897091419314	0.6755320192938756	3.7804838663443627	-0.6476295328412073	0.054286892309224344	0.3826092831971713	2.625060499828109	-0.5982790164996846	0.0	0.0	0.1509404908694675	0.03099716073584241	0.06581352203247842	4.010220812069804	4.367896250113806	0.03427610954317739	0.05939142765155103	6.312395873882001	4.577865475486386	nan	nan	0.010847392302877623	1000.4952589717665	1188	0.00017088810891537158
-0.03020408686612941	0.5771028995455805	4.89466348249158	2.0931525576020262	0.039815309662148746	0.27622965395550286	4.246754922120192	3.3204683468807668	0.0	0.0	0.16064082402925306	0.0031213119314559834	0.06684314254977985	0.45895781061574326	1.1558982564888876	0.0015970026754146271	0.054575691157455336	0.2678524751837066	0.7389672845588049	nan	nan	0.01055674767569828	897.4695971876513	1188	4.8356003025583354e-05
-0.04260377915131608	0.671888735006112	3.611653618708195	-0.5596618138223269	0.044769232236368195	0.34755916767131045	4.032474892830048	1.7945380785755576	0.0	0.0	0.17501842794290395	0.0049387233788967255	0.0582057694868654	0.754627117812062	0.6667252925247521	0.0020814900308051554	0.05792788156252887	0.3095695792288722	0.6450813869989299	nan	nan	0.010746805028781184	911.5850998458383	1188	0.00017434472309248159
-0.041967095497924434	0.6360229905923742	3.302309926501068	-0.5735420532446059	0.03488396757549417	0.22512909709557483	4.576497881048993	5.8565270224331964	0.0	0.0	0.1630047800794723	0.00743649647997463	0.060740698610431076	1.0466806645985023	0.9937323656570425	0.005254256249846323	0.16344659409521095	0.3072437541234545	4.272228783275323	nan	nan	0.01074495834793407	996.9356169684502	1188	0.0002443564375578119
-0.029504630127290876	0.6067606868030384	5.422295338596169	2.4841065785024976	0.0330800334039314	0.18227585852425843	4.6838636729173615	7.389373333250636	0.0	0.0	0.15654567469713554	0.0029961220976787994	0.06740019118460422	0.44539747512705974	1.2148629698678908	0.001349850861568136	0.0458867335701964	0.22555251804552068	1.0395444727746523	nan	nan	0.010427347285448765	968.2040402572504	1188	8.752807882630271e-05
-0.04600138024982836	0.6449481878955637	2.918582199072723	-0.9844039164319994	0.044459199033160424	0.34312784970692944	3.902092298815295	1.6420549402175626	0.0	0.0	0.16674411685972276	0.005597557561245414	0.058169058094334425	0.8110488490661341	0.5396106313975533	0.0020899627813408816	0.05827432276335215	0.31573155643046746	0.6344446923386096	nan	nan	0.010721009728225303	976.5731157761303	1188	2.3322672048754115e-05
-0.03671871121644199	0.6314619399599966	4.286840561537715	0.6152530810926974	0.056949067951324706	0.337400100926681	2.2673237688357957	-0.6098757242011321	0.0	0.0	0.17849121400538515	0.004291273411730578	0.06271855655866809	0.6000625694850712	0.9667900493509103	0.0032657523105176223	0.05150329641530488	0.48859450738437404	0.39461949124937884	nan	nan	0.01060950233065136	981.9433236864794	1188	2.924254639168371e-05
-0.0447476774836979	0.7033502934778758	3.625112723035573	-0.7985292920107288	0.0433078259109847	0.36074587360257	4.248077324570909	2.0625804746881045	0.0	0.0	0.17028573314822004	0.024479515889994807	0.0814553606176906	3.2438423415782225	2.920372979564903	0.013685094210367676	0.2290767605246688	0.9493043219949804	4.653071363203451	nan	nan	0.011205163912646268	926.0472226592639	1188	0.00017839167985710705
-0.04119617117337093	0.6237534171287948	3.361983929007823	-0.5836693137331213	0.046963818344769814	0.33645319891216857	3.424351632613376	0.8618845028871845	0.0	0.0	0.1557622789065317	0.021233940187423916	0.06552034062229306	2.889104041513542	2.990237859507675	0.017671796542685914	0.20405897152910174	1.6934070991605736	4.463582887671622	nan	nan	0.010902757621122736	975.4201636945464	1188	4.123197732948731e-05
-0.03035917690969836	0.6204275620965698	5.1751198407045464	1.9952902611922014	0.05462476584485709	0.42461477310646717	2.81810303769753	-0.5940155325720052	0.0	0.0	0.1429380074688031	0.010967102614725444	0.14307400575308027	1.1361404378640532	4.011388529416666	0.01067133783898444	0.061538449366129094	1.4288320850224323	1.3661073690174057	nan	nan	0.010761536820661236	934.4154185474451	1188	6.38838916082339e-05
-0.04392164462593107	0.7247038278719462	3.7776793047481156	-0.7933299115748945	0.04557303087957143	0.39744922155764845	3.8660172502556165	1.1955106392468657	0.0	0.0	0.16052567471117463	0.020032323092835036	0.09718979009118472	2.8731518625602672	2.477054923240266	0.03315760302649973	0.39844588514354284	2.531175374605292	8.529515788575326	nan	nan	0.011274732635633736	992.0164006347361	1188	2.0089093142592976e-06
-0.033302645999243374	0.6778098810882259	5.011678496610211	1.1221636593899595	0.055241644672235024	0.5099596237589548	3.3424509860565954	-0.4933376849093684	0.0	0.0	0.16617202950880228	0.003930836199888543	0.06920705288444035	0.5858125308581168	1.1022754553734244	0.003319670445789069	0.056740921225249374	0.4919624457260916	0.411812468657078	nan	nan	0.010949387248121584	912.5337296538954	1188	6.309834134868366e-05
-0.042138706406051774	0.607476713466801	2.9535093800719157	-0.5782652645346157	0.04902274883625202	0.3673781678869721	3.223069991907612	0.31820296089406275	0.0	0.0	0.1514016139014257	0.005050672796172939	0.055612797051070806	0.7141033894386704	0.6274613259673038	0.002560059499443712	0.05518664444903393	0.38231848957170067	0.5062699351290079	nan	nan	0.01032266660413711	1022.1168282950991	1188	1.9631576900844535e-05
-0.04084246793263002	0.6623759720462272	3.7677264001925677	-0.591350282404508	0.05341420413047859	0.4291794300282491	3.101813689329353	-0.4510148027076765	0.0	0.0	0.14188946293561838	0.004433398631552399	0.05989745080804709	0.7649880055638385	0.650320061781393	0.003049390314507461	0.05476675899095462	0.48648250313488806	0.4294963474576535	nan	nan	0.010247825663942778	980.4474199155302	1188	5.825902944793421e-05
-0.033839894596820685	0.6088528279758192	4.565128724373436	0.8995458173632801	0.05346790307491811	0.3318177129868622	2.510557253342066	-0.5570818997079093	0.0	0.0	0.14052988127521737	0.0037043012606013392	0.06397559509906176	0.5713647734495995	1.0048280226401687	0.002773835199397112	0.05217241558806787	0.4766899558258202	0.39938933385329467	nan	nan	0.010193635201747528	1008.4258518547855	1188	1.0248897685517333e-05
-0.041208748175682985	0.6976474446878199	4.115671469629032	-0.4292675994011804	0.056330923768198815	0.44135425174261467	2.8914594952897654	-0.5855195744464757	0.0	0.0	0.16308149453877283	0.005350034678876625	0.05994546421101604	0.8493784020943993	0.8327957625434528	0.003329702840234039	0.05416704719457324	0.4961386466085711	0.3995262683715997	nan	nan	0.010542770115865782	1034.1745502595993	1188	0.000185098059859054
-0.03475244036772229	0.6435681515091476	4.644526386864863	0.8552936945446877	0.04209289535021821	0.34605371344274416	4.4149673455157075	2.6726977275615234	0.0	0.0	0.1708488577880844	0.0036929267879998173	0.06286216830143398	0.5493590445532583	0.9429640035145496	0.0018407595456404469	0.05720967372220115	0.2879286740362579	0.6906879696576862	nan	nan	0.01079925975515078	973.1156270289343	1188	2.9149549666171698e-05
-0.034362957743050426	0.6739042526968317	4.872569118939624	0.9926478913121555	0.05434391275980932	0.4528994877649134	3.039587184282841	-0.4571671708488122	0.0	0.0	0.16442360447401938	0.0040321908253095895	0.06716684997037303	0.5896695696079473	1.0642874523056098	0.003208416479365428	0.055453447434126585	0.48046664989264376	0.4153261657166688	nan	nan	0.010742503265634348	852.2962162918611	1188	6.58782381691054e-05
-0.033354299686746525	0.6183968699730178	4.433639653193018	1.3318016914591002	0.057583293078036	0.4195817617426161	2.5078430765495203	-0.626783653083471	0.0	0.0	0.17741943689467624	0.012067129917279262	0.12519105876960085	1.2134900503873314	3.3940448194804342	0.01331522284229747	0.05952989835894423	1.5534568508571327	1.461145627452811	nan	nan	0.011186056276208528	1002.7430521158328	1188	0.0001813384849899004
-0.033010729071209055	0.5907423302189627	4.219730809896285	1.2436180114645534	0.05500620332378503	0.3905390419120449	2.57444119890382	-0.5494084157958632	0.0	0.0	0.16683764783303978	0.00378008651055195	0.06582114253521859	0.5156266635117472	1.0526692353295009	0.00323454953392055	0.05372323206121113	0.48579913791816254	0.4015305348993519	nan	nan	0.01063629629866436	1045.8723302891442	1188	0.00013431147325487062
-0.04157042468577099	0.622869556110359	3.2284817565205337	-0.5786752407611302	0.04857535202612118	0.36902270719539565	3.353203686922069	0.4313670646977987	0.0	0.0	0.15362530358890586	0.010703016061402393	0.06419484461727715	1.496813803842143	1.4361379789569009	0.022064714001524544	0.1892478027149371	2.273273113613793	4.700641339303273	nan	nan	0.010757773727095465	888.2992915300025	1188	0.00012888643695349044
-0.030398707190535168	0.5835412958618768	4.669114193818896	1.8610461778791492	0.05308712409523353	0.40710780375685335	2.93668972714804	-0.43402337591459117	0.0	0.0	0.14327153724592606	0.0033096243949107262	0.0684819367192746	0.4766388507242785	1.1483186103954286	0.002872510193462796	0.05379786230669162	0.4606623758325463	0.40616001553066716	nan	nan	0.010192899993960336	1039.9086610740628	1188	5.352506585554763e-05
-0.046145496573432365	0.6803859716636553	3.228468921207208	-0.9389223755820938	0.041760335291446404	0.3280733930100356	4.496644971782952	2.8581320154297525	0.0	0.0	0.15817496897432184	0.021062438238876213	0.09164651314228345	2.79662104124525	2.1772200002933326	0.013975675463655746	0.2737537723709459	0.8293398835285228	5.915976901396293	nan	nan	0.01067537579200599	1010.6587651468028	1188	0.00011494443515360987
-0.03686766841584421	0.675184245357701	4.686172995932902	0.39286339893935085	0.05591667492686958	0.426225068689842	2.8533380871430047	-0.660694893410775	0.0	0.0	0.15545544545602485	0.004281454182702538	0.06248707358834732	0.6531170955249821	0.9514081369640961	0.0032491361467023028	0.054802417241040124	0.5143666675638823	0.3964380316539832	nan	nan	0.010416949754968138	976.9353544722744	1188	6.072015817514265e-05
-0.03370849916562135	0.6529772154177547	4.923816013850784	1.2279034161846791	0.045994240283820265	0.38183861350250387	3.950678425992802	1.3505616220944576	0.0	0.0	0.17241432937746484	0.003612081003687928	0.06570595844944194	0.5296913671374042	1.0223902274103236	0.002162615038278526	0.0572446886625963	0.3217357268785719	0.5747552970133689	nan	nan	0.010796261902685678	968.3658800005048	1188	0.00011875944578693234
-0.02643702640487755	0.579212227451942	5.447065425131433	3.866022451275528	0.05563225434324304	0.48404177550611505	3.0526584963720502	-0.6114403360981675	0.0	0.0	0.1620214517423379	0.00992946296443753	0.177322222249092	0.7462238575339106	5.211287909818932	0.013304156564572067	0.06347194965114017	1.669995738689194	1.5927797653978397	nan	nan	0.01129555370277803	1042.406439663831	1188	2.384368870334237e-05
-0.013832845281452455	0.24567222014905765	5.736322251585229	21.25711743044184	0.04381697163863518	0.3461790213788947	3.999219164906556	2.042530900304396	0.0	0.0	0.17324823647209453	0.0024122271373157034	0.11114911176286832	0.37482931543881737	7.940885780783285	0.004102656945593863	0.08430078586187437	0.347869159565535	1.3066147093779434	nan	nan	0.010837205030875943	974.2905745135454	1188	0.003987608858641321
-0.04123429485498453	0.6488979581588366	3.806923943806835	-0.5853243868481184	0.05446344855928342	0.3965353493606546	2.895868874957166	-0.5508002537371464	0.0	0.0	0.15572971596931034	0.006250821254102978	0.06332323538197315	1.0482369567228131	0.9387167238962567	0.056809978105781145	0.05985662731003025	5.941561848093116	8.067676946411932	nan	nan	0.010989894041580045	936.6641609708715	1188	2.1452214239721016e-05
-0.042332326414060706	0.6517346545810161	3.5244524587736743	-0.6071772574703618	0.0511215398653595	0.35066846092019555	2.9975027946073074	-0.020898863198107118	0.0	0.0	0.15874103459083813	0.004612792418648204	0.05879961080819662	0.7384628774178676	0.622120845500758	0.0026718242955853233	0.054427664619975835	0.42135220795581474	0.477711139991927	nan	nan	0.010556420111764678	936.313993941483	1188	0.00014642700309300106
-0.033195380391839446	0.6388325474254348	4.929303428965788	1.1511367344273262	0.05423016814878889	0.37813914679062877	2.604754145073609	-0.5956277274654029	0.0	0.0	0.14885409297849472	0.011126384844647563	0.11562943768966788	1.3096855787958166	3.256435606519341	0.023022199896256423	0.05938436038931694	2.9425002083242306	3.0879167247798494	nan	nan	0.010985647615934471	957.382658027358	1188	2.83327976003114e-05
-0.043215880673416085	0.682177614326618	3.5924755284723764	-0.6159646285652458	0.04097008502609367	0.37116082638942305	4.569912576270396	2.9058208777174848	0.0	0.0	0.17785221077335167	0.004789200516121306	0.057985689112287075	0.7334057267537963	0.6173506071719042	0.0019349668553703125	0.05986424360608092	0.29525762064684713	0.7404244105500599	nan	nan	0.010861720614381037	946.0075671282586	1188	1.2352385899432455e-05
-0.040956671177448944	0.5936451355790345	3.1771263751007925	-0.514136085693954	0.04456872557392222	0.28209296072021234	3.5888484641824197	1.6503804696290956	0.0	0.0	0.16088982667094073	0.029261000293320405	0.06310863667303357	3.5946187699474725	4.172451632287538	0.011447369304218524	0.19263957489635702	1.011542799259537	3.9487911298305436	nan	nan	0.010904040935863363	919.0076938796507	1188	0.00011616074042261692
-0.05102674576770139	0.6389050945924117	2.504153918277651	-1.4688014828660112	0.042578277939188336	0.3526505727462674	4.820766018232831	2.882719994871178	0.0	0.0	0.17265659292544971	0.005538078690342285	0.061588865786580294	0.7997851466178849	0.3475732138386621	0.001878446381097909	0.0582733984419907	0.29907938305084425	0.7429706301273414	nan	nan	0.010671706555157867	964.9539040308193	1188	6.411825926062505e-05
-0.025839969502075344	0.5330410088856905	5.362968816215432	4.329726789875892	0.05695514392920531	0.4103563808692874	2.7057094061768594	-0.6555822575121909	0.0	0.0	0.16936158676111146	0.00281833229996864	0.07518113497392268	0.4057846116581101	1.6137359000520637	0.0031884075561176006	0.052823441465334936	0.48883319015103766	0.3761079139622557	nan	nan	0.010630710749104794	864.1530333291148	1188	6.323653149448242e-05
-0.040605533429859286	0.6488530470884022	3.7167153778240247	-0.5775411427259874	0.05090064289206375	0.3693677727809982	2.923166263996768	-0.07657418988833331	0.0	0.0	0.15206795342105908	0.0047153600831115194	0.059174327817771655	0.8035966617784478	0.7047461206717063	0.002766732761339985	0.05373154730268209	0.4195818412693415	0.4619495991837044	nan	nan	0.010430668393627648	860.1810602044086	1188	5.7885387763828526e-05
-0.027796997975745308	0.5801601775323859	5.549680681088636	3.310523683499052	0.055784390880716295	0.4011300389603228	2.719856284619416	-0.5882234257157682	0.0	0.0	0.15986030880407115	0.009238854890432135	0.1564043639638731	0.7986948273777825	4.469869615875344	0.007036040911224117	0.059509874633335125	0.9695194190392449	0.8944688471459584	nan	nan	0.010988797411840279	845.1850177719386	1188	9.822086059283479e-06
-0.022452469079270232	0.4662857123839322	5.6148908687254835	6.837654272408844	0.04583659213821134	0.3210184502449966	3.6503362149899887	1.2589949975791992	0.0	0.0	0.16565496710910854	0.026077727971318077	0.6131792175313288	0.7796779871360839	22.51836198900336	0.025268079747948757	0.323316440856534	2.276978290274405	7.427558657543813	nan	nan	0.011315740374438832	983.8901473161563	1188	0.00012770583534895837
-0.044158764028398134	0.7492327826372812	4.308048937805181	-0.7102146590106495	0.04621364625559221	0.38728285412599106	4.029404944281881	1.2905244162789609	0.0	0.0	0.1608886032509546	0.004890388611906327	0.06028991981478077	0.8191591283482116	0.658749751351372	0.0022229822109604003	0.05745772264770782	0.32396564712473674	0.588134424063238	nan	nan	0.010430580031622574	962.6468177766574	1188	8.943583853688544e-05
-0.040933703678514455	0.6043808655378826	3.2066160002483857	-0.6382038025369955	0.0448169509387053	0.29988886346336374	3.4079363331674766	1.2535659499612455	0.0	0.0	0.14612601064469372	0.02264652446555282	0.0732554087080528	3.109294760661025	3.1347377823895948	0.022573059906168536	0.31792655962024524	2.0127315920929343	6.7999771056526335	nan	nan	0.010768260625322587	1067.5861387716986	1188	1.022251602040741e-05
-0.04144038982763809	0.6473590942635887	3.666139715139174	-0.5949467978281735	0.04834382808397719	0.3947428236703788	3.5876164549879475	0.5697144963305897	0.0	0.0	0.17065337112956497	0.006091683662327652	0.07333232796094935	1.0078609607007114	0.8779109007434982	0.02920173161781081	0.26863882886033164	2.709193110406234	6.3254732077189	nan	nan	0.011396646631090218	875.3886889141352	1188	8.309975774597161e-05
-0.04324028663369639	0.658055834166544	3.3610741088821494	-0.59785264248928	0.0452827476219726	0.3855826614773224	4.075276925582399	1.5170732669520284	0.0	0.0	0.16572263376601923	0.013978007956815253	0.0684158361076651	1.8430001651523247	1.7760277395750501	0.020795993475581698	0.2868435441620547	1.555128869583335	5.93508299789513	nan	nan	0.010942438615599376	901.4804107895068	1188	0.00013768058529581891
-0.04156989489469798	0.6088239400203861	3.1909133524250284	-0.4810131062991464	0.042992605293479036	0.2771716036518744	3.7687626149656657	2.3004792484464573	0.0	0.0	0.16765557474142778	0.02367056051831168	0.062417916039726073	2.919833923480584	3.2796783752720318	0.008088472166071892	0.15837941153631446	0.6367190772603195	3.1961814928978094	nan	nan	0.011046082469423513	898.6937159028763	1188	9.687290545166047e-05
-0.041385790442099224	0.6095743433543093	3.3177752677366574	-0.5656646057667196	0.04269331134724674	0.26701595421576657	3.706090107765798	2.170883746488471	0.0	0.0	0.16513441308495047	0.012079184095669049	0.06390726470357955	1.7405947078691841	1.7091411495645976	0.010960018020556794	0.21412221545741011	0.8729493998088287	4.421704383377979	nan	nan	0.011149857487513834	967.1691001567227	1188	8.760334292669464e-05
-0.040385589762491625	0.6254609301490889	3.4562002736692388	-0.511295508942102	0.05376456349865011	0.39629502575517994	2.854684085110315	-0.4578852643117513	0.0	0.0	0.1540474306075282	0.00522261964599352	0.05807453854188371	0.8257845759357711	0.7711623520038037	0.0030902982519617206	0.053836384082409566	0.48539682634807324	0.4305216646553457	nan	nan	0.010581322990547148	956.2953511236631	1188	0.00010870270248170813
-0.03261685164297623	0.5909548343882727	4.6332105119649185	1.2585147853151177	0.04781250086840849	0.31333662591449507	3.4552140187667746	0.8436975925425001	0.0	0.0	0.16029833808956034	0.003482383267542799	0.06523679365516094	0.5304142810183654	1.048887175492935	0.0020764748280140966	0.05431620254927777	0.3343209475936253	0.5347924710792253	nan	nan	0.010572076528857166	954.4868163124283	1188	0.00012189806142939296
-0.04428550600308778	0.6643387315300202	3.3365679986755694	-0.8717616005032636	0.04217613961182254	0.2969379609176897	4.0357157126593375	2.448938107501674	0.0	0.0	0.15336534173950653	0.020638604389145998	0.08159495618698404	2.8663813631079953	2.3856026053780095	0.010340556240713838	0.20395867254509983	0.7307288270248553	4.202631016282662	nan	nan	0.010726443547232248	981.2520267660318	1188	6.024051992562834e-05
-0.014698268331621134	0.31750360136133665	6.2215844361274595	18.559999447687492	0.03855919767527971	0.31931355219494423	4.493855135537929	3.3059147667075965	0.0	0.0	0.14017538701490928	0.0030010501720421634	0.12320226840821152	0.3583252741387124	7.807412272917825	0.004280114941525026	0.10318590649661646	0.31843362114975404	1.9963869781552825	nan	nan	0.00957918932989009	962.784553569594	1188	0.005510502838216642
-0.023494374567471388	0.5143264235922511	6.020855819160007	5.849902205387276	0.05501027882483123	0.36354356985765834	2.5866476529556923	-0.6582641565502442	0.0	0.0	0.15181993352114997	0.014992276772118784	0.3288536372862286	0.7676873867978338	11.424774087706055	0.015561022260635049	0.06224102014448238	2.209218609399081	2.1042345288190685	nan	nan	0.011002596858724553	1019.8073185222577	1188	5.3274090586122986e-05
-0.041944038122752825	0.6167077192568394	3.2747692703315185	-0.5880199472016313	0.04626992924230677	0.3456778681342908	3.7489542440722987	1.224067994148232	0.0	0.0	0.16382976790555875	0.00869792227978633	0.06544193147722588	1.2646257792588478	1.1780136264053602	0.017092577038547052	0.22749433859505977	1.4852640969678796	4.7695631455121354	nan	nan	0.010835637214332158	983.7674543541095	1188	4.997944093150072e-05
-0.02965753975041896	0.6117130944184265	5.254005298915891	2.4607497042042223	0.05595752528556974	0.4299418527605269	2.948790495452709	-0.5838541380338225	0.0	0.0	0.1542083028157939	0.014743059104126155	0.1998038638527548	1.3360216862736534	5.8638710646121375	0.01064995229223531	0.06228517205373796	1.4288267522940172	1.3749389221089203	nan	nan	0.01084183745035297	972.3625377951641	1188	2.7992284448872448e-05
-0.04255768256312342	0.7024357755940591	3.923463268700397	-0.49946319989281945	0.05554236350234443	0.4136636306318045	2.6724766408502316	-0.6719402469830092	0.0	0.0	0.15567657670389148	0.005204759527437319	0.05899550646911339	0.7941733974813032	0.7372230536150527	0.0034461029880312744	0.05489325668411693	0.5303400044792395	0.4099254124697676	nan	nan	0.010490286654928849	991.3917558350225	1188	6.571122815112387e-05
-0.029299186533120358	0.661441713030686	5.948212354121313	3.083123800528409	0.046314590617860585	0.4097208309161955	4.035829082494715	1.2354152606557818	0.0	0.0	0.1717086650251668	0.0030845161999961124	0.07263988820549805	0.4606133747158947	1.338189736437139	0.0022030681549920494	0.05725336830089514	0.3236502154293026	0.5528838574245101	nan	nan	0.010721350590865708	961.9664191490189	1188	0.00011032700795551815
-0.03472602813835446	0.6747119262713738	4.829395656279622	0.8261103220076209	0.054172929175020146	0.44637515977975173	3.0865139717588743	-0.5915887016874122	0.0	0.0	0.14767961046943082	0.015134729153549908	0.12458086101497123	1.7804737100483816	3.8835442847198944	0.022791377909091914	0.06323073530353845	2.949286483113397	3.0727824192628854	nan	nan	0.01091054153211879	943.8650563433241	1188	0.00012892530948390633
-0.04372424994242641	0.6724591137784759	3.595164856557056	-0.6756036983924911	0.055810351697851424	0.3525191090948989	2.4594024130881986	-0.5881107933282737	0.0	0.0	0.1651827043832998	0.02484228633521579	0.0652947591774099	3.2384201013699165	3.2157983975058393	0.007560190561734181	0.057028460657372965	1.0570335172956133	0.9892001043018717	nan	nan	0.010936237044970654	963.4120220508589	1188	0.00011536297294642572
-0.03953531752209671	0.5970199459112178	3.3785273783622745	-0.5649490105918256	0.03979841767755987	0.276917563639828	4.320574135328835	3.1315816534913976	0.0	0.0	0.14992492944897712	0.004289670182905048	0.056201819167232325	0.7426240932996433	0.650851860010447	0.001656763358089619	0.056787578637868874	0.2824999878477703	0.7725744356072585	nan	nan	0.010542306174339947	968.0523067846334	1188	9.925391972156417e-06
-0.02671220044107747	0.5966809557502082	5.815506224526322	3.8183208964675712	0.032086528463805	0.14434790947072157	4.797750747689393	8.78852573446725	0.0	0.0	0.15419922303755998	0.004131944117080788	0.08322514464689768	0.5262633253079838	2.065967062942404	0.0017001437971464473	0.0490728227254994	0.24946427761281154	1.8104846025185413	nan	nan	0.010215407466430501	907.7084565974035	1188	0.02492750016208908
-0.028083744612780737	0.5378192222157141	4.973224363985961	2.722308501549541	0.05388155746960144	0.324231700126555	2.2687805881171896	-0.5959140114894089	0.0	0.0	0.15146813772156414	0.010826230161397388	0.169007701482492	1.0237348227251106	4.849931021414977	0.006154909395978403	0.05968966644849086	0.9144195331255912	0.8319432387477876	nan	nan	0.011109528307624045	951.4208002852074	1188	1.590156518977093e-06
-0.04152364970908662	0.5900432446996159	3.2431389370544625	-0.5827686347133186	0.04442635932267658	0.2486023713712388	3.534426042083333	1.767242368564404	0.0	0.0	0.15455700524022312	0.007026499490549731	0.06225673917883112	1.0814942310860796	0.9898237474096888	0.009887890843709113	0.185291175529392	0.9424607655886046	3.8338604756010635	nan	nan	0.01077943271176085	882.2348871427475	1188	5.2430081759351755e-05
-0.035485913789247814	0.6762234441763919	4.672596597732953	0.8274053562008103	0.05490112258217583	0.4426103351013969	3.0021037338360523	-0.45767218983511965	0.0	0.0	0.16352998433356594	0.0041834502303437215	0.0655813605135287	0.5904040377783533	1.0154569265316906	0.0031942515822994677	0.054403910632196406	0.474712109089104	0.41277860836725855	nan	nan	0.01061795818052319	966.8462527355489	1188	9.483474357158066e-06
-0.03181558966134823	0.6513480773351035	5.396551626575513	1.8113076307123503	0.055952467433649344	0.4349684027820546	2.969500540899786	-0.6196990636204872	0.0	0.0	0.1626803793824344	0.010332824133800655	0.12889280018673838	1.0886116748762977	3.5285880831646845	0.010903406770743307	0.0617161253567062	1.4849443995650584	1.3951562948121834	nan	nan	0.011052788665072158	947.3282462314087	1188	9.267856472001669e-05
-0.0407972243631709	0.6416341534842913	3.4943632109193175	-0.5735153021190496	0.04323539565174905	0.34208774387381985	3.879258778493231	1.7447371431013596	0.0	0.0	0.1511332993579161	0.004781014707248621	0.05784554572289918	0.7719052307632346	0.6806803655940012	0.002006735137257465	0.05796993502397893	0.3052165622672449	0.6305846061100719	nan	nan	0.010502419230773496	991.5757698105926	1188	0.00015186081397228636
-0.04183950498969857	0.6417630173540163	3.5550018136677046	-0.5640828394023344	0.05388304289359902	0.3112770791653934	2.291701665251446	-0.5633007825526769	0.0	0.0	0.14211712128298154	0.005146263643323212	0.05746018230827199	0.8096989416790519	0.7278913540804814	0.002813207258309247	0.05120131299034181	0.4705100394588706	0.3911250473191869	nan	nan	0.010069514020261044	977.4234533983775	1188	1.1180535670882888e-05
-0.024862478125004972	0.5749174450456633	6.0282131156857925	5.122382090165842	0.05525177542842519	0.44993126857578736	3.011881204898903	-0.654523525474824	0.0	0.0	0.14849178511121522	0.0026536459708692006	0.07621913556795945	0.405340410681994	1.708418113187221	0.0030724211956366654	0.05431645318592415	0.49524719470069556	0.3793877987678005	nan	nan	0.010307947953993979	931.3836923842689	1188	1.3378864499858249e-05
-0.04851041568215708	0.7029138559471375	3.1596972463542485	-1.2371855172405053	0.04044279361674308	0.3174560028627762	4.4454741907754745	2.9968167338153417	0.0	0.0	0.146736696848094	0.01769546034461228	0.13291737625582045	2.612076732887485	1.5274956332087264	0.02442138337007993	0.47534175931104816	1.3739146406668834	10.970469310561317	nan	nan	0.010514321357356665	986.9196651518396	1188	3.62679522461854e-08
-0.022831988524495084	0.45356676166355464	5.511275670839744	6.362053597288865	0.0551068161512156	0.31363201666614055	2.291866659560713	-0.5853728893923501	0.0	0.0	0.15814153285405408	0.01379608091646306	0.31911314768405485	0.6279808395101516	11.346678515104971	0.008317001542107794	0.05733275951129635	1.2112506701939012	1.1544745219574737	nan	nan	0.01090909864932163	978.5996518170316	1188	0.00014144312672249978
-0.02908447151334781	0.5258539288187071	4.353300628803298	2.41078565585103	0.05574147737248092	0.3822501801588397	2.538826449160374	-0.588799826097726	0.0	0.0	0.16230676467099694	0.009778963225269499	0.14205772845363576	0.8850206525527897	3.8327727807919683	0.011266883718280996	0.05881770919011228	1.468318821060579	1.4165180587109505	nan	nan	0.010997114518899287	926.3150147378842	1188	3.071809234411346e-05
-0.04111844702005141	0.6167374600119766	3.2780025444106773	-0.5720475848108011	0.05684228328992913	0.43192616295892106	2.876909414305277	-0.6207780855324372	0.0	0.0	0.16736248319506028	0.01175357805334315	0.06175344221045509	1.6797977834036866	1.6356038070747736	0.034742371111723624	0.06168809316803173	6.419555718243158	4.297583573099757	nan	nan	0.011071929474805217	985.4567850840685	1188	4.1657606975346515e-05
-0.021809985746535476	0.43874513312224317	5.61346375620594	7.260423609429498	0.04130312748982723	0.2609924732235986	4.183091613931494	3.0399610682654314	0.0	0.0	0.1593724823042599	0.0021474291314999006	0.0734155282046261	0.3638001984770387	1.9793386824140686	0.0015502212334308485	0.05231162799750477	0.2616611324174507	0.6959554792434626	nan	nan	0.010548775171660849	997.7187747993416	1188	9.174424768450159e-05
-0.04251220024754665	0.6668251065487255	3.6252972684897813	-0.5962694765748389	0.04977601829584932	0.34065025513424885	3.116764897934783	0.26389766768082706	0.0	0.0	0.15314831282577615	0.0047222554154841	0.05835206256477393	0.7464160746531578	0.6399661565517426	0.0024784856798503174	0.05401765483188922	0.38270317384047137	0.49687674362070744	nan	nan	0.010445077529417798	997.35561482322	1188	8.741811921196801e-05
-0.024874604781176646	0.53546983894309	5.677971328700807	4.838092731487921	0.054931244666127865	0.38343013415197097	2.5474348670174973	-0.609395384576104	0.0	0.0	0.15033024247230373	0.009209128006421763	0.18801276436475703	0.6390172671541521	5.884515240707817	0.015809762212808165	0.059438681038462726	2.056549145059161	2.016331472605668	nan	nan	0.010758331615099134	979.0178787527657	1188	7.365749026742322e-05
-0.03211202098636112	0.6458742902396326	4.965152926880602	1.6102819122721523	0.05535653929196127	0.4527073924578195	2.978272095477802	-0.5963238605464187	0.0	0.0	0.1547307112547009	0.013988582355418777	0.15377861296953718	1.4223229977634202	4.423141953723906	0.02080111500183157	0.06239069402247088	2.577168935741658	2.615511114121372	nan	nan	0.010859036775530573	960.3242044453178	1188	1.8310451710051385e-05
-0.0418362736697615	0.6372941513288282	3.346939072755519	-0.6131266695671453	0.05377082198152827	0.36382921488578546	2.461195755130481	-0.5615061438785789	0.0	0.0	0.14477892191564307	0.019485597217113015	0.06168035432200525	2.6279837284245184	2.6224869446271644	0.022494302740803218	0.05714081613897287	2.8079527786046503	3.0048562389990505	nan	nan	0.010703578055679355	934.2781569275621	1188	3.7972500795749516e-05
-0.033809765954460946	0.6126858742314266	4.403177101813142	0.8363639875697254	0.055114757201249365	0.38425114887139467	2.5347029550327926	-0.5859091462203887	0.0	0.0	0.15752593590397793	0.016282167962179683	0.13588451689803474	1.9217429688435845	4.302115739287607	0.029948788609622357	0.0597719324060548	3.4229223230735712	3.8035029599790677	nan	nan	0.011016586042959742	1010.049973954011	1188	7.663507928922674e-05
-0.043465741937603	0.7065485610875213	3.9465866912822682	-0.6337983439823152	0.0550517613118664	0.38715710349758914	2.8675358396212802	-0.4812449968329494	0.0	0.0	0.16487885702721067	0.005101775854504331	0.060607834193239785	0.8161324604211395	0.6891480135468083	0.003103297552622619	0.05348021695098415	0.49094901985941664	0.4315939419291336	nan	nan	0.010613445917529926	971.1056384200211	1188	3.668001444336494e-05
-0.031558629628552826	0.5936803770612211	4.835358334152842	1.9747114716746428	0.0550767341687346	0.32040191247677113	2.341252461440705	-0.5356621873654197	0.0	0.0	0.1626998651248604	0.013634326324909074	0.16215882125167624	1.3210310317504734	4.719480845296383	0.01128786231100476	0.05780358034764682	1.5621501567070961	1.582315065763591	nan	nan	0.010867725154297292	950.1014972722895	1188	0.00013560903589365103
-0.020162171136994922	0.4420806614166008	5.650648219301156	8.664404437237673	0.056134926903649074	0.4476750070691471	2.9689904136026577	-0.5939720868397442	0.0	0.0	0.1644258742919345	0.0021280526777378017	0.07740381750517128	0.36715914698345475	2.278043722791316	0.003114997154639698	0.05372974047470261	0.477252918618541	0.37816906098394626	nan	nan	0.010776482817802663	1036.7588095385167	1188	3.5963777601476e-05
-0.04260849687288015	0.710129057318462	4.018246344251047	-0.5735431724914424	0.056712507844967064	0.45216634515001913	3.015285858908224	-0.5688277209131903	0.0	0.0	0.1757293970542	0.005581882490158618	0.06094823371743807	0.8821354002896133	0.7896479419433591	0.003482945955133765	0.054916925979192205	0.5144554255179405	0.42339918284394573	nan	nan	0.010988624511055423	883.2318845972629	1188	1.7484590097404877e-05
-0.030492876432106186	0.5962446072828851	5.086547584106388	2.3145119353722463	0.040329077365571786	0.28275894006380675	4.411855323316348	3.3554842949734014	0.0	0.0	0.15960568244973783	0.010231209373864403	0.15419648860310425	0.9334239139193627	3.904375654571274	0.011702124028125427	0.25584494990060397	0.7213849264527068	5.901670772178602	nan	nan	0.010823967536733703	1060.080496718168	1188	0.00014567280825197816
-0.04964641136882897	0.643615587353269	2.524649171475191	-1.3527380209366038	0.04189510419813458	0.3163790491723927	4.146819177802408	2.518473570582771	0.0	0.0	0.1644688489900464	0.019035015636735098	0.1435535439937865	2.538077566779492	1.3242354574365307	0.026110339680837535	0.4566005856342047	1.6622208100834155	10.37426483999417	nan	nan	0.011103404851748641	891.0895513352243	1188	0.00012624987809011076
-0.04118505115439741	0.6134333211397868	3.2465806887868625	-0.5869881171256539	0.042388792574662215	0.317757531516423	3.896900690383502	2.1141570648587575	0.0	0.0	0.16698142419802164	0.01144683913475758	0.06987781614784594	1.6464413544939989	1.5792149230978911	0.017746248014573363	0.31112276129009325	1.221641710231824	6.424269344859712	nan	nan	0.011324284396520862	933.1435327336376	1188	7.976195989022845e-06
-0.04618496425747998	0.7050909535814837	3.4465644348683377	-1.001043098497391	0.04010718347784992	0.3088553670114564	4.607103731447005	3.4373473659852567	0.0	0.0	0.1668308940569016	0.015991208922559286	0.09158226346646436	2.326721215431867	1.6762250748505805	0.015012630998328058	0.32286928661608616	0.7871653117435331	7.3617085240601075	nan	nan	0.011116466807480713	892.4119360337223	1188	6.82941619178778e-05
-0.042434029333424106	0.6232697242153733	3.332724670545393	-0.5932868936994566	0.04672537201745319	0.3110349811090127	3.7246590035080396	1.3921280312414406	0.0	0.0	0.16907709731164183	0.009024028894093705	0.06294910165461354	1.3030215469629043	1.2147918800572242	0.010220271387308077	0.15200968965212525	0.9472543332330632	3.1190125511069042	nan	nan	0.011007327102782322	925.393440756355	1188	7.520056184211345e-05
-0.02825886611648687	0.5764757818421107	5.257905897541679	3.093265416435197	0.04855105186253761	0.3660660710454143	3.241710631057363	0.4113887908273687	0.0	0.0	0.15940806351262163	0.002905701950635664	0.07044578002619167	0.42062487996038644	1.3089387950230955	0.0023769386372755053	0.054660353856251925	0.35936342703182933	0.4815075624453594	nan	nan	0.010373865085257145	1019.2601090086109	1188	3.509707601208278e-06
-0.0322064148048089	0.6674522849693811	5.218675086951966	1.3701334489401533	0.05530077075456097	0.46817687238308564	3.0265537614850233	-0.5900884117618046	0.0	0.0	0.1555684580363141	0.013443542426732513	0.1432326328666786	1.5190378390013972	4.191569183881573	0.01203443911623503	0.06196657155922136	1.543684967719157	1.4873308669370247	nan	nan	0.011029631921552735	947.8974196944299	1188	0.00017043262079484946
-0.03340074184693764	0.6317327564432571	4.84382219184036	1.3808510785716461	0.049772491049931755	0.3491241242458305	3.1514902371312514	0.26990359614203147	0.0	0.0	0.16325342007866972	0.0035533523505809073	0.06543467125332636	0.5116549947370048	1.0429105752836565	0.00242834826727667	0.05417152926974558	0.3764759032052105	0.48085973311720615	nan	nan	0.010529349367870575	948.0261434821605	1188	6.8334147785406015e-06
-0.025252969905758982	0.5134161977870907	5.367812432418911	4.643941020948544	0.042994940430095774	0.30362145673529173	3.9986158025330045	2.287610753159462	0.0	0.0	0.16720930151868246	0.010866284913039814	0.2298984107754816	0.6771269994680238	6.74584033793155	0.013059882132512968	0.2312673260869333	0.9635759111364746	4.996475357456533	nan	nan	0.011125767676273268	938.6759926361085	1188	2.296151122385867e-05
-0.02630230352497609	0.5359173011702454	5.286374237447075	4.140496029993817	0.06646967857684105	0.3293271930474693	1.0697452971101284	-1.4975291465468596	0.0	0.0	0.15891744870725738	0.012839905436135002	0.23973374826578953	0.848315793888653	7.126522874312012	0.014771888768682517	0.10933132691903413	1.4269316471731268	0.5823740315561164	nan	nan	0.010909850064516238	1013.7910791650245	1188	6.051522024768618e-05
-0.03385901839621697	0.662607907822216	4.920417367444291	1.0170063031927967	0.045183286493299946	0.4298656536664622	4.252961184361807	1.3744942109915135	0.0	0.0	0.1606659215787528	0.0036942607779013037	0.06530517593381208	0.5659444674310072	1.0099980241935462	0.002196869214504904	0.05857747142165054	0.32409781049146114	0.5749017886903893	nan	nan	0.010641973029906965	1009.52197133747	1188	2.1808947767594426e-05
-0.031678126872254686	0.6925642305269704	5.603759328127753	1.996543402642643	0.05532255345451054	0.4731946482537465	2.97844082069704	-0.5978342663423062	0.0	0.0	0.16090491802464796	0.012128763412181554	0.1482865914451555	1.1899534233313807	4.178642452384457	0.017734176172297	0.06285666376208865	2.1595950300358293	2.1375284832565145	nan	nan	0.011282071467542301	998.2234390560955	1188	6.599234709778293e-05
-0.03527424861597939	0.6474006564104443	4.342917354200874	0.6820073072931051	0.05576123087012852	0.44730841928760146	2.7500178286366834	-0.6657950906296237	0.0	0.0	0.15470086770498237	0.01381216791284734	0.11019813256325006	1.5773146587920124	3.26387909852768	0.028592335181348738	0.06583632600882722	3.2671602994892064	3.320569895664571	nan	nan	0.010951261211787633	919.4989626588214	1188	0.00016117399480510344
-0.042198647961005586	0.6828771314884153	3.834997841968992	-0.5837946151333556	0.043554975603902424	0.3227608671918032	4.129766961055658	1.9914151976952452	0.0	0.0	0.1555180754892021	0.028972789720390302	0.06757973978337983	3.7532465810248166	4.140535079365391	0.012847900731874806	0.2242943715456759	1.0089937790222652	4.657530324246277	nan	nan	0.01095035877664638	996.6379006277539	1188	7.333917315767293e-05
-0.0427097470228629	0.6416811129873141	3.4451705807804736	-0.5938249137727164	0.056821115949489576	0.3954156946095937	2.681123273514643	-0.5773000899065436	0.0	0.0	0.17781565961464268	0.009674184885535453	0.0618867223071814	1.386577791898304	1.299904071266262	0.01921269332817055	0.05785630743436476	2.3724593581426063	2.4259199565661382	nan	nan	0.01124576034489877	976.885306008462	1188	9.12561808140841e-05
-0.029282628168312397	0.592942448250485	4.966528687373815	2.3472097943598818	0.05376106343110765	0.4239985781658813	2.843717864560192	-0.49010511554008446	0.0	0.0	0.14808157167244007	0.0032475459974666276	0.07148125680717998	0.4659876750280847	1.2613967208905095	0.003044445102698745	0.05436618375879043	0.468320710510745	0.3955938404447975	nan	nan	0.010364417215991281	995.3804629719923	1188	9.058815168317301e-05
-0.04120181555271618	0.6211937450266662	3.511261455346386	-0.5549237805068314	0.05349749916215418	0.32341962163477583	2.375252598089364	-0.5654663386551139	0.0	0.0	0.13648598233763487	0.010344147018348793	0.05974705006168801	1.556840810837044	1.5239142723170218	0.020148547798888528	0.055896478516024084	2.7428956709514734	2.920769159879247	nan	nan	0.010491786950909868	905.2773374733285	1188	1.4414081244168701e-06
-0.04002231234062503	0.5616022185927766	3.026097459479452	-0.5707855666477579	0.04153748755840403	0.21575420393485378	3.755756116707895	2.666735929857045	0.0	0.0	0.1360976912050616	0.00987126683471784	0.061156773152789445	1.4788851424724943	1.427930452545673	0.006984099262058563	0.17891535392381697	0.6168326453993438	3.7377304062872905	nan	nan	0.010383995096858015	961.5695125253213	1188	5.424346678147867e-05
-0.02573709974024374	0.5264156053587952	5.108059921209577	4.128363490493914	0.040435342467279645	0.32914836822709725	4.305734618196508	3.0681624657535047	0.0	0.0	0.17093021106192646	0.002674543075225133	0.07235339951590897	0.3982803412719176	1.486382066400622	0.0017077231147407668	0.055735786438762036	0.27025604711800355	0.6929500627774803	nan	nan	0.010809289119607074	988.8859851356651	1188	8.516425259962056e-06
-0.042797271383808844	0.736793646281773	4.295467359018878	-0.5861660110341995	0.05527146896504509	0.44593466255063313	2.9836707500261026	-0.5428372313733927	0.0	0.0	0.16601907900461546	0.038946740166271976	0.06532037789526074	7.075026891323981	5.681621321783963	0.05223657396541925	0.060334960788703096	6.370634579635461	6.738408281326265	nan	nan	0.011115010614255807	939.1570373833783	1188	4.59873559313386e-05
-0.030635444721208382	0.6269542701172008	5.021718978117983	2.0233700389431672	0.057169947331517035	0.4853758197291842	3.0592938227650004	-0.6248345872003354	0.0	0.0	0.17058487477923245	0.01146173128161404	0.14640318770060975	1.1197300544612203	4.055914528068005	0.013927031958493541	0.06294054241873834	1.7094209855850209	1.6182662937202161	nan	nan	0.011232919697118662	946.8380489487321	1188	4.3672042229733156e-05
-0.04151692643059923	0.6190660690307606	3.390829410785102	-0.5631496221073622	0.05570265185057832	0.4014390871525349	2.7189323573151625	-0.6020206394426427	0.0	0.0	0.16306915815759632	0.008862667191391449	0.06046621838852123	1.3148670715595525	1.2539745641543174	0.02076934131103525	0.0592001399510837	2.6243420742064334	2.667621459299595	nan	nan	0.011059073754714766	949.7835080426314	1188	8.757688378821252e-05
-0.025814938535296816	0.5684621096084921	5.460265143705732	4.570613157853515	0.05611191850222652	0.4705163098216975	3.1214361990116126	-0.5175819461096387	0.0	0.0	0.16998940250467043	0.002807044380680246	0.07513286362627111	0.39826436839354296	1.59830653518183	0.003183063486919324	0.053932660934315924	0.4716622174519287	0.39146402835446026	nan	nan	0.010570452865749771	911.4152045846531	1188	0.00014254939976974642
-0.01701200489814869	0.30869281650836344	5.32320930094802	12.922775641307386	0.039521237029152	0.3105691549404702	4.32601125802735	3.2238774474616747	0.0	0.0	0.16518464013878256	0.003899068242741277	0.16306140559497892	0.37508854766864985	7.0885653321289	0.006923707979434535	0.1591400129471549	0.4309974576016591	3.148791976529138	nan	nan	0.011191479901890983	954.3033617328858	1188	0.0008291940979250758
-0.02694870577102204	0.5354194597197304	5.289487279400207	3.7325242106222545	0.04444414615442582	0.29946278359824996	3.842084075633481	1.797021549812754	0.0	0.0	0.16264866879901363	0.020952599350233025	0.392933905267306	1.3336703372120786	11.10879944601685	0.024007050522439788	0.370988929115751	1.9714293682299637	8.419388102156391	nan	nan	0.011153760708163471	949.8995749823091	1188	3.4211301877208844e-06
-0.03393218821217747	0.653683230650207	4.8406124736691245	1.071162847756482	0.05356900970779055	0.4444677328799581	3.224298798955597	-0.35711679866042983	0.0	0.0	0.16346078220065632	0.00380072397294956	0.06613748443549983	0.5590496760980108	1.0389243420050367	0.0030149183471814833	0.05563521544214528	0.46780859150355125	0.42905058468875784	nan	nan	0.01085383677251514	927.1943594705729	1188	1.7559843520639116e-05
-0.05014061113322321	0.5940575817845202	2.1199736656064956	-1.4990817922216295	0.039521941296441154	0.2710253194089058	4.454797391544348	3.557271745645439	0.0	0.0	0.1522071715203755	0.005358274998065904	0.05989877067958005	0.7321604247420435	0.3017411866948407	0.0016120523509826068	0.055139914951639335	0.2714116397345179	0.7936597759189364	nan	nan	0.010490265061317075	960.6088872462835	1188	5.122748736044469e-07
-0.03504041355608756	0.6716461026960727	4.854350784307652	0.6733208022211783	0.05420267254752864	0.40206700610067403	2.905660477734415	-0.4760866561840152	0.0	0.0	0.15478902536866324	0.004051275989223946	0.0660099608563055	0.6363075946083749	1.0119173283841254	0.002988913070834265	0.05377125246473913	0.47476521543935446	0.4122725871829568	nan	nan	0.010567667945097475	957.4096765412252	1188	6.993150513340603e-05
-0.04149281104231506	0.5898691964948194	3.0272512834352283	-0.550337488711585	0.05458020169791378	0.33238337179404953	2.199112918884935	-0.6198846341515822	0.0	0.0	0.16012284741361382	0.012834606190133546	0.05950991308252407	1.7284209238474468	1.7217346868307761	0.015163342627568799	0.05784368855831268	1.9967088235671093	1.939361362938326	nan	nan	0.010918274456123311	909.9056642735763	1188	6.987213858269909e-05
-0.04206983876276538	0.6525824543903513	3.776364402346468	-0.5110267313238694	0.041332011058368145	0.22438044210470665	3.9889436477353852	3.2895586537827883	0.0	0.0	0.17046383938751394	0.016841042733514555	0.06511227891632942	2.3779223002907175	2.5086235581875593	0.008939922823723467	0.22715813832638376	0.6071391386995582	5.0322003798424335	nan	nan	0.011084176854677621	945.2242938495904	1188	0.00012876616062704885
-0.040600725491198086	0.5528911422916616	2.690212781642992	-0.5738076523120348	0.0462176007983961	0.2947671909697769	3.168016396359133	0.8585246048817597	0.0	0.0	0.14484858984653368	0.014798425726716469	0.061144514510378584	1.9360491839018248	1.9253633939903005	0.014444331449693926	0.1789653638907798	1.4965327741670658	3.891741935522227	nan	nan	0.01064421205691067	943.8946037071204	1188	1.7502975207969194e-05
-0.03556917449531316	0.6553543463067921	4.594983425707021	0.7390574112772895	0.055847981867119145	0.4104943678232218	2.7577465123514946	-0.5836037100035089	0.0	0.0	0.16499080724270304	0.015569442670892941	0.120674464317233	1.8015095437112043	3.801246472224462	0.013879295979002393	0.059494509797251016	1.7958513659992374	1.7659943048450693	nan	nan	0.010922134302511322	844.1561028222618	1188	7.6218781033183e-05
-0.03669712034549277	0.5688199527075415	3.506414614113024	0.1619596992424914	0.05428662222294389	0.2852288526127377	1.8963031874573217	-0.5988136509953489	0.0	0.0	0.1572943866854427	0.016645382614599746	0.09253120601119608	2.0628442682600188	3.3148996144103995	0.007175943389863604	0.05643423446323062	0.9965119483575988	0.9210640519963907	nan	nan	0.010963509059169568	1002.8683227426027	1188	4.847238533391377e-05
-0.04202952085076417	0.713140395064644	4.207743540268868	-0.5991815771664842	0.043204754195129924	0.3355881176905248	4.098877785665714	1.9475781522694136	0.0	0.0	0.15261062883341853	0.010169079942854042	0.06946261083327843	1.6087231912967759	1.516397384738478	0.012172232032160668	0.20999098984772324	0.9297732436094321	4.25497852412954	nan	nan	0.010855457025910453	940.3911339794608	1188	0.00013338619361967906
-0.04345545171513121	0.7049295758260988	3.807904350338595	-0.6444762580607757	0.04337950923870548	0.3643321187321251	4.080171994317411	1.9621186688339194	0.0	0.0	0.17702287980500594	0.015253409882951152	0.1157794448835231	2.231524142838354	2.0280001449751994	0.052293922604516985	0.7327026909026416	3.1570396033748773	16.919325185093143	nan	nan	0.0117566485775297	1051.4112161557375	1188	4.2844803561376956e-05
-0.030789974763221872	0.6297001124146209	5.163390866679576	2.1540632696606186	0.0480540910299343	0.38091621179331164	3.4191186870017725	0.583858740303509	0.0	0.0	0.1531032038548653	0.003257572912994111	0.06900621676330565	0.4715555814078578	1.169819287091087	0.002328500947042622	0.05502345179133558	0.3468870511513742	0.4904312274491911	nan	nan	0.010331587860448174	977.3598440711728	1188	0.00010028143276838189
-0.04047073889127617	0.633005273403878	3.604339324311133	-0.5867241522152905	0.05440781507042214	0.3819905023573529	2.784100022521759	-0.5488432226948289	0.0	0.0	0.15366947860072663	0.004509586632193363	0.05993420125161791	0.7802755582947252	0.6691770263507364	0.003084074102759349	0.054077777603348365	0.5037324228168019	0.42370078162965796	nan	nan	0.010596665900627564	902.5379810399888	1188	3.0407773299985934e-05
-0.041331607432852246	0.6385322419842471	3.2756934317667383	-0.569233062606366	0.054960509150343784	0.41242883312283135	2.629330370413192	-0.6280683422672608	0.0	0.0	0.15464447257789873	0.017692301716262626	0.06247652877384935	2.3452031311794146	2.3773863609414274	0.021702496921538694	0.06063670410379496	2.6605083767753	2.6589294199222406	nan	nan	0.010943778201786034	950.588382096832	1188	5.386262901320914e-05
-0.03184051895992723	0.6735124206767016	5.302074812017557	1.8686389117858104	0.05530987787921382	0.46307246214480663	2.9786354835672713	-0.5944991970538105	0.0	0.0	0.14505973756758184	0.0035521188063979414	0.0702163816449699	0.4983852648721241	1.1704561104003044	0.003204410009750469	0.054936343666370874	0.4872926038669658	0.3844875905242014	nan	nan	0.010079644738608354	906.0206124058097	1188	0.00011394045900015369
-0.025550238888263244	0.515679381471899	5.261536380841139	4.186467532044183	0.03277488488142355	0.08708212241132895	4.450104565330807	9.417486468138163	0.0	0.0	0.14927446131772784	0.00953176283486673	0.1826623026398587	0.6949962639906992	5.434111907251145	0.002257604196972185	0.1424649775260571	0.19431501731848178	5.8280985478497636	nan	nan	0.009575592147903864	933.3967349979667	1188	0.0009246886788568602
-0.04177603783533046	0.6379924628719893	3.453800485745022	-0.5759822913750559	0.053486408321943735	0.38551127563593646	2.705557340748395	-0.4676734259511571	0.0	0.0	0.15291025363337227	0.005072953936893776	0.05747092281914434	0.7918641745795081	0.7006766506208533	0.00314928294892014	0.05405871953096647	0.4879155800368551	0.4305763087233086	nan	nan	0.010526516863991309	933.8698729936159	1188	8.779552680936657e-05
-0.04024799610958918	0.6250487627813069	3.3928888127629446	-0.4773718477849344	0.043697005690654045	0.3417633453924255	3.720495671379762	1.479353584666402	0.0	0.0	0.15428683682458066	0.004782586282521595	0.05720515089103251	0.7463123193801278	0.7004350882194356	0.002083896253592288	0.05831862476385516	0.3182704502004805	0.6142621531412897	nan	nan	0.010569841193603116	1031.6969003063223	1188	2.43133237795483e-05
-0.04205105525163477	0.6410205938168991	3.4177478070384657	-0.6317651390038587	0.04949058011201135	0.35531535022792343	3.240208797060469	0.34104335787874573	0.0	0.0	0.15894112990304607	0.0049861582104571145	0.05810555033453635	0.785659204686624	0.6675514075042915	0.002511003143410684	0.05503897598377014	0.3810453931378439	0.5090553746583413	nan	nan	0.010500657627723509	934.800935527944	1188	2.43884644096521e-05
-0.030194868289519228	0.5931265503782193	4.976353615634837	2.280769805316195	0.05268181813985828	0.37848371626880667	2.844830049404864	-0.2747819776594236	0.0	0.0	0.151904863839263	0.0031360030578081455	0.06850238638767847	0.4489052302185135	1.1736398526685037	0.0027613042937042476	0.05311328704389928	0.4306588689150128	0.41553661606308295	nan	nan	0.010361542061716147	1056.930206137119	1188	7.325720497545472e-05
-0.05232012152012888	0.6301229076516744	2.3299154387215015	-1.4458541603394823	0.03836733592900621	0.27941463048357434	4.808762617794641	4.511406776777631	0.0	0.0	0.1674285363386403	0.005567576702114607	0.058000849028079504	0.7327965077150327	0.32128143644058127	0.0016035321529418445	0.05480082239915157	0.2685750448728683	0.8705624124808414	nan	nan	0.010519266592174656	921.3091032163372	1188	4.535068800277944e-06
-0.03236477154011008	0.6046159193232044	4.527462324795728	1.2488874196269264	0.056016463926646054	0.42888152634966475	2.8433033577447375	-0.6303823255562351	0.0	0.0	0.15680912962767163	0.013556199701487637	0.13937190307723557	1.4905814456623911	4.019064684423513	0.017471356340973965	0.0615706164076158	2.2411979470993333	2.17655712590553	nan	nan	0.010878981439047586	960.1123848314344	1188	0.00013538918581157766
