Nu	au	bu	cu	Nd	ad	bd	cd	Nub	Ndb	kt2	Nu_err	au_err	bu_err	cu_err	Nd_err	ad_err	bd_err	cd_err	Nub_err	Ndb_err	kt2_err	chi2	ndof	edm
-0.042408072297335786	0.6665017194198293	3.660262983935069	-0.5431333256833207	0.055192160115863365	0.3759398197171262	2.7152176396286967	-0.4451060872304841	0.0	0.0	0.16267019214848188	0.005345880577599327	0.06016579931847055	0.8184185658505168	0.7418951911913343	0.0035887982346554104	0.05857917787943945	0.5243906497999413	0.48431356916532675	nan	nan	0.012902198937964862	952.5934730089298	1188	3.120524322371979e-05
-0.049949073781104913	0.6588193084728382	2.601349466732066	-1.4093880442491762	0.03451495975566399	0.23681994178722743	4.864300120673191	6.048099909246172	0.0	0.0	0.1519128465851018	0.005336968967643463	0.06184492277795456	0.7720323620507582	0.3525776407161001	0.0018268005626489447	0.06073962454673301	0.28018191805894777	1.2085292303101187	nan	nan	0.012882064434639712	925.7538452446717	1188	9.167705015411961e-07
-0.02683141443174497	0.5679172266510559	5.474241640696795	3.76888526300329	0.05729249291998828	0.4350349720782179	2.8817257710396635	-0.6407966917747061	0.0	0.0	0.16704509834070852	0.0029457629133207708	0.07602135061286291	0.4438104095571358	1.5241331395329232	0.003697618008145498	0.059993535694219724	0.5442276021723109	0.4330321490585122	nan	nan	0.012989370898705221	981.8033691547694	1188	7.576018904991568e-05
-0.03835749105286834	0.6688688389251973	4.2726862448383685	0.21695926222262885	0.056175869396647204	0.40519081136723034	2.794636987961467	-0.5626795669476621	0.0	0.0	0.16162805832927601	0.047088863919919566	0.20000740832770317	7.068387285746043	9.343357690723668	0.013145446970242003	0.0725587709674605	1.7193753861804029	1.7036342695251663	nan	nan	0.013379551621339511	984.8812540384902	1188	0.00014351475016895982
-0.025952853187974356	0.5782025268812762	5.755376619533638	4.467667032374651	0.03910200564826072	0.3538654413935661	4.915437416381632	3.635732279061066	0.0	0.0	0.16424476519354445	0.002726204273374333	0.0746089464846128	0.4117226333756445	1.5618103458351176	0.002051233258420826	0.06526535491539032	0.3088663569584247	0.9018491143377237	nan	nan	0.013146159695871115	862.402115047977	1188	3.2774614787677386e-05
-0.04076380206493979	0.6072656894044319	3.300539548322634	-0.5086872377938882	0.04051676002464877	0.2680986322882759	4.29874839602356	3.264682487932582	0.0	0.0	0.15604150474218353	0.014826580088624697	0.07568475560711907	2.031358797363989	2.167035259451123	0.021318591703995526	0.45714599491628394	1.2013026906901692	10.862078607120939	nan	nan	0.01325642009821075	932.7229621157613	1188	1.3691019620986994e-05
-0.02992848247889679	0.6071714892372402	5.369595152624848	2.321349798481871	0.03416051042184609	0.19177476295409412	4.4494529607337245	6.2253154944856846	0.0	0.0	0.1591486182855777	0.0009142201148777951	0.05803044567705229	0.43762697821365837	0.2559392345628361	0.0030116296595500414	0.1129081947531079	0.2536839332324039	2.8084188431951493	nan	nan	0.0126449925879807	885.6989402015469	1188	0.0185758354194533
-0.05439893999051082	0.6187321680090933	1.9458283929584619	-1.5553265798383593	0.03626398901922845	0.24304235383948114	4.27267903019845	4.79428859615743	0.0	0.0	0.1636401417107735	0.005607994032696295	0.05829115272999791	0.6302219603064276	0.24204606629783226	0.0018641186169491286	0.06149507209645391	0.27705148339179564	1.0474042788325424	nan	nan	0.012847098457225065	887.6546907166324	1188	1.1962636448633125e-05
-0.028185910941046055	0.5664690850240768	5.225234817742499	2.881230121384791	0.05963827895044527	0.3249842213263515	1.5044579687746629	-1.3181666772776388	0.0	0.0	0.13303555763091746	0.01693334237349975	0.27910453105403304	1.3419477411426868	7.818229949001191	0.017928164603634	0.13709542348482506	2.358204344786274	1.3142019947949672	nan	nan	0.013259498889766408	1012.0404000613703	1188	0.00012810685968609074
-0.042965311398456496	0.6407555592486515	3.3193443439865424	-0.6264032059441512	0.04574414352244016	0.3201931028108339	3.678811357597253	1.3630030932364878	0.0	0.0	0.16522459108010534	0.015231775926848157	0.06616687766570556	2.0549177720582774	1.962591552810117	0.010930947540425118	0.16288540569624482	0.9692121213480838	3.241465876414546	nan	nan	0.013349971599725619	998.0481359673443	1188	3.4229648206038785e-05
-0.03000527552815757	0.651507626234342	5.646583617973404	2.5133952349685873	0.053444042836949146	0.4166492888109571	2.8469993848579622	-0.43992567291517437	0.0	0.0	0.15769309488638072	0.003322820398514559	0.07389630644508483	0.4909529436518998	1.3078732114920508	0.0035130761522983445	0.06142594836660256	0.5164300563381379	0.4659941171801939	nan	nan	0.013054912126762297	843.6183478944297	1188	4.185577958499476e-05
-0.038161963558233314	0.6823792685339705	4.646141638375009	0.24233601689748946	0.054860092561331175	0.3593868840959552	2.5656844692405305	-0.5666983684774881	0.0	0.0	0.15641765072770022	0.004350765524828604	0.06261837953727889	0.6686190044726927	0.9015722701926242	0.0034976114936062785	0.05871995494632645	0.5419562880817674	0.4620540983771404	nan	nan	0.012785462910862161	978.8113491081813	1188	9.448358432638235e-05
-0.04242854072108371	0.622263644110664	3.194218604832222	-0.6218173438034493	0.05576319732035473	0.3554244086827813	2.621451229454884	-0.5600278599015988	0.0	0.0	0.15078108028581816	0.012411711623355304	0.06388206458684764	1.705407093763365	1.6039834065724996	0.01148697395571674	0.06273399172886923	1.606368317552859	1.5965159366661013	nan	nan	0.012991033781222933	1005.3823553906443	1188	0.00015623662655149268
-0.015221319256433441	0.2907116025602765	5.714949347148544	17.587686185445115	0.03443565104539936	0.2262197381972219	4.549655235094602	6.128927988777	0.0	0.0	0.1620053447048465	0.0030969507734563972	0.14084190192495286	0.4461599425876761	7.889996211746525	0.004672542990381778	0.1253785145913916	0.2575506640188254	3.5855473839127723	nan	nan	0.012046420664725943	933.8422165289184	1188	0.001086069549609552
-0.042854919008554204	0.6889623435091969	3.9780922615687366	-0.5873762131572184	0.04586072547304498	0.354346063527234	3.8515868360484022	1.5325010988394492	0.0	0.0	0.16591596782654872	0.00904000803084698	0.07092765508257592	1.3885377664642313	1.2937005085597402	0.017486555278410254	0.24337116542040335	1.3124736283246923	5.010837270950199	nan	nan	0.013268294180759144	1015.1011856038572	1188	0.00010885364452250108
-0.024369012457045924	0.5145764209879207	5.303523905869242	5.2258128170169655	0.04397731039133479	0.36365820146546435	3.896662711630266	1.796382846723982	0.0	0.0	0.17127110446047442	0.0025354379224030166	0.0746552663029744	0.3838649057069201	1.654712124312154	0.0023803989558142113	0.06423122101044795	0.3241539924833945	0.6904959128134559	nan	nan	0.012908878444222213	951.6471359765976	1188	2.0877465145107246e-05
-0.03632648459822452	0.6631397392310554	4.494255013257873	0.3102990514338996	0.05159081562392043	0.4047935580190019	2.938285736970745	-0.21502816740225494	0.0	0.0	0.15135679059307203	0.004192391466876333	0.06407106585378808	0.6651995805314621	0.918102085791713	0.003368356801391914	0.06135220621680082	0.48181105362918863	0.5015163785423669	nan	nan	0.013006660852819263	931.3956526902941	1188	2.7438784915222835e-05
-0.020596024957951986	0.4397100113454515	5.938718402811815	9.017676265926617	0.04003247986590863	0.2797760893570634	4.368900022545209	3.448208954228541	0.0	0.0	0.16956969160936947	0.0018660198840515507	0.07209612983858987	0.4101622333745927	1.8932744853346484	0.005422508986461794	0.11809140208958577	0.46790912896114545	2.5640241076513908	nan	nan	0.01347590636790677	1008.5684611824024	1188	0.002681262926649156
-0.04081692851158292	0.6011763677022683	3.154484514538956	-0.5851053534969153	0.053547513122735424	0.33873645114813655	2.254608705890691	-0.5741354029467556	0.0	0.0	0.15647290270790543	0.012906947845352235	0.0637402386944198	1.8339011044289144	1.7840175424873224	0.010155707296916616	0.06438755414017991	1.3714177819394586	1.328701024206865	nan	nan	0.013827453637500431	1047.1320075130866	1188	5.6241589221928355e-05
-0.041737127341930025	0.6611753778184258	3.6229632164020686	-0.588286874786885	0.04833645109958962	0.36183486553309874	3.25188698610972	0.4607659023090827	0.0	0.0	0.15694698508306829	0.02215736004786245	0.07320318468134118	3.0170932610016097	3.1240230922374432	0.029822970263526538	0.25592201555953353	2.855194251641236	6.31380235132163	nan	nan	0.013485960827598217	946.5846366094336	1188	6.760638201099596e-05
-0.04146451172380761	0.7131917464642042	4.179767073197784	-0.5736918366409252	0.040237656154899826	0.3679232420226591	4.487982453801348	2.5771868607052677	0.0	0.0	0.14433293701573296	0.004678126142168726	0.061007876534090844	0.8010939878081351	0.6980284710589706	0.0022685351439231116	0.0683503315917387	0.3299316703108195	0.8403439719456363	nan	nan	0.01268252462764792	901.5288114083528	1188	1.1272851882244677e-05
-0.026378948159501037	0.5662271972485131	5.529138470154077	3.8335840768362504	0.055013035580955716	0.4172606958981119	2.7801120682668143	-0.5958183722206376	0.0	0.0	0.1570824657397906	0.012959278652958595	0.22709371060712955	0.9709558137582373	6.961764965651	0.02637721059287934	0.06993307582407718	3.169619981250796	3.3761978350221513	nan	nan	0.013839076357830965	961.792136065929	1188	0.00015834344566707095
-0.03984503747399648	0.5709452453253551	3.2376938961536506	-0.572598258172836	0.04304703199395443	0.24489765586139045	3.859220579088497	2.1551473007675432	0.0	0.0	0.14576057584800112	0.008328275171845034	0.0647950274416943	1.3353323722308241	1.263260329590879	0.008768071094163443	0.18730442203293118	0.811801369481042	3.9007909460342516	nan	nan	0.013449320103235143	1053.5015889102945	1188	0.00012335239564805083
-0.04347429887530474	0.7050352369367231	3.8113664703853143	-0.6536793480098997	0.05663910824506613	0.43441688019166624	2.7104289256474607	-0.5962312476445838	0.0	0.0	0.1734560630903917	0.005689473792134914	0.06254841127499133	0.8781836809083816	0.7435274902910021	0.004150694395315124	0.06110289042174655	0.5695644564566251	0.4711218379133366	nan	nan	0.013199460281518527	880.4043936348189	1188	3.838079279215047e-05
-0.0432653751076284	0.6758540493390476	3.541605397404306	-0.6257994134396302	0.0444134497269677	0.30848715050042597	3.581121067410251	1.4672765417827915	0.0	0.0	0.15642001854210114	0.02231342093727462	0.07304318577833285	2.898818002768821	2.8939292063823268	0.019723180287860353	0.2889415444011407	1.649752204609157	6.142721012191501	nan	nan	0.013239236551700256	975.0880815830938	1188	0.00016139215092423313
-0.04278666819881882	0.6439895440351228	3.4042841607203345	-0.5844621000810252	0.03273810303863245	0.18327493125418443	4.856491792560782	8.218899158899411	0.0	0.0	0.16428939243955182	0.004557044781321629	0.05473565805388564	0.6957265155814181	0.5972467333331977	0.0017475836406360967	0.05451497093037189	0.2553450856248465	1.3906591699797288	nan	nan	0.01274514952637984	1039.23100897094	1188	2.3148477997046942e-05
-0.0158261091359696	0.2742328344058688	5.508170674360003	15.980710630676816	0.047978428273772744	0.3249739396304945	3.302085483752549	0.7440984557019319	0.0	0.0	0.1676401043374732	0.0027309386622322296	0.10828937357210586	0.409868845631979	5.938759764978075	0.00559585584149247	0.07411984327627955	0.6676510206558635	1.2803534740714397	nan	nan	0.012460458432874036	922.036424318308	1188	0.011211655205481204
-0.024056349191464377	0.5166393008170062	5.481672147394408	5.378820699281978	0.03737111220872347	0.24827825242741153	4.051433441037825	3.790328666485766	0.0	0.0	0.1444508784575607	0.002371205187508052	0.07213840862145926	0.36968039587557255	1.6056728761992953	0.0018021404361674431	0.06010770162335227	0.27713849217894326	0.8957759009991093	nan	nan	0.01245302736679843	1009.4522551150419	1188	7.169406522443365e-05
-0.03344863181123414	0.6756088835560526	5.159071398051727	1.2881272226590479	0.05546252161586551	0.4208586075172066	2.6585995497271475	-0.6420510273496536	0.0	0.0	0.15189593980223923	0.012919628103834402	0.1321773817598167	1.416837962578791	3.7784140422162933	0.01565947455395378	0.06897879448130673	1.980172982863528	1.8765180713187186	nan	nan	0.013195213002175743	923.8385584358645	1188	7.0547387181992e-05
-0.02393855804819145	0.5205866743537999	5.6480441580872585	6.03984473177991	0.03899501481273182	0.3077901036329266	4.732617421496103	4.239405219821181	0.0	0.0	0.17122626439476094	0.002444752543732831	0.07370009114760229	0.37317274799587974	1.7595664010092742	0.0019332085659293785	0.061008764352395856	0.28238554643680525	0.9259766198456544	nan	nan	0.012633987274343603	981.4111284475075	1188	1.7064090845695663e-05
-0.04340778969042958	0.6466921174467122	3.3539026395217997	-0.6121705876087382	0.052865371730419275	0.3664439139221459	2.9768612192512585	-0.044447931924870746	0.0	0.0	0.16861915690907114	0.004990332843505141	0.05915925223293389	0.7452561528099906	0.6310424155333032	0.0033009472232168324	0.059742738773434806	0.4607080263888339	0.538518339430671	nan	nan	0.012777597437818061	917.0728523439439	1188	5.0782535489333454e-05
-0.05175779846954265	0.6104790943537749	2.0256007191027194	-1.3753488528631608	0.04029086924734537	0.3569525397509562	4.743879602882873	3.5807510050067974	0.0	0.0	0.18734412219895932	0.005907379245758293	0.05926163990702166	0.6780615949573592	0.3131493565443079	0.00225611051838992	0.06677157556734745	0.3097526843483207	0.939354489480151	nan	nan	0.013175181073362546	970.7776862972815	1188	6.555988858479555e-05
-0.04249028542210187	0.7085489396578726	3.9826212059435804	-0.517085762302448	0.05586709487970776	0.45618917525740477	2.936147913516156	-0.5915957735927275	0.0	0.0	0.16693972763457815	0.021478152185097354	0.06547873649812241	2.8694378223527934	3.0846085649961315	0.024454340818120368	0.06738330745957724	2.8739834237152504	2.985153464395928	nan	nan	0.01332817671706664	934.958364740003	1188	0.00010576958471014265
-0.028787353643571545	0.6108394194797291	5.380162091563319	3.198643525807294	0.055142489860555255	0.4592048667911568	3.297513871256725	-0.25889852871997343	0.0	0.0	0.18323086984659465	0.003091798574711646	0.0734057945640153	0.4371690737681866	1.3523219243283608	0.0035403550579499177	0.061798776048098164	0.4908926065810548	0.48731452089899907	nan	nan	0.013178639732667127	897.7613528475472	1188	0.00011064051001740744
-0.04041684172429749	0.6025478311617589	3.11656444773428	-0.5793228933924826	0.0542632690187439	0.4102732196929695	2.555155426000165	-0.6019813517263028	0.0	0.0	0.14799475343418633	0.004874773930068466	0.05984736091603904	0.7654143647454577	0.6639572247649681	0.003968025451048018	0.0618869394416606	0.5704169452949825	0.4688764058435527	nan	nan	0.012852964974513312	892.9230280182811	1188	8.021376468069164e-05
-0.0291056174685298	0.5521471017051232	4.844027843661503	2.6380353249691018	0.04419998842434003	0.2662367134045113	3.334299955091068	1.6589687691629518	0.0	0.0	0.16802310688315336	0.003069073968672953	0.07022779599555326	0.44529226426011403	1.2631058756639055	0.0021945975943085116	0.061300355007145674	0.31695259590869873	0.6970775560532881	nan	nan	0.013084148513034535	1001.9018817169299	1188	0.00012800915831368264
-0.026676232309112202	0.539185358186883	5.236934856057469	3.844016742436155	0.05507135557478238	0.35791611430849196	2.4134057615004845	-0.6016569612981746	0.0	0.0	0.1602544006250347	0.012402377901460593	0.21591423913060512	0.9042453544640185	6.563215311617179	0.019713163969818592	0.06653419121415094	2.509034352594031	2.547305278250716	nan	nan	0.013447005010636476	1015.6874231121913	1188	8.789166845405958e-05
-0.04562507811830452	0.6442065687125782	2.9665555535327877	-0.9372056361872838	0.04210962544614327	0.32878704828831945	4.161575071171524	2.5680210358609648	0.0	0.0	0.16983672600056504	0.028462677878427822	0.1255484972466041	3.5428480149650947	2.9047205182632854	0.029500970117436354	0.5000821411432401	1.6718494523962808	11.250131280389336	nan	nan	0.013413839941074021	934.4358636632746	1188	1.5365492572597463e-05
-0.025369595102677667	0.5162446419641578	5.264816115797844	4.655217417853052	0.0469875253510883	0.3412304088985841	3.5048552741052372	0.9501162481546248	0.0	0.0	0.16902599961366704	0.0026773817257163546	0.0746362638643297	0.395314573237346	1.6068965167038036	0.0025350400243346893	0.06222645098328483	0.35862380300874186	0.6193768236532966	nan	nan	0.012834405659622572	959.0277781844253	1188	0.00017964441007844537
-0.025256856042306763	0.5513529877244843	5.614917808002495	4.664296024195961	0.04494817294503717	0.37124906894489973	3.838793094715742	1.2925051306001514	0.0	0.0	0.15305016786325631	0.011966462892866347	0.24222679258732882	0.7458022533534994	7.310077895104972	0.014948716161493625	0.19430223558987106	1.2857936411859294	4.117443940633962	nan	nan	0.013220167996963544	1009.4559192900381	1188	0.0001663129834576067
-0.04219945496096089	0.6644357955041859	3.6589606658281837	-0.6277820856934863	0.049273257704191	0.31406017573268685	3.1084355634464504	0.20469627023455433	0.0	0.0	0.1369710365838599	0.01283778167899563	0.06723451602971936	1.8881562841076982	1.7815826948528357	0.017667494888967905	0.14239969202359593	2.194591423606049	3.9046669069870115	nan	nan	0.01273308984192284	939.7749557313862	1188	2.0845086819982513e-05
-0.03519880693181632	0.6762313820040768	4.988624669309461	1.1187755969070603	0.05715273771532403	0.41459272657095075	2.7940497173913394	-0.5354438705808703	0.0	0.0	0.17728708209929062	0.004015027881682176	0.06761206597802616	0.5712267923204859	1.0618532761339863	0.0037581525354082324	0.05924904049497112	0.5312116575165415	0.4549964413342213	nan	nan	0.012884607899849049	969.9371102190007	1188	7.337818535609876e-05
-0.042471304962660716	0.6129404002990146	3.1482665640218777	-0.5906104213119426	0.05626980305546958	0.4241790528744068	2.885491175491144	-0.5393367252578859	0.0	0.0	0.16964494868188995	0.004272931287002124	0.059252554177676164	0.6675936895339811	0.5435896375020779	0.0038996650541174294	0.061039617061184215	0.5630282608177626	0.4848594445405353	nan	nan	0.012912103467529079	914.0857746750455	1188	1.067121984346606e-05
-0.03236061562185133	0.5910280786051672	4.715287291116638	1.4175478492323983	0.053614847859108306	0.2988691757471404	2.3722123390776746	-0.4762113300292007	0.0	0.0	0.15488190889825904	0.0036408950982407817	0.06869109917724403	0.552703113884049	1.138616762625004	0.0031148204152851022	0.0565515123974861	0.5081150611521291	0.4649665976308516	nan	nan	0.012846436201291736	948.3782537241607	1188	0.00012057499428146425
-0.021875361623719614	0.5085381628656492	6.207874952690271	7.2263429307013345	0.03025129214850253	0.16900511680051067	4.9655941756492314	9.638815851275364	0.0	0.0	0.16030011848005912	0.002255026674491678	0.07565327395762034	0.3914716470253845	2.0197181231473706	0.001618036268468126	0.050436542652314564	0.24396435091831625	1.4372308143411774	nan	nan	0.013190257418268153	961.9103184927076	1188	0.00013706488558376902
-0.04211528113862295	0.6953202372481764	3.908481927674663	-0.5627114622602819	0.0566945900479956	0.48107529567370416	3.0510920422694534	-0.6449511287650326	0.0	0.0	0.1667768395061765	0.013471053146547729	0.06584157492883935	1.9497164143757773	1.9311479037870154	0.019486596173000525	0.07023487340272641	2.382214497518915	2.293007800899932	nan	nan	0.013699559094088334	947.39682872562	1188	6.928307765578638e-05
-0.03937763979871178	0.623294835413893	3.4446880251805196	-0.36163412055997374	0.051056272088700894	0.41944848351228187	3.1543756927326316	-0.09401795541129748	0.0	0.0	0.14831629488029546	0.00491625046530364	0.059618273989356874	0.7549891953849981	0.7623166200556112	0.00335170619989944	0.062365629908753384	0.47482639293694007	0.5288373626987374	nan	nan	0.01286018409954967	998.126835317782	1188	5.8637920638892745e-05
-0.050106076672388644	0.614839001027802	2.21519226185462	-1.409056324606623	0.039360369553352204	0.30337015819686464	4.617041063727893	3.6314432263083485	0.0	0.0	0.15937942502003433	0.005518789990658857	0.0607883145549844	0.7249975774217988	0.32668899069453927	0.002084584853655924	0.06498784693124016	0.30505475963786166	0.9606551341870453	nan	nan	0.01300117782025352	937.3930756478056	1188	6.559906120628964e-06
-0.04301273961836061	0.589741000982773	3.0146391910309323	-0.5803947048747597	0.04576881570454905	0.28461891783289234	3.4919793654941045	1.4560465590219247	0.0	0.0	0.16729568203988635	0.00756473885893183	0.06239174882634402	1.0500799283548023	0.9611288598073315	0.011671401331531328	0.1812867597828746	1.0430435081198448	3.6967821088708517	nan	nan	0.013063616092963859	1034.6961571352972	1188	7.715298692962988e-05
-0.027370980891685215	0.5756948569123372	5.311604653926637	3.1094615934974703	0.05357317490906377	0.39734836285622915	2.6491733040958207	-0.6386394086603134	0.0	0.0	0.14080845608908715	0.011840918338845985	0.19257477740865683	1.0138774723735478	5.610733320436901	0.020702333136389584	0.07088489515385682	2.719289678439514	2.7078146119597406	nan	nan	0.01346727653867133	941.2261694455226	1188	7.966636269933845e-05
-0.028430102163546467	0.5604582177059183	4.636679257658898	2.8151349508876238	0.05671282805824829	0.4527084888222266	2.677644888315724	-0.643061120526904	0.0	0.0	0.16834120152630253	0.009196079867381635	0.14349902910187148	0.7654993463234094	3.812407464478291	0.019547914466917726	0.06976475433156862	2.24190396180296	2.1528477301636353	nan	nan	0.013571308496522605	959.659035667903	1188	5.993101122127651e-05
-0.018154085488831462	0.34721034897865494	5.3848245637259895	11.225235720533412	0.03841597624267612	0.29641476943518086	4.331449358688819	3.703773819647413	0.0	0.0	0.15632202510235577	0.0035923500146551324	0.12435339834743842	0.3604673014174531	5.255428601894915	0.0062767038721375235	0.12646829929164372	0.44775325769115115	3.0393966177003104	nan	nan	0.012712684717008177	935.2697177608484	1188	0.0007455202794576552
-0.039638022372941006	0.581540216773058	3.201716592296359	-0.5978022771145097	0.04233522966843628	0.2592819489414838	3.824388168185404	2.187815143055631	0.0	0.0	0.1487600949548533	0.01090791307201433	0.06679097927730904	1.6956053139363034	1.6169568130851664	0.008778531848373183	0.18323515917664623	0.757020077416434	3.729045013197639	nan	nan	0.01364850160686143	930.300403796741	1188	3.94212807031902e-05
-0.029522874322477244	0.5960999203880577	5.033405865464361	2.380424363318287	0.056247372457417955	0.43393205688651915	2.8819091066855917	-0.6356921633452904	0.0	0.0	0.1560713915285786	0.011635817044743146	0.16330178961397726	1.074994681869385	4.551416524120801	0.015421148943824958	0.06911895122868231	2.0038861977219575	1.9107018701610918	nan	nan	0.013211885419482677	1040.2025277866019	1188	2.1891389501813812e-05
-0.027455953767452468	0.5623368611004487	5.39815006093788	3.726476853007017	0.0470024066918735	0.32384046259156696	3.583159068599712	1.105173306145266	0.0	0.0	0.1596781069199159	0.0028873955233262305	0.0731543894699348	0.4241293396462793	1.4529942573535284	0.002388742129319499	0.06082032194852968	0.34542058782644003	0.6251087627887797	nan	nan	0.0127410556677479	968.7385390773593	1188	4.1462636493400836e-05
-0.05298508484067421	0.6052399018252392	1.8554644906273443	-1.4185481881458522	0.03813473799351974	0.2509406303310498	4.0561453045633575	3.868379928705494	0.0	0.0	0.16498472135755415	0.0058000481352749045	0.0578418225144281	0.6169736069939997	0.26920595957270776	0.0019509544371104637	0.06242892131071026	0.28422427961801655	0.9597053483967587	nan	nan	0.0128532192013322	957.6234257397446	1188	5.424389109217792e-05
-0.04240575608759101	0.6522745910743484	3.5447920343391335	-0.5719357590343701	0.05682574778211702	0.42740900411852717	2.726681054215545	-0.6025966249574563	0.0	0.0	0.1874477929732269	0.00502604678635854	0.060677639936358385	0.7866596178895098	0.6835988770642379	0.004180386417561355	0.061985960677025165	0.5836615501523941	0.4819551205804999	nan	nan	0.013524554655590909	916.9987858541314	1188	2.4639669714454357e-05
-0.026212289901957675	0.5171934060865826	4.85750847873692	3.8114019009250333	0.040363529504394036	0.30983924952154174	3.9415492583658676	2.6529522981003892	0.0	0.0	0.15466784259576824	0.002668462815509587	0.07098268226685492	0.38430987287785	1.3878123260014226	0.0020643931168047303	0.06339163084153518	0.2985389997665262	0.7809418697744615	nan	nan	0.012746677596299744	1007.3995319427265	1188	0.00019207532054321268
-0.041558406544336624	0.6920685176075151	3.905362259208193	-0.5165643138773611	0.055682791443797175	0.42116403737585445	2.6964689148642327	-0.6020706425468082	0.0	0.0	0.16670056538427191	0.005531720856007449	0.06287961264185271	0.8730489275434967	0.8072648167237576	0.0038699322719838447	0.06173708770736108	0.5587725047203671	0.4545363993722846	nan	nan	0.013235819673365429	957.7827421676919	1188	3.071947319896068e-05
-0.03458182597605741	0.6671369063109811	4.7526658928926695	1.124958625618247	0.03399479934555938	0.2502350603234447	4.64530173084754	6.036629074909611	0.0	0.0	0.16844355329940036	0.002951230968810614	0.06597920972232985	0.4819231658128613	0.684153165334286	0.004745256819072119	0.11999747688325957	0.34277279691380613	3.3205377630825708	nan	nan	0.012890054591023853	962.8427161828973	1188	0.014948468522208354
-0.0394249000443615	0.620515661422482	3.548800601540243	-0.2529971512332896	0.05484006091344562	0.38270752512447637	2.6012534281332456	-0.5941466189470025	0.0	0.0	0.15591382798204392	0.039566528541156665	0.09347803248020115	6.745905644795879	6.508540730143884	0.020440660043453907	0.06700124290313511	2.609887518389415	2.673764363136645	nan	nan	0.01365391489901474	1002.8095079542616	1188	0.00013090426877160422
-0.02786163200356495	0.5295108519787131	4.631295262058291	2.8968671154793095	0.05525266620771019	0.3808783704995796	2.4574016918536485	-0.6129114251870635	0.0	0.0	0.15521582495193348	0.010330112446844342	0.16462756707362283	0.864565702052561	4.54984865671861	0.01622305264998558	0.06657148272090918	2.047841905309401	1.9992091880486227	nan	nan	0.013490797149422251	990.7591376396877	1188	5.170972624306959e-05
-0.05036928687780007	0.6575834720500002	2.6697475594790534	-1.3416099106728743	0.03950966081698004	0.3056246571270158	4.654890893782415	3.8376628569746263	0.0	0.0	0.17328368291917864	0.0056164614876549335	0.060991070112814405	0.7924495760998888	0.3904524258534831	0.002119494434000835	0.06523000488559702	0.3042346991093101	0.9857704762191868	nan	nan	0.013068558736686442	930.0846513266958	1188	7.134018599307761e-07
-0.04139407649443172	0.6190802415165707	3.3628838416772644	-0.6182288416681788	0.04874526766405762	0.3509998093865543	3.4283007277517497	0.4052399976116763	0.0	0.0	0.1537597693777596	0.005036256608425993	0.05845607774028255	0.8087692867808236	0.6979540087453961	0.0028503224542750782	0.06328816219138092	0.4277228317894921	0.6166417697650469	nan	nan	0.013129234214399224	922.2542966700839	1188	9.79927543274874e-05
-0.025364589501275625	0.5440766210560729	5.589533903296221	4.702489314015206	0.056823687946497614	0.43916431456445804	2.938655833809114	-0.6032022987704612	0.0	0.0	0.1647421812858788	0.009424713363952841	0.18548863245036004	0.6506963126844401	5.74141353971618	0.007296590765664246	0.0686476709968531	0.989558532671931	0.8922582989756288	nan	nan	0.01348663917994758	965.6832816739015	1188	1.4865531826393768e-05
-0.031105406451477302	0.6170366433314933	5.0416655808595205	2.098054729247353	0.054362669846368394	0.38885159945125075	2.734623757023513	-0.37308173108880727	0.0	0.0	0.16636195769078876	0.0034284727331790332	0.07076138139620952	0.48833370992666003	1.2071853849443857	0.0034650153108555237	0.0590331380507611	0.49164874482511856	0.46698758626858533	nan	nan	0.012828673368471141	949.7300074444506	1188	0.00015999729447791058
-0.03266564464549182	0.6380174202093474	4.7773572269842415	1.3860009636676283	0.05532321719901345	0.4156289178540602	2.739399102607843	-0.5749883952134579	0.0	0.0	0.16434440505484366	0.003799218010397065	0.07036102625415958	0.5499330883195062	1.1236956904400337	0.003732016635683233	0.06106259755088905	0.5471740616463181	0.45470858618611093	nan	nan	0.012946287375658339	941.3728732169554	1188	0.0001194644473135528
-0.025847549777141987	0.5562375107879576	5.442369380668311	3.7367151696534897	0.0454442610478738	0.44178569469495027	4.257391631527538	1.1319079435117774	0.0	0.0	0.1443341224332912	0.0027747320684542442	0.07543198393903117	0.43219123420444916	1.4958759438784295	0.002581426227164396	0.06623872516283505	0.3683754464648452	0.6345009697765921	nan	nan	0.012899009923959232	964.6886354414873	1188	7.09300700420566e-05
-0.04209133254002573	0.6231103996217902	3.3033611721049487	-0.5495737923917392	0.051084652126047514	0.3490843540011758	3.205824595285198	0.26753774524868534	0.0	0.0	0.17867376458868633	0.004920214419425584	0.05896592402849121	0.7487268203305564	0.6630771565915764	0.0030619591400661283	0.06149535994279892	0.4364384577073055	0.5930611103428866	nan	nan	0.013135496070314459	965.7819342813075	1188	3.590599065209949e-05
-0.025942035029545285	0.5263922663800948	5.096577730386679	4.337917531335681	0.05655233704346729	0.3914169807850138	2.4029378900120117	-0.5941597826427153	0.0	0.0	0.18155530022724997	0.009768038435943593	0.18293208319641974	0.6624837937010564	5.479631727178113	0.00782312950714048	0.06657754080568393	0.9755784931278342	0.8892532612350799	nan	nan	0.013588708717619608	987.0895652537527	1188	3.691823251383449e-05
-0.034013034624135186	0.6435583781591243	4.592927138840324	0.9305344770057667	0.05594768344166701	0.46604928768468507	2.966849468459216	-0.6059831336326869	0.0	0.0	0.15959249849988874	0.014136497249153723	0.1246124851260289	1.6216266695274786	3.7323694010396813	0.01969504364691621	0.07008242835212211	2.3813900499988505	2.3689204956732617	nan	nan	0.013460432243318637	989.1530063995538	1188	0.00017866553388834084
-0.031820541777507705	0.6735353074605726	5.542244946085541	2.0074437550680457	0.05733350584786456	0.4546725193938299	2.8604315851070856	-0.7103970732891283	0.0	0.0	0.17756834137152383	0.003706177379345088	0.07362801808871533	0.5247561541429313	1.271992296554087	0.004002875558217545	0.06330331611693546	0.586571277550288	0.4426432326812005	nan	nan	0.013458113947099878	883.3278863293574	1188	5.801493438524343e-07
-0.022272973400104257	0.4517644355543947	5.515030211143841	6.755536328982887	0.04567457872920988	0.3181112664806945	3.6455066042429927	1.3276347622037188	0.0	0.0	0.16442613671702438	0.010408293939506597	0.25500482674358627	0.5294335467820765	9.023258979348702	0.010451790026784868	0.15035777668457115	0.9764594019586847	3.086663660940676	nan	nan	0.013695908230868303	1020.4326008595106	1188	2.015845566968074e-05
-0.04384821724934129	0.6386739693751003	3.332289671206665	-0.596561471097831	0.05387219729628612	0.3206118220605122	2.5143298374216356	-0.21296796297647994	0.0	0.0	0.1732017328810837	0.01256340969240688	0.06558861427309987	1.67863617953644	1.603598167818809	0.04158057414063887	0.14994002269536333	6.24111812158468	6.570431788457919	nan	nan	0.01323874575155952	892.8714200163317	1188	5.855330301757845e-06
-0.038569826082568315	0.6951941728209514	4.654001849585729	-0.01252932033274241	0.05464871467615051	0.3728313140928125	2.6096287706545516	-0.6464303124729583	0.0	0.0	0.1552543636352906	0.018125009914602308	0.0870186835283745	2.511295794972983	3.6029399793586565	0.03859900308234132	0.0721241755010133	6.252005859327825	5.185471665543535	nan	nan	0.01366465306487738	909.5976767211314	1188	4.675975580495231e-05
-0.04162929621808198	0.6258061903194159	3.471137382466984	-0.5735230978685252	0.042642731947375445	0.24627856689905714	3.7517312304388883	2.2375267326140094	0.0	0.0	0.15424775796127282	0.011391227821000938	0.06436948486900013	1.6754438885279281	1.626000583702678	0.007202120139697787	0.15523392844785935	0.6464922830284845	3.121415288644349	nan	nan	0.013461481343998119	947.8787053088895	1188	9.846106525519795e-05
-0.041426969905177025	0.6290594883869423	3.521156309467796	-0.5636775821638641	0.05481200463933944	0.35709968604503545	2.4887804193279957	-0.5850527433373777	0.0	0.0	0.15494582904403248	0.004592724147036209	0.059352329716506336	0.75593630269093	0.6564275179789378	0.0036389966122861717	0.05884418298323074	0.5567541259043542	0.4705445335514672	nan	nan	0.012836638253000326	947.9369825038615	1188	1.3750051999420051e-05
-0.032225083554465406	0.6105665378421045	4.654467691340775	1.4635375626857168	0.054776783364250514	0.3841811833431365	2.4639344614890395	-0.6246878634123678	0.0	0.0	0.15209781687101495	0.0035724867811203764	0.06822738541131707	0.5160910774419021	1.089287853020613	0.003688130987875904	0.05971194423916806	0.5446615082812036	0.4402522891208441	nan	nan	0.0127816634834019	952.4896330217143	1188	2.361509961340195e-05
-0.028218903178685473	0.5566798268794317	5.133520039363115	3.1737864745915423	0.04351633932709431	0.29655091400641903	3.9323431973366008	2.0327534511464527	0.0	0.0	0.16117116457860475	0.0029049559254724633	0.07076890916047338	0.41411990925645537	1.3241864323820074	0.002164006706720123	0.06253515533542503	0.3214941326228531	0.7480699759508286	nan	nan	0.01286425666713703	977.1975942550625	1188	1.6778666505101386e-05
-0.040723657031823346	0.6759290432763191	3.882101363052455	-0.26589985410873446	0.03222104935739445	0.2250961286143393	4.820534300282533	7.734193517626878	0.0	0.0	0.18522016760982157	0.00740416420544443	0.06274328307214444	1.0869186271164426	1.2714289519315425	0.0020834029644323238	0.0941358229158763	0.31783839560211957	1.9595044817373395	nan	nan	0.013112599476051173	916.6390115976792	1188	0.008518372180482526
-0.042254477801582424	0.6585855225123423	3.635650137432566	-0.6062353863210951	0.05091251037440947	0.3819908906830728	3.2329017287365556	-0.033946153258396256	0.0	0.0	0.1504392302570095	0.0043554522911777305	0.0603245382520195	0.7212987762251464	0.5960327931475204	0.0031458116786643453	0.062053872841386665	0.4758222045861167	0.5534031556312555	nan	nan	0.012754739536008253	953.520938279926	1188	3.64499390490103e-05
-0.0235670383884119	0.4803460148344963	5.389283243520108	5.714121925672565	0.040250436352628816	0.2742978937880161	4.248556721954303	3.3380160395974157	0.0	0.0	0.16207321859498636	0.010038617402234384	0.2295596253095116	0.5754227835704877	7.4136024398847775	0.00927501975927636	0.20255596659804886	0.6025916646507996	4.571623709171213	nan	nan	0.013737701890592563	987.2368896872649	1188	1.4830508478281912e-05
-0.026624099171668858	0.5746734435520249	5.4063138082847235	3.946384942377276	0.05595183252757252	0.43674440995142383	2.8748186543010346	-0.594426448147833	0.0	0.0	0.15945704696948154	0.014202965402380807	0.2418475028488061	0.9850586940938464	7.461201872969521	0.011929738286040603	0.07068386276407976	1.5416895124986465	1.4770114898033857	nan	nan	0.013248614293168079	948.038304612887	1188	0.0001740116021933931
-0.042545454456594856	0.6647325820263483	3.6198229547845946	-0.6110098540777681	0.05143845715931894	0.39209518299872126	3.260293660614969	0.04604232209282984	0.0	0.0	0.1597749799926223	0.012939822138404167	0.07315886774922953	1.8613120930733689	1.7678911666727908	0.03998207150213873	0.22763299301357126	3.8733801361944824	7.147182196049946	nan	nan	0.01354399454586934	972.369452047401	1188	2.1414498602539524e-05
-0.04423382390654784	0.6836171091027297	3.616911849860442	-0.8645304727207636	0.04726392722616568	0.3412515621152825	3.862586933945776	1.1063355001137485	0.0	0.0	0.15297005199032898	0.022317642560271744	0.08618799029518481	3.1912519460348867	2.726509708694034	0.013801371564461373	0.17926018162315496	1.3173162979294322	3.8394629271655076	nan	nan	0.013121157262979868	1071.3748252102305	1188	2.5535411712448438e-05
-0.0425972564700855	0.668245104789122	3.8076520971092465	-0.5908532469450276	0.043011036676110725	0.29588322307938614	4.014646087334773	2.323829405449257	0.0	0.0	0.16052914647433783	0.00833512881362869	0.0676300200798362	1.2831608402345076	1.1828375900209227	0.009790260684182206	0.18895834012007345	0.7139351938877161	3.818549556576049	nan	nan	0.013158246990197742	979.0692563105838	1188	0.00018665069325265416
-0.04200768513863162	0.6311609197837094	3.3255256096366126	-0.5810207651480058	0.04300305866973808	0.28195363613218877	3.5102690513515613	1.713250872023813	0.0	0.0	0.15038244409423618	0.011663583844558179	0.06652384509297599	1.6316216218859085	1.5722638918091016	0.012270247838364723	0.20990359976695735	1.0353960276017578	4.266671206086388	nan	nan	0.01326812370914536	954.6220217248397	1188	0.00013568083592815705
-0.04340039205840951	0.6133785012355674	2.9456397666145016	-0.6010845543453543	0.047787502414899485	0.33856028053447756	3.254321475446682	0.7272417456946548	0.0	0.0	0.17170929484180003	0.010890819653416373	0.0709896131189156	1.391505134539322	1.2977127269320266	0.031020157089232336	0.31130733665484284	2.779700123140768	7.208039780391516	nan	nan	0.013362862986423057	911.9910534978517	1188	4.407080143262853e-06
-0.043165037160952324	0.645420399239253	3.3769201946385783	-0.5945507473649103	0.04375810552717874	0.28232453946872194	3.673915588699721	1.7332008124776048	0.0	0.0	0.15350589313269497	0.010824452830341558	0.06528201558233071	1.4878210352458234	1.4056349338014391	0.010839469871204988	0.18940087576444545	0.9530147427403188	3.8576462933177957	nan	nan	0.01307842826400843	946.1622835917558	1188	3.2449436112446504e-05
-0.03190327156374084	0.6118742072179567	4.815342928047554	1.792234501015464	0.03699713529920423	0.23752221897636677	4.319540763831462	4.582677514550932	0.0	0.0	0.15447677780874094	0.0033072251524481344	0.06562884466892449	0.4622953428012764	1.0731822107021705	0.001808371742416326	0.05958938282887874	0.27281722161299893	0.9949836937029675	nan	nan	0.012747736056148318	977.0877205777043	1188	3.225794655908532e-05
-0.04282546578321511	0.6046952535160278	2.944492520651369	-0.5757178503122041	0.04611665229701223	0.3083704974356405	3.514690521889521	1.2050120929434807	0.0	0.0	0.15760246570676817	0.014563157609246868	0.06387057819329561	1.8246460571482945	1.7954748793144024	0.014607917085196043	0.19970540536977166	1.3548709872669247	4.232053568016253	nan	nan	0.0129556784464461	1045.886832882164	1188	1.6343288726781127e-05
-0.03235890910453387	0.6858066850868196	5.516337335235662	1.5212681298571102	0.05528121470287295	0.44634268732282634	2.918729473554821	-0.6526588924101792	0.0	0.0	0.15281894992124306	0.0038243224612102833	0.07285368326120956	0.5861061593359125	1.2188902235383285	0.003728031430818346	0.06247647727136507	0.5681351929313985	0.4462832628012712	nan	nan	0.013087452639097705	908.1648510230203	1188	3.0339764952408415e-05
-0.02804259041488044	0.5859797057151258	5.4356374733564685	3.3354335554750403	0.041058783739380544	0.3271493426428271	4.628559198012094	3.0544426690332718	0.0	0.0	0.15878053324397381	0.0029448953446505333	0.07232337924012938	0.4288226028208846	1.3786713472677297	0.0020711996679633193	0.06366137308587896	0.3104875966331937	0.8460062436992082	nan	nan	0.01282492030378711	893.6870440163534	1188	2.4852953840483592e-05
-0.0288515522918672	0.5752571317174227	5.017293413932615	2.8395823550408004	0.05627740351789856	0.43199300140836683	2.943990668081587	-0.5885937871692589	0.0	0.0	0.1597788961118705	0.01010478501826223	0.15443110365780585	0.8660829813108686	4.2835589075972225	0.009373299519506051	0.06789250374196845	1.2599277011784218	1.1890336936061436	nan	nan	0.013193163984526676	888.3731231109367	1188	1.0137452150428135e-05
-0.04241664601902251	0.6506452408136016	3.540579516534729	-0.5951906023742398	0.0558960998769209	0.3631223540452062	2.5025257171318858	-0.5952979568037914	0.0	0.0	0.17070851266506426	0.0051722040257533575	0.060768496868224664	0.8107675236080651	0.7030324306899004	0.0037945058217689898	0.059326185013522936	0.5656938855294851	0.4755125941936911	nan	nan	0.013219923820842125	934.6868413599633	1188	6.184416547944819e-05
-0.02726109063187543	0.5658651298377855	5.283785684706583	3.567468234492146	0.040999485684728	0.325606699329396	4.392224474022238	2.912082725796478	0.0	0.0	0.16458800593867257	0.0028794754294091396	0.07302863981649815	0.4170253428797768	1.4153244088696635	0.002094601938034568	0.06392839205683795	0.3087356273212145	0.8242022560112645	nan	nan	0.012879877546355611	932.2994421878783	1188	3.843104251770691e-05
-0.03036811735340239	0.6082866507948526	5.249977940978421	2.3069204439766113	0.04535008088775072	0.31427254562510754	3.846242967652251	1.514712597433784	0.0	0.0	0.15724377401590964	0.003233509036017046	0.07071566639724586	0.4786621519445844	1.2305546826822904	0.0022836064661170274	0.06225042445480203	0.33824849316358874	0.691436947480779	nan	nan	0.012900294963650194	911.5019181668617	1188	7.720467763058839e-05
-0.04224208997678802	0.6812302824761025	3.7421372990421817	-0.6158739507930454	0.04572736801284494	0.35779808930486195	3.742860048545979	1.116375080021899	0.0	0.0	0.15545461976633884	0.012886714465987326	0.0713616789377316	1.882908552189829	1.7857438096967266	0.016983212023234495	0.2186265571420327	1.5001389155097622	4.573706773729228	nan	nan	0.013517135968330832	960.0144019269615	1188	9.74432669312574e-06
-0.04216336066595716	0.6804764444720988	3.777449678834594	-0.588281439812404	0.047376988851772106	0.37732333652598055	3.8679422727377553	0.8054128993670302	0.0	0.0	0.1387973568368885	0.014575249182840255	0.07144307774816722	2.096033720866756	2.055616756520666	0.025246568761737143	0.27100298584274873	2.43392028442757	6.306296946348247	nan	nan	0.01298926676323639	1027.5396814703201	1188	6.876607020922291e-05
-0.051445443851309225	0.5992180757426795	1.9927869816299952	-1.456367414926166	0.03965729766680948	0.2402008864522543	3.95256256385043	3.056154396025435	0.0	0.0	0.14653449160425186	0.014179561368293292	0.10830213603830585	1.6991864333491233	0.7374397733198508	0.012238718426529127	0.28290285552998795	0.8327174740202197	6.414238084982578	nan	nan	0.013312516557904039	954.0334377945231	1188	2.160082641971241e-05
-0.04246837975468187	0.6794743304537696	3.8455389085969864	-0.6215996709583573	0.05114592654554029	0.3878657783215967	3.4223272832348064	0.2704634725373168	0.0	0.0	0.17652512094461456	0.004970165381214697	0.061615311879016865	0.8197463727809897	0.6956164697929604	0.0031425482164786356	0.06284292682504217	0.4396991569272144	0.588704900345622	nan	nan	0.013287712403390828	1053.5832014853681	1188	5.310007599126508e-05
-0.031077094622674273	0.6124033590933384	4.717508992111697	1.5912286714303665	0.05430668489468182	0.4613801476407413	3.05338371627598	-0.6116169609716181	0.0	0.0	0.14297301785584957	0.010720239594460224	0.12950741961753892	1.1407607664828294	3.488995899564799	0.015640568213865724	0.07089789478129441	2.0618328865280233	2.005573593256232	nan	nan	0.013363749249579171	1069.0896514779965	1188	0.0001894137880058129
-0.042609624966991055	0.6819359907660321	3.715290888526539	-0.708791529724574	0.050584926388415496	0.3936395122026707	3.404385783664721	0.15751359603674975	0.0	0.0	0.15503028234387833	0.005199629828129271	0.0619119538186097	0.8501381972478921	0.6895725232943887	0.0031097303931189035	0.0623980097377522	0.4486543460274526	0.5721619470225149	nan	nan	0.012785879089103933	926.2180485938396	1188	1.2619745794689903e-05
-0.030241806932545967	0.5675511682794308	4.863763422032077	2.4698452389323124	0.046677002039161364	0.3103715373892092	3.776720809850253	1.4541860124204282	0.0	0.0	0.1699797903095363	0.019675669203976953	0.2754078436991953	1.5936650291680685	7.671511560365748	0.01567334074034976	0.21244178548926715	1.4054462691774463	4.808674641999565	nan	nan	0.013422600711158014	945.5217084305491	1188	5.562469160095809e-05
-0.04374670476797671	0.6722314859370484	3.4568610938090973	-0.6360915031757189	0.04086515040298555	0.330795310392163	4.551543410472404	3.325841607880769	0.0	0.0	0.17179708454142217	0.014106665181549127	0.07107177836352185	1.89046675690695	1.7690274891815638	0.015077550411358276	0.30106280905037913	0.7301440866430924	6.652778681278577	nan	nan	0.013140354897995365	922.127336003301	1188	2.013476884732378e-06
-0.0433762511198027	0.693247568400677	3.9726110572806874	-0.724174954567939	0.05639659470194891	0.39180865172663426	2.9456107064946884	-0.5824225056757837	0.0	0.0	0.1650315473492543	0.023140686905838648	0.07008700688345926	3.315349151554427	3.1955204955055363	0.009192926491256692	0.06464685206824436	1.3351313040053447	1.2775022135105427	nan	nan	0.013359300983715114	1017.4892172318367	1188	6.337146039391498e-05
-0.04202112213460285	0.6313733416256608	3.6003962582329962	-0.5656351685260018	0.04533780195154535	0.29455560700662586	3.6600856433253615	1.4975577338040047	0.0	0.0	0.16038113489311606	0.007985228691282875	0.06635931763898101	1.2300545401500076	1.1539724443693502	0.014800112274376942	0.22645921511561337	1.3208796365065314	4.8103092758766826	nan	nan	0.013258908702748887	933.5304859936787	1188	7.104148656341727e-05
-0.025390787613072452	0.5271609462249949	5.4410181997562805	4.568995136594129	0.04138145876479049	0.3128590354901714	4.2782167337117505	2.951335223017224	0.0	0.0	0.17694589504711516	0.002709517795476235	0.0752319332112873	0.40998788858784607	1.6284656896542489	0.0020901659098678804	0.06300608277936892	0.3001724717042684	0.821875172717047	nan	nan	0.013275795315402239	1013.326210267714	1188	1.3529219927684425e-05
-0.040695662344956696	0.6587927909283755	3.800253610225475	-0.41891967045043776	0.055689141603808334	0.3823038462640516	2.5639196355193272	-0.6044779960632303	0.0	0.0	0.1751447210291719	0.026054846669590348	0.06914219377079678	3.407215454890203	4.070142651153646	0.008329306512368517	0.06630434946477995	1.134522608543222	1.046125552769363	nan	nan	0.013800896484240197	871.3289991400932	1188	0.000174401158014473
-0.02536994827805239	0.5791188598070605	6.169900401309315	4.492552546772027	0.03996650112672695	0.28967690945056457	4.220321830461627	2.565180331927677	0.0	0.0	0.1290729030869399	0.0026531198391797073	0.07605337170542015	0.4370249787937386	1.621885622173359	0.0019372123498988536	0.06283593991820907	0.3068149035159373	0.7981040807633009	nan	nan	0.012612794358252827	1034.5398315807515	1188	7.233279675353289e-05
-0.02590848368635512	0.5388916409913642	5.597290095129509	4.457030252798537	0.05535094877446545	0.36935388246518497	2.644167870198195	-0.595523983095309	0.0	0.0	0.16295239857733285	0.009357231604211813	0.1796361320014954	0.6846423524547025	5.497909036928029	0.008046014532521961	0.06660715196713926	1.1777447635516523	1.091623892248301	nan	nan	0.01355114540480297	956.0210379140661	1188	4.745759395081599e-06
-0.04223579555001278	0.613485544214833	3.261084851225613	-0.565216763852539	0.04614892387186753	0.30392255478773034	3.394694358191297	1.1640546106125018	0.0	0.0	0.16237379793100698	0.010029435860872515	0.06578801147867147	1.4117896386278947	1.3564145770573572	0.016660789886138727	0.22190069255402234	1.5154342614805034	4.719613601241061	nan	nan	0.013391165856898743	966.1294598262782	1188	4.50422325331276e-05
-0.028236812894019914	0.6056777545275774	5.6061302024843656	3.128781698166357	0.05710279467012547	0.46748541077950945	3.217296098043044	-0.6140492435654731	0.0	0.0	0.16721568471845763	0.011875350776644533	0.1839014975368978	1.0350285898649911	5.488557627449044	0.018079191074980017	0.07084772287571237	2.3245134927764166	2.2888212894563407	nan	nan	0.013705092792268822	958.6820879316508	1188	2.062612535168392e-05
-0.04203122777356094	0.6590403626800876	3.6365324959029732	-0.6023823421784024	0.049816867705224865	0.4098383774290332	3.8962179117194062	0.462324228244043	0.0	0.0	0.1634903240137076	0.011378256940987097	0.0778941841823993	1.6894810635063573	1.593752594208085	0.043474521405483024	0.35303865426419284	3.9921410213271034	9.398253620150912	nan	nan	0.013617929318645638	943.4598183965234	1188	0.0001724645845818191
-0.024937788740806988	0.5317722024120659	5.551293802605209	5.013838406955761	0.037279357927027856	0.27017996624887836	4.661018430656144	5.008624900804726	0.0	0.0	0.18118427330858644	0.0026184906029442234	0.07465356309821583	0.3996371122286071	1.6616006919924944	0.0018611787727602636	0.060129750739600085	0.27723474897423594	1.0177012623275832	nan	nan	0.013063769549234328	950.4573769584078	1188	0.00011529249966116476
-0.03939308126810104	0.6556513646977191	4.003111635077394	-0.3386731484520684	0.047555637095435754	0.3544469290630362	3.4064857608197774	0.4958700619738812	0.0	0.0	0.1485425969709792	0.004612079955535753	0.06062053690353464	0.7717977919761039	0.7812743185541432	0.002780319178234847	0.06375670946676673	0.4138200700951211	0.6132709919435277	nan	nan	0.013043908752259567	983.4229645372245	1188	5.918832681695204e-05
-0.03175670622898452	0.6109695172615273	4.767557153868667	1.6576241616547285	0.0537407741422653	0.3609628060617932	2.2929377144302645	-0.5541495376582081	0.0	0.0	0.15709486407476972	0.012485989721946589	0.1429166351135355	1.2862706065799	4.044320864090617	0.06449245385460767	0.06684637330657206	5.1009884376311305	8.139010966871663	nan	nan	0.013706521952384157	987.85138093983	1188	1.1368979479603439e-06
-0.04233384593554357	0.6841448878570118	3.8749941989321823	-0.6173987505273028	0.04341865176708781	0.33300605644683084	4.167270761785834	1.932842670605101	0.0	0.0	0.15875630439565208	0.018999612093733798	0.07582150557275658	2.7353849675034816	2.710311086551103	0.020727332872418347	0.3394125327273749	1.5541637212448962	7.29159138081384	nan	nan	0.013404177221663732	1027.0337816325584	1188	7.080220855406375e-05
-0.028662186415352786	0.5881945090849032	5.121194010198406	2.8823925669581034	0.0554414815129991	0.4123579806002324	2.581655919215656	-0.6173138468738768	0.0	0.0	0.16342300056322906	0.01144312718078222	0.17246014455399034	0.9639741976142173	4.903969631715174	0.018259951518408535	0.06873446564790434	2.2227345695902336	2.1796853181345424	nan	nan	0.013651030796135943	1001.9920014582249	1188	9.80050032733003e-05
-0.022940708687337108	0.48804452520139774	5.629283625072148	6.153777231159658	0.04539980536066546	0.34949473335171766	3.8535899292356635	1.2392907336579961	0.0	0.0	0.15477575600102517	0.031665089854469475	0.7079460373313842	1.056723141468526	25.11612074684393	0.03456759003011789	0.42045709632544825	2.9411119048452834	9.906423109759976	nan	nan	0.01357272390754205	938.1174735834045	1188	0.0001870182075217113
-0.042654756630630675	0.6441639141598579	3.4108573285317334	-0.5916716175946342	0.03875005809874055	0.24820784951875613	4.437012310467854	4.138020061620593	0.0	0.0	0.16145469705045953	0.00482439526272932	0.056603565518096255	0.7354057338401812	0.6359127438669413	0.001968065205104619	0.06235711996419435	0.2937682037958167	1.020142599616582	nan	nan	0.0128932529098513	962.2570729577553	1188	3.7677982359695595e-05
-0.01481049093408826	0.24009657859878303	5.511228840451662	18.204185478213528	0.038369288903192356	0.25957333750677763	4.229816916584763	3.9066828620951672	0.0	0.0	0.163167292633913	0.004405594317552608	0.18315369146085372	0.38964094764868884	12.520596200202633	0.0076260374717831425	0.1932596527800877	0.42879629777733075	4.317626070738086	nan	nan	0.0126560740722646	898.8011852579198	1188	5.065022676417346e-05
-0.03770286245283594	0.6537311779290824	4.190864090080698	0.16201811456928228	0.056439759778111664	0.4244904915990088	2.727225132699236	-0.6011596172907776	0.0	0.0	0.1727569713562161	0.020584505874847725	0.10194450464967975	2.582681479857243	4.133250199741061	0.009396310732927349	0.06817173798837334	1.2062595823144573	1.1212643038507302	nan	nan	0.013708207119651983	1014.1962773482135	1188	1.5772329443698613e-05
-0.0428210809043168	0.6765905646824011	3.7334474345211675	-0.7075315111977247	0.04842227162316792	0.34697334281258313	3.409590229817284	0.6231304129572223	0.0	0.0	0.15769959653085472	0.005133017750737934	0.06062027252594426	0.8436170084469663	0.6862716783325908	0.0027929326331034288	0.06244960621509335	0.39492504774832793	0.6237454414031921	nan	nan	0.01284262381337993	966.5864750408169	1188	6.677577568925375e-05
-0.03659691584459435	0.596894666421151	3.831517297753159	0.3515180116273761	0.05554453109535573	0.35429875338606653	2.4569127083348423	-0.6033177931566234	0.0	0.0	0.1681672685596492	0.013730461315347553	0.09361519411801766	1.655193182841959	2.899356513932898	0.008524907439767304	0.06527674473688319	1.1924557614673423	1.1099813056559462	nan	nan	0.013680970976518575	968.9255652197826	1188	0.00011882222362921468
-0.053163249169745574	0.5996311377644112	1.9546977996953858	-1.5408359536583325	0.038645764652224024	0.25718359443824024	4.591935341059426	4.158269269716873	0.0	0.0	0.1568119660242142	0.005542328480436676	0.05851107157541341	0.6602267981825451	0.25705247631776423	0.0019510993443739855	0.06219168728016408	0.29188502481087264	1.0147115926589945	nan	nan	0.012673937718859343	898.4812043226289	1188	2.593458825880543e-05
-0.04264919684961166	0.6567764924848349	3.5843918587571277	-0.6064557166216997	0.0513584258419133	0.33247143214478025	3.0247428911044665	0.0648951509418374	0.0	0.0	0.15808271606572358	0.0045764337416847045	0.06054410492405787	0.737479594361371	0.6156548584054371	0.0029951805760880523	0.059580404247741414	0.44961710874058425	0.5592512513345976	nan	nan	0.012952934995285076	967.7285096208	1188	6.110207826885929e-05
-0.04255969532759263	0.7231331568679416	4.314418372318827	-0.6043626854782633	0.04586463203055691	0.38973058337777217	4.119717769100502	1.0748740182464422	0.0	0.0	0.13579858480345708	0.00724411227961308	0.07155293444869004	1.1936000365921422	1.0686507349493601	0.01630101105860937	0.20932432095716358	1.4979395326124276	4.408197918858442	nan	nan	0.012867975365297893	972.5876388308812	1188	0.00012022845864273828
-0.03398504008317704	0.6244879022647281	4.541387758761876	1.002257447415566	0.041399859262407634	0.3072608451329095	3.936597557333798	2.2226060664008602	0.0	0.0	0.15536965237670639	0.003630904778192501	0.06413539786722289	0.5324219024849053	0.966859146102108	0.00218488187627508	0.06534211217376162	0.32263285691765464	0.7891967751308725	nan	nan	0.013043606810595076	917.260385019324	1188	1.3448373125124946e-05
-0.03056278993800765	0.6090109117784868	4.971144101006565	2.139166463551344	0.05762512620719673	0.4286765658919928	2.624472054288993	-0.6492162082768136	0.0	0.0	0.15966778333261408	0.0108280158614808	0.14380942140925607	1.0273441290508183	3.91887005031939	0.018892341213738506	0.0675977008673522	2.2118567582949806	2.113975842423199	nan	nan	0.013192753333632637	901.6730115425487	1188	2.9217486801909165e-05
-0.040017287483502084	0.6481641747080249	3.6538985414780356	-0.3984619163772751	0.05468061122034662	0.38623661618687	2.4425298632671604	-0.605675098010693	0.0	0.0	0.16200993207272363	0.005351447273820753	0.062060392563545674	0.831920394897053	0.8269546517381047	0.0037824261973202766	0.06125363669470346	0.5516282191163728	0.4468644556075636	nan	nan	0.01325497510740406	907.3266879214403	1188	7.936041434520482e-05
-0.03681145855170043	0.6605797130961779	4.362174130095599	0.3981717436723008	0.05585896269100732	0.41580056280183597	2.784566011410151	-0.6025246439801633	0.0	0.0	0.1606650913172171	0.014717173706056963	0.10001318861982872	1.7917522252967604	3.184029358686421	0.012364210488225669	0.06686702539036882	1.6246730845228181	1.557648036520886	nan	nan	0.013359189924981335	990.6908109670484	1188	3.0146512942146964e-05
-0.024818032377312282	0.5552790937452885	5.581026109177932	4.719470362145222	0.05334833697354591	0.4644777602446668	3.164294764386817	-0.5018009585250908	0.0	0.0	0.1473683136844467	0.0026598648762743426	0.07659359456842693	0.4057253230511395	1.6253178083983937	0.003491247665643127	0.06314166651681219	0.5327899795289153	0.4588109320906383	nan	nan	0.013034258331670073	931.1789388674517	1188	8.948238010295703e-06
-0.028311186049004622	0.5902600121017226	5.464292261997174	3.479283737378232	0.056474562915617144	0.3938839931777158	2.6823200177984563	-0.5876042854921091	0.0	0.0	0.17635774001423743	0.01203136401336613	0.19139380737394968	0.9179373701997706	5.686703452163448	0.03566646342484192	0.0670803911077599	6.340274941921084	4.549068073774671	nan	nan	0.013712426028718139	926.4381679774046	1188	1.5392250692377645e-05
-0.028946447596837954	0.5755030700558285	5.123526136006574	2.6771368156932667	0.05449851541710893	0.3766369000752202	2.66780103785823	-0.5867814030550264	0.0	0.0	0.14581713856334136	0.010438708116827122	0.15740306145232366	0.9486660803983202	4.410774323678944	0.02001385834477787	0.0663480531411304	2.6545183137225967	2.742172535583817	nan	nan	0.01318848531660402	905.3093960034926	1188	1.840839909465252e-05
-0.027673186042345255	0.5582130442366489	5.043590340741866	3.2005371149532653	0.05555917411493616	0.4002227720160221	2.60444146993964	-0.5867229224486918	0.0	0.0	0.16769474050912947	0.014428187513401247	0.2241366041595459	1.1496975447895825	6.726749195608567	0.01826883715109029	0.06957728251744488	2.2495608994179275	2.2651428149331623	nan	nan	0.01373226995426785	903.4101358352049	1188	0.00014012542059218736
-0.033456820981918156	0.5958493512957508	4.39831159568535	0.898820102542899	0.05429990143162433	0.3525464402767761	2.359393579207775	-0.6101035890900168	0.0	0.0	0.15481209886171585	0.01043942999684444	0.10355866309309608	1.278840161337536	2.851848988282937	0.010965758491397692	0.06601635315047666	1.4945603204890527	1.4167958697230163	nan	nan	0.0136395778307348	925.9549062256472	1188	0.00016964360472226724
-0.041859435387815225	0.6270449860078707	3.3989358711662634	-0.6082087880855112	0.044039492222887944	0.2881674834815496	3.6851594077266836	1.7120603738241809	0.0	0.0	0.15590784360454624	0.007932508436470975	0.06679065474958529	1.2030342135406196	1.089084191084533	0.009361206042852621	0.16467173173158312	0.8219933266274146	3.250223359984634	nan	nan	0.013358090530524516	993.5672762737736	1188	5.239575589026091e-05
-0.04104785083941631	0.6176548976585866	3.4596999641657513	-0.5878520660692576	0.044709956408647944	0.2950566384630143	3.806102258926396	1.5428737468070712	0.0	0.0	0.14237671239763947	0.0066660789046460445	0.06699119198434356	1.0698410134980163	0.9620738337645051	0.012246726506774608	0.20037845806971147	1.1407714448059307	4.186703584793065	nan	nan	0.012998014041525063	930.6128694463405	1188	2.4251995527531432e-05
-0.04133875829521205	0.6153251912587581	3.217852587614071	-0.644651437258247	0.046825322414380866	0.3003048242624601	3.0490545998508645	0.742617821565218	0.0	0.0	0.1649790738956156	0.019177555713510375	0.06992235754069298	2.6547286442489595	2.5861299205899333	0.01652379913080204	0.18666201619390552	1.6526945608087171	4.101034933661904	nan	nan	0.013850397367460257	983.2342985430387	1188	5.700330437840559e-05
-0.04010641634397394	0.6225214234070935	3.3510454717408074	-0.59420113864347	0.05271635432222621	0.37967583557421114	2.422305062262628	-0.6955210245373995	0.0	0.0	0.13703555357025876	0.008068724359728552	0.06603323575906173	1.2523206871985004	1.1526000136894492	0.026742753677272413	0.07723767545689567	3.349502694407361	3.390397466013929	nan	nan	0.013441737474205809	914.1810797622909	1188	7.524295387603332e-07
-0.031260005559277326	0.6394408700739407	5.587802172736847	1.9797116676296407	0.03871361816926733	0.27560002927786426	4.6472338651368545	4.143763293524405	0.0	0.0	0.16154037650416853	0.003289761590661189	0.06894591523516735	0.5062854641747223	1.1904038965572281	0.0019224029544001597	0.06142244655341281	0.2899682412916378	0.9650595046898179	nan	nan	0.013110858398244635	951.1456217788462	1188	2.13229666564743e-05
-0.04242573021346019	0.6422204283373105	3.255816940625688	-0.5737442502381453	0.05523071421251324	0.40642005993745167	2.633463289488225	-0.595808855274824	0.0	0.0	0.164626826750045	0.005742313422712697	0.05987535646052883	0.8240076196206454	0.7373115637435601	0.003916616872278844	0.06172480945226194	0.570574515868409	0.47074334460485817	nan	nan	0.012801021081338251	999.6997370264146	1188	7.168158858901437e-05
-0.03736716923714356	0.623451232656064	4.063375070535728	-0.07902913266848687	0.05466873513941217	0.36777845839716394	2.7726337197371063	-0.5838233048558524	0.0	0.0	0.15616722402141414	0.0046407314490903295	0.06291840879872485	0.7805535191024175	0.9118392900171204	0.003187028638456546	0.06041637082794643	0.5333580357245244	0.43666245449578334	nan	nan	0.013221137467391647	964.0775087275326	1188	1.5594827927616588e-05
-0.0361745820178655	0.6707857266744865	4.776696726380613	0.604004194258585	0.05575526702898803	0.3744111602203143	2.6682327788727003	-0.5879568450807766	0.0	0.0	0.1595404157898179	0.03324592615172245	0.20857962462162216	3.6816017980825797	7.976153156312011	0.011495798854796346	0.07087852912805981	1.5950916291865431	1.541496274213196	nan	nan	0.013545046584865203	944.9451673812298	1188	0.00010770360371224728
-0.023515335712144925	0.50405990944997	5.677726271627987	5.876724550733242	0.03587096560126857	0.24166600686465045	4.646659392095854	5.579169181443179	0.0	0.0	0.16390563926990442	0.002414283442939591	0.07446865205263034	0.3857104283099755	1.785232452683096	0.001751869363570524	0.05753487605250979	0.2640185124517558	1.056140248910762	nan	nan	0.012989827708408397	876.9208915484182	1188	1.233074559892119e-05
-0.04271039583023617	0.651728171331203	3.3761635904124505	-0.6076574228829681	0.054776849460891786	0.39947009967223673	2.7780476829356826	-0.47473827949443576	0.0	0.0	0.17061844110024588	0.010413254893605728	0.06521078739564162	1.448665828983399	1.3489545657884947	0.024398713093727098	0.06851053725051451	2.884751108059179	3.310237796091265	nan	nan	0.013571672492055889	915.3662307027298	1188	0.00018606345557241926
-0.029629890109037382	0.5714841943606507	4.96684605475209	2.6749142967874415	0.04450699307163286	0.32835140860316575	4.009726492929278	2.048838983474006	0.0	0.0	0.18087759614507953	0.003090873025740737	0.06970563393692131	0.4312179936388474	1.2429231532495166	0.0023137523547372973	0.06341401891120033	0.3229801020795442	0.7424562375894488	nan	nan	0.013042757390261811	962.5851126821234	1188	0.00012514490813648934
-0.04237478728202759	0.6793303643670707	3.8007900492812747	-0.6657465196121182	0.054696691222072324	0.3743140168501886	2.6706234378025986	-0.5760574179178665	0.0	0.0	0.16067721283645545	0.014179955108290343	0.06763784436899223	2.1187902213660736	1.9753827518491076	0.011469547165298466	0.06533278971179748	1.6030955663513837	1.5706018843152512	nan	nan	0.013607465468440577	1078.346936764946	1188	4.561514829535927e-05
-0.03004445278682044	0.6565347154016725	5.6541105274858445	2.6231538279842286	0.05719453010580233	0.492926515480597	3.1804409431425906	-0.6121496192098709	0.0	0.0	0.1707533142471966	0.010166153596191718	0.14648484017687957	0.9258990768571307	4.0468305787208125	0.008628978038983437	0.0709975254986176	1.1193301262493012	1.0169054771643744	nan	nan	0.01334952594872059	911.456237025571	1188	8.13064166003145e-05
-0.02808148728783455	0.5588306632871582	5.055152470966573	2.9976386782861604	0.057456596882717204	0.4013718760754204	2.6104746124010636	-0.744096149729136	0.0	0.0	0.16018049236408707	0.0031910263428009955	0.07505173235121715	0.4624922109290637	1.4316885406576032	0.003713342024174948	0.05986015153355592	0.5654543593549703	0.4196869020239309	nan	nan	0.012756374090563558	1000.3800628800482	1188	7.740458255830373e-05
-0.022717702049145805	0.45477675159319103	5.193571835446001	5.945830063337161	0.03988266135220675	0.28392608928691204	4.143879226199303	2.936623483459621	0.0	0.0	0.15411679020718225	0.0023389029670635164	0.07492709400171779	0.3733087527371053	1.8065015527678832	0.0019530997123780036	0.062439975530065056	0.2966124581196914	0.8254997309905544	nan	nan	0.012968585264470131	969.2137690323692	1188	1.8624899416685677e-05
-0.04497033531056016	0.725692469986485	3.751697436933906	-0.5632809152081363	0.053804027990576264	0.4623826789951038	3.1633188338432348	-0.133926037057983	0.0	0.0	0.17497081903267436	0.005701624878520328	0.06003260177326708	0.7903871452961708	0.7042640444002344	0.0037728063240092258	0.06194987118286421	0.47964924325395786	0.5205528828168002	nan	nan	0.012768057420093126	908.0463670143573	1188	6.979105261816618e-05
-0.043295463454888994	0.6698338137041152	3.3630131836525816	-0.6479955483044413	0.04364701572101137	0.32888326160228804	3.7239645923667517	1.676059577749584	0.0	0.0	0.1624397062178722	0.013771149383753067	0.07310937371870618	1.8434847937830519	1.7031198804834637	0.018361921610208554	0.27981088997574666	1.3872960392388278	5.78438537904864	nan	nan	0.013338234011103262	914.9294026739028	1188	2.7021309356155707e-05
-0.042409051688571786	0.6146458648800355	3.228580343784155	-0.5826739886404708	0.04588931554045028	0.2917672311040476	3.4892633855052333	1.4635100297642754	0.0	0.0	0.1782858166995352	0.013415702186998668	0.06563650417894706	1.834092408451809	1.787564492763408	0.012297052683804544	0.18670896173098658	1.0587136664651442	3.7983993441852295	nan	nan	0.013545849299495732	979.6339139814044	1188	9.81641398585826e-07
-0.04170422269115248	0.6318778418021268	3.4325862389662003	-0.5920811165891628	0.05172931796285796	0.37531915862793425	3.120082210042412	0.004168991002992481	0.0	0.0	0.15758514534903173	0.0047109842731935525	0.059412160624790156	0.7572111004720039	0.6484962705890582	0.0031945646337092626	0.060655627507947035	0.4576930709747744	0.5453087410054841	nan	nan	0.013004624895607345	961.1093994475527	1188	0.00013505371268512876
-0.04224046817488947	0.6749977787910652	3.8033914336028363	-0.5861456556981559	0.04872080856221017	0.376193887672608	3.645117573135485	0.6315302680834352	0.0	0.0	0.15222661338498022	0.004631738599313595	0.06012046175112451	0.7607610270142295	0.6515060160034208	0.002818189360011991	0.06317278288381231	0.40053598788183287	0.6202988926275981	nan	nan	0.01272784913126522	974.683344909589	1188	2.962476973441728e-06
-0.040859320161985235	0.6382626102814407	3.5772864316168085	-0.622677029723982	0.04927891988090094	0.3582993094369814	3.241559928962806	0.27617681043195336	0.0	0.0	0.15160996508997332	0.01287170496833906	0.0698428670226886	1.9761557060857136	1.876755244045638	0.0223534525553285	0.1760490598664156	2.4097707498550403	4.588192319648723	nan	nan	0.013446964623998886	987.678805862495	1188	4.9218503996284704e-05
-0.04091204728950648	0.7591921976958719	4.651140694716284	-0.17565522111808166	0.056086740719407446	0.49724847218511176	3.026684724248022	-0.6479203163475717	0.0	0.0	0.16254657805797312	0.0052284884247898455	0.06398822213063737	0.793192091218325	0.8801968608683736	0.004158094813200841	0.06444856230292134	0.5880381836122812	0.4627737360964499	nan	nan	0.013049297775819466	971.0779027889455	1188	9.397021442547318e-05
-0.043592180259924396	0.6173841634723205	3.073043048984707	-0.6045507372798391	0.04639521121836987	0.3148240267091096	3.7624531785518456	1.6228699576023984	0.0	0.0	0.18346032595367462	0.010570649810074051	0.0665667044571761	1.3909869464005664	1.2952703025652466	0.015545802865983283	0.22929944351757375	1.2302318716716123	4.801830495660151	nan	nan	0.01342020257745248	901.9057702744135	1188	0.00010550458430832304
-0.04649025272663221	0.6827112027298956	3.2221996653596934	-1.2093338370674027	0.03857303195123851	0.26891545055537447	4.427915021344729	3.6216805602436666	0.0	0.0	0.13947062739912885	0.01421187721956213	0.10499833517195689	2.2481999499609615	1.3474527447656233	0.014469056362286792	0.3385089505102876	0.7962698892889009	8.029412446385095	nan	nan	0.013378068821418732	991.245730135406	1188	6.005429420824184e-05
-0.03854985965370039	0.6878841039822484	4.5014476516492055	0.23604239090188384	0.05534890183052399	0.36519903563873807	2.556109992733797	-0.5741510287161028	0.0	0.0	0.16489597722709642	0.004670591169490479	0.06404964997684559	0.6966471506892424	0.9323589836365384	0.0035316734361077184	0.0591924148562174	0.5389077877361812	0.45266997963793676	nan	nan	0.01295459677264521	999.722453022454	1188	8.34474388311944e-05
-0.030031067464659444	0.6086429964908463	5.1070260869533355	2.3410271441639185	0.03981912547402433	0.3359873401552829	4.511368886227896	3.1474370056269643	0.0	0.0	0.16018983209476598	0.00314962475562508	0.06962600285564241	0.4581987252120663	1.1920571112171732	0.0020906344751054906	0.06515132086248104	0.3099837348795971	0.8586375095774502	nan	nan	0.013031356588347448	916.7870917089638	1188	6.519971584632313e-05
-0.022259255380496445	0.4601431854676274	5.24192774767293	6.49126413513263	0.055872704834008635	0.40599277099062864	2.5869273823265884	-0.595254142915197	0.0	0.0	0.1662740850382956	0.011992450528227283	0.27780748145105216	0.5527735494792991	9.83175551873568	0.010840084951036055	0.0671815365773589	1.3709050482589134	1.3016111932161367	nan	nan	0.013482328343817837	979.0480352737582	1188	1.0975538768253358e-05
-0.04119097882397804	0.6163786065605531	3.3926490867073387	-0.589468414610208	0.04858636872819755	0.2971108061741153	2.9411686621912487	0.2939625109353867	0.0	0.0	0.14028096421720318	0.012555245280904515	0.06911233198512201	1.8537747494564782	1.796686956814737	0.027007133562206298	0.2250909138415805	3.035647187463212	6.1033661816679725	nan	nan	0.013046924960799539	975.4649834836307	1188	0.00018587774545319975
-0.041281315779021055	0.6733389884891186	3.969028817693876	-0.5699628380287087	0.04106516851419095	0.3262998727165261	4.404552016326973	2.7053307608385255	0.0	0.0	0.15022117560541343	0.008655207334547	0.06948348902296164	1.3913700748673012	1.314153300713499	0.01136878147685827	0.2296597417703436	0.7180902489377106	4.743681687960297	nan	nan	0.013182211196513735	950.4404288516757	1188	9.881944419099924e-05
-0.042236316545660846	0.6578168054010732	3.5226591951426647	-0.616901921313606	0.052409985412504856	0.35910654149799537	2.783406379344937	-0.23802062870195256	0.0	0.0	0.15290177777218336	0.0051806039541992255	0.06046241933993424	0.8087299475169945	0.6946026951552414	0.0033211385756162226	0.0595741147165344	0.49181522066863104	0.514010871123079	nan	nan	0.012815017181468186	898.3977873338094	1188	0.00012481040454907205
-0.021194742518705234	0.4960623403230817	6.123687492393981	7.86491385467918	0.03812222719877556	0.3306266599873711	4.735601846039584	3.651311694842557	0.0	0.0	0.1486138545442633	0.002169624133286918	0.07646781386802473	0.38580135222909373	2.087580784731638	0.0019439256031834606	0.06393782532686423	0.3001519943520443	0.8889308369724159	nan	nan	0.012835793909373713	895.7198841694214	1188	0.00013161075669860807
-0.024677572370252143	0.5268101635733031	5.594867598125742	4.72665210624311	0.04030819574038125	0.3115307457387406	4.370963703848685	2.7632819578141907	0.0	0.0	0.14718971357495234	0.0025853818325605737	0.07546802212454248	0.40970548928510553	1.6412751582883307	0.002016255079063445	0.06386779312423088	0.31216582662237347	0.8175106409837574	nan	nan	0.013020929454928012	980.308366749585	1188	2.2246214353597474e-05
-0.04368875211201739	0.6628146951606496	3.2916536367024083	-0.599142026314048	0.0419469756731341	0.340120143772989	4.112769782497991	2.4407201017654123	0.0	0.0	0.16328130844559985	0.005045959854461934	0.05800684028947195	0.7157524366378705	0.6118728597299852	0.002339841705703005	0.06641803949395272	0.321574978378258	0.8180884030122277	nan	nan	0.012523869790067907	898.2705125977761	1188	2.3647919046600357e-06
-0.03147187922666439	0.6270676727965565	5.327092935645573	1.831704736593485	0.04346951126870735	0.31299207151880526	4.1405482716527455	2.02880853820102	0.0	0.0	0.15825950632711605	0.0033417211398709123	0.06923539610352003	0.5107189991974002	1.1629398192688272	0.0022049690481137363	0.06370982094442942	0.3299491227200382	0.7643059484070865	nan	nan	0.013060225341213913	948.1528176934262	1188	2.1193684070153914e-05
-0.0420399367383153	0.62398193241937	3.3413974202673105	-0.5334452741610056	0.04737020368606437	0.3273270240432213	3.4153432122726124	0.7570442640060616	0.0	0.0	0.15514887649494652	0.018932376119910665	0.06465233837436618	2.495028637688999	2.618034820158239	0.017843855859460023	0.19798916762776145	1.8271065059596066	4.504010544348353	nan	nan	0.01316435623103096	875.8177902896517	1188	9.4861573356341e-05
-0.03275110097323497	0.6347762838054528	4.943817511741285	1.3450490587306156	0.04226340668592199	0.34141043070818156	4.1468652823782985	2.3145826258173448	0.0	0.0	0.17459707347117026	0.0035843809167726004	0.06787483074507733	0.5426271288760871	1.0797456775883356	0.0022940774529776053	0.06592350701568914	0.32392469443828054	0.7879144363683706	nan	nan	0.013428262495522744	941.9236911824623	1188	6.335501358349126e-05
-0.02955117383896111	0.614446735079256	5.408878712217648	2.651128801213027	0.05615404349181796	0.42506735927584477	2.7760169212115704	-0.6043775905769077	0.0	0.0	0.170459513557503	0.009888918324541696	0.14647666225252923	0.9103573852336386	4.058930421888081	0.008371432679869617	0.06857207836383178	1.1090553950819106	1.0171566321865795	nan	nan	0.013434929397364084	902.8013127807137	1188	8.174138622491567e-05
-0.04194836546830971	0.6044369419263738	3.2968880686638125	-0.5907291593532642	0.055734940711499315	0.30788278777087824	2.322651634147479	-0.5836110451157496	0.0	0.0	0.16275325247702926	0.00977231532670747	0.06285081925038682	1.4381867627370155	1.356091163615344	0.015106754269011757	0.0615351568148135	2.129771935646807	2.1463601796894958	nan	nan	0.013420806488877751	905.5358754184832	1188	2.4042589608746004e-05
-0.04286501167116341	0.6862038860771957	3.5987393555932137	-0.7439166739870394	0.05491331014529455	0.43658955020092166	2.743428146622686	-0.5845734714079082	0.0	0.0	0.15710036876155636	0.005799759295500029	0.06252531790874061	0.9145826302575881	0.7343855064793883	0.004034039419889668	0.06220885095573375	0.5722733565278026	0.4764248624571269	nan	nan	0.013013667455930494	905.5516425356336	1188	9.0602876213567e-05
-0.04255990188072423	0.6591701361186182	3.621087661248125	-0.5838473539483269	0.05652638901002427	0.41879012731816945	2.9872247001753847	-0.5692955037469369	0.0	0.0	0.177288247025699	0.00976661120365624	0.06497602233383498	1.4266695577446122	1.3461945114631217	0.022705971670253344	0.06609943782217667	2.862993007763049	3.0249590062727036	nan	nan	0.013664571175445117	962.8313876727677	1188	6.40778702927999e-05
-0.042247275295778874	0.6473412705003894	3.5544567186066582	-0.5975566034853875	0.0414117565833958	0.2600972805170953	3.8117225289445313	2.7912222565117553	0.0	0.0	0.17001263966816582	0.014381912060544344	0.06757224552843394	2.0555020310240035	2.0000028567335484	0.009915071308346013	0.21169207790960598	0.6508488293287447	4.420062753082439	nan	nan	0.013410225771869719	873.5227329655787	1188	1.2444845545600076e-05
-0.03380716310058418	0.5890748983532499	4.358756239008182	1.0049324754137265	0.04079166096914899	0.23003227366739654	3.9142782495330977	2.968381111936619	0.0	0.0	0.15216937452843915	0.01569356865131094	0.1664485919479098	1.6612414924357493	4.302403743100048	0.014794876604115492	0.3334394582305046	1.0382896083355146	7.756885836162234	nan	nan	0.01334567098587533	957.5349662520617	1188	2.67929198740935e-07
-0.021756044189740642	0.4551275659718077	5.581206125431931	7.09369686911825	0.03588226759082791	0.2383630003579449	4.598105886935419	5.498174224608182	0.0	0.0	0.16517868246333717	0.0022219769033056114	0.07517569935959323	0.3739525162003865	1.9886796766382069	0.0017493133172810094	0.057620452736740796	0.26563132518120414	1.0505962423751376	nan	nan	0.0128607232220571	908.9692882635542	1188	2.9076308815500394e-05
-0.03147471715876571	0.5824894106126844	4.60909548354438	1.644267337832058	0.041980063627650166	0.28704997516943626	3.939928972035757	2.301500979716982	0.0	0.0	0.1553379620372877	0.0033311049153404992	0.06673493932417951	0.48343734967064744	1.0823883678650665	0.0021081165307472727	0.06340187712823953	0.31685444152284803	0.7875798765709736	nan	nan	0.012889391563988745	906.6863076937543	1188	1.859860106945162e-05
-0.04310444491906873	0.7025004538603519	3.9183700783639526	-0.5530561671496954	0.041638911250470034	0.3668430575226977	4.355077347262682	2.6184541811389495	0.0	0.0	0.16926839645002212	0.004705397377527176	0.059247556182565	0.7416268533368633	0.6464694934407003	0.002363216257490919	0.0673619596509574	0.32272434219081925	0.8329001409993645	nan	nan	0.012898722917808636	907.5857167405206	1188	7.634097467926185e-05
-0.04153332866443016	0.6516357427091719	3.387953257981196	-0.6166168613011552	0.05177219795980492	0.4164511010602319	2.9990524007468085	-0.3466251358792786	0.0	0.0	0.14411855716679162	0.005145852704169007	0.06091792226738357	0.7972402312922475	0.6824222802881738	0.003526341094886254	0.06260296275568947	0.5285593577196173	0.5129478578824974	nan	nan	0.012914081969493563	905.3654856135254	1188	9.701272232608822e-05
-0.042516715243366754	0.6907049080311364	3.660646711256492	-0.5939498947128344	0.051390673283748134	0.42440726286596203	3.19130624078754	-0.0728292358704887	0.0	0.0	0.16258971606326594	0.0054417693860449035	0.06189653746161072	0.8261015066127759	0.7222251692526337	0.0034611461968431234	0.06325563137691148	0.4835311659604218	0.5438299401780711	nan	nan	0.013147952404511054	959.9952792127008	1188	5.623236995509219e-05
-0.037625588954180444	0.5776866475643401	3.5746191555391595	-0.005144754784004637	0.05494556048913779	0.30906131690319366	2.387863813055664	-0.5772364499539128	0.0	0.0	0.15906396586247945	0.018614254494492166	0.08682963290728565	2.4178745454435147	3.5492205225991142	0.008357512432944025	0.06276990053507875	1.2739507954883238	1.2230016075234353	nan	nan	0.01335980418386018	991.4667533850597	1188	0.00016250114912812568
-0.04125278695606871	0.6130529880284672	3.2523059800327605	-0.5915545340982817	0.04583318892694854	0.28624226879764897	3.225725272262844	0.9676286949809255	0.0	0.0	0.15217755367460573	0.013333787301871236	0.06562685448048544	1.8943460608277491	1.8410095676304712	0.010659292594583092	0.14823877995866963	1.1000521154065004	3.0103365035679377	nan	nan	0.013426505879216913	998.7394451340786	1188	0.00011256325184574532
-0.04071676873546615	0.613232690153824	3.3207985669766495	-0.6328871474883955	0.05290404039262775	0.28782045855133315	1.9553603664140584	-0.5992897743077221	0.0	0.0	0.14859291983688405	0.019067050098270588	0.06569757996304393	2.73016493742662	2.7018779647233186	0.011572115076716072	0.06267615435627708	1.616227166615586	1.5632582604765786	nan	nan	0.013642877601327055	927.4237121956193	1188	0.00010039050674442349
-0.027555670046281455	0.5718337808075846	5.3243325218237025	3.404341499046609	0.05573898691572765	0.37936578465306664	2.4007301802300534	-0.614224899292181	0.0	0.0	0.15630822625712	0.0030603121022130253	0.07522470853646016	0.4392064312959092	1.4677629433506831	0.003665437177747588	0.05861047572551126	0.5248900605846657	0.42433226586723166	nan	nan	0.012832858744072015	955.4762056023039	1188	1.3198790778565996e-05
-0.023180890630980167	0.4981730381305985	5.7551899892359435	5.833370405549328	0.03520146086443621	0.19066294549665863	4.306417876869343	5.2513055983188455	0.0	0.0	0.1413503724953797	0.002361438442445296	0.0744427710711919	0.38292274989154595	1.789752341267327	0.0016792451044808088	0.05557586683548402	0.25771101470979163	1.0488050012360084	nan	nan	0.01286607079539881	1006.0188834471055	1188	5.283339244707637e-05
-0.04258318364783775	0.6285092634529827	3.329246474416875	-0.5598107190821041	0.05598249532665611	0.3697742404018592	2.6276144586224195	-0.5784928439815875	0.0	0.0	0.1649008255789844	0.014526777354087583	0.06227293240614079	1.956484959110964	1.9517323451505202	0.01204641176625354	0.06422384275480933	1.6396139568296908	1.6070643450563402	nan	nan	0.01331253134711799	935.0496252567157	1188	0.0001632214916139627
-0.033633016207048616	0.6283779579579402	4.612355976707202	1.2068714752134233	0.05412910795941728	0.3789197419940651	2.6782964418738677	-0.31764030992951364	0.0	0.0	0.17501834540437727	0.003744902091943614	0.06747064968857136	0.53810602123992	1.038097856713158	0.0035108992813904782	0.05927470630173251	0.4885478152360254	0.48102006167732325	nan	nan	0.013129605587064094	979.2384111034203	1188	6.665003403465347e-05
-0.027749585168872937	0.6090746298914498	5.681054240960648	3.7342937785833215	0.05924090220143352	0.4048530904676024	2.2738995202695516	-0.8781627698885986	0.0	0.0	0.17528769094184787	0.0032762862633450296	0.07886102370930326	0.454362913900316	1.6085698757106546	0.004251140910200735	0.06138413779318261	0.5950660134270331	0.3982532590564571	nan	nan	0.013090298505007328	919.843413808163	1188	6.51123341447094e-05
-0.016276725835706163	0.32859093747539386	5.724933699972761	13.962062985912507	0.035179200643566055	0.27023993869132285	4.4688616201266935	4.630746708318705	0.0	0.0	0.13852833985579094	0.004576854239950245	0.17702745756633528	0.4141705168085257	8.938078784875094	0.006181004006228785	0.16614107771003875	0.34763516636919345	3.8163093810009614	nan	nan	0.012291525576160311	893.2625337068288	1188	0.0003978078784191745
-0.03439065194673008	0.6524115987902487	4.695093500167559	0.8919608605377323	0.05459769628012223	0.40829466488180977	2.8073101317571867	-0.6123211581593189	0.0	0.0	0.15226986353788124	0.01201716543222292	0.11108780130670587	1.4098519276319843	3.1413653155688657	0.008744700760053403	0.06875645543020506	1.2425024829875624	1.1480723698534863	nan	nan	0.013397552916398728	922.2141240103758	1188	0.0001073596608967453
-0.041016720844532006	0.6760435844256936	4.076482250359249	-0.5957940824081616	0.054000849092937786	0.3828750555886698	2.9741042309401466	-0.5617592827448097	0.0	0.0	0.13513878448241076	0.013311530495616009	0.06572629961489773	2.130409578162525	2.0811966604270764	0.011328464115158643	0.06488228037714491	1.7118427610256755	1.7060743527665378	nan	nan	0.012975913499014724	950.9271606521044	1188	2.361657939534748e-05
-0.027037670063622343	0.5204291206615115	4.741640617317077	3.7077410501474364	0.0408664759531332	0.2922269109489665	3.8509915552612046	2.7441029224412046	0.0	0.0	0.17499420305193342	0.0027973266892165616	0.07049762607492127	0.3845849043947305	1.3772307998419075	0.0020898112267384583	0.06312497936847197	0.2966630349080994	0.8016285243159343	nan	nan	0.012958166373425783	910.3569047675043	1188	0.00013991823128570746
-0.02759586306344952	0.5871304903294461	5.63818479520744	3.500381400575805	0.042913204221817436	0.36323411483001106	4.500946426569609	2.464693553997983	0.0	0.0	0.1706121085241542	0.0029583730664930474	0.07412014690033891	0.44352570276089587	1.4562697156785984	0.002247811674648048	0.06460151546871432	0.31768914844773555	0.7789691252824086	nan	nan	0.012979805616574247	999.7758907410926	1188	0.00019546321426630584
-0.04267552250165729	0.6537772011873438	3.4038162823831817	-0.6149433030122131	0.04718342953173904	0.32744141424163864	3.4758551320565716	0.8411909928784652	0.0	0.0	0.15954201751307434	0.0052406404886277125	0.05940415600712845	0.7878378631965068	0.6788150575073999	0.0026188207739127334	0.06278043772250078	0.3805340786788789	0.6495603272427796	nan	nan	0.012921366722955963	959.0931103463032	1188	3.680522066710498e-05
-0.04168719314464331	0.6421479393068936	3.499171487550864	-0.607257948292675	0.045084738638587085	0.3035023281728029	3.3171334119507243	1.1167085738707292	0.0	0.0	0.14461782902864162	0.02295932123200417	0.07035642072131604	3.120368841957651	3.21503065181578	0.01786052610084876	0.2410198156980131	1.6280023501632674	5.070387342024553	nan	nan	0.01313979319252069	950.9222091169725	1188	5.4563480198599565e-05
-0.03877003653950084	0.6428279308361027	3.9132128677419056	0.07321757643478358	0.05361172929999536	0.40435030513532627	3.27905741172015	0.14561859976459604	0.0	0.0	0.19089660729281435	0.004755360903083372	0.061928969205038986	0.6929977071428817	0.8705780604298199	0.003323289912612104	0.06044163320194479	0.4337977694448305	0.5458867359836769	nan	nan	0.0130385749121531	923.6507915111663	1188	0.00012616241440730313
-0.04070622147069958	0.6084944125020264	3.3759177407929237	-0.5838432297466727	0.0432972207804343	0.2655347384547192	3.6079042139929998	1.9821421744730943	0.0	0.0	0.17206595099108907	0.01220756533255768	0.06735467446088339	1.8343535694886604	1.7808302579145627	0.009649005214909745	0.1823070820543303	0.8025063237213041	3.66324250908794	nan	nan	0.013843923021820428	904.358803837316	1188	2.3840197335076345e-05
-0.043224043796120326	0.6695233583875784	3.380549556703225	-0.696185332368707	0.045986553872714886	0.38112846399936434	3.7668710664382083	1.1453007145582552	0.0	0.0	0.14971779089936962	0.005209075874491986	0.05971079231124521	0.783180862876431	0.6362513660537592	0.002693874247622019	0.0650281175032737	0.36298773818747465	0.6687893282840528	nan	nan	0.012438470397028098	924.9287524739332	1188	9.780025933055237e-05
-0.04479070462328838	0.694028382996823	3.5043599332194972	-0.7512445375850652	0.0448182542535549	0.33576491299686173	3.7765649641636863	1.8483243581868176	0.0	0.0	0.18704996410969732	0.020857475508602008	0.07500890328244736	2.720862533341321	2.457392157769125	0.011596800368484539	0.18230110428560203	0.8152234975437356	3.5681989372143748	nan	nan	0.013633831238122979	903.251503880927	1188	0.00014226359804690906
-0.017012632153502016	0.35926666800735424	6.0786064936871975	13.700535246095956	0.03833656011613762	0.25641704517698993	4.561444956678898	4.017686561604541	0.0	0.0	0.14662375634816632	0.001652660677537665	0.07320986019499143	0.36280989234317396	2.9338032396025087	0.0018092468754100643	0.059129632534086984	0.278669864770976	0.9259408216442299	nan	nan	0.012518234396908329	961.7443676398314	1188	9.42742132942576e-05
-0.025824525508925666	0.5878482995465811	6.226636285713251	4.655411573339269	0.032777426377575525	0.10917297265051201	4.64259820384881	9.080339954960376	0.0	0.0	0.16948252801030933	0.0061965196405031064	0.13067401361566056	0.5242749069334685	3.5712808243242056	0.0017713922258878467	0.09363516999044505	0.2531146391802368	3.0481066326289996	nan	nan	0.012926305606483321	975.7392249329633	1188	0.0022301822831544854
-0.04266454804866726	0.6756265566805069	3.734438847519698	-0.6284877447475287	0.043270265396925245	0.3168664490581826	4.178762142245558	2.0798542418667423	0.0	0.0	0.15303810900858367	0.012007503042413714	0.06973588142598525	1.7680782727708162	1.6521882164260482	0.012592430492201045	0.2269277136259262	0.9641749304423832	4.692552103463676	nan	nan	0.013215014720910287	847.4485236048856	1188	9.252907464870734e-05
-0.024297654048628603	0.490502104141453	5.22249344801644	5.084798552305488	0.04349559208369724	0.3224945524854402	3.815025029443651	1.8921518644682125	0.0	0.0	0.16555310989722308	0.027558250765343795	0.5957777965479418	1.1583736543913332	18.511625784653702	0.03769902034803074	0.5460891030948793	2.585807061489241	12.5431272125284	nan	nan	0.01361717358758019	1028.772823577627	1188	2.1675106240581526e-05
-0.03894638332031375	0.709284351132423	4.334466659002068	-0.003601057181422084	0.05117656226332201	0.45928265640449595	3.315362940278516	-0.0278777044506881	0.0	0.0	0.16316132981855802	0.004742577976422413	0.06372546998712253	0.7151668009537735	0.8572231924490409	0.0034783831454191505	0.06391456469498816	0.4677310151731302	0.5329483044984822	nan	nan	0.013086150751290382	992.0944504009203	1188	4.100204473312323e-06
-0.025420925452716903	0.5621657071491987	5.835864446058312	4.9075428772174625	0.05544905840471226	0.38869534167617065	2.672091227908617	-0.5919204993688281	0.0	0.0	0.1598434286898336	0.013745199939174668	0.26242178971884	0.8250239765613223	8.546058065553739	0.01609944430092758	0.06767930048028967	2.1142505260538607	2.1029825343697652	nan	nan	0.013479794370275577	854.2658720037408	1188	3.814715627874864e-05
-0.022767441392718468	0.5023918695661449	5.791457115042128	6.078230196040731	0.040385618147617874	0.33867842038712204	4.439896907312168	2.8214479677972104	0.0	0.0	0.15290764158502845	0.002397405967571875	0.07734245949443735	0.40314311816513726	1.8784465108930728	0.00206014168622326	0.06404581779604138	0.30598230161466455	0.8029549533587672	nan	nan	0.012973625822748233	967.3391335662174	1188	9.353811754573957e-06
-0.04190148701620511	0.624408055603334	3.390231633623746	-0.519849794415186	0.05585001951511903	0.34339894923385655	2.5059086282722234	-0.5899447531456009	0.0	0.0	0.15715412176792304	0.030014652063952874	0.0629225252164472	3.666211550592103	4.236185086848393	0.006789951558789031	0.06318999555691049	0.9976229291896037	0.9190986052177296	nan	nan	0.012947341489613073	937.164737956726	1188	4.6545972878304795e-05
-0.04218011705067448	0.6303413908898952	3.469809676323932	-0.5955453400324537	0.0380743737039726	0.2041328572341763	4.192653744186872	4.533142429110394	0.0	0.0	0.16197006640183614	0.007052144095213042	0.06992351091128479	1.0908701379665628	0.9741347763719904	0.011374017704976036	0.33100966014098904	0.5384143049485093	8.31541254398954	nan	nan	0.013382295832690155	946.9885059453004	1188	2.1883097742282452e-05
-0.022941292093797583	0.4956313063754009	5.848424917071091	6.187663665658011	0.038153152424439174	0.2773861303352136	4.8275869437446115	4.187481427338636	0.0	0.0	0.14534156212972016	0.0023479409673820006	0.07547935037496278	0.3892504118674318	1.8590900070446525	0.001847135203692285	0.06069105375349387	0.2904443645112518	0.9525952786662256	nan	nan	0.012785900929880148	978.1212401401492	1188	0.0001458546477476944
-0.027542509718612496	0.5662781694807256	5.0635451027978275	3.0362521702751963	0.055022168801207805	0.43094289166584837	2.593900101732123	-0.6114004041980946	0.0	0.0	0.1458869589705189	0.009192641675739077	0.15201512805527795	0.7998607784118628	4.20645139239314	0.013412013028439529	0.06810480068148433	1.6294001698261793	1.5515634438493584	nan	nan	0.013136346840945543	933.5920683264139	1188	1.2849641658448131e-05
-0.030585937272282426	0.6038402551193107	5.058692833348792	2.119191381114618	0.043739055274852	0.35438781518332446	4.039394889292865	2.076109561136031	0.0	0.0	0.17003844101844617	0.0033071403150308765	0.06985943941998285	0.483295798967061	1.2037742388190982	0.002325636044724022	0.06397531685048846	0.31668834334950224	0.7254874070770476	nan	nan	0.01299625281275854	954.3658894094528	1188	5.5362689209772074e-05
-0.04175259570377676	0.6355432989766914	3.194551384049003	-0.5718346684455854	0.0553720202318293	0.4324655134709174	2.66117542903911	-0.6022234235725993	0.0	0.0	0.15191217057887035	0.0057097224689895976	0.05962979927530826	0.8240330643379239	0.7396391496972914	0.0039054748388345217	0.061417946995592804	0.550904690287555	0.44625089240183613	nan	nan	0.012770931727433904	909.5489994019376	1188	0.00015198633925085368
-0.04246595568406086	0.6908471939462317	3.9181784761382232	-0.568266208336592	0.04044328126645258	0.34052900532766783	4.414019553238276	2.9972197710482	0.0	0.0	0.165772286581152	0.004704557704459655	0.05901944997865083	0.7641971984309315	0.6650575131172131	0.0022347946676973818	0.06684881675028084	0.31353642039377494	0.8802245741304017	nan	nan	0.013006518224310676	868.4313658170181	1188	3.839473296436238e-05
-0.038293796071898756	0.6311479602069041	3.9783591398005718	0.06852114861461656	0.05532742268876012	0.34739739335125386	2.4689257890215033	-0.5819534125590041	0.0	0.0	0.16026483136592354	0.01629053002507369	0.0848340466757534	2.093084628093247	3.1307312617148684	0.015331868519061542	0.06347257409325219	2.065362568056077	2.0724273861393736	nan	nan	0.013358070508783793	916.7665138075774	1188	0.00013920178138510813
-0.04126117244424099	0.6126493679990819	3.332732933497323	-0.48174845778721004	0.04893963534850987	0.35307139573894647	3.7242458224363606	1.0002217486719693	0.0	0.0	0.17981739471010816	0.02411362232017572	0.06729096400466283	3.0738277224260964	3.480356069078213	0.017151678645678015	0.19731740149433957	1.5442668615972757	4.3071125567082165	nan	nan	0.013500234771016861	907.7334088752742	1188	2.5142416167493923e-05
-0.019065481576297172	0.4296619995747876	5.750856289507775	10.0755365384728	0.06145511075409593	0.43454663213725475	2.1546284745832267	-1.1645637242470641	0.0	0.0	0.15938003831517256	0.016274206768504162	0.4512518974110341	0.4120854305722501	20.40485590576857	0.02161341598526878	0.13651326759310717	2.6859868433164458	1.6835553544230877	nan	nan	0.01337496677448985	923.1414875015012	1188	6.429976480877809e-05
-0.043347351563866376	0.643062429074549	3.353835171463208	-0.6002273033602442	0.040111681597907456	0.26880731605056024	4.408968461170836	3.8261537944363266	0.0	0.0	0.17770952854381666	0.013209020931707616	0.06575233392225627	1.7737767267433184	1.702928290086084	0.009607888046437307	0.22195520167115054	0.5447667900166253	5.139553742183377	nan	nan	0.013531406072060992	928.6803842663162	1188	3.175442335562374e-05
-0.047400620323585496	0.6203537536391365	2.580833005610357	-1.1413147159740362	0.029490225063036446	0.006979800486751342	4.866192123027285	17.9102761445266	0.0	0.0	0.16777886139756554	0.005213125532608054	0.052859682667540764	0.7385492314438395	0.42636838304002683	0.0021566190656799877	0.020535974476107527	0.16940965547786613	2.1620672923562347	nan	nan	0.012667946116126372	903.6146956328197	1188	0.00019555822945636366
-0.040009848029028294	0.6013732874915028	3.4158664221621127	-0.5832556486240599	0.04941651795445279	0.30222617775647803	2.9372836784883027	0.0656496851246224	0.0	0.0	0.13772094421920256	0.004397674932939355	0.05916345065097911	0.7622485459661617	0.65747172721271	0.0027567732409137236	0.0597689729217859	0.4514890836122756	0.5652004112271172	nan	nan	0.012856011769102074	948.295324634254	1188	3.178576027635254e-05
-0.029622693254000687	0.568714800864956	4.711435325019001	2.1800198716533377	0.05390652977560162	0.3839648963669273	2.6886428631236425	-0.5173569981707566	0.0	0.0	0.14266426677687508	0.0031702540641161403	0.07015844988051573	0.4628703723036667	1.186433314553575	0.003375911493476491	0.05898479975132451	0.5148737248917279	0.4479968983663696	nan	nan	0.01265378110437776	1093.0164844983392	1188	0.00010876700015031678
-0.027964017268798824	0.597043303390143	5.634354149556923	3.280332403685021	0.05418538696382469	0.39128685604995583	2.681049836520063	-0.5841976278893873	0.0	0.0	0.14811640000539958	0.008734897643209005	0.1481604461296343	0.7643874359221132	4.155399669111098	0.011101613560767887	0.06678804653098386	1.5225443455543157	1.4746600057686101	nan	nan	0.013426186752663286	956.2647228315736	1188	7.671211765599399e-05
-0.05579628747946952	0.6640289059115823	2.18694999524954	-1.540945877069853	0.030008483062966107	0.14153266357549077	4.661349924110062	10.515869312157076	0.0	0.0	0.18392900768543313	0.0055610336467679655	0.05766635118328489	0.6374257956586153	0.2504538995706767	0.0016831649318265196	0.049743151475534236	0.23358976255824437	1.5773451907081502	nan	nan	0.012828068567789452	977.4923889647723	1188	1.0310707488661373e-05
-0.03589388903077062	0.645141996847511	4.358120754215138	0.5096487112521774	0.05216211389942438	0.40979032856787434	3.1914980411554668	-0.14237474553905288	0.0	0.0	0.15928491223086255	0.004034753902525889	0.06395479083628508	0.6070896123584393	0.912461566629632	0.0032804135288796443	0.06146322507023558	0.47909206545902716	0.5183482980456526	nan	nan	0.013017385194753983	958.866443226158	1188	6.345040970176532e-05
-0.034928866403722725	0.6349207870580253	4.541152923262341	0.6928828325834423	0.05358082948335574	0.3471833784019428	2.357006286199237	-0.5960627620175064	0.0	0.0	0.1455153606361624	0.016834468669269465	0.12711425884766098	2.0484614249145814	4.228401790622967	0.009283999325812031	0.06682634043916139	1.305326036503379	1.2328298987728574	nan	nan	0.013282162577536963	1042.8871337565229	1188	7.34801007671588e-05
-0.042154571219089054	0.6831681883595162	3.9130170600257723	-0.46656267357419895	0.0452143569507355	0.38135869848128756	4.323725575758338	1.6738467652117925	0.0	0.0	0.16300129701488164	0.02447116334063648	0.12533961231665525	3.0200130010597652	3.5935053551993232	0.0692563442579393	0.8331989463941507	6.979238362334058	21.143588429399433	nan	nan	0.013371307542744806	938.2006244824545	1188	1.5617472013108738e-06
-0.029989883945705675	0.6064354094981967	5.327119292377585	2.176457440953343	0.054934019332225414	0.4002174684118484	2.8475359007243846	-0.597651630514156	0.0	0.0	0.15766362792262167	0.010365716963226856	0.14475789748234963	1.067130914048493	4.024434425298024	0.014257075651601614	0.06724412491544049	1.9762973797848595	1.9392034046440527	nan	nan	0.013776286742356925	939.3633502211769	1188	1.2673000901486832e-05
-0.02871032475247537	0.5710664564205379	5.219500096579418	3.2475799197262787	0.04521242449228735	0.33601768687267025	4.027941069983653	1.9562299485207375	0.0	0.0	0.17981020942230785	0.0029657506054563965	0.07068130212090656	0.41721127692647597	1.3314863415438525	0.0023355428491041996	0.06260281403815743	0.31996203625945485	0.7228598074644444	nan	nan	0.012900201203240078	961.3385589625777	1188	3.287743822711423e-05
-0.04185006233281485	0.6712851989228832	3.7831478978315	-0.5164532671769766	0.045947061182747495	0.39818353577145377	4.420883118919631	1.659491502505086	0.0	0.0	0.16000447359997272	0.004893966256550308	0.05903704044312136	0.774450348865706	0.706371282559477	0.0025817478634904134	0.06570187474696135	0.3513907085463188	0.733368435350226	nan	nan	0.012772766479460296	994.2156858675082	1188	1.038713474404995e-05
-0.02071946319054674	0.4567431439332237	5.93131650159929	8.544732435007948	0.03727587388564402	0.2877629848228975	4.884978230441837	5.030465402021432	0.0	0.0	0.16924276780098538	0.0021165911982700125	0.0758782640120203	0.37910799103186443	2.209915590926039	0.0018389992477669814	0.05976053798931	0.27595827349547397	1.0006179939818824	nan	nan	0.01306516559859848	856.1163314303343	1188	2.8536632380825032e-05
-0.048693168504447604	0.6869461956352627	3.1094504838575254	-1.143593605736406	0.04343646896341946	0.3383634540352874	4.228105929899499	2.3769365239841376	0.0	0.0	0.18476104465717963	0.02648337319151528	0.13447617524208627	3.4064036163110396	2.3432278838111302	0.01917106780998379	0.3122014562477385	1.2173183071748173	6.89220462701379	nan	nan	0.013577298533685805	981.6206691826786	1188	0.00016273113708483133
-0.04054155997071485	0.6040597081057214	3.139904465428038	-0.6054298716295714	0.052591123144635654	0.34890111467072277	2.3085325398579366	-0.5856278429395567	0.0	0.0	0.13613996911214604	0.011060673114550557	0.06400888884197359	1.6051020473027302	1.5173804763455092	0.010157057240164358	0.06528583002604868	1.399491388814706	1.344648696309946	nan	nan	0.013192101242274983	987.814053363018	1188	4.74280434712331e-05
-0.03504050466064201	0.6149003528736656	4.195457181446473	0.8219739657852387	0.05621413885417592	0.402425649784077	2.5706393577705984	-0.604702656446374	0.0	0.0	0.17224922979639812	0.01477071049047618	0.11856299126204245	1.647589552259708	3.6213720748401705	0.025313414883361585	0.06746251312259507	2.925916481950315	3.0447869967654575	nan	nan	0.01342803328995082	980.3329803265775	1188	4.0446224090293703e-05
-0.04125677929085236	0.6237980920710294	3.433735098798204	-0.6169484485963652	0.046187572273331146	0.2827387869871023	3.0685188274427917	0.7131391173586566	0.0	0.0	0.13508894261211787	0.01016634594318322	0.0655838030403727	1.5472582690988441	1.4414354787825445	0.010811531390788609	0.13790158384275858	1.2050324213307593	2.8753261461104445	nan	nan	0.012931278660768791	992.2323626240031	1188	1.2948176088863214e-05
-0.040996198150685115	0.5844436895261136	3.057663920565154	-0.5964390154103097	0.053362074606886356	0.3028773995940904	2.207804470409274	-0.49726233109934065	0.0	0.0	0.14039766511892765	0.008394474050169576	0.06308714396355042	1.2371407540805646	1.14301593995164	0.07076464196849708	0.07968547854805713	5.978579037928916	10.290862669853153	nan	nan	0.01294486899787467	945.578223454306	1188	1.2829559593810858e-05
-0.042127327172976514	0.6540219569647889	3.700043686964042	-0.5894676201906648	0.055822280396168766	0.3900972778815552	2.772991390850732	-0.5993050734650922	0.0	0.0	0.162888797448625	0.009184630996715182	0.06483008628487247	1.400476476044082	1.3121778212315602	0.007664671978493187	0.06620217205263404	1.1006400306025652	1.013927099885186	nan	nan	0.01348376722202553	963.4906509923286	1188	3.6893710033253256e-05
-0.031030253436773236	0.6035087932155792	4.804974321136238	1.8457671461432095	0.05326105973119888	0.39029005048353427	2.6503059537323677	-0.41592106567888687	0.0	0.0	0.15946467921914406	0.00342026701771192	0.07007493140095433	0.49064819736779075	1.1557409609672744	0.0035185158375172776	0.06048315708038082	0.507305153698068	0.46667557078508953	nan	nan	0.013061407688334276	961.103386362804	1188	0.00017856415080058684
-0.023237774057997096	0.509977563035696	5.771813291382186	5.519848673247187	0.042473716179792786	0.3267992807909207	3.9946802193533677	1.7244136303708943	0.0	0.0	0.13119823141187797	0.002431862413714292	0.07723005751942766	0.41015896337624946	1.787431520352767	0.0021256012783512634	0.06332458950921332	0.32816667448549364	0.6956798289874501	nan	nan	0.012696317788288003	871.7495725101744	1188	0.000138796081631832
-0.0215149666729737	0.4389208633152815	5.705100774146277	7.463140974379322	0.042259873055539465	0.2555136530672914	3.8642577234810283	2.4092339487700194	0.0	0.0	0.1498361977153838	0.0021746693676890083	0.07586518883606061	0.3805820515720626	2.0701085908253547	0.001934653953218679	0.05942228596930743	0.2944476194515828	0.7588770316268585	nan	nan	0.012843711455527415	950.0473148470255	1188	5.29755578301846e-05
-0.02788390876346125	0.6086654242718443	5.69930131896972	3.6671717931508074	0.0560575566771937	0.41333715858566056	2.7583693154687667	-0.6624565126420935	0.0	0.0	0.1503187900873029	0.0030598045204090485	0.07531288516648377	0.43389723297283167	1.4872440476401387	0.0035751650283667447	0.06003341550391128	0.5474793045603625	0.42878797321557993	nan	nan	0.01244258304598933	927.5456916868245	1188	6.773987055290042e-06
-0.028743841231238187	0.5615482531244158	4.957891309340024	2.8660669867293094	0.04324544575306333	0.3320463766501769	3.9926735367256185	2.073334653330507	0.0	0.0	0.16995712937964186	0.0030078811802908834	0.07038709067557952	0.42704709502694627	1.2795843069364319	0.0022713406898028365	0.06433076049016329	0.32273975779376296	0.7440191644889784	nan	nan	0.012901978691205157	969.0050243663056	1188	8.277193547571802e-05
-0.03154746369538053	0.5711002629610367	4.591405260844576	1.9780860300210752	0.05698325151300043	0.3334376003361807	2.276769926953534	-0.6113660645483757	0.0	0.0	0.1656087517552104	0.01036629708759318	0.13218949108821465	0.9853875212474494	3.540793488402051	0.00811010309725202	0.06283422829768176	1.101140493253609	1.0124120772872618	nan	nan	0.01309434271824031	927.8731721967144	1188	0.00014367410999842602
-0.044682864936213096	0.7155444201611348	3.7804349535180193	-0.6749432139099918	0.047118967986869764	0.3785250592995036	3.7645026503619476	1.1538159824386518	0.0	0.0	0.17376152490117952	0.02237627305361889	0.07348300155292814	2.913124086846782	2.80435245051049	0.017796104721586103	0.2162778988067017	1.4270461064663387	4.467109525338633	nan	nan	0.013276888641673215	1029.1661611095726	1188	4.724299864673809e-05
-0.04117538787782582	0.6175447628357345	3.240635652311169	-0.6689286601149391	0.038842920111928025	0.26065851130213286	4.272605727831769	3.444870571266109	0.0	0.0	0.1473452367506754	0.02053039078932789	0.07470306103498148	2.8714607729211523	2.777641088511142	0.015062208116371045	0.35627012859387985	0.855862258848366	8.251743153732415	nan	nan	0.013486444500552183	967.6984844327955	1188	0.00018770718465752677
-0.03354924051393504	0.6408010278527443	4.777770179745341	1.3305035977433328	0.05666933381691841	0.4081745176095531	2.5446617841436083	-0.6746881354075629	0.0	0.0	0.1648527747955882	0.010217258825568565	0.11256114203334405	1.0816112904248538	2.9331104940811357	0.02604530999943777	0.07069524966177818	3.0293781916727145	3.0093515644441298	nan	nan	0.013177868527818284	1017.4181199961474	1188	5.113654162570942e-05
-0.0417204152822328	0.6298978473301039	3.412520748225203	-0.6014167249686787	0.037051881204590575	0.2227245283024098	4.3586351587189975	4.865573416947263	0.0	0.0	0.15784966511263726	0.007805671772648071	0.07096122169622943	1.1909028678320874	1.0755819894159506	0.01213082623138928	0.3414413642964009	0.48813162713105496	8.748214277661539	nan	nan	0.013252940392817047	1024.6894985346257	1188	6.255684208675562e-05
-0.03318390432674456	0.6380906620946802	4.781638794788259	1.3158871901221327	0.05560495999486914	0.4512168605858486	3.0298850775259445	-0.605243499145002	0.0	0.0	0.1510112054897118	0.01096535144157662	0.11855428723867056	1.1702428216050373	3.1877052123129026	0.01864345160313452	0.06882424012599148	2.3837673215063164	2.3730276841405877	nan	nan	0.013255701307959819	953.8342623543215	1188	0.00017708844211187003
-0.043368967811483805	0.7448043714666696	4.165282022971835	-0.6463883317983196	0.05218744902632011	0.5288235938278765	4.173759545233122	0.2589864472760441	0.0	0.0	0.17446125302133075	0.005274138083832314	0.063652820403574	0.8500863561817367	0.7127083648448733	0.00345921957455686	0.06620959264755724	0.4536554214693793	0.5807923563291382	nan	nan	0.013088270691760426	947.4912371111657	1188	6.132065661815438e-05
-0.03741396617766357	0.6707386879768225	4.543612229020254	0.25461744710782	0.05434132773906608	0.36586090122485415	2.627988798784365	-0.5969783286632944	0.0	0.0	0.15823312401866405	0.017695750444176872	0.09872797919254367	2.307363122324456	3.726880075482274	0.011184816527110342	0.0671121432951825	1.60772640733248	1.5492902044455947	nan	nan	0.013679314702386813	1026.951894422039	1188	1.0767009120149652e-05
-0.02590520425123599	0.5600888338876499	5.672077858095408	4.080734098801934	0.035046435059958636	0.24808759436530198	4.727375501952154	5.575998857663307	0.0	0.0	0.16840458943319903	0.0027747229367239834	0.07509248347649286	0.42897590586276246	1.5638295450849202	0.0017856560827057555	0.06025218877998678	0.27820760570586023	1.1030234776229442	nan	nan	0.013507343078042786	931.7306171938859	1188	1.1594999251112728e-05
-0.04187338546062902	0.6698026664686036	3.656062289698207	-0.5268814563928707	0.05073203271755089	0.41999225895468495	3.431676419329043	0.20691044571275458	0.0	0.0	0.17031413761741165	0.0051044020120549205	0.06070388458976367	0.7898660495452536	0.7149288712426486	0.0032757368209603843	0.06364680973906847	0.44538366283991415	0.5765249726755514	nan	nan	0.013153311931381237	997.0456045567232	1188	0.00011662293084961482
-0.04077598602366217	0.654115085309612	3.7691618496169808	-0.5467891015817277	0.04093693350594174	0.32790262450531027	4.544765120166076	2.915310146857366	0.0	0.0	0.15737002523740473	0.004665562430502923	0.05926086294983268	0.7856932122396281	0.7001589674232471	0.0021963735774165327	0.066380180942744	0.3196336521838177	0.8887609157423177	nan	nan	0.013179893751827002	1007.6546703893978	1188	2.406689655035891e-05
-0.028343267669569294	0.6047999106444475	5.651642511883194	3.0625985305029544	0.047383168281751153	0.3862321094367622	3.8706133363380752	0.8900636743427466	0.0	0.0	0.1575687249517977	0.003065859591366904	0.07426027627809345	0.46433938249310236	1.3984912841516366	0.002606186729261939	0.06364246362074324	0.3754139957564182	0.6177631911373906	nan	nan	0.012925854332974926	934.3762244714642	1188	7.295717013938678e-05
-0.04920125964901978	0.6360807299957105	2.3332569603066204	-1.1252782956915963	0.04221346344535015	0.3211098403065927	3.724803450495213	2.0813993993773856	0.0	0.0	0.16228283416535025	0.006024505701097138	0.05932658685571729	0.722437447968821	0.417581925118848	0.002371107446277443	0.06547224364713608	0.3192232419183294	0.7760913899714807	nan	nan	0.012682561099379625	1004.1208440078805	1188	9.041401820216174e-06
-0.0413768867958938	0.6998144465756015	4.072327378679138	-0.46496592954665134	0.055659743202532086	0.4179636348994103	2.7965666270507663	-0.6123440627710598	0.0	0.0	0.16178465854411722	0.005349904511945225	0.06305756250793182	0.857692141569145	0.8132278312818373	0.0037587498261316687	0.06137106985664839	0.5645255496901056	0.4588998679551614	nan	nan	0.013098423528885336	956.0483256733789	1188	0.0001853887612017561
-0.04486721318245823	0.7577919980560627	4.104021023642782	-0.6876921224969589	0.04701642025522279	0.42654237929972816	4.042653456048992	1.1146179732579777	0.0	0.0	0.16495759973366864	0.005313145660908902	0.06216144046476907	0.8197521481669834	0.6687570219974188	0.0028545742147266795	0.06614772098726385	0.37404707260518455	0.6701349036898137	nan	nan	0.01273874107440813	987.08132065668	1188	1.5215205962316217e-05
-0.03184783850528372	0.6094292406234463	4.858500476733788	1.9975903104654376	0.05512411688279717	0.36525814937992696	2.5950615028359456	-0.4312104580293978	0.0	0.0	0.17194239320926286	0.0034899253046777323	0.06939593019224155	0.4801319659296155	1.1689288791624672	0.003477334603156801	0.05817907217420509	0.5018879036812487	0.4625377379609006	nan	nan	0.012926193132124439	895.8396953153276	1188	8.657291112953626e-05
-0.03681863485932968	0.6551735738974679	4.273075605139375	0.4084893798721731	0.05604476598171226	0.4462529799587031	2.8623790614577627	-0.6811792720696325	0.0	0.0	0.16396865308641131	0.004354496433871702	0.06378177697998555	0.624131648823798	0.9222659042374841	0.003951683928709815	0.0632491525384282	0.5904046800195106	0.4580004928568678	nan	nan	0.013162880236085334	933.2953534782754	1188	1.1678551755799702e-06
-0.0341908990438442	0.623274233487038	4.367824872660926	0.9796355000094584	0.04640075164724422	0.4038751363689879	3.9943471048296812	1.226293505841879	0.0	0.0	0.17241954981896074	0.0037606658765451106	0.06518808255491904	0.5385466067996423	0.9685180875627982	0.0027008291786220218	0.06607923980588351	0.3657248206987167	0.6690580759003275	nan	nan	0.013222612260391536	930.2868558351486	1188	0.00010882681103360143
-0.04196819834994481	0.6238027430552175	3.41291850666675	-0.6089820287906156	0.050430419884522015	0.28041387989984323	2.6610284760474046	0.21499847788946722	0.0	0.0	0.16749656330737644	0.01415939791161408	0.06667290553789806	2.0425044328438533	1.9714651143829522	0.018762609689965126	0.144752969587548	2.148465262833923	3.897437200722588	nan	nan	0.01351823298904449	1004.7998822727275	1188	1.403803905719497e-06
-0.028748846186804067	0.5395485080835947	4.753402798773186	2.4536565428903807	0.042919373842345454	0.2975648899437322	4.002912711110155	2.2280861523140953	0.0	0.0	0.16301999685639088	0.00307725163148026	0.07058126578891047	0.4619174902790326	1.2646487014320262	0.002141260438810355	0.06291138529825832	0.31477981132043986	0.768130450417899	nan	nan	0.01323420913381805	923.8758338749033	1188	0.00010772862984103013
-0.0289739184869513	0.5791511681147204	5.019812815677609	2.380866538396287	0.054390663224177516	0.40913666490416134	2.822466002902549	-0.5835870318370594	0.0	0.0	0.15087703744074643	0.011967381929570198	0.16860740189910356	1.1695955859025446	4.857364017017845	0.011845781836244407	0.06947479427575554	1.6248355439258642	1.5796739919357776	nan	nan	0.013320918731798734	945.622449972501	1188	1.135451634343771e-05
-0.04126956235636703	0.5793886879428904	3.2286401772989457	-0.5812815800470945	0.05490914230143473	0.28725878227537527	2.434781121581244	-0.48194610815096955	0.0	0.0	0.16204319554492294	0.010379483931366174	0.061639284359123914	1.562112858011682	1.4980157929862588	0.02116437706552765	0.06319435200105891	2.971967876676297	3.4430341941153646	nan	nan	0.013305677511556507	973.4724076692487	1188	0.00015382910541215892
-0.02405814128177286	0.517213209031447	5.546247895295959	5.487632545080402	0.054498600885686255	0.39652683357865653	2.7842636488082926	-0.5745046343145	0.0	0.0	0.14669599592396795	0.002463812416023503	0.07495995387182414	0.38606693170330075	1.690830785437327	0.0033641390311084374	0.05883632883885612	0.5236059475981472	0.4398151141028377	nan	nan	0.012618821638290464	1032.3623259059018	1188	8.061338030169605e-05
-0.03965130980299825	0.6438635975575776	3.7170781911323356	-0.3429992845077128	0.05306240746772639	0.339591637161727	2.394725566614037	-0.5983267420444374	0.0	0.0	0.1297294307119471	0.0048872008101293885	0.06035106991279893	0.7687700514977647	0.7843034680751564	0.003357224616376664	0.05890757210979494	0.5416248385132566	0.45023595793579646	nan	nan	0.012500893320362007	934.8996544795489	1188	1.029310667758029e-05
-0.04068460385750461	0.5993924522909777	3.242669729538866	-0.6111212813566709	0.04653824593248612	0.2999293346791204	3.437731657033558	1.0779232119969504	0.0	0.0	0.16570993569804066	0.005091715030111965	0.05837125638517976	0.8221163042254451	0.7175741406416151	0.0024093723465899997	0.061771478476164904	0.3531397551449995	0.6521574977939012	nan	nan	0.013451149890153391	954.5103166806813	1188	1.4535755064420321e-05
-0.024581243834801758	0.5505300791309151	5.591360141539663	4.740910737905086	0.05523426795436981	0.4584293714219269	2.9119486825484997	-0.5976694711431844	0.0	0.0	0.1533699217010857	0.01246621599611214	0.24025703557061456	0.8437941889935971	7.842742106623313	0.01763942213490488	0.07206101645770352	2.1661142053713878	2.144237534220446	nan	nan	0.01361073193323098	927.4081362508157	1188	9.121035122773856e-05
-0.042127214740632635	0.6831341663027377	3.917516198239527	-0.5871691788683076	0.055419631452040985	0.36662857370874236	2.5328671411209625	-0.6130250201634236	0.0	0.0	0.1598789545131042	0.014101326089730248	0.06619748984245333	2.090536461297823	2.0506282632751267	0.020041008868362686	0.0648786316556677	2.6036520186567627	2.629786450581969	nan	nan	0.013259166519580187	931.1626604254554	1188	2.143895015625146e-05
-0.033298119253643566	0.6209686099905316	4.365287773193705	0.9255137687152748	0.046648119111087016	0.3972715933368876	3.4910697920170235	0.6866395515550798	0.0	0.0	0.15436880696011596	0.0037260248844042665	0.06647937849897434	0.5550488939392975	0.9812377569106717	0.002823101477020473	0.065070310086011	0.38993946145104763	0.6016562152573884	nan	nan	0.01311833805678675	976.0999002412937	1188	0.00014696572957075552
-0.02839802907993294	0.5943686370301133	5.449495646664989	2.995445460108813	0.0617554105938698	0.40908107766792984	2.13926580816954	-1.2485894261846482	0.0	0.0	0.15228547532745745	0.01699985945177701	0.26692871165878995	1.3839683330604067	7.712912581949862	0.0215482302869201	0.1493502521949527	2.8752435632525986	1.7314801473969026	nan	nan	0.013242851703216721	892.5442377275729	1188	6.47937651010356e-05
-0.04140792913044855	0.564477240309631	2.9394971701288624	-0.5847446974568767	0.04634394598319602	0.2914119291215195	3.4265002970695106	1.2268141499698293	0.0	0.0	0.16380007672796978	0.006576432980047953	0.0642644378677103	0.9830624156425638	0.8786037958210414	0.01258629334709549	0.18126702990635937	1.181554864110086	3.7341316517253205	nan	nan	0.013374624659867648	996.6537578567495	1188	0.00010463352380705833
-0.03261177404777915	0.6581607893527601	5.217334175944965	1.7348811284326136	0.05662743155230476	0.42569441195321794	2.6814492895850544	-0.6263393635652735	0.0	0.0	0.16625196117007812	0.011737124638528718	0.13579750467118362	1.1777159306158613	3.7699685952328883	0.015212071712900177	0.06766232340822684	1.8704864984598826	1.7840263467591078	nan	nan	0.013311779975154273	936.4796068911871	1188	0.0001615404178159016
-0.042968566187677526	0.6647748349534801	3.583630410186065	-0.6078999176762371	0.048985259827655225	0.35888545209279454	3.4899623753850326	0.5715305624461906	0.0	0.0	0.168037121039958	0.011247828388458614	0.0677545764839666	1.6020525562721084	1.5052916597342585	0.015696495740791794	0.1573604386846287	1.6020030179179727	3.5339459536876676	nan	nan	0.013400639003633169	939.0794782295063	1188	4.915071104586127e-05
-0.04255766770403713	0.6982125238204427	4.02524013939591	-0.5349822568534643	0.0570283064445849	0.4443375410679325	2.9316424582599607	-0.665837711403536	0.0	0.0	0.1629614259010524	0.015354849528410597	0.06451877488375807	2.1930058723744286	2.2429233416328462	0.03820853217963305	0.07505462858647155	6.465266512687813	4.641320110348883	nan	nan	0.013244737661651892	938.8488875217159	1188	8.223859972962374e-07
-0.0302842417434549	0.6649445767130049	5.607712574229886	2.6612706509897843	0.05621490017005848	0.4902677641555873	3.246317681778846	-0.5249735082045742	0.0	0.0	0.17100737972159133	0.0033796258733976847	0.07408166209635564	0.4764066846732522	1.3131864117593077	0.0037825870807076667	0.06333351085517447	0.543478718562233	0.4590795062156039	nan	nan	0.013018814299803963	974.2757587692668	1188	6.175037401660528e-05
-0.026896946829850443	0.5308045566702024	4.992766187395648	3.4582151038964994	0.042201891672702274	0.3066582717231999	3.7772331295875006	2.1421718279158464	0.0	0.0	0.17325421470485025	0.0028730526092969333	0.07315007254243203	0.42338539520280394	1.4228883419403482	0.0022067612489325983	0.0642309808617352	0.3165725869287288	0.7533396965059668	nan	nan	0.013375993459339264	914.6698240514197	1188	0.00014329373906221072
-0.01415341437505846	0.30197132148346617	6.322775814542276	21.157252755042816	0.03721879149317964	0.2579931287995153	4.726119897049244	4.920475663033061	0.0	0.0	0.1648480952426558	0.0013619098716171063	0.06968552771660805	0.3661732488402625	3.9408877661332156	0.001801599559724698	0.05836861759863615	0.2711205391167444	1.0026382934025793	nan	nan	0.012775368484188698	1027.0444307010305	1188	0.00014117787514631095
-0.041541833020084185	0.6781469661209485	3.9648869398126063	-0.5790950048761642	0.038511866892754876	0.2528832523534902	4.412935333720949	3.829867720824812	0.0	0.0	0.14941484018288645	0.013639800595920681	0.06758318868423763	2.078314693732661	2.0499459363257553	0.007898138863523863	0.20159380643017527	0.5217568950963212	4.64818256054121	nan	nan	0.013243509027550185	895.7937633420647	1188	8.689973969370677e-06
-0.016412420433634667	0.3677769957155498	6.024156391967201	14.51975600295659	0.03687448872899024	0.29255972036995853	4.615231846911365	4.662811208309337	0.0	0.0	0.17620973505374393	0.0016441172149223027	0.0743354949465094	0.36511058488896264	3.0690356319228718	0.0018606340329208049	0.06117802409703946	0.2755034480745251	0.971419083106396	nan	nan	0.01323092408548815	909.5451968367383	1188	4.5036841599940034e-05
-0.036603902277081546	0.6768218894945972	4.50269972060939	0.4837665110403834	0.057086494947627964	0.47727924061909777	2.947427011157279	-0.6982073214480685	0.0	0.0	0.16408185066995798	0.004414905219030041	0.06531403089964644	0.6366025122134717	0.9661919118730666	0.004075211687319391	0.06359178567623583	0.5875855614809289	0.4469662930590642	nan	nan	0.013105229392078782	934.1308805911693	1188	8.783571444898966e-06
-0.04228424085086502	0.6459577431172292	3.557831402538048	-0.5566628845578171	0.051606271271922965	0.3686486044449052	3.128219040890353	0.011573567815561573	0.0	0.0	0.1497444427647142	0.004568135456141764	0.058090805987001226	0.7242542697024288	0.6316146486848776	0.0031008126475540188	0.06037413022970656	0.4557341796100596	0.5417660530945603	nan	nan	0.012534768543433869	1041.0167337380233	1188	0.0001327389098028249
-0.026465870426549687	0.5456762175186942	5.129076154064784	3.655018303325831	0.05538341838668592	0.4252681258969074	2.6824962206226743	-0.638636325820613	0.0	0.0	0.15847337608898984	0.009542955719847646	0.1712426248031355	0.7409044676764864	4.910216505187784	0.017396124871645324	0.06945950714476104	2.1731216660462125	2.086476704720206	nan	nan	0.013558792064894881	992.9484905785414	1188	3.215847815928096e-05
-0.026725777726775868	0.5745173469762122	5.156755591530954	4.02064876869702	0.05711894571673737	0.49413152671438715	3.0770301052030034	-0.4805373940160942	0.0	0.0	0.18117374854966922	0.0029689298688181376	0.07550621714008421	0.4033407245712941	1.5049786771433766	0.003916713761032087	0.06211509449399871	0.5181048656098397	0.4462699307416851	nan	nan	0.01305761120886341	1024.7693204668417	1188	0.00019809371259316825
-0.04188692354387402	0.6647795305119959	3.6737619347130304	-0.6001552176381779	0.047834800982906156	0.3539363952197155	3.4885658258797836	0.6033944375793933	0.0	0.0	0.13914523174382323	0.010992229905049056	0.07452535893991014	1.6392548044276902	1.5472096696092945	0.031654771209172816	0.30318265885242546	3.0825866812041833	7.434870390638172	nan	nan	0.012883008358621911	998.3369362639127	1188	2.2837929199110937e-05
-0.021820046958578754	0.49043746007697664	6.026601111295758	7.868315817385709	0.04092665797240347	0.348740079346568	4.651573051870558	3.133332791085096	0.0	0.0	0.1686826204119351	0.0018823351940982502	0.08090437565146968	0.42237032828722354	1.7558711419466746	0.0070043083164701425	0.11244548437744806	0.5570095586865302	2.909223325002123	nan	nan	0.013109783202056288	992.3713568435425	1188	0.0016816096603697044
-0.0420822045632131	0.6681633224907848	3.8137740460362597	-0.5988418309120274	0.044841991884760235	0.31259265977478506	4.021184784427355	1.617976555556276	0.0	0.0	0.14938709701403446	0.008823207000463351	0.06806239132901015	1.371340940733985	1.2697895298657307	0.011434065531650939	0.18706397169698163	1.0445991525665521	3.900471639317399	nan	nan	0.01320691391089425	1013.9154886520774	1188	3.83667798926774e-05
-0.043466738984387354	0.6755740342507792	3.6704107471712977	-0.6785223038523314	0.04562389411124901	0.3042073892180524	3.640401500191665	1.388625169711076	0.0	0.0	0.1637588650545187	0.02003147260406979	0.07018988156171002	2.7716346627381574	2.646253621120054	0.012189617455004242	0.183315893560396	1.1022085641462755	3.7684345415163594	nan	nan	0.013347952267043925	946.4291992978826	1188	4.0315148340424636e-05
-0.05244129681237397	0.5919718784458737	1.866519246075532	-1.4623598485877212	0.0375473267521198	0.25634734565815126	4.522536218020333	4.690542030827588	0.0	0.0	0.16698287741955303	0.005805705744842404	0.05798179048500329	0.6536876317720484	0.274402961134302	0.0019194680354328586	0.06146162078288303	0.28120302934755337	1.0433644980978605	nan	nan	0.012750942249986644	958.0256060398702	1188	1.2719591451049186e-06
-0.04145881365222903	0.6247177751850913	3.349836245883325	-0.6086703174358339	0.0544593550411514	0.3666704521870042	2.5753854124355495	-0.5128620400668983	0.0	0.0	0.15241257824064136	0.004969081458870761	0.05993791786648717	0.792041907072494	0.6792451565269142	0.0036100996887299397	0.05905612917917635	0.5392743815659433	0.47726971470915586	nan	nan	0.01289975115924337	967.6988374037253	1188	2.187315125482861e-05
-0.03690792679420862	0.6834612715303519	4.562948778802448	0.4299315010720659	0.05296851976325523	0.4503952873565056	3.401954974388161	-0.19398180861214806	0.0	0.0	0.16136837458956713	0.004282113084153605	0.06473201789770577	0.6347341331299119	0.925807795599191	0.0034160166470802444	0.06283319012464869	0.49544910338358084	0.5149722822312378	nan	nan	0.013151513806510404	1026.6468713798963	1188	5.992163851679429e-05
-0.028992853303325572	0.6013524610436486	5.069872942256125	2.675985265359606	0.04387215396034794	0.45298341746258936	4.6851908190730684	2.089151612169023	0.0	0.0	0.17423196577350875	0.0031627118422796197	0.07215647947860765	0.45170642447273623	1.2808661820559868	0.0025090994406360423	0.06739413304039535	0.336370445356585	0.7320499839011214	nan	nan	0.013082371932475356	853.0973272513166	1188	9.942562979131284e-05
-0.035138102814445515	0.5818242316543932	4.010325518180054	0.5657533163359875	0.05467591800951088	0.34737140057283256	2.4893021195353002	-0.5911894199146873	0.0	0.0	0.1509899701485513	0.011105755469435818	0.09254731707328176	1.3743841624122735	2.643730552454536	0.008722446237232728	0.06444698985066685	1.261033779083393	1.1935484696718446	nan	nan	0.013245611279804406	888.5847452212522	1188	5.673009861295929e-05
-0.030180859623017864	0.5777513043148585	5.014033928142033	2.1314654562030206	0.05409691716802412	0.3283105989867411	2.360787965815197	-0.5720300449092798	0.0	0.0	0.13734583349029364	0.009917495132346799	0.1373635629992472	1.0112538866837237	3.774896147360682	0.01886632397829935	0.06290780949329969	2.5335398245914327	2.6452146032576103	nan	nan	0.012738220503570374	934.7670115816302	1188	0.00010513510249912894
-0.02385484541805938	0.5810565959613041	6.5426978473086255	6.229060365427615	0.05895311469283682	0.45084754478851086	2.8134327653192166	-0.8444001761170917	0.0	0.0	0.15493488306446884	0.0026565022750609235	0.08068278068944734	0.4306052074817561	1.9872847227842707	0.0038248054919396424	0.0603871608586688	0.5832302925494122	0.4001927803965933	nan	nan	0.012545086879351158	956.6364794180945	1188	6.813015331901043e-05
-0.04134981269609739	0.6430322294264752	3.341133031121256	-0.595849810206195	0.05022226647552519	0.40907702899263415	3.308084809050599	0.0684852419693952	0.0	0.0	0.15783960360663216	0.004949524576779718	0.061258034297993424	0.7698082713469869	0.6608435171409454	0.003268835327583375	0.06378723325305061	0.4653775625005263	0.567414778024288	nan	nan	0.013099117393255977	945.5825061255016	1188	0.00010588280356660417
-0.04261720527205193	0.6106023305208943	3.2400059429785055	-0.5881926352591657	0.0481639923613848	0.30014042314852724	3.394156528755943	0.896784154922241	0.0	0.0	0.162981056566777	0.01002330846842081	0.0630331843107253	1.4134646606986465	1.3356399318640917	0.011603410794042479	0.14478527942401886	1.215601651047715	3.1153416776850347	nan	nan	0.013269823993152505	996.5459601854047	1188	6.000232792105386e-05
-0.03598435209056283	0.6553583137001233	4.309280515271819	0.7391027708892534	0.05561308959458189	0.36964506850074696	2.267658844161598	-0.6144189341647331	0.0	0.0	0.1638130274846913	0.01920622039629427	0.13936466389764496	2.0431382572000887	4.422773041611904	0.03763949512775089	0.06809633458762587	6.115498542946115	4.40470223089784	nan	nan	0.013181108267964745	973.6669159649587	1188	0.0001049772476062274
-0.03491227934093466	0.6141022822748992	4.187601372471555	0.5113995142056481	0.05508765499585744	0.41162937561229646	2.6822696046588526	-0.6075626266891682	0.0	0.0	0.16576150351678942	0.015742152461430403	0.11092145995005265	1.9854259981869578	3.739273982876479	0.01782435337571142	0.06934873166585473	2.247392050169987	2.2238993270069223	nan	nan	0.01380152480829945	947.6839231937262	1188	1.1085425644698281e-05
-0.025631420748914557	0.5692389892778432	5.6250479453385065	4.573558350927939	0.056217939858130395	0.4355428629546746	2.767467961007198	-0.6271651782759948	0.0	0.0	0.15831351904174423	0.011682246952959219	0.21886201232400002	0.7573461612454784	6.846854052659808	0.024319532489590068	0.06954542845213954	2.8631047869382735	2.900272421307717	nan	nan	0.01315587962182678	920.5829414944627	1188	8.41061290490331e-05
-0.027836798003792018	0.5829738847238175	5.392060635239531	3.5470595336771336	0.055432121420785796	0.39280025352714415	2.600130244767601	-0.5786071598717292	0.0	0.0	0.15132916722459056	0.010992195404629701	0.1815202635530381	0.8284479304110475	5.297560595218541	0.014083594886723283	0.06584872246844037	1.7967559446133425	1.7770591921433099	nan	nan	0.013160022917867609	1000.572054237943	1188	2.159764009334675e-05
-0.03020142804909909	0.5795648634377121	4.676173155239202	2.1605092482875827	0.04043501386287107	0.31156935809134556	4.0740486228975445	2.784472502248717	0.0	0.0	0.1632333911788642	0.003199651954590099	0.06844478599850523	0.45180371418761833	1.154153108989542	0.002103081113441041	0.06435893611947771	0.3021378114433966	0.8164220471766082	nan	nan	0.012917164155651695	982.509728984025	1188	8.810846117631309e-06
-0.029221322650336612	0.5719812263656532	5.016802591853292	2.877476074189719	0.04115090572321978	0.28087317033372905	4.027780113514135	2.964778810747643	0.0	0.0	0.17309002636205034	0.010304608758129996	0.1724352246942058	0.7965997499233133	4.34910534065688	0.013023787296288614	0.2553949752130858	0.8155181790546611	5.760941959013209	nan	nan	0.01342692406657392	904.8954161050171	1188	2.83621623795289e-05
-0.04634125372210929	0.6239977950809212	2.7778339245317207	-1.2388044896603427	0.04264722267485177	0.2734673273196941	3.640347000188334	1.8544952261049257	0.0	0.0	0.15740544134891435	0.0053997907538732015	0.06209791039269236	0.8573511320582636	0.4687228091045911	0.002263105035199775	0.06531538183858257	0.3375655772258439	0.7951793874529987	nan	nan	0.013138867473813348	997.3128965662388	1188	8.75517238314668e-05
-0.038774167359707845	0.6751830656728013	4.058611534390644	0.043139943932598374	0.05181750190334489	0.41306355585531374	3.141678624072488	0.0476927279792925	0.0	0.0	0.16760938637187411	0.0047581770373599785	0.06316822864257832	0.700404241860292	0.8594362491355884	0.0033115785785577945	0.061582851960676616	0.4432653848284649	0.5270726647245839	nan	nan	0.013056299090166562	983.0944899218559	1188	8.164230844687865e-05
-0.052071660632113326	0.5790032092496162	1.7424771364017866	-1.5189026756346562	0.035085980313599885	0.21860806970188396	4.420455395475226	5.236404689877696	0.0	0.0	0.14880121823446069	0.010033149257962504	0.08119461681875437	1.11124883320787	0.44628022554324864	0.00707530598497963	0.21848464783932378	0.38715672671633516	5.51243364094462	nan	nan	0.013234436260557897	897.6156078346711	1188	6.601406960258857e-05
-0.028759385579043784	0.5797924447698912	5.150908709468295	2.792009468721971	0.05521178337223587	0.38279711675099526	2.6176671822874726	-0.6127419271741931	0.0	0.0	0.14852402688668315	0.010015098873357331	0.1541812183557521	0.8970992746058761	4.297684783145172	0.011660557472017108	0.06677036281027593	1.5924917035088997	1.5139250389614545	nan	nan	0.013225193616766717	967.7047426856193	1188	0.00014400795147956292
-0.021270997505875466	0.4710829072848445	5.718549330303059	7.7398019722816755	0.039718784245263095	0.35388797304821584	4.708526152198608	3.3190637281266966	0.0	0.0	0.16055742379460766	0.0021527921093944524	0.07503064746181207	0.3641609225949871	2.027509127325881	0.0020518542768594994	0.06424956396953785	0.3039094624236456	0.848216670718383	nan	nan	0.012830933645641363	986.510789624543	1188	8.793542300952406e-05
-0.04342539443576088	0.6484782948768235	3.449335029775238	-0.6422809687241224	0.05634449591905244	0.32544258751023764	2.3122564041316296	-0.5620377684056308	0.0	0.0	0.1743677058810601	0.013783605903639473	0.06505130946682164	1.912705587275702	1.7933441357344493	0.010915482931772691	0.061520733087383817	1.4666756052297663	1.4472748619499027	nan	nan	0.01339477479930179	958.2852157355353	1188	0.0001177686354039893
-0.032095399537281244	0.6355115682324712	5.13584918378895	2.1341757671072794	0.05777186337846563	0.3878106934591726	2.3881563964371595	-0.6296429214377429	0.0	0.0	0.18025907294020435	0.010032234881121982	0.12916006930837926	0.9250051608232064	3.434713772924016	0.010220646736464611	0.06547072212509414	1.2468232186024983	1.1425837802252516	nan	nan	0.01331029829292675	1017.656464685766	1188	3.468642498089628e-05
-0.04355375129756156	0.6647402109055203	3.3184429264361426	-0.6617498274792035	0.0552424798400204	0.3786481923879549	2.3737292969322143	-0.5486847646888778	0.0	0.0	0.17948960656231522	0.015264938629439728	0.06697146367847057	1.9994432877175055	1.8589172516811507	0.021282461573443046	0.0649055683105759	2.441991233795343	2.5777316362783016	nan	nan	0.013852869050859515	891.4778672265197	1188	7.541580325107203e-05
-0.04298062925203272	0.6341832664655807	3.168127451716522	-0.5906456773665183	0.046815248844620516	0.38519475199003594	3.867043918561702	1.168356241439247	0.0	0.0	0.1752513422883033	0.005238137885251848	0.057746938051885965	0.7471057007353012	0.651739280667428	0.0028049468933382116	0.06617202788619098	0.37335766730170583	0.6947092558625143	nan	nan	0.013125162008343572	1027.2724462946198	1188	0.00018315868823941673
-0.04137693405819631	0.6175997786172454	3.366745761334839	-0.6223332264062689	0.05431328606227659	0.3319780631518812	2.5580795541382146	-0.5250095055430442	0.0	0.0	0.15430301135656074	0.015795127314604085	0.0645234186361871	2.2850897476645633	2.2185470605307605	0.018734128868541866	0.0632345335723073	2.5878879097033343	2.804539558093082	nan	nan	0.01337584377931908	983.836139391899	1188	2.1569674435541374e-05
-0.03205833685210546	0.5863798331826771	4.531817336436771	1.4123939019088283	0.046971406884922295	0.30914315279446336	3.2414898704970136	0.7551359886392778	0.0	0.0	0.1451744318198384	0.04705219748593764	0.5274374299046619	4.011853374324854	14.656888238177965	0.060792834816870644	0.5712104719196138	6.579865575980968	15.527760275560826	nan	nan	0.013390732691047624	956.4626588667829	1188	6.365381758852508e-05
-0.02878201446366402	0.5745936676309549	5.059414742010018	2.711230619797346	0.039667012220029774	0.2887165393497711	4.162325449618216	3.12854678599713	0.0	0.0	0.15176233806444028	0.0030088548110455138	0.07008546938338323	0.4365455099715403	1.2612039547457154	0.001970007886839542	0.062459582716568374	0.29317598017874813	0.8410536743568877	nan	nan	0.012923725128313163	920.7189321707083	1188	1.7405709848908227e-05
-0.04631573780263876	0.600655935024932	2.4644292264671357	-1.0204152198723242	0.04170229964707417	0.27167792541971636	4.019801674110398	2.8363192414007807	0.0	0.0	0.16261441550337694	0.017657660638856487	0.08733606556012047	2.1821692068173473	1.5302551498857668	0.012425826648989946	0.25411441274586394	0.8019744011412451	5.556020475407773	nan	nan	0.013273272339774933	934.4244585382685	1188	2.184893832255884e-05
-0.0411085072667996	0.6279436061844774	3.474489277734103	-0.5713783765136812	0.04252097970569202	0.3367323810810116	4.247065943941578	2.181078246675288	0.0	0.0	0.1460477538668214	0.010846548661753552	0.07344599825789172	1.619286648382594	1.5643436722304853	0.022622905457833742	0.3860194528216919	1.5515678984121535	8.344328731884238	nan	nan	0.01308283595146173	913.7306946518956	1188	0.00015447129399875865
-0.02488162948326078	0.5311735107893834	5.789527329080233	5.263623452329952	0.0651248616329203	0.3351758186874271	1.385466293097986	-1.444490457329246	0.0	0.0	0.16808844320226352	0.016502348753610285	0.3326200768137755	0.8974101389436115	11.052022596920919	0.011574888569041097	0.10035552252533206	1.4103063528718907	0.6287358437564883	nan	nan	0.013511407207902781	944.71157244541	1188	6.575942613409008e-05
-0.031762847327083454	0.6153151491835931	4.939130785954525	1.5482542535479682	0.0545016126893727	0.3725194291197983	2.5314852888670334	-0.6035087656701492	0.0	0.0	0.1536839624085252	0.01082833206881545	0.12951899672810158	1.1811792949574453	3.5287950246107584	0.009669995337995618	0.066725029892644	1.3401348770094996	1.2616847567657925	nan	nan	0.013659509576718493	992.3128839866888	1188	1.2088344389002244e-05
-0.044035889463408084	0.6323210275801834	3.163225900901769	-0.6299910937874424	0.04229337322760074	0.21428968255015224	3.6898003161639825	2.9604254374048744	0.0	0.0	0.18525055138842922	0.01301941511642185	0.06544050171364124	1.6924063831490237	1.581028612016194	0.007070204665655777	0.16980489076667635	0.5435545401266182	3.5937985921817996	nan	nan	0.013600209785792156	938.9309362930684	1188	3.968647327365634e-05
-0.035124281389747325	0.6487957904181518	4.5416335917139525	0.7599415592867919	0.05583171574594892	0.41447497372250314	2.6007043971385535	-0.6130790122894164	0.0	0.0	0.172459097946203	0.012550126177460874	0.10621120470580353	1.4873839025051792	3.1040724483637345	0.010642986818420352	0.06860884051391286	1.3471891517467471	1.256287816671745	nan	nan	0.013901529472333002	933.9358291575968	1188	4.606221682265354e-05
-0.05024543983259888	0.6482380261119123	2.592772926703149	-1.4283508971453411	0.04302367642528093	0.3077865912345403	4.128324612891029	2.2432583714777437	0.0	0.0	0.163226588812684	0.005551611762835307	0.0638301401730359	0.8133883551678203	0.3677046186056042	0.002296809466250993	0.06525790249577232	0.3326483827526756	0.8260258955565177	nan	nan	0.013074447251975624	973.9529460050005	1188	3.956072015037889e-06
-0.05420993615000613	0.693290419684379	2.4542033663696117	-1.4973277120918762	0.03740058382745426	0.32981356978069076	4.853130150147686	4.264977596326386	0.0	0.0	0.16148991858161157	0.005577596879483282	0.062408844283286025	0.701029158250964	0.28728201788945595	0.002062565493820001	0.06619544460719964	0.30460375321654976	1.0161596061242435	nan	nan	0.012544009655374014	923.4944911811123	1188	1.1905360856220763e-05
-0.031098203100033972	0.6266838127308215	5.016634076855942	1.457744095312293	0.05312589350650554	0.4590827253643558	3.2014059396068193	-0.608886929828133	0.0	0.0	0.13601249743259233	0.0112260237500027	0.1324544666374485	1.2954678178358519	3.704152711515102	0.007122338597364886	0.07337691238960845	1.0752379702878174	0.9688810098085697	nan	nan	0.01365337110960349	967.0696816585738	1188	8.51411867677943e-05
-0.04187322055347287	0.6742357475001494	3.7543928395511212	-0.555765873170637	0.056365345042131754	0.40910090993399156	2.6027897056650473	-0.626563967408935	0.0	0.0	0.17712473189654865	0.014211435412273932	0.06627888398745019	2.0343057602231465	2.034679478799436	0.014555560624601505	0.06670880636574236	1.820264852680981	1.7302892496855393	nan	nan	0.013845550694637984	1003.5170363947304	1188	4.138069182360074e-05
-0.027960213592327032	0.563885744059013	5.100162617054611	3.3692056121689826	0.05695628631499772	0.4160490618126765	2.728937906822252	-0.6018745649027976	0.0	0.0	0.1680083096918248	0.00887733829413584	0.14917648923329838	0.7105916798143523	4.136182568550209	0.012981049016088098	0.06616438141552491	1.6368876724573809	1.5733383711279831	nan	nan	0.013286739275486209	1028.85242016336	1188	9.182633106148583e-05
-0.031486005894267755	0.6539029110668639	5.15613936988101	1.806964380098492	0.055412007499409555	0.4699580083715729	2.9299541296674225	-0.6382602913481362	0.0	0.0	0.16413354295034083	0.013376041421510443	0.15613247051049745	1.3415620303798679	4.471926467603538	0.02102221939969451	0.07322032633177195	2.5467971437040524	2.4935451306665906	nan	nan	0.01363322414153574	965.4622551443507	1188	0.00016262959367493174
-0.04078955527351846	0.6471545824125408	3.768215943834071	-0.6118893391544744	0.052467765544767175	0.3512038340275742	2.984956155636511	-0.294793469289994	0.0	0.0	0.15005241420441895	0.004619860514624541	0.0618924021198225	0.813626111976101	0.690152122097893	0.0031482536972873287	0.05956343374653203	0.5112832242405296	0.5228613573593817	nan	nan	0.012999982941796828	908.674002180935	1188	1.2913535152420528e-05
-0.026432805094463774	0.538658637249029	5.350035575718199	4.1587223401173805	0.04668687878783784	0.31292956843042896	3.342163611732192	0.9565147277446931	0.0	0.0	0.15500277463634848	0.002701807700251302	0.07269565542881726	0.399911907230206	1.4811061196973319	0.0024195825054652564	0.060930042820560915	0.3506823953561302	0.6126598701366971	nan	nan	0.01270017228314127	1057.8580856864507	1188	7.665488901819514e-05
-0.04033115028798706	0.6554075213007143	3.929000989496789	-0.46690051528729526	0.04111471306186543	0.3171089853402189	4.502553940371935	2.905596443842293	0.0	0.0	0.154802619294932	0.020700120291931634	0.08721074545329915	2.931093363174076	3.3386326156885486	0.028997342984310115	0.5433292638618247	1.6540398972458659	12.797535420009993	nan	nan	0.013428078126515336	1001.8268574461771	1188	0.00013376765219614677
-0.042095572073031384	0.5840163391061584	2.9476382252058384	-0.5748951528445375	0.05632782874032505	0.3644473178021998	2.4908594932114134	-0.5866791664971113	0.0	0.0	0.1791924961109991	0.011548033152129156	0.061582725489386425	1.5474158026077727	1.4946646086498332	0.008342943206379405	0.06422695442141596	1.1287956735135325	1.0579496238195816	nan	nan	0.01357432064549946	888.5303620841057	1188	4.521872627850399e-05
-0.028778052909836593	0.5787560725586622	5.22033127750452	2.59977645360573	0.05435183962575718	0.3799877689654508	2.808611171635368	-0.5011694940175591	0.0	0.0	0.1584913613254433	0.003302544650245931	0.07506522667344606	0.49317238550664255	1.3973201133431061	0.0033431436751507615	0.0595259231739812	0.5242602133639791	0.4617068403055239	nan	nan	0.013139234162957092	907.4110131538853	1188	6.724463221633394e-05
-0.03397227801242697	0.6524088603849005	4.808233374572602	1.045621047531622	0.055132418346455436	0.45974283097265506	3.330800616509312	-0.3381146447867566	0.0	0.0	0.1725907272653463	0.003865334205067017	0.06818463816357911	0.5765987715686021	1.0472827074802236	0.0035692340964582625	0.06203619527582013	0.5128868352396889	0.49006216477621567	nan	nan	0.013203108860140866	890.2057829385178	1188	1.584527528733204e-05
-0.043317776912528694	0.6934853378268796	3.612409351369345	-0.6300334432577913	0.04943426588353117	0.43618675344407926	3.535105521236078	0.32360770531708705	0.0	0.0	0.15774066051421576	0.005163299334879745	0.0605324748085187	0.7778886945410723	0.6557318697530163	0.0032152327446023365	0.06489305532375325	0.4324930038360877	0.584865579430629	nan	nan	0.012940600072244693	925.1697643537797	1188	9.932248375627024e-05
-0.04239757184531878	0.6413706909280907	3.3798414123230316	-0.596133554091213	0.0553287020013804	0.3898857367254003	2.6935120474398544	-0.47129523657163125	0.0	0.0	0.17182153510865034	0.005301041792820427	0.059852346760712605	0.8043137754478311	0.7006835917576378	0.0037914666054048585	0.059486137371595665	0.539037218169037	0.48962197292290266	nan	nan	0.013116748842910364	970.1949245732039	1188	9.590475300257529e-05
-0.0264627568002066	0.5363246825724741	5.050190464923794	3.8262640795839875	0.05568420027014054	0.3868671464353651	2.3823920790408732	-0.6459042042363109	0.0	0.0	0.1685253973633051	0.002928998901542579	0.07550922551082814	0.4146451959528541	1.5170298800055697	0.0038160241399995964	0.05988340275666437	0.5441053630780557	0.430469637953142	nan	nan	0.013019287643991406	978.0407252747499	1188	3.822748401835899e-05
-0.021644702463775256	0.45270787202883206	5.552309252909379	6.97330382074374	0.03432792736608148	0.15700125413432592	3.9189025811563343	5.73379953067958	0.0	0.0	0.15904297939241108	0.0022160100485378864	0.07517567129945918	0.3784196126844277	1.98341724881663	0.0016419054460741211	0.05303951303236179	0.24212157824014469	1.0777891106802904	nan	nan	0.013119130535370213	976.8696257208373	1188	9.099213721049565e-05
-0.03447443862984367	0.6673206335003832	5.037285231486134	1.3460445493931694	0.04776847849431198	0.36099776752929674	3.6514352759195883	1.1246023438869455	0.0	0.0	0.17688226224463366	0.0036981146677272925	0.06668926348143045	0.52347489362133	1.0367241480141756	0.002641727715070652	0.06273861232629474	0.35300010451258856	0.63961223200715	nan	nan	0.012837013130094277	814.2934627979791	1188	2.5679168745246037e-05
-0.017055601476817173	0.3495363460899124	5.901139012013759	13.634515028264078	0.0433363915970284	0.3207524307137754	4.1630573606986925	2.465091821146067	0.0	0.0	0.17476058228836594	0.009253588513291056	0.3043134193769718	0.47341347811150003	16.71941795096053	0.008617119036720355	0.16252561610657867	0.6005564655969333	3.228955277024414	nan	nan	0.013562822606022568	955.1374081753156	1188	1.2261146221322622e-05
-0.02372959032388111	0.49046344900197186	5.343963318510618	5.189699704245668	0.0390141255109151	0.2803624125607635	4.253717109307298	3.3992904190891524	0.0	0.0	0.1549841163998532	0.0024792078851457733	0.07549129401964558	0.3962355237867041	1.7097289845209058	0.0019103765760959401	0.06189213900660104	0.2900047775299355	0.8643660713433583	nan	nan	0.013042954033169907	919.3075491896618	1188	6.472261470235835e-05
-0.0426188787052183	0.6163146932411755	3.199959226748923	-0.593939920216528	0.04082905948849147	0.23727469383401195	3.9180751069877755	3.127995737148194	0.0	0.0	0.16457895297891828	0.007867818714569652	0.06531139330753433	1.1234094255328881	1.0214717916574259	0.008158727217323913	0.1964889516368211	0.5616315786308685	4.194032919594498	nan	nan	0.013311962244946324	989.5881283181359	1188	9.718783104309998e-05
-0.045876795507037715	0.6672843352643738	3.0826460461296867	-0.6421226070141222	0.0590257200747788	0.4544879327157627	2.7352937320705846	-0.6246759945111741	0.0	0.0	0.19271033025623446	0.006404741691299176	0.05908114455809271	0.8057860001550989	0.6890199009746029	0.004510131476144874	0.061268605038663215	0.5849226264162013	0.47508420102183485	nan	nan	0.012870964009143615	991.3184197698508	1188	2.009301561529731e-05
-0.033517871819489065	0.6355648850741067	4.55983333879762	1.0441109949637726	0.05611672927610334	0.4127340800443436	2.494354387764501	-0.59435808576014	0.0	0.0	0.17680157658698	0.015520902346254917	0.1382186675322029	1.7521462140351778	4.235112019917875	0.019961649495794598	0.06874836779293317	2.2762590987598563	2.283449544246565	nan	nan	0.013990148914904826	894.8458651755684	1188	0.0001678474058085362
-0.04392107691020053	0.6237642431972356	3.064720988595454	-0.5908099123811172	0.05596830116796658	0.3032449155424218	1.9249043205157328	-0.6020861380385113	0.0	0.0	0.17013038699602961	0.030036552125248472	0.0617449763591888	3.377950313251315	3.639504453498912	0.014934225708702509	0.0607928189355563	1.8293239553242993	1.7913646445885434	nan	nan	0.01312452742160311	904.4834299280773	1188	6.159029903407146e-05
-0.04290093017340291	0.6153090158447512	3.2167275420914794	-0.5895471109907238	0.055674638351139505	0.347300794272066	2.4269895238494654	-0.5684314185568645	0.0	0.0	0.17157485839122527	0.008065346514199878	0.06241390597008717	1.1439530306238574	1.0480315393633888	0.012033037882892561	0.06327589138771691	1.6112489570493969	1.5910416088493462	nan	nan	0.013386736226472781	900.7861274901495	1188	0.00012033379677643503
-0.041312415487324006	0.651727002659074	3.7078009979014546	-0.6228861144220362	0.05029737520386601	0.35817136142602773	3.3197543647694956	0.10828119439461717	0.0	0.0	0.1442401360887972	0.013247085584077334	0.06995549106213217	2.03508306556258	1.9384462895748429	0.0279532588491731	0.18582390910198684	3.195980342627572	5.665991530502844	nan	nan	0.01324361670192778	849.1624980649972	1188	1.0328738734248907e-06
-0.04284848252977336	0.6968385533937094	3.942095280252067	-0.6160776441621334	0.045685361784006506	0.3294245569051492	3.7823527380500406	1.2963911307633043	0.0	0.0	0.15619295209708506	0.014120813823797207	0.06999958076551865	2.0701368856460505	1.9837261760247633	0.013165577372927895	0.18966086645370114	1.184671313022394	3.89607530192745	nan	nan	0.01323547665469317	947.3593976636006	1188	0.00018144339815656443
-0.02921838004444255	0.5838381018526583	5.095733473775455	2.919164026763715	0.04298749000445978	0.33511166265656855	4.1082875230213105	2.28926187649409	0.0	0.0	0.165238268534855	0.002997341165558942	0.06958676758764026	0.420854084038218	1.253215150550278	0.002225728993368592	0.06344469107656614	0.31343698296150047	0.7534698503192799	nan	nan	0.012633174810112252	967.6464533609412	1188	6.176077821803617e-05
-0.03209854740890017	0.6158595847501678	4.760680338183329	1.7048546419378425	0.04119277977099234	0.29918362221624667	4.001496235685782	2.7802442598912163	0.0	0.0	0.1707090999537268	0.014596083179599983	0.17368381811163425	1.3876094891800732	4.674479259706204	0.010527785792869393	0.1991658852721434	0.6930279714680632	4.322406335912319	nan	nan	0.013542732510996025	1013.4512928450123	1188	4.350079273707607e-06
-0.017317534067332607	0.33436935057008293	5.3529198997676914	12.771641374102103	0.033494826761326424	0.18736773866008916	4.61123544970608	7.590882177765923	0.0	0.0	0.17918146438913418	0.0016863555407261588	0.07161676929393582	0.33497802666298426	2.7714201301564185	0.0016571961055308337	0.052081055253127256	0.2404702321930121	1.2149438108269723	nan	nan	0.012947908840797218	951.5262146697606	1188	4.795387464589311e-05
-0.035891305716754696	0.6478163539192077	4.346938492192842	0.3048122009551419	0.05094711204542546	0.42290439042781686	3.402881643977044	-0.11184088074151792	0.0	0.0	0.13476251144621265	0.0040169831293789815	0.06306356498396426	0.6369298033078228	0.8803370801592647	0.0031176254932265834	0.06220623342658055	0.4763574047121526	0.5206220146881236	nan	nan	0.012495868476568216	939.299064383486	1188	1.7812601520177545e-05
-0.032217734314207935	0.5869749174347239	4.413083542519482	1.3171725394245464	0.05372354310449734	0.3637299688307514	2.6035128125008393	-0.5862758512420679	0.0	0.0	0.1404091473706158	0.01268086495168641	0.13539214464131913	1.368856665157432	3.8099421620105627	0.009673940754445942	0.06657290785323017	1.4066925482088277	1.349086209383725	nan	nan	0.013217875072188315	976.6678978675113	1188	6.013575884263286e-05
-0.032683976689847904	0.5917369053682908	4.490790588081729	1.4295994049821383	0.046060170569199865	0.31142562874987734	3.2807764292190305	0.9185266639803993	0.0	0.0	0.15508621267864758	0.0034225350430062695	0.0650541790583799	0.4841726730124738	1.0182739992256	0.0024889141538879667	0.06233788880128363	0.36224289938836796	0.6320068546933076	nan	nan	0.012749440189463918	1033.6081214463861	1188	7.773297903583642e-06
-0.03533206209355877	0.6659046541920041	4.642124091494274	0.7134512707842909	0.055652445828681785	0.4526414660924723	3.020445447482686	-0.602104753864262	0.0	0.0	0.16994409105548625	0.016476148667501633	0.12540945164770195	1.9284542763375423	4.022912646901206	0.016405272247983715	0.07044399244497382	2.1094719339784755	2.072971423903358	nan	nan	0.01375728164769259	978.6118084180799	1188	3.9751849324041794e-05
-0.04184762879043824	0.639265995330605	3.673065737849516	-0.6188886632482997	0.054572352737555896	0.2847164220919581	2.3723408955531315	-0.560245744765552	0.0	0.0	0.13612372880839138	0.013652457224443915	0.06374575422572387	2.0718878509185794	1.9927386080689038	0.0073359891517864595	0.05972228429267165	1.1949657574867445	1.160468983908821	nan	nan	0.012738283638049769	961.5174846833605	1188	8.307829462662382e-05
-0.038080764734586325	0.5969924699945057	3.6047141857202467	-0.12083474554617218	0.053721263170449784	0.31743651330684325	2.2652360983847153	-0.6083867346928763	0.0	0.0	0.14665249196008015	0.015123069562471503	0.07418372598332057	2.0421335436557566	2.7439645143054032	0.009004760139791235	0.06417641064214927	1.327100162002902	1.247088883341678	nan	nan	0.01333137720456834	991.0453671704207	1188	0.00013428934807662528
-0.028825577884104336	0.5935395559634711	5.2516411553854025	2.933532664399961	0.04761719528651698	0.3515045612952534	3.2986916148758274	0.5309150145667012	0.0	0.0	0.15099693748126453	0.003039485841260181	0.07189247417754174	0.43687363736396145	1.3016794916040688	0.0026644343238593216	0.06195927233809151	0.3895113655733058	0.5760054576932013	nan	nan	0.012665396421311106	1021.6906174697406	1188	3.2168047065460356e-05
-0.043298897204821274	0.6207941142014247	3.1040422312984592	-0.5978592359434824	0.04733246090581966	0.3298263433636188	3.4868545371013413	1.1523190781005064	0.0	0.0	0.18201032974039177	0.013799958922626532	0.06511950338836736	1.7835787193014017	1.7159190842586072	0.013037903914385751	0.17044887452747323	1.1136073659584083	3.420263053566569	nan	nan	0.013501584972984954	997.0574597379826	1188	7.525822532739402e-06
-0.025029270522778146	0.5558482159113819	5.911261033606399	5.0097131682825555	0.05648028642336422	0.41572870595390926	2.851477359859278	-0.5817835051218904	0.0	0.0	0.17590489045856988	0.013523997604413751	0.26184250723574226	0.8527759615569099	8.726450973961072	0.017129622697805047	0.06880786449538609	2.1841758107799945	2.1945311907911464	nan	nan	0.013893242599706326	915.1564899656985	1188	4.681153985068768e-05
-0.04920442628815269	0.6361313350032718	2.444257925801284	-1.2583292517410987	0.038956071637267664	0.2795401857297034	4.139268509617447	3.668884089199294	0.0	0.0	0.17017964117157025	0.0057476843345996564	0.06068462618934051	0.7600672695842978	0.3973080324510799	0.002056143777586339	0.06403237334411813	0.28928285844022805	0.9408588408160244	nan	nan	0.013040309550361534	972.2140872043193	1188	4.1697696232648964e-05
-0.04107151926509667	0.6275997495681067	3.386475753492502	-0.5929071541389183	0.05054100879467649	0.3622600682063289	3.162592939076948	0.04241466099656589	0.0	0.0	0.1564063669432223	0.005082748242380197	0.06001973649374365	0.8111674654289336	0.7093409385494979	0.003091667618252636	0.06163974427923266	0.4635877080709925	0.5662760000221573	nan	nan	0.012971898713338204	971.0795406522114	1188	6.275461625868486e-05
-0.03555480165594416	0.658436655208547	4.468858163373726	0.4675621897936883	0.05285536520997036	0.4193237609025603	2.9825883479690978	-0.41554271876623555	0.0	0.0	0.1515295138411581	0.004234682833654579	0.06593754916600719	0.6502800099849417	0.9669221189123132	0.0034920885282203606	0.06220526762193712	0.5288872915557639	0.48694080011310636	nan	nan	0.013056550184789378	841.2969447080534	1188	0.0001605505735437973
-0.04053625521455828	0.5777642462346986	3.0005347532965834	-0.5404478080676333	0.04989465683108674	0.34806388794106763	2.953107899102454	-0.021956329434142993	0.0	0.0	0.1473818321748885	0.0045054922249352924	0.05703148180150064	0.6992070184252666	0.6178802582295257	0.003084953608382124	0.06134527161622405	0.4695016027889849	0.5549603582813173	nan	nan	0.012973177899253119	981.1362209915924	1188	5.3024519066097036e-05
-0.041663052110928245	0.6843966647596047	3.934293426031142	-0.572408291601889	0.041262101401801754	0.3193884146906143	4.192683597234385	2.48169962767327	0.0	0.0	0.14857915756798037	0.022173036929526213	0.08506594344604801	3.121731617383474	3.2832813238153564	0.02780091764879067	0.4997744384353144	1.7152826782256638	11.138669748496435	nan	nan	0.013168287259220299	882.6935731450949	1188	6.2682956198505e-05
-0.025294678059559317	0.49962608242266543	5.324137686115133	4.606560399619961	0.04709026154244533	0.31178393079323025	3.6473557566933796	1.0495806615380112	0.0	0.0	0.1568539574171759	0.019259349003875215	0.39647515596091687	1.0530356280883835	12.03315124759122	0.02389871111605768	0.2844528286372433	2.3685156855061633	6.847098380272265	nan	nan	0.013359168638143626	1045.8609385094474	1188	1.5267118829456025e-05
-0.028557245564206357	0.6211757651297093	5.687645433922658	3.1249182485440574	0.057708406517298805	0.42891537199431684	2.607764523072917	-0.8071405207099349	0.0	0.0	0.16283194597389353	0.012289007942262342	0.19535625708324017	1.0083884791547582	5.58543076135005	0.043624296655263906	0.1121381511108559	6.2203780095851195	4.74264546392726	nan	nan	0.013627086140250946	947.6576308938877	1188	6.998585454720161e-05
-0.04257652992314265	0.6597110511014695	3.7129255552508456	-0.5947488456764629	0.032953864184745996	0.1737908148252587	4.7713023150592075	7.929652397062518	0.0	0.0	0.16964134947069143	0.007952816588808365	0.062468608548675864	1.2014703498331523	1.10680168204257	0.004872631818419237	0.16502252921816385	0.3250375994886512	5.453897320528896	nan	nan	0.013232097806517767	1004.7411386027645	1188	0.0013950286055610156
-0.04157330405889714	0.6641524421824498	3.7856899880300423	-0.6710291779271674	0.04853160807460677	0.32363877941148184	3.1192023797962594	0.46179486507882916	0.0	0.0	0.1500208190081524	0.021662855825325733	0.07126764015990195	3.178986862159422	3.136778827310245	0.014739623950498881	0.14476383029267598	1.5768221128438924	3.291566830587175	nan	nan	0.013271686834376364	940.6508066344555	1188	3.8048004060316664e-05
-0.041555459022243335	0.7036726285628401	4.2064269760946145	-0.22484865777912774	0.04964099353565765	0.3487235701217421	3.315151722971092	0.6009721952548885	0.0	0.0	0.17631792135434826	0.004919861739598519	0.061322662467217126	0.7446511388140449	0.7927134742543835	0.0028309066228491275	0.061313529481620194	0.38589828023554684	0.5975356111726151	nan	nan	0.012900947989613387	904.8609875196164	1188	3.9070296413490226e-05
-0.04079772280533711	0.6407668853364097	3.638606292366655	-0.5681883095422166	0.043836230200859916	0.3241086039738165	4.018275404922219	1.849274104143603	0.0	0.0	0.15743232519395048	0.01572794581382081	0.06910576251090872	2.3299388894655584	2.3508841072206854	0.01329457071646678	0.22305031435640482	1.0404145850369764	4.566388671339331	nan	nan	0.013513399522924047	935.3540398636551	1188	4.227613370012114e-05
-0.04246854186350213	0.617857478303659	3.1742818610629264	-0.6083216153445826	0.055141336413853104	0.3431361352522138	2.4633202911367706	-0.5219460862573951	0.0	0.0	0.1546441105808999	0.013362312027548784	0.06265311792905087	1.8110932455146909	1.7329876953557546	0.03289970347649518	0.06369167364426925	6.231636218575289	4.5457814711211055	nan	nan	0.012995225536114804	930.6964123201607	1188	6.269824084022781e-05
-0.042980221970574384	0.6206593466836849	3.136959195651108	-0.5954637050143023	0.051406008470743725	0.34426875427237097	2.962335163680818	0.11408411890128027	0.0	0.0	0.16622154456568577	0.004685858079771066	0.058416797952825894	0.695245494626608	0.5843878148580168	0.003126628152129607	0.05996697697000736	0.4413037143527314	0.5600936133497796	nan	nan	0.012770684005377342	956.3041468933188	1188	0.00013857875562854047
-0.04243936299445861	0.6847943005281485	3.845680494882802	-0.6593301749636052	0.045244898472387884	0.3605324394011527	4.095953712858447	1.6052200917779158	0.0	0.0	0.16303977627579785	0.004995668257134267	0.060760303666911764	0.8281235621285004	0.6905212963466856	0.0025344353665635033	0.06576936917599294	0.3519211997834697	0.7390671742805914	nan	nan	0.013119344795257809	906.5699526559615	1188	9.862822708450741e-05
-0.04737796824949303	0.6482009586521345	2.7160771253818297	-1.3075241420708137	0.03183692028039742	0.16571549442247896	4.479588005065731	7.564067011996996	0.0	0.0	0.1566696625108954	0.005233292932426525	0.06086108020331399	0.7978763826926007	0.40549902146733796	0.001719094922702391	0.05555345797094105	0.2537855735495764	1.3597251138762079	nan	nan	0.013185977006117622	931.4502249855157	1188	0.00013264534296320143
-0.031171300980269323	0.5675744024629797	4.484475870002808	1.976719039160554	0.04735833485087371	0.29419341496188745	3.1886069105042796	0.9296291531824611	0.0	0.0	0.1608396040309935	0.0478337550047474	0.5747428796492424	3.6549624136460532	16.437764389454884	0.04242613300984488	0.42823776190048907	3.732395903671118	11.19515750854097	nan	nan	0.013470843817944278	947.5382247243508	1188	2.4302063411963613e-05
-0.04193080193149146	0.6818134381930028	3.8141790441190446	-0.6173507135453882	0.054338120756093344	0.3958064555956969	2.618595714434848	-0.625236006149355	0.0	0.0	0.15211270780438438	0.005347535617707733	0.0619694579589079	0.869159652881482	0.7528206598922401	0.003812510401788982	0.061554731748676345	0.5792006100892944	0.4724826883220273	nan	nan	0.013040219314843449	1000.3306758562915	1188	3.6993130963654414e-05
-0.029701829817020298	0.5784824100441524	4.970267642375974	2.2876313761773	0.039178918144257446	0.2850166280231738	4.332607864089947	3.5122160452279227	0.0	0.0	0.16183023184830586	0.014249755715388446	0.21966324012473853	1.2442286379440772	5.587225883779288	0.018958362279036023	0.39500358400849156	0.99693059104298	9.556331852986272	nan	nan	0.013583851634554625	897.7232927559372	1188	7.32644271661727e-05
-0.04301538979441166	0.6692162107393415	3.530870112987653	-0.615813713351346	0.04538837423250053	0.35367798090541486	3.973484967086551	1.6158009743255792	0.0	0.0	0.17682880970575057	0.019748218779962745	0.06981650364298053	2.6185855659967454	2.59413850255286	0.015310982766339132	0.22198038279162607	1.181245360030773	4.581480470618232	nan	nan	0.01356316546450198	911.969911642614	1188	0.00015009785060962405
-0.041876040197773134	0.6326576224107122	3.25452272567936	-0.5847626738871047	0.03294193382047905	0.1849059971181597	4.602044769821272	7.274330709778367	0.0	0.0	0.16089956391442115	0.004414755930472858	0.05604541978370925	0.6778137553866392	0.5745156861900046	0.0017453834945772018	0.056566742890728355	0.2592923428184557	1.3164088690143225	nan	nan	0.01311829728902103	997.8435175931413	1188	1.7784691700629836e-05
-0.02374974079199199	0.5170847973985406	5.813887353239066	5.543936019675416	0.02865769174280497	0.01901542600027356	4.708867871084307	16.320724546439024	0.0	0.0	0.1551618848891252	0.0031176712803152595	0.10882192458958606	0.37476736520240017	2.2248527191444327	0.0018125270873319277	0.047797978649186584	0.19239837083086542	5.801708167860536	nan	nan	0.012763386266375312	968.166415803366	1188	0.0005424139065547915
-0.04496904409519775	0.6501758669098325	3.078339284229366	-0.8705480803735878	0.04547282412485565	0.35746229675057306	3.824097829863609	1.347851909810148	0.0	0.0	0.16810738606789544	0.00555713504172467	0.05957656560526686	0.8147649970135704	0.5894512280699953	0.002654756866696917	0.06632418104283985	0.36218324076137987	0.7204469410783707	nan	nan	0.013136109400138082	976.8875167552695	1188	3.723959455025403e-05
-0.03686300417423771	0.6280824593590648	4.235886212355718	0.5718551538175827	0.05662610066540852	0.32980367647284314	2.2549452698849786	-0.5812752940366581	0.0	0.0	0.17895018490668735	0.016846048004301395	0.1166992719120416	1.9164631754940742	3.7752575780835014	0.023639082459656957	0.06275820966539858	2.838949067375773	3.019439965560081	nan	nan	0.013229478653599872	984.3691613045482	1188	0.00010246649352313981
-0.045931771780490904	0.701453637093939	3.447216500121791	-0.9204382867274815	0.04182794090904207	0.34347428138745384	4.332736177870604	2.562194859689389	0.0	0.0	0.1734745370772825	0.02186546152063268	0.09738694109172885	2.9741363372254046	2.3654065997690403	0.017747538826922815	0.3169226037403973	1.0545237343390086	6.781041757464367	nan	nan	0.013670117571791929	925.769855774399	1188	5.54857623262657e-05
-0.04129285418167705	0.6226087354630285	3.3447557087716113	-0.5911610540767006	0.04563505779166732	0.3209352922945218	3.54377815743492	1.2272554378862575	0.0	0.0	0.15597534095544074	0.02282070214113252	0.06681058700852155	3.064203523804098	3.193027921618552	0.01362148024451626	0.18919798453829612	1.2173906248998994	3.8832689015346107	nan	nan	0.013332673051237878	975.2279203312489	1188	9.042271087249562e-05
-0.030535780352979103	0.618518576921771	5.127628219787081	1.9110180521973266	0.054553276771338366	0.41687872340406595	2.7716631760098034	-0.6001916961348296	0.0	0.0	0.1406735002458785	0.013630748721432773	0.16792704268244882	1.4042670959374661	4.902020875650286	0.010598305280645315	0.07007245772522874	1.4330850536711734	1.3565422700787417	nan	nan	0.013320439596850905	935.7463615432654	1188	7.12199781986808e-05
-0.04425278823957812	0.723158002264102	3.714851456192654	-0.8322734139308485	0.0442676943913507	0.38752216969156716	3.972693873212644	1.5374372229915616	0.0	0.0	0.16117379112427138	0.01742679592381896	0.10428094670444082	2.5894311503126204	2.0973153687966306	0.0337166261488171	0.4510752633409433	2.323063118618726	9.537803367066946	nan	nan	0.013669567940190044	992.4185660980203	1188	0.00019645253850767886
-0.03372930260040918	0.6794476998455163	4.9665216011714355	1.0143989258844806	0.05537873414467831	0.5056970989968717	3.320083466822041	-0.5010824718321849	0.0	0.0	0.166934386815848	0.004035420994719874	0.07028762566921004	0.6077903418903188	1.0943335033632666	0.003846271000382484	0.06431646898247759	0.5503887347068621	0.4721947445608939	nan	nan	0.013417543223750258	913.5556736927701	1188	6.387046395215776e-05
-0.04194300759106395	0.6102759518892571	2.990914252648267	-0.555507194584672	0.04891985270187016	0.3727657676702444	3.2548064742248712	0.3266796761702746	0.0	0.0	0.1502230749887173	0.005051286510853292	0.05746557325785595	0.7170355939085451	0.6369519553637908	0.0030162103190015666	0.06262973111785025	0.42382578252372216	0.5889642402358533	nan	nan	0.012638528453340167	1022.3288618618303	1188	0.0001078530977283038
-0.040812545304595105	0.6621607281113504	3.768022573770842	-0.5798094201962689	0.05109310308755011	0.42381017742559923	3.405239855743086	-0.07390239164153929	0.0	0.0	0.14192317931006207	0.004344878766768034	0.06129629321464325	0.7511733445850317	0.6369997856252153	0.0032266507350104945	0.06259433604973905	0.4784768314066068	0.5388604679978815	nan	nan	0.012708844875362238	982.3823721731394	1188	7.810355174277216e-05
-0.033589171796573836	0.6075063207127793	4.5934319440073885	0.925253857399798	0.053303673588454226	0.33060414876471234	2.5018169853006644	-0.5774723867161823	0.0	0.0	0.13605627217758423	0.01365137688685264	0.12401940774516604	1.6662853953109809	3.802816025268664	0.040725796786382995	0.06487138624091887	6.0612361165336655	6.0872979853770754	nan	nan	0.013147200925393891	1008.7549748951905	1188	1.401167117261667e-06
-0.03988716646902557	0.7001734701861031	4.340338209804408	-0.21107189752943087	0.05673837337468024	0.44862984394032707	2.8915498852654076	-0.6276958282573877	0.0	0.0	0.16172780108115667	0.02061159464165213	0.07744654907983445	2.7760957699448685	3.611051391122917	0.037151086361296715	0.06903319614021691	6.436328497978861	4.4514824201588326	nan	nan	0.013362904525357863	1034.4944594076487	1188	0.00016543941437705703
-0.03530386944900665	0.6542938357786461	4.6480694382999275	0.7593114338004191	0.04338859370903769	0.37252776696946466	4.410803846417727	2.285435856095871	0.0	0.0	0.1719675355441881	0.00392336837623003	0.06460887812622523	0.5801322508765914	0.9639209194406181	0.0023695577149873692	0.06583322790345839	0.32827033616505874	0.7793879072944587	nan	nan	0.013206059693783218	972.7857550778638	1188	5.822328068822927e-05
-0.03427896002715214	0.6738629585114596	4.859310902135291	0.976986799857963	0.054410698577041394	0.4530582065658268	2.974420516338341	-0.5098252325956055	0.0	0.0	0.16248940638223577	0.00406512092315825	0.06886599604753996	0.6021939896506141	1.070500220394264	0.0037632624975949547	0.06306580030717301	0.5454941723766291	0.46986746752401987	nan	nan	0.01313508595606544	852.6156879144859	1188	8.21396399499629e-05
-0.033177515191324725	0.6191801935367399	4.4762267201237895	1.4350242118625103	0.05806247750081028	0.4248388310879871	2.5193241679500145	-0.6309931509760175	0.0	0.0	0.18121310586984102	0.010978528793019304	0.11939417386588624	1.0978727320104107	3.154789951585093	0.014715205816171473	0.06705189759013871	1.6849060127114779	1.5863459483882063	nan	nan	0.013484467922674825	1002.6678828421522	1188	2.8237552406271168e-05
-0.03268608172306664	0.5900890671200136	4.225967735523039	1.3085219899677778	0.05554440658887705	0.3962794818680302	2.4796585884292015	-0.6393419941109362	0.0	0.0	0.16775994934555055	0.0037889730908977626	0.06791130308581866	0.5200322974561045	1.0731288898833038	0.0038914609986401283	0.061092910058407446	0.5607105377659248	0.4472341571500829	nan	nan	0.01303786425711187	1045.5669242522597	1188	6.172844631212779e-05
-0.04130301423146587	0.6122501195244355	3.168440087074646	-0.5723096493890278	0.045727645342661605	0.33544993186239264	3.551189881726314	1.0518467774579883	0.0	0.0	0.15248245783691294	0.01184413114765176	0.06496865520031497	1.6448435748096464	1.5993512967428225	0.012708201974546585	0.1671697134451784	1.2017734493733379	3.436586201139827	nan	nan	0.013145602376315138	887.9706991136338	1188	6.328249177802983e-05
-0.029932636809549495	0.5820385135851589	4.7202985422182575	2.002551512982261	0.053732675359087434	0.41503052206254315	2.8658720377080185	-0.5435188867580208	0.0	0.0	0.14152183257369466	0.003296161130393105	0.07067297429325953	0.47958704935565244	1.1851404588654442	0.0034483095241822914	0.060954432800163966	0.5336160274041319	0.45254753960350147	nan	nan	0.012635517222829393	1040.5392629349953	1188	5.413409967286802e-05
-0.04589542906870392	0.687568043751976	3.311983102273551	-0.920280936385069	0.042188654011830806	0.34798597260648156	4.5591601909144375	2.6698187001720193	0.0	0.0	0.15417153176491602	0.02370140990227343	0.09453973149894457	3.108400048459952	2.510838062953016	0.0141432725152294	0.25881386859480826	0.8671762464192891	5.565360010781924	nan	nan	0.012958241205251936	1010.6680312137714	1188	3.1589636532285874e-06
-0.03619900578208923	0.6769185036757028	4.774821531159009	0.5107438059836497	0.055871827477214975	0.4375744746807953	2.879509521163017	-0.6840102971786567	0.0	0.0	0.15248497702162836	0.013893143437594402	0.10333291436011854	1.7464957335501463	3.258622944728532	0.026859145498352666	0.07418493519259453	3.3075553596227323	3.3127025412848705	nan	nan	0.013248279378847622	977.0988973534927	1188	8.264999047492654e-05
-0.03388435565137693	0.6556639598348668	4.909057849739898	1.1847561634873538	0.046092297348758526	0.38501678118790034	3.9505790282614903	1.3332386525225823	0.0	0.0	0.17383431527286303	0.0037246412479669533	0.06731801234314072	0.5465340617919607	1.0376027401293415	0.0026142593924209923	0.06523698747717563	0.3568760469194434	0.6766554596356914	nan	nan	0.013189410794155115	968.5770843648879	1188	1.864927131057011e-05
-0.026510458269649595	0.5813186138518108	5.442670497799207	3.860935219196458	0.055884488665999266	0.4854270164173566	3.0313249910156967	-0.6230019304747288	0.0	0.0	0.16508047176696725	0.009999403276200858	0.17681920490961098	0.7585484796304383	5.216453854400254	0.016935199112492194	0.0722541242583482	2.0700736222982243	1.9950065454883945	nan	nan	0.013836089884518551	1043.2684217216263	1188	3.136484397401105e-05
-0.013770988325616407	0.24028873547501506	5.722064738970668	21.65811693056311	0.043943328360547484	0.3408169429677729	3.997223002867237	2.094343151637058	0.0	0.0	0.17561917762019313	0.003508489468615039	0.1614500556746083	0.48910959276993404	11.387372175987633	0.006453837184732247	0.11687407682668458	0.5035515667892141	2.0486174037636884	nan	nan	0.013325038783713508	974.4113696619092	1188	0.002821490257554092
-0.041323643985347824	0.6440931999157457	3.756076005572701	-0.5857527605505124	0.053893656478353424	0.3881753761495649	2.9340388019502948	-0.45217779397484253	0.0	0.0	0.1595624802070515	0.004043016909550612	0.06105560168072388	0.7232362873758551	0.5937364267553401	0.0034902183941993847	0.06090081686054957	0.5449797797901015	0.501385339739206	nan	nan	0.013110627287612836	937.0043863130259	1188	3.529033752206444e-05
-0.042527725629489144	0.6516712103615133	3.4949988780689467	-0.6209948036025873	0.0538933215505526	0.3550787099256942	2.6149407985433215	-0.467120906648148	0.0	0.0	0.1612358875698406	0.004800172997618257	0.06105533477787617	0.7621935977018004	0.6362535783243017	0.003537708760789404	0.05988963606784417	0.5413493895786023	0.4956229442351187	nan	nan	0.01303033833030566	936.3951902424524	1188	6.412076447513814e-05
-0.033144408836363715	0.6392117998455842	4.921022710158009	1.14162086289447	0.054190954173539696	0.3810859336227347	2.594306665081152	-0.6084338238646985	0.0	0.0	0.14761291762760081	0.011989014303824042	0.12212868995016862	1.4087318429910767	3.5066000895931255	0.018635588429998906	0.06684302425387789	2.458991014198647	2.466593574611748	nan	nan	0.013544122190226604	957.6500398549157	1188	9.365541291636409e-05
-0.04304301624792084	0.6791498951544626	3.5752765949452217	-0.5960054601697863	0.03862194586729961	0.33520934960115684	4.656632994231391	3.8451138098962625	0.0	0.0	0.18031024681982272	0.004894284584531172	0.05930262213154225	0.7442373309520418	0.6348663055597796	0.0021739582811286517	0.0674735274861771	0.3084944878318492	0.9849279683538893	nan	nan	0.013242864021250994	946.1323316450969	1188	0.00010683822458384083
-0.04131837134935956	0.5986809836078875	3.154829354907145	-0.5495781401955737	0.04468207578664285	0.29238001771543626	3.5999982354814994	1.5999210260005996	0.0	0.0	0.16324718714826675	0.024810017713546906	0.06632998204421142	3.158990543704583	3.4345241437119656	0.014768104934539728	0.23357568622492786	1.2458135556198178	4.863171107230739	nan	nan	0.01338223213738951	919.3090899892001	1188	3.810347740705362e-05
-0.041670760547257824	0.6819452803115408	4.030743446464147	-0.44826559481649997	0.04956816446855483	0.4415502468080202	4.387736925575046	0.8931892854684319	0.0	0.0	0.17631386965437207	0.004824117666543393	0.05989689433933537	0.7792677682661284	0.737757390391775	0.002941492802465251	0.06625198910964844	0.40674148387336895	0.6682429387223363	nan	nan	0.013113008090321565	965.4512721055779	1188	0.00011445565186498589
-0.025648188626116286	0.5298354944793147	5.393265752622671	4.451384720588936	0.056313335723718216	0.40966560940375557	2.805588917541183	-0.574686096250861	0.0	0.0	0.16798701519742826	0.0028466609657470943	0.0769380672022775	0.41373861683976587	1.6644373030502766	0.0035672654134880633	0.05920755478601791	0.5299900675066878	0.44110525105029147	nan	nan	0.012944623692573973	865.128293556861	1188	1.0930661829413668e-05
-0.040396583212592874	0.6477429538247806	3.7068945192230336	-0.5754801614287669	0.049495979563774384	0.36729785036403245	3.0523507998596844	0.12448420319792856	0.0	0.0	0.15017572294940437	0.004762904509599264	0.060917860141697644	0.8142571427141476	0.7137203807563709	0.0030800673259094857	0.06164318525212803	0.4400606330115082	0.5571859797764325	nan	nan	0.012902344170252614	860.0213405694433	1188	1.2309040781517532e-05
-0.02821148299468279	0.5792220136331032	5.48187736988705	3.11112140667615	0.05579841061730373	0.38710007992597517	2.6480865799903675	-0.5930629211662194	0.0	0.0	0.1592014767668444	0.00912902939485144	0.15045764606210482	0.8243332187306578	4.2563143953142335	0.007245630076507026	0.06594052089711228	1.0068874676379715	0.9234797537346072	nan	nan	0.013465161461388916	845.6446243392318	1188	9.654499529109547e-05
-0.02211775207357758	0.4618931106783561	5.634330986820166	7.145630212913376	0.04571255808534658	0.32556443767708265	3.6799722581537297	1.2951603126980498	0.0	0.0	0.16784752223499888	0.0022921560554589604	0.07645622882440012	0.37796132082813116	2.018585595188211	0.002362457855428657	0.06254382194316832	0.34196289005132363	0.6561301366498298	nan	nan	0.013278331535524796	984.7741484846294	1188	4.7837519599852764e-05
-0.04378982330829184	0.7523848595542336	4.398839001701992	-0.6599973335044995	0.04666038932163574	0.39449833102305404	4.030124404938746	1.1882565780216598	0.0	0.0	0.15874414991806923	0.022158521399714082	0.07368392450879652	3.1607703559442055	3.125029360163867	0.015397387651457817	0.19670516433317928	1.2707182655581533	4.002254560498058	nan	nan	0.013132890362842403	962.72954081188	1188	4.529192866355464e-05
-0.04056362736298602	0.6053251682193216	3.2245654233153243	-0.6261102321406675	0.044731792295571005	0.31097859510065406	3.4003825679406323	1.160605308403999	0.0	0.0	0.1415354567287251	0.018750434883369138	0.08506103402759463	2.690897956646067	2.6371895490907504	0.03385963343279186	0.4409533026989745	2.8658460009551425	9.735218021941956	nan	nan	0.013284509681017007	1067.3839504043783	1188	6.026271356084042e-06
-0.041037257090626555	0.6320713407823236	3.5481275884853813	-0.59289301361608	0.043095129771100416	0.33517643580702017	3.903479522791104	1.8055498636078455	0.0	0.0	0.17008046448662478	0.00639388046736411	0.07373703101788881	1.0508829747292512	0.9215480793377199	0.01699896934881573	0.2762501719857289	1.2496615918476701	5.611481414232662	nan	nan	0.013810963205321256	874.2019273510641	1188	0.0001469477549322003
-0.043138736719639414	0.6613175651652831	3.3903776692308463	-0.5860115151112145	0.045092823148564776	0.39155970263952133	4.125243867389761	1.5573879425572252	0.0	0.0	0.16448321642460983	0.004918104128477485	0.05868570330304845	0.7244151207424796	0.6226606324923539	0.0026465265852542164	0.06692089813166197	0.3535467555509726	0.730511298608413	nan	nan	0.012753492370417133	901.514049759955	1188	0.00011986749111514311
-0.04219917109487814	0.613841096097695	3.1351942432631263	-0.5497006691730197	0.04328068864436507	0.2918625075104017	3.7826481195766077	2.1877045626979967	0.0	0.0	0.16943759786578572	0.03550608079821238	0.06720809689818719	6.5306483829829105	4.678191690788112	0.015782360388767902	0.27634863230819817	1.1044311965166402	5.835649575130691	nan	nan	0.01344353705403284	898.9689804416964	1188	0.00012832623209642487
-0.04125560261554595	0.6056877898164863	3.2690019840359215	-0.5652370228338852	0.04109438428465895	0.2439546262940343	3.7524768339494026	2.697576628836121	0.0	0.0	0.16656218636636066	0.012901464312335464	0.06682892060243328	1.8410050856153966	1.8171827261110747	0.011475942696768437	0.25017291507712314	0.8179149985004552	5.375540821687198	nan	nan	0.013663671835093372	966.7764312427537	1188	2.577577376770581e-05
-0.04017789372307201	0.622701317653484	3.45352428009514	-0.5088068899469682	0.05365765032610148	0.39368376700426166	2.8316289954996754	-0.47615033798649037	0.0	0.0	0.15164173971702777	0.00520102239037834	0.05989798493256476	0.8303549249797861	0.7734919384542627	0.003545856266190639	0.060457037051648316	0.5415542065556529	0.48814650695953854	nan	nan	0.013071070173176089	956.1797160107916	1188	0.00011150316779976953
-0.03357645647744856	0.6033752930074139	4.56614530138099	1.0214720962912316	0.04944484562484952	0.331095539187258	3.3361481295736755	0.507821596437894	0.0	0.0	0.16386272695060053	0.003729149335360449	0.06623054781921889	0.5690185062312756	1.0381132369114097	0.002681186654222123	0.06074051676030587	0.3970499362204538	0.5900605997383829	nan	nan	0.01304703772122888	955.1009075568443	1188	7.204076612313959e-06
-0.04449739567865818	0.667869745220573	3.341408153167076	-0.88802503689523	0.04185315024130598	0.2976025074547402	4.09688726694126	2.5912801245139163	0.0	0.0	0.15242938735269113	0.020336992478145133	0.08589007631353879	2.843597309993746	2.32324990541842	0.012165920417600118	0.23732432348019084	0.8022958794870325	5.015660447305137	nan	nan	0.0131521240694807	981.0401619127135	1188	3.673263875631369e-05
-0.013929251089242478	0.29027292088474205	6.194707685262215	20.46887301345004	0.036727321003232394	0.2992468639613656	4.598549357716363	3.9791105756366707	0.0	0.0	0.13296187256652575	0.0032230499274580326	0.15552388097055142	0.47043049446010743	9.896121304590373	0.005103999402805037	0.1400122154590103	0.3565118115999093	2.793446501579566	nan	nan	0.01325906019482951	963.0667006740639	1188	0.003186771895158278
-0.023428668806550812	0.5127454778330662	6.072904138191629	6.0019184752790515	0.05503797582611014	0.3609333834405373	2.6442849703698657	-0.6248908057946129	0.0	0.0	0.15259091302828454	0.011014241807121627	0.2476364102596996	0.6299660189791707	8.543498845918135	0.014449719826461704	0.0665648036823483	2.0739576878226025	2.009894939675689	nan	nan	0.013522604258233581	1019.8638419088475	1188	2.6665092856476593e-05
-0.041967027321946904	0.6186201487642073	3.2655209958181244	-0.5841203726917998	0.045429509457111994	0.3437094772864446	3.825166849629999	1.4359086343752159	0.0	0.0	0.16504551707906934	0.009402893431761428	0.06752393383517241	1.3485464686905904	1.2659354805097576	0.01606237485846973	0.22902527627550115	1.3059099010531825	4.70803942397478	nan	nan	0.01320434297978934	983.9286268090624	1188	7.554505656659776e-05
-0.03083809225085643	0.6165052710322331	5.15717241952159	2.0647836567242037	0.0562096050005787	0.4091527987932334	2.9035067732014754	-0.5814037373273364	0.0	0.0	0.1528976908245453	0.011748274902233513	0.1496540478022319	1.1823152120694367	4.269473791485792	0.010657030700434778	0.06714934986860238	1.4604549835560259	1.4100614239081548	nan	nan	0.013117184376203128	972.3822326359925	1188	9.496372729827418e-05
-0.04212556437910986	0.6989630920366744	3.9253502744809494	-0.48255529843173856	0.05501628015577609	0.410175786716616	2.6475005861658083	-0.6721978137033863	0.0	0.0	0.1513035263083523	0.02595525509513885	0.06562098193201066	3.321592307738448	3.7793815653606213	0.04125174302105028	0.07921232555158922	6.27495957213385	5.087527783262651	nan	nan	0.013253303264290736	991.094309174555	1188	0.00017620189889895344
-0.027914268850641855	0.635994629937	6.011449816942358	3.726350144116502	0.044382423431317264	0.3826928859207891	4.140597330316132	1.7556815209087275	0.0	0.0	0.17336155518620056	0.0030211000924691978	0.07554283382992916	0.45255143540406495	1.4877444396034358	0.0024328635192689685	0.06525292334352606	0.3344997894587247	0.7026251261906792	nan	nan	0.0130941489611614	962.0576621189201	1188	3.0647329065432394e-05
-0.035501288427815525	0.6688819121108408	4.673795633661624	0.5988732015040475	0.053813195727044016	0.4220212247060632	2.987734693292821	-0.5899711495258035	0.0	0.0	0.14539227172540534	0.018261297212275596	0.1284454461785946	2.2140504316543685	4.390645309575606	0.0231595672307221	0.07061976442603243	3.0461582300238783	3.210378443300284	nan	nan	0.013401532114815165	944.2321158562212	1188	9.099388311774495e-06
-0.04344501907478748	0.6656223752336599	3.5993966108902105	-0.6297586988233919	0.05592264813378667	0.3398436566271086	2.389292428564838	-0.5891648769605923	0.0	0.0	0.16771997074382802	0.02155391961577141	0.06520982543420356	2.8663151259568567	2.862356415612625	0.008176784658441738	0.06283330230102224	1.1405738391741336	1.0716301487140465	nan	nan	0.013332502257051584	963.727042513521	1188	0.00016608679250450397
-0.03951789079648671	0.5987853441358341	3.368561700433492	-0.5672764080568977	0.03885148992495613	0.27138543180879204	4.383392594438929	3.487910290033509	0.0	0.0	0.15111864372381295	0.004431872160041428	0.05799159454234515	0.7623047076542369	0.6674254797535139	0.0020090318616239333	0.06492767551396289	0.3069120399110501	0.9622335043405356	nan	nan	0.013205098544616448	968.8992029940742	1188	2.859216501631699e-05
-0.025262062837876798	0.5707034958006183	5.889087218669042	4.5813898315511725	0.030807640302201955	0.11866897032752943	4.8086256941531555	10.109101037161514	0.0	0.0	0.15217911440763163	0.0047919038262298486	0.10285547648492588	0.5357049296062781	2.6882008732251697	0.0019273578881467968	0.06124387737412346	0.2807306535056111	2.407245370723079	nan	nan	0.013259326487220363	908.084808841076	1188	0.020351210086891537
-0.028798760530282963	0.538804918881537	4.840555797924286	2.403207284966612	0.0537784595466837	0.3082925714169813	2.1709755861676165	-0.5930074250808303	0.0	0.0	0.15365581207302587	0.010533069623847868	0.15523634812867831	1.0597977612070353	4.401280918427548	0.006509983588928292	0.0655661792387715	0.9667910657251383	0.8823048018848573	nan	nan	0.013794028971223726	951.0836940725868	1188	0.0001359001766791056
-0.041584404665232944	0.5922569894575764	3.242214314365097	-0.578564129523832	0.04382745343198269	0.2455856489998502	3.5971334960619195	1.9780856838876542	0.0	0.0	0.15652286968249046	0.0074802604207066525	0.06383794701289797	1.1369217185582023	1.047580377883062	0.009066970298241328	0.17642224825917419	0.8252212943694814	3.644516713072175	nan	nan	0.013238429349124128	882.7304958688641	1188	7.283440708195854e-05
-0.036288245639163996	0.6773597693586348	4.56065173076643	0.6397168976476969	0.05413286754489799	0.4331453639943562	3.0544314576562828	-0.35297258284937866	0.0	0.0	0.16391338445132927	0.0042828172912754425	0.06582730468598114	0.6146212414777901	0.9743283920085489	0.0035731879764238084	0.06122834622438042	0.5093082226528409	0.4869747643754469	nan	nan	0.012928628521928817	967.0660158729765	1188	5.5927678919352786e-05
-0.03153617816315368	0.6483837952672087	5.434514674389243	1.902305226180666	0.05579584787730396	0.43232761038028794	2.9816447004873354	-0.6082456208763021	0.0	0.0	0.161560422482571	0.010427246848710048	0.1326487286644208	1.0916829055075277	3.649537794835061	0.009752154244418776	0.06931233206983692	1.3481126651455395	1.2598372554841901	nan	nan	0.013487443568382732	947.5389296513272	1188	3.306113288831003e-05
-0.040949444140995106	0.6477881396089191	3.505788184478618	-0.5760120345620261	0.042337333840936076	0.34438286721787403	3.9878347463047175	2.0244322226854305	0.0	0.0	0.15274317364149426	0.005030633139241181	0.05975280835088859	0.8019151919577927	0.7086959682830553	0.0023660256754038933	0.06650972476152997	0.32882986471716324	0.7707899285845977	nan	nan	0.013007643237118546	992.0156979076974	1188	8.63489423173856e-05
-0.041243013717794264	0.6391337285976788	3.606206800057415	-0.5070256209145974	0.05360402220806981	0.30740836878706596	2.274725548781987	-0.565811581212484	0.0	0.0	0.1377776803627972	0.02999314971536199	0.06325670873886324	3.7999771774188975	4.466138773048603	0.011131932214082041	0.06135495246826189	1.6212477197596276	1.6123381233848224	nan	nan	0.012791642957622792	977.8548383915303	1188	0.00014037542215124927
-0.0245075811133445	0.5702554203099957	6.069774193226948	5.331053258314438	0.05655698426943667	0.4481179681694288	2.8156488512879836	-0.8361138779448878	0.0	0.0	0.14570330033158146	0.002667457272643947	0.07831221665063212	0.41483180997307967	1.7774952876112398	0.003747903413382825	0.06213327717040848	0.5958701329429092	0.4124628581898069	nan	nan	0.012692236745111427	931.5401091556546	1188	0.00010428110841878654
-0.041989942070833286	0.7232463449582467	4.145042447190291	-0.5136835676114238	0.041271243165525995	0.3467867883922168	4.444281135510782	2.5508367486549077	0.0	0.0	0.14160422828854274	0.004887072984445906	0.05995857997178533	0.7826675986420992	0.7160979696269894	0.002093307998619953	0.06354197475754034	0.31180424292412345	0.7721678243239041	nan	nan	0.012370424016753104	986.8627357071532	1188	5.832540543415369e-05
-0.022945032091680084	0.4467335021135921	5.491262308914435	6.376134592744942	0.055366983283192006	0.29785432172053744	2.237608806379278	-0.5850177221860923	0.0	0.0	0.16018740574725296	0.010952951824049428	0.2564551427486147	0.5623972526732381	9.022846842613736	0.007872641858272855	0.061866543656213385	1.1714491752727698	1.1104955674030048	nan	nan	0.013367952800173208	978.6109312988042	1188	8.265073481695949e-06
-0.02910977671322168	0.5241775644203578	4.3625955241026455	2.4173942005843787	0.055780088618614165	0.3774525262682863	2.5461327246991927	-0.583018234550343	0.0	0.0	0.16111778758643958	0.010249354280184031	0.14757005304896642	0.9277390942111787	4.027342226493423	0.009749101940263905	0.06562706920027347	1.2973887890295293	1.2381542533667667	nan	nan	0.013340224695692376	926.3985913930081	1188	4.4237168301873865e-05
-0.041202595336475634	0.6135430856928998	3.2811754185883246	-0.572672280062742	0.056942624133143216	0.4243859832960675	2.8968831960218573	-0.5977364565916206	0.0	0.0	0.16805568317913205	0.011354444103249206	0.06378860115332458	1.6352068063740588	1.584028958132916	0.02062369039188694	0.06613317357059906	2.5711068832282638	2.6077771153367557	nan	nan	0.013497235936482943	985.7837192232973	1188	0.00019872448965692346
-0.022209060528506352	0.455162102426009	5.6397910100545	6.937766272358728	0.04200417212396812	0.2848045661771798	4.1995967188452195	2.7432625219493163	0.0	0.0	0.16143589163757277	0.0022570912968299384	0.07544138386166493	0.3786314075584598	1.9732105385900156	0.0020055580246827187	0.06103417171308703	0.2975098556583564	0.800962950194255	nan	nan	0.01306698714385876	998.0027336322403	1188	6.492927691655168e-05
-0.04270067545784473	0.6750215411593126	3.6697969632343392	-0.5978666905372778	0.05159377225041806	0.35910583163575055	2.9806963728229965	-0.04518942352112598	0.0	0.0	0.15340108724286428	0.004894949852674302	0.06047956449467362	0.7695333795306889	0.6591827976923783	0.0031580037289992147	0.0598685216367319	0.4617759920872262	0.537636813558006	nan	nan	0.012835816633239294	997.5387385571756	1188	2.8659807512614818e-05
-0.024607166636775868	0.533860110885261	5.7239181060593	5.004192305400955	0.05491832761092508	0.38667842427031035	2.5675724453537594	-0.6160303342821483	0.0	0.0	0.14768303006308955	0.009684845579901569	0.1995145002341119	0.6542557781578902	6.362347071111943	0.011577671203485518	0.0667275585310565	1.5531966500621321	1.4690712718478716	nan	nan	0.013151827028252905	978.8197979298357	1188	0.00017002430830965353
-0.03188364455354764	0.6436314363724985	4.96853415784042	1.6549135134308417	0.055223218989022715	0.45353531814953896	2.969061034130662	-0.6017166193627044	0.0	0.0	0.15314802322859505	0.013320939887854377	0.1493187808138332	1.3621029954283177	4.272992044058482	0.027688962445836074	0.07068629779293589	3.262600708584313	3.469465834577264	nan	nan	0.01329946527852735	960.6042597011993	1188	8.710037444902008e-06
-0.04149880984864407	0.6362960500270655	3.3523986164390114	-0.6066213294670221	0.05333004389121432	0.36489806321562124	2.4626350413995834	-0.560005629199334	0.0	0.0	0.13935975982866167	0.018232385589184774	0.0637993708472483	2.497567380991887	2.48380167119821	0.02561179466385277	0.06417705501769719	3.118896658130331	3.4388607494828047	nan	nan	0.013133983821472947	933.773893221259	1188	0.00011089028421955539
-0.03343449095754114	0.6154337479541083	4.479065098091728	0.9574972495193662	0.055264921436373404	0.39585688898816895	2.5866908146409155	-0.5790697561874769	0.0	0.0	0.15889920511880395	0.003950616845889265	0.06775845385662904	0.5912613688954551	1.0678781960032078	0.003712147133352328	0.060136667360330576	0.5398520292850575	0.44868975500743824	nan	nan	0.013019248005169931	1010.0672405681313	1188	5.385951099576254e-05
-0.043627761518960084	0.7037851422339891	3.9429939167970547	-0.6347594123906712	0.05549498258247265	0.377840767611255	2.8168812103895426	-0.5072583920593537	0.0	0.0	0.16716556512563685	0.014033650827964705	0.06672666620679568	2.0200795981093758	1.9113403105691475	0.030886260788829722	0.06655419532765569	3.6556007152932875	4.400664568672843	nan	nan	0.013350634416657264	971.2938903716667	1188	4.462453076709719e-05
-0.03236763759736738	0.5919456842220218	4.717905438832683	1.7140797858588244	0.054968439729573104	0.29816563446768546	2.2640932058841825	-0.5209315934639539	0.0	0.0	0.1623809185297482	0.018470658003320595	0.1964633498928442	1.8266375766221556	6.0034553445210035	0.010913470124858327	0.06454279298374718	1.5545317111314576	1.5874683834796164	nan	nan	0.013206086622985835	950.0285770415275	1188	0.00012924555461712057
-0.020189969553594755	0.4411380075969226	5.698429962912924	8.747334005502738	0.05901535955127746	0.4409567558179643	2.647894062945924	-0.9021513599458149	0.0	0.0	0.16296803327530773	0.0022873602606062193	0.08170732860527424	0.38083977536259095	2.4668075114059	0.003946427960847099	0.062065304999008364	0.6012069055231111	0.3937756547343391	nan	nan	0.013156287583761361	1036.0462492448228	1188	5.613744215174243e-05
-0.043211490858273915	0.7058428225447273	3.9263539493768422	-0.6450408080974449	0.05661049331707568	0.4426841812513351	3.0123110422568016	-0.5334946657584471	0.0	0.0	0.17791073236560956	0.005602180377392241	0.06258218634820878	0.88945178393198	0.7575663989569358	0.003943060054616754	0.0613889781525378	0.5644324553801772	0.4875892191938241	nan	nan	0.013362035701810188	883.6060972128928	1188	8.026831511565744e-05
-0.030301742953708244	0.6004321075872211	5.142145750010085	2.3835350148503025	0.04031447008116307	0.29550994958665483	4.459312978703405	3.2868829264407515	0.0	0.0	0.15831154652147045	0.0031426667212715587	0.06864172989069567	0.4492190908685516	1.1972387634164614	0.002008170516431873	0.06272307120589274	0.30179878621870593	0.8768093304382366	nan	nan	0.012678619542995803	1060.0761634369032	1188	9.993006387754675e-05
-0.05012723498311744	0.6414797015798083	2.4582341465859985	-1.3844478114036143	0.04107241626783642	0.30718509558300805	4.203810210402451	2.823397060998265	0.0	0.0	0.16515011484589942	0.005613399609668945	0.062393056367618605	0.7706515899069775	0.3605360606544309	0.002208517193710735	0.06565072915307393	0.315028294408505	0.873989029074713	nan	nan	0.013021221687609316	891.2041701656644	1188	5.7110059674076214e-05
-0.041223586340122687	0.6125858000126968	3.2042135605035735	-0.5877747629346776	0.039811841112567636	0.2865154512416694	4.029321632392617	3.0250217840541525	0.0	0.0	0.17015727574254857	0.01244960192613176	0.06639068870357245	1.7523164430458102	1.6953291241697899	0.009292052713815169	0.201208361724244	0.5912126300148017	4.212202165438251	nan	nan	0.013829902136897387	933.1541826130918	1188	4.419418379353765e-06
-0.04608266882125822	0.7105519138357903	3.4913694784078677	-0.9964525378446722	0.04040059446279032	0.3279579807444155	4.653173705808419	3.2413287211738138	0.0	0.0	0.1655192473591934	0.017735649409329757	0.09611532954489505	2.5635895382316143	1.875507889769601	0.01617283697917815	0.3231799219103653	0.8702805646218028	7.352682868687924	nan	nan	0.013568236518801582	892.6384005169625	1188	9.396646021638277e-07
-0.04288173003536622	0.6325205373600422	3.3827288927489985	-0.5924336263546098	0.04773950217970868	0.32681219882850715	3.7482787740832784	1.2559245454966905	0.0	0.0	0.17423742349741383	0.009149438912614216	0.06577497642084623	1.3097872948093272	1.217744500156623	0.012821403752253935	0.1723581385428161	1.1548611954514296	3.6126151352032982	nan	nan	0.013366450122195853	925.8025147574848	1188	1.841746300352424e-05
-0.026799150027895124	0.5571548029306164	5.323079949322363	3.7379505992456603	0.04537510068853634	0.353278570125058	3.5219709113252007	1.0551782339132214	0.0	0.0	0.1610277475138445	0.002804304710263106	0.07324657665827583	0.4112280795064538	1.436232902245966	0.0025328245863054377	0.06402577469803317	0.35589014060918167	0.633599722183201	nan	nan	0.012773562990785609	1018.0382981919521	1188	7.636834764015005e-07
-0.03286490361842387	0.6677376764852327	5.093575269491133	1.1622909170404414	0.05537555403356942	0.4603458169573092	2.9558747442531104	-0.6003436276480824	0.0	0.0	0.15697402917392317	0.013908400216912364	0.1369810210790891	1.6249690043968696	4.092014223590598	0.016628949473208365	0.06979717216285236	2.0729026784109057	2.036533289300206	nan	nan	0.013643079380363465	948.9801141635282	1188	4.307171268742972e-05
-0.032777121007191434	0.6254708968739673	4.872101049765264	1.5337925538530621	0.04868687636145452	0.3443093143077543	3.2211531232123747	0.4359088719403661	0.0	0.0	0.16330720526232761	0.0035415482106255225	0.06762919326325584	0.5110833314878738	1.0853565408432468	0.002775061376543153	0.061855429840260684	0.4030544543296761	0.5800191169134742	nan	nan	0.012910616250713505	947.9653148534644	1188	1.093672353729745e-06
-0.025562711031800633	0.5266265931337254	5.403806822325116	4.503189147604408	0.04400369208352206	0.3287139898869698	3.9957307863315314	1.9670294318396173	0.0	0.0	0.16871720306760452	0.002678345487179601	0.07440352933927369	0.3996328262222901	1.5832925532037545	0.002253545284106373	0.06306534668323868	0.32186140491247217	0.723029338388829	nan	nan	0.013028104973336785	938.9139746783452	1188	5.926310658086113e-05
-0.028465580587612616	0.5751198290293043	5.12223382978115	2.999442629894162	0.04886422188881823	0.3601227941143718	3.19350411703451	0.34314542774631995	0.0	0.0	0.15785449051119418	0.0030013443588977062	0.0719133698537251	0.4389663109208066	1.3149322111277955	0.0028157428203624546	0.061592852493457334	0.40295936824758405	0.5549703299693761	nan	nan	0.012759355824909252	1013.818164570933	1188	0.00015313649549176416
-0.032517001641557464	0.6525082433438585	5.069946716646618	1.3969723911763725	0.04304801527767399	0.41370699689951884	4.430454158172901	1.9497922703867465	0.0	0.0	0.15998005304522728	0.0036012302050093536	0.06847529684406484	0.5461416732300668	1.0988570546460519	0.0024381086072897684	0.06729661544928989	0.3366701988284131	0.734463881672603	nan	nan	0.013070648779228464	1009.586934411742	1188	2.5977339951191558e-05
-0.03208815967865486	0.6963331122774381	5.562175010487785	1.874560831943932	0.05535328564699471	0.46895214231661275	2.940131359635467	-0.6008849959085709	0.0	0.0	0.16217412719412633	0.013726955168169186	0.15845664123918435	1.3579578517873947	4.580414802593417	0.01735042056709646	0.0714272272447507	2.1131549176105793	2.0790048589390593	nan	nan	0.013727097769210536	999.7773434609628	1188	2.3284947736038963e-05
-0.035359666713137616	0.6467786317486657	4.322795505673501	0.6485199838281509	0.055649237375828386	0.4441088559322834	2.733574439418265	-0.6695569705762539	0.0	0.0	0.1528135809145402	0.014130642351149636	0.11051932139540582	1.6275982857490394	3.3089328254065498	0.020865724422202803	0.07148640459698571	2.537662590205703	2.42654468409542	nan	nan	0.013357969515826407	920.2480630853523	1188	0.00015943253002162467
-0.042635418344427745	0.6878814148647756	3.821642892749701	-0.6271459218685499	0.04436089612001881	0.34059651869063134	4.135067369158477	1.7696909721753906	0.0	0.0	0.15651036656497758	0.03445662972645214	0.07134298372596715	6.813268046434944	4.789667960263334	0.012888771182045566	0.2061060886794803	1.0419121301942225	4.264309509195876	nan	nan	0.01342605791507219	996.6921937890213	1188	0.00013757336153716562
-0.04296555106377231	0.6399068825176191	3.4321112959710214	-0.5919523315201894	0.05720422728245955	0.38766554092478683	2.6515186840542606	-0.5727071437317172	0.0	0.0	0.18228661204957597	0.009406060100666525	0.0637621453218496	1.343510512583149	1.2536726627999473	0.02295150194906459	0.06400121783163173	2.7566002492821053	2.9024329367660187	nan	nan	0.01357278994897998	977.1815485377507	1188	0.00014410146667470403
-0.028705683782987212	0.5924853096069385	5.028209981954789	2.546573850496574	0.054978754330313295	0.4392288189308866	2.726899310876881	-0.657412843340567	0.0	0.0	0.146655354276614	0.0032874219189191756	0.0744661943266815	0.4722172857589282	1.334994392167977	0.0037610021611510502	0.06247297621019188	0.555570741021912	0.4316359292852061	nan	nan	0.0128271418198002	995.5630703218881	1188	9.85835298495197e-05
-0.041221974558503516	0.6187897671131981	3.4991438254456964	-0.5567297051152045	0.05339948450352927	0.3163363534304784	2.358889688772185	-0.5505885764565782	0.0	0.0	0.13584021966958196	0.010060708081556458	0.061633319565692624	1.5196786061628424	1.4796521385083914	0.028585278300164108	0.062034823379585186	3.5655119305219594	4.215058305808855	nan	nan	0.01300914344821226	906.7256800882669	1188	5.961988741234486e-05
-0.040163576391956224	0.57284764153966	3.066550558299317	-0.5767459927439162	0.041147724220476745	0.23641408529545926	3.857087719532842	2.700554320898856	0.0	0.0	0.13585095096671493	0.01061099551640976	0.0641030338566061	1.5734510832300415	1.5181975730112598	0.00854789326373484	0.2010650352642528	0.6753282418792046	4.238098319051864	nan	nan	0.012906484335740355	963.3458450028561	1188	4.5086309637218455e-05
-0.026325611710673713	0.5316072504703284	5.057132488371204	3.867028367094374	0.04049716123601854	0.31913103582716673	4.28338668486653	3.157639150006282	0.0	0.0	0.17396845703568858	0.011985442914052347	0.22290818731530998	0.8469614278449584	6.389906803210271	0.012161355162643828	0.23634225887314658	0.6816136700908917	5.224334353761312	nan	nan	0.01377277558139725	989.601242628506	1188	0.00010875001026755329
-0.042517835076420596	0.7283834213961391	4.243552573512603	-0.5779675263863456	0.05337725615736	0.433573676640569	3.097892577708997	-0.33499634496361974	0.0	0.0	0.16522713208902995	0.005342696525562407	0.06270302314447068	0.876173997436791	0.7754275124982813	0.0036479977860057744	0.062047298006409124	0.5231928892561779	0.5116224872795178	nan	nan	0.013111141697070144	939.1951288554565	1188	2.7198784172797277e-05
-0.03122930666893675	0.6262597568574761	4.957435661094928	1.8477143306457267	0.057262011182596995	0.47059298920617465	3.0207687560662033	-0.6157817770780734	0.0	0.0	0.1715971274854931	0.012359579208933769	0.14849088535658653	1.2399144904352744	4.1895449606030075	0.012585951346048674	0.07052485524152743	1.5729721469108273	1.4832378750116784	nan	nan	0.013606155282194027	947.3800890351631	1188	1.4784094468203328e-05
-0.04176499242545939	0.6214547300443278	3.3820704539496282	-0.569699386137122	0.05598483606615834	0.4015273588311137	2.701984078662792	-0.6074676633423111	0.0	0.0	0.1668652630345665	0.008791215901632843	0.06266868236001699	1.2964500938822459	1.2257190663273183	0.03271771146040425	0.06672585105394022	3.6956165391180997	4.150979597438903	nan	nan	0.013568418084264178	949.868764956447	1188	5.418632852181058e-05
-0.025882697677035327	0.5661306038764227	5.45315929740097	4.556763284795439	0.057001802883094976	0.4626146948378314	2.9932975501299723	-0.6222167391965242	0.0	0.0	0.16954347483007717	0.002790234653298418	0.07568668196623834	0.4065065166715556	1.5828337763788929	0.0037729810508198014	0.060523475047634445	0.5450246355352844	0.4372427784616829	nan	nan	0.01279165006708663	911.7761077628978	1188	3.22367226426147e-05
-0.01658876040505919	0.29339112412869073	5.2880510135910175	13.681176645632798	0.03823165456273592	0.28930598105022853	4.368424368766989	3.7888333642764445	0.0	0.0	0.16730984012512318	0.0058982736224924	0.22051259547106755	0.3832714486982436	11.49702113641881	0.009067257028424702	0.22231547103279237	0.4293799951912556	4.812809311007602	nan	nan	0.013403608448936358	955.1729922948666	1188	0.00011822819274912794
-0.02575257240743478	0.5158097502694443	5.392249115172035	4.460429411818415	0.043421021593711195	0.28813158462661387	3.9709311375521357	2.2189781972178277	0.0	0.0	0.1647614806561007	0.008378197151330313	0.1713038724878414	0.6004726680638388	5.352738862314098	0.006793497880161148	0.11846381024102812	0.620997364572718	2.6872939594756833	nan	nan	0.013532828946970776	950.2067004661035	1188	0.01458205859442182
-0.03336352473147974	0.6546964331532888	4.934040798501921	1.2419503268858954	0.054748102215722794	0.4540410553502934	3.104159689555908	-0.5261545211550468	0.0	0.0	0.1643965323563819	0.0038008483351875677	0.06892654018310568	0.558159467042783	1.0875792459546774	0.003688829309993924	0.06316505992393912	0.5534663063755012	0.47296588284493596	nan	nan	0.013316148159975866	927.1445190084755	1188	0.00010311948101792352
-0.05033619037162218	0.5990047135083325	2.136156661580862	-1.5024008337644388	0.03952844154913171	0.28173135898835316	4.499332459443662	3.5398303654327576	0.0	0.0	0.15334739138849854	0.005562281077767073	0.061968539235507936	0.7549626267916654	0.3096638991917229	0.002032983874543759	0.06392414845013125	0.30271216524694156	0.9506998357235659	nan	nan	0.013077242658263252	960.9386163500968	1188	3.636246454827199e-05
-0.03548686487806674	0.670918868673598	4.806395251940232	0.5871161408829902	0.05454647679053748	0.39462806758606916	2.869235501695968	-0.4944983899871032	0.0	0.0	0.15591684065607508	0.004224219474300461	0.06717443000780476	0.6648392290265908	1.024181611221522	0.0034603948715012933	0.059909870495261364	0.5309261526057312	0.470959734613655	nan	nan	0.013028299961909379	957.3823648404381	1188	2.5956203948000375e-05
-0.04125828626538608	0.5855557887521241	2.982725420617908	-0.5501890341051369	0.05427786245509125	0.32955180234605075	2.1374829427244046	-0.6366865870811829	0.0	0.0	0.15906020498168816	0.013099612934985239	0.06173596879220428	1.7596752234584274	1.754568948634056	0.018004038206196005	0.0653730034265523	2.3171863588799715	2.266324332146107	nan	nan	0.013354331081256485	909.5746115757205	1188	3.35053510559193e-05
-0.04237125680541953	0.6624593352792632	3.788119355751003	-0.533502978783572	0.04107816164197309	0.24284050248133437	4.060065727560757	3.2902997609299134	0.0	0.0	0.17319613590473282	0.018858494210202525	0.06731838956420721	2.615046367382716	2.7489102085297086	0.010262018977286846	0.23856898604064417	0.6460146497124506	5.3400979543369225	nan	nan	0.013508448003155746	946.3155897702645	1188	2.0892061834919264e-05
-0.04055342857459865	0.5533249670317983	2.67897315956219	-0.5779472228719403	0.04610304032106605	0.2982750941406719	3.162166191861073	0.8397727697792874	0.0	0.0	0.14320940533482263	0.015364096839315333	0.0639915985598018	2.0021874938187234	1.9901242076631689	0.01601412415902792	0.19465029662030528	1.6228093850727612	4.235739884138902	nan	nan	0.013111818574257986	944.3624900313702	1188	7.865855805883428e-06
-0.03590009550386852	0.6514635249642521	4.507597485083509	0.6255481859431484	0.055592502531711	0.39955749320997214	2.710380232055749	-0.5816430645323979	0.0	0.0	0.1632286141222678	0.014342959161551816	0.10836593864122679	1.7165647983005845	3.3911812572321485	0.017015978173126833	0.06612341923578702	2.1798119785311125	2.1930874515987466	nan	nan	0.013272423456408639	844.4637625099501	1188	9.614124474745219e-05
-0.03680967046903805	0.565657062873918	3.45503002184791	0.13194199659785344	0.05421712327998973	0.28014825511355745	1.8541694796776769	-0.599794701243336	0.0	0.0	0.15766476017729983	0.020357112115933385	0.1027989399268284	2.478146622460848	3.9974407589257868	0.007100731428703155	0.0627828378046662	0.9861824214247705	0.9034569566343688	nan	nan	0.013398333542497545	1003.0864943280274	1188	8.847301465143896e-05
-0.04210434216555825	0.7123984634836156	4.193091573089265	-0.5970000014401762	0.04210700641565013	0.32100384149108036	4.176792166899707	2.352840514874596	0.0	0.0	0.15443088126518434	0.011286318005700846	0.07348790493618479	1.763117718889535	1.6763407732341067	0.01426541955227989	0.26260728386198456	0.9631731735774514	5.494699322318101	nan	nan	0.013395912427412143	940.6885894125783	1188	0.00012281497093987042
-0.0437182434801584	0.7040286085697587	3.7564111836775407	-0.6689848002877633	0.04209026422249451	0.3478794889252918	4.138444751753994	2.374490264803243	0.0	0.0	0.18003794467077247	0.005015112499324181	0.06131496471298398	0.7829709493748767	0.6392123204782765	0.002423000278336529	0.06799621621710583	0.32744905977737093	0.8305918441713604	nan	nan	0.013399172212841398	1052.6138472195353	1188	9.939281435657253e-05
-0.03010304142400866	0.6224064789115569	5.211884559089515	2.3828798022175626	0.04697102627385452	0.37770627772808274	3.519934814264394	0.7893958962643435	0.0	0.0	0.15129640031980662	0.0032501088087466545	0.0713045262845155	0.47136207716143996	1.233370045343174	0.002648466174445474	0.06293978487374177	0.3689019860952829	0.5917850073318335	nan	nan	0.01267233052030406	977.5666060969302	1188	0.00015375936962107575
-0.04055650670325728	0.6310353982609351	3.5933060991018935	-0.5891398942299351	0.054639091347801205	0.37782352764645494	2.760244943308465	-0.5596145894570359	0.0	0.0	0.1550688548116843	0.004527381613353365	0.06160101087697001	0.7842080351988141	0.6678819319466199	0.003558636257013692	0.06021864050351736	0.5615758146380987	0.48228928412511973	nan	nan	0.013132280714188593	902.9423025650692	1188	2.374373026332123e-05
-0.04122550669407299	0.6329361084882967	3.25258713260307	-0.5633883938357364	0.054909779309329165	0.402608922078427	2.5722584317116937	-0.6379924149333301	0.0	0.0	0.15387731064865875	0.018803997168588882	0.06455534837754506	2.4781763054774606	2.5399415918283235	0.016686603852890003	0.06736246956198555	2.13249710153872	2.0447623422565613	nan	nan	0.013373002203908607	951.2549808554905	1188	7.223951084966044e-05
-0.03167793875660485	0.6740907209587712	5.3506580396065555	1.932721698392664	0.05569446467852757	0.46417494422820116	2.958128326267441	-0.6396748408087937	0.0	0.0	0.1426309887300378	0.012885233194186385	0.15475660343799408	1.2410665934957836	4.35190959320844	0.017348987680017025	0.07071309473011428	2.1792696424399622	2.0881527482163054	nan	nan	0.012812066666240532	907.5093068592055	1188	2.2105579340921322e-05
-0.023429621217221364	0.482995707282682	5.393283510142637	5.512702219058649	0.031043950736243442	0.058735634423287	4.512951765613103	11.614273602511743	0.0	0.0	0.14806369525672552	0.009214784453408731	0.17797207944117563	0.6697161540596945	6.673755892709962	0.0036176989889910027	0.13367878024343838	0.23880829490551436	8.666393845452134	nan	nan	0.012868201934124218	933.5858884830664	1188	7.751845188389011e-05
-0.04151553741911873	0.6405475189015122	3.4711543977348325	-0.5463164416507574	0.05046259433753564	0.38646984302316284	3.063656386086841	-0.024492913103885176	0.0	0.0	0.1536538788157651	0.004796738406219969	0.05905804922177765	0.7532942404660212	0.6689988214180032	0.0032566920757760576	0.06240581133346215	0.46851875028299417	0.5471022323217433	nan	nan	0.012969856941018043	933.6460949546153	1188	8.392637287694388e-05
-0.04518542005357873	0.6171929333279402	2.6448756796653305	-1.0785324019057665	0.04080284458222505	0.3184419036267426	3.917412467054337	2.283099714828895	0.0	0.0	0.15373694884644498	0.005688430144650869	0.06055767424810998	0.8339565876058203	0.5128978873340807	0.002281241747621676	0.06705934945684941	0.3262961654221206	0.8183279595260858	nan	nan	0.013078668908970748	1031.833171998402	1188	0.00010561711238574912
-0.04149582807402363	0.638129249000411	3.465312529535498	-0.5716874223553184	0.05000824320832198	0.3555386701503532	3.15025845646785	0.2123943039094993	0.0	0.0	0.15803424388479506	0.004924661572706268	0.059870610028276705	0.7809631812107023	0.685834133807876	0.0030218163494408756	0.061547762196088374	0.4349705039716647	0.5762623834952231	nan	nan	0.012908378924063657	934.8080006475061	1188	7.566571026131476e-05
-0.029770555878922744	0.5988114512999253	5.087676288536525	2.4564755345725082	0.056043848955568576	0.39828410238838646	2.515967227799074	-0.7190770046705411	0.0	0.0	0.14946574121141187	0.01050397796742858	0.15098932312579028	0.9538419719254194	4.119455211286753	0.027833199573393252	0.07676785163587307	3.3118644452256527	3.27317507724398	nan	nan	0.013212500474349215	1056.4543266832466	1188	0.00011754495611021061
-0.05224303092620319	0.6326773253416136	2.3440260614288433	-1.4442660937348777	0.03904022200282631	0.30018764351740646	4.807279088512137	4.088724795048589	0.0	0.0	0.166694162809335	0.005715516791215569	0.060019227683184684	0.752358949120824	0.3298606873002365	0.0020661379958064607	0.06472035523984479	0.3052557932515989	1.01188157729067	nan	nan	0.012855232890299884	921.7407283370815	1188	5.3883969757609256e-05
-0.032611086832803116	0.6066334120810948	4.531991527232019	1.2111616826434761	0.05634522809163056	0.4278364011028768	2.854504912403637	-0.6359229569885394	0.0	0.0	0.1573992288279917	0.012103636612714463	0.12534938629122225	1.359832681992438	3.541098956309044	0.01634687654260425	0.06858110178233534	2.1172203565784344	2.031399922885156	nan	nan	0.013295501942787738	960.3222222112677	1188	1.8734086239945934e-05
