Nu	Nd	a	b	c	kt2	Nu_err	Nd_err	a_err	b_err	c_err	kt2_err	chi2	ndof	edm
0.3945628434245867	-0.44788467288174505	0.9758753314575492	2.91492950334084	-0.01033652815828669	0.2433084484272245	0.015429417742878976	0.01717432835685426	0.0193602595473931	0.07697700011840823	0.05880793365276641	0.004920641570032552	952.1166734980206	1103	3.577420688829484e-05
0.4015359018337351	-0.4438061558075849	1.0113071281419335	3.067669944556929	-0.009883751167497568	0.24219136687147244	0.015755667539290683	0.017096870278944954	0.019615635266359153	0.07811868686052166	0.059218296667780265	0.0049178268332810025	927.3559935821697	1103	0.0001111898322011386
0.39690229751718376	-0.4537676727639248	1.0087309599295788	3.0447438630755204	0.005755283489639598	0.2544418658957576	0.015537345909825593	0.01741478730350006	0.019618956782972114	0.07819619714273698	0.05956004670413933	0.0050430407233396654	985.1169706103367	1103	5.305279195257957e-05
0.9088335671285057	-1.0238444712531423	1.143380678235121	2.708503934575072	-0.8597605289864351	0.24792843647801582	0.12296347023565664	0.1374266447294634	0.031571798857439375	0.11954684065931126	0.08735660231384765	0.0047267308249984525	983.2693513155247	1103	0.005040166216511457
0.4033978371017591	-0.4474635699722636	1.02379062002221	3.149844103577432	-0.0006466823136274732	0.2511523414589453	0.0158754156871474	0.017292400237341514	0.01968392286483197	0.07877515938172851	0.059884439935493174	0.005027727295001972	862.29410177514	1103	1.8292411632164905e-05
0.398111922237903	-0.4477465455168213	0.9822534526967949	2.91221006151151	-0.007194981372220701	0.24579655341265502	0.015565926792462652	0.017174348041931676	0.019366213518191223	0.07676650228973392	0.058869360402139026	0.004956797927276255	935.1762593540539	1103	1.0874545160036593e-05
0.4008718688849359	-0.4520496369581816	1.0038281688197188	3.019755289833221	0.004704645301524024	0.2569411608823302	0.01573745571310993	0.01741061239094599	0.01960246024122883	0.07833998145000694	0.05969692345259277	0.0050858359161846355	891.8269709070757	1103	0.00019745341787792716
0.39923175180320214	-0.4500367965460138	0.9974274044892953	2.976225218684957	-0.0005476418151686372	0.24703459882881285	0.015541845622116244	0.01718582763016807	0.01943625780217196	0.07719181509352895	0.058915134779739156	0.004945565521311882	891.9310789376718	1103	8.33200708123988e-05
0.40242932203875126	-0.443119279886313	1.0022992631720942	3.0211811004582203	-0.01136234020753435	0.2399087818026505	0.015735111369470867	0.01701107697699686	0.01949926993167029	0.07750397655514937	0.058899411390963385	0.004902409665797953	1013.8602529971731	1103	7.514180979405395e-05
0.40257381892021243	-0.44805297219763607	1.0019449233638402	3.0045376223656155	-0.0007820391900851742	0.248774091389153	0.01573056637483728	0.017185766534324454	0.019444417094837893	0.07724790499940727	0.059203699649468935	0.004971326652276176	999.1947130646209	1103	4.8127097558644006e-05
0.402492128149343	-0.4489998741062178	1.023655446647182	3.1373338989422717	0.0017482776275900519	0.2525123967748744	0.01582442492559799	0.017327660181330425	0.01974061194853904	0.07904333053628983	0.05986278528475479	0.005027297386039454	845.6166027142201	1103	2.4364877260846627e-05
0.40091015403733293	-0.44972720514116915	0.9853011681580623	2.959751664311635	-0.001176668438113396	0.25022896458706545	0.01565396221801673	0.017230754199717285	0.019278371939576537	0.07669838353238995	0.05914747510183616	0.004973391318064396	981.7954816814846	1103	2.7810873072841362e-05
0.9266057033419742	-1.0520467782178748	1.1372753021321214	2.6101162594807676	-0.8725648832062272	0.24597977920424857	0.14768067998023365	0.16909112018891503	0.02814396910096521	0.15445924156941898	0.10309013117683184	0.005074940807927377	1009.2557008892716	1103	0.01290175154441897
0.24854019204702602	-0.27860582126295425	0.9586864843012006	3.1625817826957863	0.9846539474378742	0.25117782874877936	0.04829252081380806	0.05591169107709856	0.03115328382371455	0.08255261265189842	0.5061553890265794	0.004935795459715798	935.3512533108168	1103	0.00014513629919015814
0.7480434297078589	-0.8786158392688421	1.110427441398771	2.823669920817696	-0.7248042762696573	0.26040815395733585	0.07702463632104646	0.09219708151483157	0.017818307214710352	0.11154128250215045	0.08339980254546595	0.005048771111722	1011.6518618122544	1103	0.006861704469132084
0.2582438448425291	-0.2926775165004066	0.9546047356170901	3.0916898485982522	0.8719553510251437	0.25415914489855085	0.05817114428477191	0.06548821154163577	0.03680970560760787	0.07779729743083251	0.5454866561640944	0.00505647552981289	954.1743265623468	1103	0.000213073425439486
0.2675480692872008	-0.30346997317983987	0.9427241604129877	3.0290998405765923	0.7746778148200787	0.2528726685007062	0.07710374687831438	0.08739074564052968	0.043692907728661384	0.07723117642927489	0.6697901436245987	0.005135846070892423	935.7668477565006	1103	0.0004175202989794766
0.4037916391919963	-0.44960256044222885	1.010437811202729	3.057098047862974	0.0029409876571897167	0.2536589141843051	0.015828959524452343	0.017302381007176865	0.0195070491596382	0.07771363549628317	0.05962009843467255	0.005023304138422812	1011.0576164204504	1103	1.7011643546062486e-05
0.3979761312509285	-0.44581920036069345	0.9695207286994336	2.833714114116664	-0.012287340817961064	0.2422893936460633	0.01554537070700228	0.017085054125626695	0.019322138793281887	0.07643510330352826	0.05849869911674172	0.004937882256760758	1044.3657899842922	1103	6.146246193055319e-05
0.3968141332013725	-0.4500419634397593	0.988961108257499	2.9415631167766016	-0.0031748319814668712	0.2469132725150251	0.015481412595184806	0.01721884559020042	0.019432514468901055	0.07719210505207959	0.05890436303784763	0.0049716830594333915	947.8183341934125	1103	2.604917225105586e-05
0.7624364629955483	-0.859649361345566	1.1215904296186276	2.8530880751737198	-0.7385105838200009	0.24855293334437953	0.17740413197053437	0.19748615963924196	0.05291745692168988	0.12737037872981702	0.1828760695426303	0.005079441199417545	906.8161113027058	1103	0.0009720840578203872
0.3979669038240518	-0.4510488927655413	1.0041275607172329	3.023379512052161	0.0009082213049492947	0.2522881433313392	0.01561403515508467	0.0173558826242715	0.019593931820067512	0.07799268788218879	0.05950510064787276	0.005051874348980944	962.5279576802113	1103	3.387724057120824e-05
0.39743840774545564	-0.4453272587699642	0.974163988233802	2.9019475150898937	-0.013096357529108517	0.2443871405931818	0.015612616131171445	0.01716191737759872	0.01939297927265749	0.07696778502725798	0.058969689492279945	0.004968122816174466	1053.6844767181015	1103	2.8892144376079943e-05
0.39893508883320067	-0.45622287582916704	1.004374669784052	3.014575712317808	0.011571986096616511	0.2589531839964738	0.015574398475687095	0.01746573263554642	0.01950101683480567	0.07766970451343659	0.05957668808970534	0.005096641299827531	880.5155725666096	1103	5.702128097459999e-06
0.7468234832021117	-0.8239219110779706	1.1117533136026643	2.81428754378394	-0.7111329697340087	0.24292559018073895	0.10739207876657421	0.11906504436081167	0.033761097133957335	0.10339870985107011	0.11822869413657944	0.005224971634423941	975.1346196647014	1103	0.01003337431216713
0.4014616774389386	-0.4535017212219404	1.007522736031918	3.0333394910444347	0.008587346585154173	0.2546419556999506	0.01563656925563216	0.017325865491220022	0.019470847377525385	0.07752481872286578	0.05937311450350837	0.005020843308638039	1045.471058571963	1103	2.7788924964070474e-05
0.25751756196172304	-0.28693206407235466	0.9423490690013099	3.0431685939740274	0.8814698565614989	0.24818258605847	0.09097737744893622	0.10115113598080795	0.05042886946934643	0.07705347446241524	0.8567594139172765	0.004930147727174539	926.2398999344698	1103	0.00022814550533499238
0.24387428423687724	-0.2694011655995715	0.949782104996214	3.1129479456719507	1.016374641115222	0.2416449967182151	0.08779849315339677	0.09710150101929213	0.05025087547117865	0.08317541567562105	0.9240333113494433	0.005096629996430653	1013.1705416384242	1103	0.0005093584097681003
0.7989774848897507	-0.9049230645209974	1.118005479137869	2.756312997841924	-0.77715820946932	0.24468840264337663	0.12883155280319414	0.1457915770615322	0.03637045138963313	0.11855135697047985	0.1213992439107212	0.004867522010674893	924.8606740025052	1103	0.0053142433628472
0.26458526928965914	-0.29943589527691344	0.9520190717590544	3.1083722441529753	0.8152233184315067	0.2530289095344882	0.11606944928911131	0.13219031996832814	0.061782510226339495	0.0783895770509183	1.0517659362854046	0.004965940485176313	984.8421609396136	1103	0.00018563343516264842
0.6418931662179981	-0.7235453032356162	1.08515559513554	2.9024106316020766	-0.5767525260793497	0.2527415102805465	0.21859196793583577	0.24572442972873157	0.07046246851404743	0.13887652884586035	0.328099401168171	0.0050082599284632994	918.5905212024677	1103	0.00025208928229441673
0.25772633795827404	-0.29289664039650426	0.9426062470130006	3.0260452214315476	0.8784257063660499	0.2562703093448248	0.08115934921747572	0.09199879136664597	0.0458284318648474	0.07738021008717623	0.7621302761901148	0.005075846550464559	982.484736495933	1103	0.0004014589761701151
0.7764891602919061	-0.868380267871104	1.1188029553654908	2.810689190043616	-0.7421518442354631	0.25118886587799194	0.1287698904821638	0.14348469127556598	0.038213692199594536	0.11727986388191879	0.13074254487730352	0.005185596618546831	935.6730918621247	1103	0.004276102456646286
0.2602826484773962	-0.29374350049973874	0.9603846736572157	3.1218587081152926	0.89158448262067	0.2610777891736988	0.06793547825459673	0.07654286417214318	0.03951291805579403	0.07888429969707562	0.6374556427215187	0.00516596188272431	895.7479933944967	1103	0.0007800314414554628
0.3947675401294443	-0.4493333952755029	0.9732699081192954	2.8482182821863633	-0.00737077582571439	0.244551689581829	0.015395464058755933	0.017177893034404486	0.019322657110983153	0.07636613916894819	0.05856127394299598	0.004935111451802947	892.7701444754507	1103	2.4357087135910714e-06
0.2516979068520544	-0.2839656626860617	0.929547507003855	2.9825392711524934	0.926726557414789	0.25180160411504726	0.08882127446611383	0.1011941624647511	0.05206115680639071	0.08113983842517677	0.8743607848880881	0.004952736037916605	1007.1521255513246	1103	0.00019133680995803699
0.4024656555794228	-0.4506745176449962	0.9987169155212239	2.9673044744347257	0.0032170469081255447	0.25127989475937756	0.015680891640568906	0.01722953222657111	0.019435725081395377	0.07709595344843356	0.059081844116908686	0.005002041390623502	1016.8207429888375	1103	3.8274940943430736e-05
0.3986788251223733	-0.45267742042686765	0.9973598305510633	2.973631728667805	0.004200332876658032	0.25246317051521866	0.01554844681753336	0.017313127204921595	0.019454236827642336	0.07728500940851812	0.059178825100269714	0.005001390434263635	936.882065620454	1103	0.00010873661619198652
0.40373425749135117	-0.44609990133139	1.0075608522399395	3.0202468115193204	-0.003931656055308547	0.24833185223096566	0.015840462423714924	0.01718408291524788	0.01950549653928126	0.07740535216600894	0.0593308396174671	0.004940987047639733	959.1703729049409	1103	0.00017871349930299597
0.39998043843853415	-0.44850330322521986	1.003673369810942	3.0012550122512924	-0.0020056269375596804	0.24621008329226665	0.01560819995371011	0.017169207719856267	0.019505658753329033	0.07747938728389367	0.05902555149963146	0.004931155212610839	1010.9212128724181	1103	2.373254503933546e-05
0.40218650513451004	-0.4457675855296946	0.9916327596770218	2.972117541637503	-0.007523939040064302	0.24340819166743063	0.015692739480793257	0.017070941202027935	0.019367468818389067	0.0769957639390703	0.05886143388657172	0.004888486695771442	944.644181934851	1103	0.0001400119514179059
0.39747489504234557	-0.4526882698602027	0.9986773400821317	3.022102960457535	0.003116507446683043	0.25179079764334805	0.015518726886264234	0.017333016441492075	0.019442850258726684	0.07757141264156026	0.059344148573349596	0.004987796374574648	972.1824985157734	1103	1.1392426626177782e-05
1.0145284730115192	-1.1519961487743806	1.1359560421572712	2.4823419302551804	-0.9230604349892303	0.25184827934092396	0.10762819986624093	0.12380120832749487	0.0269459801657693	0.11115432354550753	0.0621951562444204	0.004888085367857703	909.421042535495	1103	0.027419284530647098
0.40075585890030635	-0.44937699294230293	0.9972166706516817	3.0030275855830597	-0.000898084436719432	0.25190033892060903	0.015719058692431984	0.017295736854869796	0.019513622321226717	0.07774671877823291	0.05944679011253198	0.005030292669342271	951.6811393247167	1103	7.006432451911968e-06
0.25755554151678717	-0.29048194790532916	0.9574605240554971	3.1401330554473272	0.8598942835123152	0.2505810169530079	0.082977168998431	0.09327136224931366	0.047179369882697	0.07916466404185102	0.7751828763497297	0.005133649985771363	968.3518491123821	1103	0.0003885360876644503
0.8339643588906132	-0.9507878546087056	1.1318222422671436	2.75805243985366	-0.7952509849701405	0.25921454655077136	0.1289333835383898	0.14698846537854773	0.03567010509921436	0.11907677567390007	0.1148588081929323	0.004766582700232842	944.1067360949799	1103	0.01162564824574119
0.2614342482035591	-0.29489661970867465	0.9304351703260167	2.9833816450965487	0.7975726953921853	0.24304566337477668	0.07581428680674153	0.08567894858942937	0.04352925844900374	0.07682562131030436	0.6828991454755908	0.004928193691629509	999.2889523630481	1103	0.0005431486997198669
0.39982299057808574	-0.4489075517271301	0.9989798101179107	2.9897854629383565	-0.0023007124611321	0.24830779186362262	0.015634559140859088	0.017222731453577327	0.01947509682449551	0.07737658634380161	0.05914917516757659	0.0049859828365293405	942.7273100880794	1103	3.2868564035586476e-06
0.40036115892986124	-0.44892968391091365	0.9678605475117924	2.8719817037531645	-0.004728311720804892	0.24814956462090793	0.015599305527140912	0.01716358814320164	0.019126817926293782	0.07596909544536568	0.05878357235370125	0.004928135217375388	1036.9982758923493	1103	0.0001771661594644113
0.4014180679314764	-0.44428950430263603	1.005866691336889	3.025235581327433	-0.009261686001225301	0.24282402652163831	0.01573897304019082	0.01709873208261714	0.019621231443178667	0.07804730995540163	0.0591123874734236	0.004930584667563191	942.0063478035377	1103	9.458764253907863e-06
0.2774097873245898	-0.31165092659168053	0.9473841072717313	2.99826062671462	0.6935093108625568	0.24717570652229562	0.06094598197418624	0.06826383687536017	0.03358316938181343	0.07810886221641393	0.49947737347092525	0.004878832769778593	963.5607706106832	1103	0.000439761166963251
0.24128425100237832	-0.27183761498314185	0.9347714101255775	3.034792116159567	1.0263786201666234	0.24606026182360577	0.06757097634931591	0.07610804909186075	0.04021538322855539	0.07804648506258699	0.7231784018919384	0.005119566694279944	936.3598135183892	1103	0.0003620718306588975
0.2613225590086555	-0.2948274234968566	0.9208331285848466	2.945620600356888	0.7825199387091103	0.24446735348182316	0.08371839378281083	0.09453843648113375	0.04681582649652336	0.0745659794814091	0.7468981054001149	0.005051389250638723	927.6186799786853	1103	0.0005652051067697338
0.7127870043808864	-0.806575417041288	1.1009237307746287	2.8169733756254334	-0.6810075012167863	0.24860837131198268	0.12693845196315398	0.143149706245245	0.04004912010553895	0.11183270993292493	0.15135563834282706	0.005052512381504137	1043.0777029210435	1103	0.002482073422069467
0.39949511042257224	-0.4507514116885287	0.999051484394959	3.017036081226049	0.00011430067164590313	0.2489121251202933	0.015577689232392404	0.017242187973733898	0.01949188595533014	0.07778300336120843	0.0591520795298813	0.004973491484599822	969.8922281219475	1103	4.333502393959869e-05
0.4035857366615372	-0.4497338703922102	1.0143612401301911	3.007560993490848	0.003613919222536917	0.24871686674266552	0.015695575366029457	0.017167152087443197	0.019515628237625048	0.07735820644461372	0.05897905938283479	0.004969738455484583	959.3430558844418	1103	7.062539837099424e-05
0.7068012700139691	-0.8002690347500803	1.0907762627860829	2.793409538161536	-0.6606261833395655	0.2609312080062565	0.1744329074045428	0.19880695295373427	0.05214615684957033	0.12254090398863633	0.21560784982236514	0.005148805100636623	916.1589819641752	1103	0.0002029583387027232
0.23793894755367456	-0.2679379404589341	0.9422289387593651	3.07045680629935	1.074594326415352	0.24856683072522373	0.1053538719986209	0.11899852000759892	0.058423253731470316	0.07823552195086643	1.1684616446127423	0.0050677215922401205	1011.4695447704448	1103	8.782362318533191e-05
0.8065601677840051	-0.9162159225640448	1.1298407188784358	2.787177866143931	-0.7750641239516596	0.25460353417413867	0.13873739311086475	0.15869113553880818	0.03981303108297413	0.12370873293199398	0.1295742018737142	0.005039941124483575	958.122906513442	1103	0.004158308374537676
0.4064157232569664	-0.4498282914785836	1.0179577501664534	3.0590384257992596	0.005856271600142841	0.2515291895971268	0.015825753349778014	0.01720163317523473	0.01950031664319319	0.07763501722087819	0.059290213833538094	0.00499082006358221	968.873680596159	1103	0.00017357196383538815
0.2662322360976594	-0.29727951087614873	0.9359404255978857	2.996287109687676	0.7983360463746735	0.24914664148323573	0.11693079519897429	0.13053921226941095	0.05868586312732994	0.07437217236108976	1.032944866616663	0.004962249833916992	1003.3870547559995	1103	0.0003065537394688754
0.40059115992044414	-0.4515135927344413	1.0022091799845954	2.949474891668818	0.0038748850251503313	0.24856855815537252	0.015548383183597875	0.01719018239865402	0.01940614333760386	0.07665573396618772	0.058772961725206074	0.0049784817007456975	988.9468530577609	1103	0.00017840678534873742
0.40024027429572234	-0.450005992266956	0.9972687714876959	2.996941893586081	8.635250766852922e-07	0.25013708674174884	0.015638726924353853	0.01725415520703086	0.019413345113165933	0.0771933273890047	0.059234346969532455	0.004998597633355355	933.5754618665962	1103	1.082546880646535e-05
0.40156454397072316	-0.4460459002553525	0.9864771789707129	2.954009570350923	-0.00765174743116481	0.24728602508246184	0.015747829843744073	0.01717030959284259	0.01938532099732053	0.07704651543570944	0.05914589341815344	0.00498349518608684	923.8897616619959	1103	7.123993037166096e-06
0.39724096636260153	-0.4541674388856148	0.9983987157952646	3.0063112966862726	0.005724528332877562	0.25361392942694333	0.01549556917577298	0.017368584376233967	0.019491544408795615	0.07773793074464735	0.05932813138845863	0.005036132976311444	968.0651602624187	1103	8.257180080196165e-05
0.2655551221445927	-0.30010242401912396	0.9463656006326046	3.062080829287161	0.801128125786504	0.2520230985711989	0.07447231978430685	0.08542990791480576	0.04183716600391006	0.0772013893631788	0.6664212393129733	0.004961546167968452	950.3837829772135	1103	0.00020432620570675128
0.40094567437246964	-0.44624322801630983	0.993298202145876	2.96266809886039	-0.007373626350436948	0.24508457087401886	0.015687300372424648	0.01713623848981674	0.01945337272772964	0.07732207787924579	0.058982355789193405	0.004934109507103842	940.1529419549615	1103	0.0001927789299111049
0.26121285527829097	-0.2984801138448852	0.9397825083495767	3.0392850929588127	0.7953147858998372	0.247893649573409	0.057496351200058776	0.06446976819700904	0.03542340661853039	0.07782253887041346	0.5118117278387009	0.0049570902875213044	971.4343619251381	1103	0.0011145662145949828
0.4025225655023144	-0.4515951716158593	0.9947389752576411	2.9693867129792912	0.003545061441415247	0.25779317321381534	0.015802604861235487	0.0174004549905817	0.01947384445910473	0.07748792544895372	0.059601081052867176	0.005082655572552403	965.38259496117	1103	6.354848689040844e-05
0.4019546228832714	-0.4516792928476992	1.004266777758159	2.9837656626506406	0.005081947641577662	0.2526949531993349	0.015669748903648806	0.01727851527486456	0.01943846442614399	0.0771731412449056	0.05918432760567714	0.005013307517027223	992.8851435200265	1103	2.704608989743404e-05
0.39751200281608046	-0.4513506699244418	0.9970329600158703	2.9929889322493173	0.00041165522461571175	0.24984126285074618	0.015523851430628158	0.017284668553734263	0.019488171902150485	0.07762969003403528	0.05918091401914197	0.0049954397428261	990.6276214633292	1103	3.673846344177444e-05
0.4031688258976779	-0.45004538700520635	1.0239315622118863	3.135304376224645	0.004405344301680925	0.25566573209676763	0.01586552106510717	0.017388072376660783	0.019679927101812007	0.07866124761715301	0.06001728378522243	0.005080472233725445	884.2660010606894	1103	6.30715616034607e-05
0.24044100262919937	-0.2703045373026169	0.9473610144902207	3.1050264441341513	1.073014507276089	0.2566298829206095	0.09731289704917859	0.10922149931449131	0.05487145006162894	0.07835478847893076	1.0402533311882058	0.00507525430017522	1020.6636287864006	1103	0.0009777478278580275
0.4001348622787245	-0.45497567558208385	0.9802640792782453	2.907208229395566	0.00811822788122125	0.25481196970488956	0.015517466749340713	0.017304974620256902	0.019141505073424513	0.07591987205926107	0.05895239582068697	0.005001797667388945	893.1489610279987	1103	1.2904908956143524e-05
0.7201334712688696	-0.8037004583860982	1.0987316760568104	2.844443457329644	-0.6911176001831518	0.24747269054664925	0.12911125651199826	0.1423302156730054	0.040997148749886365	0.10606496411697833	0.14763698854435311	0.0050029981870804655	911.4040779194485	1103	0.0018537973180455583
0.4021308949702217	-0.44698063518688336	0.9842764898382836	2.9235649632936895	-0.005528049623351858	0.2475008331574589	0.0157206052959074	0.017152787448314964	0.019294427615528752	0.07647549016618654	0.058966881124950576	0.004967450097184951	949.285221746843	1103	5.2667592652240665e-06
0.6995715518573397	-0.7950857288881313	1.0673396477276913	2.685272513966893	-0.663658163056439	0.25022420117091304	0.17255675699787107	0.19772224563837637	0.05182662060238998	0.13049790062992345	0.21382576727205632	0.005381287988381571	942.6396398901975	1103	0.000754925188355819
0.40065029387178636	-0.4493727780236151	0.9996920527365342	2.9859389696493537	-0.0005997420444301897	0.24687100038046278	0.015599000314208791	0.017164666063883942	0.01939240804797145	0.076911624419912	0.058935260724603096	0.004936350474169539	952.5860549930983	1103	7.183255259425158e-05
0.2732194727409821	-0.30396201634848846	0.9412634867030752	3.02324327464493	0.7351228553912312	0.2490364446895098	0.11029430106283364	0.12386730669372578	0.05622687471604688	0.07968565753000625	0.9342749123146196	0.005001663173066825	978.6568943416892	1103	0.00014150524726427705
0.40272721567979314	-0.45293462132670004	1.0075216493502008	3.0082069918400123	0.008515239375762235	0.25830963015730357	0.01576768225001864	0.017405468388424356	0.019479069761820622	0.0773568921689167	0.05962445924493974	0.0050914421917141305	926.4240752971625	1103	6.71224713587701e-05
0.8521263548249801	-0.9425319322046641	1.124994884339872	2.7199299718541226	-0.8135869762292659	0.2458490171978783	0.12813346694261685	0.14119761011059984	0.03338804406281736	0.12155058405454584	0.1069977437587764	0.004769986416201695	952.6438758834121	1103	0.008987436752425294
0.2535889087157293	-0.2861116864947629	0.9530209941743697	3.0995709632939716	0.930625916925967	0.2547433069224991	0.0662886655957959	0.07671606143894541	0.03850981286151273	0.07791478995955672	0.6508105329985305	0.005403189206080631	986.1647800756581	1103	0.0014194582927199012
0.9347536799904124	-1.0425285056990623	1.1571898864730483	2.69409630798613	-0.8733496300896889	0.24657820422553892	0.13125026914807164	0.14526717827945287	0.0344288177230002	0.12186239270092898	0.08942842991580616	0.005153983992845634	947.7446400653246	1103	0.011913095430074438
0.4009917449437153	-0.4508076425742848	0.9983593811637169	3.002993052755099	0.0022241676530278015	0.25193169692500067	0.015666264776640706	0.017281104098685992	0.01940316331529333	0.07715968628423692	0.05931659872853524	0.00501862825727007	972.3847120369055	1103	3.441030347065446e-07
0.3956167194514911	-0.4509935663088969	0.9984514311649347	3.0401008198851254	-0.0019782745815380203	0.24814677323988127	0.015474956917800584	0.017294227571536456	0.019501844266086785	0.07787317859433376	0.05930487130105818	0.004974211256975452	1072.1063902365458	1103	1.1086114451993139e-05
0.3967988537020797	-0.4536489361291721	0.9935507451104276	2.9902196177515354	0.004456961236666999	0.2525998524061012	0.015474845568743012	0.017344725756390428	0.019366636451982742	0.07705813534261881	0.05926386168369949	0.0050003141166600484	979.8535653807022	1103	8.134495861744554e-06
0.4010814055786806	-0.4461108555973357	0.99033289364772	2.9668834912559885	-0.007655387243349107	0.243658199072074	0.0156549568199519	0.017090781127016726	0.019395709979647683	0.07717158141237168	0.058869383541906586	0.004925286590608123	958.5183660768604	1103	1.1164179661445592e-05
0.7103284822520741	-0.7849425159025155	1.0928519190175041	2.788936594773385	-0.6617558054902433	0.24833534897234952	0.11427743667958563	0.1257509472847715	0.037242165575254886	0.09915436936601461	0.1382051470055762	0.0048734797952939115	916.0364943908371	1103	0.004638273225952629
0.40851705297144286	-0.44736329962638327	1.004628361136524	3.0121627032071796	0.001487183277376488	0.24898179135684922	0.015889275382662753	0.017091121346103494	0.01934467884459769	0.07699813884437211	0.05904925801307186	0.00494534159810636	949.5363083250545	1103	0.0001304634268196469
0.26337633284949397	-0.2936576833397473	0.9600093226594631	3.1506213158578755	0.8324845337787501	0.2492805788067151	0.07101840964642069	0.07883377814930723	0.04081637206900527	0.07847693560673408	0.6437846646196007	0.005034728373550263	978.6196543812355	1103	0.0004709481696607598
0.7268269804348974	-0.8025522461512726	1.1102825161687895	2.8324117489702942	-0.673699667226771	0.25002387349370847	0.15179912051255331	0.16721880543336606	0.044934662676668756	0.11535393464813493	0.17806148435482513	0.004966800418186114	1047.2668493049384	1103	0.003630600764032668
0.39807894662838106	-0.4481690167569069	1.0040544012665205	3.04353635028129	-0.004836366503638875	0.2483540574109711	0.015645534624300853	0.017280824906227274	0.019639246019602933	0.078441763106336	0.059467720696878466	0.00502071321054349	910.1697439797026	1103	7.859997771694405e-05
0.4031203415173842	-0.45070906720216675	1.0213560242077782	3.1250531147008758	0.005250039203461994	0.2540866341747334	0.015800432787898912	0.017336000429889083	0.01965943717218845	0.07867840114833619	0.059790989286263925	0.0050228595502434725	895.427430012605	1103	0.00011072810137719512
0.3978916302514194	-0.446106145153192	0.9871407513741104	2.963611017752025	-0.010376066852351089	0.24161884126445277	0.01554413525420422	0.017097870990547666	0.01941502010286591	0.07725770022559829	0.05881858382521961	0.004877795424549688	891.2845129077023	1103	6.866421252844714e-05
0.40173876189632335	-0.45146075154255816	0.9908881664634821	2.9434051894307873	0.003254165625550472	0.2527222330764766	0.015658417529550817	0.01726605026195306	0.01935218162610369	0.07691554855748399	0.059104249342804685	0.005011587517335333	935.3736941113843	1103	0.00012276299078101973
0.4000733340390948	-0.44778842003087765	1.0042331625282768	3.0277877926357375	-0.003933642315293928	0.24681962084393946	0.015662653424765128	0.017200312441885697	0.019541829855442047	0.07781665622594482	0.05922984711585702	0.004932404238957076	932.9789701687878	1103	3.043317145758212e-07
0.4005993492164747	-0.4502024838287851	1.003721946212396	3.028135903081599	0.0010216745734600609	0.25054060581361104	0.015660594941895572	0.017268136566188315	0.019487714575027553	0.07762854348038026	0.05933325689606193	0.005006290117419247	913.0044439740863	1103	3.5494731047402094e-05
0.40016567805062914	-0.44902138295555366	1.0026569839693122	3.028951820666989	-0.001774804635648271	0.24872555581609382	0.01565973752298443	0.01724120423797499	0.019521360614739944	0.077837523549647	0.059308942080056444	0.0049797701541386494	960.577044454786	1103	0.0001579868386767704
0.8733816299582927	-0.979785076189094	1.1476409169729649	2.7863164038417945	-0.8320419378348987	0.24578298393717224	0.12861921392140524	0.14473886299871186	0.03369226607993222	0.12465436583522928	0.10191552277708527	0.00503369000781187	1027.25252514748	1103	0.009836808956766233
0.4035498440015691	-0.4416838404719982	0.9994173207562298	2.9900324840371453	-0.013511502170674993	0.2384405963030135	0.015774248233102976	0.01695605948529642	0.019433625089644312	0.07705332232764954	0.058744657434117255	0.004877918579215125	952.2916840652069	1103	8.723844706493688e-05
0.3977212246873903	-0.4543580351143887	1.0022736798151135	3.033947147781962	0.006660726059397139	0.2591858927502713	0.015632743347299433	0.017513467633647754	0.019627739224367995	0.07854554655991153	0.05988130051235808	0.005122177160897484	1052.5927137450058	1103	0.00013447410666054654
0.4039407050330498	-0.4489359750893193	1.0084252493807584	3.0070540564954418	0.0014258352159305305	0.2500073756160608	0.01576930781056251	0.01719962174516473	0.01949932906232839	0.0774813285498371	0.059176774053601285	0.0049830955690487455	1073.87917266508	1103	0.00019315769706555817
0.3980278536469224	-0.44856741367437236	0.9968399693997814	3.008619720410697	-0.004767536227646043	0.24819687206244956	0.015614996100519737	0.017262433492775994	0.01955234722887741	0.07801651979526515	0.059322091743451454	0.004993378028504829	926.1567633027174	1103	0.00014852326637692224
0.2664400167848244	-0.2984962914385876	0.9428786968706157	3.0621510923696795	0.801831978587587	0.25125783277746905	0.09049036167935554	0.10165415868094418	0.04997107788640348	0.07772756296134055	0.8068328325214162	0.005062916455459848	949.6392138447427	1103	9.75263736398174e-05
0.3994364493104418	-0.4538954555943716	1.0093768756742978	3.060637591258561	0.007787848315074801	0.2543275402505915	0.015581377523752566	0.017363204398127254	0.019477316291074107	0.07772825613210858	0.05948495191005156	0.004993366850066158	926.2484162392311	1103	1.4862383057299636e-05
0.914299344025817	-1.0354071608526987	1.120120379924999	2.5970612230980867	-0.872728714408827	0.2474434081089537	0.06384156741942436	0.06780169858551441	0.018923625271942097	0.10091942658795669	0.04198085442347354	0.004804956606004856	1015.1790839969644	1103	0.0076739612480994516
0.397158411754556	-0.44890990453988444	0.9635418800316279	2.8653564675683354	-0.0074345671276099005	0.24756234127758808	0.015521066529790786	0.017208230774331246	0.0191840160575571	0.07619399738555323	0.05885992425813348	0.004951562418075513	931.745298052602	1103	0.0001116834858571615
0.24693943390875198	-0.28157455308453105	0.9568881485551654	3.1361155865399533	0.9933451549692869	0.26159479381687967	0.06475536334271474	0.07415325664345383	0.038362430217938344	0.07953649943214613	0.670228453092297	0.005063177060111759	1010.2058476461888	1103	0.0004800167284483895
0.901681680454271	-1.013548124615671	1.135527048869643	2.650033023725029	-0.8525196090990894	0.2527927133301085	0.13433271004608444	0.15086009592382094	0.03359837837007853	0.12423267653697595	0.09978940079588312	0.004881328667193734	868.48240031657	1103	0.007803228540331031
0.40037575038456774	-0.4424425136677861	0.9970499838974346	3.0417105229966777	-0.01497904310253106	0.24117741227836578	0.01575861960308685	0.01709390190732826	0.019529681697816055	0.07801592864093601	0.05926130094089576	0.004915736788893623	1040.962166907495	1103	0.0001847074606706741
0.40367951890941434	-0.4526024550373387	1.0043060481256894	3.017724232318697	0.008175869845780432	0.25791481688564966	0.015791870156969288	0.017374462406549093	0.019470490581937595	0.0775181287575145	0.05961184518351766	0.005072300464158887	958.8011830758729	1103	1.0441120799558621e-05
0.3991018230964308	-0.4518018733824939	0.9795453746635456	2.8989620549611854	0.0011750089613492961	0.251332307260727	0.015543416089401718	0.017258005659901463	0.0192667247053056	0.07643893307360398	0.05892714437002946	0.004990899295507322	966.3082389189532	1103	2.4320545892174025e-07
0.39563735053056603	-0.45114510729699675	0.9943468982436476	3.010981688993569	-0.0016630655357516393	0.25060845180754254	0.015516460588171943	0.017346790127793332	0.019571149163151284	0.07813710377210596	0.05942683170720515	0.005007080224509627	964.0945581490796	1103	3.00788621112962e-05
0.7639358905924964	-0.8499587650960652	1.1214894283435741	2.8492004157329895	-0.7217670963072532	0.255366903370921	0.08866085375521025	0.09819331560729361	0.02885573754338391	0.10041912857780244	0.09414175798176622	0.0048240475804504765	949.74242580417	1103	0.0086519610608141
0.4001601415041904	-0.4531266544331538	1.0214357234216331	3.085623377662272	0.008134597621824693	0.2555439797349193	0.01566830264477374	0.01740487086626548	0.01966534577097859	0.07828190220681674	0.059695463573560356	0.005058836907763248	953.2900348521703	1103	0.00017335790625287958
0.3983497688087794	-0.44443441509504583	1.0011623190002175	3.043028326748501	-0.011869003031767671	0.24395776410403264	0.01569793353439594	0.017186428709333693	0.01962911337645702	0.07827552244821447	0.05939694392040468	0.004958961828788784	980.0799091837081	1103	0.0001161402166380618
0.4027091239142482	-0.44856352919323317	1.0119867741866178	3.045400437311577	0.0003350212580828212	0.24922408251461492	0.015744241784044637	0.01721418800548947	0.019541458070264216	0.07772526500847654	0.05930586089647338	0.0050008355598481925	994.7153905169957	1103	5.233163656062879e-05
0.4008175429787903	-0.44593242689063006	0.9940503117522747	3.006764166065031	-0.008054018225095813	0.2481398409075527	0.01577686800013957	0.017228051933432527	0.019544001844023714	0.07804975310287152	0.05944730540005483	0.004964085635583372	1026.0927637310508	1103	0.0001572042265937257
0.4047995882712602	-0.4519999225043649	1.021267400008708	3.0743951801196814	0.009294436500466468	0.25587304490897933	0.015812622447621074	0.017331089656586876	0.019574077817684592	0.07787977818333201	0.05959637871013197	0.005067031090751847	1001.8617740477705	1103	1.582736828738425e-05
0.26987540027895857	-0.2996105478334587	0.9563619226305747	3.0881981698412075	0.78490531181394	0.2509469808171095	0.010683676309100032	0.011651632104061636	0.019300005395541785	0.07755680025586274	0.09092195315257413	0.004991643352389075	939.6569030175526	1103	4.5167969762458944e-05
0.7822420596461238	-0.865427002332409	1.1177705193777596	2.7974207883401814	-0.7465678583315719	0.2475587142453886	0.08292125216431737	0.09375178115321622	0.029312585941225846	0.092084368758138	0.08206329020979689	0.004853112208892266	963.9262194349076	1103	0.013945424114812695
0.23467584224872864	-0.263614150671088	0.955007363749961	3.172128142555567	1.1102032716655237	0.2495818902514169	0.08059437826590957	0.0905240060245615	0.04654264174199462	0.0772806730723357	0.9172995840510273	0.005064944741576805	897.9951648479135	1103	6.0063916190366525e-05
0.8360605007314295	-0.9580919425355086	1.1159280306199182	2.662395073841578	-0.802492329443821	0.25537859479109476	0.13993909244881572	0.15984201039080217	0.038343659296649575	0.12304086020024446	0.11957268279431732	0.00503139534392285	1010.0690171409786	1103	0.0065720621782814955
0.3956694811858089	-0.4521144476136087	0.9878436417748329	2.982905929971818	-0.00033900710182673227	0.25239922029423967	0.015511654666865838	0.017376196843253276	0.019475423678546197	0.07773791134957751	0.05942634245866013	0.005004020414592279	965.9556284123471	1103	7.774958196097972e-05
0.4028671578367557	-0.44831921007318287	0.9888793217322933	2.9302569215260257	-0.002006227804755699	0.24962015110086558	0.015732947083079634	0.017186242025060167	0.019368188060497	0.07679453473911056	0.05901818051483917	0.004993652774676084	971.5035118378295	1103	1.5785068347440726e-05
0.28189364499907255	-0.31146047006545835	0.957075522082354	3.091802377226699	0.686154384821379	0.24965901697346846	0.011146784111525688	0.012102747489746369	0.019248915334510848	0.07742699574845799	0.08705461169982386	0.004976368110697784	902.6005384827272	1103	2.8129069855020177e-05
0.9523261391820258	-1.0691115307496628	1.1432087026768158	2.608231465065355	-0.8840132108921501	0.24935132755883302	0.13044639447819903	0.14564524687981384	0.0302525092753565	0.12970578540199082	0.0851606316380431	0.004944057148864629	966.607542666766	1103	0.011226073470452862
1.0242097237002776	-1.153791230623444	1.1513637558700078	2.5701937581494034	-0.9362155993458119	0.24481763324949815	0.09685327561730493	0.1088475946464504	0.02519322911863824	0.1093073374657168	0.05361939483182348	0.004695411488509263	974.6357879551666	1103	0.12853708193580837
0.2706169226037568	-0.29757096538794736	0.9554417324540776	3.0644687933244796	0.8021646934955781	0.25286162521160316	0.08793600155342764	0.09643434145426746	0.04814396241895995	0.07621844894942784	0.7617091441888362	0.005112394169718141	918.9149533642726	1103	0.00037445617980741327
0.24862975755289465	-0.2912277378785325	0.9294014169507174	3.0162518393125315	0.908169132080374	0.2522712005921265	0.09013257277678595	0.1053191838768723	0.052129475334948785	0.0803792772542117	0.8994290625596817	0.004964765248562416	905.3588036893066	1103	0.00027537552019255387
0.39792398973425214	-0.44740559798519114	0.9966996266002667	2.9768502000646078	-0.006981241096034234	0.24647848339475392	0.015616456927683596	0.017224934495268535	0.019629331570754055	0.07817576928138315	0.0591647085796679	0.00497097574805658	908.4025809348116	1103	6.529250948956936e-05
0.3987671685962224	-0.448289155765274	0.9922636119181747	2.9699241988356384	-0.00504603324069818	0.24681391250475973	0.015598417074139384	0.017202961561513908	0.01942031375449762	0.07723357396142178	0.059065841630780526	0.004957399872376088	990.9278043543559	1103	9.143049165185284e-05
0.4067333632026482	-0.44418138345672314	1.0278870785088132	3.1231276569107016	-0.003928505238230169	0.24574105963994838	0.015947339777929073	0.017107613849047014	0.01965207240663213	0.07825403321677499	0.05943491972909377	0.004953518618283957	932.8096155100466	1103	0.00016378013683671476
0.4050683261101284	-0.452904158284434	1.0118352688830294	3.0620226452233053	0.010212361285035203	0.2578152421164112	0.015815059130067526	0.01735855571156556	0.019481872186864747	0.07777558938744532	0.05965559024362829	0.005071350631776052	927.9019335622773	1103	6.97095209016387e-05
0.39853695398800243	-0.44487743395294455	0.9890388386320897	2.968982262328281	-0.011894992209789504	0.24096021064224943	0.015592386690066858	0.017078283428436085	0.01947655505326351	0.07744002655425866	0.05884978571014536	0.0048959975604081695	905.0708966485053	1103	7.183498410605899e-05
0.40073291295343555	-0.4485950963853073	0.9964997241651432	2.9597722058628997	-0.0024786344687634802	0.24852793723358138	0.015667405824323025	0.017211504420574633	0.019474333794168425	0.07729234830112733	0.05907245628983778	0.0049790376118043185	903.8424621878773	1103	2.4222324067587604e-05
0.3963722307898785	-0.4486719736345747	0.9852890754270281	2.926437974794865	-0.0062990212536193305	0.24640824622697055	0.015514479394630146	0.01722218617469488	0.01944883004761577	0.07707354283581831	0.058963790167403045	0.004972553138294706	926.8108658219961	1103	0.00015929748060323722
0.8382494027301549	-0.9399201365091161	1.1318351016915011	2.7463991516096513	-0.7964650344456299	0.25294152912993734	0.11361929263998297	0.126734834980444	0.032561472104796006	0.11184477558165543	0.09735021337441113	0.005105842648104133	993.0541784634751	1103	0.004008904959046145
0.9613797740043359	-1.080918430903365	1.1335412550732207	2.550836842043778	-0.8930825397246901	0.24731579116441824	0.10809684806228444	0.1220482013654727	0.02779525164486173	0.11483599697890783	0.06929395102426326	0.004933606029379466	928.9732770155317	1103	0.03529267763905986
0.3979452260303099	-0.4478033072945987	0.9758992772944634	2.8457946543594637	-0.007720709140617434	0.2467930765048333	0.015573797660557527	0.017194151008186245	0.019408614062029476	0.07675104675059678	0.05875656789209145	0.005000664322875154	981.6507446293676	1103	7.273306108743235e-08
0.9151349826356153	-1.0008969175382803	1.1355695662246885	2.6157260741820485	-0.8624243651781159	0.23752595681246041	0.08800376250718137	0.09618842424854979	0.02714953630178395	0.09578726114546894	0.06260511082802524	0.005495355571012605	910.7812815850298	1103	0.00834702147807758
0.2555627358133916	-0.29277261513142516	0.9471446820452398	3.111675190992583	0.8895741507916505	0.2610406791663979	0.07411889101771788	0.08555546649314706	0.042542971145740294	0.07771451238409259	0.7101031571282806	0.005047802404530032	949.9087050037676	1103	0.000602304921078775
0.2804966104077518	-0.3103834472992269	0.9475023592338945	3.0093196415912122	0.6901205399280989	0.24891179755504578	0.09869373386945637	0.10891935610235595	0.053840899381819435	0.08587527205579916	0.7875701316463878	0.004902121766393683	1000.6048494520919	1103	0.00020509541263658387
0.7704347654032669	-0.8688994124864843	1.1087009251115412	2.76732116505441	-0.7441861808293209	0.25112089991135816	0.08259340827186334	0.09062664581727851	0.02414800794268362	0.10493521390377888	0.08043194652904118	0.004955690916849127	969.3082814052348	1103	0.0016076728755355157
0.3978540209298435	-0.4496926995608883	0.99600971395124	3.015395530787612	-0.0027665321950448504	0.24875828848416606	0.015578151918918459	0.01727121833874623	0.019504548294697693	0.07786391191737758	0.05930717797633606	0.004981862934901916	946.1791175475105	1103	0.00010007451003105552
0.24272878119450914	-0.2760619601126526	0.9411423810703785	3.0833794289747365	0.9991346640229464	0.2506789330858925	0.10168451445681213	0.11560837718931723	0.05715752948855275	0.07816617886577598	1.068090827736879	0.005021461147799648	879.2804496282977	1103	0.00013056397929897732
0.8093660889579553	-0.902341446066656	1.1200527702188756	2.727481603414741	-0.7636078970718642	0.2539435791285196	0.1387949891533515	0.1556361312748671	0.036788473416903576	0.12856045417640946	0.13234410727778806	0.005204203931055123	912.5647156455813	1103	0.0034868711918215984
0.2512669508202828	-0.28471019942336756	0.9370790911007232	3.062106331609384	0.9296662211885384	0.25433598391928325	0.08237850904852798	0.09329357032017827	0.04601154665739704	0.07948707634989534	0.8165099234987554	0.005058931763757272	964.5998840856165	1103	0.0002687965185877191
0.9944751250314618	-1.11215245578482	1.1680750856529212	2.6667037594914325	-0.9056862000202338	0.2571674861597272	0.09232476348879315	0.10276392710695964	0.025422497248599265	0.10711889699503632	0.05587110656434179	0.0050618657860345955	1076.2910451294642	1103	0.03151131228309069
0.39996836908638483	-0.4555296428067952	1.0128728088499326	3.075654057873344	0.011509663284857048	0.2599022857324509	0.015665264112547723	0.01749583833101837	0.019522890495740013	0.0779432351092063	0.059879285993037025	0.005057264485297025	910.1655954613883	1103	8.674161053585546e-05
0.39499703245848206	-0.44912400242309314	0.9892358416446053	2.9788216614469984	-0.006595382443725952	0.2455565094918492	0.015460540045266216	0.017233949439442	0.019543064627404492	0.07798806352298591	0.05907103524048242	0.004936765830985338	1003.369278556331	1103	0.00014606878826603593
0.40435269049813094	-0.4453900740842834	1.0151308581161995	3.0395220943962706	-0.004205060105127332	0.24681919095433877	0.015855472909404436	0.017149193992318644	0.01958270850272381	0.0776460962660143	0.05927975525475207	0.004964696839522506	969.8091461396823	1103	0.00017163146260381094
0.40368349328375314	-0.455800906277895	1.016245513051953	3.06304053695212	0.015282845380393796	0.25564030583031727	0.015622223560907079	0.01730751994880394	0.019325946459693027	0.07691706518692053	0.059260500631960374	0.004994065487349843	904.6496276153607	1103	2.9785191554722605e-05
0.8204204109312495	-0.9124118728420232	1.137149844569547	2.7749740118736077	-0.7812932363485152	0.2466354195875586	0.10532804763839311	0.1172017385869254	0.03255008482369132	0.08889883143121496	0.0960786807195747	0.004712542267636838	914.8593531084915	1103	0.015557614562649825
0.3992760810656197	-0.45029007386453723	0.981394609639492	2.905070192141376	-0.001400654246634677	0.25135763919635246	0.015611920784762486	0.017274916706040023	0.01933393458487421	0.07663740191802891	0.05908124416374482	0.005015333097292184	981.71007560831	1103	4.988858901373763e-05
0.39596168507983875	-0.4522227593470914	0.9838816153507034	2.9377000688014103	-0.0001223331515211233	0.2498707705639436	0.015440851678280403	0.01728789837515548	0.019362871109384283	0.07697172223997406	0.05901240472520489	0.005009703200640112	961.2041213990159	1103	1.9944118436047943e-05
0.7917834654000903	-0.8996780946453361	1.1227202002602457	2.7919890493362787	-0.7654708801620619	0.24978466566432023	0.11949228595112846	0.13489533773578843	0.035169523854661495	0.11030210486271029	0.11787015558968686	0.004928866364313325	975.6280780226725	1103	0.02841915523141227
0.39409237033833816	-0.4493776056014827	0.9711566174423796	2.872562431133904	-0.008086033288838375	0.2459737298873288	0.015414417508820645	0.017228513426690954	0.019395769569674	0.07698084456412994	0.058802677262745365	0.00496061969168398	986.9909745255311	1103	2.194851140574845e-05
0.4035819406906204	-0.4519063798386526	1.011046055525724	3.058218211304913	0.007042845239347647	0.2559976088353165	0.015788398563635998	0.01735012569080055	0.01948337296726963	0.07774843294585944	0.059644278282370795	0.005030625749695762	977.0006032458641	1103	0.0001577583044141059
0.401745093620187	-0.4527186444879151	0.9901090673920815	2.9364483123420086	0.00563077204972438	0.25367069619762433	0.015623293741296162	0.01727459808934102	0.019333794008045486	0.07689732173521693	0.059045149465361824	0.0050069599383568844	906.9765848244984	1103	0.00015356935465201765
0.39866407219619643	-0.4454290718027626	1.0097314280780256	3.0827156877935713	-0.009048234165587895	0.24232453568904438	0.0156375064353873	0.017144590055601424	0.01963699314952328	0.07835049353707489	0.05926595310372646	0.004947351628527559	991.9023629920057	1103	7.089889403245085e-05
0.7527984642345229	-0.8387880418409612	1.1198994038765138	2.8625516043825043	-0.7046870317457974	0.25781082938796723	0.1274568995761728	0.14221933390363514	0.038053818961605486	0.11096078324417065	0.1409932262729878	0.004945525678017087	1000.1687276058062	1103	0.0051649527202716605
0.40149143134597604	-0.4485011023840171	1.010619597880005	3.0561760014483745	-0.0009471517929831935	0.24949288174978995	0.015730798907109187	0.0172472517293123	0.019588687398825275	0.07808381127486752	0.059428869535279656	0.0049883312758222465	917.8081882507988	1103	4.441751237340648e-06
0.26488758880164903	-0.29817097992731256	0.9444738705817141	3.012058793476285	0.8004669202360587	0.2494829922705942	0.06235210512720618	0.0709768195950344	0.03648821405504719	0.07680426089989291	0.5610670738897342	0.004914615501629992	981.6818968001395	1103	0.0003957233666829749
0.3977512955902132	-0.444148778543536	0.9777443394445835	2.9212916391464883	-0.014974890655455202	0.2380719604439259	0.015525447857445246	0.017007241941005006	0.01936818326502033	0.07696441725559344	0.05855045725545398	0.0048539635253434	973.1770810969861	1103	9.960028638988953e-06
0.39529494833296647	-0.4520565500713406	0.9957667262512612	3.01905787708138	0.00016919342388807925	0.252335027517052	0.015516408463208165	0.01739268022172516	0.01946242040946889	0.07752069558833953	0.05954898516554831	0.0050131377636324055	952.1519930431903	1103	8.97660279748221e-07
0.39941947073542144	-0.4479252727039422	0.9959171142604065	2.9849025011237362	-0.0048910862749693244	0.244703950194524	0.015582218159351105	0.017143096690903616	0.019445758402828795	0.07732973931057165	0.058924576524106625	0.004927190273961389	898.0308987089869	1103	2.1002777566572578e-05
0.40215634199315087	-0.44792358302636015	1.0165135524531195	3.090836428751426	-0.001293282342937072	0.2475230325077203	0.015734064160969813	0.017200243614636065	0.019604546816479725	0.07828835169612636	0.05938170956563751	0.004965956688386659	899.491046134146	1103	0.00011698994914538737
0.40006167121649905	-0.44265228363357856	0.9948474850529526	2.9848053061401805	-0.014760424680023318	0.239948916933622	0.015700219605489913	0.01705175599322298	0.01959546994892549	0.07797792584647233	0.05893964824689192	0.004902942094943904	978.5707160730987	1103	3.550650808091132e-05
0.7341691083196551	-0.8214259258832737	1.1171344973819533	2.854370386237185	-0.696625307946493	0.2458102223840827	0.08682801350861373	0.09704905435615761	0.02762834399078288	0.10890042297911816	0.0977037962344582	0.00491194194555025	899.3232567403782	1103	0.0016062138164225914
0.39968223673284115	-0.44882829694104165	0.9988287819151982	3.0209172932219728	-0.0022434524593626976	0.2511713296323924	0.015704696677604504	0.01730493174104821	0.019524878007618443	0.07780204988028022	0.05953951215308221	0.005030828683290529	950.3367245483236	1103	1.2417127738266594e-05
0.40446779656069554	-0.4483834249614624	0.984501187618221	2.9170571578533773	-0.0010542607155922359	0.2488129936615059	0.015735548771944906	0.017127110517534964	0.0192357557653351	0.07626173563223285	0.058837105505148896	0.004955967464611163	876.485249429757	1103	0.00012562850150790023
0.3985745543022561	-0.4498920383177963	1.0059502493447017	3.035948827397931	-0.000610387582982194	0.2525569710099554	0.01567935108760307	0.01736424469259165	0.019638415402248838	0.07821650074777826	0.059641378665858474	0.005066126180105235	944.3639299195409	1103	0.00018919754574132417
0.399449569853559	-0.45090398934595527	1.001523817774299	3.0126050252257595	0.0014541341279290841	0.25368340108319726	0.015680608447989876	0.017363994046519282	0.019534330938908058	0.0777575980863967	0.05956182658237437	0.005016310206126716	903.8501557266345	1103	1.2045311239916088e-06
0.7446843252049646	-0.8464798145129494	1.0888255868966255	2.720753116835813	-0.7172854503506565	0.25004165257381267	0.21746656863791827	0.2443410913940844	0.06263634632457644	0.14916619371294593	0.24113796599011117	0.004926022571594655	906.8193853863605	1103	0.007037223189891279
0.39809170253309406	-0.45265049213996883	1.0008327852599055	2.984827028426157	0.003849827631219059	0.2531884059071009	0.015564542571873695	0.01735315534738715	0.019503412797116048	0.0774854431479313	0.05931367361371683	0.005027915369358846	907.3385784176508	1103	6.374785585525739e-06
0.9593988179769151	-1.076508905099366	1.1432484431853365	2.6196539911249643	-0.8865392613029777	0.2561189521928538	0.08094271859715813	0.0884290660770059	0.025749999189355336	0.0894533050799046	0.05176826959912586	0.0050338149656388095	963.2960259251488	1103	0.023289241708611557
0.39624975369830656	-0.4536454233348427	0.9870168059856191	2.9321581198620312	0.0033413469884090727	0.25260605778352907	0.015453057248536817	0.017343710680837166	0.019369262495758148	0.07687942886960446	0.05909592873350348	0.005015440344182983	878.8702936787379	1103	4.754835135329005e-05
0.4018099765746904	-0.4470563233863694	0.987635347863732	2.9378965614242825	-0.00525693842623121	0.24658847574384182	0.015693458824051005	0.017137076872144216	0.019303292364782107	0.07649792325527276	0.05892755459475188	0.004942727663818385	959.1845129504652	1103	6.129451081873379e-05
0.25708519109699585	-0.2910810964712333	0.9568862159940066	3.1221990302613922	0.8761532622926675	0.2545988576901511	0.09775021912378894	0.11050228914610165	0.05382548221424977	0.08010212810093106	0.9240347696567214	0.0050497360724327325	909.821534044564	1103	0.00023451402032275822
0.2625707834215283	-0.2910676478390742	0.9515889135418063	3.0964703104245843	0.8389091113548938	0.24996399454743046	0.0859937656054387	0.09521435232523211	0.04750556079008315	0.07875665708026777	0.7838612005577875	0.004976863825280562	905.8677246597748	1103	0.00023889220191406765
0.8107712863826595	-0.9290686386071896	1.1340367566682905	2.80631781698373	-0.7701482176606348	0.2614379635642844	0.12481041294278954	0.1414777507999144	0.03502699759813255	0.11287711345238773	0.1152191561046025	0.0047246480443814175	903.6422051639561	1103	0.006215744087395563
0.4041220204071263	-0.4470923765802584	1.0005258829281343	2.9834051618543485	-0.0026817767680505098	0.24704767783696244	0.015766995381814104	0.01712414656185198	0.019403352656955367	0.07707175933340502	0.05899865582866432	0.0049537334731856765	908.3584015576075	1103	0.0001606398630064163
0.40448922811599564	-0.44884311365212215	1.021080375995858	3.0723991214351214	0.002938094471497424	0.2503224361233978	0.015803849027924113	0.017217912419328935	0.019578997602533368	0.07785556109911056	0.05937586066780202	0.005008342969914698	959.7937804456647	1103	2.7883828329771782e-05
0.40131780986004656	-0.44832371124515297	0.9830856357065183	2.9219752919527164	-0.0038581716588681854	0.24974386875988103	0.015701607369489872	0.017214544442153697	0.01935622677633834	0.0768999692481534	0.059078029788491936	0.004992053077668123	996.7171480255058	1103	0.00015333496247912123
0.40073287482842496	-0.4460180216900225	0.9969491012785602	2.9863797864248114	-0.007358229561567908	0.24626957794352988	0.015721984659688222	0.017174884844154633	0.019505874141483654	0.07749368317626802	0.059179248502636464	0.00498728282748564	999.4431247896314	1103	3.908695122222883e-05
0.3977689246300301	-0.4468290493348412	0.9744237567703585	2.8436410987145604	-0.00994962106736781	0.2433263134801855	0.015528421131026267	0.017111459847626527	0.019396929026055283	0.07676108529756193	0.058528329049692386	0.004953592877089398	929.872033423803	1103	1.0199377484565922e-05
0.2496234317688315	-0.28582327119611906	0.9313253762314461	3.013481568085507	0.9111068101565091	0.24657724076500678	0.06509083695080323	0.07518664927337165	0.04416858497306213	0.0796693065732986	0.643478098170719	0.004872154511277741	958.3495732155669	1103	0.0009110483064559997
0.23983867127273928	-0.263329277242413	0.9610766031506487	3.195142341267325	1.0757228247810484	0.24580506044395178	0.009576581523666612	0.010335594581512479	0.019486495549604504	0.07877464438157812	0.1033326359689268	0.004978501443955979	1008.9055322145712	1103	3.9660757605799726e-05
0.40135826118197204	-0.4510707427856095	0.9865452659851981	2.950783035212884	0.0018117408691263627	0.2510102122969663	0.015623753466578641	0.017227469161779564	0.01927807735321914	0.07665820049016041	0.059036987696336224	0.004979681751749625	936.9509360940149	1103	9.509791789109903e-05
0.39986508743978305	-0.4513834815662107	0.9969858973596989	2.954621528600858	0.002545936103294208	0.25214603595246515	0.015617484463159468	0.017295672373716667	0.019406526604259147	0.0768852306775462	0.05916331727570317	0.0050246652348609425	980.953863277097	1103	6.226996263023396e-05
0.399880238498157	-0.45174705892208117	1.0124094664544465	3.071997105773801	0.004180163280256818	0.2512646154561897	0.01561175927329568	0.017301150251688914	0.01956880624434076	0.07816469170297782	0.05941842164608522	0.004984004264360797	922.7288306394015	1103	3.869892070964792e-05
0.2514907741009497	-0.27936297375033137	0.9585161473870354	3.1362572393240735	0.9325028675063215	0.24416584918269496	0.05317293229283772	0.060195407014075705	0.033209074128202704	0.07801449773358687	0.5355184539354266	0.004910762907459566	898.0659385218515	1103	0.00038940290644451446
0.7518360621054629	-0.829063112779792	1.111937101052182	2.8148370990614566	-0.7210438992383021	0.24215282713553735	0.13522529628599603	0.14839298330847603	0.03968932510730005	0.11893389403253526	0.14423032305833014	0.004749564887544539	920.9939077467759	1103	0.002275513476408944
0.8796398469406035	-0.9898949106146654	1.123831358389206	2.673460894155239	-0.8450888444169843	0.24486873375189044	0.1566692046142868	0.17634186344360878	0.037039946882355394	0.14769811245571066	0.1202047970349503	0.004764729818325064	954.8351429784645	1103	0.004070922455513316
0.25130488204577595	-0.2785718244052747	0.963178261701622	3.11656966440011	1.0125310453936183	0.2595243148735174	0.0662363259065563	0.07328322183692668	0.04434060165609225	0.08101846422661893	0.6766998922208239	0.0052698430251220734	909.3563663916061	1103	0.00023735095702551008
0.2543697771721396	-0.2905397872545763	0.956426546491944	3.1547402456080222	0.9020599099506235	0.25815812848503267	0.11247307730266837	0.12755224226217393	0.06228227638242013	0.07815831622814406	1.0810764523073455	0.0051604029904307866	998.8727852217822	1103	0.0005755936889477011
0.4059321029952484	-0.44641271563092216	1.006519588378652	3.00298063923424	-0.0018349353391012872	0.24806275067350805	0.015857210170612028	0.01712804128881038	0.01945858306046329	0.0772123848090697	0.05912473562229332	0.004970881017927196	959.4766308536857	1103	3.2263213581395e-05
0.3964273556321262	-0.4503321025019702	0.989979030824886	2.958070157081561	-0.0026539950606060264	0.24627897628400464	0.015451153958117022	0.017208658822665358	0.019420856957913048	0.07709712054242968	0.058896934964952824	0.004948971091714009	955.9139955577182	1103	0.0001778289507474286
0.39552359917033775	-0.457737983607642	0.9959005436235052	2.9722142454093516	0.011367752725123862	0.26108844195989533	0.015483006797419693	0.01755961601092745	0.019490685942680493	0.07748087104680682	0.05964813639066169	0.005096988943583145	929.2431746963355	1103	1.7020342923360094e-05
0.3986174140126372	-0.4510368566709273	0.9827289115843405	2.889719941517538	-0.0003206168069455631	0.254994517987708	0.01565525479571647	0.017375161373963242	0.01943555581313799	0.07701611302199403	0.05930933518823354	0.005076358944304589	903.8218021810894	1103	4.205571938736241e-06
0.3950699961614341	-0.4501087214427962	0.9821637338886331	2.90915902734478	-0.005152198526633299	0.24278832360451047	0.015343701028814756	0.01713539704507122	0.01931068296776506	0.0766171935516213	0.05851002844039258	0.00487692579162609	927.2486026784854	1103	0.00013019299315739503
0.24335313806729847	-0.2772731381036729	0.9406720978204912	3.056362170058477	1.0065102064581224	0.25341513532708143	0.0959842605776613	0.10910070670269065	0.05418937810007049	0.07761749143085685	1.0076181004544946	0.005049450352478506	910.1965716410871	1103	0.00018542197161930553
0.27575174729066515	-0.30187087167060045	0.9689485560162951	3.1901497984336618	0.7209216025368775	0.24320324204468208	0.09958571658211669	0.108992172468727	0.05403016513467771	0.07812402336779603	0.8222693292845892	0.0048413044980921815	960.2239339342709	1103	0.0001952458454058615
0.40198935890009085	-0.44685436048275906	1.011367450303836	3.0831845248728236	-0.0038993048512604733	0.2521936307475505	0.015879883285262634	0.017331211504018736	0.01969043632656977	0.07877398267211498	0.059899096611530644	0.005053358388661913	984.2027257929489	1103	3.73111031861262e-05
0.40253935677927805	-0.4474895595087631	1.007880732522101	3.0633528333177567	-0.002404469954939189	0.2482608779113587	0.015764503523104587	0.017201610421318896	0.019493972154613626	0.07771721737354846	0.05939775351333719	0.004955369902977729	849.4577283104165	1103	9.452500237927656e-07
0.23746817371431567	-0.26741276986553275	0.9344430113670469	3.0512957506041345	1.0644942584353172	0.2476989071420687	0.08025281381657037	0.09030194537343017	0.04743395791220033	0.07886323044002187	0.8710173324799705	0.005293675784897052	1030.0557114901274	1103	0.0015942843370139513
0.4004241847325956	-0.44919845510180656	1.0037015203853463	3.017268221189187	-0.0011580965517576265	0.24922201752897152	0.015666730619756115	0.017246280313379436	0.01949047130763513	0.07762859270347545	0.059276896947839115	0.004991448053202867	996.2384625302032	1103	0.00017826317827886724
0.4015924440308194	-0.4496635228436086	1.0053022965950296	3.0464730073565964	0.000740002716997869	0.2507783530290042	0.01571250938471988	0.017266058093511567	0.019531285164210273	0.07798070197526884	0.0594263168890065	0.004988942551243973	857.504646828837	1103	0.00011131624735289129
0.3974495595637253	-0.4476037850602774	1.009081939440545	3.0441244840135795	-0.0056730251526977485	0.24669225567031297	0.015623108386918143	0.01725937846347577	0.019669736605475264	0.07820106403031031	0.05939381657328559	0.004989542458017176	968.3232816561369	1103	0.0001564333308379378
0.9060070882718668	-1.0240888361572342	1.1254372892162865	2.6018279904251216	-0.854172534414358	0.24868301356353395	0.1111703390986599	0.12569386900020907	0.029065789712240706	0.1109762690336026	0.08100818143478403	0.004762636204179809	935.7324378066388	1103	0.02330452373516877
0.399854017048885	-0.4503999708942415	0.98173103958345	2.917410107483527	-0.000995212447078616	0.25144551107210245	0.01562527113830289	0.01726722575540041	0.01930899662104492	0.07669793269015467	0.059098596216622785	0.005014011039551694	949.146887399139	1103	0.00010324174719625723
0.4015935317737848	-0.443620071251718	1.0193073238943244	3.129339595193459	-0.009628108537214596	0.24352909443424273	0.0158139393080266	0.017150760535436405	0.019718142715086612	0.07875570925983927	0.059550795000482375	0.004949704290419973	978.7256074216386	1103	0.0001424778069685658
0.39258978249291254	-0.4507305413198534	0.987720632188334	2.9462413672284704	-0.005075696841707371	0.24328521785774607	0.015289425882850708	0.01720042631280176	0.019476164644566286	0.07733184317211635	0.058718133027850006	0.004914159537446058	939.3628569350896	1103	5.181612948089197e-05
0.2389745847445274	-0.2780654467423889	0.9347971936795059	3.0535367222618	1.0232499525372625	0.25495025234325774	0.07310871237636211	0.08494142531350915	0.043494303553653614	0.08115931975565784	0.7837979058249325	0.005043473571888037	959.1426269709382	1103	0.0005616117776497082
0.39625819282534835	-0.4497181747176359	0.9826607479816808	2.899366652179062	-0.004790484682540557	0.24336594040578965	0.015392695826624026	0.017127158815541096	0.019333967489778517	0.07660404036354111	0.05850586268794848	0.004903586022126444	910.8810948208677	1103	1.913653561194175e-06
0.8466728227858695	-0.9655888979153042	1.1248947102982116	2.7072283728813717	-0.8162182888539126	0.25184527571771037	0.10412629914813348	0.11743885341296019	0.03013939373358367	0.10574785051278351	0.08601391043593316	0.0050644118640445265	869.0817190041691	1103	0.025081146400384433
0.7289422896310638	-0.81977465236681	1.09286621909474	2.7677058888280524	-0.6936117620878375	0.25020356383907255	0.11543607574230855	0.13045643822217043	0.036607965795491575	0.1029296044888563	0.13662134637891266	0.0049113247245256755	916.4374490904347	1103	0.11981039980249697
0.39556879212694	-0.45308754332991663	0.9840888546704135	2.9166001139450857	0.0015489684531223096	0.25230082284575955	0.015450721511265857	0.017350147491645984	0.019358748891318386	0.07666984630815794	0.05910055055959003	0.005026969889732947	916.7501091886895	1103	0.00010835491800519463
0.4048712291458318	-0.448411307560735	1.0369804039165134	3.1500748538670926	0.003672326161219695	0.24813676773847063	0.015804927724074474	0.017183984131704372	0.01966094138071581	0.07823202135824522	0.05942979024116325	0.004955271386505335	921.532509785912	1103	0.00014524724433183006
0.4014775715025639	-0.4515849890480904	1.0069526015778685	3.059169759961289	0.004461062523416933	0.25450808234263245	0.015715082196612613	0.017347312937326775	0.01956726574478445	0.07834117726974825	0.05961734096336291	0.00504331626401693	931.7778710505277	1103	0.0001770456938186331
0.40176160138648015	-0.4480749702723088	0.9949076112489686	2.9700317663540745	-0.0029212893429804293	0.24886268071892825	0.015713373588383837	0.017201340406813925	0.019450596774004805	0.07734312957065632	0.05913866063462468	0.004977714756848035	912.426881250625	1103	3.881799290861395e-05
0.39866144501230893	-0.44507636279375623	0.9785274932334441	2.9206348696381217	-0.012565894488016437	0.2430522259192348	0.015623946519840084	0.01711491910489533	0.019446962852873895	0.07737126362086681	0.058878855839550395	0.0049486431118185405	949.9257186559411	1103	8.94039189117724e-05
0.26652506854516594	-0.29969280879636184	0.9413680962575546	3.0280761893254167	0.7665418640155682	0.2434231510943244	0.06615492328240802	0.07370023678970841	0.03584251647941745	0.07587334875049674	0.572313094610483	0.00496605809190525	1095.1840580036442	1103	0.00024101690759649165
0.40089083795284436	-0.44980273098222645	1.0124978892644332	3.0874203596658765	0.0012743808488478521	0.2515365960711526	0.015721682257316266	0.017309112643480968	0.019535807177151684	0.07791179242481121	0.05963144289193035	0.005019499239874872	958.7324516049705	1103	2.8859063111010063e-05
0.24588274878176583	-0.2758796635318411	0.9388207470934605	3.0607627475245183	0.9961899503889334	0.2508171602869269	0.07178524953620487	0.08088167342887115	0.041743875503816086	0.07709346312658193	0.7474202126835315	0.004948345362476097	990.3514394477768	1103	0.0005771547569044962
0.40220239478790004	-0.4512566491770375	1.0020204277661815	2.9999820484882083	0.004209416670509264	0.2532693307019226	0.015706435354702248	0.017292654304191593	0.019445305834689456	0.07731903461160894	0.059327304145058005	0.00502692810865664	958.9657066870536	1103	1.6991799682867858e-05
0.4000024254759505	-0.4465521365321215	0.9795381829621398	2.9075660379755934	-0.008621181697868558	0.244128793231124	0.01561383425553416	0.01710440096200733	0.01935485671196716	0.07691700777115595	0.05874556104945381	0.0049264732855215515	1044.6853511709182	1103	0.000162886242684231
0.7260072231592647	-0.8163185339615712	1.1012178891798166	2.851319295641072	-0.6980413980543159	0.24808476975755647	0.16694664743796772	0.18658273258099675	0.047497826633515254	0.1337797499296619	0.19158555103730576	0.004920385333501869	938.4020040703325	1103	0.000451235195792636
0.2812565292461997	-0.3166595491705922	0.9426461789290289	3.042588189191975	0.6358570992533151	0.24898420300984916	0.011218260190054407	0.01239908032975179	0.01942944077121454	0.07827951933132585	0.08578701580014277	0.005024889339686513	937.7431040456563	1103	2.600517851906047e-05
0.25874047389496757	-0.29501608172032767	0.9449086797665652	3.0893569434942076	0.8638429888503885	0.2574020376694925	0.059636242738100385	0.0677906276339225	0.03590031786816564	0.07716043940939543	0.5643261348543	0.005091420850638266	962.4697942707774	1103	0.0005493820760117066
0.7678710205992035	-0.8858962986803404	1.1226653867798557	2.8404100806104378	-0.7436777258215366	0.25304976580400906	0.13517113350080956	0.15560976873791493	0.040917811015580854	0.11534164912004939	0.1379563042341871	0.004988412117651154	997.5917870351511	1103	0.004598012726578033
0.398635691501359	-0.45286436171162076	1.0199943433593248	3.104468686625913	0.006202019268219153	0.2531800969696723	0.015597763875363335	0.017379672796365632	0.019642858909137136	0.0783182017700911	0.059641014829822765	0.0050387631875996	859.7846512002307	1103	4.068182769080014e-05
0.40233819109427177	-0.4543987095284431	1.0144127926547915	3.069481694889471	0.011575731753380735	0.2608051007353038	0.015771656308404814	0.01748005020700534	0.019557586341247272	0.07798622186759532	0.05992712390295491	0.005103168538064832	981.6013476177428	1103	7.064274578171822e-05
0.39837577161837767	-0.44480556099341945	0.9750064574488784	2.8548710327760607	-0.013602516624674271	0.2385953889140599	0.015516158358526155	0.016996620380989997	0.019378818686422567	0.07673831023623574	0.0582969850805929	0.004887913110904888	985.6933337934977	1103	0.0001347237664810099
0.40264973243130325	-0.4516111703420049	0.9939059067844117	2.9422642486245034	0.0047908738686923665	0.2534005734248765	0.0156861244080416	0.017264170934190425	0.01937904647599124	0.07686117640427567	0.059102834782436504	0.004998691653358661	980.3222452836793	1103	4.338762371222603e-05
0.3991998980456712	-0.4483313155507266	0.9789688278372658	2.89350421889287	-0.0055721047248385915	0.24331585983703397	0.015502899838208753	0.017078110022938176	0.01926989796015901	0.07634166410342325	0.058500749740275734	0.004908779844265011	994.6221357301192	1103	3.5976849729426075e-08
0.39297582830126443	-0.4504341372606583	0.9617204731173107	2.823239126510137	-0.007847837129986579	0.24335033014452626	0.015277247279779617	0.017158445674856988	0.019251182482991746	0.07628409567806055	0.05837316717464066	0.004910575134824941	946.6412732693491	1103	0.00016615051373029713
0.8399958297178054	-0.9526728094766123	1.1140468784551976	2.671129750062954	-0.8005089413993317	0.2564339143745755	0.1333470618997046	0.15019447278677217	0.03667415557711961	0.1185095617630643	0.11366859979544974	0.0052579093520553925	960.0345133289868	1103	0.008986031151986177
0.24802633698209753	-0.2776890126066836	0.938634860715347	3.0554741944058885	0.9595305080005314	0.24724772246401322	0.009842401246225289	0.010822868801772084	0.019248791536170193	0.07746936412574876	0.09793579671941653	0.004988848990215037	962.6747839219845	1103	4.4278182005155036e-06
0.39716866731395506	-0.443201577922519	0.997870646796144	3.0001096837751735	-0.015541657095223583	0.23843214375722382	0.015592864883209618	0.01707030946726125	0.019600388952309183	0.07791444099493233	0.05892453933530421	0.004886429222008625	871.4133948421621	1103	9.215457047215387e-08
0.2734618127341728	-0.3081597801003986	0.9434065942250806	3.0354395565603793	0.7060800734167272	0.24575874941491438	0.10949387894759613	0.12368019874985459	0.05343626216532048	0.0733597553887245	0.9101081963521918	0.004872386482993404	952.4920202877822	1103	0.00026564226355090936
0.4011513425568366	-0.4481586755537091	1.0101525715909285	3.0920489470071906	-0.0020738830088908905	0.24631993535650518	0.015668787960306973	0.01717738003789756	0.01953422975726634	0.07816300630182119	0.059307248282701265	0.004920734831689213	929.0271327091407	1103	1.5374235586612097e-05
0.2531824158673898	-0.2848950396268586	0.9443469405337733	3.0645422988627447	0.9305385609174334	0.25408674048908836	0.07164159685449206	0.08102169374677709	0.04124483231178961	0.07771452294900026	0.7063537153247516	0.005126741868642637	969.118976070779	1103	0.0003901920672340775
0.7586429880093777	-0.8639621731987331	1.103206569244486	2.746948784048994	-0.7268590575789068	0.2498645607771592	0.11014153735625122	0.12437167325213612	0.03368665960696132	0.10489939205519627	0.11599861628462889	0.004909040259566545	929.4909401381265	1103	0.008522708753690402
0.39995902830210145	-0.4540835956803628	1.0139438511832322	3.0687744209553935	0.009102613696504221	0.2534688785541101	0.015569707267991036	0.017336266967754775	0.01946204475808169	0.07748213774126371	0.05939672658143962	0.0049926725158302735	1028.14624120395	1103	4.043399652032709e-05
0.40131063302122183	-0.44494606331761566	1.0018617412183528	3.0106662961563333	-0.008593487028749366	0.24485635384858356	0.015750739723942246	0.017142326580262074	0.019606314825272815	0.07800702184741679	0.05919027438994152	0.004979234854184194	969.5038518866919	1103	7.310897301396929e-05
0.400301469423304	-0.45108256322159634	1.0110015771679453	3.0700026080805274	0.0032619163957659496	0.25095482339967556	0.015636205544561434	0.01728558983663807	0.019503682374971132	0.07777110055803522	0.05942236214357504	0.004981651166348394	1016.8783186929079	1103	3.6534213248792566e-05
0.397596706404047	-0.4518319201112011	0.9875688376676244	2.944167337556336	0.0005810609149757818	0.2513264444808623	0.015527365531335699	0.017300641184007353	0.019422275389342793	0.07732219390139916	0.05912430039218292	0.004991471403760035	1028.9843153354298	1103	9.86624480477556e-05
0.39939446115439053	-0.4467851302888889	0.9963898821292034	3.01671968591598	-0.006901765516393525	0.24439110152178392	0.015624240256456107	0.0171501897644666	0.0194249544762764	0.07724891083785033	0.059110777680284644	0.0049212449392759825	956.3227258409461	1103	0.00013340740150200476
0.8094280614933378	-0.9352343156601887	1.1308290490767448	2.791563747881302	-0.7788261993560325	0.26035951263592294	0.08610378198236342	0.09969407653744926	0.027527450185055608	0.09557139518490179	0.08021099950375389	0.004948061316407636	949.3229385602689	1103	0.01328595794521325
0.7649493866863124	-0.8461717175953789	1.118049170586267	2.8255571649587994	-0.7213494462117213	0.2541286171365603	0.09998110812451723	0.11241153391814639	0.033761582043658485	0.10575651195250821	0.10387765897858281	0.005068492686065046	1030.4283877932494	1103	0.0036533058833579323
0.2550421836207577	-0.2836350250103269	0.9526120182382594	3.130684584705579	0.8897845530450488	0.24976822376087138	0.07213339491306667	0.08020106183498381	0.04243441010877775	0.07899121473935611	0.6913948836343055	0.005154704086385044	932.3258345419824	1103	0.0003050023797067023
0.401135974094956	-0.4520808869740295	1.000448028840771	2.982317707152257	0.005058820781134587	0.25442543066976986	0.01567272410416449	0.017329804589072535	0.019462126113117508	0.0772937172696816	0.059339840993834284	0.005044435845318906	996.8319437289314	1103	2.514253286591189e-05
0.396741373489765	-0.4488752803277743	0.9963033372404501	3.0112232846071234	-0.004943776191701133	0.2504249247627038	0.015627680237578746	0.01734286764730039	0.019588325025186166	0.07804202790040411	0.05956239962229968	0.005044468923145188	1007.7925431442613	1103	6.154567514374613e-05
0.3960626931922282	-0.4484395558207177	1.0050123837674216	3.0619021439170777	-0.005508559482414289	0.24727420992280352	0.015574338546367425	0.017293543428510076	0.019628316881746127	0.07825972954204932	0.059501962576805074	0.004976468602981254	933.4460311125413	1103	0.00015387666216909674
0.2774091807908766	-0.3076341596471783	0.9518344541718584	2.996062011956281	0.7139536579710968	0.24436008821142607	0.08292567508832005	0.0919629339127347	0.04468871290249962	0.07794854794231756	0.675584272422964	0.004917339598649402	1004.5679651493067	1103	0.0005549970199979514
0.7724740974313732	-0.8711490274605688	1.1315170408469528	2.868566904116174	-0.7375886904747924	0.2551664197280511	0.13145585048058947	0.14765301573284179	0.037235683908105395	0.11477158009437526	0.1364460009449177	0.004717228976194923	955.5892596882046	1103	0.005353769365560825
0.8189267584917116	-0.9285971324858437	1.1398514881333923	2.8218230112435085	-0.7857815428041502	0.25049324311576826	0.045252133452541095	0.05289857395258539	0.021274100325191288	0.08996436556710023	0.042008119784343295	0.005171981246149579	988.4795269483692	1103	0.014614801509051445
0.4031939290033089	-0.4513469000407181	0.9994650474354863	2.972118592738439	0.0050627403584686155	0.25220554719893623	0.015686318996038902	0.017235603476430376	0.019372082041976966	0.07687148889732312	0.05908097120756806	0.005008786959752708	898.2517266109313	1103	0.00014144399468672542
0.4079079029788102	-0.45047335037493724	1.0087168012010859	3.018579229735125	0.007504634390155427	0.2557858084181552	0.015916208035795937	0.017262759956132648	0.019351928424596626	0.07683573862644244	0.059434718143662905	0.005043343276413507	933.9881249512073	1103	2.8772479277375828e-05
0.4004500851715445	-0.44950717698598897	1.016635055481498	3.082713819957555	0.0008864632567977949	0.2504498715522519	0.01569815809703049	0.017291803705139264	0.019599252084193046	0.07800964171868839	0.0595417477940998	0.005016621294907312	932.0205175968539	1103	0.00013951232720386679
0.39663983116625406	-0.45153259634310705	0.9909020855041886	2.9679055783988892	-0.00021055639457566287	0.25106428201932285	0.015521468036968047	0.017325848203479936	0.019443867795990045	0.07728804409705918	0.05925290373051681	0.005004697720895515	1012.3586450301535	1103	2.979617221002349e-05
0.26308703120303	-0.29538285334416753	0.9171679307639695	2.9152571951884703	0.765273655470357	0.23963086875773806	0.07718602243801864	0.08670021482335609	0.04583882894161602	0.08263383252954881	0.6761197256996071	0.005215117235934426	920.5143835986922	1103	0.00037696021972194644
0.7647804851412403	-0.8561192038101303	1.118449802919292	2.8192398076651237	-0.7398092775578261	0.2463044432102681	0.15079119404369107	0.16731598648551366	0.043421227976566446	0.12609610552298564	0.1549528878001879	0.005005547151517754	945.3505597937115	1103	0.002554215377168819
0.39971856004110495	-0.4517788759230149	0.978884829954511	2.911981163189444	0.0015310706756077735	0.255978031360696	0.015669132601430612	0.017369159089181806	0.019354278391969654	0.07686721202070178	0.0593736123600268	0.005052525054341597	977.4876910051561	1103	1.3065736871698787e-05
0.26978320935618927	-0.29649424633049093	0.9466313644538347	3.064976629351989	0.7594551938521737	0.23975876965159273	0.07629084838086066	0.08253355199908155	0.043245534943868236	0.08174678835743583	0.6514708682075876	0.005000283219184213	1032.6253332256044	1103	0.00013269776292034507
0.3995931702573321	-0.44547099604862994	0.9880488269651871	2.9410765900485893	-0.010295715019135336	0.23945587794103523	0.015551526413595808	0.017011002358084823	0.019387456339653122	0.07700305936529568	0.05852587722757339	0.004881596642500587	936.7111717068312	1103	9.457051006107188e-05
0.2609911602440977	-0.29621279446964005	0.9237904044638532	2.947025557972908	0.8171897745430879	0.253064886044775	0.08253615474309905	0.0934919389306806	0.046639825660887986	0.0768145553218064	0.7468421659073871	0.005177590998376041	956.0433373968787	1103	0.0009204935241072527
0.9293808040274174	-1.0530925325011447	1.1641936536394661	2.715674495299915	-0.874230816545725	0.2489193303240068	0.09455712178203987	0.10792311680843528	0.02514549177839951	0.11327416703825845	0.06580726402967454	0.004816058140636788	927.2036816123998	1103	0.029094045482592593
0.9088555460163779	-1.0290104467165664	1.1364072816237423	2.6617645382793262	-0.8625109466627573	0.2501828810924037	0.10079179889434442	0.11214712104285407	0.02810563289458322	0.10781015287273413	0.07195028837772995	0.00541078358874849	929.504688477021	1103	0.03582231391914967
0.2747354299141187	-0.3090200121921139	0.9499576102227463	3.0055863482749294	0.7175274797672644	0.2498335331773357	0.11029842992961779	0.12351530537825064	0.061230971673330664	0.07305401063780628	0.9065682054459311	0.005028764602351647	977.7291054929321	1103	0.00016609153440476997
0.8758032581993189	-0.9855674596510379	1.1460837984957106	2.771346541522925	-0.8309379192194005	0.2528202717508886	0.07120998630722356	0.07980720509740695	0.030000291534749937	0.06952873622687776	0.05555425531106213	0.005173163749166549	893.8813607448412	1103	0.010365293552159123
0.8177082439125472	-0.9331819370641081	1.0997055674539653	2.6327848328073893	-0.7843485009624457	0.2550570086292614	0.15173690163129247	0.17566505874829053	0.040018430130694005	0.1322064560743807	0.13757668545519047	0.0051009880946246405	992.6435352818032	1103	0.0034167479702278633
0.3993762180187183	-0.45503393016464977	0.9979901569306874	3.006799260196651	0.008984597455477345	0.2551809213547001	0.015538112378724699	0.017361550840049308	0.0193722317354412	0.07722922323975193	0.05931528467654081	0.005017552083124386	934.7441668901643	1103	6.310230989173439e-05
0.7856031845832907	-0.8705438593899716	1.1112786208087733	2.7637010493439695	-0.7541922487156494	0.2469880445862935	0.09992124228684504	0.11027961436624292	0.03120724412295794	0.1019691949570061	0.09846840713204875	0.004804043567547924	937.4105250947592	1103	0.006394828907041127
0.7746209841645187	-0.8788498600726644	1.1133250664330918	2.80747773854843	-0.7475683091522767	0.2533877215169366	0.10973640917437688	0.12147660420759074	0.036239392222480786	0.09497774163986293	0.10454978011739033	0.004710767224488916	937.599645943767	1103	0.002177057772203733
0.4031559051988187	-0.4476729229080004	1.0143568104040268	3.08315160328357	-0.0011030334298242947	0.24966709803892656	0.0158078706043646	0.017234572381155677	0.01959926286546032	0.07826610489844671	0.059532455802018866	0.00498647555665286	976.2377496091251	1103	6.7766194019737525e-06
0.2465904717546489	-0.27541079379992617	0.9308327062023182	2.9822993125915427	0.9870670252624671	0.2537079935126517	0.08106434400976481	0.09045808320724723	0.04671810327972242	0.07961229335994364	0.8317404363941207	0.005091660610581279	911.3314315395787	1103	0.00037197686588911653
0.4075320500887826	-0.4509710755058766	1.0453357664244778	3.233930560471058	0.010945087070226074	0.25796593111984806	0.016003687921804507	0.017391689277696038	0.01975232638504648	0.07918251128063375	0.060253715177248354	0.005060134502790845	1026.9776126842917	1103	1.1156389266142583e-06
0.40058937840696074	-0.44688465326787286	0.99546354244536	3.0098935229274786	-0.006177085473091621	0.2486777583013351	0.01574370393814598	0.017236561050590144	0.01954569126051041	0.07805311221105485	0.059413939821994353	0.004988908900084984	898.2962054368536	1103	9.430535374617813e-05
0.24508851856316763	-0.27474596376064103	0.9602055756424995	3.175499731625222	0.9936404689637798	0.2490782366840464	0.10150354885798775	0.11353735755814395	0.0563217045393225	0.07841102482133418	1.0622484157774597	0.004878083515504202	913.1737610541077	1103	0.0009054883656358775
0.40019774369050265	-0.45157321127820305	1.0057248107721786	3.0316557421084687	0.0037675434512639684	0.2525232774148709	0.015642947588270836	0.017317012466568877	0.019478739139314694	0.07745638396942565	0.0594171627422869	0.00501238894215777	935.0783086069184	1103	5.187100861627215e-05
0.3969952751166084	-0.45057017814972194	0.9803925000480258	2.9391913473271596	-0.002994417109251759	0.24548203009608663	0.015425463917098392	0.01716428101305484	0.019262633837407672	0.07664700142829028	0.05874140841538333	0.004909088263890758	1039.5718985143244	1103	0.00016064461876362504
0.2577171017322527	-0.28921547558845045	0.9416973101794425	3.0308909117651472	0.8710399787095591	0.2498800414733537	0.10159611202562192	0.11452332196772819	0.054947732862255495	0.07945147863017721	0.9585200723005824	0.005035709343941357	994.0779500244424	1103	0.0001410160253544832
0.4011942696254281	-0.45427622061173584	1.0201237544886463	3.0621302183618875	0.010937289054465112	0.25354322680781616	0.015588792964532064	0.017315277538341774	0.01949910371306425	0.07752848132531237	0.059285458988163	0.005008189243207915	1027.2746973101944	1103	2.216252018285092e-05
0.7797220862351399	-0.8847264726117006	1.104053003637693	2.724652539707053	-0.7602772692721336	0.2418421141555879	0.15333459692372017	0.17252454507458814	0.04318227807316127	0.12489444270881053	0.14988473169942992	0.004813736308980158	995.9004509556104	1103	0.0031193380131333483
0.40033899378364685	-0.4496244627255427	1.004245015969291	3.0540677819665762	-0.00028784213250344833	0.250169921665243	0.015672482831900276	0.017271241317962517	0.01947928613129859	0.07779376050722697	0.05944597234084803	0.004970332913705282	994.0112561383394	1103	1.9580805362879788e-05
0.8688678178133167	-0.9678750305644906	1.1344793278704481	2.727979140143315	-0.8240247158301106	0.24948295009666296	0.12090468736597079	0.13633329268441388	0.032238237122481736	0.12001040272669593	0.09777718402366906	0.004887684996271805	1016.3927650743753	1103	0.007497529618517072
0.40390031815285604	-0.4528326599672392	1.006307894074959	3.0299203253944786	0.008728367648549996	0.2569400751827973	0.015768308444547564	0.01734948609763827	0.01943827838933033	0.07751393850635165	0.05953875775801214	0.005043511377059155	946.7332629698626	1103	0.00013115811246614583
0.4003866207283258	-0.4512535787006741	1.001404104620823	2.9744819254312316	0.0029697860463617945	0.25186847165889586	0.015635993775728402	0.01728654847509127	0.01948038817621101	0.07718970347527795	0.059193798207936396	0.004990311809562611	962.084850377066	1103	0.00010543025557321965
0.3939274843457964	-0.44913181313735173	0.9858515022969163	2.9474367300994873	-0.007287147974059707	0.2450521655174989	0.015416926889804219	0.017231555769826958	0.019504916014700134	0.07750864897679816	0.05896412184549134	0.004974949417001201	967.471605256725	1103	8.912690751432295e-05
0.40212456771487143	-0.44930865865009323	1.0094250035819543	3.0634513177957885	0.0008427555667767757	0.24982222658360775	0.015718293499430092	0.017236199298586934	0.01951151049905062	0.07786259999720198	0.059387817243418205	0.004991152216439072	1027.050629795144	1103	8.593962559003468e-05
0.2563433173486843	-0.2934504640647538	0.9504570473667497	3.0845998952822073	0.8670520338854616	0.25273138692386493	0.08446150983417051	0.09660361935672991	0.04773959400090782	0.07716650686765607	0.7983208688440097	0.0050090801034702115	861.5878627238176	1103	0.00022834362949632902
0.4001356086937721	-0.4506954225109338	0.9847608582459039	2.937571885669404	0.00017491969694973604	0.25022788170823623	0.015595216290776646	0.017230846420341995	0.01930283499321472	0.07663024376993939	0.059010638395887174	0.004981651707216616	890.5510338971023	1103	2.1744434524886672e-06
0.3929351018186636	-0.45025975260784945	0.9761631135324083	2.921631837676384	-0.00687382765008272	0.2434351705546542	0.015306997355521202	0.017185676468181692	0.019323347580301083	0.07684323881349787	0.05869568571280433	0.004893230534566458	937.7835494080017	1103	1.4386143659169426e-05
0.39234390273649444	-0.4524573131303552	0.9925432939655645	3.03191013974285	-0.001904907627381868	0.24778283346739308	0.015336074274840262	0.017328178989036633	0.01948871871929483	0.07799751328780262	0.05927146962405545	0.00495449531901768	961.1326018248039	1103	0.00016888327325194683
0.4031583144281854	-0.4488313401845019	1.0139713813482447	3.040882108396853	0.0011826555537012796	0.25134901913065943	0.015795036060819636	0.01726031008484508	0.019591018444727118	0.0779454196580932	0.05943539174292767	0.0050179093307259805	946.7343390520278	1103	4.341756396276386e-05
0.3993588042142259	-0.45120956332978696	0.974875989720168	2.8985280180157824	-0.00037485902012620513	0.25047495376140466	0.015549405639920355	0.01723299038812655	0.019235142671102042	0.07647092728100342	0.05890450022679646	0.004975409516493326	997.8885681727418	1103	0.00010371095076457488
0.7972378194968845	-0.8873827500472082	1.13283654182043	2.809598421241478	-0.7590993983394799	0.24654021934496723	0.174174070193627	0.19396209275170787	0.04617429148195136	0.1445524027393677	0.168726810146264	0.005076409370394428	977.240469509215	1103	0.0011283484556154485
0.39860956768338573	-0.4487407298187162	1.0030760409631039	3.0081660723942956	-0.0030848331081119625	0.2508533302033369	0.015684104568117672	0.017321547313042543	0.0196605076734372	0.07822221434798693	0.05950172011627523	0.005025731494961177	947.667871576771	1103	8.804297423025095e-05
0.398977478853713	-0.4502872455906685	1.005169190337349	3.0296532862754852	1.6715397332091862e-05	0.24822620935417977	0.015576021797523997	0.017241514737040883	0.019506121883435822	0.07772060258280639	0.059192466498902786	0.0049351684100463564	922.921351471551	1103	0.00011634617179829957
0.399294907063402	-0.45161101749083726	0.995682912012072	3.0012819708025007	0.0021209104340828124	0.248264240071835	0.015511287796708177	0.017207787581635138	0.01933783036956465	0.07701119026234862	0.05898066604356851	0.004962459791626829	1002.3869541417786	1103	0.00017369264207275694
0.2451120550637899	-0.2735178199031096	0.9476560398666465	3.0879186833636103	1.0147695949928	0.2497511171426029	0.07879562592138746	0.08793228624872748	0.04522942704130595	0.08214790392596183	0.8248593912261692	0.004939354946162767	983.5420219234245	1103	0.0004993094406327403
0.26418151657831634	-0.2977220961304261	0.9613846326417603	3.1064748577487484	0.862713557346749	0.26203497375894896	0.05067873461439304	0.058875619024893654	0.03224333039829191	0.07776914775215613	0.4747528119125535	0.005147919185882081	900.2255220014266	1103	0.00016472331864956572
0.26659300956004894	-0.29737146310870677	0.928516741923721	2.9657327641793714	0.7849284753324758	0.25178232789108085	0.08665460583630863	0.0953314010342527	0.0501908294494553	0.07954721197275841	0.749729787647754	0.004996059055839507	1000.1218897401944	1103	0.000158029421586762
0.3971468945320289	-0.45299262242295635	0.9954625118965307	2.9588105946406587	0.0033110081602195814	0.249650097135582	0.01544050572274269	0.017269249934243162	0.019410245622176234	0.0770264988533529	0.05893136187487	0.005001504318302837	983.0969631233808	1103	4.998101700260745e-05
0.2730518154230704	-0.3017550302473699	0.9572988919634882	3.0680873927939984	0.7606598987624567	0.2512330840113835	0.010818581227624443	0.011747156096217246	0.019375934984335215	0.07786085064612029	0.09000697982536109	0.005025023815730986	902.5403564786078	1103	4.6181278234637265e-05
0.3972218777785915	-0.4480766982858289	0.9903664357587413	2.9645477303660766	-0.006736044333400981	0.24320525507030757	0.015490056781960939	0.01713727206996057	0.019464264092248853	0.07742651033596053	0.058808354916028864	0.00492217172339471	968.7675056608389	1103	2.65722970938083e-05
0.2464478917058526	-0.2747457048424691	0.9484200559152933	3.1089442449882103	0.9889874824376677	0.24630261442789808	0.06482238841370003	0.07234315903035836	0.03898101989368549	0.0799550662991034	0.6689743388948975	0.00493282384616845	987.8926486812619	1103	0.0006020792002069126
0.7253808332342497	-0.8257130072480741	1.0737102783260617	2.6744912297061596	-0.7033838353536828	0.24578937012049784	0.10263262383152635	0.11666474786703733	0.034451708763722735	0.10049723286176777	0.11686531941716792	0.00488008138683183	958.0133666594174	1103	0.008435587966426718
0.4004431573449992	-0.458065632293992	1.001416617034173	3.008939659621992	0.016018987257807923	0.25999601319561394	0.015549397293447462	0.017441533578975186	0.01936144151834397	0.07714828073088432	0.059434667068379354	0.00504611740119601	1017.1588745564807	1103	4.8130359317621775e-06
0.7867713601770583	-0.8754481305095357	1.13693612800098	2.841711080915838	-0.7429300053577814	0.25451849404497606	0.07468152890567444	0.08259928681722915	0.026070110479706088	0.09156519202408568	0.07487396024553242	0.004875392646340263	896.482535478844	1103	0.007659427864347252
0.40190872609612277	-0.4500427627410576	0.9962361589767145	2.97016414677943	0.001284948557285156	0.25085736567216077	0.01568067876365989	0.017232182472251147	0.019386732815347914	0.0769717976819455	0.05913050531153019	0.0049942433239012615	1031.378618810032	1103	9.410739040819986e-06
0.39846690657390227	-0.448595597612587	0.9864822897880483	2.9560068246411837	-0.005135861810042617	0.2495978507967057	0.01563990041533589	0.01727164467843103	0.019485145758016374	0.07759596259036142	0.05927231976064524	0.004995075552507066	984.9795596651223	1103	8.737587108854427e-05
0.2558594402319419	-0.2878369788889097	0.9285885872701063	2.9746022299072234	0.8704591414675953	0.24585862030022798	0.09440784585616668	0.10617000832115618	0.05293885532752608	0.07689496257913787	0.8924244390784987	0.004584877443020104	957.4184948612758	1103	0.0001798120728214764
0.39846108772510336	-0.45011662753110904	0.9964592437675369	2.9595478815540543	-0.0009656229315543014	0.24690339526678184	0.015519140039957283	0.017195627023109682	0.019426506923005217	0.07694426975444635	0.05887778394105066	0.004974449234664539	921.7262597886516	1103	0.00016203925720178564
0.25293848592216955	-0.2845471785502499	0.9365934334416498	3.016327977391526	0.9107592712089931	0.24802250043001367	0.08266279759922518	0.09283385347036194	0.046910768760830564	0.07703424639396284	0.7945764216608039	0.005011716640454277	939.4473108551124	1103	0.0005539977938034338
0.3966573417247057	-0.4510481635786818	0.9907355353300281	2.9894804060900486	-0.0012998713865887222	0.24950267748484375	0.015506240227691885	0.01728992483625696	0.019430136733307974	0.07740662748508353	0.05922204644053219	0.00499404683896396	916.5759946592909	1103	9.881791387381818e-07
0.4000916068067626	-0.44708511096865083	1.004677793715095	3.0631980197838864	-0.00547902514043176	0.2485197960033601	0.01573782944708092	0.017261267196638088	0.01962072328635365	0.07848828495886884	0.05957261299611367	0.00498432201202196	945.4900304299427	1103	0.000120100447560584
0.398078235523134	-0.44924922809606777	0.990823089665721	2.945917857961279	-0.0035547355207231897	0.2482104646792834	0.015575812265296437	0.017240738023965405	0.019426464889997695	0.07700077833091781	0.05906329867279232	0.004992881096908062	993.1581783115656	1103	2.0702038193415796e-05
0.4068718571445324	-0.45308709332109703	1.0102002998593784	3.012063429412699	0.01202976768993415	0.2589614403745839	0.01585911724460269	0.01734134818230094	0.019442529153081558	0.07729385815901595	0.05949852363771132	0.0050806818472933415	944.0645788367909	1103	1.3546629142509552e-05
0.4028647948160753	-0.45511607454777336	0.9999489328516963	2.964311613711522	0.01207479711075897	0.260730000289026	0.015728538167849724	0.017433213531534333	0.01941701842114168	0.0771094547560561	0.05951105894212151	0.005109106845205231	930.7321740859993	1103	3.885876365685311e-05
0.4017724686238925	-0.4506308818612549	1.0057346655715358	3.0307766299989867	0.002912581785259082	0.25378307676507283	0.01574146802889059	0.017327171010805043	0.01954591953752414	0.07792392971955098	0.05953826161185585	0.005063349215027869	974.969813754477	1103	2.973884212429439e-05
0.8273153063850428	-0.9113131539582482	1.1675000462292617	2.9468103099511036	-0.7773049681458701	0.25258952029889076	0.12856999161009416	0.14077973867469487	0.03696673765119571	0.1122615003639955	0.11663458609749718	0.005266086491410068	925.0512372194125	1103	0.005317946236275908
0.8922087316741436	-0.9797210896275513	1.1380161998102805	2.666447824583266	-0.8394457912917749	0.24452737231461646	0.11575057883123496	0.13022514185952874	0.030256463336954344	0.1151915500040627	0.08827307788276616	0.004697822170035366	971.0599304329508	1103	0.02055409555606973
0.7781083568523744	-0.8844546059265188	1.1136806528998442	2.767700493216884	-0.7545320081569495	0.2528766064801545	0.0833882085807931	0.09479082667764802	0.030795677805738105	0.09275228719181654	0.08223694517648636	0.0049522227238685745	1002.3367928202036	1103	0.036866948480868016
0.3986433224818021	-0.4515457459355908	0.9996466964470372	3.009347480590658	0.0021144812136142353	0.2503243058489007	0.015552678035555548	0.017277251568833574	0.019420134336206808	0.07727369585591928	0.05921644044164251	0.004965112311556507	1032.6180479564655	1103	2.685847975728715e-06
0.4040742298066679	-0.4475558133557749	1.0100888781283581	3.042931778295593	-0.0009744491696140874	0.250393456788272	0.015839177141312766	0.01722542947049124	0.0195591507658464	0.07796817891030845	0.05943940954626324	0.005000976413356884	967.9828866671326	1103	3.875180823451045e-05
0.3998466481119349	-0.4472015293828462	0.9962941035804725	3.0036814899316826	-0.006015557312001091	0.2487904200643589	0.01571992676994358	0.01725240650789064	0.01955320225054606	0.07793151707226754	0.05940547693322301	0.005007868119399877	913.0453663297643	1103	6.644881052440281e-05
0.40164846308772356	-0.4507390460064786	1.002137883133974	3.010533278174834	0.0028866854300414286	0.2500555431821121	0.0156422364515504	0.017222968442367613	0.01943781051448914	0.07733233124717621	0.059140436175589464	0.004976600131371438	1061.080410664431	1103	7.495147056823908e-06
0.39547307941969106	-0.44827088886335864	0.9904418409321051	3.0024927884420936	-0.0075705804771891965	0.2471283989305225	0.015542959932951485	0.01727829660279808	0.01949216056760926	0.07767895294596605	0.05935069165546778	0.004998128620437623	1002.9973061483391	1103	2.8202922195018027e-05
0.7018767126277966	-0.79336748080049	1.0800156654048456	2.7432745457790166	-0.6528821849624814	0.25881272771802566	0.1439814994474745	0.1609518162019058	0.044365192795173265	0.11283716562677858	0.1781684828502094	0.005069595150812562	887.7989603041909	1103	0.00160960436892932
0.3978511416835787	-0.4490564210431591	0.9879603526427363	2.944089411303255	-0.004516098746073406	0.2487952506106755	0.015590279307043606	0.01726106665260086	0.019444898908370204	0.07721588421661825	0.059142567766742156	0.005001027476687888	910.0870551026446	1103	3.897734085155474e-05
0.39754281518530654	-0.45203876423442396	1.0025603885384398	3.0313433985691582	0.0021460666241105274	0.2536325051097973	0.015594682359039639	0.01739161659540148	0.019610808888958806	0.0783244905109766	0.059584203693474384	0.0050529094829746555	893.0645775855442	1103	6.939993337268404e-05
0.7722667449328333	-0.8621559649677669	1.1265981375666874	2.8355690549274306	-0.73369700539939	0.24937301893472455	0.18253039782473793	0.20305980661140935	0.05068244830871822	0.14181705266207434	0.1877637278947014	0.004874909018343397	925.132204309308	1103	0.0011192172265192535
0.39839445734777745	-0.4530299897915925	0.984588591748827	2.9276122386829924	0.003288171698845552	0.2538079267444489	0.015549132630295054	0.017339139514416093	0.019313366278431034	0.07670013361124156	0.05916936918112028	0.0050179869921643475	969.853054215467	1103	7.973442832576162e-05
0.2559459297366728	-0.2849332362630578	0.9462533167430495	3.0375217662686564	0.9090520711235336	0.25111932759705335	0.057550735772137575	0.06488899523445521	0.0349332656933969	0.07663317658578464	0.5597872368921732	0.004948222864229906	979.1487218078587	1103	0.00010822593612169858
0.24206472942672355	-0.26997577773592524	0.9558678006565635	3.1049969758788176	1.0500174764649377	0.25224262728660796	0.07804766415626227	0.08666985125131983	0.04518986697720932	0.07813507023727252	0.8357837321393574	0.0049509467449446514	993.5203311798941	1103	0.0003269662316440277
0.3992790452332572	-0.45930855093709566	1.0017173348737494	3.012921169103751	0.017465680042609774	0.260457338123477	0.01548925059581652	0.01746786446248334	0.019301706122375546	0.07686648850926135	0.05942571904948282	0.005067665728910054	808.2878816071438	1103	5.8603906810518346e-05
0.2687126099326817	-0.30943846966940985	0.9634446816732837	3.1304984587646922	0.7613034484375186	0.25656981212572627	0.010630209325565647	0.012008778494159527	0.019545333726347765	0.07895480169044067	0.08990993229458798	0.005067976084325295	958.6303024519941	1103	5.384401254406996e-05
0.39908537150297524	-0.4476473595005087	1.0126336276934012	3.034719930586308	-0.0040156287481595354	0.24502731881009013	0.015613848345103834	0.01718256587115239	0.019677295883179676	0.07816058377507927	0.059122925746089745	0.00496225375826727	919.8221867349467	1103	0.0001083922018937586
0.40374507420750033	-0.45376403794792314	1.0013584403427789	2.9842215856523415	0.010157754623103431	0.2575251536134397	0.015730580414421748	0.01734758253542413	0.019345832514512284	0.07683915672571118	0.05937367317865595	0.0050486449117506035	989.778848979252	1103	5.1184846039122084e-05
0.40361022633318616	-0.4513252658430858	0.9886079303586364	2.9222753805218127	0.004172760742173921	0.2514055932345723	0.01566072648783601	0.01719062473579195	0.019278073181625853	0.07661844784414469	0.05885067762901894	0.004953757959919344	1001.1137433234434	1103	0.00018942291136616194
0.3983967391247707	-0.45305384781114144	1.0050937995338647	2.981686794118168	0.00525175150030076	0.2539045477077689	0.015572936664251953	0.017369159372380105	0.01954817694646481	0.07755832033867079	0.05931165796594795	0.005071341984790635	900.0916905299866	1103	1.5250057303376796e-05
0.4012000505707493	-0.45040843585495954	0.9826493410742354	2.8903393583521546	0.00020588987297555863	0.24739882760218077	0.015550996481397765	0.017131148740246155	0.019261270103912626	0.07637008368878467	0.05857651422629224	0.004934293450906425	911.3097135652616	1103	4.453586934056036e-05
1.111015561998629	-1.2428568393918542	1.1495982960755349	2.395183280772971	-0.9631952212256015	0.25336464925004476	0.11833006434540275	0.13122398333069177	0.025538832896842615	0.11987284784980941	0.05636876699199892	0.004835455783042646	892.741538077761	1103	0.03589428479110192
0.7216364983190853	-0.8130652892877666	1.086923056915931	2.77730613629642	-0.6990990186587898	0.24443653071715263	0.1918587848859039	0.21418575135127688	0.05573932808365735	0.14170224424475614	0.22069794314145166	0.0049263545895894155	849.043261817129	1103	0.000849485633859362
0.401908666160381	-0.4487344898700803	1.0079746322865863	3.0716408363544234	-0.0006121355927715699	0.24961483814703816	0.015734960405332094	0.017241537930363704	0.019506925009617582	0.0779307280464285	0.05946697887022314	0.004978309597401929	947.5394215802531	1103	7.748705152812202e-05
0.3991515516377498	-0.44984816124205357	1.0057358478706355	3.0474882769254656	-0.00030999017140788735	0.24788301075167812	0.01558366795092711	0.017229247532443027	0.019499070733551553	0.07768970018309145	0.05923492720980486	0.004942816471777257	969.6185501031243	1103	0.00019585613974431592
0.25692645240070244	-0.2898702031932552	0.9367786878589947	3.02740798265166	0.8541525155151266	0.24625840794605355	0.12206423978283074	0.13841386660018257	0.0717257937020375	0.07943203906280387	1.1421473083221143	0.0049889669848779	1015.7741629295053	1103	0.00025038725572776234
0.25508788044476205	-0.28608907219579305	0.9557744994962056	3.08626193395871	0.9231387810617814	0.25318754751070616	0.052641555550881534	0.05885926969765876	0.03282843137172162	0.07762922255036239	0.5133659334283003	0.0050091189528465585	956.8547483019764	1103	0.0007220927046102645
0.39921726209313807	-0.4480664098377315	0.9980393831066281	2.9910536004300567	-0.00444665562812312	0.24548456606533117	0.015593181180213285	0.017166468440172486	0.019462738196657253	0.07728278822545838	0.05900383640688521	0.004946220778498694	944.9116205703485	1103	1.6922150697176314e-05
0.40432553205095617	-0.44677910384488384	0.9981759220786622	2.9657579255965483	-0.0033374720121265946	0.2456264626688109	0.015747423330757095	0.017080961097595167	0.01940141079735592	0.07700755930490111	0.05883615391649572	0.0049282419675685946	980.1830141183763	1103	0.00019618816605193536
0.2710984111728542	-0.29873227265845803	0.9432509633726593	3.025977873467399	0.7687368140248096	0.24593533415447322	0.010698471186933147	0.0115845744617141	0.01917577415113542	0.07705289077816965	0.08997874454150598	0.004933079216345609	1036.1539313151206	1103	4.678579642589637e-06
0.7403978886003713	-0.8147575646335657	1.1110363569482375	2.828209785654523	-0.7012159818770347	0.24815452012732078	0.1650220160018525	0.18098915549372818	0.0484540755431244	0.12387200131539088	0.1847247984184024	0.00506207036312035	978.7348688462569	1103	0.0010778916437792234
0.8785916328156068	-0.9983454949919799	1.1173795058652665	2.6425112638533412	-0.8485904417605414	0.24122509060034475	0.13486059177353169	0.15240222469178288	0.03667136126785359	0.12296966743530349	0.10237003312241406	0.004922869944938092	963.1623730083405	1103	0.008339229776093297
0.400556623259963	-0.4482245143455529	0.9790786880923926	2.893154255352286	-0.005594356969831631	0.2466833912447505	0.015618104099282762	0.017148660377110304	0.019309992334468642	0.07658142935054635	0.058748194454703605	0.004966911068646686	992.0039593893201	1103	4.647991143725152e-05
0.4033892483848463	-0.4461941596278238	0.9989456615243667	3.0025220713986456	-0.005143197114747301	0.24672061643807927	0.015784286779402298	0.017140788188426608	0.019421615162163956	0.07733569730965713	0.05915532229265177	0.004924892372106948	1026.348207545891	1103	0.00011698236397788415
0.4012669913717759	-0.4535995166453419	0.9938310412305594	2.9445971824609556	0.007678818408653887	0.2559725470889164	0.015637098409986297	0.017341972739828224	0.01929954469709195	0.07642374403507128	0.05922468186019964	0.00504536703040099	999.2939098512725	1103	9.531304274544947e-05
0.397425618127204	-0.4513013874302587	1.0053781787917184	3.048793874073873	0.0009334018234447943	0.2527610361665747	0.015610515707957398	0.017387894751519202	0.01962310304390498	0.07829314060373908	0.05964653543989307	0.005044105712412282	919.7809326404472	1103	1.774403604521881e-05
0.39816496397961865	-0.4541629070101951	1.0102642426733577	3.0122134889990013	0.007866959916126426	0.25225603128806634	0.015489973752076678	0.017325373887999797	0.019514177662699198	0.07739710226727588	0.059163226176450236	0.005021562612729647	975.7093623465818	1103	0.0001947372635190016
0.3996707705854513	-0.44509130039227035	0.9809094916338147	2.9152129187484297	-0.011622278796771215	0.24353045709736948	0.015656568544998466	0.017111275138358605	0.019413868545198755	0.0771564710511187	0.05885762030120739	0.004923694668577979	970.3466838456558	1103	0.0001790746433052768
0.4019854973517913	-0.4450510623967424	1.0008640187332158	2.9930848882231986	-0.008116592065039422	0.2457138727776012	0.015780781174450604	0.017151125620652328	0.019550175291817618	0.07770626047168104	0.05918046950163177	0.004956026787932636	839.108740420586	1103	1.0466642497944273e-05
0.40361512779370834	-0.44668388468376996	0.9755194191016651	2.848168907742722	-0.0058072225090758465	0.24566431291821883	0.01570244784646837	0.017059350497166486	0.019201311140155327	0.07587272157019505	0.05852300501297004	0.004935816749937663	979.9814743124692	1103	5.11222151249299e-05
0.39712687022092086	-0.4504999394155376	0.9847182762202984	2.950521640115727	-0.002655758834702846	0.24849008984591264	0.015509009557104131	0.01725064059026803	0.019369561637128895	0.07709416198393565	0.05904937289652445	0.00495605128629372	885.40668583499	1103	0.000127929013566618
0.2577602019164549	-0.2869476071127585	0.9463030403296033	3.0891754084876655	0.8852428977629434	0.2509405769748131	0.10659582032755648	0.1185047906226004	0.059115823523484046	0.07851704175079599	1.0083058867408108	0.00497830221661791	1049.3094099041919	1103	0.00012574425640518008
0.39680790378217756	-0.45013186241697023	1.0027817819159486	3.055803856073104	-0.0019594419163396462	0.2508823689973337	0.015598198575163367	0.017354079766554332	0.01966546552075079	0.07865083550577869	0.05962332328353701	0.005026873657517654	946.3955369359026	1103	2.8043397657987972e-05
0.9685590354123356	-1.08428809277742	1.1458133520637697	2.619762650316002	-0.8936299505127042	0.25372541650814	0.110089106270002	0.12142901257836881	0.028825678748382072	0.10082899353152713	0.07132359965504767	0.00486687598668908	1007.2024919964658	1103	0.043586728970684246
0.3902815280390942	-0.4514427955519467	0.9781599220472198	2.937500792468459	-0.006229193535707309	0.24791646436671913	0.015312782073106268	0.01735176455250855	0.019474203202480337	0.07749343999336458	0.0591639272214111	0.004992349807796939	943.8668905733946	1103	2.425524726755814e-05
0.40122735762314204	-0.4546477706163187	1.0067458125249116	3.0433108058878116	0.010296507391207417	0.2574520547364324	0.015653698442826977	0.0174024565399195	0.0194842930332614	0.0778233475615453	0.059579131407674	0.005061631763151398	906.5215752241929	1103	9.79350652275851e-05
0.2733375416595918	-0.3104227086620211	0.9386550392615174	3.0004958543192353	0.7132458418379422	0.25266677715434865	0.05643468835295312	0.06330270391339184	0.03078497467130187	0.0785181625304307	0.47159063562943837	0.004897204106755695	937.1821566247327	1103	1.6657733577536274e-05
0.3974654715950062	-0.4506480310904851	0.9909523501113703	2.967957233035032	-0.001477681414871654	0.24683110175727327	0.01547684237736215	0.01720520314059354	0.019381634131785928	0.07704291291583791	0.058913090869402045	0.0049197523572046455	933.907362888076	1103	2.0204667452442147e-05
0.4005594712574204	-0.4492038650468405	0.9839267219617719	2.9123608490665505	-0.0025864796169833143	0.247247746779928	0.015590992693261129	0.01715591212326975	0.019302614137043494	0.07658966688955567	0.05877516696149771	0.004937002746453353	957.8065051273011	1103	0.00013078353068324112
0.787841928101912	-0.9029777616124998	1.1212454304929211	2.796808664768534	-0.7670805615628512	0.2535576639740583	0.13672206809170864	0.15403575734356545	0.0389608514324948	0.12104292337806287	0.13073499767548577	0.005228062441401129	904.5842196104809	1103	0.0029751984435129487
0.2568469888317148	-0.2851064244725616	0.9433856207639515	3.045861568776891	0.8738215278130639	0.24733265291975814	0.07850087041115258	0.08667745941474315	0.0447668321294667	0.07792269998713722	0.7345370046571394	0.005019942163223749	942.2053484513849	1103	0.0008485663365991621
0.40022284674875935	-0.4482256759580206	0.9936444774616415	2.94404298542888	-0.0035946007195022376	0.24414103328667813	0.015561291767288968	0.017098981064798884	0.019385549320799136	0.0767855709890616	0.05867327740902412	0.004901376833051515	950.7696802182251	1103	0.00015810769584458404
0.40117412954704496	-0.4489181979323706	0.9980147242568486	2.994900347857772	-0.001465407540377184	0.2494695028703537	0.015689771041589223	0.017226839137337024	0.01952689323357998	0.07781848055328378	0.059224288562325346	0.004976831176822709	1003.3501319576676	1103	1.9989249067727005e-05
0.23980942952741788	-0.26912486401726937	0.9440277082975677	3.094032101481642	1.0649701227929915	0.25445545060303004	0.09697164635766045	0.10910557670513474	0.055380349275939676	0.0815389505936625	1.062536682470062	0.0050721125874151705	896.2129520130405	1103	0.00012147659542881667
0.40318080023058994	-0.4520128399085613	1.0127118953822516	3.0313590569411337	0.0073201918555471585	0.2553371343851035	0.01575580229695436	0.01733583226486305	0.019526145882087804	0.07763454725787484	0.059489898197945194	0.005047206968367116	912.6485332598688	1103	5.86292381485915e-05
0.4002721085912723	-0.44658704617659856	1.0020548902180446	2.991131152461175	-0.006317219206117299	0.24430005884682388	0.015648571620062737	0.017133239302899974	0.019512205243108045	0.07751817178511355	0.058974570811016244	0.0049500540398606	1004.8001458046681	1103	2.0254162417868288e-05
0.2534079160694967	-0.28743998555087374	0.9331165747184655	3.02746108125222	0.8769547076323267	0.24815461048606352	0.06889314720813143	0.08027112094841525	0.03352838600847744	0.0782979168254448	0.6748182277722123	0.005043311145580336	975.7870173180979	1103	0.0004470671650201576
0.4054442418971377	-0.45120111632832816	1.0082625358611303	3.0164449068610635	0.0070693488432335486	0.25468505455087154	0.015809442609469575	0.017271860656670888	0.019417668106994194	0.07719891202468275	0.05935870020983754	0.005028844747686336	976.0973844812879	1103	2.0492635003821264e-05
0.4018296980163978	-0.452663284389656	0.9908133123344693	2.9512886847942723	0.005724832241481143	0.255200081073634	0.015667805751945967	0.01731752404459566	0.01931553444362744	0.07680228930377767	0.05924192021984111	0.0050106262623507685	988.6111806733076	1103	3.575430108037988e-05
0.406022183630011	-0.4521578477570004	1.0245566222112725	3.0947980451885106	0.010830112446350777	0.2576154373146392	0.015876974794408832	0.01735921619003759	0.01950773199282625	0.07753036493564167	0.059756798160205904	0.005058514514554049	926.4533608969941	1103	8.53890325804748e-05
0.3954918331689779	-0.4502259128519609	0.9807865246814559	2.91168073174869	-0.004438159083260544	0.24669087691662964	0.015434134498798416	0.017225866002471855	0.0193900581406411	0.07692410785649656	0.05884561355647875	0.004955060292921413	975.9350236795979	1103	2.6300807314153136e-05
0.3933241711005701	-0.44904549172279606	0.98835359519214	2.965367266998404	-0.007870700576325697	0.2421713420231964	0.015350041466051156	0.01717585989661359	0.01950170554371231	0.07753809241647394	0.058801081475862355	0.0049271865871245175	936.4154412485983	1103	6.817556632669394e-06
0.3961139643175801	-0.45134887422208225	1.0066249590940304	3.034331777554245	6.090634097939918e-05	0.24871869203647706	0.015488503720007816	0.017303846030092246	0.01961698517951908	0.07822397599484653	0.059274335369211645	0.004996357513619344	995.8606361067468	1103	0.00011271652778767546
0.3975031593400211	-0.44853903817170454	1.012037515692521	3.0724814113523475	-0.003681748115088542	0.24903914565139929	0.015645435725507924	0.017318320611691213	0.01968257541604708	0.07844100796308921	0.059606302088099174	0.005014725256759654	914.0042112374529	1103	4.756219301109375e-05
0.40534998451238846	-0.44911186527268643	0.9946486027105346	2.9286301566704394	0.0018983866686630285	0.24728007480505565	0.015700101364464564	0.017073887711414444	0.019231475851816202	0.07603546809888792	0.058620631015346016	0.004913719437159415	1021.2194626496893	1103	9.998149656533165e-06
0.8504723559435676	-0.9637707288408869	1.1265762535264037	2.7225285599070124	-0.8242562620419341	0.24536107001778668	0.10349786321780333	0.11492974317183001	0.02948090089362997	0.10660803837080116	0.08404681933759255	0.0047827396980489175	981.3231238237615	1103	0.019702629681557116
0.3994589975064503	-0.4448617718036759	0.9800723501287885	2.9287446085598376	-0.012298640603949544	0.24054323411982198	0.01559073434398385	0.01703851570288974	0.01937461144952443	0.0770725897541171	0.05866103063411257	0.004908592420845011	1009.4892266587792	1103	9.724415066344874e-05
0.7407169212545385	-0.8557708698557523	1.0951011273891247	2.758190326395462	-0.7222276249242192	0.2514933908547991	0.12040372713324603	0.13656064486633096	0.035278687329084304	0.11430831145572312	0.13052591938667035	0.004975663535637594	1033.8199263449537	1103	0.0004917003307335863
0.39403100543537456	-0.4529383216273188	0.994026064950744	3.0005378603218675	0.000707509974115697	0.2507303588037408	0.015410088581473884	0.01736442153808793	0.0194299233587894	0.07735154248427158	0.05930573980647961	0.0050145400109712504	974.0261965614227	1103	4.3462872554165814e-05
0.8283422850398806	-0.9252999282991765	1.1327550962976973	2.7588635114466387	-0.7863613604963723	0.2530947138323374	0.09408010950261038	0.10708721830036906	0.031151587039092973	0.08342811339105377	0.08581731499622405	0.004836406556686157	852.2949962233201	1103	0.006716670380968825
0.3983097728122244	-0.45464316267936045	0.9999985357706669	2.9597014299049	0.007772455849508895	0.2525970830743072	0.015469720666861244	0.017312333675562445	0.01942069016003023	0.07701293647855414	0.05899394459416561	0.004987266376094578	1005.6128210356824	1103	5.757793562510029e-07
0.40728316573087314	-0.44941587578559655	1.0146514952030894	3.0176488759041824	0.005690281822676151	0.25235278768146213	0.01586809549830453	0.017195488732302235	0.019465227444462836	0.07723574775510109	0.05921706693578191	0.004998228301492798	1046.31651580216	1103	3.3022929653856734e-05
0.3998311620603107	-0.4465200308934254	0.9914418185063589	2.9506092874229393	-0.00758801597792044	0.24341917805676938	0.015609565926555907	0.017105510772432428	0.01936484353636226	0.07675588953693206	0.05881046068939408	0.004906892657328818	888.0932435174899	1103	7.142611279425319e-07
0.26792727055415555	-0.2988651876427079	0.9456434270519539	3.0572907058705643	0.7642332709519295	0.24414487003845126	0.05475313567904355	0.05981123223601728	0.03364496500686141	0.0775815359633192	0.4709416666604494	0.004920448422901597	1043.4533206442675	1103	0.00022261536241472611
0.39864366465355605	-0.44702958641564894	1.0020361066999235	3.0510756414510807	-0.006715997017215116	0.24242819299999707	0.015562563944684664	0.017123339860129868	0.01943866576615305	0.07744819180154373	0.05904814394156362	0.004895707542719145	1014.3802796799961	1103	0.00019273880313844604
0.3985802583705204	-0.4486247994242947	0.9947278233315816	3.0034681153579776	-0.004098627103869728	0.24762979118021594	0.01560457640258528	0.017229221876986663	0.019475856626224013	0.07757086638089046	0.05922573989872859	0.0049571195363573885	978.3513142415004	1103	6.704296660359092e-05
0.39925827119433965	-0.45367017090636824	1.007408176099739	3.0254732636413677	0.0072799004638395715	0.2563916760279462	0.015629778235286173	0.017418384381932522	0.0195019751173415	0.07752402326550288	0.05958930587595934	0.005065093775273444	968.6456371552573	1103	4.225215262797523e-05
0.40409357380311106	-0.45145874117646545	1.021162862621977	3.0764549712699627	0.007562996778811365	0.2554074647776454	0.01580979584445649	0.017336828740932068	0.019660450727684946	0.07840036203169157	0.05963376008246455	0.005064049256029376	1044.483128477803	1103	2.3364429779121588e-05
0.3963105820559997	-0.4550379492310931	1.010978542315929	3.047852772573908	0.008045820330235202	0.2538911112105049	0.015462909734985016	0.01740616064354143	0.019613988289146983	0.07811237028382516	0.05943559548547577	0.005053198770532661	978.4404737425928	1103	6.342475660301809e-05
1.037335848313554	-1.1651966603292303	1.1565491651822646	2.551742557052189	-0.9325800243732758	0.25651889366550285	0.13378780696842105	0.14506409180412264	0.029052773288484615	0.12697847732974296	0.0719398853482318	0.004860733424326557	934.1683602692542	1103	0.029132421288825937
0.918687888797063	-1.0210554782105143	1.1497537113081207	2.699828507784199	-0.8580853552553553	0.25067229232421984	0.1234035014362427	0.13455567158840584	0.03210163559583121	0.11783034088050882	0.08831209797102778	0.004845182143838007	936.9491355314087	1103	0.015875097873961644
0.398533078707087	-0.4493265556647904	0.9940144845729023	2.987384186005469	-0.002956053550306414	0.2489495447410574	0.015604506443619806	0.017259271228257017	0.019468916053159393	0.0774759972260714	0.05923509491594907	0.005017036896386456	959.6644059034995	1103	3.022424387388593e-06
0.4042364181543652	-0.4515276116407459	1.012516169257447	3.051382331636516	0.006991285303148713	0.2566042234042541	0.01582756646285877	0.017355922227368648	0.019520329431219213	0.07782406937046493	0.059670364124479534	0.0050574555835959534	950.2591866150864	1103	8.788799799360953e-05
0.25490199096415733	-0.2878718984020374	0.9310857252572011	2.9876715242714895	0.909355469852037	0.25536967156698126	0.07286500652472859	0.08101515306845372	0.04061946782179885	0.07758303351920565	0.6999653398568062	0.005075598371793295	918.9593117819796	1103	5.186199393434515e-05
0.39717063433839267	-0.45401060290670786	0.9982235485515843	3.049619358539738	0.005175877499480296	0.2591498487576152	0.015636843583575182	0.01752729525759523	0.01952485636893786	0.07813498805743603	0.06000630140021248	0.005090729181154624	970.7258673917547	1103	0.00011556840744577216
0.26155910407554334	-0.296096636379939	0.9381823727776997	3.0246767095657043	0.836245482400581	0.2540938150601035	0.06628809719035936	0.07523683269691178	0.038646436928522966	0.07848220269117773	0.612171988960489	0.0051765847703664275	867.859402214822	1103	0.0006211304288969161
0.3932047793451926	-0.4491963283214026	0.9792798484580822	2.9134996563859703	-0.008374528118431179	0.24611622072642866	0.015419076946996046	0.017267171926846847	0.019457283261428412	0.07727604954251757	0.05899297130823705	0.004977559919085421	863.0789246943534	1103	3.6737282526225516e-05
0.39573461036153884	-0.45551966845360414	1.0023220350575264	3.0291148884020984	0.0077632208178246296	0.25632952701601114	0.015479816827999003	0.017465452191641112	0.019510543198445737	0.07769059398911413	0.05958798488997577	0.0050873928339214575	847.0743037594004	1103	4.983042411953557e-05
0.4050421706311931	-0.4495560190170689	1.0141474875820284	3.0441273086452716	0.004330851826208997	0.25300258415739396	0.01583805737146743	0.017259488728636273	0.019548638676236216	0.07766975776849681	0.05945154824440256	0.005043637712281613	988.257274711462	1103	0.00018970615200803
0.7461290456910858	-0.8540094719406917	1.109282163615222	2.839954443965371	-0.7286094572170962	0.2479645934535168	0.12431686681345074	0.1402857872562165	0.038617334095665444	0.11103056796436826	0.13280356410144484	0.0051031992950148	965.1661703845289	1103	0.005953645486131852
0.3926849397210768	-0.4483084534224749	0.9744908079539086	2.875691035079278	-0.010809486093682784	0.2411871818678452	0.015318868002418063	0.017141678180077932	0.019455310828410236	0.07714017666419398	0.05851874344260951	0.004937447374682533	1068.651519835973	1103	4.951200348810664e-05
0.8855575349023936	-0.9946319844402848	1.1258098497057405	2.631703818943481	-0.8428729613076511	0.25074507259497	0.11955347173723498	0.1347647705260924	0.03106384539808854	0.11808391490976254	0.09122176944252001	0.004865722671883798	875.1174331323009	1103	0.017635437215246172
0.8116355937343813	-0.9088881628904164	1.1358359064376962	2.818283240348539	-0.7714910516894481	0.2511030615701778	0.13796613469515162	0.15494738199738964	0.038649674841124984	0.11903631546401644	0.12941864409161727	0.004744443939764614	902.2411671926236	1103	0.004509572002703025
0.3998169615257947	-0.45257931901179077	0.9976906856194322	2.95760391622552	0.004992382179862391	0.25057399698855765	0.015529408815833354	0.01724191793220961	0.019355477409953324	0.07663922266976604	0.05892150710782418	0.0049774050116229126	899.3311651500304	1103	0.00018996306619317163
0.40098574972423623	-0.45033031119035827	0.9761821764302823	2.8590784622030805	-0.0006150362757404652	0.25308871982953074	0.01567705232796062	0.0172752385749881	0.019294173766793814	0.07642960518026844	0.059012972012103815	0.005026466445169247	965.4628594375522	1103	2.884337216922768e-05
0.39882539879986995	-0.44889597358994415	0.9843969360835476	2.897548954647545	-0.004109882435802275	0.24661488537200502	0.0155539878315593	0.017171615428095404	0.01934653556213477	0.07648301062978803	0.05875939760359143	0.004966487324557722	955.111696333384	1103	7.037074029794215e-05
0.39680488624291493	-0.4488175363224658	0.9889213068355166	2.966429444579859	-0.005519685638604488	0.24899969777551773	0.015585316214239257	0.01728945659858063	0.019545341052433874	0.07777006689455232	0.05929656806103258	0.004998197205135766	955.6739757745423	1103	4.8892101982567884e-05
0.24743701539531232	-0.28249743504237673	0.9305122507727662	3.0551149107455715	0.9203360027109956	0.24363497247759602	0.09073001070696067	0.1033495722605118	0.0540876183645002	0.0742195476888793	0.9033678409918484	0.004746956518627896	979.5560492964077	1103	0.00012491789991935323
0.2613296655142312	-0.2892827134153016	0.9640488221758505	3.1861407509784168	0.834946600857956	0.24130894406586392	0.07031461181721214	0.07774754870628264	0.041870712499633846	0.08000377301032775	0.6431293730012391	0.004985284380452541	968.0415662532849	1103	0.0006057581749535126
0.2598922703293427	-0.29348841357653915	0.955266334304303	3.1793457692044886	0.8249244640268778	0.2496338030673598	0.08738948280809712	0.09861649732217673	0.048644674984241014	0.07711004786642174	0.8030505543949598	0.004782941502670053	1017.4076019362185	1103	0.00029963437821806436
0.3987151960821094	-0.4525776458844062	0.980877653551763	2.9087978123067364	0.002350640228925423	0.25414485710305845	0.015574318028516826	0.017336220030602808	0.0193107305144856	0.07672859840285307	0.05916292417096753	0.005010024980852029	982.6722514324158	1103	0.00010942445475185498
0.796454349266508	-0.9068740356038196	1.132774192020873	2.8534658176097403	-0.773704101095158	0.24893213137484058	0.11404454172911137	0.13129139056405667	0.03533670660051062	0.11494105892248237	0.10977677102943957	0.005001987181263043	973.546929155577	1103	0.009743894751683886
0.8094807355000752	-0.892534048887967	1.1316428157766245	2.8223216491449343	-0.7747202094735852	0.24441263719105316	0.10249393551413033	0.11412670476926783	0.03218583085918802	0.10940518938109194	0.09634393123042082	0.004993542321561076	991.4910714801547	1103	0.021689466441832048
0.40075817330645563	-0.4533182370346995	1.0198104721881327	3.104220588245117	0.00854892916613621	0.25585140827203906	0.015682751875448445	0.017403669374369452	0.019609389987497568	0.07831332091426427	0.05975471688707272	0.005051087430207928	964.731141030134	1103	3.9859043670619224e-07
0.8401014830498805	-0.9169169792601793	1.138500889606801	2.802368440107337	-0.7963871979307566	0.2456861277983523	0.14258459322767086	0.15419966149286995	0.037192051776468255	0.1273240045760045	0.1230067558370854	0.0050937708820479165	946.8194888939167	1103	0.006138900918950521
0.8344801796776292	-0.9438187044787721	1.124232247937508	2.7338718664033896	-0.7938493851535018	0.2562330224858128	0.14568742066042095	0.16458360190560126	0.03808847995521023	0.12712753856128173	0.1276663788961685	0.005357587572984158	963.0492476094769	1103	0.004566467830833991
0.3978728808191236	-0.44903017314659804	0.9810647010670432	2.894664136475671	-0.00500315972103747	0.25083803684263034	0.015627555522805477	0.01729835633057819	0.019490350237737996	0.0772795739167108	0.059172194803935006	0.005038561009818561	969.1705909408299	1103	1.0560487041324217e-06
0.40109066775610036	-0.4444623742175976	1.0248372032334978	3.1301246812093466	-0.007869694510870598	0.2443184816948625	0.01579390389748431	0.017179474462232763	0.019762820669291355	0.07882521379871092	0.0595600404174154	0.004954302434298929	909.1127852775194	1103	7.302873916436297e-05
0.3981796460476448	-0.44954761105913776	0.988125788233581	2.9164308318828738	-0.0031920185506861013	0.24832893669221967	0.015560387924618188	0.01723314328595549	0.019507391957287675	0.07738604510679072	0.05894228438684789	0.005030498579664178	954.9254861945718	1103	4.3854236655696725e-05
0.3984157155553624	-0.4509365862659075	0.9703140677291588	2.8748802426442177	-0.0020091128188836323	0.25044903508489463	0.015535833851485931	0.01724510496821174	0.019274727530369833	0.0766455872962878	0.05889202893754163	0.004984398233596876	882.3541361508319	1103	0.0001620380981340928
0.40405272179599255	-0.45040977138556226	1.0158227838691636	3.068978065205824	0.00506920678143194	0.25156811244518074	0.015757507367752062	0.01724118140094836	0.019456582412327724	0.0774448192985596	0.05937373216477591	0.004978721824690891	966.0700874931867	1103	1.76032603310782e-05
0.398405389393255	-0.4492344678674896	1.000175832471982	3.0384071718926915	-0.002819688877999971	0.25032536037677927	0.015651717700824658	0.017312550419632693	0.01957896541558097	0.07820030330893786	0.05953899978004517	0.004999569433015716	948.7273515243944	1103	2.3085209842861908e-05
0.3951041663831857	-0.4527611795877918	1.0002614775977616	2.995878619128913	0.0018113888289780153	0.2502722866172021	0.015434386053615785	0.017334937391162413	0.019569928328077538	0.07775392223064849	0.05920346941555216	0.005016865288321215	995.8461284394396	1103	0.00018017202399859205
0.39653311802305335	-0.4450042222633512	0.9813695668252894	2.9680652505226575	-0.014140103470692073	0.2382976047499353	0.015483221201007756	0.017043267626102913	0.019375495826099473	0.0772596361265337	0.058708808448124455	0.004848062684680619	976.130673997093	1103	0.00010936791464284348
0.40211794731515405	-0.4458084299156294	1.007306202737723	3.0578894989293643	-0.005900554834459986	0.24492328371891847	0.01574660743698153	0.017136253570469058	0.01951111088133226	0.07767376218839529	0.05924856658726727	0.0049273251856086	935.9354341427713	1103	9.84391553441382e-05
0.39564480079083775	-0.4452019680433916	0.9981540548600302	3.050846418488027	-0.012975229777777882	0.23781070330103507	0.015471763292598148	0.017074518705063442	0.019531263928781562	0.07802348344528562	0.05893083282637012	0.004840090010220844	982.8658304225739	1103	9.533964239140656e-06
0.2647849133755097	-0.2996317626473042	0.9400265156383723	3.031324269719551	0.7957155525821565	0.2519891370713761	0.11923518078459586	0.13538045769422724	0.06404967510285647	0.07855018596094014	1.0605635587858544	0.005119038098769743	987.7246898717444	1103	7.262213303531544e-05
0.40211113907978396	-0.45272401438994697	1.0005631423377652	2.946477908693228	0.007225934620089687	0.2516301737555598	0.015596389033121761	0.01722592373788609	0.01936974231013768	0.07654401958829361	0.05886898600331437	0.0050084595586707215	928.1003811294343	1103	9.602040969407716e-05
0.3944009159598785	-0.45371526687249397	0.9823692045768742	2.925685363418714	0.0015191465464232134	0.2532392795847982	0.015422328152729944	0.017388294282453632	0.019413495000479317	0.07719097659270967	0.05920197287402043	0.005045479919567038	991.9076319353499	1103	1.2923729906056567e-05
0.2377721644989127	-0.2677711114988766	0.9426415435447718	3.1134835153995266	1.0803209706584276	0.25312924812680154	0.16784608493646128	0.18772483937767984	0.09236422712274503	0.07992257715106943	1.8413994043568678	0.005053439852418107	998.473457081055	1103	0.0007603451697924439
0.4003203913934262	-0.4522712555650533	1.0003878807543944	3.0011530199016123	0.004537913415507354	0.2512427256515885	0.015580950290967708	0.01726581857785287	0.01938493832955029	0.07711241992141693	0.05914189328690472	0.00499098553827738	997.3564417561603	1103	8.633883358487487e-05
0.39708784706243005	-0.45074029406741556	1.0144372723181798	3.099911623592421	0.00046169147725179523	0.25017812666069794	0.015580288574436852	0.01734008560486325	0.019684395740088845	0.07864207300341519	0.05961569445690594	0.004990865931604797	980.9639018672926	1103	8.029923470089522e-05
0.7211172609184584	-0.8016407357785487	1.1162583123068026	2.898472336139706	-0.6895323828687978	0.24394362156658878	0.11554291896509702	0.1272314883608482	0.038445037349609364	0.10308121786225935	0.13516910751586136	0.004839480754453194	959.4324057310237	1103	0.002548178724231178
0.4003925389040691	-0.447670970622732	0.9827775128482208	2.8979757675215705	-0.005857005335049513	0.24312401013290635	0.015552706159705212	0.017060033202858413	0.019304192059028693	0.07653599004116673	0.05849149751772659	0.004920762766712285	932.8871664231542	1103	0.00016249059644589414
0.3946743855047744	-0.4510026496831707	0.9898565815129354	2.9344164646380237	-0.0027035386964802018	0.2478910119760303	0.015426915643644653	0.01727819970582124	0.019507843998571993	0.07733553798118209	0.05898008504353135	0.00497358474707138	1010.8454821402938	1103	7.518825240682684e-05
0.8648187652179136	-0.9656211778810989	1.1471032024811636	2.8119357183923546	-0.821804395994853	0.2529782331577316	0.14586907473306562	0.15963870863386204	0.03729231998166701	0.13750039226241773	0.11708784347208162	0.004998305300074604	971.5909953141912	1103	0.004322861737325043
0.8160150107962876	-0.9148324864427254	1.1234476943360026	2.745530972123299	-0.7721888518636894	0.25412964725933995	0.17080973792203624	0.19097415643990379	0.04661911506793484	0.1315238747047266	0.15685754958177406	0.005052177003358023	953.1091798839706	1103	0.0017939887948275304
0.26279951465774815	-0.29414143925575265	0.9560884142300728	3.1071341041869447	0.8361884307134722	0.25015122664631956	0.0393617483344003	0.04580141436291629	0.028030220665980408	0.07981890047323198	0.36179117445738196	0.004847208478047977	1040.0086811156548	1103	0.001517834733440633
0.7995918772203658	-0.9127056246950136	1.1270865352568655	2.8080036226248666	-0.7668902936758696	0.2597138121775336	0.10385352022107867	0.1182992389107019	0.03031296022166845	0.10948812059020996	0.09870086205513792	0.004955941237820758	881.3920548491196	1103	0.014760230987100297
0.4027114411710332	-0.4470342706880384	1.0077273027346116	3.0545523047887526	-0.003051437357842624	0.24775054480394978	0.015770626195443282	0.017183185975738157	0.01957918766546451	0.0780934252404029	0.059349154480544855	0.004947899498932999	1061.297772964483	1103	4.9084190024417106e-05
0.3970526189438389	-0.44776334612559876	0.9978045897607646	2.9965865576056503	-0.006660834121678142	0.2458273664743806	0.015569895327284852	0.01722361675010251	0.019590190153710784	0.07795799784593667	0.05917266957021462	0.0049603813609179455	890.5843625669919	1103	6.052244962424123e-05
0.401150061598699	-0.4519098927254349	1.0019450014137088	2.9698475746001813	0.004997195608330388	0.25574787239603386	0.01570995922701567	0.0173645135336881	0.019496237675517954	0.07729072050022202	0.05942438813012221	0.00508098567875507	936.1448493360617	1103	0.00010561089197303387
0.40558064830035123	-0.45074034757322495	1.0323760477775012	3.1593055004049098	0.008036506607043293	0.2563633568649343	0.01591437387352645	0.01736656043748237	0.019698668805439183	0.0787702643457929	0.05998489372928116	0.005077058813593417	892.7642465255653	1103	3.6606590389213234e-05
0.7888914192831258	-0.9008565450678458	1.113916720581365	2.7625569721717707	-0.7553188427351502	0.25693254625581624	0.17182215108337587	0.19619999069130684	0.04702613767128682	0.13705842589029216	0.17030110847865992	0.00474134898636682	925.9301780197463	1103	0.00971322833522065
0.2487159438533219	-0.2762683852119655	0.9567971821138163	3.1187312961040554	1.002771779414115	0.25582870711825084	0.07768196437757097	0.08612598070786992	0.04430094531195975	0.07803175574210519	0.7866293269599552	0.005018987854422077	1019.4812027828375	1103	0.0035678100068163555
0.39564644058711734	-0.45272641521333423	1.0049131597082657	3.0216239087757404	0.0024240404518016613	0.25247465888312404	0.015508634929571259	0.017395086323601552	0.019571724420625995	0.07782480400503947	0.059473437297315704	0.005036955347272804	952.5081911676577	1103	5.283650525782769e-06
0.4061442169666948	-0.449016758805543	0.9989884139307484	2.9754675683027276	0.0026507407515284223	0.25278145764950294	0.015856387906157572	0.01721441241676846	0.019338569463985555	0.07676196903326227	0.059236751679847176	0.00500692351993794	949.9042960503621	1103	3.963021037316666e-06
0.39920275947455464	-0.45151924019542455	1.005281648423244	3.02967215672096	0.0028752156544166224	0.25372739182727244	0.0156551374586729	0.01736852748472581	0.019533868910842682	0.0777131343870897	0.059565756412184256	0.005028969053893372	939.8951040470458	1103	4.866164196259071e-05
0.4040424235960284	-0.4444516329515448	1.010639434295205	3.042441221509738	-0.006793510676991643	0.24491291034607854	0.0158382354031403	0.017108495685893593	0.019591904196429182	0.07795143770618186	0.05921948803783135	0.004926461362205153	1013.0220076324634	1103	6.085281458818083e-05
0.26072941177419784	-0.2962933358967333	0.9504733660341083	3.1021907541807416	0.8305311318018864	0.2528445540666511	0.07437151315177308	0.08449853635145407	0.042872819268827744	0.07980094457552596	0.6805656844255937	0.005278768255518539	1011.4497075251935	1103	0.0006319815585498418
0.40468400740604454	-0.45097325754972734	1.0243232361439087	3.1090766494980557	0.007289618907888041	0.2544255512487402	0.015828788175613544	0.017315486967546197	0.01955210181754639	0.07792955868121154	0.05968017658486238	0.005033263357387263	1003.481568717563	1103	1.2823543792999265e-05
0.4018983218921588	-0.44959488383915475	1.0041117054540214	3.0093813550626622	0.0009895623906774835	0.2483337470254523	0.015654335597010457	0.017184659235170267	0.019436831494559523	0.07724443967768113	0.05906211531249346	0.004970863113384526	921.5439915862661	1103	4.852384007342531e-07
0.39843499118827885	-0.44693865991087095	0.9953107997423938	3.009685073891923	-0.007561193844173267	0.24558325178030038	0.015626917052867204	0.017200936718620576	0.019501776404386235	0.07764063273012464	0.059232219903268275	0.004969393389269137	996.7276167765517	1103	3.1129362769280163e-06
0.8340131111204154	-0.9577077740323291	1.113534683340626	2.6828156413467794	-0.8040135880930376	0.25614598401411653	0.12159610450875491	0.1392896235819142	0.034172679451458375	0.11530417639308145	0.10637364245499989	0.004958373096004196	974.7718025756549	1103	0.012769504304526457
0.3980850612	-0.4481641084695841	1.010234440956081	3.0379922335677607	-0.004072665054173664	0.24432249207503845	0.01555548947552313	0.017176628226783362	0.01966885000839983	0.07824806777727444	0.05907321380025087	0.004938223303283116	996.3735123801828	1103	6.0925238897693786e-05
0.39613209544113903	-0.4480361053359062	0.9601769706485522	2.8441193581298814	-0.010178160668929796	0.24171453782057797	0.01539450750188837	0.01707491501949624	0.019135044528270913	0.07588579057819574	0.05838007359835539	0.004895422865569716	905.9663684859727	1103	0.00011841339985184329
0.39445991616809173	-0.4506970246712487	0.9754975161043345	2.8893836146464724	-0.004793695255592381	0.24582516425334597	0.015369241087086231	0.017209362439596164	0.01934268519261456	0.0766900048472183	0.05870264298934729	0.004939874163715547	968.1360653418153	1103	2.975071344586018e-05
0.3996539791816828	-0.45574134103472086	1.016571799566799	3.0426121275159588	0.01249076210078995	0.25718224384107685	0.015579930892119441	0.017422372631519065	0.01953181225504348	0.07749487580603162	0.059496395907064965	0.005083978473459507	990.7744622912065	1103	0.0001394933776766458
0.40155252659532337	-0.4501494752496041	1.011355310360196	3.07814466158724	0.0022354704081946016	0.25497247431456693	0.015798760507237025	0.017380758309038975	0.019600184218996897	0.07830730010772757	0.059854128488344475	0.005057478140764541	941.2535066567565	1103	9.31151083417286e-06
0.3982732418201429	-0.45216299276798594	1.0034023280270332	2.998893945441409	0.00314734961042998	0.2530865137020039	0.015590922226434673	0.01735758459066287	0.01958710078904805	0.0779137083164063	0.05938696886727195	0.00502189898421074	950.5410499038073	1103	2.52085965559076e-05
0.9062930200537466	-1.0295334232344064	1.1214534908363363	2.580080442155009	-0.8514613207627402	0.2556289374611473	0.11651014693939533	0.1295150367185126	0.030511412920889734	0.11419903191190177	0.08386137238380215	0.005093205576604485	943.4384426531176	1103	0.010674282479027197
0.40377592673918367	-0.4475028496737757	1.0184572653581252	3.097685479886151	-0.0006123601221134555	0.248284151231134	0.01580150281612969	0.01719370789658743	0.019552501911888964	0.07797689332246327	0.05943752542330879	0.004934317363420348	914.4921259095258	1103	2.8181135705581853e-05
0.23926426159531586	-0.2644307060762055	0.956800077074844	3.1398343767529098	1.10516815843156	0.25305088824405403	0.06066433710130418	0.06704410608082188	0.03652951866593077	0.07755056755592568	0.6786038017436117	0.004982377514494265	954.7030185546535	1103	0.0001981472706971979
0.2513400287634952	-0.28376194171319585	0.9454031451021738	3.093336864533911	0.9401658652719854	0.25445563258584714	0.07070308285457681	0.07991734505866314	0.04134937746141386	0.07875110719355483	0.7032700020121778	0.0049337446450932925	950.2566785484908	1103	0.00014204655974772829
0.40422388584507807	-0.4493612763070914	1.007028526149427	3.0344009827014466	0.0023672797242339718	0.25344842058940864	0.015837294618382607	0.017282362526264975	0.019524592513132	0.07784284426866821	0.059529193932547575	0.0050207411499378195	929.9426834590273	1103	5.273321798464472e-05
0.3974807841343908	-0.4487886365118103	0.9881253033400184	2.9631276397017965	-0.005204328897873841	0.24720895831325512	0.015554422195109099	0.017227350305219293	0.019437387938804476	0.07726703171884694	0.05909302997371136	0.005004237487963355	964.3918558691857	1103	9.327689873066737e-06
0.7027656774145514	-0.7957412656083784	1.1047532020242967	2.8775550321781127	-0.6719334647454993	0.2513421814895453	0.1111217840445531	0.1254652064349057	0.037226676872236436	0.10609284741069461	0.1367749546725286	0.004962591316018234	956.232845891986	1103	0.00230617949215778
0.4054159498120893	-0.44859436361554744	0.9861818407913705	2.880960417357114	0.0003092354052551917	0.25198886087924527	0.015818439888478593	0.017184398802992093	0.01934806457168168	0.07656030661566715	0.05893137162264713	0.005008396026793674	905.9302369912839	1103	1.4472799810768758e-07
0.40011903680700367	-0.4535333018191877	1.0051718925300626	3.045604785802136	0.007372121142206861	0.2583106677143285	0.015697415582846402	0.01745560871841052	0.019486370747755152	0.07768102337191224	0.059817118684244754	0.005087526655558561	946.7769482676537	1103	5.3070615203643655e-05
0.39803150396829	-0.4474412341341728	0.9779622654600059	2.8670883503279767	-0.008039333679751664	0.2417130112965082	0.015472926876546944	0.017059378408685107	0.019290151748857006	0.07617408691033431	0.05838436855374273	0.0049009922688202385	946.8317161239315	1103	0.00014938632809928713
0.4029353665716468	-0.4520530997351806	1.003942501297013	3.013824442506098	0.006501596598659141	0.25578060791703244	0.015749027686990942	0.017339926558431782	0.019409235399868646	0.07717204843424988	0.059491319306405055	0.005045356701258549	843.5039843152565	1103	4.7657213208035276e-07
0.7079433934583386	-0.7984999370412411	1.079719952952499	2.6956345518254348	-0.6762164252955338	0.24481015794705802	0.19027515169285847	0.2154495182459536	0.0561487458945668	0.1386218227742968	0.22895658323533338	0.0050060013988094156	1004.2109947762369	1103	0.0007039870921758372
0.3937270391929411	-0.44759708545370197	0.9902653263815138	3.0097463169546734	-0.010447460967841606	0.2431884168744766	0.015450661896678633	0.01722211852497894	0.019516626284751183	0.07790866143998712	0.05916925405594326	0.004933243802050662	940.7141773005199	1103	8.523931378207655e-05
0.40314775283812354	-0.4512732677165019	1.0139022279318033	3.0437972298042535	0.005851168077351255	0.2551494013486431	0.01578233736816256	0.017339473294940937	0.019619541018616144	0.07824243745175341	0.059574547545986394	0.005058806774184894	1057.7577062874252	1103	7.371899748546731e-05
0.39959335535886015	-0.45078826646303316	1.0016440659985861	2.9887766825126167	0.0012397601822555363	0.24713097617145433	0.015532557310800325	0.017185081835046603	0.019421429586119796	0.07711520489347473	0.05888738220462519	0.004922834716606066	978.8369777525236	1103	1.960051338051577e-06
0.7921839922480365	-0.9009702298900434	1.1092775904179155	2.7147718947190103	-0.769682313498734	0.2512542043797681	0.1210274258041547	0.13834302285487016	0.03557598438248544	0.11455539135499195	0.1154245348374911	0.005349774870925347	900.9381334397845	1103	0.00944847371860269
0.8664986030390806	-0.9690402120035069	1.1403858338013093	2.7094536285660302	-0.8187134350813918	0.2502031185788198	0.10058109511822172	0.1125618570023373	0.030360401454877256	0.1031941815613292	0.08123538913012976	0.005356703463778992	949.5926605003397	1103	0.020070494351670513
0.8320362102622494	-0.9351317637176881	1.1361846429692222	2.7959649587953135	-0.8043298677041786	0.24153270327148282	0.11764038924940164	0.13196883465922565	0.03562791837392771	0.10245734169814169	0.10121253913744908	0.005089443320818503	908.2416826128836	1103	0.0036175277552373732
0.24426561824179915	-0.27728438428071694	0.9532861107726284	3.1062111905971572	1.0081079242647573	0.2524115767609928	0.08774648656526371	0.09962819463537946	0.050012025928406305	0.07910885227027377	0.9173385047677839	0.005036061916783841	937.82779623007	1103	0.00022478085839714953
0.4029744983986315	-0.4500497725834223	0.9956742161954715	2.9649508079584543	0.0020360997602859336	0.2516690045503148	0.015720535252509854	0.017231898460459843	0.019370081195300776	0.07689668655430425	0.05914402438489335	0.005010182136532111	934.6838976890001	1103	3.407613861125195e-06
0.40051814618571957	-0.4484153014041175	0.9918581157524266	2.917829830566681	-0.003221579712114448	0.24708970990932907	0.01562675003990992	0.017166021794226733	0.019446225533889062	0.07699665830159196	0.05882993223687678	0.004974762817919037	1033.6914561971203	1103	1.0299987082045989e-05
0.40048406775388484	-0.4500170876320036	0.9934711352924643	2.9623450138252885	-0.00021963480568940247	0.25121151979174994	0.01566383621909445	0.017267408475793875	0.019450233623032154	0.07735353042412778	0.059207001940232894	0.00499612208920657	934.5607039986776	1103	4.059085677514591e-05
0.25564487272332415	-0.28669301191562185	0.9388644056960953	3.0528345517593034	0.8703034023279653	0.24203601247639364	0.0929075801306762	0.10377542099357591	0.05330538174048601	0.08154518238298673	0.8780859525193595	0.004943009235827498	1054.3402497604222	1103	0.0002915040175719409
0.4037837904424912	-0.44933384700141216	0.9959403005973924	3.0081048465048834	0.0010763838808951589	0.2536269632050264	0.015818288168877984	0.017281507323866928	0.019379487988292306	0.07723977896529524	0.059501358965586476	0.005021151213096842	926.5547242417656	1103	2.501269188470797e-05
0.39734070292012935	-0.4514003696567973	1.0029172389498922	3.0062196207581717	0.0011045525633227899	0.25086187713928937	0.015551256444131816	0.01732252626607258	0.019603697795193265	0.07793263727291316	0.059316476102621106	0.004998302170844522	965.1736814652584	1103	5.283685984455159e-05
